env OK, cuda= True
[06-19 11:34:47] ==== DeepONet m3 + m4 campaign START (30K, batch 48; Spatial/Object/Long) ====
[06-19 11:34:47] TRAIN start  Spatial/m3  (deeponet/baseline) 30K
[train] head=deeponet variant=baseline seed=0 out=deeponet_results/Spatial/runs/m3_s0
Warning: You are sending unauthenticated requests to the HF Hub. Please set a HF_TOKEN to enable higher rate limits and faster downloads.
WARNING:huggingface_hub.utils._http:Warning: You are sending unauthenticated requests to the HF Hub. Please set a HF_TOKEN to enable higher rate limits and faster downloads.
`torch_dtype` is deprecated! Use `dtype` instead!
WARNING:root:Missing key(s) when loading model: {'model.deeponet.pool.in_proj.weight', 'model.deeponet.branch.0.bias', 'model.deeponet.pool.blocks.2.ln_kv.weight', 'model.deeponet.pool.blocks.2.ln_kv.bias', 'model.deeponet.pool.blocks.2.ln_q.weight', 'model.deeponet.pool.blocks.2.attn.in_proj_bias', 'model.deeponet.out_mlp.2.bias', 'model.deeponet.pool.blocks.0.ln2.weight', 'model.deeponet.branch.1.bias', 'model.deeponet.pool.in_proj.bias', 'model.deeponet.pool.blocks.0.attn.in_proj_bias', 'model.deeponet.pool.blocks.0.attn.out_proj.weight', 'model.deeponet.pool.blocks.0.ln2.bias', 'model.deeponet.pool.blocks.0.ln_q.weight', 'model.deeponet.pool.blocks.1.ff.2.bias', 'model.deeponet.trunk.0.bias', 'model.deeponet.pool.blocks.0.ln_q.bias', 'model.deeponet.pool.blocks.2.ln2.weight', 'model.deeponet.pool.blocks.1.ff.0.weight', 'model.deeponet.out_bias', 'model.deeponet.trunk.2.weight', 'model.deeponet.pool.blocks.2.ln_q.bias', 'model.deeponet.branch.1.weight', 'model.deeponet.trunk.2.bias', 'model.deeponet.pool.blocks.1.ln2.bias', 'model.deeponet.pool.blocks.0.ff.2.bias', 'model.deeponet.pool.blocks.1.ln_q.bias', 'model.deeponet.pool.blocks.1.ln2.weight', 'model.deeponet.pool.blocks.0.attn.in_proj_weight', 'model.deeponet.branch.0.weight', 'model.deeponet.pool.blocks.2.attn.in_proj_weight', 'model.deeponet.out_mlp.0.weight', 'model.deeponet.pool.queries', 'model.deeponet.pool.blocks.0.ln_kv.bias', 'model.deeponet.pool.blocks.1.ff.0.bias', 'model.deeponet.out_mlp.2.weight', 'model.deeponet.pool.blocks.1.attn.out_proj.bias', 'model.deeponet.trunk.4.bias', 'model.deeponet.out_mlp.0.bias', 'model.deeponet.pool.blocks.1.ln_kv.weight', 'model.deeponet.pool.blocks.2.ff.2.weight', 'model.deeponet.branch.3.weight', 'model.deeponet.pool.blocks.2.ff.0.bias', 'model.deeponet.pool.blocks.0.attn.out_proj.bias', 'model.deeponet.pool.blocks.2.ln2.bias', 'model.deeponet.pool.blocks.0.ff.0.weight', 'model.deeponet.pool.blocks.2.ff.0.weight', 'model.deeponet.pool.blocks.0.ln_kv.weight', 'model.deeponet.pool.blocks.1.ff.2.weight', 'model.deeponet.branch.3.bias', 'model.deeponet.pool.blocks.1.ln_kv.bias', 'model.deeponet.pool.blocks.2.attn.out_proj.bias', 'model.deeponet.pool.blocks.2.ff.2.bias', 'model.deeponet.pool.blocks.1.ln_q.weight', 'model.deeponet.trunk.0.weight', 'model.deeponet.trunk.4.weight', 'model.deeponet.pool.blocks.2.attn.out_proj.weight', 'model.deeponet.pool.blocks.0.ff.2.weight', 'model.deeponet.pool.blocks.1.attn.in_proj_bias', 'model.deeponet.pool.blocks.0.ff.0.bias', 'model.deeponet.pool.blocks.1.attn.out_proj.weight', 'model.deeponet.pool.blocks.1.attn.in_proj_weight'}
Loading  HuggingFaceTB/SmolVLM2-500M-Video-Instruct weights ...
Reducing the number of VLM layers to 16 ...
Loading  HuggingFaceTB/SmolVLM2-500M-Video-Instruct weights ...
Reducing the number of VLM layers to 16 ...
[train] dataset frames=52970 episodes=432 -> 1 epoch = 1104 steps @ batch 48
[train] planned frames seen = 1440000 = 27.19 epochs

=== stage1 | steps=1650 batch=48 trainable: head=10.40M backbone=0.0M ===
[stage1] step    199 | mse=0.7263 L1=0.7116 PH=0.0000 total=0.7263 | VRAM=9.5GB | 0.278s/it
[stage1] step    399 | mse=0.4783 L1=0.5526 PH=0.0000 total=0.4783 | VRAM=9.5GB | 0.294s/it
[stage1] step    599 | mse=0.4020 L1=0.5013 PH=0.0000 total=0.4020 | VRAM=9.5GB | 0.278s/it
[stage1] step    799 | mse=0.3673 L1=0.4797 PH=0.0000 total=0.3673 | VRAM=9.5GB | 0.278s/it
[stage1] step    999 | mse=0.3490 L1=0.4660 PH=0.0000 total=0.3490 | VRAM=9.5GB | 0.279s/it
[stage1] step   1199 | mse=0.3258 L1=0.4560 PH=0.0000 total=0.3258 | VRAM=9.5GB | 6.768s/it
[stage1] step   1399 | mse=0.3127 L1=0.4447 PH=0.0000 total=0.3127 | VRAM=9.5GB | 6.560s/it
[stage1] step   1599 | mse=0.3029 L1=0.4408 PH=0.0000 total=0.3029 | VRAM=9.5GB | 6.526s/it
[ckpt] saved -> deeponet_results/Spatial/runs/m3_s0/checkpoints/1650  (EMA weights)

=== stage2 | steps=28350 batch=48 trainable: head=10.40M backbone=350.2M ===
[stage2] step   1849 | mse=0.2814 L1=0.4274 PH=0.0000 total=0.2814 | VRAM=50.3GB | 0.640s/it
[stage2] step   2049 | mse=0.2681 L1=0.4192 PH=0.0000 total=0.2681 | VRAM=50.3GB | 0.640s/it
[stage2] step   2249 | mse=0.2534 L1=0.4117 PH=0.0000 total=0.2534 | VRAM=50.3GB | 0.640s/it
[stage2] step   2449 | mse=0.2315 L1=0.3982 PH=0.0000 total=0.2315 | VRAM=50.3GB | 0.639s/it
[stage2] step   2649 | mse=0.2139 L1=0.3863 PH=0.0000 total=0.2139 | VRAM=50.3GB | 0.641s/it
[stage2] step   2849 | mse=0.1975 L1=0.3769 PH=0.0000 total=0.1975 | VRAM=50.3GB | 3.866s/it
[stage2] step   3049 | mse=0.1782 L1=0.3629 PH=0.0000 total=0.1782 | VRAM=50.3GB | 3.856s/it
[stage2] step   3249 | mse=0.1674 L1=0.3559 PH=0.0000 total=0.1674 | VRAM=50.3GB | 3.560s/it
[stage2] step   3449 | mse=0.1588 L1=0.3481 PH=0.0000 total=0.1588 | VRAM=50.3GB | 3.845s/it
[stage2] step   3649 | mse=0.1496 L1=0.3417 PH=0.0000 total=0.1496 | VRAM=50.3GB | 3.883s/it
[stage2] step   3849 | mse=0.1411 L1=0.3366 PH=0.0000 total=0.1411 | VRAM=50.3GB | 3.629s/it
[stage2] step   4049 | mse=0.1293 L1=0.3260 PH=0.0000 total=0.1293 | VRAM=50.3GB | 0.638s/it
[stage2] step   4249 | mse=0.1240 L1=0.3199 PH=0.0000 total=0.1240 | VRAM=50.3GB | 0.638s/it
[stage2] step   4449 | mse=0.1193 L1=0.3170 PH=0.0000 total=0.1193 | VRAM=50.3GB | 0.640s/it
[stage2] step   4649 | mse=0.1160 L1=0.3118 PH=0.0000 total=0.1160 | VRAM=50.3GB | 0.639s/it
[stage2] step   4849 | mse=0.1127 L1=0.3093 PH=0.0000 total=0.1127 | VRAM=50.3GB | 0.640s/it
[stage2] step   5049 | mse=0.1056 L1=0.3034 PH=0.0000 total=0.1056 | VRAM=50.3GB | 0.637s/it
[stage2] step   5249 | mse=0.1008 L1=0.2970 PH=0.0000 total=0.1008 | VRAM=50.3GB | 0.639s/it
[stage2] step   5449 | mse=0.0992 L1=0.2967 PH=0.0000 total=0.0992 | VRAM=50.3GB | 0.639s/it
[stage2] step   5649 | mse=0.0950 L1=0.2931 PH=0.0000 total=0.0950 | VRAM=50.3GB | 0.639s/it
[stage2] step   5849 | mse=0.0929 L1=0.2918 PH=0.0000 total=0.0929 | VRAM=50.3GB | 0.639s/it
[stage2] step   6049 | mse=0.0906 L1=0.2889 PH=0.0000 total=0.0906 | VRAM=50.3GB | 0.639s/it
[stage2] step   6249 | mse=0.0854 L1=0.2811 PH=0.0000 total=0.0854 | VRAM=50.3GB | 0.639s/it
[stage2] step   6449 | mse=0.0852 L1=0.2823 PH=0.0000 total=0.0852 | VRAM=50.3GB | 0.639s/it
[stage2] step   6649 | mse=0.0821 L1=0.2788 PH=0.0000 total=0.0821 | VRAM=50.3GB | 0.640s/it
[stage2] step   6849 | mse=0.0811 L1=0.2744 PH=0.0000 total=0.0811 | VRAM=50.3GB | 0.641s/it
[stage2] step   7049 | mse=0.0791 L1=0.2764 PH=0.0000 total=0.0791 | VRAM=50.3GB | 0.642s/it
[stage2] step   7249 | mse=0.0774 L1=0.2724 PH=0.0000 total=0.0774 | VRAM=50.3GB | 0.637s/it
[stage2] step   7449 | mse=0.0735 L1=0.2696 PH=0.0000 total=0.0735 | VRAM=50.3GB | 0.640s/it
[stage2] step   7649 | mse=0.0729 L1=0.2687 PH=0.0000 total=0.0729 | VRAM=50.3GB | 0.641s/it
[stage2] step   7849 | mse=0.0714 L1=0.2663 PH=0.0000 total=0.0714 | VRAM=50.3GB | 0.639s/it
[stage2] step   8049 | mse=0.0709 L1=0.2645 PH=0.0000 total=0.0709 | VRAM=50.3GB | 0.638s/it
[stage2] step   8249 | mse=0.0699 L1=0.2652 PH=0.0000 total=0.0699 | VRAM=50.3GB | 0.640s/it
[stage2] step   8449 | mse=0.0671 L1=0.2592 PH=0.0000 total=0.0671 | VRAM=50.3GB | 0.640s/it
[stage2] step   8649 | mse=0.0668 L1=0.2599 PH=0.0000 total=0.0668 | VRAM=50.3GB | 0.641s/it
[stage2] step   8849 | mse=0.0650 L1=0.2604 PH=0.0000 total=0.0650 | VRAM=50.3GB | 0.638s/it
[stage2] step   9049 | mse=0.0643 L1=0.2600 PH=0.0000 total=0.0643 | VRAM=50.3GB | 0.640s/it
[stage2] step   9249 | mse=0.0630 L1=0.2585 PH=0.0000 total=0.0630 | VRAM=50.3GB | 0.648s/it
[stage2] step   9449 | mse=0.0610 L1=0.2550 PH=0.0000 total=0.0610 | VRAM=50.3GB | 0.640s/it
[stage2] step   9649 | mse=0.0593 L1=0.2525 PH=0.0000 total=0.0593 | VRAM=50.3GB | 0.641s/it
[stage2] step   9849 | mse=0.0590 L1=0.2514 PH=0.0000 total=0.0590 | VRAM=50.3GB | 0.640s/it
[stage2] step  10049 | mse=0.0589 L1=0.2542 PH=0.0000 total=0.0589 | VRAM=50.3GB | 0.641s/it
[stage2] step  10249 | mse=0.0588 L1=0.2514 PH=0.0000 total=0.0588 | VRAM=50.3GB | 0.641s/it
[stage2] step  10449 | mse=0.0575 L1=0.2503 PH=0.0000 total=0.0575 | VRAM=50.3GB | 0.642s/it
[stage2] step  10649 | mse=0.0556 L1=0.2483 PH=0.0000 total=0.0556 | VRAM=50.3GB | 0.641s/it
[stage2] step  10849 | mse=0.0547 L1=0.2473 PH=0.0000 total=0.0547 | VRAM=50.3GB | 0.640s/it
[stage2] step  11049 | mse=0.0537 L1=0.2486 PH=0.0000 total=0.0537 | VRAM=50.3GB | 0.640s/it
[stage2] step  11249 | mse=0.0537 L1=0.2464 PH=0.0000 total=0.0537 | VRAM=50.3GB | 0.640s/it
[stage2] step  11449 | mse=0.0532 L1=0.2449 PH=0.0000 total=0.0532 | VRAM=50.3GB | 0.640s/it
[stage2] step  11649 | mse=0.0526 L1=0.2441 PH=0.0000 total=0.0526 | VRAM=50.3GB | 3.901s/it
[ckpt] saved -> deeponet_results/Spatial/runs/m3_s0/checkpoints/11650  (EMA weights)
[stage2] step  11849 | mse=0.0504 L1=0.2417 PH=0.0000 total=0.0504 | VRAM=50.3GB | 3.559s/it
[stage2] step  12049 | mse=0.0501 L1=0.2403 PH=0.0000 total=0.0501 | VRAM=50.3GB | 3.046s/it
[stage2] step  12249 | mse=0.0500 L1=0.2407 PH=0.0000 total=0.0500 | VRAM=50.3GB | 3.042s/it
[stage2] step  12449 | mse=0.0498 L1=0.2389 PH=0.0000 total=0.0498 | VRAM=50.3GB | 2.627s/it
[stage2] step  12649 | mse=0.0488 L1=0.2368 PH=0.0000 total=0.0488 | VRAM=50.3GB | 2.572s/it
[stage2] step  12849 | mse=0.0477 L1=0.2365 PH=0.0000 total=0.0477 | VRAM=50.3GB | 0.639s/it
[stage2] step  13049 | mse=0.0466 L1=0.2352 PH=0.0000 total=0.0466 | VRAM=50.3GB | 0.639s/it
[stage2] step  13249 | mse=0.0469 L1=0.2375 PH=0.0000 total=0.0469 | VRAM=50.3GB | 0.639s/it
[stage2] step  13449 | mse=0.0466 L1=0.2376 PH=0.0000 total=0.0466 | VRAM=50.3GB | 0.644s/it
[stage2] step  13649 | mse=0.0461 L1=0.2327 PH=0.0000 total=0.0461 | VRAM=50.3GB | 0.640s/it
[stage2] step  13849 | mse=0.0454 L1=0.2353 PH=0.0000 total=0.0454 | VRAM=50.3GB | 0.640s/it
[stage2] step  14049 | mse=0.0445 L1=0.2317 PH=0.0000 total=0.0445 | VRAM=50.3GB | 0.640s/it
[stage2] step  14249 | mse=0.0434 L1=0.2309 PH=0.0000 total=0.0434 | VRAM=50.3GB | 0.638s/it
[stage2] step  14449 | mse=0.0435 L1=0.2308 PH=0.0000 total=0.0435 | VRAM=50.3GB | 0.638s/it
[stage2] step  14649 | mse=0.0436 L1=0.2310 PH=0.0000 total=0.0436 | VRAM=50.3GB | 0.639s/it
[stage2] step  14849 | mse=0.0429 L1=0.2306 PH=0.0000 total=0.0429 | VRAM=50.3GB | 0.640s/it
[stage2] step  15049 | mse=0.0421 L1=0.2268 PH=0.0000 total=0.0421 | VRAM=50.3GB | 0.640s/it
[stage2] step  15249 | mse=0.0418 L1=0.2290 PH=0.0000 total=0.0418 | VRAM=50.3GB | 0.639s/it
[stage2] step  15449 | mse=0.0412 L1=0.2288 PH=0.0000 total=0.0412 | VRAM=50.3GB | 0.640s/it
[stage2] step  15649 | mse=0.0407 L1=0.2284 PH=0.0000 total=0.0407 | VRAM=50.3GB | 0.639s/it
[stage2] step  15849 | mse=0.0404 L1=0.2243 PH=0.0000 total=0.0404 | VRAM=50.3GB | 0.640s/it
[stage2] step  16049 | mse=0.0400 L1=0.2245 PH=0.0000 total=0.0400 | VRAM=50.3GB | 0.638s/it
[stage2] step  16249 | mse=0.0391 L1=0.2221 PH=0.0000 total=0.0391 | VRAM=50.3GB | 0.640s/it
[stage2] step  16449 | mse=0.0392 L1=0.2238 PH=0.0000 total=0.0392 | VRAM=50.3GB | 0.640s/it
[stage2] step  16649 | mse=0.0393 L1=0.2240 PH=0.0000 total=0.0393 | VRAM=50.3GB | 0.640s/it
[stage2] step  16849 | mse=0.0385 L1=0.2226 PH=0.0000 total=0.0385 | VRAM=50.3GB | 0.703s/it
[stage2] step  17049 | mse=0.0387 L1=0.2215 PH=0.0000 total=0.0387 | VRAM=50.3GB | 1.380s/it
[stage2] step  17249 | mse=0.0376 L1=0.2198 PH=0.0000 total=0.0376 | VRAM=50.3GB | 0.640s/it
[stage2] step  17449 | mse=0.0375 L1=0.2204 PH=0.0000 total=0.0375 | VRAM=50.3GB | 0.641s/it
[stage2] step  17649 | mse=0.0369 L1=0.2203 PH=0.0000 total=0.0369 | VRAM=50.3GB | 1.859s/it
[stage2] step  17849 | mse=0.0365 L1=0.2193 PH=0.0000 total=0.0365 | VRAM=50.3GB | 3.534s/it
[stage2] step  18049 | mse=0.0370 L1=0.2215 PH=0.0000 total=0.0370 | VRAM=50.3GB | 3.965s/it
[stage2] step  18249 | mse=0.0359 L1=0.2153 PH=0.0000 total=0.0359 | VRAM=50.3GB | 0.639s/it
[stage2] step  18449 | mse=0.0353 L1=0.2175 PH=0.0000 total=0.0353 | VRAM=50.3GB | 0.641s/it
[stage2] step  18649 | mse=0.0356 L1=0.2169 PH=0.0000 total=0.0356 | VRAM=50.3GB | 0.640s/it
[stage2] step  18849 | mse=0.0356 L1=0.2189 PH=0.0000 total=0.0356 | VRAM=50.3GB | 0.640s/it
[stage2] step  19049 | mse=0.0355 L1=0.2131 PH=0.0000 total=0.0355 | VRAM=50.3GB | 0.640s/it
[stage2] step  19249 | mse=0.0354 L1=0.2160 PH=0.0000 total=0.0354 | VRAM=50.3GB | 0.641s/it
[stage2] step  19449 | mse=0.0340 L1=0.2155 PH=0.0000 total=0.0340 | VRAM=50.3GB | 0.639s/it
[stage2] step  19649 | mse=0.0344 L1=0.2130 PH=0.0000 total=0.0344 | VRAM=50.3GB | 0.641s/it
[stage2] step  19849 | mse=0.0337 L1=0.2127 PH=0.0000 total=0.0337 | VRAM=50.3GB | 0.640s/it
[stage2] step  20049 | mse=0.0333 L1=0.2135 PH=0.0000 total=0.0333 | VRAM=50.3GB | 0.639s/it
[stage2] step  20249 | mse=0.0338 L1=0.2134 PH=0.0000 total=0.0338 | VRAM=50.3GB | 0.639s/it
[stage2] step  20449 | mse=0.0332 L1=0.2128 PH=0.0000 total=0.0332 | VRAM=50.3GB | 3.958s/it
[stage2] step  20649 | mse=0.0328 L1=0.2119 PH=0.0000 total=0.0328 | VRAM=50.3GB | 3.908s/it
[stage2] step  20849 | mse=0.0329 L1=0.2128 PH=0.0000 total=0.0329 | VRAM=50.3GB | 3.882s/it
[stage2] step  21049 | mse=0.0324 L1=0.2134 PH=0.0000 total=0.0324 | VRAM=50.3GB | 3.809s/it
[stage2] step  21249 | mse=0.0322 L1=0.2098 PH=0.0000 total=0.0322 | VRAM=50.3GB | 3.884s/it
[stage2] step  21449 | mse=0.0323 L1=0.2118 PH=0.0000 total=0.0323 | VRAM=50.3GB | 3.697s/it
[stage2] step  21649 | mse=0.0320 L1=0.2087 PH=0.0000 total=0.0320 | VRAM=50.3GB | 0.634s/it
[ckpt] saved -> deeponet_results/Spatial/runs/m3_s0/checkpoints/21650  (EMA weights)
[stage2] step  21849 | mse=0.0314 L1=0.2103 PH=0.0000 total=0.0314 | VRAM=50.3GB | 1.110s/it
[stage2] step  22049 | mse=0.0311 L1=0.2064 PH=0.0000 total=0.0311 | VRAM=50.3GB | 1.747s/it
[stage2] step  22249 | mse=0.0316 L1=0.2085 PH=0.0000 total=0.0316 | VRAM=50.3GB | 1.861s/it
[stage2] step  22449 | mse=0.0308 L1=0.2093 PH=0.0000 total=0.0308 | VRAM=50.3GB | 2.119s/it
[stage2] step  22649 | mse=0.0310 L1=0.2103 PH=0.0000 total=0.0310 | VRAM=50.3GB | 0.639s/it
[stage2] step  22849 | mse=0.0303 L1=0.2046 PH=0.0000 total=0.0303 | VRAM=50.3GB | 0.640s/it
[stage2] step  23049 | mse=0.0302 L1=0.2078 PH=0.0000 total=0.0302 | VRAM=50.3GB | 1.290s/it
[stage2] step  23249 | mse=0.0302 L1=0.2097 PH=0.0000 total=0.0302 | VRAM=50.3GB | 1.816s/it
[stage2] step  23449 | mse=0.0302 L1=0.2078 PH=0.0000 total=0.0302 | VRAM=50.3GB | 2.017s/it
[stage2] step  23649 | mse=0.0301 L1=0.2063 PH=0.0000 total=0.0301 | VRAM=50.3GB | 2.621s/it
[stage2] step  23849 | mse=0.0289 L1=0.2049 PH=0.0000 total=0.0289 | VRAM=50.3GB | 0.639s/it
[stage2] step  24049 | mse=0.0294 L1=0.2045 PH=0.0000 total=0.0294 | VRAM=50.3GB | 0.640s/it
[stage2] step  24249 | mse=0.0293 L1=0.2055 PH=0.0000 total=0.0293 | VRAM=50.3GB | 0.639s/it
[stage2] step  24449 | mse=0.0292 L1=0.2064 PH=0.0000 total=0.0292 | VRAM=50.3GB | 0.640s/it
[stage2] step  24649 | mse=0.0294 L1=0.2031 PH=0.0000 total=0.0294 | VRAM=50.3GB | 0.640s/it
[stage2] step  24849 | mse=0.0287 L1=0.2060 PH=0.0000 total=0.0287 | VRAM=50.3GB | 0.637s/it
[stage2] step  25049 | mse=0.0279 L1=0.2045 PH=0.0000 total=0.0279 | VRAM=50.3GB | 0.640s/it
[stage2] step  25249 | mse=0.0281 L1=0.1999 PH=0.0000 total=0.0281 | VRAM=50.3GB | 0.642s/it
[stage2] step  25449 | mse=0.0282 L1=0.2034 PH=0.0000 total=0.0282 | VRAM=50.3GB | 0.640s/it
[stage2] step  25649 | mse=0.0278 L1=0.2035 PH=0.0000 total=0.0278 | VRAM=50.3GB | 0.640s/it
[stage2] step  25849 | mse=0.0281 L1=0.2026 PH=0.0000 total=0.0281 | VRAM=50.3GB | 0.638s/it
[stage2] step  26049 | mse=0.0275 L1=0.2018 PH=0.0000 total=0.0275 | VRAM=50.3GB | 0.641s/it
[stage2] step  26249 | mse=0.0275 L1=0.2001 PH=0.0000 total=0.0275 | VRAM=50.3GB | 0.642s/it
[stage2] step  26449 | mse=0.0271 L1=0.2015 PH=0.0000 total=0.0271 | VRAM=50.3GB | 0.641s/it
[stage2] step  26649 | mse=0.0271 L1=0.2026 PH=0.0000 total=0.0271 | VRAM=50.3GB | 0.640s/it
[stage2] step  26849 | mse=0.0273 L1=0.2008 PH=0.0000 total=0.0273 | VRAM=50.3GB | 0.639s/it
[stage2] step  27049 | mse=0.0272 L1=0.2003 PH=0.0000 total=0.0272 | VRAM=50.3GB | 0.639s/it
[stage2] step  27249 | mse=0.0261 L1=0.1993 PH=0.0000 total=0.0261 | VRAM=50.3GB | 0.641s/it
[stage2] step  27449 | mse=0.0265 L1=0.1974 PH=0.0000 total=0.0265 | VRAM=50.3GB | 0.641s/it
[stage2] step  27649 | mse=0.0265 L1=0.2007 PH=0.0000 total=0.0265 | VRAM=50.3GB | 0.639s/it
[stage2] step  27849 | mse=0.0261 L1=0.1987 PH=0.0000 total=0.0261 | VRAM=50.3GB | 0.640s/it
[stage2] step  28049 | mse=0.0263 L1=0.2030 PH=0.0000 total=0.0263 | VRAM=50.3GB | 0.639s/it
[stage2] step  28249 | mse=0.0259 L1=0.1994 PH=0.0000 total=0.0259 | VRAM=50.3GB | 0.639s/it
[stage2] step  28449 | mse=0.0256 L1=0.1978 PH=0.0000 total=0.0256 | VRAM=50.3GB | 0.639s/it
[stage2] step  28649 | mse=0.0260 L1=0.1990 PH=0.0000 total=0.0260 | VRAM=50.3GB | 0.639s/it
[stage2] step  28849 | mse=0.0258 L1=0.1991 PH=0.0000 total=0.0258 | VRAM=50.3GB | 0.640s/it
[stage2] step  29049 | mse=0.0259 L1=0.1993 PH=0.0000 total=0.0259 | VRAM=50.3GB | 0.640s/it
[stage2] step  29249 | mse=0.0257 L1=0.1978 PH=0.0000 total=0.0257 | VRAM=50.3GB | 4.598s/it
[stage2] step  29449 | mse=0.0252 L1=0.1998 PH=0.0000 total=0.0252 | VRAM=50.3GB | 3.369s/it
[stage2] step  29649 | mse=0.0251 L1=0.1957 PH=0.0000 total=0.0251 | VRAM=50.3GB | 2.317s/it
[stage2] step  29849 | mse=0.0251 L1=0.1976 PH=0.0000 total=0.0251 | VRAM=50.3GB | 0.755s/it
[ckpt] saved -> deeponet_results/Spatial/runs/m3_s0/checkpoints/30000  (EMA weights)

[train] DONE head=deeponet variant=baseline steps=30000 wall=526.8 min -> deeponet_results/Spatial/runs/m3_s0
[06-19 20:22:11] TRAIN done   Spatial/m3
[06-19 20:22:11] TRAIN start  Spatial/m4  (deeponet/ph) 30K
[train] head=deeponet variant=ph seed=0 out=deeponet_results/Spatial/runs/m4_s0
Warning: You are sending unauthenticated requests to the HF Hub. Please set a HF_TOKEN to enable higher rate limits and faster downloads.
WARNING:huggingface_hub.utils._http:Warning: You are sending unauthenticated requests to the HF Hub. Please set a HF_TOKEN to enable higher rate limits and faster downloads.
`torch_dtype` is deprecated! Use `dtype` instead!
WARNING:root:Missing key(s) when loading model: {'model.deeponet.pool.blocks.2.ff.0.bias', 'model.deeponet.out_mlp.2.bias', 'model.deeponet.pool.blocks.2.attn.in_proj_bias', 'model.deeponet.out_mlp.2.weight', 'model.deeponet.pool.blocks.0.ln_kv.weight', 'model.deeponet.pool.blocks.1.attn.out_proj.bias', 'model.deeponet.out_bias', 'model.deeponet.pool.blocks.2.ln_kv.bias', 'model.deeponet.trunk.2.weight', 'model.deeponet.pool.blocks.0.ff.0.bias', 'model.deeponet.pool.blocks.2.ln2.weight', 'model.deeponet.out_mlp.0.bias', 'model.deeponet.pool.in_proj.bias', 'model.deeponet.pool.blocks.2.attn.in_proj_weight', 'model.deeponet.pool.blocks.1.attn.out_proj.weight', 'model.deeponet.pool.blocks.0.attn.out_proj.weight', 'model.deeponet.pool.blocks.0.ln2.bias', 'model.deeponet.trunk.4.bias', 'model.deeponet.branch.1.bias', 'model.deeponet.trunk.0.bias', 'model.deeponet.branch.3.bias', 'model.deeponet.pool.blocks.1.ln_kv.bias', 'model.deeponet.trunk.4.weight', 'model.deeponet.pool.blocks.1.ln_q.weight', 'model.deeponet.pool.blocks.0.ln2.weight', 'model.deeponet.branch.1.weight', 'model.deeponet.pool.blocks.0.attn.in_proj_weight', 'model.deeponet.pool.blocks.2.ln_q.weight', 'model.deeponet.pool.blocks.0.ln_q.bias', 'model.deeponet.pool.blocks.2.ln_kv.weight', 'model.deeponet.pool.blocks.0.ff.2.weight', 'model.deeponet.pool.blocks.0.ln_kv.bias', 'model.deeponet.pool.queries', 'model.deeponet.pool.blocks.1.ln2.weight', 'model.deeponet.pool.blocks.0.ln_q.weight', 'model.deeponet.pool.blocks.1.ff.0.weight', 'model.deeponet.pool.blocks.1.ff.0.bias', 'model.deeponet.pool.blocks.2.ln2.bias', 'model.deeponet.branch.0.bias', 'model.deeponet.pool.in_proj.weight', 'model.deeponet.pool.blocks.1.ff.2.bias', 'model.deeponet.pool.blocks.0.ff.2.bias', 'model.deeponet.pool.blocks.1.attn.in_proj_weight', 'model.deeponet.pool.blocks.2.attn.out_proj.bias', 'model.deeponet.pool.blocks.0.attn.in_proj_bias', 'model.deeponet.pool.blocks.1.ln2.bias', 'model.deeponet.pool.blocks.1.ln_kv.weight', 'model.deeponet.pool.blocks.1.ff.2.weight', 'model.deeponet.pool.blocks.2.ff.2.bias', 'model.deeponet.trunk.0.weight', 'model.deeponet.pool.blocks.2.ln_q.bias', 'model.deeponet.pool.blocks.1.ln_q.bias', 'model.deeponet.pool.blocks.1.attn.in_proj_bias', 'model.deeponet.branch.3.weight', 'model.deeponet.pool.blocks.2.ff.2.weight', 'model.deeponet.pool.blocks.2.attn.out_proj.weight', 'model.deeponet.branch.0.weight', 'model.deeponet.pool.blocks.2.ff.0.weight', 'model.deeponet.pool.blocks.0.ff.0.weight', 'model.deeponet.trunk.2.bias', 'model.deeponet.pool.blocks.0.attn.out_proj.bias', 'model.deeponet.out_mlp.0.weight'}
Loading  HuggingFaceTB/SmolVLM2-500M-Video-Instruct weights ...
Reducing the number of VLM layers to 16 ...
Loading  HuggingFaceTB/SmolVLM2-500M-Video-Instruct weights ...
Reducing the number of VLM layers to 16 ...
[train] dataset frames=52970 episodes=432 -> 1 epoch = 1104 steps @ batch 48
[train] planned frames seen = 1440000 = 27.19 epochs

=== stage1 | steps=1650 batch=48 trainable: head=10.40M backbone=0.0M ===
[stage1] step    199 | mse=0.7514 L1=0.7267 PH=2.5768 total=0.8030 | VRAM=9.5GB | 0.280s/it
[stage1] step    399 | mse=0.5118 L1=0.5801 PH=1.3533 total=0.5388 | VRAM=9.5GB | 1.739s/it
[stage1] step    599 | mse=0.4199 L1=0.5132 PH=1.1160 total=0.4423 | VRAM=9.5GB | 1.943s/it
[stage1] step    799 | mse=0.3790 L1=0.4856 PH=1.0409 total=0.3999 | VRAM=9.5GB | 1.951s/it
[stage1] step    999 | mse=0.3570 L1=0.4693 PH=0.9907 total=0.3768 | VRAM=9.5GB | 3.191s/it
[stage1] step   1199 | mse=0.3333 L1=0.4578 PH=0.9437 total=0.3522 | VRAM=9.5GB | 5.324s/it
[stage1] step   1399 | mse=0.3186 L1=0.4461 PH=0.9178 total=0.3370 | VRAM=9.5GB | 4.982s/it
[stage1] step   1599 | mse=0.3074 L1=0.4417 PH=0.9115 total=0.3256 | VRAM=9.5GB | 3.109s/it
[ckpt] saved -> deeponet_results/Spatial/runs/m4_s0/checkpoints/1650  (EMA weights)

=== stage2 | steps=28350 batch=48 trainable: head=10.40M backbone=350.2M ===
[stage2] step   1849 | mse=0.2859 L1=0.4287 PH=0.8658 total=0.3033 | VRAM=50.3GB | 0.640s/it
[stage2] step   2049 | mse=0.2726 L1=0.4213 PH=0.8317 total=0.2893 | VRAM=50.3GB | 0.640s/it
[stage2] step   2249 | mse=0.2588 L1=0.4140 PH=0.7993 total=0.2748 | VRAM=50.3GB | 0.641s/it
[stage2] step   2449 | mse=0.2345 L1=0.3985 PH=0.7475 total=0.2494 | VRAM=50.3GB | 0.641s/it
[stage2] step   2649 | mse=0.2173 L1=0.3872 PH=0.7158 total=0.2316 | VRAM=50.3GB | 0.640s/it
[stage2] step   2849 | mse=0.2016 L1=0.3766 PH=0.6644 total=0.2149 | VRAM=50.3GB | 4.627s/it
[stage2] step   3049 | mse=0.1836 L1=0.3651 PH=0.6161 total=0.1959 | VRAM=50.3GB | 3.813s/it
[stage2] step   3249 | mse=0.1720 L1=0.3563 PH=0.5886 total=0.1838 | VRAM=50.3GB | 2.280s/it
[stage2] step   3449 | mse=0.1632 L1=0.3478 PH=0.5701 total=0.1746 | VRAM=50.3GB | 2.617s/it
[stage2] step   3649 | mse=0.1543 L1=0.3402 PH=0.5465 total=0.1652 | VRAM=50.3GB | 3.089s/it
[stage2] step   3849 | mse=0.1459 L1=0.3339 PH=0.5191 total=0.1563 | VRAM=50.3GB | 3.196s/it
[stage2] step   4049 | mse=0.1333 L1=0.3224 PH=0.4803 total=0.1429 | VRAM=50.3GB | 0.636s/it
[stage2] step   4249 | mse=0.1278 L1=0.3165 PH=0.4644 total=0.1371 | VRAM=50.3GB | 0.637s/it
[stage2] step   4449 | mse=0.1233 L1=0.3119 PH=0.4615 total=0.1325 | VRAM=50.3GB | 0.638s/it
[stage2] step   4649 | mse=0.1199 L1=0.3065 PH=0.4403 total=0.1288 | VRAM=50.3GB | 0.638s/it
[stage2] step   4849 | mse=0.1167 L1=0.3040 PH=0.4297 total=0.1253 | VRAM=50.3GB | 0.638s/it
[stage2] step   5049 | mse=0.1098 L1=0.2968 PH=0.4108 total=0.1180 | VRAM=50.3GB | 0.638s/it
[stage2] step   5249 | mse=0.1041 L1=0.2898 PH=0.3941 total=0.1120 | VRAM=50.3GB | 0.639s/it
[stage2] step   5449 | mse=0.1030 L1=0.2876 PH=0.3870 total=0.1107 | VRAM=50.3GB | 0.638s/it
[stage2] step   5649 | mse=0.0983 L1=0.2835 PH=0.3825 total=0.1059 | VRAM=50.3GB | 0.640s/it
[stage2] step   5849 | mse=0.0975 L1=0.2832 PH=0.3737 total=0.1049 | VRAM=50.3GB | 2.913s/it
[stage2] step   6049 | mse=0.0947 L1=0.2788 PH=0.3675 total=0.1021 | VRAM=50.3GB | 3.300s/it
[stage2] step   6249 | mse=0.0895 L1=0.2719 PH=0.3503 total=0.0965 | VRAM=50.3GB | 0.639s/it
[stage2] step   6449 | mse=0.0886 L1=0.2707 PH=0.3470 total=0.0955 | VRAM=50.3GB | 0.640s/it
[stage2] step   6649 | mse=0.0851 L1=0.2679 PH=0.3401 total=0.0919 | VRAM=50.3GB | 0.640s/it
[stage2] step   6849 | mse=0.0845 L1=0.2642 PH=0.3340 total=0.0912 | VRAM=50.3GB | 0.639s/it
[stage2] step   7049 | mse=0.0822 L1=0.2637 PH=0.3332 total=0.0888 | VRAM=50.3GB | 0.638s/it
[stage2] step   7249 | mse=0.0811 L1=0.2610 PH=0.3226 total=0.0875 | VRAM=50.3GB | 0.639s/it
[stage2] step   7449 | mse=0.0773 L1=0.2562 PH=0.3172 total=0.0837 | VRAM=50.3GB | 0.641s/it
[stage2] step   7649 | mse=0.0767 L1=0.2560 PH=0.3085 total=0.0829 | VRAM=50.3GB | 0.641s/it
[stage2] step   7849 | mse=0.0748 L1=0.2535 PH=0.3092 total=0.0810 | VRAM=50.3GB | 0.640s/it
[stage2] step   8049 | mse=0.0738 L1=0.2514 PH=0.3027 total=0.0799 | VRAM=50.3GB | 0.639s/it
[stage2] step   8249 | mse=0.0727 L1=0.2516 PH=0.3043 total=0.0788 | VRAM=50.3GB | 0.639s/it
[stage2] step   8449 | mse=0.0701 L1=0.2443 PH=0.2913 total=0.0759 | VRAM=50.3GB | 0.640s/it
[stage2] step   8649 | mse=0.0687 L1=0.2446 PH=0.2865 total=0.0745 | VRAM=50.3GB | 0.640s/it
[stage2] step   8849 | mse=0.0683 L1=0.2440 PH=0.2869 total=0.0741 | VRAM=50.3GB | 0.640s/it
[stage2] step   9049 | mse=0.0674 L1=0.2428 PH=0.2845 total=0.0731 | VRAM=50.3GB | 0.639s/it
[stage2] step   9249 | mse=0.0660 L1=0.2410 PH=0.2874 total=0.0717 | VRAM=50.3GB | 0.641s/it
[stage2] step   9449 | mse=0.0645 L1=0.2390 PH=0.2774 total=0.0701 | VRAM=50.3GB | 0.639s/it
[stage2] step   9649 | mse=0.0620 L1=0.2334 PH=0.2693 total=0.0674 | VRAM=50.3GB | 0.641s/it
[stage2] step   9849 | mse=0.0620 L1=0.2331 PH=0.2706 total=0.0675 | VRAM=50.3GB | 0.642s/it
[stage2] step  10049 | mse=0.0614 L1=0.2345 PH=0.2671 total=0.0668 | VRAM=50.3GB | 0.638s/it
[stage2] step  10249 | mse=0.0618 L1=0.2337 PH=0.2674 total=0.0671 | VRAM=50.3GB | 0.640s/it
[stage2] step  10449 | mse=0.0605 L1=0.2320 PH=0.2644 total=0.0658 | VRAM=50.3GB | 0.639s/it
[stage2] step  10649 | mse=0.0579 L1=0.2281 PH=0.2557 total=0.0630 | VRAM=50.3GB | 0.641s/it
[stage2] step  10849 | mse=0.0577 L1=0.2274 PH=0.2584 total=0.0629 | VRAM=50.3GB | 0.642s/it
[stage2] step  11049 | mse=0.0564 L1=0.2266 PH=0.2527 total=0.0614 | VRAM=50.3GB | 0.640s/it
[stage2] step  11249 | mse=0.0561 L1=0.2259 PH=0.2556 total=0.0613 | VRAM=50.3GB | 0.639s/it
[stage2] step  11449 | mse=0.0560 L1=0.2238 PH=0.2527 total=0.0611 | VRAM=50.3GB | 0.641s/it
[stage2] step  11649 | mse=0.0548 L1=0.2226 PH=0.2477 total=0.0598 | VRAM=50.3GB | 3.966s/it
[ckpt] saved -> deeponet_results/Spatial/runs/m4_s0/checkpoints/11650  (EMA weights)
[stage2] step  11849 | mse=0.0530 L1=0.2202 PH=0.2466 total=0.0579 | VRAM=50.3GB | 3.779s/it
[stage2] step  12049 | mse=0.0528 L1=0.2198 PH=0.2455 total=0.0577 | VRAM=50.3GB | 3.923s/it
[stage2] step  12249 | mse=0.0526 L1=0.2191 PH=0.2438 total=0.0574 | VRAM=50.3GB | 3.481s/it
[stage2] step  12449 | mse=0.0531 L1=0.2182 PH=0.2434 total=0.0580 | VRAM=50.3GB | 3.194s/it
[stage2] step  12649 | mse=0.0513 L1=0.2156 PH=0.2374 total=0.0561 | VRAM=50.3GB | 2.384s/it
[stage2] step  12849 | mse=0.0503 L1=0.2145 PH=0.2345 total=0.0550 | VRAM=50.3GB | 0.639s/it
[stage2] step  13049 | mse=0.0497 L1=0.2137 PH=0.2327 total=0.0544 | VRAM=50.3GB | 0.639s/it
[stage2] step  13249 | mse=0.0487 L1=0.2133 PH=0.2373 total=0.0534 | VRAM=50.3GB | 0.640s/it
[stage2] step  13449 | mse=0.0487 L1=0.2136 PH=0.2372 total=0.0535 | VRAM=50.3GB | 0.639s/it
[stage2] step  13649 | mse=0.0484 L1=0.2107 PH=0.2357 total=0.0531 | VRAM=50.3GB | 0.641s/it
[stage2] step  13849 | mse=0.0472 L1=0.2110 PH=0.2289 total=0.0518 | VRAM=50.3GB | 0.640s/it
[stage2] step  14049 | mse=0.0463 L1=0.2086 PH=0.2280 total=0.0509 | VRAM=50.3GB | 0.639s/it
[stage2] step  14249 | mse=0.0458 L1=0.2073 PH=0.2255 total=0.0503 | VRAM=50.3GB | 0.639s/it
[stage2] step  14449 | mse=0.0458 L1=0.2077 PH=0.2268 total=0.0503 | VRAM=50.3GB | 0.639s/it
[stage2] step  14649 | mse=0.0457 L1=0.2072 PH=0.2292 total=0.0503 | VRAM=50.3GB | 0.641s/it
[stage2] step  14849 | mse=0.0452 L1=0.2067 PH=0.2193 total=0.0496 | VRAM=50.3GB | 0.639s/it
[stage2] step  15049 | mse=0.0445 L1=0.2037 PH=0.2224 total=0.0489 | VRAM=50.3GB | 0.639s/it
[stage2] step  15249 | mse=0.0441 L1=0.2044 PH=0.2193 total=0.0485 | VRAM=50.3GB | 0.639s/it
[stage2] step  15449 | mse=0.0435 L1=0.2032 PH=0.2172 total=0.0478 | VRAM=50.3GB | 1.463s/it
[stage2] step  15649 | mse=0.0431 L1=0.2031 PH=0.2167 total=0.0474 | VRAM=50.3GB | 2.067s/it
[stage2] step  15849 | mse=0.0424 L1=0.2002 PH=0.2172 total=0.0467 | VRAM=50.3GB | 2.504s/it
[stage2] step  16049 | mse=0.0423 L1=0.2013 PH=0.2150 total=0.0466 | VRAM=50.3GB | 0.640s/it
[stage2] step  16249 | mse=0.0420 L1=0.1991 PH=0.2146 total=0.0463 | VRAM=50.3GB | 0.639s/it
[stage2] step  16449 | mse=0.0414 L1=0.1998 PH=0.2107 total=0.0456 | VRAM=50.3GB | 0.640s/it
[stage2] step  16649 | mse=0.0416 L1=0.1994 PH=0.2148 total=0.0459 | VRAM=50.3GB | 0.640s/it
[stage2] step  16849 | mse=0.0408 L1=0.1984 PH=0.2098 total=0.0450 | VRAM=50.3GB | 0.640s/it
[stage2] step  17049 | mse=0.0408 L1=0.1970 PH=0.2078 total=0.0450 | VRAM=50.3GB | 0.641s/it
[stage2] step  17249 | mse=0.0396 L1=0.1945 PH=0.2057 total=0.0437 | VRAM=50.3GB | 0.641s/it
[stage2] step  17449 | mse=0.0394 L1=0.1945 PH=0.2058 total=0.0435 | VRAM=50.3GB | 0.640s/it
[stage2] step  17649 | mse=0.0394 L1=0.1963 PH=0.2083 total=0.0436 | VRAM=50.3GB | 0.641s/it
[stage2] step  17849 | mse=0.0391 L1=0.1952 PH=0.2035 total=0.0432 | VRAM=50.3GB | 0.641s/it
[stage2] step  18049 | mse=0.0389 L1=0.1961 PH=0.2047 total=0.0430 | VRAM=50.3GB | 0.641s/it
[stage2] step  18249 | mse=0.0386 L1=0.1923 PH=0.2051 total=0.0427 | VRAM=50.3GB | 0.640s/it
[stage2] step  18449 | mse=0.0374 L1=0.1929 PH=0.2040 total=0.0415 | VRAM=50.3GB | 0.641s/it
[stage2] step  18649 | mse=0.0379 L1=0.1924 PH=0.2001 total=0.0419 | VRAM=50.3GB | 0.639s/it
[stage2] step  18849 | mse=0.0380 L1=0.1929 PH=0.2006 total=0.0420 | VRAM=50.3GB | 0.642s/it
[stage2] step  19049 | mse=0.0375 L1=0.1900 PH=0.2001 total=0.0415 | VRAM=50.3GB | 0.641s/it
[stage2] step  19249 | mse=0.0375 L1=0.1910 PH=0.1996 total=0.0415 | VRAM=50.3GB | 0.640s/it
[stage2] step  19449 | mse=0.0360 L1=0.1889 PH=0.1976 total=0.0400 | VRAM=50.3GB | 0.640s/it
[stage2] step  19649 | mse=0.0363 L1=0.1883 PH=0.1970 total=0.0402 | VRAM=50.3GB | 0.640s/it
[stage2] step  19849 | mse=0.0359 L1=0.1884 PH=0.1965 total=0.0399 | VRAM=50.3GB | 0.640s/it
[stage2] step  20049 | mse=0.0354 L1=0.1889 PH=0.1966 total=0.0393 | VRAM=50.3GB | 0.642s/it
[stage2] step  20249 | mse=0.0361 L1=0.1888 PH=0.1948 total=0.0400 | VRAM=50.3GB | 0.641s/it
[stage2] step  20449 | mse=0.0357 L1=0.1875 PH=0.1963 total=0.0396 | VRAM=50.3GB | 3.746s/it
[stage2] step  20649 | mse=0.0346 L1=0.1861 PH=0.1951 total=0.0385 | VRAM=50.3GB | 3.889s/it
[stage2] step  20849 | mse=0.0344 L1=0.1866 PH=0.1934 total=0.0382 | VRAM=50.3GB | 3.126s/it
[stage2] step  21049 | mse=0.0345 L1=0.1871 PH=0.1925 total=0.0384 | VRAM=50.3GB | 3.134s/it
[stage2] step  21249 | mse=0.0346 L1=0.1849 PH=0.1946 total=0.0385 | VRAM=50.3GB | 2.955s/it
[stage2] step  21449 | mse=0.0343 L1=0.1864 PH=0.1920 total=0.0381 | VRAM=50.3GB | 2.185s/it
[stage2] step  21649 | mse=0.0339 L1=0.1838 PH=0.1897 total=0.0377 | VRAM=50.3GB | 0.639s/it
[ckpt] saved -> deeponet_results/Spatial/runs/m4_s0/checkpoints/21650  (EMA weights)
[stage2] step  21849 | mse=0.0332 L1=0.1841 PH=0.1894 total=0.0370 | VRAM=50.3GB | 0.641s/it
[stage2] step  22049 | mse=0.0333 L1=0.1826 PH=0.1877 total=0.0371 | VRAM=50.3GB | 0.640s/it
[stage2] step  22249 | mse=0.0336 L1=0.1835 PH=0.1904 total=0.0374 | VRAM=50.3GB | 0.635s/it
[stage2] step  22449 | mse=0.0328 L1=0.1834 PH=0.1914 total=0.0366 | VRAM=50.3GB | 0.639s/it
[stage2] step  22649 | mse=0.0326 L1=0.1829 PH=0.1924 total=0.0364 | VRAM=50.3GB | 0.639s/it
[stage2] step  22849 | mse=0.0322 L1=0.1801 PH=0.1860 total=0.0359 | VRAM=50.3GB | 0.640s/it
[stage2] step  23049 | mse=0.0325 L1=0.1814 PH=0.1857 total=0.0362 | VRAM=50.3GB | 0.639s/it
[stage2] step  23249 | mse=0.0323 L1=0.1835 PH=0.1881 total=0.0361 | VRAM=50.3GB | 0.639s/it
[stage2] step  23449 | mse=0.0318 L1=0.1807 PH=0.1849 total=0.0355 | VRAM=50.3GB | 0.640s/it
[stage2] step  23649 | mse=0.0321 L1=0.1811 PH=0.1878 total=0.0359 | VRAM=50.3GB | 0.641s/it
[stage2] step  23849 | mse=0.0310 L1=0.1798 PH=0.1846 total=0.0347 | VRAM=50.3GB | 0.642s/it
[stage2] step  24049 | mse=0.0313 L1=0.1788 PH=0.1843 total=0.0350 | VRAM=50.3GB | 0.640s/it
[stage2] step  24249 | mse=0.0310 L1=0.1796 PH=0.1861 total=0.0347 | VRAM=50.3GB | 0.639s/it
[stage2] step  24449 | mse=0.0312 L1=0.1801 PH=0.1823 total=0.0348 | VRAM=50.3GB | 0.641s/it
[stage2] step  24649 | mse=0.0310 L1=0.1782 PH=0.1832 total=0.0347 | VRAM=50.3GB | 1.105s/it
[stage2] step  24849 | mse=0.0303 L1=0.1781 PH=0.1785 total=0.0339 | VRAM=50.3GB | 0.642s/it
[stage2] step  25049 | mse=0.0300 L1=0.1776 PH=0.1794 total=0.0336 | VRAM=50.3GB | 0.638s/it
[stage2] step  25249 | mse=0.0301 L1=0.1754 PH=0.1823 total=0.0337 | VRAM=50.3GB | 0.637s/it
[stage2] step  25449 | mse=0.0302 L1=0.1786 PH=0.1790 total=0.0338 | VRAM=50.3GB | 0.637s/it
[stage2] step  25649 | mse=0.0301 L1=0.1771 PH=0.1808 total=0.0337 | VRAM=50.3GB | 0.637s/it
[stage2] step  25849 | mse=0.0299 L1=0.1767 PH=0.1808 total=0.0336 | VRAM=50.3GB | 0.638s/it
[stage2] step  26049 | mse=0.0295 L1=0.1756 PH=0.1798 total=0.0331 | VRAM=50.3GB | 0.637s/it
[stage2] step  26249 | mse=0.0293 L1=0.1734 PH=0.1788 total=0.0329 | VRAM=50.3GB | 0.638s/it
[stage2] step  26449 | mse=0.0291 L1=0.1749 PH=0.1747 total=0.0326 | VRAM=50.3GB | 0.635s/it
[stage2] step  26649 | mse=0.0288 L1=0.1754 PH=0.1788 total=0.0323 | VRAM=50.3GB | 0.637s/it
[stage2] step  26849 | mse=0.0289 L1=0.1746 PH=0.1786 total=0.0325 | VRAM=50.3GB | 1.227s/it
[stage2] step  27049 | mse=0.0292 L1=0.1747 PH=0.1793 total=0.0327 | VRAM=50.3GB | 0.637s/it
[stage2] step  27249 | mse=0.0283 L1=0.1739 PH=0.1769 total=0.0318 | VRAM=50.3GB | 0.638s/it
[stage2] step  27449 | mse=0.0281 L1=0.1721 PH=0.1725 total=0.0315 | VRAM=50.3GB | 0.638s/it
[stage2] step  27649 | mse=0.0285 L1=0.1739 PH=0.1752 total=0.0320 | VRAM=50.3GB | 0.637s/it
[stage2] step  27849 | mse=0.0283 L1=0.1732 PH=0.1745 total=0.0317 | VRAM=50.3GB | 0.638s/it
[stage2] step  28049 | mse=0.0278 L1=0.1737 PH=0.1751 total=0.0313 | VRAM=50.3GB | 0.639s/it
[stage2] step  28249 | mse=0.0273 L1=0.1717 PH=0.1735 total=0.0307 | VRAM=50.3GB | 0.637s/it
[stage2] step  28449 | mse=0.0276 L1=0.1718 PH=0.1725 total=0.0311 | VRAM=50.3GB | 0.639s/it
[stage2] step  28649 | mse=0.0274 L1=0.1710 PH=0.1735 total=0.0309 | VRAM=50.3GB | 0.639s/it
[stage2] step  28849 | mse=0.0275 L1=0.1713 PH=0.1758 total=0.0310 | VRAM=50.3GB | 0.638s/it
[stage2] step  29049 | mse=0.0277 L1=0.1721 PH=0.1739 total=0.0311 | VRAM=50.3GB | 0.637s/it
[stage2] step  29249 | mse=0.0275 L1=0.1713 PH=0.1723 total=0.0309 | VRAM=50.3GB | 4.087s/it
[stage2] step  29449 | mse=0.0269 L1=0.1709 PH=0.1706 total=0.0303 | VRAM=50.3GB | 3.934s/it
[stage2] step  29649 | mse=0.0268 L1=0.1706 PH=0.1720 total=0.0302 | VRAM=50.3GB | 3.753s/it
[stage2] step  29849 | mse=0.0269 L1=0.1711 PH=0.1716 total=0.0303 | VRAM=50.3GB | 3.821s/it
[ckpt] saved -> deeponet_results/Spatial/runs/m4_s0/checkpoints/30000  (EMA weights)

[train] DONE head=deeponet variant=ph steps=30000 wall=537.7 min -> deeponet_results/Spatial/runs/m4_s0
[06-20 05:20:30] TRAIN done   Spatial/m4
[06-20 05:20:30] EVAL start   Spatial/m3 -> eval_m3
`torch_dtype` is deprecated! Use `dtype` instead!
Warning: You are sending unauthenticated requests to the HF Hub. Please set a HF_TOKEN to enable higher rate limits and faster downloads.
WARNING:huggingface_hub.utils._http:Warning: You are sending unauthenticated requests to the HF Hub. Please set a HF_TOKEN to enable higher rate limits and faster downloads.
Loading  HuggingFaceTB/SmolVLM2-500M-Video-Instruct weights ...
Reducing the number of VLM layers to 16 ...
Loading  HuggingFaceTB/SmolVLM2-500M-Video-Instruct weights ...
Reducing the number of VLM layers to 16 ...
Loading weights from local directory
[eval] loaded m3 (head=deeponet) replan=5 <- deeponet_results/Spatial/runs/m3_s0/checkpoints/30000
[robosuite WARNING] No private macro file found! (__init__.py:7)
WARNING:robosuite_logs:No private macro file found!
[robosuite WARNING] It is recommended to use a private macro file (__init__.py:8)
WARNING:robosuite_logs:It is recommended to use a private macro file
[robosuite WARNING] To setup, run: python /home/user/Desktop/Ayush PH test/venv/lib/python3.12/site-packages/robosuite/scripts/setup_macros.py (__init__.py:9)
WARNING:robosuite_logs:To setup, run: python /home/user/Desktop/Ayush PH test/venv/lib/python3.12/site-packages/robosuite/scripts/setup_macros.py
Multiple -pix_fmt options specified for stream 0, only the last option '-pix_fmt yuv420p' will be used.
Multiple -pix_fmt options specified for stream 0, only the last option '-pix_fmt yuv420p' will be used.
Multiple -pix_fmt options specified for stream 0, only the last option '-pix_fmt yuv420p' will be used.
Multiple -pix_fmt options specified for stream 0, only the last option '-pix_fmt yuv420p' will be used.
Multiple -pix_fmt options specified for stream 0, only the last option '-pix_fmt yuv420p' will be used.
Multiple -pix_fmt options specified for stream 0, only the last option '-pix_fmt yuv420p' will be used.
Multiple -pix_fmt options specified for stream 0, only the last option '-pix_fmt yuv420p' will be used.
Multiple -pix_fmt options specified for stream 0, only the last option '-pix_fmt yuv420p' will be used.
Multiple -pix_fmt options specified for stream 0, only the last option '-pix_fmt yuv420p' will be used.
Multiple -pix_fmt options specified for stream 0, only the last option '-pix_fmt yuv420p' will be used.
Multiple -pix_fmt options specified for stream 0, only the last option '-pix_fmt yuv420p' will be used.
Multiple -pix_fmt options specified for stream 0, only the last option '-pix_fmt yuv420p' will be used.
Multiple -pix_fmt options specified for stream 0, only the last option '-pix_fmt yuv420p' will be used.
Multiple -pix_fmt options specified for stream 0, only the last option '-pix_fmt yuv420p' will be used.
Multiple -pix_fmt options specified for stream 0, only the last option '-pix_fmt yuv420p' will be used.
Multiple -pix_fmt options specified for stream 0, only the last option '-pix_fmt yuv420p' will be used.
Multiple -pix_fmt options specified for stream 0, only the last option '-pix_fmt yuv420p' will be used.
Multiple -pix_fmt options specified for stream 0, only the last option '-pix_fmt yuv420p' will be used.
Multiple -pix_fmt options specified for stream 0, only the last option '-pix_fmt yuv420p' will be used.
Multiple -pix_fmt options specified for stream 0, only the last option '-pix_fmt yuv420p' will be used.
[info] using task orders [0, 1, 2, 3, 4, 5, 6, 7, 8, 9]
[Warning]: datasets path /home/user/Desktop/Ayush PH test/data/libero_datasets does not exist!
[Warning]: datasets path /home/user/Desktop/Ayush PH test/data/libero_datasets does not exist!
[LIBERO-SPATIAL] m3 task0: 90.0%  (18/20 PASS, videos -> episode_videos/m3/)
Multiple -pix_fmt options specified for stream 0, only the last option '-pix_fmt yuv420p' will be used.
Multiple -pix_fmt options specified for stream 0, only the last option '-pix_fmt yuv420p' will be used.
Multiple -pix_fmt options specified for stream 0, only the last option '-pix_fmt yuv420p' will be used.
Multiple -pix_fmt options specified for stream 0, only the last option '-pix_fmt yuv420p' will be used.
Multiple -pix_fmt options specified for stream 0, only the last option '-pix_fmt yuv420p' will be used.
Multiple -pix_fmt options specified for stream 0, only the last option '-pix_fmt yuv420p' will be used.
Multiple -pix_fmt options specified for stream 0, only the last option '-pix_fmt yuv420p' will be used.
Multiple -pix_fmt options specified for stream 0, only the last option '-pix_fmt yuv420p' will be used.
Multiple -pix_fmt options specified for stream 0, only the last option '-pix_fmt yuv420p' will be used.
Multiple -pix_fmt options specified for stream 0, only the last option '-pix_fmt yuv420p' will be used.
Multiple -pix_fmt options specified for stream 0, only the last option '-pix_fmt yuv420p' will be used.
Multiple -pix_fmt options specified for stream 0, only the last option '-pix_fmt yuv420p' will be used.
Multiple -pix_fmt options specified for stream 0, only the last option '-pix_fmt yuv420p' will be used.
Multiple -pix_fmt options specified for stream 0, only the last option '-pix_fmt yuv420p' will be used.
Multiple -pix_fmt options specified for stream 0, only the last option '-pix_fmt yuv420p' will be used.
Multiple -pix_fmt options specified for stream 0, only the last option '-pix_fmt yuv420p' will be used.
Multiple -pix_fmt options specified for stream 0, only the last option '-pix_fmt yuv420p' will be used.
Multiple -pix_fmt options specified for stream 0, only the last option '-pix_fmt yuv420p' will be used.
Multiple -pix_fmt options specified for stream 0, only the last option '-pix_fmt yuv420p' will be used.
Multiple -pix_fmt options specified for stream 0, only the last option '-pix_fmt yuv420p' will be used.
[info] using task orders [0, 1, 2, 3, 4, 5, 6, 7, 8, 9]
[Warning]: datasets path /home/user/Desktop/Ayush PH test/data/libero_datasets does not exist!
[Warning]: datasets path /home/user/Desktop/Ayush PH test/data/libero_datasets does not exist!
[LIBERO-SPATIAL] m3 task1: 90.0%  (18/20 PASS, videos -> episode_videos/m3/)
Multiple -pix_fmt options specified for stream 0, only the last option '-pix_fmt yuv420p' will be used.
Multiple -pix_fmt options specified for stream 0, only the last option '-pix_fmt yuv420p' will be used.
Multiple -pix_fmt options specified for stream 0, only the last option '-pix_fmt yuv420p' will be used.
Multiple -pix_fmt options specified for stream 0, only the last option '-pix_fmt yuv420p' will be used.
Multiple -pix_fmt options specified for stream 0, only the last option '-pix_fmt yuv420p' will be used.
Multiple -pix_fmt options specified for stream 0, only the last option '-pix_fmt yuv420p' will be used.
Multiple -pix_fmt options specified for stream 0, only the last option '-pix_fmt yuv420p' will be used.
Multiple -pix_fmt options specified for stream 0, only the last option '-pix_fmt yuv420p' will be used.
Multiple -pix_fmt options specified for stream 0, only the last option '-pix_fmt yuv420p' will be used.
Multiple -pix_fmt options specified for stream 0, only the last option '-pix_fmt yuv420p' will be used.
Multiple -pix_fmt options specified for stream 0, only the last option '-pix_fmt yuv420p' will be used.
Multiple -pix_fmt options specified for stream 0, only the last option '-pix_fmt yuv420p' will be used.
Multiple -pix_fmt options specified for stream 0, only the last option '-pix_fmt yuv420p' will be used.
Multiple -pix_fmt options specified for stream 0, only the last option '-pix_fmt yuv420p' will be used.
Multiple -pix_fmt options specified for stream 0, only the last option '-pix_fmt yuv420p' will be used.
Multiple -pix_fmt options specified for stream 0, only the last option '-pix_fmt yuv420p' will be used.
Multiple -pix_fmt options specified for stream 0, only the last option '-pix_fmt yuv420p' will be used.
Multiple -pix_fmt options specified for stream 0, only the last option '-pix_fmt yuv420p' will be used.
Multiple -pix_fmt options specified for stream 0, only the last option '-pix_fmt yuv420p' will be used.
Multiple -pix_fmt options specified for stream 0, only the last option '-pix_fmt yuv420p' will be used.
[info] using task orders [0, 1, 2, 3, 4, 5, 6, 7, 8, 9]
[Warning]: datasets path /home/user/Desktop/Ayush PH test/data/libero_datasets does not exist!
[Warning]: datasets path /home/user/Desktop/Ayush PH test/data/libero_datasets does not exist!
[LIBERO-SPATIAL] m3 task2: 90.0%  (18/20 PASS, videos -> episode_videos/m3/)
Multiple -pix_fmt options specified for stream 0, only the last option '-pix_fmt yuv420p' will be used.
Multiple -pix_fmt options specified for stream 0, only the last option '-pix_fmt yuv420p' will be used.
Multiple -pix_fmt options specified for stream 0, only the last option '-pix_fmt yuv420p' will be used.
Multiple -pix_fmt options specified for stream 0, only the last option '-pix_fmt yuv420p' will be used.
Multiple -pix_fmt options specified for stream 0, only the last option '-pix_fmt yuv420p' will be used.
Multiple -pix_fmt options specified for stream 0, only the last option '-pix_fmt yuv420p' will be used.
Multiple -pix_fmt options specified for stream 0, only the last option '-pix_fmt yuv420p' will be used.
Multiple -pix_fmt options specified for stream 0, only the last option '-pix_fmt yuv420p' will be used.
Multiple -pix_fmt options specified for stream 0, only the last option '-pix_fmt yuv420p' will be used.
Multiple -pix_fmt options specified for stream 0, only the last option '-pix_fmt yuv420p' will be used.
Multiple -pix_fmt options specified for stream 0, only the last option '-pix_fmt yuv420p' will be used.
Multiple -pix_fmt options specified for stream 0, only the last option '-pix_fmt yuv420p' will be used.
Multiple -pix_fmt options specified for stream 0, only the last option '-pix_fmt yuv420p' will be used.
Multiple -pix_fmt options specified for stream 0, only the last option '-pix_fmt yuv420p' will be used.
Multiple -pix_fmt options specified for stream 0, only the last option '-pix_fmt yuv420p' will be used.
Multiple -pix_fmt options specified for stream 0, only the last option '-pix_fmt yuv420p' will be used.
Multiple -pix_fmt options specified for stream 0, only the last option '-pix_fmt yuv420p' will be used.
Multiple -pix_fmt options specified for stream 0, only the last option '-pix_fmt yuv420p' will be used.
Multiple -pix_fmt options specified for stream 0, only the last option '-pix_fmt yuv420p' will be used.
Multiple -pix_fmt options specified for stream 0, only the last option '-pix_fmt yuv420p' will be used.
[info] using task orders [0, 1, 2, 3, 4, 5, 6, 7, 8, 9]
[Warning]: datasets path /home/user/Desktop/Ayush PH test/data/libero_datasets does not exist!
[Warning]: datasets path /home/user/Desktop/Ayush PH test/data/libero_datasets does not exist!
[LIBERO-SPATIAL] m3 task3: 90.0%  (18/20 PASS, videos -> episode_videos/m3/)
Multiple -pix_fmt options specified for stream 0, only the last option '-pix_fmt yuv420p' will be used.
Multiple -pix_fmt options specified for stream 0, only the last option '-pix_fmt yuv420p' will be used.
Multiple -pix_fmt options specified for stream 0, only the last option '-pix_fmt yuv420p' will be used.
Multiple -pix_fmt options specified for stream 0, only the last option '-pix_fmt yuv420p' will be used.
Multiple -pix_fmt options specified for stream 0, only the last option '-pix_fmt yuv420p' will be used.
Multiple -pix_fmt options specified for stream 0, only the last option '-pix_fmt yuv420p' will be used.
Multiple -pix_fmt options specified for stream 0, only the last option '-pix_fmt yuv420p' will be used.
Multiple -pix_fmt options specified for stream 0, only the last option '-pix_fmt yuv420p' will be used.
Multiple -pix_fmt options specified for stream 0, only the last option '-pix_fmt yuv420p' will be used.
Multiple -pix_fmt options specified for stream 0, only the last option '-pix_fmt yuv420p' will be used.
Multiple -pix_fmt options specified for stream 0, only the last option '-pix_fmt yuv420p' will be used.
Multiple -pix_fmt options specified for stream 0, only the last option '-pix_fmt yuv420p' will be used.
Multiple -pix_fmt options specified for stream 0, only the last option '-pix_fmt yuv420p' will be used.
Multiple -pix_fmt options specified for stream 0, only the last option '-pix_fmt yuv420p' will be used.
Multiple -pix_fmt options specified for stream 0, only the last option '-pix_fmt yuv420p' will be used.
Multiple -pix_fmt options specified for stream 0, only the last option '-pix_fmt yuv420p' will be used.
Multiple -pix_fmt options specified for stream 0, only the last option '-pix_fmt yuv420p' will be used.
Multiple -pix_fmt options specified for stream 0, only the last option '-pix_fmt yuv420p' will be used.
Multiple -pix_fmt options specified for stream 0, only the last option '-pix_fmt yuv420p' will be used.
Multiple -pix_fmt options specified for stream 0, only the last option '-pix_fmt yuv420p' will be used.
[info] using task orders [0, 1, 2, 3, 4, 5, 6, 7, 8, 9]
[Warning]: datasets path /home/user/Desktop/Ayush PH test/data/libero_datasets does not exist!
[Warning]: datasets path /home/user/Desktop/Ayush PH test/data/libero_datasets does not exist!
[LIBERO-SPATIAL] m3 task4: 95.0%  (19/20 PASS, videos -> episode_videos/m3/)
Multiple -pix_fmt options specified for stream 0, only the last option '-pix_fmt yuv420p' will be used.
Multiple -pix_fmt options specified for stream 0, only the last option '-pix_fmt yuv420p' will be used.
Multiple -pix_fmt options specified for stream 0, only the last option '-pix_fmt yuv420p' will be used.
Multiple -pix_fmt options specified for stream 0, only the last option '-pix_fmt yuv420p' will be used.
Multiple -pix_fmt options specified for stream 0, only the last option '-pix_fmt yuv420p' will be used.
Multiple -pix_fmt options specified for stream 0, only the last option '-pix_fmt yuv420p' will be used.
Multiple -pix_fmt options specified for stream 0, only the last option '-pix_fmt yuv420p' will be used.
Multiple -pix_fmt options specified for stream 0, only the last option '-pix_fmt yuv420p' will be used.
Multiple -pix_fmt options specified for stream 0, only the last option '-pix_fmt yuv420p' will be used.
Multiple -pix_fmt options specified for stream 0, only the last option '-pix_fmt yuv420p' will be used.
Multiple -pix_fmt options specified for stream 0, only the last option '-pix_fmt yuv420p' will be used.
Multiple -pix_fmt options specified for stream 0, only the last option '-pix_fmt yuv420p' will be used.
Multiple -pix_fmt options specified for stream 0, only the last option '-pix_fmt yuv420p' will be used.
Multiple -pix_fmt options specified for stream 0, only the last option '-pix_fmt yuv420p' will be used.
Multiple -pix_fmt options specified for stream 0, only the last option '-pix_fmt yuv420p' will be used.
Multiple -pix_fmt options specified for stream 0, only the last option '-pix_fmt yuv420p' will be used.
Multiple -pix_fmt options specified for stream 0, only the last option '-pix_fmt yuv420p' will be used.
Multiple -pix_fmt options specified for stream 0, only the last option '-pix_fmt yuv420p' will be used.
Multiple -pix_fmt options specified for stream 0, only the last option '-pix_fmt yuv420p' will be used.
Multiple -pix_fmt options specified for stream 0, only the last option '-pix_fmt yuv420p' will be used.
[info] using task orders [0, 1, 2, 3, 4, 5, 6, 7, 8, 9]
[Warning]: datasets path /home/user/Desktop/Ayush PH test/data/libero_datasets does not exist!
[Warning]: datasets path /home/user/Desktop/Ayush PH test/data/libero_datasets does not exist!
[LIBERO-SPATIAL] m3 task5: 45.0%  (9/20 PASS, videos -> episode_videos/m3/)
Multiple -pix_fmt options specified for stream 0, only the last option '-pix_fmt yuv420p' will be used.
Multiple -pix_fmt options specified for stream 0, only the last option '-pix_fmt yuv420p' will be used.
Multiple -pix_fmt options specified for stream 0, only the last option '-pix_fmt yuv420p' will be used.
Multiple -pix_fmt options specified for stream 0, only the last option '-pix_fmt yuv420p' will be used.
Multiple -pix_fmt options specified for stream 0, only the last option '-pix_fmt yuv420p' will be used.
Multiple -pix_fmt options specified for stream 0, only the last option '-pix_fmt yuv420p' will be used.
Multiple -pix_fmt options specified for stream 0, only the last option '-pix_fmt yuv420p' will be used.
Multiple -pix_fmt options specified for stream 0, only the last option '-pix_fmt yuv420p' will be used.
Multiple -pix_fmt options specified for stream 0, only the last option '-pix_fmt yuv420p' will be used.
Multiple -pix_fmt options specified for stream 0, only the last option '-pix_fmt yuv420p' will be used.
Multiple -pix_fmt options specified for stream 0, only the last option '-pix_fmt yuv420p' will be used.
Multiple -pix_fmt options specified for stream 0, only the last option '-pix_fmt yuv420p' will be used.
Multiple -pix_fmt options specified for stream 0, only the last option '-pix_fmt yuv420p' will be used.
Multiple -pix_fmt options specified for stream 0, only the last option '-pix_fmt yuv420p' will be used.
Multiple -pix_fmt options specified for stream 0, only the last option '-pix_fmt yuv420p' will be used.
Multiple -pix_fmt options specified for stream 0, only the last option '-pix_fmt yuv420p' will be used.
Multiple -pix_fmt options specified for stream 0, only the last option '-pix_fmt yuv420p' will be used.
Multiple -pix_fmt options specified for stream 0, only the last option '-pix_fmt yuv420p' will be used.
Multiple -pix_fmt options specified for stream 0, only the last option '-pix_fmt yuv420p' will be used.
Multiple -pix_fmt options specified for stream 0, only the last option '-pix_fmt yuv420p' will be used.
[info] using task orders [0, 1, 2, 3, 4, 5, 6, 7, 8, 9]
[Warning]: datasets path /home/user/Desktop/Ayush PH test/data/libero_datasets does not exist!
[Warning]: datasets path /home/user/Desktop/Ayush PH test/data/libero_datasets does not exist!
[LIBERO-SPATIAL] m3 task6: 95.0%  (19/20 PASS, videos -> episode_videos/m3/)
Multiple -pix_fmt options specified for stream 0, only the last option '-pix_fmt yuv420p' will be used.
Multiple -pix_fmt options specified for stream 0, only the last option '-pix_fmt yuv420p' will be used.
Multiple -pix_fmt options specified for stream 0, only the last option '-pix_fmt yuv420p' will be used.
Multiple -pix_fmt options specified for stream 0, only the last option '-pix_fmt yuv420p' will be used.
Multiple -pix_fmt options specified for stream 0, only the last option '-pix_fmt yuv420p' will be used.
Multiple -pix_fmt options specified for stream 0, only the last option '-pix_fmt yuv420p' will be used.
Multiple -pix_fmt options specified for stream 0, only the last option '-pix_fmt yuv420p' will be used.
Multiple -pix_fmt options specified for stream 0, only the last option '-pix_fmt yuv420p' will be used.
Multiple -pix_fmt options specified for stream 0, only the last option '-pix_fmt yuv420p' will be used.
Multiple -pix_fmt options specified for stream 0, only the last option '-pix_fmt yuv420p' will be used.
Multiple -pix_fmt options specified for stream 0, only the last option '-pix_fmt yuv420p' will be used.
Multiple -pix_fmt options specified for stream 0, only the last option '-pix_fmt yuv420p' will be used.
Multiple -pix_fmt options specified for stream 0, only the last option '-pix_fmt yuv420p' will be used.
Multiple -pix_fmt options specified for stream 0, only the last option '-pix_fmt yuv420p' will be used.
Multiple -pix_fmt options specified for stream 0, only the last option '-pix_fmt yuv420p' will be used.
Multiple -pix_fmt options specified for stream 0, only the last option '-pix_fmt yuv420p' will be used.
Multiple -pix_fmt options specified for stream 0, only the last option '-pix_fmt yuv420p' will be used.
Multiple -pix_fmt options specified for stream 0, only the last option '-pix_fmt yuv420p' will be used.
Multiple -pix_fmt options specified for stream 0, only the last option '-pix_fmt yuv420p' will be used.
Multiple -pix_fmt options specified for stream 0, only the last option '-pix_fmt yuv420p' will be used.
[info] using task orders [0, 1, 2, 3, 4, 5, 6, 7, 8, 9]
[Warning]: datasets path /home/user/Desktop/Ayush PH test/data/libero_datasets does not exist!
[Warning]: datasets path /home/user/Desktop/Ayush PH test/data/libero_datasets does not exist!
[LIBERO-SPATIAL] m3 task7: 95.0%  (19/20 PASS, videos -> episode_videos/m3/)
Multiple -pix_fmt options specified for stream 0, only the last option '-pix_fmt yuv420p' will be used.
Multiple -pix_fmt options specified for stream 0, only the last option '-pix_fmt yuv420p' will be used.
Multiple -pix_fmt options specified for stream 0, only the last option '-pix_fmt yuv420p' will be used.
Multiple -pix_fmt options specified for stream 0, only the last option '-pix_fmt yuv420p' will be used.
Multiple -pix_fmt options specified for stream 0, only the last option '-pix_fmt yuv420p' will be used.
Multiple -pix_fmt options specified for stream 0, only the last option '-pix_fmt yuv420p' will be used.
Multiple -pix_fmt options specified for stream 0, only the last option '-pix_fmt yuv420p' will be used.
Multiple -pix_fmt options specified for stream 0, only the last option '-pix_fmt yuv420p' will be used.
Multiple -pix_fmt options specified for stream 0, only the last option '-pix_fmt yuv420p' will be used.
Multiple -pix_fmt options specified for stream 0, only the last option '-pix_fmt yuv420p' will be used.
Multiple -pix_fmt options specified for stream 0, only the last option '-pix_fmt yuv420p' will be used.
Multiple -pix_fmt options specified for stream 0, only the last option '-pix_fmt yuv420p' will be used.
Multiple -pix_fmt options specified for stream 0, only the last option '-pix_fmt yuv420p' will be used.
Multiple -pix_fmt options specified for stream 0, only the last option '-pix_fmt yuv420p' will be used.
Multiple -pix_fmt options specified for stream 0, only the last option '-pix_fmt yuv420p' will be used.
Multiple -pix_fmt options specified for stream 0, only the last option '-pix_fmt yuv420p' will be used.
Multiple -pix_fmt options specified for stream 0, only the last option '-pix_fmt yuv420p' will be used.
Multiple -pix_fmt options specified for stream 0, only the last option '-pix_fmt yuv420p' will be used.
Multiple -pix_fmt options specified for stream 0, only the last option '-pix_fmt yuv420p' will be used.
Multiple -pix_fmt options specified for stream 0, only the last option '-pix_fmt yuv420p' will be used.
[info] using task orders [0, 1, 2, 3, 4, 5, 6, 7, 8, 9]
[Warning]: datasets path /home/user/Desktop/Ayush PH test/data/libero_datasets does not exist!
[Warning]: datasets path /home/user/Desktop/Ayush PH test/data/libero_datasets does not exist!
[LIBERO-SPATIAL] m3 task8: 90.0%  (18/20 PASS, videos -> episode_videos/m3/)
Multiple -pix_fmt options specified for stream 0, only the last option '-pix_fmt yuv420p' will be used.
Multiple -pix_fmt options specified for stream 0, only the last option '-pix_fmt yuv420p' will be used.
Multiple -pix_fmt options specified for stream 0, only the last option '-pix_fmt yuv420p' will be used.
Multiple -pix_fmt options specified for stream 0, only the last option '-pix_fmt yuv420p' will be used.
Multiple -pix_fmt options specified for stream 0, only the last option '-pix_fmt yuv420p' will be used.
Multiple -pix_fmt options specified for stream 0, only the last option '-pix_fmt yuv420p' will be used.
Multiple -pix_fmt options specified for stream 0, only the last option '-pix_fmt yuv420p' will be used.
Multiple -pix_fmt options specified for stream 0, only the last option '-pix_fmt yuv420p' will be used.
Multiple -pix_fmt options specified for stream 0, only the last option '-pix_fmt yuv420p' will be used.
Multiple -pix_fmt options specified for stream 0, only the last option '-pix_fmt yuv420p' will be used.
Multiple -pix_fmt options specified for stream 0, only the last option '-pix_fmt yuv420p' will be used.
Multiple -pix_fmt options specified for stream 0, only the last option '-pix_fmt yuv420p' will be used.
Multiple -pix_fmt options specified for stream 0, only the last option '-pix_fmt yuv420p' will be used.
Multiple -pix_fmt options specified for stream 0, only the last option '-pix_fmt yuv420p' will be used.
Multiple -pix_fmt options specified for stream 0, only the last option '-pix_fmt yuv420p' will be used.
Multiple -pix_fmt options specified for stream 0, only the last option '-pix_fmt yuv420p' will be used.
Multiple -pix_fmt options specified for stream 0, only the last option '-pix_fmt yuv420p' will be used.
Multiple -pix_fmt options specified for stream 0, only the last option '-pix_fmt yuv420p' will be used.
Multiple -pix_fmt options specified for stream 0, only the last option '-pix_fmt yuv420p' will be used.
Multiple -pix_fmt options specified for stream 0, only the last option '-pix_fmt yuv420p' will be used.
[info] using task orders [0, 1, 2, 3, 4, 5, 6, 7, 8, 9]
[Warning]: datasets path /home/user/Desktop/Ayush PH test/data/libero_datasets does not exist!
[Warning]: datasets path /home/user/Desktop/Ayush PH test/data/libero_datasets does not exist!
[LIBERO-SPATIAL] m3 task9: 70.0%  (14/20 PASS, videos -> episode_videos/m3/)
[eval] DONE. summary: {
  "m3": {
    "LIBERO-SPATIAL_avg": 0.85,
    "LIBERO-SPATIAL-V_avg": null
  }
}
[06-20 05:42:47] EVAL done    Spatial/m3
[LIBERO-SPATIAL] FULL 10-task average = 85.0%
[LIBERO-SPATIAL] EXCL task5 (45%) -> 9-task average = 89.4%
[LIBERO-SPATIAL] wrote summary_full.json + summary_excl_task5.json + summary_both.csv -> deeponet_results/Spatial/runs/eval_m3
  saved libero_spatial_all10tasks.png
  saved libero_spatial_excl_task5_9tasks.png
[Spatial m3 30K] FULL 10-task avg = 85.0%
[Spatial m3 30K] EXCL task5 -> 9-task avg = 89.4%
[Spatial m3 30K] plots -> deeponet_results/Spatial/plots | summaries -> deeponet_results/Spatial/runs/eval_m3
[06-20 05:42:48] ######## RESULT READY: Spatial/m3 -> ./deeponet_results/Spatial/runs/eval_m3 (10-task + 9-task plots & summaries) ########
[06-20 05:42:48] EVAL start   Spatial/m4 -> eval_m4
`torch_dtype` is deprecated! Use `dtype` instead!
Warning: You are sending unauthenticated requests to the HF Hub. Please set a HF_TOKEN to enable higher rate limits and faster downloads.
WARNING:huggingface_hub.utils._http:Warning: You are sending unauthenticated requests to the HF Hub. Please set a HF_TOKEN to enable higher rate limits and faster downloads.
Loading  HuggingFaceTB/SmolVLM2-500M-Video-Instruct weights ...
Reducing the number of VLM layers to 16 ...
Loading  HuggingFaceTB/SmolVLM2-500M-Video-Instruct weights ...
Reducing the number of VLM layers to 16 ...
Loading weights from local directory
[eval] loaded m4 (head=deeponet) replan=5 <- deeponet_results/Spatial/runs/m4_s0/checkpoints/30000
[robosuite WARNING] No private macro file found! (__init__.py:7)
WARNING:robosuite_logs:No private macro file found!
[robosuite WARNING] It is recommended to use a private macro file (__init__.py:8)
WARNING:robosuite_logs:It is recommended to use a private macro file
[robosuite WARNING] To setup, run: python /home/user/Desktop/Ayush PH test/venv/lib/python3.12/site-packages/robosuite/scripts/setup_macros.py (__init__.py:9)
WARNING:robosuite_logs:To setup, run: python /home/user/Desktop/Ayush PH test/venv/lib/python3.12/site-packages/robosuite/scripts/setup_macros.py
Multiple -pix_fmt options specified for stream 0, only the last option '-pix_fmt yuv420p' will be used.
Multiple -pix_fmt options specified for stream 0, only the last option '-pix_fmt yuv420p' will be used.
Multiple -pix_fmt options specified for stream 0, only the last option '-pix_fmt yuv420p' will be used.
Multiple -pix_fmt options specified for stream 0, only the last option '-pix_fmt yuv420p' will be used.
Multiple -pix_fmt options specified for stream 0, only the last option '-pix_fmt yuv420p' will be used.
Multiple -pix_fmt options specified for stream 0, only the last option '-pix_fmt yuv420p' will be used.
Multiple -pix_fmt options specified for stream 0, only the last option '-pix_fmt yuv420p' will be used.
Multiple -pix_fmt options specified for stream 0, only the last option '-pix_fmt yuv420p' will be used.
Multiple -pix_fmt options specified for stream 0, only the last option '-pix_fmt yuv420p' will be used.
Multiple -pix_fmt options specified for stream 0, only the last option '-pix_fmt yuv420p' will be used.
Multiple -pix_fmt options specified for stream 0, only the last option '-pix_fmt yuv420p' will be used.
Multiple -pix_fmt options specified for stream 0, only the last option '-pix_fmt yuv420p' will be used.
Multiple -pix_fmt options specified for stream 0, only the last option '-pix_fmt yuv420p' will be used.
Multiple -pix_fmt options specified for stream 0, only the last option '-pix_fmt yuv420p' will be used.
Multiple -pix_fmt options specified for stream 0, only the last option '-pix_fmt yuv420p' will be used.
Multiple -pix_fmt options specified for stream 0, only the last option '-pix_fmt yuv420p' will be used.
Multiple -pix_fmt options specified for stream 0, only the last option '-pix_fmt yuv420p' will be used.
Multiple -pix_fmt options specified for stream 0, only the last option '-pix_fmt yuv420p' will be used.
Multiple -pix_fmt options specified for stream 0, only the last option '-pix_fmt yuv420p' will be used.
Multiple -pix_fmt options specified for stream 0, only the last option '-pix_fmt yuv420p' will be used.
[info] using task orders [0, 1, 2, 3, 4, 5, 6, 7, 8, 9]
[Warning]: datasets path /home/user/Desktop/Ayush PH test/data/libero_datasets does not exist!
[Warning]: datasets path /home/user/Desktop/Ayush PH test/data/libero_datasets does not exist!
[LIBERO-SPATIAL] m4 task0: 90.0%  (18/20 PASS, videos -> episode_videos/m4/)
Multiple -pix_fmt options specified for stream 0, only the last option '-pix_fmt yuv420p' will be used.
Multiple -pix_fmt options specified for stream 0, only the last option '-pix_fmt yuv420p' will be used.
Multiple -pix_fmt options specified for stream 0, only the last option '-pix_fmt yuv420p' will be used.
Multiple -pix_fmt options specified for stream 0, only the last option '-pix_fmt yuv420p' will be used.
Multiple -pix_fmt options specified for stream 0, only the last option '-pix_fmt yuv420p' will be used.
Multiple -pix_fmt options specified for stream 0, only the last option '-pix_fmt yuv420p' will be used.
Multiple -pix_fmt options specified for stream 0, only the last option '-pix_fmt yuv420p' will be used.
Multiple -pix_fmt options specified for stream 0, only the last option '-pix_fmt yuv420p' will be used.
Multiple -pix_fmt options specified for stream 0, only the last option '-pix_fmt yuv420p' will be used.
Multiple -pix_fmt options specified for stream 0, only the last option '-pix_fmt yuv420p' will be used.
Multiple -pix_fmt options specified for stream 0, only the last option '-pix_fmt yuv420p' will be used.
Multiple -pix_fmt options specified for stream 0, only the last option '-pix_fmt yuv420p' will be used.
Multiple -pix_fmt options specified for stream 0, only the last option '-pix_fmt yuv420p' will be used.
Multiple -pix_fmt options specified for stream 0, only the last option '-pix_fmt yuv420p' will be used.
Multiple -pix_fmt options specified for stream 0, only the last option '-pix_fmt yuv420p' will be used.
Multiple -pix_fmt options specified for stream 0, only the last option '-pix_fmt yuv420p' will be used.
Multiple -pix_fmt options specified for stream 0, only the last option '-pix_fmt yuv420p' will be used.
Multiple -pix_fmt options specified for stream 0, only the last option '-pix_fmt yuv420p' will be used.
Multiple -pix_fmt options specified for stream 0, only the last option '-pix_fmt yuv420p' will be used.
Multiple -pix_fmt options specified for stream 0, only the last option '-pix_fmt yuv420p' will be used.
[info] using task orders [0, 1, 2, 3, 4, 5, 6, 7, 8, 9]
[Warning]: datasets path /home/user/Desktop/Ayush PH test/data/libero_datasets does not exist!
[Warning]: datasets path /home/user/Desktop/Ayush PH test/data/libero_datasets does not exist!
[LIBERO-SPATIAL] m4 task1: 90.0%  (18/20 PASS, videos -> episode_videos/m4/)
Multiple -pix_fmt options specified for stream 0, only the last option '-pix_fmt yuv420p' will be used.
Multiple -pix_fmt options specified for stream 0, only the last option '-pix_fmt yuv420p' will be used.
Multiple -pix_fmt options specified for stream 0, only the last option '-pix_fmt yuv420p' will be used.
Multiple -pix_fmt options specified for stream 0, only the last option '-pix_fmt yuv420p' will be used.
Multiple -pix_fmt options specified for stream 0, only the last option '-pix_fmt yuv420p' will be used.
Multiple -pix_fmt options specified for stream 0, only the last option '-pix_fmt yuv420p' will be used.
Multiple -pix_fmt options specified for stream 0, only the last option '-pix_fmt yuv420p' will be used.
Multiple -pix_fmt options specified for stream 0, only the last option '-pix_fmt yuv420p' will be used.
Multiple -pix_fmt options specified for stream 0, only the last option '-pix_fmt yuv420p' will be used.
Multiple -pix_fmt options specified for stream 0, only the last option '-pix_fmt yuv420p' will be used.
Multiple -pix_fmt options specified for stream 0, only the last option '-pix_fmt yuv420p' will be used.
Multiple -pix_fmt options specified for stream 0, only the last option '-pix_fmt yuv420p' will be used.
Multiple -pix_fmt options specified for stream 0, only the last option '-pix_fmt yuv420p' will be used.
Multiple -pix_fmt options specified for stream 0, only the last option '-pix_fmt yuv420p' will be used.
Multiple -pix_fmt options specified for stream 0, only the last option '-pix_fmt yuv420p' will be used.
Multiple -pix_fmt options specified for stream 0, only the last option '-pix_fmt yuv420p' will be used.
Multiple -pix_fmt options specified for stream 0, only the last option '-pix_fmt yuv420p' will be used.
Multiple -pix_fmt options specified for stream 0, only the last option '-pix_fmt yuv420p' will be used.
Multiple -pix_fmt options specified for stream 0, only the last option '-pix_fmt yuv420p' will be used.
Multiple -pix_fmt options specified for stream 0, only the last option '-pix_fmt yuv420p' will be used.
[info] using task orders [0, 1, 2, 3, 4, 5, 6, 7, 8, 9]
[Warning]: datasets path /home/user/Desktop/Ayush PH test/data/libero_datasets does not exist!
[Warning]: datasets path /home/user/Desktop/Ayush PH test/data/libero_datasets does not exist!
[LIBERO-SPATIAL] m4 task2: 95.0%  (19/20 PASS, videos -> episode_videos/m4/)
Multiple -pix_fmt options specified for stream 0, only the last option '-pix_fmt yuv420p' will be used.
Multiple -pix_fmt options specified for stream 0, only the last option '-pix_fmt yuv420p' will be used.
Multiple -pix_fmt options specified for stream 0, only the last option '-pix_fmt yuv420p' will be used.
Multiple -pix_fmt options specified for stream 0, only the last option '-pix_fmt yuv420p' will be used.
Multiple -pix_fmt options specified for stream 0, only the last option '-pix_fmt yuv420p' will be used.
Multiple -pix_fmt options specified for stream 0, only the last option '-pix_fmt yuv420p' will be used.
Multiple -pix_fmt options specified for stream 0, only the last option '-pix_fmt yuv420p' will be used.
Multiple -pix_fmt options specified for stream 0, only the last option '-pix_fmt yuv420p' will be used.
Multiple -pix_fmt options specified for stream 0, only the last option '-pix_fmt yuv420p' will be used.
Multiple -pix_fmt options specified for stream 0, only the last option '-pix_fmt yuv420p' will be used.
Multiple -pix_fmt options specified for stream 0, only the last option '-pix_fmt yuv420p' will be used.
Multiple -pix_fmt options specified for stream 0, only the last option '-pix_fmt yuv420p' will be used.
Multiple -pix_fmt options specified for stream 0, only the last option '-pix_fmt yuv420p' will be used.
Multiple -pix_fmt options specified for stream 0, only the last option '-pix_fmt yuv420p' will be used.
Multiple -pix_fmt options specified for stream 0, only the last option '-pix_fmt yuv420p' will be used.
Multiple -pix_fmt options specified for stream 0, only the last option '-pix_fmt yuv420p' will be used.
Multiple -pix_fmt options specified for stream 0, only the last option '-pix_fmt yuv420p' will be used.
Multiple -pix_fmt options specified for stream 0, only the last option '-pix_fmt yuv420p' will be used.
Multiple -pix_fmt options specified for stream 0, only the last option '-pix_fmt yuv420p' will be used.
Multiple -pix_fmt options specified for stream 0, only the last option '-pix_fmt yuv420p' will be used.
[info] using task orders [0, 1, 2, 3, 4, 5, 6, 7, 8, 9]
[Warning]: datasets path /home/user/Desktop/Ayush PH test/data/libero_datasets does not exist!
[Warning]: datasets path /home/user/Desktop/Ayush PH test/data/libero_datasets does not exist!
[LIBERO-SPATIAL] m4 task3: 80.0%  (16/20 PASS, videos -> episode_videos/m4/)
Multiple -pix_fmt options specified for stream 0, only the last option '-pix_fmt yuv420p' will be used.
Multiple -pix_fmt options specified for stream 0, only the last option '-pix_fmt yuv420p' will be used.
Multiple -pix_fmt options specified for stream 0, only the last option '-pix_fmt yuv420p' will be used.
Multiple -pix_fmt options specified for stream 0, only the last option '-pix_fmt yuv420p' will be used.
Multiple -pix_fmt options specified for stream 0, only the last option '-pix_fmt yuv420p' will be used.
Multiple -pix_fmt options specified for stream 0, only the last option '-pix_fmt yuv420p' will be used.
Multiple -pix_fmt options specified for stream 0, only the last option '-pix_fmt yuv420p' will be used.
Multiple -pix_fmt options specified for stream 0, only the last option '-pix_fmt yuv420p' will be used.
Multiple -pix_fmt options specified for stream 0, only the last option '-pix_fmt yuv420p' will be used.
Multiple -pix_fmt options specified for stream 0, only the last option '-pix_fmt yuv420p' will be used.
Multiple -pix_fmt options specified for stream 0, only the last option '-pix_fmt yuv420p' will be used.
Multiple -pix_fmt options specified for stream 0, only the last option '-pix_fmt yuv420p' will be used.
Multiple -pix_fmt options specified for stream 0, only the last option '-pix_fmt yuv420p' will be used.
Multiple -pix_fmt options specified for stream 0, only the last option '-pix_fmt yuv420p' will be used.
Multiple -pix_fmt options specified for stream 0, only the last option '-pix_fmt yuv420p' will be used.
Multiple -pix_fmt options specified for stream 0, only the last option '-pix_fmt yuv420p' will be used.
Multiple -pix_fmt options specified for stream 0, only the last option '-pix_fmt yuv420p' will be used.
Multiple -pix_fmt options specified for stream 0, only the last option '-pix_fmt yuv420p' will be used.
Multiple -pix_fmt options specified for stream 0, only the last option '-pix_fmt yuv420p' will be used.
Multiple -pix_fmt options specified for stream 0, only the last option '-pix_fmt yuv420p' will be used.
[info] using task orders [0, 1, 2, 3, 4, 5, 6, 7, 8, 9]
[Warning]: datasets path /home/user/Desktop/Ayush PH test/data/libero_datasets does not exist!
[Warning]: datasets path /home/user/Desktop/Ayush PH test/data/libero_datasets does not exist!
[LIBERO-SPATIAL] m4 task4: 90.0%  (18/20 PASS, videos -> episode_videos/m4/)
Multiple -pix_fmt options specified for stream 0, only the last option '-pix_fmt yuv420p' will be used.
Multiple -pix_fmt options specified for stream 0, only the last option '-pix_fmt yuv420p' will be used.
Multiple -pix_fmt options specified for stream 0, only the last option '-pix_fmt yuv420p' will be used.
Multiple -pix_fmt options specified for stream 0, only the last option '-pix_fmt yuv420p' will be used.
Multiple -pix_fmt options specified for stream 0, only the last option '-pix_fmt yuv420p' will be used.
Multiple -pix_fmt options specified for stream 0, only the last option '-pix_fmt yuv420p' will be used.
Multiple -pix_fmt options specified for stream 0, only the last option '-pix_fmt yuv420p' will be used.
Multiple -pix_fmt options specified for stream 0, only the last option '-pix_fmt yuv420p' will be used.
Multiple -pix_fmt options specified for stream 0, only the last option '-pix_fmt yuv420p' will be used.
Multiple -pix_fmt options specified for stream 0, only the last option '-pix_fmt yuv420p' will be used.
Multiple -pix_fmt options specified for stream 0, only the last option '-pix_fmt yuv420p' will be used.
Multiple -pix_fmt options specified for stream 0, only the last option '-pix_fmt yuv420p' will be used.
Multiple -pix_fmt options specified for stream 0, only the last option '-pix_fmt yuv420p' will be used.
Multiple -pix_fmt options specified for stream 0, only the last option '-pix_fmt yuv420p' will be used.
Multiple -pix_fmt options specified for stream 0, only the last option '-pix_fmt yuv420p' will be used.
Multiple -pix_fmt options specified for stream 0, only the last option '-pix_fmt yuv420p' will be used.
Multiple -pix_fmt options specified for stream 0, only the last option '-pix_fmt yuv420p' will be used.
Multiple -pix_fmt options specified for stream 0, only the last option '-pix_fmt yuv420p' will be used.
Multiple -pix_fmt options specified for stream 0, only the last option '-pix_fmt yuv420p' will be used.
Multiple -pix_fmt options specified for stream 0, only the last option '-pix_fmt yuv420p' will be used.
[info] using task orders [0, 1, 2, 3, 4, 5, 6, 7, 8, 9]
[Warning]: datasets path /home/user/Desktop/Ayush PH test/data/libero_datasets does not exist!
[Warning]: datasets path /home/user/Desktop/Ayush PH test/data/libero_datasets does not exist!
[LIBERO-SPATIAL] m4 task5: 10.0%  (2/20 PASS, videos -> episode_videos/m4/)
Multiple -pix_fmt options specified for stream 0, only the last option '-pix_fmt yuv420p' will be used.
Multiple -pix_fmt options specified for stream 0, only the last option '-pix_fmt yuv420p' will be used.
Multiple -pix_fmt options specified for stream 0, only the last option '-pix_fmt yuv420p' will be used.
Multiple -pix_fmt options specified for stream 0, only the last option '-pix_fmt yuv420p' will be used.
Multiple -pix_fmt options specified for stream 0, only the last option '-pix_fmt yuv420p' will be used.
Multiple -pix_fmt options specified for stream 0, only the last option '-pix_fmt yuv420p' will be used.
Multiple -pix_fmt options specified for stream 0, only the last option '-pix_fmt yuv420p' will be used.
Multiple -pix_fmt options specified for stream 0, only the last option '-pix_fmt yuv420p' will be used.
Multiple -pix_fmt options specified for stream 0, only the last option '-pix_fmt yuv420p' will be used.
Multiple -pix_fmt options specified for stream 0, only the last option '-pix_fmt yuv420p' will be used.
Multiple -pix_fmt options specified for stream 0, only the last option '-pix_fmt yuv420p' will be used.
Multiple -pix_fmt options specified for stream 0, only the last option '-pix_fmt yuv420p' will be used.
Multiple -pix_fmt options specified for stream 0, only the last option '-pix_fmt yuv420p' will be used.
Multiple -pix_fmt options specified for stream 0, only the last option '-pix_fmt yuv420p' will be used.
Multiple -pix_fmt options specified for stream 0, only the last option '-pix_fmt yuv420p' will be used.
Multiple -pix_fmt options specified for stream 0, only the last option '-pix_fmt yuv420p' will be used.
Multiple -pix_fmt options specified for stream 0, only the last option '-pix_fmt yuv420p' will be used.
Multiple -pix_fmt options specified for stream 0, only the last option '-pix_fmt yuv420p' will be used.
Multiple -pix_fmt options specified for stream 0, only the last option '-pix_fmt yuv420p' will be used.
Multiple -pix_fmt options specified for stream 0, only the last option '-pix_fmt yuv420p' will be used.
[info] using task orders [0, 1, 2, 3, 4, 5, 6, 7, 8, 9]
[Warning]: datasets path /home/user/Desktop/Ayush PH test/data/libero_datasets does not exist!
[Warning]: datasets path /home/user/Desktop/Ayush PH test/data/libero_datasets does not exist!
[LIBERO-SPATIAL] m4 task6: 100.0%  (20/20 PASS, videos -> episode_videos/m4/)
Multiple -pix_fmt options specified for stream 0, only the last option '-pix_fmt yuv420p' will be used.
Multiple -pix_fmt options specified for stream 0, only the last option '-pix_fmt yuv420p' will be used.
Multiple -pix_fmt options specified for stream 0, only the last option '-pix_fmt yuv420p' will be used.
Multiple -pix_fmt options specified for stream 0, only the last option '-pix_fmt yuv420p' will be used.
Multiple -pix_fmt options specified for stream 0, only the last option '-pix_fmt yuv420p' will be used.
Multiple -pix_fmt options specified for stream 0, only the last option '-pix_fmt yuv420p' will be used.
Multiple -pix_fmt options specified for stream 0, only the last option '-pix_fmt yuv420p' will be used.
Multiple -pix_fmt options specified for stream 0, only the last option '-pix_fmt yuv420p' will be used.
Multiple -pix_fmt options specified for stream 0, only the last option '-pix_fmt yuv420p' will be used.
Multiple -pix_fmt options specified for stream 0, only the last option '-pix_fmt yuv420p' will be used.
Multiple -pix_fmt options specified for stream 0, only the last option '-pix_fmt yuv420p' will be used.
Multiple -pix_fmt options specified for stream 0, only the last option '-pix_fmt yuv420p' will be used.
Multiple -pix_fmt options specified for stream 0, only the last option '-pix_fmt yuv420p' will be used.
Multiple -pix_fmt options specified for stream 0, only the last option '-pix_fmt yuv420p' will be used.
Multiple -pix_fmt options specified for stream 0, only the last option '-pix_fmt yuv420p' will be used.
Multiple -pix_fmt options specified for stream 0, only the last option '-pix_fmt yuv420p' will be used.
Multiple -pix_fmt options specified for stream 0, only the last option '-pix_fmt yuv420p' will be used.
Multiple -pix_fmt options specified for stream 0, only the last option '-pix_fmt yuv420p' will be used.
Multiple -pix_fmt options specified for stream 0, only the last option '-pix_fmt yuv420p' will be used.
Multiple -pix_fmt options specified for stream 0, only the last option '-pix_fmt yuv420p' will be used.
[info] using task orders [0, 1, 2, 3, 4, 5, 6, 7, 8, 9]
[Warning]: datasets path /home/user/Desktop/Ayush PH test/data/libero_datasets does not exist!
[Warning]: datasets path /home/user/Desktop/Ayush PH test/data/libero_datasets does not exist!
[LIBERO-SPATIAL] m4 task7: 95.0%  (19/20 PASS, videos -> episode_videos/m4/)
Multiple -pix_fmt options specified for stream 0, only the last option '-pix_fmt yuv420p' will be used.
Multiple -pix_fmt options specified for stream 0, only the last option '-pix_fmt yuv420p' will be used.
Multiple -pix_fmt options specified for stream 0, only the last option '-pix_fmt yuv420p' will be used.
Multiple -pix_fmt options specified for stream 0, only the last option '-pix_fmt yuv420p' will be used.
Multiple -pix_fmt options specified for stream 0, only the last option '-pix_fmt yuv420p' will be used.
Multiple -pix_fmt options specified for stream 0, only the last option '-pix_fmt yuv420p' will be used.
Multiple -pix_fmt options specified for stream 0, only the last option '-pix_fmt yuv420p' will be used.
Multiple -pix_fmt options specified for stream 0, only the last option '-pix_fmt yuv420p' will be used.
Multiple -pix_fmt options specified for stream 0, only the last option '-pix_fmt yuv420p' will be used.
Multiple -pix_fmt options specified for stream 0, only the last option '-pix_fmt yuv420p' will be used.
Multiple -pix_fmt options specified for stream 0, only the last option '-pix_fmt yuv420p' will be used.
Multiple -pix_fmt options specified for stream 0, only the last option '-pix_fmt yuv420p' will be used.
Multiple -pix_fmt options specified for stream 0, only the last option '-pix_fmt yuv420p' will be used.
Multiple -pix_fmt options specified for stream 0, only the last option '-pix_fmt yuv420p' will be used.
Multiple -pix_fmt options specified for stream 0, only the last option '-pix_fmt yuv420p' will be used.
Multiple -pix_fmt options specified for stream 0, only the last option '-pix_fmt yuv420p' will be used.
Multiple -pix_fmt options specified for stream 0, only the last option '-pix_fmt yuv420p' will be used.
Multiple -pix_fmt options specified for stream 0, only the last option '-pix_fmt yuv420p' will be used.
Multiple -pix_fmt options specified for stream 0, only the last option '-pix_fmt yuv420p' will be used.
Multiple -pix_fmt options specified for stream 0, only the last option '-pix_fmt yuv420p' will be used.
[info] using task orders [0, 1, 2, 3, 4, 5, 6, 7, 8, 9]
[Warning]: datasets path /home/user/Desktop/Ayush PH test/data/libero_datasets does not exist!
[Warning]: datasets path /home/user/Desktop/Ayush PH test/data/libero_datasets does not exist!
[LIBERO-SPATIAL] m4 task8: 90.0%  (18/20 PASS, videos -> episode_videos/m4/)
Multiple -pix_fmt options specified for stream 0, only the last option '-pix_fmt yuv420p' will be used.
Multiple -pix_fmt options specified for stream 0, only the last option '-pix_fmt yuv420p' will be used.
Multiple -pix_fmt options specified for stream 0, only the last option '-pix_fmt yuv420p' will be used.
Multiple -pix_fmt options specified for stream 0, only the last option '-pix_fmt yuv420p' will be used.
Multiple -pix_fmt options specified for stream 0, only the last option '-pix_fmt yuv420p' will be used.
Multiple -pix_fmt options specified for stream 0, only the last option '-pix_fmt yuv420p' will be used.
Multiple -pix_fmt options specified for stream 0, only the last option '-pix_fmt yuv420p' will be used.
Multiple -pix_fmt options specified for stream 0, only the last option '-pix_fmt yuv420p' will be used.
Multiple -pix_fmt options specified for stream 0, only the last option '-pix_fmt yuv420p' will be used.
Multiple -pix_fmt options specified for stream 0, only the last option '-pix_fmt yuv420p' will be used.
Multiple -pix_fmt options specified for stream 0, only the last option '-pix_fmt yuv420p' will be used.
Multiple -pix_fmt options specified for stream 0, only the last option '-pix_fmt yuv420p' will be used.
Multiple -pix_fmt options specified for stream 0, only the last option '-pix_fmt yuv420p' will be used.
Multiple -pix_fmt options specified for stream 0, only the last option '-pix_fmt yuv420p' will be used.
Multiple -pix_fmt options specified for stream 0, only the last option '-pix_fmt yuv420p' will be used.
Multiple -pix_fmt options specified for stream 0, only the last option '-pix_fmt yuv420p' will be used.
Multiple -pix_fmt options specified for stream 0, only the last option '-pix_fmt yuv420p' will be used.
Multiple -pix_fmt options specified for stream 0, only the last option '-pix_fmt yuv420p' will be used.
Multiple -pix_fmt options specified for stream 0, only the last option '-pix_fmt yuv420p' will be used.
Multiple -pix_fmt options specified for stream 0, only the last option '-pix_fmt yuv420p' will be used.
[info] using task orders [0, 1, 2, 3, 4, 5, 6, 7, 8, 9]
[Warning]: datasets path /home/user/Desktop/Ayush PH test/data/libero_datasets does not exist!
[Warning]: datasets path /home/user/Desktop/Ayush PH test/data/libero_datasets does not exist!
[LIBERO-SPATIAL] m4 task9: 85.0%  (17/20 PASS, videos -> episode_videos/m4/)
[eval] DONE. summary: {
  "m4": {
    "LIBERO-SPATIAL_avg": 0.825,
    "LIBERO-SPATIAL-V_avg": null
  }
}
[06-20 06:05:12] EVAL done    Spatial/m4
[LIBERO-SPATIAL] FULL 10-task average = 82.5%
[LIBERO-SPATIAL] EXCL task5 (10%) -> 9-task average = 90.6%
[LIBERO-SPATIAL] wrote summary_full.json + summary_excl_task5.json + summary_both.csv -> deeponet_results/Spatial/runs/eval_m4
  saved libero_spatial_all10tasks.png
  saved libero_spatial_excl_task5_9tasks.png
[Spatial m4 30K] FULL 10-task avg = 82.5%
[Spatial m4 30K] EXCL task5 -> 9-task avg = 90.6%
[Spatial m4 30K] plots -> deeponet_results/Spatial/plots | summaries -> deeponet_results/Spatial/runs/eval_m4
[06-20 06:05:12] ######## RESULT READY: Spatial/m4 -> ./deeponet_results/Spatial/runs/eval_m4 (10-task + 9-task plots & summaries) ########
[06-20 06:05:12] TRAIN start  Object/m3  (deeponet/baseline) 30K
[train] head=deeponet variant=baseline seed=0 out=deeponet_results/Object/runs/m3_s0
Warning: You are sending unauthenticated requests to the HF Hub. Please set a HF_TOKEN to enable higher rate limits and faster downloads.
WARNING:huggingface_hub.utils._http:Warning: You are sending unauthenticated requests to the HF Hub. Please set a HF_TOKEN to enable higher rate limits and faster downloads.
`torch_dtype` is deprecated! Use `dtype` instead!
WARNING:root:Missing key(s) when loading model: {'model.deeponet.pool.blocks.0.ln2.weight', 'model.deeponet.pool.blocks.0.ln_kv.weight', 'model.deeponet.pool.blocks.1.ff.0.weight', 'model.deeponet.pool.blocks.0.attn.out_proj.weight', 'model.deeponet.pool.blocks.1.ln_kv.weight', 'model.deeponet.pool.blocks.1.ln2.bias', 'model.deeponet.pool.blocks.1.ff.2.weight', 'model.deeponet.pool.blocks.0.attn.in_proj_weight', 'model.deeponet.pool.blocks.2.ln_q.bias', 'model.deeponet.pool.blocks.0.ln_kv.bias', 'model.deeponet.pool.blocks.2.ff.0.bias', 'model.deeponet.out_mlp.2.bias', 'model.deeponet.pool.blocks.2.attn.in_proj_bias', 'model.deeponet.pool.blocks.2.attn.in_proj_weight', 'model.deeponet.pool.blocks.2.ln2.weight', 'model.deeponet.pool.blocks.2.ln_kv.weight', 'model.deeponet.branch.3.weight', 'model.deeponet.trunk.2.weight', 'model.deeponet.pool.blocks.2.ln2.bias', 'model.deeponet.pool.in_proj.weight', 'model.deeponet.pool.blocks.0.ff.2.bias', 'model.deeponet.pool.blocks.1.attn.in_proj_weight', 'model.deeponet.pool.blocks.2.attn.out_proj.bias', 'model.deeponet.branch.0.weight', 'model.deeponet.branch.1.weight', 'model.deeponet.branch.1.bias', 'model.deeponet.pool.blocks.0.ff.0.weight', 'model.deeponet.pool.blocks.0.ln_q.weight', 'model.deeponet.pool.blocks.1.attn.out_proj.bias', 'model.deeponet.pool.blocks.2.ff.2.bias', 'model.deeponet.out_mlp.2.weight', 'model.deeponet.out_mlp.0.bias', 'model.deeponet.pool.blocks.1.ln_kv.bias', 'model.deeponet.pool.blocks.0.attn.out_proj.bias', 'model.deeponet.pool.blocks.2.ff.0.weight', 'model.deeponet.trunk.0.bias', 'model.deeponet.pool.blocks.1.ln2.weight', 'model.deeponet.pool.blocks.2.ln_q.weight', 'model.deeponet.pool.blocks.0.attn.in_proj_bias', 'model.deeponet.pool.queries', 'model.deeponet.trunk.2.bias', 'model.deeponet.out_mlp.0.weight', 'model.deeponet.trunk.0.weight', 'model.deeponet.pool.blocks.0.ff.2.weight', 'model.deeponet.pool.in_proj.bias', 'model.deeponet.pool.blocks.0.ff.0.bias', 'model.deeponet.pool.blocks.1.attn.in_proj_bias', 'model.deeponet.pool.blocks.1.attn.out_proj.weight', 'model.deeponet.pool.blocks.1.ff.2.bias', 'model.deeponet.pool.blocks.2.ln_kv.bias', 'model.deeponet.pool.blocks.1.ln_q.bias', 'model.deeponet.branch.3.bias', 'model.deeponet.pool.blocks.1.ff.0.bias', 'model.deeponet.branch.0.bias', 'model.deeponet.pool.blocks.2.attn.out_proj.weight', 'model.deeponet.pool.blocks.2.ff.2.weight', 'model.deeponet.trunk.4.bias', 'model.deeponet.trunk.4.weight', 'model.deeponet.out_bias', 'model.deeponet.pool.blocks.1.ln_q.weight', 'model.deeponet.pool.blocks.0.ln2.bias', 'model.deeponet.pool.blocks.0.ln_q.bias'}
Loading  HuggingFaceTB/SmolVLM2-500M-Video-Instruct weights ...
Reducing the number of VLM layers to 16 ...
Loading  HuggingFaceTB/SmolVLM2-500M-Video-Instruct weights ...
Reducing the number of VLM layers to 16 ...
[train] dataset frames=66984 episodes=454 -> 1 epoch = 1396 steps @ batch 48
[train] planned frames seen = 1440000 = 21.50 epochs

=== stage1 | steps=1650 batch=48 trainable: head=10.40M backbone=0.0M ===
[stage1] step    199 | mse=0.6982 L1=0.6381 PH=0.0000 total=0.6982 | VRAM=9.5GB | 0.278s/it
[stage1] step    399 | mse=0.4790 L1=0.5019 PH=0.0000 total=0.4790 | VRAM=9.5GB | 0.277s/it
[stage1] step    599 | mse=0.4184 L1=0.4634 PH=0.0000 total=0.4184 | VRAM=9.5GB | 0.278s/it
[stage1] step    799 | mse=0.3838 L1=0.4478 PH=0.0000 total=0.3838 | VRAM=9.5GB | 0.278s/it
[stage1] step    999 | mse=0.3661 L1=0.4401 PH=0.0000 total=0.3661 | VRAM=9.5GB | 0.278s/it
[stage1] step   1199 | mse=0.3462 L1=0.4312 PH=0.0000 total=0.3462 | VRAM=9.5GB | 0.277s/it
[stage1] step   1399 | mse=0.3307 L1=0.4230 PH=0.0000 total=0.3307 | VRAM=9.5GB | 0.277s/it
[stage1] step   1599 | mse=0.3150 L1=0.4180 PH=0.0000 total=0.3150 | VRAM=9.5GB | 1.481s/it
[ckpt] saved -> deeponet_results/Object/runs/m3_s0/checkpoints/1650  (EMA weights)

=== stage2 | steps=28350 batch=48 trainable: head=10.40M backbone=350.2M ===
[stage2] step   1849 | mse=0.2978 L1=0.4057 PH=0.0000 total=0.2978 | VRAM=50.3GB | 0.635s/it
[stage2] step   2049 | mse=0.2932 L1=0.4049 PH=0.0000 total=0.2932 | VRAM=50.3GB | 0.635s/it
[stage2] step   2249 | mse=0.2812 L1=0.3984 PH=0.0000 total=0.2812 | VRAM=50.3GB | 0.634s/it
[stage2] step   2449 | mse=0.2694 L1=0.3931 PH=0.0000 total=0.2694 | VRAM=50.3GB | 0.635s/it
[stage2] step   2649 | mse=0.2590 L1=0.3843 PH=0.0000 total=0.2590 | VRAM=50.3GB | 0.632s/it
[stage2] step   2849 | mse=0.2467 L1=0.3761 PH=0.0000 total=0.2467 | VRAM=50.3GB | 0.634s/it
[stage2] step   3049 | mse=0.2385 L1=0.3710 PH=0.0000 total=0.2385 | VRAM=50.3GB | 0.631s/it
[stage2] step   3249 | mse=0.2190 L1=0.3607 PH=0.0000 total=0.2190 | VRAM=50.3GB | 0.634s/it
[stage2] step   3449 | mse=0.2166 L1=0.3605 PH=0.0000 total=0.2166 | VRAM=50.3GB | 0.635s/it
[stage2] step   3649 | mse=0.2068 L1=0.3538 PH=0.0000 total=0.2068 | VRAM=50.3GB | 0.634s/it
[stage2] step   3849 | mse=0.1981 L1=0.3490 PH=0.0000 total=0.1981 | VRAM=50.3GB | 0.633s/it
[stage2] step   4049 | mse=0.1892 L1=0.3421 PH=0.0000 total=0.1892 | VRAM=50.3GB | 0.634s/it
[stage2] step   4249 | mse=0.1840 L1=0.3402 PH=0.0000 total=0.1840 | VRAM=50.3GB | 0.634s/it
[stage2] step   4449 | mse=0.1756 L1=0.3321 PH=0.0000 total=0.1756 | VRAM=50.3GB | 0.631s/it
[stage2] step   4649 | mse=0.1594 L1=0.3215 PH=0.0000 total=0.1594 | VRAM=50.3GB | 0.633s/it
[stage2] step   4849 | mse=0.1562 L1=0.3178 PH=0.0000 total=0.1562 | VRAM=50.3GB | 0.632s/it
[stage2] step   5049 | mse=0.1515 L1=0.3141 PH=0.0000 total=0.1515 | VRAM=50.3GB | 0.634s/it
[stage2] step   5249 | mse=0.1441 L1=0.3088 PH=0.0000 total=0.1441 | VRAM=50.3GB | 0.633s/it
[stage2] step   5449 | mse=0.1408 L1=0.3075 PH=0.0000 total=0.1408 | VRAM=50.3GB | 0.633s/it
[stage2] step   5649 | mse=0.1349 L1=0.3007 PH=0.0000 total=0.1349 | VRAM=50.3GB | 0.633s/it
[stage2] step   5849 | mse=0.1293 L1=0.2974 PH=0.0000 total=0.1293 | VRAM=50.3GB | 0.631s/it
[stage2] step   6049 | mse=0.1183 L1=0.2874 PH=0.0000 total=0.1183 | VRAM=50.3GB | 0.633s/it
[stage2] step   6249 | mse=0.1150 L1=0.2844 PH=0.0000 total=0.1150 | VRAM=50.3GB | 0.633s/it
[stage2] step   6449 | mse=0.1114 L1=0.2817 PH=0.0000 total=0.1114 | VRAM=50.3GB | 0.633s/it
[stage2] step   6649 | mse=0.1087 L1=0.2795 PH=0.0000 total=0.1087 | VRAM=50.3GB | 0.633s/it
[stage2] step   6849 | mse=0.1060 L1=0.2732 PH=0.0000 total=0.1060 | VRAM=50.3GB | 0.632s/it
[stage2] step   7049 | mse=0.1018 L1=0.2714 PH=0.0000 total=0.1018 | VRAM=50.3GB | 0.634s/it
[stage2] step   7249 | mse=0.0999 L1=0.2683 PH=0.0000 total=0.0999 | VRAM=50.3GB | 0.631s/it
[stage2] step   7449 | mse=0.0920 L1=0.2623 PH=0.0000 total=0.0920 | VRAM=50.3GB | 0.634s/it
[stage2] step   7649 | mse=0.0909 L1=0.2589 PH=0.0000 total=0.0909 | VRAM=50.3GB | 0.631s/it
[stage2] step   7849 | mse=0.0883 L1=0.2579 PH=0.0000 total=0.0883 | VRAM=50.3GB | 0.631s/it
[stage2] step   8049 | mse=0.0871 L1=0.2558 PH=0.0000 total=0.0871 | VRAM=50.3GB | 0.632s/it
[stage2] step   8249 | mse=0.0849 L1=0.2548 PH=0.0000 total=0.0849 | VRAM=50.3GB | 0.632s/it
[stage2] step   8449 | mse=0.0829 L1=0.2532 PH=0.0000 total=0.0829 | VRAM=50.3GB | 0.633s/it
[stage2] step   8649 | mse=0.0814 L1=0.2487 PH=0.0000 total=0.0814 | VRAM=50.3GB | 4.977s/it
[stage2] step   8849 | mse=0.0777 L1=0.2456 PH=0.0000 total=0.0777 | VRAM=50.3GB | 3.935s/it
[stage2] step   9049 | mse=0.0760 L1=0.2445 PH=0.0000 total=0.0760 | VRAM=50.3GB | 2.451s/it
[stage2] step   9249 | mse=0.0742 L1=0.2400 PH=0.0000 total=0.0742 | VRAM=50.3GB | 0.631s/it
[stage2] step   9449 | mse=0.0722 L1=0.2390 PH=0.0000 total=0.0722 | VRAM=50.3GB | 0.631s/it
[stage2] step   9649 | mse=0.0728 L1=0.2388 PH=0.0000 total=0.0728 | VRAM=50.3GB | 0.633s/it
[stage2] step   9849 | mse=0.0710 L1=0.2406 PH=0.0000 total=0.0710 | VRAM=50.3GB | 0.638s/it
[stage2] step  10049 | mse=0.0701 L1=0.2366 PH=0.0000 total=0.0701 | VRAM=50.3GB | 0.632s/it
[stage2] step  10249 | mse=0.0661 L1=0.2342 PH=0.0000 total=0.0661 | VRAM=50.3GB | 0.634s/it
[stage2] step  10449 | mse=0.0665 L1=0.2325 PH=0.0000 total=0.0665 | VRAM=50.3GB | 0.632s/it
[stage2] step  10649 | mse=0.0647 L1=0.2310 PH=0.0000 total=0.0647 | VRAM=50.3GB | 0.633s/it
[stage2] step  10849 | mse=0.0641 L1=0.2291 PH=0.0000 total=0.0641 | VRAM=50.3GB | 0.634s/it
[stage2] step  11049 | mse=0.0634 L1=0.2287 PH=0.0000 total=0.0634 | VRAM=50.3GB | 0.634s/it
[stage2] step  11249 | mse=0.0631 L1=0.2299 PH=0.0000 total=0.0631 | VRAM=50.3GB | 0.655s/it
[stage2] step  11449 | mse=0.0614 L1=0.2265 PH=0.0000 total=0.0614 | VRAM=50.3GB | 0.636s/it
[stage2] step  11649 | mse=0.0591 L1=0.2234 PH=0.0000 total=0.0591 | VRAM=50.3GB | 0.630s/it
[ckpt] saved -> deeponet_results/Object/runs/m3_s0/checkpoints/11650  (EMA weights)
[stage2] step  11849 | mse=0.0584 L1=0.2219 PH=0.0000 total=0.0584 | VRAM=50.3GB | 0.632s/it
[stage2] step  12049 | mse=0.0586 L1=0.2230 PH=0.0000 total=0.0586 | VRAM=50.3GB | 0.631s/it
[stage2] step  12249 | mse=0.0574 L1=0.2227 PH=0.0000 total=0.0574 | VRAM=50.3GB | 0.631s/it
[stage2] step  12449 | mse=0.0570 L1=0.2229 PH=0.0000 total=0.0570 | VRAM=50.3GB | 0.631s/it
[stage2] step  12649 | mse=0.0557 L1=0.2189 PH=0.0000 total=0.0557 | VRAM=50.3GB | 0.632s/it
[stage2] step  12849 | mse=0.0552 L1=0.2199 PH=0.0000 total=0.0552 | VRAM=50.3GB | 0.632s/it
[stage2] step  13049 | mse=0.0534 L1=0.2179 PH=0.0000 total=0.0534 | VRAM=50.3GB | 0.633s/it
[stage2] step  13249 | mse=0.0529 L1=0.2166 PH=0.0000 total=0.0529 | VRAM=50.3GB | 0.636s/it
[stage2] step  13449 | mse=0.0525 L1=0.2176 PH=0.0000 total=0.0525 | VRAM=50.3GB | 0.632s/it
[stage2] step  13649 | mse=0.0527 L1=0.2160 PH=0.0000 total=0.0527 | VRAM=50.3GB | 0.634s/it
[stage2] step  13849 | mse=0.0513 L1=0.2118 PH=0.0000 total=0.0513 | VRAM=50.3GB | 0.646s/it
[stage2] step  14049 | mse=0.0511 L1=0.2119 PH=0.0000 total=0.0511 | VRAM=50.3GB | 0.632s/it
[stage2] step  14249 | mse=0.0503 L1=0.2139 PH=0.0000 total=0.0503 | VRAM=50.3GB | 0.633s/it
[stage2] step  14449 | mse=0.0491 L1=0.2117 PH=0.0000 total=0.0491 | VRAM=50.3GB | 0.634s/it
[stage2] step  14649 | mse=0.0487 L1=0.2106 PH=0.0000 total=0.0487 | VRAM=50.3GB | 0.634s/it
[stage2] step  14849 | mse=0.0484 L1=0.2084 PH=0.0000 total=0.0484 | VRAM=50.3GB | 0.634s/it
[stage2] step  15049 | mse=0.0474 L1=0.2087 PH=0.0000 total=0.0474 | VRAM=50.3GB | 0.629s/it
[stage2] step  15249 | mse=0.0475 L1=0.2062 PH=0.0000 total=0.0475 | VRAM=50.3GB | 0.635s/it
[stage2] step  15449 | mse=0.0469 L1=0.2087 PH=0.0000 total=0.0469 | VRAM=50.3GB | 0.634s/it
[stage2] step  15649 | mse=0.0463 L1=0.2059 PH=0.0000 total=0.0463 | VRAM=50.3GB | 4.217s/it
[stage2] step  15849 | mse=0.0452 L1=0.2089 PH=0.0000 total=0.0452 | VRAM=50.3GB | 4.622s/it
[stage2] step  16049 | mse=0.0450 L1=0.2043 PH=0.0000 total=0.0450 | VRAM=50.3GB | 4.863s/it
[stage2] step  16249 | mse=0.0444 L1=0.2038 PH=0.0000 total=0.0444 | VRAM=50.3GB | 5.145s/it
[stage2] step  16449 | mse=0.0443 L1=0.2048 PH=0.0000 total=0.0443 | VRAM=50.3GB | 2.370s/it
[stage2] step  16649 | mse=0.0438 L1=0.2036 PH=0.0000 total=0.0438 | VRAM=50.3GB | 0.634s/it
[stage2] step  16849 | mse=0.0428 L1=0.2024 PH=0.0000 total=0.0428 | VRAM=50.3GB | 0.635s/it
[stage2] step  17049 | mse=0.0422 L1=0.2016 PH=0.0000 total=0.0422 | VRAM=50.3GB | 0.632s/it
[stage2] step  17249 | mse=0.0422 L1=0.2018 PH=0.0000 total=0.0422 | VRAM=50.3GB | 0.634s/it
[stage2] step  17449 | mse=0.0415 L1=0.1963 PH=0.0000 total=0.0415 | VRAM=50.3GB | 0.634s/it
[stage2] step  17649 | mse=0.0418 L1=0.2010 PH=0.0000 total=0.0418 | VRAM=50.3GB | 0.632s/it
[stage2] step  17849 | mse=0.0410 L1=0.1985 PH=0.0000 total=0.0410 | VRAM=50.3GB | 0.633s/it
[stage2] step  18049 | mse=0.0406 L1=0.1990 PH=0.0000 total=0.0406 | VRAM=50.3GB | 0.633s/it
[stage2] step  18249 | mse=0.0404 L1=0.1981 PH=0.0000 total=0.0404 | VRAM=50.3GB | 0.633s/it
[stage2] step  18449 | mse=0.0401 L1=0.1968 PH=0.0000 total=0.0401 | VRAM=50.3GB | 0.633s/it
[stage2] step  18649 | mse=0.0392 L1=0.1955 PH=0.0000 total=0.0392 | VRAM=50.3GB | 5.244s/it
[stage2] step  18849 | mse=0.0391 L1=0.1986 PH=0.0000 total=0.0391 | VRAM=50.3GB | 3.705s/it
[stage2] step  19049 | mse=0.0389 L1=0.1972 PH=0.0000 total=0.0389 | VRAM=50.3GB | 0.764s/it
[stage2] step  19249 | mse=0.0380 L1=0.1946 PH=0.0000 total=0.0380 | VRAM=50.3GB | 5.074s/it
[stage2] step  19449 | mse=0.0382 L1=0.1956 PH=0.0000 total=0.0382 | VRAM=50.3GB | 5.233s/it
[stage2] step  19649 | mse=0.0378 L1=0.1923 PH=0.0000 total=0.0378 | VRAM=50.3GB | 5.433s/it
[stage2] step  19849 | mse=0.0377 L1=0.1950 PH=0.0000 total=0.0377 | VRAM=50.3GB | 4.683s/it
[stage2] step  20049 | mse=0.0363 L1=0.1905 PH=0.0000 total=0.0363 | VRAM=50.3GB | 0.636s/it
[stage2] step  20249 | mse=0.0366 L1=0.1919 PH=0.0000 total=0.0366 | VRAM=50.3GB | 0.634s/it
[stage2] step  20449 | mse=0.0366 L1=0.1916 PH=0.0000 total=0.0366 | VRAM=50.3GB | 0.633s/it
[stage2] step  20649 | mse=0.0363 L1=0.1926 PH=0.0000 total=0.0363 | VRAM=50.3GB | 0.636s/it
[stage2] step  20849 | mse=0.0361 L1=0.1933 PH=0.0000 total=0.0361 | VRAM=50.3GB | 0.634s/it
[stage2] step  21049 | mse=0.0362 L1=0.1911 PH=0.0000 total=0.0362 | VRAM=50.3GB | 0.633s/it
[stage2] step  21249 | mse=0.0347 L1=0.1900 PH=0.0000 total=0.0347 | VRAM=50.3GB | 0.634s/it
[stage2] step  21449 | mse=0.0345 L1=0.1889 PH=0.0000 total=0.0345 | VRAM=50.3GB | 0.634s/it
[stage2] step  21649 | mse=0.0346 L1=0.1887 PH=0.0000 total=0.0346 | VRAM=50.3GB | 0.634s/it
[ckpt] saved -> deeponet_results/Object/runs/m3_s0/checkpoints/21650  (EMA weights)
[stage2] step  21849 | mse=0.0349 L1=0.1910 PH=0.0000 total=0.0349 | VRAM=50.3GB | 0.633s/it
[stage2] step  22049 | mse=0.0342 L1=0.1880 PH=0.0000 total=0.0342 | VRAM=50.3GB | 0.633s/it
[stage2] step  22249 | mse=0.0339 L1=0.1885 PH=0.0000 total=0.0339 | VRAM=50.3GB | 0.637s/it
[stage2] step  22449 | mse=0.0346 L1=0.1870 PH=0.0000 total=0.0346 | VRAM=50.3GB | 0.633s/it
[stage2] step  22649 | mse=0.0332 L1=0.1870 PH=0.0000 total=0.0332 | VRAM=50.3GB | 1.297s/it
[stage2] step  22849 | mse=0.0329 L1=0.1852 PH=0.0000 total=0.0329 | VRAM=50.3GB | 0.633s/it
[stage2] step  23049 | mse=0.0331 L1=0.1855 PH=0.0000 total=0.0331 | VRAM=50.3GB | 0.634s/it
[stage2] step  23249 | mse=0.0332 L1=0.1869 PH=0.0000 total=0.0332 | VRAM=50.3GB | 0.634s/it
[stage2] step  23449 | mse=0.0330 L1=0.1867 PH=0.0000 total=0.0330 | VRAM=50.3GB | 0.633s/it
[stage2] step  23649 | mse=0.0323 L1=0.1848 PH=0.0000 total=0.0323 | VRAM=50.3GB | 0.634s/it
[stage2] step  23849 | mse=0.0325 L1=0.1861 PH=0.0000 total=0.0325 | VRAM=50.3GB | 0.633s/it
[stage2] step  24049 | mse=0.0320 L1=0.1853 PH=0.0000 total=0.0320 | VRAM=50.3GB | 0.633s/it
[stage2] step  24249 | mse=0.0318 L1=0.1843 PH=0.0000 total=0.0318 | VRAM=50.3GB | 0.634s/it
[stage2] step  24449 | mse=0.0313 L1=0.1824 PH=0.0000 total=0.0313 | VRAM=50.3GB | 0.635s/it
[stage2] step  24649 | mse=0.0312 L1=0.1834 PH=0.0000 total=0.0312 | VRAM=50.3GB | 0.635s/it
[stage2] step  24849 | mse=0.0310 L1=0.1828 PH=0.0000 total=0.0310 | VRAM=50.3GB | 0.634s/it
[stage2] step  25049 | mse=0.0312 L1=0.1853 PH=0.0000 total=0.0312 | VRAM=50.3GB | 0.633s/it
[stage2] step  25249 | mse=0.0310 L1=0.1843 PH=0.0000 total=0.0310 | VRAM=50.3GB | 0.634s/it
[stage2] step  25449 | mse=0.0308 L1=0.1810 PH=0.0000 total=0.0308 | VRAM=50.3GB | 0.635s/it
[stage2] step  25649 | mse=0.0295 L1=0.1820 PH=0.0000 total=0.0295 | VRAM=50.3GB | 0.635s/it
[stage2] step  25849 | mse=0.0300 L1=0.1808 PH=0.0000 total=0.0300 | VRAM=50.3GB | 5.151s/it
[stage2] step  26049 | mse=0.0299 L1=0.1819 PH=0.0000 total=0.0299 | VRAM=50.3GB | 4.634s/it
[stage2] step  26249 | mse=0.0297 L1=0.1803 PH=0.0000 total=0.0297 | VRAM=50.3GB | 3.454s/it
[stage2] step  26449 | mse=0.0300 L1=0.1806 PH=0.0000 total=0.0300 | VRAM=50.3GB | 3.669s/it
[stage2] step  26649 | mse=0.0294 L1=0.1817 PH=0.0000 total=0.0294 | VRAM=50.3GB | 0.635s/it
[stage2] step  26849 | mse=0.0291 L1=0.1776 PH=0.0000 total=0.0291 | VRAM=50.3GB | 1.180s/it
[stage2] step  27049 | mse=0.0284 L1=0.1776 PH=0.0000 total=0.0284 | VRAM=50.3GB | 5.013s/it
[stage2] step  27249 | mse=0.0289 L1=0.1790 PH=0.0000 total=0.0289 | VRAM=50.3GB | 5.190s/it
[stage2] step  27449 | mse=0.0287 L1=0.1785 PH=0.0000 total=0.0287 | VRAM=50.3GB | 5.134s/it
[stage2] step  27649 | mse=0.0286 L1=0.1787 PH=0.0000 total=0.0286 | VRAM=50.3GB | 5.024s/it
[stage2] step  27849 | mse=0.0288 L1=0.1822 PH=0.0000 total=0.0288 | VRAM=50.3GB | 4.384s/it
[stage2] step  28049 | mse=0.0279 L1=0.1792 PH=0.0000 total=0.0279 | VRAM=50.3GB | 2.557s/it
[stage2] step  28249 | mse=0.0278 L1=0.1780 PH=0.0000 total=0.0278 | VRAM=50.3GB | 0.634s/it
[stage2] step  28449 | mse=0.0272 L1=0.1765 PH=0.0000 total=0.0272 | VRAM=50.3GB | 0.635s/it
[stage2] step  28649 | mse=0.0277 L1=0.1786 PH=0.0000 total=0.0277 | VRAM=50.3GB | 0.634s/it
[stage2] step  28849 | mse=0.0274 L1=0.1767 PH=0.0000 total=0.0274 | VRAM=50.3GB | 0.633s/it
[stage2] step  29049 | mse=0.0274 L1=0.1761 PH=0.0000 total=0.0274 | VRAM=50.3GB | 0.634s/it
[stage2] step  29249 | mse=0.0273 L1=0.1753 PH=0.0000 total=0.0273 | VRAM=50.3GB | 0.633s/it
[stage2] step  29449 | mse=0.0272 L1=0.1769 PH=0.0000 total=0.0272 | VRAM=50.3GB | 0.634s/it
[stage2] step  29649 | mse=0.0266 L1=0.1756 PH=0.0000 total=0.0266 | VRAM=50.3GB | 1.305s/it
[stage2] step  29849 | mse=0.0269 L1=0.1736 PH=0.0000 total=0.0269 | VRAM=50.3GB | 4.810s/it
[ckpt] saved -> deeponet_results/Object/runs/m3_s0/checkpoints/30000  (EMA weights)

[train] DONE head=deeponet variant=baseline steps=30000 wall=594.8 min -> deeponet_results/Object/runs/m3_s0
[06-20 16:00:36] TRAIN done   Object/m3
[06-20 16:00:36] TRAIN start  Object/m4  (deeponet/ph) 30K
[train] head=deeponet variant=ph seed=0 out=deeponet_results/Object/runs/m4_s0
Warning: You are sending unauthenticated requests to the HF Hub. Please set a HF_TOKEN to enable higher rate limits and faster downloads.
WARNING:huggingface_hub.utils._http:Warning: You are sending unauthenticated requests to the HF Hub. Please set a HF_TOKEN to enable higher rate limits and faster downloads.
`torch_dtype` is deprecated! Use `dtype` instead!
WARNING:root:Missing key(s) when loading model: {'model.deeponet.trunk.4.weight', 'model.deeponet.pool.blocks.0.attn.in_proj_bias', 'model.deeponet.trunk.0.weight', 'model.deeponet.pool.blocks.0.ln_q.bias', 'model.deeponet.pool.blocks.1.ln_kv.bias', 'model.deeponet.pool.blocks.2.ff.2.bias', 'model.deeponet.pool.blocks.0.attn.out_proj.weight', 'model.deeponet.pool.blocks.1.attn.out_proj.weight', 'model.deeponet.pool.blocks.1.ln2.weight', 'model.deeponet.trunk.2.bias', 'model.deeponet.pool.blocks.2.ff.2.weight', 'model.deeponet.pool.blocks.2.ln_q.weight', 'model.deeponet.branch.3.bias', 'model.deeponet.pool.in_proj.bias', 'model.deeponet.pool.blocks.0.ln_q.weight', 'model.deeponet.branch.1.bias', 'model.deeponet.trunk.2.weight', 'model.deeponet.out_bias', 'model.deeponet.pool.blocks.0.ln2.weight', 'model.deeponet.out_mlp.2.bias', 'model.deeponet.pool.blocks.0.ff.0.weight', 'model.deeponet.pool.blocks.0.ff.2.weight', 'model.deeponet.pool.blocks.2.ln_kv.bias', 'model.deeponet.pool.blocks.2.ln2.bias', 'model.deeponet.branch.1.weight', 'model.deeponet.branch.3.weight', 'model.deeponet.pool.blocks.0.ln_kv.weight', 'model.deeponet.pool.blocks.1.ln2.bias', 'model.deeponet.pool.blocks.0.ln2.bias', 'model.deeponet.pool.blocks.2.attn.in_proj_weight', 'model.deeponet.trunk.0.bias', 'model.deeponet.pool.blocks.1.ff.0.bias', 'model.deeponet.pool.blocks.1.ln_kv.weight', 'model.deeponet.pool.blocks.0.ln_kv.bias', 'model.deeponet.pool.blocks.2.attn.in_proj_bias', 'model.deeponet.pool.blocks.2.attn.out_proj.bias', 'model.deeponet.pool.blocks.2.ff.0.weight', 'model.deeponet.out_mlp.2.weight', 'model.deeponet.out_mlp.0.bias', 'model.deeponet.pool.blocks.1.attn.in_proj_bias', 'model.deeponet.pool.in_proj.weight', 'model.deeponet.pool.blocks.1.attn.out_proj.bias', 'model.deeponet.pool.blocks.2.ln2.weight', 'model.deeponet.branch.0.weight', 'model.deeponet.pool.blocks.0.ff.0.bias', 'model.deeponet.pool.blocks.2.ln_q.bias', 'model.deeponet.pool.queries', 'model.deeponet.pool.blocks.1.attn.in_proj_weight', 'model.deeponet.branch.0.bias', 'model.deeponet.out_mlp.0.weight', 'model.deeponet.pool.blocks.1.ln_q.weight', 'model.deeponet.pool.blocks.2.ff.0.bias', 'model.deeponet.trunk.4.bias', 'model.deeponet.pool.blocks.2.attn.out_proj.weight', 'model.deeponet.pool.blocks.2.ln_kv.weight', 'model.deeponet.pool.blocks.0.ff.2.bias', 'model.deeponet.pool.blocks.1.ln_q.bias', 'model.deeponet.pool.blocks.1.ff.2.bias', 'model.deeponet.pool.blocks.0.attn.in_proj_weight', 'model.deeponet.pool.blocks.1.ff.2.weight', 'model.deeponet.pool.blocks.0.attn.out_proj.bias', 'model.deeponet.pool.blocks.1.ff.0.weight'}
Loading  HuggingFaceTB/SmolVLM2-500M-Video-Instruct weights ...
Reducing the number of VLM layers to 16 ...
Loading  HuggingFaceTB/SmolVLM2-500M-Video-Instruct weights ...
Reducing the number of VLM layers to 16 ...
[train] dataset frames=66984 episodes=454 -> 1 epoch = 1396 steps @ batch 48
[train] planned frames seen = 1440000 = 21.50 epochs

=== stage1 | steps=1650 batch=48 trainable: head=10.40M backbone=0.0M ===
[stage1] step    199 | mse=0.7194 L1=0.6554 PH=2.9513 total=0.7785 | VRAM=9.5GB | 0.278s/it
[stage1] step    399 | mse=0.4960 L1=0.5158 PH=1.4354 total=0.5247 | VRAM=9.5GB | 0.278s/it
[stage1] step    599 | mse=0.4347 L1=0.4741 PH=1.2472 total=0.4596 | VRAM=9.5GB | 0.279s/it
[stage1] step    799 | mse=0.3975 L1=0.4555 PH=1.2298 total=0.4221 | VRAM=9.5GB | 0.278s/it
[stage1] step    999 | mse=0.3763 L1=0.4449 PH=1.1937 total=0.4002 | VRAM=9.5GB | 0.279s/it
[stage1] step   1199 | mse=0.3557 L1=0.4355 PH=1.1568 total=0.3788 | VRAM=9.5GB | 0.278s/it
[stage1] step   1399 | mse=0.3414 L1=0.4281 PH=1.0958 total=0.3633 | VRAM=9.5GB | 0.278s/it
[stage1] step   1599 | mse=0.3273 L1=0.4227 PH=1.0809 total=0.3489 | VRAM=9.5GB | 0.277s/it
[ckpt] saved -> deeponet_results/Object/runs/m4_s0/checkpoints/1650  (EMA weights)

=== stage2 | steps=28350 batch=48 trainable: head=10.40M backbone=350.2M ===
[stage2] step   1849 | mse=0.3101 L1=0.4105 PH=1.0337 total=0.3307 | VRAM=50.3GB | 0.635s/it
[stage2] step   2049 | mse=0.3055 L1=0.4086 PH=1.0200 total=0.3259 | VRAM=50.3GB | 0.636s/it
[stage2] step   2249 | mse=0.2939 L1=0.4026 PH=0.9793 total=0.3135 | VRAM=50.3GB | 0.635s/it
[stage2] step   2449 | mse=0.2835 L1=0.3971 PH=0.9554 total=0.3026 | VRAM=50.3GB | 0.635s/it
[stage2] step   2649 | mse=0.2733 L1=0.3884 PH=0.9193 total=0.2916 | VRAM=50.3GB | 0.636s/it
[stage2] step   2849 | mse=0.2610 L1=0.3809 PH=0.8917 total=0.2788 | VRAM=50.3GB | 0.637s/it
[stage2] step   3049 | mse=0.2539 L1=0.3747 PH=0.8795 total=0.2715 | VRAM=50.3GB | 0.633s/it
[stage2] step   3249 | mse=0.2334 L1=0.3635 PH=0.8061 total=0.2495 | VRAM=50.3GB | 0.636s/it
[stage2] step   3449 | mse=0.2311 L1=0.3611 PH=0.8024 total=0.2471 | VRAM=50.3GB | 0.636s/it
[stage2] step   3649 | mse=0.2208 L1=0.3541 PH=0.7765 total=0.2363 | VRAM=50.3GB | 0.634s/it
[stage2] step   3849 | mse=0.2128 L1=0.3503 PH=0.7620 total=0.2281 | VRAM=50.3GB | 0.636s/it
[stage2] step   4049 | mse=0.2042 L1=0.3435 PH=0.7201 total=0.2186 | VRAM=50.3GB | 0.637s/it
[stage2] step   4249 | mse=0.1981 L1=0.3385 PH=0.7093 total=0.2123 | VRAM=50.3GB | 0.636s/it
[stage2] step   4449 | mse=0.1913 L1=0.3314 PH=0.6970 total=0.2052 | VRAM=50.3GB | 0.630s/it
[stage2] step   4649 | mse=0.1752 L1=0.3213 PH=0.6394 total=0.1880 | VRAM=50.3GB | 1.712s/it
[stage2] step   4849 | mse=0.1715 L1=0.3184 PH=0.6327 total=0.1842 | VRAM=50.3GB | 2.383s/it
[stage2] step   5049 | mse=0.1672 L1=0.3143 PH=0.6128 total=0.1795 | VRAM=50.3GB | 3.928s/it
[stage2] step   5249 | mse=0.1601 L1=0.3084 PH=0.5931 total=0.1720 | VRAM=50.3GB | 4.266s/it
[stage2] step   5449 | mse=0.1564 L1=0.3067 PH=0.5851 total=0.1681 | VRAM=50.3GB | 4.202s/it
[stage2] step   5649 | mse=0.1512 L1=0.3014 PH=0.5770 total=0.1628 | VRAM=50.3GB | 4.313s/it
[stage2] step   5849 | mse=0.1458 L1=0.2980 PH=0.5590 total=0.1570 | VRAM=50.3GB | 0.633s/it
[stage2] step   6049 | mse=0.1323 L1=0.2862 PH=0.5174 total=0.1426 | VRAM=50.3GB | 0.637s/it
[stage2] step   6249 | mse=0.1292 L1=0.2836 PH=0.5023 total=0.1393 | VRAM=50.3GB | 0.637s/it
[stage2] step   6449 | mse=0.1263 L1=0.2812 PH=0.5077 total=0.1364 | VRAM=50.3GB | 0.636s/it
[stage2] step   6649 | mse=0.1234 L1=0.2789 PH=0.5008 total=0.1334 | VRAM=50.3GB | 0.638s/it
[stage2] step   6849 | mse=0.1196 L1=0.2740 PH=0.4817 total=0.1292 | VRAM=50.3GB | 0.636s/it
[stage2] step   7049 | mse=0.1146 L1=0.2697 PH=0.4728 total=0.1240 | VRAM=50.3GB | 0.636s/it
[stage2] step   7249 | mse=0.1132 L1=0.2676 PH=0.4637 total=0.1225 | VRAM=50.3GB | 0.633s/it
[stage2] step   7449 | mse=0.1030 L1=0.2593 PH=0.4336 total=0.1117 | VRAM=50.3GB | 0.639s/it
[stage2] step   7649 | mse=0.1021 L1=0.2565 PH=0.4275 total=0.1107 | VRAM=50.3GB | 0.636s/it
[stage2] step   7849 | mse=0.0989 L1=0.2541 PH=0.4255 total=0.1074 | VRAM=50.3GB | 0.635s/it
[stage2] step   8049 | mse=0.0978 L1=0.2521 PH=0.4175 total=0.1062 | VRAM=50.3GB | 0.635s/it
[stage2] step   8249 | mse=0.0951 L1=0.2504 PH=0.4158 total=0.1034 | VRAM=50.3GB | 0.635s/it
[stage2] step   8449 | mse=0.0924 L1=0.2466 PH=0.3998 total=0.1004 | VRAM=50.3GB | 0.635s/it
[stage2] step   8649 | mse=0.0905 L1=0.2439 PH=0.4025 total=0.0986 | VRAM=50.3GB | 4.552s/it
[stage2] step   8849 | mse=0.0854 L1=0.2391 PH=0.3834 total=0.0931 | VRAM=50.3GB | 4.330s/it
[stage2] step   9049 | mse=0.0839 L1=0.2370 PH=0.3711 total=0.0913 | VRAM=50.3GB | 4.331s/it
[stage2] step   9249 | mse=0.0822 L1=0.2335 PH=0.3755 total=0.0897 | VRAM=50.3GB | 4.274s/it
[stage2] step   9449 | mse=0.0807 L1=0.2323 PH=0.3708 total=0.0881 | VRAM=50.3GB | 4.393s/it
[stage2] step   9649 | mse=0.0809 L1=0.2311 PH=0.3632 total=0.0882 | VRAM=50.3GB | 4.373s/it
[stage2] step   9849 | mse=0.0783 L1=0.2302 PH=0.3621 total=0.0855 | VRAM=50.3GB | 4.483s/it
[stage2] step  10049 | mse=0.0776 L1=0.2278 PH=0.3570 total=0.0848 | VRAM=50.3GB | 0.634s/it
[stage2] step  10249 | mse=0.0728 L1=0.2238 PH=0.3403 total=0.0796 | VRAM=50.3GB | 0.635s/it
[stage2] step  10449 | mse=0.0742 L1=0.2226 PH=0.3352 total=0.0809 | VRAM=50.3GB | 0.636s/it
[stage2] step  10649 | mse=0.0714 L1=0.2211 PH=0.3346 total=0.0781 | VRAM=50.3GB | 0.635s/it
[stage2] step  10849 | mse=0.0710 L1=0.2193 PH=0.3336 total=0.0776 | VRAM=50.3GB | 0.636s/it
[stage2] step  11049 | mse=0.0695 L1=0.2173 PH=0.3340 total=0.0762 | VRAM=50.3GB | 0.634s/it
[stage2] step  11249 | mse=0.0687 L1=0.2180 PH=0.3300 total=0.0753 | VRAM=50.3GB | 0.634s/it
[stage2] step  11449 | mse=0.0671 L1=0.2139 PH=0.3241 total=0.0736 | VRAM=50.3GB | 0.632s/it
[stage2] step  11649 | mse=0.0650 L1=0.2112 PH=0.3152 total=0.0713 | VRAM=50.3GB | 0.635s/it
[ckpt] saved -> deeponet_results/Object/runs/m4_s0/checkpoints/11650  (EMA weights)
[stage2] step  11849 | mse=0.0646 L1=0.2105 PH=0.3130 total=0.0709 | VRAM=50.3GB | 0.635s/it
[stage2] step  12049 | mse=0.0640 L1=0.2111 PH=0.3146 total=0.0703 | VRAM=50.3GB | 0.634s/it
[stage2] step  12249 | mse=0.0638 L1=0.2100 PH=0.3100 total=0.0700 | VRAM=50.3GB | 0.634s/it
[stage2] step  12449 | mse=0.0622 L1=0.2087 PH=0.3050 total=0.0683 | VRAM=50.3GB | 0.635s/it
[stage2] step  12649 | mse=0.0614 L1=0.2065 PH=0.3026 total=0.0675 | VRAM=50.3GB | 0.636s/it
[stage2] step  12849 | mse=0.0609 L1=0.2073 PH=0.3038 total=0.0670 | VRAM=50.3GB | 0.634s/it
[stage2] step  13049 | mse=0.0588 L1=0.2043 PH=0.2955 total=0.0647 | VRAM=50.3GB | 0.636s/it
[stage2] step  13249 | mse=0.0581 L1=0.2023 PH=0.2945 total=0.0640 | VRAM=50.3GB | 0.636s/it
[stage2] step  13449 | mse=0.0577 L1=0.2019 PH=0.2886 total=0.0635 | VRAM=50.3GB | 0.643s/it
[stage2] step  13649 | mse=0.0577 L1=0.2008 PH=0.2889 total=0.0635 | VRAM=50.3GB | 0.637s/it
[stage2] step  13849 | mse=0.0570 L1=0.1994 PH=0.2904 total=0.0628 | VRAM=50.3GB | 0.637s/it
[stage2] step  14049 | mse=0.0562 L1=0.1974 PH=0.2824 total=0.0619 | VRAM=50.3GB | 0.636s/it
[stage2] step  14249 | mse=0.0550 L1=0.1978 PH=0.2843 total=0.0607 | VRAM=50.3GB | 0.633s/it
[stage2] step  14449 | mse=0.0540 L1=0.1963 PH=0.2742 total=0.0594 | VRAM=50.3GB | 0.635s/it
[stage2] step  14649 | mse=0.0532 L1=0.1956 PH=0.2780 total=0.0588 | VRAM=50.3GB | 0.635s/it
[stage2] step  14849 | mse=0.0535 L1=0.1938 PH=0.2786 total=0.0590 | VRAM=50.3GB | 0.636s/it
[stage2] step  15049 | mse=0.0527 L1=0.1947 PH=0.2720 total=0.0581 | VRAM=50.3GB | 0.636s/it
[stage2] step  15249 | mse=0.0519 L1=0.1918 PH=0.2724 total=0.0574 | VRAM=50.3GB | 0.634s/it
[stage2] step  15449 | mse=0.0522 L1=0.1938 PH=0.2759 total=0.0577 | VRAM=50.3GB | 0.635s/it
[stage2] step  15649 | mse=0.0509 L1=0.1914 PH=0.2684 total=0.0563 | VRAM=50.3GB | 0.633s/it
[stage2] step  15849 | mse=0.0494 L1=0.1909 PH=0.2626 total=0.0546 | VRAM=50.3GB | 1.138s/it
[stage2] step  16049 | mse=0.0498 L1=0.1887 PH=0.2626 total=0.0550 | VRAM=50.3GB | 3.022s/it
[stage2] step  16249 | mse=0.0493 L1=0.1890 PH=0.2645 total=0.0545 | VRAM=50.3GB | 4.040s/it
[stage2] step  16449 | mse=0.0492 L1=0.1893 PH=0.2623 total=0.0545 | VRAM=50.3GB | 4.490s/it
[stage2] step  16649 | mse=0.0489 L1=0.1885 PH=0.2550 total=0.0540 | VRAM=50.3GB | 4.365s/it
[stage2] step  16849 | mse=0.0485 L1=0.1872 PH=0.2564 total=0.0536 | VRAM=50.3GB | 4.384s/it
[stage2] step  17049 | mse=0.0477 L1=0.1865 PH=0.2574 total=0.0528 | VRAM=50.3GB | 0.635s/it
[stage2] step  17249 | mse=0.0468 L1=0.1859 PH=0.2541 total=0.0519 | VRAM=50.3GB | 0.635s/it
[stage2] step  17449 | mse=0.0460 L1=0.1820 PH=0.2494 total=0.0510 | VRAM=50.3GB | 0.635s/it
[stage2] step  17649 | mse=0.0458 L1=0.1836 PH=0.2537 total=0.0509 | VRAM=50.3GB | 0.636s/it
[stage2] step  17849 | mse=0.0459 L1=0.1832 PH=0.2529 total=0.0509 | VRAM=50.3GB | 0.635s/it
[stage2] step  18049 | mse=0.0448 L1=0.1819 PH=0.2490 total=0.0498 | VRAM=50.3GB | 0.640s/it
[stage2] step  18249 | mse=0.0448 L1=0.1820 PH=0.2479 total=0.0498 | VRAM=50.3GB | 0.634s/it
[stage2] step  18449 | mse=0.0440 L1=0.1800 PH=0.2445 total=0.0488 | VRAM=50.3GB | 0.632s/it
[stage2] step  18649 | mse=0.0437 L1=0.1794 PH=0.2419 total=0.0485 | VRAM=50.3GB | 0.634s/it
[stage2] step  18849 | mse=0.0430 L1=0.1799 PH=0.2385 total=0.0478 | VRAM=50.3GB | 0.636s/it
[stage2] step  19049 | mse=0.0432 L1=0.1801 PH=0.2431 total=0.0481 | VRAM=50.3GB | 0.635s/it
[stage2] step  19249 | mse=0.0428 L1=0.1783 PH=0.2414 total=0.0476 | VRAM=50.3GB | 0.633s/it
[stage2] step  19449 | mse=0.0430 L1=0.1782 PH=0.2412 total=0.0478 | VRAM=50.3GB | 0.633s/it
[stage2] step  19649 | mse=0.0420 L1=0.1758 PH=0.2327 total=0.0467 | VRAM=50.3GB | 0.634s/it
[stage2] step  19849 | mse=0.0418 L1=0.1764 PH=0.2355 total=0.0465 | VRAM=50.3GB | 4.246s/it
[stage2] step  20049 | mse=0.0410 L1=0.1742 PH=0.2346 total=0.0457 | VRAM=50.3GB | 4.286s/it
[stage2] step  20249 | mse=0.0409 L1=0.1745 PH=0.2296 total=0.0455 | VRAM=50.3GB | 4.308s/it
[stage2] step  20449 | mse=0.0408 L1=0.1736 PH=0.2350 total=0.0455 | VRAM=50.3GB | 3.823s/it
[stage2] step  20649 | mse=0.0400 L1=0.1737 PH=0.2320 total=0.0446 | VRAM=50.3GB | 4.218s/it
[stage2] step  20849 | mse=0.0406 L1=0.1768 PH=0.2314 total=0.0453 | VRAM=50.3GB | 4.371s/it
[stage2] step  21049 | mse=0.0398 L1=0.1727 PH=0.2284 total=0.0444 | VRAM=50.3GB | 4.260s/it
[stage2] step  21249 | mse=0.0388 L1=0.1716 PH=0.2249 total=0.0433 | VRAM=50.3GB | 0.633s/it
[stage2] step  21449 | mse=0.0386 L1=0.1714 PH=0.2209 total=0.0431 | VRAM=50.3GB | 0.637s/it
[stage2] step  21649 | mse=0.0383 L1=0.1709 PH=0.2208 total=0.0427 | VRAM=50.3GB | 0.635s/it
[ckpt] saved -> deeponet_results/Object/runs/m4_s0/checkpoints/21650  (EMA weights)
[stage2] step  21849 | mse=0.0389 L1=0.1722 PH=0.2252 total=0.0434 | VRAM=50.3GB | 0.634s/it
[stage2] step  22049 | mse=0.0381 L1=0.1706 PH=0.2266 total=0.0427 | VRAM=50.3GB | 0.634s/it
[stage2] step  22249 | mse=0.0382 L1=0.1704 PH=0.2255 total=0.0427 | VRAM=50.3GB | 0.636s/it
[stage2] step  22449 | mse=0.0380 L1=0.1695 PH=0.2250 total=0.0425 | VRAM=50.3GB | 0.635s/it
[stage2] step  22649 | mse=0.0373 L1=0.1690 PH=0.2260 total=0.0418 | VRAM=50.3GB | 0.634s/it
[stage2] step  22849 | mse=0.0367 L1=0.1669 PH=0.2188 total=0.0410 | VRAM=50.3GB | 0.635s/it
[stage2] step  23049 | mse=0.0364 L1=0.1667 PH=0.2194 total=0.0408 | VRAM=50.3GB | 0.635s/it
[stage2] step  23249 | mse=0.0366 L1=0.1669 PH=0.2205 total=0.0410 | VRAM=50.3GB | 0.636s/it
[stage2] step  23449 | mse=0.0362 L1=0.1668 PH=0.2182 total=0.0406 | VRAM=50.3GB | 0.634s/it
[stage2] step  23649 | mse=0.0363 L1=0.1664 PH=0.2149 total=0.0406 | VRAM=50.3GB | 0.635s/it
[stage2] step  23849 | mse=0.0364 L1=0.1674 PH=0.2151 total=0.0407 | VRAM=50.3GB | 0.635s/it
[stage2] step  24049 | mse=0.0356 L1=0.1650 PH=0.2161 total=0.0400 | VRAM=50.3GB | 0.636s/it
[stage2] step  24249 | mse=0.0351 L1=0.1646 PH=0.2123 total=0.0394 | VRAM=50.3GB | 0.637s/it
[stage2] step  24449 | mse=0.0349 L1=0.1636 PH=0.2134 total=0.0392 | VRAM=50.3GB | 0.636s/it
[stage2] step  24649 | mse=0.0348 L1=0.1633 PH=0.2107 total=0.0390 | VRAM=50.3GB | 0.637s/it
[stage2] step  24849 | mse=0.0346 L1=0.1643 PH=0.2144 total=0.0389 | VRAM=50.3GB | 0.638s/it
[stage2] step  25049 | mse=0.0340 L1=0.1643 PH=0.2117 total=0.0383 | VRAM=50.3GB | 0.637s/it
[stage2] step  25249 | mse=0.0346 L1=0.1635 PH=0.2115 total=0.0388 | VRAM=50.3GB | 0.638s/it
[stage2] step  25449 | mse=0.0341 L1=0.1613 PH=0.2128 total=0.0384 | VRAM=50.3GB | 0.632s/it
[stage2] step  25649 | mse=0.0330 L1=0.1613 PH=0.2079 total=0.0371 | VRAM=50.3GB | 0.634s/it
[stage2] step  25849 | mse=0.0335 L1=0.1614 PH=0.2105 total=0.0377 | VRAM=50.3GB | 0.635s/it
[stage2] step  26049 | mse=0.0332 L1=0.1619 PH=0.2069 total=0.0373 | VRAM=50.3GB | 0.635s/it
[stage2] step  26249 | mse=0.0329 L1=0.1596 PH=0.2054 total=0.0370 | VRAM=50.3GB | 0.635s/it
[stage2] step  26449 | mse=0.0334 L1=0.1605 PH=0.2084 total=0.0375 | VRAM=50.3GB | 0.634s/it
[stage2] step  26649 | mse=0.0326 L1=0.1597 PH=0.2047 total=0.0367 | VRAM=50.3GB | 0.634s/it
[stage2] step  26849 | mse=0.0323 L1=0.1578 PH=0.2063 total=0.0364 | VRAM=50.3GB | 0.633s/it
[stage2] step  27049 | mse=0.0320 L1=0.1575 PH=0.2017 total=0.0361 | VRAM=50.3GB | 0.634s/it
[stage2] step  27249 | mse=0.0318 L1=0.1578 PH=0.2052 total=0.0359 | VRAM=50.3GB | 0.905s/it
[stage2] step  27449 | mse=0.0321 L1=0.1588 PH=0.2057 total=0.0362 | VRAM=50.3GB | 0.639s/it
[stage2] step  27649 | mse=0.0320 L1=0.1582 PH=0.2024 total=0.0360 | VRAM=50.3GB | 0.633s/it
[stage2] step  27849 | mse=0.0321 L1=0.1601 PH=0.2024 total=0.0361 | VRAM=50.3GB | 0.636s/it
[stage2] step  28049 | mse=0.0311 L1=0.1567 PH=0.2028 total=0.0352 | VRAM=50.3GB | 0.636s/it
[stage2] step  28249 | mse=0.0311 L1=0.1571 PH=0.2022 total=0.0351 | VRAM=50.3GB | 0.634s/it
[stage2] step  28449 | mse=0.0305 L1=0.1558 PH=0.1997 total=0.0345 | VRAM=50.3GB | 0.636s/it
[stage2] step  28649 | mse=0.0305 L1=0.1567 PH=0.1972 total=0.0345 | VRAM=50.3GB | 0.636s/it
[stage2] step  28849 | mse=0.0311 L1=0.1555 PH=0.2034 total=0.0352 | VRAM=50.3GB | 0.634s/it
[stage2] step  29049 | mse=0.0306 L1=0.1553 PH=0.1963 total=0.0346 | VRAM=50.3GB | 0.635s/it
[stage2] step  29249 | mse=0.0307 L1=0.1559 PH=0.1995 total=0.0347 | VRAM=50.3GB | 0.635s/it
[stage2] step  29449 | mse=0.0311 L1=0.1562 PH=0.1992 total=0.0351 | VRAM=50.3GB | 0.636s/it
[stage2] step  29649 | mse=0.0298 L1=0.1545 PH=0.1947 total=0.0337 | VRAM=50.3GB | 0.635s/it
[stage2] step  29849 | mse=0.0296 L1=0.1527 PH=0.1939 total=0.0335 | VRAM=50.3GB | 0.633s/it
[ckpt] saved -> deeponet_results/Object/runs/m4_s0/checkpoints/30000  (EMA weights)

[train] DONE head=deeponet variant=ph steps=30000 wall=552.0 min -> deeponet_results/Object/runs/m4_s0
[06-21 01:13:12] TRAIN done   Object/m4
[06-21 01:13:12] EVAL start   Object/m3 -> eval_m3
`torch_dtype` is deprecated! Use `dtype` instead!
Warning: You are sending unauthenticated requests to the HF Hub. Please set a HF_TOKEN to enable higher rate limits and faster downloads.
WARNING:huggingface_hub.utils._http:Warning: You are sending unauthenticated requests to the HF Hub. Please set a HF_TOKEN to enable higher rate limits and faster downloads.
Loading  HuggingFaceTB/SmolVLM2-500M-Video-Instruct weights ...
Reducing the number of VLM layers to 16 ...
Loading  HuggingFaceTB/SmolVLM2-500M-Video-Instruct weights ...
Reducing the number of VLM layers to 16 ...
Loading weights from local directory
[eval] loaded m3 (head=deeponet) replan=5 <- deeponet_results/Object/runs/m3_s0/checkpoints/30000
[robosuite WARNING] No private macro file found! (__init__.py:7)
WARNING:robosuite_logs:No private macro file found!
[robosuite WARNING] It is recommended to use a private macro file (__init__.py:8)
WARNING:robosuite_logs:It is recommended to use a private macro file
[robosuite WARNING] To setup, run: python /home/user/Desktop/Ayush PH test/venv/lib/python3.12/site-packages/robosuite/scripts/setup_macros.py (__init__.py:9)
WARNING:robosuite_logs:To setup, run: python /home/user/Desktop/Ayush PH test/venv/lib/python3.12/site-packages/robosuite/scripts/setup_macros.py
Multiple -pix_fmt options specified for stream 0, only the last option '-pix_fmt yuv420p' will be used.
Multiple -pix_fmt options specified for stream 0, only the last option '-pix_fmt yuv420p' will be used.
Multiple -pix_fmt options specified for stream 0, only the last option '-pix_fmt yuv420p' will be used.
Multiple -pix_fmt options specified for stream 0, only the last option '-pix_fmt yuv420p' will be used.
Multiple -pix_fmt options specified for stream 0, only the last option '-pix_fmt yuv420p' will be used.
Multiple -pix_fmt options specified for stream 0, only the last option '-pix_fmt yuv420p' will be used.
Multiple -pix_fmt options specified for stream 0, only the last option '-pix_fmt yuv420p' will be used.
Multiple -pix_fmt options specified for stream 0, only the last option '-pix_fmt yuv420p' will be used.
Multiple -pix_fmt options specified for stream 0, only the last option '-pix_fmt yuv420p' will be used.
Multiple -pix_fmt options specified for stream 0, only the last option '-pix_fmt yuv420p' will be used.
Multiple -pix_fmt options specified for stream 0, only the last option '-pix_fmt yuv420p' will be used.
Multiple -pix_fmt options specified for stream 0, only the last option '-pix_fmt yuv420p' will be used.
Multiple -pix_fmt options specified for stream 0, only the last option '-pix_fmt yuv420p' will be used.
Multiple -pix_fmt options specified for stream 0, only the last option '-pix_fmt yuv420p' will be used.
Multiple -pix_fmt options specified for stream 0, only the last option '-pix_fmt yuv420p' will be used.
Multiple -pix_fmt options specified for stream 0, only the last option '-pix_fmt yuv420p' will be used.
Multiple -pix_fmt options specified for stream 0, only the last option '-pix_fmt yuv420p' will be used.
Multiple -pix_fmt options specified for stream 0, only the last option '-pix_fmt yuv420p' will be used.
Multiple -pix_fmt options specified for stream 0, only the last option '-pix_fmt yuv420p' will be used.
Multiple -pix_fmt options specified for stream 0, only the last option '-pix_fmt yuv420p' will be used.
[info] using task orders [0, 1, 2, 3, 4, 5, 6, 7, 8, 9]
[Warning]: datasets path /home/user/Desktop/Ayush PH test/data/libero_datasets does not exist!
[Warning]: datasets path /home/user/Desktop/Ayush PH test/data/libero_datasets does not exist!
[LIBERO-OBJECT] m3 task0: 90.0%  (18/20 PASS, videos -> episode_videos/m3/)
Multiple -pix_fmt options specified for stream 0, only the last option '-pix_fmt yuv420p' will be used.
Multiple -pix_fmt options specified for stream 0, only the last option '-pix_fmt yuv420p' will be used.
Multiple -pix_fmt options specified for stream 0, only the last option '-pix_fmt yuv420p' will be used.
Multiple -pix_fmt options specified for stream 0, only the last option '-pix_fmt yuv420p' will be used.
Multiple -pix_fmt options specified for stream 0, only the last option '-pix_fmt yuv420p' will be used.
Multiple -pix_fmt options specified for stream 0, only the last option '-pix_fmt yuv420p' will be used.
Multiple -pix_fmt options specified for stream 0, only the last option '-pix_fmt yuv420p' will be used.
Multiple -pix_fmt options specified for stream 0, only the last option '-pix_fmt yuv420p' will be used.
Multiple -pix_fmt options specified for stream 0, only the last option '-pix_fmt yuv420p' will be used.
Multiple -pix_fmt options specified for stream 0, only the last option '-pix_fmt yuv420p' will be used.
Multiple -pix_fmt options specified for stream 0, only the last option '-pix_fmt yuv420p' will be used.
Multiple -pix_fmt options specified for stream 0, only the last option '-pix_fmt yuv420p' will be used.
Multiple -pix_fmt options specified for stream 0, only the last option '-pix_fmt yuv420p' will be used.
Multiple -pix_fmt options specified for stream 0, only the last option '-pix_fmt yuv420p' will be used.
Multiple -pix_fmt options specified for stream 0, only the last option '-pix_fmt yuv420p' will be used.
Multiple -pix_fmt options specified for stream 0, only the last option '-pix_fmt yuv420p' will be used.
Multiple -pix_fmt options specified for stream 0, only the last option '-pix_fmt yuv420p' will be used.
Multiple -pix_fmt options specified for stream 0, only the last option '-pix_fmt yuv420p' will be used.
Multiple -pix_fmt options specified for stream 0, only the last option '-pix_fmt yuv420p' will be used.
Multiple -pix_fmt options specified for stream 0, only the last option '-pix_fmt yuv420p' will be used.
[info] using task orders [0, 1, 2, 3, 4, 5, 6, 7, 8, 9]
[Warning]: datasets path /home/user/Desktop/Ayush PH test/data/libero_datasets does not exist!
[Warning]: datasets path /home/user/Desktop/Ayush PH test/data/libero_datasets does not exist!
[LIBERO-OBJECT] m3 task1: 90.0%  (18/20 PASS, videos -> episode_videos/m3/)
Multiple -pix_fmt options specified for stream 0, only the last option '-pix_fmt yuv420p' will be used.
Multiple -pix_fmt options specified for stream 0, only the last option '-pix_fmt yuv420p' will be used.
Multiple -pix_fmt options specified for stream 0, only the last option '-pix_fmt yuv420p' will be used.
Multiple -pix_fmt options specified for stream 0, only the last option '-pix_fmt yuv420p' will be used.
Multiple -pix_fmt options specified for stream 0, only the last option '-pix_fmt yuv420p' will be used.
Multiple -pix_fmt options specified for stream 0, only the last option '-pix_fmt yuv420p' will be used.
Multiple -pix_fmt options specified for stream 0, only the last option '-pix_fmt yuv420p' will be used.
Multiple -pix_fmt options specified for stream 0, only the last option '-pix_fmt yuv420p' will be used.
Multiple -pix_fmt options specified for stream 0, only the last option '-pix_fmt yuv420p' will be used.
Multiple -pix_fmt options specified for stream 0, only the last option '-pix_fmt yuv420p' will be used.
Multiple -pix_fmt options specified for stream 0, only the last option '-pix_fmt yuv420p' will be used.
Multiple -pix_fmt options specified for stream 0, only the last option '-pix_fmt yuv420p' will be used.
Multiple -pix_fmt options specified for stream 0, only the last option '-pix_fmt yuv420p' will be used.
Multiple -pix_fmt options specified for stream 0, only the last option '-pix_fmt yuv420p' will be used.
Multiple -pix_fmt options specified for stream 0, only the last option '-pix_fmt yuv420p' will be used.
Multiple -pix_fmt options specified for stream 0, only the last option '-pix_fmt yuv420p' will be used.
Multiple -pix_fmt options specified for stream 0, only the last option '-pix_fmt yuv420p' will be used.
Multiple -pix_fmt options specified for stream 0, only the last option '-pix_fmt yuv420p' will be used.
Multiple -pix_fmt options specified for stream 0, only the last option '-pix_fmt yuv420p' will be used.
Multiple -pix_fmt options specified for stream 0, only the last option '-pix_fmt yuv420p' will be used.
[info] using task orders [0, 1, 2, 3, 4, 5, 6, 7, 8, 9]
[Warning]: datasets path /home/user/Desktop/Ayush PH test/data/libero_datasets does not exist!
[Warning]: datasets path /home/user/Desktop/Ayush PH test/data/libero_datasets does not exist!
[LIBERO-OBJECT] m3 task2: 95.0%  (19/20 PASS, videos -> episode_videos/m3/)
Multiple -pix_fmt options specified for stream 0, only the last option '-pix_fmt yuv420p' will be used.
Multiple -pix_fmt options specified for stream 0, only the last option '-pix_fmt yuv420p' will be used.
Multiple -pix_fmt options specified for stream 0, only the last option '-pix_fmt yuv420p' will be used.
Multiple -pix_fmt options specified for stream 0, only the last option '-pix_fmt yuv420p' will be used.
Multiple -pix_fmt options specified for stream 0, only the last option '-pix_fmt yuv420p' will be used.
Multiple -pix_fmt options specified for stream 0, only the last option '-pix_fmt yuv420p' will be used.
Multiple -pix_fmt options specified for stream 0, only the last option '-pix_fmt yuv420p' will be used.
Multiple -pix_fmt options specified for stream 0, only the last option '-pix_fmt yuv420p' will be used.
Multiple -pix_fmt options specified for stream 0, only the last option '-pix_fmt yuv420p' will be used.
Multiple -pix_fmt options specified for stream 0, only the last option '-pix_fmt yuv420p' will be used.
Multiple -pix_fmt options specified for stream 0, only the last option '-pix_fmt yuv420p' will be used.
Multiple -pix_fmt options specified for stream 0, only the last option '-pix_fmt yuv420p' will be used.
Multiple -pix_fmt options specified for stream 0, only the last option '-pix_fmt yuv420p' will be used.
Multiple -pix_fmt options specified for stream 0, only the last option '-pix_fmt yuv420p' will be used.
Multiple -pix_fmt options specified for stream 0, only the last option '-pix_fmt yuv420p' will be used.
Multiple -pix_fmt options specified for stream 0, only the last option '-pix_fmt yuv420p' will be used.
Multiple -pix_fmt options specified for stream 0, only the last option '-pix_fmt yuv420p' will be used.
Multiple -pix_fmt options specified for stream 0, only the last option '-pix_fmt yuv420p' will be used.
Multiple -pix_fmt options specified for stream 0, only the last option '-pix_fmt yuv420p' will be used.
Multiple -pix_fmt options specified for stream 0, only the last option '-pix_fmt yuv420p' will be used.
[info] using task orders [0, 1, 2, 3, 4, 5, 6, 7, 8, 9]
[Warning]: datasets path /home/user/Desktop/Ayush PH test/data/libero_datasets does not exist!
[Warning]: datasets path /home/user/Desktop/Ayush PH test/data/libero_datasets does not exist!
[LIBERO-OBJECT] m3 task3: 90.0%  (18/20 PASS, videos -> episode_videos/m3/)
Multiple -pix_fmt options specified for stream 0, only the last option '-pix_fmt yuv420p' will be used.
Multiple -pix_fmt options specified for stream 0, only the last option '-pix_fmt yuv420p' will be used.
Multiple -pix_fmt options specified for stream 0, only the last option '-pix_fmt yuv420p' will be used.
Multiple -pix_fmt options specified for stream 0, only the last option '-pix_fmt yuv420p' will be used.
Multiple -pix_fmt options specified for stream 0, only the last option '-pix_fmt yuv420p' will be used.
Multiple -pix_fmt options specified for stream 0, only the last option '-pix_fmt yuv420p' will be used.
Multiple -pix_fmt options specified for stream 0, only the last option '-pix_fmt yuv420p' will be used.
Multiple -pix_fmt options specified for stream 0, only the last option '-pix_fmt yuv420p' will be used.
Multiple -pix_fmt options specified for stream 0, only the last option '-pix_fmt yuv420p' will be used.
Multiple -pix_fmt options specified for stream 0, only the last option '-pix_fmt yuv420p' will be used.
Multiple -pix_fmt options specified for stream 0, only the last option '-pix_fmt yuv420p' will be used.
Multiple -pix_fmt options specified for stream 0, only the last option '-pix_fmt yuv420p' will be used.
Multiple -pix_fmt options specified for stream 0, only the last option '-pix_fmt yuv420p' will be used.
Multiple -pix_fmt options specified for stream 0, only the last option '-pix_fmt yuv420p' will be used.
Multiple -pix_fmt options specified for stream 0, only the last option '-pix_fmt yuv420p' will be used.
Multiple -pix_fmt options specified for stream 0, only the last option '-pix_fmt yuv420p' will be used.
Multiple -pix_fmt options specified for stream 0, only the last option '-pix_fmt yuv420p' will be used.
Multiple -pix_fmt options specified for stream 0, only the last option '-pix_fmt yuv420p' will be used.
Multiple -pix_fmt options specified for stream 0, only the last option '-pix_fmt yuv420p' will be used.
Multiple -pix_fmt options specified for stream 0, only the last option '-pix_fmt yuv420p' will be used.
[info] using task orders [0, 1, 2, 3, 4, 5, 6, 7, 8, 9]
[Warning]: datasets path /home/user/Desktop/Ayush PH test/data/libero_datasets does not exist!
[Warning]: datasets path /home/user/Desktop/Ayush PH test/data/libero_datasets does not exist!
[LIBERO-OBJECT] m3 task4: 95.0%  (19/20 PASS, videos -> episode_videos/m3/)
Multiple -pix_fmt options specified for stream 0, only the last option '-pix_fmt yuv420p' will be used.
Multiple -pix_fmt options specified for stream 0, only the last option '-pix_fmt yuv420p' will be used.
Multiple -pix_fmt options specified for stream 0, only the last option '-pix_fmt yuv420p' will be used.
Multiple -pix_fmt options specified for stream 0, only the last option '-pix_fmt yuv420p' will be used.
Multiple -pix_fmt options specified for stream 0, only the last option '-pix_fmt yuv420p' will be used.
Multiple -pix_fmt options specified for stream 0, only the last option '-pix_fmt yuv420p' will be used.
Multiple -pix_fmt options specified for stream 0, only the last option '-pix_fmt yuv420p' will be used.
Multiple -pix_fmt options specified for stream 0, only the last option '-pix_fmt yuv420p' will be used.
Multiple -pix_fmt options specified for stream 0, only the last option '-pix_fmt yuv420p' will be used.
Multiple -pix_fmt options specified for stream 0, only the last option '-pix_fmt yuv420p' will be used.
Multiple -pix_fmt options specified for stream 0, only the last option '-pix_fmt yuv420p' will be used.
Multiple -pix_fmt options specified for stream 0, only the last option '-pix_fmt yuv420p' will be used.
Multiple -pix_fmt options specified for stream 0, only the last option '-pix_fmt yuv420p' will be used.
Multiple -pix_fmt options specified for stream 0, only the last option '-pix_fmt yuv420p' will be used.
Multiple -pix_fmt options specified for stream 0, only the last option '-pix_fmt yuv420p' will be used.
Multiple -pix_fmt options specified for stream 0, only the last option '-pix_fmt yuv420p' will be used.
Multiple -pix_fmt options specified for stream 0, only the last option '-pix_fmt yuv420p' will be used.
Multiple -pix_fmt options specified for stream 0, only the last option '-pix_fmt yuv420p' will be used.
Multiple -pix_fmt options specified for stream 0, only the last option '-pix_fmt yuv420p' will be used.
Multiple -pix_fmt options specified for stream 0, only the last option '-pix_fmt yuv420p' will be used.
[info] using task orders [0, 1, 2, 3, 4, 5, 6, 7, 8, 9]
[Warning]: datasets path /home/user/Desktop/Ayush PH test/data/libero_datasets does not exist!
[Warning]: datasets path /home/user/Desktop/Ayush PH test/data/libero_datasets does not exist!
[LIBERO-OBJECT] m3 task5: 80.0%  (16/20 PASS, videos -> episode_videos/m3/)
Multiple -pix_fmt options specified for stream 0, only the last option '-pix_fmt yuv420p' will be used.
Multiple -pix_fmt options specified for stream 0, only the last option '-pix_fmt yuv420p' will be used.
Multiple -pix_fmt options specified for stream 0, only the last option '-pix_fmt yuv420p' will be used.
Multiple -pix_fmt options specified for stream 0, only the last option '-pix_fmt yuv420p' will be used.
Multiple -pix_fmt options specified for stream 0, only the last option '-pix_fmt yuv420p' will be used.
Multiple -pix_fmt options specified for stream 0, only the last option '-pix_fmt yuv420p' will be used.
Multiple -pix_fmt options specified for stream 0, only the last option '-pix_fmt yuv420p' will be used.
Multiple -pix_fmt options specified for stream 0, only the last option '-pix_fmt yuv420p' will be used.
Multiple -pix_fmt options specified for stream 0, only the last option '-pix_fmt yuv420p' will be used.
Multiple -pix_fmt options specified for stream 0, only the last option '-pix_fmt yuv420p' will be used.
Multiple -pix_fmt options specified for stream 0, only the last option '-pix_fmt yuv420p' will be used.
Multiple -pix_fmt options specified for stream 0, only the last option '-pix_fmt yuv420p' will be used.
Multiple -pix_fmt options specified for stream 0, only the last option '-pix_fmt yuv420p' will be used.
Multiple -pix_fmt options specified for stream 0, only the last option '-pix_fmt yuv420p' will be used.
Multiple -pix_fmt options specified for stream 0, only the last option '-pix_fmt yuv420p' will be used.
Multiple -pix_fmt options specified for stream 0, only the last option '-pix_fmt yuv420p' will be used.
Multiple -pix_fmt options specified for stream 0, only the last option '-pix_fmt yuv420p' will be used.
Multiple -pix_fmt options specified for stream 0, only the last option '-pix_fmt yuv420p' will be used.
Multiple -pix_fmt options specified for stream 0, only the last option '-pix_fmt yuv420p' will be used.
Multiple -pix_fmt options specified for stream 0, only the last option '-pix_fmt yuv420p' will be used.
[info] using task orders [0, 1, 2, 3, 4, 5, 6, 7, 8, 9]
[Warning]: datasets path /home/user/Desktop/Ayush PH test/data/libero_datasets does not exist!
[Warning]: datasets path /home/user/Desktop/Ayush PH test/data/libero_datasets does not exist!
[LIBERO-OBJECT] m3 task6: 90.0%  (18/20 PASS, videos -> episode_videos/m3/)
Multiple -pix_fmt options specified for stream 0, only the last option '-pix_fmt yuv420p' will be used.
Multiple -pix_fmt options specified for stream 0, only the last option '-pix_fmt yuv420p' will be used.
Multiple -pix_fmt options specified for stream 0, only the last option '-pix_fmt yuv420p' will be used.
Multiple -pix_fmt options specified for stream 0, only the last option '-pix_fmt yuv420p' will be used.
Multiple -pix_fmt options specified for stream 0, only the last option '-pix_fmt yuv420p' will be used.
Multiple -pix_fmt options specified for stream 0, only the last option '-pix_fmt yuv420p' will be used.
Multiple -pix_fmt options specified for stream 0, only the last option '-pix_fmt yuv420p' will be used.
Multiple -pix_fmt options specified for stream 0, only the last option '-pix_fmt yuv420p' will be used.
Multiple -pix_fmt options specified for stream 0, only the last option '-pix_fmt yuv420p' will be used.
Multiple -pix_fmt options specified for stream 0, only the last option '-pix_fmt yuv420p' will be used.
Multiple -pix_fmt options specified for stream 0, only the last option '-pix_fmt yuv420p' will be used.
Multiple -pix_fmt options specified for stream 0, only the last option '-pix_fmt yuv420p' will be used.
Multiple -pix_fmt options specified for stream 0, only the last option '-pix_fmt yuv420p' will be used.
Multiple -pix_fmt options specified for stream 0, only the last option '-pix_fmt yuv420p' will be used.
Multiple -pix_fmt options specified for stream 0, only the last option '-pix_fmt yuv420p' will be used.
Multiple -pix_fmt options specified for stream 0, only the last option '-pix_fmt yuv420p' will be used.
Multiple -pix_fmt options specified for stream 0, only the last option '-pix_fmt yuv420p' will be used.
Multiple -pix_fmt options specified for stream 0, only the last option '-pix_fmt yuv420p' will be used.
Multiple -pix_fmt options specified for stream 0, only the last option '-pix_fmt yuv420p' will be used.
Multiple -pix_fmt options specified for stream 0, only the last option '-pix_fmt yuv420p' will be used.
[info] using task orders [0, 1, 2, 3, 4, 5, 6, 7, 8, 9]
[Warning]: datasets path /home/user/Desktop/Ayush PH test/data/libero_datasets does not exist!
[Warning]: datasets path /home/user/Desktop/Ayush PH test/data/libero_datasets does not exist!
[LIBERO-OBJECT] m3 task7: 70.0%  (14/20 PASS, videos -> episode_videos/m3/)
Multiple -pix_fmt options specified for stream 0, only the last option '-pix_fmt yuv420p' will be used.
Multiple -pix_fmt options specified for stream 0, only the last option '-pix_fmt yuv420p' will be used.
Multiple -pix_fmt options specified for stream 0, only the last option '-pix_fmt yuv420p' will be used.
Multiple -pix_fmt options specified for stream 0, only the last option '-pix_fmt yuv420p' will be used.
Multiple -pix_fmt options specified for stream 0, only the last option '-pix_fmt yuv420p' will be used.
Multiple -pix_fmt options specified for stream 0, only the last option '-pix_fmt yuv420p' will be used.
Multiple -pix_fmt options specified for stream 0, only the last option '-pix_fmt yuv420p' will be used.
Multiple -pix_fmt options specified for stream 0, only the last option '-pix_fmt yuv420p' will be used.
Multiple -pix_fmt options specified for stream 0, only the last option '-pix_fmt yuv420p' will be used.
Multiple -pix_fmt options specified for stream 0, only the last option '-pix_fmt yuv420p' will be used.
Multiple -pix_fmt options specified for stream 0, only the last option '-pix_fmt yuv420p' will be used.
Multiple -pix_fmt options specified for stream 0, only the last option '-pix_fmt yuv420p' will be used.
Multiple -pix_fmt options specified for stream 0, only the last option '-pix_fmt yuv420p' will be used.
Multiple -pix_fmt options specified for stream 0, only the last option '-pix_fmt yuv420p' will be used.
Multiple -pix_fmt options specified for stream 0, only the last option '-pix_fmt yuv420p' will be used.
Multiple -pix_fmt options specified for stream 0, only the last option '-pix_fmt yuv420p' will be used.
Multiple -pix_fmt options specified for stream 0, only the last option '-pix_fmt yuv420p' will be used.
Multiple -pix_fmt options specified for stream 0, only the last option '-pix_fmt yuv420p' will be used.
Multiple -pix_fmt options specified for stream 0, only the last option '-pix_fmt yuv420p' will be used.
Multiple -pix_fmt options specified for stream 0, only the last option '-pix_fmt yuv420p' will be used.
[info] using task orders [0, 1, 2, 3, 4, 5, 6, 7, 8, 9]
[Warning]: datasets path /home/user/Desktop/Ayush PH test/data/libero_datasets does not exist!
[Warning]: datasets path /home/user/Desktop/Ayush PH test/data/libero_datasets does not exist!
[LIBERO-OBJECT] m3 task8: 90.0%  (18/20 PASS, videos -> episode_videos/m3/)
Multiple -pix_fmt options specified for stream 0, only the last option '-pix_fmt yuv420p' will be used.
Multiple -pix_fmt options specified for stream 0, only the last option '-pix_fmt yuv420p' will be used.
Multiple -pix_fmt options specified for stream 0, only the last option '-pix_fmt yuv420p' will be used.
Multiple -pix_fmt options specified for stream 0, only the last option '-pix_fmt yuv420p' will be used.
Multiple -pix_fmt options specified for stream 0, only the last option '-pix_fmt yuv420p' will be used.
Multiple -pix_fmt options specified for stream 0, only the last option '-pix_fmt yuv420p' will be used.
Multiple -pix_fmt options specified for stream 0, only the last option '-pix_fmt yuv420p' will be used.
Multiple -pix_fmt options specified for stream 0, only the last option '-pix_fmt yuv420p' will be used.
Multiple -pix_fmt options specified for stream 0, only the last option '-pix_fmt yuv420p' will be used.
Multiple -pix_fmt options specified for stream 0, only the last option '-pix_fmt yuv420p' will be used.
Multiple -pix_fmt options specified for stream 0, only the last option '-pix_fmt yuv420p' will be used.
Multiple -pix_fmt options specified for stream 0, only the last option '-pix_fmt yuv420p' will be used.
Multiple -pix_fmt options specified for stream 0, only the last option '-pix_fmt yuv420p' will be used.
Multiple -pix_fmt options specified for stream 0, only the last option '-pix_fmt yuv420p' will be used.
Multiple -pix_fmt options specified for stream 0, only the last option '-pix_fmt yuv420p' will be used.
Multiple -pix_fmt options specified for stream 0, only the last option '-pix_fmt yuv420p' will be used.
Multiple -pix_fmt options specified for stream 0, only the last option '-pix_fmt yuv420p' will be used.
Multiple -pix_fmt options specified for stream 0, only the last option '-pix_fmt yuv420p' will be used.
Multiple -pix_fmt options specified for stream 0, only the last option '-pix_fmt yuv420p' will be used.
Multiple -pix_fmt options specified for stream 0, only the last option '-pix_fmt yuv420p' will be used.
[info] using task orders [0, 1, 2, 3, 4, 5, 6, 7, 8, 9]
[Warning]: datasets path /home/user/Desktop/Ayush PH test/data/libero_datasets does not exist!
[Warning]: datasets path /home/user/Desktop/Ayush PH test/data/libero_datasets does not exist!
[LIBERO-OBJECT] m3 task9: 80.0%  (16/20 PASS, videos -> episode_videos/m3/)
[eval] DONE. summary: {
  "m3": {
    "LIBERO-OBJECT_avg": 0.8700000000000001,
    "LIBERO-OBJECT-V_avg": null
  }
}
[06-21 01:32:38] EVAL done    Object/m3
[LIBERO-OBJECT] FULL 10-task average = 87.0%
[LIBERO-OBJECT] EXCL task7 (70%) -> 9-task average = 88.9%
[LIBERO-OBJECT] wrote summary_full.json + summary_excl_task7.json + summary_both.csv -> deeponet_results/Object/runs/eval_m3
  saved libero_object_all10tasks.png
  saved libero_object_excl_task7_9tasks.png
[Object m3 30K] FULL 10-task avg = 87.0%
[Object m3 30K] EXCL task7 -> 9-task avg = 88.9%
[Object m3 30K] plots -> deeponet_results/Object/plots | summaries -> deeponet_results/Object/runs/eval_m3
[06-21 01:32:38] ######## RESULT READY: Object/m3 -> ./deeponet_results/Object/runs/eval_m3 (10-task + 9-task plots & summaries) ########
[06-21 01:32:38] EVAL start   Object/m4 -> eval_m4
`torch_dtype` is deprecated! Use `dtype` instead!
Warning: You are sending unauthenticated requests to the HF Hub. Please set a HF_TOKEN to enable higher rate limits and faster downloads.
WARNING:huggingface_hub.utils._http:Warning: You are sending unauthenticated requests to the HF Hub. Please set a HF_TOKEN to enable higher rate limits and faster downloads.
Loading  HuggingFaceTB/SmolVLM2-500M-Video-Instruct weights ...
Reducing the number of VLM layers to 16 ...
Loading  HuggingFaceTB/SmolVLM2-500M-Video-Instruct weights ...
Reducing the number of VLM layers to 16 ...
Loading weights from local directory
[eval] loaded m4 (head=deeponet) replan=5 <- deeponet_results/Object/runs/m4_s0/checkpoints/30000
[robosuite WARNING] No private macro file found! (__init__.py:7)
WARNING:robosuite_logs:No private macro file found!
[robosuite WARNING] It is recommended to use a private macro file (__init__.py:8)
WARNING:robosuite_logs:It is recommended to use a private macro file
[robosuite WARNING] To setup, run: python /home/user/Desktop/Ayush PH test/venv/lib/python3.12/site-packages/robosuite/scripts/setup_macros.py (__init__.py:9)
WARNING:robosuite_logs:To setup, run: python /home/user/Desktop/Ayush PH test/venv/lib/python3.12/site-packages/robosuite/scripts/setup_macros.py
Multiple -pix_fmt options specified for stream 0, only the last option '-pix_fmt yuv420p' will be used.
Multiple -pix_fmt options specified for stream 0, only the last option '-pix_fmt yuv420p' will be used.
Multiple -pix_fmt options specified for stream 0, only the last option '-pix_fmt yuv420p' will be used.
Multiple -pix_fmt options specified for stream 0, only the last option '-pix_fmt yuv420p' will be used.
Multiple -pix_fmt options specified for stream 0, only the last option '-pix_fmt yuv420p' will be used.
Multiple -pix_fmt options specified for stream 0, only the last option '-pix_fmt yuv420p' will be used.
Multiple -pix_fmt options specified for stream 0, only the last option '-pix_fmt yuv420p' will be used.
Multiple -pix_fmt options specified for stream 0, only the last option '-pix_fmt yuv420p' will be used.
Multiple -pix_fmt options specified for stream 0, only the last option '-pix_fmt yuv420p' will be used.
Multiple -pix_fmt options specified for stream 0, only the last option '-pix_fmt yuv420p' will be used.
Multiple -pix_fmt options specified for stream 0, only the last option '-pix_fmt yuv420p' will be used.
Multiple -pix_fmt options specified for stream 0, only the last option '-pix_fmt yuv420p' will be used.
Multiple -pix_fmt options specified for stream 0, only the last option '-pix_fmt yuv420p' will be used.
Multiple -pix_fmt options specified for stream 0, only the last option '-pix_fmt yuv420p' will be used.
Multiple -pix_fmt options specified for stream 0, only the last option '-pix_fmt yuv420p' will be used.
Multiple -pix_fmt options specified for stream 0, only the last option '-pix_fmt yuv420p' will be used.
Multiple -pix_fmt options specified for stream 0, only the last option '-pix_fmt yuv420p' will be used.
Multiple -pix_fmt options specified for stream 0, only the last option '-pix_fmt yuv420p' will be used.
Multiple -pix_fmt options specified for stream 0, only the last option '-pix_fmt yuv420p' will be used.
Multiple -pix_fmt options specified for stream 0, only the last option '-pix_fmt yuv420p' will be used.
[info] using task orders [0, 1, 2, 3, 4, 5, 6, 7, 8, 9]
[Warning]: datasets path /home/user/Desktop/Ayush PH test/data/libero_datasets does not exist!
[Warning]: datasets path /home/user/Desktop/Ayush PH test/data/libero_datasets does not exist!
[LIBERO-OBJECT] m4 task0: 65.0%  (13/20 PASS, videos -> episode_videos/m4/)
Multiple -pix_fmt options specified for stream 0, only the last option '-pix_fmt yuv420p' will be used.
Multiple -pix_fmt options specified for stream 0, only the last option '-pix_fmt yuv420p' will be used.
Multiple -pix_fmt options specified for stream 0, only the last option '-pix_fmt yuv420p' will be used.
Multiple -pix_fmt options specified for stream 0, only the last option '-pix_fmt yuv420p' will be used.
Multiple -pix_fmt options specified for stream 0, only the last option '-pix_fmt yuv420p' will be used.
Multiple -pix_fmt options specified for stream 0, only the last option '-pix_fmt yuv420p' will be used.
Multiple -pix_fmt options specified for stream 0, only the last option '-pix_fmt yuv420p' will be used.
Multiple -pix_fmt options specified for stream 0, only the last option '-pix_fmt yuv420p' will be used.
Multiple -pix_fmt options specified for stream 0, only the last option '-pix_fmt yuv420p' will be used.
Multiple -pix_fmt options specified for stream 0, only the last option '-pix_fmt yuv420p' will be used.
Multiple -pix_fmt options specified for stream 0, only the last option '-pix_fmt yuv420p' will be used.
Multiple -pix_fmt options specified for stream 0, only the last option '-pix_fmt yuv420p' will be used.
Multiple -pix_fmt options specified for stream 0, only the last option '-pix_fmt yuv420p' will be used.
Multiple -pix_fmt options specified for stream 0, only the last option '-pix_fmt yuv420p' will be used.
Multiple -pix_fmt options specified for stream 0, only the last option '-pix_fmt yuv420p' will be used.
Multiple -pix_fmt options specified for stream 0, only the last option '-pix_fmt yuv420p' will be used.
Multiple -pix_fmt options specified for stream 0, only the last option '-pix_fmt yuv420p' will be used.
Multiple -pix_fmt options specified for stream 0, only the last option '-pix_fmt yuv420p' will be used.
Multiple -pix_fmt options specified for stream 0, only the last option '-pix_fmt yuv420p' will be used.
Multiple -pix_fmt options specified for stream 0, only the last option '-pix_fmt yuv420p' will be used.
[info] using task orders [0, 1, 2, 3, 4, 5, 6, 7, 8, 9]
[Warning]: datasets path /home/user/Desktop/Ayush PH test/data/libero_datasets does not exist!
[Warning]: datasets path /home/user/Desktop/Ayush PH test/data/libero_datasets does not exist!
[LIBERO-OBJECT] m4 task1: 100.0%  (20/20 PASS, videos -> episode_videos/m4/)
Multiple -pix_fmt options specified for stream 0, only the last option '-pix_fmt yuv420p' will be used.
Multiple -pix_fmt options specified for stream 0, only the last option '-pix_fmt yuv420p' will be used.
Multiple -pix_fmt options specified for stream 0, only the last option '-pix_fmt yuv420p' will be used.
Multiple -pix_fmt options specified for stream 0, only the last option '-pix_fmt yuv420p' will be used.
Multiple -pix_fmt options specified for stream 0, only the last option '-pix_fmt yuv420p' will be used.
Multiple -pix_fmt options specified for stream 0, only the last option '-pix_fmt yuv420p' will be used.
Multiple -pix_fmt options specified for stream 0, only the last option '-pix_fmt yuv420p' will be used.
Multiple -pix_fmt options specified for stream 0, only the last option '-pix_fmt yuv420p' will be used.
Multiple -pix_fmt options specified for stream 0, only the last option '-pix_fmt yuv420p' will be used.
Multiple -pix_fmt options specified for stream 0, only the last option '-pix_fmt yuv420p' will be used.
Multiple -pix_fmt options specified for stream 0, only the last option '-pix_fmt yuv420p' will be used.
Multiple -pix_fmt options specified for stream 0, only the last option '-pix_fmt yuv420p' will be used.
Multiple -pix_fmt options specified for stream 0, only the last option '-pix_fmt yuv420p' will be used.
Multiple -pix_fmt options specified for stream 0, only the last option '-pix_fmt yuv420p' will be used.
Multiple -pix_fmt options specified for stream 0, only the last option '-pix_fmt yuv420p' will be used.
Multiple -pix_fmt options specified for stream 0, only the last option '-pix_fmt yuv420p' will be used.
Multiple -pix_fmt options specified for stream 0, only the last option '-pix_fmt yuv420p' will be used.
Multiple -pix_fmt options specified for stream 0, only the last option '-pix_fmt yuv420p' will be used.
Multiple -pix_fmt options specified for stream 0, only the last option '-pix_fmt yuv420p' will be used.
Multiple -pix_fmt options specified for stream 0, only the last option '-pix_fmt yuv420p' will be used.
[info] using task orders [0, 1, 2, 3, 4, 5, 6, 7, 8, 9]
[Warning]: datasets path /home/user/Desktop/Ayush PH test/data/libero_datasets does not exist!
[Warning]: datasets path /home/user/Desktop/Ayush PH test/data/libero_datasets does not exist!
[LIBERO-OBJECT] m4 task2: 100.0%  (20/20 PASS, videos -> episode_videos/m4/)
Multiple -pix_fmt options specified for stream 0, only the last option '-pix_fmt yuv420p' will be used.
Multiple -pix_fmt options specified for stream 0, only the last option '-pix_fmt yuv420p' will be used.
Multiple -pix_fmt options specified for stream 0, only the last option '-pix_fmt yuv420p' will be used.
Multiple -pix_fmt options specified for stream 0, only the last option '-pix_fmt yuv420p' will be used.
Multiple -pix_fmt options specified for stream 0, only the last option '-pix_fmt yuv420p' will be used.
Multiple -pix_fmt options specified for stream 0, only the last option '-pix_fmt yuv420p' will be used.
Multiple -pix_fmt options specified for stream 0, only the last option '-pix_fmt yuv420p' will be used.
Multiple -pix_fmt options specified for stream 0, only the last option '-pix_fmt yuv420p' will be used.
Multiple -pix_fmt options specified for stream 0, only the last option '-pix_fmt yuv420p' will be used.
Multiple -pix_fmt options specified for stream 0, only the last option '-pix_fmt yuv420p' will be used.
Multiple -pix_fmt options specified for stream 0, only the last option '-pix_fmt yuv420p' will be used.
Multiple -pix_fmt options specified for stream 0, only the last option '-pix_fmt yuv420p' will be used.
Multiple -pix_fmt options specified for stream 0, only the last option '-pix_fmt yuv420p' will be used.
Multiple -pix_fmt options specified for stream 0, only the last option '-pix_fmt yuv420p' will be used.
Multiple -pix_fmt options specified for stream 0, only the last option '-pix_fmt yuv420p' will be used.
Multiple -pix_fmt options specified for stream 0, only the last option '-pix_fmt yuv420p' will be used.
Multiple -pix_fmt options specified for stream 0, only the last option '-pix_fmt yuv420p' will be used.
Multiple -pix_fmt options specified for stream 0, only the last option '-pix_fmt yuv420p' will be used.
Multiple -pix_fmt options specified for stream 0, only the last option '-pix_fmt yuv420p' will be used.
Multiple -pix_fmt options specified for stream 0, only the last option '-pix_fmt yuv420p' will be used.
[info] using task orders [0, 1, 2, 3, 4, 5, 6, 7, 8, 9]
[Warning]: datasets path /home/user/Desktop/Ayush PH test/data/libero_datasets does not exist!
[Warning]: datasets path /home/user/Desktop/Ayush PH test/data/libero_datasets does not exist!
[LIBERO-OBJECT] m4 task3: 90.0%  (18/20 PASS, videos -> episode_videos/m4/)
Multiple -pix_fmt options specified for stream 0, only the last option '-pix_fmt yuv420p' will be used.
Multiple -pix_fmt options specified for stream 0, only the last option '-pix_fmt yuv420p' will be used.
Multiple -pix_fmt options specified for stream 0, only the last option '-pix_fmt yuv420p' will be used.
Multiple -pix_fmt options specified for stream 0, only the last option '-pix_fmt yuv420p' will be used.
Multiple -pix_fmt options specified for stream 0, only the last option '-pix_fmt yuv420p' will be used.
Multiple -pix_fmt options specified for stream 0, only the last option '-pix_fmt yuv420p' will be used.
Multiple -pix_fmt options specified for stream 0, only the last option '-pix_fmt yuv420p' will be used.
Multiple -pix_fmt options specified for stream 0, only the last option '-pix_fmt yuv420p' will be used.
Multiple -pix_fmt options specified for stream 0, only the last option '-pix_fmt yuv420p' will be used.
Multiple -pix_fmt options specified for stream 0, only the last option '-pix_fmt yuv420p' will be used.
Multiple -pix_fmt options specified for stream 0, only the last option '-pix_fmt yuv420p' will be used.
Multiple -pix_fmt options specified for stream 0, only the last option '-pix_fmt yuv420p' will be used.
Multiple -pix_fmt options specified for stream 0, only the last option '-pix_fmt yuv420p' will be used.
Multiple -pix_fmt options specified for stream 0, only the last option '-pix_fmt yuv420p' will be used.
Multiple -pix_fmt options specified for stream 0, only the last option '-pix_fmt yuv420p' will be used.
Multiple -pix_fmt options specified for stream 0, only the last option '-pix_fmt yuv420p' will be used.
Multiple -pix_fmt options specified for stream 0, only the last option '-pix_fmt yuv420p' will be used.
Multiple -pix_fmt options specified for stream 0, only the last option '-pix_fmt yuv420p' will be used.
Multiple -pix_fmt options specified for stream 0, only the last option '-pix_fmt yuv420p' will be used.
Multiple -pix_fmt options specified for stream 0, only the last option '-pix_fmt yuv420p' will be used.
[info] using task orders [0, 1, 2, 3, 4, 5, 6, 7, 8, 9]
[Warning]: datasets path /home/user/Desktop/Ayush PH test/data/libero_datasets does not exist!
[Warning]: datasets path /home/user/Desktop/Ayush PH test/data/libero_datasets does not exist!
[LIBERO-OBJECT] m4 task4: 100.0%  (20/20 PASS, videos -> episode_videos/m4/)
Multiple -pix_fmt options specified for stream 0, only the last option '-pix_fmt yuv420p' will be used.
Multiple -pix_fmt options specified for stream 0, only the last option '-pix_fmt yuv420p' will be used.
Multiple -pix_fmt options specified for stream 0, only the last option '-pix_fmt yuv420p' will be used.
Multiple -pix_fmt options specified for stream 0, only the last option '-pix_fmt yuv420p' will be used.
Multiple -pix_fmt options specified for stream 0, only the last option '-pix_fmt yuv420p' will be used.
Multiple -pix_fmt options specified for stream 0, only the last option '-pix_fmt yuv420p' will be used.
Multiple -pix_fmt options specified for stream 0, only the last option '-pix_fmt yuv420p' will be used.
Multiple -pix_fmt options specified for stream 0, only the last option '-pix_fmt yuv420p' will be used.
Multiple -pix_fmt options specified for stream 0, only the last option '-pix_fmt yuv420p' will be used.
Multiple -pix_fmt options specified for stream 0, only the last option '-pix_fmt yuv420p' will be used.
Multiple -pix_fmt options specified for stream 0, only the last option '-pix_fmt yuv420p' will be used.
Multiple -pix_fmt options specified for stream 0, only the last option '-pix_fmt yuv420p' will be used.
Multiple -pix_fmt options specified for stream 0, only the last option '-pix_fmt yuv420p' will be used.
Multiple -pix_fmt options specified for stream 0, only the last option '-pix_fmt yuv420p' will be used.
Multiple -pix_fmt options specified for stream 0, only the last option '-pix_fmt yuv420p' will be used.
Multiple -pix_fmt options specified for stream 0, only the last option '-pix_fmt yuv420p' will be used.
Multiple -pix_fmt options specified for stream 0, only the last option '-pix_fmt yuv420p' will be used.
Multiple -pix_fmt options specified for stream 0, only the last option '-pix_fmt yuv420p' will be used.
Multiple -pix_fmt options specified for stream 0, only the last option '-pix_fmt yuv420p' will be used.
Multiple -pix_fmt options specified for stream 0, only the last option '-pix_fmt yuv420p' will be used.
[info] using task orders [0, 1, 2, 3, 4, 5, 6, 7, 8, 9]
[Warning]: datasets path /home/user/Desktop/Ayush PH test/data/libero_datasets does not exist!
[Warning]: datasets path /home/user/Desktop/Ayush PH test/data/libero_datasets does not exist!
[LIBERO-OBJECT] m4 task5: 80.0%  (16/20 PASS, videos -> episode_videos/m4/)
Multiple -pix_fmt options specified for stream 0, only the last option '-pix_fmt yuv420p' will be used.
Multiple -pix_fmt options specified for stream 0, only the last option '-pix_fmt yuv420p' will be used.
Multiple -pix_fmt options specified for stream 0, only the last option '-pix_fmt yuv420p' will be used.
Multiple -pix_fmt options specified for stream 0, only the last option '-pix_fmt yuv420p' will be used.
Multiple -pix_fmt options specified for stream 0, only the last option '-pix_fmt yuv420p' will be used.
Multiple -pix_fmt options specified for stream 0, only the last option '-pix_fmt yuv420p' will be used.
Multiple -pix_fmt options specified for stream 0, only the last option '-pix_fmt yuv420p' will be used.
Multiple -pix_fmt options specified for stream 0, only the last option '-pix_fmt yuv420p' will be used.
Multiple -pix_fmt options specified for stream 0, only the last option '-pix_fmt yuv420p' will be used.
Multiple -pix_fmt options specified for stream 0, only the last option '-pix_fmt yuv420p' will be used.
Multiple -pix_fmt options specified for stream 0, only the last option '-pix_fmt yuv420p' will be used.
Multiple -pix_fmt options specified for stream 0, only the last option '-pix_fmt yuv420p' will be used.
Multiple -pix_fmt options specified for stream 0, only the last option '-pix_fmt yuv420p' will be used.
Multiple -pix_fmt options specified for stream 0, only the last option '-pix_fmt yuv420p' will be used.
Multiple -pix_fmt options specified for stream 0, only the last option '-pix_fmt yuv420p' will be used.
Multiple -pix_fmt options specified for stream 0, only the last option '-pix_fmt yuv420p' will be used.
Multiple -pix_fmt options specified for stream 0, only the last option '-pix_fmt yuv420p' will be used.
Multiple -pix_fmt options specified for stream 0, only the last option '-pix_fmt yuv420p' will be used.
Multiple -pix_fmt options specified for stream 0, only the last option '-pix_fmt yuv420p' will be used.
Multiple -pix_fmt options specified for stream 0, only the last option '-pix_fmt yuv420p' will be used.
[info] using task orders [0, 1, 2, 3, 4, 5, 6, 7, 8, 9]
[Warning]: datasets path /home/user/Desktop/Ayush PH test/data/libero_datasets does not exist!
[Warning]: datasets path /home/user/Desktop/Ayush PH test/data/libero_datasets does not exist!
[LIBERO-OBJECT] m4 task6: 80.0%  (16/20 PASS, videos -> episode_videos/m4/)
Multiple -pix_fmt options specified for stream 0, only the last option '-pix_fmt yuv420p' will be used.
Multiple -pix_fmt options specified for stream 0, only the last option '-pix_fmt yuv420p' will be used.
Multiple -pix_fmt options specified for stream 0, only the last option '-pix_fmt yuv420p' will be used.
Multiple -pix_fmt options specified for stream 0, only the last option '-pix_fmt yuv420p' will be used.
Multiple -pix_fmt options specified for stream 0, only the last option '-pix_fmt yuv420p' will be used.
Multiple -pix_fmt options specified for stream 0, only the last option '-pix_fmt yuv420p' will be used.
Multiple -pix_fmt options specified for stream 0, only the last option '-pix_fmt yuv420p' will be used.
Multiple -pix_fmt options specified for stream 0, only the last option '-pix_fmt yuv420p' will be used.
Multiple -pix_fmt options specified for stream 0, only the last option '-pix_fmt yuv420p' will be used.
Multiple -pix_fmt options specified for stream 0, only the last option '-pix_fmt yuv420p' will be used.
Multiple -pix_fmt options specified for stream 0, only the last option '-pix_fmt yuv420p' will be used.
Multiple -pix_fmt options specified for stream 0, only the last option '-pix_fmt yuv420p' will be used.
Multiple -pix_fmt options specified for stream 0, only the last option '-pix_fmt yuv420p' will be used.
Multiple -pix_fmt options specified for stream 0, only the last option '-pix_fmt yuv420p' will be used.
Multiple -pix_fmt options specified for stream 0, only the last option '-pix_fmt yuv420p' will be used.
Multiple -pix_fmt options specified for stream 0, only the last option '-pix_fmt yuv420p' will be used.
Multiple -pix_fmt options specified for stream 0, only the last option '-pix_fmt yuv420p' will be used.
Multiple -pix_fmt options specified for stream 0, only the last option '-pix_fmt yuv420p' will be used.
Multiple -pix_fmt options specified for stream 0, only the last option '-pix_fmt yuv420p' will be used.
Multiple -pix_fmt options specified for stream 0, only the last option '-pix_fmt yuv420p' will be used.
[info] using task orders [0, 1, 2, 3, 4, 5, 6, 7, 8, 9]
[Warning]: datasets path /home/user/Desktop/Ayush PH test/data/libero_datasets does not exist!
[Warning]: datasets path /home/user/Desktop/Ayush PH test/data/libero_datasets does not exist!
[LIBERO-OBJECT] m4 task7: 90.0%  (18/20 PASS, videos -> episode_videos/m4/)
Multiple -pix_fmt options specified for stream 0, only the last option '-pix_fmt yuv420p' will be used.
Multiple -pix_fmt options specified for stream 0, only the last option '-pix_fmt yuv420p' will be used.
Multiple -pix_fmt options specified for stream 0, only the last option '-pix_fmt yuv420p' will be used.
Multiple -pix_fmt options specified for stream 0, only the last option '-pix_fmt yuv420p' will be used.
Multiple -pix_fmt options specified for stream 0, only the last option '-pix_fmt yuv420p' will be used.
Multiple -pix_fmt options specified for stream 0, only the last option '-pix_fmt yuv420p' will be used.
Multiple -pix_fmt options specified for stream 0, only the last option '-pix_fmt yuv420p' will be used.
Multiple -pix_fmt options specified for stream 0, only the last option '-pix_fmt yuv420p' will be used.
Multiple -pix_fmt options specified for stream 0, only the last option '-pix_fmt yuv420p' will be used.
Multiple -pix_fmt options specified for stream 0, only the last option '-pix_fmt yuv420p' will be used.
Multiple -pix_fmt options specified for stream 0, only the last option '-pix_fmt yuv420p' will be used.
Multiple -pix_fmt options specified for stream 0, only the last option '-pix_fmt yuv420p' will be used.
Multiple -pix_fmt options specified for stream 0, only the last option '-pix_fmt yuv420p' will be used.
Multiple -pix_fmt options specified for stream 0, only the last option '-pix_fmt yuv420p' will be used.
Multiple -pix_fmt options specified for stream 0, only the last option '-pix_fmt yuv420p' will be used.
Multiple -pix_fmt options specified for stream 0, only the last option '-pix_fmt yuv420p' will be used.
Multiple -pix_fmt options specified for stream 0, only the last option '-pix_fmt yuv420p' will be used.
Multiple -pix_fmt options specified for stream 0, only the last option '-pix_fmt yuv420p' will be used.
Multiple -pix_fmt options specified for stream 0, only the last option '-pix_fmt yuv420p' will be used.
Multiple -pix_fmt options specified for stream 0, only the last option '-pix_fmt yuv420p' will be used.
[info] using task orders [0, 1, 2, 3, 4, 5, 6, 7, 8, 9]
[Warning]: datasets path /home/user/Desktop/Ayush PH test/data/libero_datasets does not exist!
[Warning]: datasets path /home/user/Desktop/Ayush PH test/data/libero_datasets does not exist!
[LIBERO-OBJECT] m4 task8: 95.0%  (19/20 PASS, videos -> episode_videos/m4/)
Multiple -pix_fmt options specified for stream 0, only the last option '-pix_fmt yuv420p' will be used.
Multiple -pix_fmt options specified for stream 0, only the last option '-pix_fmt yuv420p' will be used.
Multiple -pix_fmt options specified for stream 0, only the last option '-pix_fmt yuv420p' will be used.
Multiple -pix_fmt options specified for stream 0, only the last option '-pix_fmt yuv420p' will be used.
Multiple -pix_fmt options specified for stream 0, only the last option '-pix_fmt yuv420p' will be used.
Multiple -pix_fmt options specified for stream 0, only the last option '-pix_fmt yuv420p' will be used.
Multiple -pix_fmt options specified for stream 0, only the last option '-pix_fmt yuv420p' will be used.
Multiple -pix_fmt options specified for stream 0, only the last option '-pix_fmt yuv420p' will be used.
Multiple -pix_fmt options specified for stream 0, only the last option '-pix_fmt yuv420p' will be used.
Multiple -pix_fmt options specified for stream 0, only the last option '-pix_fmt yuv420p' will be used.
Multiple -pix_fmt options specified for stream 0, only the last option '-pix_fmt yuv420p' will be used.
Multiple -pix_fmt options specified for stream 0, only the last option '-pix_fmt yuv420p' will be used.
Multiple -pix_fmt options specified for stream 0, only the last option '-pix_fmt yuv420p' will be used.
Multiple -pix_fmt options specified for stream 0, only the last option '-pix_fmt yuv420p' will be used.
Multiple -pix_fmt options specified for stream 0, only the last option '-pix_fmt yuv420p' will be used.
Multiple -pix_fmt options specified for stream 0, only the last option '-pix_fmt yuv420p' will be used.
Multiple -pix_fmt options specified for stream 0, only the last option '-pix_fmt yuv420p' will be used.
Multiple -pix_fmt options specified for stream 0, only the last option '-pix_fmt yuv420p' will be used.
Multiple -pix_fmt options specified for stream 0, only the last option '-pix_fmt yuv420p' will be used.
Multiple -pix_fmt options specified for stream 0, only the last option '-pix_fmt yuv420p' will be used.
[info] using task orders [0, 1, 2, 3, 4, 5, 6, 7, 8, 9]
[Warning]: datasets path /home/user/Desktop/Ayush PH test/data/libero_datasets does not exist!
[Warning]: datasets path /home/user/Desktop/Ayush PH test/data/libero_datasets does not exist!
[LIBERO-OBJECT] m4 task9: 95.0%  (19/20 PASS, videos -> episode_videos/m4/)
[eval] DONE. summary: {
  "m4": {
    "LIBERO-OBJECT_avg": 0.8949999999999999,
    "LIBERO-OBJECT-V_avg": null
  }
}
[06-21 01:51:09] EVAL done    Object/m4
[LIBERO-OBJECT] FULL 10-task average = 89.5%
[LIBERO-OBJECT] EXCL task0 (65%) -> 9-task average = 92.2%
[LIBERO-OBJECT] wrote summary_full.json + summary_excl_task0.json + summary_both.csv -> deeponet_results/Object/runs/eval_m4
  saved libero_object_all10tasks.png
  saved libero_object_excl_task0_9tasks.png
[Object m4 30K] FULL 10-task avg = 89.5%
[Object m4 30K] EXCL task0 -> 9-task avg = 92.2%
[Object m4 30K] plots -> deeponet_results/Object/plots | summaries -> deeponet_results/Object/runs/eval_m4
[06-21 01:51:10] ######## RESULT READY: Object/m4 -> ./deeponet_results/Object/runs/eval_m4 (10-task + 9-task plots & summaries) ########
[06-21 01:51:10] TRAIN start  Long/m3  (deeponet/baseline) 30K
[train] head=deeponet variant=baseline seed=0 out=deeponet_results/Long/runs/m3_s0
Warning: You are sending unauthenticated requests to the HF Hub. Please set a HF_TOKEN to enable higher rate limits and faster downloads.
WARNING:huggingface_hub.utils._http:Warning: You are sending unauthenticated requests to the HF Hub. Please set a HF_TOKEN to enable higher rate limits and faster downloads.
`torch_dtype` is deprecated! Use `dtype` instead!
WARNING:root:Missing key(s) when loading model: {'model.deeponet.pool.blocks.2.ln_q.weight', 'model.deeponet.out_mlp.2.bias', 'model.deeponet.pool.blocks.0.attn.out_proj.weight', 'model.deeponet.branch.0.weight', 'model.deeponet.pool.blocks.1.ln_kv.weight', 'model.deeponet.branch.0.bias', 'model.deeponet.pool.blocks.2.ln_kv.weight', 'model.deeponet.branch.1.bias', 'model.deeponet.pool.blocks.2.attn.out_proj.bias', 'model.deeponet.pool.blocks.0.ln_q.weight', 'model.deeponet.pool.blocks.2.attn.in_proj_weight', 'model.deeponet.pool.blocks.2.attn.in_proj_bias', 'model.deeponet.pool.blocks.0.attn.in_proj_weight', 'model.deeponet.pool.blocks.1.attn.out_proj.bias', 'model.deeponet.pool.blocks.1.ln_kv.bias', 'model.deeponet.pool.blocks.1.attn.in_proj_bias', 'model.deeponet.trunk.2.weight', 'model.deeponet.pool.blocks.0.ln2.weight', 'model.deeponet.pool.blocks.0.ff.2.weight', 'model.deeponet.pool.blocks.1.ff.0.weight', 'model.deeponet.pool.blocks.0.attn.in_proj_bias', 'model.deeponet.pool.blocks.2.ln2.bias', 'model.deeponet.pool.in_proj.bias', 'model.deeponet.pool.blocks.1.ff.2.weight', 'model.deeponet.trunk.0.bias', 'model.deeponet.pool.blocks.2.ln_kv.bias', 'model.deeponet.pool.blocks.0.ln_q.bias', 'model.deeponet.pool.queries', 'model.deeponet.out_mlp.0.weight', 'model.deeponet.pool.blocks.2.ff.2.bias', 'model.deeponet.pool.blocks.2.ln_q.bias', 'model.deeponet.pool.blocks.0.ff.0.weight', 'model.deeponet.pool.blocks.0.ln2.bias', 'model.deeponet.pool.blocks.2.ln2.weight', 'model.deeponet.pool.blocks.0.ln_kv.bias', 'model.deeponet.pool.blocks.2.ff.2.weight', 'model.deeponet.pool.blocks.1.attn.in_proj_weight', 'model.deeponet.pool.blocks.1.ln2.bias', 'model.deeponet.trunk.4.bias', 'model.deeponet.pool.blocks.1.ln2.weight', 'model.deeponet.out_mlp.0.bias', 'model.deeponet.trunk.0.weight', 'model.deeponet.pool.blocks.0.ff.0.bias', 'model.deeponet.pool.blocks.1.attn.out_proj.weight', 'model.deeponet.pool.blocks.1.ff.0.bias', 'model.deeponet.pool.blocks.2.attn.out_proj.weight', 'model.deeponet.pool.in_proj.weight', 'model.deeponet.pool.blocks.1.ff.2.bias', 'model.deeponet.pool.blocks.0.attn.out_proj.bias', 'model.deeponet.pool.blocks.0.ln_kv.weight', 'model.deeponet.pool.blocks.2.ff.0.bias', 'model.deeponet.trunk.2.bias', 'model.deeponet.pool.blocks.2.ff.0.weight', 'model.deeponet.pool.blocks.0.ff.2.bias', 'model.deeponet.branch.3.bias', 'model.deeponet.pool.blocks.1.ln_q.bias', 'model.deeponet.branch.3.weight', 'model.deeponet.out_mlp.2.weight', 'model.deeponet.branch.1.weight', 'model.deeponet.pool.blocks.1.ln_q.weight', 'model.deeponet.trunk.4.weight', 'model.deeponet.out_bias'}
Loading  HuggingFaceTB/SmolVLM2-500M-Video-Instruct weights ...
Reducing the number of VLM layers to 16 ...
Loading  HuggingFaceTB/SmolVLM2-500M-Video-Instruct weights ...
Reducing the number of VLM layers to 16 ...
[train] dataset frames=101469 episodes=379 -> 1 epoch = 2114 steps @ batch 48
[train] planned frames seen = 1440000 = 14.19 epochs

=== stage1 | steps=1650 batch=48 trainable: head=10.40M backbone=0.0M ===
[stage1] step    199 | mse=0.8256 L1=0.6801 PH=0.0000 total=0.8256 | VRAM=9.5GB | 0.277s/it
[stage1] step    399 | mse=0.6191 L1=0.5921 PH=0.0000 total=0.6191 | VRAM=9.5GB | 0.277s/it
[stage1] step    599 | mse=0.4880 L1=0.5238 PH=0.0000 total=0.4880 | VRAM=9.5GB | 0.278s/it
[stage1] step    799 | mse=0.4252 L1=0.4883 PH=0.0000 total=0.4252 | VRAM=9.5GB | 0.278s/it
[stage1] step    999 | mse=0.4021 L1=0.4730 PH=0.0000 total=0.4021 | VRAM=9.5GB | 0.277s/it
[stage1] step   1199 | mse=0.3832 L1=0.4613 PH=0.0000 total=0.3832 | VRAM=9.5GB | 0.277s/it
[stage1] step   1399 | mse=0.3620 L1=0.4508 PH=0.0000 total=0.3620 | VRAM=9.5GB | 0.277s/it
[stage1] step   1599 | mse=0.3541 L1=0.4429 PH=0.0000 total=0.3541 | VRAM=9.5GB | 0.278s/it
[ckpt] saved -> deeponet_results/Long/runs/m3_s0/checkpoints/1650  (EMA weights)

=== stage2 | steps=28350 batch=48 trainable: head=10.40M backbone=350.2M ===
[stage2] step   1849 | mse=0.3300 L1=0.4281 PH=0.0000 total=0.3300 | VRAM=50.3GB | 0.636s/it
[stage2] step   2049 | mse=0.3277 L1=0.4249 PH=0.0000 total=0.3277 | VRAM=50.3GB | 0.636s/it
[stage2] step   2249 | mse=0.3129 L1=0.4187 PH=0.0000 total=0.3129 | VRAM=50.3GB | 0.636s/it
[stage2] step   2449 | mse=0.3061 L1=0.4142 PH=0.0000 total=0.3061 | VRAM=50.3GB | 0.638s/it
[stage2] step   2649 | mse=0.2906 L1=0.4052 PH=0.0000 total=0.2906 | VRAM=50.3GB | 0.634s/it
[stage2] step   2849 | mse=0.2796 L1=0.3983 PH=0.0000 total=0.2796 | VRAM=50.3GB | 0.634s/it
[stage2] step   3049 | mse=0.2733 L1=0.3935 PH=0.0000 total=0.2733 | VRAM=50.3GB | 0.635s/it
[stage2] step   3249 | mse=0.2617 L1=0.3872 PH=0.0000 total=0.2617 | VRAM=50.3GB | 0.636s/it
[stage2] step   3449 | mse=0.2544 L1=0.3832 PH=0.0000 total=0.2544 | VRAM=50.3GB | 0.636s/it
[stage2] step   3649 | mse=0.2451 L1=0.3758 PH=0.0000 total=0.2451 | VRAM=50.3GB | 0.636s/it
[stage2] step   3849 | mse=0.2293 L1=0.3681 PH=0.0000 total=0.2293 | VRAM=50.3GB | 0.633s/it
[stage2] step   4049 | mse=0.2180 L1=0.3564 PH=0.0000 total=0.2180 | VRAM=50.3GB | 0.634s/it
[stage2] step   4249 | mse=0.2142 L1=0.3553 PH=0.0000 total=0.2142 | VRAM=50.3GB | 0.636s/it
[stage2] step   4449 | mse=0.2044 L1=0.3490 PH=0.0000 total=0.2044 | VRAM=50.3GB | 0.635s/it
[stage2] step   4649 | mse=0.1983 L1=0.3453 PH=0.0000 total=0.1983 | VRAM=50.3GB | 0.639s/it
[stage2] step   4849 | mse=0.1920 L1=0.3393 PH=0.0000 total=0.1920 | VRAM=50.3GB | 0.636s/it
[stage2] step   5049 | mse=0.1853 L1=0.3347 PH=0.0000 total=0.1853 | VRAM=50.3GB | 0.635s/it
[stage2] step   5249 | mse=0.1821 L1=0.3321 PH=0.0000 total=0.1821 | VRAM=50.3GB | 0.637s/it
[stage2] step   5449 | mse=0.1745 L1=0.3262 PH=0.0000 total=0.1745 | VRAM=50.3GB | 0.637s/it
[stage2] step   5649 | mse=0.1694 L1=0.3212 PH=0.0000 total=0.1694 | VRAM=50.3GB | 0.889s/it
[stage2] step   5849 | mse=0.1643 L1=0.3171 PH=0.0000 total=0.1643 | VRAM=50.3GB | 0.876s/it
[stage2] step   6049 | mse=0.1540 L1=0.3090 PH=0.0000 total=0.1540 | VRAM=50.3GB | 0.634s/it
[stage2] step   6249 | mse=0.1497 L1=0.3040 PH=0.0000 total=0.1497 | VRAM=50.3GB | 0.635s/it
[stage2] step   6449 | mse=0.1443 L1=0.3014 PH=0.0000 total=0.1443 | VRAM=50.3GB | 0.635s/it
[stage2] step   6649 | mse=0.1428 L1=0.2987 PH=0.0000 total=0.1428 | VRAM=50.3GB | 0.637s/it
[stage2] step   6849 | mse=0.1386 L1=0.2949 PH=0.0000 total=0.1386 | VRAM=50.3GB | 0.635s/it
[stage2] step   7049 | mse=0.1352 L1=0.2932 PH=0.0000 total=0.1352 | VRAM=50.3GB | 0.634s/it
[stage2] step   7249 | mse=0.1333 L1=0.2896 PH=0.0000 total=0.1333 | VRAM=50.3GB | 0.635s/it
[stage2] step   7449 | mse=0.1291 L1=0.2862 PH=0.0000 total=0.1291 | VRAM=50.3GB | 0.637s/it
[stage2] step   7649 | mse=0.1283 L1=0.2854 PH=0.0000 total=0.1283 | VRAM=50.3GB | 0.641s/it
[stage2] step   7849 | mse=0.1255 L1=0.2811 PH=0.0000 total=0.1255 | VRAM=50.3GB | 0.636s/it
[stage2] step   8049 | mse=0.1200 L1=0.2769 PH=0.0000 total=0.1200 | VRAM=50.3GB | 0.634s/it
[stage2] step   8249 | mse=0.1140 L1=0.2709 PH=0.0000 total=0.1140 | VRAM=50.3GB | 0.634s/it
[stage2] step   8449 | mse=0.1133 L1=0.2697 PH=0.0000 total=0.1133 | VRAM=50.3GB | 0.635s/it
[stage2] step   8649 | mse=0.1107 L1=0.2675 PH=0.0000 total=0.1107 | VRAM=50.3GB | 0.635s/it
[stage2] step   8849 | mse=0.1111 L1=0.2658 PH=0.0000 total=0.1111 | VRAM=50.3GB | 0.636s/it
[stage2] step   9049 | mse=0.1091 L1=0.2650 PH=0.0000 total=0.1091 | VRAM=50.3GB | 0.635s/it
[stage2] step   9249 | mse=0.1070 L1=0.2624 PH=0.0000 total=0.1070 | VRAM=50.3GB | 0.634s/it
[stage2] step   9449 | mse=0.1046 L1=0.2588 PH=0.0000 total=0.1046 | VRAM=50.3GB | 0.634s/it
[stage2] step   9649 | mse=0.1040 L1=0.2587 PH=0.0000 total=0.1040 | VRAM=50.3GB | 0.634s/it
[stage2] step   9849 | mse=0.1020 L1=0.2572 PH=0.0000 total=0.1020 | VRAM=50.3GB | 0.636s/it
[stage2] step  10049 | mse=0.1005 L1=0.2552 PH=0.0000 total=0.1005 | VRAM=50.3GB | 0.635s/it
[stage2] step  10249 | mse=0.0949 L1=0.2483 PH=0.0000 total=0.0949 | VRAM=50.3GB | 0.634s/it
[stage2] step  10449 | mse=0.0933 L1=0.2456 PH=0.0000 total=0.0933 | VRAM=50.3GB | 0.633s/it
[stage2] step  10649 | mse=0.0927 L1=0.2464 PH=0.0000 total=0.0927 | VRAM=50.3GB | 0.634s/it
[stage2] step  10849 | mse=0.0904 L1=0.2448 PH=0.0000 total=0.0904 | VRAM=50.3GB | 0.634s/it
[stage2] step  11049 | mse=0.0909 L1=0.2452 PH=0.0000 total=0.0909 | VRAM=50.3GB | 0.635s/it
[stage2] step  11249 | mse=0.0908 L1=0.2436 PH=0.0000 total=0.0908 | VRAM=50.3GB | 0.635s/it
[stage2] step  11449 | mse=0.0885 L1=0.2421 PH=0.0000 total=0.0885 | VRAM=50.3GB | 0.634s/it
[stage2] step  11649 | mse=0.0883 L1=0.2399 PH=0.0000 total=0.0883 | VRAM=50.3GB | 0.633s/it
[ckpt] saved -> deeponet_results/Long/runs/m3_s0/checkpoints/11650  (EMA weights)
[stage2] step  11849 | mse=0.0865 L1=0.2380 PH=0.0000 total=0.0865 | VRAM=50.3GB | 0.634s/it
[stage2] step  12049 | mse=0.0870 L1=0.2373 PH=0.0000 total=0.0870 | VRAM=50.3GB | 0.634s/it
[stage2] step  12249 | mse=0.0849 L1=0.2363 PH=0.0000 total=0.0849 | VRAM=50.3GB | 0.633s/it
[stage2] step  12449 | mse=0.0810 L1=0.2303 PH=0.0000 total=0.0810 | VRAM=50.3GB | 0.634s/it
[stage2] step  12649 | mse=0.0790 L1=0.2304 PH=0.0000 total=0.0790 | VRAM=50.3GB | 0.633s/it
[stage2] step  12849 | mse=0.0793 L1=0.2302 PH=0.0000 total=0.0793 | VRAM=50.3GB | 0.632s/it
[stage2] step  13049 | mse=0.0780 L1=0.2265 PH=0.0000 total=0.0780 | VRAM=50.3GB | 0.633s/it
[stage2] step  13249 | mse=0.0780 L1=0.2272 PH=0.0000 total=0.0780 | VRAM=50.3GB | 0.632s/it
[stage2] step  13449 | mse=0.0776 L1=0.2279 PH=0.0000 total=0.0776 | VRAM=50.3GB | 0.633s/it
[stage2] step  13649 | mse=0.0769 L1=0.2270 PH=0.0000 total=0.0769 | VRAM=50.3GB | 0.635s/it
[stage2] step  13849 | mse=0.0756 L1=0.2256 PH=0.0000 total=0.0756 | VRAM=50.3GB | 0.633s/it
[stage2] step  14049 | mse=0.0763 L1=0.2230 PH=0.0000 total=0.0763 | VRAM=50.3GB | 0.631s/it
[stage2] step  14249 | mse=0.0752 L1=0.2240 PH=0.0000 total=0.0752 | VRAM=50.3GB | 0.633s/it
[stage2] step  14449 | mse=0.0726 L1=0.2199 PH=0.0000 total=0.0726 | VRAM=50.3GB | 0.633s/it
[stage2] step  14649 | mse=0.0703 L1=0.2182 PH=0.0000 total=0.0703 | VRAM=50.3GB | 0.730s/it
[stage2] step  14849 | mse=0.0691 L1=0.2179 PH=0.0000 total=0.0691 | VRAM=50.3GB | 1.228s/it
[stage2] step  15049 | mse=0.0711 L1=0.2180 PH=0.0000 total=0.0711 | VRAM=50.3GB | 1.827s/it
[stage2] step  15249 | mse=0.0695 L1=0.2159 PH=0.0000 total=0.0695 | VRAM=50.3GB | 2.826s/it
[stage2] step  15449 | mse=0.0689 L1=0.2156 PH=0.0000 total=0.0689 | VRAM=50.3GB | 4.143s/it
[stage2] step  15649 | mse=0.0695 L1=0.2151 PH=0.0000 total=0.0695 | VRAM=50.3GB | 4.121s/it
[stage2] step  15849 | mse=0.0680 L1=0.2128 PH=0.0000 total=0.0680 | VRAM=50.3GB | 4.085s/it
[stage2] step  16049 | mse=0.0678 L1=0.2131 PH=0.0000 total=0.0678 | VRAM=50.3GB | 4.215s/it
[stage2] step  16249 | mse=0.0669 L1=0.2116 PH=0.0000 total=0.0669 | VRAM=50.3GB | 4.123s/it
[stage2] step  16449 | mse=0.0666 L1=0.2106 PH=0.0000 total=0.0666 | VRAM=50.3GB | 4.021s/it
[stage2] step  16649 | mse=0.0638 L1=0.2057 PH=0.0000 total=0.0638 | VRAM=50.3GB | 3.596s/it
[stage2] step  16849 | mse=0.0639 L1=0.2087 PH=0.0000 total=0.0639 | VRAM=50.3GB | 1.871s/it
[stage2] step  17049 | mse=0.0632 L1=0.2070 PH=0.0000 total=0.0632 | VRAM=50.3GB | 0.865s/it
[stage2] step  17249 | mse=0.0631 L1=0.2078 PH=0.0000 total=0.0631 | VRAM=50.3GB | 0.636s/it
[stage2] step  17449 | mse=0.0623 L1=0.2059 PH=0.0000 total=0.0623 | VRAM=50.3GB | 0.635s/it
[stage2] step  17649 | mse=0.0628 L1=0.2053 PH=0.0000 total=0.0628 | VRAM=50.3GB | 0.635s/it
[stage2] step  17849 | mse=0.0631 L1=0.2077 PH=0.0000 total=0.0631 | VRAM=50.3GB | 0.636s/it
[stage2] step  18049 | mse=0.0622 L1=0.2041 PH=0.0000 total=0.0622 | VRAM=50.3GB | 0.637s/it
[stage2] step  18249 | mse=0.0619 L1=0.2060 PH=0.0000 total=0.0619 | VRAM=50.3GB | 0.638s/it
[stage2] step  18449 | mse=0.0615 L1=0.2036 PH=0.0000 total=0.0615 | VRAM=50.3GB | 0.636s/it
[stage2] step  18649 | mse=0.0598 L1=0.2022 PH=0.0000 total=0.0598 | VRAM=50.3GB | 0.634s/it
[stage2] step  18849 | mse=0.0575 L1=0.1987 PH=0.0000 total=0.0575 | VRAM=50.3GB | 0.634s/it
[stage2] step  19049 | mse=0.0582 L1=0.1987 PH=0.0000 total=0.0582 | VRAM=50.3GB | 0.635s/it
[stage2] step  19249 | mse=0.0582 L1=0.1976 PH=0.0000 total=0.0582 | VRAM=50.3GB | 0.636s/it
[stage2] step  19449 | mse=0.0574 L1=0.2005 PH=0.0000 total=0.0574 | VRAM=50.3GB | 0.636s/it
[stage2] step  19649 | mse=0.0573 L1=0.1974 PH=0.0000 total=0.0573 | VRAM=50.3GB | 0.637s/it
[stage2] step  19849 | mse=0.0575 L1=0.1983 PH=0.0000 total=0.0575 | VRAM=50.3GB | 0.634s/it
[stage2] step  20049 | mse=0.0571 L1=0.1969 PH=0.0000 total=0.0571 | VRAM=50.3GB | 0.639s/it
[stage2] step  20249 | mse=0.0565 L1=0.1960 PH=0.0000 total=0.0565 | VRAM=50.3GB | 0.635s/it
[stage2] step  20449 | mse=0.0563 L1=0.1952 PH=0.0000 total=0.0563 | VRAM=50.3GB | 0.635s/it
[stage2] step  20649 | mse=0.0567 L1=0.1976 PH=0.0000 total=0.0567 | VRAM=50.3GB | 0.635s/it
[stage2] step  20849 | mse=0.0540 L1=0.1916 PH=0.0000 total=0.0540 | VRAM=50.3GB | 0.636s/it
[stage2] step  21049 | mse=0.0541 L1=0.1916 PH=0.0000 total=0.0541 | VRAM=50.3GB | 0.635s/it
[stage2] step  21249 | mse=0.0541 L1=0.1935 PH=0.0000 total=0.0541 | VRAM=50.3GB | 0.635s/it
[stage2] step  21449 | mse=0.0531 L1=0.1911 PH=0.0000 total=0.0531 | VRAM=50.3GB | 0.636s/it
[stage2] step  21649 | mse=0.0535 L1=0.1913 PH=0.0000 total=0.0535 | VRAM=50.3GB | 0.636s/it
[ckpt] saved -> deeponet_results/Long/runs/m3_s0/checkpoints/21650  (EMA weights)
[stage2] step  21849 | mse=0.0533 L1=0.1918 PH=0.0000 total=0.0533 | VRAM=50.3GB | 0.639s/it
[stage2] step  22049 | mse=0.0531 L1=0.1898 PH=0.0000 total=0.0531 | VRAM=50.3GB | 0.636s/it
[stage2] step  22249 | mse=0.0521 L1=0.1918 PH=0.0000 total=0.0521 | VRAM=50.3GB | 0.635s/it
[stage2] step  22449 | mse=0.0527 L1=0.1909 PH=0.0000 total=0.0527 | VRAM=50.3GB | 0.635s/it
[stage2] step  22649 | mse=0.0520 L1=0.1886 PH=0.0000 total=0.0520 | VRAM=50.3GB | 0.634s/it
[stage2] step  22849 | mse=0.0521 L1=0.1896 PH=0.0000 total=0.0521 | VRAM=50.3GB | 0.634s/it
[stage2] step  23049 | mse=0.0498 L1=0.1869 PH=0.0000 total=0.0498 | VRAM=50.3GB | 0.636s/it
[stage2] step  23249 | mse=0.0500 L1=0.1850 PH=0.0000 total=0.0500 | VRAM=50.3GB | 0.636s/it
[stage2] step  23449 | mse=0.0500 L1=0.1872 PH=0.0000 total=0.0500 | VRAM=50.3GB | 0.635s/it
[stage2] step  23649 | mse=0.0497 L1=0.1851 PH=0.0000 total=0.0497 | VRAM=50.3GB | 0.635s/it
[stage2] step  23849 | mse=0.0500 L1=0.1858 PH=0.0000 total=0.0500 | VRAM=50.3GB | 0.636s/it
[stage2] step  24049 | mse=0.0496 L1=0.1864 PH=0.0000 total=0.0496 | VRAM=50.3GB | 0.639s/it
[stage2] step  24249 | mse=0.0491 L1=0.1845 PH=0.0000 total=0.0491 | VRAM=50.3GB | 0.635s/it
[stage2] step  24449 | mse=0.0505 L1=0.1845 PH=0.0000 total=0.0505 | VRAM=50.3GB | 0.634s/it
[stage2] step  24649 | mse=0.0490 L1=0.1849 PH=0.0000 total=0.0490 | VRAM=50.3GB | 0.636s/it
[stage2] step  24849 | mse=0.0491 L1=0.1835 PH=0.0000 total=0.0491 | VRAM=50.3GB | 0.636s/it
[stage2] step  25049 | mse=0.0472 L1=0.1818 PH=0.0000 total=0.0472 | VRAM=50.3GB | 0.635s/it
[stage2] step  25249 | mse=0.0468 L1=0.1815 PH=0.0000 total=0.0468 | VRAM=50.3GB | 0.636s/it
[stage2] step  25449 | mse=0.0466 L1=0.1809 PH=0.0000 total=0.0466 | VRAM=50.3GB | 0.634s/it
[stage2] step  25649 | mse=0.0470 L1=0.1795 PH=0.0000 total=0.0470 | VRAM=50.3GB | 0.635s/it
[stage2] step  25849 | mse=0.0467 L1=0.1807 PH=0.0000 total=0.0467 | VRAM=50.3GB | 0.635s/it
[stage2] step  26049 | mse=0.0463 L1=0.1807 PH=0.0000 total=0.0463 | VRAM=50.3GB | 1.901s/it
[stage2] step  26249 | mse=0.0471 L1=0.1811 PH=0.0000 total=0.0471 | VRAM=50.3GB | 1.618s/it
[stage2] step  26449 | mse=0.0463 L1=0.1794 PH=0.0000 total=0.0463 | VRAM=50.3GB | 0.634s/it
[stage2] step  26649 | mse=0.0465 L1=0.1787 PH=0.0000 total=0.0465 | VRAM=50.3GB | 0.907s/it
[stage2] step  26849 | mse=0.0466 L1=0.1805 PH=0.0000 total=0.0466 | VRAM=50.3GB | 0.853s/it
[stage2] step  27049 | mse=0.0458 L1=0.1783 PH=0.0000 total=0.0458 | VRAM=50.3GB | 0.633s/it
[stage2] step  27249 | mse=0.0445 L1=0.1765 PH=0.0000 total=0.0445 | VRAM=50.3GB | 0.635s/it
[stage2] step  27449 | mse=0.0446 L1=0.1774 PH=0.0000 total=0.0446 | VRAM=50.3GB | 0.636s/it
[stage2] step  27649 | mse=0.0441 L1=0.1747 PH=0.0000 total=0.0441 | VRAM=50.3GB | 0.633s/it
[stage2] step  27849 | mse=0.0444 L1=0.1770 PH=0.0000 total=0.0444 | VRAM=50.3GB | 0.634s/it
[stage2] step  28049 | mse=0.0445 L1=0.1768 PH=0.0000 total=0.0445 | VRAM=50.3GB | 0.635s/it
[stage2] step  28249 | mse=0.0444 L1=0.1752 PH=0.0000 total=0.0444 | VRAM=50.3GB | 0.635s/it
[stage2] step  28449 | mse=0.0440 L1=0.1765 PH=0.0000 total=0.0440 | VRAM=50.3GB | 0.640s/it
[stage2] step  28649 | mse=0.0437 L1=0.1745 PH=0.0000 total=0.0437 | VRAM=50.3GB | 0.635s/it
[stage2] step  28849 | mse=0.0436 L1=0.1765 PH=0.0000 total=0.0436 | VRAM=50.3GB | 0.634s/it
[stage2] step  29049 | mse=0.0435 L1=0.1743 PH=0.0000 total=0.0435 | VRAM=50.3GB | 0.639s/it
[stage2] step  29249 | mse=0.0430 L1=0.1740 PH=0.0000 total=0.0430 | VRAM=50.3GB | 0.634s/it
[stage2] step  29449 | mse=0.0416 L1=0.1716 PH=0.0000 total=0.0416 | VRAM=50.3GB | 0.635s/it
[stage2] step  29649 | mse=0.0420 L1=0.1721 PH=0.0000 total=0.0420 | VRAM=50.3GB | 0.636s/it
[stage2] step  29849 | mse=0.0413 L1=0.1709 PH=0.0000 total=0.0413 | VRAM=50.3GB | 0.634s/it
[ckpt] saved -> deeponet_results/Long/runs/m3_s0/checkpoints/30000  (EMA weights)

[train] DONE head=deeponet variant=baseline steps=30000 wall=534.2 min -> deeponet_results/Long/runs/m3_s0
[06-21 10:45:57] TRAIN done   Long/m3
[06-21 10:45:57] TRAIN start  Long/m4  (deeponet/ph) 30K
[train] head=deeponet variant=ph seed=0 out=deeponet_results/Long/runs/m4_s0
`torch_dtype` is deprecated! Use `dtype` instead!
Warning: You are sending unauthenticated requests to the HF Hub. Please set a HF_TOKEN to enable higher rate limits and faster downloads.
WARNING:huggingface_hub.utils._http:Warning: You are sending unauthenticated requests to the HF Hub. Please set a HF_TOKEN to enable higher rate limits and faster downloads.
WARNING:root:Missing key(s) when loading model: {'model.deeponet.pool.blocks.1.attn.out_proj.weight', 'model.deeponet.trunk.2.weight', 'model.deeponet.pool.blocks.1.attn.in_proj_bias', 'model.deeponet.pool.blocks.2.attn.out_proj.weight', 'model.deeponet.trunk.2.bias', 'model.deeponet.pool.blocks.2.attn.in_proj_weight', 'model.deeponet.pool.blocks.1.attn.in_proj_weight', 'model.deeponet.pool.blocks.2.ln_q.weight', 'model.deeponet.pool.blocks.2.ln2.bias', 'model.deeponet.pool.blocks.0.ln2.bias', 'model.deeponet.pool.blocks.1.attn.out_proj.bias', 'model.deeponet.pool.blocks.0.ff.0.bias', 'model.deeponet.pool.blocks.2.attn.in_proj_bias', 'model.deeponet.trunk.4.weight', 'model.deeponet.pool.blocks.2.ln_kv.weight', 'model.deeponet.trunk.4.bias', 'model.deeponet.pool.blocks.0.ff.0.weight', 'model.deeponet.pool.blocks.1.ln_q.bias', 'model.deeponet.pool.blocks.2.ff.0.weight', 'model.deeponet.branch.1.bias', 'model.deeponet.out_mlp.2.bias', 'model.deeponet.pool.blocks.0.ln2.weight', 'model.deeponet.pool.queries', 'model.deeponet.pool.in_proj.weight', 'model.deeponet.pool.blocks.1.ln_kv.weight', 'model.deeponet.pool.blocks.1.ln_kv.bias', 'model.deeponet.pool.blocks.2.ln_q.bias', 'model.deeponet.pool.blocks.1.ln2.bias', 'model.deeponet.pool.blocks.0.attn.in_proj_bias', 'model.deeponet.branch.1.weight', 'model.deeponet.branch.3.bias', 'model.deeponet.pool.blocks.1.ln2.weight', 'model.deeponet.pool.blocks.0.ln_q.bias', 'model.deeponet.out_mlp.0.weight', 'model.deeponet.pool.blocks.1.ff.0.weight', 'model.deeponet.pool.blocks.1.ff.2.weight', 'model.deeponet.pool.blocks.2.ff.2.weight', 'model.deeponet.branch.0.bias', 'model.deeponet.pool.blocks.2.attn.out_proj.bias', 'model.deeponet.pool.blocks.2.ff.0.bias', 'model.deeponet.pool.blocks.0.attn.out_proj.bias', 'model.deeponet.branch.3.weight', 'model.deeponet.pool.blocks.0.ln_q.weight', 'model.deeponet.pool.blocks.0.attn.out_proj.weight', 'model.deeponet.pool.in_proj.bias', 'model.deeponet.pool.blocks.2.ln_kv.bias', 'model.deeponet.pool.blocks.0.attn.in_proj_weight', 'model.deeponet.branch.0.weight', 'model.deeponet.pool.blocks.1.ff.0.bias', 'model.deeponet.pool.blocks.1.ln_q.weight', 'model.deeponet.pool.blocks.0.ff.2.weight', 'model.deeponet.out_mlp.2.weight', 'model.deeponet.pool.blocks.0.ln_kv.weight', 'model.deeponet.pool.blocks.2.ln2.weight', 'model.deeponet.out_mlp.0.bias', 'model.deeponet.trunk.0.weight', 'model.deeponet.trunk.0.bias', 'model.deeponet.pool.blocks.0.ff.2.bias', 'model.deeponet.pool.blocks.0.ln_kv.bias', 'model.deeponet.out_bias', 'model.deeponet.pool.blocks.1.ff.2.bias', 'model.deeponet.pool.blocks.2.ff.2.bias'}
Loading  HuggingFaceTB/SmolVLM2-500M-Video-Instruct weights ...
Reducing the number of VLM layers to 16 ...
Loading  HuggingFaceTB/SmolVLM2-500M-Video-Instruct weights ...
Reducing the number of VLM layers to 16 ...
[train] dataset frames=101469 episodes=379 -> 1 epoch = 2114 steps @ batch 48
[train] planned frames seen = 1440000 = 14.19 epochs

=== stage1 | steps=1650 batch=48 trainable: head=10.40M backbone=0.0M ===
[stage1] step    199 | mse=0.8455 L1=0.6898 PH=2.4748 total=0.8950 | VRAM=9.5GB | 0.278s/it
[stage1] step    399 | mse=0.6447 L1=0.6062 PH=1.7096 total=0.6788 | VRAM=9.5GB | 0.279s/it
[stage1] step    599 | mse=0.5066 L1=0.5345 PH=1.4695 total=0.5360 | VRAM=9.5GB | 0.279s/it
[stage1] step    799 | mse=0.4345 L1=0.4937 PH=1.2215 total=0.4590 | VRAM=9.5GB | 0.280s/it
[stage1] step    999 | mse=0.4068 L1=0.4763 PH=1.1335 total=0.4295 | VRAM=9.5GB | 0.279s/it
[stage1] step   1199 | mse=0.3863 L1=0.4629 PH=1.1170 total=0.4087 | VRAM=9.5GB | 0.277s/it
[stage1] step   1399 | mse=0.3659 L1=0.4520 PH=1.0554 total=0.3870 | VRAM=9.5GB | 0.279s/it
[stage1] step   1599 | mse=0.3560 L1=0.4433 PH=1.0187 total=0.3764 | VRAM=9.5GB | 0.278s/it
[ckpt] saved -> deeponet_results/Long/runs/m4_s0/checkpoints/1650  (EMA weights)

=== stage2 | steps=28350 batch=48 trainable: head=10.40M backbone=350.2M ===
[stage2] step   1849 | mse=0.3308 L1=0.4276 PH=0.9884 total=0.3506 | VRAM=50.3GB | 0.636s/it
[stage2] step   2049 | mse=0.3298 L1=0.4254 PH=0.9755 total=0.3493 | VRAM=50.3GB | 0.637s/it
[stage2] step   2249 | mse=0.3168 L1=0.4189 PH=0.9428 total=0.3357 | VRAM=50.3GB | 0.635s/it
[stage2] step   2449 | mse=0.3087 L1=0.4128 PH=0.9219 total=0.3272 | VRAM=50.3GB | 0.635s/it
[stage2] step   2649 | mse=0.2939 L1=0.4046 PH=0.8991 total=0.3119 | VRAM=50.3GB | 0.637s/it
[stage2] step   2849 | mse=0.2819 L1=0.3972 PH=0.8694 total=0.2992 | VRAM=50.3GB | 0.637s/it
[stage2] step   3049 | mse=0.2745 L1=0.3913 PH=0.8424 total=0.2914 | VRAM=50.3GB | 0.638s/it
[stage2] step   3249 | mse=0.2629 L1=0.3835 PH=0.8294 total=0.2795 | VRAM=50.3GB | 0.635s/it
[stage2] step   3449 | mse=0.2561 L1=0.3806 PH=0.8106 total=0.2723 | VRAM=50.3GB | 0.635s/it
[stage2] step   3649 | mse=0.2464 L1=0.3720 PH=0.7875 total=0.2621 | VRAM=50.3GB | 0.636s/it
[stage2] step   3849 | mse=0.2297 L1=0.3633 PH=0.7511 total=0.2447 | VRAM=50.3GB | 0.633s/it
[stage2] step   4049 | mse=0.2193 L1=0.3528 PH=0.7187 total=0.2336 | VRAM=50.3GB | 0.634s/it
[stage2] step   4249 | mse=0.2151 L1=0.3509 PH=0.7115 total=0.2293 | VRAM=50.3GB | 0.634s/it
[stage2] step   4449 | mse=0.2039 L1=0.3427 PH=0.6739 total=0.2174 | VRAM=50.3GB | 0.634s/it
[stage2] step   4649 | mse=0.1975 L1=0.3387 PH=0.6685 total=0.2109 | VRAM=50.3GB | 0.634s/it
[stage2] step   4849 | mse=0.1918 L1=0.3338 PH=0.6427 total=0.2047 | VRAM=50.3GB | 0.635s/it
[stage2] step   5049 | mse=0.1862 L1=0.3298 PH=0.6276 total=0.1987 | VRAM=50.3GB | 0.635s/it
[stage2] step   5249 | mse=0.1823 L1=0.3252 PH=0.6205 total=0.1947 | VRAM=50.3GB | 0.634s/it
[stage2] step   5449 | mse=0.1757 L1=0.3197 PH=0.6023 total=0.1877 | VRAM=50.3GB | 0.638s/it
[stage2] step   5649 | mse=0.1699 L1=0.3156 PH=0.5823 total=0.1815 | VRAM=50.3GB | 0.635s/it
[stage2] step   5849 | mse=0.1651 L1=0.3104 PH=0.5657 total=0.1764 | VRAM=50.3GB | 0.635s/it
[stage2] step   6049 | mse=0.1548 L1=0.3018 PH=0.5420 total=0.1656 | VRAM=50.3GB | 0.635s/it
[stage2] step   6249 | mse=0.1491 L1=0.2972 PH=0.5250 total=0.1596 | VRAM=50.3GB | 0.634s/it
[stage2] step   6449 | mse=0.1444 L1=0.2943 PH=0.5168 total=0.1548 | VRAM=50.3GB | 0.633s/it
[stage2] step   6649 | mse=0.1442 L1=0.2923 PH=0.5071 total=0.1543 | VRAM=50.3GB | 0.632s/it
[stage2] step   6849 | mse=0.1391 L1=0.2878 PH=0.5053 total=0.1492 | VRAM=50.3GB | 0.632s/it
[stage2] step   7049 | mse=0.1367 L1=0.2871 PH=0.4943 total=0.1466 | VRAM=50.3GB | 0.633s/it
[stage2] step   7249 | mse=0.1344 L1=0.2831 PH=0.4856 total=0.1441 | VRAM=50.3GB | 0.634s/it
[stage2] step   7449 | mse=0.1300 L1=0.2797 PH=0.4746 total=0.1395 | VRAM=50.3GB | 0.632s/it
[stage2] step   7649 | mse=0.1301 L1=0.2788 PH=0.4695 total=0.1394 | VRAM=50.3GB | 0.632s/it
[stage2] step   7849 | mse=0.1262 L1=0.2744 PH=0.4672 total=0.1355 | VRAM=50.3GB | 0.632s/it
[stage2] step   8049 | mse=0.1221 L1=0.2704 PH=0.4564 total=0.1312 | VRAM=50.3GB | 0.632s/it
[stage2] step   8249 | mse=0.1147 L1=0.2636 PH=0.4308 total=0.1234 | VRAM=50.3GB | 0.635s/it
[stage2] step   8449 | mse=0.1152 L1=0.2637 PH=0.4307 total=0.1239 | VRAM=50.3GB | 0.635s/it
[stage2] step   8649 | mse=0.1115 L1=0.2601 PH=0.4231 total=0.1200 | VRAM=50.3GB | 0.633s/it
[stage2] step   8849 | mse=0.1120 L1=0.2589 PH=0.4136 total=0.1202 | VRAM=50.3GB | 0.633s/it
[stage2] step   9049 | mse=0.1101 L1=0.2585 PH=0.4181 total=0.1184 | VRAM=50.3GB | 0.636s/it
[stage2] step   9249 | mse=0.1077 L1=0.2548 PH=0.4097 total=0.1159 | VRAM=50.3GB | 0.639s/it
[stage2] step   9449 | mse=0.1051 L1=0.2519 PH=0.4041 total=0.1131 | VRAM=50.3GB | 0.635s/it
[stage2] step   9649 | mse=0.1039 L1=0.2508 PH=0.3982 total=0.1118 | VRAM=50.3GB | 0.634s/it
[stage2] step   9849 | mse=0.1022 L1=0.2490 PH=0.3954 total=0.1101 | VRAM=50.3GB | 0.635s/it
[stage2] step  10049 | mse=0.1014 L1=0.2480 PH=0.3953 total=0.1094 | VRAM=50.3GB | 0.636s/it
[stage2] step  10249 | mse=0.0964 L1=0.2410 PH=0.3764 total=0.1039 | VRAM=50.3GB | 0.635s/it
[stage2] step  10449 | mse=0.0945 L1=0.2384 PH=0.3683 total=0.1018 | VRAM=50.3GB | 0.633s/it
[stage2] step  10649 | mse=0.0939 L1=0.2389 PH=0.3691 total=0.1013 | VRAM=50.3GB | 0.635s/it
[stage2] step  10849 | mse=0.0914 L1=0.2372 PH=0.3649 total=0.0987 | VRAM=50.3GB | 0.635s/it
[stage2] step  11049 | mse=0.0910 L1=0.2365 PH=0.3668 total=0.0983 | VRAM=50.3GB | 0.633s/it
[stage2] step  11249 | mse=0.0914 L1=0.2352 PH=0.3626 total=0.0987 | VRAM=50.3GB | 0.633s/it
[stage2] step  11449 | mse=0.0897 L1=0.2343 PH=0.3598 total=0.0969 | VRAM=50.3GB | 0.635s/it
[stage2] step  11649 | mse=0.0900 L1=0.2331 PH=0.3557 total=0.0971 | VRAM=50.3GB | 0.633s/it
[ckpt] saved -> deeponet_results/Long/runs/m4_s0/checkpoints/11650  (EMA weights)
[stage2] step  11849 | mse=0.0869 L1=0.2305 PH=0.3546 total=0.0940 | VRAM=50.3GB | 0.635s/it
[stage2] step  12049 | mse=0.0874 L1=0.2298 PH=0.3491 total=0.0943 | VRAM=50.3GB | 0.635s/it
[stage2] step  12249 | mse=0.0857 L1=0.2288 PH=0.3484 total=0.0927 | VRAM=50.3GB | 0.623s/it
[stage2] step  12449 | mse=0.0815 L1=0.2231 PH=0.3384 total=0.0882 | VRAM=50.3GB | 0.634s/it
[stage2] step  12649 | mse=0.0802 L1=0.2225 PH=0.3354 total=0.0869 | VRAM=50.3GB | 0.634s/it
[stage2] step  12849 | mse=0.0806 L1=0.2220 PH=0.3321 total=0.0873 | VRAM=50.3GB | 0.635s/it
[stage2] step  13049 | mse=0.0799 L1=0.2197 PH=0.3328 total=0.0865 | VRAM=50.3GB | 0.632s/it
[stage2] step  13249 | mse=0.0790 L1=0.2200 PH=0.3303 total=0.0856 | VRAM=50.3GB | 0.634s/it
[stage2] step  13449 | mse=0.0785 L1=0.2192 PH=0.3200 total=0.0849 | VRAM=50.3GB | 0.633s/it
[stage2] step  13649 | mse=0.0767 L1=0.2177 PH=0.3263 total=0.0833 | VRAM=50.3GB | 0.635s/it
[stage2] step  13849 | mse=0.0763 L1=0.2167 PH=0.3177 total=0.0827 | VRAM=50.3GB | 0.633s/it
[stage2] step  14049 | mse=0.0771 L1=0.2152 PH=0.3217 total=0.0836 | VRAM=50.3GB | 0.635s/it
[stage2] step  14249 | mse=0.0758 L1=0.2152 PH=0.3234 total=0.0823 | VRAM=50.3GB | 0.634s/it
[stage2] step  14449 | mse=0.0736 L1=0.2121 PH=0.3108 total=0.0798 | VRAM=50.3GB | 0.636s/it
[stage2] step  14649 | mse=0.0710 L1=0.2100 PH=0.3086 total=0.0772 | VRAM=50.3GB | 0.636s/it
[stage2] step  14849 | mse=0.0707 L1=0.2097 PH=0.3060 total=0.0768 | VRAM=50.3GB | 0.634s/it
[stage2] step  15049 | mse=0.0723 L1=0.2095 PH=0.3095 total=0.0784 | VRAM=50.3GB | 0.634s/it
[stage2] step  15249 | mse=0.0710 L1=0.2080 PH=0.3030 total=0.0771 | VRAM=50.3GB | 0.635s/it
[stage2] step  15449 | mse=0.0698 L1=0.2067 PH=0.3077 total=0.0760 | VRAM=50.3GB | 0.635s/it
[stage2] step  15649 | mse=0.0698 L1=0.2057 PH=0.3045 total=0.0759 | VRAM=50.3GB | 0.632s/it
[stage2] step  15849 | mse=0.0691 L1=0.2047 PH=0.2995 total=0.0751 | VRAM=50.3GB | 0.632s/it
[stage2] step  16049 | mse=0.0682 L1=0.2046 PH=0.2990 total=0.0742 | VRAM=50.3GB | 0.634s/it
[stage2] step  16249 | mse=0.0678 L1=0.2035 PH=0.2995 total=0.0738 | VRAM=50.3GB | 0.634s/it
[stage2] step  16449 | mse=0.0677 L1=0.2023 PH=0.2930 total=0.0735 | VRAM=50.3GB | 5.251s/it
[stage2] step  16649 | mse=0.0647 L1=0.1983 PH=0.2848 total=0.0704 | VRAM=50.3GB | 0.634s/it
[stage2] step  16849 | mse=0.0647 L1=0.1995 PH=0.2864 total=0.0705 | VRAM=50.3GB | 0.634s/it
[stage2] step  17049 | mse=0.0652 L1=0.1991 PH=0.2847 total=0.0709 | VRAM=50.3GB | 0.634s/it
[stage2] step  17249 | mse=0.0635 L1=0.1972 PH=0.2820 total=0.0692 | VRAM=50.3GB | 0.635s/it
[stage2] step  17449 | mse=0.0639 L1=0.1977 PH=0.2867 total=0.0696 | VRAM=50.3GB | 0.635s/it
[stage2] step  17649 | mse=0.0642 L1=0.1973 PH=0.2845 total=0.0699 | VRAM=50.3GB | 0.635s/it
[stage2] step  17849 | mse=0.0638 L1=0.1981 PH=0.2873 total=0.0696 | VRAM=50.3GB | 0.635s/it
[stage2] step  18049 | mse=0.0624 L1=0.1951 PH=0.2814 total=0.0680 | VRAM=50.3GB | 0.636s/it
[stage2] step  18249 | mse=0.0619 L1=0.1954 PH=0.2849 total=0.0676 | VRAM=50.3GB | 0.636s/it
[stage2] step  18449 | mse=0.0615 L1=0.1944 PH=0.2770 total=0.0670 | VRAM=50.3GB | 0.635s/it
[stage2] step  18649 | mse=0.0606 L1=0.1927 PH=0.2769 total=0.0662 | VRAM=50.3GB | 0.634s/it
[stage2] step  18849 | mse=0.0585 L1=0.1895 PH=0.2687 total=0.0639 | VRAM=50.3GB | 0.635s/it
[stage2] step  19049 | mse=0.0588 L1=0.1900 PH=0.2715 total=0.0643 | VRAM=50.3GB | 0.636s/it
[stage2] step  19249 | mse=0.0594 L1=0.1895 PH=0.2667 total=0.0648 | VRAM=50.3GB | 0.640s/it
[stage2] step  19449 | mse=0.0585 L1=0.1903 PH=0.2673 total=0.0638 | VRAM=50.3GB | 0.636s/it
[stage2] step  19649 | mse=0.0582 L1=0.1882 PH=0.2661 total=0.0635 | VRAM=50.3GB | 0.634s/it
[stage2] step  19849 | mse=0.0583 L1=0.1891 PH=0.2696 total=0.0637 | VRAM=50.3GB | 0.635s/it
[stage2] step  20049 | mse=0.0584 L1=0.1884 PH=0.2699 total=0.0638 | VRAM=50.3GB | 4.146s/it
[stage2] step  20249 | mse=0.0575 L1=0.1872 PH=0.2626 total=0.0627 | VRAM=50.3GB | 5.268s/it
[stage2] step  20449 | mse=0.0577 L1=0.1867 PH=0.2643 total=0.0630 | VRAM=50.3GB | 4.875s/it
[stage2] step  20649 | mse=0.0576 L1=0.1881 PH=0.2681 total=0.0630 | VRAM=50.3GB | 0.636s/it
[stage2] step  20849 | mse=0.0547 L1=0.1832 PH=0.2560 total=0.0598 | VRAM=50.3GB | 0.634s/it
[stage2] step  21049 | mse=0.0548 L1=0.1833 PH=0.2541 total=0.0599 | VRAM=50.3GB | 0.634s/it
[stage2] step  21249 | mse=0.0550 L1=0.1837 PH=0.2557 total=0.0601 | VRAM=50.3GB | 0.634s/it
[stage2] step  21449 | mse=0.0539 L1=0.1819 PH=0.2553 total=0.0590 | VRAM=50.3GB | 0.635s/it
[stage2] step  21649 | mse=0.0540 L1=0.1817 PH=0.2549 total=0.0591 | VRAM=50.3GB | 0.634s/it
[ckpt] saved -> deeponet_results/Long/runs/m4_s0/checkpoints/21650  (EMA weights)
[stage2] step  21849 | mse=0.0536 L1=0.1817 PH=0.2547 total=0.0587 | VRAM=50.3GB | 0.636s/it
[stage2] step  22049 | mse=0.0539 L1=0.1812 PH=0.2578 total=0.0591 | VRAM=50.3GB | 0.634s/it
[stage2] step  22249 | mse=0.0532 L1=0.1815 PH=0.2538 total=0.0583 | VRAM=50.3GB | 0.635s/it
[stage2] step  22449 | mse=0.0540 L1=0.1817 PH=0.2530 total=0.0591 | VRAM=50.3GB | 0.636s/it
[stage2] step  22649 | mse=0.0534 L1=0.1798 PH=0.2472 total=0.0584 | VRAM=50.3GB | 0.635s/it
[stage2] step  22849 | mse=0.0524 L1=0.1793 PH=0.2502 total=0.0574 | VRAM=50.3GB | 0.633s/it
[stage2] step  23049 | mse=0.0505 L1=0.1767 PH=0.2439 total=0.0554 | VRAM=50.3GB | 0.640s/it
[stage2] step  23249 | mse=0.0509 L1=0.1762 PH=0.2461 total=0.0558 | VRAM=50.3GB | 3.544s/it
[stage2] step  23449 | mse=0.0505 L1=0.1774 PH=0.2416 total=0.0553 | VRAM=50.3GB | 3.492s/it
[stage2] step  23649 | mse=0.0509 L1=0.1762 PH=0.2453 total=0.0558 | VRAM=50.3GB | 1.334s/it
[stage2] step  23849 | mse=0.0504 L1=0.1758 PH=0.2426 total=0.0553 | VRAM=50.3GB | 0.636s/it
[stage2] step  24049 | mse=0.0504 L1=0.1758 PH=0.2416 total=0.0552 | VRAM=50.3GB | 0.636s/it
[stage2] step  24249 | mse=0.0501 L1=0.1757 PH=0.2469 total=0.0551 | VRAM=50.3GB | 0.636s/it
[stage2] step  24449 | mse=0.0515 L1=0.1762 PH=0.2463 total=0.0564 | VRAM=50.3GB | 0.634s/it
[stage2] step  24649 | mse=0.0500 L1=0.1750 PH=0.2428 total=0.0549 | VRAM=50.3GB | 0.635s/it
[stage2] step  24849 | mse=0.0496 L1=0.1739 PH=0.2435 total=0.0545 | VRAM=50.3GB | 0.637s/it
[stage2] step  25049 | mse=0.0486 L1=0.1726 PH=0.2344 total=0.0533 | VRAM=50.3GB | 0.635s/it
[stage2] step  25249 | mse=0.0481 L1=0.1723 PH=0.2407 total=0.0529 | VRAM=50.3GB | 0.635s/it
[stage2] step  25449 | mse=0.0478 L1=0.1712 PH=0.2337 total=0.0524 | VRAM=50.3GB | 0.635s/it
[stage2] step  25649 | mse=0.0476 L1=0.1707 PH=0.2350 total=0.0523 | VRAM=50.3GB | 0.635s/it
[stage2] step  25849 | mse=0.0482 L1=0.1719 PH=0.2370 total=0.0529 | VRAM=50.3GB | 0.636s/it
[stage2] step  26049 | mse=0.0474 L1=0.1710 PH=0.2347 total=0.0521 | VRAM=50.3GB | 0.635s/it
[stage2] step  26249 | mse=0.0482 L1=0.1717 PH=0.2370 total=0.0529 | VRAM=50.3GB | 0.632s/it
[stage2] step  26449 | mse=0.0473 L1=0.1703 PH=0.2343 total=0.0520 | VRAM=50.3GB | 0.633s/it
[stage2] step  26649 | mse=0.0471 L1=0.1693 PH=0.2333 total=0.0518 | VRAM=50.3GB | 0.634s/it
[stage2] step  26849 | mse=0.0471 L1=0.1698 PH=0.2335 total=0.0517 | VRAM=50.3GB | 0.637s/it
[stage2] step  27049 | mse=0.0464 L1=0.1687 PH=0.2309 total=0.0510 | VRAM=50.3GB | 0.633s/it
[stage2] step  27249 | mse=0.0452 L1=0.1665 PH=0.2236 total=0.0496 | VRAM=50.3GB | 0.633s/it
[stage2] step  27449 | mse=0.0453 L1=0.1671 PH=0.2287 total=0.0499 | VRAM=50.3GB | 0.633s/it
[stage2] step  27649 | mse=0.0453 L1=0.1658 PH=0.2264 total=0.0498 | VRAM=50.3GB | 0.640s/it
[stage2] step  27849 | mse=0.0457 L1=0.1678 PH=0.2295 total=0.0503 | VRAM=50.3GB | 0.634s/it
[stage2] step  28049 | mse=0.0449 L1=0.1667 PH=0.2320 total=0.0495 | VRAM=50.3GB | 0.633s/it
[stage2] step  28249 | mse=0.0457 L1=0.1666 PH=0.2286 total=0.0502 | VRAM=50.3GB | 0.632s/it
[stage2] step  28449 | mse=0.0450 L1=0.1663 PH=0.2287 total=0.0496 | VRAM=50.3GB | 0.635s/it
[stage2] step  28649 | mse=0.0443 L1=0.1646 PH=0.2255 total=0.0488 | VRAM=50.3GB | 0.634s/it
[stage2] step  28849 | mse=0.0443 L1=0.1656 PH=0.2227 total=0.0488 | VRAM=50.3GB | 0.634s/it
[stage2] step  29049 | mse=0.0446 L1=0.1653 PH=0.2241 total=0.0491 | VRAM=50.3GB | 0.633s/it
[stage2] step  29249 | mse=0.0439 L1=0.1646 PH=0.2240 total=0.0484 | VRAM=50.3GB | 0.633s/it
[stage2] step  29449 | mse=0.0429 L1=0.1623 PH=0.2198 total=0.0473 | VRAM=50.3GB | 0.632s/it
[stage2] step  29649 | mse=0.0429 L1=0.1619 PH=0.2223 total=0.0474 | VRAM=50.3GB | 0.633s/it
[stage2] step  29849 | mse=0.0423 L1=0.1616 PH=0.2173 total=0.0466 | VRAM=50.3GB | 0.635s/it
[ckpt] saved -> deeponet_results/Long/runs/m4_s0/checkpoints/30000  (EMA weights)

[train] DONE head=deeponet variant=ph steps=30000 wall=573.5 min -> deeponet_results/Long/runs/m4_s0
[06-21 20:20:01] TRAIN done   Long/m4
[06-21 20:20:01] EVAL start   Long/m3 -> eval_m3
Warning: You are sending unauthenticated requests to the HF Hub. Please set a HF_TOKEN to enable higher rate limits and faster downloads.
WARNING:huggingface_hub.utils._http:Warning: You are sending unauthenticated requests to the HF Hub. Please set a HF_TOKEN to enable higher rate limits and faster downloads.
`torch_dtype` is deprecated! Use `dtype` instead!
Loading  HuggingFaceTB/SmolVLM2-500M-Video-Instruct weights ...
Reducing the number of VLM layers to 16 ...
Loading  HuggingFaceTB/SmolVLM2-500M-Video-Instruct weights ...
Reducing the number of VLM layers to 16 ...
Loading weights from local directory
[eval] loaded m3 (head=deeponet) replan=5 <- deeponet_results/Long/runs/m3_s0/checkpoints/30000
[robosuite WARNING] No private macro file found! (__init__.py:7)
WARNING:robosuite_logs:No private macro file found!
[robosuite WARNING] It is recommended to use a private macro file (__init__.py:8)
WARNING:robosuite_logs:It is recommended to use a private macro file
[robosuite WARNING] To setup, run: python /home/user/Desktop/Ayush PH test/venv/lib/python3.12/site-packages/robosuite/scripts/setup_macros.py (__init__.py:9)
WARNING:robosuite_logs:To setup, run: python /home/user/Desktop/Ayush PH test/venv/lib/python3.12/site-packages/robosuite/scripts/setup_macros.py
Multiple -pix_fmt options specified for stream 0, only the last option '-pix_fmt yuv420p' will be used.
Multiple -pix_fmt options specified for stream 0, only the last option '-pix_fmt yuv420p' will be used.
Multiple -pix_fmt options specified for stream 0, only the last option '-pix_fmt yuv420p' will be used.
Multiple -pix_fmt options specified for stream 0, only the last option '-pix_fmt yuv420p' will be used.
Multiple -pix_fmt options specified for stream 0, only the last option '-pix_fmt yuv420p' will be used.
Multiple -pix_fmt options specified for stream 0, only the last option '-pix_fmt yuv420p' will be used.
Multiple -pix_fmt options specified for stream 0, only the last option '-pix_fmt yuv420p' will be used.
Multiple -pix_fmt options specified for stream 0, only the last option '-pix_fmt yuv420p' will be used.
Multiple -pix_fmt options specified for stream 0, only the last option '-pix_fmt yuv420p' will be used.
Multiple -pix_fmt options specified for stream 0, only the last option '-pix_fmt yuv420p' will be used.
Multiple -pix_fmt options specified for stream 0, only the last option '-pix_fmt yuv420p' will be used.
Multiple -pix_fmt options specified for stream 0, only the last option '-pix_fmt yuv420p' will be used.
Multiple -pix_fmt options specified for stream 0, only the last option '-pix_fmt yuv420p' will be used.
Multiple -pix_fmt options specified for stream 0, only the last option '-pix_fmt yuv420p' will be used.
Multiple -pix_fmt options specified for stream 0, only the last option '-pix_fmt yuv420p' will be used.
Multiple -pix_fmt options specified for stream 0, only the last option '-pix_fmt yuv420p' will be used.
Multiple -pix_fmt options specified for stream 0, only the last option '-pix_fmt yuv420p' will be used.
Multiple -pix_fmt options specified for stream 0, only the last option '-pix_fmt yuv420p' will be used.
Multiple -pix_fmt options specified for stream 0, only the last option '-pix_fmt yuv420p' will be used.
Multiple -pix_fmt options specified for stream 0, only the last option '-pix_fmt yuv420p' will be used.
[info] using task orders [0, 1, 2, 3, 4, 5, 6, 7, 8, 9]
[Warning]: datasets path /home/user/Desktop/Ayush PH test/data/libero_datasets does not exist!
[Warning]: datasets path /home/user/Desktop/Ayush PH test/data/libero_datasets does not exist!
[LIBERO-10] m3 task0: 30.0%  (6/20 PASS, videos -> episode_videos/m3/)
Multiple -pix_fmt options specified for stream 0, only the last option '-pix_fmt yuv420p' will be used.
Multiple -pix_fmt options specified for stream 0, only the last option '-pix_fmt yuv420p' will be used.
Multiple -pix_fmt options specified for stream 0, only the last option '-pix_fmt yuv420p' will be used.
Multiple -pix_fmt options specified for stream 0, only the last option '-pix_fmt yuv420p' will be used.
Multiple -pix_fmt options specified for stream 0, only the last option '-pix_fmt yuv420p' will be used.
Multiple -pix_fmt options specified for stream 0, only the last option '-pix_fmt yuv420p' will be used.
Multiple -pix_fmt options specified for stream 0, only the last option '-pix_fmt yuv420p' will be used.
Multiple -pix_fmt options specified for stream 0, only the last option '-pix_fmt yuv420p' will be used.
Multiple -pix_fmt options specified for stream 0, only the last option '-pix_fmt yuv420p' will be used.
Multiple -pix_fmt options specified for stream 0, only the last option '-pix_fmt yuv420p' will be used.
Multiple -pix_fmt options specified for stream 0, only the last option '-pix_fmt yuv420p' will be used.
Multiple -pix_fmt options specified for stream 0, only the last option '-pix_fmt yuv420p' will be used.
Multiple -pix_fmt options specified for stream 0, only the last option '-pix_fmt yuv420p' will be used.
Multiple -pix_fmt options specified for stream 0, only the last option '-pix_fmt yuv420p' will be used.
Multiple -pix_fmt options specified for stream 0, only the last option '-pix_fmt yuv420p' will be used.
Multiple -pix_fmt options specified for stream 0, only the last option '-pix_fmt yuv420p' will be used.
Multiple -pix_fmt options specified for stream 0, only the last option '-pix_fmt yuv420p' will be used.
Multiple -pix_fmt options specified for stream 0, only the last option '-pix_fmt yuv420p' will be used.
Multiple -pix_fmt options specified for stream 0, only the last option '-pix_fmt yuv420p' will be used.
Multiple -pix_fmt options specified for stream 0, only the last option '-pix_fmt yuv420p' will be used.
[info] using task orders [0, 1, 2, 3, 4, 5, 6, 7, 8, 9]
[Warning]: datasets path /home/user/Desktop/Ayush PH test/data/libero_datasets does not exist!
[Warning]: datasets path /home/user/Desktop/Ayush PH test/data/libero_datasets does not exist!
[LIBERO-10] m3 task1: 65.0%  (13/20 PASS, videos -> episode_videos/m3/)
Multiple -pix_fmt options specified for stream 0, only the last option '-pix_fmt yuv420p' will be used.
Multiple -pix_fmt options specified for stream 0, only the last option '-pix_fmt yuv420p' will be used.
Multiple -pix_fmt options specified for stream 0, only the last option '-pix_fmt yuv420p' will be used.
Multiple -pix_fmt options specified for stream 0, only the last option '-pix_fmt yuv420p' will be used.
Multiple -pix_fmt options specified for stream 0, only the last option '-pix_fmt yuv420p' will be used.
Multiple -pix_fmt options specified for stream 0, only the last option '-pix_fmt yuv420p' will be used.
Multiple -pix_fmt options specified for stream 0, only the last option '-pix_fmt yuv420p' will be used.
Multiple -pix_fmt options specified for stream 0, only the last option '-pix_fmt yuv420p' will be used.
Multiple -pix_fmt options specified for stream 0, only the last option '-pix_fmt yuv420p' will be used.
Multiple -pix_fmt options specified for stream 0, only the last option '-pix_fmt yuv420p' will be used.
Multiple -pix_fmt options specified for stream 0, only the last option '-pix_fmt yuv420p' will be used.
Multiple -pix_fmt options specified for stream 0, only the last option '-pix_fmt yuv420p' will be used.
Multiple -pix_fmt options specified for stream 0, only the last option '-pix_fmt yuv420p' will be used.
Multiple -pix_fmt options specified for stream 0, only the last option '-pix_fmt yuv420p' will be used.
Multiple -pix_fmt options specified for stream 0, only the last option '-pix_fmt yuv420p' will be used.
Multiple -pix_fmt options specified for stream 0, only the last option '-pix_fmt yuv420p' will be used.
Multiple -pix_fmt options specified for stream 0, only the last option '-pix_fmt yuv420p' will be used.
Multiple -pix_fmt options specified for stream 0, only the last option '-pix_fmt yuv420p' will be used.
Multiple -pix_fmt options specified for stream 0, only the last option '-pix_fmt yuv420p' will be used.
Multiple -pix_fmt options specified for stream 0, only the last option '-pix_fmt yuv420p' will be used.
[info] using task orders [0, 1, 2, 3, 4, 5, 6, 7, 8, 9]
[Warning]: datasets path /home/user/Desktop/Ayush PH test/data/libero_datasets does not exist!
[Warning]: datasets path /home/user/Desktop/Ayush PH test/data/libero_datasets does not exist!
[LIBERO-10] m3 task2: 90.0%  (18/20 PASS, videos -> episode_videos/m3/)
Multiple -pix_fmt options specified for stream 0, only the last option '-pix_fmt yuv420p' will be used.
Multiple -pix_fmt options specified for stream 0, only the last option '-pix_fmt yuv420p' will be used.
Multiple -pix_fmt options specified for stream 0, only the last option '-pix_fmt yuv420p' will be used.
Multiple -pix_fmt options specified for stream 0, only the last option '-pix_fmt yuv420p' will be used.
Multiple -pix_fmt options specified for stream 0, only the last option '-pix_fmt yuv420p' will be used.
Multiple -pix_fmt options specified for stream 0, only the last option '-pix_fmt yuv420p' will be used.
Multiple -pix_fmt options specified for stream 0, only the last option '-pix_fmt yuv420p' will be used.
Multiple -pix_fmt options specified for stream 0, only the last option '-pix_fmt yuv420p' will be used.
Multiple -pix_fmt options specified for stream 0, only the last option '-pix_fmt yuv420p' will be used.
Multiple -pix_fmt options specified for stream 0, only the last option '-pix_fmt yuv420p' will be used.
Multiple -pix_fmt options specified for stream 0, only the last option '-pix_fmt yuv420p' will be used.
Multiple -pix_fmt options specified for stream 0, only the last option '-pix_fmt yuv420p' will be used.
Multiple -pix_fmt options specified for stream 0, only the last option '-pix_fmt yuv420p' will be used.
Multiple -pix_fmt options specified for stream 0, only the last option '-pix_fmt yuv420p' will be used.
Multiple -pix_fmt options specified for stream 0, only the last option '-pix_fmt yuv420p' will be used.
Multiple -pix_fmt options specified for stream 0, only the last option '-pix_fmt yuv420p' will be used.
Multiple -pix_fmt options specified for stream 0, only the last option '-pix_fmt yuv420p' will be used.
Multiple -pix_fmt options specified for stream 0, only the last option '-pix_fmt yuv420p' will be used.
Multiple -pix_fmt options specified for stream 0, only the last option '-pix_fmt yuv420p' will be used.
Multiple -pix_fmt options specified for stream 0, only the last option '-pix_fmt yuv420p' will be used.
[info] using task orders [0, 1, 2, 3, 4, 5, 6, 7, 8, 9]
[Warning]: datasets path /home/user/Desktop/Ayush PH test/data/libero_datasets does not exist!
[Warning]: datasets path /home/user/Desktop/Ayush PH test/data/libero_datasets does not exist!
[LIBERO-10] m3 task3: 100.0%  (20/20 PASS, videos -> episode_videos/m3/)
Multiple -pix_fmt options specified for stream 0, only the last option '-pix_fmt yuv420p' will be used.
Multiple -pix_fmt options specified for stream 0, only the last option '-pix_fmt yuv420p' will be used.
Multiple -pix_fmt options specified for stream 0, only the last option '-pix_fmt yuv420p' will be used.
Multiple -pix_fmt options specified for stream 0, only the last option '-pix_fmt yuv420p' will be used.
Multiple -pix_fmt options specified for stream 0, only the last option '-pix_fmt yuv420p' will be used.
Multiple -pix_fmt options specified for stream 0, only the last option '-pix_fmt yuv420p' will be used.
Multiple -pix_fmt options specified for stream 0, only the last option '-pix_fmt yuv420p' will be used.
Multiple -pix_fmt options specified for stream 0, only the last option '-pix_fmt yuv420p' will be used.
Multiple -pix_fmt options specified for stream 0, only the last option '-pix_fmt yuv420p' will be used.
Multiple -pix_fmt options specified for stream 0, only the last option '-pix_fmt yuv420p' will be used.
Multiple -pix_fmt options specified for stream 0, only the last option '-pix_fmt yuv420p' will be used.
Multiple -pix_fmt options specified for stream 0, only the last option '-pix_fmt yuv420p' will be used.
Multiple -pix_fmt options specified for stream 0, only the last option '-pix_fmt yuv420p' will be used.
Multiple -pix_fmt options specified for stream 0, only the last option '-pix_fmt yuv420p' will be used.
Multiple -pix_fmt options specified for stream 0, only the last option '-pix_fmt yuv420p' will be used.
Multiple -pix_fmt options specified for stream 0, only the last option '-pix_fmt yuv420p' will be used.
Multiple -pix_fmt options specified for stream 0, only the last option '-pix_fmt yuv420p' will be used.
Multiple -pix_fmt options specified for stream 0, only the last option '-pix_fmt yuv420p' will be used.
Multiple -pix_fmt options specified for stream 0, only the last option '-pix_fmt yuv420p' will be used.
Multiple -pix_fmt options specified for stream 0, only the last option '-pix_fmt yuv420p' will be used.
[info] using task orders [0, 1, 2, 3, 4, 5, 6, 7, 8, 9]
[Warning]: datasets path /home/user/Desktop/Ayush PH test/data/libero_datasets does not exist!
[Warning]: datasets path /home/user/Desktop/Ayush PH test/data/libero_datasets does not exist!
[LIBERO-10] m3 task4: 60.0%  (12/20 PASS, videos -> episode_videos/m3/)
Multiple -pix_fmt options specified for stream 0, only the last option '-pix_fmt yuv420p' will be used.
Multiple -pix_fmt options specified for stream 0, only the last option '-pix_fmt yuv420p' will be used.
Multiple -pix_fmt options specified for stream 0, only the last option '-pix_fmt yuv420p' will be used.
Multiple -pix_fmt options specified for stream 0, only the last option '-pix_fmt yuv420p' will be used.
Multiple -pix_fmt options specified for stream 0, only the last option '-pix_fmt yuv420p' will be used.
Multiple -pix_fmt options specified for stream 0, only the last option '-pix_fmt yuv420p' will be used.
Multiple -pix_fmt options specified for stream 0, only the last option '-pix_fmt yuv420p' will be used.
Multiple -pix_fmt options specified for stream 0, only the last option '-pix_fmt yuv420p' will be used.
Multiple -pix_fmt options specified for stream 0, only the last option '-pix_fmt yuv420p' will be used.
Multiple -pix_fmt options specified for stream 0, only the last option '-pix_fmt yuv420p' will be used.
Multiple -pix_fmt options specified for stream 0, only the last option '-pix_fmt yuv420p' will be used.
Multiple -pix_fmt options specified for stream 0, only the last option '-pix_fmt yuv420p' will be used.
Multiple -pix_fmt options specified for stream 0, only the last option '-pix_fmt yuv420p' will be used.
Multiple -pix_fmt options specified for stream 0, only the last option '-pix_fmt yuv420p' will be used.
Multiple -pix_fmt options specified for stream 0, only the last option '-pix_fmt yuv420p' will be used.
Multiple -pix_fmt options specified for stream 0, only the last option '-pix_fmt yuv420p' will be used.
Multiple -pix_fmt options specified for stream 0, only the last option '-pix_fmt yuv420p' will be used.
Multiple -pix_fmt options specified for stream 0, only the last option '-pix_fmt yuv420p' will be used.
Multiple -pix_fmt options specified for stream 0, only the last option '-pix_fmt yuv420p' will be used.
Multiple -pix_fmt options specified for stream 0, only the last option '-pix_fmt yuv420p' will be used.
[info] using task orders [0, 1, 2, 3, 4, 5, 6, 7, 8, 9]
[Warning]: datasets path /home/user/Desktop/Ayush PH test/data/libero_datasets does not exist!
[Warning]: datasets path /home/user/Desktop/Ayush PH test/data/libero_datasets does not exist!
[LIBERO-10] m3 task5: 75.0%  (15/20 PASS, videos -> episode_videos/m3/)
Multiple -pix_fmt options specified for stream 0, only the last option '-pix_fmt yuv420p' will be used.
Multiple -pix_fmt options specified for stream 0, only the last option '-pix_fmt yuv420p' will be used.
Multiple -pix_fmt options specified for stream 0, only the last option '-pix_fmt yuv420p' will be used.
Multiple -pix_fmt options specified for stream 0, only the last option '-pix_fmt yuv420p' will be used.
Multiple -pix_fmt options specified for stream 0, only the last option '-pix_fmt yuv420p' will be used.
Multiple -pix_fmt options specified for stream 0, only the last option '-pix_fmt yuv420p' will be used.
Multiple -pix_fmt options specified for stream 0, only the last option '-pix_fmt yuv420p' will be used.
Multiple -pix_fmt options specified for stream 0, only the last option '-pix_fmt yuv420p' will be used.
Multiple -pix_fmt options specified for stream 0, only the last option '-pix_fmt yuv420p' will be used.
Multiple -pix_fmt options specified for stream 0, only the last option '-pix_fmt yuv420p' will be used.
Multiple -pix_fmt options specified for stream 0, only the last option '-pix_fmt yuv420p' will be used.
Multiple -pix_fmt options specified for stream 0, only the last option '-pix_fmt yuv420p' will be used.
Multiple -pix_fmt options specified for stream 0, only the last option '-pix_fmt yuv420p' will be used.
Multiple -pix_fmt options specified for stream 0, only the last option '-pix_fmt yuv420p' will be used.
Multiple -pix_fmt options specified for stream 0, only the last option '-pix_fmt yuv420p' will be used.
Multiple -pix_fmt options specified for stream 0, only the last option '-pix_fmt yuv420p' will be used.
Multiple -pix_fmt options specified for stream 0, only the last option '-pix_fmt yuv420p' will be used.
Multiple -pix_fmt options specified for stream 0, only the last option '-pix_fmt yuv420p' will be used.
Multiple -pix_fmt options specified for stream 0, only the last option '-pix_fmt yuv420p' will be used.
Multiple -pix_fmt options specified for stream 0, only the last option '-pix_fmt yuv420p' will be used.
[info] using task orders [0, 1, 2, 3, 4, 5, 6, 7, 8, 9]
[Warning]: datasets path /home/user/Desktop/Ayush PH test/data/libero_datasets does not exist!
[Warning]: datasets path /home/user/Desktop/Ayush PH test/data/libero_datasets does not exist!
[LIBERO-10] m3 task6: 20.0%  (4/20 PASS, videos -> episode_videos/m3/)
Multiple -pix_fmt options specified for stream 0, only the last option '-pix_fmt yuv420p' will be used.
Multiple -pix_fmt options specified for stream 0, only the last option '-pix_fmt yuv420p' will be used.
Multiple -pix_fmt options specified for stream 0, only the last option '-pix_fmt yuv420p' will be used.
Multiple -pix_fmt options specified for stream 0, only the last option '-pix_fmt yuv420p' will be used.
Multiple -pix_fmt options specified for stream 0, only the last option '-pix_fmt yuv420p' will be used.
Multiple -pix_fmt options specified for stream 0, only the last option '-pix_fmt yuv420p' will be used.
Multiple -pix_fmt options specified for stream 0, only the last option '-pix_fmt yuv420p' will be used.
Multiple -pix_fmt options specified for stream 0, only the last option '-pix_fmt yuv420p' will be used.
Multiple -pix_fmt options specified for stream 0, only the last option '-pix_fmt yuv420p' will be used.
Multiple -pix_fmt options specified for stream 0, only the last option '-pix_fmt yuv420p' will be used.
Multiple -pix_fmt options specified for stream 0, only the last option '-pix_fmt yuv420p' will be used.
Multiple -pix_fmt options specified for stream 0, only the last option '-pix_fmt yuv420p' will be used.
Multiple -pix_fmt options specified for stream 0, only the last option '-pix_fmt yuv420p' will be used.
Multiple -pix_fmt options specified for stream 0, only the last option '-pix_fmt yuv420p' will be used.
Multiple -pix_fmt options specified for stream 0, only the last option '-pix_fmt yuv420p' will be used.
Multiple -pix_fmt options specified for stream 0, only the last option '-pix_fmt yuv420p' will be used.
Multiple -pix_fmt options specified for stream 0, only the last option '-pix_fmt yuv420p' will be used.
Multiple -pix_fmt options specified for stream 0, only the last option '-pix_fmt yuv420p' will be used.
Multiple -pix_fmt options specified for stream 0, only the last option '-pix_fmt yuv420p' will be used.
Multiple -pix_fmt options specified for stream 0, only the last option '-pix_fmt yuv420p' will be used.
[info] using task orders [0, 1, 2, 3, 4, 5, 6, 7, 8, 9]
[Warning]: datasets path /home/user/Desktop/Ayush PH test/data/libero_datasets does not exist!
[Warning]: datasets path /home/user/Desktop/Ayush PH test/data/libero_datasets does not exist!
[LIBERO-10] m3 task7: 50.0%  (10/20 PASS, videos -> episode_videos/m3/)
Multiple -pix_fmt options specified for stream 0, only the last option '-pix_fmt yuv420p' will be used.
Multiple -pix_fmt options specified for stream 0, only the last option '-pix_fmt yuv420p' will be used.
Multiple -pix_fmt options specified for stream 0, only the last option '-pix_fmt yuv420p' will be used.
Multiple -pix_fmt options specified for stream 0, only the last option '-pix_fmt yuv420p' will be used.
Multiple -pix_fmt options specified for stream 0, only the last option '-pix_fmt yuv420p' will be used.
Multiple -pix_fmt options specified for stream 0, only the last option '-pix_fmt yuv420p' will be used.
Multiple -pix_fmt options specified for stream 0, only the last option '-pix_fmt yuv420p' will be used.
Multiple -pix_fmt options specified for stream 0, only the last option '-pix_fmt yuv420p' will be used.
Multiple -pix_fmt options specified for stream 0, only the last option '-pix_fmt yuv420p' will be used.
Multiple -pix_fmt options specified for stream 0, only the last option '-pix_fmt yuv420p' will be used.
Multiple -pix_fmt options specified for stream 0, only the last option '-pix_fmt yuv420p' will be used.
Multiple -pix_fmt options specified for stream 0, only the last option '-pix_fmt yuv420p' will be used.
Multiple -pix_fmt options specified for stream 0, only the last option '-pix_fmt yuv420p' will be used.
Multiple -pix_fmt options specified for stream 0, only the last option '-pix_fmt yuv420p' will be used.
Multiple -pix_fmt options specified for stream 0, only the last option '-pix_fmt yuv420p' will be used.
Multiple -pix_fmt options specified for stream 0, only the last option '-pix_fmt yuv420p' will be used.
Multiple -pix_fmt options specified for stream 0, only the last option '-pix_fmt yuv420p' will be used.
Multiple -pix_fmt options specified for stream 0, only the last option '-pix_fmt yuv420p' will be used.
Multiple -pix_fmt options specified for stream 0, only the last option '-pix_fmt yuv420p' will be used.
Multiple -pix_fmt options specified for stream 0, only the last option '-pix_fmt yuv420p' will be used.
[info] using task orders [0, 1, 2, 3, 4, 5, 6, 7, 8, 9]
[Warning]: datasets path /home/user/Desktop/Ayush PH test/data/libero_datasets does not exist!
[Warning]: datasets path /home/user/Desktop/Ayush PH test/data/libero_datasets does not exist!
[LIBERO-10] m3 task8: 20.0%  (4/20 PASS, videos -> episode_videos/m3/)
Multiple -pix_fmt options specified for stream 0, only the last option '-pix_fmt yuv420p' will be used.
Multiple -pix_fmt options specified for stream 0, only the last option '-pix_fmt yuv420p' will be used.
Multiple -pix_fmt options specified for stream 0, only the last option '-pix_fmt yuv420p' will be used.
Multiple -pix_fmt options specified for stream 0, only the last option '-pix_fmt yuv420p' will be used.
Multiple -pix_fmt options specified for stream 0, only the last option '-pix_fmt yuv420p' will be used.
Multiple -pix_fmt options specified for stream 0, only the last option '-pix_fmt yuv420p' will be used.
Multiple -pix_fmt options specified for stream 0, only the last option '-pix_fmt yuv420p' will be used.
Multiple -pix_fmt options specified for stream 0, only the last option '-pix_fmt yuv420p' will be used.
Multiple -pix_fmt options specified for stream 0, only the last option '-pix_fmt yuv420p' will be used.
Multiple -pix_fmt options specified for stream 0, only the last option '-pix_fmt yuv420p' will be used.
Multiple -pix_fmt options specified for stream 0, only the last option '-pix_fmt yuv420p' will be used.
Multiple -pix_fmt options specified for stream 0, only the last option '-pix_fmt yuv420p' will be used.
Multiple -pix_fmt options specified for stream 0, only the last option '-pix_fmt yuv420p' will be used.
Multiple -pix_fmt options specified for stream 0, only the last option '-pix_fmt yuv420p' will be used.
Multiple -pix_fmt options specified for stream 0, only the last option '-pix_fmt yuv420p' will be used.
Multiple -pix_fmt options specified for stream 0, only the last option '-pix_fmt yuv420p' will be used.
Multiple -pix_fmt options specified for stream 0, only the last option '-pix_fmt yuv420p' will be used.
Multiple -pix_fmt options specified for stream 0, only the last option '-pix_fmt yuv420p' will be used.
Multiple -pix_fmt options specified for stream 0, only the last option '-pix_fmt yuv420p' will be used.
Multiple -pix_fmt options specified for stream 0, only the last option '-pix_fmt yuv420p' will be used.
[info] using task orders [0, 1, 2, 3, 4, 5, 6, 7, 8, 9]
[Warning]: datasets path /home/user/Desktop/Ayush PH test/data/libero_datasets does not exist!
[Warning]: datasets path /home/user/Desktop/Ayush PH test/data/libero_datasets does not exist!
[LIBERO-10] m3 task9: 75.0%  (15/20 PASS, videos -> episode_videos/m3/)
[eval] DONE. summary: {
  "m3": {
    "LIBERO-10_avg": 0.585,
    "LIBERO-10-V_avg": null
  }
}
[06-21 20:50:08] EVAL done    Long/m3
[LIBERO-10] FULL 10-task average = 58.5%
[LIBERO-10] EXCL task6 (20%) -> 9-task average = 62.8%
[LIBERO-10] wrote summary_full.json + summary_excl_task6.json + summary_both.csv -> deeponet_results/Long/runs/eval_m3
  saved libero_10_all10tasks.png
  saved libero_10_excl_task6_9tasks.png
[Long m3 30K] FULL 10-task avg = 58.5%
[Long m3 30K] EXCL task6 -> 9-task avg = 62.8%
[Long m3 30K] plots -> deeponet_results/Long/plots | summaries -> deeponet_results/Long/runs/eval_m3
[06-21 20:50:09] ######## RESULT READY: Long/m3 -> ./deeponet_results/Long/runs/eval_m3 (10-task + 9-task plots & summaries) ########
[06-21 20:50:09] EVAL start   Long/m4 -> eval_m4
Warning: You are sending unauthenticated requests to the HF Hub. Please set a HF_TOKEN to enable higher rate limits and faster downloads.
WARNING:huggingface_hub.utils._http:Warning: You are sending unauthenticated requests to the HF Hub. Please set a HF_TOKEN to enable higher rate limits and faster downloads.
`torch_dtype` is deprecated! Use `dtype` instead!
Loading  HuggingFaceTB/SmolVLM2-500M-Video-Instruct weights ...
Reducing the number of VLM layers to 16 ...
Loading  HuggingFaceTB/SmolVLM2-500M-Video-Instruct weights ...
Reducing the number of VLM layers to 16 ...
Loading weights from local directory
[eval] loaded m4 (head=deeponet) replan=5 <- deeponet_results/Long/runs/m4_s0/checkpoints/30000
[robosuite WARNING] No private macro file found! (__init__.py:7)
WARNING:robosuite_logs:No private macro file found!
[robosuite WARNING] It is recommended to use a private macro file (__init__.py:8)
WARNING:robosuite_logs:It is recommended to use a private macro file
[robosuite WARNING] To setup, run: python /home/user/Desktop/Ayush PH test/venv/lib/python3.12/site-packages/robosuite/scripts/setup_macros.py (__init__.py:9)
WARNING:robosuite_logs:To setup, run: python /home/user/Desktop/Ayush PH test/venv/lib/python3.12/site-packages/robosuite/scripts/setup_macros.py
Multiple -pix_fmt options specified for stream 0, only the last option '-pix_fmt yuv420p' will be used.
Multiple -pix_fmt options specified for stream 0, only the last option '-pix_fmt yuv420p' will be used.
Multiple -pix_fmt options specified for stream 0, only the last option '-pix_fmt yuv420p' will be used.
Multiple -pix_fmt options specified for stream 0, only the last option '-pix_fmt yuv420p' will be used.
Multiple -pix_fmt options specified for stream 0, only the last option '-pix_fmt yuv420p' will be used.
Multiple -pix_fmt options specified for stream 0, only the last option '-pix_fmt yuv420p' will be used.
Multiple -pix_fmt options specified for stream 0, only the last option '-pix_fmt yuv420p' will be used.
Multiple -pix_fmt options specified for stream 0, only the last option '-pix_fmt yuv420p' will be used.
Multiple -pix_fmt options specified for stream 0, only the last option '-pix_fmt yuv420p' will be used.
Multiple -pix_fmt options specified for stream 0, only the last option '-pix_fmt yuv420p' will be used.
Multiple -pix_fmt options specified for stream 0, only the last option '-pix_fmt yuv420p' will be used.
Multiple -pix_fmt options specified for stream 0, only the last option '-pix_fmt yuv420p' will be used.
Multiple -pix_fmt options specified for stream 0, only the last option '-pix_fmt yuv420p' will be used.
Multiple -pix_fmt options specified for stream 0, only the last option '-pix_fmt yuv420p' will be used.
Multiple -pix_fmt options specified for stream 0, only the last option '-pix_fmt yuv420p' will be used.
Multiple -pix_fmt options specified for stream 0, only the last option '-pix_fmt yuv420p' will be used.
Multiple -pix_fmt options specified for stream 0, only the last option '-pix_fmt yuv420p' will be used.
Multiple -pix_fmt options specified for stream 0, only the last option '-pix_fmt yuv420p' will be used.
Multiple -pix_fmt options specified for stream 0, only the last option '-pix_fmt yuv420p' will be used.
Multiple -pix_fmt options specified for stream 0, only the last option '-pix_fmt yuv420p' will be used.
[info] using task orders [0, 1, 2, 3, 4, 5, 6, 7, 8, 9]
[Warning]: datasets path /home/user/Desktop/Ayush PH test/data/libero_datasets does not exist!
[Warning]: datasets path /home/user/Desktop/Ayush PH test/data/libero_datasets does not exist!
[LIBERO-10] m4 task0: 20.0%  (4/20 PASS, videos -> episode_videos/m4/)
Multiple -pix_fmt options specified for stream 0, only the last option '-pix_fmt yuv420p' will be used.
Multiple -pix_fmt options specified for stream 0, only the last option '-pix_fmt yuv420p' will be used.
Multiple -pix_fmt options specified for stream 0, only the last option '-pix_fmt yuv420p' will be used.
Multiple -pix_fmt options specified for stream 0, only the last option '-pix_fmt yuv420p' will be used.
Multiple -pix_fmt options specified for stream 0, only the last option '-pix_fmt yuv420p' will be used.
Multiple -pix_fmt options specified for stream 0, only the last option '-pix_fmt yuv420p' will be used.
Multiple -pix_fmt options specified for stream 0, only the last option '-pix_fmt yuv420p' will be used.
Multiple -pix_fmt options specified for stream 0, only the last option '-pix_fmt yuv420p' will be used.
Multiple -pix_fmt options specified for stream 0, only the last option '-pix_fmt yuv420p' will be used.
Multiple -pix_fmt options specified for stream 0, only the last option '-pix_fmt yuv420p' will be used.
Multiple -pix_fmt options specified for stream 0, only the last option '-pix_fmt yuv420p' will be used.
Multiple -pix_fmt options specified for stream 0, only the last option '-pix_fmt yuv420p' will be used.
Multiple -pix_fmt options specified for stream 0, only the last option '-pix_fmt yuv420p' will be used.
Multiple -pix_fmt options specified for stream 0, only the last option '-pix_fmt yuv420p' will be used.
Multiple -pix_fmt options specified for stream 0, only the last option '-pix_fmt yuv420p' will be used.
Multiple -pix_fmt options specified for stream 0, only the last option '-pix_fmt yuv420p' will be used.
Multiple -pix_fmt options specified for stream 0, only the last option '-pix_fmt yuv420p' will be used.
Multiple -pix_fmt options specified for stream 0, only the last option '-pix_fmt yuv420p' will be used.
Multiple -pix_fmt options specified for stream 0, only the last option '-pix_fmt yuv420p' will be used.
Multiple -pix_fmt options specified for stream 0, only the last option '-pix_fmt yuv420p' will be used.
[info] using task orders [0, 1, 2, 3, 4, 5, 6, 7, 8, 9]
[Warning]: datasets path /home/user/Desktop/Ayush PH test/data/libero_datasets does not exist!
[Warning]: datasets path /home/user/Desktop/Ayush PH test/data/libero_datasets does not exist!
[LIBERO-10] m4 task1: 55.0%  (11/20 PASS, videos -> episode_videos/m4/)
Multiple -pix_fmt options specified for stream 0, only the last option '-pix_fmt yuv420p' will be used.
Multiple -pix_fmt options specified for stream 0, only the last option '-pix_fmt yuv420p' will be used.
Multiple -pix_fmt options specified for stream 0, only the last option '-pix_fmt yuv420p' will be used.
Multiple -pix_fmt options specified for stream 0, only the last option '-pix_fmt yuv420p' will be used.
Multiple -pix_fmt options specified for stream 0, only the last option '-pix_fmt yuv420p' will be used.
Multiple -pix_fmt options specified for stream 0, only the last option '-pix_fmt yuv420p' will be used.
Multiple -pix_fmt options specified for stream 0, only the last option '-pix_fmt yuv420p' will be used.
Multiple -pix_fmt options specified for stream 0, only the last option '-pix_fmt yuv420p' will be used.
Multiple -pix_fmt options specified for stream 0, only the last option '-pix_fmt yuv420p' will be used.
Multiple -pix_fmt options specified for stream 0, only the last option '-pix_fmt yuv420p' will be used.
Multiple -pix_fmt options specified for stream 0, only the last option '-pix_fmt yuv420p' will be used.
Multiple -pix_fmt options specified for stream 0, only the last option '-pix_fmt yuv420p' will be used.
Multiple -pix_fmt options specified for stream 0, only the last option '-pix_fmt yuv420p' will be used.
Multiple -pix_fmt options specified for stream 0, only the last option '-pix_fmt yuv420p' will be used.
Multiple -pix_fmt options specified for stream 0, only the last option '-pix_fmt yuv420p' will be used.
Multiple -pix_fmt options specified for stream 0, only the last option '-pix_fmt yuv420p' will be used.
Multiple -pix_fmt options specified for stream 0, only the last option '-pix_fmt yuv420p' will be used.
Multiple -pix_fmt options specified for stream 0, only the last option '-pix_fmt yuv420p' will be used.
Multiple -pix_fmt options specified for stream 0, only the last option '-pix_fmt yuv420p' will be used.
Multiple -pix_fmt options specified for stream 0, only the last option '-pix_fmt yuv420p' will be used.
[info] using task orders [0, 1, 2, 3, 4, 5, 6, 7, 8, 9]
[Warning]: datasets path /home/user/Desktop/Ayush PH test/data/libero_datasets does not exist!
[Warning]: datasets path /home/user/Desktop/Ayush PH test/data/libero_datasets does not exist!
[LIBERO-10] m4 task2: 100.0%  (20/20 PASS, videos -> episode_videos/m4/)
Multiple -pix_fmt options specified for stream 0, only the last option '-pix_fmt yuv420p' will be used.
Multiple -pix_fmt options specified for stream 0, only the last option '-pix_fmt yuv420p' will be used.
Multiple -pix_fmt options specified for stream 0, only the last option '-pix_fmt yuv420p' will be used.
Multiple -pix_fmt options specified for stream 0, only the last option '-pix_fmt yuv420p' will be used.
Multiple -pix_fmt options specified for stream 0, only the last option '-pix_fmt yuv420p' will be used.
Multiple -pix_fmt options specified for stream 0, only the last option '-pix_fmt yuv420p' will be used.
Multiple -pix_fmt options specified for stream 0, only the last option '-pix_fmt yuv420p' will be used.
Multiple -pix_fmt options specified for stream 0, only the last option '-pix_fmt yuv420p' will be used.
Multiple -pix_fmt options specified for stream 0, only the last option '-pix_fmt yuv420p' will be used.
Multiple -pix_fmt options specified for stream 0, only the last option '-pix_fmt yuv420p' will be used.
Multiple -pix_fmt options specified for stream 0, only the last option '-pix_fmt yuv420p' will be used.
Multiple -pix_fmt options specified for stream 0, only the last option '-pix_fmt yuv420p' will be used.
Multiple -pix_fmt options specified for stream 0, only the last option '-pix_fmt yuv420p' will be used.
Multiple -pix_fmt options specified for stream 0, only the last option '-pix_fmt yuv420p' will be used.
Multiple -pix_fmt options specified for stream 0, only the last option '-pix_fmt yuv420p' will be used.
Multiple -pix_fmt options specified for stream 0, only the last option '-pix_fmt yuv420p' will be used.
Multiple -pix_fmt options specified for stream 0, only the last option '-pix_fmt yuv420p' will be used.
Multiple -pix_fmt options specified for stream 0, only the last option '-pix_fmt yuv420p' will be used.
Multiple -pix_fmt options specified for stream 0, only the last option '-pix_fmt yuv420p' will be used.
Multiple -pix_fmt options specified for stream 0, only the last option '-pix_fmt yuv420p' will be used.
[info] using task orders [0, 1, 2, 3, 4, 5, 6, 7, 8, 9]
[Warning]: datasets path /home/user/Desktop/Ayush PH test/data/libero_datasets does not exist!
[Warning]: datasets path /home/user/Desktop/Ayush PH test/data/libero_datasets does not exist!
[LIBERO-10] m4 task3: 85.0%  (17/20 PASS, videos -> episode_videos/m4/)
Multiple -pix_fmt options specified for stream 0, only the last option '-pix_fmt yuv420p' will be used.
Multiple -pix_fmt options specified for stream 0, only the last option '-pix_fmt yuv420p' will be used.
Multiple -pix_fmt options specified for stream 0, only the last option '-pix_fmt yuv420p' will be used.
Multiple -pix_fmt options specified for stream 0, only the last option '-pix_fmt yuv420p' will be used.
Multiple -pix_fmt options specified for stream 0, only the last option '-pix_fmt yuv420p' will be used.
Multiple -pix_fmt options specified for stream 0, only the last option '-pix_fmt yuv420p' will be used.
Multiple -pix_fmt options specified for stream 0, only the last option '-pix_fmt yuv420p' will be used.
Multiple -pix_fmt options specified for stream 0, only the last option '-pix_fmt yuv420p' will be used.
Multiple -pix_fmt options specified for stream 0, only the last option '-pix_fmt yuv420p' will be used.
Multiple -pix_fmt options specified for stream 0, only the last option '-pix_fmt yuv420p' will be used.
Multiple -pix_fmt options specified for stream 0, only the last option '-pix_fmt yuv420p' will be used.
Multiple -pix_fmt options specified for stream 0, only the last option '-pix_fmt yuv420p' will be used.
Multiple -pix_fmt options specified for stream 0, only the last option '-pix_fmt yuv420p' will be used.
Multiple -pix_fmt options specified for stream 0, only the last option '-pix_fmt yuv420p' will be used.
Multiple -pix_fmt options specified for stream 0, only the last option '-pix_fmt yuv420p' will be used.
Multiple -pix_fmt options specified for stream 0, only the last option '-pix_fmt yuv420p' will be used.
Multiple -pix_fmt options specified for stream 0, only the last option '-pix_fmt yuv420p' will be used.
Multiple -pix_fmt options specified for stream 0, only the last option '-pix_fmt yuv420p' will be used.
Multiple -pix_fmt options specified for stream 0, only the last option '-pix_fmt yuv420p' will be used.
Multiple -pix_fmt options specified for stream 0, only the last option '-pix_fmt yuv420p' will be used.
[info] using task orders [0, 1, 2, 3, 4, 5, 6, 7, 8, 9]
[Warning]: datasets path /home/user/Desktop/Ayush PH test/data/libero_datasets does not exist!
[Warning]: datasets path /home/user/Desktop/Ayush PH test/data/libero_datasets does not exist!
[LIBERO-10] m4 task4: 45.0%  (9/20 PASS, videos -> episode_videos/m4/)
Multiple -pix_fmt options specified for stream 0, only the last option '-pix_fmt yuv420p' will be used.
Multiple -pix_fmt options specified for stream 0, only the last option '-pix_fmt yuv420p' will be used.
Multiple -pix_fmt options specified for stream 0, only the last option '-pix_fmt yuv420p' will be used.
Multiple -pix_fmt options specified for stream 0, only the last option '-pix_fmt yuv420p' will be used.
Multiple -pix_fmt options specified for stream 0, only the last option '-pix_fmt yuv420p' will be used.
Multiple -pix_fmt options specified for stream 0, only the last option '-pix_fmt yuv420p' will be used.
Multiple -pix_fmt options specified for stream 0, only the last option '-pix_fmt yuv420p' will be used.
Multiple -pix_fmt options specified for stream 0, only the last option '-pix_fmt yuv420p' will be used.
Multiple -pix_fmt options specified for stream 0, only the last option '-pix_fmt yuv420p' will be used.
Multiple -pix_fmt options specified for stream 0, only the last option '-pix_fmt yuv420p' will be used.
Multiple -pix_fmt options specified for stream 0, only the last option '-pix_fmt yuv420p' will be used.
Multiple -pix_fmt options specified for stream 0, only the last option '-pix_fmt yuv420p' will be used.
Multiple -pix_fmt options specified for stream 0, only the last option '-pix_fmt yuv420p' will be used.
Multiple -pix_fmt options specified for stream 0, only the last option '-pix_fmt yuv420p' will be used.
Multiple -pix_fmt options specified for stream 0, only the last option '-pix_fmt yuv420p' will be used.
Multiple -pix_fmt options specified for stream 0, only the last option '-pix_fmt yuv420p' will be used.
Multiple -pix_fmt options specified for stream 0, only the last option '-pix_fmt yuv420p' will be used.
Multiple -pix_fmt options specified for stream 0, only the last option '-pix_fmt yuv420p' will be used.
Multiple -pix_fmt options specified for stream 0, only the last option '-pix_fmt yuv420p' will be used.
Multiple -pix_fmt options specified for stream 0, only the last option '-pix_fmt yuv420p' will be used.
[info] using task orders [0, 1, 2, 3, 4, 5, 6, 7, 8, 9]
[Warning]: datasets path /home/user/Desktop/Ayush PH test/data/libero_datasets does not exist!
[Warning]: datasets path /home/user/Desktop/Ayush PH test/data/libero_datasets does not exist!
[LIBERO-10] m4 task5: 95.0%  (19/20 PASS, videos -> episode_videos/m4/)
Multiple -pix_fmt options specified for stream 0, only the last option '-pix_fmt yuv420p' will be used.
Multiple -pix_fmt options specified for stream 0, only the last option '-pix_fmt yuv420p' will be used.
Multiple -pix_fmt options specified for stream 0, only the last option '-pix_fmt yuv420p' will be used.
Multiple -pix_fmt options specified for stream 0, only the last option '-pix_fmt yuv420p' will be used.
Multiple -pix_fmt options specified for stream 0, only the last option '-pix_fmt yuv420p' will be used.
Multiple -pix_fmt options specified for stream 0, only the last option '-pix_fmt yuv420p' will be used.
Multiple -pix_fmt options specified for stream 0, only the last option '-pix_fmt yuv420p' will be used.
Multiple -pix_fmt options specified for stream 0, only the last option '-pix_fmt yuv420p' will be used.
Multiple -pix_fmt options specified for stream 0, only the last option '-pix_fmt yuv420p' will be used.
Multiple -pix_fmt options specified for stream 0, only the last option '-pix_fmt yuv420p' will be used.
Multiple -pix_fmt options specified for stream 0, only the last option '-pix_fmt yuv420p' will be used.
Multiple -pix_fmt options specified for stream 0, only the last option '-pix_fmt yuv420p' will be used.
Multiple -pix_fmt options specified for stream 0, only the last option '-pix_fmt yuv420p' will be used.
Multiple -pix_fmt options specified for stream 0, only the last option '-pix_fmt yuv420p' will be used.
Multiple -pix_fmt options specified for stream 0, only the last option '-pix_fmt yuv420p' will be used.
Multiple -pix_fmt options specified for stream 0, only the last option '-pix_fmt yuv420p' will be used.
Multiple -pix_fmt options specified for stream 0, only the last option '-pix_fmt yuv420p' will be used.
Multiple -pix_fmt options specified for stream 0, only the last option '-pix_fmt yuv420p' will be used.
Multiple -pix_fmt options specified for stream 0, only the last option '-pix_fmt yuv420p' will be used.
Multiple -pix_fmt options specified for stream 0, only the last option '-pix_fmt yuv420p' will be used.
[info] using task orders [0, 1, 2, 3, 4, 5, 6, 7, 8, 9]
[Warning]: datasets path /home/user/Desktop/Ayush PH test/data/libero_datasets does not exist!
[Warning]: datasets path /home/user/Desktop/Ayush PH test/data/libero_datasets does not exist!
[LIBERO-10] m4 task6: 55.0%  (11/20 PASS, videos -> episode_videos/m4/)
Multiple -pix_fmt options specified for stream 0, only the last option '-pix_fmt yuv420p' will be used.
Multiple -pix_fmt options specified for stream 0, only the last option '-pix_fmt yuv420p' will be used.
Multiple -pix_fmt options specified for stream 0, only the last option '-pix_fmt yuv420p' will be used.
Multiple -pix_fmt options specified for stream 0, only the last option '-pix_fmt yuv420p' will be used.
Multiple -pix_fmt options specified for stream 0, only the last option '-pix_fmt yuv420p' will be used.
Multiple -pix_fmt options specified for stream 0, only the last option '-pix_fmt yuv420p' will be used.
Multiple -pix_fmt options specified for stream 0, only the last option '-pix_fmt yuv420p' will be used.
Multiple -pix_fmt options specified for stream 0, only the last option '-pix_fmt yuv420p' will be used.
Multiple -pix_fmt options specified for stream 0, only the last option '-pix_fmt yuv420p' will be used.
Multiple -pix_fmt options specified for stream 0, only the last option '-pix_fmt yuv420p' will be used.
Multiple -pix_fmt options specified for stream 0, only the last option '-pix_fmt yuv420p' will be used.
Multiple -pix_fmt options specified for stream 0, only the last option '-pix_fmt yuv420p' will be used.
Multiple -pix_fmt options specified for stream 0, only the last option '-pix_fmt yuv420p' will be used.
Multiple -pix_fmt options specified for stream 0, only the last option '-pix_fmt yuv420p' will be used.
Multiple -pix_fmt options specified for stream 0, only the last option '-pix_fmt yuv420p' will be used.
Multiple -pix_fmt options specified for stream 0, only the last option '-pix_fmt yuv420p' will be used.
Multiple -pix_fmt options specified for stream 0, only the last option '-pix_fmt yuv420p' will be used.
Multiple -pix_fmt options specified for stream 0, only the last option '-pix_fmt yuv420p' will be used.
Multiple -pix_fmt options specified for stream 0, only the last option '-pix_fmt yuv420p' will be used.
Multiple -pix_fmt options specified for stream 0, only the last option '-pix_fmt yuv420p' will be used.
[info] using task orders [0, 1, 2, 3, 4, 5, 6, 7, 8, 9]
[Warning]: datasets path /home/user/Desktop/Ayush PH test/data/libero_datasets does not exist!
[Warning]: datasets path /home/user/Desktop/Ayush PH test/data/libero_datasets does not exist!
[LIBERO-10] m4 task7: 50.0%  (10/20 PASS, videos -> episode_videos/m4/)
Multiple -pix_fmt options specified for stream 0, only the last option '-pix_fmt yuv420p' will be used.
Multiple -pix_fmt options specified for stream 0, only the last option '-pix_fmt yuv420p' will be used.
Multiple -pix_fmt options specified for stream 0, only the last option '-pix_fmt yuv420p' will be used.
Multiple -pix_fmt options specified for stream 0, only the last option '-pix_fmt yuv420p' will be used.
Multiple -pix_fmt options specified for stream 0, only the last option '-pix_fmt yuv420p' will be used.
Multiple -pix_fmt options specified for stream 0, only the last option '-pix_fmt yuv420p' will be used.
Multiple -pix_fmt options specified for stream 0, only the last option '-pix_fmt yuv420p' will be used.
Multiple -pix_fmt options specified for stream 0, only the last option '-pix_fmt yuv420p' will be used.
Multiple -pix_fmt options specified for stream 0, only the last option '-pix_fmt yuv420p' will be used.
Multiple -pix_fmt options specified for stream 0, only the last option '-pix_fmt yuv420p' will be used.
Multiple -pix_fmt options specified for stream 0, only the last option '-pix_fmt yuv420p' will be used.
Multiple -pix_fmt options specified for stream 0, only the last option '-pix_fmt yuv420p' will be used.
Multiple -pix_fmt options specified for stream 0, only the last option '-pix_fmt yuv420p' will be used.
Multiple -pix_fmt options specified for stream 0, only the last option '-pix_fmt yuv420p' will be used.
Multiple -pix_fmt options specified for stream 0, only the last option '-pix_fmt yuv420p' will be used.
Multiple -pix_fmt options specified for stream 0, only the last option '-pix_fmt yuv420p' will be used.
Multiple -pix_fmt options specified for stream 0, only the last option '-pix_fmt yuv420p' will be used.
Multiple -pix_fmt options specified for stream 0, only the last option '-pix_fmt yuv420p' will be used.
Multiple -pix_fmt options specified for stream 0, only the last option '-pix_fmt yuv420p' will be used.
Multiple -pix_fmt options specified for stream 0, only the last option '-pix_fmt yuv420p' will be used.
[info] using task orders [0, 1, 2, 3, 4, 5, 6, 7, 8, 9]
[Warning]: datasets path /home/user/Desktop/Ayush PH test/data/libero_datasets does not exist!
[Warning]: datasets path /home/user/Desktop/Ayush PH test/data/libero_datasets does not exist!
[LIBERO-10] m4 task8: 10.0%  (2/20 PASS, videos -> episode_videos/m4/)
Multiple -pix_fmt options specified for stream 0, only the last option '-pix_fmt yuv420p' will be used.
Multiple -pix_fmt options specified for stream 0, only the last option '-pix_fmt yuv420p' will be used.
Multiple -pix_fmt options specified for stream 0, only the last option '-pix_fmt yuv420p' will be used.
Multiple -pix_fmt options specified for stream 0, only the last option '-pix_fmt yuv420p' will be used.
Multiple -pix_fmt options specified for stream 0, only the last option '-pix_fmt yuv420p' will be used.
Multiple -pix_fmt options specified for stream 0, only the last option '-pix_fmt yuv420p' will be used.
Multiple -pix_fmt options specified for stream 0, only the last option '-pix_fmt yuv420p' will be used.
Multiple -pix_fmt options specified for stream 0, only the last option '-pix_fmt yuv420p' will be used.
Multiple -pix_fmt options specified for stream 0, only the last option '-pix_fmt yuv420p' will be used.
Multiple -pix_fmt options specified for stream 0, only the last option '-pix_fmt yuv420p' will be used.
Multiple -pix_fmt options specified for stream 0, only the last option '-pix_fmt yuv420p' will be used.
Multiple -pix_fmt options specified for stream 0, only the last option '-pix_fmt yuv420p' will be used.
Multiple -pix_fmt options specified for stream 0, only the last option '-pix_fmt yuv420p' will be used.
Multiple -pix_fmt options specified for stream 0, only the last option '-pix_fmt yuv420p' will be used.
Multiple -pix_fmt options specified for stream 0, only the last option '-pix_fmt yuv420p' will be used.
Multiple -pix_fmt options specified for stream 0, only the last option '-pix_fmt yuv420p' will be used.
Multiple -pix_fmt options specified for stream 0, only the last option '-pix_fmt yuv420p' will be used.
Multiple -pix_fmt options specified for stream 0, only the last option '-pix_fmt yuv420p' will be used.
Multiple -pix_fmt options specified for stream 0, only the last option '-pix_fmt yuv420p' will be used.
Multiple -pix_fmt options specified for stream 0, only the last option '-pix_fmt yuv420p' will be used.
[info] using task orders [0, 1, 2, 3, 4, 5, 6, 7, 8, 9]
[Warning]: datasets path /home/user/Desktop/Ayush PH test/data/libero_datasets does not exist!
[Warning]: datasets path /home/user/Desktop/Ayush PH test/data/libero_datasets does not exist!
[LIBERO-10] m4 task9: 90.0%  (18/20 PASS, videos -> episode_videos/m4/)
[eval] DONE. summary: {
  "m4": {
    "LIBERO-10_avg": 0.6050000000000001,
    "LIBERO-10-V_avg": null
  }
}
[06-21 21:19:49] EVAL done    Long/m4
[LIBERO-10] FULL 10-task average = 60.5%
[LIBERO-10] EXCL task8 (10%) -> 9-task average = 66.1%
[LIBERO-10] wrote summary_full.json + summary_excl_task8.json + summary_both.csv -> deeponet_results/Long/runs/eval_m4
  saved libero_10_all10tasks.png
  saved libero_10_excl_task8_9tasks.png
[Long m4 30K] FULL 10-task avg = 60.5%
[Long m4 30K] EXCL task8 -> 9-task avg = 66.1%
[Long m4 30K] plots -> deeponet_results/Long/plots | summaries -> deeponet_results/Long/runs/eval_m4
[06-21 21:19:50] ######## RESULT READY: Long/m4 -> ./deeponet_results/Long/runs/eval_m4 (10-task + 9-task plots & summaries) ########
[06-21 21:19:50] ==== DeepONet m3 + m4 campaign DONE ====
