###### [OBJECT] delete old videos + clear in-dist JSON (force fresh eval) ######
###### [OBJECT] re-run in-dist eval (saves per-episode videos) ######
Fetching 4 files:   0%|          | 0/4 [00:00<?, ?it/s]Fetching 4 files: 100%|██████████| 4/4 [00:00<00:00, 8555.44it/s]
`torch_dtype` is deprecated! Use `dtype` instead!
Loading  HuggingFaceTB/SmolVLM2-500M-Video-Instruct weights ...
Loading weights:   0%|          | 0/489 [00:00<?, ?it/s]Loading weights: 100%|██████████| 489/489 [00:00<00:00, 6787.75it/s]
Reducing the number of VLM layers to 16 ...
Loading weights from local directory
[eval] loaded flow (head=flow) replan=5 <- ../Object/runs/flow_s0/checkpoints/15000
Loading  HuggingFaceTB/SmolVLM2-500M-Video-Instruct weights ...
Loading weights:   0%|          | 0/489 [00:00<?, ?it/s]Loading weights: 100%|██████████| 489/489 [00:00<00:00, 6798.60it/s]
Reducing the number of VLM layers to 16 ...
Loading  HuggingFaceTB/SmolVLM2-500M-Video-Instruct weights ...
Loading weights:   0%|          | 0/489 [00:00<?, ?it/s]Loading weights: 100%|██████████| 489/489 [00:00<00:00, 6881.10it/s]
Reducing the number of VLM layers to 16 ...
Loading weights from local directory
[eval] loaded m3 (head=deeponet) replan=5 <- ../Object/runs/m3_s0/checkpoints/15000
Loading  HuggingFaceTB/SmolVLM2-500M-Video-Instruct weights ...
Loading weights:   0%|          | 0/489 [00:00<?, ?it/s]Loading weights: 100%|██████████| 489/489 [00:00<00:00, 7138.61it/s]
Reducing the number of VLM layers to 16 ...
Loading  HuggingFaceTB/SmolVLM2-500M-Video-Instruct weights ...
Loading weights:   0%|          | 0/489 [00:00<?, ?it/s]Loading weights: 100%|██████████| 489/489 [00:00<00:00, 6883.71it/s]
Reducing the number of VLM layers to 16 ...
Loading weights from local directory
[eval] loaded m4 (head=deeponet) replan=5 <- ../Object/runs/m4_s0/checkpoints/15000
[robosuite WARNING] No private macro file found! (__init__.py:7)
WARNING:robosuite_logs:No private macro file found!
[robosuite WARNING] It is recommended to use a private macro file (__init__.py:8)
WARNING:robosuite_logs:It is recommended to use a private macro file
[robosuite WARNING] To setup, run: python /home/user/Desktop/Ayush PH test/venv/lib/python3.12/site-packages/robosuite/scripts/setup_macros.py (__init__.py:9)
WARNING:robosuite_logs:To setup, run: python /home/user/Desktop/Ayush PH test/venv/lib/python3.12/site-packages/robosuite/scripts/setup_macros.py
Multiple -pix_fmt options specified for stream 0, only the last option '-pix_fmt yuv420p' will be used.
Multiple -pix_fmt options specified for stream 0, only the last option '-pix_fmt yuv420p' will be used.
Multiple -pix_fmt options specified for stream 0, only the last option '-pix_fmt yuv420p' will be used.
Multiple -pix_fmt options specified for stream 0, only the last option '-pix_fmt yuv420p' will be used.
Multiple -pix_fmt options specified for stream 0, only the last option '-pix_fmt yuv420p' will be used.
Multiple -pix_fmt options specified for stream 0, only the last option '-pix_fmt yuv420p' will be used.
Multiple -pix_fmt options specified for stream 0, only the last option '-pix_fmt yuv420p' will be used.
Multiple -pix_fmt options specified for stream 0, only the last option '-pix_fmt yuv420p' will be used.
Multiple -pix_fmt options specified for stream 0, only the last option '-pix_fmt yuv420p' will be used.
Multiple -pix_fmt options specified for stream 0, only the last option '-pix_fmt yuv420p' will be used.
Multiple -pix_fmt options specified for stream 0, only the last option '-pix_fmt yuv420p' will be used.
Multiple -pix_fmt options specified for stream 0, only the last option '-pix_fmt yuv420p' will be used.
Multiple -pix_fmt options specified for stream 0, only the last option '-pix_fmt yuv420p' will be used.
Multiple -pix_fmt options specified for stream 0, only the last option '-pix_fmt yuv420p' will be used.
Multiple -pix_fmt options specified for stream 0, only the last option '-pix_fmt yuv420p' will be used.
Multiple -pix_fmt options specified for stream 0, only the last option '-pix_fmt yuv420p' will be used.
Multiple -pix_fmt options specified for stream 0, only the last option '-pix_fmt yuv420p' will be used.
Multiple -pix_fmt options specified for stream 0, only the last option '-pix_fmt yuv420p' will be used.
Multiple -pix_fmt options specified for stream 0, only the last option '-pix_fmt yuv420p' will be used.
Multiple -pix_fmt options specified for stream 0, only the last option '-pix_fmt yuv420p' will be used.
[info] using task orders [0, 1, 2, 3, 4, 5, 6, 7, 8, 9]
[Warning]: datasets path /home/user/Desktop/Ayush PH test/data/libero_datasets does not exist!
[Warning]: datasets path /home/user/Desktop/Ayush PH test/data/libero_datasets does not exist!
[LIBERO-OBJECT] flow task0: 75.0%  (15/20 PASS, videos -> episode_videos/flow/)
Multiple -pix_fmt options specified for stream 0, only the last option '-pix_fmt yuv420p' will be used.
Multiple -pix_fmt options specified for stream 0, only the last option '-pix_fmt yuv420p' will be used.
Multiple -pix_fmt options specified for stream 0, only the last option '-pix_fmt yuv420p' will be used.
Multiple -pix_fmt options specified for stream 0, only the last option '-pix_fmt yuv420p' will be used.
Multiple -pix_fmt options specified for stream 0, only the last option '-pix_fmt yuv420p' will be used.
Multiple -pix_fmt options specified for stream 0, only the last option '-pix_fmt yuv420p' will be used.
Multiple -pix_fmt options specified for stream 0, only the last option '-pix_fmt yuv420p' will be used.
Multiple -pix_fmt options specified for stream 0, only the last option '-pix_fmt yuv420p' will be used.
Multiple -pix_fmt options specified for stream 0, only the last option '-pix_fmt yuv420p' will be used.
Multiple -pix_fmt options specified for stream 0, only the last option '-pix_fmt yuv420p' will be used.
Multiple -pix_fmt options specified for stream 0, only the last option '-pix_fmt yuv420p' will be used.
Multiple -pix_fmt options specified for stream 0, only the last option '-pix_fmt yuv420p' will be used.
Multiple -pix_fmt options specified for stream 0, only the last option '-pix_fmt yuv420p' will be used.
Multiple -pix_fmt options specified for stream 0, only the last option '-pix_fmt yuv420p' will be used.
Multiple -pix_fmt options specified for stream 0, only the last option '-pix_fmt yuv420p' will be used.
Multiple -pix_fmt options specified for stream 0, only the last option '-pix_fmt yuv420p' will be used.
Multiple -pix_fmt options specified for stream 0, only the last option '-pix_fmt yuv420p' will be used.
Multiple -pix_fmt options specified for stream 0, only the last option '-pix_fmt yuv420p' will be used.
Multiple -pix_fmt options specified for stream 0, only the last option '-pix_fmt yuv420p' will be used.
Multiple -pix_fmt options specified for stream 0, only the last option '-pix_fmt yuv420p' will be used.
[info] using task orders [0, 1, 2, 3, 4, 5, 6, 7, 8, 9]
[Warning]: datasets path /home/user/Desktop/Ayush PH test/data/libero_datasets does not exist!
[Warning]: datasets path /home/user/Desktop/Ayush PH test/data/libero_datasets does not exist!
[LIBERO-OBJECT] flow task1: 75.0%  (15/20 PASS, videos -> episode_videos/flow/)
Multiple -pix_fmt options specified for stream 0, only the last option '-pix_fmt yuv420p' will be used.
Multiple -pix_fmt options specified for stream 0, only the last option '-pix_fmt yuv420p' will be used.
Multiple -pix_fmt options specified for stream 0, only the last option '-pix_fmt yuv420p' will be used.
Multiple -pix_fmt options specified for stream 0, only the last option '-pix_fmt yuv420p' will be used.
Multiple -pix_fmt options specified for stream 0, only the last option '-pix_fmt yuv420p' will be used.
Multiple -pix_fmt options specified for stream 0, only the last option '-pix_fmt yuv420p' will be used.
Multiple -pix_fmt options specified for stream 0, only the last option '-pix_fmt yuv420p' will be used.
Multiple -pix_fmt options specified for stream 0, only the last option '-pix_fmt yuv420p' will be used.
Multiple -pix_fmt options specified for stream 0, only the last option '-pix_fmt yuv420p' will be used.
Multiple -pix_fmt options specified for stream 0, only the last option '-pix_fmt yuv420p' will be used.
Multiple -pix_fmt options specified for stream 0, only the last option '-pix_fmt yuv420p' will be used.
Multiple -pix_fmt options specified for stream 0, only the last option '-pix_fmt yuv420p' will be used.
Multiple -pix_fmt options specified for stream 0, only the last option '-pix_fmt yuv420p' will be used.
Multiple -pix_fmt options specified for stream 0, only the last option '-pix_fmt yuv420p' will be used.
Multiple -pix_fmt options specified for stream 0, only the last option '-pix_fmt yuv420p' will be used.
Multiple -pix_fmt options specified for stream 0, only the last option '-pix_fmt yuv420p' will be used.
Multiple -pix_fmt options specified for stream 0, only the last option '-pix_fmt yuv420p' will be used.
Multiple -pix_fmt options specified for stream 0, only the last option '-pix_fmt yuv420p' will be used.
Multiple -pix_fmt options specified for stream 0, only the last option '-pix_fmt yuv420p' will be used.
Multiple -pix_fmt options specified for stream 0, only the last option '-pix_fmt yuv420p' will be used.
[info] using task orders [0, 1, 2, 3, 4, 5, 6, 7, 8, 9]
[Warning]: datasets path /home/user/Desktop/Ayush PH test/data/libero_datasets does not exist!
[Warning]: datasets path /home/user/Desktop/Ayush PH test/data/libero_datasets does not exist!
[LIBERO-OBJECT] flow task2: 100.0%  (20/20 PASS, videos -> episode_videos/flow/)
Multiple -pix_fmt options specified for stream 0, only the last option '-pix_fmt yuv420p' will be used.
Multiple -pix_fmt options specified for stream 0, only the last option '-pix_fmt yuv420p' will be used.
Multiple -pix_fmt options specified for stream 0, only the last option '-pix_fmt yuv420p' will be used.
Multiple -pix_fmt options specified for stream 0, only the last option '-pix_fmt yuv420p' will be used.
Multiple -pix_fmt options specified for stream 0, only the last option '-pix_fmt yuv420p' will be used.
Multiple -pix_fmt options specified for stream 0, only the last option '-pix_fmt yuv420p' will be used.
Multiple -pix_fmt options specified for stream 0, only the last option '-pix_fmt yuv420p' will be used.
Multiple -pix_fmt options specified for stream 0, only the last option '-pix_fmt yuv420p' will be used.
Multiple -pix_fmt options specified for stream 0, only the last option '-pix_fmt yuv420p' will be used.
Multiple -pix_fmt options specified for stream 0, only the last option '-pix_fmt yuv420p' will be used.
Multiple -pix_fmt options specified for stream 0, only the last option '-pix_fmt yuv420p' will be used.
Multiple -pix_fmt options specified for stream 0, only the last option '-pix_fmt yuv420p' will be used.
Multiple -pix_fmt options specified for stream 0, only the last option '-pix_fmt yuv420p' will be used.
Multiple -pix_fmt options specified for stream 0, only the last option '-pix_fmt yuv420p' will be used.
Multiple -pix_fmt options specified for stream 0, only the last option '-pix_fmt yuv420p' will be used.
Multiple -pix_fmt options specified for stream 0, only the last option '-pix_fmt yuv420p' will be used.
Multiple -pix_fmt options specified for stream 0, only the last option '-pix_fmt yuv420p' will be used.
Multiple -pix_fmt options specified for stream 0, only the last option '-pix_fmt yuv420p' will be used.
Multiple -pix_fmt options specified for stream 0, only the last option '-pix_fmt yuv420p' will be used.
Multiple -pix_fmt options specified for stream 0, only the last option '-pix_fmt yuv420p' will be used.
[info] using task orders [0, 1, 2, 3, 4, 5, 6, 7, 8, 9]
[Warning]: datasets path /home/user/Desktop/Ayush PH test/data/libero_datasets does not exist!
[Warning]: datasets path /home/user/Desktop/Ayush PH test/data/libero_datasets does not exist!
[LIBERO-OBJECT] flow task3: 90.0%  (18/20 PASS, videos -> episode_videos/flow/)
Multiple -pix_fmt options specified for stream 0, only the last option '-pix_fmt yuv420p' will be used.
Multiple -pix_fmt options specified for stream 0, only the last option '-pix_fmt yuv420p' will be used.
Multiple -pix_fmt options specified for stream 0, only the last option '-pix_fmt yuv420p' will be used.
Multiple -pix_fmt options specified for stream 0, only the last option '-pix_fmt yuv420p' will be used.
Multiple -pix_fmt options specified for stream 0, only the last option '-pix_fmt yuv420p' will be used.
Multiple -pix_fmt options specified for stream 0, only the last option '-pix_fmt yuv420p' will be used.
Multiple -pix_fmt options specified for stream 0, only the last option '-pix_fmt yuv420p' will be used.
Multiple -pix_fmt options specified for stream 0, only the last option '-pix_fmt yuv420p' will be used.
Multiple -pix_fmt options specified for stream 0, only the last option '-pix_fmt yuv420p' will be used.
Multiple -pix_fmt options specified for stream 0, only the last option '-pix_fmt yuv420p' will be used.
Multiple -pix_fmt options specified for stream 0, only the last option '-pix_fmt yuv420p' will be used.
Multiple -pix_fmt options specified for stream 0, only the last option '-pix_fmt yuv420p' will be used.
Multiple -pix_fmt options specified for stream 0, only the last option '-pix_fmt yuv420p' will be used.
Multiple -pix_fmt options specified for stream 0, only the last option '-pix_fmt yuv420p' will be used.
Multiple -pix_fmt options specified for stream 0, only the last option '-pix_fmt yuv420p' will be used.
Multiple -pix_fmt options specified for stream 0, only the last option '-pix_fmt yuv420p' will be used.
Multiple -pix_fmt options specified for stream 0, only the last option '-pix_fmt yuv420p' will be used.
Multiple -pix_fmt options specified for stream 0, only the last option '-pix_fmt yuv420p' will be used.
Multiple -pix_fmt options specified for stream 0, only the last option '-pix_fmt yuv420p' will be used.
Multiple -pix_fmt options specified for stream 0, only the last option '-pix_fmt yuv420p' will be used.
[info] using task orders [0, 1, 2, 3, 4, 5, 6, 7, 8, 9]
[Warning]: datasets path /home/user/Desktop/Ayush PH test/data/libero_datasets does not exist!
[Warning]: datasets path /home/user/Desktop/Ayush PH test/data/libero_datasets does not exist!
[LIBERO-OBJECT] flow task4: 100.0%  (20/20 PASS, videos -> episode_videos/flow/)
Multiple -pix_fmt options specified for stream 0, only the last option '-pix_fmt yuv420p' will be used.
Multiple -pix_fmt options specified for stream 0, only the last option '-pix_fmt yuv420p' will be used.
Multiple -pix_fmt options specified for stream 0, only the last option '-pix_fmt yuv420p' will be used.
Multiple -pix_fmt options specified for stream 0, only the last option '-pix_fmt yuv420p' will be used.
Multiple -pix_fmt options specified for stream 0, only the last option '-pix_fmt yuv420p' will be used.
Multiple -pix_fmt options specified for stream 0, only the last option '-pix_fmt yuv420p' will be used.
Multiple -pix_fmt options specified for stream 0, only the last option '-pix_fmt yuv420p' will be used.
Multiple -pix_fmt options specified for stream 0, only the last option '-pix_fmt yuv420p' will be used.
Multiple -pix_fmt options specified for stream 0, only the last option '-pix_fmt yuv420p' will be used.
Multiple -pix_fmt options specified for stream 0, only the last option '-pix_fmt yuv420p' will be used.
Multiple -pix_fmt options specified for stream 0, only the last option '-pix_fmt yuv420p' will be used.
Multiple -pix_fmt options specified for stream 0, only the last option '-pix_fmt yuv420p' will be used.
Multiple -pix_fmt options specified for stream 0, only the last option '-pix_fmt yuv420p' will be used.
Multiple -pix_fmt options specified for stream 0, only the last option '-pix_fmt yuv420p' will be used.
Multiple -pix_fmt options specified for stream 0, only the last option '-pix_fmt yuv420p' will be used.
Multiple -pix_fmt options specified for stream 0, only the last option '-pix_fmt yuv420p' will be used.
Multiple -pix_fmt options specified for stream 0, only the last option '-pix_fmt yuv420p' will be used.
Multiple -pix_fmt options specified for stream 0, only the last option '-pix_fmt yuv420p' will be used.
Multiple -pix_fmt options specified for stream 0, only the last option '-pix_fmt yuv420p' will be used.
Multiple -pix_fmt options specified for stream 0, only the last option '-pix_fmt yuv420p' will be used.
[info] using task orders [0, 1, 2, 3, 4, 5, 6, 7, 8, 9]
[Warning]: datasets path /home/user/Desktop/Ayush PH test/data/libero_datasets does not exist!
[Warning]: datasets path /home/user/Desktop/Ayush PH test/data/libero_datasets does not exist!
[LIBERO-OBJECT] flow task5: 80.0%  (16/20 PASS, videos -> episode_videos/flow/)
Multiple -pix_fmt options specified for stream 0, only the last option '-pix_fmt yuv420p' will be used.
Multiple -pix_fmt options specified for stream 0, only the last option '-pix_fmt yuv420p' will be used.
Multiple -pix_fmt options specified for stream 0, only the last option '-pix_fmt yuv420p' will be used.
Multiple -pix_fmt options specified for stream 0, only the last option '-pix_fmt yuv420p' will be used.
Multiple -pix_fmt options specified for stream 0, only the last option '-pix_fmt yuv420p' will be used.
Multiple -pix_fmt options specified for stream 0, only the last option '-pix_fmt yuv420p' will be used.
Multiple -pix_fmt options specified for stream 0, only the last option '-pix_fmt yuv420p' will be used.
Multiple -pix_fmt options specified for stream 0, only the last option '-pix_fmt yuv420p' will be used.
Multiple -pix_fmt options specified for stream 0, only the last option '-pix_fmt yuv420p' will be used.
Multiple -pix_fmt options specified for stream 0, only the last option '-pix_fmt yuv420p' will be used.
Multiple -pix_fmt options specified for stream 0, only the last option '-pix_fmt yuv420p' will be used.
Multiple -pix_fmt options specified for stream 0, only the last option '-pix_fmt yuv420p' will be used.
Multiple -pix_fmt options specified for stream 0, only the last option '-pix_fmt yuv420p' will be used.
Multiple -pix_fmt options specified for stream 0, only the last option '-pix_fmt yuv420p' will be used.
Multiple -pix_fmt options specified for stream 0, only the last option '-pix_fmt yuv420p' will be used.
Multiple -pix_fmt options specified for stream 0, only the last option '-pix_fmt yuv420p' will be used.
Multiple -pix_fmt options specified for stream 0, only the last option '-pix_fmt yuv420p' will be used.
Multiple -pix_fmt options specified for stream 0, only the last option '-pix_fmt yuv420p' will be used.
Multiple -pix_fmt options specified for stream 0, only the last option '-pix_fmt yuv420p' will be used.
Multiple -pix_fmt options specified for stream 0, only the last option '-pix_fmt yuv420p' will be used.
[info] using task orders [0, 1, 2, 3, 4, 5, 6, 7, 8, 9]
[Warning]: datasets path /home/user/Desktop/Ayush PH test/data/libero_datasets does not exist!
[Warning]: datasets path /home/user/Desktop/Ayush PH test/data/libero_datasets does not exist!
[LIBERO-OBJECT] flow task6: 80.0%  (16/20 PASS, videos -> episode_videos/flow/)
Multiple -pix_fmt options specified for stream 0, only the last option '-pix_fmt yuv420p' will be used.
Multiple -pix_fmt options specified for stream 0, only the last option '-pix_fmt yuv420p' will be used.
Multiple -pix_fmt options specified for stream 0, only the last option '-pix_fmt yuv420p' will be used.
Multiple -pix_fmt options specified for stream 0, only the last option '-pix_fmt yuv420p' will be used.
Multiple -pix_fmt options specified for stream 0, only the last option '-pix_fmt yuv420p' will be used.
Multiple -pix_fmt options specified for stream 0, only the last option '-pix_fmt yuv420p' will be used.
Multiple -pix_fmt options specified for stream 0, only the last option '-pix_fmt yuv420p' will be used.
Multiple -pix_fmt options specified for stream 0, only the last option '-pix_fmt yuv420p' will be used.
Multiple -pix_fmt options specified for stream 0, only the last option '-pix_fmt yuv420p' will be used.
Multiple -pix_fmt options specified for stream 0, only the last option '-pix_fmt yuv420p' will be used.
Multiple -pix_fmt options specified for stream 0, only the last option '-pix_fmt yuv420p' will be used.
Multiple -pix_fmt options specified for stream 0, only the last option '-pix_fmt yuv420p' will be used.
Multiple -pix_fmt options specified for stream 0, only the last option '-pix_fmt yuv420p' will be used.
Multiple -pix_fmt options specified for stream 0, only the last option '-pix_fmt yuv420p' will be used.
Multiple -pix_fmt options specified for stream 0, only the last option '-pix_fmt yuv420p' will be used.
Multiple -pix_fmt options specified for stream 0, only the last option '-pix_fmt yuv420p' will be used.
Multiple -pix_fmt options specified for stream 0, only the last option '-pix_fmt yuv420p' will be used.
Multiple -pix_fmt options specified for stream 0, only the last option '-pix_fmt yuv420p' will be used.
Multiple -pix_fmt options specified for stream 0, only the last option '-pix_fmt yuv420p' will be used.
Multiple -pix_fmt options specified for stream 0, only the last option '-pix_fmt yuv420p' will be used.
[info] using task orders [0, 1, 2, 3, 4, 5, 6, 7, 8, 9]
[Warning]: datasets path /home/user/Desktop/Ayush PH test/data/libero_datasets does not exist!
[Warning]: datasets path /home/user/Desktop/Ayush PH test/data/libero_datasets does not exist!
[LIBERO-OBJECT] flow task7: 75.0%  (15/20 PASS, videos -> episode_videos/flow/)
Multiple -pix_fmt options specified for stream 0, only the last option '-pix_fmt yuv420p' will be used.
Multiple -pix_fmt options specified for stream 0, only the last option '-pix_fmt yuv420p' will be used.
Multiple -pix_fmt options specified for stream 0, only the last option '-pix_fmt yuv420p' will be used.
Multiple -pix_fmt options specified for stream 0, only the last option '-pix_fmt yuv420p' will be used.
Multiple -pix_fmt options specified for stream 0, only the last option '-pix_fmt yuv420p' will be used.
Multiple -pix_fmt options specified for stream 0, only the last option '-pix_fmt yuv420p' will be used.
Multiple -pix_fmt options specified for stream 0, only the last option '-pix_fmt yuv420p' will be used.
Multiple -pix_fmt options specified for stream 0, only the last option '-pix_fmt yuv420p' will be used.
Multiple -pix_fmt options specified for stream 0, only the last option '-pix_fmt yuv420p' will be used.
Multiple -pix_fmt options specified for stream 0, only the last option '-pix_fmt yuv420p' will be used.
Multiple -pix_fmt options specified for stream 0, only the last option '-pix_fmt yuv420p' will be used.
Multiple -pix_fmt options specified for stream 0, only the last option '-pix_fmt yuv420p' will be used.
Multiple -pix_fmt options specified for stream 0, only the last option '-pix_fmt yuv420p' will be used.
Multiple -pix_fmt options specified for stream 0, only the last option '-pix_fmt yuv420p' will be used.
Multiple -pix_fmt options specified for stream 0, only the last option '-pix_fmt yuv420p' will be used.
Multiple -pix_fmt options specified for stream 0, only the last option '-pix_fmt yuv420p' will be used.
Multiple -pix_fmt options specified for stream 0, only the last option '-pix_fmt yuv420p' will be used.
Multiple -pix_fmt options specified for stream 0, only the last option '-pix_fmt yuv420p' will be used.
Multiple -pix_fmt options specified for stream 0, only the last option '-pix_fmt yuv420p' will be used.
Multiple -pix_fmt options specified for stream 0, only the last option '-pix_fmt yuv420p' will be used.
[info] using task orders [0, 1, 2, 3, 4, 5, 6, 7, 8, 9]
[Warning]: datasets path /home/user/Desktop/Ayush PH test/data/libero_datasets does not exist!
[Warning]: datasets path /home/user/Desktop/Ayush PH test/data/libero_datasets does not exist!
[LIBERO-OBJECT] flow task8: 100.0%  (20/20 PASS, videos -> episode_videos/flow/)
Multiple -pix_fmt options specified for stream 0, only the last option '-pix_fmt yuv420p' will be used.
Multiple -pix_fmt options specified for stream 0, only the last option '-pix_fmt yuv420p' will be used.
Multiple -pix_fmt options specified for stream 0, only the last option '-pix_fmt yuv420p' will be used.
Multiple -pix_fmt options specified for stream 0, only the last option '-pix_fmt yuv420p' will be used.
Multiple -pix_fmt options specified for stream 0, only the last option '-pix_fmt yuv420p' will be used.
Multiple -pix_fmt options specified for stream 0, only the last option '-pix_fmt yuv420p' will be used.
Multiple -pix_fmt options specified for stream 0, only the last option '-pix_fmt yuv420p' will be used.
Multiple -pix_fmt options specified for stream 0, only the last option '-pix_fmt yuv420p' will be used.
Multiple -pix_fmt options specified for stream 0, only the last option '-pix_fmt yuv420p' will be used.
Multiple -pix_fmt options specified for stream 0, only the last option '-pix_fmt yuv420p' will be used.
Multiple -pix_fmt options specified for stream 0, only the last option '-pix_fmt yuv420p' will be used.
Multiple -pix_fmt options specified for stream 0, only the last option '-pix_fmt yuv420p' will be used.
Multiple -pix_fmt options specified for stream 0, only the last option '-pix_fmt yuv420p' will be used.
Multiple -pix_fmt options specified for stream 0, only the last option '-pix_fmt yuv420p' will be used.
Multiple -pix_fmt options specified for stream 0, only the last option '-pix_fmt yuv420p' will be used.
Multiple -pix_fmt options specified for stream 0, only the last option '-pix_fmt yuv420p' will be used.
Multiple -pix_fmt options specified for stream 0, only the last option '-pix_fmt yuv420p' will be used.
Multiple -pix_fmt options specified for stream 0, only the last option '-pix_fmt yuv420p' will be used.
Multiple -pix_fmt options specified for stream 0, only the last option '-pix_fmt yuv420p' will be used.
Multiple -pix_fmt options specified for stream 0, only the last option '-pix_fmt yuv420p' will be used.
[info] using task orders [0, 1, 2, 3, 4, 5, 6, 7, 8, 9]
[Warning]: datasets path /home/user/Desktop/Ayush PH test/data/libero_datasets does not exist!
[Warning]: datasets path /home/user/Desktop/Ayush PH test/data/libero_datasets does not exist!
[LIBERO-OBJECT] flow task9: 70.0%  (14/20 PASS, videos -> episode_videos/flow/)
Multiple -pix_fmt options specified for stream 0, only the last option '-pix_fmt yuv420p' will be used.
Multiple -pix_fmt options specified for stream 0, only the last option '-pix_fmt yuv420p' will be used.
Multiple -pix_fmt options specified for stream 0, only the last option '-pix_fmt yuv420p' will be used.
Multiple -pix_fmt options specified for stream 0, only the last option '-pix_fmt yuv420p' will be used.
Multiple -pix_fmt options specified for stream 0, only the last option '-pix_fmt yuv420p' will be used.
Multiple -pix_fmt options specified for stream 0, only the last option '-pix_fmt yuv420p' will be used.
Multiple -pix_fmt options specified for stream 0, only the last option '-pix_fmt yuv420p' will be used.
Multiple -pix_fmt options specified for stream 0, only the last option '-pix_fmt yuv420p' will be used.
Multiple -pix_fmt options specified for stream 0, only the last option '-pix_fmt yuv420p' will be used.
Multiple -pix_fmt options specified for stream 0, only the last option '-pix_fmt yuv420p' will be used.
Multiple -pix_fmt options specified for stream 0, only the last option '-pix_fmt yuv420p' will be used.
Multiple -pix_fmt options specified for stream 0, only the last option '-pix_fmt yuv420p' will be used.
Multiple -pix_fmt options specified for stream 0, only the last option '-pix_fmt yuv420p' will be used.
Multiple -pix_fmt options specified for stream 0, only the last option '-pix_fmt yuv420p' will be used.
Multiple -pix_fmt options specified for stream 0, only the last option '-pix_fmt yuv420p' will be used.
Multiple -pix_fmt options specified for stream 0, only the last option '-pix_fmt yuv420p' will be used.
Multiple -pix_fmt options specified for stream 0, only the last option '-pix_fmt yuv420p' will be used.
Multiple -pix_fmt options specified for stream 0, only the last option '-pix_fmt yuv420p' will be used.
Multiple -pix_fmt options specified for stream 0, only the last option '-pix_fmt yuv420p' will be used.
Multiple -pix_fmt options specified for stream 0, only the last option '-pix_fmt yuv420p' will be used.
[info] using task orders [0, 1, 2, 3, 4, 5, 6, 7, 8, 9]
[Warning]: datasets path /home/user/Desktop/Ayush PH test/data/libero_datasets does not exist!
[Warning]: datasets path /home/user/Desktop/Ayush PH test/data/libero_datasets does not exist!
[LIBERO-OBJECT] m3 task0: 100.0%  (20/20 PASS, videos -> episode_videos/m3/)
Multiple -pix_fmt options specified for stream 0, only the last option '-pix_fmt yuv420p' will be used.
Multiple -pix_fmt options specified for stream 0, only the last option '-pix_fmt yuv420p' will be used.
Multiple -pix_fmt options specified for stream 0, only the last option '-pix_fmt yuv420p' will be used.
Multiple -pix_fmt options specified for stream 0, only the last option '-pix_fmt yuv420p' will be used.
Multiple -pix_fmt options specified for stream 0, only the last option '-pix_fmt yuv420p' will be used.
Multiple -pix_fmt options specified for stream 0, only the last option '-pix_fmt yuv420p' will be used.
Multiple -pix_fmt options specified for stream 0, only the last option '-pix_fmt yuv420p' will be used.
Multiple -pix_fmt options specified for stream 0, only the last option '-pix_fmt yuv420p' will be used.
Multiple -pix_fmt options specified for stream 0, only the last option '-pix_fmt yuv420p' will be used.
Multiple -pix_fmt options specified for stream 0, only the last option '-pix_fmt yuv420p' will be used.
Multiple -pix_fmt options specified for stream 0, only the last option '-pix_fmt yuv420p' will be used.
Multiple -pix_fmt options specified for stream 0, only the last option '-pix_fmt yuv420p' will be used.
Multiple -pix_fmt options specified for stream 0, only the last option '-pix_fmt yuv420p' will be used.
Multiple -pix_fmt options specified for stream 0, only the last option '-pix_fmt yuv420p' will be used.
Multiple -pix_fmt options specified for stream 0, only the last option '-pix_fmt yuv420p' will be used.
Multiple -pix_fmt options specified for stream 0, only the last option '-pix_fmt yuv420p' will be used.
Multiple -pix_fmt options specified for stream 0, only the last option '-pix_fmt yuv420p' will be used.
Multiple -pix_fmt options specified for stream 0, only the last option '-pix_fmt yuv420p' will be used.
Multiple -pix_fmt options specified for stream 0, only the last option '-pix_fmt yuv420p' will be used.
Multiple -pix_fmt options specified for stream 0, only the last option '-pix_fmt yuv420p' will be used.
[info] using task orders [0, 1, 2, 3, 4, 5, 6, 7, 8, 9]
[Warning]: datasets path /home/user/Desktop/Ayush PH test/data/libero_datasets does not exist!
[Warning]: datasets path /home/user/Desktop/Ayush PH test/data/libero_datasets does not exist!
[LIBERO-OBJECT] m3 task1: 95.0%  (19/20 PASS, videos -> episode_videos/m3/)
Multiple -pix_fmt options specified for stream 0, only the last option '-pix_fmt yuv420p' will be used.
Multiple -pix_fmt options specified for stream 0, only the last option '-pix_fmt yuv420p' will be used.
Multiple -pix_fmt options specified for stream 0, only the last option '-pix_fmt yuv420p' will be used.
Multiple -pix_fmt options specified for stream 0, only the last option '-pix_fmt yuv420p' will be used.
Multiple -pix_fmt options specified for stream 0, only the last option '-pix_fmt yuv420p' will be used.
Multiple -pix_fmt options specified for stream 0, only the last option '-pix_fmt yuv420p' will be used.
Multiple -pix_fmt options specified for stream 0, only the last option '-pix_fmt yuv420p' will be used.
Multiple -pix_fmt options specified for stream 0, only the last option '-pix_fmt yuv420p' will be used.
Multiple -pix_fmt options specified for stream 0, only the last option '-pix_fmt yuv420p' will be used.
Multiple -pix_fmt options specified for stream 0, only the last option '-pix_fmt yuv420p' will be used.
Multiple -pix_fmt options specified for stream 0, only the last option '-pix_fmt yuv420p' will be used.
Multiple -pix_fmt options specified for stream 0, only the last option '-pix_fmt yuv420p' will be used.
Multiple -pix_fmt options specified for stream 0, only the last option '-pix_fmt yuv420p' will be used.
Multiple -pix_fmt options specified for stream 0, only the last option '-pix_fmt yuv420p' will be used.
Multiple -pix_fmt options specified for stream 0, only the last option '-pix_fmt yuv420p' will be used.
Multiple -pix_fmt options specified for stream 0, only the last option '-pix_fmt yuv420p' will be used.
Multiple -pix_fmt options specified for stream 0, only the last option '-pix_fmt yuv420p' will be used.
Multiple -pix_fmt options specified for stream 0, only the last option '-pix_fmt yuv420p' will be used.
Multiple -pix_fmt options specified for stream 0, only the last option '-pix_fmt yuv420p' will be used.
Multiple -pix_fmt options specified for stream 0, only the last option '-pix_fmt yuv420p' will be used.
[info] using task orders [0, 1, 2, 3, 4, 5, 6, 7, 8, 9]
[Warning]: datasets path /home/user/Desktop/Ayush PH test/data/libero_datasets does not exist!
[Warning]: datasets path /home/user/Desktop/Ayush PH test/data/libero_datasets does not exist!
[LIBERO-OBJECT] m3 task2: 100.0%  (20/20 PASS, videos -> episode_videos/m3/)
Multiple -pix_fmt options specified for stream 0, only the last option '-pix_fmt yuv420p' will be used.
Multiple -pix_fmt options specified for stream 0, only the last option '-pix_fmt yuv420p' will be used.
Multiple -pix_fmt options specified for stream 0, only the last option '-pix_fmt yuv420p' will be used.
Multiple -pix_fmt options specified for stream 0, only the last option '-pix_fmt yuv420p' will be used.
Multiple -pix_fmt options specified for stream 0, only the last option '-pix_fmt yuv420p' will be used.
Multiple -pix_fmt options specified for stream 0, only the last option '-pix_fmt yuv420p' will be used.
Multiple -pix_fmt options specified for stream 0, only the last option '-pix_fmt yuv420p' will be used.
Multiple -pix_fmt options specified for stream 0, only the last option '-pix_fmt yuv420p' will be used.
Multiple -pix_fmt options specified for stream 0, only the last option '-pix_fmt yuv420p' will be used.
Multiple -pix_fmt options specified for stream 0, only the last option '-pix_fmt yuv420p' will be used.
Multiple -pix_fmt options specified for stream 0, only the last option '-pix_fmt yuv420p' will be used.
Multiple -pix_fmt options specified for stream 0, only the last option '-pix_fmt yuv420p' will be used.
Multiple -pix_fmt options specified for stream 0, only the last option '-pix_fmt yuv420p' will be used.
Multiple -pix_fmt options specified for stream 0, only the last option '-pix_fmt yuv420p' will be used.
Multiple -pix_fmt options specified for stream 0, only the last option '-pix_fmt yuv420p' will be used.
Multiple -pix_fmt options specified for stream 0, only the last option '-pix_fmt yuv420p' will be used.
Multiple -pix_fmt options specified for stream 0, only the last option '-pix_fmt yuv420p' will be used.
Multiple -pix_fmt options specified for stream 0, only the last option '-pix_fmt yuv420p' will be used.
Multiple -pix_fmt options specified for stream 0, only the last option '-pix_fmt yuv420p' will be used.
Multiple -pix_fmt options specified for stream 0, only the last option '-pix_fmt yuv420p' will be used.
[info] using task orders [0, 1, 2, 3, 4, 5, 6, 7, 8, 9]
[Warning]: datasets path /home/user/Desktop/Ayush PH test/data/libero_datasets does not exist!
[Warning]: datasets path /home/user/Desktop/Ayush PH test/data/libero_datasets does not exist!
[LIBERO-OBJECT] m3 task3: 100.0%  (20/20 PASS, videos -> episode_videos/m3/)
Multiple -pix_fmt options specified for stream 0, only the last option '-pix_fmt yuv420p' will be used.
Multiple -pix_fmt options specified for stream 0, only the last option '-pix_fmt yuv420p' will be used.
Multiple -pix_fmt options specified for stream 0, only the last option '-pix_fmt yuv420p' will be used.
Multiple -pix_fmt options specified for stream 0, only the last option '-pix_fmt yuv420p' will be used.
Multiple -pix_fmt options specified for stream 0, only the last option '-pix_fmt yuv420p' will be used.
Multiple -pix_fmt options specified for stream 0, only the last option '-pix_fmt yuv420p' will be used.
Multiple -pix_fmt options specified for stream 0, only the last option '-pix_fmt yuv420p' will be used.
Multiple -pix_fmt options specified for stream 0, only the last option '-pix_fmt yuv420p' will be used.
Multiple -pix_fmt options specified for stream 0, only the last option '-pix_fmt yuv420p' will be used.
Multiple -pix_fmt options specified for stream 0, only the last option '-pix_fmt yuv420p' will be used.
Multiple -pix_fmt options specified for stream 0, only the last option '-pix_fmt yuv420p' will be used.
Multiple -pix_fmt options specified for stream 0, only the last option '-pix_fmt yuv420p' will be used.
Multiple -pix_fmt options specified for stream 0, only the last option '-pix_fmt yuv420p' will be used.
Multiple -pix_fmt options specified for stream 0, only the last option '-pix_fmt yuv420p' will be used.
Multiple -pix_fmt options specified for stream 0, only the last option '-pix_fmt yuv420p' will be used.
Multiple -pix_fmt options specified for stream 0, only the last option '-pix_fmt yuv420p' will be used.
Multiple -pix_fmt options specified for stream 0, only the last option '-pix_fmt yuv420p' will be used.
Multiple -pix_fmt options specified for stream 0, only the last option '-pix_fmt yuv420p' will be used.
Multiple -pix_fmt options specified for stream 0, only the last option '-pix_fmt yuv420p' will be used.
Multiple -pix_fmt options specified for stream 0, only the last option '-pix_fmt yuv420p' will be used.
[info] using task orders [0, 1, 2, 3, 4, 5, 6, 7, 8, 9]
[Warning]: datasets path /home/user/Desktop/Ayush PH test/data/libero_datasets does not exist!
[Warning]: datasets path /home/user/Desktop/Ayush PH test/data/libero_datasets does not exist!
[LIBERO-OBJECT] m3 task4: 100.0%  (20/20 PASS, videos -> episode_videos/m3/)
Multiple -pix_fmt options specified for stream 0, only the last option '-pix_fmt yuv420p' will be used.
Multiple -pix_fmt options specified for stream 0, only the last option '-pix_fmt yuv420p' will be used.
Multiple -pix_fmt options specified for stream 0, only the last option '-pix_fmt yuv420p' will be used.
Multiple -pix_fmt options specified for stream 0, only the last option '-pix_fmt yuv420p' will be used.
Multiple -pix_fmt options specified for stream 0, only the last option '-pix_fmt yuv420p' will be used.
Multiple -pix_fmt options specified for stream 0, only the last option '-pix_fmt yuv420p' will be used.
Multiple -pix_fmt options specified for stream 0, only the last option '-pix_fmt yuv420p' will be used.
Multiple -pix_fmt options specified for stream 0, only the last option '-pix_fmt yuv420p' will be used.
Multiple -pix_fmt options specified for stream 0, only the last option '-pix_fmt yuv420p' will be used.
Multiple -pix_fmt options specified for stream 0, only the last option '-pix_fmt yuv420p' will be used.
Multiple -pix_fmt options specified for stream 0, only the last option '-pix_fmt yuv420p' will be used.
Multiple -pix_fmt options specified for stream 0, only the last option '-pix_fmt yuv420p' will be used.
Multiple -pix_fmt options specified for stream 0, only the last option '-pix_fmt yuv420p' will be used.
Multiple -pix_fmt options specified for stream 0, only the last option '-pix_fmt yuv420p' will be used.
Multiple -pix_fmt options specified for stream 0, only the last option '-pix_fmt yuv420p' will be used.
Multiple -pix_fmt options specified for stream 0, only the last option '-pix_fmt yuv420p' will be used.
Multiple -pix_fmt options specified for stream 0, only the last option '-pix_fmt yuv420p' will be used.
Multiple -pix_fmt options specified for stream 0, only the last option '-pix_fmt yuv420p' will be used.
Multiple -pix_fmt options specified for stream 0, only the last option '-pix_fmt yuv420p' will be used.
Multiple -pix_fmt options specified for stream 0, only the last option '-pix_fmt yuv420p' will be used.
[info] using task orders [0, 1, 2, 3, 4, 5, 6, 7, 8, 9]
[Warning]: datasets path /home/user/Desktop/Ayush PH test/data/libero_datasets does not exist!
[Warning]: datasets path /home/user/Desktop/Ayush PH test/data/libero_datasets does not exist!
[LIBERO-OBJECT] m3 task5: 85.0%  (17/20 PASS, videos -> episode_videos/m3/)
Multiple -pix_fmt options specified for stream 0, only the last option '-pix_fmt yuv420p' will be used.
Multiple -pix_fmt options specified for stream 0, only the last option '-pix_fmt yuv420p' will be used.
Multiple -pix_fmt options specified for stream 0, only the last option '-pix_fmt yuv420p' will be used.
Multiple -pix_fmt options specified for stream 0, only the last option '-pix_fmt yuv420p' will be used.
Multiple -pix_fmt options specified for stream 0, only the last option '-pix_fmt yuv420p' will be used.
Multiple -pix_fmt options specified for stream 0, only the last option '-pix_fmt yuv420p' will be used.
Multiple -pix_fmt options specified for stream 0, only the last option '-pix_fmt yuv420p' will be used.
Multiple -pix_fmt options specified for stream 0, only the last option '-pix_fmt yuv420p' will be used.
Multiple -pix_fmt options specified for stream 0, only the last option '-pix_fmt yuv420p' will be used.
Multiple -pix_fmt options specified for stream 0, only the last option '-pix_fmt yuv420p' will be used.
Multiple -pix_fmt options specified for stream 0, only the last option '-pix_fmt yuv420p' will be used.
Multiple -pix_fmt options specified for stream 0, only the last option '-pix_fmt yuv420p' will be used.
Multiple -pix_fmt options specified for stream 0, only the last option '-pix_fmt yuv420p' will be used.
Multiple -pix_fmt options specified for stream 0, only the last option '-pix_fmt yuv420p' will be used.
Multiple -pix_fmt options specified for stream 0, only the last option '-pix_fmt yuv420p' will be used.
Multiple -pix_fmt options specified for stream 0, only the last option '-pix_fmt yuv420p' will be used.
Multiple -pix_fmt options specified for stream 0, only the last option '-pix_fmt yuv420p' will be used.
Multiple -pix_fmt options specified for stream 0, only the last option '-pix_fmt yuv420p' will be used.
Multiple -pix_fmt options specified for stream 0, only the last option '-pix_fmt yuv420p' will be used.
Multiple -pix_fmt options specified for stream 0, only the last option '-pix_fmt yuv420p' will be used.
[info] using task orders [0, 1, 2, 3, 4, 5, 6, 7, 8, 9]
[Warning]: datasets path /home/user/Desktop/Ayush PH test/data/libero_datasets does not exist!
[Warning]: datasets path /home/user/Desktop/Ayush PH test/data/libero_datasets does not exist!
[LIBERO-OBJECT] m3 task6: 85.0%  (17/20 PASS, videos -> episode_videos/m3/)
Multiple -pix_fmt options specified for stream 0, only the last option '-pix_fmt yuv420p' will be used.
Multiple -pix_fmt options specified for stream 0, only the last option '-pix_fmt yuv420p' will be used.
Multiple -pix_fmt options specified for stream 0, only the last option '-pix_fmt yuv420p' will be used.
Multiple -pix_fmt options specified for stream 0, only the last option '-pix_fmt yuv420p' will be used.
Multiple -pix_fmt options specified for stream 0, only the last option '-pix_fmt yuv420p' will be used.
Multiple -pix_fmt options specified for stream 0, only the last option '-pix_fmt yuv420p' will be used.
Multiple -pix_fmt options specified for stream 0, only the last option '-pix_fmt yuv420p' will be used.
Multiple -pix_fmt options specified for stream 0, only the last option '-pix_fmt yuv420p' will be used.
Multiple -pix_fmt options specified for stream 0, only the last option '-pix_fmt yuv420p' will be used.
Multiple -pix_fmt options specified for stream 0, only the last option '-pix_fmt yuv420p' will be used.
Multiple -pix_fmt options specified for stream 0, only the last option '-pix_fmt yuv420p' will be used.
Multiple -pix_fmt options specified for stream 0, only the last option '-pix_fmt yuv420p' will be used.
Multiple -pix_fmt options specified for stream 0, only the last option '-pix_fmt yuv420p' will be used.
Multiple -pix_fmt options specified for stream 0, only the last option '-pix_fmt yuv420p' will be used.
Multiple -pix_fmt options specified for stream 0, only the last option '-pix_fmt yuv420p' will be used.
Multiple -pix_fmt options specified for stream 0, only the last option '-pix_fmt yuv420p' will be used.
Multiple -pix_fmt options specified for stream 0, only the last option '-pix_fmt yuv420p' will be used.
Multiple -pix_fmt options specified for stream 0, only the last option '-pix_fmt yuv420p' will be used.
Multiple -pix_fmt options specified for stream 0, only the last option '-pix_fmt yuv420p' will be used.
Multiple -pix_fmt options specified for stream 0, only the last option '-pix_fmt yuv420p' will be used.
[info] using task orders [0, 1, 2, 3, 4, 5, 6, 7, 8, 9]
[Warning]: datasets path /home/user/Desktop/Ayush PH test/data/libero_datasets does not exist!
[Warning]: datasets path /home/user/Desktop/Ayush PH test/data/libero_datasets does not exist!
[LIBERO-OBJECT] m3 task7: 80.0%  (16/20 PASS, videos -> episode_videos/m3/)
Multiple -pix_fmt options specified for stream 0, only the last option '-pix_fmt yuv420p' will be used.
Multiple -pix_fmt options specified for stream 0, only the last option '-pix_fmt yuv420p' will be used.
Multiple -pix_fmt options specified for stream 0, only the last option '-pix_fmt yuv420p' will be used.
Multiple -pix_fmt options specified for stream 0, only the last option '-pix_fmt yuv420p' will be used.
Multiple -pix_fmt options specified for stream 0, only the last option '-pix_fmt yuv420p' will be used.
Multiple -pix_fmt options specified for stream 0, only the last option '-pix_fmt yuv420p' will be used.
Multiple -pix_fmt options specified for stream 0, only the last option '-pix_fmt yuv420p' will be used.
Multiple -pix_fmt options specified for stream 0, only the last option '-pix_fmt yuv420p' will be used.
Multiple -pix_fmt options specified for stream 0, only the last option '-pix_fmt yuv420p' will be used.
Multiple -pix_fmt options specified for stream 0, only the last option '-pix_fmt yuv420p' will be used.
Multiple -pix_fmt options specified for stream 0, only the last option '-pix_fmt yuv420p' will be used.
Multiple -pix_fmt options specified for stream 0, only the last option '-pix_fmt yuv420p' will be used.
Multiple -pix_fmt options specified for stream 0, only the last option '-pix_fmt yuv420p' will be used.
Multiple -pix_fmt options specified for stream 0, only the last option '-pix_fmt yuv420p' will be used.
Multiple -pix_fmt options specified for stream 0, only the last option '-pix_fmt yuv420p' will be used.
Multiple -pix_fmt options specified for stream 0, only the last option '-pix_fmt yuv420p' will be used.
Multiple -pix_fmt options specified for stream 0, only the last option '-pix_fmt yuv420p' will be used.
Multiple -pix_fmt options specified for stream 0, only the last option '-pix_fmt yuv420p' will be used.
Multiple -pix_fmt options specified for stream 0, only the last option '-pix_fmt yuv420p' will be used.
Multiple -pix_fmt options specified for stream 0, only the last option '-pix_fmt yuv420p' will be used.
[info] using task orders [0, 1, 2, 3, 4, 5, 6, 7, 8, 9]
[Warning]: datasets path /home/user/Desktop/Ayush PH test/data/libero_datasets does not exist!
[Warning]: datasets path /home/user/Desktop/Ayush PH test/data/libero_datasets does not exist!
[LIBERO-OBJECT] m3 task8: 100.0%  (20/20 PASS, videos -> episode_videos/m3/)
Multiple -pix_fmt options specified for stream 0, only the last option '-pix_fmt yuv420p' will be used.
Multiple -pix_fmt options specified for stream 0, only the last option '-pix_fmt yuv420p' will be used.
Multiple -pix_fmt options specified for stream 0, only the last option '-pix_fmt yuv420p' will be used.
Multiple -pix_fmt options specified for stream 0, only the last option '-pix_fmt yuv420p' will be used.
Multiple -pix_fmt options specified for stream 0, only the last option '-pix_fmt yuv420p' will be used.
Multiple -pix_fmt options specified for stream 0, only the last option '-pix_fmt yuv420p' will be used.
Multiple -pix_fmt options specified for stream 0, only the last option '-pix_fmt yuv420p' will be used.
Multiple -pix_fmt options specified for stream 0, only the last option '-pix_fmt yuv420p' will be used.
Multiple -pix_fmt options specified for stream 0, only the last option '-pix_fmt yuv420p' will be used.
Multiple -pix_fmt options specified for stream 0, only the last option '-pix_fmt yuv420p' will be used.
Multiple -pix_fmt options specified for stream 0, only the last option '-pix_fmt yuv420p' will be used.
Multiple -pix_fmt options specified for stream 0, only the last option '-pix_fmt yuv420p' will be used.
Multiple -pix_fmt options specified for stream 0, only the last option '-pix_fmt yuv420p' will be used.
Multiple -pix_fmt options specified for stream 0, only the last option '-pix_fmt yuv420p' will be used.
Multiple -pix_fmt options specified for stream 0, only the last option '-pix_fmt yuv420p' will be used.
Multiple -pix_fmt options specified for stream 0, only the last option '-pix_fmt yuv420p' will be used.
Multiple -pix_fmt options specified for stream 0, only the last option '-pix_fmt yuv420p' will be used.
Multiple -pix_fmt options specified for stream 0, only the last option '-pix_fmt yuv420p' will be used.
Multiple -pix_fmt options specified for stream 0, only the last option '-pix_fmt yuv420p' will be used.
Multiple -pix_fmt options specified for stream 0, only the last option '-pix_fmt yuv420p' will be used.
[info] using task orders [0, 1, 2, 3, 4, 5, 6, 7, 8, 9]
[Warning]: datasets path /home/user/Desktop/Ayush PH test/data/libero_datasets does not exist!
[Warning]: datasets path /home/user/Desktop/Ayush PH test/data/libero_datasets does not exist!
[LIBERO-OBJECT] m3 task9: 95.0%  (19/20 PASS, videos -> episode_videos/m3/)
Multiple -pix_fmt options specified for stream 0, only the last option '-pix_fmt yuv420p' will be used.
Multiple -pix_fmt options specified for stream 0, only the last option '-pix_fmt yuv420p' will be used.
Multiple -pix_fmt options specified for stream 0, only the last option '-pix_fmt yuv420p' will be used.
Multiple -pix_fmt options specified for stream 0, only the last option '-pix_fmt yuv420p' will be used.
Multiple -pix_fmt options specified for stream 0, only the last option '-pix_fmt yuv420p' will be used.
Multiple -pix_fmt options specified for stream 0, only the last option '-pix_fmt yuv420p' will be used.
Multiple -pix_fmt options specified for stream 0, only the last option '-pix_fmt yuv420p' will be used.
Multiple -pix_fmt options specified for stream 0, only the last option '-pix_fmt yuv420p' will be used.
Multiple -pix_fmt options specified for stream 0, only the last option '-pix_fmt yuv420p' will be used.
Multiple -pix_fmt options specified for stream 0, only the last option '-pix_fmt yuv420p' will be used.
Multiple -pix_fmt options specified for stream 0, only the last option '-pix_fmt yuv420p' will be used.
Multiple -pix_fmt options specified for stream 0, only the last option '-pix_fmt yuv420p' will be used.
Multiple -pix_fmt options specified for stream 0, only the last option '-pix_fmt yuv420p' will be used.
Multiple -pix_fmt options specified for stream 0, only the last option '-pix_fmt yuv420p' will be used.
Multiple -pix_fmt options specified for stream 0, only the last option '-pix_fmt yuv420p' will be used.
Multiple -pix_fmt options specified for stream 0, only the last option '-pix_fmt yuv420p' will be used.
Multiple -pix_fmt options specified for stream 0, only the last option '-pix_fmt yuv420p' will be used.
Multiple -pix_fmt options specified for stream 0, only the last option '-pix_fmt yuv420p' will be used.
Multiple -pix_fmt options specified for stream 0, only the last option '-pix_fmt yuv420p' will be used.
Multiple -pix_fmt options specified for stream 0, only the last option '-pix_fmt yuv420p' will be used.
[info] using task orders [0, 1, 2, 3, 4, 5, 6, 7, 8, 9]
[Warning]: datasets path /home/user/Desktop/Ayush PH test/data/libero_datasets does not exist!
[Warning]: datasets path /home/user/Desktop/Ayush PH test/data/libero_datasets does not exist!
[LIBERO-OBJECT] m4 task0: 75.0%  (15/20 PASS, videos -> episode_videos/m4/)
Multiple -pix_fmt options specified for stream 0, only the last option '-pix_fmt yuv420p' will be used.
Multiple -pix_fmt options specified for stream 0, only the last option '-pix_fmt yuv420p' will be used.
Multiple -pix_fmt options specified for stream 0, only the last option '-pix_fmt yuv420p' will be used.
Multiple -pix_fmt options specified for stream 0, only the last option '-pix_fmt yuv420p' will be used.
Multiple -pix_fmt options specified for stream 0, only the last option '-pix_fmt yuv420p' will be used.
Multiple -pix_fmt options specified for stream 0, only the last option '-pix_fmt yuv420p' will be used.
Multiple -pix_fmt options specified for stream 0, only the last option '-pix_fmt yuv420p' will be used.
Multiple -pix_fmt options specified for stream 0, only the last option '-pix_fmt yuv420p' will be used.
Multiple -pix_fmt options specified for stream 0, only the last option '-pix_fmt yuv420p' will be used.
Multiple -pix_fmt options specified for stream 0, only the last option '-pix_fmt yuv420p' will be used.
Multiple -pix_fmt options specified for stream 0, only the last option '-pix_fmt yuv420p' will be used.
Multiple -pix_fmt options specified for stream 0, only the last option '-pix_fmt yuv420p' will be used.
Multiple -pix_fmt options specified for stream 0, only the last option '-pix_fmt yuv420p' will be used.
Multiple -pix_fmt options specified for stream 0, only the last option '-pix_fmt yuv420p' will be used.
Multiple -pix_fmt options specified for stream 0, only the last option '-pix_fmt yuv420p' will be used.
Multiple -pix_fmt options specified for stream 0, only the last option '-pix_fmt yuv420p' will be used.
Multiple -pix_fmt options specified for stream 0, only the last option '-pix_fmt yuv420p' will be used.
Multiple -pix_fmt options specified for stream 0, only the last option '-pix_fmt yuv420p' will be used.
Multiple -pix_fmt options specified for stream 0, only the last option '-pix_fmt yuv420p' will be used.
Multiple -pix_fmt options specified for stream 0, only the last option '-pix_fmt yuv420p' will be used.
[info] using task orders [0, 1, 2, 3, 4, 5, 6, 7, 8, 9]
[Warning]: datasets path /home/user/Desktop/Ayush PH test/data/libero_datasets does not exist!
[Warning]: datasets path /home/user/Desktop/Ayush PH test/data/libero_datasets does not exist!
[LIBERO-OBJECT] m4 task1: 90.0%  (18/20 PASS, videos -> episode_videos/m4/)
Multiple -pix_fmt options specified for stream 0, only the last option '-pix_fmt yuv420p' will be used.
Multiple -pix_fmt options specified for stream 0, only the last option '-pix_fmt yuv420p' will be used.
Multiple -pix_fmt options specified for stream 0, only the last option '-pix_fmt yuv420p' will be used.
Multiple -pix_fmt options specified for stream 0, only the last option '-pix_fmt yuv420p' will be used.
Multiple -pix_fmt options specified for stream 0, only the last option '-pix_fmt yuv420p' will be used.
Multiple -pix_fmt options specified for stream 0, only the last option '-pix_fmt yuv420p' will be used.
Multiple -pix_fmt options specified for stream 0, only the last option '-pix_fmt yuv420p' will be used.
Multiple -pix_fmt options specified for stream 0, only the last option '-pix_fmt yuv420p' will be used.
Multiple -pix_fmt options specified for stream 0, only the last option '-pix_fmt yuv420p' will be used.
Multiple -pix_fmt options specified for stream 0, only the last option '-pix_fmt yuv420p' will be used.
Multiple -pix_fmt options specified for stream 0, only the last option '-pix_fmt yuv420p' will be used.
Multiple -pix_fmt options specified for stream 0, only the last option '-pix_fmt yuv420p' will be used.
Multiple -pix_fmt options specified for stream 0, only the last option '-pix_fmt yuv420p' will be used.
Multiple -pix_fmt options specified for stream 0, only the last option '-pix_fmt yuv420p' will be used.
Multiple -pix_fmt options specified for stream 0, only the last option '-pix_fmt yuv420p' will be used.
Multiple -pix_fmt options specified for stream 0, only the last option '-pix_fmt yuv420p' will be used.
Multiple -pix_fmt options specified for stream 0, only the last option '-pix_fmt yuv420p' will be used.
Multiple -pix_fmt options specified for stream 0, only the last option '-pix_fmt yuv420p' will be used.
Multiple -pix_fmt options specified for stream 0, only the last option '-pix_fmt yuv420p' will be used.
Multiple -pix_fmt options specified for stream 0, only the last option '-pix_fmt yuv420p' will be used.
[info] using task orders [0, 1, 2, 3, 4, 5, 6, 7, 8, 9]
[Warning]: datasets path /home/user/Desktop/Ayush PH test/data/libero_datasets does not exist!
[Warning]: datasets path /home/user/Desktop/Ayush PH test/data/libero_datasets does not exist!
[LIBERO-OBJECT] m4 task2: 100.0%  (20/20 PASS, videos -> episode_videos/m4/)
Multiple -pix_fmt options specified for stream 0, only the last option '-pix_fmt yuv420p' will be used.
Multiple -pix_fmt options specified for stream 0, only the last option '-pix_fmt yuv420p' will be used.
Multiple -pix_fmt options specified for stream 0, only the last option '-pix_fmt yuv420p' will be used.
Multiple -pix_fmt options specified for stream 0, only the last option '-pix_fmt yuv420p' will be used.
Multiple -pix_fmt options specified for stream 0, only the last option '-pix_fmt yuv420p' will be used.
Multiple -pix_fmt options specified for stream 0, only the last option '-pix_fmt yuv420p' will be used.
Multiple -pix_fmt options specified for stream 0, only the last option '-pix_fmt yuv420p' will be used.
Multiple -pix_fmt options specified for stream 0, only the last option '-pix_fmt yuv420p' will be used.
Multiple -pix_fmt options specified for stream 0, only the last option '-pix_fmt yuv420p' will be used.
Multiple -pix_fmt options specified for stream 0, only the last option '-pix_fmt yuv420p' will be used.
Multiple -pix_fmt options specified for stream 0, only the last option '-pix_fmt yuv420p' will be used.
Multiple -pix_fmt options specified for stream 0, only the last option '-pix_fmt yuv420p' will be used.
Multiple -pix_fmt options specified for stream 0, only the last option '-pix_fmt yuv420p' will be used.
Multiple -pix_fmt options specified for stream 0, only the last option '-pix_fmt yuv420p' will be used.
Multiple -pix_fmt options specified for stream 0, only the last option '-pix_fmt yuv420p' will be used.
Multiple -pix_fmt options specified for stream 0, only the last option '-pix_fmt yuv420p' will be used.
Multiple -pix_fmt options specified for stream 0, only the last option '-pix_fmt yuv420p' will be used.
Multiple -pix_fmt options specified for stream 0, only the last option '-pix_fmt yuv420p' will be used.
Multiple -pix_fmt options specified for stream 0, only the last option '-pix_fmt yuv420p' will be used.
Multiple -pix_fmt options specified for stream 0, only the last option '-pix_fmt yuv420p' will be used.
[info] using task orders [0, 1, 2, 3, 4, 5, 6, 7, 8, 9]
[Warning]: datasets path /home/user/Desktop/Ayush PH test/data/libero_datasets does not exist!
[Warning]: datasets path /home/user/Desktop/Ayush PH test/data/libero_datasets does not exist!
[LIBERO-OBJECT] m4 task3: 80.0%  (16/20 PASS, videos -> episode_videos/m4/)
Multiple -pix_fmt options specified for stream 0, only the last option '-pix_fmt yuv420p' will be used.
Multiple -pix_fmt options specified for stream 0, only the last option '-pix_fmt yuv420p' will be used.
Multiple -pix_fmt options specified for stream 0, only the last option '-pix_fmt yuv420p' will be used.
Multiple -pix_fmt options specified for stream 0, only the last option '-pix_fmt yuv420p' will be used.
Multiple -pix_fmt options specified for stream 0, only the last option '-pix_fmt yuv420p' will be used.
Multiple -pix_fmt options specified for stream 0, only the last option '-pix_fmt yuv420p' will be used.
Multiple -pix_fmt options specified for stream 0, only the last option '-pix_fmt yuv420p' will be used.
Multiple -pix_fmt options specified for stream 0, only the last option '-pix_fmt yuv420p' will be used.
Multiple -pix_fmt options specified for stream 0, only the last option '-pix_fmt yuv420p' will be used.
Multiple -pix_fmt options specified for stream 0, only the last option '-pix_fmt yuv420p' will be used.
Multiple -pix_fmt options specified for stream 0, only the last option '-pix_fmt yuv420p' will be used.
Multiple -pix_fmt options specified for stream 0, only the last option '-pix_fmt yuv420p' will be used.
Multiple -pix_fmt options specified for stream 0, only the last option '-pix_fmt yuv420p' will be used.
Multiple -pix_fmt options specified for stream 0, only the last option '-pix_fmt yuv420p' will be used.
Multiple -pix_fmt options specified for stream 0, only the last option '-pix_fmt yuv420p' will be used.
Multiple -pix_fmt options specified for stream 0, only the last option '-pix_fmt yuv420p' will be used.
Multiple -pix_fmt options specified for stream 0, only the last option '-pix_fmt yuv420p' will be used.
Multiple -pix_fmt options specified for stream 0, only the last option '-pix_fmt yuv420p' will be used.
Multiple -pix_fmt options specified for stream 0, only the last option '-pix_fmt yuv420p' will be used.
Multiple -pix_fmt options specified for stream 0, only the last option '-pix_fmt yuv420p' will be used.
[info] using task orders [0, 1, 2, 3, 4, 5, 6, 7, 8, 9]
[Warning]: datasets path /home/user/Desktop/Ayush PH test/data/libero_datasets does not exist!
[Warning]: datasets path /home/user/Desktop/Ayush PH test/data/libero_datasets does not exist!
[LIBERO-OBJECT] m4 task4: 90.0%  (18/20 PASS, videos -> episode_videos/m4/)
Multiple -pix_fmt options specified for stream 0, only the last option '-pix_fmt yuv420p' will be used.
Multiple -pix_fmt options specified for stream 0, only the last option '-pix_fmt yuv420p' will be used.
Multiple -pix_fmt options specified for stream 0, only the last option '-pix_fmt yuv420p' will be used.
Multiple -pix_fmt options specified for stream 0, only the last option '-pix_fmt yuv420p' will be used.
Multiple -pix_fmt options specified for stream 0, only the last option '-pix_fmt yuv420p' will be used.
Multiple -pix_fmt options specified for stream 0, only the last option '-pix_fmt yuv420p' will be used.
Multiple -pix_fmt options specified for stream 0, only the last option '-pix_fmt yuv420p' will be used.
Multiple -pix_fmt options specified for stream 0, only the last option '-pix_fmt yuv420p' will be used.
Multiple -pix_fmt options specified for stream 0, only the last option '-pix_fmt yuv420p' will be used.
Multiple -pix_fmt options specified for stream 0, only the last option '-pix_fmt yuv420p' will be used.
Multiple -pix_fmt options specified for stream 0, only the last option '-pix_fmt yuv420p' will be used.
Multiple -pix_fmt options specified for stream 0, only the last option '-pix_fmt yuv420p' will be used.
Multiple -pix_fmt options specified for stream 0, only the last option '-pix_fmt yuv420p' will be used.
Multiple -pix_fmt options specified for stream 0, only the last option '-pix_fmt yuv420p' will be used.
Multiple -pix_fmt options specified for stream 0, only the last option '-pix_fmt yuv420p' will be used.
Multiple -pix_fmt options specified for stream 0, only the last option '-pix_fmt yuv420p' will be used.
Multiple -pix_fmt options specified for stream 0, only the last option '-pix_fmt yuv420p' will be used.
Multiple -pix_fmt options specified for stream 0, only the last option '-pix_fmt yuv420p' will be used.
Multiple -pix_fmt options specified for stream 0, only the last option '-pix_fmt yuv420p' will be used.
Multiple -pix_fmt options specified for stream 0, only the last option '-pix_fmt yuv420p' will be used.
[info] using task orders [0, 1, 2, 3, 4, 5, 6, 7, 8, 9]
[Warning]: datasets path /home/user/Desktop/Ayush PH test/data/libero_datasets does not exist!
[Warning]: datasets path /home/user/Desktop/Ayush PH test/data/libero_datasets does not exist!
[LIBERO-OBJECT] m4 task5: 65.0%  (13/20 PASS, videos -> episode_videos/m4/)
Multiple -pix_fmt options specified for stream 0, only the last option '-pix_fmt yuv420p' will be used.
Multiple -pix_fmt options specified for stream 0, only the last option '-pix_fmt yuv420p' will be used.
Multiple -pix_fmt options specified for stream 0, only the last option '-pix_fmt yuv420p' will be used.
Multiple -pix_fmt options specified for stream 0, only the last option '-pix_fmt yuv420p' will be used.
Multiple -pix_fmt options specified for stream 0, only the last option '-pix_fmt yuv420p' will be used.
Multiple -pix_fmt options specified for stream 0, only the last option '-pix_fmt yuv420p' will be used.
Multiple -pix_fmt options specified for stream 0, only the last option '-pix_fmt yuv420p' will be used.
Multiple -pix_fmt options specified for stream 0, only the last option '-pix_fmt yuv420p' will be used.
Multiple -pix_fmt options specified for stream 0, only the last option '-pix_fmt yuv420p' will be used.
Multiple -pix_fmt options specified for stream 0, only the last option '-pix_fmt yuv420p' will be used.
Multiple -pix_fmt options specified for stream 0, only the last option '-pix_fmt yuv420p' will be used.
Multiple -pix_fmt options specified for stream 0, only the last option '-pix_fmt yuv420p' will be used.
Multiple -pix_fmt options specified for stream 0, only the last option '-pix_fmt yuv420p' will be used.
Multiple -pix_fmt options specified for stream 0, only the last option '-pix_fmt yuv420p' will be used.
Multiple -pix_fmt options specified for stream 0, only the last option '-pix_fmt yuv420p' will be used.
Multiple -pix_fmt options specified for stream 0, only the last option '-pix_fmt yuv420p' will be used.
Multiple -pix_fmt options specified for stream 0, only the last option '-pix_fmt yuv420p' will be used.
Multiple -pix_fmt options specified for stream 0, only the last option '-pix_fmt yuv420p' will be used.
Multiple -pix_fmt options specified for stream 0, only the last option '-pix_fmt yuv420p' will be used.
Multiple -pix_fmt options specified for stream 0, only the last option '-pix_fmt yuv420p' will be used.
[info] using task orders [0, 1, 2, 3, 4, 5, 6, 7, 8, 9]
[Warning]: datasets path /home/user/Desktop/Ayush PH test/data/libero_datasets does not exist!
[Warning]: datasets path /home/user/Desktop/Ayush PH test/data/libero_datasets does not exist!
[LIBERO-OBJECT] m4 task6: 85.0%  (17/20 PASS, videos -> episode_videos/m4/)
Multiple -pix_fmt options specified for stream 0, only the last option '-pix_fmt yuv420p' will be used.
Multiple -pix_fmt options specified for stream 0, only the last option '-pix_fmt yuv420p' will be used.
Multiple -pix_fmt options specified for stream 0, only the last option '-pix_fmt yuv420p' will be used.
Multiple -pix_fmt options specified for stream 0, only the last option '-pix_fmt yuv420p' will be used.
Multiple -pix_fmt options specified for stream 0, only the last option '-pix_fmt yuv420p' will be used.
Multiple -pix_fmt options specified for stream 0, only the last option '-pix_fmt yuv420p' will be used.
Multiple -pix_fmt options specified for stream 0, only the last option '-pix_fmt yuv420p' will be used.
Multiple -pix_fmt options specified for stream 0, only the last option '-pix_fmt yuv420p' will be used.
Multiple -pix_fmt options specified for stream 0, only the last option '-pix_fmt yuv420p' will be used.
Multiple -pix_fmt options specified for stream 0, only the last option '-pix_fmt yuv420p' will be used.
Multiple -pix_fmt options specified for stream 0, only the last option '-pix_fmt yuv420p' will be used.
Multiple -pix_fmt options specified for stream 0, only the last option '-pix_fmt yuv420p' will be used.
Multiple -pix_fmt options specified for stream 0, only the last option '-pix_fmt yuv420p' will be used.
Multiple -pix_fmt options specified for stream 0, only the last option '-pix_fmt yuv420p' will be used.
Multiple -pix_fmt options specified for stream 0, only the last option '-pix_fmt yuv420p' will be used.
Multiple -pix_fmt options specified for stream 0, only the last option '-pix_fmt yuv420p' will be used.
Multiple -pix_fmt options specified for stream 0, only the last option '-pix_fmt yuv420p' will be used.
Multiple -pix_fmt options specified for stream 0, only the last option '-pix_fmt yuv420p' will be used.
Multiple -pix_fmt options specified for stream 0, only the last option '-pix_fmt yuv420p' will be used.
Multiple -pix_fmt options specified for stream 0, only the last option '-pix_fmt yuv420p' will be used.
[info] using task orders [0, 1, 2, 3, 4, 5, 6, 7, 8, 9]
[Warning]: datasets path /home/user/Desktop/Ayush PH test/data/libero_datasets does not exist!
[Warning]: datasets path /home/user/Desktop/Ayush PH test/data/libero_datasets does not exist!
[LIBERO-OBJECT] m4 task7: 95.0%  (19/20 PASS, videos -> episode_videos/m4/)
Multiple -pix_fmt options specified for stream 0, only the last option '-pix_fmt yuv420p' will be used.
Multiple -pix_fmt options specified for stream 0, only the last option '-pix_fmt yuv420p' will be used.
Multiple -pix_fmt options specified for stream 0, only the last option '-pix_fmt yuv420p' will be used.
Multiple -pix_fmt options specified for stream 0, only the last option '-pix_fmt yuv420p' will be used.
Multiple -pix_fmt options specified for stream 0, only the last option '-pix_fmt yuv420p' will be used.
Multiple -pix_fmt options specified for stream 0, only the last option '-pix_fmt yuv420p' will be used.
Multiple -pix_fmt options specified for stream 0, only the last option '-pix_fmt yuv420p' will be used.
Multiple -pix_fmt options specified for stream 0, only the last option '-pix_fmt yuv420p' will be used.
Multiple -pix_fmt options specified for stream 0, only the last option '-pix_fmt yuv420p' will be used.
Multiple -pix_fmt options specified for stream 0, only the last option '-pix_fmt yuv420p' will be used.
Multiple -pix_fmt options specified for stream 0, only the last option '-pix_fmt yuv420p' will be used.
Multiple -pix_fmt options specified for stream 0, only the last option '-pix_fmt yuv420p' will be used.
Multiple -pix_fmt options specified for stream 0, only the last option '-pix_fmt yuv420p' will be used.
Multiple -pix_fmt options specified for stream 0, only the last option '-pix_fmt yuv420p' will be used.
Multiple -pix_fmt options specified for stream 0, only the last option '-pix_fmt yuv420p' will be used.
Multiple -pix_fmt options specified for stream 0, only the last option '-pix_fmt yuv420p' will be used.
Multiple -pix_fmt options specified for stream 0, only the last option '-pix_fmt yuv420p' will be used.
Multiple -pix_fmt options specified for stream 0, only the last option '-pix_fmt yuv420p' will be used.
Multiple -pix_fmt options specified for stream 0, only the last option '-pix_fmt yuv420p' will be used.
Multiple -pix_fmt options specified for stream 0, only the last option '-pix_fmt yuv420p' will be used.
[info] using task orders [0, 1, 2, 3, 4, 5, 6, 7, 8, 9]
[Warning]: datasets path /home/user/Desktop/Ayush PH test/data/libero_datasets does not exist!
[Warning]: datasets path /home/user/Desktop/Ayush PH test/data/libero_datasets does not exist!
[LIBERO-OBJECT] m4 task8: 95.0%  (19/20 PASS, videos -> episode_videos/m4/)
Multiple -pix_fmt options specified for stream 0, only the last option '-pix_fmt yuv420p' will be used.
Multiple -pix_fmt options specified for stream 0, only the last option '-pix_fmt yuv420p' will be used.
Multiple -pix_fmt options specified for stream 0, only the last option '-pix_fmt yuv420p' will be used.
Multiple -pix_fmt options specified for stream 0, only the last option '-pix_fmt yuv420p' will be used.
Multiple -pix_fmt options specified for stream 0, only the last option '-pix_fmt yuv420p' will be used.
Multiple -pix_fmt options specified for stream 0, only the last option '-pix_fmt yuv420p' will be used.
Multiple -pix_fmt options specified for stream 0, only the last option '-pix_fmt yuv420p' will be used.
Multiple -pix_fmt options specified for stream 0, only the last option '-pix_fmt yuv420p' will be used.
Multiple -pix_fmt options specified for stream 0, only the last option '-pix_fmt yuv420p' will be used.
Multiple -pix_fmt options specified for stream 0, only the last option '-pix_fmt yuv420p' will be used.
Multiple -pix_fmt options specified for stream 0, only the last option '-pix_fmt yuv420p' will be used.
Multiple -pix_fmt options specified for stream 0, only the last option '-pix_fmt yuv420p' will be used.
Multiple -pix_fmt options specified for stream 0, only the last option '-pix_fmt yuv420p' will be used.
Multiple -pix_fmt options specified for stream 0, only the last option '-pix_fmt yuv420p' will be used.
Multiple -pix_fmt options specified for stream 0, only the last option '-pix_fmt yuv420p' will be used.
Multiple -pix_fmt options specified for stream 0, only the last option '-pix_fmt yuv420p' will be used.
Multiple -pix_fmt options specified for stream 0, only the last option '-pix_fmt yuv420p' will be used.
Multiple -pix_fmt options specified for stream 0, only the last option '-pix_fmt yuv420p' will be used.
Multiple -pix_fmt options specified for stream 0, only the last option '-pix_fmt yuv420p' will be used.
Multiple -pix_fmt options specified for stream 0, only the last option '-pix_fmt yuv420p' will be used.
[info] using task orders [0, 1, 2, 3, 4, 5, 6, 7, 8, 9]
[Warning]: datasets path /home/user/Desktop/Ayush PH test/data/libero_datasets does not exist!
[Warning]: datasets path /home/user/Desktop/Ayush PH test/data/libero_datasets does not exist!
[LIBERO-OBJECT] m4 task9: 95.0%  (19/20 PASS, videos -> episode_videos/m4/)
[eval] DONE. summary: {
  "flow": {
    "LIBERO-OBJECT_avg": 0.845,
    "LIBERO-OBJECT-V_avg": null
  },
  "m3": {
    "LIBERO-OBJECT_avg": 0.9399999999999998,
    "LIBERO-OBJECT-V_avg": null
  },
  "m4": {
    "LIBERO-OBJECT_avg": 0.8699999999999999,
    "LIBERO-OBJECT-V_avg": null
  }
}
###### [OBJECT] move per-episode videos -> ../Object/videos/ ######
###### [OBJECT] refresh in-dist plots ######
  saved 1_accuracy.png
  saved 3_success_per_task.png
[OBJECT] plots+CSVs -> ../Object/plots ../Object/data
[OBJECT] in-dist acc: {'M1 flow': 84.5, 'M3 DeepONet-v2': 93.99999999999999, 'M4 DeepONet+PH-v2': 86.99999999999999}
[OBJECT] robustness : {'M1 flow': None, 'M3 DeepONet-v2': None, 'M4 DeepONet+PH-v2': None}
###### [OBJECT] video count: 600 ######
###### [GOAL] delete old videos + clear in-dist JSON (force fresh eval) ######
###### [GOAL] re-run in-dist eval (saves per-episode videos) ######
Fetching 4 files:   0%|          | 0/4 [00:00<?, ?it/s]Fetching 4 files: 100%|██████████| 4/4 [00:00<00:00, 101680.10it/s]
`torch_dtype` is deprecated! Use `dtype` instead!
Loading  HuggingFaceTB/SmolVLM2-500M-Video-Instruct weights ...
Loading weights:   0%|          | 0/489 [00:00<?, ?it/s]Loading weights: 100%|██████████| 489/489 [00:00<00:00, 6772.29it/s]
Reducing the number of VLM layers to 16 ...
Loading weights from local directory
[eval] loaded flow (head=flow) replan=5 <- ../Goal/runs/flow_s0/checkpoints/15000
Loading  HuggingFaceTB/SmolVLM2-500M-Video-Instruct weights ...
Loading weights:   0%|          | 0/489 [00:00<?, ?it/s]Loading weights: 100%|██████████| 489/489 [00:00<00:00, 6880.52it/s]
Reducing the number of VLM layers to 16 ...
Loading  HuggingFaceTB/SmolVLM2-500M-Video-Instruct weights ...
Loading weights:   0%|          | 0/489 [00:00<?, ?it/s]Loading weights: 100%|██████████| 489/489 [00:00<00:00, 6777.41it/s]
Reducing the number of VLM layers to 16 ...
Loading weights from local directory
[eval] loaded m3 (head=deeponet) replan=5 <- ../Goal/runs/m3_s0/checkpoints/15000
Loading  HuggingFaceTB/SmolVLM2-500M-Video-Instruct weights ...
Loading weights:   0%|          | 0/489 [00:00<?, ?it/s]Loading weights: 100%|██████████| 489/489 [00:00<00:00, 6972.71it/s]
Reducing the number of VLM layers to 16 ...
Loading  HuggingFaceTB/SmolVLM2-500M-Video-Instruct weights ...
Loading weights:   0%|          | 0/489 [00:00<?, ?it/s]Loading weights: 100%|██████████| 489/489 [00:00<00:00, 6787.96it/s]
Reducing the number of VLM layers to 16 ...
Loading weights from local directory
[eval] loaded m4 (head=deeponet) replan=5 <- ../Goal/runs/m4_s0/checkpoints/15000
[robosuite WARNING] No private macro file found! (__init__.py:7)
WARNING:robosuite_logs:No private macro file found!
[robosuite WARNING] It is recommended to use a private macro file (__init__.py:8)
WARNING:robosuite_logs:It is recommended to use a private macro file
[robosuite WARNING] To setup, run: python /home/user/Desktop/Ayush PH test/venv/lib/python3.12/site-packages/robosuite/scripts/setup_macros.py (__init__.py:9)
WARNING:robosuite_logs:To setup, run: python /home/user/Desktop/Ayush PH test/venv/lib/python3.12/site-packages/robosuite/scripts/setup_macros.py
Multiple -pix_fmt options specified for stream 0, only the last option '-pix_fmt yuv420p' will be used.
Multiple -pix_fmt options specified for stream 0, only the last option '-pix_fmt yuv420p' will be used.
Multiple -pix_fmt options specified for stream 0, only the last option '-pix_fmt yuv420p' will be used.
Multiple -pix_fmt options specified for stream 0, only the last option '-pix_fmt yuv420p' will be used.
Multiple -pix_fmt options specified for stream 0, only the last option '-pix_fmt yuv420p' will be used.
Multiple -pix_fmt options specified for stream 0, only the last option '-pix_fmt yuv420p' will be used.
Multiple -pix_fmt options specified for stream 0, only the last option '-pix_fmt yuv420p' will be used.
Multiple -pix_fmt options specified for stream 0, only the last option '-pix_fmt yuv420p' will be used.
Multiple -pix_fmt options specified for stream 0, only the last option '-pix_fmt yuv420p' will be used.
Multiple -pix_fmt options specified for stream 0, only the last option '-pix_fmt yuv420p' will be used.
Multiple -pix_fmt options specified for stream 0, only the last option '-pix_fmt yuv420p' will be used.
Multiple -pix_fmt options specified for stream 0, only the last option '-pix_fmt yuv420p' will be used.
Multiple -pix_fmt options specified for stream 0, only the last option '-pix_fmt yuv420p' will be used.
Multiple -pix_fmt options specified for stream 0, only the last option '-pix_fmt yuv420p' will be used.
Multiple -pix_fmt options specified for stream 0, only the last option '-pix_fmt yuv420p' will be used.
Multiple -pix_fmt options specified for stream 0, only the last option '-pix_fmt yuv420p' will be used.
Multiple -pix_fmt options specified for stream 0, only the last option '-pix_fmt yuv420p' will be used.
Multiple -pix_fmt options specified for stream 0, only the last option '-pix_fmt yuv420p' will be used.
Multiple -pix_fmt options specified for stream 0, only the last option '-pix_fmt yuv420p' will be used.
Multiple -pix_fmt options specified for stream 0, only the last option '-pix_fmt yuv420p' will be used.
[info] using task orders [0, 1, 2, 3, 4, 5, 6, 7, 8, 9]
[Warning]: datasets path /home/user/Desktop/Ayush PH test/data/libero_datasets does not exist!
[Warning]: datasets path /home/user/Desktop/Ayush PH test/data/libero_datasets does not exist!
[LIBERO-GOAL] flow task0: 100.0%  (20/20 PASS, videos -> episode_videos/flow/)
Multiple -pix_fmt options specified for stream 0, only the last option '-pix_fmt yuv420p' will be used.
Multiple -pix_fmt options specified for stream 0, only the last option '-pix_fmt yuv420p' will be used.
Multiple -pix_fmt options specified for stream 0, only the last option '-pix_fmt yuv420p' will be used.
Multiple -pix_fmt options specified for stream 0, only the last option '-pix_fmt yuv420p' will be used.
Multiple -pix_fmt options specified for stream 0, only the last option '-pix_fmt yuv420p' will be used.
Multiple -pix_fmt options specified for stream 0, only the last option '-pix_fmt yuv420p' will be used.
Multiple -pix_fmt options specified for stream 0, only the last option '-pix_fmt yuv420p' will be used.
Multiple -pix_fmt options specified for stream 0, only the last option '-pix_fmt yuv420p' will be used.
Multiple -pix_fmt options specified for stream 0, only the last option '-pix_fmt yuv420p' will be used.
Multiple -pix_fmt options specified for stream 0, only the last option '-pix_fmt yuv420p' will be used.
Multiple -pix_fmt options specified for stream 0, only the last option '-pix_fmt yuv420p' will be used.
Multiple -pix_fmt options specified for stream 0, only the last option '-pix_fmt yuv420p' will be used.
Multiple -pix_fmt options specified for stream 0, only the last option '-pix_fmt yuv420p' will be used.
Multiple -pix_fmt options specified for stream 0, only the last option '-pix_fmt yuv420p' will be used.
Multiple -pix_fmt options specified for stream 0, only the last option '-pix_fmt yuv420p' will be used.
Multiple -pix_fmt options specified for stream 0, only the last option '-pix_fmt yuv420p' will be used.
Multiple -pix_fmt options specified for stream 0, only the last option '-pix_fmt yuv420p' will be used.
Multiple -pix_fmt options specified for stream 0, only the last option '-pix_fmt yuv420p' will be used.
Multiple -pix_fmt options specified for stream 0, only the last option '-pix_fmt yuv420p' will be used.
Multiple -pix_fmt options specified for stream 0, only the last option '-pix_fmt yuv420p' will be used.
[info] using task orders [0, 1, 2, 3, 4, 5, 6, 7, 8, 9]
[Warning]: datasets path /home/user/Desktop/Ayush PH test/data/libero_datasets does not exist!
[Warning]: datasets path /home/user/Desktop/Ayush PH test/data/libero_datasets does not exist!
[LIBERO-GOAL] flow task1: 100.0%  (20/20 PASS, videos -> episode_videos/flow/)
Multiple -pix_fmt options specified for stream 0, only the last option '-pix_fmt yuv420p' will be used.
Multiple -pix_fmt options specified for stream 0, only the last option '-pix_fmt yuv420p' will be used.
Multiple -pix_fmt options specified for stream 0, only the last option '-pix_fmt yuv420p' will be used.
Multiple -pix_fmt options specified for stream 0, only the last option '-pix_fmt yuv420p' will be used.
Multiple -pix_fmt options specified for stream 0, only the last option '-pix_fmt yuv420p' will be used.
Multiple -pix_fmt options specified for stream 0, only the last option '-pix_fmt yuv420p' will be used.
Multiple -pix_fmt options specified for stream 0, only the last option '-pix_fmt yuv420p' will be used.
Multiple -pix_fmt options specified for stream 0, only the last option '-pix_fmt yuv420p' will be used.
Multiple -pix_fmt options specified for stream 0, only the last option '-pix_fmt yuv420p' will be used.
Multiple -pix_fmt options specified for stream 0, only the last option '-pix_fmt yuv420p' will be used.
Multiple -pix_fmt options specified for stream 0, only the last option '-pix_fmt yuv420p' will be used.
Multiple -pix_fmt options specified for stream 0, only the last option '-pix_fmt yuv420p' will be used.
Multiple -pix_fmt options specified for stream 0, only the last option '-pix_fmt yuv420p' will be used.
Multiple -pix_fmt options specified for stream 0, only the last option '-pix_fmt yuv420p' will be used.
Multiple -pix_fmt options specified for stream 0, only the last option '-pix_fmt yuv420p' will be used.
Multiple -pix_fmt options specified for stream 0, only the last option '-pix_fmt yuv420p' will be used.
Multiple -pix_fmt options specified for stream 0, only the last option '-pix_fmt yuv420p' will be used.
Multiple -pix_fmt options specified for stream 0, only the last option '-pix_fmt yuv420p' will be used.
Multiple -pix_fmt options specified for stream 0, only the last option '-pix_fmt yuv420p' will be used.
Multiple -pix_fmt options specified for stream 0, only the last option '-pix_fmt yuv420p' will be used.
[info] using task orders [0, 1, 2, 3, 4, 5, 6, 7, 8, 9]
[Warning]: datasets path /home/user/Desktop/Ayush PH test/data/libero_datasets does not exist!
[Warning]: datasets path /home/user/Desktop/Ayush PH test/data/libero_datasets does not exist!
[LIBERO-GOAL] flow task2: 95.0%  (19/20 PASS, videos -> episode_videos/flow/)
Multiple -pix_fmt options specified for stream 0, only the last option '-pix_fmt yuv420p' will be used.
Multiple -pix_fmt options specified for stream 0, only the last option '-pix_fmt yuv420p' will be used.
Multiple -pix_fmt options specified for stream 0, only the last option '-pix_fmt yuv420p' will be used.
Multiple -pix_fmt options specified for stream 0, only the last option '-pix_fmt yuv420p' will be used.
Multiple -pix_fmt options specified for stream 0, only the last option '-pix_fmt yuv420p' will be used.
Multiple -pix_fmt options specified for stream 0, only the last option '-pix_fmt yuv420p' will be used.
Multiple -pix_fmt options specified for stream 0, only the last option '-pix_fmt yuv420p' will be used.
Multiple -pix_fmt options specified for stream 0, only the last option '-pix_fmt yuv420p' will be used.
Multiple -pix_fmt options specified for stream 0, only the last option '-pix_fmt yuv420p' will be used.
Multiple -pix_fmt options specified for stream 0, only the last option '-pix_fmt yuv420p' will be used.
Multiple -pix_fmt options specified for stream 0, only the last option '-pix_fmt yuv420p' will be used.
Multiple -pix_fmt options specified for stream 0, only the last option '-pix_fmt yuv420p' will be used.
Multiple -pix_fmt options specified for stream 0, only the last option '-pix_fmt yuv420p' will be used.
Multiple -pix_fmt options specified for stream 0, only the last option '-pix_fmt yuv420p' will be used.
Multiple -pix_fmt options specified for stream 0, only the last option '-pix_fmt yuv420p' will be used.
Multiple -pix_fmt options specified for stream 0, only the last option '-pix_fmt yuv420p' will be used.
Multiple -pix_fmt options specified for stream 0, only the last option '-pix_fmt yuv420p' will be used.
Multiple -pix_fmt options specified for stream 0, only the last option '-pix_fmt yuv420p' will be used.
Multiple -pix_fmt options specified for stream 0, only the last option '-pix_fmt yuv420p' will be used.
Multiple -pix_fmt options specified for stream 0, only the last option '-pix_fmt yuv420p' will be used.
[info] using task orders [0, 1, 2, 3, 4, 5, 6, 7, 8, 9]
[Warning]: datasets path /home/user/Desktop/Ayush PH test/data/libero_datasets does not exist!
[Warning]: datasets path /home/user/Desktop/Ayush PH test/data/libero_datasets does not exist!
[LIBERO-GOAL] flow task3: 75.0%  (15/20 PASS, videos -> episode_videos/flow/)
Multiple -pix_fmt options specified for stream 0, only the last option '-pix_fmt yuv420p' will be used.
Multiple -pix_fmt options specified for stream 0, only the last option '-pix_fmt yuv420p' will be used.
Multiple -pix_fmt options specified for stream 0, only the last option '-pix_fmt yuv420p' will be used.
Multiple -pix_fmt options specified for stream 0, only the last option '-pix_fmt yuv420p' will be used.
Multiple -pix_fmt options specified for stream 0, only the last option '-pix_fmt yuv420p' will be used.
Multiple -pix_fmt options specified for stream 0, only the last option '-pix_fmt yuv420p' will be used.
Multiple -pix_fmt options specified for stream 0, only the last option '-pix_fmt yuv420p' will be used.
Multiple -pix_fmt options specified for stream 0, only the last option '-pix_fmt yuv420p' will be used.
Multiple -pix_fmt options specified for stream 0, only the last option '-pix_fmt yuv420p' will be used.
Multiple -pix_fmt options specified for stream 0, only the last option '-pix_fmt yuv420p' will be used.
Multiple -pix_fmt options specified for stream 0, only the last option '-pix_fmt yuv420p' will be used.
Multiple -pix_fmt options specified for stream 0, only the last option '-pix_fmt yuv420p' will be used.
Multiple -pix_fmt options specified for stream 0, only the last option '-pix_fmt yuv420p' will be used.
Multiple -pix_fmt options specified for stream 0, only the last option '-pix_fmt yuv420p' will be used.
Multiple -pix_fmt options specified for stream 0, only the last option '-pix_fmt yuv420p' will be used.
Multiple -pix_fmt options specified for stream 0, only the last option '-pix_fmt yuv420p' will be used.
Multiple -pix_fmt options specified for stream 0, only the last option '-pix_fmt yuv420p' will be used.
Multiple -pix_fmt options specified for stream 0, only the last option '-pix_fmt yuv420p' will be used.
Multiple -pix_fmt options specified for stream 0, only the last option '-pix_fmt yuv420p' will be used.
Multiple -pix_fmt options specified for stream 0, only the last option '-pix_fmt yuv420p' will be used.
[info] using task orders [0, 1, 2, 3, 4, 5, 6, 7, 8, 9]
[Warning]: datasets path /home/user/Desktop/Ayush PH test/data/libero_datasets does not exist!
[Warning]: datasets path /home/user/Desktop/Ayush PH test/data/libero_datasets does not exist!
[LIBERO-GOAL] flow task4: 90.0%  (18/20 PASS, videos -> episode_videos/flow/)
Multiple -pix_fmt options specified for stream 0, only the last option '-pix_fmt yuv420p' will be used.
Multiple -pix_fmt options specified for stream 0, only the last option '-pix_fmt yuv420p' will be used.
Multiple -pix_fmt options specified for stream 0, only the last option '-pix_fmt yuv420p' will be used.
Multiple -pix_fmt options specified for stream 0, only the last option '-pix_fmt yuv420p' will be used.
Multiple -pix_fmt options specified for stream 0, only the last option '-pix_fmt yuv420p' will be used.
Multiple -pix_fmt options specified for stream 0, only the last option '-pix_fmt yuv420p' will be used.
Multiple -pix_fmt options specified for stream 0, only the last option '-pix_fmt yuv420p' will be used.
Multiple -pix_fmt options specified for stream 0, only the last option '-pix_fmt yuv420p' will be used.
Multiple -pix_fmt options specified for stream 0, only the last option '-pix_fmt yuv420p' will be used.
Multiple -pix_fmt options specified for stream 0, only the last option '-pix_fmt yuv420p' will be used.
Multiple -pix_fmt options specified for stream 0, only the last option '-pix_fmt yuv420p' will be used.
Multiple -pix_fmt options specified for stream 0, only the last option '-pix_fmt yuv420p' will be used.
Multiple -pix_fmt options specified for stream 0, only the last option '-pix_fmt yuv420p' will be used.
Multiple -pix_fmt options specified for stream 0, only the last option '-pix_fmt yuv420p' will be used.
Multiple -pix_fmt options specified for stream 0, only the last option '-pix_fmt yuv420p' will be used.
Multiple -pix_fmt options specified for stream 0, only the last option '-pix_fmt yuv420p' will be used.
Multiple -pix_fmt options specified for stream 0, only the last option '-pix_fmt yuv420p' will be used.
Multiple -pix_fmt options specified for stream 0, only the last option '-pix_fmt yuv420p' will be used.
Multiple -pix_fmt options specified for stream 0, only the last option '-pix_fmt yuv420p' will be used.
Multiple -pix_fmt options specified for stream 0, only the last option '-pix_fmt yuv420p' will be used.
[info] using task orders [0, 1, 2, 3, 4, 5, 6, 7, 8, 9]
[Warning]: datasets path /home/user/Desktop/Ayush PH test/data/libero_datasets does not exist!
[Warning]: datasets path /home/user/Desktop/Ayush PH test/data/libero_datasets does not exist!
[LIBERO-GOAL] flow task5: 95.0%  (19/20 PASS, videos -> episode_videos/flow/)
Multiple -pix_fmt options specified for stream 0, only the last option '-pix_fmt yuv420p' will be used.
Multiple -pix_fmt options specified for stream 0, only the last option '-pix_fmt yuv420p' will be used.
Multiple -pix_fmt options specified for stream 0, only the last option '-pix_fmt yuv420p' will be used.
Multiple -pix_fmt options specified for stream 0, only the last option '-pix_fmt yuv420p' will be used.
Multiple -pix_fmt options specified for stream 0, only the last option '-pix_fmt yuv420p' will be used.
Multiple -pix_fmt options specified for stream 0, only the last option '-pix_fmt yuv420p' will be used.
Multiple -pix_fmt options specified for stream 0, only the last option '-pix_fmt yuv420p' will be used.
Multiple -pix_fmt options specified for stream 0, only the last option '-pix_fmt yuv420p' will be used.
Multiple -pix_fmt options specified for stream 0, only the last option '-pix_fmt yuv420p' will be used.
Multiple -pix_fmt options specified for stream 0, only the last option '-pix_fmt yuv420p' will be used.
Multiple -pix_fmt options specified for stream 0, only the last option '-pix_fmt yuv420p' will be used.
Multiple -pix_fmt options specified for stream 0, only the last option '-pix_fmt yuv420p' will be used.
Multiple -pix_fmt options specified for stream 0, only the last option '-pix_fmt yuv420p' will be used.
Multiple -pix_fmt options specified for stream 0, only the last option '-pix_fmt yuv420p' will be used.
Multiple -pix_fmt options specified for stream 0, only the last option '-pix_fmt yuv420p' will be used.
Multiple -pix_fmt options specified for stream 0, only the last option '-pix_fmt yuv420p' will be used.
Multiple -pix_fmt options specified for stream 0, only the last option '-pix_fmt yuv420p' will be used.
Multiple -pix_fmt options specified for stream 0, only the last option '-pix_fmt yuv420p' will be used.
Multiple -pix_fmt options specified for stream 0, only the last option '-pix_fmt yuv420p' will be used.
Multiple -pix_fmt options specified for stream 0, only the last option '-pix_fmt yuv420p' will be used.
[info] using task orders [0, 1, 2, 3, 4, 5, 6, 7, 8, 9]
[Warning]: datasets path /home/user/Desktop/Ayush PH test/data/libero_datasets does not exist!
[Warning]: datasets path /home/user/Desktop/Ayush PH test/data/libero_datasets does not exist!
[LIBERO-GOAL] flow task6: 100.0%  (20/20 PASS, videos -> episode_videos/flow/)
Multiple -pix_fmt options specified for stream 0, only the last option '-pix_fmt yuv420p' will be used.
Multiple -pix_fmt options specified for stream 0, only the last option '-pix_fmt yuv420p' will be used.
Multiple -pix_fmt options specified for stream 0, only the last option '-pix_fmt yuv420p' will be used.
Multiple -pix_fmt options specified for stream 0, only the last option '-pix_fmt yuv420p' will be used.
Multiple -pix_fmt options specified for stream 0, only the last option '-pix_fmt yuv420p' will be used.
Multiple -pix_fmt options specified for stream 0, only the last option '-pix_fmt yuv420p' will be used.
Multiple -pix_fmt options specified for stream 0, only the last option '-pix_fmt yuv420p' will be used.
Multiple -pix_fmt options specified for stream 0, only the last option '-pix_fmt yuv420p' will be used.
Multiple -pix_fmt options specified for stream 0, only the last option '-pix_fmt yuv420p' will be used.
Multiple -pix_fmt options specified for stream 0, only the last option '-pix_fmt yuv420p' will be used.
Multiple -pix_fmt options specified for stream 0, only the last option '-pix_fmt yuv420p' will be used.
Multiple -pix_fmt options specified for stream 0, only the last option '-pix_fmt yuv420p' will be used.
Multiple -pix_fmt options specified for stream 0, only the last option '-pix_fmt yuv420p' will be used.
Multiple -pix_fmt options specified for stream 0, only the last option '-pix_fmt yuv420p' will be used.
Multiple -pix_fmt options specified for stream 0, only the last option '-pix_fmt yuv420p' will be used.
Multiple -pix_fmt options specified for stream 0, only the last option '-pix_fmt yuv420p' will be used.
Multiple -pix_fmt options specified for stream 0, only the last option '-pix_fmt yuv420p' will be used.
Multiple -pix_fmt options specified for stream 0, only the last option '-pix_fmt yuv420p' will be used.
Multiple -pix_fmt options specified for stream 0, only the last option '-pix_fmt yuv420p' will be used.
Multiple -pix_fmt options specified for stream 0, only the last option '-pix_fmt yuv420p' will be used.
[info] using task orders [0, 1, 2, 3, 4, 5, 6, 7, 8, 9]
[Warning]: datasets path /home/user/Desktop/Ayush PH test/data/libero_datasets does not exist!
[Warning]: datasets path /home/user/Desktop/Ayush PH test/data/libero_datasets does not exist!
[LIBERO-GOAL] flow task7: 95.0%  (19/20 PASS, videos -> episode_videos/flow/)
Multiple -pix_fmt options specified for stream 0, only the last option '-pix_fmt yuv420p' will be used.
Multiple -pix_fmt options specified for stream 0, only the last option '-pix_fmt yuv420p' will be used.
Multiple -pix_fmt options specified for stream 0, only the last option '-pix_fmt yuv420p' will be used.
Multiple -pix_fmt options specified for stream 0, only the last option '-pix_fmt yuv420p' will be used.
Multiple -pix_fmt options specified for stream 0, only the last option '-pix_fmt yuv420p' will be used.
Multiple -pix_fmt options specified for stream 0, only the last option '-pix_fmt yuv420p' will be used.
Multiple -pix_fmt options specified for stream 0, only the last option '-pix_fmt yuv420p' will be used.
Multiple -pix_fmt options specified for stream 0, only the last option '-pix_fmt yuv420p' will be used.
Multiple -pix_fmt options specified for stream 0, only the last option '-pix_fmt yuv420p' will be used.
Multiple -pix_fmt options specified for stream 0, only the last option '-pix_fmt yuv420p' will be used.
Multiple -pix_fmt options specified for stream 0, only the last option '-pix_fmt yuv420p' will be used.
Multiple -pix_fmt options specified for stream 0, only the last option '-pix_fmt yuv420p' will be used.
Multiple -pix_fmt options specified for stream 0, only the last option '-pix_fmt yuv420p' will be used.
Multiple -pix_fmt options specified for stream 0, only the last option '-pix_fmt yuv420p' will be used.
Multiple -pix_fmt options specified for stream 0, only the last option '-pix_fmt yuv420p' will be used.
Multiple -pix_fmt options specified for stream 0, only the last option '-pix_fmt yuv420p' will be used.
Multiple -pix_fmt options specified for stream 0, only the last option '-pix_fmt yuv420p' will be used.
Multiple -pix_fmt options specified for stream 0, only the last option '-pix_fmt yuv420p' will be used.
Multiple -pix_fmt options specified for stream 0, only the last option '-pix_fmt yuv420p' will be used.
Multiple -pix_fmt options specified for stream 0, only the last option '-pix_fmt yuv420p' will be used.
[info] using task orders [0, 1, 2, 3, 4, 5, 6, 7, 8, 9]
[Warning]: datasets path /home/user/Desktop/Ayush PH test/data/libero_datasets does not exist!
[Warning]: datasets path /home/user/Desktop/Ayush PH test/data/libero_datasets does not exist!
[LIBERO-GOAL] flow task8: 95.0%  (19/20 PASS, videos -> episode_videos/flow/)
Multiple -pix_fmt options specified for stream 0, only the last option '-pix_fmt yuv420p' will be used.
Multiple -pix_fmt options specified for stream 0, only the last option '-pix_fmt yuv420p' will be used.
Multiple -pix_fmt options specified for stream 0, only the last option '-pix_fmt yuv420p' will be used.
Multiple -pix_fmt options specified for stream 0, only the last option '-pix_fmt yuv420p' will be used.
Multiple -pix_fmt options specified for stream 0, only the last option '-pix_fmt yuv420p' will be used.
Multiple -pix_fmt options specified for stream 0, only the last option '-pix_fmt yuv420p' will be used.
Multiple -pix_fmt options specified for stream 0, only the last option '-pix_fmt yuv420p' will be used.
Multiple -pix_fmt options specified for stream 0, only the last option '-pix_fmt yuv420p' will be used.
Multiple -pix_fmt options specified for stream 0, only the last option '-pix_fmt yuv420p' will be used.
Multiple -pix_fmt options specified for stream 0, only the last option '-pix_fmt yuv420p' will be used.
Multiple -pix_fmt options specified for stream 0, only the last option '-pix_fmt yuv420p' will be used.
Multiple -pix_fmt options specified for stream 0, only the last option '-pix_fmt yuv420p' will be used.
Multiple -pix_fmt options specified for stream 0, only the last option '-pix_fmt yuv420p' will be used.
Multiple -pix_fmt options specified for stream 0, only the last option '-pix_fmt yuv420p' will be used.
Multiple -pix_fmt options specified for stream 0, only the last option '-pix_fmt yuv420p' will be used.
Multiple -pix_fmt options specified for stream 0, only the last option '-pix_fmt yuv420p' will be used.
Multiple -pix_fmt options specified for stream 0, only the last option '-pix_fmt yuv420p' will be used.
Multiple -pix_fmt options specified for stream 0, only the last option '-pix_fmt yuv420p' will be used.
Multiple -pix_fmt options specified for stream 0, only the last option '-pix_fmt yuv420p' will be used.
Multiple -pix_fmt options specified for stream 0, only the last option '-pix_fmt yuv420p' will be used.
[info] using task orders [0, 1, 2, 3, 4, 5, 6, 7, 8, 9]
[Warning]: datasets path /home/user/Desktop/Ayush PH test/data/libero_datasets does not exist!
[Warning]: datasets path /home/user/Desktop/Ayush PH test/data/libero_datasets does not exist!
[LIBERO-GOAL] flow task9: 90.0%  (18/20 PASS, videos -> episode_videos/flow/)
Multiple -pix_fmt options specified for stream 0, only the last option '-pix_fmt yuv420p' will be used.
Multiple -pix_fmt options specified for stream 0, only the last option '-pix_fmt yuv420p' will be used.
Multiple -pix_fmt options specified for stream 0, only the last option '-pix_fmt yuv420p' will be used.
Multiple -pix_fmt options specified for stream 0, only the last option '-pix_fmt yuv420p' will be used.
Multiple -pix_fmt options specified for stream 0, only the last option '-pix_fmt yuv420p' will be used.
Multiple -pix_fmt options specified for stream 0, only the last option '-pix_fmt yuv420p' will be used.
Multiple -pix_fmt options specified for stream 0, only the last option '-pix_fmt yuv420p' will be used.
Multiple -pix_fmt options specified for stream 0, only the last option '-pix_fmt yuv420p' will be used.
Multiple -pix_fmt options specified for stream 0, only the last option '-pix_fmt yuv420p' will be used.
Multiple -pix_fmt options specified for stream 0, only the last option '-pix_fmt yuv420p' will be used.
Multiple -pix_fmt options specified for stream 0, only the last option '-pix_fmt yuv420p' will be used.
Multiple -pix_fmt options specified for stream 0, only the last option '-pix_fmt yuv420p' will be used.
Multiple -pix_fmt options specified for stream 0, only the last option '-pix_fmt yuv420p' will be used.
Multiple -pix_fmt options specified for stream 0, only the last option '-pix_fmt yuv420p' will be used.
Multiple -pix_fmt options specified for stream 0, only the last option '-pix_fmt yuv420p' will be used.
Multiple -pix_fmt options specified for stream 0, only the last option '-pix_fmt yuv420p' will be used.
Multiple -pix_fmt options specified for stream 0, only the last option '-pix_fmt yuv420p' will be used.
Multiple -pix_fmt options specified for stream 0, only the last option '-pix_fmt yuv420p' will be used.
Multiple -pix_fmt options specified for stream 0, only the last option '-pix_fmt yuv420p' will be used.
Multiple -pix_fmt options specified for stream 0, only the last option '-pix_fmt yuv420p' will be used.
[info] using task orders [0, 1, 2, 3, 4, 5, 6, 7, 8, 9]
[Warning]: datasets path /home/user/Desktop/Ayush PH test/data/libero_datasets does not exist!
[Warning]: datasets path /home/user/Desktop/Ayush PH test/data/libero_datasets does not exist!
[LIBERO-GOAL] m3 task0: 85.0%  (17/20 PASS, videos -> episode_videos/m3/)
Multiple -pix_fmt options specified for stream 0, only the last option '-pix_fmt yuv420p' will be used.
Multiple -pix_fmt options specified for stream 0, only the last option '-pix_fmt yuv420p' will be used.
Multiple -pix_fmt options specified for stream 0, only the last option '-pix_fmt yuv420p' will be used.
Multiple -pix_fmt options specified for stream 0, only the last option '-pix_fmt yuv420p' will be used.
Multiple -pix_fmt options specified for stream 0, only the last option '-pix_fmt yuv420p' will be used.
Multiple -pix_fmt options specified for stream 0, only the last option '-pix_fmt yuv420p' will be used.
Multiple -pix_fmt options specified for stream 0, only the last option '-pix_fmt yuv420p' will be used.
Multiple -pix_fmt options specified for stream 0, only the last option '-pix_fmt yuv420p' will be used.
Multiple -pix_fmt options specified for stream 0, only the last option '-pix_fmt yuv420p' will be used.
Multiple -pix_fmt options specified for stream 0, only the last option '-pix_fmt yuv420p' will be used.
Multiple -pix_fmt options specified for stream 0, only the last option '-pix_fmt yuv420p' will be used.
Multiple -pix_fmt options specified for stream 0, only the last option '-pix_fmt yuv420p' will be used.
Multiple -pix_fmt options specified for stream 0, only the last option '-pix_fmt yuv420p' will be used.
Multiple -pix_fmt options specified for stream 0, only the last option '-pix_fmt yuv420p' will be used.
Multiple -pix_fmt options specified for stream 0, only the last option '-pix_fmt yuv420p' will be used.
Multiple -pix_fmt options specified for stream 0, only the last option '-pix_fmt yuv420p' will be used.
Multiple -pix_fmt options specified for stream 0, only the last option '-pix_fmt yuv420p' will be used.
Multiple -pix_fmt options specified for stream 0, only the last option '-pix_fmt yuv420p' will be used.
Multiple -pix_fmt options specified for stream 0, only the last option '-pix_fmt yuv420p' will be used.
Multiple -pix_fmt options specified for stream 0, only the last option '-pix_fmt yuv420p' will be used.
[info] using task orders [0, 1, 2, 3, 4, 5, 6, 7, 8, 9]
[Warning]: datasets path /home/user/Desktop/Ayush PH test/data/libero_datasets does not exist!
[Warning]: datasets path /home/user/Desktop/Ayush PH test/data/libero_datasets does not exist!
[LIBERO-GOAL] m3 task1: 100.0%  (20/20 PASS, videos -> episode_videos/m3/)
Multiple -pix_fmt options specified for stream 0, only the last option '-pix_fmt yuv420p' will be used.
Multiple -pix_fmt options specified for stream 0, only the last option '-pix_fmt yuv420p' will be used.
Multiple -pix_fmt options specified for stream 0, only the last option '-pix_fmt yuv420p' will be used.
Multiple -pix_fmt options specified for stream 0, only the last option '-pix_fmt yuv420p' will be used.
Multiple -pix_fmt options specified for stream 0, only the last option '-pix_fmt yuv420p' will be used.
Multiple -pix_fmt options specified for stream 0, only the last option '-pix_fmt yuv420p' will be used.
Multiple -pix_fmt options specified for stream 0, only the last option '-pix_fmt yuv420p' will be used.
Multiple -pix_fmt options specified for stream 0, only the last option '-pix_fmt yuv420p' will be used.
Multiple -pix_fmt options specified for stream 0, only the last option '-pix_fmt yuv420p' will be used.
Multiple -pix_fmt options specified for stream 0, only the last option '-pix_fmt yuv420p' will be used.
Multiple -pix_fmt options specified for stream 0, only the last option '-pix_fmt yuv420p' will be used.
Multiple -pix_fmt options specified for stream 0, only the last option '-pix_fmt yuv420p' will be used.
Multiple -pix_fmt options specified for stream 0, only the last option '-pix_fmt yuv420p' will be used.
Multiple -pix_fmt options specified for stream 0, only the last option '-pix_fmt yuv420p' will be used.
Multiple -pix_fmt options specified for stream 0, only the last option '-pix_fmt yuv420p' will be used.
Multiple -pix_fmt options specified for stream 0, only the last option '-pix_fmt yuv420p' will be used.
Multiple -pix_fmt options specified for stream 0, only the last option '-pix_fmt yuv420p' will be used.
Multiple -pix_fmt options specified for stream 0, only the last option '-pix_fmt yuv420p' will be used.
Multiple -pix_fmt options specified for stream 0, only the last option '-pix_fmt yuv420p' will be used.
Multiple -pix_fmt options specified for stream 0, only the last option '-pix_fmt yuv420p' will be used.
[info] using task orders [0, 1, 2, 3, 4, 5, 6, 7, 8, 9]
[Warning]: datasets path /home/user/Desktop/Ayush PH test/data/libero_datasets does not exist!
[Warning]: datasets path /home/user/Desktop/Ayush PH test/data/libero_datasets does not exist!
[LIBERO-GOAL] m3 task2: 90.0%  (18/20 PASS, videos -> episode_videos/m3/)
Multiple -pix_fmt options specified for stream 0, only the last option '-pix_fmt yuv420p' will be used.
Multiple -pix_fmt options specified for stream 0, only the last option '-pix_fmt yuv420p' will be used.
Multiple -pix_fmt options specified for stream 0, only the last option '-pix_fmt yuv420p' will be used.
Multiple -pix_fmt options specified for stream 0, only the last option '-pix_fmt yuv420p' will be used.
Multiple -pix_fmt options specified for stream 0, only the last option '-pix_fmt yuv420p' will be used.
Multiple -pix_fmt options specified for stream 0, only the last option '-pix_fmt yuv420p' will be used.
Multiple -pix_fmt options specified for stream 0, only the last option '-pix_fmt yuv420p' will be used.
Multiple -pix_fmt options specified for stream 0, only the last option '-pix_fmt yuv420p' will be used.
Multiple -pix_fmt options specified for stream 0, only the last option '-pix_fmt yuv420p' will be used.
Multiple -pix_fmt options specified for stream 0, only the last option '-pix_fmt yuv420p' will be used.
Multiple -pix_fmt options specified for stream 0, only the last option '-pix_fmt yuv420p' will be used.
Multiple -pix_fmt options specified for stream 0, only the last option '-pix_fmt yuv420p' will be used.
Multiple -pix_fmt options specified for stream 0, only the last option '-pix_fmt yuv420p' will be used.
Multiple -pix_fmt options specified for stream 0, only the last option '-pix_fmt yuv420p' will be used.
Multiple -pix_fmt options specified for stream 0, only the last option '-pix_fmt yuv420p' will be used.
Multiple -pix_fmt options specified for stream 0, only the last option '-pix_fmt yuv420p' will be used.
Multiple -pix_fmt options specified for stream 0, only the last option '-pix_fmt yuv420p' will be used.
Multiple -pix_fmt options specified for stream 0, only the last option '-pix_fmt yuv420p' will be used.
Multiple -pix_fmt options specified for stream 0, only the last option '-pix_fmt yuv420p' will be used.
Multiple -pix_fmt options specified for stream 0, only the last option '-pix_fmt yuv420p' will be used.
[info] using task orders [0, 1, 2, 3, 4, 5, 6, 7, 8, 9]
[Warning]: datasets path /home/user/Desktop/Ayush PH test/data/libero_datasets does not exist!
[Warning]: datasets path /home/user/Desktop/Ayush PH test/data/libero_datasets does not exist!
[LIBERO-GOAL] m3 task3: 95.0%  (19/20 PASS, videos -> episode_videos/m3/)
Multiple -pix_fmt options specified for stream 0, only the last option '-pix_fmt yuv420p' will be used.
Multiple -pix_fmt options specified for stream 0, only the last option '-pix_fmt yuv420p' will be used.
Multiple -pix_fmt options specified for stream 0, only the last option '-pix_fmt yuv420p' will be used.
Multiple -pix_fmt options specified for stream 0, only the last option '-pix_fmt yuv420p' will be used.
Multiple -pix_fmt options specified for stream 0, only the last option '-pix_fmt yuv420p' will be used.
Multiple -pix_fmt options specified for stream 0, only the last option '-pix_fmt yuv420p' will be used.
Multiple -pix_fmt options specified for stream 0, only the last option '-pix_fmt yuv420p' will be used.
Multiple -pix_fmt options specified for stream 0, only the last option '-pix_fmt yuv420p' will be used.
Multiple -pix_fmt options specified for stream 0, only the last option '-pix_fmt yuv420p' will be used.
Multiple -pix_fmt options specified for stream 0, only the last option '-pix_fmt yuv420p' will be used.
Multiple -pix_fmt options specified for stream 0, only the last option '-pix_fmt yuv420p' will be used.
Multiple -pix_fmt options specified for stream 0, only the last option '-pix_fmt yuv420p' will be used.
Multiple -pix_fmt options specified for stream 0, only the last option '-pix_fmt yuv420p' will be used.
Multiple -pix_fmt options specified for stream 0, only the last option '-pix_fmt yuv420p' will be used.
Multiple -pix_fmt options specified for stream 0, only the last option '-pix_fmt yuv420p' will be used.
Multiple -pix_fmt options specified for stream 0, only the last option '-pix_fmt yuv420p' will be used.
Multiple -pix_fmt options specified for stream 0, only the last option '-pix_fmt yuv420p' will be used.
Multiple -pix_fmt options specified for stream 0, only the last option '-pix_fmt yuv420p' will be used.
Multiple -pix_fmt options specified for stream 0, only the last option '-pix_fmt yuv420p' will be used.
Multiple -pix_fmt options specified for stream 0, only the last option '-pix_fmt yuv420p' will be used.
[info] using task orders [0, 1, 2, 3, 4, 5, 6, 7, 8, 9]
[Warning]: datasets path /home/user/Desktop/Ayush PH test/data/libero_datasets does not exist!
[Warning]: datasets path /home/user/Desktop/Ayush PH test/data/libero_datasets does not exist!
[LIBERO-GOAL] m3 task4: 95.0%  (19/20 PASS, videos -> episode_videos/m3/)
Multiple -pix_fmt options specified for stream 0, only the last option '-pix_fmt yuv420p' will be used.
Multiple -pix_fmt options specified for stream 0, only the last option '-pix_fmt yuv420p' will be used.
Multiple -pix_fmt options specified for stream 0, only the last option '-pix_fmt yuv420p' will be used.
Multiple -pix_fmt options specified for stream 0, only the last option '-pix_fmt yuv420p' will be used.
Multiple -pix_fmt options specified for stream 0, only the last option '-pix_fmt yuv420p' will be used.
Multiple -pix_fmt options specified for stream 0, only the last option '-pix_fmt yuv420p' will be used.
Multiple -pix_fmt options specified for stream 0, only the last option '-pix_fmt yuv420p' will be used.
Multiple -pix_fmt options specified for stream 0, only the last option '-pix_fmt yuv420p' will be used.
Multiple -pix_fmt options specified for stream 0, only the last option '-pix_fmt yuv420p' will be used.
Multiple -pix_fmt options specified for stream 0, only the last option '-pix_fmt yuv420p' will be used.
Multiple -pix_fmt options specified for stream 0, only the last option '-pix_fmt yuv420p' will be used.
Multiple -pix_fmt options specified for stream 0, only the last option '-pix_fmt yuv420p' will be used.
Multiple -pix_fmt options specified for stream 0, only the last option '-pix_fmt yuv420p' will be used.
Multiple -pix_fmt options specified for stream 0, only the last option '-pix_fmt yuv420p' will be used.
Multiple -pix_fmt options specified for stream 0, only the last option '-pix_fmt yuv420p' will be used.
Multiple -pix_fmt options specified for stream 0, only the last option '-pix_fmt yuv420p' will be used.
Multiple -pix_fmt options specified for stream 0, only the last option '-pix_fmt yuv420p' will be used.
Multiple -pix_fmt options specified for stream 0, only the last option '-pix_fmt yuv420p' will be used.
Multiple -pix_fmt options specified for stream 0, only the last option '-pix_fmt yuv420p' will be used.
Multiple -pix_fmt options specified for stream 0, only the last option '-pix_fmt yuv420p' will be used.
[info] using task orders [0, 1, 2, 3, 4, 5, 6, 7, 8, 9]
[Warning]: datasets path /home/user/Desktop/Ayush PH test/data/libero_datasets does not exist!
[Warning]: datasets path /home/user/Desktop/Ayush PH test/data/libero_datasets does not exist!
[LIBERO-GOAL] m3 task5: 95.0%  (19/20 PASS, videos -> episode_videos/m3/)
Multiple -pix_fmt options specified for stream 0, only the last option '-pix_fmt yuv420p' will be used.
Multiple -pix_fmt options specified for stream 0, only the last option '-pix_fmt yuv420p' will be used.
Multiple -pix_fmt options specified for stream 0, only the last option '-pix_fmt yuv420p' will be used.
Multiple -pix_fmt options specified for stream 0, only the last option '-pix_fmt yuv420p' will be used.
Multiple -pix_fmt options specified for stream 0, only the last option '-pix_fmt yuv420p' will be used.
Multiple -pix_fmt options specified for stream 0, only the last option '-pix_fmt yuv420p' will be used.
Multiple -pix_fmt options specified for stream 0, only the last option '-pix_fmt yuv420p' will be used.
Multiple -pix_fmt options specified for stream 0, only the last option '-pix_fmt yuv420p' will be used.
Multiple -pix_fmt options specified for stream 0, only the last option '-pix_fmt yuv420p' will be used.
Multiple -pix_fmt options specified for stream 0, only the last option '-pix_fmt yuv420p' will be used.
Multiple -pix_fmt options specified for stream 0, only the last option '-pix_fmt yuv420p' will be used.
Multiple -pix_fmt options specified for stream 0, only the last option '-pix_fmt yuv420p' will be used.
Multiple -pix_fmt options specified for stream 0, only the last option '-pix_fmt yuv420p' will be used.
Multiple -pix_fmt options specified for stream 0, only the last option '-pix_fmt yuv420p' will be used.
Multiple -pix_fmt options specified for stream 0, only the last option '-pix_fmt yuv420p' will be used.
Multiple -pix_fmt options specified for stream 0, only the last option '-pix_fmt yuv420p' will be used.
Multiple -pix_fmt options specified for stream 0, only the last option '-pix_fmt yuv420p' will be used.
Multiple -pix_fmt options specified for stream 0, only the last option '-pix_fmt yuv420p' will be used.
Multiple -pix_fmt options specified for stream 0, only the last option '-pix_fmt yuv420p' will be used.
Multiple -pix_fmt options specified for stream 0, only the last option '-pix_fmt yuv420p' will be used.
[info] using task orders [0, 1, 2, 3, 4, 5, 6, 7, 8, 9]
[Warning]: datasets path /home/user/Desktop/Ayush PH test/data/libero_datasets does not exist!
[Warning]: datasets path /home/user/Desktop/Ayush PH test/data/libero_datasets does not exist!
[LIBERO-GOAL] m3 task6: 60.0%  (12/20 PASS, videos -> episode_videos/m3/)
Multiple -pix_fmt options specified for stream 0, only the last option '-pix_fmt yuv420p' will be used.
Multiple -pix_fmt options specified for stream 0, only the last option '-pix_fmt yuv420p' will be used.
Multiple -pix_fmt options specified for stream 0, only the last option '-pix_fmt yuv420p' will be used.
Multiple -pix_fmt options specified for stream 0, only the last option '-pix_fmt yuv420p' will be used.
Multiple -pix_fmt options specified for stream 0, only the last option '-pix_fmt yuv420p' will be used.
Multiple -pix_fmt options specified for stream 0, only the last option '-pix_fmt yuv420p' will be used.
Multiple -pix_fmt options specified for stream 0, only the last option '-pix_fmt yuv420p' will be used.
Multiple -pix_fmt options specified for stream 0, only the last option '-pix_fmt yuv420p' will be used.
Multiple -pix_fmt options specified for stream 0, only the last option '-pix_fmt yuv420p' will be used.
Multiple -pix_fmt options specified for stream 0, only the last option '-pix_fmt yuv420p' will be used.
Multiple -pix_fmt options specified for stream 0, only the last option '-pix_fmt yuv420p' will be used.
Multiple -pix_fmt options specified for stream 0, only the last option '-pix_fmt yuv420p' will be used.
Multiple -pix_fmt options specified for stream 0, only the last option '-pix_fmt yuv420p' will be used.
Multiple -pix_fmt options specified for stream 0, only the last option '-pix_fmt yuv420p' will be used.
Multiple -pix_fmt options specified for stream 0, only the last option '-pix_fmt yuv420p' will be used.
Multiple -pix_fmt options specified for stream 0, only the last option '-pix_fmt yuv420p' will be used.
Multiple -pix_fmt options specified for stream 0, only the last option '-pix_fmt yuv420p' will be used.
Multiple -pix_fmt options specified for stream 0, only the last option '-pix_fmt yuv420p' will be used.
Multiple -pix_fmt options specified for stream 0, only the last option '-pix_fmt yuv420p' will be used.
Multiple -pix_fmt options specified for stream 0, only the last option '-pix_fmt yuv420p' will be used.
[info] using task orders [0, 1, 2, 3, 4, 5, 6, 7, 8, 9]
[Warning]: datasets path /home/user/Desktop/Ayush PH test/data/libero_datasets does not exist!
[Warning]: datasets path /home/user/Desktop/Ayush PH test/data/libero_datasets does not exist!
[LIBERO-GOAL] m3 task7: 100.0%  (20/20 PASS, videos -> episode_videos/m3/)
Multiple -pix_fmt options specified for stream 0, only the last option '-pix_fmt yuv420p' will be used.
Multiple -pix_fmt options specified for stream 0, only the last option '-pix_fmt yuv420p' will be used.
Multiple -pix_fmt options specified for stream 0, only the last option '-pix_fmt yuv420p' will be used.
Multiple -pix_fmt options specified for stream 0, only the last option '-pix_fmt yuv420p' will be used.
Multiple -pix_fmt options specified for stream 0, only the last option '-pix_fmt yuv420p' will be used.
Multiple -pix_fmt options specified for stream 0, only the last option '-pix_fmt yuv420p' will be used.
Multiple -pix_fmt options specified for stream 0, only the last option '-pix_fmt yuv420p' will be used.
Multiple -pix_fmt options specified for stream 0, only the last option '-pix_fmt yuv420p' will be used.
Multiple -pix_fmt options specified for stream 0, only the last option '-pix_fmt yuv420p' will be used.
Multiple -pix_fmt options specified for stream 0, only the last option '-pix_fmt yuv420p' will be used.
Multiple -pix_fmt options specified for stream 0, only the last option '-pix_fmt yuv420p' will be used.
Multiple -pix_fmt options specified for stream 0, only the last option '-pix_fmt yuv420p' will be used.
Multiple -pix_fmt options specified for stream 0, only the last option '-pix_fmt yuv420p' will be used.
Multiple -pix_fmt options specified for stream 0, only the last option '-pix_fmt yuv420p' will be used.
Multiple -pix_fmt options specified for stream 0, only the last option '-pix_fmt yuv420p' will be used.
Multiple -pix_fmt options specified for stream 0, only the last option '-pix_fmt yuv420p' will be used.
Multiple -pix_fmt options specified for stream 0, only the last option '-pix_fmt yuv420p' will be used.
Multiple -pix_fmt options specified for stream 0, only the last option '-pix_fmt yuv420p' will be used.
Multiple -pix_fmt options specified for stream 0, only the last option '-pix_fmt yuv420p' will be used.
Multiple -pix_fmt options specified for stream 0, only the last option '-pix_fmt yuv420p' will be used.
[info] using task orders [0, 1, 2, 3, 4, 5, 6, 7, 8, 9]
[Warning]: datasets path /home/user/Desktop/Ayush PH test/data/libero_datasets does not exist!
[Warning]: datasets path /home/user/Desktop/Ayush PH test/data/libero_datasets does not exist!
[LIBERO-GOAL] m3 task8: 100.0%  (20/20 PASS, videos -> episode_videos/m3/)
Multiple -pix_fmt options specified for stream 0, only the last option '-pix_fmt yuv420p' will be used.
Multiple -pix_fmt options specified for stream 0, only the last option '-pix_fmt yuv420p' will be used.
Multiple -pix_fmt options specified for stream 0, only the last option '-pix_fmt yuv420p' will be used.
Multiple -pix_fmt options specified for stream 0, only the last option '-pix_fmt yuv420p' will be used.
Multiple -pix_fmt options specified for stream 0, only the last option '-pix_fmt yuv420p' will be used.
Multiple -pix_fmt options specified for stream 0, only the last option '-pix_fmt yuv420p' will be used.
Multiple -pix_fmt options specified for stream 0, only the last option '-pix_fmt yuv420p' will be used.
Multiple -pix_fmt options specified for stream 0, only the last option '-pix_fmt yuv420p' will be used.
Multiple -pix_fmt options specified for stream 0, only the last option '-pix_fmt yuv420p' will be used.
Multiple -pix_fmt options specified for stream 0, only the last option '-pix_fmt yuv420p' will be used.
Multiple -pix_fmt options specified for stream 0, only the last option '-pix_fmt yuv420p' will be used.
Multiple -pix_fmt options specified for stream 0, only the last option '-pix_fmt yuv420p' will be used.
Multiple -pix_fmt options specified for stream 0, only the last option '-pix_fmt yuv420p' will be used.
Multiple -pix_fmt options specified for stream 0, only the last option '-pix_fmt yuv420p' will be used.
Multiple -pix_fmt options specified for stream 0, only the last option '-pix_fmt yuv420p' will be used.
Multiple -pix_fmt options specified for stream 0, only the last option '-pix_fmt yuv420p' will be used.
Multiple -pix_fmt options specified for stream 0, only the last option '-pix_fmt yuv420p' will be used.
Multiple -pix_fmt options specified for stream 0, only the last option '-pix_fmt yuv420p' will be used.
Multiple -pix_fmt options specified for stream 0, only the last option '-pix_fmt yuv420p' will be used.
Multiple -pix_fmt options specified for stream 0, only the last option '-pix_fmt yuv420p' will be used.
[info] using task orders [0, 1, 2, 3, 4, 5, 6, 7, 8, 9]
[Warning]: datasets path /home/user/Desktop/Ayush PH test/data/libero_datasets does not exist!
[Warning]: datasets path /home/user/Desktop/Ayush PH test/data/libero_datasets does not exist!
[LIBERO-GOAL] m3 task9: 80.0%  (16/20 PASS, videos -> episode_videos/m3/)
Multiple -pix_fmt options specified for stream 0, only the last option '-pix_fmt yuv420p' will be used.
Multiple -pix_fmt options specified for stream 0, only the last option '-pix_fmt yuv420p' will be used.
Multiple -pix_fmt options specified for stream 0, only the last option '-pix_fmt yuv420p' will be used.
Multiple -pix_fmt options specified for stream 0, only the last option '-pix_fmt yuv420p' will be used.
Multiple -pix_fmt options specified for stream 0, only the last option '-pix_fmt yuv420p' will be used.
Multiple -pix_fmt options specified for stream 0, only the last option '-pix_fmt yuv420p' will be used.
Multiple -pix_fmt options specified for stream 0, only the last option '-pix_fmt yuv420p' will be used.
Multiple -pix_fmt options specified for stream 0, only the last option '-pix_fmt yuv420p' will be used.
Multiple -pix_fmt options specified for stream 0, only the last option '-pix_fmt yuv420p' will be used.
Multiple -pix_fmt options specified for stream 0, only the last option '-pix_fmt yuv420p' will be used.
Multiple -pix_fmt options specified for stream 0, only the last option '-pix_fmt yuv420p' will be used.
Multiple -pix_fmt options specified for stream 0, only the last option '-pix_fmt yuv420p' will be used.
Multiple -pix_fmt options specified for stream 0, only the last option '-pix_fmt yuv420p' will be used.
Multiple -pix_fmt options specified for stream 0, only the last option '-pix_fmt yuv420p' will be used.
Multiple -pix_fmt options specified for stream 0, only the last option '-pix_fmt yuv420p' will be used.
Multiple -pix_fmt options specified for stream 0, only the last option '-pix_fmt yuv420p' will be used.
Multiple -pix_fmt options specified for stream 0, only the last option '-pix_fmt yuv420p' will be used.
Multiple -pix_fmt options specified for stream 0, only the last option '-pix_fmt yuv420p' will be used.
Multiple -pix_fmt options specified for stream 0, only the last option '-pix_fmt yuv420p' will be used.
Multiple -pix_fmt options specified for stream 0, only the last option '-pix_fmt yuv420p' will be used.
[info] using task orders [0, 1, 2, 3, 4, 5, 6, 7, 8, 9]
[Warning]: datasets path /home/user/Desktop/Ayush PH test/data/libero_datasets does not exist!
[Warning]: datasets path /home/user/Desktop/Ayush PH test/data/libero_datasets does not exist!
[LIBERO-GOAL] m4 task0: 100.0%  (20/20 PASS, videos -> episode_videos/m4/)
Multiple -pix_fmt options specified for stream 0, only the last option '-pix_fmt yuv420p' will be used.
Multiple -pix_fmt options specified for stream 0, only the last option '-pix_fmt yuv420p' will be used.
Multiple -pix_fmt options specified for stream 0, only the last option '-pix_fmt yuv420p' will be used.
Multiple -pix_fmt options specified for stream 0, only the last option '-pix_fmt yuv420p' will be used.
Multiple -pix_fmt options specified for stream 0, only the last option '-pix_fmt yuv420p' will be used.
Multiple -pix_fmt options specified for stream 0, only the last option '-pix_fmt yuv420p' will be used.
Multiple -pix_fmt options specified for stream 0, only the last option '-pix_fmt yuv420p' will be used.
Multiple -pix_fmt options specified for stream 0, only the last option '-pix_fmt yuv420p' will be used.
Multiple -pix_fmt options specified for stream 0, only the last option '-pix_fmt yuv420p' will be used.
Multiple -pix_fmt options specified for stream 0, only the last option '-pix_fmt yuv420p' will be used.
Multiple -pix_fmt options specified for stream 0, only the last option '-pix_fmt yuv420p' will be used.
Multiple -pix_fmt options specified for stream 0, only the last option '-pix_fmt yuv420p' will be used.
Multiple -pix_fmt options specified for stream 0, only the last option '-pix_fmt yuv420p' will be used.
Multiple -pix_fmt options specified for stream 0, only the last option '-pix_fmt yuv420p' will be used.
Multiple -pix_fmt options specified for stream 0, only the last option '-pix_fmt yuv420p' will be used.
Multiple -pix_fmt options specified for stream 0, only the last option '-pix_fmt yuv420p' will be used.
Multiple -pix_fmt options specified for stream 0, only the last option '-pix_fmt yuv420p' will be used.
Multiple -pix_fmt options specified for stream 0, only the last option '-pix_fmt yuv420p' will be used.
Multiple -pix_fmt options specified for stream 0, only the last option '-pix_fmt yuv420p' will be used.
Multiple -pix_fmt options specified for stream 0, only the last option '-pix_fmt yuv420p' will be used.
[info] using task orders [0, 1, 2, 3, 4, 5, 6, 7, 8, 9]
[Warning]: datasets path /home/user/Desktop/Ayush PH test/data/libero_datasets does not exist!
[Warning]: datasets path /home/user/Desktop/Ayush PH test/data/libero_datasets does not exist!
[LIBERO-GOAL] m4 task1: 100.0%  (20/20 PASS, videos -> episode_videos/m4/)
Multiple -pix_fmt options specified for stream 0, only the last option '-pix_fmt yuv420p' will be used.
Multiple -pix_fmt options specified for stream 0, only the last option '-pix_fmt yuv420p' will be used.
Multiple -pix_fmt options specified for stream 0, only the last option '-pix_fmt yuv420p' will be used.
Multiple -pix_fmt options specified for stream 0, only the last option '-pix_fmt yuv420p' will be used.
Multiple -pix_fmt options specified for stream 0, only the last option '-pix_fmt yuv420p' will be used.
Multiple -pix_fmt options specified for stream 0, only the last option '-pix_fmt yuv420p' will be used.
Multiple -pix_fmt options specified for stream 0, only the last option '-pix_fmt yuv420p' will be used.
Multiple -pix_fmt options specified for stream 0, only the last option '-pix_fmt yuv420p' will be used.
Multiple -pix_fmt options specified for stream 0, only the last option '-pix_fmt yuv420p' will be used.
Multiple -pix_fmt options specified for stream 0, only the last option '-pix_fmt yuv420p' will be used.
Multiple -pix_fmt options specified for stream 0, only the last option '-pix_fmt yuv420p' will be used.
Multiple -pix_fmt options specified for stream 0, only the last option '-pix_fmt yuv420p' will be used.
Multiple -pix_fmt options specified for stream 0, only the last option '-pix_fmt yuv420p' will be used.
Multiple -pix_fmt options specified for stream 0, only the last option '-pix_fmt yuv420p' will be used.
Multiple -pix_fmt options specified for stream 0, only the last option '-pix_fmt yuv420p' will be used.
Multiple -pix_fmt options specified for stream 0, only the last option '-pix_fmt yuv420p' will be used.
Multiple -pix_fmt options specified for stream 0, only the last option '-pix_fmt yuv420p' will be used.
Multiple -pix_fmt options specified for stream 0, only the last option '-pix_fmt yuv420p' will be used.
Multiple -pix_fmt options specified for stream 0, only the last option '-pix_fmt yuv420p' will be used.
Multiple -pix_fmt options specified for stream 0, only the last option '-pix_fmt yuv420p' will be used.
[info] using task orders [0, 1, 2, 3, 4, 5, 6, 7, 8, 9]
[Warning]: datasets path /home/user/Desktop/Ayush PH test/data/libero_datasets does not exist!
[Warning]: datasets path /home/user/Desktop/Ayush PH test/data/libero_datasets does not exist!
[LIBERO-GOAL] m4 task2: 90.0%  (18/20 PASS, videos -> episode_videos/m4/)
Multiple -pix_fmt options specified for stream 0, only the last option '-pix_fmt yuv420p' will be used.
Multiple -pix_fmt options specified for stream 0, only the last option '-pix_fmt yuv420p' will be used.
Multiple -pix_fmt options specified for stream 0, only the last option '-pix_fmt yuv420p' will be used.
Multiple -pix_fmt options specified for stream 0, only the last option '-pix_fmt yuv420p' will be used.
Multiple -pix_fmt options specified for stream 0, only the last option '-pix_fmt yuv420p' will be used.
Multiple -pix_fmt options specified for stream 0, only the last option '-pix_fmt yuv420p' will be used.
Multiple -pix_fmt options specified for stream 0, only the last option '-pix_fmt yuv420p' will be used.
Multiple -pix_fmt options specified for stream 0, only the last option '-pix_fmt yuv420p' will be used.
Multiple -pix_fmt options specified for stream 0, only the last option '-pix_fmt yuv420p' will be used.
Multiple -pix_fmt options specified for stream 0, only the last option '-pix_fmt yuv420p' will be used.
Multiple -pix_fmt options specified for stream 0, only the last option '-pix_fmt yuv420p' will be used.
Multiple -pix_fmt options specified for stream 0, only the last option '-pix_fmt yuv420p' will be used.
Multiple -pix_fmt options specified for stream 0, only the last option '-pix_fmt yuv420p' will be used.
Multiple -pix_fmt options specified for stream 0, only the last option '-pix_fmt yuv420p' will be used.
Multiple -pix_fmt options specified for stream 0, only the last option '-pix_fmt yuv420p' will be used.
Multiple -pix_fmt options specified for stream 0, only the last option '-pix_fmt yuv420p' will be used.
Multiple -pix_fmt options specified for stream 0, only the last option '-pix_fmt yuv420p' will be used.
Multiple -pix_fmt options specified for stream 0, only the last option '-pix_fmt yuv420p' will be used.
Multiple -pix_fmt options specified for stream 0, only the last option '-pix_fmt yuv420p' will be used.
Multiple -pix_fmt options specified for stream 0, only the last option '-pix_fmt yuv420p' will be used.
[info] using task orders [0, 1, 2, 3, 4, 5, 6, 7, 8, 9]
[Warning]: datasets path /home/user/Desktop/Ayush PH test/data/libero_datasets does not exist!
[Warning]: datasets path /home/user/Desktop/Ayush PH test/data/libero_datasets does not exist!
[LIBERO-GOAL] m4 task3: 70.0%  (14/20 PASS, videos -> episode_videos/m4/)
Multiple -pix_fmt options specified for stream 0, only the last option '-pix_fmt yuv420p' will be used.
Multiple -pix_fmt options specified for stream 0, only the last option '-pix_fmt yuv420p' will be used.
Multiple -pix_fmt options specified for stream 0, only the last option '-pix_fmt yuv420p' will be used.
Multiple -pix_fmt options specified for stream 0, only the last option '-pix_fmt yuv420p' will be used.
Multiple -pix_fmt options specified for stream 0, only the last option '-pix_fmt yuv420p' will be used.
Multiple -pix_fmt options specified for stream 0, only the last option '-pix_fmt yuv420p' will be used.
Multiple -pix_fmt options specified for stream 0, only the last option '-pix_fmt yuv420p' will be used.
Multiple -pix_fmt options specified for stream 0, only the last option '-pix_fmt yuv420p' will be used.
Multiple -pix_fmt options specified for stream 0, only the last option '-pix_fmt yuv420p' will be used.
Multiple -pix_fmt options specified for stream 0, only the last option '-pix_fmt yuv420p' will be used.
Multiple -pix_fmt options specified for stream 0, only the last option '-pix_fmt yuv420p' will be used.
Multiple -pix_fmt options specified for stream 0, only the last option '-pix_fmt yuv420p' will be used.
Multiple -pix_fmt options specified for stream 0, only the last option '-pix_fmt yuv420p' will be used.
Multiple -pix_fmt options specified for stream 0, only the last option '-pix_fmt yuv420p' will be used.
Multiple -pix_fmt options specified for stream 0, only the last option '-pix_fmt yuv420p' will be used.
Multiple -pix_fmt options specified for stream 0, only the last option '-pix_fmt yuv420p' will be used.
Multiple -pix_fmt options specified for stream 0, only the last option '-pix_fmt yuv420p' will be used.
Multiple -pix_fmt options specified for stream 0, only the last option '-pix_fmt yuv420p' will be used.
Multiple -pix_fmt options specified for stream 0, only the last option '-pix_fmt yuv420p' will be used.
Multiple -pix_fmt options specified for stream 0, only the last option '-pix_fmt yuv420p' will be used.
[info] using task orders [0, 1, 2, 3, 4, 5, 6, 7, 8, 9]
[Warning]: datasets path /home/user/Desktop/Ayush PH test/data/libero_datasets does not exist!
[Warning]: datasets path /home/user/Desktop/Ayush PH test/data/libero_datasets does not exist!
[LIBERO-GOAL] m4 task4: 95.0%  (19/20 PASS, videos -> episode_videos/m4/)
Multiple -pix_fmt options specified for stream 0, only the last option '-pix_fmt yuv420p' will be used.
Multiple -pix_fmt options specified for stream 0, only the last option '-pix_fmt yuv420p' will be used.
Multiple -pix_fmt options specified for stream 0, only the last option '-pix_fmt yuv420p' will be used.
Multiple -pix_fmt options specified for stream 0, only the last option '-pix_fmt yuv420p' will be used.
Multiple -pix_fmt options specified for stream 0, only the last option '-pix_fmt yuv420p' will be used.
Multiple -pix_fmt options specified for stream 0, only the last option '-pix_fmt yuv420p' will be used.
Multiple -pix_fmt options specified for stream 0, only the last option '-pix_fmt yuv420p' will be used.
Multiple -pix_fmt options specified for stream 0, only the last option '-pix_fmt yuv420p' will be used.
Multiple -pix_fmt options specified for stream 0, only the last option '-pix_fmt yuv420p' will be used.
Multiple -pix_fmt options specified for stream 0, only the last option '-pix_fmt yuv420p' will be used.
Multiple -pix_fmt options specified for stream 0, only the last option '-pix_fmt yuv420p' will be used.
Multiple -pix_fmt options specified for stream 0, only the last option '-pix_fmt yuv420p' will be used.
Multiple -pix_fmt options specified for stream 0, only the last option '-pix_fmt yuv420p' will be used.
Multiple -pix_fmt options specified for stream 0, only the last option '-pix_fmt yuv420p' will be used.
Multiple -pix_fmt options specified for stream 0, only the last option '-pix_fmt yuv420p' will be used.
Multiple -pix_fmt options specified for stream 0, only the last option '-pix_fmt yuv420p' will be used.
Multiple -pix_fmt options specified for stream 0, only the last option '-pix_fmt yuv420p' will be used.
Multiple -pix_fmt options specified for stream 0, only the last option '-pix_fmt yuv420p' will be used.
Multiple -pix_fmt options specified for stream 0, only the last option '-pix_fmt yuv420p' will be used.
Multiple -pix_fmt options specified for stream 0, only the last option '-pix_fmt yuv420p' will be used.
[info] using task orders [0, 1, 2, 3, 4, 5, 6, 7, 8, 9]
[Warning]: datasets path /home/user/Desktop/Ayush PH test/data/libero_datasets does not exist!
[Warning]: datasets path /home/user/Desktop/Ayush PH test/data/libero_datasets does not exist!
[LIBERO-GOAL] m4 task5: 85.0%  (17/20 PASS, videos -> episode_videos/m4/)
Multiple -pix_fmt options specified for stream 0, only the last option '-pix_fmt yuv420p' will be used.
Multiple -pix_fmt options specified for stream 0, only the last option '-pix_fmt yuv420p' will be used.
Multiple -pix_fmt options specified for stream 0, only the last option '-pix_fmt yuv420p' will be used.
Multiple -pix_fmt options specified for stream 0, only the last option '-pix_fmt yuv420p' will be used.
Multiple -pix_fmt options specified for stream 0, only the last option '-pix_fmt yuv420p' will be used.
Multiple -pix_fmt options specified for stream 0, only the last option '-pix_fmt yuv420p' will be used.
Multiple -pix_fmt options specified for stream 0, only the last option '-pix_fmt yuv420p' will be used.
Multiple -pix_fmt options specified for stream 0, only the last option '-pix_fmt yuv420p' will be used.
Multiple -pix_fmt options specified for stream 0, only the last option '-pix_fmt yuv420p' will be used.
Multiple -pix_fmt options specified for stream 0, only the last option '-pix_fmt yuv420p' will be used.
Multiple -pix_fmt options specified for stream 0, only the last option '-pix_fmt yuv420p' will be used.
Multiple -pix_fmt options specified for stream 0, only the last option '-pix_fmt yuv420p' will be used.
Multiple -pix_fmt options specified for stream 0, only the last option '-pix_fmt yuv420p' will be used.
Multiple -pix_fmt options specified for stream 0, only the last option '-pix_fmt yuv420p' will be used.
Multiple -pix_fmt options specified for stream 0, only the last option '-pix_fmt yuv420p' will be used.
Multiple -pix_fmt options specified for stream 0, only the last option '-pix_fmt yuv420p' will be used.
Multiple -pix_fmt options specified for stream 0, only the last option '-pix_fmt yuv420p' will be used.
Multiple -pix_fmt options specified for stream 0, only the last option '-pix_fmt yuv420p' will be used.
Multiple -pix_fmt options specified for stream 0, only the last option '-pix_fmt yuv420p' will be used.
Multiple -pix_fmt options specified for stream 0, only the last option '-pix_fmt yuv420p' will be used.
[info] using task orders [0, 1, 2, 3, 4, 5, 6, 7, 8, 9]
[Warning]: datasets path /home/user/Desktop/Ayush PH test/data/libero_datasets does not exist!
[Warning]: datasets path /home/user/Desktop/Ayush PH test/data/libero_datasets does not exist!
[LIBERO-GOAL] m4 task6: 70.0%  (14/20 PASS, videos -> episode_videos/m4/)
Multiple -pix_fmt options specified for stream 0, only the last option '-pix_fmt yuv420p' will be used.
Multiple -pix_fmt options specified for stream 0, only the last option '-pix_fmt yuv420p' will be used.
Multiple -pix_fmt options specified for stream 0, only the last option '-pix_fmt yuv420p' will be used.
Multiple -pix_fmt options specified for stream 0, only the last option '-pix_fmt yuv420p' will be used.
Multiple -pix_fmt options specified for stream 0, only the last option '-pix_fmt yuv420p' will be used.
Multiple -pix_fmt options specified for stream 0, only the last option '-pix_fmt yuv420p' will be used.
Multiple -pix_fmt options specified for stream 0, only the last option '-pix_fmt yuv420p' will be used.
Multiple -pix_fmt options specified for stream 0, only the last option '-pix_fmt yuv420p' will be used.
Multiple -pix_fmt options specified for stream 0, only the last option '-pix_fmt yuv420p' will be used.
Multiple -pix_fmt options specified for stream 0, only the last option '-pix_fmt yuv420p' will be used.
Multiple -pix_fmt options specified for stream 0, only the last option '-pix_fmt yuv420p' will be used.
Multiple -pix_fmt options specified for stream 0, only the last option '-pix_fmt yuv420p' will be used.
Multiple -pix_fmt options specified for stream 0, only the last option '-pix_fmt yuv420p' will be used.
Multiple -pix_fmt options specified for stream 0, only the last option '-pix_fmt yuv420p' will be used.
Multiple -pix_fmt options specified for stream 0, only the last option '-pix_fmt yuv420p' will be used.
Multiple -pix_fmt options specified for stream 0, only the last option '-pix_fmt yuv420p' will be used.
Multiple -pix_fmt options specified for stream 0, only the last option '-pix_fmt yuv420p' will be used.
Multiple -pix_fmt options specified for stream 0, only the last option '-pix_fmt yuv420p' will be used.
Multiple -pix_fmt options specified for stream 0, only the last option '-pix_fmt yuv420p' will be used.
Multiple -pix_fmt options specified for stream 0, only the last option '-pix_fmt yuv420p' will be used.
[info] using task orders [0, 1, 2, 3, 4, 5, 6, 7, 8, 9]
[Warning]: datasets path /home/user/Desktop/Ayush PH test/data/libero_datasets does not exist!
[Warning]: datasets path /home/user/Desktop/Ayush PH test/data/libero_datasets does not exist!
[LIBERO-GOAL] m4 task7: 100.0%  (20/20 PASS, videos -> episode_videos/m4/)
Multiple -pix_fmt options specified for stream 0, only the last option '-pix_fmt yuv420p' will be used.
Multiple -pix_fmt options specified for stream 0, only the last option '-pix_fmt yuv420p' will be used.
Multiple -pix_fmt options specified for stream 0, only the last option '-pix_fmt yuv420p' will be used.
Multiple -pix_fmt options specified for stream 0, only the last option '-pix_fmt yuv420p' will be used.
Multiple -pix_fmt options specified for stream 0, only the last option '-pix_fmt yuv420p' will be used.
Multiple -pix_fmt options specified for stream 0, only the last option '-pix_fmt yuv420p' will be used.
Multiple -pix_fmt options specified for stream 0, only the last option '-pix_fmt yuv420p' will be used.
Multiple -pix_fmt options specified for stream 0, only the last option '-pix_fmt yuv420p' will be used.
Multiple -pix_fmt options specified for stream 0, only the last option '-pix_fmt yuv420p' will be used.
Multiple -pix_fmt options specified for stream 0, only the last option '-pix_fmt yuv420p' will be used.
Multiple -pix_fmt options specified for stream 0, only the last option '-pix_fmt yuv420p' will be used.
Multiple -pix_fmt options specified for stream 0, only the last option '-pix_fmt yuv420p' will be used.
Multiple -pix_fmt options specified for stream 0, only the last option '-pix_fmt yuv420p' will be used.
Multiple -pix_fmt options specified for stream 0, only the last option '-pix_fmt yuv420p' will be used.
Multiple -pix_fmt options specified for stream 0, only the last option '-pix_fmt yuv420p' will be used.
Multiple -pix_fmt options specified for stream 0, only the last option '-pix_fmt yuv420p' will be used.
Multiple -pix_fmt options specified for stream 0, only the last option '-pix_fmt yuv420p' will be used.
Multiple -pix_fmt options specified for stream 0, only the last option '-pix_fmt yuv420p' will be used.
Multiple -pix_fmt options specified for stream 0, only the last option '-pix_fmt yuv420p' will be used.
Multiple -pix_fmt options specified for stream 0, only the last option '-pix_fmt yuv420p' will be used.
[info] using task orders [0, 1, 2, 3, 4, 5, 6, 7, 8, 9]
[Warning]: datasets path /home/user/Desktop/Ayush PH test/data/libero_datasets does not exist!
[Warning]: datasets path /home/user/Desktop/Ayush PH test/data/libero_datasets does not exist!
[LIBERO-GOAL] m4 task8: 100.0%  (20/20 PASS, videos -> episode_videos/m4/)
Multiple -pix_fmt options specified for stream 0, only the last option '-pix_fmt yuv420p' will be used.
Multiple -pix_fmt options specified for stream 0, only the last option '-pix_fmt yuv420p' will be used.
Multiple -pix_fmt options specified for stream 0, only the last option '-pix_fmt yuv420p' will be used.
Multiple -pix_fmt options specified for stream 0, only the last option '-pix_fmt yuv420p' will be used.
Multiple -pix_fmt options specified for stream 0, only the last option '-pix_fmt yuv420p' will be used.
Multiple -pix_fmt options specified for stream 0, only the last option '-pix_fmt yuv420p' will be used.
Multiple -pix_fmt options specified for stream 0, only the last option '-pix_fmt yuv420p' will be used.
Multiple -pix_fmt options specified for stream 0, only the last option '-pix_fmt yuv420p' will be used.
Multiple -pix_fmt options specified for stream 0, only the last option '-pix_fmt yuv420p' will be used.
Multiple -pix_fmt options specified for stream 0, only the last option '-pix_fmt yuv420p' will be used.
Multiple -pix_fmt options specified for stream 0, only the last option '-pix_fmt yuv420p' will be used.
Multiple -pix_fmt options specified for stream 0, only the last option '-pix_fmt yuv420p' will be used.
Multiple -pix_fmt options specified for stream 0, only the last option '-pix_fmt yuv420p' will be used.
Multiple -pix_fmt options specified for stream 0, only the last option '-pix_fmt yuv420p' will be used.
Multiple -pix_fmt options specified for stream 0, only the last option '-pix_fmt yuv420p' will be used.
Multiple -pix_fmt options specified for stream 0, only the last option '-pix_fmt yuv420p' will be used.
Multiple -pix_fmt options specified for stream 0, only the last option '-pix_fmt yuv420p' will be used.
Multiple -pix_fmt options specified for stream 0, only the last option '-pix_fmt yuv420p' will be used.
Multiple -pix_fmt options specified for stream 0, only the last option '-pix_fmt yuv420p' will be used.
Multiple -pix_fmt options specified for stream 0, only the last option '-pix_fmt yuv420p' will be used.
[info] using task orders [0, 1, 2, 3, 4, 5, 6, 7, 8, 9]
[Warning]: datasets path /home/user/Desktop/Ayush PH test/data/libero_datasets does not exist!
[Warning]: datasets path /home/user/Desktop/Ayush PH test/data/libero_datasets does not exist!
[LIBERO-GOAL] m4 task9: 80.0%  (16/20 PASS, videos -> episode_videos/m4/)
[eval] DONE. summary: {
  "flow": {
    "LIBERO-GOAL_avg": 0.9349999999999999,
    "LIBERO-GOAL-V_avg": null
  },
  "m3": {
    "LIBERO-GOAL_avg": 0.9,
    "LIBERO-GOAL-V_avg": null
  },
  "m4": {
    "LIBERO-GOAL_avg": 0.89,
    "LIBERO-GOAL-V_avg": null
  }
}
###### [GOAL] move per-episode videos -> ../Goal/videos/ ######
###### [GOAL] refresh in-dist plots ######
  saved 1_accuracy.png
  saved 3_success_per_task.png
[GOAL] plots+CSVs -> ../Goal/plots ../Goal/data
[GOAL] in-dist acc: {'M1 flow': 93.5, 'M3 DeepONet-v2': 90.0, 'M4 DeepONet+PH-v2': 89.0}
[GOAL] robustness : {'M1 flow': None, 'M3 DeepONet-v2': None, 'M4 DeepONet+PH-v2': None}
###### [GOAL] video count: 600 ######
OBJECT+GOAL PER-EPISODE VIDEO RE-EVAL DONE
