global_step,stage,dataset_epoch,flow_matching_loss,l1_loss,ph_loss,total_loss,lr_head,lr_backbone,vram_gb,grad_norm,step_time_s
0,stage1,0,0.8074063658714294,0.761348307132721,0.0,0.8074063658714294,0.0001,0.0,9.251,0.1716,10.1483
1,stage1,0,0.8948071002960205,0.7880948185920715,0.0,0.8948071002960205,0.0001,0.0,9.325,0.0887,0.2599
2,stage1,0,0.823364794254303,0.7764415740966797,0.0,0.823364794254303,0.0001,0.0,9.331,0.121,0.2724
3,stage1,0,0.8171380162239075,0.7658802270889282,0.0,0.8171380162239075,0.0001,0.0,9.33,0.1293,0.2733
4,stage1,0,0.779170036315918,0.7719331383705139,0.0,0.779170036315918,0.0001,0.0,9.331,0.1169,0.2731
5,stage1,0,0.989292562007904,0.8118351101875305,0.0,0.989292562007904,0.0001,0.0,9.331,0.1561,0.2738
6,stage1,0,0.8181959986686707,0.786017894744873,0.0,0.8181959986686707,0.0001,0.0,9.331,0.0879,0.2747
7,stage1,0,0.8415378332138062,0.7802615761756897,0.0,0.8415378332138062,0.0001,0.0,9.331,0.1505,0.2735
8,stage1,0,0.8490524888038635,0.8044869303703308,0.0,0.8490524888038635,0.0001,0.0,9.331,0.0924,5.4167
9,stage1,0,0.8964124917984009,0.7975524663925171,0.0,0.8964124917984009,0.0001,0.0,9.331,0.1291,0.2737
10,stage1,0,0.9135674238204956,0.7683155536651611,0.0,0.9135674238204956,0.0001,0.0,9.331,0.0818,0.2733
11,stage1,0,0.7648219466209412,0.7500869631767273,0.0,0.7648219466209412,0.0001,0.0,9.331,0.068,0.2736
12,stage1,0,0.7586711645126343,0.7379475831985474,0.0,0.7586711645126343,0.0001,0.0,9.331,0.0787,0.2738
13,stage1,0,0.8639411330223083,0.8037854433059692,0.0,0.8639411330223083,0.0001,0.0,9.331,0.1131,0.2753
14,stage1,0,0.8809877634048462,0.7924349904060364,0.0,0.8809877634048462,0.0001,0.0,9.331,0.0763,0.2749
15,stage1,0,0.9186998605728149,0.7788599729537964,0.0,0.9186998605728149,0.0001,0.0,9.331,0.1482,0.2744
16,stage1,0,0.7538811564445496,0.7832269668579102,0.0,0.7538811564445496,0.0001,0.0,9.331,0.1228,6.2746
17,stage1,0,0.8074286580085754,0.7827256321907043,0.0,0.8074286580085754,0.0001,0.0,9.331,0.0692,0.2734
18,stage1,0,0.8497716784477234,0.7822647094726562,0.0,0.8497716784477234,0.0001,0.0,9.331,0.0978,0.275
19,stage1,0,0.7327548861503601,0.7666029334068298,0.0,0.7327548861503601,0.0001,0.0,9.331,0.07,0.274
20,stage1,0,0.7466045618057251,0.7587181329727173,0.0,0.7466045618057251,0.0001,0.0,9.331,0.0645,0.2743
21,stage1,0,0.8666620254516602,0.7741660475730896,0.0,0.8666620254516602,0.0001,0.0,9.331,0.0622,0.2747
22,stage1,0,0.6987934112548828,0.7369298338890076,0.0,0.6987934112548828,0.0001,0.0,9.331,0.0746,0.2743
23,stage1,0,0.838100790977478,0.7603799700737,0.0,0.838100790977478,0.0001,0.0,9.331,0.0605,0.2744
24,stage1,0,0.7865595817565918,0.7272627949714661,0.0,0.7865595817565918,0.0001,0.0,9.331,0.0728,6.2739
25,stage1,0,0.9345441460609436,0.7863712906837463,0.0,0.9345441460609436,0.0001,0.0,9.331,0.0812,0.2732
26,stage1,0,0.7852296233177185,0.7355402112007141,0.0,0.7852296233177185,0.0001,0.0,9.331,0.0824,0.2742
27,stage1,0,0.7760310173034668,0.7780835032463074,0.0,0.7760310173034668,0.0001,0.0,9.331,0.066,0.2745
28,stage1,0,0.819443941116333,0.7514566779136658,0.0,0.819443941116333,0.0001,0.0,9.331,0.0992,0.2741
29,stage1,0,0.8299371004104614,0.7993165850639343,0.0,0.8299371004104614,0.0001,0.0,9.331,0.1063,0.2737
30,stage1,0,0.8148847818374634,0.7727434635162354,0.0,0.8148847818374634,0.0001,0.0,9.331,0.0595,0.2739
31,stage1,0,0.871758759021759,0.7632911205291748,0.0,0.871758759021759,0.0001,0.0,9.331,0.1347,0.2753
32,stage1,0,1.0020195245742798,0.8303388953208923,0.0,1.0020195245742798,0.0001,0.0,9.331,0.0799,6.4046
33,stage1,0,0.7712624073028564,0.7599973082542419,0.0,0.7712624073028564,0.0001,0.0,9.331,0.0779,0.2732
34,stage1,0,0.7679380178451538,0.7489702105522156,0.0,0.7679380178451538,0.0001,0.0,9.331,0.0907,0.2746
35,stage1,0,0.7272878289222717,0.7430523037910461,0.0,0.7272878289222717,0.0001,0.0,9.331,0.1115,0.2739
36,stage1,0,0.8670750856399536,0.7854006290435791,0.0,0.8670750856399536,0.0001,0.0,9.331,0.1332,0.2748
37,stage1,0,0.8364191651344299,0.7484714388847351,0.0,0.8364191651344299,0.0001,0.0,9.331,0.2171,0.2752
38,stage1,0,0.8020461201667786,0.7553455233573914,0.0,0.8020461201667786,0.0001,0.0,9.331,0.2154,0.2734
39,stage1,0,0.7231004238128662,0.722780168056488,0.0,0.7231004238128662,0.0001,0.0,9.331,0.15,0.2751
40,stage1,0,0.7884836196899414,0.7713246941566467,0.0,0.7884836196899414,0.0001,0.0,9.331,0.2197,6.5585
41,stage1,0,0.8025839924812317,0.7912136912345886,0.0,0.8025839924812317,0.0001,0.0,9.331,0.1666,0.2736
42,stage1,0,0.7143269777297974,0.7584139108657837,0.0,0.7143269777297974,0.0001,0.0,9.331,0.1431,0.274
43,stage1,0,0.7945052981376648,0.7682856917381287,0.0,0.7945052981376648,0.0001,0.0,9.331,0.2261,0.2749
44,stage1,0,0.7450690865516663,0.7128551602363586,0.0,0.7450690865516663,0.0001,0.0,9.331,0.3178,0.2738
45,stage1,0,0.7583082318305969,0.7677821516990662,0.0,0.7583082318305969,0.0001,0.0,9.331,0.7225,0.2751
46,stage1,0,0.8088291883468628,0.744037389755249,0.0,0.8088291883468628,0.0001,0.0,9.331,0.5365,0.2745
47,stage1,0,0.7706964612007141,0.7472478151321411,0.0,0.7706964612007141,0.0001,0.0,9.331,0.2646,0.2755
48,stage1,0,0.7854932546615601,0.7494574189186096,0.0,0.7854932546615601,0.0001,0.0,9.331,0.438,6.6336
49,stage1,0,0.7828783392906189,0.7733133435249329,0.0,0.7828783392906189,0.0001,0.0,9.331,0.5582,0.2738
50,stage1,0,0.728113055229187,0.7376565933227539,0.0,0.728113055229187,0.0001,0.0,9.331,0.2169,0.2739
51,stage1,0,0.7365186810493469,0.7488358616828918,0.0,0.7365186810493469,0.0001,0.0,9.331,0.1516,0.2747
52,stage1,0,0.7850863933563232,0.7272287011146545,0.0,0.7850863933563232,0.0001,0.0,9.331,0.661,0.2765
53,stage1,0,0.6909826397895813,0.7192920446395874,0.0,0.6909826397895813,0.0001,0.0,9.331,0.5933,0.2738
54,stage1,0,0.8193473219871521,0.7443104982376099,0.0,0.8193473219871521,0.0001,0.0,9.331,0.2111,0.2749
55,stage1,0,0.7757092714309692,0.7546597123146057,0.0,0.7757092714309692,0.0001,0.0,9.331,0.4628,0.2752
56,stage1,0,0.7975641489028931,0.7531703114509583,0.0,0.7975641489028931,0.0001,0.0,9.331,0.2705,6.8309
57,stage1,0,0.8083420395851135,0.7396519184112549,0.0,0.8083420395851135,0.0001,0.0,9.331,0.5457,0.2731
58,stage1,0,0.7795653343200684,0.7898375988006592,0.0,0.7795653343200684,0.0001,0.0,9.331,0.3678,0.2748
59,stage1,0,0.7399725914001465,0.7327477931976318,0.0,0.7399725914001465,0.0001,0.0,9.331,0.2042,0.2738
60,stage1,0,0.8603876829147339,0.7375562191009521,0.0,0.8603876829147339,0.0001,0.0,9.331,0.745,0.2753
61,stage1,0,0.7946231961250305,0.7347576022148132,0.0,0.7946231961250305,0.0001,0.0,9.331,0.5521,0.2745
62,stage1,0,0.5940579771995544,0.711637556552887,0.0,0.5940579771995544,0.0001,0.0,9.331,0.1226,0.2747
63,stage1,0,0.7488721609115601,0.7568923234939575,0.0,0.7488721609115601,0.0001,0.0,9.331,0.3576,0.2752
64,stage1,0,0.802688717842102,0.7440891265869141,0.0,0.802688717842102,0.0001,0.0,9.331,0.3828,6.9228
65,stage1,0,0.7909208536148071,0.7631164789199829,0.0,0.7909208536148071,0.0001,0.0,9.331,0.4129,0.2737
66,stage1,0,0.7647366523742676,0.7256314754486084,0.0,0.7647366523742676,0.0001,0.0,9.331,0.3989,0.2743
67,stage1,0,0.797161340713501,0.769925057888031,0.0,0.797161340713501,0.0001,0.0,9.331,0.4463,0.2735
68,stage1,0,0.7520094513893127,0.7451582551002502,0.0,0.7520094513893127,0.0001,0.0,9.331,0.5725,0.2753
69,stage1,0,0.7368806600570679,0.6987136602401733,0.0,0.7368806600570679,0.0001,0.0,9.331,0.2581,0.274
70,stage1,0,0.7254152297973633,0.7277469635009766,0.0,0.7254152297973633,0.0001,0.0,9.331,0.1439,0.2745
71,stage1,0,0.9279216527938843,0.7743353247642517,0.0,0.9279216527938843,0.0001,0.0,9.331,0.5555,0.2742
72,stage1,0,0.8034601807594299,0.7695814967155457,0.0,0.8034601807594299,0.0001,0.0,9.331,0.3918,6.4412
73,stage1,0,0.758524477481842,0.7705451250076294,0.0,0.758524477481842,0.0001,0.0,9.331,0.3602,0.2733
74,stage1,0,0.8196670413017273,0.7483070492744446,0.0,0.8196670413017273,0.0001,0.0,9.331,0.26,0.2737
75,stage1,0,0.6579267978668213,0.7196849584579468,0.0,0.6579267978668213,0.0001,0.0,9.331,0.5214,0.2747
76,stage1,0,0.7325318455696106,0.7395240664482117,0.0,0.7325318455696106,0.0001,0.0,9.331,0.417,0.274
77,stage1,0,0.7369112372398376,0.7105169892311096,0.0,0.7369112372398376,0.0001,0.0,9.331,0.2314,0.2747
78,stage1,0,0.7977719902992249,0.761346161365509,0.0,0.7977719902992249,0.0001,0.0,9.331,0.48,0.2753
79,stage1,0,0.6405547857284546,0.7083200812339783,0.0,0.6405547857284546,0.0001,0.0,9.331,0.4241,0.2757
80,stage1,0,0.7094913721084595,0.7205146551132202,0.0,0.7094913721084595,0.0001,0.0,9.331,0.6232,6.7216
81,stage1,0,0.7282207012176514,0.7109166979789734,0.0,0.7282207012176514,0.0001,0.0,9.331,0.375,0.2736
82,stage1,0,0.790493369102478,0.7264539003372192,0.0,0.790493369102478,0.0001,0.0,9.331,0.6123,0.2739
83,stage1,0,0.8265582919120789,0.7426579594612122,0.0,0.8265582919120789,0.0001,0.0,9.331,0.6986,0.2754
84,stage1,0,0.7758928537368774,0.7483256459236145,0.0,0.7758928537368774,0.0001,0.0,9.331,0.2408,0.2736
85,stage1,0,0.725072979927063,0.7476261258125305,0.0,0.725072979927063,0.0001,0.0,9.331,0.7134,0.2745
86,stage1,0,0.7243073582649231,0.6894946098327637,0.0,0.7243073582649231,0.0001,0.0,9.331,0.3888,0.2744
87,stage1,0,0.6950621008872986,0.7046963572502136,0.0,0.6950621008872986,0.0001,0.0,9.331,0.3955,0.2748
88,stage1,0,0.6195090413093567,0.6869113445281982,0.0,0.6195090413093567,0.0001,0.0,9.331,0.3745,6.7933
89,stage1,0,0.7869178652763367,0.7529460787773132,0.0,0.7869178652763367,0.0001,0.0,9.331,0.8095,0.2735
90,stage1,0,0.7330823540687561,0.7286681532859802,0.0,0.7330823540687561,0.0001,0.0,9.331,1.9429,0.2744
91,stage1,0,0.7495579719543457,0.6992055177688599,0.0,0.7495579719543457,0.0001,0.0,9.331,0.2246,0.2745
92,stage1,0,0.7244300842285156,0.6938666105270386,0.0,0.7244300842285156,0.0001,0.0,9.331,0.6156,0.2742
93,stage1,0,0.7010300159454346,0.6911505460739136,0.0,0.7010300159454346,0.0001,0.0,9.331,0.6466,0.2749
94,stage1,0,0.886520504951477,0.7543952465057373,0.0,0.886520504951477,0.0001,0.0,9.331,1.2423,0.2739
95,stage1,0,0.866475522518158,0.7408661842346191,0.0,0.866475522518158,0.0001,0.0,9.331,0.8883,0.2743
96,stage1,0,0.8009370565414429,0.745031476020813,0.0,0.8009370565414429,0.0001,0.0,9.331,1.1514,6.4368
97,stage1,0,0.6735329627990723,0.6918312311172485,0.0,0.6735329627990723,0.0001,0.0,9.331,0.5666,0.2734
98,stage1,0,0.7273228168487549,0.6843254566192627,0.0,0.7273228168487549,0.0001,0.0,9.331,0.4199,0.2745
99,stage1,0,0.7937610149383545,0.7285349369049072,0.0,0.7937610149383545,0.0001,0.0,9.331,0.3984,0.2739
100,stage1,0,0.7278528213500977,0.6824016571044922,0.0,0.7278528213500977,0.0001,0.0,9.331,1.2751,0.275
101,stage1,0,0.7735151052474976,0.7057540416717529,0.0,0.7735151052474976,0.0001,0.0,9.331,0.733,0.2744
102,stage1,0,0.7395293712615967,0.7055453658103943,0.0,0.7395293712615967,0.0001,0.0,9.331,0.5822,0.2756
103,stage1,0,0.7062005400657654,0.7032803297042847,0.0,0.7062005400657654,0.0001,0.0,9.331,1.1492,0.2741
104,stage1,0,0.7457919120788574,0.710429847240448,0.0,0.7457919120788574,0.0001,0.0,9.331,0.6624,6.3192
105,stage1,0,0.8013971447944641,0.6925219893455505,0.0,0.8013971447944641,0.0001,0.0,9.331,0.3552,0.2734
106,stage1,0,0.7536085844039917,0.7037801146507263,0.0,0.7536085844039917,0.0001,0.0,9.331,0.3464,0.2742
107,stage1,0,0.730728805065155,0.7443603277206421,0.0,0.730728805065155,0.0001,0.0,9.331,0.6226,0.2741
108,stage1,0,0.6873642206192017,0.7019515037536621,0.0,0.6873642206192017,0.0001,0.0,9.331,0.2586,0.2743
109,stage1,0,0.5922908782958984,0.692887544631958,0.0,0.5922908782958984,0.0001,0.0,9.331,0.4635,0.2751
110,stage1,0,0.7110863327980042,0.7087288498878479,0.0,0.7110863327980042,0.0001,0.0,9.331,0.4172,0.2746
111,stage1,0,0.6851593852043152,0.670733630657196,0.0,0.6851593852043152,0.0001,0.0,9.331,0.4873,0.2748
112,stage1,0,0.7432107925415039,0.7308310866355896,0.0,0.7432107925415039,0.0001,0.0,9.331,0.8078,6.3045
113,stage1,0,0.7746238112449646,0.6843209266662598,0.0,0.7746238112449646,0.0001,0.0,9.331,1.4845,0.2739
114,stage1,0,0.6502736806869507,0.6697288751602173,0.0,0.6502736806869507,0.0001,0.0,9.331,0.3995,0.2739
115,stage1,0,0.6789893507957458,0.6896554231643677,0.0,0.6789893507957458,0.0001,0.0,9.331,1.1171,0.2738
116,stage1,0,0.758869469165802,0.7348324656486511,0.0,0.758869469165802,0.0001,0.0,9.331,1.5824,0.2744
117,stage1,0,0.7186492085456848,0.7156561017036438,0.0,0.7186492085456848,0.0001,0.0,9.331,1.5957,0.275
118,stage1,0,0.7550182342529297,0.6917873620986938,0.0,0.7550182342529297,0.0001,0.0,9.331,0.9517,0.275
119,stage1,0,0.7405032515525818,0.7330686450004578,0.0,0.7405032515525818,0.0001,0.0,9.331,1.5179,0.2749
120,stage1,0,0.7245284914970398,0.6979324817657471,0.0,0.7245284914970398,0.0001,0.0,9.331,1.5905,6.4808
121,stage1,0,0.7440083026885986,0.6996245384216309,0.0,0.7440083026885986,0.0001,0.0,9.331,1.2545,0.2742
122,stage1,0,0.6920344829559326,0.6715219020843506,0.0,0.6920344829559326,0.0001,0.0,9.331,1.6814,0.2745
123,stage1,0,0.7489370703697205,0.7126070261001587,0.0,0.7489370703697205,0.0001,0.0,9.331,1.6852,0.2751
124,stage1,0,0.7076991200447083,0.6907287240028381,0.0,0.7076991200447083,0.0001,0.0,9.331,1.4347,0.274
125,stage1,0,0.7077552676200867,0.6754062175750732,0.0,0.7077552676200867,0.0001,0.0,9.331,0.7254,0.2755
126,stage1,0,0.7170663475990295,0.693993091583252,0.0,0.7170663475990295,0.0001,0.0,9.331,1.7255,0.2761
127,stage1,0,0.6977843642234802,0.7040337920188904,0.0,0.6977843642234802,0.0001,0.0,9.331,1.4137,0.2749
128,stage1,0,0.6442432999610901,0.6555319428443909,0.0,0.6442432999610901,0.0001,0.0,9.331,0.7694,6.7063
129,stage1,0,0.6617640852928162,0.7097349166870117,0.0,0.6617640852928162,0.0001,0.0,9.331,0.3041,0.2743
130,stage1,0,0.7464666366577148,0.6932398676872253,0.0,0.7464666366577148,0.0001,0.0,9.331,1.8231,0.2741
131,stage1,0,0.7737328410148621,0.6955117583274841,0.0,0.7737328410148621,0.0001,0.0,9.331,2.6381,0.2747
132,stage1,0,0.691475510597229,0.6657504439353943,0.0,0.691475510597229,0.0001,0.0,9.331,3.3675,0.2752
133,stage1,0,0.590362012386322,0.6698145270347595,0.0,0.590362012386322,0.0001,0.0,9.331,1.6754,0.275
134,stage1,0,0.614208459854126,0.6664090752601624,0.0,0.614208459854126,0.0001,0.0,9.331,1.315,0.2748
135,stage1,0,0.6402474045753479,0.66951984167099,0.0,0.6402474045753479,0.0001,0.0,9.331,1.6893,0.2753
136,stage1,0,0.6684467196464539,0.6719633340835571,0.0,0.6684467196464539,0.0001,0.0,9.331,1.8136,6.6868
137,stage1,0,0.7128667831420898,0.6716629266738892,0.0,0.7128667831420898,0.0001,0.0,9.331,2.1303,0.2749
138,stage1,0,0.6840159893035889,0.6980272531509399,0.0,0.6840159893035889,0.0001,0.0,9.331,0.6738,0.2748
139,stage1,0,0.7409363389015198,0.7157352566719055,0.0,0.7409363389015198,0.0001,0.0,9.331,1.2177,0.274
140,stage1,0,0.6156375408172607,0.6883290410041809,0.0,0.6156375408172607,0.0001,0.0,9.331,2.8866,0.2753
141,stage1,0,0.6990668177604675,0.7103565335273743,0.0,0.6990668177604675,0.0001,0.0,9.331,2.3369,0.2748
142,stage1,0,0.6367360949516296,0.6638562679290771,0.0,0.6367360949516296,0.0001,0.0,9.331,1.2064,0.2761
143,stage1,0,0.6922585368156433,0.6670700907707214,0.0,0.6922585368156433,0.0001,0.0,9.331,2.3735,0.275
144,stage1,0,0.6785853505134583,0.6828352212905884,0.0,0.6785853505134583,0.0001,0.0,9.331,0.7716,6.6423
145,stage1,0,0.6269658803939819,0.6498140096664429,0.0,0.6269658803939819,0.0001,0.0,9.331,0.9618,0.2734
146,stage1,0,0.6350476145744324,0.6414451599121094,0.0,0.6350476145744324,0.0001,0.0,9.331,1.1009,0.2737
147,stage1,0,0.6759548783302307,0.6704511642456055,0.0,0.6759548783302307,0.0001,0.0,9.331,1.341,0.2748
148,stage1,0,0.627234697341919,0.6975001096725464,0.0,0.627234697341919,0.0001,0.0,9.331,1.0317,0.2742
149,stage1,0,0.6250688433647156,0.6614792346954346,0.0,0.6250688433647156,0.0001,0.0,9.331,1.5676,0.2752
150,stage1,0,0.6449589729309082,0.659049928188324,0.0,0.6449589729309082,0.0001,0.0,9.331,0.6363,0.2744
151,stage1,0,0.5963329076766968,0.6391443610191345,0.0,0.5963329076766968,0.0001,0.0,9.331,0.8863,0.2751
152,stage1,0,0.7258255481719971,0.6772276759147644,0.0,0.7258255481719971,0.0001,0.0,9.331,1.7375,6.4502
153,stage1,0,0.6152843832969666,0.685502827167511,0.0,0.6152843832969666,0.0001,0.0,9.331,1.4325,0.2735
154,stage1,0,0.5562744140625,0.6756119728088379,0.0,0.5562744140625,0.0001,0.0,9.331,0.6888,0.2745
155,stage1,0,0.655310332775116,0.6828974485397339,0.0,0.655310332775116,0.0001,0.0,9.331,1.6309,0.2748
156,stage1,0,0.6590045690536499,0.6712813973426819,0.0,0.6590045690536499,0.0001,0.0,9.331,1.356,0.2742
157,stage1,0,0.7606090903282166,0.6989267468452454,0.0,0.7606090903282166,0.0001,0.0,9.331,0.8704,0.2751
158,stage1,0,0.6653060913085938,0.6496232151985168,0.0,0.6653060913085938,0.0001,0.0,9.331,1.4919,0.2755
159,stage1,0,0.6379839777946472,0.668424129486084,0.0,0.6379839777946472,0.0001,0.0,9.331,1.1523,0.2744
160,stage1,0,0.6787582039833069,0.6696358919143677,0.0,0.6787582039833069,0.0001,0.0,9.331,0.6839,6.4676
161,stage1,0,0.644398033618927,0.6478277444839478,0.0,0.644398033618927,0.0001,0.0,9.331,0.5724,0.2736
162,stage1,0,0.6814464926719666,0.6633176207542419,0.0,0.6814464926719666,0.0001,0.0,9.331,0.4291,0.2743
163,stage1,0,0.7049100995063782,0.6759152412414551,0.0,0.7049100995063782,0.0001,0.0,9.331,1.5863,0.2749
164,stage1,0,0.6093978881835938,0.6636887192726135,0.0,0.6093978881835938,0.0001,0.0,9.331,1.0682,0.2748
165,stage1,0,0.6433126330375671,0.6556117534637451,0.0,0.6433126330375671,0.0001,0.0,9.331,0.8711,0.2749
166,stage1,0,0.6018275618553162,0.6506088376045227,0.0,0.6018275618553162,0.0001,0.0,9.331,1.4631,0.2748
167,stage1,0,0.6694415211677551,0.6716033220291138,0.0,0.6694415211677551,0.0001,0.0,9.331,1.7872,0.2749
168,stage1,0,0.5204274654388428,0.605200469493866,0.0,0.5204274654388428,0.0001,0.0,9.331,0.9318,6.2736
169,stage1,0,0.6118231415748596,0.6558622717857361,0.0,0.6118231415748596,0.0001,0.0,9.331,1.5149,0.2748
170,stage1,0,0.6316057443618774,0.6376329660415649,0.0,0.6316057443618774,0.0001,0.0,9.331,0.6867,0.2753
171,stage1,0,0.6978742480278015,0.6917321085929871,0.0,0.6978742480278015,0.0001,0.0,9.331,0.5271,0.2747
172,stage1,0,0.5946805477142334,0.6294251084327698,0.0,0.5946805477142334,0.0001,0.0,9.331,0.7701,0.2753
173,stage1,0,0.6393251419067383,0.6571190357208252,0.0,0.6393251419067383,0.0001,0.0,9.331,1.2821,0.2745
174,stage1,0,0.6860871911048889,0.6540439128875732,0.0,0.6860871911048889,0.0001,0.0,9.331,0.9091,0.2758
175,stage1,0,0.6157204508781433,0.6256222128868103,0.0,0.6157204508781433,0.0001,0.0,9.331,0.74,0.2747
176,stage1,0,0.6068406105041504,0.6608796119689941,0.0,0.6068406105041504,0.0001,0.0,9.331,0.6335,6.353
177,stage1,0,0.6667054891586304,0.6629437208175659,0.0,0.6667054891586304,0.0001,0.0,9.331,1.916,0.2745
178,stage1,0,0.7020763158798218,0.7077626585960388,0.0,0.7020763158798218,0.0001,0.0,9.331,2.2151,0.2745
179,stage1,0,0.5635182857513428,0.6372438669204712,0.0,0.5635182857513428,0.0001,0.0,9.331,1.0661,0.2746
180,stage1,0,0.5950002074241638,0.6074365377426147,0.0,0.5950002074241638,0.0001,0.0,9.331,1.4689,0.2752
181,stage1,0,0.5786871910095215,0.6153831481933594,0.0,0.5786871910095215,0.0001,0.0,9.331,0.9313,0.275
182,stage1,0,0.638874888420105,0.6483536958694458,0.0,0.638874888420105,0.0001,0.0,9.331,2.2241,0.275
183,stage1,0,0.4805900454521179,0.6102386713027954,0.0,0.4805900454521179,0.0001,0.0,9.331,0.8891,0.2753
184,stage1,0,0.6636494398117065,0.6418522596359253,0.0,0.6636494398117065,0.0001,0.0,9.331,1.2652,6.3105
185,stage1,0,0.649221658706665,0.6582046747207642,0.0,0.649221658706665,0.0001,0.0,9.331,1.4285,0.2741
186,stage1,0,0.7021160125732422,0.660980761051178,0.0,0.7021160125732422,0.0001,0.0,9.331,0.9154,0.2748
187,stage1,0,0.6689176559448242,0.6678417921066284,0.0,0.6689176559448242,0.0001,0.0,9.331,1.1744,0.2749
188,stage1,0,0.5757489204406738,0.6492387652397156,0.0,0.5757489204406738,0.0001,0.0,9.331,2.2359,0.2747
189,stage1,0,0.6708624958992004,0.6665738821029663,0.0,0.6708624958992004,0.0001,0.0,9.331,2.6074,0.2751
190,stage1,0,0.6028658747673035,0.6628751754760742,0.0,0.6028658747673035,0.0001,0.0,9.331,0.9018,0.2758
191,stage1,0,0.6402943730354309,0.6403534412384033,0.0,0.6402943730354309,0.0001,0.0,9.331,0.9954,0.2752
192,stage1,0,0.5864152312278748,0.6561509966850281,0.0,0.5864152312278748,0.0001,0.0,9.331,3.0567,6.2889
193,stage1,0,0.6140009164810181,0.657101571559906,0.0,0.6140009164810181,0.0001,0.0,9.331,2.1287,0.274
194,stage1,0,0.5926674008369446,0.6334055662155151,0.0,0.5926674008369446,0.0001,0.0,9.331,2.0531,0.2745
195,stage1,0,0.6212463974952698,0.6531715393066406,0.0,0.6212463974952698,0.0001,0.0,9.331,0.8432,0.2746
196,stage1,0,0.5912007093429565,0.6096334457397461,0.0,0.5912007093429565,0.0001,0.0,9.331,1.5439,0.2748
197,stage1,0,0.5094316601753235,0.5873456001281738,0.0,0.5094316601753235,0.0001,0.0,9.331,0.9845,0.2751
198,stage1,0,0.6605005264282227,0.6510465145111084,0.0,0.6605005264282227,0.0001,0.0,9.331,0.3839,0.2752
199,stage1,0,0.5752198100090027,0.6261876821517944,0.0,0.5752198100090027,0.0001,0.0,9.331,0.8405,0.2747
200,stage1,0,0.5896665453910828,0.6342330574989319,0.0,0.5896665453910828,0.0001,0.0,9.331,1.6259,6.4657
201,stage1,0,0.5063755512237549,0.6135924458503723,0.0,0.5063755512237549,0.0001,0.0,9.331,1.3682,0.2747
202,stage1,0,0.5797541737556458,0.6350401043891907,0.0,0.5797541737556458,0.0001,0.0,9.331,1.0302,0.274
203,stage1,0,0.5857501029968262,0.6107428669929504,0.0,0.5857501029968262,0.0001,0.0,9.331,1.6209,0.2749
204,stage1,0,0.5785999298095703,0.6142903566360474,0.0,0.5785999298095703,0.0001,0.0,9.331,1.1168,0.275
205,stage1,0,0.5898993015289307,0.6098262071609497,0.0,0.5898993015289307,0.0001,0.0,9.331,1.8614,0.2756
206,stage1,0,0.5725053548812866,0.6587188243865967,0.0,0.5725053548812866,0.0001,0.0,9.331,0.7346,0.2746
207,stage1,0,0.5752307772636414,0.5820757746696472,0.0,0.5752307772636414,0.0001,0.0,9.331,2.1199,0.2747
208,stage1,0,0.5528532862663269,0.5964876413345337,0.0,0.5528532862663269,0.0001,0.0,9.331,1.0877,6.3847
209,stage1,0,0.5307968258857727,0.5975449681282043,0.0,0.5307968258857727,0.0001,0.0,9.331,1.4083,0.2744
210,stage1,0,0.5844882726669312,0.6171236634254456,0.0,0.5844882726669312,0.0001,0.0,9.331,2.4486,0.274
211,stage1,0,0.5266249179840088,0.6184324622154236,0.0,0.5266249179840088,0.0001,0.0,9.331,1.7024,0.2749
212,stage1,0,0.5681965947151184,0.6063189506530762,0.0,0.5681965947151184,0.0001,0.0,9.331,2.1938,0.2747
213,stage1,0,0.4255788028240204,0.577216386795044,0.0,0.4255788028240204,0.0001,0.0,9.331,1.461,0.2749
214,stage1,0,0.48427122831344604,0.5784401893615723,0.0,0.48427122831344604,0.0001,0.0,9.331,0.9024,0.2752
215,stage1,0,0.5697808861732483,0.6425381302833557,0.0,0.5697808861732483,0.0001,0.0,9.331,1.1331,0.2753
216,stage1,0,0.5811000466346741,0.6186560988426208,0.0,0.5811000466346741,0.0001,0.0,9.331,2.3912,6.2995
217,stage1,0,0.6198111772537231,0.635772168636322,0.0,0.6198111772537231,0.0001,0.0,9.331,1.9408,0.2735
218,stage1,0,0.4908301830291748,0.601819634437561,0.0,0.4908301830291748,0.0001,0.0,9.331,0.9388,0.2743
219,stage1,0,0.6834648251533508,0.6570097208023071,0.0,0.6834648251533508,0.0001,0.0,9.331,2.6004,0.2753
220,stage1,0,0.5126405358314514,0.5896053314208984,0.0,0.5126405358314514,0.0001,0.0,9.331,1.0203,0.2744
221,stage1,0,0.6096403002738953,0.6546929478645325,0.0,0.6096403002738953,0.0001,0.0,9.331,2.9424,0.2749
222,stage1,0,0.5257946252822876,0.5712782740592957,0.0,0.5257946252822876,0.0001,0.0,9.331,1.1806,0.2742
223,stage1,0,0.5124053359031677,0.6092813014984131,0.0,0.5124053359031677,0.0001,0.0,9.331,1.4047,0.2752
224,stage1,0,0.5520547032356262,0.6157842874526978,0.0,0.5520547032356262,0.0001,0.0,9.331,1.3941,6.2748
225,stage1,0,0.5296276211738586,0.6091059446334839,0.0,0.5296276211738586,0.0001,0.0,9.331,1.5262,0.2741
226,stage1,0,0.4775334298610687,0.6113196015357971,0.0,0.4775334298610687,0.0001,0.0,9.331,1.4029,0.2746
227,stage1,0,0.5740154385566711,0.5939205288887024,0.0,0.5740154385566711,0.0001,0.0,9.331,2.1189,0.2746
228,stage1,0,0.4842643737792969,0.5790034532546997,0.0,0.4842643737792969,0.0001,0.0,9.331,2.5114,0.2753
229,stage1,0,0.6271106600761414,0.619400680065155,0.0,0.6271106600761414,0.0001,0.0,9.331,1.3577,0.2754
230,stage1,0,0.4613893926143646,0.5646248459815979,0.0,0.4613893926143646,0.0001,0.0,9.331,1.9953,0.2749
231,stage1,0,0.5473589897155762,0.6003317832946777,0.0,0.5473589897155762,0.0001,0.0,9.331,1.6305,0.2761
232,stage1,0,0.5408840179443359,0.5742459893226624,0.0,0.5408840179443359,0.0001,0.0,9.331,1.636,6.2718
233,stage1,0,0.48756834864616394,0.5851892828941345,0.0,0.48756834864616394,0.0001,0.0,9.331,0.7572,0.2742
234,stage1,0,0.49046042561531067,0.5830221176147461,0.0,0.49046042561531067,0.0001,0.0,9.331,1.533,0.2747
235,stage1,0,0.5825803875923157,0.6287339329719543,0.0,0.5825803875923157,0.0001,0.0,9.331,1.63,0.2751
236,stage1,0,0.49854281544685364,0.5684592723846436,0.0,0.49854281544685364,0.0001,0.0,9.331,2.169,0.2751
237,stage1,0,0.47547394037246704,0.5678311586380005,0.0,0.47547394037246704,0.0001,0.0,9.331,1.1823,0.2744
238,stage1,0,0.5823593139648438,0.5977970957756042,0.0,0.5823593139648438,0.0001,0.0,9.331,2.8387,0.2749
239,stage1,0,0.45629334449768066,0.5662121176719666,0.0,0.45629334449768066,0.0001,0.0,9.331,2.0892,0.2752
240,stage1,0,0.4872931241989136,0.5714589953422546,0.0,0.4872931241989136,0.0001,0.0,9.331,1.6092,6.2783
241,stage1,0,0.5102759003639221,0.5847122073173523,0.0,0.5102759003639221,0.0001,0.0,9.331,3.7181,0.2749
242,stage1,0,0.5259658694267273,0.5943702459335327,0.0,0.5259658694267273,0.0001,0.0,9.331,2.6855,0.2746
243,stage1,0,0.4571268856525421,0.5476495027542114,0.0,0.4571268856525421,0.0001,0.0,9.331,1.8284,0.2755
244,stage1,0,0.533832311630249,0.6309425830841064,0.0,0.533832311630249,0.0001,0.0,9.331,2.5352,0.2751
245,stage1,0,0.4988067150115967,0.5597732663154602,0.0,0.4988067150115967,0.0001,0.0,9.331,2.0282,0.2754
246,stage1,0,0.5032827854156494,0.5685428380966187,0.0,0.5032827854156494,0.0001,0.0,9.331,1.312,0.2749
247,stage1,0,0.4848548471927643,0.5974850058555603,0.0,0.4848548471927643,0.0001,0.0,9.331,1.1881,0.2751
248,stage1,0,0.5009272694587708,0.5614149570465088,0.0,0.5009272694587708,0.0001,0.0,9.331,1.2148,6.2934
249,stage1,0,0.5199251770973206,0.6016086339950562,0.0,0.5199251770973206,0.0001,0.0,9.331,1.9829,0.2745
250,stage1,0,0.5326644778251648,0.5932650566101074,0.0,0.5326644778251648,0.0001,0.0,9.331,1.4062,0.2746
251,stage1,0,0.49148958921432495,0.5716927647590637,0.0,0.49148958921432495,0.0001,0.0,9.331,1.6482,0.2752
252,stage1,0,0.49938035011291504,0.5729877948760986,0.0,0.49938035011291504,0.0001,0.0,9.331,1.8327,0.2755
253,stage1,0,0.40223971009254456,0.5694212317466736,0.0,0.40223971009254456,0.0001,0.0,9.331,1.7002,0.2745
254,stage1,0,0.5588184595108032,0.6133002042770386,0.0,0.5588184595108032,0.0001,0.0,9.331,2.3021,0.2748
255,stage1,0,0.5233464241027832,0.5908728837966919,0.0,0.5233464241027832,0.0001,0.0,9.331,2.6607,0.2753
256,stage1,0,0.47936931252479553,0.551056981086731,0.0,0.47936931252479553,0.0001,0.0,9.331,2.2114,6.2947
257,stage1,0,0.5218478441238403,0.5673112273216248,0.0,0.5218478441238403,0.0001,0.0,9.331,1.8909,0.2734
258,stage1,0,0.4955144226551056,0.5412355065345764,0.0,0.4955144226551056,0.0001,0.0,9.331,2.8216,0.2749
259,stage1,0,0.5440633296966553,0.5814255475997925,0.0,0.5440633296966553,0.0001,0.0,9.331,2.5712,0.2749
260,stage1,0,0.472242146730423,0.552230179309845,0.0,0.472242146730423,0.0001,0.0,9.331,1.7596,0.2751
261,stage1,0,0.45664116740226746,0.5763259530067444,0.0,0.45664116740226746,0.0001,0.0,9.331,2.267,0.2745
262,stage1,0,0.5466673374176025,0.5836251974105835,0.0,0.5466673374176025,0.0001,0.0,9.331,2.187,0.275
263,stage1,0,0.5017106533050537,0.5768222808837891,0.0,0.5017106533050537,0.0001,0.0,9.331,1.4932,0.2749
264,stage1,0,0.4734525978565216,0.545924723148346,0.0,0.4734525978565216,0.0001,0.0,9.331,1.2743,6.3228
265,stage1,0,0.6267291903495789,0.6037418842315674,0.0,0.6267291903495789,0.0001,0.0,9.331,1.1845,0.274
266,stage1,0,0.5675271153450012,0.5777387022972107,0.0,0.5675271153450012,0.0001,0.0,9.331,2.3427,0.2747
267,stage1,0,0.4672795236110687,0.5636386871337891,0.0,0.4672795236110687,0.0001,0.0,9.331,1.5837,0.2746
268,stage1,0,0.5055709481239319,0.5653045773506165,0.0,0.5055709481239319,0.0001,0.0,9.331,1.3961,0.2758
269,stage1,0,0.44987767934799194,0.5359141230583191,0.0,0.44987767934799194,0.0001,0.0,9.331,1.2851,0.2753
270,stage1,0,0.5031388401985168,0.5357640385627747,0.0,0.5031388401985168,0.0001,0.0,9.331,0.5404,0.2751
271,stage1,0,0.4833148419857025,0.5528784394264221,0.0,0.4833148419857025,0.0001,0.0,9.331,1.4646,0.2755
272,stage1,0,0.4766400456428528,0.5507875680923462,0.0,0.4766400456428528,0.0001,0.0,9.331,1.6857,6.305
273,stage1,0,0.5131293535232544,0.5747790932655334,0.0,0.5131293535232544,0.0001,0.0,9.331,1.0648,0.274
274,stage1,0,0.4923071265220642,0.5481324195861816,0.0,0.4923071265220642,0.0001,0.0,9.331,1.7171,0.2746
275,stage1,0,0.5035889148712158,0.5582596659660339,0.0,0.5035889148712158,0.0001,0.0,9.331,1.9584,0.2749
276,stage1,0,0.394883394241333,0.5119655728340149,0.0,0.394883394241333,0.0001,0.0,9.331,1.1652,0.2749
277,stage1,0,0.46114829182624817,0.5590973496437073,0.0,0.46114829182624817,0.0001,0.0,9.331,0.8434,0.2756
278,stage1,0,0.43140336871147156,0.5408108830451965,0.0,0.43140336871147156,0.0001,0.0,9.331,0.9472,0.2748
279,stage1,0,0.5003770589828491,0.5542972683906555,0.0,0.5003770589828491,0.0001,0.0,9.331,1.6313,0.2747
280,stage1,0,0.4868638515472412,0.545225977897644,0.0,0.4868638515472412,0.0001,0.0,9.331,1.4773,6.2459
281,stage1,0,0.5440409779548645,0.5828181505203247,0.0,0.5440409779548645,0.0001,0.0,9.331,1.6887,0.274
282,stage1,0,0.4283984899520874,0.5502051711082458,0.0,0.4283984899520874,0.0001,0.0,9.331,1.6478,0.2745
283,stage1,0,0.5544973015785217,0.5671049952507019,0.0,0.5544973015785217,0.0001,0.0,9.331,1.6909,0.2751
284,stage1,0,0.4667685031890869,0.5367722511291504,0.0,0.4667685031890869,0.0001,0.0,9.331,1.7102,0.2753
285,stage1,0,0.4257114827632904,0.5633068084716797,0.0,0.4257114827632904,0.0001,0.0,9.331,1.2165,0.2745
286,stage1,0,0.47329652309417725,0.530552089214325,0.0,0.47329652309417725,0.0001,0.0,9.331,1.3417,0.275
287,stage1,0,0.473235547542572,0.5441153645515442,0.0,0.473235547542572,0.0001,0.0,9.331,1.4056,0.2756
288,stage1,0,0.4934006929397583,0.5439273715019226,0.0,0.4934006929397583,0.0001,0.0,9.331,2.0625,6.2201
289,stage1,0,0.46034738421440125,0.5310774445533752,0.0,0.46034738421440125,0.0001,0.0,9.331,1.0175,0.2739
290,stage1,0,0.5005572438240051,0.6059291958808899,0.0,0.5005572438240051,0.0001,0.0,9.331,2.9961,0.274
291,stage1,0,0.46769049763679504,0.538083016872406,0.0,0.46769049763679504,0.0001,0.0,9.331,2.2335,0.2752
292,stage1,0,0.4719051718711853,0.5506981015205383,0.0,0.4719051718711853,0.0001,0.0,9.331,1.5069,0.2748
293,stage1,0,0.4807193875312805,0.5603705048561096,0.0,0.4807193875312805,0.0001,0.0,9.331,1.5477,0.2747
294,stage1,0,0.4754541516304016,0.5431965589523315,0.0,0.4754541516304016,0.0001,0.0,9.331,1.3592,0.2747
295,stage1,0,0.4228248596191406,0.5314199924468994,0.0,0.4228248596191406,0.0001,0.0,9.331,2.0047,0.2747
296,stage1,0,0.4361918568611145,0.5134907960891724,0.0,0.4361918568611145,0.0001,0.0,9.331,1.336,6.3097
297,stage1,0,0.5067089796066284,0.552756130695343,0.0,0.5067089796066284,0.0001,0.0,9.331,1.3524,0.2736
298,stage1,0,0.42177391052246094,0.5116588473320007,0.0,0.42177391052246094,0.0001,0.0,9.331,1.4123,0.2747
299,stage1,0,0.5383446216583252,0.5877127647399902,0.0,0.5383446216583252,0.0001,0.0,9.331,2.2093,0.2753
300,stage1,0,0.5531892776489258,0.5848560929298401,0.0,0.5531892776489258,0.0001,0.0,9.331,3.6027,0.2756
301,stage1,0,0.4267645478248596,0.5338582992553711,0.0,0.4267645478248596,0.0001,0.0,9.331,1.3505,0.2748
302,stage1,0,0.48297154903411865,0.5494306683540344,0.0,0.48297154903411865,0.0001,0.0,9.331,2.3245,0.2754
303,stage1,0,0.4510033428668976,0.5527458786964417,0.0,0.4510033428668976,0.0001,0.0,9.331,2.8252,0.2749
304,stage1,0,0.5258563160896301,0.5751031041145325,0.0,0.5258563160896301,0.0001,0.0,9.331,1.2373,6.261
305,stage1,0,0.5418787002563477,0.5816587805747986,0.0,0.5418787002563477,0.0001,0.0,9.331,1.9514,0.2745
306,stage1,0,0.4314945936203003,0.5432047247886658,0.0,0.4314945936203003,0.0001,0.0,9.331,1.1632,0.2748
307,stage1,0,0.6049774289131165,0.5879595279693604,0.0,0.6049774289131165,0.0001,0.0,9.331,1.9442,0.2749
308,stage1,0,0.3983153998851776,0.52083820104599,0.0,0.3983153998851776,0.0001,0.0,9.331,1.3607,0.2747
309,stage1,0,0.4291401505470276,0.5142633318901062,0.0,0.4291401505470276,0.0001,0.0,9.331,1.5876,0.2751
310,stage1,0,0.39863523840904236,0.5352062582969666,0.0,0.39863523840904236,0.0001,0.0,9.331,1.5223,0.2748
311,stage1,0,0.45049217343330383,0.5597986578941345,0.0,0.45049217343330383,0.0001,0.0,9.331,1.4977,0.2756
312,stage1,0,0.5137889385223389,0.5586116313934326,0.0,0.5137889385223389,0.0001,0.0,9.331,1.3303,6.2518
313,stage1,0,0.5054381489753723,0.5425239205360413,0.0,0.5054381489753723,0.0001,0.0,9.331,1.913,0.2735
314,stage1,0,0.4974517524242401,0.5549153685569763,0.0,0.4974517524242401,0.0001,0.0,9.331,1.2936,0.2741
315,stage1,0,0.41492530703544617,0.5386767983436584,0.0,0.41492530703544617,0.0001,0.0,9.331,1.4498,0.2752
316,stage1,0,0.5524117350578308,0.5732294917106628,0.0,0.5524117350578308,0.0001,0.0,9.331,1.3302,0.2751
317,stage1,0,0.4583764672279358,0.5117956399917603,0.0,0.4583764672279358,0.0001,0.0,9.331,1.0396,0.2745
318,stage1,0,0.5267614126205444,0.5509573817253113,0.0,0.5267614126205444,0.0001,0.0,9.331,0.9265,0.2755
319,stage1,0,0.4725152850151062,0.555797278881073,0.0,0.4725152850151062,0.0001,0.0,9.331,1.2715,0.2751
320,stage1,0,0.450650155544281,0.5559827089309692,0.0,0.450650155544281,0.0001,0.0,9.331,1.7009,6.3223
321,stage1,0,0.44272175431251526,0.5523277521133423,0.0,0.44272175431251526,0.0001,0.0,9.331,1.4462,0.2748
322,stage1,0,0.4903053343296051,0.53783118724823,0.0,0.4903053343296051,0.0001,0.0,9.331,1.5297,0.2744
323,stage1,0,0.45980730652809143,0.5393439531326294,0.0,0.45980730652809143,0.0001,0.0,9.331,0.7171,0.2751
324,stage1,0,0.47120633721351624,0.5375322103500366,0.0,0.47120633721351624,0.0001,0.0,9.331,1.1306,0.2753
325,stage1,0,0.4127366840839386,0.5303561091423035,0.0,0.4127366840839386,0.0001,0.0,9.331,0.9659,0.2751
326,stage1,0,0.4787651300430298,0.5592963099479675,0.0,0.4787651300430298,0.0001,0.0,9.331,1.1545,0.2754
327,stage1,0,0.4185542166233063,0.49666398763656616,0.0,0.4185542166233063,0.0001,0.0,9.331,1.4186,0.2754
328,stage1,0,0.4903792142868042,0.5488515496253967,0.0,0.4903792142868042,0.0001,0.0,9.331,1.059,6.3012
329,stage1,0,0.5037447810173035,0.5763652920722961,0.0,0.5037447810173035,0.0001,0.0,9.331,1.1372,0.2742
330,stage1,0,0.4391889274120331,0.5550111532211304,0.0,0.4391889274120331,0.0001,0.0,9.331,1.4644,0.2753
331,stage1,0,0.4467388689517975,0.5523406267166138,0.0,0.4467388689517975,0.0001,0.0,9.331,0.6182,0.2751
332,stage1,0,0.563483476638794,0.5625866055488586,0.0,0.563483476638794,0.0001,0.0,9.331,1.3406,0.2741
333,stage1,0,0.3996198773384094,0.52357417345047,0.0,0.3996198773384094,0.0001,0.0,9.331,0.9957,0.275
334,stage1,0,0.4116009771823883,0.49058327078819275,0.0,0.4116009771823883,0.0001,0.0,9.331,1.0488,0.2756
335,stage1,0,0.4204620122909546,0.5011295676231384,0.0,0.4204620122909546,0.0001,0.0,9.331,0.8164,0.2753
336,stage1,0,0.4104360342025757,0.5167652368545532,0.0,0.4104360342025757,0.0001,0.0,9.331,0.6986,6.3599
337,stage1,0,0.49177873134613037,0.5412959456443787,0.0,0.49177873134613037,0.0001,0.0,9.331,1.5682,0.2743
338,stage1,0,0.4188060760498047,0.5192434787750244,0.0,0.4188060760498047,0.0001,0.0,9.331,1.636,0.2747
339,stage1,0,0.4027003049850464,0.5204147100448608,0.0,0.4027003049850464,0.0001,0.0,9.331,0.8857,0.275
340,stage1,0,0.4100090563297272,0.5419505834579468,0.0,0.4100090563297272,0.0001,0.0,9.331,1.4531,0.2748
341,stage1,0,0.3709453344345093,0.559556245803833,0.0,0.3709453344345093,0.0001,0.0,9.331,1.901,0.2758
342,stage1,0,0.4971516728401184,0.560204267501831,0.0,0.4971516728401184,0.0001,0.0,9.331,2.0297,0.2748
343,stage1,0,0.38076671957969666,0.5193850994110107,0.0,0.38076671957969666,0.0001,0.0,9.331,1.0494,0.2754
344,stage1,0,0.4438702464103699,0.5279613137245178,0.0,0.4438702464103699,0.0001,0.0,9.331,1.8512,6.3152
345,stage1,0,0.45553359389305115,0.537879467010498,0.0,0.45553359389305115,0.0001,0.0,9.331,1.9851,0.2741
346,stage1,0,0.5040593147277832,0.5380976796150208,0.0,0.5040593147277832,0.0001,0.0,9.331,1.5237,0.2748
347,stage1,0,0.4150659739971161,0.5190606117248535,0.0,0.4150659739971161,0.0001,0.0,9.331,1.4924,0.2745
348,stage1,0,0.46210965514183044,0.563042938709259,0.0,0.46210965514183044,0.0001,0.0,9.331,1.3584,0.2741
349,stage1,0,0.4668998122215271,0.5329808592796326,0.0,0.4668998122215271,0.0001,0.0,9.331,1.6694,0.2752
350,stage1,0,0.4741658568382263,0.5511510968208313,0.0,0.4741658568382263,0.0001,0.0,9.331,1.1392,0.2752
351,stage1,0,0.40494999289512634,0.5243768095970154,0.0,0.40494999289512634,0.0001,0.0,9.331,1.4557,0.2753
352,stage1,0,0.43218353390693665,0.5057224035263062,0.0,0.43218353390693665,0.0001,0.0,9.331,1.3176,6.3104
353,stage1,0,0.45756226778030396,0.5271798968315125,0.0,0.45756226778030396,0.0001,0.0,9.331,1.2663,0.2735
354,stage1,0,0.5165131688117981,0.5524806380271912,0.0,0.5165131688117981,0.0001,0.0,9.331,2.0631,0.275
355,stage1,0,0.5123343467712402,0.5482198596000671,0.0,0.5123343467712402,0.0001,0.0,9.331,0.8777,0.2747
356,stage1,0,0.36272725462913513,0.47721561789512634,0.0,0.36272725462913513,0.0001,0.0,9.331,1.0479,0.2746
357,stage1,0,0.45033860206604004,0.5303377509117126,0.0,0.45033860206604004,0.0001,0.0,9.331,1.0187,0.275
358,stage1,0,0.38708430528640747,0.49379247426986694,0.0,0.38708430528640747,0.0001,0.0,9.331,0.6171,0.275
359,stage1,0,0.36804190278053284,0.5365821123123169,0.0,0.36804190278053284,0.0001,0.0,9.331,1.2812,0.275
360,stage1,0,0.4323800206184387,0.5153267979621887,0.0,0.4323800206184387,0.0001,0.0,9.331,1.1812,6.3322
361,stage1,0,0.47670039534568787,0.5671770572662354,0.0,0.47670039534568787,0.0001,0.0,9.331,1.2523,0.2739
362,stage1,0,0.43147873878479004,0.5181640982627869,0.0,0.43147873878479004,0.0001,0.0,9.331,0.8548,0.2749
363,stage1,0,0.38780978322029114,0.5105755925178528,0.0,0.38780978322029114,0.0001,0.0,9.331,1.1548,0.2747
364,stage1,0,0.43024942278862,0.5185086131095886,0.0,0.43024942278862,0.0001,0.0,9.331,1.0613,0.2747
365,stage1,0,0.479152649641037,0.5439644455909729,0.0,0.479152649641037,0.0001,0.0,9.331,1.0182,0.2754
366,stage1,0,0.39907917380332947,0.5247714519500732,0.0,0.39907917380332947,0.0001,0.0,9.331,1.623,0.275
367,stage1,0,0.4550514817237854,0.5359604954719543,0.0,0.4550514817237854,0.0001,0.0,9.331,1.012,0.2746
368,stage1,0,0.40923747420310974,0.49739256501197815,0.0,0.40923747420310974,0.0001,0.0,9.331,1.0141,6.315
369,stage1,0,0.5061950087547302,0.5288541316986084,0.0,0.5061950087547302,0.0001,0.0,9.331,2.2176,0.2739
370,stage1,0,0.39862048625946045,0.5159634351730347,0.0,0.39862048625946045,0.0001,0.0,9.331,0.7674,0.2744
371,stage1,0,0.541172444820404,0.5492554306983948,0.0,0.541172444820404,0.0001,0.0,9.331,1.113,0.2755
372,stage1,0,0.40585261583328247,0.5062626600265503,0.0,0.40585261583328247,0.0001,0.0,9.331,0.8239,0.2747
373,stage1,0,0.36494308710098267,0.5158024430274963,0.0,0.36494308710098267,0.0001,0.0,9.331,1.4059,0.2751
374,stage1,0,0.4318840801715851,0.5272528529167175,0.0,0.4318840801715851,0.0001,0.0,9.331,1.2104,0.275
375,stage1,0,0.4913783371448517,0.5394281148910522,0.0,0.4913783371448517,0.0001,0.0,9.331,1.1057,0.2764
376,stage1,0,0.47162458300590515,0.5513855218887329,0.0,0.47162458300590515,0.0001,0.0,9.331,1.4453,6.3782
377,stage1,0,0.37545084953308105,0.5244873762130737,0.0,0.37545084953308105,0.0001,0.0,9.331,1.799,0.2746
378,stage1,0,0.453685998916626,0.5306484699249268,0.0,0.453685998916626,0.0001,0.0,9.331,1.2018,0.2745
379,stage1,0,0.45606759190559387,0.5386495590209961,0.0,0.45606759190559387,0.0001,0.0,9.331,1.2243,0.2744
380,stage1,0,0.38020461797714233,0.5444296002388,0.0,0.38020461797714233,0.0001,0.0,9.331,1.588,0.2753
381,stage1,0,0.37685421109199524,0.5003569722175598,0.0,0.37685421109199524,0.0001,0.0,9.331,1.4286,0.2757
382,stage1,0,0.5226325392723083,0.5616806745529175,0.0,0.5226325392723083,0.0001,0.0,9.331,0.9945,0.2756
383,stage1,0,0.4215873181819916,0.545295238494873,0.0,0.4215873181819916,0.0001,0.0,9.331,1.015,0.2755
384,stage1,0,0.4117765724658966,0.5463438630104065,0.0,0.4117765724658966,0.0001,0.0,9.331,1.2665,6.3713
385,stage1,0,0.4901050925254822,0.5362429022789001,0.0,0.4901050925254822,0.0001,0.0,9.331,1.7264,0.2748
386,stage1,0,0.47051766514778137,0.5460944175720215,0.0,0.47051766514778137,0.0001,0.0,9.331,1.2519,0.2757
387,stage1,0,0.41810593008995056,0.5281996726989746,0.0,0.41810593008995056,0.0001,0.0,9.331,0.8859,0.2757
388,stage1,0,0.46828681230545044,0.5479964017868042,0.0,0.46828681230545044,0.0001,0.0,9.331,1.3476,0.2752
389,stage1,0,0.41977357864379883,0.5448014736175537,0.0,0.41977357864379883,0.0001,0.0,9.331,1.5127,0.2756
390,stage1,0,0.4930013418197632,0.5596816539764404,0.0,0.4930013418197632,0.0001,0.0,9.331,1.4596,0.275
391,stage1,0,0.3733986020088196,0.5290117859840393,0.0,0.3733986020088196,0.0001,0.0,9.331,1.139,0.2756
392,stage1,0,0.46180814504623413,0.5478202700614929,0.0,0.46180814504623413,0.0001,0.0,9.331,1.2702,6.5437
393,stage1,0,0.36554309725761414,0.5086190700531006,0.0,0.36554309725761414,0.0001,0.0,9.331,1.2063,0.2736
394,stage1,0,0.43685686588287354,0.5251257419586182,0.0,0.43685686588287354,0.0001,0.0,9.331,0.9659,0.2747
395,stage1,0,0.4255087971687317,0.517166256904602,0.0,0.4255087971687317,0.0001,0.0,9.331,1.6482,0.2749
396,stage1,0,0.4307529032230377,0.5064012408256531,0.0,0.4307529032230377,0.0001,0.0,9.331,1.4339,0.2746
397,stage1,0,0.36983522772789,0.5122941732406616,0.0,0.36983522772789,0.0001,0.0,9.331,1.3339,0.4537
398,stage1,0,0.3613622188568115,0.5103726387023926,0.0,0.3613622188568115,0.0001,0.0,9.331,0.5526,0.2688
399,stage1,0,0.3669704794883728,0.5197437405586243,0.0,0.3669704794883728,0.0001,0.0,9.331,1.4813,0.2748
400,stage1,0,0.4020424783229828,0.5085996389389038,0.0,0.4020424783229828,0.0001,0.0,9.331,1.2621,6.2565
401,stage1,0,0.44367435574531555,0.5189616084098816,0.0,0.44367435574531555,0.0001,0.0,9.331,1.158,0.2741
402,stage1,0,0.46866291761398315,0.5329594612121582,0.0,0.46866291761398315,0.0001,0.0,9.331,1.3689,0.274
403,stage1,0,0.4252728521823883,0.5369786024093628,0.0,0.4252728521823883,0.0001,0.0,9.331,1.3719,0.2753
404,stage1,0,0.46271225810050964,0.5108612775802612,0.0,0.46271225810050964,0.0001,0.0,9.331,1.5154,0.2746
405,stage1,0,0.3765578866004944,0.5210436582565308,0.0,0.3765578866004944,0.0001,0.0,9.331,1.125,0.2746
406,stage1,0,0.3335326313972473,0.5396368503570557,0.0,0.3335326313972473,0.0001,0.0,9.331,0.7792,0.2746
407,stage1,0,0.5420475006103516,0.5569303035736084,0.0,0.5420475006103516,0.0001,0.0,9.331,2.293,0.2749
408,stage1,0,0.481789231300354,0.5406166315078735,0.0,0.481789231300354,0.0001,0.0,9.331,1.5742,6.3273
409,stage1,0,0.41675880551338196,0.5154340863227844,0.0,0.41675880551338196,0.0001,0.0,9.331,1.2039,0.2741
410,stage1,0,0.4492512345314026,0.5323308110237122,0.0,0.4492512345314026,0.0001,0.0,9.331,0.8795,0.2743
411,stage1,0,0.436267614364624,0.5296642184257507,0.0,0.436267614364624,0.0001,0.0,9.331,1.7224,0.2749
412,stage1,0,0.4253943860530853,0.5053585171699524,0.0,0.4253943860530853,0.0001,0.0,9.331,1.0655,0.2748
413,stage1,0,0.4490869641304016,0.5513027906417847,0.0,0.4490869641304016,0.0001,0.0,9.331,1.9914,0.2751
414,stage1,0,0.36653923988342285,0.48693016171455383,0.0,0.36653923988342285,0.0001,0.0,9.331,1.0561,0.2744
415,stage1,0,0.45915597677230835,0.5180098414421082,0.0,0.45915597677230835,0.0001,0.0,9.331,1.2124,0.2749
416,stage1,0,0.39708560705184937,0.5406109094619751,0.0,0.39708560705184937,0.0001,0.0,9.331,1.2686,6.3274
417,stage1,0,0.43691521883010864,0.5598582625389099,0.0,0.43691521883010864,0.0001,0.0,9.331,1.0071,0.2743
418,stage1,0,0.4021133780479431,0.5005184412002563,0.0,0.4021133780479431,0.0001,0.0,9.331,1.0652,0.2743
419,stage1,0,0.4592881500720978,0.54807448387146,0.0,0.4592881500720978,0.0001,0.0,9.331,1.3945,0.2756
420,stage1,0,0.3550710380077362,0.47828590869903564,0.0,0.3550710380077362,0.0001,0.0,9.331,1.1711,0.2747
421,stage1,0,0.44244423508644104,0.5067930221557617,0.0,0.44244423508644104,0.0001,0.0,9.331,1.1595,0.2747
422,stage1,0,0.45237240195274353,0.5293388366699219,0.0,0.45237240195274353,0.0001,0.0,9.331,1.0253,0.275
423,stage1,0,0.46443215012550354,0.5220065116882324,0.0,0.46443215012550354,0.0001,0.0,9.331,0.9783,0.2747
424,stage1,0,0.4868456721305847,0.5433205366134644,0.0,0.4868456721305847,0.0001,0.0,9.331,0.9819,6.3109
425,stage1,0,0.46451160311698914,0.5270310640335083,0.0,0.46451160311698914,0.0001,0.0,9.331,1.1286,0.274
426,stage1,0,0.39085692167282104,0.5459471940994263,0.0,0.39085692167282104,0.0001,0.0,9.331,1.2696,0.2751
427,stage1,0,0.42186614871025085,0.5263242721557617,0.0,0.42186614871025085,0.0001,0.0,9.331,1.2204,0.2749
428,stage1,0,0.3300534188747406,0.5049468278884888,0.0,0.3300534188747406,0.0001,0.0,9.331,1.1574,0.2753
429,stage1,0,0.41951537132263184,0.5085293650627136,0.0,0.41951537132263184,0.0001,0.0,9.331,0.7535,0.2747
430,stage1,0,0.4488799273967743,0.5117990970611572,0.0,0.4488799273967743,0.0001,0.0,9.331,0.8672,0.2752
431,stage1,0,0.4155937135219574,0.5140172839164734,0.0,0.4155937135219574,0.0001,0.0,9.331,1.0814,0.2758
432,stage1,0,0.45012930035591125,0.5106572508811951,0.0,0.45012930035591125,0.0001,0.0,9.331,1.0117,6.2189
433,stage1,0,0.46953725814819336,0.537758469581604,0.0,0.46953725814819336,0.0001,0.0,9.331,0.9705,0.2735
434,stage1,0,0.45265763998031616,0.5171249508857727,0.0,0.45265763998031616,0.0001,0.0,9.331,0.9264,0.2735
435,stage1,0,0.4245990812778473,0.5133941769599915,0.0,0.4245990812778473,0.0001,0.0,9.331,0.8597,0.2744
436,stage1,0,0.35665473341941833,0.49889251589775085,0.0,0.35665473341941833,0.0001,0.0,9.331,0.757,0.2741
437,stage1,0,0.4343007206916809,0.5032870769500732,0.0,0.4343007206916809,0.0001,0.0,9.331,1.062,0.2742
438,stage1,0,0.4282814860343933,0.5284311175346375,0.0,0.4282814860343933,0.0001,0.0,9.331,1.2286,0.2754
439,stage1,0,0.3549152910709381,0.4921080768108368,0.0,0.3549152910709381,0.0001,0.0,9.331,1.2476,0.2747
440,stage1,0,0.3935440480709076,0.4882556200027466,0.0,0.3935440480709076,0.0001,0.0,9.331,0.788,6.2817
441,stage1,0,0.3931550979614258,0.5194855332374573,0.0,0.3931550979614258,0.0001,0.0,9.331,1.1366,0.2742
442,stage1,0,0.41478753089904785,0.5199357867240906,0.0,0.41478753089904785,0.0001,0.0,9.331,0.8391,0.2734
443,stage1,0,0.43526750802993774,0.5040528178215027,0.0,0.43526750802993774,0.0001,0.0,9.331,0.8262,0.2745
444,stage1,0,0.38311296701431274,0.5107071995735168,0.0,0.38311296701431274,0.0001,0.0,9.331,0.8878,0.2744
445,stage1,0,0.3765452802181244,0.49416136741638184,0.0,0.3765452802181244,0.0001,0.0,9.331,1.0347,0.2742
446,stage1,0,0.4498549699783325,0.5086346864700317,0.0,0.4498549699783325,0.0001,0.0,9.331,1.1383,0.2745
447,stage1,0,0.3998918831348419,0.5187130570411682,0.0,0.3998918831348419,0.0001,0.0,9.331,0.933,0.2755
448,stage1,0,0.3872099816799164,0.5031684041023254,0.0,0.3872099816799164,0.0001,0.0,9.331,0.8979,6.2496
449,stage1,0,0.36494123935699463,0.5137345194816589,0.0,0.36494123935699463,0.0001,0.0,9.331,0.9501,0.2736
450,stage1,0,0.3813493251800537,0.5069745779037476,0.0,0.3813493251800537,0.0001,0.0,9.331,1.0165,0.2747
451,stage1,0,0.3886632025241852,0.49511241912841797,0.0,0.3886632025241852,0.0001,0.0,9.331,1.14,0.2752
452,stage1,0,0.4122164249420166,0.5583623647689819,0.0,0.4122164249420166,0.0001,0.0,9.331,1.393,0.2745
453,stage1,0,0.4650335907936096,0.5067055225372314,0.0,0.4650335907936096,0.0001,0.0,9.331,0.8529,0.2753
454,stage1,0,0.33001378178596497,0.4663565754890442,0.0,0.33001378178596497,0.0001,0.0,9.331,0.9255,0.2759
455,stage1,0,0.37952834367752075,0.49486276507377625,0.0,0.37952834367752075,0.0001,0.0,9.331,0.8592,0.2754
456,stage1,0,0.39673495292663574,0.5120471715927124,0.0,0.39673495292663574,0.0001,0.0,9.331,1.1307,6.3305
457,stage1,0,0.3937830626964569,0.5215858817100525,0.0,0.3937830626964569,0.0001,0.0,9.331,1.7418,0.2741
458,stage1,0,0.5077869892120361,0.5331056714057922,0.0,0.5077869892120361,0.0001,0.0,9.331,1.3027,0.275
459,stage1,0,0.42243972420692444,0.517694354057312,0.0,0.42243972420692444,0.0001,0.0,9.331,0.7576,0.275
460,stage1,0,0.4577021896839142,0.5604534149169922,0.0,0.4577021896839142,0.0001,0.0,9.331,1.4226,0.2755
461,stage1,0,0.410841703414917,0.49975958466529846,0.0,0.410841703414917,0.0001,0.0,9.331,1.3452,0.2755
462,stage1,0,0.4933831989765167,0.5539674162864685,0.0,0.4933831989765167,0.0001,0.0,9.331,1.0274,0.2749
463,stage1,0,0.36309948563575745,0.45533621311187744,0.0,0.36309948563575745,0.0001,0.0,9.331,1.1831,0.2747
464,stage1,0,0.4759587049484253,0.5201417207717896,0.0,0.4759587049484253,0.0001,0.0,9.331,1.1508,6.302
465,stage1,0,0.40633997321128845,0.5029080510139465,0.0,0.40633997321128845,0.0001,0.0,9.331,1.4319,0.2744
466,stage1,0,0.3943520486354828,0.5420620441436768,0.0,0.3943520486354828,0.0001,0.0,9.331,1.0281,0.2746
467,stage1,0,0.3816072344779968,0.49905046820640564,0.0,0.3816072344779968,0.0001,0.0,9.331,1.5007,0.2753
468,stage1,0,0.4028770625591278,0.5164681077003479,0.0,0.4028770625591278,0.0001,0.0,9.331,0.8487,0.2741
469,stage1,0,0.37072113156318665,0.4793508052825928,0.0,0.37072113156318665,0.0001,0.0,9.331,1.2755,0.2749
470,stage1,0,0.3454776406288147,0.4853641986846924,0.0,0.3454776406288147,0.0001,0.0,9.331,1.041,0.2752
471,stage1,0,0.36826616525650024,0.5201892852783203,0.0,0.36826616525650024,0.0001,0.0,9.331,1.2185,0.2747
472,stage1,0,0.4573061466217041,0.5330660343170166,0.0,0.4573061466217041,0.0001,0.0,9.331,1.6628,6.3339
473,stage1,0,0.3991312086582184,0.49118122458457947,0.0,0.3991312086582184,0.0001,0.0,9.331,1.0095,0.2744
474,stage1,0,0.3172057569026947,0.4681214392185211,0.0,0.3172057569026947,0.0001,0.0,9.331,1.1354,0.2749
475,stage1,0,0.41064453125,0.5300189256668091,0.0,0.41064453125,0.0001,0.0,9.331,1.0618,0.2753
476,stage1,0,0.3616463840007782,0.5308154821395874,0.0,0.3616463840007782,0.0001,0.0,9.331,1.1984,0.2745
477,stage1,0,0.4324415326118469,0.5250334143638611,0.0,0.4324415326118469,0.0001,0.0,9.331,1.3184,0.2754
478,stage1,0,0.41228044033050537,0.5532516241073608,0.0,0.41228044033050537,0.0001,0.0,9.331,1.3717,0.275
479,stage1,0,0.3897567391395569,0.48290446400642395,0.0,0.3897567391395569,0.0001,0.0,9.331,0.739,0.2749
480,stage1,0,0.3852280378341675,0.5128490924835205,0.0,0.3852280378341675,0.0001,0.0,9.331,0.8409,6.3565
481,stage1,0,0.41940778493881226,0.513547956943512,0.0,0.41940778493881226,0.0001,0.0,9.331,1.0381,0.2742
482,stage1,0,0.4262773096561432,0.5069246292114258,0.0,0.4262773096561432,0.0001,0.0,9.331,1.4144,0.2748
483,stage1,0,0.3885418474674225,0.4699220657348633,0.0,0.3885418474674225,0.0001,0.0,9.331,0.7836,0.2753
484,stage1,0,0.4318547248840332,0.5516716837882996,0.0,0.4318547248840332,0.0001,0.0,9.331,0.9933,0.2751
485,stage1,0,0.30773264169692993,0.46438702940940857,0.0,0.30773264169692993,0.0001,0.0,9.331,0.8084,0.2747
486,stage1,0,0.3883698880672455,0.5095815658569336,0.0,0.3883698880672455,0.0001,0.0,9.331,0.8177,0.2757
487,stage1,0,0.42935633659362793,0.5281115174293518,0.0,0.42935633659362793,0.0001,0.0,9.331,0.9727,0.2752
488,stage1,0,0.36573532223701477,0.4844481647014618,0.0,0.36573532223701477,0.0001,0.0,9.331,1.0382,6.285
489,stage1,0,0.40978026390075684,0.514823853969574,0.0,0.40978026390075684,0.0001,0.0,9.331,1.1,0.2736
490,stage1,0,0.35954299569129944,0.4698132574558258,0.0,0.35954299569129944,0.0001,0.0,9.331,1.1359,0.2743
491,stage1,0,0.4067319631576538,0.526295006275177,0.0,0.4067319631576538,0.0001,0.0,9.331,0.8752,0.2747
492,stage1,0,0.41831329464912415,0.4932488799095154,0.0,0.41831329464912415,0.0001,0.0,9.331,1.3425,0.2745
493,stage1,0,0.34454119205474854,0.45520129799842834,0.0,0.34454119205474854,0.0001,0.0,9.331,1.0168,0.2748
494,stage1,0,0.37185460329055786,0.49905335903167725,0.0,0.37185460329055786,0.0001,0.0,9.331,1.0163,0.2747
495,stage1,0,0.3940907418727875,0.4899269938468933,0.0,0.3940907418727875,0.0001,0.0,9.331,1.487,0.2754
496,stage1,0,0.3591923117637634,0.47577762603759766,0.0,0.3591923117637634,0.0001,0.0,9.331,0.6713,6.3703
497,stage1,0,0.3612033426761627,0.4855993688106537,0.0,0.3612033426761627,0.0001,0.0,9.331,0.8692,0.2744
498,stage1,0,0.4102163016796112,0.5072135329246521,0.0,0.4102163016796112,0.0001,0.0,9.331,0.8797,0.275
499,stage1,0,0.37037330865859985,0.4729120433330536,0.0,0.37037330865859985,0.0001,0.0,9.331,0.861,0.2751
500,stage1,0,0.38554221391677856,0.5017786622047424,0.0,0.38554221391677856,0.0001,0.0,9.331,0.7502,0.2745
501,stage1,0,0.40136176347732544,0.5231496095657349,0.0,0.40136176347732544,0.0001,0.0,9.331,1.2826,0.2752
502,stage1,0,0.3949803411960602,0.5084164142608643,0.0,0.3949803411960602,0.0001,0.0,9.331,0.9842,0.2751
503,stage1,0,0.4870641231536865,0.5182639956474304,0.0,0.4870641231536865,0.0001,0.0,9.331,0.8749,0.2756
504,stage1,0,0.4004436433315277,0.5078078508377075,0.0,0.4004436433315277,0.0001,0.0,9.331,0.9103,6.3546
505,stage1,0,0.33057284355163574,0.46063077449798584,0.0,0.33057284355163574,0.0001,0.0,9.331,1.2546,0.2733
506,stage1,0,0.33823472261428833,0.46367117762565613,0.0,0.33823472261428833,0.0001,0.0,9.331,1.0777,0.2745
507,stage1,0,0.38386112451553345,0.49411842226982117,0.0,0.38386112451553345,0.0001,0.0,9.331,1.002,0.2737
508,stage1,0,0.37804892659187317,0.5089408159255981,0.0,0.37804892659187317,0.0001,0.0,9.331,1.2679,0.274
509,stage1,0,0.36204850673675537,0.47669363021850586,0.0,0.36204850673675537,0.0001,0.0,9.331,0.8902,0.2746
510,stage1,0,0.336149126291275,0.4833233952522278,0.0,0.336149126291275,0.0001,0.0,9.331,1.0506,0.2745
511,stage1,0,0.4386880397796631,0.5035182237625122,0.0,0.4386880397796631,0.0001,0.0,9.331,1.0752,0.2741
512,stage1,0,0.36172565817832947,0.4751873314380646,0.0,0.36172565817832947,0.0001,0.0,9.331,0.9754,6.3516
513,stage1,0,0.3956732749938965,0.5051048398017883,0.0,0.3956732749938965,0.0001,0.0,9.331,0.6921,0.2734
514,stage1,0,0.39094412326812744,0.49135324358940125,0.0,0.39094412326812744,0.0001,0.0,9.331,0.8977,0.2739
515,stage1,0,0.3572689890861511,0.4789775013923645,0.0,0.3572689890861511,0.0001,0.0,9.331,0.6704,0.2742
516,stage1,0,0.40828585624694824,0.4978136718273163,0.0,0.40828585624694824,0.0001,0.0,9.331,1.2844,0.2747
517,stage1,0,0.3944050967693329,0.5198365449905396,0.0,0.3944050967693329,0.0001,0.0,9.331,0.9196,0.274
518,stage1,0,0.41597121953964233,0.49695631861686707,0.0,0.41597121953964233,0.0001,0.0,9.331,1.2453,0.274
519,stage1,0,0.4319209158420563,0.5268059372901917,0.0,0.4319209158420563,0.0001,0.0,9.331,0.7448,0.2745
520,stage1,0,0.32935091853141785,0.4770662486553192,0.0,0.32935091853141785,0.0001,0.0,9.331,0.9658,6.2991
521,stage1,0,0.34239548444747925,0.49512869119644165,0.0,0.34239548444747925,0.0001,0.0,9.331,0.7366,0.2737
522,stage1,0,0.37924227118492126,0.4866168200969696,0.0,0.37924227118492126,0.0001,0.0,9.331,1.6355,0.2754
523,stage1,0,0.3852354884147644,0.5007603764533997,0.0,0.3852354884147644,0.0001,0.0,9.331,0.7773,0.2749
524,stage1,0,0.42713066935539246,0.5158093571662903,0.0,0.42713066935539246,0.0001,0.0,9.331,1.156,0.275
525,stage1,0,0.39887046813964844,0.5017264485359192,0.0,0.39887046813964844,0.0001,0.0,9.331,0.7827,0.2748
526,stage1,0,0.4848347306251526,0.5419459939002991,0.0,0.4848347306251526,0.0001,0.0,9.331,1.3955,0.275
527,stage1,0,0.37244102358818054,0.5014489889144897,0.0,0.37244102358818054,0.0001,0.0,9.331,1.2544,0.2751
528,stage1,0,0.3467930853366852,0.4663201570510864,0.0,0.3467930853366852,0.0001,0.0,9.331,1.0687,6.2433
529,stage1,0,0.35982733964920044,0.4730612337589264,0.0,0.35982733964920044,0.0001,0.0,9.331,0.749,0.2739
530,stage1,0,0.3817325234413147,0.5030505657196045,0.0,0.3817325234413147,0.0001,0.0,9.331,1.0429,0.2751
531,stage1,0,0.3852018415927887,0.4967461824417114,0.0,0.3852018415927887,0.0001,0.0,9.331,1.3186,0.2749
532,stage1,0,0.4397743344306946,0.49556994438171387,0.0,0.4397743344306946,0.0001,0.0,9.331,1.1539,0.2753
533,stage1,0,0.43197759985923767,0.514903724193573,0.0,0.43197759985923767,0.0001,0.0,9.331,1.0116,0.2746
534,stage1,0,0.42027947306632996,0.5012117624282837,0.0,0.42027947306632996,0.0001,0.0,9.331,0.7281,0.2749
535,stage1,0,0.46938881278038025,0.5026640892028809,0.0,0.46938881278038025,0.0001,0.0,9.331,0.7817,0.2753
536,stage1,0,0.33694806694984436,0.46547141671180725,0.0,0.33694806694984436,0.0001,0.0,9.331,0.6875,6.2307
537,stage1,0,0.4349828362464905,0.5122268199920654,0.0,0.4349828362464905,0.0001,0.0,9.331,0.9277,0.2739
538,stage1,0,0.43729642033576965,0.47417783737182617,0.0,0.43729642033576965,0.0001,0.0,9.331,0.9471,0.2747
539,stage1,0,0.3395989239215851,0.47436317801475525,0.0,0.3395989239215851,0.0001,0.0,9.331,0.9066,0.2749
540,stage1,0,0.3618936538696289,0.4840768575668335,0.0,0.3618936538696289,0.0001,0.0,9.331,0.926,0.2753
541,stage1,0,0.4048346281051636,0.5112354755401611,0.0,0.4048346281051636,0.0001,0.0,9.331,1.0733,0.2747
542,stage1,0,0.37403035163879395,0.4910009801387787,0.0,0.37403035163879395,0.0001,0.0,9.331,0.8617,0.2745
543,stage1,0,0.3818921148777008,0.5118139982223511,0.0,0.3818921148777008,0.0001,0.0,9.331,0.7564,0.2755
544,stage1,0,0.4421130418777466,0.512340247631073,0.0,0.4421130418777466,0.0001,0.0,9.331,0.8867,6.2417
545,stage1,0,0.4439451992511749,0.5283149480819702,0.0,0.4439451992511749,0.0001,0.0,9.331,1.1462,0.2742
546,stage1,0,0.35224005579948425,0.5003729462623596,0.0,0.35224005579948425,0.0001,0.0,9.331,0.6561,0.2747
547,stage1,0,0.371688574552536,0.5130396485328674,0.0,0.371688574552536,0.0001,0.0,9.331,0.8072,0.2745
548,stage1,0,0.3592188358306885,0.47579604387283325,0.0,0.3592188358306885,0.0001,0.0,9.331,0.8877,0.2752
549,stage1,0,0.3998972773551941,0.48254406452178955,0.0,0.3998972773551941,0.0001,0.0,9.331,0.8936,0.275
550,stage1,0,0.3688657283782959,0.5046822428703308,0.0,0.3688657283782959,0.0001,0.0,9.331,0.8365,0.2748
551,stage1,0,0.4288560152053833,0.5030677914619446,0.0,0.4288560152053833,0.0001,0.0,9.331,0.8691,0.2754
552,stage1,0,0.4694083631038666,0.5244693160057068,0.0,0.4694083631038666,0.0001,0.0,9.331,1.1299,6.2596
553,stage1,0,0.3583592474460602,0.5100482702255249,0.0,0.3583592474460602,0.0001,0.0,9.331,0.8034,0.2746
554,stage1,0,0.4176296591758728,0.5085572600364685,0.0,0.4176296591758728,0.0001,0.0,9.331,0.7939,0.2744
555,stage1,0,0.3532225787639618,0.5015847682952881,0.0,0.3532225787639618,0.0001,0.0,9.331,0.7767,0.2748
556,stage1,0,0.40670880675315857,0.4918176829814911,0.0,0.40670880675315857,0.0001,0.0,9.331,1.0704,0.2746
557,stage1,0,0.34199678897857666,0.4758228659629822,0.0,0.34199678897857666,0.0001,0.0,9.331,0.735,0.2757
558,stage1,0,0.3705844283103943,0.4997003972530365,0.0,0.3705844283103943,0.0001,0.0,9.331,0.9578,0.2755
559,stage1,0,0.3600766956806183,0.5122074484825134,0.0,0.3600766956806183,0.0001,0.0,9.331,0.786,0.275
560,stage1,0,0.3546222448348999,0.500543475151062,0.0,0.3546222448348999,0.0001,0.0,9.331,0.8807,6.3823
561,stage1,0,0.2999616265296936,0.4833017587661743,0.0,0.2999616265296936,0.0001,0.0,9.331,0.6259,0.2738
562,stage1,0,0.421970397233963,0.4954151511192322,0.0,0.421970397233963,0.0001,0.0,9.331,0.906,0.2739
563,stage1,0,0.41817572712898254,0.5092941522598267,0.0,0.41817572712898254,0.0001,0.0,9.331,1.3973,0.2753
564,stage1,0,0.36696910858154297,0.4659695327281952,0.0,0.36696910858154297,0.0001,0.0,9.331,0.9634,0.275
565,stage1,0,0.3862774074077606,0.5068926811218262,0.0,0.3862774074077606,0.0001,0.0,9.331,0.8283,0.2756
566,stage1,0,0.40481263399124146,0.5006079077720642,0.0,0.40481263399124146,0.0001,0.0,9.331,1.3881,0.2742
567,stage1,0,0.3302678167819977,0.47263282537460327,0.0,0.3302678167819977,0.0001,0.0,9.331,1.318,0.2752
568,stage1,0,0.3940371870994568,0.4881342947483063,0.0,0.3940371870994568,0.0001,0.0,9.331,0.8705,6.3042
569,stage1,0,0.4008776545524597,0.472240149974823,0.0,0.4008776545524597,0.0001,0.0,9.331,0.8898,0.2748
570,stage1,0,0.43998825550079346,0.4866025745868683,0.0,0.43998825550079346,0.0001,0.0,9.331,1.031,0.2742
571,stage1,0,0.35669073462486267,0.5094518661499023,0.0,0.35669073462486267,0.0001,0.0,9.331,0.7514,0.2749
572,stage1,0,0.31392723321914673,0.458770215511322,0.0,0.31392723321914673,0.0001,0.0,9.331,1.2198,0.2757
573,stage1,0,0.4262748658657074,0.48935848474502563,0.0,0.4262748658657074,0.0001,0.0,9.331,0.9853,0.2749
574,stage1,0,0.3544729948043823,0.4782559275627136,0.0,0.3544729948043823,0.0001,0.0,9.331,0.8776,0.2755
575,stage1,0,0.31876951456069946,0.4743075668811798,0.0,0.31876951456069946,0.0001,0.0,9.331,1.0002,0.2748
576,stage1,0,0.40700677037239075,0.49367284774780273,0.0,0.40700677037239075,0.0001,0.0,9.331,1.048,6.2983
577,stage1,0,0.39950114488601685,0.5123347640037537,0.0,0.39950114488601685,0.0001,0.0,9.331,1.1668,0.2736
578,stage1,0,0.45706304907798767,0.514012336730957,0.0,0.45706304907798767,0.0001,0.0,9.331,1.0861,0.275
579,stage1,0,0.4341191053390503,0.515892744064331,0.0,0.4341191053390503,0.0001,0.0,9.331,1.1693,0.2749
580,stage1,0,0.3945622742176056,0.495053231716156,0.0,0.3945622742176056,0.0001,0.0,9.331,1.4307,0.2751
581,stage1,0,0.3820074200630188,0.4805147349834442,0.0,0.3820074200630188,0.0001,0.0,9.331,0.9249,0.2749
582,stage1,0,0.342822790145874,0.4714850187301636,0.0,0.342822790145874,0.0001,0.0,9.331,0.9182,0.2752
583,stage1,0,0.3121495246887207,0.46684393286705017,0.0,0.3121495246887207,0.0001,0.0,9.331,0.6763,0.2745
584,stage1,0,0.38244783878326416,0.515599250793457,0.0,0.38244783878326416,0.0001,0.0,9.331,1.3095,6.2658
585,stage1,0,0.4630168080329895,0.5231347680091858,0.0,0.4630168080329895,0.0001,0.0,9.331,1.1774,0.2738
586,stage1,0,0.3698890209197998,0.478151798248291,0.0,0.3698890209197998,0.0001,0.0,9.331,1.2136,0.2747
587,stage1,0,0.425944447517395,0.4948863387107849,0.0,0.425944447517395,0.0001,0.0,9.331,1.0065,0.2751
588,stage1,0,0.3830243647098541,0.49020424485206604,0.0,0.3830243647098541,0.0001,0.0,9.331,1.0429,0.2747
589,stage1,0,0.3421715497970581,0.45978549122810364,0.0,0.3421715497970581,0.0001,0.0,9.331,0.7597,0.2753
590,stage1,0,0.40293511748313904,0.5078160762786865,0.0,0.40293511748313904,0.0001,0.0,9.331,1.1365,0.275
591,stage1,0,0.37916430830955505,0.4833264648914337,0.0,0.37916430830955505,0.0001,0.0,9.331,1.0085,0.2762
592,stage1,0,0.35195064544677734,0.4704650342464447,0.0,0.35195064544677734,0.0001,0.0,9.331,0.8258,6.2989
593,stage1,0,0.3576878607273102,0.4621385633945465,0.0,0.3576878607273102,0.0001,0.0,9.331,1.0864,0.2745
594,stage1,0,0.3392951786518097,0.474299818277359,0.0,0.3392951786518097,0.0001,0.0,9.331,0.8119,0.2747
595,stage1,0,0.4089810252189636,0.5252146124839783,0.0,0.4089810252189636,0.0001,0.0,9.331,0.9594,0.275
596,stage1,0,0.343896746635437,0.4749052822589874,0.0,0.343896746635437,0.0001,0.0,9.331,0.9992,0.2755
597,stage1,0,0.35673952102661133,0.47627952694892883,0.0,0.35673952102661133,0.0001,0.0,9.331,0.9632,0.2756
598,stage1,0,0.3467341661453247,0.48623961210250854,0.0,0.3467341661453247,0.0001,0.0,9.331,0.9119,0.2747
599,stage1,0,0.3879782259464264,0.4878043532371521,0.0,0.3879782259464264,0.0001,0.0,9.331,1.2772,0.2755
600,stage1,0,0.398880273103714,0.4853112995624542,0.0,0.398880273103714,0.0001,0.0,9.331,0.7856,6.3249
601,stage1,0,0.3692721128463745,0.4767232835292816,0.0,0.3692721128463745,0.0001,0.0,9.331,0.9033,0.2751
602,stage1,0,0.35755857825279236,0.47766125202178955,0.0,0.35755857825279236,0.0001,0.0,9.331,1.0432,0.2755
603,stage1,0,0.3598335385322571,0.4945480525493622,0.0,0.3598335385322571,0.0001,0.0,9.331,0.7421,0.2751
604,stage1,0,0.46942269802093506,0.510753333568573,0.0,0.46942269802093506,0.0001,0.0,9.331,0.8712,0.2751
605,stage1,0,0.40988969802856445,0.5158114433288574,0.0,0.40988969802856445,0.0001,0.0,9.331,0.9018,0.2754
606,stage1,0,0.3021319806575775,0.46021249890327454,0.0,0.3021319806575775,0.0001,0.0,9.331,0.821,0.2754
607,stage1,0,0.3695521652698517,0.4763298034667969,0.0,0.3695521652698517,0.0001,0.0,9.331,0.8759,0.275
608,stage1,0,0.4239541292190552,0.5173752307891846,0.0,0.4239541292190552,0.0001,0.0,9.331,0.9249,6.3325
609,stage1,0,0.3597085773944855,0.46393367648124695,0.0,0.3597085773944855,0.0001,0.0,9.331,0.9948,0.2747
610,stage1,0,0.34736913442611694,0.4626105725765228,0.0,0.34736913442611694,0.0001,0.0,9.331,0.9587,0.2754
611,stage1,0,0.39665257930755615,0.5001121163368225,0.0,0.39665257930755615,0.0001,0.0,9.331,0.8812,0.2753
612,stage1,0,0.4362115263938904,0.5239836573600769,0.0,0.4362115263938904,0.0001,0.0,9.331,1.0493,0.2754
613,stage1,0,0.3870020806789398,0.5044302344322205,0.0,0.3870020806789398,0.0001,0.0,9.331,0.8643,0.2753
614,stage1,0,0.36287057399749756,0.5005090236663818,0.0,0.36287057399749756,0.0001,0.0,9.331,0.9888,0.2752
615,stage1,0,0.4163053631782532,0.5161705613136292,0.0,0.4163053631782532,0.0001,0.0,9.331,1.6341,0.2754
616,stage1,0,0.40950536727905273,0.4838081896305084,0.0,0.40950536727905273,0.0001,0.0,9.331,1.3615,6.4023
617,stage1,0,0.3774653673171997,0.4964224100112915,0.0,0.3774653673171997,0.0001,0.0,9.331,1.0433,0.2744
618,stage1,0,0.3800615668296814,0.47378700971603394,0.0,0.3800615668296814,0.0001,0.0,9.331,0.7391,0.2749
619,stage1,0,0.3677769899368286,0.48993733525276184,0.0,0.3677769899368286,0.0001,0.0,9.331,0.8833,0.2751
620,stage1,0,0.35198235511779785,0.48535868525505066,0.0,0.35198235511779785,0.0001,0.0,9.331,0.9292,0.2746
621,stage1,0,0.3251533806324005,0.4514855146408081,0.0,0.3251533806324005,0.0001,0.0,9.331,1.0308,0.2749
622,stage1,0,0.3607829213142395,0.4587351977825165,0.0,0.3607829213142395,0.0001,0.0,9.331,1.2647,0.2756
623,stage1,0,0.31980717182159424,0.46731841564178467,0.0,0.31980717182159424,0.0001,0.0,9.331,0.8142,0.2755
624,stage1,0,0.39729568362236023,0.49387282133102417,0.0,0.39729568362236023,0.0001,0.0,9.331,1.2821,6.4009
625,stage1,0,0.32078269124031067,0.4732883870601654,0.0,0.32078269124031067,0.0001,0.0,9.331,1.0569,0.2742
626,stage1,0,0.29983049631118774,0.44857609272003174,0.0,0.29983049631118774,0.0001,0.0,9.331,0.8524,0.2742
627,stage1,0,0.34675195813179016,0.5107167363166809,0.0,0.34675195813179016,0.0001,0.0,9.331,0.9048,0.2752
628,stage1,0,0.39884957671165466,0.4920814633369446,0.0,0.39884957671165466,0.0001,0.0,9.331,1.2341,0.2754
629,stage1,0,0.341837614774704,0.4872317314147949,0.0,0.341837614774704,0.0001,0.0,9.331,0.8326,0.2748
630,stage1,0,0.3297293782234192,0.4520152509212494,0.0,0.3297293782234192,0.0001,0.0,9.331,0.8868,0.2753
631,stage1,0,0.4579578638076782,0.5295419692993164,0.0,0.4579578638076782,0.0001,0.0,9.331,1.4363,0.2747
632,stage1,0,0.3949505388736725,0.5087428092956543,0.0,0.3949505388736725,0.0001,0.0,9.331,0.9969,6.2844
633,stage1,0,0.38336825370788574,0.4779612421989441,0.0,0.38336825370788574,0.0001,0.0,9.331,1.0698,0.2738
634,stage1,0,0.3993907570838928,0.5157682299613953,0.0,0.3993907570838928,0.0001,0.0,9.331,0.7744,0.275
635,stage1,0,0.3818695545196533,0.5019317865371704,0.0,0.3818695545196533,0.0001,0.0,9.331,0.9467,0.2742
636,stage1,0,0.3585357964038849,0.46517863869667053,0.0,0.3585357964038849,0.0001,0.0,9.331,0.9502,0.2752
637,stage1,0,0.44369208812713623,0.4971790015697479,0.0,0.44369208812713623,0.0001,0.0,9.331,0.9682,0.2755
638,stage1,0,0.31980788707733154,0.44731277227401733,0.0,0.31980788707733154,0.0001,0.0,9.331,0.803,0.2747
639,stage1,0,0.3545355498790741,0.4504223167896271,0.0,0.3545355498790741,0.0001,0.0,9.331,0.9769,0.2756
640,stage1,0,0.3576194941997528,0.4761198163032532,0.0,0.3576194941997528,0.0001,0.0,9.331,1.0838,6.2434
641,stage1,0,0.4053431749343872,0.47952747344970703,0.0,0.4053431749343872,0.0001,0.0,9.331,0.8149,0.2741
642,stage1,0,0.36848515272140503,0.4781755208969116,0.0,0.36848515272140503,0.0001,0.0,9.331,0.8824,0.2746
643,stage1,0,0.3684602677822113,0.48212358355522156,0.0,0.3684602677822113,0.0001,0.0,9.331,0.9481,0.2747
644,stage1,0,0.3493613302707672,0.462520569562912,0.0,0.3493613302707672,0.0001,0.0,9.331,0.8636,0.2748
645,stage1,0,0.34226906299591064,0.46750372648239136,0.0,0.34226906299591064,0.0001,0.0,9.331,0.9162,0.2754
646,stage1,0,0.39495202898979187,0.48792967200279236,0.0,0.39495202898979187,0.0001,0.0,9.331,1.2811,0.2748
647,stage1,0,0.3514414131641388,0.45140770077705383,0.0,0.3514414131641388,0.0001,0.0,9.331,0.9486,0.2757
648,stage1,0,0.43755653500556946,0.5360350608825684,0.0,0.43755653500556946,0.0001,0.0,9.331,1.0658,6.2554
649,stage1,0,0.3122342526912689,0.4691850543022156,0.0,0.3122342526912689,0.0001,0.0,9.331,1.1043,0.2739
650,stage1,0,0.40371033549308777,0.4873940348625183,0.0,0.40371033549308777,0.0001,0.0,9.331,1.5618,0.275
651,stage1,0,0.4127423167228699,0.530005693435669,0.0,0.4127423167228699,0.0001,0.0,9.331,1.434,0.2751
652,stage1,0,0.40652045607566833,0.49895843863487244,0.0,0.40652045607566833,0.0001,0.0,9.331,0.9064,0.2752
653,stage1,0,0.3743329644203186,0.4942872226238251,0.0,0.3743329644203186,0.0001,0.0,9.331,1.1747,0.2751
654,stage1,0,0.2501979172229767,0.4432154893875122,0.0,0.2501979172229767,0.0001,0.0,9.331,0.9895,0.2752
655,stage1,0,0.3747806251049042,0.4709286689758301,0.0,0.3747806251049042,0.0001,0.0,9.331,1.4782,0.2754
656,stage1,0,0.3235839307308197,0.47314906120300293,0.0,0.3235839307308197,0.0001,0.0,9.331,1.0602,6.2348
657,stage1,0,0.4195866286754608,0.5034272074699402,0.0,0.4195866286754608,0.0001,0.0,9.331,0.7035,0.2735
658,stage1,0,0.33710408210754395,0.4708857238292694,0.0,0.33710408210754395,0.0001,0.0,9.331,0.7745,0.2745
659,stage1,0,0.34771791100502014,0.47006234526634216,0.0,0.34771791100502014,0.0001,0.0,9.331,0.9553,0.2751
660,stage1,0,0.35297659039497375,0.47111502289772034,0.0,0.35297659039497375,0.0001,0.0,9.331,1.5226,0.2749
661,stage1,0,0.33349889516830444,0.5065558552742004,0.0,0.33349889516830444,0.0001,0.0,9.331,0.8816,0.2747
662,stage1,0,0.4123682677745819,0.5043461322784424,0.0,0.4123682677745819,0.0001,0.0,9.331,0.9305,0.2756
663,stage1,0,0.3482225239276886,0.48370686173439026,0.0,0.3482225239276886,0.0001,0.0,9.331,1.2256,0.2752
664,stage1,0,0.417876660823822,0.5001417398452759,0.0,0.417876660823822,0.0001,0.0,9.331,1.2059,6.2386
665,stage1,0,0.33511462807655334,0.48742249608039856,0.0,0.33511462807655334,0.0001,0.0,9.331,0.883,0.2737
666,stage1,0,0.3777797520160675,0.48889294266700745,0.0,0.3777797520160675,0.0001,0.0,9.331,1.0802,0.2753
667,stage1,0,0.3317837715148926,0.4625694453716278,0.0,0.3317837715148926,0.0001,0.0,9.331,0.6758,0.2749
668,stage1,0,0.34395352005958557,0.4935356080532074,0.0,0.34395352005958557,0.0001,0.0,9.331,1.0061,0.2767
669,stage1,0,0.31547224521636963,0.5058363676071167,0.0,0.31547224521636963,0.0001,0.0,9.331,0.6949,0.275
670,stage1,0,0.3349300026893616,0.4733802378177643,0.0,0.3349300026893616,0.0001,0.0,9.331,1.0405,0.2748
671,stage1,0,0.36722737550735474,0.4844858944416046,0.0,0.36722737550735474,0.0001,0.0,9.331,0.9689,0.2753
672,stage1,0,0.3234318792819977,0.44955629110336304,0.0,0.3234318792819977,0.0001,0.0,9.331,1.1958,6.2947
673,stage1,0,0.3794298768043518,0.4786336123943329,0.0,0.3794298768043518,0.0001,0.0,9.331,1.0975,0.2741
674,stage1,0,0.30510228872299194,0.48138484358787537,0.0,0.30510228872299194,0.0001,0.0,9.331,0.8518,0.275
675,stage1,0,0.3687763214111328,0.505031168460846,0.0,0.3687763214111328,0.0001,0.0,9.331,1.0895,0.2754
676,stage1,0,0.3618372082710266,0.5432721972465515,0.0,0.3618372082710266,0.0001,0.0,9.331,0.9421,0.275
677,stage1,0,0.3530482053756714,0.5377050638198853,0.0,0.3530482053756714,0.0001,0.0,9.331,1.6062,0.275
678,stage1,0,0.44080084562301636,0.5119335651397705,0.0,0.44080084562301636,0.0001,0.0,9.331,1.6222,0.275
679,stage1,0,0.36855533719062805,0.5107244849205017,0.0,0.36855533719062805,0.0001,0.0,9.331,1.1608,0.2754
680,stage1,0,0.39225637912750244,0.485851526260376,0.0,0.39225637912750244,0.0001,0.0,9.331,1.0135,6.3458
681,stage1,0,0.3943365812301636,0.4601547420024872,0.0,0.3943365812301636,0.0001,0.0,9.331,0.9595,0.274
682,stage1,0,0.3574964106082916,0.461178719997406,0.0,0.3574964106082916,0.0001,0.0,9.331,1.1328,0.2749
683,stage1,0,0.3531476557254791,0.463750422000885,0.0,0.3531476557254791,0.0001,0.0,9.331,1.1983,0.2751
684,stage1,0,0.33051690459251404,0.48943090438842773,0.0,0.33051690459251404,0.0001,0.0,9.331,1.2368,0.275
685,stage1,0,0.31028687953948975,0.4526395797729492,0.0,0.31028687953948975,0.0001,0.0,9.331,0.8913,0.2749
686,stage1,0,0.36630475521087646,0.4894420802593231,0.0,0.36630475521087646,0.0001,0.0,9.331,0.8433,0.2751
687,stage1,0,0.38694384694099426,0.4921550452709198,0.0,0.38694384694099426,0.0001,0.0,9.331,0.914,0.2755
688,stage1,0,0.4346490800380707,0.4900337755680084,0.0,0.4346490800380707,0.0001,0.0,9.331,1.2364,6.3624
689,stage1,0,0.4020516574382782,0.5005075335502625,0.0,0.4020516574382782,0.0001,0.0,9.331,1.2139,0.2746
690,stage1,0,0.3759691119194031,0.4874116778373718,0.0,0.3759691119194031,0.0001,0.0,9.331,0.909,0.2748
691,stage1,0,0.30508625507354736,0.4675578773021698,0.0,0.30508625507354736,0.0001,0.0,9.331,0.7546,0.276
692,stage1,0,0.3628751039505005,0.48403632640838623,0.0,0.3628751039505005,0.0001,0.0,9.331,0.8224,0.2745
693,stage1,0,0.4002573788166046,0.5020473003387451,0.0,0.4002573788166046,0.0001,0.0,9.331,1.2282,0.2746
694,stage1,0,0.4332701861858368,0.49290451407432556,0.0,0.4332701861858368,0.0001,0.0,9.331,1.0066,0.2758
695,stage1,0,0.44519054889678955,0.5017831325531006,0.0,0.44519054889678955,0.0001,0.0,9.331,1.1593,0.2756
696,stage1,0,0.35583287477493286,0.501669704914093,0.0,0.35583287477493286,0.0001,0.0,9.331,0.8922,6.4493
697,stage1,0,0.3996325731277466,0.5003061294555664,0.0,0.3996325731277466,0.0001,0.0,9.331,1.0275,0.2746
698,stage1,0,0.36154502630233765,0.47817468643188477,0.0,0.36154502630233765,0.0001,0.0,9.331,0.7309,0.2754
699,stage1,0,0.30958107113838196,0.45935672521591187,0.0,0.30958107113838196,0.0001,0.0,9.331,0.7028,0.2751
700,stage1,0,0.3686787188053131,0.4837493598461151,0.0,0.3686787188053131,0.0001,0.0,9.331,0.7423,0.2754
701,stage1,0,0.33375805616378784,0.45197683572769165,0.0,0.33375805616378784,0.0001,0.0,9.331,1.056,0.2749
702,stage1,0,0.3034639358520508,0.453460156917572,0.0,0.3034639358520508,0.0001,0.0,9.331,0.6469,0.275
703,stage1,0,0.3368586003780365,0.4716653525829315,0.0,0.3368586003780365,0.0001,0.0,9.331,0.9545,0.2752
704,stage1,0,0.30078762769699097,0.46985989809036255,0.0,0.30078762769699097,0.0001,0.0,9.331,0.7588,6.3055
705,stage1,0,0.4151190519332886,0.5024908781051636,0.0,0.4151190519332886,0.0001,0.0,9.331,0.992,0.2743
706,stage1,0,0.42387375235557556,0.49182116985321045,0.0,0.42387375235557556,0.0001,0.0,9.331,1.0494,0.275
707,stage1,0,0.35013049840927124,0.47508296370506287,0.0,0.35013049840927124,0.0001,0.0,9.331,0.847,0.2757
708,stage1,0,0.4301607608795166,0.5066741704940796,0.0,0.4301607608795166,0.0001,0.0,9.331,1.4728,0.2752
709,stage1,0,0.358121395111084,0.4850657880306244,0.0,0.358121395111084,0.0001,0.0,9.331,0.9805,0.2758
710,stage1,0,0.4110327959060669,0.4943002462387085,0.0,0.4110327959060669,0.0001,0.0,9.331,0.8265,0.275
711,stage1,0,0.3276148736476898,0.4889274537563324,0.0,0.3276148736476898,0.0001,0.0,9.331,0.8354,0.2753
712,stage1,0,0.3973102867603302,0.49964797496795654,0.0,0.3973102867603302,0.0001,0.0,9.331,0.7608,6.2548
713,stage1,0,0.35958996415138245,0.49699485301971436,0.0,0.35958996415138245,0.0001,0.0,9.331,1.1845,0.2749
714,stage1,0,0.31380829215049744,0.47741949558258057,0.0,0.31380829215049744,0.0001,0.0,9.331,1.0577,0.2748
715,stage1,0,0.38033005595207214,0.5109308958053589,0.0,0.38033005595207214,0.0001,0.0,9.331,1.089,0.2748
716,stage1,0,0.3407610356807709,0.4617995321750641,0.0,0.3407610356807709,0.0001,0.0,9.331,0.8513,0.275
717,stage1,0,0.3522460460662842,0.4581909775733948,0.0,0.3522460460662842,0.0001,0.0,9.331,0.8549,0.2764
718,stage1,0,0.3255119323730469,0.4672427773475647,0.0,0.3255119323730469,0.0001,0.0,9.331,1.0664,0.2751
719,stage1,0,0.4324231743812561,0.5193830728530884,0.0,0.4324231743812561,0.0001,0.0,9.331,1.1569,0.2749
720,stage1,0,0.3039478361606598,0.4628816545009613,0.0,0.3039478361606598,0.0001,0.0,9.331,0.839,6.2118
721,stage1,0,0.37202513217926025,0.4506590664386749,0.0,0.37202513217926025,0.0001,0.0,9.331,0.8275,0.2743
722,stage1,0,0.34730690717697144,0.4686831533908844,0.0,0.34730690717697144,0.0001,0.0,9.331,0.8384,0.2748
723,stage1,0,0.3670670688152313,0.4837993383407593,0.0,0.3670670688152313,0.0001,0.0,9.331,0.954,0.275
724,stage1,0,0.31843703985214233,0.4754731059074402,0.0,0.31843703985214233,0.0001,0.0,9.331,1.1261,0.2755
725,stage1,0,0.3173985183238983,0.47470688819885254,0.0,0.3173985183238983,0.0001,0.0,9.331,0.6557,0.2754
726,stage1,0,0.3738410174846649,0.48258405923843384,0.0,0.3738410174846649,0.0001,0.0,9.331,0.8992,0.275
727,stage1,0,0.3343280255794525,0.4756165146827698,0.0,0.3343280255794525,0.0001,0.0,9.331,0.8321,0.2759
728,stage1,0,0.3576451539993286,0.4687134325504303,0.0,0.3576451539993286,0.0001,0.0,9.331,0.9913,6.1786
729,stage1,0,0.3191259503364563,0.48615601658821106,0.0,0.3191259503364563,0.0001,0.0,9.331,0.9909,0.2742
730,stage1,0,0.3159515857696533,0.45982107520103455,0.0,0.3159515857696533,0.0001,0.0,9.331,0.8451,0.2748
731,stage1,0,0.30352285504341125,0.47184330224990845,0.0,0.30352285504341125,0.0001,0.0,9.331,0.8855,0.2755
732,stage1,0,0.40091150999069214,0.49222230911254883,0.0,0.40091150999069214,0.0001,0.0,9.331,0.9558,0.2746
733,stage1,0,0.3244161605834961,0.4612889289855957,0.0,0.3244161605834961,0.0001,0.0,9.331,0.9786,0.2756
734,stage1,0,0.29822513461112976,0.4597586393356323,0.0,0.29822513461112976,0.0001,0.0,9.331,0.9492,0.2755
735,stage1,0,0.3959253430366516,0.49611175060272217,0.0,0.3959253430366516,0.0001,0.0,9.331,1.21,0.2757
736,stage1,0,0.3000432252883911,0.45602691173553467,0.0,0.3000432252883911,0.0001,0.0,9.331,0.838,6.2452
737,stage1,0,0.41775789856910706,0.48936697840690613,0.0,0.41775789856910706,0.0001,0.0,9.331,1.1518,0.2741
738,stage1,0,0.31837213039398193,0.4655247926712036,0.0,0.31837213039398193,0.0001,0.0,9.331,0.9564,0.2749
739,stage1,0,0.4274403750896454,0.5080567598342896,0.0,0.4274403750896454,0.0001,0.0,9.331,0.9644,0.2758
740,stage1,0,0.33113327622413635,0.4502786695957184,0.0,0.33113327622413635,0.0001,0.0,9.331,0.8533,0.2752
741,stage1,0,0.39986059069633484,0.47135287523269653,0.0,0.39986059069633484,0.0001,0.0,9.331,0.8515,0.2746
742,stage1,0,0.4354676902294159,0.4937509298324585,0.0,0.4354676902294159,0.0001,0.0,9.331,0.8925,0.2751
743,stage1,0,0.3635258376598358,0.48534926772117615,0.0,0.3635258376598358,0.0001,0.0,9.331,1.1917,0.2753
744,stage1,0,0.27590513229370117,0.4304932951927185,0.0,0.27590513229370117,0.0001,0.0,9.331,0.8833,6.3244
745,stage1,0,0.303541362285614,0.47087734937667847,0.0,0.303541362285614,0.0001,0.0,9.331,1.4858,0.2744
746,stage1,0,0.38359731435775757,0.4804389774799347,0.0,0.38359731435775757,0.0001,0.0,9.331,1.1395,0.2757
747,stage1,0,0.3782699704170227,0.48735836148262024,0.0,0.3782699704170227,0.0001,0.0,9.331,0.7982,0.2745
748,stage1,0,0.37842825055122375,0.47610658407211304,0.0,0.37842825055122375,0.0001,0.0,9.331,0.8576,0.2751
749,stage1,0,0.37496519088745117,0.5023411512374878,0.0,0.37496519088745117,0.0001,0.0,9.331,0.91,0.2755
750,stage1,0,0.31554245948791504,0.4684194028377533,0.0,0.31554245948791504,0.0001,0.0,9.331,1.1355,0.2751
751,stage1,0,0.3305440843105316,0.4632415771484375,0.0,0.3305440843105316,0.0001,0.0,9.331,1.0107,0.2758
752,stage1,0,0.3559928238391876,0.4612676799297333,0.0,0.3559928238391876,0.0001,0.0,9.331,1.1357,6.2842
753,stage1,0,0.3803520202636719,0.4944916069507599,0.0,0.3803520202636719,0.0001,0.0,9.331,0.9497,0.2743
754,stage1,0,0.308686226606369,0.4527471959590912,0.0,0.308686226606369,0.0001,0.0,9.331,0.7922,0.2754
755,stage1,0,0.33414939045906067,0.4526757299900055,0.0,0.33414939045906067,0.0001,0.0,9.331,1.1259,0.2753
756,stage1,0,0.32170021533966064,0.46036094427108765,0.0,0.32170021533966064,0.0001,0.0,9.331,0.953,0.275
757,stage1,0,0.344007670879364,0.468637079000473,0.0,0.344007670879364,0.0001,0.0,9.331,1.2055,0.2749
758,stage1,0,0.41848912835121155,0.47459855675697327,0.0,0.41848912835121155,0.0001,0.0,9.331,0.9707,0.2753
759,stage1,0,0.3424088954925537,0.4613230526447296,0.0,0.3424088954925537,0.0001,0.0,9.331,1.021,0.2754
760,stage1,0,0.32165277004241943,0.45729169249534607,0.0,0.32165277004241943,0.0001,0.0,9.331,1.2633,6.2089
761,stage1,0,0.41245099902153015,0.48140567541122437,0.0,0.41245099902153015,0.0001,0.0,9.331,0.9569,0.2745
762,stage1,0,0.34596017003059387,0.4619735777378082,0.0,0.34596017003059387,0.0001,0.0,9.331,1.1371,0.2745
763,stage1,0,0.3099042773246765,0.4735632538795471,0.0,0.3099042773246765,0.0001,0.0,9.331,0.927,0.2757
764,stage1,0,0.35278692841529846,0.4838217496871948,0.0,0.35278692841529846,0.0001,0.0,9.331,0.9727,0.2748
765,stage1,0,0.3456098139286041,0.45410096645355225,0.0,0.3456098139286041,0.0001,0.0,9.331,1.0135,0.2755
766,stage1,0,0.36401233077049255,0.4477841854095459,0.0,0.36401233077049255,0.0001,0.0,9.331,0.7984,0.2756
767,stage1,0,0.40500742197036743,0.49103718996047974,0.0,0.40500742197036743,0.0001,0.0,9.331,1.2696,0.2754
768,stage1,0,0.35110554099082947,0.4923078715801239,0.0,0.35110554099082947,0.0001,0.0,9.331,0.9612,6.238
769,stage1,0,0.44227951765060425,0.5009045600891113,0.0,0.44227951765060425,0.0001,0.0,9.331,1.0775,0.2743
770,stage1,0,0.38184505701065063,0.499920129776001,0.0,0.38184505701065063,0.0001,0.0,9.331,1.1703,0.2753
771,stage1,0,0.3687973618507385,0.4736741781234741,0.0,0.3687973618507385,0.0001,0.0,9.331,0.8741,0.2754
772,stage1,0,0.3223792612552643,0.46443167328834534,0.0,0.3223792612552643,0.0001,0.0,9.331,0.7005,0.2754
773,stage1,0,0.36070236563682556,0.46648845076560974,0.0,0.36070236563682556,0.0001,0.0,9.331,0.8967,0.2749
774,stage1,0,0.35171160101890564,0.48071929812431335,0.0,0.35171160101890564,0.0001,0.0,9.331,0.8382,0.2756
775,stage1,0,0.339169442653656,0.4708918631076813,0.0,0.339169442653656,0.0001,0.0,9.331,1.0153,0.2761
776,stage1,0,0.40477731823921204,0.4978618323802948,0.0,0.40477731823921204,0.0001,0.0,9.331,1.1993,6.4581
777,stage1,0,0.3654461205005646,0.47690340876579285,0.0,0.3654461205005646,0.0001,0.0,9.331,0.9123,0.2743
778,stage1,0,0.2839309871196747,0.44005081057548523,0.0,0.2839309871196747,0.0001,0.0,9.331,1.038,0.2759
779,stage1,0,0.3780093193054199,0.4482276439666748,0.0,0.3780093193054199,0.0001,0.0,9.331,0.8542,0.2752
780,stage1,0,0.4285160303115845,0.4852358102798462,0.0,0.4285160303115845,0.0001,0.0,9.331,1.1151,0.2751
781,stage1,0,0.34987494349479675,0.48602747917175293,0.0,0.34987494349479675,0.0001,0.0,9.331,1.0361,0.2755
782,stage1,0,0.344662606716156,0.4509674310684204,0.0,0.344662606716156,0.0001,0.0,9.331,0.912,0.2757
783,stage1,0,0.39593952894210815,0.4808831512928009,0.0,0.39593952894210815,0.0001,0.0,9.331,0.9229,0.2795
784,stage1,0,0.32890456914901733,0.4434191882610321,0.0,0.32890456914901733,0.0001,0.0,9.331,0.8179,6.2758
785,stage1,0,0.33795300126075745,0.46983852982521057,0.0,0.33795300126075745,0.0001,0.0,9.331,1.0235,0.2745
786,stage1,0,0.3559187650680542,0.4623616635799408,0.0,0.3559187650680542,0.0001,0.0,9.331,1.0602,0.2755
787,stage1,0,0.4223736822605133,0.4871951639652252,0.0,0.4223736822605133,0.0001,0.0,9.331,1.0488,0.2747
788,stage1,0,0.30418092012405396,0.46060487627983093,0.0,0.30418092012405396,0.0001,0.0,9.331,0.6823,0.2752
789,stage1,0,0.298785001039505,0.4148728847503662,0.0,0.298785001039505,0.0001,0.0,9.331,1.151,0.2755
790,stage1,0,0.3124997615814209,0.49268949031829834,0.0,0.3124997615814209,0.0001,0.0,9.331,0.941,0.2777
791,stage1,0,0.3410100042819977,0.46209755539894104,0.0,0.3410100042819977,0.0001,0.0,9.331,1.0889,0.2748
792,stage1,0,0.36338770389556885,0.4870016574859619,0.0,0.36338770389556885,0.0001,0.0,9.331,0.9676,6.2822
793,stage1,0,0.3442884683609009,0.4697638750076294,0.0,0.3442884683609009,0.0001,0.0,9.331,0.7657,0.2736
794,stage1,0,0.42185890674591064,0.5072674751281738,0.0,0.42185890674591064,0.0001,0.0,9.331,0.9427,0.2745
795,stage1,0,0.346964567899704,0.4491778612136841,0.0,0.346964567899704,0.0001,0.0,9.331,0.9201,0.276
796,stage1,0,0.30094414949417114,0.44281795620918274,0.0,0.30094414949417114,0.0001,0.0,9.331,0.8918,0.275
797,stage1,0,0.33212772011756897,0.4631980061531067,0.0,0.33212772011756897,0.0001,0.0,9.331,1.0588,0.2753
798,stage1,0,0.32411590218544006,0.46242621541023254,0.0,0.32411590218544006,0.0001,0.0,9.331,0.8882,0.2755
799,stage1,0,0.41145920753479004,0.4846360981464386,0.0,0.41145920753479004,0.0001,0.0,9.331,1.3232,0.2751
800,stage1,0,0.36882445216178894,0.46045589447021484,0.0,0.36882445216178894,0.0001,0.0,9.331,0.919,6.2612
801,stage1,0,0.39385324716567993,0.46459466218948364,0.0,0.39385324716567993,0.0001,0.0,9.331,0.9255,0.2747
802,stage1,0,0.3495250344276428,0.46031928062438965,0.0,0.3495250344276428,0.0001,0.0,9.331,1.1077,0.2739
803,stage1,0,0.3580942749977112,0.46256276965141296,0.0,0.3580942749977112,0.0001,0.0,9.331,1.0212,0.2768
804,stage1,0,0.28261393308639526,0.4385247826576233,0.0,0.28261393308639526,0.0001,0.0,9.331,0.7839,0.2746
805,stage1,0,0.2616063952445984,0.43180638551712036,0.0,0.2616063952445984,0.0001,0.0,9.331,0.6063,0.2756
806,stage1,0,0.3430558741092682,0.48473456501960754,0.0,0.3430558741092682,0.0001,0.0,9.331,1.1046,0.2746
807,stage1,0,0.33961355686187744,0.47490671277046204,0.0,0.33961355686187744,0.0001,0.0,9.331,1.044,0.2756
808,stage1,0,0.33115336298942566,0.4784252643585205,0.0,0.33115336298942566,0.0001,0.0,9.331,1.0206,6.2865
809,stage1,0,0.3878896236419678,0.49267351627349854,0.0,0.3878896236419678,0.0001,0.0,9.331,1.05,0.2744
810,stage1,0,0.36117058992385864,0.44679924845695496,0.0,0.36117058992385864,0.0001,0.0,9.331,0.9047,0.2748
811,stage1,0,0.299012690782547,0.4386838376522064,0.0,0.299012690782547,0.0001,0.0,9.331,0.7876,0.2744
812,stage1,0,0.32079318165779114,0.4405212700366974,0.0,0.32079318165779114,0.0001,0.0,9.331,0.8729,0.2745
813,stage1,0,0.3676767647266388,0.4655218720436096,0.0,0.3676767647266388,0.0001,0.0,9.331,1.0107,0.275
814,stage1,0,0.28812721371650696,0.47245630621910095,0.0,0.28812721371650696,0.0001,0.0,9.331,0.921,0.2759
815,stage1,0,0.3671700060367584,0.47470441460609436,0.0,0.3671700060367584,0.0001,0.0,9.331,0.9274,0.275
816,stage1,0,0.4062059223651886,0.47638338804244995,0.0,0.4062059223651886,0.0001,0.0,9.331,0.9757,6.2454
817,stage1,0,0.31592297554016113,0.46751534938812256,0.0,0.31592297554016113,0.0001,0.0,9.331,0.8416,0.2742
818,stage1,0,0.34186694025993347,0.467646062374115,0.0,0.34186694025993347,0.0001,0.0,9.331,0.9473,0.2747
819,stage1,0,0.4113772511482239,0.5022504329681396,0.0,0.4113772511482239,0.0001,0.0,9.331,1.2774,0.2752
820,stage1,0,0.3985574245452881,0.46558451652526855,0.0,0.3985574245452881,0.0001,0.0,9.331,1.0952,0.2752
821,stage1,0,0.3080025315284729,0.4628458619117737,0.0,0.3080025315284729,0.0001,0.0,9.331,0.8326,0.2752
822,stage1,0,0.3131721317768097,0.475126713514328,0.0,0.3131721317768097,0.0001,0.0,9.331,0.7461,0.2756
823,stage1,0,0.3139144480228424,0.4337877333164215,0.0,0.3139144480228424,0.0001,0.0,9.331,0.8972,0.2751
824,stage1,0,0.38576075434684753,0.4839591383934021,0.0,0.38576075434684753,0.0001,0.0,9.331,1.0761,6.2218
825,stage1,0,0.3169184625148773,0.45628511905670166,0.0,0.3169184625148773,0.0001,0.0,9.331,0.8594,0.2745
826,stage1,0,0.3438701927661896,0.4755955934524536,0.0,0.3438701927661896,0.0001,0.0,9.331,1.098,0.2746
827,stage1,0,0.3486940860748291,0.4658079147338867,0.0,0.3486940860748291,0.0001,0.0,9.331,0.8561,0.2745
828,stage1,0,0.321344256401062,0.44762682914733887,0.0,0.321344256401062,0.0001,0.0,9.331,0.9122,0.2753
829,stage1,0,0.33014655113220215,0.46597713232040405,0.0,0.33014655113220215,0.0001,0.0,9.331,0.7964,0.275
830,stage1,0,0.38919761776924133,0.4840717017650604,0.0,0.38919761776924133,0.0001,0.0,9.331,1.391,0.275
831,stage1,0,0.34720784425735474,0.46262335777282715,0.0,0.34720784425735474,0.0001,0.0,9.331,0.9712,0.2755
832,stage1,0,0.2889023423194885,0.43045151233673096,0.0,0.2889023423194885,0.0001,0.0,9.331,0.8813,6.2512
833,stage1,0,0.3628602921962738,0.45111483335494995,0.0,0.3628602921962738,0.0001,0.0,9.331,0.9295,0.2743
834,stage1,0,0.30782806873321533,0.4605272114276886,0.0,0.30782806873321533,0.0001,0.0,9.331,1.1325,0.2751
835,stage1,0,0.3679678738117218,0.49081704020500183,0.0,0.3679678738117218,0.0001,0.0,9.331,1.1088,0.2746
836,stage1,0,0.3509153425693512,0.46772244572639465,0.0,0.3509153425693512,0.0001,0.0,9.331,1.141,0.276
837,stage1,0,0.3177614212036133,0.4465118944644928,0.0,0.3177614212036133,0.0001,0.0,9.331,1.0622,0.2758
838,stage1,0,0.37264934182167053,0.49207180738449097,0.0,0.37264934182167053,0.0001,0.0,9.331,1.2535,0.2757
839,stage1,0,0.3088403344154358,0.4808315932750702,0.0,0.3088403344154358,0.0001,0.0,9.331,1.0482,0.2754
840,stage1,0,0.3769643306732178,0.4666811525821686,0.0,0.3769643306732178,0.0001,0.0,9.331,1.3342,6.2621
841,stage1,0,0.3427562415599823,0.43437907099723816,0.0,0.3427562415599823,0.0001,0.0,9.331,0.9545,0.2737
842,stage1,0,0.3990590274333954,0.5012171864509583,0.0,0.3990590274333954,0.0001,0.0,9.331,1.0052,0.2756
843,stage1,0,0.3716508448123932,0.5008122324943542,0.0,0.3716508448123932,0.0001,0.0,9.331,1.3756,0.275
844,stage1,0,0.3476024866104126,0.4564491808414459,0.0,0.3476024866104126,0.0001,0.0,9.331,1.1387,0.275
845,stage1,0,0.39015722274780273,0.4836025834083557,0.0,0.39015722274780273,0.0001,0.0,9.331,0.8835,0.2809
846,stage1,0,0.32804548740386963,0.49605560302734375,0.0,0.32804548740386963,0.0001,0.0,9.331,0.9191,0.274
847,stage1,0,0.3601471483707428,0.47816887497901917,0.0,0.3601471483707428,0.0001,0.0,9.331,0.8864,0.276
848,stage1,0,0.27960410714149475,0.48005005717277527,0.0,0.27960410714149475,0.0001,0.0,9.331,0.8378,6.3246
849,stage1,0,0.30513763427734375,0.4423448443412781,0.0,0.30513763427734375,0.0001,0.0,9.331,0.7441,0.2746
850,stage1,0,0.28398630023002625,0.473599910736084,0.0,0.28398630023002625,0.0001,0.0,9.331,0.6908,0.2748
851,stage1,0,0.32581332325935364,0.46747833490371704,0.0,0.32581332325935364,0.0001,0.0,9.331,0.8339,0.2748
852,stage1,0,0.3397092819213867,0.45040714740753174,0.0,0.3397092819213867,0.0001,0.0,9.331,0.856,0.2748
853,stage1,0,0.3122921288013458,0.4462653398513794,0.0,0.3122921288013458,0.0001,0.0,9.331,0.8653,0.2758
854,stage1,0,0.39949119091033936,0.47312238812446594,0.0,0.39949119091033936,0.0001,0.0,9.331,1.0739,0.275
855,stage1,0,0.3460462689399719,0.4899984300136566,0.0,0.3460462689399719,0.0001,0.0,9.331,0.9466,0.2757
856,stage1,0,0.30722033977508545,0.4685018062591553,0.0,0.30722033977508545,0.0001,0.0,9.331,0.9718,6.3363
857,stage1,0,0.341939240694046,0.45800158381462097,0.0,0.341939240694046,0.0001,0.0,9.331,0.8194,0.274
858,stage1,0,0.37307506799697876,0.46873506903648376,0.0,0.37307506799697876,0.0001,0.0,9.331,1.2393,0.2751
859,stage1,0,0.3711335062980652,0.46819570660591125,0.0,0.3711335062980652,0.0001,0.0,9.331,0.9434,0.2748
860,stage1,0,0.29630520939826965,0.42992308735847473,0.0,0.29630520939826965,0.0001,0.0,9.331,0.7231,0.2755
861,stage1,0,0.3085876405239105,0.45005685091018677,0.0,0.3085876405239105,0.0001,0.0,9.331,0.8468,0.2754
862,stage1,0,0.3641816973686218,0.48117032647132874,0.0,0.3641816973686218,0.0001,0.0,9.331,0.9536,0.2756
863,stage1,0,0.3773166537284851,0.4762691259384155,0.0,0.3773166537284851,0.0001,0.0,9.331,1.1587,0.2759
864,stage1,0,0.3015083968639374,0.4490782916545868,0.0,0.3015083968639374,0.0001,0.0,9.331,1.05,6.4432
865,stage1,0,0.357026070356369,0.48330816626548767,0.0,0.357026070356369,0.0001,0.0,9.331,0.8954,0.2748
866,stage1,0,0.2417054921388626,0.4459630250930786,0.0,0.2417054921388626,0.0001,0.0,9.331,0.7864,0.2744
867,stage1,0,0.3922467827796936,0.48210716247558594,0.0,0.3922467827796936,0.0001,0.0,9.331,1.2012,0.2752
868,stage1,0,0.29753056168556213,0.44644808769226074,0.0,0.29753056168556213,0.0001,0.0,9.331,0.8021,0.2767
869,stage1,0,0.34682169556617737,0.4687384366989136,0.0,0.34682169556617737,0.0001,0.0,9.331,1.1671,0.2753
870,stage1,0,0.3388684093952179,0.4495178461074829,0.0,0.3388684093952179,0.0001,0.0,9.331,1.087,0.2752
871,stage1,0,0.30870145559310913,0.4598426818847656,0.0,0.30870145559310913,0.0001,0.0,9.331,0.793,0.276
872,stage1,0,0.2926304340362549,0.44231387972831726,0.0,0.2926304340362549,0.0001,0.0,9.331,0.7077,6.2557
873,stage1,0,0.3289070427417755,0.49444347620010376,0.0,0.3289070427417755,0.0001,0.0,9.331,0.8395,0.2745
874,stage1,0,0.4306243062019348,0.4978314936161041,0.0,0.4306243062019348,0.0001,0.0,9.331,1.3072,0.2743
875,stage1,0,0.31667080521583557,0.4484167993068695,0.0,0.31667080521583557,0.0001,0.0,9.331,0.7499,0.2756
876,stage1,0,0.3535967171192169,0.48959437012672424,0.0,0.3535967171192169,0.0001,0.0,9.331,0.9981,0.2755
877,stage1,0,0.3465993404388428,0.4616507291793823,0.0,0.3465993404388428,0.0001,0.0,9.331,0.995,0.2751
878,stage1,0,0.29464593529701233,0.4762559235095978,0.0,0.29464593529701233,0.0001,0.0,9.331,0.8835,0.2755
879,stage1,0,0.3619232475757599,0.49030134081840515,0.0,0.3619232475757599,0.0001,0.0,9.331,0.8512,0.2749
880,stage1,0,0.38156574964523315,0.4867830276489258,0.0,0.38156574964523315,0.0001,0.0,9.331,1.4269,6.3251
881,stage1,0,0.33344778418540955,0.46676790714263916,0.0,0.33344778418540955,0.0001,0.0,9.331,0.9007,0.2752
882,stage1,0,0.4208582639694214,0.4975751042366028,0.0,0.4208582639694214,0.0001,0.0,9.331,0.8981,0.2744
883,stage1,0,0.3533482849597931,0.4432709217071533,0.0,0.3533482849597931,0.0001,0.0,9.331,1.2248,0.2757
884,stage1,0,0.34485700726509094,0.493100106716156,0.0,0.34485700726509094,0.0001,0.0,9.331,0.8981,0.274
885,stage1,0,0.3078937530517578,0.4428463280200958,0.0,0.3078937530517578,0.0001,0.0,9.331,0.8795,0.2744
886,stage1,0,0.3091573119163513,0.460299015045166,0.0,0.3091573119163513,0.0001,0.0,9.331,0.7603,0.2749
887,stage1,0,0.2979840934276581,0.41510576009750366,0.0,0.2979840934276581,0.0001,0.0,9.331,1.0449,0.2746
888,stage1,0,0.35110747814178467,0.44163766503334045,0.0,0.35110747814178467,0.0001,0.0,9.331,0.8794,6.3349
889,stage1,0,0.33991774916648865,0.47106418013572693,0.0,0.33991774916648865,0.0001,0.0,9.331,0.9261,0.2736
890,stage1,0,0.358290433883667,0.507347822189331,0.0,0.358290433883667,0.0001,0.0,9.331,0.7485,0.2741
891,stage1,0,0.38193032145500183,0.4739423990249634,0.0,0.38193032145500183,0.0001,0.0,9.331,0.7673,0.2744
892,stage1,0,0.38044309616088867,0.4678734242916107,0.0,0.38044309616088867,0.0001,0.0,9.331,1.5229,0.2774
893,stage1,0,0.29749783873558044,0.45631086826324463,0.0,0.29749783873558044,0.0001,0.0,9.331,0.8109,0.2754
894,stage1,0,0.31994494795799255,0.4804394543170929,0.0,0.31994494795799255,0.0001,0.0,9.331,0.8775,0.2751
895,stage1,0,0.33774176239967346,0.447171688079834,0.0,0.33774176239967346,0.0001,0.0,9.331,0.721,0.2752
896,stage1,0,0.31281140446662903,0.44790118932724,0.0,0.31281140446662903,0.0001,0.0,9.331,1.1757,6.2911
897,stage1,0,0.3407016098499298,0.4802040159702301,0.0,0.3407016098499298,0.0001,0.0,9.331,1.2396,0.2738
898,stage1,0,0.3562445342540741,0.47039952874183655,0.0,0.3562445342540741,0.0001,0.0,9.331,1.0544,0.2743
899,stage1,0,0.32548919320106506,0.47739821672439575,0.0,0.32548919320106506,0.0001,0.0,9.331,0.83,0.2742
900,stage1,0,0.3641783595085144,0.45114877820014954,0.0,0.3641783595085144,0.0001,0.0,9.331,1.0935,0.275
901,stage1,0,0.37131887674331665,0.47372719645500183,0.0,0.37131887674331665,0.0001,0.0,9.331,1.1269,0.275
902,stage1,0,0.4187367558479309,0.502140462398529,0.0,0.4187367558479309,0.0001,0.0,9.331,1.319,0.2746
903,stage1,0,0.3964996039867401,0.47945645451545715,0.0,0.3964996039867401,0.0001,0.0,9.331,0.904,0.2745
904,stage1,0,0.3378695249557495,0.48252448439598083,0.0,0.3378695249557495,0.0001,0.0,9.331,1.2218,6.2936
905,stage1,0,0.2822795808315277,0.4420982301235199,0.0,0.2822795808315277,0.0001,0.0,9.331,0.8316,0.2744
906,stage1,0,0.3471975028514862,0.4770001471042633,0.0,0.3471975028514862,0.0001,0.0,9.331,1.0105,0.2743
907,stage1,0,0.3178022801876068,0.4511861503124237,0.0,0.3178022801876068,0.0001,0.0,9.331,0.7945,0.2743
908,stage1,0,0.28903764486312866,0.4578739404678345,0.0,0.28903764486312866,0.0001,0.0,9.331,0.6612,0.2745
909,stage1,0,0.34427469968795776,0.47625482082366943,0.0,0.34427469968795776,0.0001,0.0,9.331,1.0745,0.2752
910,stage1,0,0.2635713815689087,0.40917545557022095,0.0,0.2635713815689087,0.0001,0.0,9.331,0.7299,0.2747
911,stage1,0,0.3337419629096985,0.4468514621257782,0.0,0.3337419629096985,0.0001,0.0,9.331,1.0327,0.2752
912,stage1,0,0.3215459883213043,0.4473899006843567,0.0,0.3215459883213043,0.0001,0.0,9.331,0.8036,6.2206
913,stage1,0,0.3589097559452057,0.48898938298225403,0.0,0.3589097559452057,0.0001,0.0,9.331,1.0199,0.2736
914,stage1,0,0.3506464958190918,0.4612656235694885,0.0,0.3506464958190918,0.0001,0.0,9.331,1.0445,0.2754
915,stage1,0,0.3036605715751648,0.4510095417499542,0.0,0.3036605715751648,0.0001,0.0,9.331,1.1769,0.2745
916,stage1,0,0.35369762778282166,0.47737613320350647,0.0,0.35369762778282166,0.0001,0.0,9.331,1.1312,0.275
917,stage1,0,0.32647421956062317,0.45910921692848206,0.0,0.32647421956062317,0.0001,0.0,9.331,1.1339,0.2746
918,stage1,0,0.3332425355911255,0.4614419937133789,0.0,0.3332425355911255,0.0001,0.0,9.331,0.9565,0.2752
919,stage1,0,0.2905053198337555,0.4235748052597046,0.0,0.2905053198337555,0.0001,0.0,9.331,0.7575,0.2754
920,stage1,0,0.30333811044692993,0.4409542977809906,0.0,0.30333811044692993,0.0001,0.0,9.331,1.0133,6.2653
921,stage1,0,0.35359564423561096,0.4594916105270386,0.0,0.35359564423561096,0.0001,0.0,9.331,1.0075,0.2747
922,stage1,0,0.4201070964336395,0.509742021560669,0.0,0.4201070964336395,0.0001,0.0,9.331,1.1665,0.2748
923,stage1,0,0.2833936810493469,0.4510526657104492,0.0,0.2833936810493469,0.0001,0.0,9.331,0.7946,0.2749
924,stage1,0,0.26913559436798096,0.42194563150405884,0.0,0.26913559436798096,0.0001,0.0,9.331,0.7925,0.275
925,stage1,0,0.33073797821998596,0.48227131366729736,0.0,0.33073797821998596,0.0001,0.0,9.331,1.4967,0.2752
926,stage1,0,0.34938663244247437,0.4812609553337097,0.0,0.34938663244247437,0.0001,0.0,9.331,1.0403,0.2753
927,stage1,0,0.2842543125152588,0.4472666084766388,0.0,0.2842543125152588,0.0001,0.0,9.331,1.097,0.275
928,stage1,0,0.3325919508934021,0.4575726091861725,0.0,0.3325919508934021,0.0001,0.0,9.331,0.89,6.3582
929,stage1,0,0.28934693336486816,0.4555746614933014,0.0,0.28934693336486816,0.0001,0.0,9.331,0.7638,0.2732
930,stage1,0,0.3242911100387573,0.46457043290138245,0.0,0.3242911100387573,0.0001,0.0,9.331,0.947,0.2746
931,stage1,0,0.40077972412109375,0.4867176413536072,0.0,0.40077972412109375,0.0001,0.0,9.331,1.4672,0.275
932,stage1,0,0.35519278049468994,0.4437379837036133,0.0,0.35519278049468994,0.0001,0.0,9.331,1.0902,0.2755
933,stage1,0,0.274809330701828,0.46082520484924316,0.0,0.274809330701828,0.0001,0.0,9.331,0.7025,0.2745
934,stage1,0,0.3030559718608856,0.4685590863227844,0.0,0.3030559718608856,0.0001,0.0,9.331,0.8471,0.2754
935,stage1,0,0.3197105824947357,0.43583163619041443,0.0,0.3197105824947357,0.0001,0.0,9.331,0.8154,0.2752
936,stage1,0,0.3152088522911072,0.44175034761428833,0.0,0.3152088522911072,0.0001,0.0,9.331,0.8816,6.1957
937,stage1,0,0.3881753087043762,0.5083181262016296,0.0,0.3881753087043762,0.0001,0.0,9.331,1.1671,0.2731
938,stage1,0,0.3229290544986725,0.44276222586631775,0.0,0.3229290544986725,0.0001,0.0,9.331,0.897,0.2749
939,stage1,0,0.33324047923088074,0.47180959582328796,0.0,0.33324047923088074,0.0001,0.0,9.331,0.9855,0.275
940,stage1,0,0.3660309314727783,0.46839258074760437,0.0,0.3660309314727783,0.0001,0.0,9.331,1.092,0.2748
941,stage1,0,0.3163199722766876,0.44571423530578613,0.0,0.3163199722766876,0.0001,0.0,9.331,0.9501,0.278
942,stage1,0,0.32803595066070557,0.46260085701942444,0.0,0.32803595066070557,0.0001,0.0,9.331,1.0213,0.274
943,stage1,0,0.36421647667884827,0.4493015706539154,0.0,0.36421647667884827,0.0001,0.0,9.331,1.0611,0.2756
944,stage1,0,0.357774943113327,0.44690462946891785,0.0,0.357774943113327,0.0001,0.0,9.331,0.7947,6.2401
945,stage1,0,0.32902243733406067,0.48630085587501526,0.0,0.32902243733406067,0.0001,0.0,9.331,0.959,0.2742
946,stage1,0,0.2630307078361511,0.44155970215797424,0.0,0.2630307078361511,0.0001,0.0,9.331,0.9276,0.2736
947,stage1,0,0.33111247420310974,0.4670117199420929,0.0,0.33111247420310974,0.0001,0.0,9.331,0.9424,0.2748
948,stage1,0,0.33328691124916077,0.4950752854347229,0.0,0.33328691124916077,0.0001,0.0,9.331,0.8483,0.2748
949,stage1,0,0.3189946711063385,0.45748481154441833,0.0,0.3189946711063385,0.0001,0.0,9.331,0.8336,0.2756
950,stage1,0,0.33370304107666016,0.46761929988861084,0.0,0.33370304107666016,0.0001,0.0,9.331,1.0074,0.2745
951,stage1,0,0.33190056681632996,0.4486926198005676,0.0,0.33190056681632996,0.0001,0.0,9.331,0.9755,0.2752
952,stage1,0,0.2976897358894348,0.46823105216026306,0.0,0.2976897358894348,0.0001,0.0,9.331,0.7776,6.2563
953,stage1,0,0.3431498110294342,0.4608633518218994,0.0,0.3431498110294342,0.0001,0.0,9.331,1.2047,0.2742
954,stage1,0,0.3395930826663971,0.4627957046031952,0.0,0.3395930826663971,0.0001,0.0,9.331,0.9255,0.2745
955,stage1,0,0.35271820425987244,0.4819328784942627,0.0,0.35271820425987244,0.0001,0.0,9.331,0.9855,0.2748
956,stage1,0,0.3473074734210968,0.4807577431201935,0.0,0.3473074734210968,0.0001,0.0,9.331,1.007,0.2748
957,stage1,0,0.29125308990478516,0.4786940813064575,0.0,0.29125308990478516,0.0001,0.0,9.331,0.9351,0.2748
958,stage1,0,0.3222850263118744,0.4939594864845276,0.0,0.3222850263118744,0.0001,0.0,9.331,1.0958,0.2752
959,stage1,0,0.33726051449775696,0.43308699131011963,0.0,0.33726051449775696,0.0001,0.0,9.331,0.9539,0.2752
960,stage1,0,0.3979607820510864,0.5009605288505554,0.0,0.3979607820510864,0.0001,0.0,9.331,1.0458,6.2816
961,stage1,0,0.3419480621814728,0.5019955039024353,0.0,0.3419480621814728,0.0001,0.0,9.331,1.0067,0.2738
962,stage1,0,0.3569212555885315,0.4578552842140198,0.0,0.3569212555885315,0.0001,0.0,9.331,1.1128,0.2752
963,stage1,0,0.31302809715270996,0.4835941791534424,0.0,0.31302809715270996,0.0001,0.0,9.331,0.9202,0.2748
964,stage1,0,0.32134467363357544,0.44495725631713867,0.0,0.32134467363357544,0.0001,0.0,9.331,0.9606,0.275
965,stage1,0,0.3467007875442505,0.45842915773391724,0.0,0.3467007875442505,0.0001,0.0,9.331,1.0811,0.2744
966,stage1,0,0.33643466234207153,0.46827200055122375,0.0,0.33643466234207153,0.0001,0.0,9.331,1.0593,0.2756
967,stage1,0,0.30290549993515015,0.47419965267181396,0.0,0.30290549993515015,0.0001,0.0,9.331,0.8598,0.2751
968,stage1,0,0.34846606850624084,0.4684102237224579,0.0,0.34846606850624084,0.0001,0.0,9.331,0.892,6.2408
969,stage1,0,0.30526190996170044,0.4540054202079773,0.0,0.30526190996170044,0.0001,0.0,9.331,1.0214,0.2749
970,stage1,0,0.29299405217170715,0.46898141503334045,0.0,0.29299405217170715,0.0001,0.0,9.331,0.85,0.2746
971,stage1,0,0.3691044747829437,0.464864045381546,0.0,0.3691044747829437,0.0001,0.0,9.331,0.9422,0.2746
972,stage1,0,0.32746830582618713,0.4762844443321228,0.0,0.32746830582618713,0.0001,0.0,9.331,1.17,0.275
973,stage1,0,0.3072986304759979,0.44520989060401917,0.0,0.3072986304759979,0.0001,0.0,9.331,1.0977,0.275
974,stage1,0,0.34735745191574097,0.4712841808795929,0.0,0.34735745191574097,0.0001,0.0,9.331,1.1524,0.2759
975,stage1,0,0.3175440728664398,0.4839726686477661,0.0,0.3175440728664398,0.0001,0.0,9.331,0.8146,0.2747
976,stage1,0,0.33674898743629456,0.46921730041503906,0.0,0.33674898743629456,0.0001,0.0,9.331,0.9095,6.3404
977,stage1,0,0.26703500747680664,0.4465852379798889,0.0,0.26703500747680664,0.0001,0.0,9.331,0.839,0.274
978,stage1,0,0.3331892192363739,0.47693008184432983,0.0,0.3331892192363739,0.0001,0.0,9.331,1.0773,0.2747
979,stage1,0,0.2883491516113281,0.4287129044532776,0.0,0.2883491516113281,0.0001,0.0,9.331,0.8149,0.2752
980,stage1,0,0.41994863748550415,0.4902501702308655,0.0,0.41994863748550415,0.0001,0.0,9.331,1.1052,0.2748
981,stage1,0,0.37792056798934937,0.4787594974040985,0.0,0.37792056798934937,0.0001,0.0,9.331,0.9477,0.2753
982,stage1,0,0.352492094039917,0.45809513330459595,0.0,0.352492094039917,0.0001,0.0,9.331,1.1541,0.2744
983,stage1,0,0.4108549952507019,0.4940979480743408,0.0,0.4108549952507019,0.0001,0.0,9.331,1.0362,0.2759
984,stage1,0,0.35823217034339905,0.469271183013916,0.0,0.35823217034339905,0.0001,0.0,9.331,1.2094,6.2714
985,stage1,0,0.33198052644729614,0.4724680483341217,0.0,0.33198052644729614,0.0001,0.0,9.331,1.0623,0.2743
986,stage1,0,0.28512194752693176,0.4695867896080017,0.0,0.28512194752693176,0.0001,0.0,9.331,0.8224,0.275
987,stage1,0,0.3282886743545532,0.48427751660346985,0.0,0.3282886743545532,0.0001,0.0,9.331,0.9819,0.2748
988,stage1,0,0.35636597871780396,0.47446516156196594,0.0,0.35636597871780396,0.0001,0.0,9.331,0.9054,0.2748
989,stage1,0,0.33729228377342224,0.44799673557281494,0.0,0.33729228377342224,0.0001,0.0,9.331,1.0065,0.2751
990,stage1,0,0.32220491766929626,0.4662872552871704,0.0,0.32220491766929626,0.0001,0.0,9.331,0.8609,0.2748
991,stage1,0,0.3759375512599945,0.5026895999908447,0.0,0.3759375512599945,0.0001,0.0,9.331,0.8492,0.2763
992,stage1,0,0.3313179612159729,0.45328187942504883,0.0,0.3313179612159729,0.0001,0.0,9.331,0.9318,6.3228
993,stage1,0,0.36457034945487976,0.4703540802001953,0.0,0.36457034945487976,0.0001,0.0,9.331,0.9924,0.2739
994,stage1,0,0.3512251377105713,0.47895941138267517,0.0,0.3512251377105713,0.0001,0.0,9.331,1.0158,0.2743
995,stage1,0,0.30910471081733704,0.46666479110717773,0.0,0.30910471081733704,0.0001,0.0,9.331,0.9791,0.2753
996,stage1,0,0.297960489988327,0.46851468086242676,0.0,0.297960489988327,0.0001,0.0,9.331,1.0997,0.2748
997,stage1,0,0.23997971415519714,0.45367133617401123,0.0,0.23997971415519714,0.0001,0.0,9.331,0.6821,0.2749
998,stage1,0,0.27961111068725586,0.41682758927345276,0.0,0.27961111068725586,0.0001,0.0,9.331,0.8841,0.2751
999,stage1,0,0.33383241295814514,0.4598522186279297,0.0,0.33383241295814514,0.0001,0.0,9.331,1.0913,0.2746
1000,stage1,0,0.3110100328922272,0.4594945013523102,0.0,0.3110100328922272,0.0001,0.0,9.331,1.1891,6.317
1001,stage1,0,0.3701724410057068,0.47831007838249207,0.0,0.3701724410057068,0.0001,0.0,9.331,1.0362,0.2741
1002,stage1,0,0.2839655578136444,0.4469717741012573,0.0,0.2839655578136444,0.0001,0.0,9.331,0.9942,0.2753
1003,stage1,0,0.40254470705986023,0.46164408326148987,0.0,0.40254470705986023,0.0001,0.0,9.331,0.8639,0.2751
1004,stage1,0,0.3161832094192505,0.4852694272994995,0.0,0.3161832094192505,0.0001,0.0,9.331,0.9698,0.2754
1005,stage1,0,0.34506967663764954,0.480040967464447,0.0,0.34506967663764954,0.0001,0.0,9.331,1.0036,0.2747
1006,stage1,0,0.36315733194351196,0.4708082377910614,0.0,0.36315733194351196,0.0001,0.0,9.331,1.2979,0.2747
1007,stage1,0,0.3824194669723511,0.48864373564720154,0.0,0.3824194669723511,0.0001,0.0,9.331,1.0271,0.2753
1008,stage1,0,0.3125675320625305,0.4726564288139343,0.0,0.3125675320625305,0.0001,0.0,9.331,0.8743,6.2743
1009,stage1,0,0.2700442671775818,0.4264865219593048,0.0,0.2700442671775818,0.0001,0.0,9.331,0.8373,0.2742
1010,stage1,0,0.3188473880290985,0.4855857491493225,0.0,0.3188473880290985,0.0001,0.0,9.331,0.9349,0.2751
1011,stage1,0,0.3863135874271393,0.4990324378013611,0.0,0.3863135874271393,0.0001,0.0,9.331,1.3253,0.2754
1012,stage1,0,0.2925555109977722,0.4481081962585449,0.0,0.2925555109977722,0.0001,0.0,9.331,0.9218,0.2746
1013,stage1,0,0.32283836603164673,0.45739591121673584,0.0,0.32283836603164673,0.0001,0.0,9.331,0.9411,0.2752
1014,stage1,0,0.38060277700424194,0.4921132028102875,0.0,0.38060277700424194,0.0001,0.0,9.331,1.0555,0.2749
1015,stage1,0,0.30094197392463684,0.4354189932346344,0.0,0.30094197392463684,0.0001,0.0,9.331,0.7956,0.2755
1016,stage1,0,0.3464079201221466,0.46321019530296326,0.0,0.3464079201221466,0.0001,0.0,9.331,1.1707,6.2829
1017,stage1,0,0.37203675508499146,0.45372843742370605,0.0,0.37203675508499146,0.0001,0.0,9.331,1.1731,0.2743
1018,stage1,0,0.3003406226634979,0.4439912736415863,0.0,0.3003406226634979,0.0001,0.0,9.331,1.1369,0.2743
1019,stage1,0,0.36364471912384033,0.4446500241756439,0.0,0.36364471912384033,0.0001,0.0,9.331,0.9385,0.2748
1020,stage1,0,0.3231102526187897,0.446664035320282,0.0,0.3231102526187897,0.0001,0.0,9.331,0.7494,0.2748
1021,stage1,0,0.32151252031326294,0.43795669078826904,0.0,0.32151252031326294,0.0001,0.0,9.331,0.9397,0.2753
1022,stage1,0,0.3242996633052826,0.4415591061115265,0.0,0.3242996633052826,0.0001,0.0,9.331,0.7691,0.2748
1023,stage1,0,0.29636824131011963,0.4537527859210968,0.0,0.29636824131011963,0.0001,0.0,9.331,0.8623,0.2749
1024,stage1,0,0.356221467256546,0.46277785301208496,0.0,0.356221467256546,0.0001,0.0,9.331,1.0412,6.2375
1025,stage1,0,0.3085392713546753,0.4632250964641571,0.0,0.3085392713546753,0.0001,0.0,9.331,1.0578,0.2744
1026,stage1,0,0.32101893424987793,0.4699384272098541,0.0,0.32101893424987793,0.0001,0.0,9.331,1.0839,0.2744
1027,stage1,0,0.3552148640155792,0.4644845724105835,0.0,0.3552148640155792,0.0001,0.0,9.331,1.0002,0.2744
1028,stage1,0,0.32432663440704346,0.4786055386066437,0.0,0.32432663440704346,0.0001,0.0,9.331,0.8933,0.275
1029,stage1,0,0.29458779096603394,0.4619045853614807,0.0,0.29458779096603394,0.0001,0.0,9.331,0.7926,0.2751
1030,stage1,0,0.3327139914035797,0.4996614456176758,0.0,0.3327139914035797,0.0001,0.0,9.331,0.9364,0.2752
1031,stage1,0,0.3464367985725403,0.46208977699279785,0.0,0.3464367985725403,0.0001,0.0,9.331,1.2541,0.2755
1032,stage1,0,0.3214060068130493,0.4559202790260315,0.0,0.3214060068130493,0.0001,0.0,9.331,0.9267,6.2805
1033,stage1,0,0.2850888967514038,0.44798189401626587,0.0,0.2850888967514038,0.0001,0.0,9.331,1.0892,0.2737
1034,stage1,0,0.34450826048851013,0.45122838020324707,0.0,0.34450826048851013,0.0001,0.0,9.331,1.0029,0.2749
1035,stage1,0,0.2759818434715271,0.47356870770454407,0.0,0.2759818434715271,0.0001,0.0,9.331,0.8421,0.2751
1036,stage1,0,0.2893223762512207,0.4661688506603241,0.0,0.2893223762512207,0.0001,0.0,9.331,1.0376,0.2745
1037,stage1,0,0.2964089810848236,0.42689141631126404,0.0,0.2964089810848236,0.0001,0.0,9.331,0.9042,0.2752
1038,stage1,0,0.4216419756412506,0.48393166065216064,0.0,0.4216419756412506,0.0001,0.0,9.331,1.1931,0.2748
1039,stage1,0,0.3638153374195099,0.4651951789855957,0.0,0.3638153374195099,0.0001,0.0,9.331,1.1205,0.2751
1040,stage1,0,0.27974987030029297,0.43706345558166504,0.0,0.27974987030029297,0.0001,0.0,9.331,0.8438,6.3549
1041,stage1,0,0.3364868760108948,0.4504089653491974,0.0,0.3364868760108948,0.0001,0.0,9.331,0.9446,0.2738
1042,stage1,0,0.31391069293022156,0.4537653923034668,0.0,0.31391069293022156,0.0001,0.0,9.331,0.9575,0.2746
1043,stage1,0,0.3845221698284149,0.48307004570961,0.0,0.3845221698284149,0.0001,0.0,9.331,0.8768,0.2742
1044,stage1,0,0.341791570186615,0.45529934763908386,0.0,0.341791570186615,0.0001,0.0,9.331,0.9377,0.2748
1045,stage1,0,0.3228296637535095,0.46524250507354736,0.0,0.3228296637535095,0.0001,0.0,9.331,0.7955,0.2753
1046,stage1,0,0.29594627022743225,0.47774583101272583,0.0,0.29594627022743225,0.0001,0.0,9.331,0.7074,0.2752
1047,stage1,0,0.23448199033737183,0.4401014447212219,0.0,0.23448199033737183,0.0001,0.0,9.331,0.7328,0.2747
1048,stage1,0,0.35452350974082947,0.46886712312698364,0.0,0.35452350974082947,0.0001,0.0,9.331,0.84,6.2968
1049,stage1,0,0.3021402060985565,0.41389259696006775,0.0,0.3021402060985565,0.0001,0.0,9.331,0.8824,0.2736
1050,stage1,0,0.33964961767196655,0.4555966854095459,0.0,0.33964961767196655,0.0001,0.0,9.331,0.9101,0.2745
1051,stage1,0,0.3133629262447357,0.4701480269432068,0.0,0.3133629262447357,0.0001,0.0,9.331,0.8756,0.2752
1052,stage1,0,0.3407539129257202,0.46599119901657104,0.0,0.3407539129257202,0.0001,0.0,9.331,0.7909,0.2745
1053,stage1,0,0.2797863185405731,0.4620121717453003,0.0,0.2797863185405731,0.0001,0.0,9.331,0.9146,0.2745
1054,stage1,0,0.30256399512290955,0.46160703897476196,0.0,0.30256399512290955,0.0001,0.0,9.331,0.902,0.2743
1055,stage1,0,0.3518458306789398,0.4646095633506775,0.0,0.3518458306789398,0.0001,0.0,9.331,1.0883,0.2751
1056,stage1,0,0.2955375909805298,0.4272233843803406,0.0,0.2955375909805298,0.0001,0.0,9.331,0.7687,6.1769
1057,stage1,0,0.262840211391449,0.45826637744903564,0.0,0.262840211391449,0.0001,0.0,9.331,0.7272,0.2739
1058,stage1,0,0.36777612566947937,0.47883811593055725,0.0,0.36777612566947937,0.0001,0.0,9.331,1.6814,0.2748
1059,stage1,0,0.32979336380958557,0.4596939980983734,0.0,0.32979336380958557,0.0001,0.0,9.331,0.87,0.274
1060,stage1,0,0.3065662682056427,0.42350226640701294,0.0,0.3065662682056427,0.0001,0.0,9.331,0.9555,0.2758
1061,stage1,0,0.34056270122528076,0.47987496852874756,0.0,0.34056270122528076,0.0001,0.0,9.331,1.0819,0.2749
1062,stage1,0,0.2669387459754944,0.42893174290657043,0.0,0.2669387459754944,0.0001,0.0,9.331,0.8981,0.2748
1063,stage1,0,0.3796744644641876,0.4863658845424652,0.0,0.3796744644641876,0.0001,0.0,9.331,1.0225,0.2749
1064,stage1,0,0.27255183458328247,0.45354440808296204,0.0,0.27255183458328247,0.0001,0.0,9.331,0.7405,6.3216
1065,stage1,0,0.2816769480705261,0.4305315911769867,0.0,0.2816769480705261,0.0001,0.0,9.331,0.7923,0.2739
1066,stage1,0,0.33362632989883423,0.4725964367389679,0.0,0.33362632989883423,0.0001,0.0,9.331,1.0683,0.2753
1067,stage1,0,0.2997434735298157,0.45776110887527466,0.0,0.2997434735298157,0.0001,0.0,9.331,0.9607,0.2744
1068,stage1,0,0.30333977937698364,0.4445136785507202,0.0,0.30333977937698364,0.0001,0.0,9.331,1.1844,0.2751
1069,stage1,0,0.35070985555648804,0.46963903307914734,0.0,0.35070985555648804,0.0001,0.0,9.331,1.0002,0.2755
1070,stage1,0,0.29046720266342163,0.4384083151817322,0.0,0.29046720266342163,0.0001,0.0,9.331,0.7631,0.2754
1071,stage1,0,0.33001288771629333,0.46926790475845337,0.0,0.33001288771629333,0.0001,0.0,9.331,0.9907,0.275
1072,stage1,0,0.289570152759552,0.43406447768211365,0.0,0.289570152759552,0.0001,0.0,9.331,0.7214,6.268
1073,stage1,0,0.3019147217273712,0.4428237974643707,0.0,0.3019147217273712,0.0001,0.0,9.331,0.8877,0.274
1074,stage1,0,0.2681295871734619,0.45395994186401367,0.0,0.2681295871734619,0.0001,0.0,9.331,0.8719,0.2747
1075,stage1,0,0.28450173139572144,0.4355906546115875,0.0,0.28450173139572144,0.0001,0.0,9.331,0.9645,0.2752
1076,stage1,0,0.3384638726711273,0.44226574897766113,0.0,0.3384638726711273,0.0001,0.0,9.331,1.0612,0.2748
1077,stage1,0,0.2679278254508972,0.4390459954738617,0.0,0.2679278254508972,0.0001,0.0,9.331,0.7579,0.2747
1078,stage1,0,0.32750076055526733,0.43615615367889404,0.0,0.32750076055526733,0.0001,0.0,9.331,0.7678,0.2746
1079,stage1,0,0.29230955243110657,0.45629462599754333,0.0,0.29230955243110657,0.0001,0.0,9.331,0.7174,0.2753
1080,stage1,0,0.3070022761821747,0.44621431827545166,0.0,0.3070022761821747,0.0001,0.0,9.331,0.8707,6.2957
1081,stage1,0,0.31934675574302673,0.4613730013370514,0.0,0.31934675574302673,0.0001,0.0,9.331,1.0111,0.2738
1082,stage1,0,0.25209560990333557,0.41168832778930664,0.0,0.25209560990333557,0.0001,0.0,9.331,0.8955,0.2744
1083,stage1,0,0.3163907825946808,0.4581654965877533,0.0,0.3163907825946808,0.0001,0.0,9.331,1.0739,0.2746
1084,stage1,0,0.35451793670654297,0.4672290086746216,0.0,0.35451793670654297,0.0001,0.0,9.331,1.1617,0.2749
1085,stage1,0,0.3180555999279022,0.4545215964317322,0.0,0.3180555999279022,0.0001,0.0,9.331,0.863,0.2755
1086,stage1,0,0.28301379084587097,0.4548088610172272,0.0,0.28301379084587097,0.0001,0.0,9.331,0.8647,0.2749
1087,stage1,0,0.2941688001155853,0.43942904472351074,0.0,0.2941688001155853,0.0001,0.0,9.331,0.6884,0.2765
1088,stage1,0,0.2800053358078003,0.4531000554561615,0.0,0.2800053358078003,0.0001,0.0,9.331,0.8902,6.2796
1089,stage1,0,0.27213168144226074,0.43098220229148865,0.0,0.27213168144226074,0.0001,0.0,9.331,0.9408,0.2737
1090,stage1,0,0.3455445170402527,0.4686243236064911,0.0,0.3455445170402527,0.0001,0.0,9.331,1.068,0.2747
1091,stage1,0,0.31814974546432495,0.44284504652023315,0.0,0.31814974546432495,0.0001,0.0,9.331,1.1319,0.2748
1092,stage1,0,0.28812021017074585,0.4583043158054352,0.0,0.28812021017074585,0.0001,0.0,9.331,0.7672,0.2737
1093,stage1,0,0.3448888957500458,0.4551601707935333,0.0,0.3448888957500458,0.0001,0.0,9.331,0.9513,0.276
1094,stage1,0,0.2601005733013153,0.4247533977031708,0.0,0.2601005733013153,0.0001,0.0,9.331,0.7,0.2754
1095,stage1,0,0.2752528488636017,0.4506826400756836,0.0,0.2752528488636017,0.0001,0.0,9.331,0.8369,0.2743
1096,stage1,0,0.3090173602104187,0.45064279437065125,0.0,0.3090173602104187,0.0001,0.0,9.331,0.8239,6.1877
1097,stage1,0,0.33674195408821106,0.45841115713119507,0.0,0.33674195408821106,0.0001,0.0,9.331,1.0808,0.271
1098,stage1,0,0.31415051221847534,0.4293368458747864,0.0,0.31415051221847534,0.0001,0.0,9.331,0.9631,0.2728
1099,stage1,0,0.31160736083984375,0.4713335633277893,0.0,0.31160736083984375,0.0001,0.0,9.331,1.0113,0.2724
1100,stage1,0,0.3629973232746124,0.4474695324897766,0.0,0.3629973232746124,0.0001,0.0,9.331,0.9012,0.2739
1101,stage1,0,0.39158207178115845,0.4823598861694336,0.0,0.39158207178115845,0.0001,0.0,9.331,1.1624,0.2735
1102,stage1,0,0.27057531476020813,0.4393613338470459,0.0,0.27057531476020813,0.0001,0.0,9.331,0.7452,0.2727
1103,stage1,1,0.3081503212451935,0.4408576786518097,0.0,0.3081503212451935,0.0001,0.0,9.331,0.9992,10.404
1104,stage1,1,0.35970133543014526,0.4520453214645386,0.0,0.35970133543014526,0.0001,0.0,9.331,1.0223,0.2724
1105,stage1,1,0.3087150752544403,0.4282412528991699,0.0,0.3087150752544403,0.0001,0.0,9.331,0.6215,0.2738
1106,stage1,1,0.34588855504989624,0.4689295291900635,0.0,0.34588855504989624,0.0001,0.0,9.331,0.8989,0.2744
1107,stage1,1,0.3706148862838745,0.47031116485595703,0.0,0.3706148862838745,0.0001,0.0,9.331,0.9324,0.2742
1108,stage1,1,0.32153645157814026,0.4439373314380646,0.0,0.32153645157814026,0.0001,0.0,9.331,0.8677,0.2747
1109,stage1,1,0.29746055603027344,0.43133828043937683,0.0,0.29746055603027344,0.0001,0.0,9.331,0.8311,0.2756
1110,stage1,1,0.3173866271972656,0.48356884717941284,0.0,0.3173866271972656,0.0001,0.0,9.331,1.1586,0.2751
1111,stage1,1,0.3485890328884125,0.4293823838233948,0.0,0.3485890328884125,0.0001,0.0,9.331,0.9161,6.9834
1112,stage1,1,0.30980560183525085,0.45516055822372437,0.0,0.30980560183525085,0.0001,0.0,9.331,0.7509,0.2732
1113,stage1,1,0.3084910213947296,0.4416218101978302,0.0,0.3084910213947296,0.0001,0.0,9.331,0.813,0.2796
1114,stage1,1,0.38607871532440186,0.46328797936439514,0.0,0.38607871532440186,0.0001,0.0,9.331,0.8618,0.2732
1115,stage1,1,0.25740140676498413,0.4170741140842438,0.0,0.25740140676498413,0.0001,0.0,9.331,0.8602,0.2745
1116,stage1,1,0.3110523819923401,0.4563383162021637,0.0,0.3110523819923401,0.0001,0.0,9.331,0.9422,0.2745
1117,stage1,1,0.28853973746299744,0.4473075568675995,0.0,0.28853973746299744,0.0001,0.0,9.331,0.7839,0.2742
1118,stage1,1,0.3791842758655548,0.47172531485557556,0.0,0.3791842758655548,0.0001,0.0,9.331,0.961,0.2748
1119,stage1,1,0.3291102349758148,0.4410838782787323,0.0,0.3291102349758148,0.0001,0.0,9.331,0.8501,6.784
1120,stage1,1,0.3261096179485321,0.4751271605491638,0.0,0.3261096179485321,0.0001,0.0,9.331,0.9413,0.2736
1121,stage1,1,0.3080418109893799,0.43281039595603943,0.0,0.3080418109893799,0.0001,0.0,9.331,0.8309,0.2737
1122,stage1,1,0.3078848123550415,0.4623282849788666,0.0,0.3078848123550415,0.0001,0.0,9.331,1.0899,0.2752
1123,stage1,1,0.30358654260635376,0.47695016860961914,0.0,0.30358654260635376,0.0001,0.0,9.331,1.0505,0.2746
1124,stage1,1,0.2621493935585022,0.43071335554122925,0.0,0.2621493935585022,0.0001,0.0,9.331,0.928,0.2742
1125,stage1,1,0.3355470895767212,0.4671015739440918,0.0,0.3355470895767212,0.0001,0.0,9.331,0.8758,0.2746
1126,stage1,1,0.29352080821990967,0.44592413306236267,0.0,0.29352080821990967,0.0001,0.0,9.331,0.7682,0.2746
1127,stage1,1,0.24597103893756866,0.44393983483314514,0.0,0.24597103893756866,0.0001,0.0,9.331,0.8385,6.5759
1128,stage1,1,0.3066752552986145,0.46673962473869324,0.0,0.3066752552986145,0.0001,0.0,9.331,1.4141,0.3077
1129,stage1,1,0.3546232581138611,0.47667741775512695,0.0,0.3546232581138611,0.0001,0.0,9.331,1.0658,0.2745
1130,stage1,1,0.3074193000793457,0.4342726171016693,0.0,0.3074193000793457,0.0001,0.0,9.331,1.2424,0.2855
1131,stage1,1,0.30777549743652344,0.42976319789886475,0.0,0.30777549743652344,0.0001,0.0,9.331,0.7788,0.2728
1132,stage1,1,0.3172304332256317,0.44342634081840515,0.0,0.3172304332256317,0.0001,0.0,9.331,0.8238,0.2743
1133,stage1,1,0.2968095541000366,0.4391349256038666,0.0,0.2968095541000366,0.0001,0.0,9.331,0.9905,0.275
1134,stage1,1,0.3270993232727051,0.42587703466415405,0.0,0.3270993232727051,0.0001,0.0,9.331,0.8067,0.2744
1135,stage1,1,0.35198450088500977,0.4521213471889496,0.0,0.35198450088500977,0.0001,0.0,9.331,1.1447,6.5322
1136,stage1,1,0.27212443947792053,0.43306076526641846,0.0,0.27212443947792053,0.0001,0.0,9.331,0.8758,0.2775
1137,stage1,1,0.31020012497901917,0.46095266938209534,0.0,0.31020012497901917,0.0001,0.0,9.331,1.2069,0.2752
1138,stage1,1,0.3468947112560272,0.4569852650165558,0.0,0.3468947112560272,0.0001,0.0,9.331,1.0347,0.2741
1139,stage1,1,0.3325655162334442,0.4288810193538666,0.0,0.3325655162334442,0.0001,0.0,9.331,0.8689,0.275
1140,stage1,1,0.2895931601524353,0.44609981775283813,0.0,0.2895931601524353,0.0001,0.0,9.331,0.9802,0.2753
1141,stage1,1,0.3315367102622986,0.45814114809036255,0.0,0.3315367102622986,0.0001,0.0,9.331,1.1269,0.2751
1142,stage1,1,0.31013333797454834,0.4323369264602661,0.0,0.31013333797454834,0.0001,0.0,9.331,1.021,0.275
1143,stage1,1,0.30982670187950134,0.45712709426879883,0.0,0.30982670187950134,0.0001,0.0,9.331,0.8672,6.6071
1144,stage1,1,0.32752829790115356,0.4585548937320709,0.0,0.32752829790115356,0.0001,0.0,9.331,0.8854,0.4069
1145,stage1,1,0.30406802892684937,0.44856616854667664,0.0,0.30406802892684937,0.0001,0.0,9.331,0.7303,0.2738
1146,stage1,1,0.2913156747817993,0.43097609281539917,0.0,0.2913156747817993,0.0001,0.0,9.331,1.1444,0.2741
1147,stage1,1,0.2940252125263214,0.4463302195072174,0.0,0.2940252125263214,0.0001,0.0,9.331,1.0573,0.2747
1148,stage1,1,0.24483509361743927,0.42764049768447876,0.0,0.24483509361743927,0.0001,0.0,9.331,0.9787,0.2798
1149,stage1,1,0.3290823698043823,0.5041235089302063,0.0,0.3290823698043823,0.0001,0.0,9.331,0.8889,0.7654
1150,stage1,1,0.2799835801124573,0.44884946942329407,0.0,0.2799835801124573,0.0001,0.0,9.331,0.8556,0.2744
1151,stage1,1,0.31558534502983093,0.46006014943122864,0.0,0.31558534502983093,0.0001,0.0,9.331,0.8992,6.029
1152,stage1,1,0.33326876163482666,0.480355441570282,0.0,0.33326876163482666,0.0001,0.0,9.331,0.8978,0.3201
1153,stage1,1,0.28565773367881775,0.4619278907775879,0.0,0.28565773367881775,0.0001,0.0,9.331,0.8889,0.2721
1154,stage1,1,0.30510109663009644,0.46996423602104187,0.0,0.30510109663009644,0.0001,0.0,9.331,0.7261,0.2746
1155,stage1,1,0.3000824451446533,0.44621366262435913,0.0,0.3000824451446533,0.0001,0.0,9.331,0.9182,0.2746
1156,stage1,1,0.3249448537826538,0.47097545862197876,0.0,0.3249448537826538,0.0001,0.0,9.331,0.7803,0.2747
1157,stage1,1,0.2644169330596924,0.4277547001838684,0.0,0.2644169330596924,0.0001,0.0,9.331,0.8037,1.0208
1158,stage1,1,0.27226731181144714,0.4175562858581543,0.0,0.27226731181144714,0.0001,0.0,9.331,0.8096,0.2744
1159,stage1,1,0.3100960850715637,0.46973222494125366,0.0,0.3100960850715637,0.0001,0.0,9.331,0.801,5.8187
1160,stage1,1,0.3374358117580414,0.45155027508735657,0.0,0.3374358117580414,0.0001,0.0,9.331,0.9531,0.359
1161,stage1,1,0.321359246969223,0.43396270275115967,0.0,0.321359246969223,0.0001,0.0,9.331,0.8192,0.2743
1162,stage1,1,0.30844977498054504,0.44865715503692627,0.0,0.30844977498054504,0.0001,0.0,9.331,1.0517,0.327
1163,stage1,1,0.3270886242389679,0.454421728849411,0.0,0.3270886242389679,0.0001,0.0,9.331,0.8847,0.274
1164,stage1,1,0.2999339699745178,0.4304707944393158,0.0,0.2999339699745178,0.0001,0.0,9.331,0.9038,0.2742
1165,stage1,1,0.339554101228714,0.4475010335445404,0.0,0.339554101228714,0.0001,0.0,9.331,0.9432,1.2118
1166,stage1,1,0.3727322220802307,0.46055853366851807,0.0,0.3727322220802307,0.0001,0.0,9.331,1.0258,0.2735
1167,stage1,1,0.40289387106895447,0.4694564938545227,0.0,0.40289387106895447,0.0001,0.0,9.331,1.045,5.4564
1168,stage1,1,0.3021998703479767,0.4393440783023834,0.0,0.3021998703479767,0.0001,0.0,9.331,1.182,0.6447
1169,stage1,1,0.31591466069221497,0.45125827193260193,0.0,0.31591466069221497,0.0001,0.0,9.331,0.9434,0.2788
1170,stage1,1,0.31609728932380676,0.4379154443740845,0.0,0.31609728932380676,0.0001,0.0,9.331,0.9347,0.2734
1171,stage1,1,0.33782079815864563,0.45265573263168335,0.0,0.33782079815864563,0.0001,0.0,9.331,1.0696,0.2748
1172,stage1,1,0.33852171897888184,0.45919182896614075,0.0,0.33852171897888184,0.0001,0.0,9.331,0.7972,0.2748
1173,stage1,1,0.31675592064857483,0.45119836926460266,0.0,0.31675592064857483,0.0001,0.0,9.331,1.2847,1.2291
1174,stage1,1,0.29959210753440857,0.4794522821903229,0.0,0.29959210753440857,0.0001,0.0,9.331,0.923,0.2745
1175,stage1,1,0.31905320286750793,0.4761539697647095,0.0,0.31905320286750793,0.0001,0.0,9.331,1.0066,5.186
1176,stage1,1,0.3235318660736084,0.43802809715270996,0.0,0.3235318660736084,0.0001,0.0,9.331,1.2606,0.9097
1177,stage1,1,0.2918926775455475,0.4357210099697113,0.0,0.2918926775455475,0.0001,0.0,9.331,0.8995,0.2734
1178,stage1,1,0.2958451509475708,0.42971271276474,0.0,0.2958451509475708,0.0001,0.0,9.331,0.81,0.4595
1179,stage1,1,0.29896193742752075,0.453542023897171,0.0,0.29896193742752075,0.0001,0.0,9.331,0.7742,0.2743
1180,stage1,1,0.2879190444946289,0.4296339452266693,0.0,0.2879190444946289,0.0001,0.0,9.331,1.0253,0.275
1181,stage1,1,0.27169176936149597,0.4303210973739624,0.0,0.27169176936149597,0.0001,0.0,9.331,1.0464,0.9474
1182,stage1,1,0.27175065875053406,0.4581046998500824,0.0,0.27175065875053406,0.0001,0.0,9.331,0.8176,0.2736
1183,stage1,1,0.31096574664115906,0.4373580515384674,0.0,0.31096574664115906,0.0001,0.0,9.331,1.0336,5.2285
1184,stage1,1,0.2789658010005951,0.42999696731567383,0.0,0.2789658010005951,0.0001,0.0,9.331,0.8922,0.8225
1185,stage1,1,0.2704133689403534,0.42573103308677673,0.0,0.2704133689403534,0.0001,0.0,9.331,1.163,0.2744
1186,stage1,1,0.37652716040611267,0.4679936468601227,0.0,0.37652716040611267,0.0001,0.0,9.331,1.0311,0.4686
1187,stage1,1,0.31761136651039124,0.43416276574134827,0.0,0.31761136651039124,0.0001,0.0,9.331,0.9476,0.2756
1188,stage1,1,0.29500529170036316,0.42151179909706116,0.0,0.29500529170036316,0.0001,0.0,9.331,1.1382,0.2745
1189,stage1,1,0.27270448207855225,0.44200238585472107,0.0,0.27270448207855225,0.0001,0.0,9.331,1.2203,1.1462
1190,stage1,1,0.31077712774276733,0.4531729519367218,0.0,0.31077712774276733,0.0001,0.0,9.331,1.1439,0.2753
1191,stage1,1,0.33768072724342346,0.4346660077571869,0.0,0.33768072724342346,0.0001,0.0,9.331,1.0101,4.9437
1192,stage1,1,0.32780733704566956,0.44332125782966614,0.0,0.32780733704566956,0.0001,0.0,9.331,0.8537,1.0453
1193,stage1,1,0.28293877840042114,0.45172035694122314,0.0,0.28293877840042114,0.0001,0.0,9.331,0.8767,0.2741
1194,stage1,1,0.27979370951652527,0.46407008171081543,0.0,0.27979370951652527,0.0001,0.0,9.331,1.0453,0.2867
1195,stage1,1,0.2859254479408264,0.43753334879875183,0.0,0.2859254479408264,0.0001,0.0,9.331,0.859,0.2744
1196,stage1,1,0.32429081201553345,0.4429948329925537,0.0,0.32429081201553345,0.0001,0.0,9.331,0.9189,0.275
1197,stage1,1,0.3020656108856201,0.43841737508773804,0.0,0.3020656108856201,0.0001,0.0,9.331,1.1074,1.0369
1198,stage1,1,0.3584950566291809,0.45450133085250854,0.0,0.3584950566291809,0.0001,0.0,9.331,0.9993,0.2748
1199,stage1,1,0.314432293176651,0.4504270553588867,0.0,0.314432293176651,0.0001,0.0,9.331,0.9728,5.198
1200,stage1,1,0.2845139503479004,0.44812294840812683,0.0,0.2845139503479004,0.0001,0.0,9.331,0.9109,1.2139
1201,stage1,1,0.33796972036361694,0.4444718658924103,0.0,0.33796972036361694,0.0001,0.0,9.331,1.0785,0.2747
1202,stage1,1,0.3353657126426697,0.44386520981788635,0.0,0.3353657126426697,0.0001,0.0,9.331,0.9638,0.2798
1203,stage1,1,0.3467194437980652,0.4702260196208954,0.0,0.3467194437980652,0.0001,0.0,9.331,1.0124,0.2745
1204,stage1,1,0.3338804543018341,0.4579997658729553,0.0,0.3338804543018341,0.0001,0.0,9.331,0.9093,0.2751
1205,stage1,1,0.32252365350723267,0.4381224811077118,0.0,0.32252365350723267,0.0001,0.0,9.331,0.9708,0.6807
1206,stage1,1,0.2629578113555908,0.4539395868778229,0.0,0.2629578113555908,0.0001,0.0,9.331,0.9338,0.3183
1207,stage1,1,0.3212514817714691,0.434337854385376,0.0,0.3212514817714691,0.0001,0.0,9.331,0.944,5.3113
1208,stage1,1,0.37171486020088196,0.47767555713653564,0.0,0.37171486020088196,0.0001,0.0,9.331,0.8924,1.3008
1209,stage1,1,0.30986860394477844,0.45008617639541626,0.0,0.30986860394477844,0.0001,0.0,9.331,0.9995,0.2743
1210,stage1,1,0.29344701766967773,0.4304315745830536,0.0,0.29344701766967773,0.0001,0.0,9.331,0.9375,0.3861
1211,stage1,1,0.2924506664276123,0.42341282963752747,0.0,0.2924506664276123,0.0001,0.0,9.331,0.9157,0.2752
1212,stage1,1,0.3573898375034332,0.4702042043209076,0.0,0.3573898375034332,0.0001,0.0,9.331,1.1443,0.2748
1213,stage1,1,0.3187449872493744,0.45897719264030457,0.0,0.3187449872493744,0.0001,0.0,9.331,1.0902,0.4094
1214,stage1,1,0.2548174262046814,0.4308224618434906,0.0,0.2548174262046814,0.0001,0.0,9.331,0.815,0.6511
1215,stage1,1,0.31568148732185364,0.46646618843078613,0.0,0.31568148732185364,0.0001,0.0,9.331,1.097,4.9976
1216,stage1,1,0.2953365743160248,0.4547223150730133,0.0,0.2953365743160248,0.0001,0.0,9.331,0.9441,1.0889
1217,stage1,1,0.28159719705581665,0.44286927580833435,0.0,0.28159719705581665,0.0001,0.0,9.331,0.8768,0.2733
1218,stage1,1,0.3283131718635559,0.4376886487007141,0.0,0.3283131718635559,0.0001,0.0,9.331,1.1584,0.4906
1219,stage1,1,0.2809085547924042,0.4365491569042206,0.0,0.2809085547924042,0.0001,0.0,9.331,1.043,0.274
1220,stage1,1,0.3256083130836487,0.4739159643650055,0.0,0.3256083130836487,0.0001,0.0,9.331,0.8399,0.2762
1221,stage1,1,0.3614928126335144,0.47424548864364624,0.0,0.3614928126335144,0.0001,0.0,9.331,1.1424,0.3167
1222,stage1,1,0.3752141296863556,0.4836748242378235,0.0,0.3752141296863556,0.0001,0.0,9.331,0.9785,0.8232
1223,stage1,1,0.3042585551738739,0.4490874409675598,0.0,0.3042585551738739,0.0001,0.0,9.331,0.9259,4.8159
1224,stage1,1,0.26308107376098633,0.4549216032028198,0.0,0.26308107376098633,0.0001,0.0,9.331,1.067,0.9712
1225,stage1,1,0.2864140570163727,0.4371853470802307,0.0,0.2864140570163727,0.0001,0.0,9.331,0.8381,0.2765
1226,stage1,1,0.2954889237880707,0.44669556617736816,0.0,0.2954889237880707,0.0001,0.0,9.331,0.9001,0.7668
1227,stage1,1,0.3662826716899872,0.4467726945877075,0.0,0.3662826716899872,0.0001,0.0,9.331,0.9212,0.2746
1228,stage1,1,0.3128885328769684,0.4418995976448059,0.0,0.3128885328769684,0.0001,0.0,9.331,0.8715,0.2752
1229,stage1,1,0.34622809290885925,0.48444023728370667,0.0,0.34622809290885925,0.0001,0.0,9.331,0.9012,0.2751
1230,stage1,1,0.32512444257736206,0.44497308135032654,0.0,0.32512444257736206,0.0001,0.0,9.331,1.0818,0.8428
1231,stage1,1,0.2911679446697235,0.4306262135505676,0.0,0.2911679446697235,0.0001,0.0,9.331,1.0342,4.829
1232,stage1,1,0.30855414271354675,0.4555857181549072,0.0,0.30855414271354675,0.0001,0.0,9.331,0.9893,0.5797
1233,stage1,1,0.2974840998649597,0.42136695981025696,0.0,0.2974840998649597,0.0001,0.0,9.331,1.1292,0.4741
1234,stage1,1,0.30419623851776123,0.45586907863616943,0.0,0.30419623851776123,0.0001,0.0,9.331,0.8645,0.8639
1235,stage1,1,0.2855277955532074,0.3924199640750885,0.0,0.2855277955532074,0.0001,0.0,9.331,0.822,0.5889
1236,stage1,1,0.29919883608818054,0.45478811860084534,0.0,0.29919883608818054,0.0001,0.0,9.331,1.0011,0.2743
1237,stage1,1,0.27967119216918945,0.4225013852119446,0.0,0.27967119216918945,0.0001,0.0,9.331,0.7062,0.2748
1238,stage1,1,0.32471010088920593,0.45302146673202515,0.0,0.32471010088920593,0.0001,0.0,9.331,1.2071,0.6242
1239,stage1,1,0.2647797465324402,0.41592925786972046,0.0,0.2647797465324402,0.0001,0.0,9.331,1.0273,4.8847
1240,stage1,1,0.3403840661048889,0.45867273211479187,0.0,0.3403840661048889,0.0001,0.0,9.331,0.9863,0.2745
1241,stage1,1,0.318859726190567,0.4401388466358185,0.0,0.318859726190567,0.0001,0.0,9.331,0.9379,1.4202
1242,stage1,1,0.2860056459903717,0.4417930841445923,0.0,0.2860056459903717,0.0001,0.0,9.331,0.716,0.2747
1243,stage1,1,0.2937121093273163,0.4199541211128235,0.0,0.2937121093273163,0.0001,0.0,9.331,0.9853,0.5697
1244,stage1,1,0.27441346645355225,0.44008171558380127,0.0,0.27441346645355225,0.0001,0.0,9.331,1.0027,0.2739
1245,stage1,1,0.2906167507171631,0.4648016095161438,0.0,0.2906167507171631,0.0001,0.0,9.331,0.832,0.2754
1246,stage1,1,0.3073599636554718,0.44072529673576355,0.0,0.3073599636554718,0.0001,0.0,9.331,1.2163,0.4614
1247,stage1,1,0.28749048709869385,0.46260306239128113,0.0,0.28749048709869385,0.0001,0.0,9.331,0.8833,5.0677
1248,stage1,1,0.33359724283218384,0.46047142148017883,0.0,0.33359724283218384,0.0001,0.0,9.331,0.8093,0.2768
1249,stage1,1,0.29662221670150757,0.40407371520996094,0.0,0.29662221670150757,0.0001,0.0,9.331,0.8381,1.3587
1250,stage1,1,0.341471791267395,0.4421336352825165,0.0,0.341471791267395,0.0001,0.0,9.331,0.9767,0.2743
1251,stage1,1,0.25105440616607666,0.43343546986579895,0.0,0.25105440616607666,0.0001,0.0,9.331,0.9917,0.5934
1252,stage1,1,0.3786364793777466,0.4774893820285797,0.0,0.3786364793777466,0.0001,0.0,9.331,0.9192,0.2749
1253,stage1,1,0.2939825654029846,0.4470057785511017,0.0,0.2939825654029846,0.0001,0.0,9.331,1.0644,0.2745
1254,stage1,1,0.3604911267757416,0.4614560008049011,0.0,0.3604911267757416,0.0001,0.0,9.331,0.9523,0.4406
1255,stage1,1,0.3034312129020691,0.44238200783729553,0.0,0.3034312129020691,0.0001,0.0,9.331,1.0775,5.0541
1256,stage1,1,0.25075387954711914,0.4060736298561096,0.0,0.25075387954711914,0.0001,0.0,9.331,0.8882,0.2736
1257,stage1,1,0.25328177213668823,0.41455262899398804,0.0,0.25328177213668823,0.0001,0.0,9.331,0.8697,1.6513
1258,stage1,1,0.2832229733467102,0.42485642433166504,0.0,0.2832229733467102,0.0001,0.0,9.331,0.9037,0.2742
1259,stage1,1,0.3586846590042114,0.4535442292690277,0.0,0.3586846590042114,0.0001,0.0,9.331,1.1664,0.2872
1260,stage1,1,0.3158703148365021,0.46542811393737793,0.0,0.3158703148365021,0.0001,0.0,9.331,1.3271,0.2743
1261,stage1,1,0.33991745114326477,0.473708838224411,0.0,0.33991745114326477,0.0001,0.0,9.331,1.0268,0.2749
1262,stage1,1,0.248511403799057,0.4276359975337982,0.0,0.248511403799057,0.0001,0.0,9.331,0.9874,0.4606
1263,stage1,1,0.3029530942440033,0.451071172952652,0.0,0.3029530942440033,0.0001,0.0,9.331,1.1438,4.8399
1264,stage1,1,0.3128630220890045,0.44521960616111755,0.0,0.3128630220890045,0.0001,0.0,9.331,0.9623,0.2749
1265,stage1,1,0.27076032757759094,0.4194304645061493,0.0,0.27076032757759094,0.0001,0.0,9.331,0.9407,2.1035
1266,stage1,1,0.2720467746257782,0.44262048602104187,0.0,0.2720467746257782,0.0001,0.0,9.331,1.01,0.2743
1267,stage1,1,0.3260955512523651,0.4465882182121277,0.0,0.3260955512523651,0.0001,0.0,9.331,1.1722,0.2744
1268,stage1,1,0.3425455093383789,0.4379858672618866,0.0,0.3425455093383789,0.0001,0.0,9.331,1.0309,0.2746
1269,stage1,1,0.3132099211215973,0.43411514163017273,0.0,0.3132099211215973,0.0001,0.0,9.331,0.8593,0.2745
1270,stage1,1,0.30530422925949097,0.44109851121902466,0.0,0.30530422925949097,0.0001,0.0,9.331,0.9954,0.3619
1271,stage1,1,0.24466267228126526,0.404769629240036,0.0,0.24466267228126526,0.0001,0.0,9.331,0.805,4.7745
1272,stage1,1,0.28114524483680725,0.43548130989074707,0.0,0.28114524483680725,0.0001,0.0,9.331,1.1974,0.2741
1273,stage1,1,0.29675349593162537,0.4271143078804016,0.0,0.29675349593162537,0.0001,0.0,9.331,0.9047,2.2421
1274,stage1,1,0.4463055729866028,0.5165899991989136,0.0,0.4463055729866028,0.0001,0.0,9.331,1.358,0.2742
1275,stage1,1,0.2679018974304199,0.43801891803741455,0.0,0.2679018974304199,0.0001,0.0,9.331,1.1305,0.2744
1276,stage1,1,0.3486098647117615,0.45542263984680176,0.0,0.3486098647117615,0.0001,0.0,9.331,0.971,0.2755
1277,stage1,1,0.3313148617744446,0.45249995589256287,0.0,0.3313148617744446,0.0001,0.0,9.331,0.9001,0.2746
1278,stage1,1,0.36110422015190125,0.46007606387138367,0.0,0.36110422015190125,0.0001,0.0,9.331,1.2525,0.2753
1279,stage1,1,0.24520333111286163,0.40967848896980286,0.0,0.24520333111286163,0.0001,0.0,9.331,0.7068,4.5316
1280,stage1,1,0.30001887679100037,0.44627127051353455,0.0,0.30001887679100037,0.0001,0.0,9.331,0.8829,0.2745
1281,stage1,1,0.3241230547428131,0.46191152930259705,0.0,0.3241230547428131,0.0001,0.0,9.331,0.9699,2.4528
1282,stage1,1,0.31187763810157776,0.48909270763397217,0.0,0.31187763810157776,0.0001,0.0,9.331,0.98,0.2746
1283,stage1,1,0.3356344699859619,0.47117266058921814,0.0,0.3356344699859619,0.0001,0.0,9.331,0.7732,0.2751
1284,stage1,1,0.2739562392234802,0.45050716400146484,0.0,0.2739562392234802,0.0001,0.0,9.331,0.8473,0.2751
1285,stage1,1,0.3105272948741913,0.4485241770744324,0.0,0.3105272948741913,0.0001,0.0,9.331,0.8298,0.2755
1286,stage1,1,0.3081047236919403,0.4328588843345642,0.0,0.3081047236919403,0.0001,0.0,9.331,0.8003,0.2751
1287,stage1,1,0.34228000044822693,0.4574700891971588,0.0,0.34228000044822693,0.0001,0.0,9.331,0.7874,4.2921
1288,stage1,1,0.3616011440753937,0.46649134159088135,0.0,0.3616011440753937,0.0001,0.0,9.331,0.9215,0.2742
1289,stage1,1,0.2907373011112213,0.4205290377140045,0.0,0.2907373011112213,0.0001,0.0,9.331,1.2197,2.4644
1290,stage1,1,0.3008357584476471,0.4313020706176758,0.0,0.3008357584476471,0.0001,0.0,9.331,0.8189,0.2745
1291,stage1,1,0.31459617614746094,0.471248596906662,0.0,0.31459617614746094,0.0001,0.0,9.331,0.937,0.2754
1292,stage1,1,0.29940202832221985,0.4523624777793884,0.0,0.29940202832221985,0.0001,0.0,9.331,0.9471,0.2748
1293,stage1,1,0.32059383392333984,0.4573199450969696,0.0,0.32059383392333984,0.0001,0.0,9.331,0.9688,0.2752
1294,stage1,1,0.31252849102020264,0.4748855233192444,0.0,0.31252849102020264,0.0001,0.0,9.331,1.0477,0.3332
1295,stage1,1,0.27533406019210815,0.4236692190170288,0.0,0.27533406019210815,0.0001,0.0,9.331,0.8558,4.337
1296,stage1,1,0.3036651909351349,0.4403691589832306,0.0,0.3036651909351349,0.0001,0.0,9.331,0.9097,0.2743
1297,stage1,1,0.32481661438941956,0.42298996448516846,0.0,0.32481661438941956,0.0001,0.0,9.331,1.1624,2.4022
1298,stage1,1,0.3626907765865326,0.46295681595802307,0.0,0.3626907765865326,0.0001,0.0,9.331,1.0293,0.2742
1299,stage1,1,0.2539980411529541,0.4403277337551117,0.0,0.2539980411529541,0.0001,0.0,9.331,0.8455,0.2797
1300,stage1,1,0.28126171231269836,0.4205856919288635,0.0,0.28126171231269836,0.0001,0.0,9.331,0.8497,0.2733
1301,stage1,1,0.25916430354118347,0.42683130502700806,0.0,0.25916430354118347,0.0001,0.0,9.331,1.0228,0.2764
1302,stage1,1,0.3387560546398163,0.47040602564811707,0.0,0.3387560546398163,0.0001,0.0,9.331,0.8548,0.2754
1303,stage1,1,0.3406945765018463,0.43661242723464966,0.0,0.3406945765018463,0.0001,0.0,9.331,1.0637,4.3468
1304,stage1,1,0.25639984011650085,0.4144941568374634,0.0,0.25639984011650085,0.0001,0.0,9.331,0.8513,0.3437
1305,stage1,1,0.3068333566188812,0.44015511870384216,0.0,0.3068333566188812,0.0001,0.0,9.331,0.893,2.2655
1306,stage1,1,0.3397655487060547,0.4430396556854248,0.0,0.3397655487060547,0.0001,0.0,9.331,0.9186,0.2738
1307,stage1,1,0.33089926838874817,0.47133249044418335,0.0,0.33089926838874817,0.0001,0.0,9.331,1.0921,0.2753
1308,stage1,1,0.27102795243263245,0.42838460206985474,0.0,0.27102795243263245,0.0001,0.0,9.331,1.0226,0.2748
1309,stage1,1,0.3178884983062744,0.46271368861198425,0.0,0.3178884983062744,0.0001,0.0,9.331,0.8344,0.2762
1310,stage1,1,0.26455023884773254,0.41071999073028564,0.0,0.26455023884773254,0.0001,0.0,9.331,0.6842,0.2741
1311,stage1,1,0.30882662534713745,0.45235735177993774,0.0,0.30882662534713745,0.0001,0.0,9.331,0.961,4.5912
1312,stage1,1,0.2708794176578522,0.4212678372859955,0.0,0.2708794176578522,0.0001,0.0,9.331,0.8843,0.2733
1313,stage1,1,0.2873842716217041,0.45496413111686707,0.0,0.2873842716217041,0.0001,0.0,9.331,0.8173,2.1759
1314,stage1,1,0.33189594745635986,0.4466155767440796,0.0,0.33189594745635986,0.0001,0.0,9.331,1.1968,0.2748
1315,stage1,1,0.27783894538879395,0.41397982835769653,0.0,0.27783894538879395,0.0001,0.0,9.331,0.8721,0.2748
1316,stage1,1,0.2458934336900711,0.41297996044158936,0.0,0.2458934336900711,0.0001,0.0,9.331,0.7728,0.2754
1317,stage1,1,0.31456175446510315,0.4292692542076111,0.0,0.31456175446510315,0.0001,0.0,9.331,1.0973,0.3592
1318,stage1,1,0.3348790109157562,0.4953766167163849,0.0,0.3348790109157562,0.0001,0.0,9.331,0.8408,0.2748
1319,stage1,1,0.30138957500457764,0.4225597083568573,0.0,0.30138957500457764,0.0001,0.0,9.331,0.9504,4.4699
1320,stage1,1,0.27621397376060486,0.42835482954978943,0.0,0.27621397376060486,0.0001,0.0,9.331,0.828,0.2739
1321,stage1,1,0.2894419729709625,0.4419105648994446,0.0,0.2894419729709625,0.0001,0.0,9.331,1.0005,2.1678
1322,stage1,1,0.2798353433609009,0.4145035743713379,0.0,0.2798353433609009,0.0001,0.0,9.331,0.8978,0.2747
1323,stage1,1,0.34057390689849854,0.4524395167827606,0.0,0.34057390689849854,0.0001,0.0,9.331,0.9644,0.2754
1324,stage1,1,0.2933380603790283,0.4206036627292633,0.0,0.2933380603790283,0.0001,0.0,9.331,0.8128,0.2749
1325,stage1,1,0.3087465763092041,0.4287327229976654,0.0,0.3087465763092041,0.0001,0.0,9.331,0.8895,0.5938
1326,stage1,1,0.2854468822479248,0.44736799597740173,0.0,0.2854468822479248,0.0001,0.0,9.331,1.1445,0.2742
1327,stage1,1,0.2924775183200836,0.4566314220428467,0.0,0.2924775183200836,0.0001,0.0,9.331,0.9533,4.4095
1328,stage1,1,0.29329925775527954,0.43123099207878113,0.0,0.29329925775527954,0.0001,0.0,9.331,1.0984,0.2741
1329,stage1,1,0.33605334162712097,0.43736976385116577,0.0,0.33605334162712097,0.0001,0.0,9.331,0.9944,1.9697
1330,stage1,1,0.3300189971923828,0.46799445152282715,0.0,0.3300189971923828,0.0001,0.0,9.331,1.007,0.2744
1331,stage1,1,0.2571737766265869,0.4322032332420349,0.0,0.2571737766265869,0.0001,0.0,9.331,0.9649,0.2746
1332,stage1,1,0.3134765625,0.4571276605129242,0.0,0.3134765625,0.0001,0.0,9.331,1.283,0.2746
1333,stage1,1,0.335688054561615,0.4681592881679535,0.0,0.335688054561615,0.0001,0.0,9.331,1.2914,0.8237
1334,stage1,1,0.28748250007629395,0.48354434967041016,0.0,0.28748250007629395,0.0001,0.0,9.331,1.1103,0.2741
1335,stage1,1,0.2948397397994995,0.4234638214111328,0.0,0.2948397397994995,0.0001,0.0,9.331,0.8683,4.5211
1336,stage1,1,0.2611323893070221,0.41358494758605957,0.0,0.2611323893070221,0.0001,0.0,9.331,1.0001,0.2751
1337,stage1,1,0.2955767512321472,0.46616458892822266,0.0,0.2955767512321472,0.0001,0.0,9.331,1.0382,1.6719
1338,stage1,1,0.27352505922317505,0.4325143098831177,0.0,0.27352505922317505,0.0001,0.0,9.331,1.2009,0.2746
1339,stage1,1,0.33645617961883545,0.45337703824043274,0.0,0.33645617961883545,0.0001,0.0,9.331,1.1245,0.2755
1340,stage1,1,0.3302422761917114,0.4504948556423187,0.0,0.3302422761917114,0.0001,0.0,9.331,1.3408,0.2757
1341,stage1,1,0.29093819856643677,0.4503342807292938,0.0,0.29093819856643677,0.0001,0.0,9.331,0.9656,1.0635
1342,stage1,1,0.29716163873672485,0.4401497542858124,0.0,0.29716163873672485,0.0001,0.0,9.331,1.0423,0.2739
1343,stage1,1,0.2962542176246643,0.46268680691719055,0.0,0.2962542176246643,0.0001,0.0,9.331,1.3829,4.3086
1344,stage1,1,0.3054032623767853,0.4477090835571289,0.0,0.3054032623767853,0.0001,0.0,9.331,0.9594,0.2749
1345,stage1,1,0.2539695203304291,0.45607903599739075,0.0,0.2539695203304291,0.0001,0.0,9.331,0.9717,1.6354
1346,stage1,1,0.34989413619041443,0.48314279317855835,0.0,0.34989413619041443,0.0001,0.0,9.331,0.8747,0.2744
1347,stage1,1,0.298123300075531,0.4458571672439575,0.0,0.298123300075531,0.0001,0.0,9.331,1.0616,0.2752
1348,stage1,1,0.28291627764701843,0.44961196184158325,0.0,0.28291627764701843,0.0001,0.0,9.331,0.9722,0.2754
1349,stage1,1,0.2999022305011749,0.44729945063591003,0.0,0.2999022305011749,0.0001,0.0,9.331,1.1225,1.0468
1350,stage1,1,0.3122413158416748,0.4446215033531189,0.0,0.3122413158416748,0.0001,0.0,9.331,1.1276,0.2751
1351,stage1,1,0.34535837173461914,0.4385838508605957,0.0,0.34535837173461914,0.0001,0.0,9.331,1.0057,4.3904
1352,stage1,1,0.2824769914150238,0.45647695660591125,0.0,0.2824769914150238,0.0001,0.0,9.331,0.8796,0.2779
1353,stage1,1,0.31801286339759827,0.4567008316516876,0.0,0.31801286339759827,0.0001,0.0,9.331,1.1026,1.4239
1354,stage1,1,0.26184314489364624,0.4382774233818054,0.0,0.26184314489364624,0.0001,0.0,9.331,0.8032,0.2749
1355,stage1,1,0.2937144935131073,0.43891194462776184,0.0,0.2937144935131073,0.0001,0.0,9.331,0.9622,0.2748
1356,stage1,1,0.3367709517478943,0.447242796421051,0.0,0.3367709517478943,0.0001,0.0,9.331,0.875,0.275
1357,stage1,1,0.3553735911846161,0.48530685901641846,0.0,0.3553735911846161,0.0001,0.0,9.331,1.3192,1.4032
1358,stage1,1,0.3477247655391693,0.44096529483795166,0.0,0.3477247655391693,0.0001,0.0,9.331,1.1711,0.2747
1359,stage1,1,0.2911016345024109,0.46021702885627747,0.0,0.2911016345024109,0.0001,0.0,9.331,0.966,4.0371
1360,stage1,1,0.28984910249710083,0.4506836533546448,0.0,0.28984910249710083,0.0001,0.0,9.331,0.9456,0.2801
1361,stage1,1,0.29996246099472046,0.4545512795448303,0.0,0.29996246099472046,0.0001,0.0,9.331,1.0268,1.5229
1362,stage1,1,0.29981541633605957,0.43129006028175354,0.0,0.29981541633605957,0.0001,0.0,9.331,0.9099,0.2744
1363,stage1,1,0.32834330201148987,0.4262780249118805,0.0,0.32834330201148987,0.0001,0.0,9.331,1.0786,0.275
1364,stage1,1,0.2430209219455719,0.4145602285861969,0.0,0.2430209219455719,0.0001,0.0,9.331,0.7651,0.2752
1365,stage1,1,0.2851504385471344,0.45154932141304016,0.0,0.2851504385471344,0.0001,0.0,9.331,1.0364,1.3442
1366,stage1,1,0.23915471136569977,0.4013955593109131,0.0,0.23915471136569977,0.0001,0.0,9.331,0.821,0.2755
1367,stage1,1,0.3547486662864685,0.45760577917099,0.0,0.3547486662864685,0.0001,0.0,9.331,1.5217,3.914
1368,stage1,1,0.27702420949935913,0.4343947172164917,0.0,0.27702420949935913,0.0001,0.0,9.331,0.8024,0.2738
1369,stage1,1,0.28901907801628113,0.43495774269104004,0.0,0.28901907801628113,0.0001,0.0,9.331,0.9004,1.6974
1370,stage1,1,0.32191914319992065,0.44988197088241577,0.0,0.32191914319992065,0.0001,0.0,9.331,0.9511,0.2749
1371,stage1,1,0.3727110028266907,0.4517579674720764,0.0,0.3727110028266907,0.0001,0.0,9.331,1.1117,0.2751
1372,stage1,1,0.3296678364276886,0.4365564286708832,0.0,0.3296678364276886,0.0001,0.0,9.331,1.0132,0.2764
1373,stage1,1,0.2819709777832031,0.4312180280685425,0.0,0.2819709777832031,0.0001,0.0,9.331,1.1251,1.353
1374,stage1,1,0.3665122091770172,0.460601270198822,0.0,0.3665122091770172,0.0001,0.0,9.331,1.0487,0.9113
1375,stage1,1,0.26030680537223816,0.4130978584289551,0.0,0.26030680537223816,0.0001,0.0,9.331,0.9143,3.1813
1376,stage1,1,0.34118950366973877,0.44872522354125977,0.0,0.34118950366973877,0.0001,0.0,9.331,1.1244,0.3224
1377,stage1,1,0.34848442673683167,0.4555605947971344,0.0,0.34848442673683167,0.0001,0.0,9.331,1.0259,1.6339
1378,stage1,1,0.3220325708389282,0.46845516562461853,0.0,0.3220325708389282,0.0001,0.0,9.331,0.9819,1.1411
1379,stage1,1,0.334255188703537,0.45878928899765015,0.0,0.334255188703537,0.0001,0.0,9.331,1.1404,0.274
1380,stage1,1,0.3168843686580658,0.4382781684398651,0.0,0.3168843686580658,0.0001,0.0,9.331,0.9285,0.2744
1381,stage1,1,0.3230411410331726,0.4528115391731262,0.0,0.3230411410331726,0.0001,0.0,9.331,1.0337,0.562
1382,stage1,1,0.27533158659935,0.43596476316452026,0.0,0.27533158659935,0.0001,0.0,9.331,0.9504,1.2046
1383,stage1,1,0.2910589575767517,0.4704951047897339,0.0,0.2910589575767517,0.0001,0.0,9.331,0.8545,3.0528
1384,stage1,1,0.30213668942451477,0.43648314476013184,0.0,0.30213668942451477,0.0001,0.0,9.331,1.1369,0.333
1385,stage1,1,0.2799330949783325,0.4295642077922821,0.0,0.2799330949783325,0.0001,0.0,9.331,1.1596,1.7357
1386,stage1,1,0.2783803641796112,0.4182717204093933,0.0,0.2783803641796112,0.0001,0.0,9.331,0.7592,1.3365
1387,stage1,1,0.2802382707595825,0.43052297830581665,0.0,0.2802382707595825,0.0001,0.0,9.331,0.8572,0.2744
1388,stage1,1,0.35903429985046387,0.45419538021087646,0.0,0.35903429985046387,0.0001,0.0,9.331,1.0085,0.2743
1389,stage1,1,0.27880382537841797,0.4479130506515503,0.0,0.27880382537841797,0.0001,0.0,9.331,0.9287,0.276
1390,stage1,1,0.29502561688423157,0.41475626826286316,0.0,0.29502561688423157,0.0001,0.0,9.331,0.9431,1.1798
1391,stage1,1,0.259257048368454,0.4092993140220642,0.0,0.259257048368454,0.0001,0.0,9.331,0.8819,2.8058
1392,stage1,1,0.2952396869659424,0.4253014028072357,0.0,0.2952396869659424,0.0001,0.0,9.331,0.9901,0.4567
1393,stage1,1,0.3220878839492798,0.4621209502220154,0.0,0.3220878839492798,0.0001,0.0,9.331,1.068,1.7686
1394,stage1,1,0.30852261185646057,0.4683151841163635,0.0,0.30852261185646057,0.0001,0.0,9.331,1.0848,1.5746
1395,stage1,1,0.30380287766456604,0.41948139667510986,0.0,0.30380287766456604,0.0001,0.0,9.331,0.9548,0.2744
1396,stage1,1,0.34336504340171814,0.485286146402359,0.0,0.34336504340171814,0.0001,0.0,9.331,1.0213,0.2749
1397,stage1,1,0.2675938308238983,0.44118532538414,0.0,0.2675938308238983,0.0001,0.0,9.331,0.8379,0.275
1398,stage1,1,0.2277553379535675,0.39797917008399963,0.0,0.2277553379535675,0.0001,0.0,9.331,0.7831,0.9467
1399,stage1,1,0.30963122844696045,0.4648798406124115,0.0,0.30963122844696045,0.0001,0.0,9.331,1.0511,2.7632
1400,stage1,1,0.349185585975647,0.46718811988830566,0.0,0.349185585975647,0.0001,0.0,9.331,1.0178,0.5528
1401,stage1,1,0.33749762177467346,0.4212612807750702,0.0,0.33749762177467346,0.0001,0.0,9.331,1.1128,1.7406
1402,stage1,1,0.29729509353637695,0.4554122984409332,0.0,0.29729509353637695,0.0001,0.0,9.331,1.0461,1.9157
1403,stage1,1,0.3297653794288635,0.43219080567359924,0.0,0.3297653794288635,0.0001,0.0,9.331,1.2398,0.275
1404,stage1,1,0.32390037178993225,0.46018728613853455,0.0,0.32390037178993225,0.0001,0.0,9.331,1.0828,0.2753
1405,stage1,1,0.2894972562789917,0.45730265974998474,0.0,0.2894972562789917,0.0001,0.0,9.331,1.0474,0.2748
1406,stage1,1,0.3022122383117676,0.40843746066093445,0.0,0.3022122383117676,0.0001,0.0,9.331,0.9787,0.9066
1407,stage1,1,0.24694454669952393,0.42886415123939514,0.0,0.24694454669952393,0.0001,0.0,9.331,0.8348,2.4684
1408,stage1,1,0.33029043674468994,0.49026042222976685,0.0,0.33029043674468994,0.0001,0.0,9.331,1.081,0.6199
1409,stage1,1,0.28219354152679443,0.45616415143013,0.0,0.28219354152679443,0.0001,0.0,9.331,1.4463,1.6615
1410,stage1,1,0.2926374077796936,0.4710511863231659,0.0,0.2926374077796936,0.0001,0.0,9.331,1.2627,1.9244
1411,stage1,1,0.30358433723449707,0.4305574893951416,0.0,0.30358433723449707,0.0001,0.0,9.331,1.1293,0.2745
1412,stage1,1,0.2753775417804718,0.42859163880348206,0.0,0.2753775417804718,0.0001,0.0,9.331,1.1755,0.2757
1413,stage1,1,0.33605140447616577,0.46002399921417236,0.0,0.33605140447616577,0.0001,0.0,9.331,1.0628,0.2747
1414,stage1,1,0.2720033526420593,0.4187285900115967,0.0,0.2720033526420593,0.0001,0.0,9.331,1.0354,1.0218
1415,stage1,1,0.2979874312877655,0.4264426827430725,0.0,0.2979874312877655,0.0001,0.0,9.331,1.2099,2.2044
1416,stage1,1,0.24695032835006714,0.39955779910087585,0.0,0.24695032835006714,0.0001,0.0,9.331,0.88,0.8397
1417,stage1,1,0.298080712556839,0.4444897174835205,0.0,0.298080712556839,0.0001,0.0,9.331,1.1026,1.643
1418,stage1,1,0.2535111606121063,0.4183720350265503,0.0,0.2535111606121063,0.0001,0.0,9.331,0.8127,1.8984
1419,stage1,1,0.2856088876724243,0.45282283425331116,0.0,0.2856088876724243,0.0001,0.0,9.331,0.9729,0.2746
1420,stage1,1,0.32444724440574646,0.4450206160545349,0.0,0.32444724440574646,0.0001,0.0,9.331,1.0528,0.2744
1421,stage1,1,0.3030192255973816,0.4305607080459595,0.0,0.3030192255973816,0.0001,0.0,9.331,1.0938,0.2759
1422,stage1,1,0.26091280579566956,0.4519709646701813,0.0,0.26091280579566956,0.0001,0.0,9.331,0.897,1.0497
1423,stage1,1,0.2967104911804199,0.4273262917995453,0.0,0.2967104911804199,0.0001,0.0,9.331,1.0433,2.3386
1424,stage1,1,0.30275267362594604,0.4733528792858124,0.0,0.30275267362594604,0.0001,0.0,9.331,1.3248,0.7633
1425,stage1,1,0.3253081440925598,0.4954894483089447,0.0,0.3253081440925598,0.0001,0.0,9.331,1.2286,1.7743
1426,stage1,1,0.3278076648712158,0.4445444643497467,0.0,0.3278076648712158,0.0001,0.0,9.331,1.0723,1.848
1427,stage1,1,0.2950834035873413,0.428752601146698,0.0,0.2950834035873413,0.0001,0.0,9.331,1.0463,0.2742
1428,stage1,1,0.2699321508407593,0.45229077339172363,0.0,0.2699321508407593,0.0001,0.0,9.331,1.0383,0.2753
1429,stage1,1,0.33009669184684753,0.4738268554210663,0.0,0.33009669184684753,0.0001,0.0,9.331,1.5604,0.2755
1430,stage1,1,0.3028605878353119,0.44228148460388184,0.0,0.3028605878353119,0.0001,0.0,9.331,1.1318,1.0236
1431,stage1,1,0.29661309719085693,0.42674577236175537,0.0,0.29661309719085693,0.0001,0.0,9.331,0.8264,2.2577
1432,stage1,1,0.30998495221138,0.4489131569862366,0.0,0.30998495221138,0.0001,0.0,9.331,0.9372,0.8998
1433,stage1,1,0.27079519629478455,0.4346977174282074,0.0,0.27079519629478455,0.0001,0.0,9.331,1.0306,1.5476
1434,stage1,1,0.28093090653419495,0.45635688304901123,0.0,0.28093090653419495,0.0001,0.0,9.331,1.1042,1.7987
1435,stage1,1,0.2853468954563141,0.4426426291465759,0.0,0.2853468954563141,0.0001,0.0,9.331,1.3454,0.2732
1436,stage1,1,0.37870967388153076,0.4642776846885681,0.0,0.37870967388153076,0.0001,0.0,9.331,1.0249,0.2751
1437,stage1,1,0.2905842661857605,0.4493013322353363,0.0,0.2905842661857605,0.0001,0.0,9.331,0.9032,0.275
1438,stage1,1,0.2737267315387726,0.42682945728302,0.0,0.2737267315387726,0.0001,0.0,9.331,1.1416,1.7564
1439,stage1,1,0.2741968631744385,0.4212226867675781,0.0,0.2741968631744385,0.0001,0.0,9.331,1.0674,1.6983
1440,stage1,1,0.29073813557624817,0.4470953047275543,0.0,0.29073813557624817,0.0001,0.0,9.331,0.9786,0.8913
1441,stage1,1,0.30845412611961365,0.43148157000541687,0.0,0.30845412611961365,0.0001,0.0,9.331,1.0043,1.3175
1442,stage1,1,0.2496592104434967,0.41449475288391113,0.0,0.2496592104434967,0.0001,0.0,9.331,0.7207,1.96
1443,stage1,1,0.26580244302749634,0.4435676336288452,0.0,0.26580244302749634,0.0001,0.0,9.331,1.1542,0.2744
1444,stage1,1,0.2929220199584961,0.42802655696868896,0.0,0.2929220199584961,0.0001,0.0,9.331,0.9347,0.2749
1445,stage1,1,0.29382261633872986,0.4159609377384186,0.0,0.29382261633872986,0.0001,0.0,9.331,0.9974,0.3245
1446,stage1,1,0.3433070480823517,0.43176206946372986,0.0,0.3433070480823517,0.0001,0.0,9.331,1.1407,1.8525
1447,stage1,1,0.2553354501724243,0.40941306948661804,0.0,0.2553354501724243,0.0001,0.0,9.331,0.9204,1.6035
1448,stage1,1,0.2924371659755707,0.42171135544776917,0.0,0.2924371659755707,0.0001,0.0,9.331,0.8832,0.9334
1449,stage1,1,0.3149009943008423,0.426052063703537,0.0,0.3149009943008423,0.0001,0.0,9.331,1.1586,1.1762
1450,stage1,1,0.28205761313438416,0.4200124144554138,0.0,0.28205761313438416,0.0001,0.0,9.331,1.05,1.9781
1451,stage1,1,0.29405638575553894,0.4409008026123047,0.0,0.29405638575553894,0.0001,0.0,9.331,0.9742,0.274
1452,stage1,1,0.31230857968330383,0.4430355131626129,0.0,0.31230857968330383,0.0001,0.0,9.331,1.0266,0.2747
1453,stage1,1,0.3098936378955841,0.44791921973228455,0.0,0.3098936378955841,0.0001,0.0,9.331,0.88,0.9052
1454,stage1,1,0.3066941499710083,0.4595629870891571,0.0,0.3066941499710083,0.0001,0.0,9.331,1.8269,1.7476
1455,stage1,1,0.2930147647857666,0.45111408829689026,0.0,0.2930147647857666,0.0001,0.0,9.331,1.025,1.1346
1456,stage1,1,0.3208353519439697,0.4433634877204895,0.0,0.3208353519439697,0.0001,0.0,9.331,0.813,1.102
1457,stage1,1,0.22262343764305115,0.40138310194015503,0.0,0.22262343764305115,0.0001,0.0,9.331,0.8145,1.0366
1458,stage1,1,0.321697473526001,0.4652319848537445,0.0,0.321697473526001,0.0001,0.0,9.331,1.1129,1.8487
1459,stage1,1,0.3513137102127075,0.46618518233299255,0.0,0.3513137102127075,0.0001,0.0,9.331,1.297,0.275
1460,stage1,1,0.3170170187950134,0.4338919520378113,0.0,0.3170170187950134,0.0001,0.0,9.331,1.0226,0.2748
1461,stage1,1,0.31602248549461365,0.44934022426605225,0.0,0.31602248549461365,0.0001,0.0,9.331,0.9316,1.1755
1462,stage1,1,0.28695937991142273,0.4182353913784027,0.0,0.28695937991142273,0.0001,0.0,9.331,1.1977,1.6571
1463,stage1,1,0.33947068452835083,0.422842413187027,0.0,0.33947068452835083,0.0001,0.0,9.331,0.9498,1.0182
1464,stage1,1,0.3265012800693512,0.4488567113876343,0.0,0.3265012800693512,0.0001,0.0,9.331,0.9385,1.2227
1465,stage1,1,0.30875763297080994,0.4388795495033264,0.0,0.30875763297080994,0.0001,0.0,9.331,1.2015,0.8352
1466,stage1,1,0.27910152077674866,0.4348757863044739,0.0,0.27910152077674866,0.0001,0.0,9.331,1.066,2.2357
1467,stage1,1,0.2857626974582672,0.42923954129219055,0.0,0.2857626974582672,0.0001,0.0,9.331,0.971,0.2748
1468,stage1,1,0.3052840828895569,0.4490514397621155,0.0,0.3052840828895569,0.0001,0.0,9.331,0.8869,0.2743
1469,stage1,1,0.26882997155189514,0.44436174631118774,0.0,0.26882997155189514,0.0001,0.0,9.331,0.853,0.9487
1470,stage1,1,0.2978311777114868,0.4246487319469452,0.0,0.2978311777114868,0.0001,0.0,9.331,0.9354,1.7376
1471,stage1,1,0.3182052671909332,0.42165136337280273,0.0,0.3182052671909332,0.0001,0.0,9.331,1.2318,1.1252
1472,stage1,1,0.26789137721061707,0.4160761535167694,0.0,0.26789137721061707,0.0001,0.0,9.331,0.7813,1.4859
1473,stage1,1,0.25943809747695923,0.4078301191329956,0.0,0.25943809747695923,0.0001,0.0,9.331,0.8083,0.4798
1474,stage1,1,0.32527977228164673,0.44971826672554016,0.0,0.32527977228164673,0.0001,0.0,9.331,0.9791,2.3214
1475,stage1,1,0.28819602727890015,0.4363039433956146,0.0,0.28819602727890015,0.0001,0.0,9.331,1.0094,0.2745
1476,stage1,1,0.299590528011322,0.43886858224868774,0.0,0.299590528011322,0.0001,0.0,9.331,0.86,0.2748
1477,stage1,1,0.27664440870285034,0.4262944757938385,0.0,0.27664440870285034,0.0001,0.0,9.331,1.198,0.8185
1478,stage1,1,0.2665509581565857,0.44647935032844543,0.0,0.2665509581565857,0.0001,0.0,9.331,0.8288,2.0488
1479,stage1,1,0.2790931463241577,0.510063648223877,0.0,0.2790931463241577,0.0001,0.0,9.331,0.9207,1.0049
1480,stage1,1,0.2612244784832001,0.4061211347579956,0.0,0.2612244784832001,0.0001,0.0,9.331,0.7856,1.3023
1481,stage1,1,0.26834043860435486,0.42235067486763,0.0,0.26834043860435486,0.0001,0.0,9.331,0.9173,0.3582
1482,stage1,1,0.26656147837638855,0.4225251078605652,0.0,0.26656147837638855,0.0001,0.0,9.331,0.869,2.4283
1483,stage1,1,0.24422334134578705,0.414124995470047,0.0,0.24422334134578705,0.0001,0.0,9.331,1.0188,0.2743
1484,stage1,1,0.3176993727684021,0.4356308579444885,0.0,0.3176993727684021,0.0001,0.0,9.331,0.8527,0.275
1485,stage1,1,0.3348349332809448,0.45285722613334656,0.0,0.3348349332809448,0.0001,0.0,9.331,1.1867,0.9509
1486,stage1,1,0.3018341362476349,0.44469696283340454,0.0,0.3018341362476349,0.0001,0.0,9.331,0.9594,1.9476
1487,stage1,1,0.2926143407821655,0.43444275856018066,0.0,0.2926143407821655,0.0001,0.0,9.331,1.132,0.845
1488,stage1,1,0.2995959520339966,0.4555024802684784,0.0,0.2995959520339966,0.0001,0.0,9.331,1.1803,1.4215
1489,stage1,1,0.29948127269744873,0.4639577567577362,0.0,0.29948127269744873,0.0001,0.0,9.331,1.0164,0.3303
1490,stage1,1,0.2748677730560303,0.4504558742046356,0.0,0.2748677730560303,0.0001,0.0,9.331,1.1823,2.3789
1491,stage1,1,0.3324504792690277,0.46348637342453003,0.0,0.3324504792690277,0.0001,0.0,9.331,1.3206,0.2744
1492,stage1,1,0.2947326600551605,0.4358229339122772,0.0,0.2947326600551605,0.0001,0.0,9.331,1.0485,0.2749
1493,stage1,1,0.2968844473361969,0.437713623046875,0.0,0.2968844473361969,0.0001,0.0,9.331,0.9209,0.9336
1494,stage1,1,0.28377410769462585,0.417997270822525,0.0,0.28377410769462585,0.0001,0.0,9.331,0.9977,2.0607
1495,stage1,1,0.3100820779800415,0.4330330491065979,0.0,0.3100820779800415,0.0001,0.0,9.331,1.0404,0.734
1496,stage1,1,0.27779296040534973,0.43752574920654297,0.0,0.27779296040534973,0.0001,0.0,9.331,0.962,1.5398
1497,stage1,1,0.3074416220188141,0.460051029920578,0.0,0.3074416220188141,0.0001,0.0,9.331,1.0074,0.4193
1498,stage1,1,0.3452390432357788,0.46347397565841675,0.0,0.3452390432357788,0.0001,0.0,9.331,1.1853,2.0995
1499,stage1,1,0.32530835270881653,0.44708937406539917,0.0,0.32530835270881653,0.0001,0.0,9.331,0.9993,0.274
1500,stage1,1,0.313780277967453,0.4340607523918152,0.0,0.313780277967453,0.0001,0.0,9.331,1.1029,0.2753
1501,stage1,1,0.29278212785720825,0.4365183711051941,0.0,0.29278212785720825,0.0001,0.0,9.331,0.9819,1.0475
1502,stage1,1,0.3025786578655243,0.43145808577537537,0.0,0.3025786578655243,0.0001,0.0,9.331,1.0393,2.2042
1503,stage1,1,0.3642304241657257,0.4762193560600281,0.0,0.3642304241657257,0.0001,0.0,9.331,1.0127,0.5814
1504,stage1,1,0.32091113924980164,0.4569091796875,0.0,0.32091113924980164,0.0001,0.0,9.331,1.1718,1.5677
1505,stage1,1,0.2775087356567383,0.4186321496963501,0.0,0.2775087356567383,0.0001,0.0,9.331,0.9234,0.2749
1506,stage1,1,0.28425222635269165,0.43413230776786804,0.0,0.28425222635269165,0.0001,0.0,9.331,0.9874,2.2761
1507,stage1,1,0.29901784658432007,0.43539029359817505,0.0,0.29901784658432007,0.0001,0.0,9.331,1.1542,0.2744
1508,stage1,1,0.27215850353240967,0.4482569396495819,0.0,0.27215850353240967,0.0001,0.0,9.331,0.94,0.2751
1509,stage1,1,0.2939181625843048,0.47701066732406616,0.0,0.2939181625843048,0.0001,0.0,9.331,1.0149,1.0397
1510,stage1,1,0.3556297719478607,0.4610214829444885,0.0,0.3556297719478607,0.0001,0.0,9.331,0.9951,2.1466
1511,stage1,1,0.2808600068092346,0.4326852262020111,0.0,0.2808600068092346,0.0001,0.0,9.331,1.0632,0.579
1512,stage1,1,0.2525784969329834,0.43948420882225037,0.0,0.2525784969329834,0.0001,0.0,9.331,0.9394,1.5928
1513,stage1,1,0.30383625626564026,0.4634396433830261,0.0,0.30383625626564026,0.0001,0.0,9.331,1.0418,0.2747
1514,stage1,1,0.2583657503128052,0.4236209988594055,0.0,0.2583657503128052,0.0001,0.0,9.331,0.9908,2.4646
1515,stage1,1,0.30381014943122864,0.42785096168518066,0.0,0.30381014943122864,0.0001,0.0,9.331,0.8761,0.2748
1516,stage1,1,0.291745662689209,0.43812453746795654,0.0,0.291745662689209,0.0001,0.0,9.331,0.9941,0.2745
1517,stage1,1,0.28157028555870056,0.44573792815208435,0.0,0.28157028555870056,0.0001,0.0,9.331,0.9586,0.8627
1518,stage1,1,0.2649393677711487,0.41724392771720886,0.0,0.2649393677711487,0.0001,0.0,9.331,0.9063,2.9087
1519,stage1,1,0.2514464557170868,0.4208105802536011,0.0,0.2514464557170868,0.0001,0.0,9.331,0.9604,0.274
1520,stage1,1,0.2802644371986389,0.4467300474643707,0.0,0.2802644371986389,0.0001,0.0,9.331,1.0197,1.0908
1521,stage1,1,0.2719757556915283,0.46102166175842285,0.0,0.2719757556915283,0.0001,0.0,9.331,1.2069,0.2741
1522,stage1,1,0.24304069578647614,0.44190430641174316,0.0,0.24304069578647614,0.0001,0.0,9.331,0.9899,2.6758
1523,stage1,1,0.2892748713493347,0.4172975718975067,0.0,0.2892748713493347,0.0001,0.0,9.331,1.0302,0.274
1524,stage1,1,0.29865744709968567,0.4444963037967682,0.0,0.29865744709968567,0.0001,0.0,9.331,0.9384,0.2746
1525,stage1,1,0.297027051448822,0.43658021092414856,0.0,0.297027051448822,0.0001,0.0,9.331,0.9957,0.5454
1526,stage1,1,0.30834269523620605,0.4457259476184845,0.0,0.30834269523620605,0.0001,0.0,9.331,1.0254,3.4573
1527,stage1,1,0.2630290389060974,0.4271746575832367,0.0,0.2630290389060974,0.0001,0.0,9.331,0.8707,0.2741
1528,stage1,1,0.23804888129234314,0.4326235055923462,0.0,0.23804888129234314,0.0001,0.0,9.331,0.7888,0.6181
1529,stage1,1,0.2793157696723938,0.40782180428504944,0.0,0.2793157696723938,0.0001,0.0,9.331,0.9539,0.274
1530,stage1,1,0.325390100479126,0.449236661195755,0.0,0.325390100479126,0.0001,0.0,9.331,1.0591,2.8975
1531,stage1,1,0.3081189692020416,0.4330648183822632,0.0,0.3081189692020416,0.0001,0.0,9.331,0.8065,0.2742
1532,stage1,1,0.3176158368587494,0.45686429738998413,0.0,0.3176158368587494,0.0001,0.0,9.331,1.07,0.2806
1533,stage1,1,0.278252512216568,0.4312383830547333,0.0,0.278252512216568,0.0001,0.0,9.331,0.7174,0.2692
1534,stage1,1,0.2417999804019928,0.4080018699169159,0.0,0.2417999804019928,0.0001,0.0,9.331,0.907,4.0068
1535,stage1,1,0.27329301834106445,0.4203411936759949,0.0,0.27329301834106445,0.0001,0.0,9.331,0.8394,0.2746
1536,stage1,1,0.2765088379383087,0.4127694368362427,0.0,0.2765088379383087,0.0001,0.0,9.331,0.8916,0.281
1537,stage1,1,0.3036595582962036,0.44599562883377075,0.0,0.3036595582962036,0.0001,0.0,9.331,0.9398,0.2751
1538,stage1,1,0.2907721698284149,0.4391980767250061,0.0,0.2907721698284149,0.0001,0.0,9.331,1.1271,2.9511
1539,stage1,1,0.2392640858888626,0.4053782820701599,0.0,0.2392640858888626,0.0001,0.0,9.331,0.8824,0.2741
1540,stage1,1,0.27587127685546875,0.463981568813324,0.0,0.27587127685546875,0.0001,0.0,9.331,0.8858,0.2753
1541,stage1,1,0.2898705005645752,0.43077176809310913,0.0,0.2898705005645752,0.0001,0.0,9.331,1.0671,0.2751
1542,stage1,1,0.30373361706733704,0.4475375711917877,0.0,0.30373361706733704,0.0001,0.0,9.331,0.9525,4.2786
1543,stage1,1,0.2679096758365631,0.4545961320400238,0.0,0.2679096758365631,0.0001,0.0,9.331,0.818,0.2744
1544,stage1,1,0.32047751545906067,0.43107929825782776,0.0,0.32047751545906067,0.0001,0.0,9.331,0.9414,0.2749
1545,stage1,1,0.2947559952735901,0.4458470344543457,0.0,0.2947559952735901,0.0001,0.0,9.331,0.9328,0.2743
1546,stage1,1,0.28635087609291077,0.4220387935638428,0.0,0.28635087609291077,0.0001,0.0,9.331,0.8336,2.6256
1547,stage1,1,0.3100006580352783,0.43009474873542786,0.0,0.3100006580352783,0.0001,0.0,9.331,1.2404,0.2744
1548,stage1,1,0.2459970861673355,0.41356709599494934,0.0,0.2459970861673355,0.0001,0.0,9.331,0.8012,0.2749
1549,stage1,1,0.24658741056919098,0.42250263690948486,0.0,0.24658741056919098,0.0001,0.0,9.331,0.9242,0.2754
1550,stage1,1,0.3351272940635681,0.45222458243370056,0.0,0.3351272940635681,0.0001,0.0,9.331,1.0919,4.1757
1551,stage1,1,0.2982175350189209,0.4049745798110962,0.0,0.2982175350189209,0.0001,0.0,9.331,0.8694,0.274
1552,stage1,1,0.2718583941459656,0.4230804741382599,0.0,0.2718583941459656,0.0001,0.0,9.331,0.8635,0.2747
1553,stage1,1,0.3547540307044983,0.4518570899963379,0.0,0.3547540307044983,0.0001,0.0,9.331,1.176,0.2752
1554,stage1,1,0.33122342824935913,0.4655364155769348,0.0,0.33122342824935913,0.0001,0.0,9.331,0.9559,2.5439
1555,stage1,1,0.2905639410018921,0.43120718002319336,0.0,0.2905639410018921,0.0001,0.0,9.331,0.9535,0.2743
1556,stage1,1,0.3182888627052307,0.4342718720436096,0.0,0.3182888627052307,0.0001,0.0,9.331,1.065,0.2746
1557,stage1,1,0.22441229224205017,0.4422709345817566,0.0,0.22441229224205017,0.0001,0.0,9.331,0.8528,0.2747
1558,stage1,1,0.34630870819091797,0.4550761580467224,0.0,0.34630870819091797,0.0001,0.0,9.331,1.1885,4.3522
1559,stage1,1,0.27762913703918457,0.41230806708335876,0.0,0.27762913703918457,0.0001,0.0,9.331,1.2002,0.2744
1560,stage1,1,0.295989066362381,0.44631510972976685,0.0,0.295989066362381,0.0001,0.0,9.331,0.9716,0.2747
1561,stage1,1,0.3125459849834442,0.46024253964424133,0.0,0.3125459849834442,0.0001,0.0,9.331,0.9486,0.2747
1562,stage1,1,0.3086198568344116,0.45610320568084717,0.0,0.3086198568344116,0.0001,0.0,9.331,1.0869,2.3919
1563,stage1,1,0.26354116201400757,0.473890483379364,0.0,0.26354116201400757,0.0001,0.0,9.331,1.1276,0.4305
1564,stage1,1,0.2854465842247009,0.4275544583797455,0.0,0.2854465842247009,0.0001,0.0,9.331,1.1948,0.2738
1565,stage1,1,0.3107687532901764,0.44076773524284363,0.0,0.3107687532901764,0.0001,0.0,9.331,0.972,0.2751
1566,stage1,1,0.3116653859615326,0.46036452054977417,0.0,0.3116653859615326,0.0001,0.0,9.331,1.1119,4.208
1567,stage1,1,0.3037676215171814,0.422421395778656,0.0,0.3037676215171814,0.0001,0.0,9.331,0.9829,0.2737
1568,stage1,1,0.33109942078590393,0.4253223240375519,0.0,0.33109942078590393,0.0001,0.0,9.331,1.062,0.2739
1569,stage1,1,0.2707504630088806,0.41455182433128357,0.0,0.2707504630088806,0.0001,0.0,9.331,1.2229,0.2757
1570,stage1,1,0.2235102504491806,0.4237433671951294,0.0,0.2235102504491806,0.0001,0.0,9.331,0.986,2.346
1571,stage1,1,0.318684846162796,0.427334725856781,0.0,0.318684846162796,0.0001,0.0,9.331,1.1848,0.5383
1572,stage1,1,0.3194501996040344,0.4490968883037567,0.0,0.3194501996040344,0.0001,0.0,9.331,1.1029,0.2746
1573,stage1,1,0.2617703676223755,0.41416874527931213,0.0,0.2617703676223755,0.0001,0.0,9.331,1.0059,0.2752
1574,stage1,1,0.25056880712509155,0.40485846996307373,0.0,0.25056880712509155,0.0001,0.0,9.331,0.8593,4.3885
1575,stage1,1,0.316186785697937,0.43828681111335754,0.0,0.316186785697937,0.0001,0.0,9.331,1.1109,0.2746
1576,stage1,1,0.273136168718338,0.4370364248752594,0.0,0.273136168718338,0.0001,0.0,9.331,1.3119,0.2748
1577,stage1,1,0.27930906414985657,0.43409913778305054,0.0,0.27930906414985657,0.0001,0.0,9.331,1.104,0.2755
1578,stage1,1,0.26754114031791687,0.4150889813899994,0.0,0.26754114031791687,0.0001,0.0,9.331,0.8849,2.6179
1579,stage1,1,0.28004685044288635,0.44171959161758423,0.0,0.28004685044288635,0.0001,0.0,9.331,1.2207,0.2738
1580,stage1,1,0.24874722957611084,0.41615065932273865,0.0,0.24874722957611084,0.0001,0.0,9.331,1.0675,0.2756
1581,stage1,1,0.2579767107963562,0.417863130569458,0.0,0.2579767107963562,0.0001,0.0,9.331,1.0592,0.2746
1582,stage1,1,0.26782453060150146,0.41946694254875183,0.0,0.26782453060150146,0.0001,0.0,9.331,0.993,4.2234
1583,stage1,1,0.2563680410385132,0.38458630442619324,0.0,0.2563680410385132,0.0001,0.0,9.331,0.8979,0.2738
1584,stage1,1,0.27283257246017456,0.4138233959674835,0.0,0.27283257246017456,0.0001,0.0,9.331,1.1552,0.2745
1585,stage1,1,0.3055979013442993,0.45818832516670227,0.0,0.3055979013442993,0.0001,0.0,9.331,0.9117,0.275
1586,stage1,1,0.29514849185943604,0.4224516451358795,0.0,0.29514849185943604,0.0001,0.0,9.331,1.0294,2.6094
1587,stage1,1,0.25042715668678284,0.4459918737411499,0.0,0.25042715668678284,0.0001,0.0,9.331,0.7894,0.2741
1588,stage1,1,0.25822532176971436,0.41151854395866394,0.0,0.25822532176971436,0.0001,0.0,9.331,0.9587,0.2757
1589,stage1,1,0.2527642548084259,0.4150100648403168,0.0,0.2527642548084259,0.0001,0.0,9.331,0.8019,0.2754
1590,stage1,1,0.33961716294288635,0.45947209000587463,0.0,0.33961716294288635,0.0001,0.0,9.331,1.1574,4.3583
1591,stage1,1,0.2654934525489807,0.4433946907520294,0.0,0.2654934525489807,0.0001,0.0,9.331,0.8805,0.2739
1592,stage1,1,0.27319255471229553,0.4192805290222168,0.0,0.27319255471229553,0.0001,0.0,9.331,1.0575,0.2746
1593,stage1,1,0.2884841859340668,0.48137345910072327,0.0,0.2884841859340668,0.0001,0.0,9.331,1.2686,0.275
1594,stage1,1,0.3246660530567169,0.45307210087776184,0.0,0.3246660530567169,0.0001,0.0,9.331,0.9549,2.2969
1595,stage1,1,0.2642117738723755,0.4249301552772522,0.0,0.2642117738723755,0.0001,0.0,9.331,0.8895,0.2746
1596,stage1,1,0.3005056083202362,0.46416428685188293,0.0,0.3005056083202362,0.0001,0.0,9.331,0.9928,0.2749
1597,stage1,1,0.33032289147377014,0.4568635821342468,0.0,0.33032289147377014,0.0001,0.0,9.331,1.1205,0.4039
1598,stage1,1,0.2900639474391937,0.423983097076416,0.0,0.2900639474391937,0.0001,0.0,9.331,1.059,4.3408
1599,stage1,1,0.2956596314907074,0.46612682938575745,0.0,0.2956596314907074,0.0001,0.0,9.331,1.0481,0.2746
1600,stage1,1,0.27838268876075745,0.41317862272262573,0.0,0.27838268876075745,0.0001,0.0,9.331,0.8936,0.2744
1601,stage1,1,0.29220154881477356,0.4126743674278259,0.0,0.29220154881477356,0.0001,0.0,9.331,1.0413,0.2759
1602,stage1,1,0.32283952832221985,0.44046008586883545,0.0,0.32283952832221985,0.0001,0.0,9.331,1.4399,2.3029
1603,stage1,1,0.2535139322280884,0.4087836742401123,0.0,0.2535139322280884,0.0001,0.0,9.331,1.108,0.2745
1604,stage1,1,0.2644473612308502,0.4005888104438782,0.0,0.2644473612308502,0.0001,0.0,9.331,0.7425,0.281
1605,stage1,1,0.250029057264328,0.4095832109451294,0.0,0.250029057264328,0.0001,0.0,9.331,0.8889,0.2735
1606,stage1,1,0.2591056227684021,0.4585513770580292,0.0,0.2591056227684021,0.0001,0.0,9.331,0.7482,4.477
1607,stage1,1,0.3032515347003937,0.438923180103302,0.0,0.3032515347003937,0.0001,0.0,9.331,1.0022,0.2734
1608,stage1,1,0.36192455887794495,0.4480300545692444,0.0,0.36192455887794495,0.0001,0.0,9.331,1.0962,0.2741
1609,stage1,1,0.2706303000450134,0.43955421447753906,0.0,0.2706303000450134,0.0001,0.0,9.331,0.8731,0.2757
1610,stage1,1,0.2795846164226532,0.4131300747394562,0.0,0.2795846164226532,0.0001,0.0,9.331,1.1291,2.2534
1611,stage1,1,0.294526606798172,0.43545085191726685,0.0,0.294526606798172,0.0001,0.0,9.331,0.912,0.2745
1612,stage1,1,0.32493463158607483,0.44166481494903564,0.0,0.32493463158607483,0.0001,0.0,9.331,0.9784,0.2752
1613,stage1,1,0.2542794942855835,0.41973015666007996,0.0,0.2542794942855835,0.0001,0.0,9.331,0.9103,0.2752
1614,stage1,1,0.2839982509613037,0.46100056171417236,0.0,0.2839982509613037,0.0001,0.0,9.331,0.7492,4.5252
1615,stage1,1,0.2842622995376587,0.44987061619758606,0.0,0.2842622995376587,0.0001,0.0,9.331,1.0908,0.2747
1616,stage1,1,0.2623577117919922,0.44114160537719727,0.0,0.2623577117919922,0.0001,0.0,9.331,1.0106,0.2741
1617,stage1,1,0.28910911083221436,0.4355611503124237,0.0,0.28910911083221436,0.0001,0.0,9.331,1.2491,0.2755
1618,stage1,1,0.2625589966773987,0.3964475393295288,0.0,0.2625589966773987,0.0001,0.0,9.331,0.8623,2.5014
1619,stage1,1,0.33005741238594055,0.4421689510345459,0.0,0.33005741238594055,0.0001,0.0,9.331,1.0129,0.2739
1620,stage1,1,0.2857780456542969,0.4639067053794861,0.0,0.2857780456542969,0.0001,0.0,9.331,1.1923,0.2753
1621,stage1,1,0.28002092242240906,0.4105361998081207,0.0,0.28002092242240906,0.0001,0.0,9.331,1.0668,0.2757
1622,stage1,1,0.2645877003669739,0.41412997245788574,0.0,0.2645877003669739,0.0001,0.0,9.331,1.1497,4.2619
1623,stage1,1,0.28446125984191895,0.43371307849884033,0.0,0.28446125984191895,0.0001,0.0,9.331,0.9847,0.2738
1624,stage1,1,0.3058953583240509,0.4447798430919647,0.0,0.3058953583240509,0.0001,0.0,9.331,1.1019,0.2743
1625,stage1,1,0.26374801993370056,0.4188995659351349,0.0,0.26374801993370056,0.0001,0.0,9.331,1.1377,0.2751
1626,stage1,1,0.3184678256511688,0.4398079216480255,0.0,0.3184678256511688,0.0001,0.0,9.331,1.2795,2.5396
1627,stage1,1,0.23707623779773712,0.4265561103820801,0.0,0.23707623779773712,0.0001,0.0,9.331,0.8702,0.2741
1628,stage1,1,0.28863102197647095,0.45453131198883057,0.0,0.28863102197647095,0.0001,0.0,9.331,1.0145,0.2742
1629,stage1,1,0.2853597402572632,0.4695848524570465,0.0,0.2853597402572632,0.0001,0.0,9.331,0.9522,0.2748
1630,stage1,1,0.25874894857406616,0.3984934687614441,0.0,0.25874894857406616,0.0001,0.0,9.331,0.9488,4.1345
1631,stage1,1,0.24971632659435272,0.4211147725582123,0.0,0.24971632659435272,0.0001,0.0,9.331,0.9672,0.274
1632,stage1,1,0.2835249602794647,0.4456470310688019,0.0,0.2835249602794647,0.0001,0.0,9.331,1.1099,0.274
1633,stage1,1,0.27210551500320435,0.4034333825111389,0.0,0.27210551500320435,0.0001,0.0,9.331,1.1144,0.2754
1634,stage1,1,0.25508609414100647,0.40429922938346863,0.0,0.25508609414100647,0.0001,0.0,9.331,1.0798,2.6769
1635,stage1,1,0.2685626149177551,0.4375612139701843,0.0,0.2685626149177551,0.0001,0.0,9.331,0.9693,0.2748
1636,stage1,1,0.22301775217056274,0.393307626247406,0.0,0.22301775217056274,0.0001,0.0,9.331,0.7357,0.2746
1637,stage1,1,0.23838864266872406,0.41952717304229736,0.0,0.23838864266872406,0.0001,0.0,9.331,1.0155,0.2746
1638,stage1,1,0.275976300239563,0.4168337285518646,0.0,0.275976300239563,0.0001,0.0,9.331,1.291,4.1139
1639,stage1,1,0.30447104573249817,0.4589402675628662,0.0,0.30447104573249817,0.0001,0.0,9.331,1.1058,0.2741
1640,stage1,1,0.35544756054878235,0.4845961630344391,0.0,0.35544756054878235,0.0001,0.0,9.331,1.207,0.2746
1641,stage1,1,0.2897941768169403,0.4260641634464264,0.0,0.2897941768169403,0.0001,0.0,9.331,1.0171,0.276
1642,stage1,1,0.3059596121311188,0.42088761925697327,0.0,0.3059596121311188,0.0001,0.0,9.331,1.0791,2.6827
1643,stage1,1,0.2726750373840332,0.4407426416873932,0.0,0.2726750373840332,0.0001,0.0,9.331,0.9127,0.2748
1644,stage1,1,0.29851311445236206,0.42518940567970276,0.0,0.29851311445236206,0.0001,0.0,9.331,1.2536,0.2747
1645,stage1,1,0.33144402503967285,0.43745818734169006,0.0,0.33144402503967285,0.0001,0.0,9.331,1.5035,0.2745
1646,stage1,1,0.3217271864414215,0.4847452938556671,0.0,0.3217271864414215,0.0001,0.0,9.331,0.9215,4.0517
1647,stage1,1,0.24301105737686157,0.4497809410095215,0.0,0.24301105737686157,0.0001,0.0,9.331,0.8029,0.2745
1648,stage1,1,0.29333025217056274,0.4495002031326294,0.0,0.29333025217056274,0.0001,0.0,9.331,1.0844,0.2749
1649,stage1,1,0.3102599084377289,0.4263424277305603,0.0,0.3102599084377289,0.0001,0.0,9.331,0.9485,0.2746
1650,stage2,0,0.24719731509685516,0.4178208112716675,0.0,0.24719731509685516,0.0001,2e-08,48.228,2.9796,9.4501
1651,stage2,0,0.3127203583717346,0.4344295859336853,0.0,0.3127203583717346,0.0001,4e-08,50.113,3.8426,0.6181
1652,stage2,0,0.2668628394603729,0.4104747176170349,0.0,0.2668628394603729,0.0001,6.000000000000001e-08,50.131,3.2211,0.6201
1653,stage2,0,0.2730972170829773,0.4268585741519928,0.0,0.2730972170829773,0.0001,8e-08,50.124,2.9017,0.621
1654,stage2,0,0.2779181897640228,0.41583895683288574,0.0,0.2779181897640228,0.0001,1.0000000000000001e-07,50.123,3.0186,0.622
1655,stage2,0,0.2933709919452667,0.44615864753723145,0.0,0.2933709919452667,0.0001,1.2000000000000002e-07,50.125,3.1628,0.6224
1656,stage2,0,0.29924124479293823,0.44887474179267883,0.0,0.29924124479293823,0.0001,1.4e-07,50.123,3.3976,0.6222
1657,stage2,0,0.312788724899292,0.4421103000640869,0.0,0.312788724899292,0.0001,1.6e-07,50.127,3.6628,0.6221
1658,stage2,0,0.2920384407043457,0.42901524901390076,0.0,0.2920384407043457,0.0001,1.8e-07,50.122,3.118,3.7693
1659,stage2,0,0.3140885531902313,0.43304717540740967,0.0,0.3140885531902313,0.0001,2.0000000000000002e-07,50.123,3.548,0.6221
1660,stage2,0,0.25970128178596497,0.4398016035556793,0.0,0.25970128178596497,0.0001,2.2e-07,50.122,2.987,0.6223
1661,stage2,0,0.2851369380950928,0.4242483973503113,0.0,0.2851369380950928,0.0001,2.4000000000000003e-07,50.122,3.5974,0.6226
1662,stage2,0,0.2809969484806061,0.41186636686325073,0.0,0.2809969484806061,0.0001,2.6e-07,50.126,3.1143,0.6237
1663,stage2,0,0.23957324028015137,0.43105095624923706,0.0,0.23957324028015137,0.0001,2.8e-07,50.126,2.7362,0.6233
1664,stage2,0,0.2620348632335663,0.4258778989315033,0.0,0.2620348632335663,0.0001,3.0000000000000004e-07,50.126,3.0534,0.624
1665,stage2,0,0.26205316185951233,0.43285825848579407,0.0,0.26205316185951233,0.0001,3.2e-07,50.127,2.8383,0.6242
1666,stage2,0,0.31460267305374146,0.44444459676742554,0.0,0.31460267305374146,0.0001,3.4000000000000003e-07,50.122,3.7933,3.9038
1667,stage2,0,0.27572694420814514,0.41889363527297974,0.0,0.27572694420814514,0.0001,3.6e-07,50.126,3.2496,0.6235
1668,stage2,0,0.28240299224853516,0.43426597118377686,0.0,0.28240299224853516,0.0001,3.8e-07,50.121,3.6067,0.6229
1669,stage2,0,0.2837808430194855,0.4475865960121155,0.0,0.2837808430194855,0.0001,4.0000000000000003e-07,50.125,3.8681,0.6231
1670,stage2,0,0.2870035469532013,0.45246684551239014,0.0,0.2870035469532013,0.0001,4.2000000000000006e-07,50.126,3.7316,0.6247
1671,stage2,0,0.2807022035121918,0.4277574419975281,0.0,0.2807022035121918,0.0001,4.4e-07,50.125,3.6472,0.6246
1672,stage2,0,0.2621293067932129,0.44886472821235657,0.0,0.2621293067932129,0.0001,4.6000000000000004e-07,50.126,2.7623,0.6248
1673,stage2,0,0.31885388493537903,0.4435770511627197,0.0,0.31885388493537903,0.0001,4.800000000000001e-07,50.13,3.4213,0.6251
1674,stage2,0,0.2558692991733551,0.41371381282806396,0.0,0.2558692991733551,0.0001,5.000000000000001e-07,50.126,3.672,3.9929
1675,stage2,0,0.245712012052536,0.4013773798942566,0.0,0.245712012052536,0.0001,5.2e-07,50.126,3.1515,0.6256
1676,stage2,0,0.3112082779407501,0.4193457365036011,0.0,0.3112082779407501,0.0001,5.4e-07,50.13,4.2485,0.624
1677,stage2,0,0.24640026688575745,0.41340959072113037,0.0,0.24640026688575745,0.0001,5.6e-07,50.126,3.0903,0.6252
1678,stage2,0,0.26208141446113586,0.4508782625198364,0.0,0.26208141446113586,0.0001,5.800000000000001e-07,50.126,2.9856,0.6254
1679,stage2,0,0.2892813980579376,0.40650153160095215,0.0,0.2892813980579376,0.0001,6.000000000000001e-07,50.123,4.0347,0.6262
1680,stage2,0,0.32402363419532776,0.45285990834236145,0.0,0.32402363419532776,0.0001,6.200000000000001e-07,50.123,3.6523,0.6258
1681,stage2,0,0.27014780044555664,0.4323907494544983,0.0,0.27014780044555664,0.0001,6.4e-07,50.124,2.9619,0.6263
1682,stage2,0,0.3207448124885559,0.44848865270614624,0.0,0.3207448124885559,0.0001,6.6e-07,50.128,3.6752,3.8618
1683,stage2,0,0.294712096452713,0.4277762174606323,0.0,0.294712096452713,0.0001,6.800000000000001e-07,50.126,2.9743,0.6258
1684,stage2,0,0.23644481599330902,0.4251399040222168,0.0,0.23644481599330902,0.0001,7.000000000000001e-07,50.127,3.2771,0.6267
1685,stage2,0,0.29919740557670593,0.45529547333717346,0.0,0.29919740557670593,0.0001,7.2e-07,50.127,3.0942,0.6273
1686,stage2,0,0.2548304498195648,0.46621063351631165,0.0,0.2548304498195648,0.0001,7.4e-07,50.128,3.6716,0.6277
1687,stage2,0,0.23339158296585083,0.3885436952114105,0.0,0.23339158296585083,0.0001,7.6e-07,50.127,3.1236,0.6278
1688,stage2,0,0.23640625178813934,0.41275182366371155,0.0,0.23640625178813934,0.0001,7.8e-07,50.127,3.2004,0.6263
1689,stage2,0,0.2711934447288513,0.419712096452713,0.0,0.2711934447288513,0.0001,8.000000000000001e-07,50.127,2.9215,0.6261
1690,stage2,0,0.2991712987422943,0.44737815856933594,0.0,0.2991712987422943,0.0001,8.200000000000001e-07,50.125,3.6529,3.9443
1691,stage2,0,0.2640104591846466,0.39930757880210876,0.0,0.2640104591846466,0.0001,8.400000000000001e-07,50.126,3.2427,0.6271
1692,stage2,0,0.26982712745666504,0.40451276302337646,0.0,0.26982712745666504,0.0001,8.6e-07,50.123,3.768,0.6274
1693,stage2,0,0.2538764774799347,0.4226020574569702,0.0,0.2538764774799347,0.0001,8.8e-07,50.125,3.6997,0.6271
1694,stage2,0,0.2532356083393097,0.382213830947876,0.0,0.2532356083393097,0.0001,9.000000000000001e-07,50.126,3.4573,0.6266
1695,stage2,0,0.269033819437027,0.42255735397338867,0.0,0.269033819437027,0.0001,9.200000000000001e-07,50.127,3.7651,0.6271
1696,stage2,0,0.27941033244132996,0.4231049716472626,0.0,0.27941033244132996,0.0001,9.400000000000001e-07,50.127,3.4405,0.6266
1697,stage2,0,0.2997719645500183,0.4437592923641205,0.0,0.2997719645500183,0.0001,9.600000000000001e-07,50.129,3.8287,0.6279
1698,stage2,0,0.26195910573005676,0.38733869791030884,0.0,0.26195910573005676,0.0001,9.800000000000001e-07,50.132,2.7949,3.8461
1699,stage2,0,0.2429116666316986,0.39165276288986206,0.0,0.2429116666316986,0.0001,1.0000000000000002e-06,50.124,3.0589,0.6273
1700,stage2,0,0.2864384651184082,0.41517624258995056,0.0,0.2864384651184082,0.0001,1.02e-06,50.122,3.1793,0.6276
1701,stage2,0,0.30279597640037537,0.4252696931362152,0.0,0.30279597640037537,0.0001,1.04e-06,50.124,3.7916,0.6271
1702,stage2,0,0.2647552490234375,0.412378191947937,0.0,0.2647552490234375,0.0001,1.06e-06,50.121,3.4253,0.6265
1703,stage2,0,0.2921570837497711,0.46005967259407043,0.0,0.2921570837497711,0.0001,1.08e-06,50.127,3.9183,0.6275
1704,stage2,0,0.22532111406326294,0.4049862325191498,0.0,0.22532111406326294,0.0001,1.1e-06,50.126,3.0969,0.6283
1705,stage2,0,0.31668636202812195,0.46272972226142883,0.0,0.31668636202812195,0.0001,1.12e-06,50.126,4.1601,0.6284
1706,stage2,0,0.2605624198913574,0.4234175682067871,0.0,0.2605624198913574,0.0001,1.14e-06,50.124,3.33,3.8341
1707,stage2,0,0.28780892491340637,0.46015316247940063,0.0,0.28780892491340637,0.0001,1.1600000000000001e-06,50.129,4.3663,0.6288
1708,stage2,0,0.29008230566978455,0.4313829839229584,0.0,0.29008230566978455,0.0001,1.1800000000000001e-06,50.129,3.0604,0.6268
1709,stage2,0,0.2847955822944641,0.425115704536438,0.0,0.2847955822944641,0.0001,1.2000000000000002e-06,50.129,3.4749,0.6274
1710,stage2,0,0.27597954869270325,0.43661773204803467,0.0,0.27597954869270325,0.0001,1.2200000000000002e-06,50.128,3.3542,0.6275
1711,stage2,0,0.24798333644866943,0.41203275322914124,0.0,0.24798333644866943,0.0001,1.2400000000000002e-06,50.123,3.1092,0.6274
1712,stage2,0,0.31157761812210083,0.45460015535354614,0.0,0.31157761812210083,0.0001,1.26e-06,50.124,5.1282,0.6278
1713,stage2,0,0.2662477195262909,0.44591060280799866,0.0,0.2662477195262909,0.0001,1.28e-06,50.128,4.3909,0.6288
1714,stage2,0,0.29507386684417725,0.42641106247901917,0.0,0.29507386684417725,0.0001,1.3e-06,50.128,3.3342,3.8481
1715,stage2,0,0.23868213593959808,0.4235462546348572,0.0,0.23868213593959808,0.0001,1.32e-06,50.129,3.1305,0.6265
1716,stage2,0,0.3030870258808136,0.41911303997039795,0.0,0.3030870258808136,0.0001,1.34e-06,50.127,3.5646,0.6277
1717,stage2,0,0.2646690905094147,0.40190282464027405,0.0,0.2646690905094147,0.0001,1.3600000000000001e-06,50.125,3.1364,0.6284
1718,stage2,0,0.2449313998222351,0.42052793502807617,0.0,0.2449313998222351,0.0001,1.3800000000000001e-06,50.129,3.2722,0.6283
1719,stage2,0,0.2737519145011902,0.448413610458374,0.0,0.2737519145011902,0.0001,1.4000000000000001e-06,50.129,3.5037,0.6289
1720,stage2,0,0.23039312660694122,0.38156476616859436,0.0,0.23039312660694122,0.0001,1.42e-06,50.125,2.8074,0.6294
1721,stage2,0,0.26988327503204346,0.4127938449382782,0.0,0.26988327503204346,0.0001,1.44e-06,50.127,2.7335,0.6298
1722,stage2,0,0.242706760764122,0.3938022553920746,0.0,0.242706760764122,0.0001,1.46e-06,50.126,2.9445,3.867
1723,stage2,0,0.26321089267730713,0.4123128354549408,0.0,0.26321089267730713,0.0001,1.48e-06,50.127,3.5333,0.6275
1724,stage2,0,0.282568097114563,0.42440271377563477,0.0,0.282568097114563,0.0001,1.5e-06,50.126,3.5755,0.6279
1725,stage2,0,0.2526353895664215,0.4091978073120117,0.0,0.2526353895664215,0.0001,1.52e-06,50.126,3.1711,0.6288
1726,stage2,0,0.2921297252178192,0.43677908182144165,0.0,0.2921297252178192,0.0001,1.54e-06,50.125,4.056,0.6283
1727,stage2,0,0.28462129831314087,0.44488653540611267,0.0,0.28462129831314087,0.0001,1.56e-06,50.123,3.4847,0.6291
1728,stage2,0,0.30736953020095825,0.44915738701820374,0.0,0.30736953020095825,0.0001,1.5800000000000001e-06,50.127,4.0073,0.6296
1729,stage2,0,0.2893439531326294,0.431327223777771,0.0,0.2893439531326294,0.0001,1.6000000000000001e-06,50.129,3.185,0.63
1730,stage2,0,0.2534601092338562,0.4481712579727173,0.0,0.2534601092338562,0.0001,1.6200000000000002e-06,50.127,3.2726,3.9125
1731,stage2,0,0.2862798869609833,0.4508771002292633,0.0,0.2862798869609833,0.0001,1.6400000000000002e-06,50.127,3.3998,0.6284
1732,stage2,0,0.2328547239303589,0.4157526195049286,0.0,0.2328547239303589,0.0001,1.6600000000000002e-06,50.13,3.5343,0.6282
1733,stage2,0,0.2800983786582947,0.42691168189048767,0.0,0.2800983786582947,0.0001,1.6800000000000002e-06,50.132,3.4124,0.6291
1734,stage2,0,0.29811370372772217,0.42506396770477295,0.0,0.29811370372772217,0.0001,1.7000000000000002e-06,50.127,3.4381,0.6291
1735,stage2,0,0.2656843364238739,0.4198960065841675,0.0,0.2656843364238739,0.0001,1.72e-06,50.126,3.1348,0.6295
1736,stage2,0,0.3587113320827484,0.4581281840801239,0.0,0.3587113320827484,0.0001,1.74e-06,50.13,4.5089,0.6301
1737,stage2,0,0.26472440361976624,0.4263715445995331,0.0,0.26472440361976624,0.0001,1.76e-06,50.13,4.157,0.6309
1738,stage2,0,0.2736421227455139,0.43090710043907166,0.0,0.2736421227455139,0.0001,1.7800000000000001e-06,50.131,2.8645,3.9848
1739,stage2,0,0.2696633040904999,0.4244796931743622,0.0,0.2696633040904999,0.0001,1.8000000000000001e-06,50.128,3.4649,0.6283
1740,stage2,0,0.26204240322113037,0.43920865654945374,0.0,0.26204240322113037,0.0001,1.8200000000000002e-06,50.131,2.8221,0.6291
1741,stage2,0,0.29784515500068665,0.429625928401947,0.0,0.29784515500068665,0.0001,1.8400000000000002e-06,50.131,3.6167,0.6294
1742,stage2,0,0.26175209879875183,0.42989519238471985,0.0,0.26175209879875183,0.0001,1.8600000000000002e-06,50.127,3.8843,0.6294
1743,stage2,0,0.28836023807525635,0.4316785931587219,0.0,0.28836023807525635,0.0001,1.8800000000000002e-06,50.128,3.2975,0.6299
1744,stage2,0,0.2853964865207672,0.4184194803237915,0.0,0.2853964865207672,0.0001,1.9000000000000002e-06,50.13,3.8705,0.6299
1745,stage2,0,0.22921545803546906,0.4415504038333893,0.0,0.22921545803546906,0.0001,1.9200000000000003e-06,50.128,2.8357,0.6299
1746,stage2,0,0.22788262367248535,0.40576687455177307,0.0,0.22788262367248535,0.0001,1.94e-06,50.135,3.2152,3.9233
1747,stage2,0,0.276746928691864,0.42655402421951294,0.0,0.276746928691864,0.0001,1.9600000000000003e-06,50.131,2.9903,0.629
1748,stage2,0,0.2614055275917053,0.4128841161727905,0.0,0.2614055275917053,0.0001,1.98e-06,50.129,3.5493,0.6299
1749,stage2,0,0.24949654936790466,0.4101548492908478,0.0,0.24949654936790466,0.0001,2.0000000000000003e-06,50.13,3.2455,0.63
1750,stage2,0,0.25872603058815,0.4267524480819702,0.0,0.25872603058815,0.0001,2.02e-06,50.13,3.0688,0.6308
1751,stage2,0,0.314208060503006,0.4546891748905182,0.0,0.314208060503006,0.0001,2.04e-06,50.129,3.6271,0.6303
1752,stage2,0,0.2576253116130829,0.4187166392803192,0.0,0.2576253116130829,0.0001,2.06e-06,50.126,3.2916,0.631
1753,stage2,0,0.2570403814315796,0.4024520814418793,0.0,0.2570403814315796,0.0001,2.08e-06,50.129,3.6314,0.6318
1754,stage2,0,0.23645934462547302,0.4037802219390869,0.0,0.23645934462547302,0.0001,2.1000000000000002e-06,50.125,3.1017,3.9221
1755,stage2,0,0.2638757824897766,0.41801878809928894,0.0,0.2638757824897766,0.0001,2.12e-06,50.131,3.1563,0.6288
1756,stage2,0,0.2937348783016205,0.4331182539463043,0.0,0.2937348783016205,0.0001,2.1400000000000003e-06,50.126,3.4693,0.629
1757,stage2,0,0.23991230130195618,0.40527769923210144,0.0,0.23991230130195618,0.0001,2.16e-06,50.127,3.6291,0.6308
1758,stage2,0,0.25701114535331726,0.4019872546195984,0.0,0.25701114535331726,0.0001,2.1800000000000003e-06,50.123,3.2259,0.6303
1759,stage2,0,0.27479320764541626,0.4084091782569885,0.0,0.27479320764541626,0.0001,2.2e-06,50.125,3.4907,0.631
1760,stage2,0,0.2483326941728592,0.4220201075077057,0.0,0.2483326941728592,0.0001,2.2200000000000003e-06,50.124,4.1855,0.6314
1761,stage2,0,0.25549736618995667,0.41186824440956116,0.0,0.25549736618995667,0.0001,2.24e-06,50.123,3.0362,0.631
1762,stage2,0,0.27742570638656616,0.4575134217739105,0.0,0.27742570638656616,0.0001,2.2600000000000004e-06,50.121,3.2274,3.9495
1763,stage2,0,0.3002243936061859,0.46357211470603943,0.0,0.3002243936061859,0.0001,2.28e-06,50.123,3.4958,0.6295
1764,stage2,0,0.2658751308917999,0.411939799785614,0.0,0.2658751308917999,0.0001,2.3000000000000004e-06,50.126,2.7388,0.6301
1765,stage2,0,0.35222095251083374,0.4516807496547699,0.0,0.35222095251083374,0.0001,2.3200000000000002e-06,50.125,3.7925,0.63
1766,stage2,0,0.29463332891464233,0.4144575297832489,0.0,0.29463332891464233,0.0001,2.3400000000000005e-06,50.123,3.0431,0.6303
1767,stage2,0,0.2989761233329773,0.4510132670402527,0.0,0.2989761233329773,0.0001,2.3600000000000003e-06,50.119,3.895,0.6308
1768,stage2,0,0.24225199222564697,0.42017462849617004,0.0,0.24225199222564697,0.0001,2.38e-06,50.121,2.7236,0.631
1769,stage2,0,0.28116247057914734,0.4251985549926758,0.0,0.28116247057914734,0.0001,2.4000000000000003e-06,50.121,3.5316,0.6319
1770,stage2,0,0.2858209013938904,0.40704596042633057,0.0,0.2858209013938904,0.0001,2.42e-06,50.119,2.665,3.7801
1771,stage2,0,0.26504167914390564,0.4276801347732544,0.0,0.26504167914390564,0.0001,2.4400000000000004e-06,50.118,3.6278,0.6296
1772,stage2,0,0.32390090823173523,0.44251883029937744,0.0,0.32390090823173523,0.0001,2.46e-06,50.126,4.674,0.6297
1773,stage2,0,0.29364392161369324,0.4366005063056946,0.0,0.29364392161369324,0.0001,2.4800000000000004e-06,50.123,3.4661,0.6308
1774,stage2,0,0.2759358286857605,0.4273448586463928,0.0,0.2759358286857605,0.0001,2.5e-06,50.123,3.0677,0.6305
1775,stage2,0,0.2583337426185608,0.4206171929836273,0.0,0.2583337426185608,0.0001,2.52e-06,50.119,2.8264,0.6309
1776,stage2,0,0.29859989881515503,0.42794185876846313,0.0,0.29859989881515503,0.0001,2.5400000000000002e-06,50.126,4.8379,0.6313
1777,stage2,0,0.25114136934280396,0.4288727641105652,0.0,0.25114136934280396,0.0001,2.56e-06,50.125,2.9395,0.6311
1778,stage2,0,0.25328826904296875,0.4440322816371918,0.0,0.25328826904296875,0.0001,2.5800000000000003e-06,50.119,3.3779,3.9174
1779,stage2,0,0.3054731488227844,0.42237675189971924,0.0,0.3054731488227844,0.0001,2.6e-06,50.118,3.7083,0.6302
1780,stage2,0,0.21840858459472656,0.3996754288673401,0.0,0.21840858459472656,0.0001,2.6200000000000003e-06,50.122,2.703,0.6306
1781,stage2,0,0.2859818637371063,0.4138592779636383,0.0,0.2859818637371063,0.0001,2.64e-06,50.122,3.8354,0.6306
1782,stage2,0,0.2882290482521057,0.43761125206947327,0.0,0.2882290482521057,0.0001,2.6600000000000004e-06,50.122,4.407,0.6309
1783,stage2,0,0.27147355675697327,0.4078481197357178,0.0,0.27147355675697327,0.0001,2.68e-06,50.126,2.831,0.6306
1784,stage2,0,0.24003641307353973,0.38889312744140625,0.0,0.24003641307353973,0.0001,2.7000000000000004e-06,50.12,2.8526,0.6313
1785,stage2,0,0.3063358962535858,0.42465296387672424,0.0,0.3063358962535858,0.0001,2.7200000000000002e-06,50.123,3.603,0.6322
1786,stage2,0,0.2668627202510834,0.4434553384780884,0.0,0.2668627202510834,0.0001,2.7400000000000004e-06,50.125,3.8079,3.8636
1787,stage2,0,0.28116658329963684,0.4163476228713989,0.0,0.28116658329963684,0.0001,2.7600000000000003e-06,50.12,3.6498,0.6296
1788,stage2,0,0.282397985458374,0.41584035754203796,0.0,0.282397985458374,0.0001,2.7800000000000005e-06,50.121,3.745,0.6304
1789,stage2,0,0.24854503571987152,0.40956827998161316,0.0,0.24854503571987152,0.0001,2.8000000000000003e-06,50.12,3.2211,0.6302
1790,stage2,0,0.29883307218551636,0.4235106110572815,0.0,0.29883307218551636,0.0001,2.82e-06,50.118,3.0955,0.6305
1791,stage2,0,0.24624603986740112,0.4605431854724884,0.0,0.24624603986740112,0.0001,2.84e-06,50.125,3.6572,0.6315
1792,stage2,0,0.26233118772506714,0.39701777696609497,0.0,0.26233118772506714,0.0001,2.86e-06,50.125,3.2004,0.6315
1793,stage2,0,0.27905717492103577,0.4139156639575958,0.0,0.27905717492103577,0.0001,2.88e-06,50.123,3.3686,0.6315
1794,stage2,0,0.2918005883693695,0.4223942160606384,0.0,0.2918005883693695,0.0001,2.9e-06,50.122,4.2652,3.7102
1795,stage2,0,0.24260953068733215,0.4220055043697357,0.0,0.24260953068733215,0.0001,2.92e-06,50.126,3.4941,0.6296
1796,stage2,0,0.2526124119758606,0.39602017402648926,0.0,0.2526124119758606,0.0001,2.9400000000000002e-06,50.122,3.2926,0.6307
1797,stage2,0,0.2636079788208008,0.4361133277416229,0.0,0.2636079788208008,0.0001,2.96e-06,50.121,3.7043,0.6314
1798,stage2,0,0.29900455474853516,0.4350486397743225,0.0,0.29900455474853516,0.0001,2.9800000000000003e-06,50.12,3.6247,0.6319
1799,stage2,0,0.2415774166584015,0.42290744185447693,0.0,0.2415774166584015,0.0001,3e-06,50.12,3.1795,0.6313
1800,stage2,0,0.2749940752983093,0.4161379635334015,0.0,0.2749940752983093,0.0001,3.0200000000000003e-06,50.117,3.694,0.6322
1801,stage2,0,0.29657629132270813,0.4103960394859314,0.0,0.29657629132270813,0.0001,3.04e-06,50.126,3.4445,0.6326
1802,stage2,0,0.27473995089530945,0.4644564986228943,0.0,0.27473995089530945,0.0001,3.0600000000000003e-06,50.122,3.5967,3.7605
1803,stage2,0,0.3270651400089264,0.4360872507095337,0.0,0.3270651400089264,0.0001,3.08e-06,50.121,4.8686,0.6302
1804,stage2,0,0.26725682616233826,0.42337262630462646,0.0,0.26725682616233826,0.0001,3.1000000000000004e-06,50.12,3.2913,0.6315
1805,stage2,0,0.24442176520824432,0.40866461396217346,0.0,0.24442176520824432,0.0001,3.12e-06,50.119,3.3676,0.6312
1806,stage2,0,0.26428312063217163,0.43129634857177734,0.0,0.26428312063217163,0.0001,3.1400000000000004e-06,50.121,3.8848,0.6316
1807,stage2,0,0.22795836627483368,0.4092549979686737,0.0,0.22795836627483368,0.0001,3.1600000000000002e-06,50.117,3.2036,0.632
1808,stage2,0,0.2867310047149658,0.4197266399860382,0.0,0.2867310047149658,0.0001,3.1800000000000005e-06,50.118,3.0868,0.6323
1809,stage2,0,0.2632278501987457,0.4398709535598755,0.0,0.2632278501987457,0.0001,3.2000000000000003e-06,50.12,3.2907,0.6323
1810,stage2,0,0.240403413772583,0.4205703139305115,0.0,0.240403413772583,0.0001,3.2200000000000005e-06,50.121,3.013,3.8724
1811,stage2,0,0.2789531946182251,0.4020664393901825,0.0,0.2789531946182251,0.0001,3.2400000000000003e-06,50.122,3.947,0.6305
1812,stage2,0,0.280802458524704,0.4273465871810913,0.0,0.280802458524704,0.0001,3.2600000000000006e-06,50.118,3.4052,0.6307
1813,stage2,0,0.2367454618215561,0.4220028817653656,0.0,0.2367454618215561,0.0001,3.2800000000000004e-06,50.118,3.2219,0.6309
1814,stage2,0,0.26454848051071167,0.40718919038772583,0.0,0.26454848051071167,0.0001,3.3000000000000006e-06,50.116,3.5279,0.6319
1815,stage2,0,0.2629891037940979,0.41039881110191345,0.0,0.2629891037940979,0.0001,3.3200000000000004e-06,50.12,3.5237,0.6326
1816,stage2,0,0.2447434812784195,0.4035756587982178,0.0,0.2447434812784195,0.0001,3.3400000000000006e-06,50.121,2.9453,0.6324
1817,stage2,0,0.2553328275680542,0.4351256787776947,0.0,0.2553328275680542,0.0001,3.3600000000000004e-06,50.122,3.3582,0.6324
1818,stage2,0,0.26575931906700134,0.4047994315624237,0.0,0.26575931906700134,0.0001,3.3800000000000007e-06,50.128,3.3708,3.7694
1819,stage2,0,0.21404439210891724,0.4006960988044739,0.0,0.21404439210891724,0.0001,3.4000000000000005e-06,50.124,3.1776,0.631
1820,stage2,0,0.2543441355228424,0.4404204487800598,0.0,0.2543441355228424,0.0001,3.4200000000000007e-06,50.122,3.2616,0.6307
1821,stage2,0,0.22014392912387848,0.41595351696014404,0.0,0.22014392912387848,0.0001,3.44e-06,50.121,3.0682,0.631
1822,stage2,0,0.24150370061397552,0.45261237025260925,0.0,0.24150370061397552,0.0001,3.46e-06,50.123,3.457,0.6316
1823,stage2,0,0.2542201280593872,0.4019116759300232,0.0,0.2542201280593872,0.0001,3.48e-06,50.121,3.0965,0.6326
1824,stage2,0,0.2985273003578186,0.4206441342830658,0.0,0.2985273003578186,0.0001,3.5e-06,50.126,4.2035,0.6329
1825,stage2,0,0.2576424479484558,0.3931567072868347,0.0,0.2576424479484558,0.0001,3.52e-06,50.128,3.0223,0.6324
1826,stage2,0,0.23545773327350616,0.4130594730377197,0.0,0.23545773327350616,0.0001,3.54e-06,50.124,3.0443,3.7815
1827,stage2,0,0.27107664942741394,0.42074671387672424,0.0,0.27107664942741394,0.0001,3.5600000000000002e-06,50.123,3.6406,0.6309
1828,stage2,0,0.2796536684036255,0.4284571409225464,0.0,0.2796536684036255,0.0001,3.58e-06,50.124,3.3705,0.6303
1829,stage2,0,0.25396403670310974,0.40974336862564087,0.0,0.25396403670310974,0.0001,3.6000000000000003e-06,50.123,3.1528,0.631
1830,stage2,0,0.25289398431777954,0.4282977879047394,0.0,0.25289398431777954,0.0001,3.62e-06,50.126,4.3628,0.6322
1831,stage2,0,0.3272097110748291,0.4144110083580017,0.0,0.3272097110748291,0.0001,3.6400000000000003e-06,50.123,3.959,0.6316
1832,stage2,0,0.21763932704925537,0.39924514293670654,0.0,0.21763932704925537,0.0001,3.66e-06,50.123,3.3768,0.6321
1833,stage2,0,0.2598029375076294,0.40521878004074097,0.0,0.2598029375076294,0.0001,3.6800000000000003e-06,50.121,3.2609,0.6327
1834,stage2,0,0.27727827429771423,0.44439661502838135,0.0,0.27727827429771423,0.0001,3.7e-06,50.121,3.8792,3.7833
1835,stage2,0,0.28382351994514465,0.42031171917915344,0.0,0.28382351994514465,0.0001,3.7200000000000004e-06,50.124,3.4215,0.6305
1836,stage2,0,0.2526520788669586,0.40239205956459045,0.0,0.2526520788669586,0.0001,3.74e-06,50.121,3.3846,0.6314
1837,stage2,0,0.28801965713500977,0.4356927275657654,0.0,0.28801965713500977,0.0001,3.7600000000000004e-06,50.122,4.4916,0.6312
1838,stage2,0,0.2593249976634979,0.4394627809524536,0.0,0.2593249976634979,0.0001,3.7800000000000002e-06,50.121,3.2589,0.6321
1839,stage2,0,0.2644457519054413,0.44326892495155334,0.0,0.2644457519054413,0.0001,3.8000000000000005e-06,50.125,3.3083,0.633
1840,stage2,0,0.2908611297607422,0.4488760530948639,0.0,0.2908611297607422,0.0001,3.820000000000001e-06,50.126,4.1777,0.6335
1841,stage2,0,0.2670280933380127,0.4101806879043579,0.0,0.2670280933380127,0.0001,3.8400000000000005e-06,50.126,3.3091,0.6331
1842,stage2,0,0.2787970006465912,0.42229607701301575,0.0,0.2787970006465912,0.0001,3.86e-06,50.13,4.0044,3.7803
1843,stage2,0,0.2305816113948822,0.4124641418457031,0.0,0.2305816113948822,0.0001,3.88e-06,50.125,3.1024,0.631
1844,stage2,0,0.2644709646701813,0.4333837330341339,0.0,0.2644709646701813,0.0001,3.900000000000001e-06,50.124,3.8357,0.6304
1845,stage2,0,0.29220709204673767,0.4231759309768677,0.0,0.29220709204673767,0.0001,3.920000000000001e-06,50.121,4.0276,0.6317
1846,stage2,0,0.2908245623111725,0.410293310880661,0.0,0.2908245623111725,0.0001,3.94e-06,50.121,4.2489,0.6316
1847,stage2,0,0.25503790378570557,0.42464035749435425,0.0,0.25503790378570557,0.0001,3.96e-06,50.125,4.2681,0.6317
1848,stage2,0,0.2677837014198303,0.42002201080322266,0.0,0.2677837014198303,0.0001,3.980000000000001e-06,50.124,3.9388,0.632
1849,stage2,0,0.29369938373565674,0.4183579683303833,0.0,0.29369938373565674,0.0001,4.000000000000001e-06,50.122,4.3492,0.6328
1850,stage2,0,0.28721773624420166,0.43918710947036743,0.0,0.28721773624420166,0.0001,4.0200000000000005e-06,50.122,4.2638,3.8048
1851,stage2,0,0.22770172357559204,0.39988988637924194,0.0,0.22770172357559204,0.0001,4.04e-06,50.124,3.6231,0.6303
1852,stage2,0,0.33081793785095215,0.4308246672153473,0.0,0.33081793785095215,0.0001,4.060000000000001e-06,50.121,4.644,0.6308
1853,stage2,0,0.2645435035228729,0.415913850069046,0.0,0.2645435035228729,0.0001,4.08e-06,50.124,3.2296,0.6315
1854,stage2,0,0.22990338504314423,0.42380988597869873,0.0,0.22990338504314423,0.0001,4.1e-06,50.124,2.9737,0.6322
1855,stage2,0,0.2922935485839844,0.4582161009311676,0.0,0.2922935485839844,0.0001,4.12e-06,50.125,3.5695,0.6331
1856,stage2,0,0.24910768866539001,0.4451363682746887,0.0,0.24910768866539001,0.0001,4.14e-06,50.124,3.8136,0.6326
1857,stage2,0,0.277500182390213,0.39502862095832825,0.0,0.277500182390213,0.0001,4.16e-06,50.125,3.5052,0.6334
1858,stage2,0,0.2970060706138611,0.4381108283996582,0.0,0.2970060706138611,0.0001,4.18e-06,50.12,4.2683,3.8361
1859,stage2,0,0.25182414054870605,0.41538122296333313,0.0,0.25182414054870605,0.0001,4.2000000000000004e-06,50.125,3.2223,0.6311
1860,stage2,0,0.2686373293399811,0.4178169071674347,0.0,0.2686373293399811,0.0001,4.22e-06,50.125,3.2436,0.631
1861,stage2,0,0.2731122672557831,0.46157506108283997,0.0,0.2731122672557831,0.0001,4.24e-06,50.126,3.8116,0.6318
1862,stage2,0,0.2882954180240631,0.41324153542518616,0.0,0.2882954180240631,0.0001,4.26e-06,50.122,3.5391,0.6319
1863,stage2,0,0.26883551478385925,0.4217424690723419,0.0,0.26883551478385925,0.0001,4.2800000000000005e-06,50.12,3.0749,0.6321
1864,stage2,0,0.26889342069625854,0.4223560094833374,0.0,0.26889342069625854,0.0001,4.3e-06,50.123,3.7689,0.6317
1865,stage2,0,0.28150513768196106,0.4222429394721985,0.0,0.28150513768196106,0.0001,4.32e-06,50.122,4.1614,0.633
1866,stage2,0,0.24055832624435425,0.3917839229106903,0.0,0.24055832624435425,0.0001,4.34e-06,50.123,3.4498,3.8632
1867,stage2,0,0.2634962797164917,0.4040660560131073,0.0,0.2634962797164917,0.0001,4.360000000000001e-06,50.123,3.7585,0.6317
1868,stage2,0,0.2131624072790146,0.4109800457954407,0.0,0.2131624072790146,0.0001,4.38e-06,50.123,3.048,0.631
1869,stage2,0,0.28602829575538635,0.44087883830070496,0.0,0.28602829575538635,0.0001,4.4e-06,50.125,4.9909,0.6321
1870,stage2,0,0.23860794305801392,0.41511306166648865,0.0,0.23860794305801392,0.0001,4.42e-06,50.125,3.1229,0.6327
1871,stage2,0,0.2821193039417267,0.40776699781417847,0.0,0.2821193039417267,0.0001,4.440000000000001e-06,50.122,3.3376,0.6324
1872,stage2,0,0.3054577708244324,0.4260886311531067,0.0,0.3054577708244324,0.0001,4.4600000000000005e-06,50.123,3.0416,0.6326
1873,stage2,0,0.3192259669303894,0.4297792613506317,0.0,0.3192259669303894,0.0001,4.48e-06,50.125,4.2289,0.6332
1874,stage2,0,0.2389645278453827,0.4313172399997711,0.0,0.2389645278453827,0.0001,4.5e-06,50.124,3.3095,3.8223
1875,stage2,0,0.27447381615638733,0.4027195870876312,0.0,0.27447381615638733,0.0001,4.520000000000001e-06,50.119,3.1334,0.6305
1876,stage2,0,0.237468883395195,0.40048664808273315,0.0,0.237468883395195,0.0001,4.540000000000001e-06,50.12,3.8105,0.6316
1877,stage2,0,0.20126013457775116,0.40634211897850037,0.0,0.20126013457775116,0.0001,4.56e-06,50.122,3.0727,0.6324
1878,stage2,0,0.2301642745733261,0.4198177754878998,0.0,0.2301642745733261,0.0001,4.58e-06,50.121,3.6474,0.633
1879,stage2,0,0.23561270534992218,0.4454054832458496,0.0,0.23561270534992218,0.0001,4.600000000000001e-06,50.123,2.876,0.6328
1880,stage2,0,0.28482767939567566,0.4151214361190796,0.0,0.28482767939567566,0.0001,4.620000000000001e-06,50.12,3.998,0.6328
1881,stage2,0,0.28821903467178345,0.43193700909614563,0.0,0.28821903467178345,0.0001,4.6400000000000005e-06,50.123,3.7219,0.6338
1882,stage2,0,0.30089354515075684,0.43298596143722534,0.0,0.30089354515075684,0.0001,4.66e-06,50.126,3.8627,3.7041
1883,stage2,0,0.2918778955936432,0.43963518738746643,0.0,0.2918778955936432,0.0001,4.680000000000001e-06,50.121,3.393,0.6315
1884,stage2,0,0.26935386657714844,0.4303668737411499,0.0,0.26935386657714844,0.0001,4.7e-06,50.12,3.722,0.6315
1885,stage2,0,0.2796558141708374,0.42758962512016296,0.0,0.2796558141708374,0.0001,4.7200000000000005e-06,50.12,3.674,0.632
1886,stage2,0,0.22033357620239258,0.3996643126010895,0.0,0.22033357620239258,0.0001,4.74e-06,50.123,2.9506,0.6324
1887,stage2,0,0.29475775361061096,0.45698991417884827,0.0,0.29475775361061096,0.0001,4.76e-06,50.124,4.0182,0.6325
1888,stage2,0,0.2715250551700592,0.4169235825538635,0.0,0.2715250551700592,0.0001,4.78e-06,50.121,3.6756,0.6328
1889,stage2,0,0.24718959629535675,0.427947074174881,0.0,0.24718959629535675,0.0001,4.800000000000001e-06,50.122,2.9667,0.633
1890,stage2,0,0.23435090482234955,0.42374947667121887,0.0,0.23435090482234955,0.0001,4.8200000000000004e-06,50.123,2.8418,3.7274
1891,stage2,0,0.246293306350708,0.4491254389286041,0.0,0.246293306350708,0.0001,4.84e-06,50.118,3.5719,0.6316
1892,stage2,0,0.24873609840869904,0.38246026635169983,0.0,0.24873609840869904,0.0001,4.86e-06,50.123,3.5023,0.6313
1893,stage2,0,0.30365628004074097,0.43500056862831116,0.0,0.30365628004074097,0.0001,4.880000000000001e-06,50.121,4.3276,0.6315
1894,stage2,0,0.2831518054008484,0.4229656159877777,0.0,0.2831518054008484,0.0001,4.9000000000000005e-06,50.121,3.4338,0.6324
1895,stage2,0,0.25719255208969116,0.4152972996234894,0.0,0.25719255208969116,0.0001,4.92e-06,50.122,3.491,0.6329
1896,stage2,0,0.279378741979599,0.44710347056388855,0.0,0.279378741979599,0.0001,4.94e-06,50.121,4.2861,0.6326
1897,stage2,0,0.27714115381240845,0.4559175670146942,0.0,0.27714115381240845,0.0001,4.960000000000001e-06,50.118,3.2656,0.6336
1898,stage2,0,0.2854115664958954,0.40805065631866455,0.0,0.2854115664958954,0.0001,4.980000000000001e-06,50.12,3.9433,3.8057
1899,stage2,0,0.2436225265264511,0.4112699329853058,0.0,0.2436225265264511,0.0001,5e-06,50.122,3.5217,0.6316
1900,stage2,0,0.25213098526000977,0.42002224922180176,0.0,0.25213098526000977,0.0001,5.02e-06,50.122,3.702,0.6317
1901,stage2,0,0.2999013364315033,0.46363192796707153,0.0,0.2999013364315033,0.0001,5.04e-06,50.123,4.0707,0.6324
1902,stage2,0,0.21894189715385437,0.4073288142681122,0.0,0.21894189715385437,0.0001,5.060000000000001e-06,50.128,3.2504,0.6319
1903,stage2,0,0.2831134796142578,0.424148827791214,0.0,0.2831134796142578,0.0001,5.0800000000000005e-06,50.124,3.2085,0.6327
1904,stage2,0,0.2710806131362915,0.42309656739234924,0.0,0.2710806131362915,0.0001,5.1e-06,50.124,3.5561,0.6333
1905,stage2,0,0.2762551009654999,0.434630423784256,0.0,0.2762551009654999,0.0001,5.12e-06,50.127,3.9232,0.6328
1906,stage2,0,0.2966533899307251,0.43198660016059875,0.0,0.2966533899307251,0.0001,5.140000000000001e-06,50.122,4.7962,3.6951
1907,stage2,0,0.2390103042125702,0.42002567648887634,0.0,0.2390103042125702,0.0001,5.1600000000000006e-06,50.121,3.2229,0.6305
1908,stage2,0,0.24704740941524506,0.4092896580696106,0.0,0.24704740941524506,0.0001,5.18e-06,50.122,3.1261,0.6314
1909,stage2,0,0.2626440227031708,0.4048738181591034,0.0,0.2626440227031708,0.0001,5.2e-06,50.121,3.548,0.6317
1910,stage2,0,0.2814672887325287,0.407633513212204,0.0,0.2814672887325287,0.0001,5.220000000000001e-06,50.122,3.6867,0.6328
1911,stage2,0,0.22979788482189178,0.3894064426422119,0.0,0.22979788482189178,0.0001,5.240000000000001e-06,50.124,2.9317,0.6322
1912,stage2,0,0.2719305157661438,0.42183831334114075,0.0,0.2719305157661438,0.0001,5.2600000000000005e-06,50.124,4.0947,0.6332
1913,stage2,0,0.2547829747200012,0.4561375677585602,0.0,0.2547829747200012,0.0001,5.28e-06,50.124,3.6442,0.6331
1914,stage2,0,0.28064703941345215,0.43766188621520996,0.0,0.28064703941345215,0.0001,5.300000000000001e-06,50.129,4.4086,3.7682
1915,stage2,0,0.24629388749599457,0.413174033164978,0.0,0.24629388749599457,0.0001,5.320000000000001e-06,50.119,3.2695,0.6316
1916,stage2,0,0.27547281980514526,0.4033786654472351,0.0,0.27547281980514526,0.0001,5.3400000000000005e-06,50.123,3.3182,0.6315
1917,stage2,0,0.27993541955947876,0.40788987278938293,0.0,0.27993541955947876,0.0001,5.36e-06,50.121,3.4952,0.632
1918,stage2,0,0.2139008641242981,0.40966033935546875,0.0,0.2139008641242981,0.0001,5.380000000000001e-06,50.12,2.7263,0.6322
1919,stage2,0,0.2785013020038605,0.4178178906440735,0.0,0.2785013020038605,0.0001,5.400000000000001e-06,50.121,3.7174,0.633
1920,stage2,0,0.28154847025871277,0.425416499376297,0.0,0.28154847025871277,0.0001,5.420000000000001e-06,50.121,4.0486,0.6333
1921,stage2,0,0.2329636961221695,0.41215643286705017,0.0,0.2329636961221695,0.0001,5.4400000000000004e-06,50.121,3.0984,0.6331
1922,stage2,0,0.276508629322052,0.41531145572662354,0.0,0.276508629322052,0.0001,5.460000000000001e-06,50.121,3.5925,3.7973
1923,stage2,0,0.2613454759120941,0.3996923863887787,0.0,0.2613454759120941,0.0001,5.480000000000001e-06,50.121,3.517,0.6319
1924,stage2,0,0.2772313356399536,0.432774156332016,0.0,0.2772313356399536,0.0001,5.500000000000001e-06,50.121,3.9096,0.632
1925,stage2,0,0.29119065403938293,0.43301111459732056,0.0,0.29119065403938293,0.0001,5.5200000000000005e-06,50.121,4.1648,0.6323
1926,stage2,0,0.24479645490646362,0.44767099618911743,0.0,0.24479645490646362,0.0001,5.540000000000001e-06,50.12,3.6234,0.6329
1927,stage2,0,0.2551974654197693,0.43080934882164,0.0,0.2551974654197693,0.0001,5.560000000000001e-06,50.12,3.6117,0.6339
1928,stage2,0,0.3007369637489319,0.4379778802394867,0.0,0.3007369637489319,0.0001,5.580000000000001e-06,50.121,4.7231,0.6331
1929,stage2,0,0.2888006567955017,0.42403721809387207,0.0,0.2888006567955017,0.0001,5.600000000000001e-06,50.118,3.554,0.6326
1930,stage2,0,0.25529468059539795,0.43731391429901123,0.0,0.25529468059539795,0.0001,5.620000000000001e-06,50.119,3.1997,3.7688
1931,stage2,0,0.23282386362552643,0.3896588981151581,0.0,0.23282386362552643,0.0001,5.64e-06,50.12,3.3729,0.6317
1932,stage2,0,0.25253358483314514,0.4013817012310028,0.0,0.25253358483314514,0.0001,5.66e-06,50.123,3.8695,0.632
1933,stage2,0,0.27910080552101135,0.4543769657611847,0.0,0.27910080552101135,0.0001,5.68e-06,50.121,4.9845,0.6322
1934,stage2,0,0.2144075185060501,0.39689090847969055,0.0,0.2144075185060501,0.0001,5.7e-06,50.119,3.6994,0.633
1935,stage2,0,0.25471189618110657,0.40659019351005554,0.0,0.25471189618110657,0.0001,5.72e-06,50.118,3.3103,0.634
1936,stage2,0,0.2892993688583374,0.4285672903060913,0.0,0.2892993688583374,0.0001,5.74e-06,50.118,3.8173,0.6333
1937,stage2,0,0.2820911705493927,0.439075767993927,0.0,0.2820911705493927,0.0001,5.76e-06,50.12,4.8389,0.6333
1938,stage2,0,0.2679305076599121,0.4214634299278259,0.0,0.2679305076599121,0.0001,5.78e-06,50.122,4.4553,3.7056
1939,stage2,0,0.19647067785263062,0.4050142168998718,0.0,0.19647067785263062,0.0001,5.8e-06,50.121,2.8419,0.6319
1940,stage2,0,0.2530635893344879,0.402332067489624,0.0,0.2530635893344879,0.0001,5.82e-06,50.12,3.2744,0.6324
1941,stage2,0,0.2508036196231842,0.4362216889858246,0.0,0.2508036196231842,0.0001,5.84e-06,50.121,3.5781,0.6328
1942,stage2,0,0.2534515857696533,0.4105914533138275,0.0,0.2534515857696533,0.0001,5.86e-06,50.119,3.6132,0.6333
1943,stage2,0,0.2525484561920166,0.4282609820365906,0.0,0.2525484561920166,0.0001,5.8800000000000005e-06,50.124,3.3886,0.6332
1944,stage2,0,0.2435314804315567,0.40323394536972046,0.0,0.2435314804315567,0.0001,5.9e-06,50.122,2.9063,0.6336
1945,stage2,0,0.25810614228248596,0.4026409089565277,0.0,0.25810614228248596,0.0001,5.92e-06,50.118,3.9149,0.6333
1946,stage2,0,0.2766939699649811,0.424828439950943,0.0,0.2766939699649811,0.0001,5.94e-06,50.118,3.6476,3.6859
1947,stage2,0,0.21597716212272644,0.3808656632900238,0.0,0.21597716212272644,0.0001,5.9600000000000005e-06,50.121,2.8712,0.6316
1948,stage2,0,0.27575206756591797,0.46939098834991455,0.0,0.27575206756591797,0.0001,5.98e-06,50.119,3.9642,0.632
1949,stage2,0,0.2499788999557495,0.44728517532348633,0.0,0.2499788999557495,0.0001,6e-06,50.121,3.9118,0.6323
1950,stage2,0,0.33365005254745483,0.45100197196006775,0.0,0.33365005254745483,0.0001,6.02e-06,50.122,4.684,0.6325
1951,stage2,0,0.27294665575027466,0.4299648404121399,0.0,0.27294665575027466,0.0001,6.040000000000001e-06,50.123,3.6978,0.6327
1952,stage2,0,0.2799535393714905,0.4201984405517578,0.0,0.2799535393714905,0.0001,6.0600000000000004e-06,50.122,4.5744,0.6334
1953,stage2,0,0.32066547870635986,0.452741801738739,0.0,0.32066547870635986,0.0001,6.08e-06,50.122,4.0088,0.6337
1954,stage2,0,0.24436330795288086,0.42621099948883057,0.0,0.24436330795288086,0.0001,6.1e-06,50.12,3.8787,3.726
1955,stage2,0,0.22257733345031738,0.4206508696079254,0.0,0.22257733345031738,0.0001,6.120000000000001e-06,50.124,2.9222,0.6313
1956,stage2,0,0.2584018409252167,0.4132077693939209,0.0,0.2584018409252167,0.0001,6.1400000000000005e-06,50.124,3.7257,0.6318
1957,stage2,0,0.3072385787963867,0.43878498673439026,0.0,0.3072385787963867,0.0001,6.16e-06,50.122,3.8148,0.6328
1958,stage2,0,0.2512076497077942,0.42841586470603943,0.0,0.2512076497077942,0.0001,6.18e-06,50.123,3.5529,0.6334
1959,stage2,0,0.25663167238235474,0.3920105993747711,0.0,0.25663167238235474,0.0001,6.200000000000001e-06,50.118,3.6699,0.6335
1960,stage2,0,0.3068721294403076,0.4474276304244995,0.0,0.3068721294403076,0.0001,6.220000000000001e-06,50.12,5.1834,0.6335
1961,stage2,0,0.25136104226112366,0.45561638474464417,0.0,0.25136104226112366,0.0001,6.24e-06,50.122,4.2039,0.6344
1962,stage2,0,0.31136178970336914,0.4313725531101227,0.0,0.31136178970336914,0.0001,6.26e-06,50.12,4.9189,3.6718
1963,stage2,0,0.2766677737236023,0.4250374734401703,0.0,0.2766677737236023,0.0001,6.280000000000001e-06,50.115,4.115,0.632
1964,stage2,0,0.20735816657543182,0.39277228713035583,0.0,0.20735816657543182,0.0001,6.300000000000001e-06,50.118,3.4225,0.6328
1965,stage2,0,0.25160834193229675,0.42388567328453064,0.0,0.25160834193229675,0.0001,6.3200000000000005e-06,50.123,4.1426,0.6326
1966,stage2,0,0.24613560736179352,0.44438424706459045,0.0,0.24613560736179352,0.0001,6.34e-06,50.123,3.5341,0.6324
1967,stage2,0,0.2155909687280655,0.4280412793159485,0.0,0.2155909687280655,0.0001,6.360000000000001e-06,50.121,3.5934,0.6331
1968,stage2,0,0.24711832404136658,0.4139983355998993,0.0,0.24711832404136658,0.0001,6.380000000000001e-06,50.125,3.7046,0.6333
1969,stage2,0,0.24070532619953156,0.4177287518978119,0.0,0.24070532619953156,0.0001,6.4000000000000006e-06,50.122,3.5185,0.6341
1970,stage2,0,0.2352258265018463,0.408719539642334,0.0,0.2352258265018463,0.0001,6.42e-06,50.12,2.8421,3.7847
1971,stage2,0,0.3128259778022766,0.420113205909729,0.0,0.3128259778022766,0.0001,6.440000000000001e-06,50.121,3.9881,0.6312
1972,stage2,0,0.25251248478889465,0.4149305820465088,0.0,0.25251248478889465,0.0001,6.460000000000001e-06,50.121,3.5212,0.632
1973,stage2,0,0.26104655861854553,0.4319817125797272,0.0,0.26104655861854553,0.0001,6.480000000000001e-06,50.12,4.3112,0.6326
1974,stage2,0,0.2613770067691803,0.43273669481277466,0.0,0.2613770067691803,0.0001,6.5000000000000004e-06,50.122,4.1339,0.6325
1975,stage2,0,0.20903648436069489,0.38925832509994507,0.0,0.20903648436069489,0.0001,6.520000000000001e-06,50.125,2.5446,0.6327
1976,stage2,0,0.2900334596633911,0.4329254627227783,0.0,0.2900334596633911,0.0001,6.540000000000001e-06,50.12,4.2943,0.6337
1977,stage2,0,0.23780685663223267,0.39271286129951477,0.0,0.23780685663223267,0.0001,6.560000000000001e-06,50.119,3.6896,0.6336
1978,stage2,0,0.2504616379737854,0.40699073672294617,0.0,0.2504616379737854,0.0001,6.5800000000000005e-06,50.125,3.7721,3.6996
1979,stage2,0,0.22640815377235413,0.37640032172203064,0.0,0.22640815377235413,0.0001,6.600000000000001e-06,50.121,3.2332,0.6316
1980,stage2,0,0.2509714961051941,0.408513605594635,0.0,0.2509714961051941,0.0001,6.620000000000001e-06,50.122,2.855,0.6314
1981,stage2,0,0.31691110134124756,0.4531598687171936,0.0,0.31691110134124756,0.0001,6.640000000000001e-06,50.126,3.492,0.6321
1982,stage2,0,0.27034899592399597,0.4225345253944397,0.0,0.27034899592399597,0.0001,6.660000000000001e-06,50.122,5.0766,0.6325
1983,stage2,0,0.26357048749923706,0.39815211296081543,0.0,0.26357048749923706,0.0001,6.680000000000001e-06,50.118,4.1342,0.6334
1984,stage2,0,0.2357998639345169,0.4050661027431488,0.0,0.2357998639345169,0.0001,6.700000000000001e-06,50.126,3.6042,0.6328
1985,stage2,0,0.3099684417247772,0.4274514317512512,0.0,0.3099684417247772,0.0001,6.720000000000001e-06,50.125,4.1919,0.6334
1986,stage2,0,0.2762465178966522,0.41729068756103516,0.0,0.2762465178966522,0.0001,6.740000000000001e-06,50.12,3.7376,4.0799
1987,stage2,0,0.2581912577152252,0.4158939719200134,0.0,0.2581912577152252,0.0001,6.760000000000001e-06,50.123,3.4587,0.6306
1988,stage2,0,0.2742048501968384,0.4050322473049164,0.0,0.2742048501968384,0.0001,6.780000000000001e-06,50.125,3.5663,0.6318
1989,stage2,0,0.2574942409992218,0.41410714387893677,0.0,0.2574942409992218,0.0001,6.800000000000001e-06,50.124,3.6195,0.6322
1990,stage2,0,0.2818499803543091,0.42710182070732117,0.0,0.2818499803543091,0.0001,6.820000000000001e-06,50.121,3.875,0.6317
1991,stage2,0,0.23856079578399658,0.4107106328010559,0.0,0.23856079578399658,0.0001,6.8400000000000014e-06,50.121,3.1248,0.633
1992,stage2,0,0.3162837028503418,0.4333484470844269,0.0,0.3162837028503418,0.0001,6.860000000000001e-06,50.125,4.2273,0.6321
1993,stage2,0,0.22311273217201233,0.40307432413101196,0.0,0.22311273217201233,0.0001,6.88e-06,50.124,3.0105,0.6328
1994,stage2,0,0.23061375319957733,0.4033963978290558,0.0,0.23061375319957733,0.0001,6.9e-06,50.123,3.7458,3.8783
1995,stage2,0,0.24032843112945557,0.41098034381866455,0.0,0.24032843112945557,0.0001,6.92e-06,50.121,3.8249,0.6307
1996,stage2,0,0.2424514889717102,0.40293213725090027,0.0,0.2424514889717102,0.0001,6.9400000000000005e-06,50.121,3.3864,0.6316
1997,stage2,0,0.26605409383773804,0.4022737145423889,0.0,0.26605409383773804,0.0001,6.96e-06,50.121,4.6094,0.6318
1998,stage2,0,0.21231113374233246,0.4065318703651428,0.0,0.21231113374233246,0.0001,6.98e-06,50.123,3.0971,0.6322
1999,stage2,0,0.2601120173931122,0.39622974395751953,0.0,0.2601120173931122,0.0001,7e-06,50.122,3.3524,0.6323
2000,stage2,0,0.26858219504356384,0.4489472210407257,0.0,0.26858219504356384,0.0001,7.0200000000000006e-06,50.12,3.8047,0.633
2001,stage2,0,0.22685612738132477,0.4257134795188904,0.0,0.22685612738132477,0.0001,7.04e-06,50.122,3.1648,0.6327
2002,stage2,0,0.2350451946258545,0.3924750089645386,0.0,0.2350451946258545,0.0001,7.06e-06,50.121,3.5425,3.8458
2003,stage2,0,0.2778991460800171,0.4064994752407074,0.0,0.2778991460800171,0.0001,7.08e-06,50.121,4.5912,0.6302
2004,stage2,0,0.28097888827323914,0.4095548987388611,0.0,0.28097888827323914,0.0001,7.100000000000001e-06,50.119,4.3583,0.6313
2005,stage2,0,0.31227749586105347,0.42662790417671204,0.0,0.31227749586105347,0.0001,7.1200000000000004e-06,50.12,3.8048,0.6321
2006,stage2,0,0.2674602270126343,0.4395468235015869,0.0,0.2674602270126343,0.0001,7.14e-06,50.123,3.9078,0.6324
2007,stage2,0,0.22404442727565765,0.3771618604660034,0.0,0.22404442727565765,0.0001,7.16e-06,50.121,3.1949,0.6324
2008,stage2,0,0.2502078115940094,0.4152693748474121,0.0,0.2502078115940094,0.0001,7.180000000000001e-06,50.118,3.3611,0.633
2009,stage2,0,0.2367689609527588,0.3810344636440277,0.0,0.2367689609527588,0.0001,7.2000000000000005e-06,50.123,3.447,0.6333
2010,stage2,0,0.24144724011421204,0.38812190294265747,0.0,0.24144724011421204,0.0001,7.22e-06,50.119,4.2081,3.7195
2011,stage2,0,0.3205357491970062,0.43819329142570496,0.0,0.3205357491970062,0.0001,7.24e-06,50.123,4.5598,0.6309
2012,stage2,0,0.3424232006072998,0.4298290014266968,0.0,0.3424232006072998,0.0001,7.260000000000001e-06,50.119,4.6878,0.6313
2013,stage2,0,0.24151556193828583,0.3722715973854065,0.0,0.24151556193828583,0.0001,7.280000000000001e-06,50.12,3.1021,0.6322
2014,stage2,0,0.2852231562137604,0.4127175211906433,0.0,0.2852231562137604,0.0001,7.3e-06,50.122,3.7041,0.6323
2015,stage2,0,0.2852972745895386,0.4419780373573303,0.0,0.2852972745895386,0.0001,7.32e-06,50.124,4.1639,0.633
2016,stage2,0,0.2180214673280716,0.39777427911758423,0.0,0.2180214673280716,0.0001,7.340000000000001e-06,50.123,3.3445,0.6334
2017,stage2,0,0.2433677613735199,0.40696316957473755,0.0,0.2433677613735199,0.0001,7.360000000000001e-06,50.121,3.8675,0.6337
2018,stage2,0,0.24927176535129547,0.4121721088886261,0.0,0.24927176535129547,0.0001,7.3800000000000005e-06,50.121,4.1609,3.8105
2019,stage2,0,0.2578915059566498,0.4003775417804718,0.0,0.2578915059566498,0.0001,7.4e-06,50.125,3.2962,0.6309
2020,stage2,0,0.2476491630077362,0.40597963333129883,0.0,0.2476491630077362,0.0001,7.420000000000001e-06,50.123,3.8496,0.6319
2021,stage2,0,0.22386875748634338,0.39554160833358765,0.0,0.22386875748634338,0.0001,7.440000000000001e-06,50.126,3.1034,0.632
2022,stage2,0,0.3064722716808319,0.42686542868614197,0.0,0.3064722716808319,0.0001,7.4600000000000006e-06,50.124,3.3855,0.632
2023,stage2,0,0.2932543158531189,0.43417027592658997,0.0,0.2932543158531189,0.0001,7.48e-06,50.124,4.088,0.6327
2024,stage2,0,0.25546228885650635,0.43811312317848206,0.0,0.25546228885650635,0.0001,7.500000000000001e-06,50.127,4.2865,0.6334
2025,stage2,0,0.25803908705711365,0.42297765612602234,0.0,0.25803908705711365,0.0001,7.520000000000001e-06,50.125,3.576,0.6337
2026,stage2,0,0.26879948377609253,0.42205971479415894,0.0,0.26879948377609253,0.0001,7.540000000000001e-06,50.122,3.7645,3.7356
2027,stage2,0,0.27269092202186584,0.4123869836330414,0.0,0.27269092202186584,0.0001,7.5600000000000005e-06,50.122,3.5432,0.631
2028,stage2,0,0.2488657832145691,0.4189510941505432,0.0,0.2488657832145691,0.0001,7.58e-06,50.123,3.5376,0.6314
2029,stage2,0,0.26669809222221375,0.42595478892326355,0.0,0.26669809222221375,0.0001,7.600000000000001e-06,50.127,4.016,0.6324
2030,stage2,0,0.26482918858528137,0.4117436707019806,0.0,0.26482918858528137,0.0001,7.620000000000001e-06,50.121,3.954,0.6326
2031,stage2,0,0.2465515434741974,0.4116368293762207,0.0,0.2465515434741974,0.0001,7.640000000000001e-06,50.122,3.7227,0.6329
2032,stage2,0,0.2725464105606079,0.41329342126846313,0.0,0.2725464105606079,0.0001,7.660000000000001e-06,50.122,4.7074,0.6333
2033,stage2,0,0.26399362087249756,0.4192966818809509,0.0,0.26399362087249756,0.0001,7.680000000000001e-06,50.119,4.6782,0.6332
2034,stage2,0,0.2700704038143158,0.4104688763618469,0.0,0.2700704038143158,0.0001,7.7e-06,50.122,3.6817,3.7193
2035,stage2,0,0.23327608406543732,0.3888346254825592,0.0,0.23327608406543732,0.0001,7.72e-06,50.122,3.6227,0.6319
2036,stage2,0,0.2523441016674042,0.4189602732658386,0.0,0.2523441016674042,0.0001,7.74e-06,50.118,4.1903,0.6323
2037,stage2,0,0.22045250236988068,0.38644906878471375,0.0,0.22045250236988068,0.0001,7.76e-06,50.121,3.3918,0.6322
2038,stage2,0,0.31411659717559814,0.4637982249259949,0.0,0.31411659717559814,0.0001,7.78e-06,50.125,4.6777,0.6329
2039,stage2,0,0.3009396195411682,0.436504602432251,0.0,0.3009396195411682,0.0001,7.800000000000002e-06,50.122,4.4154,0.6329
2040,stage2,0,0.2887488901615143,0.436771422624588,0.0,0.2887488901615143,0.0001,7.820000000000001e-06,50.122,3.7059,0.633
2041,stage2,0,0.2813473641872406,0.41682401299476624,0.0,0.2813473641872406,0.0001,7.840000000000001e-06,50.122,3.8752,0.6334
2042,stage2,0,0.22353887557983398,0.388179749250412,0.0,0.22353887557983398,0.0001,7.860000000000001e-06,50.128,3.5719,3.8033
2043,stage2,0,0.23606307804584503,0.40675634145736694,0.0,0.23606307804584503,0.0001,7.88e-06,50.128,3.0518,0.6316
2044,stage2,0,0.29411160945892334,0.40603166818618774,0.0,0.29411160945892334,0.0001,7.9e-06,50.127,3.6866,0.632
2045,stage2,0,0.29422974586486816,0.42015230655670166,0.0,0.29422974586486816,0.0001,7.92e-06,50.126,4.4808,0.6322
2046,stage2,0,0.2564471960067749,0.3995382487773895,0.0,0.2564471960067749,0.0001,7.94e-06,50.122,4.3138,0.6331
2047,stage2,0,0.24819567799568176,0.4104756712913513,0.0,0.24819567799568176,0.0001,7.960000000000002e-06,50.119,3.8153,0.6324
2048,stage2,0,0.2565174400806427,0.3967727720737457,0.0,0.2565174400806427,0.0001,7.980000000000002e-06,50.125,3.8734,0.6332
2049,stage2,0,0.19483241438865662,0.3980497121810913,0.0,0.19483241438865662,0.0001,8.000000000000001e-06,50.127,2.9534,0.6334
2050,stage2,0,0.25128287076950073,0.44514304399490356,0.0,0.25128287076950073,0.0001,8.020000000000001e-06,50.12,3.8393,3.8132
2051,stage2,0,0.2620772421360016,0.417186975479126,0.0,0.2620772421360016,0.0001,8.040000000000001e-06,50.127,3.9246,0.6318
2052,stage2,0,0.23530340194702148,0.4024929106235504,0.0,0.23530340194702148,0.0001,8.06e-06,50.122,3.4023,0.6322
2053,stage2,0,0.23854191601276398,0.3911654055118561,0.0,0.23854191601276398,0.0001,8.08e-06,50.12,4.1714,0.6329
2054,stage2,0,0.3079357445240021,0.4213280975818634,0.0,0.3079357445240021,0.0001,8.1e-06,50.126,4.6976,0.6323
2055,stage2,0,0.24250902235507965,0.4141296446323395,0.0,0.24250902235507965,0.0001,8.120000000000002e-06,50.121,3.149,0.6328
2056,stage2,0,0.23938895761966705,0.38496506214141846,0.0,0.23938895761966705,0.0001,8.14e-06,50.116,3.9104,0.6336
2057,stage2,0,0.27450719475746155,0.42550715804100037,0.0,0.27450719475746155,0.0001,8.16e-06,50.12,4.1018,0.6335
2058,stage2,0,0.21911664307117462,0.4344724416732788,0.0,0.21911664307117462,0.0001,8.18e-06,50.124,2.9055,3.9255
2059,stage2,0,0.2829287350177765,0.4095993638038635,0.0,0.2829287350177765,0.0001,8.2e-06,50.125,4.02,0.6316
2060,stage2,0,0.21748964488506317,0.38831955194473267,0.0,0.21748964488506317,0.0001,8.220000000000001e-06,50.123,3.517,0.6317
2061,stage2,0,0.23765906691551208,0.4572734236717224,0.0,0.23765906691551208,0.0001,8.24e-06,50.122,3.5083,0.6322
2062,stage2,0,0.24992088973522186,0.4056069254875183,0.0,0.24992088973522186,0.0001,8.26e-06,50.121,3.7467,0.6332
2063,stage2,0,0.2840258777141571,0.41534239053726196,0.0,0.2840258777141571,0.0001,8.28e-06,50.121,4.0906,0.6332
2064,stage2,0,0.25972980260849,0.41853711009025574,0.0,0.25972980260849,0.0001,8.3e-06,50.122,3.8554,0.6331
2065,stage2,0,0.24679861962795258,0.3781493604183197,0.0,0.24679861962795258,0.0001,8.32e-06,50.121,3.6613,0.6336
2066,stage2,0,0.2771896421909332,0.41821759939193726,0.0,0.2771896421909332,0.0001,8.34e-06,50.121,3.9127,3.8364
2067,stage2,0,0.24130132794380188,0.400925874710083,0.0,0.24130132794380188,0.0001,8.36e-06,50.121,4.0744,0.6308
2068,stage2,0,0.26486775279045105,0.43200311064720154,0.0,0.26486775279045105,0.0001,8.380000000000001e-06,50.117,3.5307,0.6319
2069,stage2,0,0.21945500373840332,0.3790866434574127,0.0,0.21945500373840332,0.0001,8.400000000000001e-06,50.121,3.1128,0.6321
2070,stage2,0,0.25750768184661865,0.4242554306983948,0.0,0.25750768184661865,0.0001,8.42e-06,50.117,4.2941,0.6322
2071,stage2,0,0.29167062044143677,0.42527878284454346,0.0,0.29167062044143677,0.0001,8.44e-06,50.119,4.8776,0.6338
2072,stage2,0,0.2662872076034546,0.42744073271751404,0.0,0.2662872076034546,0.0001,8.46e-06,50.122,4.5441,0.6326
2073,stage2,0,0.21759973466396332,0.3984527885913849,0.0,0.21759973466396332,0.0001,8.48e-06,50.12,4.0668,0.6336
2074,stage2,0,0.2835000455379486,0.42027226090431213,0.0,0.2835000455379486,0.0001,8.5e-06,50.124,4.4192,3.7819
2075,stage2,0,0.2500118315219879,0.4013878107070923,0.0,0.2500118315219879,0.0001,8.52e-06,50.127,3.8743,0.6308
2076,stage2,0,0.22341512143611908,0.4099980294704437,0.0,0.22341512143611908,0.0001,8.540000000000001e-06,50.123,3.2495,0.6314
2077,stage2,0,0.2282533198595047,0.40397024154663086,0.0,0.2282533198595047,0.0001,8.560000000000001e-06,50.124,3.2817,0.6319
2078,stage2,0,0.26790133118629456,0.3976432979106903,0.0,0.26790133118629456,0.0001,8.580000000000001e-06,50.125,3.3914,0.6316
2079,stage2,0,0.272676944732666,0.40510275959968567,0.0,0.272676944732666,0.0001,8.6e-06,50.122,3.7219,0.6328
2080,stage2,0,0.2674715518951416,0.4203585386276245,0.0,0.2674715518951416,0.0001,8.62e-06,50.121,6.8901,0.6336
2081,stage2,0,0.25051531195640564,0.4192669689655304,0.0,0.25051531195640564,0.0001,8.64e-06,50.124,4.372,0.6324
2082,stage2,0,0.2610369026660919,0.4048902690410614,0.0,0.2610369026660919,0.0001,8.66e-06,50.126,3.813,3.7747
2083,stage2,0,0.23798108100891113,0.42106252908706665,0.0,0.23798108100891113,0.0001,8.68e-06,50.119,3.4013,0.6305
2084,stage2,0,0.23869870603084564,0.42643433809280396,0.0,0.23869870603084564,0.0001,8.700000000000001e-06,50.122,5.3918,0.6311
2085,stage2,0,0.27998116612434387,0.4236861765384674,0.0,0.27998116612434387,0.0001,8.720000000000001e-06,50.117,3.6142,0.6311
2086,stage2,0,0.24015872180461884,0.4059259295463562,0.0,0.24015872180461884,0.0001,8.740000000000001e-06,50.121,4.615,0.632
2087,stage2,0,0.1950846016407013,0.4013552665710449,0.0,0.1950846016407013,0.0001,8.76e-06,50.125,2.8476,0.6319
2088,stage2,0,0.2823725640773773,0.4140723645687103,0.0,0.2823725640773773,0.0001,8.78e-06,50.123,3.6595,0.6323
2089,stage2,0,0.2701871395111084,0.4173268675804138,0.0,0.2701871395111084,0.0001,8.8e-06,50.125,3.9159,0.6329
2090,stage2,0,0.2869090139865875,0.42083030939102173,0.0,0.2869090139865875,0.0001,8.82e-06,50.119,4.203,3.8439
2091,stage2,0,0.24621035158634186,0.4014085829257965,0.0,0.24621035158634186,0.0001,8.84e-06,50.122,4.0035,0.6314
2092,stage2,0,0.24033956229686737,0.3989657163619995,0.0,0.24033956229686737,0.0001,8.860000000000002e-06,50.12,3.5711,0.6308
2093,stage2,0,0.25033482909202576,0.4030338525772095,0.0,0.25033482909202576,0.0001,8.880000000000001e-06,50.125,4.2035,0.6317
2094,stage2,0,0.2450401932001114,0.38609951734542847,0.0,0.2450401932001114,0.0001,8.900000000000001e-06,50.123,3.2784,0.6317
2095,stage2,0,0.23712874948978424,0.3965708315372467,0.0,0.23712874948978424,0.0001,8.920000000000001e-06,50.119,3.342,0.6326
2096,stage2,0,0.24282848834991455,0.4270888566970825,0.0,0.24282848834991455,0.0001,8.94e-06,50.123,3.638,0.6326
2097,stage2,0,0.2254306972026825,0.3902587294578552,0.0,0.2254306972026825,0.0001,8.96e-06,50.122,3.7201,0.6333
2098,stage2,0,0.25305527448654175,0.4124046564102173,0.0,0.25305527448654175,0.0001,8.98e-06,50.124,3.3646,3.8021
2099,stage2,0,0.2716761827468872,0.42070063948631287,0.0,0.2716761827468872,0.0001,9e-06,50.124,4.247,0.6309
2100,stage2,0,0.22612030804157257,0.4263962507247925,0.0,0.22612030804157257,0.0001,9.020000000000002e-06,50.126,3.171,0.6309
2101,stage2,0,0.22771888971328735,0.40822985768318176,0.0,0.22771888971328735,0.0001,9.040000000000002e-06,50.122,4.2657,0.6328
2102,stage2,0,0.21740548312664032,0.3944655954837799,0.0,0.21740548312664032,0.0001,9.060000000000001e-06,50.124,3.8824,0.6325
2103,stage2,0,0.22765085101127625,0.42526060342788696,0.0,0.22765085101127625,0.0001,9.080000000000001e-06,50.119,2.9598,0.6322
2104,stage2,0,0.24714024364948273,0.40578174591064453,0.0,0.24714024364948273,0.0001,9.100000000000001e-06,50.126,3.6164,0.6332
2105,stage2,0,0.22483865916728973,0.41335222125053406,0.0,0.22483865916728973,0.0001,9.12e-06,50.12,3.3497,0.6334
2106,stage2,0,0.24341416358947754,0.4348207116127014,0.0,0.24341416358947754,0.0001,9.14e-06,50.126,3.1924,3.8729
2107,stage2,0,0.25687867403030396,0.44231414794921875,0.0,0.25687867403030396,0.0001,9.16e-06,50.122,4.2441,0.6331
2108,stage2,0,0.23295468091964722,0.39722195267677307,0.0,0.23295468091964722,0.0001,9.180000000000002e-06,50.123,3.2693,0.6317
2109,stage2,0,0.23816166818141937,0.37981268763542175,0.0,0.23816166818141937,0.0001,9.200000000000002e-06,50.121,3.2048,0.6318
2110,stage2,0,0.2237372249364853,0.4276573657989502,0.0,0.2237372249364853,0.0001,9.220000000000002e-06,50.126,3.2022,0.6322
2111,stage2,0,0.26686954498291016,0.4090348780155182,0.0,0.26686954498291016,0.0001,9.240000000000001e-06,50.121,4.4721,0.6324
2112,stage2,0,0.2748677134513855,0.408233642578125,0.0,0.2748677134513855,0.0001,9.260000000000001e-06,50.128,4.2143,0.6326
2113,stage2,0,0.2460753172636032,0.4292849898338318,0.0,0.2460753172636032,0.0001,9.280000000000001e-06,50.125,3.6216,0.6326
2114,stage2,0,0.24488374590873718,0.3974107801914215,0.0,0.24488374590873718,0.0001,9.3e-06,50.123,4.0966,3.7943
2115,stage2,0,0.23537635803222656,0.3977490961551666,0.0,0.23537635803222656,0.0001,9.32e-06,50.119,3.4022,0.631
2116,stage2,0,0.2537447512149811,0.4095810651779175,0.0,0.2537447512149811,0.0001,9.340000000000002e-06,50.121,3.7554,0.6307
2117,stage2,0,0.2436203956604004,0.42970627546310425,0.0,0.2436203956604004,0.0001,9.360000000000002e-06,50.124,4.4316,0.6313
2118,stage2,0,0.2585129141807556,0.3940896689891815,0.0,0.2585129141807556,0.0001,9.38e-06,50.124,3.5594,0.6316
2119,stage2,0,0.23144149780273438,0.37934619188308716,0.0,0.23144149780273438,0.0001,9.4e-06,50.123,3.9982,0.6323
2120,stage2,0,0.20898199081420898,0.4363330006599426,0.0,0.20898199081420898,0.0001,9.42e-06,50.122,3.2087,0.6324
2121,stage2,0,0.26357170939445496,0.39516016840934753,0.0,0.26357170939445496,0.0001,9.440000000000001e-06,50.123,4.7237,0.6327
2122,stage2,0,0.23478029668331146,0.4122381806373596,0.0,0.23478029668331146,0.0001,9.460000000000001e-06,50.12,3.4737,3.9075
2123,stage2,0,0.234115868806839,0.40574443340301514,0.0,0.234115868806839,0.0001,9.48e-06,50.119,3.5355,0.6309
2124,stage2,0,0.28164705634117126,0.44394612312316895,0.0,0.28164705634117126,0.0001,9.5e-06,50.124,5.0297,0.632
2125,stage2,0,0.2847209870815277,0.4232231676578522,0.0,0.2847209870815277,0.0001,9.52e-06,50.124,4.2892,0.6323
2126,stage2,0,0.24023421108722687,0.3901979923248291,0.0,0.24023421108722687,0.0001,9.54e-06,50.122,5.4013,0.6322
2127,stage2,0,0.2599297761917114,0.41422146558761597,0.0,0.2599297761917114,0.0001,9.56e-06,50.127,4.4143,0.6331
2128,stage2,0,0.24800418317317963,0.4155699908733368,0.0,0.24800418317317963,0.0001,9.58e-06,50.124,3.6597,0.6328
2129,stage2,0,0.2643752992153168,0.4099714159965515,0.0,0.2643752992153168,0.0001,9.600000000000001e-06,50.124,5.3011,0.6335
2130,stage2,0,0.2470119148492813,0.4221690595149994,0.0,0.2470119148492813,0.0001,9.620000000000001e-06,50.119,5.7902,3.9594
2131,stage2,0,0.22963958978652954,0.40874114632606506,0.0,0.22963958978652954,0.0001,9.640000000000001e-06,50.126,4.9903,0.631
2132,stage2,0,0.2815244197845459,0.42303404211997986,0.0,0.2815244197845459,0.0001,9.66e-06,50.122,5.2179,0.6315
2133,stage2,0,0.27926555275917053,0.44076183438301086,0.0,0.27926555275917053,0.0001,9.68e-06,50.12,3.9995,0.6316
2134,stage2,0,0.23373383283615112,0.4256255328655243,0.0,0.23373383283615112,0.0001,9.7e-06,50.123,4.2588,0.6328
2135,stage2,0,0.23647238314151764,0.4088573455810547,0.0,0.23647238314151764,0.0001,9.72e-06,50.123,4.1865,0.6336
2136,stage2,0,0.27667972445487976,0.42125076055526733,0.0,0.27667972445487976,0.0001,9.74e-06,50.121,4.5845,0.6324
2137,stage2,0,0.23479536175727844,0.40591296553611755,0.0,0.23479536175727844,0.0001,9.760000000000001e-06,50.119,3.3342,0.6329
2138,stage2,0,0.2727730870246887,0.42828863859176636,0.0,0.2727730870246887,0.0001,9.780000000000001e-06,50.127,4.6129,3.8975
2139,stage2,0,0.24769525229930878,0.4396248757839203,0.0,0.24769525229930878,0.0001,9.800000000000001e-06,50.121,3.8882,0.63
2140,stage2,0,0.2377351075410843,0.4189685881137848,0.0,0.2377351075410843,0.0001,9.820000000000001e-06,50.118,3.9132,0.6311
2141,stage2,0,0.21416032314300537,0.40309542417526245,0.0,0.21416032314300537,0.0001,9.84e-06,50.128,2.9714,0.6318
2142,stage2,0,0.28173625469207764,0.42776432633399963,0.0,0.28173625469207764,0.0001,9.86e-06,50.122,4.106,0.6318
2143,stage2,0,0.24059906601905823,0.3928789496421814,0.0,0.24059906601905823,0.0001,9.88e-06,50.119,3.1257,0.6332
2144,stage2,0,0.20799940824508667,0.42158937454223633,0.0,0.20799940824508667,0.0001,9.9e-06,50.124,3.3945,0.6326
2145,stage2,0,0.2493513971567154,0.413737952709198,0.0,0.2493513971567154,0.0001,9.920000000000002e-06,50.122,3.7578,0.6328
2146,stage2,0,0.2803535759449005,0.4088163673877716,0.0,0.2803535759449005,0.0001,9.940000000000001e-06,50.122,4.7616,3.8164
2147,stage2,0,0.25925371050834656,0.4009511172771454,0.0,0.25925371050834656,0.0001,9.960000000000001e-06,50.12,4.1039,0.6321
2148,stage2,0,0.2580451965332031,0.4170960485935211,0.0,0.2580451965332031,0.0001,9.980000000000001e-06,50.12,4.3158,0.6317
2149,stage2,0,0.3137488067150116,0.4341927766799927,0.0,0.3137488067150116,0.0001,1e-05,50.122,3.9968,0.6319
2150,stage2,0,0.2428327202796936,0.38738006353378296,0.0,0.2428327202796936,0.0001,1e-05,50.121,3.442,0.6327
2151,stage2,0,0.24978038668632507,0.42974647879600525,0.0,0.24978038668632507,0.0001,1e-05,50.121,8.4344,0.6325
2152,stage2,0,0.2550426721572876,0.4245258867740631,0.0,0.2550426721572876,0.0001,1e-05,50.12,4.0331,0.633
2153,stage2,0,0.23265694081783295,0.40742674469947815,0.0,0.23265694081783295,0.0001,1e-05,50.127,4.317,0.6337
2154,stage2,0,0.21651102602481842,0.4238700866699219,0.0,0.21651102602481842,0.0001,1e-05,50.121,3.9054,3.8229
2155,stage2,0,0.2445853352546692,0.44187214970588684,0.0,0.2445853352546692,0.0001,1e-05,50.127,3.2459,0.6313
2156,stage2,0,0.2678607404232025,0.41209495067596436,0.0,0.2678607404232025,0.0001,1e-05,50.121,4.3481,0.6316
2157,stage2,0,0.27970701456069946,0.4073433578014374,0.0,0.27970701456069946,0.0001,1e-05,50.121,4.0979,0.6326
2158,stage2,0,0.2609029710292816,0.4065597355365753,0.0,0.2609029710292816,0.0001,1e-05,50.119,3.7242,0.6325
2159,stage2,0,0.23118732869625092,0.4272640645503998,0.0,0.23118732869625092,0.0001,1e-05,50.122,4.0489,0.6331
2160,stage2,0,0.31280553340911865,0.4156433045864105,0.0,0.31280553340911865,0.0001,1e-05,50.12,6.0766,0.6334
2161,stage2,0,0.26773616671562195,0.43336570262908936,0.0,0.26773616671562195,0.0001,1e-05,50.121,3.8409,0.6343
2162,stage2,0,0.2569259703159332,0.40385985374450684,0.0,0.2569259703159332,0.0001,1e-05,50.122,4.059,3.8519
2163,stage2,0,0.21074378490447998,0.39786916971206665,0.0,0.21074378490447998,0.0001,1e-05,50.123,3.564,0.632
2164,stage2,0,0.27093440294265747,0.4241996109485626,0.0,0.27093440294265747,0.0001,1e-05,50.124,4.7157,0.6318
2165,stage2,0,0.2848100960254669,0.43246835470199585,0.0,0.2848100960254669,0.0001,1e-05,50.123,4.1215,0.6325
2166,stage2,0,0.25810691714286804,0.4328251779079437,0.0,0.25810691714286804,0.0001,1e-05,50.12,3.7402,0.632
2167,stage2,0,0.2623899579048157,0.3898046910762787,0.0,0.2623899579048157,0.0001,1e-05,50.119,4.4171,0.6323
2168,stage2,0,0.25408968329429626,0.3979083001613617,0.0,0.25408968329429626,0.0001,1e-05,50.124,4.5284,0.6333
2169,stage2,0,0.2497340589761734,0.42884060740470886,0.0,0.2497340589761734,0.0001,1e-05,50.121,4.2958,0.633
2170,stage2,0,0.2381846010684967,0.3921862840652466,0.0,0.2381846010684967,0.0001,1e-05,50.121,3.9246,3.84
2171,stage2,0,0.26140671968460083,0.41835734248161316,0.0,0.26140671968460083,0.0001,1e-05,50.121,3.7199,0.6311
2172,stage2,0,0.2367667406797409,0.38918229937553406,0.0,0.2367667406797409,0.0001,1e-05,50.122,3.5706,0.6319
2173,stage2,0,0.25256460905075073,0.4036721885204315,0.0,0.25256460905075073,0.0001,1e-05,50.124,4.1378,0.6321
2174,stage2,0,0.2656008303165436,0.43829652667045593,0.0,0.2656008303165436,0.0001,1e-05,50.119,4.4725,0.6321
2175,stage2,0,0.2143242359161377,0.36561354994773865,0.0,0.2143242359161377,0.0001,1e-05,50.122,3.4686,0.6323
2176,stage2,0,0.21215660870075226,0.426189661026001,0.0,0.21215660870075226,0.0001,1e-05,50.125,3.6945,0.6335
2177,stage2,0,0.27992740273475647,0.4110231399536133,0.0,0.27992740273475647,0.0001,1e-05,50.12,4.6256,0.633
2178,stage2,0,0.19337758421897888,0.39554667472839355,0.0,0.19337758421897888,0.0001,1e-05,50.12,3.2074,3.8219
2179,stage2,0,0.24909676611423492,0.4278888702392578,0.0,0.24909676611423492,0.0001,1e-05,50.121,4.2465,0.6311
2180,stage2,0,0.2537456452846527,0.4113578200340271,0.0,0.2537456452846527,0.0001,1e-05,50.121,3.2923,0.6321
2181,stage2,0,0.24552957713603973,0.4098939299583435,0.0,0.24552957713603973,0.0001,1e-05,50.12,3.7329,0.6322
2182,stage2,0,0.2815984785556793,0.4272868037223816,0.0,0.2815984785556793,0.0001,1e-05,50.122,4.8274,0.6324
2183,stage2,0,0.26367267966270447,0.40566080808639526,0.0,0.26367267966270447,0.0001,1e-05,50.123,4.3276,0.633
2184,stage2,0,0.2612232565879822,0.40137341618537903,0.0,0.2612232565879822,0.0001,1e-05,50.122,3.4678,0.6327
2185,stage2,0,0.2413097620010376,0.4534665644168854,0.0,0.2413097620010376,0.0001,1e-05,50.123,3.9927,0.6333
2186,stage2,0,0.22657421231269836,0.3937318027019501,0.0,0.22657421231269836,0.0001,1e-05,50.125,3.7928,3.6326
2187,stage2,0,0.21862240135669708,0.40178027749061584,0.0,0.21862240135669708,0.0001,1e-05,50.12,3.9236,0.6534
2188,stage2,0,0.25988858938217163,0.4077620506286621,0.0,0.25988858938217163,0.0001,1e-05,50.118,3.65,0.6316
2189,stage2,0,0.23764289915561676,0.4136979579925537,0.0,0.23764289915561676,0.0001,1e-05,50.118,3.4719,0.632
2190,stage2,0,0.23872634768486023,0.3826550245285034,0.0,0.23872634768486023,0.0001,1e-05,50.119,3.7142,0.6328
2191,stage2,0,0.24787156283855438,0.39884206652641296,0.0,0.24787156283855438,0.0001,1e-05,50.117,3.6045,0.6327
2192,stage2,0,0.24713321030139923,0.4101465046405792,0.0,0.24713321030139923,0.0001,1e-05,50.117,3.6209,0.6337
2193,stage2,0,0.2753968834877014,0.39932435750961304,0.0,0.2753968834877014,0.0001,1e-05,50.116,4.1717,0.6331
2194,stage2,0,0.24445760250091553,0.4097326397895813,0.0,0.24445760250091553,0.0001,1e-05,50.12,3.9975,3.8605
2195,stage2,0,0.22707653045654297,0.4171728789806366,0.0,0.22707653045654297,0.0001,1e-05,50.119,3.1059,0.6467
2196,stage2,0,0.2635071575641632,0.4014380872249603,0.0,0.2635071575641632,0.0001,1e-05,50.118,4.5084,0.6318
2197,stage2,0,0.2365865409374237,0.4082920551300049,0.0,0.2365865409374237,0.0001,1e-05,50.121,3.3643,0.6322
2198,stage2,0,0.20703542232513428,0.4078280031681061,0.0,0.20703542232513428,0.0001,1e-05,50.12,3.2705,0.6328
2199,stage2,0,0.2435510754585266,0.411881685256958,0.0,0.2435510754585266,0.0001,1e-05,50.118,3.4581,0.6331
2200,stage2,0,0.25838005542755127,0.41587141156196594,0.0,0.25838005542755127,0.0001,1e-05,50.122,3.993,0.6332
2201,stage2,0,0.206596240401268,0.3950648605823517,0.0,0.206596240401268,0.0001,1e-05,50.122,3.5421,0.634
2202,stage2,0,0.24260051548480988,0.3803345859050751,0.0,0.24260051548480988,0.0001,1e-05,50.116,4.1519,3.725
2203,stage2,0,0.24329347908496857,0.4085400402545929,0.0,0.24329347908496857,0.0001,1e-05,50.124,4.052,0.709
2204,stage2,0,0.2175588458776474,0.397321879863739,0.0,0.2175588458776474,0.0001,1e-05,50.117,4.0525,0.6316
2205,stage2,0,0.23209711909294128,0.4648551940917969,0.0,0.23209711909294128,0.0001,1e-05,50.121,4.7337,0.631
2206,stage2,0,0.2331625521183014,0.3957783579826355,0.0,0.2331625521183014,0.0001,1e-05,50.119,3.5813,0.6327
2207,stage2,0,0.2394735962152481,0.4190511107444763,0.0,0.2394735962152481,0.0001,1e-05,50.12,3.9269,0.6331
2208,stage2,0,0.21489112079143524,0.3771868050098419,0.0,0.21489112079143524,0.0001,1e-05,50.122,3.4899,0.6328
2209,stage2,0,0.24669352173805237,0.403201699256897,0.0,0.24669352173805237,0.0001,1e-05,50.12,3.1467,0.6324
2210,stage2,0,0.22548894584178925,0.3952749967575073,0.0,0.22548894584178925,0.0001,1e-05,50.117,3.7316,3.7464
2211,stage2,0,0.23024430871009827,0.42788058519363403,0.0,0.23024430871009827,0.0001,1e-05,50.119,4.6032,0.8562
2212,stage2,0,0.2654816806316376,0.3979041278362274,0.0,0.2654816806316376,0.0001,1e-05,50.125,4.8983,0.6311
2213,stage2,0,0.22433705627918243,0.3977174460887909,0.0,0.22433705627918243,0.0001,1e-05,50.121,4.568,0.632
2214,stage2,0,0.2809167802333832,0.42176181077957153,0.0,0.2809167802333832,0.0001,1e-05,50.122,4.6926,0.6328
2215,stage2,0,0.23130424320697784,0.39663130044937134,0.0,0.23130424320697784,0.0001,1e-05,50.116,3.7695,0.6324
2216,stage2,0,0.22062793374061584,0.42482298612594604,0.0,0.22062793374061584,0.0001,1e-05,50.118,3.8528,0.6328
2217,stage2,0,0.21239213645458221,0.38007739186286926,0.0,0.21239213645458221,0.0001,1e-05,50.12,3.8999,0.6336
2218,stage2,0,0.2604283392429352,0.42282092571258545,0.0,0.2604283392429352,0.0001,1e-05,50.117,4.0042,3.6277
2219,stage2,0,0.24336208403110504,0.40490269660949707,0.0,0.24336208403110504,0.0001,1e-05,50.12,3.8764,0.9697
2220,stage2,0,0.2240246832370758,0.3965511620044708,0.0,0.2240246832370758,0.0001,1e-05,50.122,3.3129,0.6307
2221,stage2,0,0.2130739390850067,0.3902270495891571,0.0,0.2130739390850067,0.0001,1e-05,50.12,3.2712,0.6319
2222,stage2,0,0.2017342895269394,0.3919587731361389,0.0,0.2017342895269394,0.0001,1e-05,50.118,3.6898,0.6324
2223,stage2,0,0.2324315458536148,0.4109441936016083,0.0,0.2324315458536148,0.0001,1e-05,50.122,3.3242,0.6322
2224,stage2,0,0.2542570233345032,0.39975446462631226,0.0,0.2542570233345032,0.0001,1e-05,50.126,3.7011,0.6333
2225,stage2,0,0.27064576745033264,0.393070787191391,0.0,0.27064576745033264,0.0001,1e-05,50.118,4.6484,0.6331
2226,stage2,0,0.20350381731987,0.3994864225387573,0.0,0.20350381731987,0.0001,1e-05,50.119,3.4924,3.519
2227,stage2,0,0.23102974891662598,0.39888402819633484,0.0,0.23102974891662598,0.0001,1e-05,50.12,3.0236,1.0314
2228,stage2,0,0.23808027803897858,0.38601160049438477,0.0,0.23808027803897858,0.0001,1e-05,50.115,4.3896,0.6319
2229,stage2,0,0.25882184505462646,0.4313056170940399,0.0,0.25882184505462646,0.0001,1e-05,50.116,4.039,0.6328
2230,stage2,0,0.24941124022006989,0.40711668133735657,0.0,0.24941124022006989,0.0001,1e-05,50.122,4.3356,0.6328
2231,stage2,0,0.2053767889738083,0.3781113028526306,0.0,0.2053767889738083,0.0001,1e-05,50.126,3.1439,0.6325
2232,stage2,0,0.24335145950317383,0.4038986265659332,0.0,0.24335145950317383,0.0001,1e-05,50.124,3.3538,0.6333
2233,stage2,0,0.2590710520744324,0.39725461602211,0.0,0.2590710520744324,0.0001,1e-05,50.12,4.2598,0.6328
2234,stage2,0,0.2563946545124054,0.41014397144317627,0.0,0.2563946545124054,0.0001,1e-05,50.118,3.3092,3.4792
2235,stage2,0,0.2267739176750183,0.4110451340675354,0.0,0.2267739176750183,0.0001,1e-05,50.121,4.0134,0.9825
2236,stage2,0,0.2095654308795929,0.4160501956939697,0.0,0.2095654308795929,0.0001,1e-05,50.121,3.2352,0.6313
2237,stage2,0,0.2419034242630005,0.41598302125930786,0.0,0.2419034242630005,0.0001,1e-05,50.117,3.6234,0.632
2238,stage2,0,0.25289517641067505,0.4098215699195862,0.0,0.25289517641067505,0.0001,1e-05,50.122,3.8732,0.6326
2239,stage2,0,0.22180551290512085,0.4095344543457031,0.0,0.22180551290512085,0.0001,1e-05,50.124,3.297,0.633
2240,stage2,0,0.2195802479982376,0.403896689414978,0.0,0.2195802479982376,0.0001,1e-05,50.122,3.078,0.633
2241,stage2,0,0.22121988236904144,0.3973534107208252,0.0,0.22121988236904144,0.0001,1e-05,50.118,2.9344,0.6325
2242,stage2,0,0.2345244288444519,0.4007849395275116,0.0,0.2345244288444519,0.0001,1e-05,50.122,4.1408,3.4153
2243,stage2,0,0.27720803022384644,0.4241170585155487,0.0,0.27720803022384644,0.0001,1e-05,50.122,3.7908,1.0645
2244,stage2,0,0.233808696269989,0.38597384095191956,0.0,0.233808696269989,0.0001,1e-05,50.116,3.7384,0.6319
2245,stage2,0,0.24419169127941132,0.40635913610458374,0.0,0.24419169127941132,0.0001,1e-05,50.12,4.6136,0.6326
2246,stage2,0,0.27506905794143677,0.44521206617355347,0.0,0.27506905794143677,0.0001,1e-05,50.124,4.6976,0.6325
2247,stage2,0,0.2234427034854889,0.3915475606918335,0.0,0.2234427034854889,0.0001,1e-05,50.119,3.5885,0.6327
2248,stage2,0,0.209981307387352,0.37686586380004883,0.0,0.209981307387352,0.0001,1e-05,50.119,3.8402,0.633
2249,stage2,0,0.23786985874176025,0.39278826117515564,0.0,0.23786985874176025,0.0001,1e-05,50.119,3.8555,0.6331
2250,stage2,0,0.2560867965221405,0.4083520770072937,0.0,0.2560867965221405,0.0001,1e-05,50.119,3.9395,3.29
2251,stage2,0,0.17918573319911957,0.3868996500968933,0.0,0.17918573319911957,0.0001,1e-05,50.117,2.9659,1.1536
2252,stage2,0,0.2519836723804474,0.3856395184993744,0.0,0.2519836723804474,0.0001,1e-05,50.122,4.4735,0.6323
2253,stage2,0,0.267389714717865,0.4257569909095764,0.0,0.267389714717865,0.0001,1e-05,50.118,4.607,0.6321
2254,stage2,0,0.25392305850982666,0.40620580315589905,0.0,0.25392305850982666,0.0001,1e-05,50.115,4.0249,0.6324
2255,stage2,0,0.2212660163640976,0.4136902093887329,0.0,0.2212660163640976,0.0001,1e-05,50.12,3.9253,0.6322
2256,stage2,0,0.2611001431941986,0.41793039441108704,0.0,0.2611001431941986,0.0001,1e-05,50.123,4.1006,0.6332
2257,stage2,0,0.2332066297531128,0.40807628631591797,0.0,0.2332066297531128,0.0001,1e-05,50.121,3.5497,0.6334
2258,stage2,0,0.26007726788520813,0.4101267457008362,0.0,0.26007726788520813,0.0001,1e-05,50.12,4.318,3.2668
2259,stage2,0,0.23749299347400665,0.39225858449935913,0.0,0.23749299347400665,0.0001,1e-05,50.124,4.3313,1.116
2260,stage2,0,0.2577091455459595,0.42500969767570496,0.0,0.2577091455459595,0.0001,1e-05,50.12,4.3954,0.6321
2261,stage2,0,0.24570901691913605,0.3891623616218567,0.0,0.24570901691913605,0.0001,1e-05,50.12,4.3975,0.6328
2262,stage2,0,0.24446332454681396,0.39260008931159973,0.0,0.24446332454681396,0.0001,1e-05,50.119,6.9819,0.6328
2263,stage2,0,0.2723766565322876,0.4382549822330475,0.0,0.2723766565322876,0.0001,1e-05,50.121,4.9201,0.6339
2264,stage2,0,0.27562016248703003,0.41409656405448914,0.0,0.27562016248703003,0.0001,1e-05,50.12,3.9647,0.6329
2265,stage2,0,0.2450205236673355,0.4160035252571106,0.0,0.2450205236673355,0.0001,1e-05,50.116,4.7187,0.6337
2266,stage2,0,0.2473238706588745,0.3904000222682953,0.0,0.2473238706588745,0.0001,1e-05,50.12,4.1565,3.3241
2267,stage2,0,0.24466994404792786,0.40281030535697937,0.0,0.24466994404792786,0.0001,1e-05,50.123,4.5494,1.0398
2268,stage2,0,0.23622386157512665,0.4122741222381592,0.0,0.23622386157512665,0.0001,1e-05,50.119,3.8736,0.6321
2269,stage2,0,0.30394303798675537,0.4259002208709717,0.0,0.30394303798675537,0.0001,1e-05,50.119,6.6308,0.6323
2270,stage2,0,0.229833722114563,0.44456878304481506,0.0,0.229833722114563,0.0001,1e-05,50.12,5.0381,0.6332
2271,stage2,0,0.24490955471992493,0.3804791569709778,0.0,0.24490955471992493,0.0001,1e-05,50.12,3.8433,0.6331
2272,stage2,0,0.2508631944656372,0.4019544720649719,0.0,0.2508631944656372,0.0001,1e-05,50.121,4.5586,0.6333
2273,stage2,0,0.24114321172237396,0.38267263770103455,0.0,0.24114321172237396,0.0001,1e-05,50.118,3.794,0.6327
2274,stage2,0,0.202254518866539,0.3725823760032654,0.0,0.202254518866539,0.0001,1e-05,50.119,3.719,3.3979
2275,stage2,0,0.23473414778709412,0.37660732865333557,0.0,0.23473414778709412,0.0001,1e-05,50.122,3.9113,1.0155
2276,stage2,0,0.23391371965408325,0.4057685136795044,0.0,0.23391371965408325,0.0001,1e-05,50.118,3.4158,0.6322
2277,stage2,0,0.23972120881080627,0.4083983600139618,0.0,0.23972120881080627,0.0001,1e-05,50.121,3.9018,0.6325
2278,stage2,0,0.2375074028968811,0.39077144861221313,0.0,0.2375074028968811,0.0001,1e-05,50.121,4.384,0.6329
2279,stage2,0,0.23479056358337402,0.4000561535358429,0.0,0.23479056358337402,0.0001,1e-05,50.121,3.9788,0.6333
2280,stage2,0,0.2507517337799072,0.4065000116825104,0.0,0.2507517337799072,0.0001,1e-05,50.123,3.9714,0.6331
2281,stage2,0,0.22075073421001434,0.3852787911891937,0.0,0.22075073421001434,0.0001,1e-05,50.126,3.6785,0.6336
2282,stage2,0,0.22944794595241547,0.3933412730693817,0.0,0.22944794595241547,0.0001,1e-05,50.121,3.4988,3.4057
2283,stage2,0,0.2383265495300293,0.4195905029773712,0.0,0.2383265495300293,0.0001,1e-05,50.12,3.8779,1.0339
2284,stage2,0,0.259413480758667,0.3980834484100342,0.0,0.259413480758667,0.0001,1e-05,50.122,4.3697,0.6325
2285,stage2,0,0.2394091784954071,0.4226885735988617,0.0,0.2394091784954071,0.0001,1e-05,50.119,3.8753,0.6332
2286,stage2,0,0.21348798274993896,0.3832148611545563,0.0,0.21348798274993896,0.0001,1e-05,50.119,3.4299,0.6329
2287,stage2,0,0.2040431797504425,0.3884689509868622,0.0,0.2040431797504425,0.0001,1e-05,50.12,3.4344,0.6341
2288,stage2,0,0.2654081881046295,0.43646717071533203,0.0,0.2654081881046295,0.0001,1e-05,50.12,6.9923,0.6347
2289,stage2,0,0.26907995343208313,0.4318252503871918,0.0,0.26907995343208313,0.0001,1e-05,50.12,3.7954,0.6335
2290,stage2,0,0.24474678933620453,0.40883126854896545,0.0,0.24474678933620453,0.0001,1e-05,50.117,3.9277,3.4795
2291,stage2,0,0.24575026333332062,0.4219624400138855,0.0,0.24575026333332062,0.0001,1e-05,50.123,4.8987,1.0401
2292,stage2,0,0.24560430645942688,0.42794114351272583,0.0,0.24560430645942688,0.0001,1e-05,50.119,4.6795,0.6321
2293,stage2,0,0.2678370177745819,0.4187345802783966,0.0,0.2678370177745819,0.0001,1e-05,50.121,3.6336,0.6324
2294,stage2,0,0.2558291256427765,0.44202107191085815,0.0,0.2558291256427765,0.0001,1e-05,50.119,4.5295,0.6331
2295,stage2,0,0.20240677893161774,0.39445027709007263,0.0,0.20240677893161774,0.0001,1e-05,50.117,4.1837,0.6337
2296,stage2,0,0.25725793838500977,0.38807591795921326,0.0,0.25725793838500977,0.0001,1e-05,50.119,4.2734,0.6334
2297,stage2,0,0.26099610328674316,0.3998194932937622,0.0,0.26099610328674316,0.0001,1e-05,50.122,4.2371,0.634
2298,stage2,0,0.2626245617866516,0.41850152611732483,0.0,0.2626245617866516,0.0001,1e-05,50.122,3.8819,3.3889
2299,stage2,0,0.22285832464694977,0.4118434190750122,0.0,0.22285832464694977,0.0001,1e-05,50.119,4.265,1.0789
2300,stage2,0,0.2545877695083618,0.41876617074012756,0.0,0.2545877695083618,0.0001,1e-05,50.122,4.895,0.6322
2301,stage2,0,0.2350929230451584,0.37732023000717163,0.0,0.2350929230451584,0.0001,1e-05,50.122,3.19,0.6326
2302,stage2,0,0.25104227662086487,0.3968214690685272,0.0,0.25104227662086487,0.0001,1e-05,50.12,3.9352,0.6328
2303,stage2,0,0.22502414882183075,0.3984675109386444,0.0,0.22502414882183075,0.0001,1e-05,50.121,4.1292,0.6327
2304,stage2,0,0.22335772216320038,0.3831773102283478,0.0,0.22335772216320038,0.0001,1e-05,50.122,4.3605,0.6335
2305,stage2,0,0.23230111598968506,0.3969533145427704,0.0,0.23230111598968506,0.0001,1e-05,50.122,4.1993,0.6338
2306,stage2,0,0.23977670073509216,0.38905245065689087,0.0,0.23977670073509216,0.0001,1e-05,50.118,3.785,3.3655
2307,stage2,0,0.2343970686197281,0.39346951246261597,0.0,0.2343970686197281,0.0001,1e-05,50.123,3.7608,1.1664
2308,stage2,0,0.23755382001399994,0.4069330394268036,0.0,0.23755382001399994,0.0001,1e-05,50.122,4.2776,0.6315
2309,stage2,0,0.2039664089679718,0.3832019865512848,0.0,0.2039664089679718,0.0001,1e-05,50.122,4.3485,0.6324
2310,stage2,0,0.24266505241394043,0.42390769720077515,0.0,0.24266505241394043,0.0001,1e-05,50.121,4.2839,0.6323
2311,stage2,0,0.22171133756637573,0.385332316160202,0.0,0.22171133756637573,0.0001,1e-05,50.116,3.8967,0.6334
2312,stage2,0,0.23887279629707336,0.39785289764404297,0.0,0.23887279629707336,0.0001,1e-05,50.123,7.2258,0.6333
2313,stage2,0,0.2630772292613983,0.4277820587158203,0.0,0.2630772292613983,0.0001,1e-05,50.119,3.936,0.634
2314,stage2,0,0.2566312551498413,0.38688525557518005,0.0,0.2566312551498413,0.0001,1e-05,50.123,4.0529,3.287
2315,stage2,0,0.22249984741210938,0.37598946690559387,0.0,0.22249984741210938,0.0001,1e-05,50.121,3.4881,1.1272
2316,stage2,0,0.18639367818832397,0.3878456950187683,0.0,0.18639367818832397,0.0001,1e-05,50.121,3.7561,0.6322
2317,stage2,0,0.2253236323595047,0.3866546154022217,0.0,0.2253236323595047,0.0001,1e-05,50.123,4.204,0.6328
2318,stage2,0,0.23471876978874207,0.39118075370788574,0.0,0.23471876978874207,0.0001,1e-05,50.119,4.1977,0.6331
2319,stage2,0,0.21187718212604523,0.40362170338630676,0.0,0.21187718212604523,0.0001,1e-05,50.122,4.0888,0.6331
2320,stage2,0,0.20607377588748932,0.3850429058074951,0.0,0.20607377588748932,0.0001,1e-05,50.124,3.9388,0.6336
2321,stage2,0,0.26688429713249207,0.4235723614692688,0.0,0.26688429713249207,0.0001,1e-05,50.124,3.8781,0.6326
2322,stage2,0,0.2532365024089813,0.41722097992897034,0.0,0.2532365024089813,0.0001,1e-05,50.119,4.0158,3.3062
2323,stage2,0,0.2450164407491684,0.3879394829273224,0.0,0.2450164407491684,0.0001,1e-05,50.121,5.3531,1.1079
2324,stage2,0,0.1993110477924347,0.360137939453125,0.0,0.1993110477924347,0.0001,1e-05,50.124,2.9024,0.6317
2325,stage2,0,0.2426624447107315,0.3899860382080078,0.0,0.2426624447107315,0.0001,1e-05,50.12,4.9389,0.6317
2326,stage2,0,0.23927271366119385,0.4025179445743561,0.0,0.23927271366119385,0.0001,1e-05,50.119,4.2731,0.6321
2327,stage2,0,0.2757396996021271,0.42675864696502686,0.0,0.2757396996021271,0.0001,1e-05,50.126,4.6188,0.6335
2328,stage2,0,0.21766185760498047,0.37818336486816406,0.0,0.21766185760498047,0.0001,1e-05,50.123,3.5153,0.6333
2329,stage2,0,0.2114374190568924,0.4006536304950714,0.0,0.2114374190568924,0.0001,1e-05,50.119,4.2306,0.6333
2330,stage2,0,0.22050397098064423,0.38983967900276184,0.0,0.22050397098064423,0.0001,1e-05,50.12,3.2295,3.3012
2331,stage2,0,0.26274892687797546,0.4193984568119049,0.0,0.26274892687797546,0.0001,1e-05,50.119,4.227,1.0932
2332,stage2,0,0.258116215467453,0.43022820353507996,0.0,0.258116215467453,0.0001,1e-05,50.119,4.1705,0.6323
2333,stage2,0,0.2342260777950287,0.39890310168266296,0.0,0.2342260777950287,0.0001,1e-05,50.118,3.7386,0.6327
2334,stage2,0,0.20492838323116302,0.39302298426628113,0.0,0.20492838323116302,0.0001,1e-05,50.121,3.1971,0.633
2335,stage2,0,0.24321283400058746,0.42251935601234436,0.0,0.24321283400058746,0.0001,1e-05,50.125,4.2522,0.633
2336,stage2,0,0.2623020112514496,0.3833228051662445,0.0,0.2623020112514496,0.0001,1e-05,50.121,5.5832,0.6332
2337,stage2,0,0.25029435753822327,0.4312567412853241,0.0,0.25029435753822327,0.0001,1e-05,50.122,4.0236,0.6335
2338,stage2,0,0.20671220123767853,0.38067764043807983,0.0,0.20671220123767853,0.0001,1e-05,50.123,3.6924,3.3441
2339,stage2,0,0.19159911572933197,0.39959508180618286,0.0,0.19159911572933197,0.0001,1e-05,50.122,3.0371,1.1016
2340,stage2,0,0.2570028007030487,0.4078643321990967,0.0,0.2570028007030487,0.0001,1e-05,50.122,4.424,0.6323
2341,stage2,0,0.20385238528251648,0.3951011598110199,0.0,0.20385238528251648,0.0001,1e-05,50.119,3.0591,0.6322
2342,stage2,0,0.22950802743434906,0.4018930196762085,0.0,0.22950802743434906,0.0001,1e-05,50.122,4.2504,0.6331
2343,stage2,0,0.2316463738679886,0.43435925245285034,0.0,0.2316463738679886,0.0001,1e-05,50.122,3.4792,0.6335
2344,stage2,0,0.24835942685604095,0.3923722207546234,0.0,0.24835942685604095,0.0001,1e-05,50.123,4.5477,0.6338
2345,stage2,0,0.24445687234401703,0.42333531379699707,0.0,0.24445687234401703,0.0001,1e-05,50.118,4.5008,0.6339
2346,stage2,0,0.2389739602804184,0.4087080955505371,0.0,0.2389739602804184,0.0001,1e-05,50.124,4.5443,3.3421
2347,stage2,0,0.23108085989952087,0.4034266769886017,0.0,0.23108085989952087,0.0001,1e-05,50.117,3.5638,1.0846
2348,stage2,0,0.1996603012084961,0.38223206996917725,0.0,0.1996603012084961,0.0001,1e-05,50.122,3.3274,0.6319
2349,stage2,0,0.2081248015165329,0.39248064160346985,0.0,0.2081248015165329,0.0001,1e-05,50.121,3.2615,0.6327
2350,stage2,0,0.21851129829883575,0.3910345137119293,0.0,0.21851129829883575,0.0001,1e-05,50.119,3.8738,0.6332
2351,stage2,0,0.22616791725158691,0.387494295835495,0.0,0.22616791725158691,0.0001,1e-05,50.123,4.3268,0.6328
2352,stage2,0,0.25877615809440613,0.42230165004730225,0.0,0.25877615809440613,0.0001,1e-05,50.121,4.6578,0.6335
2353,stage2,0,0.23365578055381775,0.4147500991821289,0.0,0.23365578055381775,0.0001,1e-05,50.123,4.0913,0.6335
2354,stage2,0,0.19582533836364746,0.38157251477241516,0.0,0.19582533836364746,0.0001,1e-05,50.121,3.3277,3.3893
2355,stage2,0,0.23232708871364594,0.387439101934433,0.0,0.23232708871364594,0.0001,1e-05,50.123,3.1468,1.1649
2356,stage2,0,0.2603202760219574,0.40635496377944946,0.0,0.2603202760219574,0.0001,1e-05,50.125,3.971,0.6321
2357,stage2,0,0.20051461458206177,0.4224625527858734,0.0,0.20051461458206177,0.0001,1e-05,50.118,3.3371,0.6325
2358,stage2,0,0.26655662059783936,0.39446720480918884,0.0,0.26655662059783936,0.0001,1e-05,50.12,4.4427,0.6329
2359,stage2,0,0.17394590377807617,0.39026519656181335,0.0,0.17394590377807617,0.0001,1e-05,50.124,3.028,0.6337
2360,stage2,0,0.19297374784946442,0.3964393138885498,0.0,0.19297374784946442,0.0001,1e-05,50.122,3.2313,0.6338
2361,stage2,0,0.22706551849842072,0.40769144892692566,0.0,0.22706551849842072,0.0001,1e-05,50.119,4.2189,0.633
2362,stage2,0,0.21273234486579895,0.3774811029434204,0.0,0.21273234486579895,0.0001,1e-05,50.12,3.5837,3.3051
2363,stage2,0,0.22551555931568146,0.3918001353740692,0.0,0.22551555931568146,0.0001,1e-05,50.12,3.8656,1.321
2364,stage2,0,0.22981102764606476,0.40587395429611206,0.0,0.22981102764606476,0.0001,1e-05,50.12,5.1661,0.6327
2365,stage2,0,0.2654915452003479,0.4240296185016632,0.0,0.2654915452003479,0.0001,1e-05,50.126,4.5858,0.6316
2366,stage2,0,0.24151387810707092,0.39965179562568665,0.0,0.24151387810707092,0.0001,1e-05,50.124,5.0453,0.633
2367,stage2,0,0.24535034596920013,0.4249889552593231,0.0,0.24535034596920013,0.0001,1e-05,50.122,4.5415,0.633
2368,stage2,0,0.17927224934101105,0.40010902285575867,0.0,0.17927224934101105,0.0001,1e-05,50.124,2.762,0.6332
2369,stage2,0,0.1703081876039505,0.37629595398902893,0.0,0.1703081876039505,0.0001,1e-05,50.122,3.9607,0.6339
2370,stage2,0,0.2052355408668518,0.38748741149902344,0.0,0.2052355408668518,0.0001,1e-05,50.126,4.1785,3.2139
2371,stage2,0,0.21550767123699188,0.3606782555580139,0.0,0.21550767123699188,0.0001,1e-05,50.12,4.5038,1.2267
2372,stage2,0,0.22614535689353943,0.4022101163864136,0.0,0.22614535689353943,0.0001,1e-05,50.119,5.4973,0.6319
2373,stage2,0,0.25040364265441895,0.4172806143760681,0.0,0.25040364265441895,0.0001,1e-05,50.123,5.2511,0.6329
2374,stage2,0,0.2076147496700287,0.40042200684547424,0.0,0.2076147496700287,0.0001,1e-05,50.123,4.2824,0.633
2375,stage2,0,0.23341712355613708,0.40351560711860657,0.0,0.23341712355613708,0.0001,1e-05,50.119,4.1019,0.6335
2376,stage2,0,0.2040928602218628,0.40374889969825745,0.0,0.2040928602218628,0.0001,1e-05,50.123,3.659,0.6341
2377,stage2,0,0.23264764249324799,0.4059006869792938,0.0,0.23264764249324799,0.0001,1e-05,50.124,5.0959,0.6343
2378,stage2,0,0.22217485308647156,0.3859294652938843,0.0,0.22217485308647156,0.0001,1e-05,50.118,4.7446,3.3917
2379,stage2,0,0.263198584318161,0.4211784303188324,0.0,0.263198584318161,0.0001,1e-05,50.123,5.2971,1.0856
2380,stage2,0,0.22291482985019684,0.382199227809906,0.0,0.22291482985019684,0.0001,1e-05,50.12,3.8091,0.6327
2381,stage2,0,0.2451964169740677,0.40083661675453186,0.0,0.2451964169740677,0.0001,1e-05,50.121,4.4365,0.6327
2382,stage2,0,0.21545006334781647,0.41449663043022156,0.0,0.21545006334781647,0.0001,1e-05,50.12,3.9355,0.6328
2383,stage2,0,0.19242143630981445,0.37785711884498596,0.0,0.19242143630981445,0.0001,1e-05,50.124,3.0655,0.6336
2384,stage2,0,0.24977782368659973,0.39806467294692993,0.0,0.24977782368659973,0.0001,1e-05,50.125,4.5061,0.6341
2385,stage2,0,0.23369820415973663,0.39664366841316223,0.0,0.23369820415973663,0.0001,1e-05,50.12,4.3185,0.6336
2386,stage2,0,0.2673839032649994,0.41878238320350647,0.0,0.2673839032649994,0.0001,1e-05,50.128,5.1392,3.4071
2387,stage2,0,0.20813819766044617,0.39980050921440125,0.0,0.20813819766044617,0.0001,1e-05,50.124,3.6324,1.2211
2388,stage2,0,0.1975518763065338,0.3894125819206238,0.0,0.1975518763065338,0.0001,1e-05,50.119,3.6571,0.6321
2389,stage2,0,0.24750037491321564,0.4340984523296356,0.0,0.24750037491321564,0.0001,1e-05,50.125,3.8272,0.6331
2390,stage2,0,0.24241358041763306,0.43664148449897766,0.0,0.24241358041763306,0.0001,1e-05,50.119,4.3936,0.6338
2391,stage2,0,0.2214265912771225,0.403377503156662,0.0,0.2214265912771225,0.0001,1e-05,50.121,4.0164,0.6332
2392,stage2,0,0.21097977459430695,0.4055083394050598,0.0,0.21097977459430695,0.0001,1e-05,50.123,3.545,0.634
2393,stage2,0,0.1967129409313202,0.4013223350048065,0.0,0.1967129409313202,0.0001,1e-05,50.117,3.5803,0.6344
2394,stage2,0,0.260542631149292,0.42081865668296814,0.0,0.260542631149292,0.0001,1e-05,50.12,3.5399,3.2529
2395,stage2,0,0.23721760511398315,0.3971513509750366,0.0,0.23721760511398315,0.0001,1e-05,50.124,3.9069,1.2014
2396,stage2,0,0.2700329124927521,0.41768088936805725,0.0,0.2700329124927521,0.0001,1e-05,50.125,4.5594,0.6327
2397,stage2,0,0.216193288564682,0.3959333002567291,0.0,0.216193288564682,0.0001,1e-05,50.124,4.323,0.6327
2398,stage2,0,0.22772826254367828,0.39479079842567444,0.0,0.22772826254367828,0.0001,1e-05,50.121,3.5728,0.6338
2399,stage2,0,0.28419095277786255,0.40662068128585815,0.0,0.28419095277786255,0.0001,1e-05,50.122,4.0442,0.6338
2400,stage2,0,0.22137194871902466,0.3668369650840759,0.0,0.22137194871902466,0.0001,1e-05,50.126,3.9194,0.6341
2401,stage2,0,0.25035929679870605,0.4060738682746887,0.0,0.25035929679870605,0.0001,1e-05,50.121,6.169,0.6346
2402,stage2,0,0.2704107463359833,0.41332244873046875,0.0,0.2704107463359833,0.0001,1e-05,50.123,3.9723,3.2743
2403,stage2,0,0.22957827150821686,0.4085286557674408,0.0,0.22957827150821686,0.0001,1e-05,50.119,3.6596,1.1618
2404,stage2,0,0.1942012459039688,0.40212225914001465,0.0,0.1942012459039688,0.0001,1e-05,50.12,3.7858,0.6326
2405,stage2,0,0.24048319458961487,0.4061446189880371,0.0,0.24048319458961487,0.0001,1e-05,50.123,4.5649,0.6332
2406,stage2,0,0.24144624173641205,0.4080065190792084,0.0,0.24144624173641205,0.0001,1e-05,50.121,4.2278,0.6335
2407,stage2,0,0.2305707037448883,0.3693036139011383,0.0,0.2305707037448883,0.0001,1e-05,50.123,3.691,0.6336
2408,stage2,0,0.23539257049560547,0.3879076838493347,0.0,0.23539257049560547,0.0001,1e-05,50.118,4.0946,0.634
2409,stage2,0,0.22087718546390533,0.3961212933063507,0.0,0.22087718546390533,0.0001,1e-05,50.122,3.6982,0.6344
2410,stage2,0,0.18421383202075958,0.3912743926048279,0.0,0.18421383202075958,0.0001,1e-05,50.122,3.2472,3.3636
2411,stage2,0,0.24681773781776428,0.42889851331710815,0.0,0.24681773781776428,0.0001,1e-05,50.122,4.1492,1.1038
2412,stage2,0,0.24686145782470703,0.43798816204071045,0.0,0.24686145782470703,0.0001,1e-05,50.123,3.91,0.6328
2413,stage2,0,0.2542980909347534,0.4197253882884979,0.0,0.2542980909347534,0.0001,1e-05,50.122,3.8615,0.6334
2414,stage2,0,0.22312793135643005,0.38923656940460205,0.0,0.22312793135643005,0.0001,1e-05,50.125,3.0605,0.6336
2415,stage2,0,0.24213065207004547,0.41346821188926697,0.0,0.24213065207004547,0.0001,1e-05,50.122,4.4272,0.6338
2416,stage2,0,0.2275204360485077,0.42345184087753296,0.0,0.2275204360485077,0.0001,1e-05,50.121,3.8916,0.6346
2417,stage2,0,0.23969827592372894,0.39016589522361755,0.0,0.23969827592372894,0.0001,1e-05,50.122,4.1759,0.6341
2418,stage2,0,0.1745298206806183,0.3863261342048645,0.0,0.1745298206806183,0.0001,1e-05,50.12,3.2565,3.45
2419,stage2,0,0.2588554918766022,0.39769431948661804,0.0,0.2588554918766022,0.0001,1e-05,50.12,4.3389,1.0072
2420,stage2,0,0.19942647218704224,0.3832014203071594,0.0,0.19942647218704224,0.0001,1e-05,50.124,3.4921,0.6326
2421,stage2,0,0.22200006246566772,0.4095507264137268,0.0,0.22200006246566772,0.0001,1e-05,50.122,4.4573,0.632
2422,stage2,0,0.21455711126327515,0.39130523800849915,0.0,0.21455711126327515,0.0001,1e-05,50.121,3.5825,0.6323
2423,stage2,0,0.25287559628486633,0.39845916628837585,0.0,0.25287559628486633,0.0001,1e-05,50.122,4.0148,0.6326
2424,stage2,0,0.25927695631980896,0.39547601342201233,0.0,0.25927695631980896,0.0001,1e-05,50.12,4.6096,0.6332
2425,stage2,0,0.1982506811618805,0.38842180371284485,0.0,0.1982506811618805,0.0001,1e-05,50.121,3.5905,0.6333
2426,stage2,0,0.20061872899532318,0.39789482951164246,0.0,0.20061872899532318,0.0001,1e-05,50.124,3.6293,3.4247
2427,stage2,0,0.2201809585094452,0.38363128900527954,0.0,0.2201809585094452,0.0001,1e-05,50.122,3.5811,0.9682
2428,stage2,0,0.25976666808128357,0.39572831988334656,0.0,0.25976666808128357,0.0001,1e-05,50.119,4.2068,0.6327
2429,stage2,0,0.20484212040901184,0.39929908514022827,0.0,0.20484212040901184,0.0001,1e-05,50.125,4.5233,0.6326
2430,stage2,0,0.23668210208415985,0.40422722697257996,0.0,0.23668210208415985,0.0001,1e-05,50.12,4.8786,0.633
2431,stage2,0,0.2289656400680542,0.37159910798072815,0.0,0.2289656400680542,0.0001,1e-05,50.124,3.7755,0.6332
2432,stage2,0,0.20390313863754272,0.384393572807312,0.0,0.20390313863754272,0.0001,1e-05,50.125,4.0922,0.6339
2433,stage2,0,0.19018743932247162,0.4005827009677887,0.0,0.19018743932247162,0.0001,1e-05,50.12,3.2644,0.6336
2434,stage2,0,0.1702696532011032,0.3893323838710785,0.0,0.1702696532011032,0.0001,1e-05,50.121,3.0997,3.5626
2435,stage2,0,0.23616790771484375,0.40384986996650696,0.0,0.23616790771484375,0.0001,1e-05,50.119,4.1024,0.8632
2436,stage2,0,0.21364469826221466,0.39390450716018677,0.0,0.21364469826221466,0.0001,1e-05,50.12,3.3878,0.6337
2437,stage2,0,0.22379301488399506,0.39353084564208984,0.0,0.22379301488399506,0.0001,1e-05,50.123,3.7753,0.6329
2438,stage2,0,0.2266141027212143,0.38735058903694153,0.0,0.2266141027212143,0.0001,1e-05,50.121,3.8682,0.6336
2439,stage2,0,0.21446722745895386,0.3931465744972229,0.0,0.21446722745895386,0.0001,1e-05,50.124,3.9828,0.6338
2440,stage2,0,0.22716258466243744,0.40174055099487305,0.0,0.22716258466243744,0.0001,1e-05,50.119,3.6705,0.6339
2441,stage2,0,0.20581267774105072,0.39386454224586487,0.0,0.20581267774105072,0.0001,1e-05,50.121,3.144,0.6353
2442,stage2,0,0.2122197449207306,0.3947826027870178,0.0,0.2122197449207306,0.0001,1e-05,50.12,4.2583,3.6061
2443,stage2,0,0.24952851235866547,0.42496785521507263,0.0,0.24952851235866547,0.0001,1e-05,50.119,3.7017,0.8285
2444,stage2,0,0.20076167583465576,0.4030101001262665,0.0,0.20076167583465576,0.0001,1e-05,50.123,4.6622,0.6326
2445,stage2,0,0.2381579577922821,0.372724711894989,0.0,0.2381579577922821,0.0001,1e-05,50.12,4.6118,0.6331
2446,stage2,0,0.1800047606229782,0.3795134127140045,0.0,0.1800047606229782,0.0001,1e-05,50.12,3.1876,0.633
2447,stage2,0,0.18486057221889496,0.39555519819259644,0.0,0.18486057221889496,0.0001,1e-05,50.123,3.2906,0.6333
2448,stage2,0,0.2053382694721222,0.3796687126159668,0.0,0.2053382694721222,0.0001,1e-05,50.121,4.2639,0.6345
2449,stage2,0,0.19742430746555328,0.3778493404388428,0.0,0.19742430746555328,0.0001,1e-05,50.121,3.8252,0.634
2450,stage2,0,0.21133603155612946,0.40162211656570435,0.0,0.21133603155612946,0.0001,1e-05,50.123,3.8237,3.5337
2451,stage2,0,0.23132306337356567,0.4027273952960968,0.0,0.23132306337356567,0.0001,1e-05,50.121,4.4979,0.8292
2452,stage2,0,0.2047496736049652,0.35700374841690063,0.0,0.2047496736049652,0.0001,1e-05,50.12,3.57,0.6332
2453,stage2,0,0.23324450850486755,0.3877333700656891,0.0,0.23324450850486755,0.0001,1e-05,50.12,3.8389,0.6328
2454,stage2,0,0.24111489951610565,0.38432174921035767,0.0,0.24111489951610565,0.0001,1e-05,50.118,4.0858,0.6337
2455,stage2,0,0.18183958530426025,0.3754979968070984,0.0,0.18183958530426025,0.0001,1e-05,50.122,3.4069,0.6337
2456,stage2,0,0.2334488183259964,0.3955823481082916,0.0,0.2334488183259964,0.0001,1e-05,50.126,3.9196,0.6344
2457,stage2,0,0.21698372066020966,0.4380655586719513,0.0,0.21698372066020966,0.0001,1e-05,50.124,4.0579,0.6347
2458,stage2,0,0.2216254472732544,0.40659070014953613,0.0,0.2216254472732544,0.0001,1e-05,50.121,4.2425,3.5783
2459,stage2,0,0.19087687134742737,0.3734663128852844,0.0,0.19087687134742737,0.0001,1e-05,50.119,3.6932,0.8072
2460,stage2,0,0.21443331241607666,0.38070961833000183,0.0,0.21443331241607666,0.0001,1e-05,50.123,4.484,0.6327
2461,stage2,0,0.21299083530902863,0.38326266407966614,0.0,0.21299083530902863,0.0001,1e-05,50.12,3.4156,0.6333
2462,stage2,0,0.22076357901096344,0.39843690395355225,0.0,0.22076357901096344,0.0001,1e-05,50.123,4.0387,0.6335
2463,stage2,0,0.24493826925754547,0.40866973996162415,0.0,0.24493826925754547,0.0001,1e-05,50.121,4.2887,0.6339
2464,stage2,0,0.24640746414661407,0.40402716398239136,0.0,0.24640746414661407,0.0001,1e-05,50.123,4.3253,0.6337
2465,stage2,0,0.21015363931655884,0.37861141562461853,0.0,0.21015363931655884,0.0001,1e-05,50.118,4.2798,0.6352
2466,stage2,0,0.23694002628326416,0.37908920645713806,0.0,0.23694002628326416,0.0001,1e-05,50.12,3.7466,3.524
2467,stage2,0,0.23144370317459106,0.4090055227279663,0.0,0.23144370317459106,0.0001,1e-05,50.121,3.6733,0.9238
2468,stage2,0,0.22253336012363434,0.4054792523384094,0.0,0.22253336012363434,0.0001,1e-05,50.12,3.785,0.6325
2469,stage2,0,0.2043006718158722,0.4059489965438843,0.0,0.2043006718158722,0.0001,1e-05,50.125,3.1163,0.633
2470,stage2,0,0.2539377212524414,0.37825125455856323,0.0,0.2539377212524414,0.0001,1e-05,50.12,4.3641,0.6336
2471,stage2,0,0.2088409811258316,0.36385104060173035,0.0,0.2088409811258316,0.0001,1e-05,50.12,3.7525,0.634
2472,stage2,0,0.23075640201568604,0.3897414207458496,0.0,0.23075640201568604,0.0001,1e-05,50.123,3.5893,0.6345
2473,stage2,0,0.26137980818748474,0.4061685800552368,0.0,0.26137980818748474,0.0001,1e-05,50.119,4.8914,0.6346
2474,stage2,0,0.17934654653072357,0.36800578236579895,0.0,0.17934654653072357,0.0001,1e-05,50.122,3.8109,3.5271
2475,stage2,0,0.2643447816371918,0.41392117738723755,0.0,0.2643447816371918,0.0001,1e-05,50.123,4.7208,0.9096
2476,stage2,0,0.20077769458293915,0.3897179961204529,0.0,0.20077769458293915,0.0001,1e-05,50.119,3.9925,0.6324
2477,stage2,0,0.23890534043312073,0.3837071657180786,0.0,0.23890534043312073,0.0001,1e-05,50.126,5.4039,0.6332
2478,stage2,0,0.21489328145980835,0.3776704967021942,0.0,0.21489328145980835,0.0001,1e-05,50.12,3.8703,0.6336
2479,stage2,0,0.21075494587421417,0.3856455087661743,0.0,0.21075494587421417,0.0001,1e-05,50.122,3.8953,0.6336
2480,stage2,0,0.1817687749862671,0.3796314597129822,0.0,0.1817687749862671,0.0001,1e-05,50.124,3.9015,0.6339
2481,stage2,0,0.2148926556110382,0.3840547502040863,0.0,0.2148926556110382,0.0001,1e-05,50.122,3.9426,0.6339
2482,stage2,0,0.1989630162715912,0.3656100332736969,0.0,0.1989630162715912,0.0001,1e-05,50.121,3.3107,3.4624
2483,stage2,0,0.19142261147499084,0.3970497250556946,0.0,0.19142261147499084,0.0001,1e-05,50.122,3.4857,1.0153
2484,stage2,0,0.19348926842212677,0.36605432629585266,0.0,0.19348926842212677,0.0001,1e-05,50.119,3.0544,0.6329
2485,stage2,0,0.21871672570705414,0.3795999586582184,0.0,0.21871672570705414,0.0001,1e-05,50.124,4.9545,0.6332
2486,stage2,0,0.21629104018211365,0.3918479084968567,0.0,0.21629104018211365,0.0001,1e-05,50.122,4.2303,0.6339
2487,stage2,0,0.19714787602424622,0.39516299962997437,0.0,0.19714787602424622,0.0001,1e-05,50.12,3.4629,0.6337
2488,stage2,0,0.237874373793602,0.41875943541526794,0.0,0.237874373793602,0.0001,1e-05,50.12,4.4824,0.6345
2489,stage2,0,0.25686174631118774,0.400796502828598,0.0,0.25686174631118774,0.0001,1e-05,50.117,5.5299,0.634
2490,stage2,0,0.2021521031856537,0.39660772681236267,0.0,0.2021521031856537,0.0001,1e-05,50.122,3.6926,3.3729
2491,stage2,0,0.20173531770706177,0.3923828899860382,0.0,0.20173531770706177,0.0001,1e-05,50.118,3.9987,1.0637
2492,stage2,0,0.2145133763551712,0.41610682010650635,0.0,0.2145133763551712,0.0001,1e-05,50.119,4.1291,0.6334
2493,stage2,0,0.22374577820301056,0.4127371609210968,0.0,0.22374577820301056,0.0001,1e-05,50.119,4.0113,0.6336
2494,stage2,0,0.21913771331310272,0.40303048491477966,0.0,0.21913771331310272,0.0001,1e-05,50.123,4.2348,0.6333
2495,stage2,0,0.23703856766223907,0.3925689160823822,0.0,0.23703856766223907,0.0001,1e-05,50.117,3.9379,0.6335
2496,stage2,0,0.19691085815429688,0.40252023935317993,0.0,0.19691085815429688,0.0001,1e-05,50.124,4.0782,0.6338
2497,stage2,0,0.24381719529628754,0.4135533273220062,0.0,0.24381719529628754,0.0001,1e-05,50.121,4.1406,0.6345
2498,stage2,0,0.18783654272556305,0.37634071707725525,0.0,0.18783654272556305,0.0001,1e-05,50.12,3.8882,3.4116
2499,stage2,0,0.22033441066741943,0.3914605975151062,0.0,0.22033441066741943,0.0001,1e-05,50.123,4.0567,0.9856
2500,stage2,0,0.22046791017055511,0.40316858887672424,0.0,0.22046791017055511,0.0001,1e-05,50.118,3.89,0.6328
2501,stage2,0,0.22953273355960846,0.39597541093826294,0.0,0.22953273355960846,0.0001,1e-05,50.118,3.8492,0.6327
2502,stage2,0,0.2592736780643463,0.40745940804481506,0.0,0.2592736780643463,0.0001,1e-05,50.122,3.9747,0.6326
2503,stage2,0,0.19725754857063293,0.3918973207473755,0.0,0.19725754857063293,0.0001,1e-05,50.118,4.1413,0.6347
2504,stage2,0,0.23051869869232178,0.3875667154788971,0.0,0.23051869869232178,0.0001,1e-05,50.119,4.315,0.6338
2505,stage2,0,0.23511122167110443,0.3973861634731293,0.0,0.23511122167110443,0.0001,1e-05,50.123,4.4768,0.6339
2506,stage2,0,0.21910300850868225,0.4247931241989136,0.0,0.21910300850868225,0.0001,1e-05,50.12,4.047,3.495
2507,stage2,0,0.23039989173412323,0.39618226885795593,0.0,0.23039989173412323,0.0001,1e-05,50.121,4.7503,0.946
2508,stage2,0,0.22753451764583588,0.4088195562362671,0.0,0.22753451764583588,0.0001,1e-05,50.119,3.5642,0.6332
2509,stage2,0,0.2293989509344101,0.3844711482524872,0.0,0.2293989509344101,0.0001,1e-05,50.122,4.1691,0.6332
2510,stage2,0,0.21407164633274078,0.38739874958992004,0.0,0.21407164633274078,0.0001,1e-05,50.119,3.5924,0.6339
2511,stage2,0,0.22325247526168823,0.41219407320022583,0.0,0.22325247526168823,0.0001,1e-05,50.119,4.8548,0.634
2512,stage2,0,0.19904285669326782,0.35001346468925476,0.0,0.19904285669326782,0.0001,1e-05,50.122,3.3046,0.6345
2513,stage2,0,0.22982420027256012,0.3852494955062866,0.0,0.22982420027256012,0.0001,1e-05,50.122,3.7522,0.6353
2514,stage2,0,0.24977771937847137,0.3984083831310272,0.0,0.24977771937847137,0.0001,1e-05,50.119,4.4536,3.5386
2515,stage2,0,0.24338838458061218,0.394269734621048,0.0,0.24338838458061218,0.0001,1e-05,50.121,4.9443,0.8444
2516,stage2,0,0.19955778121948242,0.3815770447254181,0.0,0.19955778121948242,0.0001,1e-05,50.119,3.9016,0.6336
2517,stage2,0,0.23773086071014404,0.42106229066848755,0.0,0.23773086071014404,0.0001,1e-05,50.121,4.8063,0.6332
2518,stage2,0,0.20033153891563416,0.4000261425971985,0.0,0.20033153891563416,0.0001,1e-05,50.119,3.9349,0.6341
2519,stage2,0,0.25427159667015076,0.41569259762763977,0.0,0.25427159667015076,0.0001,1e-05,50.118,4.845,0.6349
2520,stage2,0,0.18335875868797302,0.38506439328193665,0.0,0.18335875868797302,0.0001,1e-05,50.12,3.5778,0.6348
2521,stage2,0,0.2461174577474594,0.42277565598487854,0.0,0.2461174577474594,0.0001,1e-05,50.118,5.0839,0.6343
2522,stage2,0,0.23724426329135895,0.40078189969062805,0.0,0.23724426329135895,0.0001,1e-05,50.12,3.713,3.6901
2523,stage2,0,0.21220490336418152,0.38885506987571716,0.0,0.21220490336418152,0.0001,1e-05,50.12,4.1416,0.727
2524,stage2,0,0.2201720029115677,0.3805720806121826,0.0,0.2201720029115677,0.0001,1e-05,50.122,3.5816,0.6332
2525,stage2,0,0.24969109892845154,0.38791751861572266,0.0,0.24969109892845154,0.0001,1e-05,50.12,3.9619,0.6332
2526,stage2,0,0.21564140915870667,0.38431888818740845,0.0,0.21564140915870667,0.0001,1e-05,50.122,5.0385,0.6329
2527,stage2,0,0.20885314047336578,0.38834577798843384,0.0,0.20885314047336578,0.0001,1e-05,50.119,4.393,0.6343
2528,stage2,0,0.23321521282196045,0.3817528486251831,0.0,0.23321521282196045,0.0001,1e-05,50.12,4.1776,0.6341
2529,stage2,0,0.23591609299182892,0.41074392199516296,0.0,0.23591609299182892,0.0001,1e-05,50.118,5.1968,0.6344
2530,stage2,0,0.19534549117088318,0.35476115345954895,0.0,0.19534549117088318,0.0001,1e-05,50.119,4.4379,3.7741
2531,stage2,0,0.22913530468940735,0.39616629481315613,0.0,0.22913530468940735,0.0001,1e-05,50.121,4.0177,0.6785
2532,stage2,0,0.2059602439403534,0.392093688249588,0.0,0.2059602439403534,0.0001,1e-05,50.12,3.5105,0.6327
2533,stage2,0,0.20200973749160767,0.37584537267684937,0.0,0.20200973749160767,0.0001,1e-05,50.122,3.6111,0.6328
2534,stage2,0,0.1970101147890091,0.3836304545402527,0.0,0.1970101147890091,0.0001,1e-05,50.119,3.5698,0.6333
2535,stage2,0,0.18256309628486633,0.38613560795783997,0.0,0.18256309628486633,0.0001,1e-05,50.118,3.0596,0.634
2536,stage2,0,0.23107822239398956,0.41695737838745117,0.0,0.23107822239398956,0.0001,1e-05,50.123,3.1661,0.6336
2537,stage2,0,0.1834810972213745,0.3655012845993042,0.0,0.1834810972213745,0.0001,1e-05,50.122,3.7708,0.634
2538,stage2,0,0.2540754973888397,0.38178199529647827,0.0,0.2540754973888397,0.0001,1e-05,50.122,5.0059,3.8222
2539,stage2,0,0.2086111456155777,0.3928402364253998,0.0,0.2086111456155777,0.0001,1e-05,50.124,4.2485,0.6605
2540,stage2,0,0.2064879834651947,0.3866875469684601,0.0,0.2064879834651947,0.0001,1e-05,50.12,4.0548,0.6333
2541,stage2,0,0.20222482085227966,0.3861745595932007,0.0,0.20222482085227966,0.0001,1e-05,50.119,4.0146,0.6333
2542,stage2,0,0.2284277379512787,0.3725486993789673,0.0,0.2284277379512787,0.0001,1e-05,50.122,3.8433,0.6338
2543,stage2,0,0.23393253982067108,0.4260020852088928,0.0,0.23393253982067108,0.0001,1e-05,50.12,3.859,0.6335
2544,stage2,0,0.1906072348356247,0.3770633935928345,0.0,0.1906072348356247,0.0001,1e-05,50.119,3.2791,0.6341
2545,stage2,0,0.17091555893421173,0.35944923758506775,0.0,0.17091555893421173,0.0001,1e-05,50.122,3.0781,0.635
2546,stage2,0,0.24861426651477814,0.4199250340461731,0.0,0.24861426651477814,0.0001,1e-05,50.122,4.5736,3.7782
2547,stage2,0,0.23187321424484253,0.3849937617778778,0.0,0.23187321424484253,0.0001,1e-05,50.12,3.5561,0.6323
2548,stage2,0,0.20812322199344635,0.3817709982395172,0.0,0.20812322199344635,0.0001,1e-05,50.119,3.8348,0.6331
2549,stage2,0,0.18950974941253662,0.40772783756256104,0.0,0.18950974941253662,0.0001,1e-05,50.122,4.0105,0.6331
2550,stage2,0,0.18844769895076752,0.4028022885322571,0.0,0.18844769895076752,0.0001,1e-05,50.117,3.8516,0.6337
2551,stage2,0,0.22868356108665466,0.4052106738090515,0.0,0.22868356108665466,0.0001,1e-05,50.117,4.7522,0.6335
2552,stage2,0,0.18171556293964386,0.398857980966568,0.0,0.18171556293964386,0.0001,1e-05,50.122,3.2017,0.6341
2553,stage2,0,0.21922418475151062,0.39124825596809387,0.0,0.21922418475151062,0.0001,1e-05,50.122,4.0561,0.6342
2554,stage2,0,0.2069699764251709,0.39983928203582764,0.0,0.2069699764251709,0.0001,1e-05,50.122,3.8418,3.8309
2555,stage2,0,0.22044217586517334,0.40037453174591064,0.0,0.22044217586517334,0.0001,1e-05,50.123,3.5911,0.6319
2556,stage2,0,0.21691687405109406,0.43136706948280334,0.0,0.21691687405109406,0.0001,1e-05,50.121,4.0681,0.6325
2557,stage2,0,0.2020626962184906,0.39019298553466797,0.0,0.2020626962184906,0.0001,1e-05,50.12,4.0222,0.6328
2558,stage2,0,0.2008190155029297,0.40678706765174866,0.0,0.2008190155029297,0.0001,1e-05,50.12,3.5563,0.6334
2559,stage2,0,0.22943559288978577,0.40957048535346985,0.0,0.22943559288978577,0.0001,1e-05,50.122,4.2921,0.6341
2560,stage2,0,0.18927191197872162,0.3642411231994629,0.0,0.18927191197872162,0.0001,1e-05,50.122,3.334,0.6339
2561,stage2,0,0.2536041736602783,0.3963780105113983,0.0,0.2536041736602783,0.0001,1e-05,50.121,5.0477,0.6346
2562,stage2,0,0.20652592182159424,0.37173640727996826,0.0,0.20652592182159424,0.0001,1e-05,50.12,4.3413,3.8976
2563,stage2,0,0.18726065754890442,0.38474440574645996,0.0,0.18726065754890442,0.0001,1e-05,50.125,3.9202,0.6314
2564,stage2,0,0.19371569156646729,0.37802863121032715,0.0,0.19371569156646729,0.0001,1e-05,50.119,4.4492,0.6318
2565,stage2,0,0.19007006287574768,0.39183855056762695,0.0,0.19007006287574768,0.0001,1e-05,50.125,3.6981,0.633
2566,stage2,0,0.21712449193000793,0.37542203068733215,0.0,0.21712449193000793,0.0001,1e-05,50.118,4.2869,0.6332
2567,stage2,0,0.2357437014579773,0.4027103781700134,0.0,0.2357437014579773,0.0001,1e-05,50.119,5.1849,0.6338
2568,stage2,0,0.19117262959480286,0.358747273683548,0.0,0.19117262959480286,0.0001,1e-05,50.12,3.1426,0.6338
2569,stage2,0,0.21914763748645782,0.36768797039985657,0.0,0.21914763748645782,0.0001,1e-05,50.121,3.6312,0.6338
2570,stage2,0,0.22783929109573364,0.4206984341144562,0.0,0.22783929109573364,0.0001,1e-05,50.118,3.8922,3.8483
2571,stage2,0,0.24259041249752045,0.3881124258041382,0.0,0.24259041249752045,0.0001,1e-05,50.125,4.2672,0.6288
2572,stage2,0,0.22472034394741058,0.3932640254497528,0.0,0.22472034394741058,0.0001,1e-05,50.119,4.3461,0.6321
2573,stage2,0,0.21202290058135986,0.3849166929721832,0.0,0.21202290058135986,0.0001,1e-05,50.119,5.6647,0.6327
2574,stage2,0,0.21806669235229492,0.3898938298225403,0.0,0.21806669235229492,0.0001,1e-05,50.117,5.382,0.6325
2575,stage2,0,0.17824746668338776,0.3831573724746704,0.0,0.17824746668338776,0.0001,1e-05,50.12,3.2198,0.6333
2576,stage2,0,0.21992704272270203,0.40616804361343384,0.0,0.21992704272270203,0.0001,1e-05,50.123,3.4973,0.6335
2577,stage2,0,0.22043101489543915,0.37871482968330383,0.0,0.22043101489543915,0.0001,1e-05,50.122,4.4163,0.6341
2578,stage2,0,0.266262024641037,0.41639938950538635,0.0,0.266262024641037,0.0001,1e-05,50.12,5.4965,3.8788
2579,stage2,0,0.23113463819026947,0.3946467339992523,0.0,0.23113463819026947,0.0001,1e-05,50.119,3.9982,0.6315
2580,stage2,0,0.20597341656684875,0.39580270648002625,0.0,0.20597341656684875,0.0001,1e-05,50.123,4.1455,0.6322
2581,stage2,0,0.23462289571762085,0.3970373570919037,0.0,0.23462289571762085,0.0001,1e-05,50.124,4.5128,0.6322
2582,stage2,0,0.2338850349187851,0.38192811608314514,0.0,0.2338850349187851,0.0001,1e-05,50.121,3.8849,0.6329
2583,stage2,0,0.22146359086036682,0.38813531398773193,0.0,0.22146359086036682,0.0001,1e-05,50.118,3.7941,0.6335
2584,stage2,0,0.20324602723121643,0.4028085470199585,0.0,0.20324602723121643,0.0001,1e-05,50.123,3.9997,0.6336
2585,stage2,0,0.21051061153411865,0.3673980236053467,0.0,0.21051061153411865,0.0001,1e-05,50.12,3.7335,0.6339
2586,stage2,0,0.2105167955160141,0.37279796600341797,0.0,0.2105167955160141,0.0001,1e-05,50.119,4.9427,3.8667
2587,stage2,0,0.2362428456544876,0.3928297162055969,0.0,0.2362428456544876,0.0001,1e-05,50.123,3.7588,0.6277
2588,stage2,0,0.2125111222267151,0.39952901005744934,0.0,0.2125111222267151,0.0001,1e-05,50.119,4.1607,0.6323
2589,stage2,0,0.18108883500099182,0.3624304533004761,0.0,0.18108883500099182,0.0001,1e-05,50.121,3.3091,0.6319
2590,stage2,0,0.21206173300743103,0.3638024628162384,0.0,0.21206173300743103,0.0001,1e-05,50.122,3.7472,0.6329
2591,stage2,0,0.20712247490882874,0.3817090094089508,0.0,0.20712247490882874,0.0001,1e-05,50.12,3.9845,0.6322
2592,stage2,0,0.24034638702869415,0.3840826153755188,0.0,0.24034638702869415,0.0001,1e-05,50.121,4.1876,0.6333
2593,stage2,0,0.23695002496242523,0.3809685707092285,0.0,0.23695002496242523,0.0001,1e-05,50.122,4.0873,0.6337
2594,stage2,0,0.2526143193244934,0.39231228828430176,0.0,0.2526143193244934,0.0001,1e-05,50.122,4.774,3.7867
2595,stage2,0,0.1939966380596161,0.40959763526916504,0.0,0.1939966380596161,0.0001,1e-05,50.12,3.7977,0.6323
2596,stage2,0,0.20472092926502228,0.38171759247779846,0.0,0.20472092926502228,0.0001,1e-05,50.119,4.3981,0.6321
2597,stage2,0,0.1710139960050583,0.35818517208099365,0.0,0.1710139960050583,0.0001,1e-05,50.122,3.9469,0.6325
2598,stage2,0,0.24548174440860748,0.3998787999153137,0.0,0.24548174440860748,0.0001,1e-05,50.123,5.527,0.633
2599,stage2,0,0.2146037369966507,0.38397595286369324,0.0,0.2146037369966507,0.0001,1e-05,50.116,3.7775,0.6331
2600,stage2,0,0.20585821568965912,0.384181946516037,0.0,0.20585821568965912,0.0001,1e-05,50.121,4.0543,0.6335
2601,stage2,0,0.2061634212732315,0.3734437823295593,0.0,0.2061634212732315,0.0001,1e-05,50.116,4.2974,0.6336
2602,stage2,0,0.19797855615615845,0.3931252360343933,0.0,0.19797855615615845,0.0001,1e-05,50.121,4.3496,3.8081
2603,stage2,0,0.23859336972236633,0.38405999541282654,0.0,0.23859336972236633,0.0001,1e-05,50.117,4.3189,0.6319
2604,stage2,0,0.22741980850696564,0.3966909348964691,0.0,0.22741980850696564,0.0001,1e-05,50.121,4.2903,0.6321
2605,stage2,0,0.17598824203014374,0.3963528275489807,0.0,0.17598824203014374,0.0001,1e-05,50.118,3.2326,0.6329
2606,stage2,0,0.20183038711547852,0.39064252376556396,0.0,0.20183038711547852,0.0001,1e-05,50.118,3.9652,0.6329
2607,stage2,0,0.22931483387947083,0.36587709188461304,0.0,0.22931483387947083,0.0001,1e-05,50.123,3.67,0.6335
2608,stage2,0,0.23161651194095612,0.38020193576812744,0.0,0.23161651194095612,0.0001,1e-05,50.119,3.7912,0.6334
2609,stage2,0,0.1803024858236313,0.38461756706237793,0.0,0.1803024858236313,0.0001,1e-05,50.119,3.5953,0.6341
2610,stage2,0,0.20993757247924805,0.4066464304924011,0.0,0.20993757247924805,0.0001,1e-05,50.119,3.5198,3.7415
2611,stage2,0,0.22123919427394867,0.40467366576194763,0.0,0.22123919427394867,0.0001,1e-05,50.122,3.4447,0.6327
2612,stage2,0,0.19094017148017883,0.3752520978450775,0.0,0.19094017148017883,0.0001,1e-05,50.122,3.8555,0.6324
2613,stage2,0,0.19333955645561218,0.38522857427597046,0.0,0.19333955645561218,0.0001,1e-05,50.121,3.9638,0.6319
2614,stage2,0,0.21369419991970062,0.37011775374412537,0.0,0.21369419991970062,0.0001,1e-05,50.122,4.4613,0.6327
2615,stage2,0,0.2078213393688202,0.3854043483734131,0.0,0.2078213393688202,0.0001,1e-05,50.118,3.9603,0.6337
2616,stage2,0,0.20437586307525635,0.3760031759738922,0.0,0.20437586307525635,0.0001,1e-05,50.12,3.9108,0.6331
2617,stage2,0,0.19919399917125702,0.3998878300189972,0.0,0.19919399917125702,0.0001,1e-05,50.119,3.7566,0.6333
2618,stage2,0,0.18526920676231384,0.3785286545753479,0.0,0.18526920676231384,0.0001,1e-05,50.122,4.6098,3.7057
2619,stage2,0,0.16772609949111938,0.3737298846244812,0.0,0.16772609949111938,0.0001,1e-05,50.116,3.4711,0.6854
2620,stage2,0,0.21080265939235687,0.36352235078811646,0.0,0.21080265939235687,0.0001,1e-05,50.118,3.69,0.6315
2621,stage2,0,0.20526337623596191,0.3739925026893616,0.0,0.20526337623596191,0.0001,1e-05,50.124,3.5232,0.6322
2622,stage2,0,0.18402376770973206,0.41722819209098816,0.0,0.18402376770973206,0.0001,1e-05,50.119,3.3329,0.6321
2623,stage2,0,0.16830378770828247,0.33926406502723694,0.0,0.16830378770828247,0.0001,1e-05,50.121,3.4532,0.6333
2624,stage2,0,0.217879518866539,0.39770087599754333,0.0,0.217879518866539,0.0001,1e-05,50.119,3.4217,0.6331
2625,stage2,0,0.21408642828464508,0.41424795985221863,0.0,0.21408642828464508,0.0001,1e-05,50.12,3.9566,0.6329
2626,stage2,0,0.20696546137332916,0.37458866834640503,0.0,0.20696546137332916,0.0001,1e-05,50.119,3.8493,3.7469
2627,stage2,0,0.22511668503284454,0.38584327697753906,0.0,0.22511668503284454,0.0001,1e-05,50.12,4.7361,0.7237
2628,stage2,0,0.22201505303382874,0.3874715268611908,0.0,0.22201505303382874,0.0001,1e-05,50.123,4.1743,0.6311
2629,stage2,0,0.1881871223449707,0.3743131160736084,0.0,0.1881871223449707,0.0001,1e-05,50.119,3.8835,0.6319
2630,stage2,0,0.17367975413799286,0.3507843315601349,0.0,0.17367975413799286,0.0001,1e-05,50.12,3.427,0.632
2631,stage2,0,0.18306632339954376,0.4059790074825287,0.0,0.18306632339954376,0.0001,1e-05,50.124,3.3932,0.6319
2632,stage2,0,0.21210487186908722,0.38875702023506165,0.0,0.21210487186908722,0.0001,1e-05,50.119,4.244,0.6326
2633,stage2,0,0.18839037418365479,0.3657415509223938,0.0,0.18839037418365479,0.0001,1e-05,50.121,3.1048,0.6333
2634,stage2,0,0.20905812084674835,0.3776494860649109,0.0,0.20905812084674835,0.0001,1e-05,50.124,4.454,3.6932
2635,stage2,0,0.17913158237934113,0.37764275074005127,0.0,0.17913158237934113,0.0001,1e-05,50.123,3.9346,0.7961
2636,stage2,0,0.19264735281467438,0.3840966820716858,0.0,0.19264735281467438,0.0001,1e-05,50.128,4.0785,0.6319
2637,stage2,0,0.18564598262310028,0.37193500995635986,0.0,0.18564598262310028,0.0001,1e-05,50.122,3.6754,0.6322
2638,stage2,0,0.21727901697158813,0.4293171465396881,0.0,0.21727901697158813,0.0001,1e-05,50.122,3.9075,0.6322
2639,stage2,0,0.25369367003440857,0.41019406914711,0.0,0.25369367003440857,0.0001,1e-05,50.121,4.6071,0.6329
2640,stage2,0,0.2113463431596756,0.39457279443740845,0.0,0.2113463431596756,0.0001,1e-05,50.121,4.4103,0.6331
2641,stage2,0,0.21759262681007385,0.37693697214126587,0.0,0.21759262681007385,0.0001,1e-05,50.121,4.1475,0.6323
2642,stage2,0,0.20907174050807953,0.4038088321685791,0.0,0.20907174050807953,0.0001,1e-05,50.12,4.39,3.6392
2643,stage2,0,0.2228725105524063,0.39269059896469116,0.0,0.2228725105524063,0.0001,1e-05,50.122,3.9389,0.845
2644,stage2,0,0.18586190044879913,0.3685566484928131,0.0,0.18586190044879913,0.0001,1e-05,50.12,3.9558,0.6308
2645,stage2,0,0.24250295758247375,0.40949949622154236,0.0,0.24250295758247375,0.0001,1e-05,50.12,5.9044,0.6315
2646,stage2,0,0.20461148023605347,0.4138142764568329,0.0,0.20461148023605347,0.0001,1e-05,50.118,4.1322,0.6318
2647,stage2,0,0.2074999064207077,0.368103563785553,0.0,0.2074999064207077,0.0001,1e-05,50.121,4.1301,0.6322
2648,stage2,0,0.21058276295661926,0.35793009400367737,0.0,0.21058276295661926,0.0001,1e-05,50.12,3.4964,0.6331
2649,stage2,0,0.20410111546516418,0.3807721734046936,0.0,0.20410111546516418,0.0001,1e-05,50.118,3.9772,0.6328
2650,stage2,0,0.21460141241550446,0.3669731020927429,0.0,0.21460141241550446,0.0001,1e-05,50.119,4.7266,3.58
2651,stage2,0,0.20144708454608917,0.3578472435474396,0.0,0.20144708454608917,0.0001,1e-05,50.115,4.3419,0.9243
2652,stage2,0,0.19286516308784485,0.3739377558231354,0.0,0.19286516308784485,0.0001,1e-05,50.116,3.9863,0.6307
2653,stage2,0,0.20569588243961334,0.39690014719963074,0.0,0.20569588243961334,0.0001,1e-05,50.119,4.6952,0.6319
2654,stage2,0,0.21881739795207977,0.38388821482658386,0.0,0.21881739795207977,0.0001,1e-05,50.121,4.4049,0.6319
2655,stage2,0,0.19832159578800201,0.38229283690452576,0.0,0.19832159578800201,0.0001,1e-05,50.119,3.7677,0.6321
2656,stage2,0,0.20793235301971436,0.35867345333099365,0.0,0.20793235301971436,0.0001,1e-05,50.117,4.4165,0.6328
2657,stage2,0,0.20297226309776306,0.37908536195755005,0.0,0.20297226309776306,0.0001,1e-05,50.123,3.5159,0.6323
2658,stage2,0,0.21149146556854248,0.3777007758617401,0.0,0.21149146556854248,0.0001,1e-05,50.121,4.2691,3.5456
2659,stage2,0,0.24022912979125977,0.4154124855995178,0.0,0.24022912979125977,0.0001,1e-05,50.121,4.9062,0.8381
2660,stage2,0,0.20725540816783905,0.38297244906425476,0.0,0.20725540816783905,0.0001,1e-05,50.123,4.0865,0.6314
2661,stage2,0,0.20171691477298737,0.371307373046875,0.0,0.20171691477298737,0.0001,1e-05,50.122,3.8849,0.6313
2662,stage2,0,0.1803831309080124,0.39042335748672485,0.0,0.1803831309080124,0.0001,1e-05,50.121,3.7846,0.6319
2663,stage2,0,0.1961926817893982,0.36423802375793457,0.0,0.1961926817893982,0.0001,1e-05,50.122,4.4057,0.6322
2664,stage2,0,0.18650569021701813,0.39217063784599304,0.0,0.18650569021701813,0.0001,1e-05,50.119,4.025,0.6321
2665,stage2,0,0.20845982432365417,0.361895889043808,0.0,0.20845982432365417,0.0001,1e-05,50.118,4.3085,0.6318
2666,stage2,0,0.21261140704154968,0.3934810757637024,0.0,0.21261140704154968,0.0001,1e-05,50.119,3.7251,3.5717
2667,stage2,0,0.2076517939567566,0.36731189489364624,0.0,0.2076517939567566,0.0001,1e-05,50.116,4.1926,0.8762
2668,stage2,0,0.21321149170398712,0.3822765350341797,0.0,0.21321149170398712,0.0001,1e-05,50.118,4.1649,0.6312
2669,stage2,0,0.19913749396800995,0.368582546710968,0.0,0.19913749396800995,0.0001,1e-05,50.119,3.9062,0.6321
2670,stage2,0,0.23429535329341888,0.38819804787635803,0.0,0.23429535329341888,0.0001,1e-05,50.118,3.9673,0.6319
2671,stage2,0,0.1885855495929718,0.35564082860946655,0.0,0.1885855495929718,0.0001,1e-05,50.121,3.784,0.6315
2672,stage2,0,0.25406157970428467,0.40072065591812134,0.0,0.25406157970428467,0.0001,1e-05,50.121,5.261,0.6326
2673,stage2,0,0.18827137351036072,0.36726808547973633,0.0,0.18827137351036072,0.0001,1e-05,50.118,4.3461,0.6327
2674,stage2,0,0.1730920672416687,0.3907349109649658,0.0,0.1730920672416687,0.0001,1e-05,50.119,3.0086,3.5516
2675,stage2,0,0.2439197301864624,0.38245654106140137,0.0,0.2439197301864624,0.0001,1e-05,50.117,4.9306,0.8513
2676,stage2,0,0.21003542840480804,0.43176770210266113,0.0,0.21003542840480804,0.0001,1e-05,50.122,4.239,0.6309
2677,stage2,0,0.19398817420005798,0.3694435954093933,0.0,0.19398817420005798,0.0001,1e-05,50.117,3.9017,0.6318
2678,stage2,0,0.18643417954444885,0.3676369786262512,0.0,0.18643417954444885,0.0001,1e-05,50.123,4.504,0.632
2679,stage2,0,0.2274986058473587,0.3967359662055969,0.0,0.2274986058473587,0.0001,1e-05,50.12,4.726,0.6317
2680,stage2,0,0.18660329282283783,0.3562350571155548,0.0,0.18660329282283783,0.0001,1e-05,50.119,3.5225,0.633
2681,stage2,0,0.2135978490114212,0.3800824284553528,0.0,0.2135978490114212,0.0001,1e-05,50.119,3.9385,0.6329
2682,stage2,0,0.2285870909690857,0.39204978942871094,0.0,0.2285870909690857,0.0001,1e-05,50.117,4.2344,3.5763
2683,stage2,0,0.2032642513513565,0.39048609137535095,0.0,0.2032642513513565,0.0001,1e-05,50.119,4.252,0.8403
2684,stage2,0,0.2514306604862213,0.3905175030231476,0.0,0.2514306604862213,0.0001,1e-05,50.119,5.8243,0.6307
2685,stage2,0,0.20480836927890778,0.38267281651496887,0.0,0.20480836927890778,0.0001,1e-05,50.123,3.7955,0.6315
2686,stage2,0,0.21267293393611908,0.39805352687835693,0.0,0.21267293393611908,0.0001,1e-05,50.12,4.0909,0.6314
2687,stage2,0,0.20757927000522614,0.3603636622428894,0.0,0.20757927000522614,0.0001,1e-05,50.119,3.5279,0.6325
2688,stage2,0,0.17882509529590607,0.41449862718582153,0.0,0.17882509529590607,0.0001,1e-05,50.119,3.2923,0.6325
2689,stage2,0,0.19563063979148865,0.3845060467720032,0.0,0.19563063979148865,0.0001,1e-05,50.123,5.2965,0.6323
2690,stage2,0,0.22828999161720276,0.4002966284751892,0.0,0.22828999161720276,0.0001,1e-05,50.122,4.1032,3.6559
2691,stage2,0,0.1680493801832199,0.3396838903427124,0.0,0.1680493801832199,0.0001,1e-05,50.119,3.5025,0.8599
2692,stage2,0,0.1982020139694214,0.388765424489975,0.0,0.1982020139694214,0.0001,1e-05,50.119,3.7541,0.6314
2693,stage2,0,0.17667937278747559,0.43415597081184387,0.0,0.17667937278747559,0.0001,1e-05,50.117,3.6067,0.6318
2694,stage2,0,0.16322767734527588,0.38282039761543274,0.0,0.16322767734527588,0.0001,1e-05,50.121,3.5211,0.6316
2695,stage2,0,0.22994841635227203,0.37939244508743286,0.0,0.22994841635227203,0.0001,1e-05,50.119,3.9319,0.6316
2696,stage2,0,0.24547860026359558,0.40724533796310425,0.0,0.24547860026359558,0.0001,1e-05,50.119,4.0042,0.6331
2697,stage2,0,0.1781242936849594,0.38165485858917236,0.0,0.1781242936849594,0.0001,1e-05,50.127,3.2415,0.6328
2698,stage2,0,0.20620165765285492,0.36159390211105347,0.0,0.20620165765285492,0.0001,1e-05,50.118,4.0342,3.61
2699,stage2,0,0.1770467758178711,0.3853435814380646,0.0,0.1770467758178711,0.0001,1e-05,50.12,3.7615,0.784
2700,stage2,0,0.2019500434398651,0.3840995132923126,0.0,0.2019500434398651,0.0001,1e-05,50.123,4.0644,0.6302
2701,stage2,0,0.20094308257102966,0.3826976418495178,0.0,0.20094308257102966,0.0001,1e-05,50.119,4.039,0.6312
2702,stage2,0,0.1751561015844345,0.3781750202178955,0.0,0.1751561015844345,0.0001,1e-05,50.122,3.3527,0.6317
2703,stage2,0,0.1856282502412796,0.37607258558273315,0.0,0.1856282502412796,0.0001,1e-05,50.12,3.883,0.6317
2704,stage2,0,0.1869342029094696,0.36327624320983887,0.0,0.1869342029094696,0.0001,1e-05,50.116,4.2844,0.6322
2705,stage2,0,0.18968112766742706,0.38508543372154236,0.0,0.18968112766742706,0.0001,1e-05,50.12,3.641,0.6332
2706,stage2,0,0.18907245993614197,0.37286898493766785,0.0,0.18907245993614197,0.0001,1e-05,50.123,3.349,3.7287
2707,stage2,0,0.19882719218730927,0.3676052689552307,0.0,0.19882719218730927,0.0001,1e-05,50.117,3.6952,0.6794
2708,stage2,0,0.19288577139377594,0.3612133860588074,0.0,0.19288577139377594,0.0001,1e-05,50.122,3.7684,0.6302
2709,stage2,0,0.20323660969734192,0.3727785646915436,0.0,0.20323660969734192,0.0001,1e-05,50.119,4.365,0.6302
2710,stage2,0,0.19931527972221375,0.3583385646343231,0.0,0.19931527972221375,0.0001,1e-05,50.119,4.4794,0.6312
2711,stage2,0,0.1767064929008484,0.39808717370033264,0.0,0.1767064929008484,0.0001,1e-05,50.121,3.5565,0.6313
2712,stage2,0,0.21395525336265564,0.3838576376438141,0.0,0.21395525336265564,0.0001,1e-05,50.122,3.9855,0.6319
2713,stage2,0,0.2166358381509781,0.4056850075721741,0.0,0.2166358381509781,0.0001,1e-05,50.121,4.7604,0.6324
2714,stage2,0,0.21944421529769897,0.4158838093280792,0.0,0.21944421529769897,0.0001,1e-05,50.117,5.163,3.7478
2715,stage2,0,0.20419397950172424,0.37817659974098206,0.0,0.20419397950172424,0.0001,1e-05,50.125,4.203,0.6488
2716,stage2,0,0.20584344863891602,0.377623587846756,0.0,0.20584344863891602,0.0001,1e-05,50.119,4.8152,0.6309
2717,stage2,0,0.20839032530784607,0.40583890676498413,0.0,0.20839032530784607,0.0001,1e-05,50.12,4.9241,0.6319
2718,stage2,0,0.20787550508975983,0.40703651309013367,0.0,0.20787550508975983,0.0001,1e-05,50.12,3.9106,0.6305
2719,stage2,0,0.21301285922527313,0.3927876949310303,0.0,0.21301285922527313,0.0001,1e-05,50.119,4.3223,0.6315
2720,stage2,0,0.1982320100069046,0.3920634984970093,0.0,0.1982320100069046,0.0001,1e-05,50.12,4.0943,0.6317
2721,stage2,0,0.2023099809885025,0.4075985848903656,0.0,0.2023099809885025,0.0001,1e-05,50.12,3.4689,0.6316
2722,stage2,0,0.20875264704227448,0.37296539545059204,0.0,0.20875264704227448,0.0001,1e-05,50.119,4.2685,3.6742
2723,stage2,0,0.17168566584587097,0.3833436667919159,0.0,0.17168566584587097,0.0001,1e-05,50.124,3.6775,0.8084
2724,stage2,0,0.22910170257091522,0.39985334873199463,0.0,0.22910170257091522,0.0001,1e-05,50.126,4.5026,0.6303
2725,stage2,0,0.19418534636497498,0.39185354113578796,0.0,0.19418534636497498,0.0001,1e-05,50.122,3.6292,0.6308
2726,stage2,0,0.15467935800552368,0.3783075511455536,0.0,0.15467935800552368,0.0001,1e-05,50.122,3.3886,0.631
2727,stage2,0,0.17462436854839325,0.3758879601955414,0.0,0.17462436854839325,0.0001,1e-05,50.122,3.9916,0.6319
2728,stage2,0,0.1867513656616211,0.3703864812850952,0.0,0.1867513656616211,0.0001,1e-05,50.122,4.3197,0.6319
2729,stage2,0,0.19264939427375793,0.37732645869255066,0.0,0.19264939427375793,0.0001,1e-05,50.119,4.1166,0.6323
2730,stage2,0,0.1990673989057541,0.3658706545829773,0.0,0.1990673989057541,0.0001,1e-05,50.118,4.3427,3.5814
2731,stage2,0,0.19585227966308594,0.35838794708251953,0.0,0.19585227966308594,0.0001,1e-05,50.122,3.5537,1.021
2732,stage2,0,0.19414407014846802,0.3903576135635376,0.0,0.19414407014846802,0.0001,1e-05,50.118,4.0515,0.6305
2733,stage2,0,0.23731961846351624,0.40829235315322876,0.0,0.23731961846351624,0.0001,1e-05,50.119,3.8932,0.6313
2734,stage2,0,0.16359546780586243,0.3983817994594574,0.0,0.16359546780586243,0.0001,1e-05,50.121,3.1863,0.6314
2735,stage2,0,0.2117251604795456,0.3877089023590088,0.0,0.2117251604795456,0.0001,1e-05,50.12,4.7192,0.632
2736,stage2,0,0.20674347877502441,0.3774970769882202,0.0,0.20674347877502441,0.0001,1e-05,50.118,5.6484,0.6318
2737,stage2,0,0.22739315032958984,0.37742477655410767,0.0,0.22739315032958984,0.0001,1e-05,50.121,5.5907,0.6331
2738,stage2,0,0.18905892968177795,0.3500351905822754,0.0,0.18905892968177795,0.0001,1e-05,50.121,3.9901,3.4311
2739,stage2,0,0.19395765662193298,0.36776959896087646,0.0,0.19395765662193298,0.0001,1e-05,50.118,3.646,1.0552
2740,stage2,0,0.20939740538597107,0.3912210166454315,0.0,0.20939740538597107,0.0001,1e-05,50.122,4.1548,0.6304
2741,stage2,0,0.19685418903827667,0.35756462812423706,0.0,0.19685418903827667,0.0001,1e-05,50.117,3.7281,0.631
2742,stage2,0,0.20199041068553925,0.4025219678878784,0.0,0.20199041068553925,0.0001,1e-05,50.122,3.5546,0.6315
2743,stage2,0,0.18241184949874878,0.3584170937538147,0.0,0.18241184949874878,0.0001,1e-05,50.12,3.6218,0.6312
2744,stage2,0,0.2058914601802826,0.39000216126441956,0.0,0.2058914601802826,0.0001,1e-05,50.119,3.6174,0.6315
2745,stage2,0,0.22757558524608612,0.36625200510025024,0.0,0.22757558524608612,0.0001,1e-05,50.12,4.7303,0.6323
2746,stage2,0,0.17254957556724548,0.3759113848209381,0.0,0.17254957556724548,0.0001,1e-05,50.121,3.9935,3.2486
2747,stage2,0,0.19762375950813293,0.3744441270828247,0.0,0.19762375950813293,0.0001,1e-05,50.117,4.122,1.0305
2748,stage2,0,0.20621629059314728,0.3670380413532257,0.0,0.20621629059314728,0.0001,1e-05,50.122,4.164,0.628
2749,stage2,0,0.21085435152053833,0.3723546862602234,0.0,0.21085435152053833,0.0001,1e-05,50.12,3.7604,0.6279
2750,stage2,0,0.22290374338626862,0.37732258439064026,0.0,0.22290374338626862,0.0001,1e-05,50.121,3.8686,0.6286
2751,stage2,0,0.1950587034225464,0.3663405478000641,0.0,0.1950587034225464,0.0001,1e-05,50.121,3.5728,0.63
2752,stage2,0,0.18025998771190643,0.38665932416915894,0.0,0.18025998771190643,0.0001,1e-05,50.122,3.2951,0.6288
2753,stage2,1,0.2024368941783905,0.39951658248901367,0.0,0.2024368941783905,0.0001,1e-05,50.12,4.2969,9.8727
2754,stage2,1,0.21457140147686005,0.3699287474155426,0.0,0.21457140147686005,0.0001,1e-05,50.122,3.9062,0.6275
2755,stage2,1,0.19642961025238037,0.35915103554725647,0.0,0.19642961025238037,0.0001,1e-05,50.118,3.6138,0.6272
2756,stage2,1,0.1586959958076477,0.35824745893478394,0.0,0.1586959958076477,0.0001,1e-05,50.121,3.1989,0.6274
2757,stage2,1,0.16083809733390808,0.3532150387763977,0.0,0.16083809733390808,0.0001,1e-05,50.119,3.4685,0.6278
2758,stage2,1,0.18509365618228912,0.3613986372947693,0.0,0.18509365618228912,0.0001,1e-05,50.12,4.7527,0.6286
2759,stage2,1,0.15323863923549652,0.38291695713996887,0.0,0.15323863923549652,0.0001,1e-05,50.121,3.4657,0.6279
2760,stage2,1,0.1991330087184906,0.3666515052318573,0.0,0.1991330087184906,0.0001,1e-05,50.121,8.4517,0.6287
2761,stage2,1,0.17661212384700775,0.357060968875885,0.0,0.17661212384700775,0.0001,1e-05,50.122,3.4949,3.9435
2762,stage2,1,0.16815075278282166,0.37400031089782715,0.0,0.16815075278282166,0.0001,1e-05,50.123,3.3489,0.6268
2763,stage2,1,0.18508502840995789,0.38971057534217834,0.0,0.18508502840995789,0.0001,1e-05,50.123,4.1145,0.6274
2764,stage2,1,0.18362881243228912,0.4039255976676941,0.0,0.18362881243228912,0.0001,1e-05,50.119,4.02,0.6283
2765,stage2,1,0.18203160166740417,0.35293665528297424,0.0,0.18203160166740417,0.0001,1e-05,50.12,4.0427,0.6284
2766,stage2,1,0.16803818941116333,0.38829392194747925,0.0,0.16803818941116333,0.0001,1e-05,50.122,3.6713,0.6289
2767,stage2,1,0.18663249909877777,0.37945085763931274,0.0,0.18663249909877777,0.0001,1e-05,50.118,3.6436,0.6279
2768,stage2,1,0.1794596016407013,0.3625151813030243,0.0,0.1794596016407013,0.0001,1e-05,50.122,4.571,0.6296
2769,stage2,1,0.2005736380815506,0.36311447620391846,0.0,0.2005736380815506,0.0001,1e-05,50.118,5.404,3.881
2770,stage2,1,0.17844927310943604,0.35433703660964966,0.0,0.17844927310943604,0.0001,1e-05,50.123,3.5815,0.6275
2771,stage2,1,0.17261455953121185,0.37953272461891174,0.0,0.17261455953121185,0.0001,1e-05,50.121,3.61,0.6282
2772,stage2,1,0.1798495352268219,0.3562237620353699,0.0,0.1798495352268219,0.0001,1e-05,50.119,4.0375,0.6478
2773,stage2,1,0.17209267616271973,0.37330228090286255,0.0,0.17209267616271973,0.0001,1e-05,50.119,4.1126,0.6234
2774,stage2,1,0.211973637342453,0.3842584490776062,0.0,0.211973637342453,0.0001,1e-05,50.12,4.3226,0.6294
2775,stage2,1,0.19083675742149353,0.3717767000198364,0.0,0.19083675742149353,0.0001,1e-05,50.123,4.1828,0.6295
2776,stage2,1,0.22030434012413025,0.3753112256526947,0.0,0.22030434012413025,0.0001,1e-05,50.121,3.918,0.6309
2777,stage2,1,0.1822560429573059,0.34065940976142883,0.0,0.1822560429573059,0.0001,1e-05,50.12,4.0684,3.8498
2778,stage2,1,0.19525501132011414,0.38155657052993774,0.0,0.19525501132011414,0.0001,1e-05,50.124,4.3854,0.6279
2779,stage2,1,0.17022378742694855,0.359083354473114,0.0,0.17022378742694855,0.0001,1e-05,50.117,3.3634,0.6287
2780,stage2,1,0.19683337211608887,0.3724521994590759,0.0,0.19683337211608887,0.0001,1e-05,50.119,3.8493,0.6282
2781,stage2,1,0.22155407071113586,0.3761107325553894,0.0,0.22155407071113586,0.0001,1e-05,50.122,4.4811,0.629
2782,stage2,1,0.18408891558647156,0.3672695755958557,0.0,0.18408891558647156,0.0001,1e-05,50.121,4.3933,0.6297
2783,stage2,1,0.17430652678012848,0.3795274794101715,0.0,0.17430652678012848,0.0001,1e-05,50.12,4.3501,0.6293
2784,stage2,1,0.23166026175022125,0.4041341245174408,0.0,0.23166026175022125,0.0001,1e-05,50.121,5.2286,0.63
2785,stage2,1,0.19012059271335602,0.37581902742385864,0.0,0.19012059271335602,0.0001,1e-05,50.121,3.662,3.8791
2786,stage2,1,0.17303036153316498,0.37183597683906555,0.0,0.17303036153316498,0.0001,1e-05,50.116,3.1114,0.6275
2787,stage2,1,0.18974682688713074,0.35018256306648254,0.0,0.18974682688713074,0.0001,1e-05,50.121,3.2776,0.6284
2788,stage2,1,0.17800673842430115,0.38731929659843445,0.0,0.17800673842430115,0.0001,1e-05,50.12,3.4765,0.6291
2789,stage2,1,0.21600355207920074,0.35478872060775757,0.0,0.21600355207920074,0.0001,1e-05,50.118,4.3968,0.6297
2790,stage2,1,0.20108599960803986,0.37176021933555603,0.0,0.20108599960803986,0.0001,1e-05,50.12,3.8755,0.6289
2791,stage2,1,0.1666712909936905,0.35312995314598083,0.0,0.1666712909936905,0.0001,1e-05,50.123,3.991,0.6298
2792,stage2,1,0.207741841673851,0.39961862564086914,0.0,0.207741841673851,0.0001,1e-05,50.117,4.0885,0.6301
2793,stage2,1,0.18822336196899414,0.35796666145324707,0.0,0.18822336196899414,0.0001,1e-05,50.12,4.1448,3.9555
2794,stage2,1,0.18058070540428162,0.36179083585739136,0.0,0.18058070540428162,0.0001,1e-05,50.117,3.7511,0.6282
2795,stage2,1,0.20485597848892212,0.37915030121803284,0.0,0.20485597848892212,0.0001,1e-05,50.122,4.2965,0.6277
2796,stage2,1,0.19237826764583588,0.3537731170654297,0.0,0.19237826764583588,0.0001,1e-05,50.124,3.9354,0.6291
2797,stage2,1,0.20234732329845428,0.35640618205070496,0.0,0.20234732329845428,0.0001,1e-05,50.119,3.7164,0.6293
2798,stage2,1,0.18898560106754303,0.34785014390945435,0.0,0.18898560106754303,0.0001,1e-05,50.121,3.9475,0.6297
2799,stage2,1,0.20301266014575958,0.3656936287879944,0.0,0.20301266014575958,0.0001,1e-05,50.12,3.7639,0.6301
2800,stage2,1,0.16778230667114258,0.3629768192768097,0.0,0.16778230667114258,0.0001,1e-05,50.12,3.4451,0.6301
2801,stage2,1,0.16439203917980194,0.3632606565952301,0.0,0.16439203917980194,0.0001,1e-05,50.123,2.9584,3.7796
2802,stage2,1,0.22657085955142975,0.42511093616485596,0.0,0.22657085955142975,0.0001,1e-05,50.12,4.4274,0.628
2803,stage2,1,0.17326346039772034,0.37003129720687866,0.0,0.17326346039772034,0.0001,1e-05,50.118,3.8749,0.6285
2804,stage2,1,0.1699964851140976,0.39791327714920044,0.0,0.1699964851140976,0.0001,1e-05,50.12,3.5772,0.6286
2805,stage2,1,0.15751178562641144,0.37822556495666504,0.0,0.15751178562641144,0.0001,1e-05,50.121,4.5649,0.6299
2806,stage2,1,0.20900361239910126,0.35173484683036804,0.0,0.20900361239910126,0.0001,1e-05,50.122,5.0191,0.6302
2807,stage2,1,0.17149725556373596,0.36804676055908203,0.0,0.17149725556373596,0.0001,1e-05,50.119,4.0389,0.6304
2808,stage2,1,0.18826979398727417,0.35450637340545654,0.0,0.18826979398727417,0.0001,1e-05,50.118,3.2237,0.63
2809,stage2,1,0.17857801914215088,0.3726790249347687,0.0,0.17857801914215088,0.0001,1e-05,50.125,5.1922,3.7279
2810,stage2,1,0.18732701241970062,0.4280689060688019,0.0,0.18732701241970062,0.0001,1e-05,50.121,3.7159,0.6287
2811,stage2,1,0.16860882937908173,0.3533092439174652,0.0,0.16860882937908173,0.0001,1e-05,50.117,3.9633,0.6289
2812,stage2,1,0.17086094617843628,0.3591276705265045,0.0,0.17086094617843628,0.0001,1e-05,50.126,3.4649,0.6291
2813,stage2,1,0.17894922196865082,0.3588278889656067,0.0,0.17894922196865082,0.0001,1e-05,50.123,4.6402,0.6295
2814,stage2,1,0.16431260108947754,0.39754563570022583,0.0,0.16431260108947754,0.0001,1e-05,50.123,3.6569,0.6299
2815,stage2,1,0.18938185274600983,0.3560221791267395,0.0,0.18938185274600983,0.0001,1e-05,50.122,4.6712,0.6297
2816,stage2,1,0.17979398369789124,0.3583471179008484,0.0,0.17979398369789124,0.0001,1e-05,50.118,4.0009,0.6304
2817,stage2,1,0.1797989457845688,0.38618186116218567,0.0,0.1797989457845688,0.0001,1e-05,50.118,3.7273,3.8433
2818,stage2,1,0.1756177842617035,0.38422152400016785,0.0,0.1756177842617035,0.0001,1e-05,50.125,3.525,0.6281
2819,stage2,1,0.1956266313791275,0.3892095685005188,0.0,0.1956266313791275,0.0001,1e-05,50.12,3.8562,0.6283
2820,stage2,1,0.17625196278095245,0.3935147225856781,0.0,0.17625196278095245,0.0001,1e-05,50.121,3.829,0.6295
2821,stage2,1,0.1637086570262909,0.36669519543647766,0.0,0.1637086570262909,0.0001,1e-05,50.119,4.0771,0.6298
2822,stage2,1,0.16810035705566406,0.345334529876709,0.0,0.16810035705566406,0.0001,1e-05,50.119,3.927,0.6305
2823,stage2,1,0.19075700640678406,0.36099615693092346,0.0,0.19075700640678406,0.0001,1e-05,50.123,3.2754,0.6308
2824,stage2,1,0.1646711379289627,0.36591193079948425,0.0,0.1646711379289627,0.0001,1e-05,50.12,3.5882,0.6304
2825,stage2,1,0.23217296600341797,0.38378748297691345,0.0,0.23217296600341797,0.0001,1e-05,50.12,5.192,3.8431
2826,stage2,1,0.1792909801006317,0.37839454412460327,0.0,0.1792909801006317,0.0001,1e-05,50.122,4.0896,0.6286
2827,stage2,1,0.18894188106060028,0.3528483808040619,0.0,0.18894188106060028,0.0001,1e-05,50.122,4.3226,0.6286
2828,stage2,1,0.1530635803937912,0.34437495470046997,0.0,0.1530635803937912,0.0001,1e-05,50.121,3.8426,0.6295
2829,stage2,1,0.19375747442245483,0.36540254950523376,0.0,0.19375747442245483,0.0001,1e-05,50.12,4.6661,0.6289
2830,stage2,1,0.16304084658622742,0.355169415473938,0.0,0.16304084658622742,0.0001,1e-05,50.122,3.2191,0.6303
2831,stage2,1,0.1917673498392105,0.3510661721229553,0.0,0.1917673498392105,0.0001,1e-05,50.122,5.4493,0.6302
2832,stage2,1,0.2063232660293579,0.36641085147857666,0.0,0.2063232660293579,0.0001,1e-05,50.12,5.3172,0.6301
2833,stage2,1,0.1725427359342575,0.35315611958503723,0.0,0.1725427359342575,0.0001,1e-05,50.117,3.4495,3.7407
2834,stage2,1,0.17547786235809326,0.36074143648147583,0.0,0.17547786235809326,0.0001,1e-05,50.119,3.7117,0.6284
2835,stage2,1,0.17786864936351776,0.3931119740009308,0.0,0.17786864936351776,0.0001,1e-05,50.118,4.6738,0.6289
2836,stage2,1,0.18793538212776184,0.35075637698173523,0.0,0.18793538212776184,0.0001,1e-05,50.12,3.1684,0.6296
2837,stage2,1,0.1923147588968277,0.37605583667755127,0.0,0.1923147588968277,0.0001,1e-05,50.115,4.0278,0.6306
2838,stage2,1,0.15359632670879364,0.36948537826538086,0.0,0.15359632670879364,0.0001,1e-05,50.121,3.4048,0.6307
2839,stage2,1,0.15590347349643707,0.3692561686038971,0.0,0.15590347349643707,0.0001,1e-05,50.12,3.3119,0.6309
2840,stage2,1,0.19742213189601898,0.37301021814346313,0.0,0.19742213189601898,0.0001,1e-05,50.116,3.7371,0.6314
2841,stage2,1,0.19882813096046448,0.38713231682777405,0.0,0.19882813096046448,0.0001,1e-05,50.12,4.0138,3.7771
2842,stage2,1,0.20348311960697174,0.371949702501297,0.0,0.20348311960697174,0.0001,1e-05,50.124,4.5332,0.6315
2843,stage2,1,0.17840950191020966,0.36116158962249756,0.0,0.17840950191020966,0.0001,1e-05,50.121,3.6819,0.6293
2844,stage2,1,0.21166954934597015,0.41713079810142517,0.0,0.21166954934597015,0.0001,1e-05,50.119,3.7207,0.6306
2845,stage2,1,0.15623246133327484,0.3434198498725891,0.0,0.15623246133327484,0.0001,1e-05,50.12,3.3763,0.6302
2846,stage2,1,0.19077372550964355,0.37319427728652954,0.0,0.19077372550964355,0.0001,1e-05,50.122,4.345,0.63
2847,stage2,1,0.16520029306411743,0.360291451215744,0.0,0.16520029306411743,0.0001,1e-05,50.12,3.8047,0.6303
2848,stage2,1,0.16856105625629425,0.3555160462856293,0.0,0.16856105625629425,0.0001,1e-05,50.122,3.1196,0.6312
2849,stage2,1,0.18707607686519623,0.3494788110256195,0.0,0.18707607686519623,0.0001,1e-05,50.125,4.0174,3.8397
2850,stage2,1,0.15524792671203613,0.36954811215400696,0.0,0.15524792671203613,0.0001,1e-05,50.12,3.3755,0.629
2851,stage2,1,0.1887781322002411,0.35362207889556885,0.0,0.1887781322002411,0.0001,1e-05,50.12,3.8002,0.63
2852,stage2,1,0.18881498277187347,0.4002688229084015,0.0,0.18881498277187347,0.0001,1e-05,50.121,4.2049,0.6302
2853,stage2,1,0.1628425568342209,0.35843199491500854,0.0,0.1628425568342209,0.0001,1e-05,50.121,3.2216,0.6305
2854,stage2,1,0.19005811214447021,0.38797158002853394,0.0,0.19005811214447021,0.0001,1e-05,50.118,3.7876,0.6308
2855,stage2,1,0.21088869869709015,0.3903718590736389,0.0,0.21088869869709015,0.0001,1e-05,50.122,3.8403,0.6309
2856,stage2,1,0.18982186913490295,0.3588041067123413,0.0,0.18982186913490295,0.0001,1e-05,50.121,4.5616,0.6313
2857,stage2,1,0.17616434395313263,0.3698367476463318,0.0,0.17616434395313263,0.0001,1e-05,50.119,3.7843,3.8325
2858,stage2,1,0.17054152488708496,0.3520711660385132,0.0,0.17054152488708496,0.0001,1e-05,50.122,3.813,0.6232
2859,stage2,1,0.20360295474529266,0.36362311244010925,0.0,0.20360295474529266,0.0001,1e-05,50.123,4.1377,0.6293
2860,stage2,1,0.14397914707660675,0.35342156887054443,0.0,0.14397914707660675,0.0001,1e-05,50.117,3.0483,0.6299
2861,stage2,1,0.18929751217365265,0.33896854519844055,0.0,0.18929751217365265,0.0001,1e-05,50.119,3.5144,0.6298
2862,stage2,1,0.19068917632102966,0.38970422744750977,0.0,0.19068917632102966,0.0001,1e-05,50.124,3.3479,0.6301
2863,stage2,1,0.16679829359054565,0.3422577977180481,0.0,0.16679829359054565,0.0001,1e-05,50.121,3.8768,0.6305
2864,stage2,1,0.20259040594100952,0.3831774592399597,0.0,0.20259040594100952,0.0001,1e-05,50.122,4.2912,0.6304
2865,stage2,1,0.17440317571163177,0.362370103597641,0.0,0.17440317571163177,0.0001,1e-05,50.122,4.1343,3.9372
2866,stage2,1,0.16818450391292572,0.378983736038208,0.0,0.16818450391292572,0.0001,1e-05,50.122,4.185,0.6328
2867,stage2,1,0.2034464180469513,0.3615128993988037,0.0,0.2034464180469513,0.0001,1e-05,50.123,5.3034,0.6291
2868,stage2,1,0.17308524250984192,0.3677719831466675,0.0,0.17308524250984192,0.0001,1e-05,50.12,4.0843,0.6301
2869,stage2,1,0.1961454600095749,0.36507660150527954,0.0,0.1961454600095749,0.0001,1e-05,50.119,4.1797,0.6307
2870,stage2,1,0.1857735514640808,0.39311981201171875,0.0,0.1857735514640808,0.0001,1e-05,50.12,3.7094,0.6307
2871,stage2,1,0.1862940639257431,0.3566316068172455,0.0,0.1862940639257431,0.0001,1e-05,50.12,4.4781,0.6316
2872,stage2,1,0.19858595728874207,0.3908085525035858,0.0,0.19858595728874207,0.0001,1e-05,50.121,3.6899,0.6318
2873,stage2,1,0.17794117331504822,0.3855368494987488,0.0,0.17794117331504822,0.0001,1e-05,50.122,6.1734,3.889
2874,stage2,1,0.17527514696121216,0.4024433493614197,0.0,0.17527514696121216,0.0001,1e-05,50.121,4.5262,0.6298
2875,stage2,1,0.17996719479560852,0.39672955870628357,0.0,0.17996719479560852,0.0001,1e-05,50.121,3.7876,0.6338
2876,stage2,1,0.22603324055671692,0.3703705072402954,0.0,0.22603324055671692,0.0001,1e-05,50.123,4.9948,0.6307
2877,stage2,1,0.15231314301490784,0.3702836036682129,0.0,0.15231314301490784,0.0001,1e-05,50.119,3.4828,0.6305
2878,stage2,1,0.21152517199516296,0.37287917733192444,0.0,0.21152517199516296,0.0001,1e-05,50.122,3.8367,0.6306
2879,stage2,1,0.18946407735347748,0.37387415766716003,0.0,0.18946407735347748,0.0001,1e-05,50.119,3.404,0.6318
2880,stage2,1,0.1855435073375702,0.3516119718551636,0.0,0.1855435073375702,0.0001,1e-05,50.123,4.1303,0.6321
2881,stage2,1,0.21202509105205536,0.4033460021018982,0.0,0.21202509105205536,0.0001,1e-05,50.12,4.8967,3.8483
2882,stage2,1,0.19322364032268524,0.37353846430778503,0.0,0.19322364032268524,0.0001,1e-05,50.119,4.2777,0.629
2883,stage2,1,0.20904327929019928,0.3828475773334503,0.0,0.20904327929019928,0.0001,1e-05,50.119,4.9011,0.6297
2884,stage2,1,0.17417027056217194,0.3503703474998474,0.0,0.17417027056217194,0.0001,1e-05,50.117,3.8115,0.6308
2885,stage2,1,0.17004205286502838,0.3690166175365448,0.0,0.17004205286502838,0.0001,1e-05,50.121,3.1419,0.6305
2886,stage2,1,0.1699625849723816,0.37955519556999207,0.0,0.1699625849723816,0.0001,1e-05,50.118,3.3816,0.6316
2887,stage2,1,0.18367697298526764,0.338638037443161,0.0,0.18367697298526764,0.0001,1e-05,50.12,3.7482,0.6322
2888,stage2,1,0.16260483860969543,0.3684156835079193,0.0,0.16260483860969543,0.0001,1e-05,50.122,3.6351,0.6321
2889,stage2,1,0.17252252995967865,0.3764914572238922,0.0,0.17252252995967865,0.0001,1e-05,50.122,4.2188,3.9279
2890,stage2,1,0.15860912203788757,0.35052019357681274,0.0,0.15860912203788757,0.0001,1e-05,50.121,3.6246,0.6294
2891,stage2,1,0.14925993978977203,0.37437936663627625,0.0,0.14925993978977203,0.0001,1e-05,50.118,2.9085,0.6337
2892,stage2,1,0.18383577466011047,0.35039281845092773,0.0,0.18383577466011047,0.0001,1e-05,50.119,3.7422,0.6307
2893,stage2,1,0.17400479316711426,0.379360169172287,0.0,0.17400479316711426,0.0001,1e-05,50.119,4.2617,0.6312
2894,stage2,1,0.1602897047996521,0.39212897419929504,0.0,0.1602897047996521,0.0001,1e-05,50.118,3.777,0.6312
2895,stage2,1,0.17856177687644958,0.38735833764076233,0.0,0.17856177687644958,0.0001,1e-05,50.118,3.4105,0.632
2896,stage2,1,0.15938863158226013,0.36983630061149597,0.0,0.15938863158226013,0.0001,1e-05,50.12,4.1145,0.632
2897,stage2,1,0.18967491388320923,0.37710437178611755,0.0,0.18967491388320923,0.0001,1e-05,50.121,4.101,3.8763
2898,stage2,1,0.16523416340351105,0.3696388304233551,0.0,0.16523416340351105,0.0001,1e-05,50.121,3.8566,0.6301
2899,stage2,1,0.17871133983135223,0.3711223602294922,0.0,0.17871133983135223,0.0001,1e-05,50.118,3.9871,0.6303
2900,stage2,1,0.20606419444084167,0.3582807779312134,0.0,0.20606419444084167,0.0001,1e-05,50.121,3.6998,0.6306
2901,stage2,1,0.16794630885124207,0.3487180173397064,0.0,0.16794630885124207,0.0001,1e-05,50.117,3.704,0.631
2902,stage2,1,0.18469341099262238,0.3714412450790405,0.0,0.18469341099262238,0.0001,1e-05,50.117,3.7505,0.6306
2903,stage2,1,0.1842857152223587,0.38002458214759827,0.0,0.1842857152223587,0.0001,1e-05,50.12,3.9956,0.6314
2904,stage2,1,0.1679287552833557,0.3669367730617523,0.0,0.1679287552833557,0.0001,1e-05,50.118,4.4075,0.6316
2905,stage2,1,0.15438278019428253,0.3515527844429016,0.0,0.15438278019428253,0.0001,1e-05,50.119,3.2852,3.9029
2906,stage2,1,0.1589197814464569,0.3464810848236084,0.0,0.1589197814464569,0.0001,1e-05,50.119,2.9631,0.6293
2907,stage2,1,0.17178811132907867,0.3694305121898651,0.0,0.17178811132907867,0.0001,1e-05,50.116,3.3889,0.6317
2908,stage2,1,0.21035851538181305,0.3703657388687134,0.0,0.21035851538181305,0.0001,1e-05,50.117,4.2647,0.6306
2909,stage2,1,0.1760709136724472,0.3803470730781555,0.0,0.1760709136724472,0.0001,1e-05,50.12,3.8709,0.6309
2910,stage2,1,0.18691441416740417,0.3671986162662506,0.0,0.18691441416740417,0.0001,1e-05,50.121,3.7458,0.6316
2911,stage2,1,0.15260811150074005,0.3579774796962738,0.0,0.15260811150074005,0.0001,1e-05,50.12,4.2029,0.6319
2912,stage2,1,0.1673029065132141,0.3553026020526886,0.0,0.1673029065132141,0.0001,1e-05,50.121,4.0075,0.632
2913,stage2,1,0.16371385753154755,0.35049593448638916,0.0,0.16371385753154755,0.0001,1e-05,50.119,4.1079,3.8286
2914,stage2,1,0.17838111519813538,0.36809056997299194,0.0,0.17838111519813538,0.0001,1e-05,50.12,4.2306,0.626
2915,stage2,1,0.1684533953666687,0.34145018458366394,0.0,0.1684533953666687,0.0001,1e-05,50.122,3.3979,0.6309
2916,stage2,1,0.1267121583223343,0.3687039613723755,0.0,0.1267121583223343,0.0001,1e-05,50.12,3.0326,0.6305
2917,stage2,1,0.1844736933708191,0.3619663119316101,0.0,0.1844736933708191,0.0001,1e-05,50.12,3.9506,0.6308
2918,stage2,1,0.18764522671699524,0.37242788076400757,0.0,0.18764522671699524,0.0001,1e-05,50.121,3.9362,0.6313
2919,stage2,1,0.16501906514167786,0.35871395468711853,0.0,0.16501906514167786,0.0001,1e-05,50.119,3.8965,0.6312
2920,stage2,1,0.20826426148414612,0.36531877517700195,0.0,0.20826426148414612,0.0001,1e-05,50.121,4.2041,0.6319
2921,stage2,1,0.17847345769405365,0.34952273964881897,0.0,0.17847345769405365,0.0001,1e-05,50.12,4.0539,3.7504
2922,stage2,1,0.16824644804000854,0.3715725839138031,0.0,0.16824644804000854,0.0001,1e-05,50.117,3.8195,0.6306
2923,stage2,1,0.16944438219070435,0.33865147829055786,0.0,0.16944438219070435,0.0001,1e-05,50.121,4.2961,0.6311
2924,stage2,1,0.19679443538188934,0.3702850639820099,0.0,0.19679443538188934,0.0001,1e-05,50.12,4.5447,0.6313
2925,stage2,1,0.19828736782073975,0.3785814940929413,0.0,0.19828736782073975,0.0001,1e-05,50.116,3.8898,0.6317
2926,stage2,1,0.23927472531795502,0.35180768370628357,0.0,0.23927472531795502,0.0001,1e-05,50.118,4.1536,0.6319
2927,stage2,1,0.17597758769989014,0.3502861559391022,0.0,0.17597758769989014,0.0001,1e-05,50.119,4.2747,0.6321
2928,stage2,1,0.20344242453575134,0.3664359450340271,0.0,0.20344242453575134,0.0001,1e-05,50.121,3.7149,0.6324
2929,stage2,1,0.17691339552402496,0.3752058446407318,0.0,0.17691339552402496,0.0001,1e-05,50.122,3.6053,3.8569
2930,stage2,1,0.160699263215065,0.3670794367790222,0.0,0.160699263215065,0.0001,1e-05,50.121,3.7383,0.6306
2931,stage2,1,0.17871075868606567,0.37900012731552124,0.0,0.17871075868606567,0.0001,1e-05,50.119,4.0473,0.631
2932,stage2,1,0.19658976793289185,0.3827788531780243,0.0,0.19658976793289185,0.0001,1e-05,50.119,5.0119,0.6311
2933,stage2,1,0.18270868062973022,0.38364285230636597,0.0,0.18270868062973022,0.0001,1e-05,50.122,4.5057,0.632
2934,stage2,1,0.16758659482002258,0.3379819691181183,0.0,0.16758659482002258,0.0001,1e-05,50.119,4.032,0.6316
2935,stage2,1,0.19998890161514282,0.3766480088233948,0.0,0.19998890161514282,0.0001,1e-05,50.118,4.9771,0.6323
2936,stage2,1,0.18002331256866455,0.3481922447681427,0.0,0.18002331256866455,0.0001,1e-05,50.12,4.6278,0.6325
2937,stage2,1,0.17254598438739777,0.3993057608604431,0.0,0.17254598438739777,0.0001,1e-05,50.12,4.8362,3.8509
2938,stage2,1,0.15760387480258942,0.35536548495292664,0.0,0.15760387480258942,0.0001,1e-05,50.118,3.698,0.6304
2939,stage2,1,0.1781468242406845,0.35144931077957153,0.0,0.1781468242406845,0.0001,1e-05,50.121,3.5672,0.6313
2940,stage2,1,0.17232924699783325,0.3372191786766052,0.0,0.17232924699783325,0.0001,1e-05,50.117,3.9858,0.6323
2941,stage2,1,0.18541106581687927,0.38850313425064087,0.0,0.18541106581687927,0.0001,1e-05,50.121,4.2927,0.6325
2942,stage2,1,0.183382049202919,0.3613266348838806,0.0,0.183382049202919,0.0001,1e-05,50.121,4.6139,0.6328
2943,stage2,1,0.16049250960350037,0.36561158299446106,0.0,0.16049250960350037,0.0001,1e-05,50.118,3.7754,0.6322
2944,stage2,1,0.18326909840106964,0.39686354994773865,0.0,0.18326909840106964,0.0001,1e-05,50.121,3.5155,0.6326
2945,stage2,1,0.19362404942512512,0.4058651626110077,0.0,0.19362404942512512,0.0001,1e-05,50.12,3.7886,3.8043
2946,stage2,1,0.1957968771457672,0.40339726209640503,0.0,0.1957968771457672,0.0001,1e-05,50.123,3.959,0.6307
2947,stage2,1,0.17204903066158295,0.3597124218940735,0.0,0.17204903066158295,0.0001,1e-05,50.122,4.0858,0.6313
2948,stage2,1,0.17061984539031982,0.3694056570529938,0.0,0.17061984539031982,0.0001,1e-05,50.118,3.4891,0.6318
2949,stage2,1,0.20767809450626373,0.37954679131507874,0.0,0.20767809450626373,0.0001,1e-05,50.124,3.5164,0.6333
2950,stage2,1,0.186971977353096,0.37443429231643677,0.0,0.186971977353096,0.0001,1e-05,50.121,4.1217,0.6325
2951,stage2,1,0.17748141288757324,0.3623735010623932,0.0,0.17748141288757324,0.0001,1e-05,50.125,4.2166,0.6332
2952,stage2,1,0.1689850240945816,0.35535353422164917,0.0,0.1689850240945816,0.0001,1e-05,50.118,4.0973,0.6337
2953,stage2,1,0.18080072104930878,0.38121598958969116,0.0,0.18080072104930878,0.0001,1e-05,50.12,3.5267,3.942
2954,stage2,1,0.19485065340995789,0.37604784965515137,0.0,0.19485065340995789,0.0001,1e-05,50.119,3.7001,0.6306
2955,stage2,1,0.15583495795726776,0.34106579422950745,0.0,0.15583495795726776,0.0001,1e-05,50.117,4.5346,0.6313
2956,stage2,1,0.17324426770210266,0.36297374963760376,0.0,0.17324426770210266,0.0001,1e-05,50.12,3.9319,0.6309
2957,stage2,1,0.16462257504463196,0.35426342487335205,0.0,0.16462257504463196,0.0001,1e-05,50.12,4.1898,0.6315
2958,stage2,1,0.1652742624282837,0.34042778611183167,0.0,0.1652742624282837,0.0001,1e-05,50.12,3.7171,0.632
2959,stage2,1,0.14078305661678314,0.34168142080307007,0.0,0.14078305661678314,0.0001,1e-05,50.12,3.0498,0.6326
2960,stage2,1,0.16183026134967804,0.35808390378952026,0.0,0.16183026134967804,0.0001,1e-05,50.121,3.5493,0.6329
2961,stage2,1,0.17379918694496155,0.3540254235267639,0.0,0.17379918694496155,0.0001,1e-05,50.119,4.4866,3.8535
2962,stage2,1,0.16107502579689026,0.37066054344177246,0.0,0.16107502579689026,0.0001,1e-05,50.121,3.4627,0.63
2963,stage2,1,0.18541529774665833,0.3532693386077881,0.0,0.18541529774665833,0.0001,1e-05,50.12,3.6042,0.6807
2964,stage2,1,0.17781805992126465,0.353867769241333,0.0,0.17781805992126465,0.0001,1e-05,50.117,3.5109,0.6314
2965,stage2,1,0.16612164676189423,0.3596203625202179,0.0,0.16612164676189423,0.0001,1e-05,50.122,3.6202,0.6323
2966,stage2,1,0.18770626187324524,0.36740773916244507,0.0,0.18770626187324524,0.0001,1e-05,50.123,5.1572,0.6333
2967,stage2,1,0.1730889230966568,0.3465813398361206,0.0,0.1730889230966568,0.0001,1e-05,50.123,3.7794,0.6321
2968,stage2,1,0.1825590431690216,0.3512283265590668,0.0,0.1825590431690216,0.0001,1e-05,50.12,3.6458,0.6328
2969,stage2,1,0.1885201334953308,0.34130311012268066,0.0,0.1885201334953308,0.0001,1e-05,50.12,3.9167,3.7594
2970,stage2,1,0.1828686147928238,0.3625849783420563,0.0,0.1828686147928238,0.0001,1e-05,50.12,3.1898,0.6306
2971,stage2,1,0.15918387472629547,0.3899131119251251,0.0,0.15918387472629547,0.0001,1e-05,50.12,4.5842,0.7622
2972,stage2,1,0.18866543471813202,0.35916462540626526,0.0,0.18866543471813202,0.0001,1e-05,50.12,3.82,0.6314
2973,stage2,1,0.16814662516117096,0.389072984457016,0.0,0.16814662516117096,0.0001,1e-05,50.121,3.1819,0.6313
2974,stage2,1,0.1673615574836731,0.3379376530647278,0.0,0.1673615574836731,0.0001,1e-05,50.123,3.539,0.6315
2975,stage2,1,0.17119143903255463,0.38426175713539124,0.0,0.17119143903255463,0.0001,1e-05,50.122,3.8724,0.6323
2976,stage2,1,0.17300237715244293,0.3476085364818573,0.0,0.17300237715244293,0.0001,1e-05,50.122,4.1701,0.6325
2977,stage2,1,0.1814700961112976,0.358713835477829,0.0,0.1814700961112976,0.0001,1e-05,50.121,4.2647,3.6736
2978,stage2,1,0.18934093415737152,0.37795862555503845,0.0,0.18934093415737152,0.0001,1e-05,50.119,4.6192,0.6294
2979,stage2,1,0.18129535019397736,0.33393529057502747,0.0,0.18129535019397736,0.0001,1e-05,50.122,4.3059,0.9071
2980,stage2,1,0.17023390531539917,0.34138694405555725,0.0,0.17023390531539917,0.0001,1e-05,50.121,3.7049,0.6312
2981,stage2,1,0.1636095941066742,0.35335904359817505,0.0,0.1636095941066742,0.0001,1e-05,50.119,3.6672,0.6314
2982,stage2,1,0.16995416581630707,0.3529835045337677,0.0,0.16995416581630707,0.0001,1e-05,50.12,4.1413,0.6316
2983,stage2,1,0.1815788894891739,0.3624599874019623,0.0,0.1815788894891739,0.0001,1e-05,50.12,3.9929,0.6325
2984,stage2,1,0.20057672262191772,0.37697330117225647,0.0,0.20057672262191772,0.0001,1e-05,50.124,5.1644,0.6328
2985,stage2,1,0.18759039044380188,0.3775941729545593,0.0,0.18759039044380188,0.0001,1e-05,50.121,3.7294,3.533
2986,stage2,1,0.19772902131080627,0.3764995336532593,0.0,0.19772902131080627,0.0001,1e-05,50.121,4.6529,0.6309
2987,stage2,1,0.17619425058364868,0.39696231484413147,0.0,0.17619425058364868,0.0001,1e-05,50.124,3.894,0.992
2988,stage2,1,0.18088187277317047,0.3880290389060974,0.0,0.18088187277317047,0.0001,1e-05,50.119,4.2073,0.6312
2989,stage2,1,0.1712433099746704,0.3337465226650238,0.0,0.1712433099746704,0.0001,1e-05,50.123,3.914,0.6316
2990,stage2,1,0.17827020585536957,0.34474143385887146,0.0,0.17827020585536957,0.0001,1e-05,50.12,4.528,0.6324
2991,stage2,1,0.21169041097164154,0.38297390937805176,0.0,0.21169041097164154,0.0001,1e-05,50.119,4.1929,0.6326
2992,stage2,1,0.17428117990493774,0.38641873002052307,0.0,0.17428117990493774,0.0001,1e-05,50.122,5.0434,0.6325
2993,stage2,1,0.18305931985378265,0.37005800008773804,0.0,0.18305931985378265,0.0001,1e-05,50.118,3.5943,3.4693
2994,stage2,1,0.1540975570678711,0.35789400339126587,0.0,0.1540975570678711,0.0001,1e-05,50.121,3.8449,0.631
2995,stage2,1,0.16037742793560028,0.3803534507751465,0.0,0.16037742793560028,0.0001,1e-05,50.122,4.0185,1.1505
2996,stage2,1,0.16633300483226776,0.33315885066986084,0.0,0.16633300483226776,0.0001,1e-05,50.117,3.3956,0.6317
2997,stage2,1,0.1719995141029358,0.3506370782852173,0.0,0.1719995141029358,0.0001,1e-05,50.121,3.4046,0.6315
2998,stage2,1,0.15685118734836578,0.3587949872016907,0.0,0.15685118734836578,0.0001,1e-05,50.122,3.7173,0.6312
2999,stage2,1,0.17853207886219025,0.3615306317806244,0.0,0.17853207886219025,0.0001,1e-05,50.12,3.9263,0.6319
3000,stage2,1,0.19013692438602448,0.3711405396461487,0.0,0.19013692438602448,0.0001,1e-05,50.116,3.9608,0.6328
3001,stage2,1,0.21358627080917358,0.3941709101200104,0.0,0.21358627080917358,0.0001,1e-05,50.123,3.6046,3.3139
3002,stage2,1,0.16216157376766205,0.3686645030975342,0.0,0.16216157376766205,0.0001,1e-05,50.124,3.4029,0.6312
3003,stage2,1,0.17223553359508514,0.3404894173145294,0.0,0.17223553359508514,0.0001,1e-05,50.12,4.4443,1.2248
3004,stage2,1,0.20401893556118011,0.36409541964530945,0.0,0.20401893556118011,0.0001,1e-05,50.122,3.8652,0.6316
3005,stage2,1,0.15898741781711578,0.385030597448349,0.0,0.15898741781711578,0.0001,1e-05,50.12,3.8183,0.6311
3006,stage2,1,0.1607416868209839,0.35728684067726135,0.0,0.1607416868209839,0.0001,1e-05,50.121,3.286,0.6326
3007,stage2,1,0.17320747673511505,0.3672855794429779,0.0,0.17320747673511505,0.0001,1e-05,50.122,4.4664,0.6325
3008,stage2,1,0.1616756021976471,0.37293627858161926,0.0,0.1616756021976471,0.0001,1e-05,50.118,3.1638,0.6325
3009,stage2,1,0.17508170008659363,0.35140666365623474,0.0,0.17508170008659363,0.0001,1e-05,50.118,4.0143,3.2898
3010,stage2,1,0.17657968401908875,0.3561458885669708,0.0,0.17657968401908875,0.0001,1e-05,50.118,4.5865,0.6308
3011,stage2,1,0.16820044815540314,0.3882380425930023,0.0,0.16820044815540314,0.0001,1e-05,50.118,4.1826,1.2486
3012,stage2,1,0.16624529659748077,0.3293210566043854,0.0,0.16624529659748077,0.0001,1e-05,50.117,3.4792,0.6309
3013,stage2,1,0.1633298099040985,0.36684176325798035,0.0,0.1633298099040985,0.0001,1e-05,50.123,4.2846,0.6316
3014,stage2,1,0.1700061559677124,0.3509593904018402,0.0,0.1700061559677124,0.0001,1e-05,50.119,3.7898,0.6316
3015,stage2,1,0.19899718463420868,0.3763130009174347,0.0,0.19899718463420868,0.0001,1e-05,50.121,5.6737,0.6329
3016,stage2,1,0.1663127988576889,0.3674948811531067,0.0,0.1663127988576889,0.0001,1e-05,50.12,4.1843,0.6324
3017,stage2,1,0.16165296733379364,0.3925760090351105,0.0,0.16165296733379364,0.0001,1e-05,50.12,3.9728,3.1998
3018,stage2,1,0.18215762078762054,0.36165398359298706,0.0,0.18215762078762054,0.0001,1e-05,50.119,4.5484,0.631
3019,stage2,1,0.17128382623195648,0.39792168140411377,0.0,0.17128382623195648,0.0001,1e-05,50.117,3.4035,1.3653
3020,stage2,1,0.16622069478034973,0.3765246570110321,0.0,0.16622069478034973,0.0001,1e-05,50.118,4.0558,0.633
3021,stage2,1,0.15644781291484833,0.3398221731185913,0.0,0.15644781291484833,0.0001,1e-05,50.114,3.6539,0.6316
3022,stage2,1,0.1729305535554886,0.34552621841430664,0.0,0.1729305535554886,0.0001,1e-05,50.121,4.5962,0.6325
3023,stage2,1,0.1617017239332199,0.3649296462535858,0.0,0.1617017239332199,0.0001,1e-05,50.125,3.9478,0.6332
3024,stage2,1,0.16921736299991608,0.36134856939315796,0.0,0.16921736299991608,0.0001,1e-05,50.123,3.6115,0.633
3025,stage2,1,0.18796871602535248,0.36155131459236145,0.0,0.18796871602535248,0.0001,1e-05,50.121,4.0093,3.0416
3026,stage2,1,0.19097557663917542,0.36649373173713684,0.0,0.19097557663917542,0.0001,1e-05,50.121,3.8233,0.6304
3027,stage2,1,0.17273961007595062,0.36137643456459045,0.0,0.17273961007595062,0.0001,1e-05,50.118,3.2142,1.4559
3028,stage2,1,0.1612364649772644,0.3823065459728241,0.0,0.1612364649772644,0.0001,1e-05,50.123,4.1607,0.6323
3029,stage2,1,0.17451317608356476,0.3599698841571808,0.0,0.17451317608356476,0.0001,1e-05,50.119,4.0533,0.6319
3030,stage2,1,0.19348672032356262,0.389756441116333,0.0,0.19348672032356262,0.0001,1e-05,50.119,4.0456,0.6318
3031,stage2,1,0.1726873219013214,0.3649517595767975,0.0,0.1726873219013214,0.0001,1e-05,50.122,4.2127,0.6328
3032,stage2,1,0.18309177458286285,0.36738449335098267,0.0,0.18309177458286285,0.0001,1e-05,50.125,4.5362,0.6328
3033,stage2,1,0.16304291784763336,0.33571335673332214,0.0,0.16304291784763336,0.0001,1e-05,50.122,4.2122,3.0022
3034,stage2,1,0.19075584411621094,0.37490910291671753,0.0,0.19075584411621094,0.0001,1e-05,50.12,4.5572,0.6304
3035,stage2,1,0.14200197160243988,0.33526483178138733,0.0,0.14200197160243988,0.0001,1e-05,50.122,3.24,1.4874
3036,stage2,1,0.17872832715511322,0.364416241645813,0.0,0.17872832715511322,0.0001,1e-05,50.119,4.1246,0.6372
3037,stage2,1,0.19883407652378082,0.3826988637447357,0.0,0.19883407652378082,0.0001,1e-05,50.121,4.6422,0.6315
3038,stage2,1,0.1678481101989746,0.3366621732711792,0.0,0.1678481101989746,0.0001,1e-05,50.124,4.1507,0.6333
3039,stage2,1,0.16576439142227173,0.354949951171875,0.0,0.16576439142227173,0.0001,1e-05,50.121,3.9054,0.6336
3040,stage2,1,0.16318710148334503,0.356313556432724,0.0,0.16318710148334503,0.0001,1e-05,50.121,3.8422,0.6331
3041,stage2,1,0.17062772810459137,0.3384445309638977,0.0,0.17062772810459137,0.0001,1e-05,50.121,3.8512,2.9535
3042,stage2,1,0.16116195917129517,0.36314547061920166,0.0,0.16116195917129517,0.0001,1e-05,50.12,3.9012,0.6323
3043,stage2,1,0.15665920078754425,0.34541377425193787,0.0,0.15665920078754425,0.0001,1e-05,50.118,3.5852,1.4967
3044,stage2,1,0.16054074466228485,0.3806157112121582,0.0,0.16054074466228485,0.0001,1e-05,50.121,3.3164,0.6324
3045,stage2,1,0.17663516104221344,0.3548448979854584,0.0,0.17663516104221344,0.0001,1e-05,50.123,3.9477,0.6315
3046,stage2,1,0.14121650159358978,0.3676314949989319,0.0,0.14121650159358978,0.0001,1e-05,50.119,4.051,0.6325
3047,stage2,1,0.1725858598947525,0.35543203353881836,0.0,0.1725858598947525,0.0001,1e-05,50.117,3.9856,0.6327
3048,stage2,1,0.18560492992401123,0.35560524463653564,0.0,0.18560492992401123,0.0001,1e-05,50.124,5.2119,0.6336
3049,stage2,1,0.18068870902061462,0.3605429232120514,0.0,0.18068870902061462,0.0001,1e-05,50.124,4.4184,2.9727
3050,stage2,1,0.16236558556556702,0.36293265223503113,0.0,0.16236558556556702,0.0001,1e-05,50.122,3.4585,0.6317
3051,stage2,1,0.14938096702098846,0.3846055269241333,0.0,0.14938096702098846,0.0001,1e-05,50.125,3.3058,1.4417
3052,stage2,1,0.18030700087547302,0.36446574330329895,0.0,0.18030700087547302,0.0001,1e-05,50.126,4.6565,0.6319
3053,stage2,1,0.15725858509540558,0.3890373408794403,0.0,0.15725858509540558,0.0001,1e-05,50.124,3.7347,0.6324
3054,stage2,1,0.18104079365730286,0.3591533601284027,0.0,0.18104079365730286,0.0001,1e-05,50.122,5.5103,0.633
3055,stage2,1,0.17598167061805725,0.3543224334716797,0.0,0.17598167061805725,0.0001,1e-05,50.123,3.4945,0.6333
3056,stage2,1,0.1707410216331482,0.37475690245628357,0.0,0.1707410216331482,0.0001,1e-05,50.124,3.6819,0.6331
3057,stage2,1,0.1582127958536148,0.35731247067451477,0.0,0.1582127958536148,0.0001,1e-05,50.125,3.926,3.0522
3058,stage2,1,0.18390686810016632,0.3804854154586792,0.0,0.18390686810016632,0.0001,1e-05,50.123,4.2612,0.6317
3059,stage2,1,0.18154264986515045,0.3557018041610718,0.0,0.18154264986515045,0.0001,1e-05,50.119,3.635,1.4962
3060,stage2,1,0.1663973182439804,0.38638606667518616,0.0,0.1663973182439804,0.0001,1e-05,50.121,4.7541,0.6319
3061,stage2,1,0.18200822174549103,0.3711085021495819,0.0,0.18200822174549103,0.0001,1e-05,50.118,3.8115,0.632
3062,stage2,1,0.14770865440368652,0.3568664491176605,0.0,0.14770865440368652,0.0001,1e-05,50.119,3.5394,0.6316
3063,stage2,1,0.20613060891628265,0.40038537979125977,0.0,0.20613060891628265,0.0001,1e-05,50.123,5.0004,0.6325
3064,stage2,1,0.1997310221195221,0.3708032965660095,0.0,0.1997310221195221,0.0001,1e-05,50.12,4.3198,0.6333
3065,stage2,1,0.14254026114940643,0.3260725140571594,0.0,0.14254026114940643,0.0001,1e-05,50.125,3.1657,2.9956
3066,stage2,1,0.1706765741109848,0.3745146095752716,0.0,0.1706765741109848,0.0001,1e-05,50.121,3.7285,0.6319
3067,stage2,1,0.15955476462841034,0.3404778242111206,0.0,0.15955476462841034,0.0001,1e-05,50.123,3.3498,1.523
3068,stage2,1,0.18703776597976685,0.3804595172405243,0.0,0.18703776597976685,0.0001,1e-05,50.124,4.3225,0.6311
3069,stage2,1,0.18298710882663727,0.35057878494262695,0.0,0.18298710882663727,0.0001,1e-05,50.121,3.804,0.632
3070,stage2,1,0.16363726556301117,0.4014646112918854,0.0,0.16363726556301117,0.0001,1e-05,50.121,3.3593,0.6327
3071,stage2,1,0.17204996943473816,0.3595653474330902,0.0,0.17204996943473816,0.0001,1e-05,50.119,3.2792,0.6327
3072,stage2,1,0.1724189817905426,0.4066874384880066,0.0,0.1724189817905426,0.0001,1e-05,50.123,4.5761,0.6328
3073,stage2,1,0.15027743577957153,0.3612162172794342,0.0,0.15027743577957153,0.0001,1e-05,50.123,3.3526,2.9101
3074,stage2,1,0.16370846331119537,0.3540968596935272,0.0,0.16370846331119537,0.0001,1e-05,50.126,4.3204,0.6321
3075,stage2,1,0.1710369884967804,0.34486833214759827,0.0,0.1710369884967804,0.0001,1e-05,50.124,3.9364,1.508
3076,stage2,1,0.1581837385892868,0.3550373911857605,0.0,0.1581837385892868,0.0001,1e-05,50.119,3.5699,0.6317
3077,stage2,1,0.16906411945819855,0.36482512950897217,0.0,0.16906411945819855,0.0001,1e-05,50.117,3.581,0.6321
3078,stage2,1,0.15084362030029297,0.36914175748825073,0.0,0.15084362030029297,0.0001,1e-05,50.122,3.9949,0.6331
3079,stage2,1,0.17148271203041077,0.3754137456417084,0.0,0.17148271203041077,0.0001,1e-05,50.122,3.2562,0.6324
3080,stage2,1,0.15774156153202057,0.34033599495887756,0.0,0.15774156153202057,0.0001,1e-05,50.122,4.0009,0.6328
3081,stage2,1,0.15719430148601532,0.33213943243026733,0.0,0.15719430148601532,0.0001,1e-05,50.121,3.4162,2.9131
3082,stage2,1,0.14917226135730743,0.34828194975852966,0.0,0.14917226135730743,0.0001,1e-05,50.122,3.9129,0.6313
3083,stage2,1,0.13295790553092957,0.36166688799858093,0.0,0.13295790553092957,0.0001,1e-05,50.125,3.0776,1.6591
3084,stage2,1,0.16660365462303162,0.36244258284568787,0.0,0.16660365462303162,0.0001,1e-05,50.121,3.643,0.6313
3085,stage2,1,0.17048272490501404,0.34779834747314453,0.0,0.17048272490501404,0.0001,1e-05,50.121,4.4212,0.6312
3086,stage2,1,0.174168661236763,0.3607686460018158,0.0,0.174168661236763,0.0001,1e-05,50.123,4.334,0.6323
3087,stage2,1,0.15414302051067352,0.3285597860813141,0.0,0.15414302051067352,0.0001,1e-05,50.122,3.7026,0.6324
3088,stage2,1,0.15283028781414032,0.3533664047718048,0.0,0.15283028781414032,0.0001,1e-05,50.121,3.5874,0.6334
3089,stage2,1,0.16862590610980988,0.3638781011104584,0.0,0.16862590610980988,0.0001,1e-05,50.122,3.8677,2.7552
3090,stage2,1,0.1505749523639679,0.35530662536621094,0.0,0.1505749523639679,0.0001,1e-05,50.121,3.6693,0.6314
3091,stage2,1,0.17280982434749603,0.36969661712646484,0.0,0.17280982434749603,0.0001,1e-05,50.123,5.018,1.7628
3092,stage2,1,0.16371075809001923,0.3861270844936371,0.0,0.16371075809001923,0.0001,1e-05,50.122,3.4701,0.6328
3093,stage2,1,0.1658547967672348,0.33473044633865356,0.0,0.1658547967672348,0.0001,1e-05,50.12,4.2224,0.6333
3094,stage2,1,0.1826501488685608,0.35218697786331177,0.0,0.1826501488685608,0.0001,1e-05,50.118,3.6486,0.633
3095,stage2,1,0.19080013036727905,0.3541865348815918,0.0,0.19080013036727905,0.0001,1e-05,50.12,4.9812,0.6336
3096,stage2,1,0.14614510536193848,0.30926892161369324,0.0,0.14614510536193848,0.0001,1e-05,50.12,3.6549,0.6334
3097,stage2,1,0.13747090101242065,0.3520805835723877,0.0,0.13747090101242065,0.0001,1e-05,50.12,3.5497,2.6816
3098,stage2,1,0.16751371324062347,0.3575170934200287,0.0,0.16751371324062347,0.0001,1e-05,50.118,3.9453,0.6328
3099,stage2,1,0.19777721166610718,0.3584628105163574,0.0,0.19777721166610718,0.0001,1e-05,50.12,4.0225,1.8455
3100,stage2,1,0.14043781161308289,0.3517836034297943,0.0,0.14043781161308289,0.0001,1e-05,50.119,3.6289,0.6319
3101,stage2,1,0.17341075837612152,0.3772089183330536,0.0,0.17341075837612152,0.0001,1e-05,50.121,3.8547,0.6326
3102,stage2,1,0.1375236213207245,0.3542577028274536,0.0,0.1375236213207245,0.0001,1e-05,50.12,3.421,0.6331
3103,stage2,1,0.2000296711921692,0.36005130410194397,0.0,0.2000296711921692,0.0001,1e-05,50.122,4.4992,0.6331
3104,stage2,1,0.1707003265619278,0.33695188164711,0.0,0.1707003265619278,0.0001,1e-05,50.12,3.991,0.6339
3105,stage2,1,0.16229569911956787,0.3642716407775879,0.0,0.16229569911956787,0.0001,1e-05,50.122,3.6475,2.6215
3106,stage2,1,0.15957605838775635,0.35184168815612793,0.0,0.15957605838775635,0.0001,1e-05,50.118,3.6969,0.6328
3107,stage2,1,0.16735278069972992,0.364573210477829,0.0,0.16735278069972992,0.0001,1e-05,50.123,3.7897,1.8316
3108,stage2,1,0.16921205818653107,0.3665836453437805,0.0,0.16921205818653107,0.0001,1e-05,50.122,3.4412,0.6319
3109,stage2,1,0.18071617186069489,0.3755141496658325,0.0,0.18071617186069489,0.0001,1e-05,50.12,4.1253,0.633
3110,stage2,1,0.16245761513710022,0.3751108944416046,0.0,0.16245761513710022,0.0001,1e-05,50.118,3.3668,0.6327
3111,stage2,1,0.1570436656475067,0.3641394078731537,0.0,0.1570436656475067,0.0001,1e-05,50.121,3.9639,0.6329
3112,stage2,1,0.17410273849964142,0.35764411091804504,0.0,0.17410273849964142,0.0001,1e-05,50.118,3.9416,0.634
3113,stage2,1,0.13097664713859558,0.373150110244751,0.0,0.13097664713859558,0.0001,1e-05,50.125,3.7845,2.6464
3114,stage2,1,0.15215685963630676,0.3269995450973511,0.0,0.15215685963630676,0.0001,1e-05,50.121,3.4203,0.6337
3115,stage2,1,0.15249203145503998,0.3775380849838257,0.0,0.15249203145503998,0.0001,1e-05,50.122,3.4589,1.7385
3116,stage2,1,0.17762401700019836,0.35886847972869873,0.0,0.17762401700019836,0.0001,1e-05,50.12,3.3391,0.6324
3117,stage2,1,0.16179752349853516,0.373496949672699,0.0,0.16179752349853516,0.0001,1e-05,50.12,3.2875,0.6332
3118,stage2,1,0.14340080320835114,0.37546294927597046,0.0,0.14340080320835114,0.0001,1e-05,50.123,3.5033,0.6335
3119,stage2,1,0.15730583667755127,0.3500862419605255,0.0,0.15730583667755127,0.0001,1e-05,50.121,4.1666,0.6338
3120,stage2,1,0.1954786628484726,0.3405251204967499,0.0,0.1954786628484726,0.0001,1e-05,50.12,5.4787,0.6345
3121,stage2,1,0.1646742820739746,0.3764806389808655,0.0,0.1646742820739746,0.0001,1e-05,50.116,3.3007,2.6648
3122,stage2,1,0.15329697728157043,0.3410193622112274,0.0,0.15329697728157043,0.0001,1e-05,50.122,3.6748,0.6331
3123,stage2,1,0.19425217807292938,0.3581361174583435,0.0,0.19425217807292938,0.0001,1e-05,50.119,4.3568,1.7838
3124,stage2,1,0.16468729078769684,0.38202399015426636,0.0,0.16468729078769684,0.0001,1e-05,50.12,3.9836,0.6329
3125,stage2,1,0.1626487523317337,0.35763707756996155,0.0,0.1626487523317337,0.0001,1e-05,50.12,3.6735,0.6334
3126,stage2,1,0.1440989226102829,0.35446497797966003,0.0,0.1440989226102829,0.0001,1e-05,50.119,3.3233,0.6333
3127,stage2,1,0.14781884849071503,0.37344199419021606,0.0,0.14781884849071503,0.0001,1e-05,50.125,3.4671,0.6335
3128,stage2,1,0.16143430769443512,0.37639787793159485,0.0,0.16143430769443512,0.0001,1e-05,50.121,3.8882,0.6338
3129,stage2,1,0.177344411611557,0.3552667498588562,0.0,0.177344411611557,0.0001,1e-05,50.125,4.0445,2.8465
3130,stage2,1,0.15863175690174103,0.3587404489517212,0.0,0.15863175690174103,0.0001,1e-05,50.121,4.052,0.6328
3131,stage2,1,0.1632196009159088,0.34849342703819275,0.0,0.1632196009159088,0.0001,1e-05,50.124,3.5589,1.8443
3132,stage2,1,0.182220458984375,0.3363606631755829,0.0,0.182220458984375,0.0001,1e-05,50.121,4.0214,0.632
3133,stage2,1,0.20136386156082153,0.35866931080818176,0.0,0.20136386156082153,0.0001,1e-05,50.116,5.1622,0.6366
3134,stage2,1,0.17800438404083252,0.3676554262638092,0.0,0.17800438404083252,0.0001,1e-05,50.122,4.7503,0.6329
3135,stage2,1,0.14908824861049652,0.36181461811065674,0.0,0.14908824861049652,0.0001,1e-05,50.118,3.2655,0.6343
3136,stage2,1,0.15901783108711243,0.35386526584625244,0.0,0.15901783108711243,0.0001,1e-05,50.119,3.9713,0.6337
3137,stage2,1,0.214815154671669,0.38976430892944336,0.0,0.214815154671669,0.0001,1e-05,50.122,4.4755,2.5856
3138,stage2,1,0.16038210690021515,0.3523322343826294,0.0,0.16038210690021515,0.0001,1e-05,50.124,3.8568,0.6326
3139,stage2,1,0.17572830617427826,0.34252098202705383,0.0,0.17572830617427826,0.0001,1e-05,50.116,3.8967,1.8571
3140,stage2,1,0.17954188585281372,0.39672622084617615,0.0,0.17954188585281372,0.0001,1e-05,50.121,4.336,0.6319
3141,stage2,1,0.15569725632667542,0.35548752546310425,0.0,0.15569725632667542,0.0001,1e-05,50.121,3.7622,0.6325
3142,stage2,1,0.16893763840198517,0.39791539311408997,0.0,0.16893763840198517,0.0001,1e-05,50.12,4.2223,0.6333
3143,stage2,1,0.17566584050655365,0.34155595302581787,0.0,0.17566584050655365,0.0001,1e-05,50.121,4.4309,0.6334
3144,stage2,1,0.1431160420179367,0.3517742156982422,0.0,0.1431160420179367,0.0001,1e-05,50.119,3.2028,0.6335
3145,stage2,1,0.1643422693014145,0.35066306591033936,0.0,0.1643422693014145,0.0001,1e-05,50.122,3.4826,2.6632
3146,stage2,1,0.17962530255317688,0.34764596819877625,0.0,0.17962530255317688,0.0001,1e-05,50.118,3.9423,0.6321
3147,stage2,1,0.16995862126350403,0.33092111349105835,0.0,0.16995862126350403,0.0001,1e-05,50.121,3.7896,1.8116
3148,stage2,1,0.1577378213405609,0.3416641354560852,0.0,0.1577378213405609,0.0001,1e-05,50.117,3.1902,0.6324
3149,stage2,1,0.13267694413661957,0.32323694229125977,0.0,0.13267694413661957,0.0001,1e-05,50.122,3.0743,0.6327
3150,stage2,1,0.17443211376667023,0.38277190923690796,0.0,0.17443211376667023,0.0001,1e-05,50.121,3.9544,0.6326
3151,stage2,1,0.1641869843006134,0.3818650543689728,0.0,0.1641869843006134,0.0001,1e-05,50.117,3.449,0.6336
3152,stage2,1,0.16346517205238342,0.3623674511909485,0.0,0.16346517205238342,0.0001,1e-05,50.121,3.3537,0.6334
3153,stage2,1,0.19389790296554565,0.35947567224502563,0.0,0.19389790296554565,0.0001,1e-05,50.122,4.2439,2.6943
3154,stage2,1,0.18078593909740448,0.37168148159980774,0.0,0.18078593909740448,0.0001,1e-05,50.121,3.8697,0.632
3155,stage2,1,0.16112558543682098,0.3489645719528198,0.0,0.16112558543682098,0.0001,1e-05,50.123,3.6388,1.8368
3156,stage2,1,0.1521044373512268,0.34837791323661804,0.0,0.1521044373512268,0.0001,1e-05,50.118,2.6661,0.6325
3157,stage2,1,0.17618981003761292,0.35442712903022766,0.0,0.17618981003761292,0.0001,1e-05,50.118,3.9719,0.6328
3158,stage2,1,0.1699596494436264,0.33516135811805725,0.0,0.1699596494436264,0.0001,1e-05,50.122,4.1182,0.6331
3159,stage2,1,0.18966400623321533,0.360331267118454,0.0,0.18966400623321533,0.0001,1e-05,50.121,3.8484,0.6335
3160,stage2,1,0.15662407875061035,0.35559356212615967,0.0,0.15662407875061035,0.0001,1e-05,50.118,3.3597,0.6335
3161,stage2,1,0.1616886705160141,0.34713929891586304,0.0,0.1616886705160141,0.0001,1e-05,50.122,4.2114,2.6743
3162,stage2,1,0.1528284251689911,0.31840020418167114,0.0,0.1528284251689911,0.0001,1e-05,50.122,3.6887,0.6323
3163,stage2,1,0.17017897963523865,0.3476785123348236,0.0,0.17017897963523865,0.0001,1e-05,50.12,3.6429,1.763
3164,stage2,1,0.18917067348957062,0.3661003112792969,0.0,0.18917067348957062,0.0001,1e-05,50.122,4.571,0.6329
3165,stage2,1,0.16844801604747772,0.3458765149116516,0.0,0.16844801604747772,0.0001,1e-05,50.12,3.6965,0.6338
3166,stage2,1,0.14853522181510925,0.3369854986667633,0.0,0.14853522181510925,0.0001,1e-05,50.121,3.4942,0.6336
3167,stage2,1,0.14936526119709015,0.34845906496047974,0.0,0.14936526119709015,0.0001,1e-05,50.122,3.3853,0.6335
3168,stage2,1,0.161840558052063,0.35600021481513977,0.0,0.161840558052063,0.0001,1e-05,50.122,4.7261,0.6346
3169,stage2,1,0.17448602616786957,0.35985857248306274,0.0,0.17448602616786957,0.0001,1e-05,50.121,4.1776,2.5916
3170,stage2,1,0.16103363037109375,0.3492351472377777,0.0,0.16103363037109375,0.0001,1e-05,50.12,3.9375,0.6331
3171,stage2,1,0.1668630838394165,0.33974185585975647,0.0,0.1668630838394165,0.0001,1e-05,50.123,3.6652,1.7922
3172,stage2,1,0.18462510406970978,0.36517414450645447,0.0,0.18462510406970978,0.0001,1e-05,50.121,4.8916,0.6326
3173,stage2,1,0.15044505894184113,0.34939804673194885,0.0,0.15044505894184113,0.0001,1e-05,50.123,3.9622,0.6337
3174,stage2,1,0.1598687469959259,0.36366984248161316,0.0,0.1598687469959259,0.0001,1e-05,50.119,3.8894,0.633
3175,stage2,1,0.17179833352565765,0.3599770665168762,0.0,0.17179833352565765,0.0001,1e-05,50.122,5.0459,0.6343
3176,stage2,1,0.1795581579208374,0.35354816913604736,0.0,0.1795581579208374,0.0001,1e-05,50.124,4.2545,0.6346
3177,stage2,1,0.17464791238307953,0.34059616923332214,0.0,0.17464791238307953,0.0001,1e-05,50.124,4.3734,2.5968
3178,stage2,1,0.157955601811409,0.3503015339374542,0.0,0.157955601811409,0.0001,1e-05,50.121,3.761,0.633
3179,stage2,1,0.14542047679424286,0.34622088074684143,0.0,0.14542047679424286,0.0001,1e-05,50.123,3.7615,1.8373
3180,stage2,1,0.15480519831180573,0.35945993661880493,0.0,0.15480519831180573,0.0001,1e-05,50.121,3.6906,0.6329
3181,stage2,1,0.16455021500587463,0.3419888913631439,0.0,0.16455021500587463,0.0001,1e-05,50.122,4.6543,0.6332
3182,stage2,1,0.142598494887352,0.3689960539340973,0.0,0.142598494887352,0.0001,1e-05,50.122,3.4301,0.6337
3183,stage2,1,0.1755906194448471,0.36082956194877625,0.0,0.1755906194448471,0.0001,1e-05,50.124,4.1287,0.6341
3184,stage2,1,0.16040478646755219,0.34426382184028625,0.0,0.16040478646755219,0.0001,1e-05,50.122,3.543,0.6337
3185,stage2,1,0.1584695279598236,0.33295753598213196,0.0,0.1584695279598236,0.0001,1e-05,50.121,3.6239,2.5688
3186,stage2,1,0.18035998940467834,0.3447743356227875,0.0,0.18035998940467834,0.0001,1e-05,50.12,4.5098,0.6326
3187,stage2,1,0.17820031940937042,0.35364753007888794,0.0,0.17820031940937042,0.0001,1e-05,50.12,3.728,1.8999
3188,stage2,1,0.18068480491638184,0.36369046568870544,0.0,0.18068480491638184,0.0001,1e-05,50.119,4.0231,0.6328
3189,stage2,1,0.14472699165344238,0.33506670594215393,0.0,0.14472699165344238,0.0001,1e-05,50.121,3.0586,0.6329
3190,stage2,1,0.15590015053749084,0.3352711796760559,0.0,0.15590015053749084,0.0001,1e-05,50.118,4.2491,0.6394
3191,stage2,1,0.1563076674938202,0.35555240511894226,0.0,0.1563076674938202,0.0001,1e-05,50.118,3.8356,0.634
3192,stage2,1,0.16855910420417786,0.33659613132476807,0.0,0.16855910420417786,0.0001,1e-05,50.121,4.242,0.6342
3193,stage2,1,0.175190731883049,0.35336703062057495,0.0,0.175190731883049,0.0001,1e-05,50.12,3.8396,2.5021
3194,stage2,1,0.15197892487049103,0.34082087874412537,0.0,0.15197892487049103,0.0001,1e-05,50.121,4.2447,0.6328
3195,stage2,1,0.17585007846355438,0.36230021715164185,0.0,0.17585007846355438,0.0001,1e-05,50.12,3.9095,1.873
3196,stage2,1,0.178889662027359,0.3510196805000305,0.0,0.178889662027359,0.0001,1e-05,50.121,3.9729,0.6333
3197,stage2,1,0.18594641983509064,0.3660792410373688,0.0,0.18594641983509064,0.0001,1e-05,50.121,4.7485,0.6332
3198,stage2,1,0.14981985092163086,0.3460465967655182,0.0,0.14981985092163086,0.0001,1e-05,50.124,3.3363,0.7152
3199,stage2,1,0.16328942775726318,0.3208129405975342,0.0,0.16328942775726318,0.0001,1e-05,50.124,3.7015,0.6343
3200,stage2,1,0.14940382540225983,0.38136526942253113,0.0,0.14940382540225983,0.0001,1e-05,50.124,3.1496,0.6341
3201,stage2,1,0.15638014674186707,0.33404016494750977,0.0,0.15638014674186707,0.0001,1e-05,50.119,3.5092,2.4428
3202,stage2,1,0.15435729920864105,0.33990466594696045,0.0,0.15435729920864105,0.0001,1e-05,50.123,4.2461,0.6339
3203,stage2,1,0.2068423479795456,0.362869530916214,0.0,0.2068423479795456,0.0001,1e-05,50.121,5.1555,1.9298
3204,stage2,1,0.15980465710163116,0.36096540093421936,0.0,0.15980465710163116,0.0001,1e-05,50.12,4.5143,0.6329
3205,stage2,1,0.15269789099693298,0.3179064393043518,0.0,0.15269789099693298,0.0001,1e-05,50.122,3.7449,0.6332
3206,stage2,1,0.15464788675308228,0.3646611273288727,0.0,0.15464788675308228,0.0001,1e-05,50.12,3.5872,0.6985
3207,stage2,1,0.16121698915958405,0.329775333404541,0.0,0.16121698915958405,0.0001,1e-05,50.12,4.1721,0.6337
3208,stage2,1,0.15657618641853333,0.3632785677909851,0.0,0.15657618641853333,0.0001,1e-05,50.122,3.7382,0.6342
3209,stage2,1,0.15825434029102325,0.33200910687446594,0.0,0.15825434029102325,0.0001,1e-05,50.12,3.416,2.3976
3210,stage2,1,0.15588849782943726,0.34544992446899414,0.0,0.15588849782943726,0.0001,1e-05,50.121,4.3269,0.6331
3211,stage2,1,0.13857387006282806,0.3624739944934845,0.0,0.13857387006282806,0.0001,1e-05,50.12,3.2503,1.8962
3212,stage2,1,0.16502659022808075,0.3438783884048462,0.0,0.16502659022808075,0.0001,1e-05,50.121,3.959,0.6322
3213,stage2,1,0.16096752882003784,0.358291357755661,0.0,0.16096752882003784,0.0001,1e-05,50.122,4.1696,0.6323
3214,stage2,1,0.1766454428434372,0.3306416869163513,0.0,0.1766454428434372,0.0001,1e-05,50.119,4.0331,0.7455
3215,stage2,1,0.17852620780467987,0.35811737179756165,0.0,0.17852620780467987,0.0001,1e-05,50.119,4.0571,0.6332
3216,stage2,1,0.1644020825624466,0.3537045121192932,0.0,0.1644020825624466,0.0001,1e-05,50.12,4.2773,0.6338
3217,stage2,1,0.14735731482505798,0.35616838932037354,0.0,0.14735731482505798,0.0001,1e-05,50.12,3.9071,2.4295
3218,stage2,1,0.16956152021884918,0.3578236699104309,0.0,0.16956152021884918,0.0001,1e-05,50.118,4.0515,0.6326
3219,stage2,1,0.15018276870250702,0.3514564633369446,0.0,0.15018276870250702,0.0001,1e-05,50.118,3.7503,1.9414
3220,stage2,1,0.16440850496292114,0.38809075951576233,0.0,0.16440850496292114,0.0001,1e-05,50.12,3.5812,0.6325
3221,stage2,1,0.143172025680542,0.34717512130737305,0.0,0.143172025680542,0.0001,1e-05,50.118,3.2797,0.6332
3222,stage2,1,0.1555185317993164,0.3509575426578522,0.0,0.1555185317993164,0.0001,1e-05,50.122,3.2084,0.8244
3223,stage2,1,0.1330864280462265,0.3565484881401062,0.0,0.1330864280462265,0.0001,1e-05,50.119,4.2042,0.6336
3224,stage2,1,0.14599530398845673,0.3640255331993103,0.0,0.14599530398845673,0.0001,1e-05,50.12,3.0938,0.6335
3225,stage2,1,0.16179893910884857,0.3461550772190094,0.0,0.16179893910884857,0.0001,1e-05,50.121,4.2148,2.3301
3226,stage2,1,0.1455179899930954,0.36520421504974365,0.0,0.1455179899930954,0.0001,1e-05,50.12,3.5731,0.6323
3227,stage2,1,0.14902517199516296,0.33807820081710815,0.0,0.14902517199516296,0.0001,1e-05,50.117,3.3279,1.9098
3228,stage2,1,0.13873301446437836,0.3578270673751831,0.0,0.13873301446437836,0.0001,1e-05,50.117,3.5524,0.6332
3229,stage2,1,0.155466228723526,0.3232755959033966,0.0,0.155466228723526,0.0001,1e-05,50.118,3.5408,0.6329
3230,stage2,1,0.19707129895687103,0.36181333661079407,0.0,0.19707129895687103,0.0001,1e-05,50.119,5.9427,0.9265
3231,stage2,1,0.14538519084453583,0.31814688444137573,0.0,0.14538519084453583,0.0001,1e-05,50.119,3.6038,0.6339
3232,stage2,1,0.15765084326267242,0.37735044956207275,0.0,0.15765084326267242,0.0001,1e-05,50.12,3.444,0.6345
3233,stage2,1,0.17225861549377441,0.36459919810295105,0.0,0.17225861549377441,0.0001,1e-05,50.12,3.6699,2.2056
3234,stage2,1,0.18158657848834991,0.3635132312774658,0.0,0.18158657848834991,0.0001,1e-05,50.12,3.0288,0.6333
3235,stage2,1,0.1530236303806305,0.3348618447780609,0.0,0.1530236303806305,0.0001,1e-05,50.12,3.1636,1.9546
3236,stage2,1,0.1512283980846405,0.3548489809036255,0.0,0.1512283980846405,0.0001,1e-05,50.121,3.6619,0.6326
3237,stage2,1,0.17075017094612122,0.32832324504852295,0.0,0.17075017094612122,0.0001,1e-05,50.12,4.1288,0.633
3238,stage2,1,0.16638191044330597,0.3632327616214752,0.0,0.16638191044330597,0.0001,1e-05,50.121,3.7091,1.0242
3239,stage2,1,0.15015463531017303,0.3809337317943573,0.0,0.15015463531017303,0.0001,1e-05,50.117,5.0077,0.6343
3240,stage2,1,0.162223681807518,0.38018885254859924,0.0,0.162223681807518,0.0001,1e-05,50.117,4.697,0.6344
3241,stage2,1,0.13380594551563263,0.3425496518611908,0.0,0.13380594551563263,0.0001,1e-05,50.122,3.8357,2.0742
3242,stage2,1,0.15898637473583221,0.37714725732803345,0.0,0.15898637473583221,0.0001,1e-05,50.12,3.7599,0.6334
3243,stage2,1,0.16301779448986053,0.335599422454834,0.0,0.16301779448986053,0.0001,1e-05,50.12,3.8752,2.0568
3244,stage2,1,0.14696189761161804,0.346247136592865,0.0,0.14696189761161804,0.0001,1e-05,50.121,3.4433,0.6325
3245,stage2,1,0.1609814167022705,0.3429243266582489,0.0,0.1609814167022705,0.0001,1e-05,50.119,4.2034,0.6329
3246,stage2,1,0.17856460809707642,0.34631457924842834,0.0,0.17856460809707642,0.0001,1e-05,50.121,4.1728,0.9435
3247,stage2,1,0.14533214271068573,0.3741619288921356,0.0,0.14533214271068573,0.0001,1e-05,50.118,4.204,0.6334
3248,stage2,1,0.18693165481090546,0.36137187480926514,0.0,0.18693165481090546,0.0001,1e-05,50.119,4.0134,0.634
3249,stage2,1,0.17657379806041718,0.3351631164550781,0.0,0.17657379806041718,0.0001,1e-05,50.119,3.7334,2.066
3250,stage2,1,0.16461849212646484,0.37636351585388184,0.0,0.16461849212646484,0.0001,1e-05,50.118,3.6648,0.6337
3251,stage2,1,0.17068451642990112,0.3298347294330597,0.0,0.17068451642990112,0.0001,1e-05,50.118,4.1779,2.229
3252,stage2,1,0.16521015763282776,0.34687843918800354,0.0,0.16521015763282776,0.0001,1e-05,50.12,3.4574,0.6331
3253,stage2,1,0.15684325993061066,0.3410138189792633,0.0,0.15684325993061066,0.0001,1e-05,50.118,3.5588,0.6331
3254,stage2,1,0.16153250634670258,0.35429465770721436,0.0,0.16153250634670258,0.0001,1e-05,50.118,3.9991,0.8333
3255,stage2,1,0.16779625415802002,0.3448537588119507,0.0,0.16779625415802002,0.0001,1e-05,50.119,3.4307,0.6348
3256,stage2,1,0.17699727416038513,0.35175931453704834,0.0,0.17699727416038513,0.0001,1e-05,50.119,4.3902,0.6349
3257,stage2,1,0.14661331474781036,0.3416610360145569,0.0,0.14661331474781036,0.0001,1e-05,50.12,3.4751,2.0902
3258,stage2,1,0.17257250845432281,0.35309141874313354,0.0,0.17257250845432281,0.0001,1e-05,50.119,3.7511,0.6334
3259,stage2,1,0.1481163650751114,0.3808216452598572,0.0,0.1481163650751114,0.0001,1e-05,50.12,3.6604,2.2
3260,stage2,1,0.14588691294193268,0.35592877864837646,0.0,0.14588691294193268,0.0001,1e-05,50.12,3.1577,0.6331
3261,stage2,1,0.15724512934684753,0.35237547755241394,0.0,0.15724512934684753,0.0001,1e-05,50.119,4.0107,0.6331
3262,stage2,1,0.1587916910648346,0.3403848111629486,0.0,0.1587916910648346,0.0001,1e-05,50.122,3.7216,0.9182
3263,stage2,1,0.1298208385705948,0.3333360552787781,0.0,0.1298208385705948,0.0001,1e-05,50.12,3.1958,0.6337
3264,stage2,1,0.17266947031021118,0.3604635000228882,0.0,0.17266947031021118,0.0001,1e-05,50.118,4.9164,0.634
3265,stage2,1,0.16328397393226624,0.3798971176147461,0.0,0.16328397393226624,0.0001,1e-05,50.119,4.0288,1.9697
3266,stage2,1,0.16114899516105652,0.33014705777168274,0.0,0.16114899516105652,0.0001,1e-05,50.118,3.5118,0.6338
3267,stage2,1,0.16094286739826202,0.35701659321784973,0.0,0.16094286739826202,0.0001,1e-05,50.12,3.5195,2.2881
3268,stage2,1,0.14303836226463318,0.34450072050094604,0.0,0.14303836226463318,0.0001,1e-05,50.116,4.2124,0.6332
3269,stage2,1,0.15653714537620544,0.3731454014778137,0.0,0.15653714537620544,0.0001,1e-05,50.117,3.9224,0.6334
3270,stage2,1,0.16209228336811066,0.36528250575065613,0.0,0.16209228336811066,0.0001,1e-05,50.121,4.052,0.8833
3271,stage2,1,0.16101495921611786,0.3316650986671448,0.0,0.16101495921611786,0.0001,1e-05,50.121,4.0438,0.6339
3272,stage2,1,0.14525799453258514,0.36187878251075745,0.0,0.14525799453258514,0.0001,1e-05,50.12,3.8532,0.6341
3273,stage2,1,0.15624067187309265,0.3476196229457855,0.0,0.15624067187309265,0.0001,1e-05,50.121,3.6625,1.868
3274,stage2,1,0.1903807520866394,0.37088748812675476,0.0,0.1903807520866394,0.0001,1e-05,50.121,3.5768,0.634
3275,stage2,1,0.15719616413116455,0.34797385334968567,0.0,0.15719616413116455,0.0001,1e-05,50.121,3.7416,2.3788
3276,stage2,1,0.17861893773078918,0.3512502908706665,0.0,0.17861893773078918,0.0001,1e-05,50.121,8.0121,0.6331
3277,stage2,1,0.13159705698490143,0.35522156953811646,0.0,0.13159705698490143,0.0001,1e-05,50.121,3.0831,0.6337
3278,stage2,1,0.1410454362630844,0.34989675879478455,0.0,0.1410454362630844,0.0001,1e-05,50.118,2.869,0.811
3279,stage2,1,0.15155969560146332,0.3604041635990143,0.0,0.15155969560146332,0.0001,1e-05,50.124,3.9981,0.6345
3280,stage2,1,0.1896437704563141,0.3597894608974457,0.0,0.1896437704563141,0.0001,1e-05,50.12,4.357,0.6344
3281,stage2,1,0.15647996962070465,0.34685632586479187,0.0,0.15647996962070465,0.0001,1e-05,50.12,3.5031,1.8321
3282,stage2,1,0.1940392702817917,0.37759244441986084,0.0,0.1940392702817917,0.0001,1e-05,50.122,4.4774,0.6337
3283,stage2,1,0.19145865738391876,0.3596400320529938,0.0,0.19145865738391876,0.0001,1e-05,50.119,5.0513,2.3577
3284,stage2,1,0.1463586390018463,0.36949998140335083,0.0,0.1463586390018463,0.0001,1e-05,50.119,3.3404,0.633
3285,stage2,1,0.18093456327915192,0.37590205669403076,0.0,0.18093456327915192,0.0001,1e-05,50.123,4.0889,0.6336
3286,stage2,1,0.14461268484592438,0.3581295311450958,0.0,0.14461268484592438,0.0001,1e-05,50.122,3.4476,0.9706
3287,stage2,1,0.15682671964168549,0.3670071065425873,0.0,0.15682671964168549,0.0001,1e-05,50.122,3.5834,0.6343
3288,stage2,1,0.17509430646896362,0.3555139899253845,0.0,0.17509430646896362,0.0001,1e-05,50.123,3.9033,0.6339
3289,stage2,1,0.15290872752666473,0.3491591215133667,0.0,0.15290872752666473,0.0001,1e-05,50.122,3.7521,1.7079
3290,stage2,1,0.15817126631736755,0.35193365812301636,0.0,0.15817126631736755,0.0001,1e-05,50.118,4.135,0.6336
3291,stage2,1,0.16848653554916382,0.3409351408481598,0.0,0.16848653554916382,0.0001,1e-05,50.122,3.8395,2.4123
3292,stage2,1,0.1846863329410553,0.3595849275588989,0.0,0.1846863329410553,0.0001,1e-05,50.12,4.737,0.6326
3293,stage2,1,0.1604606658220291,0.3710024058818817,0.0,0.1604606658220291,0.0001,1e-05,50.12,4.209,0.6338
3294,stage2,1,0.1571623831987381,0.35057321190834045,0.0,0.1571623831987381,0.0001,1e-05,50.119,3.645,1.1243
3295,stage2,1,0.17203213274478912,0.3756578862667084,0.0,0.17203213274478912,0.0001,1e-05,50.119,4.064,0.6342
3296,stage2,1,0.18212197721004486,0.36727437376976013,0.0,0.18212197721004486,0.0001,1e-05,50.121,4.2126,0.6335
3297,stage2,1,0.1795075684785843,0.3627675175666809,0.0,0.1795075684785843,0.0001,1e-05,50.119,3.9766,1.5524
3298,stage2,1,0.14526553452014923,0.34176012873649597,0.0,0.14526553452014923,0.0001,1e-05,50.119,3.8161,0.6337
3299,stage2,1,0.1606254279613495,0.3772079646587372,0.0,0.1606254279613495,0.0001,1e-05,50.122,4.4688,2.4907
3300,stage2,1,0.13051965832710266,0.3453170955181122,0.0,0.13051965832710266,0.0001,1e-05,50.122,3.2593,0.6323
3301,stage2,1,0.1694875806570053,0.3342195153236389,0.0,0.1694875806570053,0.0001,1e-05,50.119,3.7342,0.6335
3302,stage2,1,0.1602737307548523,0.3534204959869385,0.0,0.1602737307548523,0.0001,1e-05,50.12,3.8185,1.2236
3303,stage2,1,0.13473328948020935,0.36341285705566406,0.0,0.13473328948020935,0.0001,1e-05,50.119,3.2414,0.6336
3304,stage2,1,0.18104103207588196,0.360788494348526,0.0,0.18104103207588196,0.0001,1e-05,50.12,3.8864,0.6329
3305,stage2,1,0.13973946869373322,0.32346609234809875,0.0,0.13973946869373322,0.0001,1e-05,50.119,3.8335,1.3748
3306,stage2,1,0.14675511419773102,0.35037165880203247,0.0,0.14675511419773102,0.0001,1e-05,50.122,3.2829,0.6342
3307,stage2,1,0.13117201626300812,0.3506871461868286,0.0,0.13117201626300812,0.0001,1e-05,50.118,3.3383,2.6108
3308,stage2,1,0.1686597466468811,0.32997459173202515,0.0,0.1686597466468811,0.0001,1e-05,50.119,4.5411,0.6329
3309,stage2,1,0.14920656383037567,0.37954387068748474,0.0,0.14920656383037567,0.0001,1e-05,50.118,3.1071,0.633
3310,stage2,1,0.15785734355449677,0.3520977199077606,0.0,0.15785734355449677,0.0001,1e-05,50.119,3.3268,1.1951
3311,stage2,1,0.14759080111980438,0.3452368974685669,0.0,0.14759080111980438,0.0001,1e-05,50.121,3.5455,0.6334
3312,stage2,1,0.14730574190616608,0.36101993918418884,0.0,0.14730574190616608,0.0001,1e-05,50.122,3.3997,0.6336
3313,stage2,1,0.18247567117214203,0.3505430221557617,0.0,0.18247567117214203,0.0001,1e-05,50.122,4.9385,1.3305
3314,stage2,1,0.1785774677991867,0.35614070296287537,0.0,0.1785774677991867,0.0001,1e-05,50.121,3.8892,0.6337
3315,stage2,1,0.14759472012519836,0.3307085335254669,0.0,0.14759472012519836,0.0001,1e-05,50.119,3.1872,2.5445
3316,stage2,1,0.13885356485843658,0.37080925703048706,0.0,0.13885356485843658,0.0001,1e-05,50.119,3.0655,0.6325
3317,stage2,1,0.1485743373632431,0.34615394473075867,0.0,0.1485743373632431,0.0001,1e-05,50.119,3.4751,0.6327
3318,stage2,1,0.17166221141815186,0.35592707991600037,0.0,0.17166221141815186,0.0001,1e-05,50.121,3.9751,1.2076
3319,stage2,1,0.15578486025333405,0.3481519818305969,0.0,0.15578486025333405,0.0001,1e-05,50.119,3.7107,0.6332
3320,stage2,1,0.14309433102607727,0.3339580297470093,0.0,0.14309433102607727,0.0001,1e-05,50.118,4.1662,0.6341
3321,stage2,1,0.13520607352256775,0.33375105261802673,0.0,0.13520607352256775,0.0001,1e-05,50.122,2.9698,1.2842
3322,stage2,1,0.1597072333097458,0.3335864841938019,0.0,0.1597072333097458,0.0001,1e-05,50.12,3.5357,0.633
3323,stage2,1,0.1432793289422989,0.3610881567001343,0.0,0.1432793289422989,0.0001,1e-05,50.122,4.0252,2.566
3324,stage2,1,0.1637718826532364,0.3394310772418976,0.0,0.1637718826532364,0.0001,1e-05,50.123,3.5633,0.6327
3325,stage2,1,0.15670926868915558,0.3327651917934418,0.0,0.15670926868915558,0.0001,1e-05,50.119,4.5081,0.6337
3326,stage2,1,0.13814736902713776,0.33238571882247925,0.0,0.13814736902713776,0.0001,1e-05,50.12,3.3024,1.2253
3327,stage2,1,0.18190649151802063,0.32974773645401,0.0,0.18190649151802063,0.0001,1e-05,50.12,3.84,0.6338
3328,stage2,1,0.18275296688079834,0.37393200397491455,0.0,0.18275296688079834,0.0001,1e-05,50.121,4.4242,0.6341
3329,stage2,1,0.166075199842453,0.32995176315307617,0.0,0.166075199842453,0.0001,1e-05,50.118,4.1596,1.2794
3330,stage2,1,0.13370950520038605,0.3286440372467041,0.0,0.13370950520038605,0.0001,1e-05,50.121,3.1155,0.6342
3331,stage2,1,0.17236733436584473,0.35604918003082275,0.0,0.17236733436584473,0.0001,1e-05,50.12,3.8417,2.5672
3332,stage2,1,0.18168826401233673,0.3645993769168854,0.0,0.18168826401233673,0.0001,1e-05,50.117,3.5973,0.6336
3333,stage2,1,0.15294356644153595,0.32699456810951233,0.0,0.15294356644153595,0.0001,1e-05,50.118,4.1698,0.6337
3334,stage2,1,0.1566605120897293,0.35490837693214417,0.0,0.1566605120897293,0.0001,1e-05,50.117,3.8788,1.2377
3335,stage2,1,0.1655629426240921,0.3391241729259491,0.0,0.1655629426240921,0.0001,1e-05,50.122,3.7026,0.634
3336,stage2,1,0.1705428808927536,0.37593650817871094,0.0,0.1705428808927536,0.0001,1e-05,50.118,4.0576,0.6349
3337,stage2,1,0.15054407715797424,0.33373332023620605,0.0,0.15054407715797424,0.0001,1e-05,50.118,3.4744,1.3126
3338,stage2,1,0.1453467607498169,0.3232598900794983,0.0,0.1453467607498169,0.0001,1e-05,50.119,3.4354,0.6338
3339,stage2,1,0.133591890335083,0.33806267380714417,0.0,0.133591890335083,0.0001,1e-05,50.118,3.7304,2.4632
3340,stage2,1,0.1557014286518097,0.3341512680053711,0.0,0.1557014286518097,0.0001,1e-05,50.118,3.9329,0.6335
3341,stage2,1,0.15318919718265533,0.36416786909103394,0.0,0.15318919718265533,0.0001,1e-05,50.118,3.8941,0.6345
3342,stage2,1,0.1708901822566986,0.3542928099632263,0.0,0.1708901822566986,0.0001,1e-05,50.121,3.7723,1.3234
3343,stage2,1,0.16956768929958344,0.3548934757709503,0.0,0.16956768929958344,0.0001,1e-05,50.12,3.966,0.6336
3344,stage2,1,0.14889226853847504,0.36064693331718445,0.0,0.14889226853847504,0.0001,1e-05,50.119,3.362,0.6343
3345,stage2,1,0.17364470660686493,0.3473203480243683,0.0,0.17364470660686493,0.0001,1e-05,50.116,3.8381,1.3375
3346,stage2,1,0.1524595022201538,0.367433100938797,0.0,0.1524595022201538,0.0001,1e-05,50.118,3.4208,0.6342
3347,stage2,1,0.16846901178359985,0.35722801089286804,0.0,0.16846901178359985,0.0001,1e-05,50.122,3.9396,2.4257
3348,stage2,1,0.14639194309711456,0.37085655331611633,0.0,0.14639194309711456,0.0001,1e-05,50.12,3.5516,0.6338
3349,stage2,1,0.1638690084218979,0.3840840458869934,0.0,0.1638690084218979,0.0001,1e-05,50.117,3.443,0.6334
3350,stage2,1,0.14466610550880432,0.36103689670562744,0.0,0.14466610550880432,0.0001,1e-05,50.119,4.2179,1.3952
3351,stage2,1,0.1464875489473343,0.3321024179458618,0.0,0.1464875489473343,0.0001,1e-05,50.122,3.866,0.6338
3352,stage2,1,0.15881748497486115,0.3316424489021301,0.0,0.15881748497486115,0.0001,1e-05,50.121,3.2214,0.634
3353,stage2,1,0.15024080872535706,0.3321431875228882,0.0,0.15024080872535706,0.0001,1e-05,50.118,3.4537,1.3024
3354,stage2,1,0.13067299127578735,0.3305261731147766,0.0,0.13067299127578735,0.0001,1e-05,50.12,3.6767,0.634
3355,stage2,1,0.1889813393354416,0.35323578119277954,0.0,0.1889813393354416,0.0001,1e-05,50.121,3.6568,2.4741
3356,stage2,1,0.13924846053123474,0.36767780780792236,0.0,0.13924846053123474,0.0001,1e-05,50.12,3.8916,0.6339
3357,stage2,1,0.1644372195005417,0.34129011631011963,0.0,0.1644372195005417,0.0001,1e-05,50.12,3.8297,0.6335
3358,stage2,1,0.1497354954481125,0.3462475836277008,0.0,0.1497354954481125,0.0001,1e-05,50.12,3.6359,1.371
3359,stage2,1,0.15460337698459625,0.32225000858306885,0.0,0.15460337698459625,0.0001,1e-05,50.121,4.5451,0.6335
3360,stage2,1,0.14211544394493103,0.3077724575996399,0.0,0.14211544394493103,0.0001,1e-05,50.119,3.6027,0.6344
3361,stage2,1,0.14277246594429016,0.32841384410858154,0.0,0.14277246594429016,0.0001,1e-05,50.119,3.5355,1.3563
3362,stage2,1,0.13744719326496124,0.3785916566848755,0.0,0.13744719326496124,0.0001,1e-05,50.12,2.7977,0.6344
3363,stage2,1,0.1653628945350647,0.3300835192203522,0.0,0.1653628945350647,0.0001,1e-05,50.121,3.7293,2.4342
3364,stage2,1,0.1662522405385971,0.32665926218032837,0.0,0.1662522405385971,0.0001,1e-05,50.119,3.5929,0.6336
3365,stage2,1,0.14352309703826904,0.34369054436683655,0.0,0.14352309703826904,0.0001,1e-05,50.119,3.5925,0.6338
3366,stage2,1,0.14621496200561523,0.3519791066646576,0.0,0.14621496200561523,0.0001,1e-05,50.121,3.8206,1.3203
3367,stage2,1,0.1435886025428772,0.3683311343193054,0.0,0.1435886025428772,0.0001,1e-05,50.123,3.1215,0.6339
3368,stage2,1,0.15103550255298615,0.35479727387428284,0.0,0.15103550255298615,0.0001,1e-05,50.122,3.5845,0.6347
3369,stage2,1,0.15338115394115448,0.33886370062828064,0.0,0.15338115394115448,0.0001,1e-05,50.119,3.3051,1.4437
3370,stage2,1,0.12400059401988983,0.3429432511329651,0.0,0.12400059401988983,0.0001,1e-05,50.121,3.0426,0.634
3371,stage2,1,0.1482343077659607,0.3795332908630371,0.0,0.1482343077659607,0.0001,1e-05,50.118,4.4999,2.4057
3372,stage2,1,0.14554259181022644,0.3522530198097229,0.0,0.14554259181022644,0.0001,1e-05,50.12,3.4321,0.6336
3373,stage2,1,0.16207903623580933,0.3702440857887268,0.0,0.16207903623580933,0.0001,1e-05,50.121,3.5703,0.634
3374,stage2,1,0.1339692324399948,0.3403427302837372,0.0,0.1339692324399948,0.0001,1e-05,50.119,3.3376,1.4105
3375,stage2,1,0.14275634288787842,0.3390585482120514,0.0,0.14275634288787842,0.0001,1e-05,50.119,3.3538,0.6339
3376,stage2,1,0.15523353219032288,0.36441561579704285,0.0,0.15523353219032288,0.0001,1e-05,50.12,3.9948,0.6346
3377,stage2,1,0.1484774947166443,0.3455328047275543,0.0,0.1484774947166443,0.0001,1e-05,50.121,3.8637,1.3298
3378,stage2,1,0.16165393590927124,0.35707372426986694,0.0,0.16165393590927124,0.0001,1e-05,50.119,3.6385,0.6343
3379,stage2,1,0.14885146915912628,0.3331069052219391,0.0,0.14885146915912628,0.0001,1e-05,50.121,3.5293,2.4949
3380,stage2,1,0.1345689296722412,0.3287450671195984,0.0,0.1345689296722412,0.0001,1e-05,50.119,3.1912,0.6336
3381,stage2,1,0.1672595888376236,0.3539856970310211,0.0,0.1672595888376236,0.0001,1e-05,50.117,3.9166,0.6338
3382,stage2,1,0.15982605516910553,0.36325886845588684,0.0,0.15982605516910553,0.0001,1e-05,50.118,4.2374,1.373
3383,stage2,1,0.16889849305152893,0.35216033458709717,0.0,0.16889849305152893,0.0001,1e-05,50.121,4.1081,0.6336
3384,stage2,1,0.13866499066352844,0.3306786119937897,0.0,0.13866499066352844,0.0001,1e-05,50.125,3.427,0.6347
3385,stage2,1,0.1627921313047409,0.3319694995880127,0.0,0.1627921313047409,0.0001,1e-05,50.121,3.4127,1.1974
3386,stage2,1,0.1446627676486969,0.36161622405052185,0.0,0.1446627676486969,0.0001,1e-05,50.118,3.8528,0.6341
3387,stage2,1,0.1382053643465042,0.34192898869514465,0.0,0.1382053643465042,0.0001,1e-05,50.121,3.4624,2.5756
3388,stage2,1,0.14065031707286835,0.32739076018333435,0.0,0.14065031707286835,0.0001,1e-05,50.123,2.9958,0.6328
3389,stage2,1,0.12522022426128387,0.34753113985061646,0.0,0.12522022426128387,0.0001,1e-05,50.122,3.305,0.6334
3390,stage2,1,0.14906896650791168,0.326800137758255,0.0,0.14906896650791168,0.0001,1e-05,50.118,3.4448,1.4221
3391,stage2,1,0.13841456174850464,0.35064876079559326,0.0,0.13841456174850464,0.0001,1e-05,50.12,3.4699,0.6338
3392,stage2,1,0.1697661280632019,0.3503049314022064,0.0,0.1697661280632019,0.0001,1e-05,50.12,3.491,0.6335
3393,stage2,1,0.1469823122024536,0.34689944982528687,0.0,0.1469823122024536,0.0001,1e-05,50.124,3.8391,1.097
3394,stage2,1,0.1627584993839264,0.3597082495689392,0.0,0.1627584993839264,0.0001,1e-05,50.122,4.5469,0.6343
3395,stage2,1,0.12896768748760223,0.3245167136192322,0.0,0.12896768748760223,0.0001,1e-05,50.123,3.0802,2.6558
3396,stage2,1,0.14099080860614777,0.34501326084136963,0.0,0.14099080860614777,0.0001,1e-05,50.121,3.4775,0.6326
3397,stage2,1,0.11602543294429779,0.3416682183742523,0.0,0.11602543294429779,0.0001,1e-05,50.121,2.8219,0.6335
3398,stage2,1,0.14245259761810303,0.3827873170375824,0.0,0.14245259761810303,0.0001,1e-05,50.123,4.0653,1.4645
3399,stage2,1,0.15868768095970154,0.34844568371772766,0.0,0.15868768095970154,0.0001,1e-05,50.124,3.3309,0.6332
3400,stage2,1,0.15734587609767914,0.3527999520301819,0.0,0.15734587609767914,0.0001,1e-05,50.122,3.5557,0.6341
3401,stage2,1,0.1716075986623764,0.35841378569602966,0.0,0.1716075986623764,0.0001,1e-05,50.122,4.0099,0.9802
3402,stage2,1,0.14781124889850616,0.37335339188575745,0.0,0.14781124889850616,0.0001,1e-05,50.119,3.5043,0.6334
3403,stage2,1,0.15620769560337067,0.354034960269928,0.0,0.15620769560337067,0.0001,1e-05,50.12,3.9932,2.7026
3404,stage2,1,0.16059745848178864,0.34927624464035034,0.0,0.16059745848178864,0.0001,1e-05,50.119,3.2396,0.6328
3405,stage2,1,0.1546582281589508,0.35609501600265503,0.0,0.1546582281589508,0.0001,1e-05,50.117,4.0913,0.6336
3406,stage2,1,0.15327785909175873,0.35119837522506714,0.0,0.15327785909175873,0.0001,1e-05,50.12,3.7812,1.5155
3407,stage2,1,0.14429646730422974,0.3473389148712158,0.0,0.14429646730422974,0.0001,1e-05,50.118,3.5603,0.6335
3408,stage2,1,0.16436560451984406,0.38381335139274597,0.0,0.16436560451984406,0.0001,1e-05,50.121,3.7262,0.6344
3409,stage2,1,0.15570268034934998,0.3516685366630554,0.0,0.15570268034934998,0.0001,1e-05,50.119,3.8959,0.8237
3410,stage2,1,0.15800125896930695,0.3656095564365387,0.0,0.15800125896930695,0.0001,1e-05,50.115,4.746,0.6343
3411,stage2,1,0.17249678075313568,0.33165496587753296,0.0,0.17249678075313568,0.0001,1e-05,50.12,4.1895,2.719
3412,stage2,1,0.15635699033737183,0.3634010851383209,0.0,0.15635699033737183,0.0001,1e-05,50.123,4.0568,0.6341
3413,stage2,1,0.15390229225158691,0.3656180799007416,0.0,0.15390229225158691,0.0001,1e-05,50.121,3.4819,0.6339
3414,stage2,1,0.14874042570590973,0.35600292682647705,0.0,0.14874042570590973,0.0001,1e-05,50.122,3.019,1.614
3415,stage2,1,0.16479173302650452,0.3412039577960968,0.0,0.16479173302650452,0.0001,1e-05,50.118,3.7337,0.634
3416,stage2,1,0.14621718227863312,0.3335505425930023,0.0,0.14621718227863312,0.0001,1e-05,50.122,4.1264,0.6326
3417,stage2,1,0.14295220375061035,0.3456190526485443,0.0,0.14295220375061035,0.0001,1e-05,50.123,3.2217,0.6913
3418,stage2,1,0.15055452287197113,0.35136401653289795,0.0,0.15055452287197113,0.0001,1e-05,50.122,3.4564,0.6343
3419,stage2,1,0.13864843547344208,0.3735356032848358,0.0,0.13864843547344208,0.0001,1e-05,50.121,3.4753,2.7892
3420,stage2,1,0.17898288369178772,0.3685043454170227,0.0,0.17898288369178772,0.0001,1e-05,50.121,4.9554,0.6331
3421,stage2,1,0.1431845873594284,0.3366788625717163,0.0,0.1431845873594284,0.0001,1e-05,50.12,3.419,0.6334
3422,stage2,1,0.157417893409729,0.34315255284309387,0.0,0.157417893409729,0.0001,1e-05,50.123,4.0334,1.7552
3423,stage2,1,0.14427922666072845,0.34397751092910767,0.0,0.14427922666072845,0.0001,1e-05,50.123,4.3061,0.6339
3424,stage2,1,0.1508110910654068,0.3625694811344147,0.0,0.1508110910654068,0.0001,1e-05,50.118,3.729,0.6341
3425,stage2,1,0.15552310645580292,0.32820382714271545,0.0,0.15552310645580292,0.0001,1e-05,50.122,3.651,0.6346
3426,stage2,1,0.14957332611083984,0.3635789752006531,0.0,0.14957332611083984,0.0001,1e-05,50.122,3.2523,0.6348
3427,stage2,1,0.1649659425020218,0.3304503262042999,0.0,0.1649659425020218,0.0001,1e-05,50.121,3.3209,2.6351
3428,stage2,1,0.1370881199836731,0.3488682210445404,0.0,0.1370881199836731,0.0001,1e-05,50.118,3.4249,0.633
3429,stage2,1,0.15241949260234833,0.3588125705718994,0.0,0.15241949260234833,0.0001,1e-05,50.118,4.04,0.6331
3430,stage2,1,0.17744366824626923,0.356180876493454,0.0,0.17744366824626923,0.0001,1e-05,50.122,4.0721,1.8798
3431,stage2,1,0.162740558385849,0.37465521693229675,0.0,0.162740558385849,0.0001,1e-05,50.121,3.858,0.6335
3432,stage2,1,0.1571647673845291,0.3150465190410614,0.0,0.1571647673845291,0.0001,1e-05,50.12,3.5476,0.6332
3433,stage2,1,0.14674732089042664,0.33669304847717285,0.0,0.14674732089042664,0.0001,1e-05,50.117,3.9473,0.6386
3434,stage2,1,0.15285328030586243,0.3459135890007019,0.0,0.15285328030586243,0.0001,1e-05,50.121,3.7927,0.6344
3435,stage2,1,0.13727983832359314,0.334500253200531,0.0,0.13727983832359314,0.0001,1e-05,50.121,3.0544,2.567
3436,stage2,1,0.14099526405334473,0.3421235978603363,0.0,0.14099526405334473,0.0001,1e-05,50.119,3.6207,0.6333
3437,stage2,1,0.16064941883087158,0.36385107040405273,0.0,0.16064941883087158,0.0001,1e-05,50.12,3.693,0.634
3438,stage2,1,0.1622525155544281,0.36440858244895935,0.0,0.1622525155544281,0.0001,1e-05,50.121,3.8116,1.8664
3439,stage2,1,0.1486496925354004,0.3546000123023987,0.0,0.1486496925354004,0.0001,1e-05,50.122,3.8953,0.6335
3440,stage2,1,0.1480247676372528,0.3454989194869995,0.0,0.1480247676372528,0.0001,1e-05,50.118,3.3361,0.6338
3441,stage2,1,0.15384437143802643,0.37341371178627014,0.0,0.15384437143802643,0.0001,1e-05,50.121,4.1793,0.6378
3442,stage2,1,0.1466541290283203,0.3355783224105835,0.0,0.1466541290283203,0.0001,1e-05,50.117,3.5271,0.6339
3443,stage2,1,0.16521039605140686,0.3803134858608246,0.0,0.16521039605140686,0.0001,1e-05,50.118,3.8276,2.6184
3444,stage2,1,0.13655029237270355,0.33847907185554504,0.0,0.13655029237270355,0.0001,1e-05,50.118,3.499,0.633
3445,stage2,1,0.1696089804172516,0.34160348773002625,0.0,0.1696089804172516,0.0001,1e-05,50.121,4.1832,0.6334
3446,stage2,1,0.15517638623714447,0.34010985493659973,0.0,0.15517638623714447,0.0001,1e-05,50.118,3.4659,2.0498
3447,stage2,1,0.14342814683914185,0.359971284866333,0.0,0.14342814683914185,0.0001,1e-05,50.117,3.4593,0.6326
3448,stage2,1,0.13536269962787628,0.3549342453479767,0.0,0.13536269962787628,0.0001,1e-05,50.119,3.8704,0.6339
3449,stage2,1,0.1595844179391861,0.3585832118988037,0.0,0.1595844179391861,0.0001,1e-05,50.12,3.365,0.6335
3450,stage2,1,0.13928230106830597,0.33812808990478516,0.0,0.13928230106830597,0.0001,1e-05,50.119,4.4819,0.6348
3451,stage2,1,0.16186952590942383,0.3313680589199066,0.0,0.16186952590942383,0.0001,1e-05,50.12,4.2381,2.5672
3452,stage2,1,0.14017438888549805,0.340280145406723,0.0,0.14017438888549805,0.0001,1e-05,50.121,3.3416,0.6327
3453,stage2,1,0.14171560108661652,0.36038991808891296,0.0,0.14171560108661652,0.0001,1e-05,50.121,3.1511,0.6339
3454,stage2,1,0.13075567781925201,0.349136620759964,0.0,0.13075567781925201,0.0001,1e-05,50.119,4.0431,2.1064
3455,stage2,1,0.14021669328212738,0.32872894406318665,0.0,0.14021669328212738,0.0001,1e-05,50.121,3.4101,0.6331
3456,stage2,1,0.15748576819896698,0.3775438368320465,0.0,0.15748576819896698,0.0001,1e-05,50.12,4.1369,0.6343
3457,stage2,1,0.12772928178310394,0.3615584969520569,0.0,0.12772928178310394,0.0001,1e-05,50.119,3.1644,0.6329
3458,stage2,1,0.1449369639158249,0.3475925624370575,0.0,0.1449369639158249,0.0001,1e-05,50.118,3.0179,0.6344
3459,stage2,1,0.15125128626823425,0.3300258219242096,0.0,0.15125128626823425,0.0001,1e-05,50.12,3.8017,2.6504
3460,stage2,1,0.13287010788917542,0.33889833092689514,0.0,0.13287010788917542,0.0001,1e-05,50.12,3.224,0.6322
3461,stage2,1,0.14673517644405365,0.3524222671985626,0.0,0.14673517644405365,0.0001,1e-05,50.12,3.41,0.6332
3462,stage2,1,0.1587727963924408,0.3401631712913513,0.0,0.1587727963924408,0.0001,1e-05,50.117,3.5129,2.2863
3463,stage2,1,0.16233514249324799,0.3363378942012787,0.0,0.16233514249324799,0.0001,1e-05,50.121,3.5537,0.636
3464,stage2,1,0.1499910056591034,0.3332000970840454,0.0,0.1499910056591034,0.0001,1e-05,50.119,3.4313,0.6323
3465,stage2,1,0.14768214523792267,0.31777873635292053,0.0,0.14768214523792267,0.0001,1e-05,50.119,3.5171,0.6323
3466,stage2,1,0.1350546032190323,0.3307201862335205,0.0,0.1350546032190323,0.0001,1e-05,50.121,3.1577,0.6321
3467,stage2,1,0.15364573895931244,0.3395339250564575,0.0,0.15364573895931244,0.0001,1e-05,50.12,3.7894,2.5166
3468,stage2,1,0.1601068079471588,0.346445769071579,0.0,0.1601068079471588,0.0001,1e-05,50.12,3.0663,0.6325
3469,stage2,1,0.12910780310630798,0.34205374121665955,0.0,0.12910780310630798,0.0001,1e-05,50.122,3.5561,0.633
3470,stage2,1,0.13353067636489868,0.36305418610572815,0.0,0.13353067636489868,0.0001,1e-05,50.121,3.4044,2.2392
3471,stage2,1,0.15074992179870605,0.34344246983528137,0.0,0.15074992179870605,0.0001,1e-05,50.12,3.4231,0.6386
3472,stage2,1,0.1638278365135193,0.33486318588256836,0.0,0.1638278365135193,0.0001,1e-05,50.123,3.8372,0.6259
3473,stage2,1,0.1457483023405075,0.3648056387901306,0.0,0.1457483023405075,0.0001,1e-05,50.119,3.6638,0.6325
3474,stage2,1,0.14437204599380493,0.35147738456726074,0.0,0.14437204599380493,0.0001,1e-05,50.119,4.6549,0.633
3475,stage2,1,0.14278391003608704,0.348315954208374,0.0,0.14278391003608704,0.0001,1e-05,50.123,3.4222,2.5529
3476,stage2,1,0.135101318359375,0.3597134053707123,0.0,0.135101318359375,0.0001,1e-05,50.119,3.8565,0.6314
3477,stage2,1,0.13973696529865265,0.3625071942806244,0.0,0.13973696529865265,0.0001,1e-05,50.118,3.3136,0.6323
3478,stage2,1,0.14351433515548706,0.3566933870315552,0.0,0.14351433515548706,0.0001,1e-05,50.119,3.4677,2.3617
3479,stage2,1,0.14566326141357422,0.32368892431259155,0.0,0.14566326141357422,0.0001,1e-05,50.121,3.6139,0.6319
3480,stage2,1,0.1550762802362442,0.35538575053215027,0.0,0.1550762802362442,0.0001,1e-05,50.121,4.3636,0.6328
3481,stage2,1,0.17347435653209686,0.3492325246334076,0.0,0.17347435653209686,0.0001,1e-05,50.119,4.0985,0.6342
3482,stage2,1,0.14918303489685059,0.34168434143066406,0.0,0.14918303489685059,0.0001,1e-05,50.115,3.9503,0.6332
3483,stage2,1,0.14538654685020447,0.3702373504638672,0.0,0.14538654685020447,0.0001,1e-05,50.118,3.3153,2.4824
3484,stage2,1,0.15845006704330444,0.3557746112346649,0.0,0.15845006704330444,0.0001,1e-05,50.119,4.0925,0.6321
3485,stage2,1,0.1357850283384323,0.33365651965141296,0.0,0.1357850283384323,0.0001,1e-05,50.118,3.2206,0.6327
3486,stage2,1,0.12417776882648468,0.36153972148895264,0.0,0.12417776882648468,0.0001,1e-05,50.121,3.039,2.4332
3487,stage2,1,0.16018261015415192,0.3535761833190918,0.0,0.16018261015415192,0.0001,1e-05,50.121,3.9535,0.6315
3488,stage2,1,0.13626061379909515,0.34895744919776917,0.0,0.13626061379909515,0.0001,1e-05,50.118,3.6786,0.6316
3489,stage2,1,0.14274628460407257,0.3647288680076599,0.0,0.14274628460407257,0.0001,1e-05,50.119,3.8594,0.6325
3490,stage2,1,0.15790267288684845,0.3601143956184387,0.0,0.15790267288684845,0.0001,1e-05,50.122,3.9034,0.633
3491,stage2,1,0.1823122203350067,0.35361233353614807,0.0,0.1823122203350067,0.0001,1e-05,50.121,3.9216,2.3995
3492,stage2,1,0.13261909782886505,0.3247404992580414,0.0,0.13261909782886505,0.0001,1e-05,50.121,3.3314,0.6318
3493,stage2,1,0.15117178857326508,0.35427990555763245,0.0,0.15117178857326508,0.0001,1e-05,50.12,3.6647,0.6328
3494,stage2,1,0.15394097566604614,0.3582860231399536,0.0,0.15394097566604614,0.0001,1e-05,50.12,4.0319,2.3719
3495,stage2,1,0.15716926753520966,0.36037304997444153,0.0,0.15716926753520966,0.0001,1e-05,50.12,3.6302,0.6315
3496,stage2,1,0.138699471950531,0.35397329926490784,0.0,0.138699471950531,0.0001,1e-05,50.119,3.2868,0.6321
3497,stage2,1,0.13005883991718292,0.33539509773254395,0.0,0.13005883991718292,0.0001,1e-05,50.12,2.6485,0.6326
3498,stage2,1,0.14304664731025696,0.3440479636192322,0.0,0.14304664731025696,0.0001,1e-05,50.12,4.1985,0.6325
3499,stage2,1,0.15132752060890198,0.37315040826797485,0.0,0.15132752060890198,0.0001,1e-05,50.117,4.3714,2.4654
3500,stage2,1,0.14821617305278778,0.3778174817562103,0.0,0.14821617305278778,0.0001,1e-05,50.121,3.2382,0.6311
3501,stage2,1,0.15563929080963135,0.3563438653945923,0.0,0.15563929080963135,0.0001,1e-05,50.117,3.9652,0.632
3502,stage2,1,0.14090052247047424,0.37484103441238403,0.0,0.14090052247047424,0.0001,1e-05,50.118,3.8705,2.5549
3503,stage2,1,0.14201709628105164,0.3681211471557617,0.0,0.14201709628105164,0.0001,1e-05,50.117,3.6987,0.6308
3504,stage2,1,0.13543261587619781,0.3926064372062683,0.0,0.13543261587619781,0.0001,1e-05,50.118,3.3584,0.6311
3505,stage2,1,0.14115476608276367,0.34770122170448303,0.0,0.14115476608276367,0.0001,1e-05,50.116,3.0406,0.6318
3506,stage2,1,0.18222342431545258,0.3546546399593353,0.0,0.18222342431545258,0.0001,1e-05,50.118,4.7363,0.6319
3507,stage2,1,0.1510806679725647,0.33324339985847473,0.0,0.1510806679725647,0.0001,1e-05,50.119,3.9137,2.0639
3508,stage2,1,0.14777953922748566,0.31877073645591736,0.0,0.14777953922748566,0.0001,1e-05,50.118,3.7331,0.6311
3509,stage2,1,0.11432524025440216,0.3485546112060547,0.0,0.11432524025440216,0.0001,1e-05,50.116,3.0069,0.632
3510,stage2,1,0.1275707632303238,0.35022249817848206,0.0,0.1275707632303238,0.0001,1e-05,50.121,3.3762,2.6588
3511,stage2,1,0.16411703824996948,0.3447107672691345,0.0,0.16411703824996948,0.0001,1e-05,50.12,4.022,0.6303
3512,stage2,1,0.15373346209526062,0.32562512159347534,0.0,0.15373346209526062,0.0001,1e-05,50.119,3.5442,0.6306
3513,stage2,1,0.11335531622171402,0.3177076280117035,0.0,0.11335531622171402,0.0001,1e-05,50.121,2.8232,0.6318
3514,stage2,1,0.14786405861377716,0.35287636518478394,0.0,0.14786405861377716,0.0001,1e-05,50.118,3.1381,0.632
3515,stage2,1,0.14166152477264404,0.32849249243736267,0.0,0.14166152477264404,0.0001,1e-05,50.117,3.7884,1.894
3516,stage2,1,0.14087945222854614,0.3421255350112915,0.0,0.14087945222854614,0.0001,1e-05,50.123,3.1383,0.6321
3517,stage2,1,0.15853996574878693,0.3342905044555664,0.0,0.15853996574878693,0.0001,1e-05,50.117,4.4723,0.632
3518,stage2,1,0.14243026077747345,0.3514277935028076,0.0,0.14243026077747345,0.0001,1e-05,50.118,3.6615,2.8008
3519,stage2,1,0.1479436159133911,0.3460905849933624,0.0,0.1479436159133911,0.0001,1e-05,50.12,3.8731,0.6314
3520,stage2,1,0.14967037737369537,0.34677502512931824,0.0,0.14967037737369537,0.0001,1e-05,50.119,3.9171,0.6341
3521,stage2,1,0.14146442711353302,0.3444867730140686,0.0,0.14146442711353302,0.0001,1e-05,50.12,3.4275,0.6314
3522,stage2,1,0.1906508505344391,0.36087965965270996,0.0,0.1906508505344391,0.0001,1e-05,50.12,4.8073,0.632
3523,stage2,1,0.14691539108753204,0.3504785895347595,0.0,0.14691539108753204,0.0001,1e-05,50.123,3.5598,1.8664
3524,stage2,1,0.1324607878923416,0.3573470115661621,0.0,0.1324607878923416,0.0001,1e-05,50.119,3.1982,0.6311
3525,stage2,1,0.13926634192466736,0.3305669128894806,0.0,0.13926634192466736,0.0001,1e-05,50.118,3.6271,0.6315
3526,stage2,1,0.1368532031774521,0.3372855484485626,0.0,0.1368532031774521,0.0001,1e-05,50.12,2.7306,2.8329
3527,stage2,1,0.14157694578170776,0.3339416980743408,0.0,0.14157694578170776,0.0001,1e-05,50.122,3.5443,0.6312
3528,stage2,1,0.1389085054397583,0.3458336293697357,0.0,0.1389085054397583,0.0001,1e-05,50.117,3.57,0.6314
3529,stage2,1,0.13986451923847198,0.3321808874607086,0.0,0.13986451923847198,0.0001,1e-05,50.119,3.9161,0.6322
3530,stage2,1,0.14921820163726807,0.3399934768676758,0.0,0.14921820163726807,0.0001,1e-05,50.12,3.756,0.6326
3531,stage2,1,0.16563953459262848,0.333474338054657,0.0,0.16563953459262848,0.0001,1e-05,50.12,3.523,1.7258
3532,stage2,1,0.1399773210287094,0.3395175039768219,0.0,0.1399773210287094,0.0001,1e-05,50.119,3.1875,0.6315
3533,stage2,1,0.14041881263256073,0.3201484680175781,0.0,0.14041881263256073,0.0001,1e-05,50.119,3.3844,0.632
3534,stage2,1,0.14927437901496887,0.3413824439048767,0.0,0.14927437901496887,0.0001,1e-05,50.119,3.6663,2.9812
3535,stage2,1,0.15267996490001678,0.3229614198207855,0.0,0.15267996490001678,0.0001,1e-05,50.118,3.4666,0.6306
3536,stage2,1,0.1447841376066208,0.3290001153945923,0.0,0.1447841376066208,0.0001,1e-05,50.123,3.6208,0.6316
3537,stage2,1,0.13657519221305847,0.3499871492385864,0.0,0.13657519221305847,0.0001,1e-05,50.122,3.4337,0.6319
3538,stage2,1,0.1371091604232788,0.33660247921943665,0.0,0.1371091604232788,0.0001,1e-05,50.117,3.4016,0.6325
3539,stage2,1,0.12712115049362183,0.342899888753891,0.0,0.12712115049362183,0.0001,1e-05,50.121,3.2802,1.6586
3540,stage2,1,0.14486004412174225,0.3424919545650482,0.0,0.14486004412174225,0.0001,1e-05,50.12,3.5001,0.6322
3541,stage2,1,0.15412549674510956,0.35865849256515503,0.0,0.15412549674510956,0.0001,1e-05,50.12,3.1498,0.6327
3542,stage2,1,0.12292186915874481,0.35041287541389465,0.0,0.12292186915874481,0.0001,1e-05,50.118,3.0175,3.1137
3543,stage2,1,0.16243435442447662,0.32863399386405945,0.0,0.16243435442447662,0.0001,1e-05,50.119,4.3274,0.6309
3544,stage2,1,0.14954745769500732,0.3702743649482727,0.0,0.14954745769500732,0.0001,1e-05,50.121,3.4698,0.6351
3545,stage2,1,0.12145154178142548,0.3524152338504791,0.0,0.12145154178142548,0.0001,1e-05,50.12,2.8823,0.631
3546,stage2,1,0.12834890186786652,0.3426089286804199,0.0,0.12834890186786652,0.0001,1e-05,50.119,4.3539,0.6317
3547,stage2,1,0.15380389988422394,0.3351028263568878,0.0,0.15380389988422394,0.0001,1e-05,50.118,4.0221,1.6811
3548,stage2,1,0.1338813155889511,0.3519365191459656,0.0,0.1338813155889511,0.0001,1e-05,50.122,3.3815,0.631
3549,stage2,1,0.13596679270267487,0.36460012197494507,0.0,0.13596679270267487,0.0001,1e-05,50.118,3.666,0.6316
3550,stage2,1,0.15094976127147675,0.3573612868785858,0.0,0.15094976127147675,0.0001,1e-05,50.121,3.9084,3.0648
3551,stage2,1,0.14954151213169098,0.3200016915798187,0.0,0.14954151213169098,0.0001,1e-05,50.122,4.0517,0.6312
3552,stage2,1,0.1488065868616104,0.34221354126930237,0.0,0.1488065868616104,0.0001,1e-05,50.121,3.4466,0.6311
3553,stage2,1,0.14226245880126953,0.35420188307762146,0.0,0.14226245880126953,0.0001,1e-05,50.12,4.3767,0.6319
3554,stage2,1,0.13727466762065887,0.3722020387649536,0.0,0.13727466762065887,0.0001,1e-05,50.125,3.1141,0.6319
3555,stage2,1,0.15400047600269318,0.33959418535232544,0.0,0.15400047600269318,0.0001,1e-05,50.12,4.5135,1.6264
3556,stage2,1,0.14737239480018616,0.3444693982601166,0.0,0.14737239480018616,0.0001,1e-05,50.12,4.1423,0.6311
3557,stage2,1,0.13401582837104797,0.3643087148666382,0.0,0.13401582837104797,0.0001,1e-05,50.123,3.7724,0.6311
3558,stage2,1,0.13019338250160217,0.37342140078544617,0.0,0.13019338250160217,0.0001,1e-05,50.122,3.1671,3.0152
3559,stage2,1,0.18002858757972717,0.330770879983902,0.0,0.18002858757972717,0.0001,1e-05,50.12,6.0641,0.6307
3560,stage2,1,0.14741219580173492,0.32948097586631775,0.0,0.14741219580173492,0.0001,1e-05,50.12,4.2547,0.6309
3561,stage2,1,0.16530925035476685,0.35216110944747925,0.0,0.16530925035476685,0.0001,1e-05,50.12,4.0672,0.6312
3562,stage2,1,0.12387494742870331,0.3383050858974457,0.0,0.12387494742870331,0.0001,1e-05,50.119,2.9301,0.6312
3563,stage2,1,0.1393616944551468,0.3532373011112213,0.0,0.1393616944551468,0.0001,1e-05,50.123,4.2699,1.7035
3564,stage2,1,0.15292222797870636,0.34224751591682434,0.0,0.15292222797870636,0.0001,1e-05,50.122,6.1819,0.631
3565,stage2,1,0.1490418165922165,0.3499089479446411,0.0,0.1490418165922165,0.0001,1e-05,50.12,4.1376,0.6318
3566,stage2,1,0.13962550461292267,0.36684948205947876,0.0,0.13962550461292267,0.0001,1e-05,50.117,3.4256,3.1303
3567,stage2,1,0.13871906697750092,0.35504424571990967,0.0,0.13871906697750092,0.0001,1e-05,50.122,3.5614,0.6302
3568,stage2,1,0.15642118453979492,0.33921247720718384,0.0,0.15642118453979492,0.0001,1e-05,50.121,4.1838,0.6308
3569,stage2,1,0.15192027390003204,0.38143202662467957,0.0,0.15192027390003204,0.0001,1e-05,50.12,3.6924,0.6316
3570,stage2,1,0.14715568721294403,0.35313501954078674,0.0,0.14715568721294403,0.0001,1e-05,50.12,3.9889,0.6319
3571,stage2,1,0.1459684818983078,0.34769415855407715,0.0,0.1459684818983078,0.0001,1e-05,50.119,3.5981,1.6776
3572,stage2,1,0.1597040891647339,0.33715516328811646,0.0,0.1597040891647339,0.0001,1e-05,50.117,6.2631,0.6316
3573,stage2,1,0.1481103003025055,0.3646358251571655,0.0,0.1481103003025055,0.0001,1e-05,50.121,4.461,0.6318
3574,stage2,1,0.15752777457237244,0.32584089040756226,0.0,0.15752777457237244,0.0001,1e-05,50.118,3.5099,3.0361
3575,stage2,1,0.1297912448644638,0.323519229888916,0.0,0.1297912448644638,0.0001,1e-05,50.119,3.3537,0.63
3576,stage2,1,0.1373673677444458,0.34402579069137573,0.0,0.1373673677444458,0.0001,1e-05,50.12,2.9847,0.6301
3577,stage2,1,0.15358702838420868,0.322425901889801,0.0,0.15358702838420868,0.0001,1e-05,50.12,3.7783,0.6306
3578,stage2,1,0.14939424395561218,0.3407949209213257,0.0,0.14939424395561218,0.0001,1e-05,50.119,3.9495,0.6312
3579,stage2,1,0.13986925780773163,0.35127365589141846,0.0,0.13986925780773163,0.0001,1e-05,50.123,2.981,1.6786
3580,stage2,1,0.16379621624946594,0.34679079055786133,0.0,0.16379621624946594,0.0001,1e-05,50.118,3.6457,0.6306
3581,stage2,1,0.14415109157562256,0.35251137614250183,0.0,0.14415109157562256,0.0001,1e-05,50.123,3.4315,0.6317
3582,stage2,1,0.14292322099208832,0.34393689036369324,0.0,0.14292322099208832,0.0001,1e-05,50.121,3.3231,2.9695
3583,stage2,1,0.1863773912191391,0.3439042270183563,0.0,0.1863773912191391,0.0001,1e-05,50.12,4.7569,0.6301
3584,stage2,1,0.15784500539302826,0.36472904682159424,0.0,0.15784500539302826,0.0001,1e-05,50.12,4.8833,0.6306
3585,stage2,1,0.12304762750864029,0.333554744720459,0.0,0.12304762750864029,0.0001,1e-05,50.119,3.3519,0.6311
3586,stage2,1,0.14699040353298187,0.32145944237709045,0.0,0.14699040353298187,0.0001,1e-05,50.121,3.1255,0.6324
3587,stage2,1,0.1376209408044815,0.366154283285141,0.0,0.1376209408044815,0.0001,1e-05,50.121,3.4953,1.6351
3588,stage2,1,0.13691186904907227,0.33371156454086304,0.0,0.13691186904907227,0.0001,1e-05,50.119,3.0512,0.6314
3589,stage2,1,0.12491588294506073,0.3451230525970459,0.0,0.12491588294506073,0.0001,1e-05,50.12,3.0466,0.6316
3590,stage2,1,0.14607413113117218,0.3430386185646057,0.0,0.14607413113117218,0.0001,1e-05,50.12,5.121,3.1776
3591,stage2,1,0.14294950664043427,0.3454129099845886,0.0,0.14294950664043427,0.0001,1e-05,50.121,3.3242,0.6304
3592,stage2,1,0.1397455930709839,0.32404059171676636,0.0,0.1397455930709839,0.0001,1e-05,50.122,3.6154,0.6312
3593,stage2,1,0.15055954456329346,0.3333238661289215,0.0,0.15055954456329346,0.0001,1e-05,50.121,3.4435,0.6311
3594,stage2,1,0.13646964728832245,0.3236963450908661,0.0,0.13646964728832245,0.0001,1e-05,50.12,3.0214,0.6321
3595,stage2,1,0.13714289665222168,0.3407086431980133,0.0,0.13714289665222168,0.0001,1e-05,50.12,3.1766,1.5469
3596,stage2,1,0.1321893334388733,0.33982834219932556,0.0,0.1321893334388733,0.0001,1e-05,50.117,3.61,0.631
3597,stage2,1,0.13525213301181793,0.331153005361557,0.0,0.13525213301181793,0.0001,1e-05,50.119,3.9723,0.632
3598,stage2,1,0.1326380968093872,0.3396976590156555,0.0,0.1326380968093872,0.0001,1e-05,50.12,3.1982,3.4552
3599,stage2,1,0.1604650467634201,0.3313189744949341,0.0,0.1604650467634201,0.0001,1e-05,50.121,4.1736,0.635
3600,stage2,1,0.12099642306566238,0.33573368191719055,0.0,0.12099642306566238,0.0001,1e-05,50.123,3.0305,0.631
3601,stage2,1,0.12653733789920807,0.3362452983856201,0.0,0.12653733789920807,0.0001,1e-05,50.116,3.6119,0.6309
3602,stage2,1,0.13482409715652466,0.3281679153442383,0.0,0.13482409715652466,0.0001,1e-05,50.12,3.4096,0.6314
3603,stage2,1,0.12085116654634476,0.3519604802131653,0.0,0.12085116654634476,0.0001,1e-05,50.121,3.0519,1.5042
3604,stage2,1,0.13912294805049896,0.35990142822265625,0.0,0.13912294805049896,0.0001,1e-05,50.12,3.3206,0.6315
3605,stage2,1,0.12209899723529816,0.3220282793045044,0.0,0.12209899723529816,0.0001,1e-05,50.122,3.411,0.6314
3606,stage2,1,0.16391144692897797,0.3403271436691284,0.0,0.16391144692897797,0.0001,1e-05,50.12,5.233,3.3828
3607,stage2,1,0.13181093335151672,0.331633985042572,0.0,0.13181093335151672,0.0001,1e-05,50.117,3.2308,0.6293
3608,stage2,1,0.14809173345565796,0.3628520965576172,0.0,0.14809173345565796,0.0001,1e-05,50.123,3.0942,0.6309
3609,stage2,1,0.1331493854522705,0.34556546807289124,0.0,0.1331493854522705,0.0001,1e-05,50.12,3.6556,0.6315
3610,stage2,1,0.1732739955186844,0.356179416179657,0.0,0.1732739955186844,0.0001,1e-05,50.119,4.8005,0.6312
3611,stage2,1,0.17313581705093384,0.3612745702266693,0.0,0.17313581705093384,0.0001,1e-05,50.122,3.9981,1.2836
3612,stage2,1,0.15312322974205017,0.3624899983406067,0.0,0.15312322974205017,0.0001,1e-05,50.124,3.1785,0.6318
3613,stage2,1,0.14436040818691254,0.3412192165851593,0.0,0.14436040818691254,0.0001,1e-05,50.118,3.8175,0.6316
3614,stage2,1,0.13504812121391296,0.313077449798584,0.0,0.13504812121391296,0.0001,1e-05,50.12,3.2422,3.4765
3615,stage2,1,0.14674147963523865,0.34674710035324097,0.0,0.14674147963523865,0.0001,1e-05,50.121,3.9834,0.6299
3616,stage2,1,0.13387587666511536,0.345323771238327,0.0,0.13387587666511536,0.0001,1e-05,50.121,3.8691,0.6304
3617,stage2,1,0.1411396563053131,0.30794668197631836,0.0,0.1411396563053131,0.0001,1e-05,50.117,3.9191,0.6299
3618,stage2,1,0.13562162220478058,0.3487793505191803,0.0,0.13562162220478058,0.0001,1e-05,50.119,3.2123,0.6304
3619,stage2,1,0.13453781604766846,0.3477994203567505,0.0,0.13453781604766846,0.0001,1e-05,50.121,2.6538,1.2505
3620,stage2,1,0.13588064908981323,0.31522318720817566,0.0,0.13588064908981323,0.0001,1e-05,50.119,2.9433,0.6306
3621,stage2,1,0.14770686626434326,0.3522574305534363,0.0,0.14770686626434326,0.0001,1e-05,50.118,3.7568,0.6314
3622,stage2,1,0.15008129179477692,0.3357574939727783,0.0,0.15008129179477692,0.0001,1e-05,50.121,4.3824,3.523
3623,stage2,1,0.1367550492286682,0.34305280447006226,0.0,0.1367550492286682,0.0001,1e-05,50.118,3.2781,0.6302
3624,stage2,1,0.14532898366451263,0.3632161319255829,0.0,0.14532898366451263,0.0001,1e-05,50.122,3.8046,0.6308
3625,stage2,1,0.1330215185880661,0.34557703137397766,0.0,0.1330215185880661,0.0001,1e-05,50.117,2.8453,0.6316
3626,stage2,1,0.14547894895076752,0.31329110264778137,0.0,0.14547894895076752,0.0001,1e-05,50.121,3.3609,0.6316
3627,stage2,1,0.14963717758655548,0.3440643846988678,0.0,0.14963717758655548,0.0001,1e-05,50.119,3.5002,1.1192
3628,stage2,1,0.1583682894706726,0.3216648995876312,0.0,0.1583682894706726,0.0001,1e-05,50.119,3.7655,0.6321
3629,stage2,1,0.12811267375946045,0.32561540603637695,0.0,0.12811267375946045,0.0001,1e-05,50.121,3.2499,0.6326
3630,stage2,1,0.15239021182060242,0.35120120644569397,0.0,0.15239021182060242,0.0001,1e-05,50.12,3.1664,3.6318
3631,stage2,1,0.14740903675556183,0.31337371468544006,0.0,0.14740903675556183,0.0001,1e-05,50.119,4.2253,0.6314
3632,stage2,1,0.1565776765346527,0.3533765971660614,0.0,0.1565776765346527,0.0001,1e-05,50.121,4.1525,0.63
3633,stage2,1,0.13573698699474335,0.3173814117908478,0.0,0.13573698699474335,0.0001,1e-05,50.118,3.3068,0.6309
3634,stage2,1,0.13555774092674255,0.33272379636764526,0.0,0.13555774092674255,0.0001,1e-05,50.124,3.3221,0.6311
3635,stage2,1,0.13789311051368713,0.3501421809196472,0.0,0.13789311051368713,0.0001,1e-05,50.122,3.3597,1.1165
3636,stage2,1,0.15173226594924927,0.3475996255874634,0.0,0.15173226594924927,0.0001,1e-05,50.12,3.5413,0.6312
3637,stage2,1,0.1518694907426834,0.35077738761901855,0.0,0.1518694907426834,0.0001,1e-05,50.119,3.4092,0.6324
3638,stage2,1,0.13705728948116302,0.33963996171951294,0.0,0.13705728948116302,0.0001,1e-05,50.122,4.1483,3.7276
3639,stage2,1,0.14563487470149994,0.34890782833099365,0.0,0.14563487470149994,0.0001,1e-05,50.121,3.9175,0.6322
3640,stage2,1,0.16091276705265045,0.330658495426178,0.0,0.16091276705265045,0.0001,1e-05,50.118,4.4248,0.6282
3641,stage2,1,0.14186066389083862,0.32248654961586,0.0,0.14186066389083862,0.0001,1e-05,50.118,3.0193,0.6307
3642,stage2,1,0.12085294723510742,0.3582497835159302,0.0,0.12085294723510742,0.0001,1e-05,50.12,4.2734,0.6311
3643,stage2,1,0.18205833435058594,0.3591024875640869,0.0,0.18205833435058594,0.0001,1e-05,50.121,5.2581,1.0413
3644,stage2,1,0.14331606030464172,0.3316698670387268,0.0,0.14331606030464172,0.0001,1e-05,50.12,3.1848,0.6313
3645,stage2,1,0.10770067572593689,0.33369362354278564,0.0,0.10770067572593689,0.0001,1e-05,50.121,3.5086,0.6321
3646,stage2,1,0.1282353401184082,0.31150808930397034,0.0,0.1282353401184082,0.0001,1e-05,50.12,2.8254,3.7542
3647,stage2,1,0.14424484968185425,0.361675500869751,0.0,0.14424484968185425,0.0001,1e-05,50.121,3.7387,0.6289
3648,stage2,1,0.14969085156917572,0.3290325999259949,0.0,0.14969085156917572,0.0001,1e-05,50.118,3.7907,0.6303
3649,stage2,1,0.12470996379852295,0.3373152017593384,0.0,0.12470996379852295,0.0001,1e-05,50.121,2.9891,0.6306
3650,stage2,1,0.1513354778289795,0.3361191153526306,0.0,0.1513354778289795,0.0001,1e-05,50.117,3.6627,0.6315
3651,stage2,1,0.13525375723838806,0.3427172899246216,0.0,0.13525375723838806,0.0001,1e-05,50.123,3.376,0.9546
3652,stage2,1,0.1292552947998047,0.3461593687534332,0.0,0.1292552947998047,0.0001,1e-05,50.121,3.1803,0.6318
3653,stage2,1,0.1602833867073059,0.3697965443134308,0.0,0.1602833867073059,0.0001,1e-05,50.118,3.5149,0.6314
3654,stage2,1,0.13835188746452332,0.3243074119091034,0.0,0.13835188746452332,0.0001,1e-05,50.119,3.1947,3.7055
3655,stage2,1,0.13880832493305206,0.30178800225257874,0.0,0.13880832493305206,0.0001,1e-05,50.121,3.5989,0.632
3656,stage2,1,0.15377674996852875,0.3580314815044403,0.0,0.15377674996852875,0.0001,1e-05,50.122,4.0993,0.628
3657,stage2,1,0.13835343718528748,0.34642907977104187,0.0,0.13835343718528748,0.0001,1e-05,50.121,3.5449,0.6304
3658,stage2,1,0.15851683914661407,0.34538257122039795,0.0,0.15851683914661407,0.0001,1e-05,50.117,4.3475,0.6307
3659,stage2,1,0.1380462646484375,0.33421072363853455,0.0,0.1380462646484375,0.0001,1e-05,50.119,3.7054,0.9399
3660,stage2,1,0.1463731825351715,0.3378201723098755,0.0,0.1463731825351715,0.0001,1e-05,50.121,3.7129,0.6315
3661,stage2,1,0.12989948689937592,0.3443504571914673,0.0,0.12989948689937592,0.0001,1e-05,50.118,3.3327,0.6319
3662,stage2,1,0.13384981453418732,0.31823015213012695,0.0,0.13384981453418732,0.0001,1e-05,50.119,3.1675,3.8826
3663,stage2,1,0.14973804354667664,0.3448626399040222,0.0,0.14973804354667664,0.0001,1e-05,50.12,3.7805,0.6292
3664,stage2,1,0.13453228771686554,0.3695172667503357,0.0,0.13453228771686554,0.0001,1e-05,50.119,3.4376,0.6301
3665,stage2,1,0.14054353535175323,0.3609844148159027,0.0,0.14054353535175323,0.0001,1e-05,50.12,3.9866,0.6309
3666,stage2,1,0.13448907434940338,0.36556902527809143,0.0,0.13448907434940338,0.0001,1e-05,50.124,3.7154,0.6312
3667,stage2,1,0.13930152356624603,0.34610700607299805,0.0,0.13930152356624603,0.0001,1e-05,50.12,3.4516,0.874
3668,stage2,1,0.12511785328388214,0.3081586956977844,0.0,0.12511785328388214,0.0001,1e-05,50.123,3.8155,0.6317
3669,stage2,1,0.13674214482307434,0.348846435546875,0.0,0.13674214482307434,0.0001,1e-05,50.119,3.4867,0.6326
3670,stage2,1,0.13418665528297424,0.34895601868629456,0.0,0.13418665528297424,0.0001,1e-05,50.123,3.3933,3.9068
3671,stage2,1,0.16646970808506012,0.34228089451789856,0.0,0.16646970808506012,0.0001,1e-05,50.12,5.6001,0.6294
3672,stage2,1,0.13330110907554626,0.32946154475212097,0.0,0.13330110907554626,0.0001,1e-05,50.121,3.2561,0.6304
3673,stage2,1,0.1300509124994278,0.3077574372291565,0.0,0.1300509124994278,0.0001,1e-05,50.118,3.1775,0.6306
3674,stage2,1,0.14975006878376007,0.3509684205055237,0.0,0.14975006878376007,0.0001,1e-05,50.12,4.0678,0.6312
3675,stage2,1,0.13964100182056427,0.34995657205581665,0.0,0.13964100182056427,0.0001,1e-05,50.119,3.054,0.7872
3676,stage2,1,0.1365683227777481,0.34397849440574646,0.0,0.1365683227777481,0.0001,1e-05,50.121,3.4162,0.6323
3677,stage2,1,0.1279638111591339,0.3299901783466339,0.0,0.1279638111591339,0.0001,1e-05,50.121,3.748,0.6321
3678,stage2,1,0.1524789035320282,0.33491671085357666,0.0,0.1524789035320282,0.0001,1e-05,50.123,4.3368,4.0423
3679,stage2,1,0.15802787244319916,0.3608400523662567,0.0,0.15802787244319916,0.0001,1e-05,50.12,3.9277,0.6293
3680,stage2,1,0.1223854273557663,0.36383330821990967,0.0,0.1223854273557663,0.0001,1e-05,50.118,3.3781,0.6301
3681,stage2,1,0.15549474954605103,0.35146716237068176,0.0,0.15549474954605103,0.0001,1e-05,50.123,3.4414,0.6303
3682,stage2,1,0.14875638484954834,0.3317334055900574,0.0,0.14875638484954834,0.0001,1e-05,50.12,3.7261,0.6313
3683,stage2,1,0.12960466742515564,0.3134521543979645,0.0,0.12960466742515564,0.0001,1e-05,50.119,3.2582,0.6307
3684,stage2,1,0.16444317996501923,0.329165518283844,0.0,0.16444317996501923,0.0001,1e-05,50.12,4.381,0.6314
3685,stage2,1,0.1273997277021408,0.3190772831439972,0.0,0.1273997277021408,0.0001,1e-05,50.12,3.1719,0.632
3686,stage2,1,0.1442662477493286,0.3274744153022766,0.0,0.1442662477493286,0.0001,1e-05,50.118,3.6723,4.1612
3687,stage2,1,0.1407557874917984,0.350982666015625,0.0,0.1407557874917984,0.0001,1e-05,50.12,3.8261,0.6294
3688,stage2,1,0.14009727537631989,0.3351399004459381,0.0,0.14009727537631989,0.0001,1e-05,50.117,3.7955,0.6304
3689,stage2,1,0.14429791271686554,0.33258482813835144,0.0,0.14429791271686554,0.0001,1e-05,50.117,3.4109,0.6308
3690,stage2,1,0.10851389914751053,0.33874091506004333,0.0,0.10851389914751053,0.0001,1e-05,50.12,3.8793,0.6313
3691,stage2,1,0.1444385051727295,0.3226300776004791,0.0,0.1444385051727295,0.0001,1e-05,50.119,3.6199,0.6316
3692,stage2,1,0.1342700719833374,0.32594865560531616,0.0,0.1342700719833374,0.0001,1e-05,50.117,3.5271,0.6322
3693,stage2,1,0.15179124474525452,0.34715476632118225,0.0,0.15179124474525452,0.0001,1e-05,50.118,4.2192,0.6321
3694,stage2,1,0.13521133363246918,0.33247309923171997,0.0,0.13521133363246918,0.0001,1e-05,50.121,3.3362,4.1955
3695,stage2,1,0.1370999813079834,0.32583245635032654,0.0,0.1370999813079834,0.0001,1e-05,50.119,3.7577,0.6297
3696,stage2,1,0.13669264316558838,0.3506413996219635,0.0,0.13669264316558838,0.0001,1e-05,50.118,3.4944,0.6312
3697,stage2,1,0.1621454656124115,0.3660511374473572,0.0,0.1621454656124115,0.0001,1e-05,50.123,4.5474,0.631
3698,stage2,1,0.15274809300899506,0.33618444204330444,0.0,0.15274809300899506,0.0001,1e-05,50.12,4.0659,0.6324
3699,stage2,1,0.14105547964572906,0.3224984407424927,0.0,0.14105547964572906,0.0001,1e-05,50.12,4.0471,0.6387
3700,stage2,1,0.1234937384724617,0.311523973941803,0.0,0.1234937384724617,0.0001,1e-05,50.116,3.1896,0.6318
3701,stage2,1,0.13765238225460052,0.3363543450832367,0.0,0.13765238225460052,0.0001,1e-05,50.118,4.5692,0.6329
3702,stage2,1,0.15423761308193207,0.31913259625434875,0.0,0.15423761308193207,0.0001,1e-05,50.117,3.7219,4.2205
3703,stage2,1,0.150198832154274,0.297473281621933,0.0,0.150198832154274,0.0001,1e-05,50.118,4.2111,0.6299
3704,stage2,1,0.16061432659626007,0.32359084486961365,0.0,0.16061432659626007,0.0001,1e-05,50.118,3.6733,0.6299
3705,stage2,1,0.12877540290355682,0.3063715994358063,0.0,0.12877540290355682,0.0001,1e-05,50.117,2.7343,0.6303
3706,stage2,1,0.12798938155174255,0.33247095346450806,0.0,0.12798938155174255,0.0001,1e-05,50.119,3.3951,0.6319
3707,stage2,1,0.138746976852417,0.3765452802181244,0.0,0.138746976852417,0.0001,1e-05,50.12,3.5503,0.6316
3708,stage2,1,0.1391814947128296,0.35642462968826294,0.0,0.1391814947128296,0.0001,1e-05,50.119,3.424,0.632
3709,stage2,1,0.1369958221912384,0.36124277114868164,0.0,0.1369958221912384,0.0001,1e-05,50.12,4.0234,0.6326
3710,stage2,1,0.13985691964626312,0.3479168713092804,0.0,0.13985691964626312,0.0001,1e-05,50.116,4.342,4.3849
3711,stage2,1,0.14283762872219086,0.32143932580947876,0.0,0.14283762872219086,0.0001,1e-05,50.118,3.7723,0.6314
3712,stage2,1,0.14184889197349548,0.3018205165863037,0.0,0.14184889197349548,0.0001,1e-05,50.118,3.7784,0.6605
3713,stage2,1,0.14351727068424225,0.3247024416923523,0.0,0.14351727068424225,0.0001,1e-05,50.117,3.8479,0.6548
3714,stage2,1,0.14495961368083954,0.3232479393482208,0.0,0.14495961368083954,0.0001,1e-05,50.121,4.1966,0.7105
3715,stage2,1,0.14381566643714905,0.33757922053337097,0.0,0.14381566643714905,0.0001,1e-05,50.118,4.32,0.8043
3716,stage2,1,0.15127260982990265,0.31628039479255676,0.0,0.15127260982990265,0.0001,1e-05,50.119,4.1969,0.6323
3717,stage2,1,0.13370302319526672,0.32974082231521606,0.0,0.13370302319526672,0.0001,1e-05,50.118,3.0428,0.6316
3718,stage2,1,0.15762071311473846,0.3404909670352936,0.0,0.15762071311473846,0.0001,1e-05,50.121,4.2666,3.9849
3719,stage2,1,0.14834731817245483,0.3316563069820404,0.0,0.14834731817245483,0.0001,1e-05,50.119,3.9485,0.6294
3720,stage2,1,0.13556908071041107,0.35344481468200684,0.0,0.13556908071041107,0.0001,1e-05,50.12,3.6827,0.6304
3721,stage2,1,0.1361345797777176,0.3322761058807373,0.0,0.1361345797777176,0.0001,1e-05,50.118,3.4899,0.6314
3722,stage2,1,0.1355396956205368,0.3157903552055359,0.0,0.1355396956205368,0.0001,1e-05,50.12,3.4459,0.6312
3723,stage2,1,0.14655983448028564,0.3509649932384491,0.0,0.14655983448028564,0.0001,1e-05,50.12,3.4321,0.6317
3724,stage2,1,0.1608172059059143,0.33411040902137756,0.0,0.1608172059059143,0.0001,1e-05,50.117,3.8686,0.6318
3725,stage2,1,0.1481773555278778,0.3540645241737366,0.0,0.1481773555278778,0.0001,1e-05,50.12,4.0076,0.6322
3726,stage2,1,0.15351827442646027,0.3192371428012848,0.0,0.15351827442646027,0.0001,1e-05,50.115,4.029,4.0874
3727,stage2,1,0.16492362320423126,0.36907249689102173,0.0,0.16492362320423126,0.0001,1e-05,50.12,3.7405,0.629
3728,stage2,1,0.126999631524086,0.3313103914260864,0.0,0.126999631524086,0.0001,1e-05,50.115,3.2612,0.6298
3729,stage2,1,0.15071530640125275,0.34105193614959717,0.0,0.15071530640125275,0.0001,1e-05,50.116,3.674,0.63
3730,stage2,1,0.13600774109363556,0.3325706720352173,0.0,0.13600774109363556,0.0001,1e-05,50.117,4.3409,0.6309
3731,stage2,1,0.15398065745830536,0.3243277370929718,0.0,0.15398065745830536,0.0001,1e-05,50.118,3.4067,0.6315
3732,stage2,1,0.14342927932739258,0.3156723082065582,0.0,0.14342927932739258,0.0001,1e-05,50.118,4.531,0.6316
3733,stage2,1,0.14838597178459167,0.33001866936683655,0.0,0.14838597178459167,0.0001,1e-05,50.118,3.9283,0.6329
3734,stage2,1,0.10906439274549484,0.3114945590496063,0.0,0.10906439274549484,0.0001,1e-05,50.122,3.2106,4.1272
3735,stage2,1,0.1296645551919937,0.3396235406398773,0.0,0.1296645551919937,0.0001,1e-05,50.119,3.5511,0.6302
3736,stage2,1,0.1444862335920334,0.3257084786891937,0.0,0.1444862335920334,0.0001,1e-05,50.119,4.3155,0.6301
3737,stage2,1,0.1540277898311615,0.3152889013290405,0.0,0.1540277898311615,0.0001,1e-05,50.119,3.3988,0.6304
3738,stage2,1,0.16125677525997162,0.32448655366897583,0.0,0.16125677525997162,0.0001,1e-05,50.118,3.9141,0.631
3739,stage2,1,0.14968711137771606,0.3328375518321991,0.0,0.14968711137771606,0.0001,1e-05,50.12,3.3192,0.6313
3740,stage2,1,0.14780712127685547,0.3417423963546753,0.0,0.14780712127685547,0.0001,1e-05,50.12,3.3902,0.6321
3741,stage2,1,0.14216649532318115,0.33478420972824097,0.0,0.14216649532318115,0.0001,1e-05,50.117,3.8326,0.6325
3742,stage2,1,0.1437128633260727,0.32399216294288635,0.0,0.1437128633260727,0.0001,1e-05,50.117,4.6683,4.0594
3743,stage2,1,0.1276025027036667,0.3146597743034363,0.0,0.1276025027036667,0.0001,1e-05,50.117,3.0463,0.6299
3744,stage2,1,0.14407125115394592,0.35097137093544006,0.0,0.14407125115394592,0.0001,1e-05,50.118,3.3191,0.6302
3745,stage2,1,0.14808547496795654,0.3687344193458557,0.0,0.14808547496795654,0.0001,1e-05,50.117,3.8054,0.6306
3746,stage2,1,0.13746480643749237,0.37950506806373596,0.0,0.13746480643749237,0.0001,1e-05,50.117,4.0312,0.632
3747,stage2,1,0.1287909746170044,0.3067021369934082,0.0,0.1287909746170044,0.0001,1e-05,50.118,3.7342,0.6323
3748,stage2,1,0.14438049495220184,0.31290555000305176,0.0,0.14438049495220184,0.0001,1e-05,50.118,4.0639,0.6329
3749,stage2,1,0.1203363835811615,0.33854538202285767,0.0,0.1203363835811615,0.0001,1e-05,50.115,3.2934,0.6328
3750,stage2,1,0.16421093046665192,0.3453478515148163,0.0,0.16421093046665192,0.0001,1e-05,50.118,4.3021,4.1581
3751,stage2,1,0.1283593326807022,0.35291600227355957,0.0,0.1283593326807022,0.0001,1e-05,50.119,3.8388,0.6303
3752,stage2,1,0.1432347148656845,0.3369184136390686,0.0,0.1432347148656845,0.0001,1e-05,50.118,4.2606,0.6308
3753,stage2,1,0.14658333361148834,0.3550250232219696,0.0,0.14658333361148834,0.0001,1e-05,50.118,4.5992,0.6315
3754,stage2,1,0.14736324548721313,0.34761011600494385,0.0,0.14736324548721313,0.0001,1e-05,50.116,4.0795,0.6323
3755,stage2,1,0.12644989788532257,0.3274999260902405,0.0,0.12644989788532257,0.0001,1e-05,50.118,3.3759,0.6315
3756,stage2,1,0.13898469507694244,0.32701560854911804,0.0,0.13898469507694244,0.0001,1e-05,50.118,3.7236,0.6326
3757,stage2,1,0.13535478711128235,0.3486067056655884,0.0,0.13535478711128235,0.0001,1e-05,50.118,3.3434,0.645
3758,stage2,1,0.165130615234375,0.3375210464000702,0.0,0.165130615234375,0.0001,1e-05,50.12,3.495,4.3318
3759,stage2,1,0.16320963203907013,0.36045002937316895,0.0,0.16320963203907013,0.0001,1e-05,50.117,3.9733,0.6303
3760,stage2,1,0.14277073740959167,0.3291632831096649,0.0,0.14277073740959167,0.0001,1e-05,50.12,3.7019,0.6307
3761,stage2,1,0.1548491269350052,0.33986201882362366,0.0,0.1548491269350052,0.0001,1e-05,50.116,4.1037,0.6337
3762,stage2,1,0.1308598667383194,0.32846537232398987,0.0,0.1308598667383194,0.0001,1e-05,50.119,3.3424,0.6312
3763,stage2,1,0.11970244348049164,0.3570483922958374,0.0,0.11970244348049164,0.0001,1e-05,50.119,3.0091,0.6322
3764,stage2,1,0.15570716559886932,0.33826765418052673,0.0,0.15570716559886932,0.0001,1e-05,50.12,3.5611,0.6323
3765,stage2,1,0.11777947843074799,0.3616740107536316,0.0,0.11777947843074799,0.0001,1e-05,50.117,3.2265,0.6319
3766,stage2,1,0.15498274564743042,0.36538630723953247,0.0,0.15498274564743042,0.0001,1e-05,50.12,4.165,4.2676
3767,stage2,1,0.1468406468629837,0.3223522901535034,0.0,0.1468406468629837,0.0001,1e-05,50.121,3.9918,0.637
3768,stage2,1,0.14390148222446442,0.3454153835773468,0.0,0.14390148222446442,0.0001,1e-05,50.12,3.6024,0.6546
3769,stage2,1,0.14107416570186615,0.33802634477615356,0.0,0.14107416570186615,0.0001,1e-05,50.119,3.2596,0.6359
3770,stage2,1,0.15650099515914917,0.32928088307380676,0.0,0.15650099515914917,0.0001,1e-05,50.118,3.5305,0.6967
3771,stage2,1,0.12310901284217834,0.32612377405166626,0.0,0.12310901284217834,0.0001,1e-05,50.119,3.5006,0.7079
3772,stage2,1,0.1450648009777069,0.33988529443740845,0.0,0.1450648009777069,0.0001,1e-05,50.119,3.0967,0.6408
3773,stage2,1,0.12946656346321106,0.3042595386505127,0.0,0.12946656346321106,0.0001,1e-05,50.12,3.5872,0.6566
3774,stage2,1,0.17723333835601807,0.404450386762619,0.0,0.17723333835601807,0.0001,1e-05,50.117,4.848,4.2183
3775,stage2,1,0.1560843139886856,0.37299859523773193,0.0,0.1560843139886856,0.0001,1e-05,50.119,3.4856,0.6409
3776,stage2,1,0.13390913605690002,0.3606470227241516,0.0,0.13390913605690002,0.0001,1e-05,50.119,3.5631,0.692
3777,stage2,1,0.13793905079364777,0.3530251979827881,0.0,0.13793905079364777,0.0001,1e-05,50.119,3.6369,0.7064
3778,stage2,1,0.14254821836948395,0.3403818905353546,0.0,0.14254821836948395,0.0001,1e-05,50.119,4.3391,0.6435
3779,stage2,1,0.14180827140808105,0.34568288922309875,0.0,0.14180827140808105,0.0001,1e-05,50.119,4.1272,0.6584
3780,stage2,1,0.13717344403266907,0.305541455745697,0.0,0.13717344403266907,0.0001,1e-05,50.118,4.2424,0.6703
3781,stage2,1,0.1356348842382431,0.3401290476322174,0.0,0.1356348842382431,0.0001,1e-05,50.118,3.2944,0.709
3782,stage2,1,0.12742626667022705,0.32020413875579834,0.0,0.12742626667022705,0.0001,1e-05,50.118,3.9375,4.1572
3783,stage2,1,0.13946573436260223,0.3253301680088043,0.0,0.13946573436260223,0.0001,1e-05,50.116,3.2199,0.7042
3784,stage2,1,0.13335606455802917,0.34254515171051025,0.0,0.13335606455802917,0.0001,1e-05,50.116,3.0217,0.7068
3785,stage2,1,0.14851196110248566,0.3246361017227173,0.0,0.14851196110248566,0.0001,1e-05,50.12,3.8886,0.6355
3786,stage2,1,0.14259003102779388,0.34318485856056213,0.0,0.14259003102779388,0.0001,1e-05,50.117,3.8854,0.6551
3787,stage2,1,0.14827707409858704,0.3260507881641388,0.0,0.14827707409858704,0.0001,1e-05,50.119,4.0429,0.683
3788,stage2,1,0.14656919240951538,0.34906288981437683,0.0,0.14656919240951538,0.0001,1e-05,50.12,3.6655,0.7097
3789,stage2,1,0.12180022150278091,0.31170567870140076,0.0,0.12180022150278091,0.0001,1e-05,50.118,2.975,0.7092
3790,stage2,1,0.15020592510700226,0.3357115387916565,0.0,0.15020592510700226,0.0001,1e-05,50.117,4.6756,4.0369
3791,stage2,1,0.1406850516796112,0.34827014803886414,0.0,0.1406850516796112,0.0001,1e-05,50.12,3.5151,0.7058
3792,stage2,1,0.15429805219173431,0.33286553621292114,0.0,0.15429805219173431,0.0001,1e-05,50.117,3.8717,0.7095
3793,stage2,1,0.1302127093076706,0.35174816846847534,0.0,0.1302127093076706,0.0001,1e-05,50.117,3.8411,0.6583
3794,stage2,1,0.13039034605026245,0.34979698061943054,0.0,0.13039034605026245,0.0001,1e-05,50.116,2.9308,0.73
3795,stage2,1,0.12489239871501923,0.32421743869781494,0.0,0.12489239871501923,0.0001,1e-05,50.117,3.3797,0.9836
3796,stage2,1,0.1598479002714157,0.36930593848228455,0.0,0.1598479002714157,0.0001,1e-05,50.115,3.748,0.9949
3797,stage2,1,0.1261940747499466,0.3622001111507416,0.0,0.1261940747499466,0.0001,1e-05,50.118,3.4226,0.9815
3798,stage2,1,0.14554227888584137,0.317423015832901,0.0,0.14554227888584137,0.0001,1e-05,50.119,3.773,3.2678
3799,stage2,1,0.1445574015378952,0.36160990595817566,0.0,0.1445574015378952,0.0001,1e-05,50.12,4.4321,0.9919
3800,stage2,1,0.12936624884605408,0.32354238629341125,0.0,0.12936624884605408,0.0001,1e-05,50.118,3.2025,0.9906
3801,stage2,1,0.12172725051641464,0.3457399606704712,0.0,0.12172725051641464,0.0001,1e-05,50.118,3.3303,0.9967
3802,stage2,1,0.1395341157913208,0.31774675846099854,0.0,0.1395341157913208,0.0001,1e-05,50.117,3.9024,0.987
3803,stage2,1,0.13074131309986115,0.32732492685317993,0.0,0.13074131309986115,0.0001,1e-05,50.119,3.6509,0.9954
3804,stage2,1,0.1373530477285385,0.3457854986190796,0.0,0.1373530477285385,0.0001,1e-05,50.119,3.3259,0.9911
3805,stage2,1,0.13286042213439941,0.3379899561405182,0.0,0.13286042213439941,0.0001,1e-05,50.119,3.6602,0.9988
3806,stage2,1,0.1552923619747162,0.3348265290260315,0.0,0.1552923619747162,0.0001,1e-05,50.118,4.8223,1.7952
3807,stage2,1,0.14102943241596222,0.3323785662651062,0.0,0.14102943241596222,0.0001,1e-05,50.119,4.2539,0.9944
3808,stage2,1,0.12651261687278748,0.33743816614151,0.0,0.12651261687278748,0.0001,1e-05,50.121,3.0034,0.994
3809,stage2,1,0.11066152155399323,0.31959494948387146,0.0,0.11066152155399323,0.0001,1e-05,50.117,2.7792,0.9994
3810,stage2,1,0.13614913821220398,0.35678038001060486,0.0,0.13614913821220398,0.0001,1e-05,50.118,3.8208,0.9926
3811,stage2,1,0.15492288768291473,0.3179982602596283,0.0,0.15492288768291473,0.0001,1e-05,50.117,4.0702,0.9997
3812,stage2,1,0.1359705924987793,0.3429521918296814,0.0,0.1359705924987793,0.0001,1e-05,50.119,4.6132,0.993
3813,stage2,1,0.12558768689632416,0.3257923722267151,0.0,0.12558768689632416,0.0001,1e-05,50.116,3.7774,0.9941
3814,stage2,1,0.13991792500019073,0.32920247316360474,0.0,0.13991792500019073,0.0001,1e-05,50.119,3.2781,1.7729
3815,stage2,1,0.13700436055660248,0.34064826369285583,0.0,0.13700436055660248,0.0001,1e-05,50.119,4.4132,0.9982
3816,stage2,1,0.12633028626441956,0.3520413637161255,0.0,0.12633028626441956,0.0001,1e-05,50.117,3.6972,1.0
3817,stage2,1,0.13217802345752716,0.3429647982120514,0.0,0.13217802345752716,0.0001,1e-05,50.117,3.4711,0.9967
3818,stage2,1,0.13935372233390808,0.2995237410068512,0.0,0.13935372233390808,0.0001,1e-05,50.116,3.4199,1.0006
3819,stage2,1,0.13680815696716309,0.35538968443870544,0.0,0.13680815696716309,0.0001,1e-05,50.12,3.4454,0.9997
3820,stage2,1,0.13214915990829468,0.31730252504348755,0.0,0.13214915990829468,0.0001,1e-05,50.118,3.0409,0.9982
3821,stage2,1,0.1435854136943817,0.33111461997032166,0.0,0.1435854136943817,0.0001,1e-05,50.119,3.9167,0.998
3822,stage2,1,0.12267676740884781,0.3279447853565216,0.0,0.12267676740884781,0.0001,1e-05,50.118,3.3052,1.7195
3823,stage2,1,0.13264113664627075,0.3358674645423889,0.0,0.13264113664627075,0.0001,1e-05,50.118,3.4057,1.0326
3824,stage2,1,0.14137952029705048,0.3677963316440582,0.0,0.14137952029705048,0.0001,1e-05,50.118,3.9242,0.9984
3825,stage2,1,0.14002080261707306,0.3240598142147064,0.0,0.14002080261707306,0.0001,1e-05,50.12,3.8996,1.0049
3826,stage2,1,0.16360899806022644,0.3548372685909271,0.0,0.16360899806022644,0.0001,1e-05,50.12,4.004,1.0051
3827,stage2,1,0.15784887969493866,0.33216238021850586,0.0,0.15784887969493866,0.0001,1e-05,50.12,4.1677,0.9991
3828,stage2,1,0.13505911827087402,0.3397742807865143,0.0,0.13505911827087402,0.0001,1e-05,50.117,4.4837,1.0023
3829,stage2,1,0.1521778255701065,0.35365477204322815,0.0,0.1521778255701065,0.0001,1e-05,50.117,3.902,1.0045
3830,stage2,1,0.14326433837413788,0.3427850008010864,0.0,0.14326433837413788,0.0001,1e-05,50.117,4.3369,1.7828
3831,stage2,1,0.1386440545320511,0.31705960631370544,0.0,0.1386440545320511,0.0001,1e-05,50.119,3.8046,1.025
3832,stage2,1,0.14141516387462616,0.32624030113220215,0.0,0.14141516387462616,0.0001,1e-05,50.116,3.0753,1.0111
3833,stage2,1,0.1253884881734848,0.35422542691230774,0.0,0.1253884881734848,0.0001,1e-05,50.12,3.8742,1.0019
3834,stage2,1,0.12232746928930283,0.33142703771591187,0.0,0.12232746928930283,0.0001,1e-05,50.121,3.0901,1.0
3835,stage2,1,0.13361895084381104,0.32655614614486694,0.0,0.13361895084381104,0.0001,1e-05,50.118,3.2553,0.9999
3836,stage2,1,0.13881458342075348,0.3406607210636139,0.0,0.13881458342075348,0.0001,1e-05,50.119,4.2498,0.9986
3837,stage2,1,0.143554225564003,0.3402503728866577,0.0,0.143554225564003,0.0001,1e-05,50.12,3.9525,1.0009
3838,stage2,1,0.12639741599559784,0.3377978503704071,0.0,0.12639741599559784,0.0001,1e-05,50.12,3.569,1.7777
3839,stage2,1,0.1475660353899002,0.31294313073158264,0.0,0.1475660353899002,0.0001,1e-05,50.12,3.4548,1.0076
3840,stage2,1,0.14562328159809113,0.34840813279151917,0.0,0.14562328159809113,0.0001,1e-05,50.119,3.3001,1.0012
3841,stage2,1,0.12470464408397675,0.3566936254501343,0.0,0.12470464408397675,0.0001,1e-05,50.119,3.0416,1.0009
3842,stage2,1,0.16931559145450592,0.32552269101142883,0.0,0.16931559145450592,0.0001,1e-05,50.12,4.5016,1.007
3843,stage2,1,0.1300639659166336,0.36681926250457764,0.0,0.1300639659166336,0.0001,1e-05,50.119,4.0467,1.0246
3844,stage2,1,0.12656354904174805,0.32566648721694946,0.0,0.12656354904174805,0.0001,1e-05,50.12,3.3197,1.0112
3845,stage2,1,0.12968401610851288,0.3313857316970825,0.0,0.12968401610851288,0.0001,1e-05,50.116,3.1961,1.0235
3846,stage2,1,0.13845571875572205,0.34951722621917725,0.0,0.13845571875572205,0.0001,1e-05,50.119,3.7653,1.5268
3847,stage2,1,0.13115470111370087,0.3451901376247406,0.0,0.13115470111370087,0.0001,1e-05,50.12,3.1675,1.033
3848,stage2,1,0.13663193583488464,0.3409010171890259,0.0,0.13663193583488464,0.0001,1e-05,50.121,3.3134,1.0217
3849,stage2,1,0.13150328397750854,0.35331249237060547,0.0,0.13150328397750854,0.0001,1e-05,50.12,3.4759,1.0332
3850,stage2,1,0.14965713024139404,0.3427352011203766,0.0,0.14965713024139404,0.0001,1e-05,50.118,3.4887,1.0324
3851,stage2,1,0.12855422496795654,0.32408323884010315,0.0,0.12855422496795654,0.0001,1e-05,50.12,3.131,1.0141
3852,stage2,1,0.12348571419715881,0.3295486867427826,0.0,0.12348571419715881,0.0001,1e-05,50.118,3.2436,1.0348
3853,stage2,1,0.12942656874656677,0.34445735812187195,0.0,0.12942656874656677,0.0001,1e-05,50.122,3.1231,1.0215
3854,stage2,1,0.12400200217962265,0.3241818845272064,0.0,0.12400200217962265,0.0001,1e-05,50.117,3.3448,1.0335
3855,stage2,1,0.14794714748859406,0.34177297353744507,0.0,0.14794714748859406,0.0001,1e-05,50.118,5.3123,1.0219
3856,stage2,2,0.13268917798995972,0.3452681005001068,0.0,0.13268917798995972,0.0001,1e-05,50.118,3.4354,10.5065
3857,stage2,2,0.11398735642433167,0.33663055300712585,0.0,0.11398735642433167,0.0001,1e-05,50.121,3.1557,1.0169
3858,stage2,2,0.11715339869260788,0.3061489760875702,0.0,0.11715339869260788,0.0001,1e-05,50.117,3.5007,1.0032
3859,stage2,2,0.1392282396554947,0.30679142475128174,0.0,0.1392282396554947,0.0001,1e-05,50.118,3.341,1.0024
3860,stage2,2,0.1238454058766365,0.3677722215652466,0.0,0.1238454058766365,0.0001,1e-05,50.118,3.2039,1.0016
3861,stage2,2,0.1375821977853775,0.33531808853149414,0.0,0.1375821977853775,0.0001,1e-05,50.118,3.6148,1.0051
3862,stage2,2,0.13586392998695374,0.3317805230617523,0.0,0.13586392998695374,0.0001,1e-05,50.119,3.4334,0.9974
3863,stage2,2,0.14050255715847015,0.3343554735183716,0.0,0.14050255715847015,0.0001,1e-05,50.118,3.6264,0.9992
3864,stage2,2,0.1313297003507614,0.31729602813720703,0.0,0.1313297003507614,0.0001,1e-05,50.12,3.1508,1.7001
3865,stage2,2,0.14888635277748108,0.3270786702632904,0.0,0.14888635277748108,0.0001,1e-05,50.121,3.6637,1.0023
3866,stage2,2,0.11297746002674103,0.3334321081638336,0.0,0.11297746002674103,0.0001,1e-05,50.121,2.4864,1.0026
3867,stage2,2,0.11472247540950775,0.32093605399131775,0.0,0.11472247540950775,0.0001,1e-05,50.12,3.1258,1.0051
3868,stage2,2,0.15269476175308228,0.3502553701400757,0.0,0.15269476175308228,0.0001,1e-05,50.118,4.1682,1.0037
3869,stage2,2,0.1174367144703865,0.33080554008483887,0.0,0.1174367144703865,0.0001,1e-05,50.121,3.5087,0.998
3870,stage2,2,0.14029666781425476,0.3384588360786438,0.0,0.14029666781425476,0.0001,1e-05,50.121,3.8995,1.0019
3871,stage2,2,0.12547306716442108,0.3358762264251709,0.0,0.12547306716442108,0.0001,1e-05,50.122,3.2707,1.0018
3872,stage2,2,0.12615995109081268,0.30234214663505554,0.0,0.12615995109081268,0.0001,1e-05,50.123,3.2326,1.6255
3873,stage2,2,0.12049829214811325,0.329047828912735,0.0,0.12049829214811325,0.0001,1e-05,50.119,2.7573,1.0036
3874,stage2,2,0.11439191550016403,0.31925392150878906,0.0,0.11439191550016403,0.0001,1e-05,50.122,3.0439,1.0018
3875,stage2,2,0.1105564534664154,0.3193718492984772,0.0,0.1105564534664154,0.0001,1e-05,50.118,3.2581,1.0031
3876,stage2,2,0.12864623963832855,0.3193410038948059,0.0,0.12864623963832855,0.0001,1e-05,50.12,3.6401,1.0055
3877,stage2,2,0.11394161731004715,0.3751969635486603,0.0,0.11394161731004715,0.0001,1e-05,50.123,3.5481,1.0256
3878,stage2,2,0.1209796667098999,0.33497515320777893,0.0,0.1209796667098999,0.0001,1e-05,50.12,3.4557,1.0172
3879,stage2,2,0.12936462461948395,0.3235185444355011,0.0,0.12936462461948395,0.0001,1e-05,50.114,2.8988,1.0082
3880,stage2,2,0.11537150293588638,0.3311314582824707,0.0,0.11537150293588638,0.0001,1e-05,50.12,2.7925,1.6412
3881,stage2,2,0.12583661079406738,0.34126120805740356,0.0,0.12583661079406738,0.0001,1e-05,50.118,3.015,1.0209
3882,stage2,2,0.14185121655464172,0.31989866495132446,0.0,0.14185121655464172,0.0001,1e-05,50.116,4.1884,1.0033
3883,stage2,2,0.1535104513168335,0.31823816895484924,0.0,0.1535104513168335,0.0001,1e-05,50.119,3.7707,1.0074
3884,stage2,2,0.1305779665708542,0.33115172386169434,0.0,0.1305779665708542,0.0001,1e-05,50.122,3.228,1.0058
3885,stage2,2,0.13093417882919312,0.3203991651535034,0.0,0.13093417882919312,0.0001,1e-05,50.119,2.8751,1.0143
3886,stage2,2,0.13052591681480408,0.334134578704834,0.0,0.13052591681480408,0.0001,1e-05,50.12,3.3719,1.0221
3887,stage2,2,0.12809233367443085,0.33375784754753113,0.0,0.12809233367443085,0.0001,1e-05,50.122,3.2029,1.0122
3888,stage2,2,0.13044607639312744,0.324507474899292,0.0,0.13044607639312744,0.0001,1e-05,50.123,3.4568,1.5032
3889,stage2,2,0.12773355841636658,0.3596417009830475,0.0,0.12773355841636658,0.0001,1e-05,50.121,3.2905,1.008
3890,stage2,2,0.12003064900636673,0.34236466884613037,0.0,0.12003064900636673,0.0001,1e-05,50.12,3.4151,1.0024
3891,stage2,2,0.11284885555505753,0.33908942341804504,0.0,0.11284885555505753,0.0001,1e-05,50.119,3.2772,1.0022
3892,stage2,2,0.13356326520442963,0.3329659104347229,0.0,0.13356326520442963,0.0001,1e-05,50.122,2.9836,1.0077
3893,stage2,2,0.13399018347263336,0.30139032006263733,0.0,0.13399018347263336,0.0001,1e-05,50.12,3.7387,1.029
3894,stage2,2,0.13681772351264954,0.30313408374786377,0.0,0.13681772351264954,0.0001,1e-05,50.118,3.272,1.0136
3895,stage2,2,0.11715025454759598,0.368085116147995,0.0,0.11715025454759598,0.0001,1e-05,50.118,3.1173,1.0076
3896,stage2,2,0.11815941333770752,0.3202541172504425,0.0,0.11815941333770752,0.0001,1e-05,50.119,2.6097,1.6017
3897,stage2,2,0.12376287579536438,0.31636327505111694,0.0,0.12376287579536438,0.0001,1e-05,50.119,3.3739,1.0168
3898,stage2,2,0.12949812412261963,0.29309988021850586,0.0,0.12949812412261963,0.0001,1e-05,50.118,3.7892,1.0228
3899,stage2,2,0.11850287765264511,0.3201773464679718,0.0,0.11850287765264511,0.0001,1e-05,50.116,3.1718,1.0149
3900,stage2,2,0.13274329900741577,0.3143974840641022,0.0,0.13274329900741577,0.0001,1e-05,50.12,3.3105,1.0047
3901,stage2,2,0.13513027131557465,0.32239601016044617,0.0,0.13513027131557465,0.0001,1e-05,50.118,3.6896,1.0156
3902,stage2,2,0.12053292989730835,0.324111670255661,0.0,0.12053292989730835,0.0001,1e-05,50.12,3.2336,1.0239
3903,stage2,2,0.11872261017560959,0.3444572985172272,0.0,0.11872261017560959,0.0001,1e-05,50.12,2.842,1.0106
3904,stage2,2,0.11113491654396057,0.31528791785240173,0.0,0.11113491654396057,0.0001,1e-05,50.12,3.1061,1.4488
3905,stage2,2,0.1252516210079193,0.35150599479675293,0.0,0.1252516210079193,0.0001,1e-05,50.118,3.1546,1.0142
3906,stage2,2,0.11643215268850327,0.3271055817604065,0.0,0.11643215268850327,0.0001,1e-05,50.118,2.9283,1.0083
3907,stage2,2,0.13794270157814026,0.35179486870765686,0.0,0.13794270157814026,0.0001,1e-05,50.117,3.9054,1.01
3908,stage2,2,0.1339460164308548,0.2951132357120514,0.0,0.1339460164308548,0.0001,1e-05,50.122,3.1805,1.0343
3909,stage2,2,0.13068872690200806,0.32336682081222534,0.0,0.13068872690200806,0.0001,1e-05,50.12,3.4909,1.0124
3910,stage2,2,0.11698520183563232,0.3338913917541504,0.0,0.11698520183563232,0.0001,1e-05,50.118,3.4674,1.0082
3911,stage2,2,0.14217372238636017,0.32959863543510437,0.0,0.14217372238636017,0.0001,1e-05,50.119,4.1952,1.0151
3912,stage2,2,0.1359618902206421,0.34938502311706543,0.0,0.1359618902206421,0.0001,1e-05,50.12,3.5241,1.3764
3913,stage2,2,0.12016560137271881,0.33425527811050415,0.0,0.12016560137271881,0.0001,1e-05,50.118,3.2714,1.0103
3914,stage2,2,0.12698602676391602,0.30630990862846375,0.0,0.12698602676391602,0.0001,1e-05,50.12,3.6278,1.0318
3915,stage2,2,0.13956846296787262,0.3422092795372009,0.0,0.13956846296787262,0.0001,1e-05,50.12,3.3995,1.0145
3916,stage2,2,0.12956573069095612,0.3357158601284027,0.0,0.12956573069095612,0.0001,1e-05,50.12,3.2333,1.0044
3917,stage2,2,0.12316327542066574,0.33871716260910034,0.0,0.12316327542066574,0.0001,1e-05,50.118,3.7501,1.0103
3918,stage2,2,0.10776034742593765,0.2950977683067322,0.0,0.10776034742593765,0.0001,1e-05,50.117,3.0269,1.0101
3919,stage2,2,0.12302978336811066,0.3454994261264801,0.0,0.12302978336811066,0.0001,1e-05,50.119,3.1796,1.0085
3920,stage2,2,0.11198163777589798,0.3411983847618103,0.0,0.11198163777589798,0.0001,1e-05,50.119,2.855,1.7715
3921,stage2,2,0.12737201154232025,0.3176737129688263,0.0,0.12737201154232025,0.0001,1e-05,50.123,3.2852,1.0099
3922,stage2,2,0.1231238916516304,0.32827630639076233,0.0,0.1231238916516304,0.0001,1e-05,50.122,3.3548,1.0056
3923,stage2,2,0.12595278024673462,0.3262498080730438,0.0,0.12595278024673462,0.0001,1e-05,50.121,4.0783,1.0058
3924,stage2,2,0.11820700019598007,0.30801358819007874,0.0,0.11820700019598007,0.0001,1e-05,50.121,2.8935,1.004
3925,stage2,2,0.12030918896198273,0.31968045234680176,0.0,0.12030918896198273,0.0001,1e-05,50.118,2.7538,1.0085
3926,stage2,2,0.12187733501195908,0.32558900117874146,0.0,0.12187733501195908,0.0001,1e-05,50.117,3.0514,1.0058
3927,stage2,2,0.12687468528747559,0.3358039855957031,0.0,0.12687468528747559,0.0001,1e-05,50.119,3.3866,1.0069
3928,stage2,2,0.128897562623024,0.32337674498558044,0.0,0.128897562623024,0.0001,1e-05,50.118,3.767,1.6878
3929,stage2,2,0.13376325368881226,0.3201757073402405,0.0,0.13376325368881226,0.0001,1e-05,50.121,3.8154,1.0103
3930,stage2,2,0.1287170946598053,0.31469181180000305,0.0,0.1287170946598053,0.0001,1e-05,50.118,3.014,1.0068
3931,stage2,2,0.12036477774381638,0.332852840423584,0.0,0.12036477774381638,0.0001,1e-05,50.119,2.7984,1.0051
3932,stage2,2,0.13093459606170654,0.3309275507926941,0.0,0.13093459606170654,0.0001,1e-05,50.119,3.2501,1.0073
3933,stage2,2,0.15751610696315765,0.3283126950263977,0.0,0.15751610696315765,0.0001,1e-05,50.117,3.9181,1.0038
3934,stage2,2,0.11255814135074615,0.2816191613674164,0.0,0.11255814135074615,0.0001,1e-05,50.118,3.2033,1.0094
3935,stage2,2,0.13724960386753082,0.3264843225479126,0.0,0.13724960386753082,0.0001,1e-05,50.117,3.7139,1.0229
3936,stage2,2,0.11755292862653732,0.30370745062828064,0.0,0.11755292862653732,0.0001,1e-05,50.121,2.9849,1.4737
3937,stage2,2,0.12137793749570847,0.32454362511634827,0.0,0.12137793749570847,0.0001,1e-05,50.118,3.4021,1.0258
3938,stage2,2,0.11298462748527527,0.3132331073284149,0.0,0.11298462748527527,0.0001,1e-05,50.117,3.3527,1.0177
3939,stage2,2,0.11836282908916473,0.31583288311958313,0.0,0.11836282908916473,0.0001,1e-05,50.119,3.4486,1.012
3940,stage2,2,0.10432521998882294,0.33352717757225037,0.0,0.10432521998882294,0.0001,1e-05,50.119,2.8801,1.01
3941,stage2,2,0.1297706663608551,0.31915122270584106,0.0,0.1297706663608551,0.0001,1e-05,50.119,4.1165,1.0073
3942,stage2,2,0.11473504453897476,0.34325218200683594,0.0,0.11473504453897476,0.0001,1e-05,50.115,3.4474,1.0076
3943,stage2,2,0.13195845484733582,0.3106125593185425,0.0,0.13195845484733582,0.0001,1e-05,50.118,3.2069,1.0162
3944,stage2,2,0.11779708415269852,0.30672547221183777,0.0,0.11779708415269852,0.0001,1e-05,50.119,3.3175,1.436
3945,stage2,2,0.11514890193939209,0.30543625354766846,0.0,0.11514890193939209,0.0001,1e-05,50.119,3.3256,1.0176
3946,stage2,2,0.13110072910785675,0.3300754427909851,0.0,0.13110072910785675,0.0001,1e-05,50.121,3.3898,1.0078
3947,stage2,2,0.10949975252151489,0.31659603118896484,0.0,0.10949975252151489,0.0001,1e-05,50.119,2.5879,1.0217
3948,stage2,2,0.13140994310379028,0.33812615275382996,0.0,0.13140994310379028,0.0001,1e-05,50.119,3.2777,1.0255
3949,stage2,2,0.10409151762723923,0.3133537769317627,0.0,0.10409151762723923,0.0001,1e-05,50.114,2.6947,0.8957
3950,stage2,2,0.11672352999448776,0.30478253960609436,0.0,0.11672352999448776,0.0001,1e-05,50.118,3.0762,1.0202
3951,stage2,2,0.12808310985565186,0.3155060410499573,0.0,0.12808310985565186,0.0001,1e-05,50.118,2.8823,1.0303
3952,stage2,2,0.13419468700885773,0.3350762724876404,0.0,0.13419468700885773,0.0001,1e-05,50.119,2.8096,1.4091
3953,stage2,2,0.13478581607341766,0.32189103960990906,0.0,0.13478581607341766,0.0001,1e-05,50.119,3.0559,1.0209
3954,stage2,2,0.1357581913471222,0.34130847454071045,0.0,0.1357581913471222,0.0001,1e-05,50.119,3.2422,1.0263
3955,stage2,2,0.12908050417900085,0.30982083082199097,0.0,0.12908050417900085,0.0001,1e-05,50.12,3.0845,1.0165
3956,stage2,2,0.11659049987792969,0.32269710302352905,0.0,0.11659049987792969,0.0001,1e-05,50.122,2.8295,1.0121
3957,stage2,2,0.1282421499490738,0.32304900884628296,0.0,0.1282421499490738,0.0001,1e-05,50.119,3.5279,1.0414
3958,stage2,2,0.12320289015769958,0.3118366301059723,0.0,0.12320289015769958,0.0001,1e-05,50.116,3.5067,1.0188
3959,stage2,2,0.13869808614253998,0.3225835859775543,0.0,0.13869808614253998,0.0001,1e-05,50.118,3.3763,1.0087
3960,stage2,2,0.13547715544700623,0.32230955362319946,0.0,0.13547715544700623,0.0001,1e-05,50.122,3.596,1.1865
3961,stage2,2,0.12438137829303741,0.3319723308086395,0.0,0.12438137829303741,0.0001,1e-05,50.12,3.1248,1.0324
3962,stage2,2,0.1147158220410347,0.31199532747268677,0.0,0.1147158220410347,0.0001,1e-05,50.121,2.9242,0.989
3963,stage2,2,0.14007070660591125,0.34011775255203247,0.0,0.14007070660591125,0.0001,1e-05,50.118,3.7024,1.0296
3964,stage2,2,0.1285284459590912,0.30129918456077576,0.0,0.1285284459590912,0.0001,1e-05,50.117,3.3067,1.0161
3965,stage2,2,0.11966895312070847,0.3305051624774933,0.0,0.11966895312070847,0.0001,1e-05,50.12,3.634,1.0209
3966,stage2,2,0.12902820110321045,0.32015061378479004,0.0,0.12902820110321045,0.0001,1e-05,50.118,3.8809,1.0327
3967,stage2,2,0.10710547864437103,0.32667165994644165,0.0,0.10710547864437103,0.0001,1e-05,50.116,3.0473,1.0154
3968,stage2,2,0.12863650918006897,0.3278390169143677,0.0,0.12863650918006897,0.0001,1e-05,50.117,3.0879,1.3426
3969,stage2,2,0.11566869169473648,0.3022996783256531,0.0,0.11566869169473648,0.0001,1e-05,50.117,2.9558,1.0191
3970,stage2,2,0.11257951706647873,0.3384380340576172,0.0,0.11257951706647873,0.0001,1e-05,50.12,2.623,1.0136
3971,stage2,2,0.1279817670583725,0.30573946237564087,0.0,0.1279817670583725,0.0001,1e-05,50.117,3.204,1.0159
3972,stage2,2,0.12238019704818726,0.30068954825401306,0.0,0.12238019704818726,0.0001,1e-05,50.118,3.4159,1.0368
3973,stage2,2,0.10751049220561981,0.31308966875076294,0.0,0.10751049220561981,0.0001,1e-05,50.12,2.6515,1.0158
3974,stage2,2,0.11524069309234619,0.34043487906455994,0.0,0.11524069309234619,0.0001,1e-05,50.117,3.08,1.0174
3975,stage2,2,0.12369159609079361,0.29884427785873413,0.0,0.12369159609079361,0.0001,1e-05,50.118,2.9007,1.0367
3976,stage2,2,0.12972290813922882,0.31881311535835266,0.0,0.12972290813922882,0.0001,1e-05,50.117,3.5171,1.2985
3977,stage2,2,0.15524597465991974,0.3321836292743683,0.0,0.15524597465991974,0.0001,1e-05,50.116,4.548,1.0148
3978,stage2,2,0.12894052267074585,0.30975669622421265,0.0,0.12894052267074585,0.0001,1e-05,50.119,3.123,1.0232
3979,stage2,2,0.10736788809299469,0.3121589422225952,0.0,0.10736788809299469,0.0001,1e-05,50.115,3.2311,1.0275
3980,stage2,2,0.13425762951374054,0.3352143168449402,0.0,0.13425762951374054,0.0001,1e-05,50.12,3.6937,1.0191
3981,stage2,2,0.12048570066690445,0.32368332147598267,0.0,0.12048570066690445,0.0001,1e-05,50.119,3.2455,1.0183
3982,stage2,2,0.11035335063934326,0.34347018599510193,0.0,0.11035335063934326,0.0001,1e-05,50.118,2.9799,1.0349
3983,stage2,2,0.11291235685348511,0.3023926317691803,0.0,0.11291235685348511,0.0001,1e-05,50.117,3.1408,1.0133
3984,stage2,2,0.11254580318927765,0.314228892326355,0.0,0.11254580318927765,0.0001,1e-05,50.118,3.1358,1.2837
3985,stage2,2,0.1321151852607727,0.3294876515865326,0.0,0.1321151852607727,0.0001,1e-05,50.117,3.4978,1.0132
3986,stage2,2,0.1234535425901413,0.31900596618652344,0.0,0.1234535425901413,0.0001,1e-05,50.116,2.5898,1.0324
3987,stage2,2,0.1100347638130188,0.32747408747673035,0.0,0.1100347638130188,0.0001,1e-05,50.119,2.845,1.0201
3988,stage2,2,0.12582539021968842,0.3166556656360626,0.0,0.12582539021968842,0.0001,1e-05,50.119,3.3576,1.0189
3989,stage2,2,0.1701742708683014,0.3251410722732544,0.0,0.1701742708683014,0.0001,1e-05,50.119,5.3499,1.0313
3990,stage2,2,0.11413729935884476,0.3272266685962677,0.0,0.11413729935884476,0.0001,1e-05,50.117,3.881,1.0231
3991,stage2,2,0.14114730060100555,0.3266494870185852,0.0,0.14114730060100555,0.0001,1e-05,50.117,3.7603,1.0222
3992,stage2,2,0.13245874643325806,0.31525158882141113,0.0,0.13245874643325806,0.0001,1e-05,50.119,3.6035,1.1626
3993,stage2,2,0.135941743850708,0.3365207016468048,0.0,0.135941743850708,0.0001,1e-05,50.118,3.6226,1.0177
3994,stage2,2,0.12339071929454803,0.34477347135543823,0.0,0.12339071929454803,0.0001,1e-05,50.119,3.7008,1.0405
3995,stage2,2,0.1272311508655548,0.32726579904556274,0.0,0.1272311508655548,0.0001,1e-05,50.118,3.5943,1.0178
3996,stage2,2,0.10376234352588654,0.3751938045024872,0.0,0.10376234352588654,0.0001,1e-05,50.119,3.2663,1.0152
3997,stage2,2,0.12982144951820374,0.30517512559890747,0.0,0.12982144951820374,0.0001,1e-05,50.117,3.2786,1.0232
3998,stage2,2,0.12324513494968414,0.33313488960266113,0.0,0.12324513494968414,0.0001,1e-05,50.119,2.9654,1.03
3999,stage2,2,0.10509795695543289,0.32352784276008606,0.0,0.10509795695543289,0.0001,1e-05,50.118,2.7295,1.0201
4000,stage2,2,0.1186414286494255,0.31845399737358093,0.0,0.1186414286494255,0.0001,1e-05,50.12,2.8488,1.3554
4001,stage2,2,0.11442553251981735,0.31404179334640503,0.0,0.11442553251981735,0.0001,1e-05,50.115,3.2152,1.0127
4002,stage2,2,0.1217990294098854,0.3452744781970978,0.0,0.1217990294098854,0.0001,1e-05,50.116,3.6516,1.0169
4003,stage2,2,0.1284637600183487,0.33963873982429504,0.0,0.1284637600183487,0.0001,1e-05,50.118,3.5052,1.0198
4004,stage2,2,0.11020545661449432,0.3178938627243042,0.0,0.11020545661449432,0.0001,1e-05,50.117,3.012,1.0326
4005,stage2,2,0.10850818455219269,0.32801002264022827,0.0,0.10850818455219269,0.0001,1e-05,50.114,3.2766,1.0169
4006,stage2,2,0.1404028683900833,0.33666515350341797,0.0,0.1404028683900833,0.0001,1e-05,50.119,3.2477,1.012
4007,stage2,2,0.12507109344005585,0.31781190633773804,0.0,0.12507109344005585,0.0001,1e-05,50.118,3.7405,1.0128
4008,stage2,2,0.1261587291955948,0.34936651587486267,0.0,0.1261587291955948,0.0001,1e-05,50.117,3.6446,1.3104
4009,stage2,2,0.12644889950752258,0.3190344274044037,0.0,0.12644889950752258,0.0001,1e-05,50.118,2.884,1.0227
4010,stage2,2,0.11368326842784882,0.32554903626441956,0.0,0.11368326842784882,0.0001,1e-05,50.118,3.2109,1.0172
4011,stage2,2,0.12787844240665436,0.32559022307395935,0.0,0.12787844240665436,0.0001,1e-05,50.116,2.698,1.011
4012,stage2,2,0.1198512613773346,0.3039770722389221,0.0,0.1198512613773346,0.0001,1e-05,50.117,3.4701,1.0225
4013,stage2,2,0.11910036951303482,0.31029772758483887,0.0,0.11910036951303482,0.0001,1e-05,50.119,2.9413,1.029
4014,stage2,2,0.12887196242809296,0.3357986509799957,0.0,0.12887196242809296,0.0001,1e-05,50.116,3.264,1.0193
4015,stage2,2,0.12030324339866638,0.2955784201622009,0.0,0.12030324339866638,0.0001,1e-05,50.117,3.219,1.0269
4016,stage2,2,0.13941526412963867,0.3188629448413849,0.0,0.13941526412963867,0.0001,1e-05,50.117,3.4573,1.1934
4017,stage2,2,0.14342255890369415,0.320419043302536,0.0,0.14342255890369415,0.0001,1e-05,50.117,3.2107,1.0253
4018,stage2,2,0.12317376583814621,0.2968653440475464,0.0,0.12317376583814621,0.0001,1e-05,50.118,3.1134,1.0163
4019,stage2,2,0.13228009641170502,0.32247981429100037,0.0,0.13228009641170502,0.0001,1e-05,50.118,3.2856,1.0198
4020,stage2,2,0.12340126931667328,0.3390367031097412,0.0,0.12340126931667328,0.0001,1e-05,50.118,2.7197,1.0317
4021,stage2,2,0.11363981664180756,0.38239389657974243,0.0,0.11363981664180756,0.0001,1e-05,50.118,3.1552,1.0202
4022,stage2,2,0.11173231154680252,0.341819167137146,0.0,0.11173231154680252,0.0001,1e-05,50.119,2.8793,1.0093
4023,stage2,2,0.13442374765872955,0.34060266613960266,0.0,0.13442374765872955,0.0001,1e-05,50.121,3.7088,1.0289
4024,stage2,2,0.13235647976398468,0.33264490962028503,0.0,0.13235647976398468,0.0001,1e-05,50.12,3.7137,1.239
4025,stage2,2,0.11600066721439362,0.3128809630870819,0.0,0.11600066721439362,0.0001,1e-05,50.119,3.4256,1.0207
4026,stage2,2,0.1159501001238823,0.3297727108001709,0.0,0.1159501001238823,0.0001,1e-05,50.121,2.9553,1.037
4027,stage2,2,0.12044638395309448,0.3113272786140442,0.0,0.12044638395309448,0.0001,1e-05,50.118,3.315,1.0201
4028,stage2,2,0.12684349715709686,0.3132575750350952,0.0,0.12684349715709686,0.0001,1e-05,50.118,4.0306,1.0158
4029,stage2,2,0.14084722101688385,0.3093389570713043,0.0,0.14084722101688385,0.0001,1e-05,50.119,5.3975,1.0388
4030,stage2,2,0.11786971986293793,0.31520146131515503,0.0,0.11786971986293793,0.0001,1e-05,50.116,3.7444,1.0157
4031,stage2,2,0.12841203808784485,0.34804803133010864,0.0,0.12841203808784485,0.0001,1e-05,50.121,3.4171,1.0101
4032,stage2,2,0.13409316539764404,0.30157941579818726,0.0,0.13409316539764404,0.0001,1e-05,50.119,3.5661,1.3534
4033,stage2,2,0.12452930212020874,0.31819435954093933,0.0,0.12452930212020874,0.0001,1e-05,50.117,3.0494,1.0193
4034,stage2,2,0.1429450660943985,0.30470335483551025,0.0,0.1429450660943985,0.0001,1e-05,50.118,3.9178,1.0083
4035,stage2,2,0.1362566351890564,0.3237377107143402,0.0,0.1362566351890564,0.0001,1e-05,50.12,3.7305,1.0165
4036,stage2,2,0.11421938985586166,0.3408307135105133,0.0,0.11421938985586166,0.0001,1e-05,50.12,4.8973,1.0333
4037,stage2,2,0.15679170191287994,0.3450721502304077,0.0,0.15679170191287994,0.0001,1e-05,50.116,4.9316,1.0176
4038,stage2,2,0.12402921915054321,0.318971186876297,0.0,0.12402921915054321,0.0001,1e-05,50.12,3.6971,1.0174
4039,stage2,2,0.14831964671611786,0.34868717193603516,0.0,0.14831964671611786,0.0001,1e-05,50.12,3.3684,1.0354
4040,stage2,2,0.12049145251512527,0.31372568011283875,0.0,0.12049145251512527,0.0001,1e-05,50.121,3.535,1.1476
4041,stage2,2,0.11124297976493835,0.33721479773521423,0.0,0.11124297976493835,0.0001,1e-05,50.121,2.9762,1.0185
4042,stage2,2,0.11567757278680801,0.3253737688064575,0.0,0.11567757278680801,0.0001,1e-05,50.118,3.403,1.0312
4043,stage2,2,0.12452898174524307,0.32057419419288635,0.0,0.12452898174524307,0.0001,1e-05,50.118,3.4083,1.0165
4044,stage2,2,0.1281590312719345,0.3438616991043091,0.0,0.1281590312719345,0.0001,1e-05,50.12,3.5261,1.0078
4045,stage2,2,0.13577696681022644,0.3413911461830139,0.0,0.13577696681022644,0.0001,1e-05,50.119,3.8023,1.0093
4046,stage2,2,0.1337106078863144,0.29889950156211853,0.0,0.1337106078863144,0.0001,1e-05,50.117,3.137,1.025
4047,stage2,2,0.1117946058511734,0.3320183753967285,0.0,0.1117946058511734,0.0001,1e-05,50.12,2.8905,1.0264
4048,stage2,2,0.13179399073123932,0.32999464869499207,0.0,0.13179399073123932,0.0001,1e-05,50.12,3.7667,1.3597
4049,stage2,2,0.14441266655921936,0.3568330705165863,0.0,0.14441266655921936,0.0001,1e-05,50.122,4.7593,1.0231
4050,stage2,2,0.14987292885780334,0.3375397324562073,0.0,0.14987292885780334,0.0001,1e-05,50.122,3.8809,1.0191
4051,stage2,2,0.12868928909301758,0.3160134255886078,0.0,0.12868928909301758,0.0001,1e-05,50.119,3.9166,1.0177
4052,stage2,2,0.10685393959283829,0.31963860988616943,0.0,0.10685393959283829,0.0001,1e-05,50.121,2.7024,1.0316
4053,stage2,2,0.149402916431427,0.34759727120399475,0.0,0.149402916431427,0.0001,1e-05,50.118,3.6191,1.0115
4054,stage2,2,0.12076308578252792,0.34455105662345886,0.0,0.12076308578252792,0.0001,1e-05,50.119,3.124,1.0126
4055,stage2,2,0.124176025390625,0.329954594373703,0.0,0.124176025390625,0.0001,1e-05,50.12,3.9533,1.0123
4056,stage2,2,0.1307143121957779,0.3157239854335785,0.0,0.1307143121957779,0.0001,1e-05,50.12,3.4654,1.3444
4057,stage2,2,0.12590985000133514,0.33150407671928406,0.0,0.12590985000133514,0.0001,1e-05,50.121,3.2962,1.0087
4058,stage2,2,0.13749052584171295,0.31649118661880493,0.0,0.13749052584171295,0.0001,1e-05,50.12,3.8066,1.0075
4059,stage2,2,0.10294818878173828,0.3239973485469818,0.0,0.10294818878173828,0.0001,1e-05,50.121,3.1973,1.0235
4060,stage2,2,0.12171243131160736,0.3179475963115692,0.0,0.12171243131160736,0.0001,1e-05,50.121,3.6577,1.0229
4061,stage2,2,0.11838200688362122,0.35841962695121765,0.0,0.11838200688362122,0.0001,1e-05,50.121,3.1425,1.0117
4062,stage2,2,0.12474215775728226,0.327610045671463,0.0,0.12474215775728226,0.0001,1e-05,50.119,3.8702,1.0108
4063,stage2,2,0.10613849014043808,0.31450894474983215,0.0,0.10613849014043808,0.0001,1e-05,50.119,2.8273,1.0139
4064,stage2,2,0.11933819949626923,0.3130483329296112,0.0,0.11933819949626923,0.0001,1e-05,50.121,3.1848,1.2562
4065,stage2,2,0.12208888679742813,0.31997963786125183,0.0,0.12208888679742813,0.0001,1e-05,50.119,3.2221,1.0122
4066,stage2,2,0.12341395765542984,0.3533099889755249,0.0,0.12341395765542984,0.0001,1e-05,50.12,4.6366,1.0346
4067,stage2,2,0.11955919861793518,0.28801435232162476,0.0,0.11955919861793518,0.0001,1e-05,50.121,3.7256,1.0157
4068,stage2,2,0.12388965487480164,0.3275121748447418,0.0,0.12388965487480164,0.0001,1e-05,50.119,2.8541,1.0131
4069,stage2,2,0.12167544662952423,0.2960832118988037,0.0,0.12167544662952423,0.0001,1e-05,50.12,3.2529,1.0196
4070,stage2,2,0.13884881138801575,0.33467093110084534,0.0,0.13884881138801575,0.0001,1e-05,50.12,3.6162,1.0253
4071,stage2,2,0.12376246601343155,0.3203750252723694,0.0,0.12376246601343155,0.0001,1e-05,50.122,3.795,1.0159
4072,stage2,2,0.11288636922836304,0.3141728341579437,0.0,0.11288636922836304,0.0001,1e-05,50.119,3.3235,1.2073
4073,stage2,2,0.1437285989522934,0.3323866128921509,0.0,0.1437285989522934,0.0001,1e-05,50.12,4.0986,1.0335
4074,stage2,2,0.12690730392932892,0.3097781836986542,0.0,0.12690730392932892,0.0001,1e-05,50.12,3.3404,1.0132
4075,stage2,2,0.13332928717136383,0.32545554637908936,0.0,0.13332928717136383,0.0001,1e-05,50.121,3.817,1.0116
4076,stage2,2,0.12181062996387482,0.3167036473751068,0.0,0.12181062996387482,0.0001,1e-05,50.119,3.0212,1.0227
4077,stage2,2,0.1503763049840927,0.34219998121261597,0.0,0.1503763049840927,0.0001,1e-05,50.12,3.5533,1.0249
4078,stage2,2,0.11581715941429138,0.31208112835884094,0.0,0.11581715941429138,0.0001,1e-05,50.12,3.3068,0.9508
4079,stage2,2,0.12238291651010513,0.3217768669128418,0.0,0.12238291651010513,0.0001,1e-05,50.12,3.9692,0.9525
4080,stage2,2,0.11329136788845062,0.32132673263549805,0.0,0.11329136788845062,0.0001,1e-05,50.119,2.9981,1.3654
4081,stage2,2,0.1215272843837738,0.33937686681747437,0.0,0.1215272843837738,0.0001,1e-05,50.12,3.4556,1.0085
4082,stage2,2,0.13662642240524292,0.306865394115448,0.0,0.13662642240524292,0.0001,1e-05,50.123,3.4407,1.0251
4083,stage2,2,0.10860656946897507,0.3176847994327545,0.0,0.10860656946897507,0.0001,1e-05,50.117,3.024,0.9964
4084,stage2,2,0.11714493483304977,0.3301662504673004,0.0,0.11714493483304977,0.0001,1e-05,50.12,3.6824,0.9785
4085,stage2,2,0.1422502100467682,0.32125070691108704,0.0,0.1422502100467682,0.0001,1e-05,50.119,4.1077,1.0361
4086,stage2,2,0.11654185503721237,0.32587820291519165,0.0,0.11654185503721237,0.0001,1e-05,50.121,2.8271,1.023
4087,stage2,2,0.13828584551811218,0.33745187520980835,0.0,0.13828584551811218,0.0001,1e-05,50.121,3.0404,1.0135
4088,stage2,2,0.1191941499710083,0.36649012565612793,0.0,0.1191941499710083,0.0001,1e-05,50.121,3.4165,1.2267
4089,stage2,2,0.11929897218942642,0.3302222192287445,0.0,0.11929897218942642,0.0001,1e-05,50.121,3.869,1.0166
4090,stage2,2,0.11935849487781525,0.30275705456733704,0.0,0.11935849487781525,0.0001,1e-05,50.118,3.4775,1.0079
4091,stage2,2,0.11581099778413773,0.311811625957489,0.0,0.11581099778413773,0.0001,1e-05,50.119,3.0226,1.0204
4092,stage2,2,0.11524596065282822,0.32660111784935,0.0,0.11524596065282822,0.0001,1e-05,50.119,3.1238,1.0243
4093,stage2,2,0.11516199260950089,0.2935328781604767,0.0,0.11516199260950089,0.0001,1e-05,50.12,3.2595,1.0151
4094,stage2,2,0.1094474270939827,0.32709458470344543,0.0,0.1094474270939827,0.0001,1e-05,50.119,3.8747,1.008
4095,stage2,2,0.11879153549671173,0.32820188999176025,0.0,0.11879153549671173,0.0001,1e-05,50.12,3.3545,1.0117
4096,stage2,2,0.1361057162284851,0.3212251663208008,0.0,0.1361057162284851,0.0001,1e-05,50.12,3.5836,1.2414
4097,stage2,2,0.13198333978652954,0.3421519994735718,0.0,0.13198333978652954,0.0001,1e-05,50.119,3.1203,1.0052
4098,stage2,2,0.13481241464614868,0.3199668824672699,0.0,0.13481241464614868,0.0001,1e-05,50.12,3.4258,1.004
4099,stage2,2,0.1391451358795166,0.3139532804489136,0.0,0.1391451358795166,0.0001,1e-05,50.118,4.0761,1.0078
4100,stage2,2,0.13874593377113342,0.32648295164108276,0.0,0.13874593377113342,0.0001,1e-05,50.12,4.3873,1.0317
4101,stage2,2,0.11365246027708054,0.3368845283985138,0.0,0.11365246027708054,0.0001,1e-05,50.121,3.0166,1.0143
4102,stage2,2,0.14765872061252594,0.32580316066741943,0.0,0.14765872061252594,0.0001,1e-05,50.118,3.6436,1.0188
4103,stage2,2,0.12863895297050476,0.3304173946380615,0.0,0.12863895297050476,0.0001,1e-05,50.121,3.0747,1.0248
4104,stage2,2,0.11328718066215515,0.296745240688324,0.0,0.11328718066215515,0.0001,1e-05,50.123,3.149,1.2737
4105,stage2,2,0.1340855211019516,0.3589804470539093,0.0,0.1340855211019516,0.0001,1e-05,50.119,3.3194,1.012
4106,stage2,2,0.13768397271633148,0.34454837441444397,0.0,0.13768397271633148,0.0001,1e-05,50.121,3.9588,1.0083
4107,stage2,2,0.11421216279268265,0.31133249402046204,0.0,0.11421216279268265,0.0001,1e-05,50.12,3.3926,1.0165
4108,stage2,2,0.12210266292095184,0.32481852173805237,0.0,0.12210266292095184,0.0001,1e-05,50.119,3.2845,1.0289
4109,stage2,2,0.13033150136470795,0.32512637972831726,0.0,0.13033150136470795,0.0001,1e-05,50.119,3.8928,1.014
4110,stage2,2,0.09392411261796951,0.3577418923377991,0.0,0.09392411261796951,0.0001,1e-05,50.122,2.7575,1.0062
4111,stage2,2,0.1550295650959015,0.3384162187576294,0.0,0.1550295650959015,0.0001,1e-05,50.118,4.2872,1.0211
4112,stage2,2,0.1084900051355362,0.3310222625732422,0.0,0.1084900051355362,0.0001,1e-05,50.117,3.3282,1.2808
4113,stage2,2,0.13326650857925415,0.32186537981033325,0.0,0.13326650857925415,0.0001,1e-05,50.119,3.492,1.0184
4114,stage2,2,0.12804600596427917,0.3057735860347748,0.0,0.12804600596427917,0.0001,1e-05,50.119,3.9245,1.0103
4115,stage2,2,0.13400191068649292,0.3190707266330719,0.0,0.13400191068649292,0.0001,1e-05,50.121,3.7946,1.0074
4116,stage2,2,0.1214585155248642,0.3401888310909271,0.0,0.1214585155248642,0.0001,1e-05,50.12,3.5125,1.0033
4117,stage2,2,0.12899178266525269,0.3469606935977936,0.0,0.12899178266525269,0.0001,1e-05,50.12,3.1013,1.0029
4118,stage2,2,0.12452534586191177,0.342022180557251,0.0,0.12452534586191177,0.0001,1e-05,50.119,3.2027,1.0107
4119,stage2,2,0.11045443266630173,0.2997737526893616,0.0,0.11045443266630173,0.0001,1e-05,50.12,2.9405,1.0061
4120,stage2,2,0.11479619890451431,0.32773715257644653,0.0,0.11479619890451431,0.0001,1e-05,50.117,3.5056,1.6488
4121,stage2,2,0.12719367444515228,0.3058355152606964,0.0,0.12719367444515228,0.0001,1e-05,50.121,3.844,1.0155
4122,stage2,2,0.1152619794011116,0.3113458454608917,0.0,0.1152619794011116,0.0001,1e-05,50.12,3.4102,1.025
4123,stage2,2,0.10900107026100159,0.3417688310146332,0.0,0.10900107026100159,0.0001,1e-05,50.116,3.4023,1.0149
4124,stage2,2,0.10723815113306046,0.2953123152256012,0.0,0.10723815113306046,0.0001,1e-05,50.12,3.1016,1.0152
4125,stage2,2,0.1166754886507988,0.3202424645423889,0.0,0.1166754886507988,0.0001,1e-05,50.121,2.8504,1.0085
4126,stage2,2,0.12129885703325272,0.3338332772254944,0.0,0.12129885703325272,0.0001,1e-05,50.121,2.9177,1.0288
4127,stage2,2,0.14137014746665955,0.3315007984638214,0.0,0.14137014746665955,0.0001,1e-05,50.121,3.5389,1.0232
4128,stage2,2,0.13915731012821198,0.32969608902931213,0.0,0.13915731012821198,0.0001,1e-05,50.12,4.1419,1.2396
4129,stage2,2,0.10858114808797836,0.31099429726600647,0.0,0.10858114808797836,0.0001,1e-05,50.119,3.0931,1.0218
4130,stage2,2,0.1268555223941803,0.3344649374485016,0.0,0.1268555223941803,0.0001,1e-05,50.122,3.4388,1.0101
4131,stage2,2,0.14267897605895996,0.3224593997001648,0.0,0.14267897605895996,0.0001,1e-05,50.118,3.8157,1.0119
4132,stage2,2,0.12747855484485626,0.3241252899169922,0.0,0.12747855484485626,0.0001,1e-05,50.119,3.9445,1.0266
4133,stage2,2,0.10869074612855911,0.33429035544395447,0.0,0.10869074612855911,0.0001,1e-05,50.12,3.0765,1.0095
4134,stage2,2,0.10789511352777481,0.34572258591651917,0.0,0.10789511352777481,0.0001,1e-05,50.118,3.2195,1.0053
4135,stage2,2,0.12717919051647186,0.30951032042503357,0.0,0.12717919051647186,0.0001,1e-05,50.119,4.4217,1.0078
4136,stage2,2,0.11417941004037857,0.31787604093551636,0.0,0.11417941004037857,0.0001,1e-05,50.116,3.1218,1.2807
4137,stage2,2,0.11527766287326813,0.33351439237594604,0.0,0.11527766287326813,0.0001,1e-05,50.121,2.8181,1.0262
4138,stage2,2,0.13427576422691345,0.3386480510234833,0.0,0.13427576422691345,0.0001,1e-05,50.118,2.939,1.0131
4139,stage2,2,0.13596460223197937,0.31892716884613037,0.0,0.13596460223197937,0.0001,1e-05,50.119,3.4001,1.0135
4140,stage2,2,0.1567675918340683,0.3446216583251953,0.0,0.1567675918340683,0.0001,1e-05,50.122,4.4477,1.0028
4141,stage2,2,0.11896214634180069,0.3366430997848511,0.0,0.11896214634180069,0.0001,1e-05,50.121,3.2562,1.0108
4142,stage2,2,0.12494274228811264,0.296865314245224,0.0,0.12494274228811264,0.0001,1e-05,50.123,3.3945,1.0295
4143,stage2,2,0.12212087959051132,0.325593501329422,0.0,0.12212087959051132,0.0001,1e-05,50.12,3.319,1.0135
4144,stage2,2,0.11226890981197357,0.3251139223575592,0.0,0.11226890981197357,0.0001,1e-05,50.12,3.3755,1.3043
4145,stage2,2,0.10708636790513992,0.3121809959411621,0.0,0.10708636790513992,0.0001,1e-05,50.12,2.7796,1.0032
4146,stage2,2,0.1312340497970581,0.31731927394866943,0.0,0.1312340497970581,0.0001,1e-05,50.121,3.5749,1.0078
4147,stage2,2,0.11378876864910126,0.3360461890697479,0.0,0.11378876864910126,0.0001,1e-05,50.119,2.897,1.0296
4148,stage2,2,0.11623462289571762,0.30037423968315125,0.0,0.11623462289571762,0.0001,1e-05,50.119,3.0857,1.0125
4149,stage2,2,0.12297241389751434,0.3300163447856903,0.0,0.12297241389751434,0.0001,1e-05,50.119,2.9935,1.007
4150,stage2,2,0.10501063615083694,0.31483498215675354,0.0,0.10501063615083694,0.0001,1e-05,50.118,3.1519,1.0029
4151,stage2,2,0.14177995920181274,0.324553519487381,0.0,0.14177995920181274,0.0001,1e-05,50.119,3.7735,1.0112
4152,stage2,2,0.1266392022371292,0.3343754708766937,0.0,0.1266392022371292,0.0001,1e-05,50.12,3.1704,1.4076
4153,stage2,2,0.11099476367235184,0.3399359881877899,0.0,0.11099476367235184,0.0001,1e-05,50.12,2.9056,1.0136
4154,stage2,2,0.12047513574361801,0.34490838646888733,0.0,0.12047513574361801,0.0001,1e-05,50.121,3.6704,1.0066
4155,stage2,2,0.12820939719676971,0.33631470799446106,0.0,0.12820939719676971,0.0001,1e-05,50.12,3.2346,0.9987
4156,stage2,2,0.10599388927221298,0.3112267255783081,0.0,0.10599388927221298,0.0001,1e-05,50.118,3.3094,1.0169
4157,stage2,2,0.1233481839299202,0.3228978216648102,0.0,0.1233481839299202,0.0001,1e-05,50.122,3.6817,1.023
4158,stage2,2,0.11915764957666397,0.30918729305267334,0.0,0.11915764957666397,0.0001,1e-05,50.122,3.2776,1.0075
4159,stage2,2,0.11924397945404053,0.3372667133808136,0.0,0.11924397945404053,0.0001,1e-05,50.119,3.9422,1.0072
4160,stage2,2,0.1175771951675415,0.3083888292312622,0.0,0.1175771951675415,0.0001,1e-05,50.121,2.8118,1.3861
4161,stage2,2,0.1409226655960083,0.3198830485343933,0.0,0.1409226655960083,0.0001,1e-05,50.121,3.9245,1.007
4162,stage2,2,0.14522519707679749,0.3527739346027374,0.0,0.14522519707679749,0.0001,1e-05,50.121,3.4445,1.0143
4163,stage2,2,0.12192506343126297,0.31852561235427856,0.0,0.12192506343126297,0.0001,1e-05,50.121,3.7305,1.0268
4164,stage2,2,0.12705568969249725,0.3086395561695099,0.0,0.12705568969249725,0.0001,1e-05,50.118,2.7029,1.0114
4165,stage2,2,0.10210828483104706,0.32052329182624817,0.0,0.10210828483104706,0.0001,1e-05,50.121,2.5256,1.0065
4166,stage2,2,0.12158593535423279,0.32568952441215515,0.0,0.12158593535423279,0.0001,1e-05,50.121,2.9975,1.0221
4167,stage2,2,0.1168297603726387,0.31815916299819946,0.0,0.1168297603726387,0.0001,1e-05,50.119,3.4068,1.0186
4168,stage2,2,0.12556782364845276,0.34572309255599976,0.0,0.12556782364845276,0.0001,1e-05,50.118,3.7049,1.325
4169,stage2,2,0.1365693360567093,0.3387739360332489,0.0,0.1365693360567093,0.0001,1e-05,50.118,3.5065,1.0198
4170,stage2,2,0.10847345739603043,0.352329283952713,0.0,0.10847345739603043,0.0001,1e-05,50.122,2.7191,1.0196
4171,stage2,2,0.10768312960863113,0.35435956716537476,0.0,0.10768312960863113,0.0001,1e-05,50.121,2.8044,1.0131
4172,stage2,2,0.10713019222021103,0.3319397568702698,0.0,0.10713019222021103,0.0001,1e-05,50.119,3.4879,1.0146
4173,stage2,2,0.13175620138645172,0.31789958477020264,0.0,0.13175620138645172,0.0001,1e-05,50.119,4.3149,1.028
4174,stage2,2,0.11873994767665863,0.32199686765670776,0.0,0.11873994767665863,0.0001,1e-05,50.12,3.4615,1.0133
4175,stage2,2,0.09792705625295639,0.3347041606903076,0.0,0.09792705625295639,0.0001,1e-05,50.121,3.4565,1.0148
4176,stage2,2,0.1385258585214615,0.3527029752731323,0.0,0.1385258585214615,0.0001,1e-05,50.12,3.3045,1.2793
4177,stage2,2,0.11343707889318466,0.3138514459133148,0.0,0.11343707889318466,0.0001,1e-05,50.118,3.6299,1.0188
4178,stage2,2,0.12723633646965027,0.3330444395542145,0.0,0.12723633646965027,0.0001,1e-05,50.118,3.6737,1.0236
4179,stage2,2,0.11259236186742783,0.31635260581970215,0.0,0.11259236186742783,0.0001,1e-05,50.121,3.3113,1.0122
4180,stage2,2,0.12593816220760345,0.3290140926837921,0.0,0.12593816220760345,0.0001,1e-05,50.12,2.9793,1.0076
4181,stage2,2,0.12776242196559906,0.30450719594955444,0.0,0.12776242196559906,0.0001,1e-05,50.121,3.4505,1.0317
4182,stage2,2,0.13252441585063934,0.32892316579818726,0.0,0.13252441585063934,0.0001,1e-05,50.119,3.7073,1.013
4183,stage2,2,0.11483676731586456,0.3089847266674042,0.0,0.11483676731586456,0.0001,1e-05,50.119,3.5983,1.0114
4184,stage2,2,0.16202645003795624,0.31572213768959045,0.0,0.16202645003795624,0.0001,1e-05,50.12,4.3139,1.336
4185,stage2,2,0.1418665051460266,0.29905176162719727,0.0,0.1418665051460266,0.0001,1e-05,50.119,4.3508,1.0137
4186,stage2,2,0.11621493846178055,0.2942783832550049,0.0,0.11621493846178055,0.0001,1e-05,50.119,3.4118,1.0159
4187,stage2,2,0.11948291212320328,0.3152751326560974,0.0,0.11948291212320328,0.0001,1e-05,50.118,3.0289,1.0249
4188,stage2,2,0.10423071682453156,0.3126678168773651,0.0,0.10423071682453156,0.0001,1e-05,50.119,2.7254,1.0137
4189,stage2,2,0.11056090891361237,0.3022964596748352,0.0,0.11056090891361237,0.0001,1e-05,50.122,3.991,1.0038
4190,stage2,2,0.12356631457805634,0.30122628808021545,0.0,0.12356631457805634,0.0001,1e-05,50.121,2.987,1.0167
4191,stage2,2,0.11631747335195541,0.3380435109138489,0.0,0.11631747335195541,0.0001,1e-05,50.118,3.4947,1.025
4192,stage2,2,0.12054357677698135,0.3065851628780365,0.0,0.12054357677698135,0.0001,1e-05,50.121,3.6648,1.277
4193,stage2,2,0.11280330270528793,0.28813815116882324,0.0,0.11280330270528793,0.0001,1e-05,50.122,3.5633,1.0116
4194,stage2,2,0.12941598892211914,0.2902339994907379,0.0,0.12941598892211914,0.0001,1e-05,50.121,3.5946,1.0074
4195,stage2,2,0.11742902547121048,0.30421683192253113,0.0,0.11742902547121048,0.0001,1e-05,50.121,3.1361,1.0144
4196,stage2,2,0.10342094302177429,0.2888464331626892,0.0,0.10342094302177429,0.0001,1e-05,50.119,2.6793,1.0305
4197,stage2,2,0.1062171682715416,0.3121334910392761,0.0,0.1062171682715416,0.0001,1e-05,50.12,2.7562,1.0105
4198,stage2,2,0.10629253089427948,0.310333251953125,0.0,0.10629253089427948,0.0001,1e-05,50.12,2.9214,1.0079
4199,stage2,2,0.1267644613981247,0.30760666728019714,0.0,0.1267644613981247,0.0001,1e-05,50.12,3.4738,1.0044
4200,stage2,2,0.10843531042337418,0.33908534049987793,0.0,0.10843531042337418,0.0001,1e-05,50.123,3.1197,1.4346
4201,stage2,2,0.12658624351024628,0.30749037861824036,0.0,0.12658624351024628,0.0001,1e-05,50.122,2.8531,1.0126
4202,stage2,2,0.12044418603181839,0.29891717433929443,0.0,0.12044418603181839,0.0001,1e-05,50.119,3.1919,1.0036
4203,stage2,2,0.10865499079227448,0.3107052743434906,0.0,0.10865499079227448,0.0001,1e-05,50.12,3.2172,1.0174
4204,stage2,2,0.12096209824085236,0.3321145474910736,0.0,0.12096209824085236,0.0001,1e-05,50.117,3.4469,1.0266
4205,stage2,2,0.11437737941741943,0.30297738313674927,0.0,0.11437737941741943,0.0001,1e-05,50.121,3.1522,1.0143
4206,stage2,2,0.1281232237815857,0.3083297908306122,0.0,0.1281232237815857,0.0001,1e-05,50.121,3.6625,1.0061
4207,stage2,2,0.11245578527450562,0.29831862449645996,0.0,0.11245578527450562,0.0001,1e-05,50.121,2.9502,1.0131
4208,stage2,2,0.1109640896320343,0.29747289419174194,0.0,0.1109640896320343,0.0001,1e-05,50.122,3.0572,1.1996
4209,stage2,2,0.12034694105386734,0.30640724301338196,0.0,0.12034694105386734,0.0001,1e-05,50.122,3.0268,0.971
4210,stage2,2,0.09466545283794403,0.3209291696548462,0.0,0.09466545283794403,0.0001,1e-05,50.118,2.9888,1.0171
4211,stage2,2,0.13218854367733002,0.30111029744148254,0.0,0.13218854367733002,0.0001,1e-05,50.117,4.164,1.0245
4212,stage2,2,0.1106392964720726,0.30022674798965454,0.0,0.1106392964720726,0.0001,1e-05,50.12,3.2532,1.0121
4213,stage2,2,0.09190037846565247,0.30189451575279236,0.0,0.09190037846565247,0.0001,1e-05,50.121,3.2526,1.0054
4214,stage2,2,0.11883235722780228,0.301344096660614,0.0,0.11883235722780228,0.0001,1e-05,50.121,3.5524,1.0049
4215,stage2,2,0.12886592745780945,0.3078838288784027,0.0,0.12886592745780945,0.0001,1e-05,50.117,4.2216,1.0423
4216,stage2,2,0.10776272416114807,0.3214122951030731,0.0,0.10776272416114807,0.0001,1e-05,50.119,2.9543,1.3
4217,stage2,2,0.11931820958852768,0.35952502489089966,0.0,0.11931820958852768,0.0001,1e-05,50.12,3.4957,1.0056
4218,stage2,2,0.12993626296520233,0.3119977116584778,0.0,0.12993626296520233,0.0001,1e-05,50.116,2.9426,1.0091
4219,stage2,2,0.12391752749681473,0.31175556778907776,0.0,0.12391752749681473,0.0001,1e-05,50.117,3.4985,1.0346
4220,stage2,2,0.11988159269094467,0.34214577078819275,0.0,0.11988159269094467,0.0001,1e-05,50.117,3.7781,1.0112
4221,stage2,2,0.13005608320236206,0.3126254379749298,0.0,0.13005608320236206,0.0001,1e-05,50.119,3.502,1.0098
4222,stage2,2,0.12068843841552734,0.3242560029029846,0.0,0.12068843841552734,0.0001,1e-05,50.121,2.5382,1.0125
4223,stage2,2,0.11756181716918945,0.33214426040649414,0.0,0.11756181716918945,0.0001,1e-05,50.12,3.3554,1.0283
4224,stage2,2,0.13380484282970428,0.30785539746284485,0.0,0.13380484282970428,0.0001,1e-05,50.121,4.2698,1.2151
4225,stage2,2,0.10300474613904953,0.32102009654045105,0.0,0.10300474613904953,0.0001,1e-05,50.122,3.1384,1.0121
4226,stage2,2,0.12098760902881622,0.3428834080696106,0.0,0.12098760902881622,0.0001,1e-05,50.116,3.1868,1.0296
4227,stage2,2,0.12428491562604904,0.32416072487831116,0.0,0.12428491562604904,0.0001,1e-05,50.119,3.879,1.0141
4228,stage2,2,0.12395495921373367,0.33826524019241333,0.0,0.12395495921373367,0.0001,1e-05,50.118,3.2226,1.0048
4229,stage2,2,0.10168389976024628,0.3178982436656952,0.0,0.10168389976024628,0.0001,1e-05,50.12,3.1997,1.0163
4230,stage2,2,0.11010783165693283,0.3087875247001648,0.0,0.11010783165693283,0.0001,1e-05,50.12,3.0638,1.0256
4231,stage2,2,0.12637819349765778,0.34198981523513794,0.0,0.12637819349765778,0.0001,1e-05,50.115,2.995,1.0107
4232,stage2,2,0.12388728559017181,0.32077091932296753,0.0,0.12388728559017181,0.0001,1e-05,50.123,3.4111,1.2569
4233,stage2,2,0.11812750995159149,0.310634046792984,0.0,0.11812750995159149,0.0001,1e-05,50.121,3.1512,1.0129
4234,stage2,2,0.1122949942946434,0.328609436750412,0.0,0.1122949942946434,0.0001,1e-05,50.118,3.4863,1.0083
4235,stage2,2,0.11144516617059708,0.2920829653739929,0.0,0.11144516617059708,0.0001,1e-05,50.119,3.3036,1.0325
4236,stage2,2,0.1148531511425972,0.3379277288913727,0.0,0.1148531511425972,0.0001,1e-05,50.122,2.872,1.0249
4237,stage2,2,0.11653528362512589,0.3179852366447449,0.0,0.11653528362512589,0.0001,1e-05,50.12,3.1626,1.0234
4238,stage2,2,0.12349466979503632,0.3033868074417114,0.0,0.12349466979503632,0.0001,1e-05,50.121,3.1431,1.0191
4239,stage2,2,0.1268264651298523,0.317716121673584,0.0,0.1268264651298523,0.0001,1e-05,50.12,3.4564,1.0162
4240,stage2,2,0.12577973306179047,0.316208153963089,0.0,0.12577973306179047,0.0001,1e-05,50.119,3.4521,1.1973
4241,stage2,2,0.13058380782604218,0.32118621468544006,0.0,0.13058380782604218,0.0001,1e-05,50.12,3.9219,1.0136
4242,stage2,2,0.13181178271770477,0.32495012879371643,0.0,0.13181178271770477,0.0001,1e-05,50.119,3.4245,1.0275
4243,stage2,2,0.11788959056138992,0.3242579698562622,0.0,0.11788959056138992,0.0001,1e-05,50.118,2.8346,1.0094
4244,stage2,2,0.10357124358415604,0.32102349400520325,0.0,0.10357124358415604,0.0001,1e-05,50.121,2.7299,1.0077
4245,stage2,2,0.13811372220516205,0.31676536798477173,0.0,0.13811372220516205,0.0001,1e-05,50.123,3.3006,1.0112
4246,stage2,2,0.11328340321779251,0.30751657485961914,0.0,0.11328340321779251,0.0001,1e-05,50.118,3.1633,1.0325
4247,stage2,2,0.11851706355810165,0.3245110809803009,0.0,0.11851706355810165,0.0001,1e-05,50.116,3.2452,1.0138
4248,stage2,2,0.11867701262235641,0.3477342426776886,0.0,0.11867701262235641,0.0001,1e-05,50.122,3.1096,1.3122
4249,stage2,2,0.12993410229682922,0.3116128444671631,0.0,0.12993410229682922,0.0001,1e-05,50.119,3.8784,1.0313
4250,stage2,2,0.10547015815973282,0.3025186359882355,0.0,0.10547015815973282,0.0001,1e-05,50.118,2.6693,1.0165
4251,stage2,2,0.11224418133497238,0.31960418820381165,0.0,0.11224418133497238,0.0001,1e-05,50.122,2.9711,1.0054
4252,stage2,2,0.10574692487716675,0.32283905148506165,0.0,0.10574692487716675,0.0001,1e-05,50.119,2.8968,1.02
4253,stage2,2,0.12734560668468475,0.3309381902217865,0.0,0.12734560668468475,0.0001,1e-05,50.117,3.0635,1.0201
4254,stage2,2,0.10718794912099838,0.32195478677749634,0.0,0.10718794912099838,0.0001,1e-05,50.121,3.5929,1.0132
4255,stage2,2,0.13551734387874603,0.33198484778404236,0.0,0.13551734387874603,0.0001,1e-05,50.121,4.4851,1.0088
4256,stage2,2,0.11695969849824905,0.31788399815559387,0.0,0.11695969849824905,0.0001,1e-05,50.119,3.3787,1.283
4257,stage2,2,0.1264171153306961,0.29116523265838623,0.0,0.1264171153306961,0.0001,1e-05,50.12,3.2968,1.0318
4258,stage2,2,0.14563600718975067,0.32555168867111206,0.0,0.14563600718975067,0.0001,1e-05,50.12,5.4941,1.0112
4259,stage2,2,0.12125013768672943,0.32838383316993713,0.0,0.12125013768672943,0.0001,1e-05,50.12,3.3734,1.0085
4260,stage2,2,0.12253400683403015,0.31031638383865356,0.0,0.12253400683403015,0.0001,1e-05,50.122,3.1278,0.9065
4261,stage2,2,0.10232904553413391,0.28774145245552063,0.0,0.10232904553413391,0.0001,1e-05,50.121,2.6119,1.0188
4262,stage2,2,0.09309189021587372,0.3315335810184479,0.0,0.09309189021587372,0.0001,1e-05,50.121,2.5122,1.0124
4263,stage2,2,0.10921663790941238,0.3303205072879791,0.0,0.10921663790941238,0.0001,1e-05,50.12,2.9276,1.0042
4264,stage2,2,0.11222992092370987,0.31538936495780945,0.0,0.11222992092370987,0.0001,1e-05,50.119,3.1603,1.4863
4265,stage2,2,0.11942100524902344,0.3521673381328583,0.0,0.11942100524902344,0.0001,1e-05,50.118,3.5859,1.0018
4266,stage2,2,0.13207568228244781,0.32041242718696594,0.0,0.13207568228244781,0.0001,1e-05,50.119,2.9992,1.0141
4267,stage2,2,0.1307888925075531,0.3238827586174011,0.0,0.1307888925075531,0.0001,1e-05,50.122,3.5622,1.027
4268,stage2,2,0.12632249295711517,0.28447863459587097,0.0,0.12632249295711517,0.0001,1e-05,50.123,3.5946,1.0075
4269,stage2,2,0.10663392394781113,0.30669906735420227,0.0,0.10663392394781113,0.0001,1e-05,50.123,3.3095,1.0052
4270,stage2,2,0.1327602118253708,0.307111918926239,0.0,0.1327602118253708,0.0001,1e-05,50.121,3.5397,1.0078
4271,stage2,2,0.12290390580892563,0.31584519147872925,0.0,0.12290390580892563,0.0001,1e-05,50.119,3.6329,1.0104
4272,stage2,2,0.13306944072246552,0.335096538066864,0.0,0.13306944072246552,0.0001,1e-05,50.12,3.5123,1.6756
4273,stage2,2,0.10499605536460876,0.2919503450393677,0.0,0.10499605536460876,0.0001,1e-05,50.12,2.8158,1.0054
4274,stage2,2,0.11750151216983795,0.3098044693470001,0.0,0.11750151216983795,0.0001,1e-05,50.121,3.5941,1.0061
4275,stage2,2,0.1274808943271637,0.31289374828338623,0.0,0.1274808943271637,0.0001,1e-05,50.124,3.1389,1.0088
4276,stage2,2,0.10751590132713318,0.30511748790740967,0.0,0.10751590132713318,0.0001,1e-05,50.123,3.2225,1.0318
4277,stage2,2,0.13315492868423462,0.3369097113609314,0.0,0.13315492868423462,0.0001,1e-05,50.12,3.9542,1.0118
4278,stage2,2,0.12223705649375916,0.3081035017967224,0.0,0.12223705649375916,0.0001,1e-05,50.12,4.3574,1.0079
4279,stage2,2,0.11755673587322235,0.31292077898979187,0.0,0.11755673587322235,0.0001,1e-05,50.122,3.1968,1.0064
4280,stage2,2,0.12318085879087448,0.3464336395263672,0.0,0.12318085879087448,0.0001,1e-05,50.122,3.6726,1.5497
4281,stage2,2,0.10384014248847961,0.35128241777420044,0.0,0.10384014248847961,0.0001,1e-05,50.122,2.7947,1.009
4282,stage2,2,0.11868659406900406,0.3141532838344574,0.0,0.11868659406900406,0.0001,1e-05,50.119,3.4758,1.0017
4283,stage2,2,0.13230006396770477,0.32101795077323914,0.0,0.13230006396770477,0.0001,1e-05,50.124,3.6948,1.0042
4284,stage2,2,0.12582485377788544,0.2980470657348633,0.0,0.12582485377788544,0.0001,1e-05,50.125,3.0319,0.9967
4285,stage2,2,0.12254118174314499,0.3164938688278198,0.0,0.12254118174314499,0.0001,1e-05,50.12,3.3303,1.0017
4286,stage2,2,0.11646758764982224,0.3005618751049042,0.0,0.11646758764982224,0.0001,1e-05,50.119,2.9068,1.0012
4287,stage2,2,0.10798097401857376,0.31386101245880127,0.0,0.10798097401857376,0.0001,1e-05,50.127,2.8225,1.0067
4288,stage2,2,0.1118280291557312,0.32609549164772034,0.0,0.1118280291557312,0.0001,1e-05,50.125,2.8721,2.0002
4289,stage2,2,0.12953072786331177,0.3332793414592743,0.0,0.12953072786331177,0.0001,1e-05,50.119,4.2162,1.0064
4290,stage2,2,0.11463634669780731,0.29382410645484924,0.0,0.11463634669780731,0.0001,1e-05,50.121,3.3482,1.004
4291,stage2,2,0.10353171080350876,0.3152237832546234,0.0,0.10353171080350876,0.0001,1e-05,50.119,2.9404,1.0057
4292,stage2,2,0.10534704476594925,0.3399960398674011,0.0,0.10534704476594925,0.0001,1e-05,50.12,2.7468,1.0046
4293,stage2,2,0.09607155621051788,0.288724422454834,0.0,0.09607155621051788,0.0001,1e-05,50.122,2.6628,1.0025
4294,stage2,2,0.10998909920454025,0.28985366225242615,0.0,0.10998909920454025,0.0001,1e-05,50.123,2.9607,1.0014
4295,stage2,2,0.10692506283521652,0.3002059757709503,0.0,0.10692506283521652,0.0001,1e-05,50.12,2.8664,0.9986
4296,stage2,2,0.11508578062057495,0.3087034225463867,0.0,0.11508578062057495,0.0001,1e-05,50.118,3.0873,1.717
4297,stage2,2,0.1191813200712204,0.3392466902732849,0.0,0.1191813200712204,0.0001,1e-05,50.122,2.9771,0.9999
4298,stage2,2,0.12022421509027481,0.29736384749412537,0.0,0.12022421509027481,0.0001,1e-05,50.119,3.2227,1.0053
4299,stage2,2,0.1113317459821701,0.31165748834609985,0.0,0.1113317459821701,0.0001,1e-05,50.123,2.6054,1.008
4300,stage2,2,0.11334551125764847,0.3219873905181885,0.0,0.11334551125764847,0.0001,1e-05,50.125,3.2895,1.0039
4301,stage2,2,0.14518728852272034,0.3607676923274994,0.0,0.14518728852272034,0.0001,1e-05,50.121,3.4381,1.0066
4302,stage2,2,0.10266194492578506,0.299729585647583,0.0,0.10266194492578506,0.0001,1e-05,50.122,2.5825,1.008
4303,stage2,2,0.10461319237947464,0.31798288226127625,0.0,0.10461319237947464,0.0001,1e-05,50.121,3.2806,1.0296
4304,stage2,2,0.12030484527349472,0.3236575126647949,0.0,0.12030484527349472,0.0001,1e-05,50.119,4.079,1.7588
4305,stage2,2,0.11729280650615692,0.31506672501564026,0.0,0.11729280650615692,0.0001,1e-05,50.122,3.4254,1.0043
4306,stage2,2,0.11776641756296158,0.31675565242767334,0.0,0.11776641756296158,0.0001,1e-05,50.121,2.9075,1.0275
4307,stage2,2,0.1284538358449936,0.3102783262729645,0.0,0.1284538358449936,0.0001,1e-05,50.124,3.2012,1.0211
4308,stage2,2,0.1148957908153534,0.287045955657959,0.0,0.1148957908153534,0.0001,1e-05,50.121,3.3966,1.0076
4309,stage2,2,0.11358784884214401,0.3316076099872589,0.0,0.11358784884214401,0.0001,1e-05,50.12,3.4239,1.0148
4310,stage2,2,0.1237652599811554,0.310329794883728,0.0,0.1237652599811554,0.0001,1e-05,50.124,3.3823,1.0204
4311,stage2,2,0.11319304257631302,0.3385539650917053,0.0,0.11319304257631302,0.0001,1e-05,50.123,3.0408,1.0139
4312,stage2,2,0.11951910704374313,0.34659141302108765,0.0,0.11951910704374313,0.0001,1e-05,50.123,3.0758,1.5108
4313,stage2,2,0.11895263195037842,0.3314363956451416,0.0,0.11895263195037842,0.0001,1e-05,50.124,3.402,1.0313
4314,stage2,2,0.11285243928432465,0.3031436502933502,0.0,0.11285243928432465,0.0001,1e-05,50.123,2.9493,1.0109
4315,stage2,2,0.11645349860191345,0.32702314853668213,0.0,0.11645349860191345,0.0001,1e-05,50.12,2.8145,1.0077
4316,stage2,2,0.12118969857692719,0.3476807773113251,0.0,0.12118969857692719,0.0001,1e-05,50.124,3.4509,1.0
4317,stage2,2,0.1035730391740799,0.3100122809410095,0.0,0.1035730391740799,0.0001,1e-05,50.121,3.3294,1.0053
4318,stage2,2,0.11054757237434387,0.2910580039024353,0.0,0.11054757237434387,0.0001,1e-05,50.118,3.3355,1.0029
4319,stage2,2,0.08946217596530914,0.33066922426223755,0.0,0.08946217596530914,0.0001,1e-05,50.12,2.5177,1.0023
4320,stage2,2,0.11888407915830612,0.32978707551956177,0.0,0.11888407915830612,0.0001,1e-05,50.124,3.3812,1.6765
4321,stage2,2,0.10928931832313538,0.3269936442375183,0.0,0.10928931832313538,0.0001,1e-05,50.123,2.9972,1.0133
4322,stage2,2,0.11638174206018448,0.31951481103897095,0.0,0.11638174206018448,0.0001,1e-05,50.119,3.1339,1.0029
4323,stage2,2,0.1292080283164978,0.3012618124485016,0.0,0.1292080283164978,0.0001,1e-05,50.121,3.3101,1.0075
4324,stage2,2,0.12075868248939514,0.3154201805591583,0.0,0.12075868248939514,0.0001,1e-05,50.122,3.2445,1.0023
4325,stage2,2,0.1074162945151329,0.29182615876197815,0.0,0.1074162945151329,0.0001,1e-05,50.118,3.3921,1.0041
4326,stage2,2,0.11670377850532532,0.31218093633651733,0.0,0.11670377850532532,0.0001,1e-05,50.118,3.386,0.9998
4327,stage2,2,0.12417250871658325,0.3177083432674408,0.0,0.12417250871658325,0.0001,1e-05,50.119,2.8937,1.004
4328,stage2,2,0.10747256875038147,0.3214869797229767,0.0,0.10747256875038147,0.0001,1e-05,50.122,3.2425,1.7693
4329,stage2,2,0.09243528544902802,0.3420735001564026,0.0,0.09243528544902802,0.0001,1e-05,50.123,3.0314,1.0157
4330,stage2,2,0.12033592164516449,0.31539422273635864,0.0,0.12033592164516449,0.0001,1e-05,50.119,2.9282,1.007
4331,stage2,2,0.12593573331832886,0.318632572889328,0.0,0.12593573331832886,0.0001,1e-05,50.119,4.4028,1.0047
4332,stage2,2,0.12374819815158844,0.29802969098091125,0.0,0.12374819815158844,0.0001,1e-05,50.117,3.7855,1.0029
4333,stage2,2,0.1107403114438057,0.28973516821861267,0.0,0.1107403114438057,0.0001,1e-05,50.121,3.3934,1.0038
4334,stage2,2,0.11394371092319489,0.31411486864089966,0.0,0.11394371092319489,0.0001,1e-05,50.12,3.1584,1.0067
4335,stage2,2,0.10428570210933685,0.3047119081020355,0.0,0.10428570210933685,0.0001,1e-05,50.122,2.7058,1.0287
4336,stage2,2,0.12739193439483643,0.30701279640197754,0.0,0.12739193439483643,0.0001,1e-05,50.117,4.1384,1.6891
4337,stage2,2,0.12697631120681763,0.3038185238838196,0.0,0.12697631120681763,0.0001,1e-05,50.117,3.9596,1.0078
4338,stage2,2,0.1389050930738449,0.3197905719280243,0.0,0.1389050930738449,0.0001,1e-05,50.119,3.3954,1.0045
4339,stage2,2,0.11245374381542206,0.32093489170074463,0.0,0.11245374381542206,0.0001,1e-05,50.118,3.2746,1.0037
4340,stage2,2,0.12143372744321823,0.320860892534256,0.0,0.12143372744321823,0.0001,1e-05,50.119,3.6027,1.0068
4341,stage2,2,0.10404691845178604,0.3421294093132019,0.0,0.10404691845178604,0.0001,1e-05,50.119,3.1754,1.0057
4342,stage2,2,0.10937364399433136,0.30936163663864136,0.0,0.10937364399433136,0.0001,1e-05,50.119,3.2233,1.0027
4343,stage2,2,0.13876058161258698,0.30288225412368774,0.0,0.13876058161258698,0.0001,1e-05,50.12,5.356,1.0019
4344,stage2,2,0.1357879340648651,0.30310752987861633,0.0,0.1357879340648651,0.0001,1e-05,50.121,3.9693,1.7173
4345,stage2,2,0.12109638005495071,0.3010471761226654,0.0,0.12109638005495071,0.0001,1e-05,50.119,3.3181,1.031
4346,stage2,2,0.12452468276023865,0.32234445214271545,0.0,0.12452468276023865,0.0001,1e-05,50.12,3.2344,1.007
4347,stage2,2,0.10671860724687576,0.31256750226020813,0.0,0.10671860724687576,0.0001,1e-05,50.119,2.6387,1.0053
4348,stage2,2,0.1163698360323906,0.3148876130580902,0.0,0.1163698360323906,0.0001,1e-05,50.121,3.2415,1.0014
4349,stage2,2,0.12576767802238464,0.29190388321876526,0.0,0.12576767802238464,0.0001,1e-05,50.117,3.4589,1.0034
4350,stage2,2,0.10636033117771149,0.32010743021965027,0.0,0.10636033117771149,0.0001,1e-05,50.121,3.2105,1.0034
4351,stage2,2,0.12728260457515717,0.3645596504211426,0.0,0.12728260457515717,0.0001,1e-05,50.122,3.6591,1.0052
4352,stage2,2,0.11104492843151093,0.33067798614501953,0.0,0.11104492843151093,0.0001,1e-05,50.117,2.9556,1.6173
4353,stage2,2,0.12980499863624573,0.30787888169288635,0.0,0.12980499863624573,0.0001,1e-05,50.12,3.2738,1.0076
4354,stage2,2,0.11090042442083359,0.3281712830066681,0.0,0.11090042442083359,0.0001,1e-05,50.117,3.5118,1.0095
4355,stage2,2,0.11905061453580856,0.3067299425601959,0.0,0.11905061453580856,0.0001,1e-05,50.119,3.8118,1.0178
4356,stage2,2,0.12068738043308258,0.3225913643836975,0.0,0.12068738043308258,0.0001,1e-05,50.12,2.9733,1.0143
4357,stage2,2,0.11631343513727188,0.28952649235725403,0.0,0.11631343513727188,0.0001,1e-05,50.121,3.6193,1.0062
4358,stage2,2,0.11436610668897629,0.3202441334724426,0.0,0.11436610668897629,0.0001,1e-05,50.119,3.4325,1.0035
4359,stage2,2,0.1396842747926712,0.34548625349998474,0.0,0.1396842747926712,0.0001,1e-05,50.121,4.2864,1.0152
4360,stage2,2,0.09286826103925705,0.3271203637123108,0.0,0.09286826103925705,0.0001,1e-05,50.118,2.631,1.5694
4361,stage2,2,0.11719240993261337,0.3060455024242401,0.0,0.11719240993261337,0.0001,1e-05,50.119,3.5726,1.0256
4362,stage2,2,0.11848565936088562,0.30117228627204895,0.0,0.11848565936088562,0.0001,1e-05,50.12,2.9503,1.0116
4363,stage2,2,0.13418075442314148,0.33275553584098816,0.0,0.13418075442314148,0.0001,1e-05,50.12,3.3427,1.0045
4364,stage2,2,0.1168680489063263,0.2824280560016632,0.0,0.1168680489063263,0.0001,1e-05,50.119,2.8829,1.0039
4365,stage2,2,0.11936166137456894,0.3333553075790405,0.0,0.11936166137456894,0.0001,1e-05,50.12,3.1706,1.0191
4366,stage2,2,0.1160452663898468,0.30262839794158936,0.0,0.1160452663898468,0.0001,1e-05,50.121,2.9503,1.0184
4367,stage2,2,0.11840560287237167,0.3193879723548889,0.0,0.11840560287237167,0.0001,1e-05,50.12,3.1323,1.0089
4368,stage2,2,0.13160741329193115,0.30271926522254944,0.0,0.13160741329193115,0.0001,1e-05,50.121,3.2473,1.4213
4369,stage2,2,0.11589768528938293,0.3106682300567627,0.0,0.11589768528938293,0.0001,1e-05,50.119,3.6078,1.0054
4370,stage2,2,0.09910247474908829,0.2856765687465668,0.0,0.09910247474908829,0.0001,1e-05,50.117,2.6917,1.0274
4371,stage2,2,0.12092305719852448,0.30085715651512146,0.0,0.12092305719852448,0.0001,1e-05,50.117,3.2755,1.0143
4372,stage2,2,0.09007133543491364,0.3185226619243622,0.0,0.09007133543491364,0.0001,1e-05,50.114,2.5507,1.0031
4373,stage2,2,0.11396201699972153,0.3387671411037445,0.0,0.11396201699972153,0.0001,1e-05,50.116,3.3874,0.9999
4374,stage2,2,0.08539807051420212,0.30388426780700684,0.0,0.08539807051420212,0.0001,1e-05,50.115,2.6556,1.0054
4375,stage2,2,0.10661917179822922,0.3116793632507324,0.0,0.10661917179822922,0.0001,1e-05,50.118,2.811,1.0025
4376,stage2,2,0.10605139285326004,0.32187169790267944,0.0,0.10605139285326004,0.0001,1e-05,50.115,3.4166,1.5786
4377,stage2,2,0.10735612362623215,0.33291637897491455,0.0,0.10735612362623215,0.0001,1e-05,50.116,2.4323,1.0058
4378,stage2,2,0.09940814971923828,0.32445478439331055,0.0,0.09940814971923828,0.0001,1e-05,50.117,2.8155,1.0014
4379,stage2,2,0.1206226721405983,0.302985280752182,0.0,0.1206226721405983,0.0001,1e-05,50.119,3.1151,1.0028
4380,stage2,2,0.10467829555273056,0.3171416223049164,0.0,0.10467829555273056,0.0001,1e-05,50.119,3.7313,1.0014
4381,stage2,2,0.11410953849554062,0.30246904492378235,0.0,0.11410953849554062,0.0001,1e-05,50.115,3.5432,1.0044
4382,stage2,2,0.12256867438554764,0.28771287202835083,0.0,0.12256867438554764,0.0001,1e-05,50.119,2.9927,0.9995
4383,stage2,2,0.120108962059021,0.3152834177017212,0.0,0.120108962059021,0.0001,1e-05,50.118,3.9187,1.0093
4384,stage2,2,0.10854913294315338,0.3016996681690216,0.0,0.10854913294315338,0.0001,1e-05,50.114,3.474,1.5367
4385,stage2,2,0.11787602305412292,0.3180652856826782,0.0,0.11787602305412292,0.0001,1e-05,50.118,3.0558,1.0227
4386,stage2,2,0.11513657867908478,0.3214544355869293,0.0,0.11513657867908478,0.0001,1e-05,50.118,3.8808,1.0115
4387,stage2,2,0.1350255012512207,0.30845698714256287,0.0,0.1350255012512207,0.0001,1e-05,50.116,3.689,1.0068
4388,stage2,2,0.10696394741535187,0.3151985704898834,0.0,0.10696394741535187,0.0001,1e-05,50.12,3.2318,1.0051
4389,stage2,2,0.11433924734592438,0.300643652677536,0.0,0.11433924734592438,0.0001,1e-05,50.119,3.5995,1.0016
4390,stage2,2,0.1218685582280159,0.28871577978134155,0.0,0.1218685582280159,0.0001,1e-05,50.121,3.3156,1.0033
4391,stage2,2,0.11644425243139267,0.303325891494751,0.0,0.11644425243139267,0.0001,1e-05,50.119,3.725,1.0095
4392,stage2,2,0.09571550786495209,0.32168060541152954,0.0,0.09571550786495209,0.0001,1e-05,50.118,3.244,1.5976
4393,stage2,2,0.12667609751224518,0.31953665614128113,0.0,0.12667609751224518,0.0001,1e-05,50.121,4.2289,1.0106
4394,stage2,2,0.12381588667631149,0.3055534362792969,0.0,0.12381588667631149,0.0001,1e-05,50.119,3.58,1.0261
4395,stage2,2,0.1227027103304863,0.3175589144229889,0.0,0.1227027103304863,0.0001,1e-05,50.117,3.3457,1.0121
4396,stage2,2,0.1185915395617485,0.33263176679611206,0.0,0.1185915395617485,0.0001,1e-05,50.116,3.1058,1.0056
4397,stage2,2,0.11185774207115173,0.32039713859558105,0.0,0.11185774207115173,0.0001,1e-05,50.117,3.2639,1.0071
4398,stage2,2,0.1156868115067482,0.31207507848739624,0.0,0.1156868115067482,0.0001,1e-05,50.116,3.2205,1.0308
4399,stage2,2,0.1039503663778305,0.331431120634079,0.0,0.1039503663778305,0.0001,1e-05,50.116,2.7809,1.0093
4400,stage2,2,0.10697481036186218,0.3108569085597992,0.0,0.10697481036186218,0.0001,1e-05,50.12,3.2607,1.5172
4401,stage2,2,0.12569200992584229,0.32728323340415955,0.0,0.12569200992584229,0.0001,1e-05,50.116,3.4291,1.0022
4402,stage2,2,0.10513808578252792,0.30745768547058105,0.0,0.10513808578252792,0.0001,1e-05,50.119,3.3528,1.0078
4403,stage2,2,0.12121783941984177,0.3262999653816223,0.0,0.12121783941984177,0.0001,1e-05,50.117,3.9123,0.9994
4404,stage2,2,0.12402692437171936,0.3250797390937805,0.0,0.12402692437171936,0.0001,1e-05,50.119,2.6503,1.0053
4405,stage2,2,0.09993454813957214,0.33529919385910034,0.0,0.09993454813957214,0.0001,1e-05,50.118,3.1485,1.0038
4406,stage2,2,0.1073395162820816,0.2991560399532318,0.0,0.1073395162820816,0.0001,1e-05,50.12,2.8318,1.0042
4407,stage2,2,0.13745415210723877,0.305033802986145,0.0,0.13745415210723877,0.0001,1e-05,50.12,3.9952,1.005
4408,stage2,2,0.1328621655702591,0.33966919779777527,0.0,0.1328621655702591,0.0001,1e-05,50.119,3.6332,1.6865
4409,stage2,2,0.11373165994882584,0.3208777904510498,0.0,0.11373165994882584,0.0001,1e-05,50.117,2.7505,1.0067
4410,stage2,2,0.12047266960144043,0.3572160303592682,0.0,0.12047266960144043,0.0001,1e-05,50.117,3.5897,1.0072
4411,stage2,2,0.1162850558757782,0.3199228048324585,0.0,0.1162850558757782,0.0001,1e-05,50.117,3.6727,1.006
4412,stage2,2,0.1226147711277008,0.30556759238243103,0.0,0.1226147711277008,0.0001,1e-05,50.117,3.1911,0.9978
4413,stage2,2,0.13071666657924652,0.329756498336792,0.0,0.13071666657924652,0.0001,1e-05,50.119,4.28,1.0076
4414,stage2,2,0.10670650005340576,0.3321346938610077,0.0,0.10670650005340576,0.0001,1e-05,50.119,3.5048,1.0016
4415,stage2,2,0.12682543694972992,0.3098727762699127,0.0,0.12682543694972992,0.0001,1e-05,50.119,3.9779,0.9995
4416,stage2,2,0.10536634176969528,0.3104373812675476,0.0,0.10536634176969528,0.0001,1e-05,50.116,3.0701,1.6942
4417,stage2,2,0.1200631782412529,0.30926012992858887,0.0,0.1200631782412529,0.0001,1e-05,50.116,3.2243,1.0027
4418,stage2,2,0.1082843467593193,0.31916114687919617,0.0,0.1082843467593193,0.0001,1e-05,50.116,3.7159,1.0048
4419,stage2,2,0.1206565573811531,0.2986200451850891,0.0,0.1206565573811531,0.0001,1e-05,50.116,2.8919,1.0096
4420,stage2,2,0.1082300990819931,0.32071545720100403,0.0,0.1082300990819931,0.0001,1e-05,50.117,3.3939,1.0298
4421,stage2,2,0.1178765743970871,0.30573198199272156,0.0,0.1178765743970871,0.0001,1e-05,50.116,3.4482,1.0092
4422,stage2,2,0.11585810780525208,0.32251396775245667,0.0,0.11585810780525208,0.0001,1e-05,50.119,3.2576,1.0083
4423,stage2,2,0.12048672139644623,0.28806695342063904,0.0,0.12048672139644623,0.0001,1e-05,50.119,3.3625,1.0056
4424,stage2,2,0.11974930763244629,0.30896395444869995,0.0,0.11974930763244629,0.0001,1e-05,50.118,3.2273,1.6105
4425,stage2,2,0.09693287312984467,0.3397466540336609,0.0,0.09693287312984467,0.0001,1e-05,50.116,2.7046,1.0129
4426,stage2,2,0.11117347329854965,0.3097095787525177,0.0,0.11117347329854965,0.0001,1e-05,50.118,3.6354,1.0281
4427,stage2,2,0.11953728646039963,0.3253636956214905,0.0,0.11953728646039963,0.0001,1e-05,50.116,3.9064,1.0066
4428,stage2,2,0.11677956581115723,0.2982790470123291,0.0,0.11677956581115723,0.0001,1e-05,50.119,3.583,1.0008
4429,stage2,2,0.11480344831943512,0.3190685510635376,0.0,0.11480344831943512,0.0001,1e-05,50.116,3.7968,1.0017
4430,stage2,2,0.11674144864082336,0.30116599798202515,0.0,0.11674144864082336,0.0001,1e-05,50.119,3.1083,1.0027
4431,stage2,2,0.12155722081661224,0.30879753828048706,0.0,0.12155722081661224,0.0001,1e-05,50.115,3.3414,1.0025
4432,stage2,2,0.11532610654830933,0.32353654503822327,0.0,0.11532610654830933,0.0001,1e-05,50.119,2.8487,1.672
4433,stage2,2,0.11325044929981232,0.3033704459667206,0.0,0.11325044929981232,0.0001,1e-05,50.119,2.7408,1.0132
4434,stage2,2,0.11132939159870148,0.3189558982849121,0.0,0.11132939159870148,0.0001,1e-05,50.121,3.1298,1.0094
4435,stage2,2,0.1051558330655098,0.3270494043827057,0.0,0.1051558330655098,0.0001,1e-05,50.119,3.2458,1.0045
4436,stage2,2,0.11582200974225998,0.3132078945636749,0.0,0.11582200974225998,0.0001,1e-05,50.12,3.2161,1.0068
4437,stage2,2,0.10521168261766434,0.3329962193965912,0.0,0.10521168261766434,0.0001,1e-05,50.121,3.2421,0.9992
4438,stage2,2,0.13173581659793854,0.3282686769962311,0.0,0.13173581659793854,0.0001,1e-05,50.122,3.35,1.001
4439,stage2,2,0.10920922458171844,0.31223729252815247,0.0,0.10920922458171844,0.0001,1e-05,50.119,2.7982,1.0104
4440,stage2,2,0.11805074661970139,0.2938651442527771,0.0,0.11805074661970139,0.0001,1e-05,50.118,3.1026,1.475
4441,stage2,2,0.1138434037566185,0.2987954020500183,0.0,0.1138434037566185,0.0001,1e-05,50.118,3.1374,1.006
4442,stage2,2,0.11529600620269775,0.2978609502315521,0.0,0.11529600620269775,0.0001,1e-05,50.117,2.8131,1.0065
4443,stage2,2,0.1201016828417778,0.3239872455596924,0.0,0.1201016828417778,0.0001,1e-05,50.116,3.7849,1.0022
4444,stage2,2,0.11585637927055359,0.31768688559532166,0.0,0.11585637927055359,0.0001,1e-05,50.116,3.0634,1.0116
4445,stage2,2,0.11617712676525116,0.3272383213043213,0.0,0.11617712676525116,0.0001,1e-05,50.118,3.2176,1.0274
4446,stage2,2,0.11831019073724747,0.2932420074939728,0.0,0.11831019073724747,0.0001,1e-05,50.118,3.393,1.0116
4447,stage2,2,0.10478364676237106,0.3298281133174896,0.0,0.10478364676237106,0.0001,1e-05,50.119,3.8337,1.0075
4448,stage2,2,0.11402222514152527,0.3087231516838074,0.0,0.11402222514152527,0.0001,1e-05,50.118,3.4151,1.4147
4449,stage2,2,0.10048675537109375,0.3111475110054016,0.0,0.10048675537109375,0.0001,1e-05,50.119,3.4469,1.0296
4450,stage2,2,0.1140393614768982,0.32017281651496887,0.0,0.1140393614768982,0.0001,1e-05,50.12,3.265,1.0139
4451,stage2,2,0.10314334183931351,0.3154352009296417,0.0,0.10314334183931351,0.0001,1e-05,50.119,2.7156,1.0083
4452,stage2,2,0.12019333988428116,0.31919506192207336,0.0,0.12019333988428116,0.0001,1e-05,50.119,2.7766,1.0026
4453,stage2,2,0.09563516825437546,0.3133831322193146,0.0,0.09563516825437546,0.0001,1e-05,50.12,2.8902,1.0149
4454,stage2,2,0.10209924727678299,0.3387344777584076,0.0,0.10209924727678299,0.0001,1e-05,50.121,2.639,1.0289
4455,stage2,2,0.14446505904197693,0.30684059858322144,0.0,0.14446505904197693,0.0001,1e-05,50.12,3.7164,1.0057
4456,stage2,2,0.11749202758073807,0.33264148235321045,0.0,0.11749202758073807,0.0001,1e-05,50.12,3.0711,1.4459
4457,stage2,2,0.11194729804992676,0.31880784034729004,0.0,0.11194729804992676,0.0001,1e-05,50.122,3.5586,1.026
4458,stage2,2,0.11152341961860657,0.31484052538871765,0.0,0.11152341961860657,0.0001,1e-05,50.12,3.0635,1.0137
4459,stage2,2,0.1070173904299736,0.3163866698741913,0.0,0.1070173904299736,0.0001,1e-05,50.118,2.7694,1.0053
4460,stage2,2,0.09684664011001587,0.301067054271698,0.0,0.09684664011001587,0.0001,1e-05,50.119,2.4464,1.005
4461,stage2,2,0.11026237905025482,0.32213518023490906,0.0,0.11026237905025482,0.0001,1e-05,50.118,3.2017,1.0127
4462,stage2,2,0.10917679965496063,0.3163112699985504,0.0,0.10917679965496063,0.0001,1e-05,50.117,2.9758,1.023
4463,stage2,2,0.1139104813337326,0.3201903998851776,0.0,0.1139104813337326,0.0001,1e-05,50.118,3.0854,1.0118
4464,stage2,2,0.10727991163730621,0.3170357644557953,0.0,0.10727991163730621,0.0001,1e-05,50.119,3.1549,1.4675
4465,stage2,2,0.10638481378555298,0.2984772026538849,0.0,0.10638481378555298,0.0001,1e-05,50.118,2.9025,1.0046
4466,stage2,2,0.11129207164049149,0.29720067977905273,0.0,0.11129207164049149,0.0001,1e-05,50.12,2.9062,1.0072
4467,stage2,2,0.1279195100069046,0.286981999874115,0.0,0.1279195100069046,0.0001,1e-05,50.119,3.7374,1.0044
4468,stage2,2,0.10279858857393265,0.29254934191703796,0.0,0.10279858857393265,0.0001,1e-05,50.12,2.696,1.0093
4469,stage2,2,0.11937060952186584,0.30279025435447693,0.0,0.11937060952186584,0.0001,1e-05,50.119,3.1069,1.0013
4470,stage2,2,0.12227236479520798,0.313336580991745,0.0,0.12227236479520798,0.0001,1e-05,50.12,3.6151,1.0015
4471,stage2,2,0.12508541345596313,0.3024698793888092,0.0,0.12508541345596313,0.0001,1e-05,50.12,3.2249,1.0053
4472,stage2,2,0.09670747816562653,0.3290046453475952,0.0,0.09670747816562653,0.0001,1e-05,50.12,2.4157,1.6301
4473,stage2,2,0.11776978522539139,0.296519935131073,0.0,0.11776978522539139,0.0001,1e-05,50.117,3.5608,0.9711
4474,stage2,2,0.11089013516902924,0.3131941556930542,0.0,0.11089013516902924,0.0001,1e-05,50.121,2.9531,1.0035
4475,stage2,2,0.09739028662443161,0.2973283529281616,0.0,0.09739028662443161,0.0001,1e-05,50.117,2.7809,1.0023
4476,stage2,2,0.10152585059404373,0.3099536597728729,0.0,0.10152585059404373,0.0001,1e-05,50.117,2.8092,0.9998
4477,stage2,2,0.11726783215999603,0.32550299167633057,0.0,0.11726783215999603,0.0001,1e-05,50.116,4.4152,1.0041
4478,stage2,2,0.11849041283130646,0.31656065583229065,0.0,0.11849041283130646,0.0001,1e-05,50.117,3.8407,1.0212
4479,stage2,2,0.12567169964313507,0.3235691487789154,0.0,0.12567169964313507,0.0001,1e-05,50.118,3.1306,1.0201
4480,stage2,2,0.10572627186775208,0.35280829668045044,0.0,0.10572627186775208,0.0001,1e-05,50.114,3.2308,1.6092
4481,stage2,2,0.11891050636768341,0.3128674328327179,0.0,0.11891050636768341,0.0001,1e-05,50.117,2.9746,1.002
4482,stage2,2,0.12536518275737762,0.31387361884117126,0.0,0.12536518275737762,0.0001,1e-05,50.113,3.6466,1.0062
4483,stage2,2,0.10682927817106247,0.32907506823539734,0.0,0.10682927817106247,0.0001,1e-05,50.116,2.9416,1.0021
4484,stage2,2,0.09590072929859161,0.29270678758621216,0.0,0.09590072929859161,0.0001,1e-05,50.118,2.5339,0.9998
4485,stage2,2,0.11440601199865341,0.2988024353981018,0.0,0.11440601199865341,0.0001,1e-05,50.122,3.3492,1.0061
4486,stage2,2,0.11415855586528778,0.3108702301979065,0.0,0.11415855586528778,0.0001,1e-05,50.121,3.0871,1.0046
4487,stage2,2,0.12604209780693054,0.3161434531211853,0.0,0.12604209780693054,0.0001,1e-05,50.122,4.0077,1.0043
4488,stage2,2,0.11184379458427429,0.3157309889793396,0.0,0.11184379458427429,0.0001,1e-05,50.121,3.5576,1.5602
4489,stage2,2,0.11155876517295837,0.3143811821937561,0.0,0.11155876517295837,0.0001,1e-05,50.121,2.9422,1.0072
4490,stage2,2,0.11871381103992462,0.31995612382888794,0.0,0.11871381103992462,0.0001,1e-05,50.12,3.3906,1.0099
4491,stage2,2,0.10260888934135437,0.30933094024658203,0.0,0.10260888934135437,0.0001,1e-05,50.12,3.3757,1.0064
4492,stage2,2,0.11917009949684143,0.2984189987182617,0.0,0.11917009949684143,0.0001,1e-05,50.119,4.111,1.0055
4493,stage2,2,0.12826761603355408,0.2978866994380951,0.0,0.12826761603355408,0.0001,1e-05,50.121,2.8949,1.0071
4494,stage2,2,0.11692614108324051,0.31327176094055176,0.0,0.11692614108324051,0.0001,1e-05,50.122,3.2628,1.0044
4495,stage2,2,0.10128115117549896,0.32307010889053345,0.0,0.10128115117549896,0.0001,1e-05,50.121,2.3662,1.0053
4496,stage2,2,0.12284092605113983,0.3006245791912079,0.0,0.12284092605113983,0.0001,1e-05,50.122,3.8981,1.5618
4497,stage2,2,0.11396916210651398,0.31706517934799194,0.0,0.11396916210651398,0.0001,1e-05,50.12,3.4486,0.8742
4498,stage2,2,0.11109384149312973,0.32998621463775635,0.0,0.11109384149312973,0.0001,1e-05,50.12,3.1467,0.6414
4499,stage2,2,0.11186287552118301,0.3417714238166809,0.0,0.11186287552118301,0.0001,1e-05,50.12,3.9724,0.6411
4500,stage2,2,0.12409132719039917,0.31134751439094543,0.0,0.12409132719039917,0.0001,1e-05,50.12,3.8137,1.2871
4501,stage2,2,0.11486487835645676,0.3126329481601715,0.0,0.11486487835645676,0.0001,1e-05,50.123,3.5699,0.6395
4502,stage2,2,0.11973723024129868,0.3016485273838043,0.0,0.11973723024129868,0.0001,1e-05,50.121,3.2167,0.64
4503,stage2,2,0.09864558279514313,0.33463215827941895,0.0,0.09864558279514313,0.0001,1e-05,50.121,2.9721,0.64
4504,stage2,2,0.12346626073122025,0.30057358741760254,0.0,0.12346626073122025,0.0001,1e-05,50.121,3.3077,2.8259
4505,stage2,2,0.13240352272987366,0.331279456615448,0.0,0.13240352272987366,0.0001,1e-05,50.121,3.893,0.6443
4506,stage2,2,0.10940704494714737,0.3159051239490509,0.0,0.10940704494714737,0.0001,1e-05,50.123,3.2203,0.6398
4507,stage2,2,0.0993950217962265,0.3351839482784271,0.0,0.0993950217962265,0.0001,1e-05,50.123,2.5222,0.6392
4508,stage2,2,0.12053006142377853,0.32065045833587646,0.0,0.12053006142377853,0.0001,1e-05,50.121,3.5191,1.8998
4509,stage2,2,0.13135285675525665,0.3497914969921112,0.0,0.13135285675525665,0.0001,1e-05,50.121,4.1232,0.639
4510,stage2,2,0.1059393510222435,0.3230055272579193,0.0,0.1059393510222435,0.0001,1e-05,50.118,3.1911,0.6396
4511,stage2,2,0.10693975538015366,0.30035272240638733,0.0,0.10693975538015366,0.0001,1e-05,50.119,3.3385,0.6392
4512,stage2,2,0.10269410908222198,0.2972131669521332,0.0,0.10269410908222198,0.0001,1e-05,50.121,2.7573,2.8276
4513,stage2,2,0.1026013046503067,0.3199947774410248,0.0,0.1026013046503067,0.0001,1e-05,50.122,3.6331,0.6371
4514,stage2,2,0.10785119980573654,0.3297860622406006,0.0,0.10785119980573654,0.0001,1e-05,50.12,2.6832,0.6801
4515,stage2,2,0.10608033835887909,0.2834838032722473,0.0,0.10608033835887909,0.0001,1e-05,50.121,3.1056,0.6751
4516,stage2,2,0.10615382343530655,0.31271061301231384,0.0,0.10615382343530655,0.0001,1e-05,50.122,3.534,1.9155
4517,stage2,2,0.1332043558359146,0.29112792015075684,0.0,0.1332043558359146,0.0001,1e-05,50.121,3.5911,0.6616
4518,stage2,2,0.10484077036380768,0.3021939992904663,0.0,0.10484077036380768,0.0001,1e-05,50.122,3.1006,0.6505
4519,stage2,2,0.10883349925279617,0.34492066502571106,0.0,0.10883349925279617,0.0001,1e-05,50.123,2.9854,0.6639
4520,stage2,2,0.13633957505226135,0.31521856784820557,0.0,0.13633957505226135,0.0001,1e-05,50.122,3.3842,3.0269
4521,stage2,2,0.1128176897764206,0.2946915030479431,0.0,0.1128176897764206,0.0001,1e-05,50.12,4.1999,0.6598
4522,stage2,2,0.12262465804815292,0.3063024580478668,0.0,0.12262465804815292,0.0001,1e-05,50.12,3.688,0.7126
4523,stage2,2,0.11312796920537949,0.28802987933158875,0.0,0.11312796920537949,0.0001,1e-05,50.121,3.7226,0.6526
4524,stage2,2,0.11578783392906189,0.3143119513988495,0.0,0.11578783392906189,0.0001,1e-05,50.121,3.7935,1.7151
4525,stage2,2,0.10601427406072617,0.2998487949371338,0.0,0.10601427406072617,0.0001,1e-05,50.12,3.1805,0.7199
4526,stage2,2,0.13284583389759064,0.31714755296707153,0.0,0.13284583389759064,0.0001,1e-05,50.121,4.5832,0.6641
4527,stage2,2,0.10516608506441116,0.31753724813461304,0.0,0.10516608506441116,0.0001,1e-05,50.12,3.4071,0.7175
4528,stage2,2,0.09836430847644806,0.33078640699386597,0.0,0.09836430847644806,0.0001,1e-05,50.119,3.1216,3.1405
4529,stage2,2,0.10603228956460953,0.2886171042919159,0.0,0.10603228956460953,0.0001,1e-05,50.121,3.3773,0.7085
4530,stage2,2,0.11025995016098022,0.3094916045665741,0.0,0.11025995016098022,0.0001,1e-05,50.121,3.7998,0.664
4531,stage2,2,0.10763289779424667,0.31601083278656006,0.0,0.10763289779424667,0.0001,1e-05,50.122,3.095,0.671
4532,stage2,2,0.10307087749242783,0.31378209590911865,0.0,0.10307087749242783,0.0001,1e-05,50.119,3.1499,1.9163
4533,stage2,2,0.09904031455516815,0.2945973873138428,0.0,0.09904031455516815,0.0001,1e-05,50.117,3.1109,0.7066
4534,stage2,2,0.11056635528802872,0.3125615417957306,0.0,0.11056635528802872,0.0001,1e-05,50.12,3.6679,0.6561
4535,stage2,2,0.11249223351478577,0.31059035658836365,0.0,0.11249223351478577,0.0001,1e-05,50.12,3.2847,0.7136
4536,stage2,2,0.13336780667304993,0.31725916266441345,0.0,0.13336780667304993,0.0001,1e-05,50.12,3.2683,2.8494
4537,stage2,2,0.1204330250620842,0.29589518904685974,0.0,0.1204330250620842,0.0001,1e-05,50.118,3.0448,0.7051
4538,stage2,2,0.13055291771888733,0.31784236431121826,0.0,0.13055291771888733,0.0001,1e-05,50.116,3.6065,0.6558
4539,stage2,2,0.10357293486595154,0.32718199491500854,0.0,0.10357293486595154,0.0001,1e-05,50.123,2.6202,0.7127
4540,stage2,2,0.09812578558921814,0.31397703289985657,0.0,0.09812578558921814,0.0001,1e-05,50.12,2.4879,1.9565
4541,stage2,2,0.12039179354906082,0.3119891285896301,0.0,0.12039179354906082,0.0001,1e-05,50.12,3.5296,0.7148
4542,stage2,2,0.11552504450082779,0.324400931596756,0.0,0.11552504450082779,0.0001,1e-05,50.118,3.2695,0.6599
4543,stage2,2,0.08638748526573181,0.31827598810195923,0.0,0.08638748526573181,0.0001,1e-05,50.121,2.3367,0.7184
4544,stage2,2,0.09885387867689133,0.3377699553966522,0.0,0.09885387867689133,0.0001,1e-05,50.121,3.0272,2.75
4545,stage2,2,0.10223478823900223,0.3055465519428253,0.0,0.10223478823900223,0.0001,1e-05,50.119,2.7557,0.7018
4546,stage2,2,0.125984787940979,0.339188814163208,0.0,0.125984787940979,0.0001,1e-05,50.12,4.0554,0.6552
4547,stage2,2,0.11643698066473007,0.3151552677154541,0.0,0.11643698066473007,0.0001,1e-05,50.118,3.3941,0.7046
4548,stage2,2,0.11056613177061081,0.3110252022743225,0.0,0.11056613177061081,0.0001,1e-05,50.121,3.0745,2.0649
4549,stage2,2,0.12549644708633423,0.30689793825149536,0.0,0.12549644708633423,0.0001,1e-05,50.118,3.178,0.6642
4550,stage2,2,0.11205244064331055,0.32264038920402527,0.0,0.11205244064331055,0.0001,1e-05,50.119,2.9711,0.7039
4551,stage2,2,0.10216750204563141,0.3163433372974396,0.0,0.10216750204563141,0.0001,1e-05,50.12,3.191,0.6535
4552,stage2,2,0.11456397920846939,0.2898118793964386,0.0,0.11456397920846939,0.0001,1e-05,50.119,3.5436,2.6745
4553,stage2,2,0.11315064877271652,0.3179701864719391,0.0,0.11315064877271652,0.0001,1e-05,50.117,3.0706,0.7057
4554,stage2,2,0.11602763086557388,0.31664785742759705,0.0,0.11602763086557388,0.0001,1e-05,50.118,3.1779,0.6631
4555,stage2,2,0.12907488644123077,0.3128416836261749,0.0,0.12907488644123077,0.0001,1e-05,50.12,3.5594,0.7125
4556,stage2,2,0.10156875848770142,0.309298574924469,0.0,0.10156875848770142,0.0001,1e-05,50.118,2.9251,2.1904
4557,stage2,2,0.11203497648239136,0.3269317150115967,0.0,0.11203497648239136,0.0001,1e-05,50.121,3.296,0.7214
4558,stage2,2,0.10484530031681061,0.2851145267486572,0.0,0.10484530031681061,0.0001,1e-05,50.12,2.9492,0.6486
4559,stage2,2,0.12235569208860397,0.2922061085700989,0.0,0.12235569208860397,0.0001,1e-05,50.119,3.3316,0.6609
4560,stage2,2,0.10205293446779251,0.2820775806903839,0.0,0.10205293446779251,0.0001,1e-05,50.119,2.524,2.5337
4561,stage2,2,0.11363997310400009,0.2860906720161438,0.0,0.11363997310400009,0.0001,1e-05,50.119,4.0421,0.6902
4562,stage2,2,0.10523451119661331,0.3096294403076172,0.0,0.10523451119661331,0.0001,1e-05,50.119,2.9874,0.6793
4563,stage2,2,0.10750287771224976,0.3328787088394165,0.0,0.10750287771224976,0.0001,1e-05,50.12,3.0691,0.6533
4564,stage2,2,0.11532403528690338,0.3036181926727295,0.0,0.11532403528690338,0.0001,1e-05,50.119,2.7719,2.4382
4565,stage2,2,0.11437305808067322,0.327095091342926,0.0,0.11437305808067322,0.0001,1e-05,50.119,3.0721,0.6816
4566,stage2,2,0.10908526182174683,0.28075310587882996,0.0,0.10908526182174683,0.0001,1e-05,50.118,3.1737,0.688
4567,stage2,2,0.11346259713172913,0.3116559088230133,0.0,0.11346259713172913,0.0001,1e-05,50.116,3.2848,0.6533
4568,stage2,2,0.11190417408943176,0.29905879497528076,0.0,0.11190417408943176,0.0001,1e-05,50.116,2.961,2.4259
4569,stage2,2,0.11709278076887131,0.3064499497413635,0.0,0.11709278076887131,0.0001,1e-05,50.119,3.2245,0.7115
4570,stage2,2,0.11118482053279877,0.33640938997268677,0.0,0.11118482053279877,0.0001,1e-05,50.121,2.8603,0.6533
4571,stage2,2,0.09927653521299362,0.30092906951904297,0.0,0.09927653521299362,0.0001,1e-05,50.122,2.6536,0.7196
4572,stage2,2,0.11221816390752792,0.29662272334098816,0.0,0.11221816390752792,0.0001,1e-05,50.122,3.3097,2.4949
4573,stage2,2,0.10788523405790329,0.3114796280860901,0.0,0.10788523405790329,0.0001,1e-05,50.12,3.4826,0.6604
4574,stage2,2,0.10198227316141129,0.3233840763568878,0.0,0.10198227316141129,0.0001,1e-05,50.12,3.2389,0.7057
4575,stage2,2,0.10957222431898117,0.31588995456695557,0.0,0.10957222431898117,0.0001,1e-05,50.118,3.1844,0.6589
4576,stage2,2,0.11582805961370468,0.34759223461151123,0.0,0.11582805961370468,0.0001,1e-05,50.119,3.2834,2.3501
4577,stage2,2,0.10360346734523773,0.27356240153312683,0.0,0.10360346734523773,0.0001,1e-05,50.121,3.1849,0.6613
4578,stage2,2,0.11397751420736313,0.32487502694129944,0.0,0.11397751420736313,0.0001,1e-05,50.119,2.8889,0.7058
4579,stage2,2,0.10848656296730042,0.28174611926078796,0.0,0.10848656296730042,0.0001,1e-05,50.119,3.6391,0.6597
4580,stage2,2,0.11801420897245407,0.33481666445732117,0.0,0.11801420897245407,0.0001,1e-05,50.118,3.5136,2.4917
4581,stage2,2,0.1090516746044159,0.31318405270576477,0.0,0.1090516746044159,0.0001,1e-05,50.12,2.9014,0.6599
4582,stage2,2,0.10653721541166306,0.3073362112045288,0.0,0.10653721541166306,0.0001,1e-05,50.117,3.3158,0.7048
4583,stage2,2,0.10124536603689194,0.32642266154289246,0.0,0.10124536603689194,0.0001,1e-05,50.118,2.8432,0.6531
4584,stage2,2,0.10857397317886353,0.31313493847846985,0.0,0.10857397317886353,0.0001,1e-05,50.12,2.76,2.3342
4585,stage2,2,0.11255990713834763,0.31585270166397095,0.0,0.11255990713834763,0.0001,1e-05,50.121,2.6695,0.6589
4586,stage2,2,0.11991947144269943,0.32012683153152466,0.0,0.11991947144269943,0.0001,1e-05,50.122,3.7682,0.7037
4587,stage2,2,0.11037587374448776,0.3160059452056885,0.0,0.11037587374448776,0.0001,1e-05,50.122,3.21,0.6567
4588,stage2,2,0.09860186278820038,0.3097214996814728,0.0,0.09860186278820038,0.0001,1e-05,50.121,3.1435,2.4439
4589,stage2,2,0.11038541793823242,0.30862316489219666,0.0,0.11038541793823242,0.0001,1e-05,50.121,3.0522,0.7196
4590,stage2,2,0.12604671716690063,0.2787550091743469,0.0,0.12604671716690063,0.0001,1e-05,50.119,3.8711,0.6516
4591,stage2,2,0.1134401187300682,0.31197836995124817,0.0,0.1134401187300682,0.0001,1e-05,50.119,3.2354,0.6614
4592,stage2,2,0.14061614871025085,0.3128448724746704,0.0,0.14061614871025085,0.0001,1e-05,50.121,3.1636,2.3736
4593,stage2,2,0.11556769162416458,0.2928187847137451,0.0,0.11556769162416458,0.0001,1e-05,50.121,3.1594,0.71
4594,stage2,2,0.1362282931804657,0.3190392255783081,0.0,0.1362282931804657,0.0001,1e-05,50.121,3.7673,0.6514
4595,stage2,2,0.1146138459444046,0.3019222617149353,0.0,0.1146138459444046,0.0001,1e-05,50.119,3.1538,0.7185
4596,stage2,2,0.1115901991724968,0.29831215739250183,0.0,0.1115901991724968,0.0001,1e-05,50.119,2.5067,2.4495
4597,stage2,2,0.11848201602697372,0.3047794997692108,0.0,0.11848201602697372,0.0001,1e-05,50.119,3.0329,0.701
4598,stage2,2,0.10059643536806107,0.30857107043266296,0.0,0.10059643536806107,0.0001,1e-05,50.116,3.3384,0.6534
4599,stage2,2,0.10934098809957504,0.2971542179584503,0.0,0.10934098809957504,0.0001,1e-05,50.12,2.8489,0.7012
4600,stage2,2,0.10991444438695908,0.3062816858291626,0.0,0.10991444438695908,0.0001,1e-05,50.119,3.2911,2.1923
4601,stage2,2,0.11168777942657471,0.3296322226524353,0.0,0.11168777942657471,0.0001,1e-05,50.117,3.2005,0.7258
4602,stage2,2,0.11316170543432236,0.30842986702919006,0.0,0.11316170543432236,0.0001,1e-05,50.117,2.8462,0.6454
4603,stage2,2,0.09977024793624878,0.3544871211051941,0.0,0.09977024793624878,0.0001,1e-05,50.12,2.9416,0.6664
4604,stage2,2,0.11675725132226944,0.31607747077941895,0.0,0.11675725132226944,0.0001,1e-05,50.119,3.4274,2.5815
4605,stage2,2,0.12318917363882065,0.35943159461021423,0.0,0.12318917363882065,0.0001,1e-05,50.118,3.1666,0.7021
4606,stage2,2,0.10288524627685547,0.31899258494377136,0.0,0.10288524627685547,0.0001,1e-05,50.12,3.2624,0.6539
4607,stage2,2,0.12198701500892639,0.2952972650527954,0.0,0.12198701500892639,0.0001,1e-05,50.12,3.0509,0.7113
4608,stage2,2,0.11465723067522049,0.32801252603530884,0.0,0.11465723067522049,0.0001,1e-05,50.12,3.8585,2.2406
4609,stage2,2,0.12253223359584808,0.3029538094997406,0.0,0.12253223359584808,0.0001,1e-05,50.121,5.2341,0.6586
4610,stage2,2,0.09906652569770813,0.2913453280925751,0.0,0.09906652569770813,0.0001,1e-05,50.121,2.8224,0.6918
4611,stage2,2,0.10771077126264572,0.31776905059814453,0.0,0.10771077126264572,0.0001,1e-05,50.12,3.8993,0.6389
4612,stage2,2,0.11726799607276917,0.3315122127532959,0.0,0.11726799607276917,0.0001,1e-05,50.119,3.7658,2.7562
4613,stage2,2,0.11337926238775253,0.31183117628097534,0.0,0.11337926238775253,0.0001,1e-05,50.12,3.6409,0.6374
4614,stage2,2,0.12654288113117218,0.32049500942230225,0.0,0.12654288113117218,0.0001,1e-05,50.12,4.285,0.6383
4615,stage2,2,0.11529195308685303,0.3030937910079956,0.0,0.11529195308685303,0.0001,1e-05,50.12,3.5763,0.644
4616,stage2,2,0.12624794244766235,0.3001270294189453,0.0,0.12624794244766235,0.0001,1e-05,50.118,3.536,2.3025
4617,stage2,2,0.11130642890930176,0.3144523799419403,0.0,0.11130642890930176,0.0001,1e-05,50.118,3.3246,0.6378
4618,stage2,2,0.08672768622636795,0.30126941204071045,0.0,0.08672768622636795,0.0001,1e-05,50.12,2.5515,0.6385
4619,stage2,2,0.1170632615685463,0.3060905635356903,0.0,0.1170632615685463,0.0001,1e-05,50.119,3.0292,0.6915
4620,stage2,2,0.11476930230855942,0.3090549409389496,0.0,0.11476930230855942,0.0001,1e-05,50.123,3.0834,2.8254
4621,stage2,2,0.11580079048871994,0.3386322855949402,0.0,0.11580079048871994,0.0001,1e-05,50.119,3.8595,0.6302
4622,stage2,2,0.1336398422718048,0.30867287516593933,0.0,0.1336398422718048,0.0001,1e-05,50.119,3.9705,0.6422
4623,stage2,2,0.12289655208587646,0.3057306110858917,0.0,0.12289655208587646,0.0001,1e-05,50.12,2.985,0.6391
4624,stage2,2,0.09524354338645935,0.31821638345718384,0.0,0.09524354338645935,0.0001,1e-05,50.119,2.9517,2.2095
4625,stage2,2,0.10014626383781433,0.32287952303886414,0.0,0.10014626383781433,0.0001,1e-05,50.119,2.649,0.6358
4626,stage2,2,0.10047531872987747,0.3008754551410675,0.0,0.10047531872987747,0.0001,1e-05,50.119,2.9374,0.6387
4627,stage2,2,0.11514473706483841,0.3198113441467285,0.0,0.11514473706483841,0.0001,1e-05,50.118,3.3801,0.638
4628,stage2,2,0.09777292609214783,0.3216402232646942,0.0,0.09777292609214783,0.0001,1e-05,50.12,3.1015,2.6778
4629,stage2,2,0.11227955669164658,0.31666991114616394,0.0,0.11227955669164658,0.0001,1e-05,50.116,2.9017,0.6372
4630,stage2,2,0.13533219695091248,0.32150715589523315,0.0,0.13533219695091248,0.0001,1e-05,50.119,3.4254,0.6379
4631,stage2,2,0.11505141109228134,0.32455769181251526,0.0,0.11505141109228134,0.0001,1e-05,50.119,2.9968,0.6927
4632,stage2,2,0.10609792172908783,0.30143797397613525,0.0,0.10609792172908783,0.0001,1e-05,50.119,3.388,2.1401
4633,stage2,2,0.10972315073013306,0.2894003987312317,0.0,0.10972315073013306,0.0001,1e-05,50.119,2.6507,0.6413
4634,stage2,2,0.09878412634134293,0.3247697353363037,0.0,0.09878412634134293,0.0001,1e-05,50.119,2.4043,0.6852
4635,stage2,2,0.10583971440792084,0.3072056770324707,0.0,0.10583971440792084,0.0001,1e-05,50.121,3.2435,0.6374
4636,stage2,2,0.11877604573965073,0.3069097101688385,0.0,0.11877604573965073,0.0001,1e-05,50.121,3.599,2.7124
4637,stage2,2,0.10770396888256073,0.307984858751297,0.0,0.10770396888256073,0.0001,1e-05,50.12,2.925,0.6373
4638,stage2,2,0.11047384887933731,0.32402142882347107,0.0,0.11047384887933731,0.0001,1e-05,50.118,3.0948,0.6376
4639,stage2,2,0.11733061075210571,0.32198241353034973,0.0,0.11733061075210571,0.0001,1e-05,50.12,2.8465,0.6379
4640,stage2,2,0.11145296692848206,0.3113217055797577,0.0,0.11145296692848206,0.0001,1e-05,50.12,2.9219,2.2701
4641,stage2,2,0.11477731168270111,0.29191407561302185,0.0,0.11477731168270111,0.0001,1e-05,50.118,3.01,0.6366
4642,stage2,2,0.12368988245725632,0.31804755330085754,0.0,0.12368988245725632,0.0001,1e-05,50.12,2.905,0.6987
4643,stage2,2,0.11962030082941055,0.29826444387435913,0.0,0.11962030082941055,0.0001,1e-05,50.12,3.5387,0.6329
4644,stage2,2,0.11989465355873108,0.2886993885040283,0.0,0.11989465355873108,0.0001,1e-05,50.121,3.3539,2.5758
4645,stage2,2,0.0963389202952385,0.3361067473888397,0.0,0.0963389202952385,0.0001,1e-05,50.122,2.902,0.6613
4646,stage2,2,0.11629106104373932,0.3146030008792877,0.0,0.11629106104373932,0.0001,1e-05,50.12,3.1389,0.6878
4647,stage2,2,0.1088302880525589,0.3203231394290924,0.0,0.1088302880525589,0.0001,1e-05,50.12,3.4071,0.6379
4648,stage2,2,0.11503173410892487,0.31870517134666443,0.0,0.11503173410892487,0.0001,1e-05,50.12,2.8234,2.1259
4649,stage2,2,0.11551635712385178,0.30348867177963257,0.0,0.11551635712385178,0.0001,1e-05,50.12,2.8726,0.6358
4650,stage2,2,0.13720902800559998,0.3052850067615509,0.0,0.13720902800559998,0.0001,1e-05,50.12,3.488,0.6379
4651,stage2,2,0.10582950711250305,0.2883507013320923,0.0,0.10582950711250305,0.0001,1e-05,50.12,2.9865,0.6328
4652,stage2,2,0.11269356310367584,0.33349984884262085,0.0,0.11269356310367584,0.0001,1e-05,50.12,3.4885,2.6434
4653,stage2,2,0.12643714249134064,0.30816754698753357,0.0,0.12643714249134064,0.0001,1e-05,50.118,3.3304,0.6378
4654,stage2,2,0.11393407732248306,0.3391674757003784,0.0,0.11393407732248306,0.0001,1e-05,50.118,3.2105,0.6418
4655,stage2,2,0.10202187299728394,0.3052157759666443,0.0,0.10202187299728394,0.0001,1e-05,50.123,2.7633,0.6377
4656,stage2,2,0.11876700073480606,0.3169935345649719,0.0,0.11876700073480606,0.0001,1e-05,50.119,3.2161,2.1013
4657,stage2,2,0.10094768553972244,0.2964267134666443,0.0,0.10094768553972244,0.0001,1e-05,50.118,3.2099,0.6371
4658,stage2,2,0.10541950166225433,0.31004446744918823,0.0,0.10541950166225433,0.0001,1e-05,50.119,2.8741,0.698
4659,stage2,2,0.13704662024974823,0.3268229067325592,0.0,0.13704662024974823,0.0001,1e-05,50.118,3.4866,0.6377
4660,stage2,2,0.10991303622722626,0.3131692409515381,0.0,0.10991303622722626,0.0001,1e-05,50.122,3.0704,2.8605
4661,stage2,2,0.10534725338220596,0.3174782395362854,0.0,0.10534725338220596,0.0001,1e-05,50.122,3.2539,0.6424
4662,stage2,2,0.1055043563246727,0.2815781831741333,0.0,0.1055043563246727,0.0001,1e-05,50.12,2.7899,0.6436
4663,stage2,2,0.12073139101266861,0.3210828900337219,0.0,0.12073139101266861,0.0001,1e-05,50.12,4.0543,0.6389
4664,stage2,2,0.1237850934267044,0.3064904808998108,0.0,0.1237850934267044,0.0001,1e-05,50.119,3.3377,1.7736
4665,stage2,2,0.09769957512617111,0.3102262318134308,0.0,0.09769957512617111,0.0001,1e-05,50.12,3.1007,0.6375
4666,stage2,2,0.13962143659591675,0.3179181218147278,0.0,0.13962143659591675,0.0001,1e-05,50.12,3.0425,0.6388
4667,stage2,2,0.0989496260881424,0.2997002899646759,0.0,0.0989496260881424,0.0001,1e-05,50.119,3.0087,0.6891
4668,stage2,2,0.11113778501749039,0.3192610740661621,0.0,0.11113778501749039,0.0001,1e-05,50.119,3.3831,2.9231
4669,stage2,2,0.12055155634880066,0.2841428816318512,0.0,0.12055155634880066,0.0001,1e-05,50.121,3.3484,0.6819
4670,stage2,2,0.1146177425980568,0.2906445562839508,0.0,0.1146177425980568,0.0001,1e-05,50.12,3.4474,0.6716
4671,stage2,2,0.09852622449398041,0.28195318579673767,0.0,0.09852622449398041,0.0001,1e-05,50.12,3.0576,0.6381
4672,stage2,2,0.1036832183599472,0.33329784870147705,0.0,0.1036832183599472,0.0001,1e-05,50.12,3.4722,1.6343
4673,stage2,2,0.11002799868583679,0.3172394633293152,0.0,0.11002799868583679,0.0001,1e-05,50.119,2.8257,0.6927
4674,stage2,2,0.11356253176927567,0.30071714520454407,0.0,0.11356253176927567,0.0001,1e-05,50.121,3.066,0.6387
4675,stage2,2,0.10487428307533264,0.3222166895866394,0.0,0.10487428307533264,0.0001,1e-05,50.121,2.9877,0.638
4676,stage2,2,0.11347218602895737,0.2897717356681824,0.0,0.11347218602895737,0.0001,1e-05,50.12,2.9755,2.9012
4677,stage2,2,0.11258013546466827,0.33954286575317383,0.0,0.11258013546466827,0.0001,1e-05,50.121,2.9832,0.6374
4678,stage2,2,0.08957900106906891,0.3213981091976166,0.0,0.08957900106906891,0.0001,1e-05,50.12,2.2729,0.6376
4679,stage2,2,0.11550522595643997,0.3496142625808716,0.0,0.11550522595643997,0.0001,1e-05,50.12,2.7071,0.6946
4680,stage2,2,0.0974828228354454,0.3212730884552002,0.0,0.0974828228354454,0.0001,1e-05,50.122,2.9433,1.9142
4681,stage2,2,0.11046575754880905,0.3231598138809204,0.0,0.11046575754880905,0.0001,1e-05,50.122,3.379,0.7021
4682,stage2,2,0.128095805644989,0.29241254925727844,0.0,0.128095805644989,0.0001,1e-05,50.121,2.8585,0.6286
4683,stage2,2,0.09585168957710266,0.3128420114517212,0.0,0.09585168957710266,0.0001,1e-05,50.119,2.4324,0.6392
4684,stage2,2,0.09932967275381088,0.31065812706947327,0.0,0.09932967275381088,0.0001,1e-05,50.119,2.904,2.6528
4685,stage2,2,0.09471631050109863,0.3162616193294525,0.0,0.09471631050109863,0.0001,1e-05,50.12,2.5315,0.6391
4686,stage2,2,0.10147472470998764,0.3089592158794403,0.0,0.10147472470998764,0.0001,1e-05,50.119,3.5101,0.6429
4687,stage2,2,0.12382695823907852,0.3171497583389282,0.0,0.12382695823907852,0.0001,1e-05,50.118,3.3506,0.6462
4688,stage2,2,0.10377366095781326,0.2914779782295227,0.0,0.10377366095781326,0.0001,1e-05,50.119,2.879,1.9539
4689,stage2,2,0.09712283313274384,0.291349858045578,0.0,0.09712283313274384,0.0001,1e-05,50.121,2.7356,0.6385
4690,stage2,2,0.11084330081939697,0.3405267596244812,0.0,0.11084330081939697,0.0001,1e-05,50.119,3.1782,0.6391
4691,stage2,2,0.09538686275482178,0.32163429260253906,0.0,0.09538686275482178,0.0001,1e-05,50.12,2.6293,0.6397
4692,stage2,2,0.10780476778745651,0.3090483844280243,0.0,0.10780476778745651,0.0001,1e-05,50.12,2.9615,2.781
4693,stage2,2,0.09834983199834824,0.33662858605384827,0.0,0.09834983199834824,0.0001,1e-05,50.119,2.7185,0.6383
4694,stage2,2,0.10531352460384369,0.2961861193180084,0.0,0.10531352460384369,0.0001,1e-05,50.12,2.5896,0.6597
4695,stage2,2,0.11155049502849579,0.30339673161506653,0.0,0.11155049502849579,0.0001,1e-05,50.121,3.3627,0.6937
4696,stage2,2,0.11385287344455719,0.2990722060203552,0.0,0.11385287344455719,0.0001,1e-05,50.121,3.2695,1.7882
4697,stage2,2,0.11061834543943405,0.294697105884552,0.0,0.11061834543943405,0.0001,1e-05,50.12,3.0936,0.6385
4698,stage2,2,0.09481573104858398,0.3208717405796051,0.0,0.09481573104858398,0.0001,1e-05,50.118,2.86,0.6911
4699,stage2,2,0.10526290535926819,0.31095266342163086,0.0,0.10526290535926819,0.0001,1e-05,50.12,2.8447,0.6398
4700,stage2,2,0.11407829821109772,0.3092194199562073,0.0,0.11407829821109772,0.0001,1e-05,50.12,3.4251,2.805
4701,stage2,2,0.10474570095539093,0.3101995587348938,0.0,0.10474570095539093,0.0001,1e-05,50.12,2.8277,0.6394
4702,stage2,2,0.11528470367193222,0.31933143734931946,0.0,0.11528470367193222,0.0001,1e-05,50.121,3.3489,0.6393
4703,stage2,2,0.10848882794380188,0.31295526027679443,0.0,0.10848882794380188,0.0001,1e-05,50.119,3.5186,0.6391
4704,stage2,2,0.10153116285800934,0.37643635272979736,0.0,0.10153116285800934,0.0001,1e-05,50.12,2.9291,1.8205
4705,stage2,2,0.1073683649301529,0.3183854818344116,0.0,0.1073683649301529,0.0001,1e-05,50.121,3.0394,0.6446
4706,stage2,2,0.12401258200407028,0.31291013956069946,0.0,0.12401258200407028,0.0001,1e-05,50.12,3.2967,0.6402
4707,stage2,2,0.10983555018901825,0.30461835861206055,0.0,0.10983555018901825,0.0001,1e-05,50.12,2.9689,0.6943
4708,stage2,2,0.11602260172367096,0.3038880228996277,0.0,0.11602260172367096,0.0001,1e-05,50.121,3.4952,2.8613
4709,stage2,2,0.11446348577737808,0.2837212085723877,0.0,0.11446348577737808,0.0001,1e-05,50.12,2.778,0.6387
4710,stage2,2,0.10871323198080063,0.2839718759059906,0.0,0.10871323198080063,0.0001,1e-05,50.118,3.1363,0.6429
4711,stage2,2,0.1201593279838562,0.3077639639377594,0.0,0.1201593279838562,0.0001,1e-05,50.114,3.7189,0.6435
4712,stage2,2,0.12297136336565018,0.292265385389328,0.0,0.12297136336565018,0.0001,1e-05,50.119,4.3046,1.8346
4713,stage2,2,0.11898322403430939,0.29146280884742737,0.0,0.11898322403430939,0.0001,1e-05,50.121,3.1999,0.6396
4714,stage2,2,0.11229246109724045,0.2829015552997589,0.0,0.11229246109724045,0.0001,1e-05,50.119,3.3172,0.6398
4715,stage2,2,0.10616547614336014,0.2989213168621063,0.0,0.10616547614336014,0.0001,1e-05,50.12,2.4611,0.6391
4716,stage2,2,0.10943052917718887,0.3042655289173126,0.0,0.10943052917718887,0.0001,1e-05,50.119,3.2959,2.7357
4717,stage2,2,0.10005821287631989,0.3183170258998871,0.0,0.10005821287631989,0.0001,1e-05,50.121,3.0585,0.6404
4718,stage2,2,0.10076279193162918,0.3149561882019043,0.0,0.10076279193162918,0.0001,1e-05,50.119,3.3856,0.6859
4719,stage2,2,0.10279058665037155,0.3127196729183197,0.0,0.10279058665037155,0.0001,1e-05,50.119,3.3633,0.6519
4720,stage2,2,0.11131011694669724,0.3040209114551544,0.0,0.11131011694669724,0.0001,1e-05,50.12,3.4885,1.7374
4721,stage2,2,0.12990272045135498,0.2896718382835388,0.0,0.12990272045135498,0.0001,1e-05,50.119,2.9603,0.6478
4722,stage2,2,0.10282167047262192,0.3070623278617859,0.0,0.10282167047262192,0.0001,1e-05,50.12,2.5541,0.6835
4723,stage2,2,0.11087825149297714,0.3379706144332886,0.0,0.11087825149297714,0.0001,1e-05,50.119,2.9873,0.6407
4724,stage2,2,0.10545822978019714,0.35016754269599915,0.0,0.10545822978019714,0.0001,1e-05,50.121,3.0438,2.9133
4725,stage2,2,0.10293903201818466,0.3218267560005188,0.0,0.10293903201818466,0.0001,1e-05,50.12,3.4444,0.6403
4726,stage2,2,0.09307138621807098,0.29184991121292114,0.0,0.09307138621807098,0.0001,1e-05,50.118,2.7722,0.6403
4727,stage2,2,0.10127037763595581,0.3139438033103943,0.0,0.10127037763595581,0.0001,1e-05,50.119,3.5073,0.6408
4728,stage2,2,0.12550806999206543,0.30561307072639465,0.0,0.12550806999206543,0.0001,1e-05,50.118,3.5672,1.7254
4729,stage2,2,0.1202862411737442,0.35818055272102356,0.0,0.1202862411737442,0.0001,1e-05,50.118,3.676,0.6433
4730,stage2,2,0.09496316313743591,0.3219570815563202,0.0,0.09496316313743591,0.0001,1e-05,50.12,2.9687,0.6455
4731,stage2,2,0.1136210635304451,0.3095552623271942,0.0,0.1136210635304451,0.0001,1e-05,50.119,3.1292,0.6432
4732,stage2,2,0.10509179532527924,0.28804588317871094,0.0,0.10509179532527924,0.0001,1e-05,50.12,3.392,2.9196
4733,stage2,2,0.1045542061328888,0.32809075713157654,0.0,0.1045542061328888,0.0001,1e-05,50.121,3.5964,0.6981
4734,stage2,2,0.10035748034715652,0.29502126574516296,0.0,0.10035748034715652,0.0001,1e-05,50.121,2.8888,0.6349
4735,stage2,2,0.11493666470050812,0.3010227084159851,0.0,0.11493666470050812,0.0001,1e-05,50.12,3.2642,0.6438
4736,stage2,2,0.11064626276493073,0.3064991235733032,0.0,0.11064626276493073,0.0001,1e-05,50.119,3.601,1.6225
4737,stage2,2,0.12152047455310822,0.3097659945487976,0.0,0.12152047455310822,0.0001,1e-05,50.119,3.1753,0.6552
4738,stage2,2,0.10147922486066818,0.30927664041519165,0.0,0.10147922486066818,0.0001,1e-05,50.12,2.7698,0.6964
4739,stage2,2,0.11357789486646652,0.29510533809661865,0.0,0.11357789486646652,0.0001,1e-05,50.119,3.3147,0.6403
4740,stage2,2,0.11202225089073181,0.3084287643432617,0.0,0.11202225089073181,0.0001,1e-05,50.121,2.9155,2.9182
4741,stage2,2,0.12002406269311905,0.3253975212574005,0.0,0.12002406269311905,0.0001,1e-05,50.118,3.4246,0.6398
4742,stage2,2,0.09451287984848022,0.28197741508483887,0.0,0.09451287984848022,0.0001,1e-05,50.118,2.4427,0.6395
4743,stage2,2,0.0992298349738121,0.30776962637901306,0.0,0.0992298349738121,0.0001,1e-05,50.117,2.6365,0.644
4744,stage2,2,0.11254699528217316,0.3403725326061249,0.0,0.11254699528217316,0.0001,1e-05,50.119,3.6355,1.594
4745,stage2,2,0.10942798107862473,0.31427377462387085,0.0,0.10942798107862473,0.0001,1e-05,50.119,2.7013,0.6398
4746,stage2,2,0.10582035779953003,0.3248826861381531,0.0,0.10582035779953003,0.0001,1e-05,50.12,2.9213,0.6443
4747,stage2,2,0.11898492276668549,0.3003893494606018,0.0,0.11898492276668549,0.0001,1e-05,50.12,2.997,0.6975
4748,stage2,2,0.10937726497650146,0.3043133020401001,0.0,0.10937726497650146,0.0001,1e-05,50.12,3.0895,3.1334
4749,stage2,2,0.10962823033332825,0.31355351209640503,0.0,0.10962823033332825,0.0001,1e-05,50.119,2.7509,0.6389
4750,stage2,2,0.09729834645986557,0.3102690875530243,0.0,0.09729834645986557,0.0001,1e-05,50.12,2.6842,0.6398
4751,stage2,2,0.11275374889373779,0.294425904750824,0.0,0.11275374889373779,0.0001,1e-05,50.119,3.1797,0.6388
4752,stage2,2,0.1083802655339241,0.3156970143318176,0.0,0.1083802655339241,0.0001,1e-05,50.119,3.2967,1.4157
4753,stage2,2,0.09316238760948181,0.30720824003219604,0.0,0.09316238760948181,0.0001,1e-05,50.121,2.8821,0.64
4754,stage2,2,0.11134381592273712,0.31016653776168823,0.0,0.11134381592273712,0.0001,1e-05,50.119,3.1139,0.6399
4755,stage2,2,0.12353720515966415,0.2896973788738251,0.0,0.12353720515966415,0.0001,1e-05,50.118,3.2984,0.6416
4756,stage2,2,0.10165899246931076,0.33148467540740967,0.0,0.10165899246931076,0.0001,1e-05,50.116,3.0832,3.1748
4757,stage2,2,0.10758253931999207,0.2947908043861389,0.0,0.10758253931999207,0.0001,1e-05,50.118,3.2784,0.639
4758,stage2,2,0.12748758494853973,0.30019646883010864,0.0,0.12748758494853973,0.0001,1e-05,50.119,3.3134,0.6652
4759,stage2,2,0.09545695036649704,0.30668938159942627,0.0,0.09545695036649704,0.0001,1e-05,50.119,2.5998,0.6728
4760,stage2,2,0.1075935885310173,0.31385305523872375,0.0,0.1075935885310173,0.0001,1e-05,50.12,3.1101,1.3858
4761,stage2,2,0.11469557881355286,0.3140263259410858,0.0,0.11469557881355286,0.0001,1e-05,50.12,3.8437,0.6603
4762,stage2,2,0.11551032215356827,0.3191222846508026,0.0,0.11551032215356827,0.0001,1e-05,50.119,2.8597,0.6355
4763,stage2,2,0.10675691813230515,0.29807373881340027,0.0,0.10675691813230515,0.0001,1e-05,50.122,3.1946,0.6892
4764,stage2,2,0.09820041060447693,0.3184416890144348,0.0,0.09820041060447693,0.0001,1e-05,50.12,2.4144,3.2427
4765,stage2,2,0.12606067955493927,0.27708935737609863,0.0,0.12606067955493927,0.0001,1e-05,50.12,4.136,0.6382
4766,stage2,2,0.11070708930492401,0.31260305643081665,0.0,0.11070708930492401,0.0001,1e-05,50.118,3.2205,0.6394
4767,stage2,2,0.11167728900909424,0.29542282223701477,0.0,0.11167728900909424,0.0001,1e-05,50.12,3.1683,0.6403
4768,stage2,2,0.10499609261751175,0.30960384011268616,0.0,0.10499609261751175,0.0001,1e-05,50.12,3.6347,1.3917
4769,stage2,2,0.13199128210544586,0.30261868238449097,0.0,0.13199128210544586,0.0001,1e-05,50.121,3.9304,0.6409
4770,stage2,2,0.12425798922777176,0.3147677779197693,0.0,0.12425798922777176,0.0001,1e-05,50.119,3.9974,0.6418
4771,stage2,2,0.10380014032125473,0.2991352379322052,0.0,0.10380014032125473,0.0001,1e-05,50.118,2.6164,0.6428
4772,stage2,2,0.10532213002443314,0.3128679394721985,0.0,0.10532213002443314,0.0001,1e-05,50.121,3.3112,3.1911
4773,stage2,2,0.0934792160987854,0.30711501836776733,0.0,0.0934792160987854,0.0001,1e-05,50.12,2.6765,0.6966
4774,stage2,2,0.10066556185483932,0.3118496537208557,0.0,0.10066556185483932,0.0001,1e-05,50.119,3.0325,0.6383
4775,stage2,2,0.11358476430177689,0.294869601726532,0.0,0.11358476430177689,0.0001,1e-05,50.119,3.7311,0.6412
4776,stage2,2,0.10653933137655258,0.2972879409790039,0.0,0.10653933137655258,0.0001,1e-05,50.119,3.1263,1.3595
4777,stage2,2,0.11310534179210663,0.3090536594390869,0.0,0.11310534179210663,0.0001,1e-05,50.118,3.1463,0.6953
4778,stage2,2,0.10152886062860489,0.3020157814025879,0.0,0.10152886062860489,0.0001,1e-05,50.118,3.3601,0.6411
4779,stage2,2,0.11188311874866486,0.3149903118610382,0.0,0.11188311874866486,0.0001,1e-05,50.118,3.0703,0.6429
4780,stage2,2,0.08995916694402695,0.2964741289615631,0.0,0.08995916694402695,0.0001,1e-05,50.117,2.4289,3.2909
4781,stage2,2,0.11149723827838898,0.29559624195098877,0.0,0.11149723827838898,0.0001,1e-05,50.119,3.3248,0.6399
4782,stage2,2,0.11875351518392563,0.29415974020957947,0.0,0.11875351518392563,0.0001,1e-05,50.119,3.452,0.6458
4783,stage2,2,0.11227405071258545,0.3307710587978363,0.0,0.11227405071258545,0.0001,1e-05,50.12,3.5066,0.6416
4784,stage2,2,0.1195785403251648,0.2815585434436798,0.0,0.1195785403251648,0.0001,1e-05,50.118,2.9948,1.2743
4785,stage2,2,0.10304716974496841,0.2831060290336609,0.0,0.10304716974496841,0.0001,1e-05,50.116,2.9827,0.6419
4786,stage2,2,0.10334353893995285,0.3439563512802124,0.0,0.10334353893995285,0.0001,1e-05,50.118,2.9455,0.6452
4787,stage2,2,0.09222987294197083,0.30757567286491394,0.0,0.09222987294197083,0.0001,1e-05,50.121,2.6777,0.6427
4788,stage2,2,0.1038365513086319,0.3207141160964966,0.0,0.1038365513086319,0.0001,1e-05,50.119,2.8999,3.4738
4789,stage2,2,0.0983000099658966,0.31220296025276184,0.0,0.0983000099658966,0.0001,1e-05,50.119,2.4153,0.6389
4790,stage2,2,0.11357776075601578,0.30213412642478943,0.0,0.11357776075601578,0.0001,1e-05,50.118,3.0945,0.6412
4791,stage2,2,0.11100689321756363,0.29893162846565247,0.0,0.11100689321756363,0.0001,1e-05,50.119,3.1547,0.64
4792,stage2,2,0.11726097762584686,0.2920597195625305,0.0,0.11726097762584686,0.0001,1e-05,50.12,3.787,1.1683
4793,stage2,2,0.11657005548477173,0.30575019121170044,0.0,0.11657005548477173,0.0001,1e-05,50.121,3.0203,0.641
4794,stage2,2,0.09931574761867523,0.31758251786231995,0.0,0.09931574761867523,0.0001,1e-05,50.12,2.6107,0.6408
4795,stage2,2,0.12902754545211792,0.32317063212394714,0.0,0.12902754545211792,0.0001,1e-05,50.121,3.5147,0.6425
4796,stage2,2,0.11646883189678192,0.29224249720573425,0.0,0.11646883189678192,0.0001,1e-05,50.121,3.2926,3.4714
4797,stage2,2,0.11279921233654022,0.2983965277671814,0.0,0.11279921233654022,0.0001,1e-05,50.12,3.3362,0.636
4798,stage2,2,0.11160772293806076,0.3053010404109955,0.0,0.11160772293806076,0.0001,1e-05,50.118,3.4169,0.6556
4799,stage2,2,0.12535381317138672,0.32337984442710876,0.0,0.12535381317138672,0.0001,1e-05,50.119,4.2558,0.7
4800,stage2,2,0.10316603630781174,0.29999202489852905,0.0,0.10316603630781174,0.0001,1e-05,50.12,3.3183,1.0163
4801,stage2,2,0.09147367626428604,0.30863428115844727,0.0,0.09147367626428604,0.0001,1e-05,50.121,2.6827,0.6468
4802,stage2,2,0.08796055614948273,0.32278308272361755,0.0,0.08796055614948273,0.0001,1e-05,50.12,2.3986,0.6432
4803,stage2,2,0.12542948126792908,0.3158230185508728,0.0,0.12542948126792908,0.0001,1e-05,50.12,2.9842,0.6973
4804,stage2,2,0.11028231680393219,0.2804625332355499,0.0,0.11028231680393219,0.0001,1e-05,50.119,3.7447,3.488
4805,stage2,2,0.0937943384051323,0.3435739278793335,0.0,0.0937943384051323,0.0001,1e-05,50.118,3.0063,0.6418
4806,stage2,2,0.10628615319728851,0.3051084578037262,0.0,0.10628615319728851,0.0001,1e-05,50.117,3.2873,0.6407
4807,stage2,2,0.10560786724090576,0.3068851828575134,0.0,0.10560786724090576,0.0001,1e-05,50.119,2.9194,0.6412
4808,stage2,2,0.12598362565040588,0.3084541857242584,0.0,0.12598362565040588,0.0001,1e-05,50.116,3.5371,1.0607
4809,stage2,2,0.1059625968337059,0.30868175625801086,0.0,0.1059625968337059,0.0001,1e-05,50.116,2.955,0.6418
4810,stage2,2,0.11831634491682053,0.26558762788772583,0.0,0.11831634491682053,0.0001,1e-05,50.115,3.5619,0.6432
4811,stage2,2,0.12029668688774109,0.32260599732398987,0.0,0.12029668688774109,0.0001,1e-05,50.117,3.5013,0.6425
4812,stage2,2,0.10692410916090012,0.30694150924682617,0.0,0.10692410916090012,0.0001,1e-05,50.12,2.9137,3.762
4813,stage2,2,0.11388600617647171,0.2876737415790558,0.0,0.11388600617647171,0.0001,1e-05,50.117,2.9584,0.6384
4814,stage2,2,0.08786094933748245,0.33859431743621826,0.0,0.08786094933748245,0.0001,1e-05,50.117,2.758,0.6423
4815,stage2,2,0.116193488240242,0.28786081075668335,0.0,0.116193488240242,0.0001,1e-05,50.123,3.885,0.6425
4816,stage2,2,0.09731217473745346,0.2889315187931061,0.0,0.09731217473745346,0.0001,1e-05,50.118,2.5572,0.916
4817,stage2,2,0.1094229444861412,0.29935339093208313,0.0,0.1094229444861412,0.0001,1e-05,50.123,3.2264,0.6458
4818,stage2,2,0.1130533218383789,0.2965750992298126,0.0,0.1130533218383789,0.0001,1e-05,50.12,3.3154,0.7142
4819,stage2,2,0.1266404241323471,0.3339114785194397,0.0,0.1266404241323471,0.0001,1e-05,50.12,3.673,0.6388
4820,stage2,2,0.1035352572798729,0.2920151948928833,0.0,0.1035352572798729,0.0001,1e-05,50.12,2.6208,3.749
4821,stage2,2,0.1187802404165268,0.3019777834415436,0.0,0.1187802404165268,0.0001,1e-05,50.116,3.2449,0.6374
4822,stage2,2,0.10520166158676147,0.3093204200267792,0.0,0.10520166158676147,0.0001,1e-05,50.12,2.4717,0.6569
4823,stage2,2,0.11591143161058426,0.2804970443248749,0.0,0.11591143161058426,0.0001,1e-05,50.118,2.9758,0.6398
4824,stage2,2,0.1106039434671402,0.3101392984390259,0.0,0.1106039434671402,0.0001,1e-05,50.123,2.8816,0.9473
4825,stage2,2,0.10403847694396973,0.3315484821796417,0.0,0.10403847694396973,0.0001,1e-05,50.118,3.3123,0.6378
4826,stage2,2,0.12865863740444183,0.3199818730354309,0.0,0.12865863740444183,0.0001,1e-05,50.121,3.7856,0.6433
4827,stage2,2,0.11572504043579102,0.3159600794315338,0.0,0.11572504043579102,0.0001,1e-05,50.117,3.1784,0.642
4828,stage2,2,0.10324849933385849,0.3250265419483185,0.0,0.10324849933385849,0.0001,1e-05,50.12,2.7194,3.9059
4829,stage2,2,0.11497696489095688,0.3144403398036957,0.0,0.11497696489095688,0.0001,1e-05,50.119,3.507,0.6963
4830,stage2,2,0.11120925098657608,0.31028831005096436,0.0,0.11120925098657608,0.0001,1e-05,50.117,3.7459,0.6423
4831,stage2,2,0.11033515632152557,0.30383166670799255,0.0,0.11033515632152557,0.0001,1e-05,50.121,3.3365,0.6414
4832,stage2,2,0.10023202747106552,0.35572507977485657,0.0,0.10023202747106552,0.0001,1e-05,50.12,3.2078,0.664
4833,stage2,2,0.12220005691051483,0.322572261095047,0.0,0.12220005691051483,0.0001,1e-05,50.12,3.6627,0.6496
4834,stage2,2,0.130181685090065,0.3161281943321228,0.0,0.130181685090065,0.0001,1e-05,50.119,3.7623,0.6962
4835,stage2,2,0.10877832025289536,0.29848790168762207,0.0,0.10877832025289536,0.0001,1e-05,50.12,3.2123,0.6417
4836,stage2,2,0.11608923971652985,0.3292020261287689,0.0,0.11608923971652985,0.0001,1e-05,50.12,3.6259,3.9723
4837,stage2,2,0.10161615163087845,0.28902778029441833,0.0,0.10161615163087845,0.0001,1e-05,50.123,2.8636,0.6403
4838,stage2,2,0.10567125678062439,0.33376091718673706,0.0,0.10567125678062439,0.0001,1e-05,50.118,3.1951,0.6941
4839,stage2,2,0.1023641973733902,0.3210933208465576,0.0,0.1023641973733902,0.0001,1e-05,50.118,2.87,0.6463
4840,stage2,2,0.09091892838478088,0.2846823036670685,0.0,0.09091892838478088,0.0001,1e-05,50.116,3.2342,0.6422
4841,stage2,2,0.09395535290241241,0.2970955967903137,0.0,0.09395535290241241,0.0001,1e-05,50.119,2.6886,0.6417
4842,stage2,2,0.11590879410505295,0.30912068486213684,0.0,0.11590879410505295,0.0001,1e-05,50.12,3.6285,0.6423
4843,stage2,2,0.11263491213321686,0.2922077178955078,0.0,0.11263491213321686,0.0001,1e-05,50.119,2.8182,0.6445
4844,stage2,2,0.11068703979253769,0.29132187366485596,0.0,0.11068703979253769,0.0001,1e-05,50.119,3.6419,4.0353
4845,stage2,2,0.11449816077947617,0.3222072720527649,0.0,0.11449816077947617,0.0001,1e-05,50.12,3.3003,0.6398
4846,stage2,2,0.11026524007320404,0.284510999917984,0.0,0.11026524007320404,0.0001,1e-05,50.12,3.1428,0.6421
4847,stage2,2,0.1039588525891304,0.2836516499519348,0.0,0.1039588525891304,0.0001,1e-05,50.123,2.9302,0.6397
4848,stage2,2,0.12189856171607971,0.33313071727752686,0.0,0.12189856171607971,0.0001,1e-05,50.118,3.4444,0.662
4849,stage2,2,0.09322453290224075,0.26502805948257446,0.0,0.09322453290224075,0.0001,1e-05,50.117,3.1539,0.6363
4850,stage2,2,0.1057695522904396,0.3021591007709503,0.0,0.1057695522904396,0.0001,1e-05,50.118,2.8871,0.6888
4851,stage2,2,0.08703690022230148,0.2732445299625397,0.0,0.08703690022230148,0.0001,1e-05,50.118,2.4259,0.6714
4852,stage2,2,0.11561190336942673,0.30959978699684143,0.0,0.11561190336942673,0.0001,1e-05,50.117,3.3408,3.963
4853,stage2,2,0.09716564416885376,0.3101910650730133,0.0,0.09716564416885376,0.0001,1e-05,50.122,3.5174,0.6437
4854,stage2,2,0.09474506229162216,0.25725477933883667,0.0,0.09474506229162216,0.0001,1e-05,50.119,2.5676,0.6424
4855,stage2,2,0.11697526276111603,0.29569822549819946,0.0,0.11697526276111603,0.0001,1e-05,50.118,3.3009,0.6914
4856,stage2,2,0.10748106241226196,0.3062366247177124,0.0,0.10748106241226196,0.0001,1e-05,50.12,2.6465,0.6418
4857,stage2,2,0.10223779082298279,0.30921584367752075,0.0,0.10223779082298279,0.0001,1e-05,50.118,3.096,0.6418
4858,stage2,2,0.09747375547885895,0.3009625971317291,0.0,0.09747375547885895,0.0001,1e-05,50.12,2.6205,0.6425
4859,stage2,2,0.11794466525316238,0.3247120678424835,0.0,0.11794466525316238,0.0001,1e-05,50.121,3.3858,0.7119
4860,stage2,2,0.12257544696331024,0.29131045937538147,0.0,0.12257544696331024,0.0001,1e-05,50.121,4.0112,3.9437
4861,stage2,2,0.10677337646484375,0.3145298659801483,0.0,0.10677337646484375,0.0001,1e-05,50.123,3.2086,0.6413
4862,stage2,2,0.12216076254844666,0.30696073174476624,0.0,0.12216076254844666,0.0001,1e-05,50.122,3.0187,0.6407
4863,stage2,2,0.1133313700556755,0.2806309163570404,0.0,0.1133313700556755,0.0001,1e-05,50.122,3.7111,0.6475
4864,stage2,2,0.1016484946012497,0.28662070631980896,0.0,0.1016484946012497,0.0001,1e-05,50.119,2.909,0.6893
4865,stage2,2,0.08333522826433182,0.3645801842212677,0.0,0.08333522826433182,0.0001,1e-05,50.124,2.5433,0.6421
4866,stage2,2,0.11371947824954987,0.2890045940876007,0.0,0.11371947824954987,0.0001,1e-05,50.121,3.1282,0.6458
4867,stage2,2,0.10093242675065994,0.31019192934036255,0.0,0.10093242675065994,0.0001,1e-05,50.119,3.1834,0.6429
4868,stage2,2,0.0963512733578682,0.31626999378204346,0.0,0.0963512733578682,0.0001,1e-05,50.12,3.1933,3.9171
4869,stage2,2,0.13596981763839722,0.31757739186286926,0.0,0.13596981763839722,0.0001,1e-05,50.12,3.9662,0.6795
4870,stage2,2,0.1030157059431076,0.28753361105918884,0.0,0.1030157059431076,0.0001,1e-05,50.118,2.3625,0.6568
4871,stage2,2,0.10143572092056274,0.30491122603416443,0.0,0.10143572092056274,0.0001,1e-05,50.118,3.0915,0.648
4872,stage2,2,0.10798242688179016,0.3206164836883545,0.0,0.10798242688179016,0.0001,1e-05,50.118,3.1395,0.6355
4873,stage2,2,0.11079232394695282,0.315853089094162,0.0,0.11079232394695282,0.0001,1e-05,50.116,3.4833,0.6588
4874,stage2,2,0.11410362273454666,0.2881411910057068,0.0,0.11410362273454666,0.0001,1e-05,50.117,2.9493,0.6413
4875,stage2,2,0.09730321168899536,0.2876133918762207,0.0,0.09730321168899536,0.0001,1e-05,50.118,2.7009,0.6625
4876,stage2,2,0.09424839168787003,0.29162266850471497,0.0,0.09424839168787003,0.0001,1e-05,50.115,2.913,3.9326
4877,stage2,2,0.11982429027557373,0.2980629503726959,0.0,0.11982429027557373,0.0001,1e-05,50.12,3.0881,0.6445
4878,stage2,2,0.09965819120407104,0.2922981381416321,0.0,0.09965819120407104,0.0001,1e-05,50.122,3.0036,0.6385
4879,stage2,2,0.11675010621547699,0.31857043504714966,0.0,0.11675010621547699,0.0001,1e-05,50.121,3.8997,0.6562
4880,stage2,2,0.09848955273628235,0.3320615887641907,0.0,0.09848955273628235,0.0001,1e-05,50.12,2.9802,0.6405
4881,stage2,2,0.11552494019269943,0.301923930644989,0.0,0.11552494019269943,0.0001,1e-05,50.122,3.2849,0.6579
4882,stage2,2,0.0973225012421608,0.28090110421180725,0.0,0.0973225012421608,0.0001,1e-05,50.119,2.9155,0.6584
4883,stage2,2,0.12566262483596802,0.28489914536476135,0.0,0.12566262483596802,0.0001,1e-05,50.12,3.5968,0.6348
4884,stage2,2,0.10277783870697021,0.30176931619644165,0.0,0.10277783870697021,0.0001,1e-05,50.118,3.0633,4.2087
4885,stage2,2,0.10028643161058426,0.31701722741127014,0.0,0.10028643161058426,0.0001,1e-05,50.117,2.6001,0.644
4886,stage2,2,0.1060396358370781,0.3181319832801819,0.0,0.1060396358370781,0.0001,1e-05,50.118,2.8368,0.7145
4887,stage2,2,0.10723590850830078,0.3116264343261719,0.0,0.10723590850830078,0.0001,1e-05,50.119,3.0106,0.6581
4888,stage2,2,0.09553772956132889,0.2824264168739319,0.0,0.09553772956132889,0.0001,1e-05,50.12,3.0721,0.7117
4889,stage2,2,0.09854613989591599,0.30871784687042236,0.0,0.09854613989591599,0.0001,1e-05,50.121,3.1692,0.6483
4890,stage2,2,0.11701430380344391,0.30354759097099304,0.0,0.11701430380344391,0.0001,1e-05,50.121,3.6837,0.6509
4891,stage2,2,0.10326319932937622,0.27797967195510864,0.0,0.10326319932937622,0.0001,1e-05,50.118,3.0805,0.6976
4892,stage2,2,0.10798965394496918,0.3229619860649109,0.0,0.10798965394496918,0.0001,1e-05,50.117,3.2229,3.8544
4893,stage2,2,0.11618629842996597,0.29242199659347534,0.0,0.11618629842996597,0.0001,1e-05,50.118,3.0453,0.7115
4894,stage2,2,0.11847523599863052,0.3051425516605377,0.0,0.11847523599863052,0.0001,1e-05,50.118,4.6967,0.6325
4895,stage2,2,0.11123267561197281,0.3084215223789215,0.0,0.11123267561197281,0.0001,1e-05,50.12,3.0032,0.6607
4896,stage2,2,0.11069539934396744,0.27961698174476624,0.0,0.11069539934396744,0.0001,1e-05,50.122,3.0553,0.6574
4897,stage2,2,0.1150304451584816,0.3104085922241211,0.0,0.1150304451584816,0.0001,1e-05,50.121,3.2561,0.7067
4898,stage2,2,0.10759822279214859,0.3035423159599304,0.0,0.10759822279214859,0.0001,1e-05,50.121,3.6793,0.6629
4899,stage2,2,0.10762973874807358,0.3093353509902954,0.0,0.10762973874807358,0.0001,1e-05,50.117,3.5782,0.7104
4900,stage2,2,0.10975530743598938,0.3173321783542633,0.0,0.10975530743598938,0.0001,1e-05,50.123,3.1406,3.9845
4901,stage2,2,0.1129474863409996,0.28910210728645325,0.0,0.1129474863409996,0.0001,1e-05,50.119,3.3763,0.6535
4902,stage2,2,0.10573455691337585,0.32647961378097534,0.0,0.10573455691337585,0.0001,1e-05,50.123,3.2925,0.7098
4903,stage2,2,0.12230073660612106,0.3069278597831726,0.0,0.12230073660612106,0.0001,1e-05,50.121,3.2273,0.661
4904,stage2,2,0.09253621846437454,0.31812208890914917,0.0,0.09253621846437454,0.0001,1e-05,50.119,2.6064,0.6545
4905,stage2,2,0.10337679833173752,0.2753960192203522,0.0,0.10337679833173752,0.0001,1e-05,50.122,2.9502,0.6615
4906,stage2,2,0.1011856272816658,0.3293885290622711,0.0,0.1011856272816658,0.0001,1e-05,50.119,3.3837,0.7061
4907,stage2,2,0.11485810577869415,0.29666170477867126,0.0,0.11485810577869415,0.0001,1e-05,50.118,3.3377,0.6571
4908,stage2,2,0.11713036149740219,0.2809154689311981,0.0,0.11713036149740219,0.0001,1e-05,50.123,3.6367,3.9925
4909,stage2,2,0.1073307991027832,0.2860778570175171,0.0,0.1073307991027832,0.0001,1e-05,50.122,2.881,0.7035
4910,stage2,2,0.11909034848213196,0.2986658811569214,0.0,0.11909034848213196,0.0001,1e-05,50.121,3.5558,0.6557
4911,stage2,2,0.10237939655780792,0.29941779375076294,0.0,0.10237939655780792,0.0001,1e-05,50.12,2.7443,0.7118
4912,stage2,2,0.09635461121797562,0.2936394214630127,0.0,0.09635461121797562,0.0001,1e-05,50.12,2.6318,0.6557
4913,stage2,2,0.10574731230735779,0.30717819929122925,0.0,0.10574731230735779,0.0001,1e-05,50.123,3.6445,0.7146
4914,stage2,2,0.11248950660228729,0.2976331114768982,0.0,0.11248950660228729,0.0001,1e-05,50.123,3.3114,0.6639
4915,stage2,2,0.11374153941869736,0.30561473965644836,0.0,0.11374153941869736,0.0001,1e-05,50.123,2.8028,0.71
4916,stage2,2,0.10039204359054565,0.3158591389656067,0.0,0.10039204359054565,0.0001,1e-05,50.122,2.6936,3.9687
4917,stage2,2,0.10474425554275513,0.31168919801712036,0.0,0.10474425554275513,0.0001,1e-05,50.119,2.6113,0.7076
4918,stage2,2,0.1086605116724968,0.30673152208328247,0.0,0.1086605116724968,0.0001,1e-05,50.119,2.9518,0.6553
4919,stage2,2,0.10574014484882355,0.31162580847740173,0.0,0.10574014484882355,0.0001,1e-05,50.123,3.2453,0.7067
4920,stage2,2,0.0960082858800888,0.28895506262779236,0.0,0.0960082858800888,0.0001,1e-05,50.12,2.6305,0.6558
4921,stage2,2,0.09884817153215408,0.2863647937774658,0.0,0.09884817153215408,0.0001,1e-05,50.123,2.5986,0.7066
4922,stage2,2,0.0933607891201973,0.3242226541042328,0.0,0.0933607891201973,0.0001,1e-05,50.122,2.814,0.6513
4923,stage2,2,0.11570917069911957,0.3016150891780853,0.0,0.11570917069911957,0.0001,1e-05,50.12,3.0994,0.7047
4924,stage2,2,0.12177305668592453,0.30354276299476624,0.0,0.12177305668592453,0.0001,1e-05,50.118,3.3091,4.1382
4925,stage2,2,0.11737514287233353,0.307571679353714,0.0,0.11737514287233353,0.0001,1e-05,50.121,3.0415,0.7043
4926,stage2,2,0.10993171483278275,0.31536248326301575,0.0,0.10993171483278275,0.0001,1e-05,50.122,2.634,0.6631
4927,stage2,2,0.10458245873451233,0.3003248870372772,0.0,0.10458245873451233,0.0001,1e-05,50.123,3.0349,0.7087
4928,stage2,2,0.13165460526943207,0.2854404151439667,0.0,0.13165460526943207,0.0001,1e-05,50.12,3.4784,0.6516
4929,stage2,2,0.09837964922189713,0.2659153640270233,0.0,0.09837964922189713,0.0001,1e-05,50.12,3.6657,0.7262
4930,stage2,2,0.11598438024520874,0.3019326627254486,0.0,0.11598438024520874,0.0001,1e-05,50.122,3.0886,0.6333
4931,stage2,2,0.10423099994659424,0.30217012763023376,0.0,0.10423099994659424,0.0001,1e-05,50.119,3.0185,0.6679
4932,stage2,2,0.09993507713079453,0.32840657234191895,0.0,0.09993507713079453,0.0001,1e-05,50.122,2.5681,4.0359
4933,stage2,2,0.0964374914765358,0.2888261675834656,0.0,0.0964374914765358,0.0001,1e-05,50.119,2.4405,0.6448
4934,stage2,2,0.10614413022994995,0.3093108832836151,0.0,0.10614413022994995,0.0001,1e-05,50.121,2.8477,0.6642
4935,stage2,2,0.0953911691904068,0.3217158913612366,0.0,0.0953911691904068,0.0001,1e-05,50.123,3.6864,0.6359
4936,stage2,2,0.0980546623468399,0.2972963750362396,0.0,0.0980546623468399,0.0001,1e-05,50.12,3.0125,0.7263
4937,stage2,2,0.09974373131990433,0.30174142122268677,0.0,0.09974373131990433,0.0001,1e-05,50.12,2.51,0.6524
4938,stage2,2,0.11094968765974045,0.26446136832237244,0.0,0.11094968765974045,0.0001,1e-05,50.124,3.1041,0.7157
4939,stage2,2,0.10932248830795288,0.32625117897987366,0.0,0.10932248830795288,0.0001,1e-05,50.122,3.0478,0.6472
4940,stage2,2,0.10208695381879807,0.3151949942111969,0.0,0.10208695381879807,0.0001,1e-05,50.121,3.0622,3.8728
4941,stage2,2,0.09267421811819077,0.3181781768798828,0.0,0.09267421811819077,0.0001,1e-05,50.121,2.5506,0.703
4942,stage2,2,0.09150471538305283,0.31038421392440796,0.0,0.09150471538305283,0.0001,1e-05,50.122,2.6424,0.6562
4943,stage2,2,0.09459475427865982,0.30950042605400085,0.0,0.09459475427865982,0.0001,1e-05,50.122,2.7066,0.7162
4944,stage2,2,0.10466214269399643,0.31719496846199036,0.0,0.10466214269399643,0.0001,1e-05,50.123,2.7749,0.6437
4945,stage2,2,0.09683781117200851,0.29359617829322815,0.0,0.09683781117200851,0.0001,1e-05,50.12,2.6909,0.6552
4946,stage2,2,0.09892216324806213,0.29778599739074707,0.0,0.09892216324806213,0.0001,1e-05,50.122,3.1665,0.6382
4947,stage2,2,0.09969475120306015,0.32270705699920654,0.0,0.09969475120306015,0.0001,1e-05,50.123,2.9223,0.6943
4948,stage2,2,0.11147741973400116,0.3006170988082886,0.0,0.11147741973400116,0.0001,1e-05,50.12,2.8241,3.9686
4949,stage2,2,0.09311719238758087,0.2937450706958771,0.0,0.09311719238758087,0.0001,1e-05,50.12,2.4381,0.636
4950,stage2,2,0.10316302627325058,0.31780633330345154,0.0,0.10316302627325058,0.0001,1e-05,50.124,2.9275,0.7247
4951,stage2,2,0.11313287913799286,0.2752354145050049,0.0,0.11313287913799286,0.0001,1e-05,50.124,3.2973,0.6503
4952,stage2,2,0.09880336374044418,0.3535822331905365,0.0,0.09880336374044418,0.0001,1e-05,50.122,3.1061,0.7109
4953,stage2,2,0.10610854625701904,0.31790345907211304,0.0,0.10610854625701904,0.0001,1e-05,50.123,3.0244,0.6522
4954,stage2,2,0.11236429959535599,0.2864012122154236,0.0,0.11236429959535599,0.0001,1e-05,50.123,3.2932,0.7115
4955,stage2,2,0.10924358665943146,0.2964770793914795,0.0,0.10924358665943146,0.0001,1e-05,50.12,3.7154,0.636
4956,stage2,2,0.0960753783583641,0.2757903039455414,0.0,0.0960753783583641,0.0001,1e-05,50.12,3.2534,3.6261
4957,stage2,2,0.10323848575353622,0.3210710883140564,0.0,0.10323848575353622,0.0001,1e-05,50.121,3.3776,0.6976
4958,stage2,2,0.09669031947851181,0.28484460711479187,0.0,0.09669031947851181,0.0001,1e-05,50.12,2.9534,0.6564
4959,stage2,3,0.09856505692005157,0.2892153859138489,0.0,0.09856505692005157,0.0001,1e-05,50.121,3.0383,9.9719
4960,stage2,3,0.09079556167125702,0.325823038816452,0.0,0.09079556167125702,0.0001,1e-05,50.121,2.9881,0.6578
4961,stage2,3,0.10097508132457733,0.29682645201683044,0.0,0.10097508132457733,0.0001,1e-05,50.121,2.6107,0.7009
4962,stage2,3,0.10392816364765167,0.31826284527778625,0.0,0.10392816364765167,0.0001,1e-05,50.118,3.0688,0.653
4963,stage2,3,0.09640534222126007,0.3037814199924469,0.0,0.09640534222126007,0.0001,1e-05,50.117,3.1146,0.707
4964,stage2,3,0.08653616160154343,0.2703869044780731,0.0,0.08653616160154343,0.0001,1e-05,50.119,2.4249,0.6502
4965,stage2,3,0.11581612378358841,0.2976449728012085,0.0,0.11581612378358841,0.0001,1e-05,50.121,3.3671,0.7076
4966,stage2,3,0.12258128821849823,0.31033146381378174,0.0,0.12258128821849823,0.0001,1e-05,50.123,3.6591,0.6347
4967,stage2,3,0.10142885148525238,0.2736223340034485,0.0,0.10142885148525238,0.0001,1e-05,50.117,3.0701,3.9219
4968,stage2,3,0.10142204910516739,0.27669525146484375,0.0,0.10142204910516739,0.0001,1e-05,50.119,2.9794,0.6411
4969,stage2,3,0.10137898474931717,0.3052487373352051,0.0,0.10137898474931717,0.0001,1e-05,50.124,2.5185,0.6611
4970,stage2,3,0.09693066030740738,0.3147996962070465,0.0,0.09693066030740738,0.0001,1e-05,50.12,3.7067,0.6419
4971,stage2,3,0.1088910922408104,0.27553635835647583,0.0,0.1088910922408104,0.0001,1e-05,50.114,2.9436,0.7115
4972,stage2,3,0.10032351315021515,0.3083140254020691,0.0,0.10032351315021515,0.0001,1e-05,50.12,3.2013,0.6565
4973,stage2,3,0.11130225658416748,0.3178161382675171,0.0,0.11130225658416748,0.0001,1e-05,50.119,2.9507,0.7186
4974,stage2,3,0.09916042536497116,0.2687651216983795,0.0,0.09916042536497116,0.0001,1e-05,50.12,2.9491,0.6497
4975,stage2,3,0.0948762595653534,0.3074335753917694,0.0,0.0948762595653534,0.0001,1e-05,50.12,3.0301,3.9594
4976,stage2,3,0.11438402533531189,0.3001077473163605,0.0,0.11438402533531189,0.0001,1e-05,50.119,3.0152,0.7076
4977,stage2,3,0.09377985447645187,0.26574283838272095,0.0,0.09377985447645187,0.0001,1e-05,50.122,2.8798,0.653
4978,stage2,3,0.09369353204965591,0.2794745862483978,0.0,0.09369353204965591,0.0001,1e-05,50.12,3.0364,0.7107
4979,stage2,3,0.08937950432300568,0.3114562928676605,0.0,0.08937950432300568,0.0001,1e-05,50.12,2.783,0.6563
4980,stage2,3,0.09953603148460388,0.27940818667411804,0.0,0.09953603148460388,0.0001,1e-05,50.121,2.6861,0.7146
4981,stage2,3,0.08204158395528793,0.3106885254383087,0.0,0.08204158395528793,0.0001,1e-05,50.118,2.3324,0.6527
4982,stage2,3,0.09492825716733932,0.25898703932762146,0.0,0.09492825716733932,0.0001,1e-05,50.119,2.5031,0.72
4983,stage2,3,0.0811225101351738,0.2627030909061432,0.0,0.0811225101351738,0.0001,1e-05,50.119,2.2559,3.9966
4984,stage2,3,0.11404747515916824,0.31109702587127686,0.0,0.11404747515916824,0.0001,1e-05,50.119,3.6398,0.6389
4985,stage2,3,0.08667796105146408,0.3055693805217743,0.0,0.08667796105146408,0.0001,1e-05,50.119,2.3692,0.6444
4986,stage2,3,0.10681849718093872,0.3175186514854431,0.0,0.10681849718093872,0.0001,1e-05,50.122,3.0882,0.6399
4987,stage2,3,0.10273469239473343,0.3013901114463806,0.0,0.10273469239473343,0.0001,1e-05,50.118,2.7997,0.6941
4988,stage2,3,0.10844379663467407,0.2966352105140686,0.0,0.10844379663467407,0.0001,1e-05,50.119,3.2431,0.645
4989,stage2,3,0.08126313984394073,0.27248722314834595,0.0,0.08126313984394073,0.0001,1e-05,50.12,2.3179,0.6404
4990,stage2,3,0.10240016877651215,0.2711901366710663,0.0,0.10240016877651215,0.0001,1e-05,50.118,3.0143,0.641
4991,stage2,3,0.1020210012793541,0.28722819685935974,0.0,0.1020210012793541,0.0001,1e-05,50.119,2.6849,3.9005
4992,stage2,3,0.09967724978923798,0.2998681664466858,0.0,0.09967724978923798,0.0001,1e-05,50.118,2.7339,0.6892
4993,stage2,3,0.09200742840766907,0.3039086163043976,0.0,0.09200742840766907,0.0001,1e-05,50.119,2.4902,0.6399
4994,stage2,3,0.09568444639444351,0.31587812304496765,0.0,0.09568444639444351,0.0001,1e-05,50.119,2.3503,0.6397
4995,stage2,3,0.10046874731779099,0.31529244780540466,0.0,0.10046874731779099,0.0001,1e-05,50.122,2.5298,0.6416
4996,stage2,3,0.10064402967691422,0.28188323974609375,0.0,0.10064402967691422,0.0001,1e-05,50.121,3.3773,0.6683
4997,stage2,3,0.09264495968818665,0.3066006302833557,0.0,0.09264495968818665,0.0001,1e-05,50.118,2.4313,0.6665
4998,stage2,3,0.08612660318613052,0.3140197694301605,0.0,0.08612660318613052,0.0001,1e-05,50.12,2.4094,0.6474
4999,stage2,3,0.09661393612623215,0.30600816011428833,0.0,0.09661393612623215,0.0001,1e-05,50.119,2.7022,3.961
5000,stage2,3,0.11760792136192322,0.2895585298538208,0.0,0.11760792136192322,0.0001,1e-05,50.123,3.5274,0.6439
5001,stage2,3,0.0907190814614296,0.27157697081565857,0.0,0.0907190814614296,0.0001,1e-05,50.121,3.3098,0.6317
5002,stage2,3,0.09946750849485397,0.34081315994262695,0.0,0.09946750849485397,0.0001,1e-05,50.119,3.1895,0.7205
5003,stage2,3,0.09986123442649841,0.28209105134010315,0.0,0.09986123442649841,0.0001,1e-05,50.119,2.9047,0.6392
5004,stage2,3,0.09670411795377731,0.2948976755142212,0.0,0.09670411795377731,0.0001,1e-05,50.119,2.8126,0.6406
5005,stage2,3,0.09447722136974335,0.27165934443473816,0.0,0.09447722136974335,0.0001,1e-05,50.119,2.3796,0.6419
5006,stage2,3,0.1063317134976387,0.3005834221839905,0.0,0.1063317134976387,0.0001,1e-05,50.124,4.31,0.6422
5007,stage2,3,0.09071816504001617,0.2966470420360565,0.0,0.09071816504001617,0.0001,1e-05,50.122,2.9796,3.9592
5008,stage2,3,0.08925186842679977,0.2788392901420593,0.0,0.08925186842679977,0.0001,1e-05,50.119,2.4719,0.6387
5009,stage2,3,0.08095267415046692,0.31054872274398804,0.0,0.08095267415046692,0.0001,1e-05,50.123,2.8976,0.6375
5010,stage2,3,0.09850922971963882,0.29549548029899597,0.0,0.09850922971963882,0.0001,1e-05,50.122,2.9918,0.6448
5011,stage2,3,0.0856495127081871,0.3130858540534973,0.0,0.0856495127081871,0.0001,1e-05,50.12,2.349,0.6411
5012,stage2,3,0.09127048403024673,0.2923333942890167,0.0,0.09127048403024673,0.0001,1e-05,50.12,2.7868,0.6958
5013,stage2,3,0.11048197001218796,0.31582725048065186,0.0,0.11048197001218796,0.0001,1e-05,50.12,3.2128,0.6451
5014,stage2,3,0.10133101791143417,0.2966369092464447,0.0,0.10133101791143417,0.0001,1e-05,50.119,3.4583,0.6408
5015,stage2,3,0.09569074213504791,0.3254660367965698,0.0,0.09569074213504791,0.0001,1e-05,50.119,3.1206,3.9343
5016,stage2,3,0.10551434010267258,0.2937057614326477,0.0,0.10551434010267258,0.0001,1e-05,50.117,2.9724,0.6988
5017,stage2,3,0.10606424510478973,0.3096286654472351,0.0,0.10606424510478973,0.0001,1e-05,50.12,2.9565,0.6354
5018,stage2,3,0.09175336360931396,0.3012414574623108,0.0,0.09175336360931396,0.0001,1e-05,50.12,3.1352,0.6455
5019,stage2,3,0.10106318444013596,0.294615238904953,0.0,0.10106318444013596,0.0001,1e-05,50.12,2.7325,0.6421
5020,stage2,3,0.09128618985414505,0.2939387857913971,0.0,0.09128618985414505,0.0001,1e-05,50.12,2.838,0.6415
5021,stage2,3,0.10580134391784668,0.295545369386673,0.0,0.10580134391784668,0.0001,1e-05,50.117,2.4613,0.6369
5022,stage2,3,0.08641037344932556,0.2937977612018585,0.0,0.08641037344932556,0.0001,1e-05,50.122,2.5603,0.6559
5023,stage2,3,0.10625157505273819,0.3099413514137268,0.0,0.10625157505273819,0.0001,1e-05,50.118,2.7468,3.8896
5024,stage2,3,0.11476762592792511,0.2939809560775757,0.0,0.11476762592792511,0.0001,1e-05,50.12,3.4536,0.641
5025,stage2,3,0.07543596625328064,0.27991002798080444,0.0,0.07543596625328064,0.0001,1e-05,50.118,2.243,0.6404
5026,stage2,3,0.09662609547376633,0.2976939082145691,0.0,0.09662609547376633,0.0001,1e-05,50.119,2.869,0.6406
5027,stage2,3,0.09747837483882904,0.28327763080596924,0.0,0.09747837483882904,0.0001,1e-05,50.117,2.5825,0.7013
5028,stage2,3,0.10833460092544556,0.29182615876197815,0.0,0.10833460092544556,0.0001,1e-05,50.12,2.9031,0.6395
5029,stage2,3,0.08785124123096466,0.2992454767227173,0.0,0.08785124123096466,0.0001,1e-05,50.12,2.7764,0.6364
5030,stage2,3,0.11355263739824295,0.29651328921318054,0.0,0.11355263739824295,0.0001,1e-05,50.118,4.3066,0.6606
5031,stage2,3,0.1032233014702797,0.2986723482608795,0.0,0.1032233014702797,0.0001,1e-05,50.123,2.8046,3.9617
5032,stage2,3,0.10949239134788513,0.3186386823654175,0.0,0.10949239134788513,0.0001,1e-05,50.119,2.9297,0.6301
5033,stage2,3,0.10532105714082718,0.2855672240257263,0.0,0.10532105714082718,0.0001,1e-05,50.121,3.3342,0.6405
5034,stage2,3,0.09808346629142761,0.2816556692123413,0.0,0.09808346629142761,0.0001,1e-05,50.117,2.8315,0.6407
5035,stage2,3,0.08584582805633545,0.29905956983566284,0.0,0.08584582805633545,0.0001,1e-05,50.12,2.8144,0.6453
5036,stage2,3,0.09825091809034348,0.34736913442611694,0.0,0.09825091809034348,0.0001,1e-05,50.121,2.6476,0.641
5037,stage2,3,0.10769905894994736,0.2908717691898346,0.0,0.10769905894994736,0.0001,1e-05,50.122,3.3137,0.6939
5038,stage2,3,0.0832066535949707,0.2863250970840454,0.0,0.0832066535949707,0.0001,1e-05,50.118,2.4188,0.6572
5039,stage2,3,0.09493829309940338,0.2967304289340973,0.0,0.09493829309940338,0.0001,1e-05,50.12,2.6078,3.9725
5040,stage2,3,0.11032720655202866,0.29073190689086914,0.0,0.11032720655202866,0.0001,1e-05,50.119,2.9399,0.6929
5041,stage2,3,0.09812656790018082,0.292204886674881,0.0,0.09812656790018082,0.0001,1e-05,50.119,3.1416,0.6462
5042,stage2,3,0.09687124937772751,0.2817847728729248,0.0,0.09687124937772751,0.0001,1e-05,50.121,2.9377,0.6416
5043,stage2,3,0.09033701568841934,0.2847042977809906,0.0,0.09033701568841934,0.0001,1e-05,50.118,2.81,0.6418
5044,stage2,3,0.1117510199546814,0.286236047744751,0.0,0.1117510199546814,0.0001,1e-05,50.117,2.681,0.6416
5045,stage2,3,0.09881701320409775,0.32716792821884155,0.0,0.09881701320409775,0.0001,1e-05,50.117,2.8358,0.6973
5046,stage2,3,0.09471502900123596,0.30289125442504883,0.0,0.09471502900123596,0.0001,1e-05,50.118,2.6552,0.6432
5047,stage2,3,0.09139281511306763,0.2774195671081543,0.0,0.09139281511306763,0.0001,1e-05,50.119,2.583,3.9064
5048,stage2,3,0.10158150643110275,0.3015122413635254,0.0,0.10158150643110275,0.0001,1e-05,50.117,3.1999,0.6363
5049,stage2,3,0.10541984438896179,0.2903852164745331,0.0,0.10541984438896179,0.0001,1e-05,50.12,3.3421,0.6939
5050,stage2,3,0.10048308968544006,0.2777644991874695,0.0,0.10048308968544006,0.0001,1e-05,50.12,2.6621,0.6412
5051,stage2,3,0.09747347980737686,0.2873832881450653,0.0,0.09747347980737686,0.0001,1e-05,50.116,2.4912,0.6464
5052,stage2,3,0.09049227088689804,0.30259770154953003,0.0,0.09049227088689804,0.0001,1e-05,50.12,2.9408,0.6422
5053,stage2,3,0.10357272624969482,0.29058191180229187,0.0,0.10357272624969482,0.0001,1e-05,50.12,3.159,0.6417
5054,stage2,3,0.09889283031225204,0.3266585171222687,0.0,0.09889283031225204,0.0001,1e-05,50.12,3.2442,0.6955
5055,stage2,3,0.0900036096572876,0.30807816982269287,0.0,0.0900036096572876,0.0001,1e-05,50.121,2.78,3.9757
5056,stage2,3,0.11464902758598328,0.29532748460769653,0.0,0.11464902758598328,0.0001,1e-05,50.119,3.3487,0.6447
5057,stage2,3,0.10726313292980194,0.2870005965232849,0.0,0.10726313292980194,0.0001,1e-05,50.117,3.2138,0.6407
5058,stage2,3,0.08939626067876816,0.2917720377445221,0.0,0.08939626067876816,0.0001,1e-05,50.12,2.2535,0.6412
5059,stage2,3,0.11637905985116959,0.3126152753829956,0.0,0.11637905985116959,0.0001,1e-05,50.118,3.3631,0.6467
5060,stage2,3,0.11120197176933289,0.30713582038879395,0.0,0.11120197176933289,0.0001,1e-05,50.115,3.4351,0.6912
5061,stage2,3,0.08517496287822723,0.3066263794898987,0.0,0.08517496287822723,0.0001,1e-05,50.12,2.5395,0.6422
5062,stage2,3,0.10427279770374298,0.26578089594841003,0.0,0.10427279770374298,0.0001,1e-05,50.118,2.8263,0.6463
5063,stage2,3,0.09755104780197144,0.3041505515575409,0.0,0.09755104780197144,0.0001,1e-05,50.12,2.7798,4.187
5064,stage2,3,0.09039996564388275,0.3253719210624695,0.0,0.09039996564388275,0.0001,1e-05,50.12,2.5161,0.6924
5065,stage2,3,0.08676720410585403,0.2756213843822479,0.0,0.08676720410585403,0.0001,1e-05,50.12,2.6274,0.6395
5066,stage2,3,0.08411587029695511,0.31385380029678345,0.0,0.08411587029695511,0.0001,1e-05,50.121,2.466,0.6405
5067,stage2,3,0.11374051123857498,0.3004028797149658,0.0,0.11374051123857498,0.0001,1e-05,50.12,3.1877,0.6419
5068,stage2,3,0.09658590704202652,0.3116142153739929,0.0,0.09658590704202652,0.0001,1e-05,50.117,3.2085,0.6419
5069,stage2,3,0.09525444358587265,0.2950541377067566,0.0,0.09525444358587265,0.0001,1e-05,50.118,2.8252,0.6941
5070,stage2,3,0.09589026868343353,0.26923444867134094,0.0,0.09589026868343353,0.0001,1e-05,50.118,2.8836,0.6464
5071,stage2,3,0.08588342368602753,0.27930641174316406,0.0,0.08588342368602753,0.0001,1e-05,50.118,2.4924,4.0559
5072,stage2,3,0.0946066677570343,0.2825757563114166,0.0,0.0946066677570343,0.0001,1e-05,50.12,2.7458,0.6422
5073,stage2,3,0.10696735978126526,0.28122201561927795,0.0,0.10696735978126526,0.0001,1e-05,50.121,3.4603,0.6386
5074,stage2,3,0.1204606369137764,0.298601359128952,0.0,0.1204606369137764,0.0001,1e-05,50.12,4.2235,0.6713
5075,stage2,3,0.08950415998697281,0.31273049116134644,0.0,0.08950415998697281,0.0001,1e-05,50.119,2.8535,0.6863
5076,stage2,3,0.1154089868068695,0.2778228521347046,0.0,0.1154089868068695,0.0001,1e-05,50.117,3.9438,0.641
5077,stage2,3,0.11222440749406815,0.3064074218273163,0.0,0.11222440749406815,0.0001,1e-05,50.117,4.0676,0.6421
5078,stage2,3,0.10359456390142441,0.2953919768333435,0.0,0.10359456390142441,0.0001,1e-05,50.12,2.9899,0.6427
5079,stage2,3,0.09525798261165619,0.27693846821784973,0.0,0.09525798261165619,0.0001,1e-05,50.12,2.6363,4.2001
5080,stage2,3,0.09307929873466492,0.3002415895462036,0.0,0.09307929873466492,0.0001,1e-05,50.117,2.8862,0.6437
5081,stage2,3,0.09158177673816681,0.3074982464313507,0.0,0.09158177673816681,0.0001,1e-05,50.118,2.617,0.6444
5082,stage2,3,0.10487303137779236,0.29296740889549255,0.0,0.10487303137779236,0.0001,1e-05,50.117,3.0102,0.6453
5083,stage2,3,0.10142180323600769,0.30612269043922424,0.0,0.10142180323600769,0.0001,1e-05,50.118,2.9243,0.7006
5084,stage2,3,0.1157163605093956,0.3049841821193695,0.0,0.1157163605093956,0.0001,1e-05,50.116,3.6061,0.6449
5085,stage2,3,0.09029997140169144,0.31389570236206055,0.0,0.09029997140169144,0.0001,1e-05,50.12,2.6012,0.6423
5086,stage2,3,0.09525493532419205,0.2933175265789032,0.0,0.09525493532419205,0.0001,1e-05,50.12,3.2178,0.6417
5087,stage2,3,0.10284838080406189,0.29331472516059875,0.0,0.10284838080406189,0.0001,1e-05,50.121,3.2641,4.1665
5088,stage2,3,0.08910705149173737,0.29825764894485474,0.0,0.08910705149173737,0.0001,1e-05,50.117,2.9563,0.6413
5089,stage2,3,0.09983649849891663,0.2678201496601105,0.0,0.09983649849891663,0.0001,1e-05,50.12,2.4638,0.6406
5090,stage2,3,0.11124162375926971,0.28792810440063477,0.0,0.11124162375926971,0.0001,1e-05,50.119,2.9853,0.6414
5091,stage2,3,0.10103797912597656,0.3111794888973236,0.0,0.10103797912597656,0.0001,1e-05,50.117,2.8484,0.6423
5092,stage2,3,0.09399130195379257,0.29155007004737854,0.0,0.09399130195379257,0.0001,1e-05,50.119,2.5385,0.6365
5093,stage2,3,0.09867510199546814,0.2949289381504059,0.0,0.09867510199546814,0.0001,1e-05,50.118,2.7289,0.6644
5094,stage2,3,0.08829677850008011,0.2683573365211487,0.0,0.08829677850008011,0.0001,1e-05,50.119,2.3888,0.6972
5095,stage2,3,0.09033980220556259,0.3047235906124115,0.0,0.09033980220556259,0.0001,1e-05,50.119,2.5335,3.9893
5096,stage2,3,0.10798320919275284,0.3203805685043335,0.0,0.10798320919275284,0.0001,1e-05,50.12,2.8695,0.6419
5097,stage2,3,0.08545386046171188,0.3394586443901062,0.0,0.08545386046171188,0.0001,1e-05,50.12,3.071,0.645
5098,stage2,3,0.10182570666074753,0.2909410297870636,0.0,0.10182570666074753,0.0001,1e-05,50.12,2.3584,0.6985
5099,stage2,3,0.09596767276525497,0.2917652428150177,0.0,0.09596767276525497,0.0001,1e-05,50.119,3.2899,0.6378
5100,stage2,3,0.1010170578956604,0.2856478691101074,0.0,0.1010170578956604,0.0001,1e-05,50.117,2.64,0.6403
5101,stage2,3,0.10539178550243378,0.30063411593437195,0.0,0.10539178550243378,0.0001,1e-05,50.118,3.1604,0.6453
5102,stage2,3,0.125326007604599,0.2822030186653137,0.0,0.125326007604599,0.0001,1e-05,50.117,3.5009,0.6418
5103,stage2,3,0.09640728682279587,0.2904687523841858,0.0,0.09640728682279587,0.0001,1e-05,50.119,2.7995,4.2787
5104,stage2,3,0.10146576911211014,0.2931194007396698,0.0,0.10146576911211014,0.0001,1e-05,50.117,3.3306,0.6392
5105,stage2,3,0.09903205186128616,0.2836957275867462,0.0,0.09903205186128616,0.0001,1e-05,50.118,2.9556,0.6407
5106,stage2,3,0.1155732199549675,0.2946239709854126,0.0,0.1155732199549675,0.0001,1e-05,50.116,3.9911,0.6394
5107,stage2,3,0.09059800952672958,0.28537705540657043,0.0,0.09059800952672958,0.0001,1e-05,50.118,2.552,0.641
5108,stage2,3,0.11155199259519577,0.29809001088142395,0.0,0.11155199259519577,0.0001,1e-05,50.118,3.8063,0.6927
5109,stage2,3,0.11180773377418518,0.3083688020706177,0.0,0.11180773377418518,0.0001,1e-05,50.118,2.7734,0.6413
5110,stage2,3,0.10605154931545258,0.29368534684181213,0.0,0.10605154931545258,0.0001,1e-05,50.118,2.5368,0.6415
5111,stage2,3,0.08744030445814133,0.28671014308929443,0.0,0.08744030445814133,0.0001,1e-05,50.119,3.1415,4.1969
5112,stage2,3,0.10690250247716904,0.2813669443130493,0.0,0.10690250247716904,0.0001,1e-05,50.12,3.0477,0.6387
5113,stage2,3,0.10664337128400803,0.3290345072746277,0.0,0.10664337128400803,0.0001,1e-05,50.12,3.512,0.7001
5114,stage2,3,0.0896586999297142,0.3150475323200226,0.0,0.0896586999297142,0.0001,1e-05,50.12,2.3826,0.6352
5115,stage2,3,0.09376809000968933,0.2906045615673065,0.0,0.09376809000968933,0.0001,1e-05,50.121,2.8158,0.6413
5116,stage2,3,0.10439448803663254,0.2763518989086151,0.0,0.10439448803663254,0.0001,1e-05,50.12,2.9617,0.645
5117,stage2,3,0.08172787725925446,0.32314616441726685,0.0,0.08172787725925446,0.0001,1e-05,50.116,2.4054,0.6412
5118,stage2,3,0.11652936786413193,0.31202030181884766,0.0,0.11652936786413193,0.0001,1e-05,50.121,3.529,0.6788
5119,stage2,3,0.10693132132291794,0.2858995497226715,0.0,0.10693132132291794,0.0001,1e-05,50.118,3.6463,4.1349
5120,stage2,3,0.09255284070968628,0.2998371720314026,0.0,0.09255284070968628,0.0001,1e-05,50.119,3.1418,0.6407
5121,stage2,3,0.09367876499891281,0.31811022758483887,0.0,0.09367876499891281,0.0001,1e-05,50.118,2.6089,0.6443
5122,stage2,3,0.09796340018510818,0.3015623092651367,0.0,0.09796340018510818,0.0001,1e-05,50.119,2.5602,0.645
5123,stage2,3,0.10310754925012589,0.2937696874141693,0.0,0.10310754925012589,0.0001,1e-05,50.117,2.5525,0.6961
5124,stage2,3,0.09623334556818008,0.27965036034584045,0.0,0.09623334556818008,0.0001,1e-05,50.118,2.9878,0.6414
5125,stage2,3,0.08925963938236237,0.3273983299732208,0.0,0.08925963938236237,0.0001,1e-05,50.12,3.1582,0.6397
5126,stage2,3,0.09409303218126297,0.27881449460983276,0.0,0.09409303218126297,0.0001,1e-05,50.119,3.3467,0.6408
5127,stage2,3,0.0892404243350029,0.2734539806842804,0.0,0.0892404243350029,0.0001,1e-05,50.118,2.878,4.1985
5128,stage2,3,0.08933700621128082,0.2850714921951294,0.0,0.08933700621128082,0.0001,1e-05,50.119,2.2347,0.7235
5129,stage2,3,0.1016463190317154,0.29865923523902893,0.0,0.1016463190317154,0.0001,1e-05,50.119,3.0287,0.6341
5130,stage2,3,0.1047382801771164,0.2840537130832672,0.0,0.1047382801771164,0.0001,1e-05,50.12,3.0596,0.6396
5131,stage2,3,0.0922645702958107,0.2900826930999756,0.0,0.0922645702958107,0.0001,1e-05,50.118,3.4416,0.6402
5132,stage2,3,0.11356227099895477,0.2650355100631714,0.0,0.11356227099895477,0.0001,1e-05,50.12,3.513,0.6411
5133,stage2,3,0.10200827568769455,0.29373160004615784,0.0,0.10200827568769455,0.0001,1e-05,50.12,3.1979,0.6471
5134,stage2,3,0.13602302968502045,0.3326290547847748,0.0,0.13602302968502045,0.0001,1e-05,50.117,3.9393,0.6865
5135,stage2,3,0.09422453492879868,0.2978596091270447,0.0,0.09422453492879868,0.0001,1e-05,50.118,2.5084,4.1432
5136,stage2,3,0.09165481477975845,0.29507139325141907,0.0,0.09165481477975845,0.0001,1e-05,50.12,2.9725,0.6384
5137,stage2,3,0.09482863545417786,0.29064711928367615,0.0,0.09482863545417786,0.0001,1e-05,50.122,2.8419,0.6386
5138,stage2,3,0.08979766815900803,0.3103308081626892,0.0,0.08979766815900803,0.0001,1e-05,50.12,2.7674,0.6759
5139,stage2,3,0.07734785228967667,0.2695137560367584,0.0,0.07734785228967667,0.0001,1e-05,50.119,2.2079,0.6582
5140,stage2,3,0.09363427758216858,0.2681908905506134,0.0,0.09363427758216858,0.0001,1e-05,50.119,2.654,0.6456
5141,stage2,3,0.09121455252170563,0.3174528181552887,0.0,0.09121455252170563,0.0001,1e-05,50.12,3.0519,0.6412
5142,stage2,3,0.09033913910388947,0.3117818832397461,0.0,0.09033913910388947,0.0001,1e-05,50.12,2.8213,0.6419
5143,stage2,3,0.08314834535121918,0.2865433394908905,0.0,0.08314834535121918,0.0001,1e-05,50.117,2.6301,4.2861
5144,stage2,3,0.09690305590629578,0.2881315052509308,0.0,0.09690305590629578,0.0001,1e-05,50.117,2.5619,0.6384
5145,stage2,3,0.08699642866849899,0.28829681873321533,0.0,0.08699642866849899,0.0001,1e-05,50.119,2.8144,0.638
5146,stage2,3,0.09541243314743042,0.306196391582489,0.0,0.09541243314743042,0.0001,1e-05,50.121,2.8454,0.6401
5147,stage2,3,0.1333436816930771,0.31019434332847595,0.0,0.1333436816930771,0.0001,1e-05,50.117,4.4688,0.6398
5148,stage2,3,0.09682151675224304,0.29503172636032104,0.0,0.09682151675224304,0.0001,1e-05,50.119,2.6506,0.6443
5149,stage2,3,0.09789322316646576,0.31020933389663696,0.0,0.09789322316646576,0.0001,1e-05,50.121,2.9868,0.7154
5150,stage2,3,0.10413781553506851,0.325607568025589,0.0,0.10413781553506851,0.0001,1e-05,50.117,3.1893,0.6369
5151,stage2,3,0.09735599905252457,0.29077357053756714,0.0,0.09735599905252457,0.0001,1e-05,50.116,3.1579,4.2014
5152,stage2,3,0.10067953914403915,0.31266647577285767,0.0,0.10067953914403915,0.0001,1e-05,50.117,2.8567,0.6441
5153,stage2,3,0.09887591004371643,0.30533331632614136,0.0,0.09887591004371643,0.0001,1e-05,50.115,2.8531,0.6614
5154,stage2,3,0.10273239761590958,0.29609525203704834,0.0,0.10273239761590958,0.0001,1e-05,50.122,2.812,0.668
5155,stage2,3,0.09191130101680756,0.2532876431941986,0.0,0.09191130101680756,0.0001,1e-05,50.12,3.033,0.6403
5156,stage2,3,0.11729235202074051,0.2957880198955536,0.0,0.11729235202074051,0.0001,1e-05,50.122,3.0897,0.6407
5157,stage2,3,0.09616686403751373,0.3240490257740021,0.0,0.09616686403751373,0.0001,1e-05,50.123,2.7921,0.6415
5158,stage2,3,0.089725561439991,0.3110015094280243,0.0,0.089725561439991,0.0001,1e-05,50.122,2.9472,0.6721
5159,stage2,3,0.08534105122089386,0.2788754999637604,0.0,0.08534105122089386,0.0001,1e-05,50.115,2.467,4.2612
5160,stage2,3,0.08256180584430695,0.2754214406013489,0.0,0.08256180584430695,0.0001,1e-05,50.119,2.3122,0.6376
5161,stage2,3,0.07801086455583572,0.2967286705970764,0.0,0.07801086455583572,0.0001,1e-05,50.12,2.4863,0.6399
5162,stage2,3,0.09335048496723175,0.29683566093444824,0.0,0.09335048496723175,0.0001,1e-05,50.117,2.6847,0.6989
5163,stage2,3,0.10411154478788376,0.28453052043914795,0.0,0.10411154478788376,0.0001,1e-05,50.12,2.9886,0.6357
5164,stage2,3,0.09277086704969406,0.31354498863220215,0.0,0.09277086704969406,0.0001,1e-05,50.119,3.0477,0.6453
5165,stage2,3,0.1077362522482872,0.29377955198287964,0.0,0.1077362522482872,0.0001,1e-05,50.118,3.0256,0.6409
5166,stage2,3,0.08249184489250183,0.28111401200294495,0.0,0.08249184489250183,0.0001,1e-05,50.119,2.619,0.641
5167,stage2,3,0.09852641820907593,0.29253655672073364,0.0,0.09852641820907593,0.0001,1e-05,50.118,2.2552,4.1092
5168,stage2,3,0.1007145345211029,0.3028988242149353,0.0,0.1007145345211029,0.0001,1e-05,50.121,2.9439,0.6954
5169,stage2,3,0.10153631120920181,0.2719450891017914,0.0,0.10153631120920181,0.0001,1e-05,50.124,2.9021,0.6382
5170,stage2,3,0.08349382877349854,0.3075312674045563,0.0,0.08349382877349854,0.0001,1e-05,50.122,2.3861,0.6398
5171,stage2,3,0.10220126807689667,0.3108431100845337,0.0,0.10220126807689667,0.0001,1e-05,50.12,2.5815,0.6412
5172,stage2,3,0.10014452040195465,0.30695468187332153,0.0,0.10014452040195465,0.0001,1e-05,50.117,2.8437,0.6604
5173,stage2,3,0.09751007705926895,0.3458646833896637,0.0,0.09751007705926895,0.0001,1e-05,50.118,2.9412,0.6352
5174,stage2,3,0.09941492229700089,0.2838789224624634,0.0,0.09941492229700089,0.0001,1e-05,50.12,3.3324,0.6657
5175,stage2,3,0.10659143328666687,0.28487837314605713,0.0,0.10659143328666687,0.0001,1e-05,50.12,3.3343,4.1429
5176,stage2,3,0.08041009306907654,0.2846301794052124,0.0,0.08041009306907654,0.0001,1e-05,50.118,2.1076,0.639
5177,stage2,3,0.1022363007068634,0.2767955958843231,0.0,0.1022363007068634,0.0001,1e-05,50.117,2.6398,0.6392
5178,stage2,3,0.08973316848278046,0.29517221450805664,0.0,0.08973316848278046,0.0001,1e-05,50.118,3.2442,0.6401
5179,stage2,3,0.10144156962633133,0.28275588154792786,0.0,0.10144156962633133,0.0001,1e-05,50.117,3.5266,0.6949
5180,stage2,3,0.10032642632722855,0.27634745836257935,0.0,0.10032642632722855,0.0001,1e-05,50.12,3.1977,0.6406
5181,stage2,3,0.09298261255025864,0.2805718183517456,0.0,0.09298261255025864,0.0001,1e-05,50.121,2.655,0.64
5182,stage2,3,0.10927053540945053,0.29526180028915405,0.0,0.10927053540945053,0.0001,1e-05,50.12,3.3032,0.6406
5183,stage2,3,0.10663219541311264,0.31452956795692444,0.0,0.10663219541311264,0.0001,1e-05,50.118,3.0842,4.329
5184,stage2,3,0.08970140665769577,0.3136207163333893,0.0,0.08970140665769577,0.0001,1e-05,50.117,4.7568,0.639
5185,stage2,3,0.09671985357999802,0.2756591737270355,0.0,0.09671985357999802,0.0001,1e-05,50.119,2.8261,0.6395
5186,stage2,3,0.10081961005926132,0.28234580159187317,0.0,0.10081961005926132,0.0001,1e-05,50.117,2.9085,0.6392
5187,stage2,3,0.10665864497423172,0.3098292648792267,0.0,0.10665864497423172,0.0001,1e-05,50.116,2.7696,0.6452
5188,stage2,3,0.09305284917354584,0.29350900650024414,0.0,0.09305284917354584,0.0001,1e-05,50.122,2.567,0.6892
5189,stage2,3,0.08929360657930374,0.28328320384025574,0.0,0.08929360657930374,0.0001,1e-05,50.119,3.2718,0.64
5190,stage2,3,0.07877299934625626,0.3185718357563019,0.0,0.07877299934625626,0.0001,1e-05,50.118,2.1778,0.642
5191,stage2,3,0.09795702248811722,0.3103554844856262,0.0,0.09795702248811722,0.0001,1e-05,50.121,2.7716,4.3588
5192,stage2,3,0.11597535759210587,0.308218777179718,0.0,0.11597535759210587,0.0001,1e-05,50.118,4.0299,0.6448
5193,stage2,3,0.09807422012090683,0.26757049560546875,0.0,0.09807422012090683,0.0001,1e-05,50.118,3.2061,0.6931
5194,stage2,3,0.09844930469989777,0.2894430160522461,0.0,0.09844930469989777,0.0001,1e-05,50.121,4.4524,0.6392
5195,stage2,3,0.08050563186407089,0.3017185628414154,0.0,0.08050563186407089,0.0001,1e-05,50.119,2.4589,0.6402
5196,stage2,3,0.10172112286090851,0.28489452600479126,0.0,0.10172112286090851,0.0001,1e-05,50.124,3.1872,0.6448
5197,stage2,3,0.10438958555459976,0.3005751371383667,0.0,0.10438958555459976,0.0001,1e-05,50.12,3.8654,0.6396
5198,stage2,3,0.10031139850616455,0.2771141529083252,0.0,0.10031139850616455,0.0001,1e-05,50.121,3.0343,0.6969
5199,stage2,3,0.10170851647853851,0.29161009192466736,0.0,0.10170851647853851,0.0001,1e-05,50.118,3.2627,4.2423
5200,stage2,3,0.09879512339830399,0.32999297976493835,0.0,0.09879512339830399,0.0001,1e-05,50.118,4.0331,0.6389
5201,stage2,3,0.09535525739192963,0.33213791251182556,0.0,0.09535525739192963,0.0001,1e-05,50.122,2.467,0.6396
5202,stage2,3,0.1308516561985016,0.2914923429489136,0.0,0.1308516561985016,0.0001,1e-05,50.12,4.0554,0.698
5203,stage2,3,0.12018223106861115,0.3146948516368866,0.0,0.12018223106861115,0.0001,1e-05,50.118,4.3409,0.6365
5204,stage2,3,0.1030961126089096,0.2945742607116699,0.0,0.1030961126089096,0.0001,1e-05,50.12,3.5237,0.6398
5205,stage2,3,0.12541280686855316,0.3334394693374634,0.0,0.12541280686855316,0.0001,1e-05,50.117,3.537,0.6463
5206,stage2,3,0.10659059137105942,0.2953554093837738,0.0,0.10659059137105942,0.0001,1e-05,50.124,3.9922,0.6417
5207,stage2,3,0.10465950518846512,0.2917495369911194,0.0,0.10465950518846512,0.0001,1e-05,50.12,3.9999,4.1612
5208,stage2,3,0.09338053315877914,0.27642112970352173,0.0,0.09338053315877914,0.0001,1e-05,50.118,2.8014,0.7025
5209,stage2,3,0.09020554274320602,0.3264084756374359,0.0,0.09020554274320602,0.0001,1e-05,50.118,2.746,0.6393
5210,stage2,3,0.08752311766147614,0.2924851179122925,0.0,0.08752311766147614,0.0001,1e-05,50.118,3.038,0.6397
5211,stage2,3,0.0840485617518425,0.2825774848461151,0.0,0.0840485617518425,0.0001,1e-05,50.116,2.7023,0.6403
5212,stage2,3,0.08639975637197495,0.3159148693084717,0.0,0.08639975637197495,0.0001,1e-05,50.118,2.4768,0.6404
5213,stage2,3,0.08510087430477142,0.3259390890598297,0.0,0.08510087430477142,0.0001,1e-05,50.12,2.9736,0.6975
5214,stage2,3,0.11408259719610214,0.2857474088668823,0.0,0.11408259719610214,0.0001,1e-05,50.121,3.2431,0.6391
5215,stage2,3,0.0930214375257492,0.2849845290184021,0.0,0.0930214375257492,0.0001,1e-05,50.121,3.2558,4.1224
5216,stage2,3,0.1216355413198471,0.29900234937667847,0.0,0.1216355413198471,0.0001,1e-05,50.118,3.1619,0.6396
5217,stage2,3,0.11195526272058487,0.3030392825603485,0.0,0.11195526272058487,0.0001,1e-05,50.116,3.552,0.7055
5218,stage2,3,0.09143075346946716,0.27723604440689087,0.0,0.09143075346946716,0.0001,1e-05,50.121,2.8307,0.632
5219,stage2,3,0.09457665681838989,0.2913661003112793,0.0,0.09457665681838989,0.0001,1e-05,50.119,3.3341,0.6397
5220,stage2,3,0.09979838132858276,0.2873566448688507,0.0,0.09979838132858276,0.0001,1e-05,50.12,2.2694,0.642
5221,stage2,3,0.0884762853384018,0.2997949719429016,0.0,0.0884762853384018,0.0001,1e-05,50.123,2.7022,0.6402
5222,stage2,3,0.08575140684843063,0.2956674098968506,0.0,0.08575140684843063,0.0001,1e-05,50.12,2.7568,0.7017
5223,stage2,3,0.08445947617292404,0.27716174721717834,0.0,0.08445947617292404,0.0001,1e-05,50.12,2.7905,4.1077
5224,stage2,3,0.0909540206193924,0.3199097216129303,0.0,0.0909540206193924,0.0001,1e-05,50.116,2.8483,0.6398
5225,stage2,3,0.09385158121585846,0.25644829869270325,0.0,0.09385158121585846,0.0001,1e-05,50.12,2.7922,0.6383
5226,stage2,3,0.09743008762598038,0.28283458948135376,0.0,0.09743008762598038,0.0001,1e-05,50.12,3.9426,0.6373
5227,stage2,3,0.08726904541254044,0.3336468040943146,0.0,0.08726904541254044,0.0001,1e-05,50.116,2.2966,0.6544
5228,stage2,3,0.09292833507061005,0.32331582903862,0.0,0.09292833507061005,0.0001,1e-05,50.119,2.6633,0.7012
5229,stage2,3,0.09776224941015244,0.29967811703681946,0.0,0.09776224941015244,0.0001,1e-05,50.12,2.8357,0.6413
5230,stage2,3,0.08635426312685013,0.3094923198223114,0.0,0.08635426312685013,0.0001,1e-05,50.12,2.2124,0.6408
5231,stage2,3,0.09902919083833694,0.30630558729171753,0.0,0.09902919083833694,0.0001,1e-05,50.119,3.1854,4.1852
5232,stage2,3,0.10225849598646164,0.2787671983242035,0.0,0.10225849598646164,0.0001,1e-05,50.119,3.4577,0.7058
5233,stage2,3,0.1006946712732315,0.29613009095191956,0.0,0.1006946712732315,0.0001,1e-05,50.118,2.7811,0.6336
5234,stage2,3,0.10144218057394028,0.26873698830604553,0.0,0.10144218057394028,0.0001,1e-05,50.122,2.5717,0.6604
5235,stage2,3,0.08976052701473236,0.2857227325439453,0.0,0.08976052701473236,0.0001,1e-05,50.12,2.7608,0.6341
5236,stage2,3,0.11097097396850586,0.2711397409439087,0.0,0.11097097396850586,0.0001,1e-05,50.12,2.6174,0.6684
5237,stage2,3,0.08702937513589859,0.2958216369152069,0.0,0.08702937513589859,0.0001,1e-05,50.12,2.3051,0.6892
5238,stage2,3,0.10107002407312393,0.3210470676422119,0.0,0.10107002407312393,0.0001,1e-05,50.123,2.9346,0.6403
5239,stage2,3,0.09605502337217331,0.27803757786750793,0.0,0.09605502337217331,0.0001,1e-05,50.122,2.7,4.1103
5240,stage2,3,0.09008586406707764,0.30144384503364563,0.0,0.09008586406707764,0.0001,1e-05,50.117,2.5932,0.6417
5241,stage2,3,0.07766745239496231,0.3044631779193878,0.0,0.07766745239496231,0.0001,1e-05,50.12,2.155,0.699
5242,stage2,3,0.08791252225637436,0.32078441977500916,0.0,0.08791252225637436,0.0001,1e-05,50.12,2.6888,0.6436
5243,stage2,3,0.09375931322574615,0.321047306060791,0.0,0.09375931322574615,0.0001,1e-05,50.121,2.4963,0.6426
5244,stage2,3,0.0964915081858635,0.2668023407459259,0.0,0.0964915081858635,0.0001,1e-05,50.12,2.8192,0.6399
5245,stage2,3,0.101877860724926,0.288253515958786,0.0,0.101877860724926,0.0001,1e-05,50.121,2.7584,0.6416
5246,stage2,3,0.1031937524676323,0.28434962034225464,0.0,0.1031937524676323,0.0001,1e-05,50.121,3.2329,0.6953
5247,stage2,3,0.09337501227855682,0.3080255687236786,0.0,0.09337501227855682,0.0001,1e-05,50.121,2.473,4.2477
5248,stage2,3,0.07860507071018219,0.31464892625808716,0.0,0.07860507071018219,0.0001,1e-05,50.119,2.6303,0.6371
5249,stage2,3,0.09109482169151306,0.28427255153656006,0.0,0.09109482169151306,0.0001,1e-05,50.121,2.1853,0.639
5250,stage2,3,0.09703071415424347,0.30505189299583435,0.0,0.09703071415424347,0.0001,1e-05,50.12,3.0984,0.6916
5251,stage2,3,0.09409832209348679,0.28060463070869446,0.0,0.09409832209348679,0.0001,1e-05,50.12,2.7285,0.6391
5252,stage2,3,0.09943970292806625,0.3010958731174469,0.0,0.09943970292806625,0.0001,1e-05,50.121,2.7929,0.6412
5253,stage2,3,0.09549105912446976,0.2965009808540344,0.0,0.09549105912446976,0.0001,1e-05,50.122,3.0878,0.6409
5254,stage2,3,0.0892757773399353,0.2786403298377991,0.0,0.0892757773399353,0.0001,1e-05,50.12,2.6742,0.6417
5255,stage2,3,0.11187201738357544,0.27393078804016113,0.0,0.11187201738357544,0.0001,1e-05,50.119,4.0562,4.2741
5256,stage2,3,0.09296245127916336,0.3015275001525879,0.0,0.09296245127916336,0.0001,1e-05,50.119,2.9901,0.6725
5257,stage2,3,0.09469106048345566,0.34305721521377563,0.0,0.09469106048345566,0.0001,1e-05,50.12,2.8427,0.6397
5258,stage2,3,0.09090209752321243,0.3189724087715149,0.0,0.09090209752321243,0.0001,1e-05,50.123,2.6906,0.6395
5259,stage2,3,0.09359642118215561,0.33171340823173523,0.0,0.09359642118215561,0.0001,1e-05,50.118,2.8809,0.6441
5260,stage2,3,0.10158081352710724,0.2970331609249115,0.0,0.10158081352710724,0.0001,1e-05,50.121,3.2836,0.6624
5261,stage2,3,0.09791949391365051,0.28129842877388,0.0,0.09791949391365051,0.0001,1e-05,50.121,3.2917,0.6744
5262,stage2,3,0.10694549977779388,0.294575572013855,0.0,0.10694549977779388,0.0001,1e-05,50.117,2.9063,0.6407
5263,stage2,3,0.10027118027210236,0.2943507134914398,0.0,0.10027118027210236,0.0001,1e-05,50.118,2.823,4.1843
5264,stage2,3,0.09363485872745514,0.2932635247707367,0.0,0.09363485872745514,0.0001,1e-05,50.116,3.1399,0.6855
5265,stage2,3,0.10902753472328186,0.29155680537223816,0.0,0.10902753472328186,0.0001,1e-05,50.119,3.7072,0.651
5266,stage2,3,0.09870617091655731,0.2852185368537903,0.0,0.09870617091655731,0.0001,1e-05,50.121,2.845,0.6396
5267,stage2,3,0.09489578753709793,0.26055943965911865,0.0,0.09489578753709793,0.0001,1e-05,50.125,2.7135,0.6396
5268,stage2,3,0.0904097631573677,0.3054690957069397,0.0,0.0904097631573677,0.0001,1e-05,50.123,2.4348,0.6408
5269,stage2,3,0.09654752910137177,0.30000820755958557,0.0,0.09654752910137177,0.0001,1e-05,50.116,2.6972,0.6497
5270,stage2,3,0.09233340620994568,0.26156097650527954,0.0,0.09233340620994568,0.0001,1e-05,50.12,3.1025,0.6829
5271,stage2,3,0.10177647322416306,0.27743107080459595,0.0,0.10177647322416306,0.0001,1e-05,50.118,3.2216,4.0627
5272,stage2,3,0.09527413547039032,0.32832518219947815,0.0,0.09527413547039032,0.0001,1e-05,50.12,2.94,0.6436
5273,stage2,3,0.10420721024274826,0.2857756018638611,0.0,0.10420721024274826,0.0001,1e-05,50.12,3.2116,0.6403
5274,stage2,3,0.08816558867692947,0.3008521795272827,0.0,0.08816558867692947,0.0001,1e-05,50.12,2.833,0.6407
5275,stage2,3,0.11465635150671005,0.2981325089931488,0.0,0.11465635150671005,0.0001,1e-05,50.121,3.9809,0.681
5276,stage2,3,0.08696960657835007,0.28662681579589844,0.0,0.08696960657835007,0.0001,1e-05,50.119,2.5196,0.6538
5277,stage2,3,0.09827986359596252,0.2983942925930023,0.0,0.09827986359596252,0.0001,1e-05,50.118,3.2221,0.6405
5278,stage2,3,0.09486807882785797,0.28968143463134766,0.0,0.09486807882785797,0.0001,1e-05,50.118,3.5913,0.6413
5279,stage2,3,0.10208357870578766,0.3105684816837311,0.0,0.10208357870578766,0.0001,1e-05,50.118,2.649,4.1999
5280,stage2,3,0.09911029785871506,0.29097476601600647,0.0,0.09911029785871506,0.0001,1e-05,50.119,2.7513,0.6925
5281,stage2,3,0.0850817933678627,0.32734164595603943,0.0,0.0850817933678627,0.0001,1e-05,50.118,2.4084,0.6488
5282,stage2,3,0.0913689136505127,0.2944619655609131,0.0,0.0913689136505127,0.0001,1e-05,50.121,2.6477,0.6393
5283,stage2,3,0.08481205999851227,0.30034586787223816,0.0,0.08481205999851227,0.0001,1e-05,50.116,2.5892,0.6449
5284,stage2,3,0.09752000868320465,0.2983263432979584,0.0,0.09752000868320465,0.0001,1e-05,50.121,3.1054,0.6413
5285,stage2,3,0.09461187571287155,0.2726430296897888,0.0,0.09461187571287155,0.0001,1e-05,50.122,2.9083,0.6956
5286,stage2,3,0.09661759436130524,0.2758863568305969,0.0,0.09661759436130524,0.0001,1e-05,50.122,2.7819,0.6413
5287,stage2,3,0.09658908098936081,0.28418415784835815,0.0,0.09658908098936081,0.0001,1e-05,50.122,2.5703,4.0307
5288,stage2,3,0.0956653505563736,0.28804081678390503,0.0,0.0956653505563736,0.0001,1e-05,50.118,3.0823,0.64
5289,stage2,3,0.09541863948106766,0.29738810658454895,0.0,0.09541863948106766,0.0001,1e-05,50.119,2.8736,0.6346
5290,stage2,3,0.09733927249908447,0.29638728499412537,0.0,0.09733927249908447,0.0001,1e-05,50.12,2.7196,0.6617
5291,stage2,3,0.09802023321390152,0.32041510939598083,0.0,0.09802023321390152,0.0001,1e-05,50.118,3.0301,0.6957
5292,stage2,3,0.09274771064519882,0.29802700877189636,0.0,0.09274771064519882,0.0001,1e-05,50.118,2.914,0.6413
5293,stage2,3,0.11931166052818298,0.2870370149612427,0.0,0.11931166052818298,0.0001,1e-05,50.119,3.3792,0.6422
5294,stage2,3,0.09864122420549393,0.2847411036491394,0.0,0.09864122420549393,0.0001,1e-05,50.118,3.0234,0.6418
5295,stage2,3,0.0967811569571495,0.29664498567581177,0.0,0.0967811569571495,0.0001,1e-05,50.121,3.3424,4.2674
5296,stage2,3,0.09739472717046738,0.2940690517425537,0.0,0.09739472717046738,0.0001,1e-05,50.12,2.8124,0.6383
5297,stage2,3,0.08965541422367096,0.297406941652298,0.0,0.08965541422367096,0.0001,1e-05,50.12,2.4569,0.6392
5298,stage2,3,0.09372062236070633,0.2931578755378723,0.0,0.09372062236070633,0.0001,1e-05,50.121,2.701,0.6352
5299,stage2,3,0.10230322927236557,0.2981669008731842,0.0,0.10230322927236557,0.0001,1e-05,50.122,2.6734,0.6613
5300,stage2,3,0.10717079788446426,0.26245319843292236,0.0,0.10717079788446426,0.0001,1e-05,50.121,2.6168,0.6335
5301,stage2,3,0.09730823338031769,0.31752410531044006,0.0,0.09730823338031769,0.0001,1e-05,50.123,2.7079,0.6582
5302,stage2,3,0.08782926946878433,0.2943283021450043,0.0,0.08782926946878433,0.0001,1e-05,50.122,2.3357,0.66
5303,stage2,3,0.08092717081308365,0.3308797776699066,0.0,0.08092717081308365,0.0001,1e-05,50.12,2.4799,4.2128
5304,stage2,3,0.10606330633163452,0.2958599925041199,0.0,0.10606330633163452,0.0001,1e-05,50.118,3.9285,0.6643
5305,stage2,3,0.09338415414094925,0.2963153123855591,0.0,0.09338415414094925,0.0001,1e-05,50.12,2.6504,0.6426
5306,stage2,3,0.0938611850142479,0.2655351161956787,0.0,0.0938611850142479,0.0001,1e-05,50.121,3.0412,0.7135
5307,stage2,3,0.09131171554327011,0.2893596589565277,0.0,0.09131171554327011,0.0001,1e-05,50.116,2.7992,0.6536
5308,stage2,3,0.1076052114367485,0.30924147367477417,0.0,0.1076052114367485,0.0001,1e-05,50.121,3.9642,0.7294
5309,stage2,3,0.09941554814577103,0.2629041373729706,0.0,0.09941554814577103,0.0001,1e-05,50.118,2.9108,0.6499
5310,stage2,3,0.11304658651351929,0.28871455788612366,0.0,0.11304658651351929,0.0001,1e-05,50.119,3.6543,0.6519
5311,stage2,3,0.08938902616500854,0.2989530861377716,0.0,0.08938902616500854,0.0001,1e-05,50.119,2.1535,4.1132
5312,stage2,3,0.08934665471315384,0.3035274147987366,0.0,0.08934665471315384,0.0001,1e-05,50.119,2.7397,0.6563
5313,stage2,3,0.10758232325315475,0.2833220958709717,0.0,0.10758232325315475,0.0001,1e-05,50.122,2.8317,0.6422
5314,stage2,3,0.11071595549583435,0.3136649429798126,0.0,0.11071595549583435,0.0001,1e-05,50.119,3.4222,0.6638
5315,stage2,3,0.09660129994153976,0.32564297318458557,0.0,0.09660129994153976,0.0001,1e-05,50.124,2.7978,0.6582
5316,stage2,3,0.09419995546340942,0.2947995662689209,0.0,0.09419995546340942,0.0001,1e-05,50.12,2.6912,0.7025
5317,stage2,3,0.08780977874994278,0.31698235869407654,0.0,0.08780977874994278,0.0001,1e-05,50.118,2.8756,0.6551
5318,stage2,3,0.10840735584497452,0.29359695315361023,0.0,0.10840735584497452,0.0001,1e-05,50.121,3.1818,0.7059
5319,stage2,3,0.09513017535209656,0.28172722458839417,0.0,0.09513017535209656,0.0001,1e-05,50.116,2.8725,3.9397
5320,stage2,3,0.11094561219215393,0.30187714099884033,0.0,0.11094561219215393,0.0001,1e-05,50.121,3.1455,0.6576
5321,stage2,3,0.09169983118772507,0.2773545980453491,0.0,0.09169983118772507,0.0001,1e-05,50.119,2.9777,0.7014
5322,stage2,3,0.10950726270675659,0.27904966473579407,0.0,0.10950726270675659,0.0001,1e-05,50.121,3.3907,0.6502
5323,stage2,3,0.10517306625843048,0.31235021352767944,0.0,0.10517306625843048,0.0001,1e-05,50.118,2.8272,0.7144
5324,stage2,3,0.10673137754201889,0.29219505190849304,0.0,0.10673137754201889,0.0001,1e-05,50.122,2.9185,0.6319
5325,stage2,3,0.08571088314056396,0.30659857392311096,0.0,0.08571088314056396,0.0001,1e-05,50.119,2.2536,0.6659
5326,stage2,3,0.10883814841508865,0.25970757007598877,0.0,0.10883814841508865,0.0001,1e-05,50.123,3.1693,0.6457
5327,stage2,3,0.09404658526182175,0.25523391366004944,0.0,0.09404658526182175,0.0001,1e-05,50.119,2.6648,3.9813
5328,stage2,3,0.08772425353527069,0.3185909688472748,0.0,0.08772425353527069,0.0001,1e-05,50.116,2.3784,0.6451
5329,stage2,3,0.09157080948352814,0.3103943467140198,0.0,0.09157080948352814,0.0001,1e-05,50.119,2.6916,0.6609
5330,stage2,3,0.09704715013504028,0.31077730655670166,0.0,0.09704715013504028,0.0001,1e-05,50.116,3.0186,0.7046
5331,stage2,3,0.08582194894552231,0.2637704014778137,0.0,0.08582194894552231,0.0001,1e-05,50.117,2.4634,0.6562
5332,stage2,3,0.09067285060882568,0.2732797861099243,0.0,0.09067285060882568,0.0001,1e-05,50.119,2.518,0.7077
5333,stage2,3,0.09266332536935806,0.3115330934524536,0.0,0.09266332536935806,0.0001,1e-05,50.118,3.1141,0.6559
5334,stage2,3,0.1027865931391716,0.298127144575119,0.0,0.1027865931391716,0.0001,1e-05,50.124,3.0136,0.6814
5335,stage2,3,0.094393290579319,0.29910358786582947,0.0,0.094393290579319,0.0001,1e-05,50.123,3.3232,4.0109
5336,stage2,3,0.08633896708488464,0.2882096767425537,0.0,0.08633896708488464,0.0001,1e-05,50.12,2.3137,0.7038
5337,stage2,3,0.11839970201253891,0.3223651945590973,0.0,0.11839970201253891,0.0001,1e-05,50.12,3.7162,0.6571
5338,stage2,3,0.10411227494478226,0.2886073589324951,0.0,0.10411227494478226,0.0001,1e-05,50.122,2.6355,0.6592
5339,stage2,3,0.10022353380918503,0.27113229036331177,0.0,0.10022353380918503,0.0001,1e-05,50.12,3.0419,0.638
5340,stage2,3,0.09218564629554749,0.2810778021812439,0.0,0.09218564629554749,0.0001,1e-05,50.12,2.7304,0.663
5341,stage2,3,0.09414014965295792,0.2826155126094818,0.0,0.09414014965295792,0.0001,1e-05,50.124,2.7702,0.7092
5342,stage2,3,0.0865621343255043,0.3089175224304199,0.0,0.0865621343255043,0.0001,1e-05,50.123,2.5986,0.6645
5343,stage2,3,0.09318825602531433,0.2991213798522949,0.0,0.09318825602531433,0.0001,1e-05,50.117,3.2197,4.0603
5344,stage2,3,0.08405526727437973,0.2877344489097595,0.0,0.08405526727437973,0.0001,1e-05,50.12,2.8638,0.6566
5345,stage2,3,0.09667333960533142,0.2794463336467743,0.0,0.09667333960533142,0.0001,1e-05,50.121,2.4466,0.7024
5346,stage2,3,0.0842391848564148,0.3069726526737213,0.0,0.0842391848564148,0.0001,1e-05,50.118,2.7,0.6522
5347,stage2,3,0.09419970959424973,0.3157179057598114,0.0,0.09419970959424973,0.0001,1e-05,50.12,2.764,0.7108
5348,stage2,3,0.08914745599031448,0.2888684868812561,0.0,0.08914745599031448,0.0001,1e-05,50.121,2.7859,0.6469
5349,stage2,3,0.0852946862578392,0.29104113578796387,0.0,0.0852946862578392,0.0001,1e-05,50.119,2.7301,0.6728
5350,stage2,3,0.09016431868076324,0.2737809717655182,0.0,0.09016431868076324,0.0001,1e-05,50.121,2.7729,0.7001
5351,stage2,3,0.08332705497741699,0.29015055298805237,0.0,0.08332705497741699,0.0001,1e-05,50.118,2.7674,4.0052
5352,stage2,3,0.1085699051618576,0.31078025698661804,0.0,0.1085699051618576,0.0001,1e-05,50.118,3.8342,0.6537
5353,stage2,3,0.10032959282398224,0.2640461325645447,0.0,0.10032959282398224,0.0001,1e-05,50.12,2.8243,0.7028
5354,stage2,3,0.0853768065571785,0.33374765515327454,0.0,0.0853768065571785,0.0001,1e-05,50.118,2.5466,0.6613
5355,stage2,3,0.09793757647275925,0.2975338399410248,0.0,0.09793757647275925,0.0001,1e-05,50.119,3.0376,0.706
5356,stage2,3,0.10950705409049988,0.2806708514690399,0.0,0.10950705409049988,0.0001,1e-05,50.117,3.393,0.6526
5357,stage2,3,0.09634874761104584,0.2866414487361908,0.0,0.09634874761104584,0.0001,1e-05,50.121,2.7034,0.6609
5358,stage2,3,0.09669236093759537,0.30419984459877014,0.0,0.09669236093759537,0.0001,1e-05,50.12,2.6476,0.7064
5359,stage2,3,0.08456908911466599,0.32330068945884705,0.0,0.08456908911466599,0.0001,1e-05,50.121,2.6112,3.985
5360,stage2,3,0.09258808195590973,0.3158622682094574,0.0,0.09258808195590973,0.0001,1e-05,50.118,3.181,0.7034
5361,stage2,3,0.08975192159414291,0.31645438075065613,0.0,0.08975192159414291,0.0001,1e-05,50.118,2.5803,0.6526
5362,stage2,3,0.10057137906551361,0.27522262930870056,0.0,0.10057137906551361,0.0001,1e-05,50.12,3.3349,0.7115
5363,stage2,3,0.08763915300369263,0.3103863298892975,0.0,0.08763915300369263,0.0001,1e-05,50.121,2.3746,0.6497
5364,stage2,3,0.09262549877166748,0.28379401564598083,0.0,0.09262549877166748,0.0001,1e-05,50.12,2.698,0.6509
5365,stage2,3,0.09213955700397491,0.2831602692604065,0.0,0.09213955700397491,0.0001,1e-05,50.122,2.6008,0.7063
5366,stage2,3,0.08845333755016327,0.3231258690357208,0.0,0.08845333755016327,0.0001,1e-05,50.12,2.9295,0.6567
5367,stage2,3,0.1096811518073082,0.2980094254016876,0.0,0.1096811518073082,0.0001,1e-05,50.119,3.4176,4.1258
5368,stage2,3,0.09289480745792389,0.276638925075531,0.0,0.09289480745792389,0.0001,1e-05,50.121,2.894,0.7056
5369,stage2,3,0.1005416214466095,0.26968711614608765,0.0,0.1005416214466095,0.0001,1e-05,50.118,3.0842,0.653
5370,stage2,3,0.09331102669239044,0.2823410630226135,0.0,0.09331102669239044,0.0001,1e-05,50.12,2.4644,0.7021
5371,stage2,3,0.10784227401018143,0.3143182694911957,0.0,0.10784227401018143,0.0001,1e-05,50.118,2.9999,0.6509
5372,stage2,3,0.09480228275060654,0.31632572412490845,0.0,0.09480228275060654,0.0001,1e-05,50.119,3.9651,0.7119
5373,stage2,3,0.10467841476202011,0.2775968313217163,0.0,0.10467841476202011,0.0001,1e-05,50.122,3.5119,0.6376
5374,stage2,3,0.10392748564481735,0.3066522479057312,0.0,0.10392748564481735,0.0001,1e-05,50.119,3.3754,0.6641
5375,stage2,3,0.0966278538107872,0.29597049951553345,0.0,0.0966278538107872,0.0001,1e-05,50.118,2.6293,3.8965
5376,stage2,3,0.09555021673440933,0.29057425260543823,0.0,0.09555021673440933,0.0001,1e-05,50.118,2.452,0.6635
5377,stage2,3,0.08634991198778152,0.2769041657447815,0.0,0.08634991198778152,0.0001,1e-05,50.121,3.2923,0.6338
5378,stage2,3,0.0984528511762619,0.30470964312553406,0.0,0.0984528511762619,0.0001,1e-05,50.12,3.4379,0.7287
5379,stage2,3,0.10426963865756989,0.26873698830604553,0.0,0.10426963865756989,0.0001,1e-05,50.12,2.6973,0.656
5380,stage2,3,0.09788558632135391,0.268582820892334,0.0,0.09788558632135391,0.0001,1e-05,50.121,3.3562,0.694
5381,stage2,3,0.08611083030700684,0.27940067648887634,0.0,0.08611083030700684,0.0001,1e-05,50.12,2.6264,0.6691
5382,stage2,3,0.09015004336833954,0.3002730906009674,0.0,0.09015004336833954,0.0001,1e-05,50.119,2.3123,0.6538
5383,stage2,3,0.08680921047925949,0.30814826488494873,0.0,0.08680921047925949,0.0001,1e-05,50.118,2.661,4.0207
5384,stage2,3,0.08913519978523254,0.28861263394355774,0.0,0.08913519978523254,0.0001,1e-05,50.117,2.8993,0.6541
5385,stage2,3,0.1019553691148758,0.311109334230423,0.0,0.1019553691148758,0.0001,1e-05,50.118,3.2177,0.6532
5386,stage2,3,0.09714436531066895,0.28900209069252014,0.0,0.09714436531066895,0.0001,1e-05,50.12,3.0224,0.6592
5387,stage2,3,0.10011250525712967,0.32788679003715515,0.0,0.10011250525712967,0.0001,1e-05,50.116,3.2069,0.639
5388,stage2,3,0.10249649733304977,0.2818893492221832,0.0,0.10249649733304977,0.0001,1e-05,50.115,2.4865,0.6631
5389,stage2,3,0.09178942441940308,0.30557307600975037,0.0,0.09178942441940308,0.0001,1e-05,50.119,3.2249,0.7094
5390,stage2,3,0.08353963494300842,0.27413347363471985,0.0,0.08353963494300842,0.0001,1e-05,50.116,2.6253,0.6608
5391,stage2,3,0.08892762660980225,0.2948046624660492,0.0,0.08892762660980225,0.0001,1e-05,50.118,2.8644,4.0235
5392,stage2,3,0.09646165370941162,0.29067304730415344,0.0,0.09646165370941162,0.0001,1e-05,50.117,2.8659,0.6663
5393,stage2,3,0.09236177057027817,0.27996179461479187,0.0,0.09236177057027817,0.0001,1e-05,50.117,2.9599,0.6858
5394,stage2,3,0.11058758944272995,0.3106440007686615,0.0,0.11058758944272995,0.0001,1e-05,50.121,3.3308,0.6701
5395,stage2,3,0.0877566710114479,0.30659085512161255,0.0,0.0877566710114479,0.0001,1e-05,50.122,2.5096,0.666
5396,stage2,3,0.08228448778390884,0.26530715823173523,0.0,0.08228448778390884,0.0001,1e-05,50.116,2.4331,0.7076
5397,stage2,3,0.09771193563938141,0.31758061051368713,0.0,0.09771193563938141,0.0001,1e-05,50.119,3.4898,0.6636
5398,stage2,3,0.0975068137049675,0.3147116005420685,0.0,0.0975068137049675,0.0001,1e-05,50.117,3.0944,0.7093
5399,stage2,3,0.1003367155790329,0.2992498278617859,0.0,0.1003367155790329,0.0001,1e-05,50.121,2.9981,3.9519
5400,stage2,3,0.09848228096961975,0.35266897082328796,0.0,0.09848228096961975,0.0001,1e-05,50.116,2.7129,0.7063
5401,stage2,3,0.10079585015773773,0.29180267453193665,0.0,0.10079585015773773,0.0001,1e-05,50.121,2.7606,0.6652
5402,stage2,3,0.08649706095457077,0.31325969099998474,0.0,0.08649706095457077,0.0001,1e-05,50.119,2.5614,0.7052
5403,stage2,3,0.09007199108600616,0.33310261368751526,0.0,0.09007199108600616,0.0001,1e-05,50.118,2.716,0.6496
5404,stage2,3,0.10019078105688095,0.2786073386669159,0.0,0.10019078105688095,0.0001,1e-05,50.121,2.9068,0.6541
5405,stage2,3,0.09817057102918625,0.30206188559532166,0.0,0.09817057102918625,0.0001,1e-05,50.121,2.9163,0.6552
5406,stage2,3,0.09295433759689331,0.29599905014038086,0.0,0.09295433759689331,0.0001,1e-05,50.117,3.0128,0.6439
5407,stage2,3,0.09991827607154846,0.29193899035453796,0.0,0.09991827607154846,0.0001,1e-05,50.118,3.1517,4.1007
5408,stage2,3,0.09740143269300461,0.27788543701171875,0.0,0.09740143269300461,0.0001,1e-05,50.119,2.8585,0.6396
5409,stage2,3,0.0791373997926712,0.30758389830589294,0.0,0.0791373997926712,0.0001,1e-05,50.116,2.9931,0.664
5410,stage2,3,0.1002836525440216,0.28644344210624695,0.0,0.1002836525440216,0.0001,1e-05,50.119,2.775,0.7083
5411,stage2,3,0.09574645012617111,0.29198595881462097,0.0,0.09574645012617111,0.0001,1e-05,50.119,2.7786,0.6548
5412,stage2,3,0.07688591629266739,0.3065814971923828,0.0,0.07688591629266739,0.0001,1e-05,50.122,2.36,0.7096
5413,stage2,3,0.08757109194993973,0.2922470271587372,0.0,0.08757109194993973,0.0001,1e-05,50.122,2.4469,0.6609
5414,stage2,3,0.10950872302055359,0.2893274426460266,0.0,0.10950872302055359,0.0001,1e-05,50.12,3.2329,0.6437
5415,stage2,3,0.11823227256536484,0.3084109127521515,0.0,0.11823227256536484,0.0001,1e-05,50.12,4.0383,4.0242
5416,stage2,3,0.09137064963579178,0.3139704167842865,0.0,0.09137064963579178,0.0001,1e-05,50.121,1.8349,0.648
5417,stage2,3,0.10871872305870056,0.2749215364456177,0.0,0.10871872305870056,0.0001,1e-05,50.118,3.1321,0.6962
5418,stage2,3,0.08485348522663116,0.2963874042034149,0.0,0.08485348522663116,0.0001,1e-05,50.118,2.4876,0.6409
5419,stage2,3,0.09087000042200089,0.2780296802520752,0.0,0.09087000042200089,0.0001,1e-05,50.117,2.4423,0.643
5420,stage2,3,0.10563074052333832,0.294634073972702,0.0,0.10563074052333832,0.0001,1e-05,50.122,2.633,0.643
5421,stage2,3,0.10402630269527435,0.2943391799926758,0.0,0.10402630269527435,0.0001,1e-05,50.118,2.5339,0.6416
5422,stage2,3,0.09968794882297516,0.2828451097011566,0.0,0.09968794882297516,0.0001,1e-05,50.119,2.8377,0.6604
5423,stage2,3,0.0844302847981453,0.2850634753704071,0.0,0.0844302847981453,0.0001,1e-05,50.118,2.197,3.9505
5424,stage2,3,0.10982628166675568,0.2940821647644043,0.0,0.10982628166675568,0.0001,1e-05,50.119,4.1283,0.6956
5425,stage2,3,0.08929604291915894,0.27758607268333435,0.0,0.08929604291915894,0.0001,1e-05,50.118,2.8307,0.6407
5426,stage2,3,0.0922226533293724,0.30108392238616943,0.0,0.0922226533293724,0.0001,1e-05,50.117,2.8805,0.6408
5427,stage2,3,0.09081155806779861,0.3150266110897064,0.0,0.09081155806779861,0.0001,1e-05,50.118,2.6836,0.642
5428,stage2,3,0.11275098472833633,0.27158796787261963,0.0,0.11275098472833633,0.0001,1e-05,50.12,3.0123,0.6424
5429,stage2,3,0.10351409763097763,0.3214396834373474,0.0,0.10351409763097763,0.0001,1e-05,50.12,3.1958,0.6955
5430,stage2,3,0.07391704618930817,0.27147001028060913,0.0,0.07391704618930817,0.0001,1e-05,50.122,2.3372,0.6425
5431,stage2,3,0.08991774916648865,0.3212241530418396,0.0,0.08991774916648865,0.0001,1e-05,50.119,3.1349,3.9513
5432,stage2,3,0.10932723432779312,0.2933209538459778,0.0,0.10932723432779312,0.0001,1e-05,50.122,2.9083,0.6401
5433,stage2,3,0.10038089752197266,0.28535619378089905,0.0,0.10038089752197266,0.0001,1e-05,50.12,3.3991,0.701
5434,stage2,3,0.0984339639544487,0.2938409149646759,0.0,0.0984339639544487,0.0001,1e-05,50.12,2.6013,0.6375
5435,stage2,3,0.09585908055305481,0.29402703046798706,0.0,0.09585908055305481,0.0001,1e-05,50.122,2.8789,0.6432
5436,stage2,3,0.09814926236867905,0.2920275032520294,0.0,0.09814926236867905,0.0001,1e-05,50.121,2.8896,0.643
5437,stage2,3,0.08221204578876495,0.3044877052307129,0.0,0.08221204578876495,0.0001,1e-05,50.117,2.516,0.6489
5438,stage2,3,0.09775879979133606,0.2870435416698456,0.0,0.09775879979133606,0.0001,1e-05,50.121,2.6619,0.6983
5439,stage2,3,0.08799023926258087,0.29162782430648804,0.0,0.08799023926258087,0.0001,1e-05,50.118,2.3975,4.017
5440,stage2,3,0.08066879212856293,0.28697484731674194,0.0,0.08066879212856293,0.0001,1e-05,50.123,2.6043,0.6334
5441,stage2,3,0.10272660106420517,0.34852513670921326,0.0,0.10272660106420517,0.0001,1e-05,50.119,3.8724,0.6424
5442,stage2,3,0.09971647709608078,0.30562642216682434,0.0,0.09971647709608078,0.0001,1e-05,50.118,3.6633,0.6416
5443,stage2,3,0.08186542987823486,0.26740559935569763,0.0,0.08186542987823486,0.0001,1e-05,50.119,2.7432,0.6425
5444,stage2,3,0.09475487470626831,0.278995543718338,0.0,0.09475487470626831,0.0001,1e-05,50.121,2.9141,0.7011
5445,stage2,3,0.11120159178972244,0.2909201383590698,0.0,0.11120159178972244,0.0001,1e-05,50.122,3.0019,0.6383
5446,stage2,3,0.10360991954803467,0.2884790599346161,0.0,0.10360991954803467,0.0001,1e-05,50.12,3.1359,0.6479
5447,stage2,3,0.10041159391403198,0.2832830548286438,0.0,0.10041159391403198,0.0001,1e-05,50.118,3.4052,3.8953
5448,stage2,3,0.10230808705091476,0.3155997097492218,0.0,0.10230808705091476,0.0001,1e-05,50.119,3.082,0.6402
5449,stage2,3,0.09169995784759521,0.28849557042121887,0.0,0.09169995784759521,0.0001,1e-05,50.121,2.8144,0.6423
5450,stage2,3,0.0979931578040123,0.28856566548347473,0.0,0.0979931578040123,0.0001,1e-05,50.119,3.099,0.6424
5451,stage2,3,0.08726975321769714,0.309846431016922,0.0,0.08726975321769714,0.0001,1e-05,50.118,2.2749,0.6459
5452,stage2,3,0.08665605634450912,0.3214886486530304,0.0,0.08665605634450912,0.0001,1e-05,50.119,2.4861,0.6946
5453,stage2,3,0.1115960106253624,0.2881118059158325,0.0,0.1115960106253624,0.0001,1e-05,50.122,2.903,0.6418
5454,stage2,3,0.10750853270292282,0.26926523447036743,0.0,0.10750853270292282,0.0001,1e-05,50.121,3.1046,0.6423
5455,stage2,3,0.08354591578245163,0.3106885850429535,0.0,0.08354591578245163,0.0001,1e-05,50.117,2.7179,4.1398
5456,stage2,3,0.09306981414556503,0.3041287660598755,0.0,0.09306981414556503,0.0001,1e-05,50.119,2.6955,0.6926
5457,stage2,3,0.11209562420845032,0.27477383613586426,0.0,0.11209562420845032,0.0001,1e-05,50.123,3.6274,0.6462
5458,stage2,3,0.102811798453331,0.2862587869167328,0.0,0.102811798453331,0.0001,1e-05,50.118,2.8997,0.6419
5459,stage2,3,0.09655198454856873,0.2863680124282837,0.0,0.09655198454856873,0.0001,1e-05,50.119,3.1236,0.6473
5460,stage2,3,0.0899614691734314,0.2677733898162842,0.0,0.0899614691734314,0.0001,1e-05,50.118,2.9112,0.642
5461,stage2,3,0.09258943051099777,0.308573454618454,0.0,0.09258943051099777,0.0001,1e-05,50.123,2.8772,0.6969
5462,stage2,3,0.0911581814289093,0.2805357277393341,0.0,0.0911581814289093,0.0001,1e-05,50.118,2.7719,0.6429
5463,stage2,3,0.08509963750839233,0.2797962725162506,0.0,0.08509963750839233,0.0001,1e-05,50.121,2.5899,3.9743
5464,stage2,3,0.09593454748392105,0.30088478326797485,0.0,0.09593454748392105,0.0001,1e-05,50.117,2.9045,0.6419
5465,stage2,3,0.09835420548915863,0.2762567400932312,0.0,0.09835420548915863,0.0001,1e-05,50.119,2.6817,0.6393
5466,stage2,3,0.0857374370098114,0.2934926152229309,0.0,0.0857374370098114,0.0001,1e-05,50.115,2.6108,0.662
5467,stage2,3,0.0917804092168808,0.282072514295578,0.0,0.0917804092168808,0.0001,1e-05,50.116,2.6433,0.6959
5468,stage2,3,0.07330957055091858,0.3267301321029663,0.0,0.07330957055091858,0.0001,1e-05,50.119,2.1132,0.6421
5469,stage2,3,0.08433917909860611,0.2840691804885864,0.0,0.08433917909860611,0.0001,1e-05,50.122,2.3192,0.6423
5470,stage2,3,0.09390854090452194,0.27820509672164917,0.0,0.09390854090452194,0.0001,1e-05,50.12,3.1902,0.6472
5471,stage2,3,0.09402826428413391,0.2986353635787964,0.0,0.09402826428413391,0.0001,1e-05,50.123,2.5568,4.0837
5472,stage2,3,0.09213995188474655,0.2739439308643341,0.0,0.09213995188474655,0.0001,1e-05,50.117,2.8632,0.6357
5473,stage2,3,0.10011779516935349,0.31229639053344727,0.0,0.10011779516935349,0.0001,1e-05,50.12,3.162,0.6633
5474,stage2,3,0.09732143580913544,0.2784688472747803,0.0,0.09732143580913544,0.0001,1e-05,50.12,2.6212,0.6336
5475,stage2,3,0.08703388273715973,0.2798886001110077,0.0,0.08703388273715973,0.0001,1e-05,50.117,2.2577,0.7127
5476,stage2,3,0.0723564475774765,0.2898196280002594,0.0,0.0723564475774765,0.0001,1e-05,50.118,2.4197,0.6557
5477,stage2,3,0.08217828720808029,0.29315173625946045,0.0,0.08217828720808029,0.0001,1e-05,50.121,2.5445,0.644
5478,stage2,3,0.0914158821105957,0.2833064794540405,0.0,0.0914158821105957,0.0001,1e-05,50.12,2.2916,0.6431
5479,stage2,3,0.08921629935503006,0.3024460971355438,0.0,0.08921629935503006,0.0001,1e-05,50.12,2.8759,3.9126
5480,stage2,3,0.10370651632547379,0.32127976417541504,0.0,0.10370651632547379,0.0001,1e-05,50.117,2.741,0.634
5481,stage2,3,0.09378691017627716,0.2940826714038849,0.0,0.09378691017627716,0.0001,1e-05,50.122,2.9235,0.6658
5482,stage2,3,0.08567178249359131,0.29432111978530884,0.0,0.08567178249359131,0.0001,1e-05,50.121,2.6196,0.6442
5483,stage2,3,0.09237615764141083,0.3062848150730133,0.0,0.09237615764141083,0.0001,1e-05,50.118,3.001,0.7129
5484,stage2,3,0.09307190030813217,0.280222624540329,0.0,0.09307190030813217,0.0001,1e-05,50.121,2.8291,0.6378
5485,stage2,3,0.09633889049291611,0.2967394292354584,0.0,0.09633889049291611,0.0001,1e-05,50.119,2.8484,0.644
5486,stage2,3,0.09201639145612717,0.30240389704704285,0.0,0.09201639145612717,0.0001,1e-05,50.12,2.396,0.6433
5487,stage2,3,0.08471338450908661,0.3000256419181824,0.0,0.08471338450908661,0.0001,1e-05,50.118,2.7379,4.0778
5488,stage2,3,0.09098021686077118,0.29202330112457275,0.0,0.09098021686077118,0.0001,1e-05,50.12,2.7892,0.6349
5489,stage2,3,0.0926886573433876,0.2966122627258301,0.0,0.0926886573433876,0.0001,1e-05,50.123,2.7553,0.6406
5490,stage2,3,0.08687613159418106,0.32199811935424805,0.0,0.08687613159418106,0.0001,1e-05,50.117,2.9109,0.6405
5491,stage2,3,0.09420030564069748,0.28936633467674255,0.0,0.09420030564069748,0.0001,1e-05,50.119,3.1102,0.6418
5492,stage2,3,0.09537895768880844,0.2613219916820526,0.0,0.09537895768880844,0.0001,1e-05,50.119,2.8677,0.6981
5493,stage2,3,0.09280294179916382,0.29176101088523865,0.0,0.09280294179916382,0.0001,1e-05,50.118,2.6124,0.6393
5494,stage2,3,0.10381514579057693,0.28448423743247986,0.0,0.10381514579057693,0.0001,1e-05,50.119,3.3015,0.6429
5495,stage2,3,0.08006584644317627,0.2769421935081482,0.0,0.08006584644317627,0.0001,1e-05,50.118,2.3437,3.996
5496,stage2,3,0.0899321511387825,0.2959786057472229,0.0,0.0899321511387825,0.0001,1e-05,50.118,2.5429,0.6756
5497,stage2,3,0.10256941616535187,0.26890382170677185,0.0,0.10256941616535187,0.0001,1e-05,50.119,2.5399,0.6596
5498,stage2,3,0.11365124583244324,0.2855765223503113,0.0,0.11365124583244324,0.0001,1e-05,50.116,2.9182,0.6415
5499,stage2,3,0.09260279685258865,0.30668869614601135,0.0,0.09260279685258865,0.0001,1e-05,50.118,3.4397,0.6416
5500,stage2,3,0.0925399512052536,0.3066529631614685,0.0,0.0925399512052536,0.0001,1e-05,50.12,2.5396,0.6466
5501,stage2,3,0.1119677945971489,0.31009015440940857,0.0,0.1119677945971489,0.0001,1e-05,50.12,2.9319,0.6418
5502,stage2,3,0.07018551230430603,0.2964564263820648,0.0,0.07018551230430603,0.0001,1e-05,50.116,2.2978,0.6502
5503,stage2,3,0.08689595758914948,0.26877039670944214,0.0,0.08689595758914948,0.0001,1e-05,50.119,2.239,4.0214
5504,stage2,3,0.11043530702590942,0.30668991804122925,0.0,0.11043530702590942,0.0001,1e-05,50.121,2.9417,0.6402
5505,stage2,3,0.09837041795253754,0.2797015905380249,0.0,0.09837041795253754,0.0001,1e-05,50.118,2.8453,0.6406
5506,stage2,3,0.09002992510795593,0.3038158714771271,0.0,0.09002992510795593,0.0001,1e-05,50.12,2.6698,0.6461
5507,stage2,3,0.10190123319625854,0.28347131609916687,0.0,0.10190123319625854,0.0001,1e-05,50.122,3.1782,0.6473
5508,stage2,3,0.0890248566865921,0.28043097257614136,0.0,0.0890248566865921,0.0001,1e-05,50.118,2.3693,0.6958
5509,stage2,3,0.08732347190380096,0.3157294988632202,0.0,0.08732347190380096,0.0001,1e-05,50.121,2.9854,0.6429
5510,stage2,3,0.1020575761795044,0.2842773199081421,0.0,0.1020575761795044,0.0001,1e-05,50.12,3.3418,0.6416
5511,stage2,3,0.0923723503947258,0.2807868421077728,0.0,0.0923723503947258,0.0001,1e-05,50.119,2.6623,3.9212
5512,stage2,3,0.08019035309553146,0.32737165689468384,0.0,0.08019035309553146,0.0001,1e-05,50.12,2.0816,0.6398
5513,stage2,3,0.09664735943078995,0.29565247893333435,0.0,0.09664735943078995,0.0001,1e-05,50.122,3.3086,0.6937
5514,stage2,3,0.08550401031970978,0.2710919976234436,0.0,0.08550401031970978,0.0001,1e-05,50.118,2.7693,0.6461
5515,stage2,3,0.08554615080356598,0.30037999153137207,0.0,0.08554615080356598,0.0001,1e-05,50.119,2.5405,0.6422
5516,stage2,3,0.09670516848564148,0.2875288426876068,0.0,0.09670516848564148,0.0001,1e-05,50.123,2.8029,0.6468
5517,stage2,3,0.0948021337389946,0.2922869622707367,0.0,0.0948021337389946,0.0001,1e-05,50.123,2.7961,0.643
5518,stage2,3,0.08636196702718735,0.2879912257194519,0.0,0.08636196702718735,0.0001,1e-05,50.119,2.8113,0.6985
5519,stage2,3,0.089084193110466,0.27617529034614563,0.0,0.089084193110466,0.0001,1e-05,50.119,3.17,3.9234
5520,stage2,3,0.08773139864206314,0.3276090919971466,0.0,0.08773139864206314,0.0001,1e-05,50.12,3.1107,0.6751
5521,stage2,3,0.0876585990190506,0.27998086810112,0.0,0.0876585990190506,0.0001,1e-05,50.123,2.8249,0.641
5522,stage2,3,0.09536559879779816,0.2908328175544739,0.0,0.09536559879779816,0.0001,1e-05,50.121,3.0457,0.6421
5523,stage2,3,0.08494798839092255,0.30195730924606323,0.0,0.08494798839092255,0.0001,1e-05,50.123,2.6901,0.6415
5524,stage2,3,0.10769051313400269,0.28401297330856323,0.0,0.10769051313400269,0.0001,1e-05,50.12,2.9834,0.6733
5525,stage2,3,0.09334184229373932,0.3218045234680176,0.0,0.09334184229373932,0.0001,1e-05,50.117,3.0203,0.6689
5526,stage2,3,0.0901394784450531,0.28473392128944397,0.0,0.0901394784450531,0.0001,1e-05,50.119,2.499,0.6435
5527,stage2,3,0.10542630404233932,0.2836606502532959,0.0,0.10542630404233932,0.0001,1e-05,50.118,3.2253,3.8634
5528,stage2,3,0.08753538131713867,0.2860899269580841,0.0,0.08753538131713867,0.0001,1e-05,50.12,2.7416,0.6965
5529,stage2,3,0.10305145382881165,0.3093479573726654,0.0,0.10305145382881165,0.0001,1e-05,50.121,2.7677,0.6423
5530,stage2,3,0.10709060728549957,0.32409343123435974,0.0,0.10709060728549957,0.0001,1e-05,50.121,2.584,0.6431
5531,stage2,3,0.07319620996713638,0.3455321192741394,0.0,0.07319620996713638,0.0001,1e-05,50.116,2.5703,0.6422
5532,stage2,3,0.09430982917547226,0.3093608617782593,0.0,0.09430982917547226,0.0001,1e-05,50.12,2.7947,0.6467
5533,stage2,3,0.07802613824605942,0.3309708535671234,0.0,0.07802613824605942,0.0001,1e-05,50.122,2.2771,0.6905
5534,stage2,3,0.08307434618473053,0.35386666655540466,0.0,0.08307434618473053,0.0001,1e-05,50.116,2.877,0.648
5535,stage2,3,0.10678937286138535,0.31501132249832153,0.0,0.10678937286138535,0.0001,1e-05,50.118,3.5456,3.9726
5536,stage2,3,0.1053907573223114,0.2817360758781433,0.0,0.1053907573223114,0.0001,1e-05,50.12,3.0358,0.6435
5537,stage2,3,0.0868191048502922,0.30362212657928467,0.0,0.0868191048502922,0.0001,1e-05,50.121,2.6053,0.6419
5538,stage2,3,0.11263037472963333,0.3114303648471832,0.0,0.11263037472963333,0.0001,1e-05,50.12,3.4136,0.6428
5539,stage2,3,0.11601292341947556,0.29202577471733093,0.0,0.11601292341947556,0.0001,1e-05,50.116,3.6511,0.648
5540,stage2,3,0.09251147508621216,0.28630608320236206,0.0,0.09251147508621216,0.0001,1e-05,50.119,2.6761,0.6967
5541,stage2,3,0.07534275203943253,0.2997400462627411,0.0,0.07534275203943253,0.0001,1e-05,50.118,2.2653,0.6461
5542,stage2,3,0.08858754485845566,0.2629888355731964,0.0,0.08858754485845566,0.0001,1e-05,50.119,2.551,0.6432
5543,stage2,3,0.08871860802173615,0.2533602714538574,0.0,0.08871860802173615,0.0001,1e-05,50.118,2.6881,3.8073
5544,stage2,3,0.09698770940303802,0.3133634328842163,0.0,0.09698770940303802,0.0001,1e-05,50.122,3.1654,0.6832
5545,stage2,3,0.09055797755718231,0.30977076292037964,0.0,0.09055797755718231,0.0001,1e-05,50.121,2.7483,0.6535
5546,stage2,3,0.10432151705026627,0.30319806933403015,0.0,0.10432151705026627,0.0001,1e-05,50.123,3.2113,0.6419
5547,stage2,3,0.10541678220033646,0.29961368441581726,0.0,0.10541678220033646,0.0001,1e-05,50.119,2.6875,0.6424
5548,stage2,3,0.10122408717870712,0.2802222669124603,0.0,0.10122408717870712,0.0001,1e-05,50.12,2.974,0.6429
5549,stage2,3,0.0962345078587532,0.2707843780517578,0.0,0.0962345078587532,0.0001,1e-05,50.121,2.3543,0.6809
5550,stage2,3,0.08819054067134857,0.29197195172309875,0.0,0.08819054067134857,0.0001,1e-05,50.12,2.4485,0.6591
5551,stage2,3,0.09961143136024475,0.28152361512184143,0.0,0.09961143136024475,0.0001,1e-05,50.123,2.5549,3.9748
5552,stage2,3,0.09902689605951309,0.2808452844619751,0.0,0.09902689605951309,0.0001,1e-05,50.122,4.1923,0.6411
5553,stage2,3,0.09144606441259384,0.30872881412506104,0.0,0.09144606441259384,0.0001,1e-05,50.123,2.7841,0.6468
5554,stage2,3,0.09958283603191376,0.2790250778198242,0.0,0.09958283603191376,0.0001,1e-05,50.12,2.7456,0.6491
5555,stage2,3,0.09416212886571884,0.2923590838909149,0.0,0.09416212886571884,0.0001,1e-05,50.118,2.9412,0.71
5556,stage2,3,0.1071363165974617,0.30841130018234253,0.0,0.1071363165974617,0.0001,1e-05,50.117,4.0396,0.6444
5557,stage2,3,0.10273408144712448,0.3021693229675293,0.0,0.10273408144712448,0.0001,1e-05,50.119,2.9392,0.648
5558,stage2,3,0.10115707665681839,0.30221351981163025,0.0,0.10115707665681839,0.0001,1e-05,50.119,3.267,0.6479
5559,stage2,3,0.08388034254312515,0.2673414349555969,0.0,0.08388034254312515,0.0001,1e-05,50.117,2.2243,3.9974
5560,stage2,3,0.07728596776723862,0.27721893787384033,0.0,0.07728596776723862,0.0001,1e-05,50.12,2.5287,0.6938
5561,stage2,3,0.08728599548339844,0.2608497738838196,0.0,0.08728599548339844,0.0001,1e-05,50.118,2.4301,0.6446
5562,stage2,3,0.09844247251749039,0.28386688232421875,0.0,0.09844247251749039,0.0001,1e-05,50.118,3.892,0.6494
5563,stage2,3,0.11194666475057602,0.2863140106201172,0.0,0.11194666475057602,0.0001,1e-05,50.119,2.9569,0.6409
5564,stage2,3,0.09018458425998688,0.2698703110218048,0.0,0.09018458425998688,0.0001,1e-05,50.119,3.0632,0.6429
5565,stage2,3,0.08265144377946854,0.3016084134578705,0.0,0.08265144377946854,0.0001,1e-05,50.118,2.6577,0.6991
5566,stage2,3,0.07909128814935684,0.32542258501052856,0.0,0.07909128814935684,0.0001,1e-05,50.117,2.7447,0.6428
5567,stage2,3,0.10606016218662262,0.2809501588344574,0.0,0.10606016218662262,0.0001,1e-05,50.119,3.1754,3.9256
5568,stage2,3,0.10056590288877487,0.2859323024749756,0.0,0.10056590288877487,0.0001,1e-05,50.12,3.0913,0.6405
5569,stage2,3,0.07949233800172806,0.2673453688621521,0.0,0.07949233800172806,0.0001,1e-05,50.122,2.8559,0.6414
5570,stage2,3,0.0830744132399559,0.3212960958480835,0.0,0.0830744132399559,0.0001,1e-05,50.121,2.3468,0.6959
5571,stage2,3,0.09012117981910706,0.2576264441013336,0.0,0.09012117981910706,0.0001,1e-05,50.119,2.8421,0.6422
5572,stage2,3,0.07987266778945923,0.27204927802085876,0.0,0.07987266778945923,0.0001,1e-05,50.118,2.3408,0.6425
5573,stage2,3,0.10255608707666397,0.28636014461517334,0.0,0.10255608707666397,0.0001,1e-05,50.118,3.4125,0.6446
5574,stage2,3,0.0966319888830185,0.29008686542510986,0.0,0.0966319888830185,0.0001,1e-05,50.121,3.6677,0.6441
5575,stage2,3,0.09220761060714722,0.2586880922317505,0.0,0.09220761060714722,0.0001,1e-05,50.119,2.8531,4.0283
5576,stage2,3,0.08770067244768143,0.27253204584121704,0.0,0.08770067244768143,0.0001,1e-05,50.116,2.665,0.6395
5577,stage2,3,0.09019392728805542,0.2961023151874542,0.0,0.09019392728805542,0.0001,1e-05,50.12,3.0427,0.642
5578,stage2,3,0.08885908871889114,0.2801683843135834,0.0,0.08885908871889114,0.0001,1e-05,50.122,2.5821,0.6423
5579,stage2,3,0.08282950520515442,0.28735867142677307,0.0,0.08282950520515442,0.0001,1e-05,50.116,2.7948,0.6427
5580,stage2,3,0.10818081349134445,0.30084463953971863,0.0,0.10818081349134445,0.0001,1e-05,50.118,3.7339,0.7003
5581,stage2,3,0.09649833291769028,0.2704794108867645,0.0,0.09649833291769028,0.0001,1e-05,50.118,2.7067,0.64
5582,stage2,3,0.09066739678382874,0.2643360495567322,0.0,0.09066739678382874,0.0001,1e-05,50.125,2.3504,0.644
5583,stage2,3,0.09637913852930069,0.3019324839115143,0.0,0.09637913852930069,0.0001,1e-05,50.119,2.735,3.946
5584,stage2,3,0.09961250424385071,0.2832973897457123,0.0,0.09961250424385071,0.0001,1e-05,50.119,2.9368,0.7001
5585,stage2,3,0.09599471092224121,0.27674490213394165,0.0,0.09599471092224121,0.0001,1e-05,50.119,3.084,0.6374
5586,stage2,3,0.10906616598367691,0.3361901342868805,0.0,0.10906616598367691,0.0001,1e-05,50.116,3.5752,0.6435
5587,stage2,3,0.08296484500169754,0.27408674359321594,0.0,0.08296484500169754,0.0001,1e-05,50.12,2.7745,0.6437
5588,stage2,3,0.09068289399147034,0.3063708245754242,0.0,0.09068289399147034,0.0001,1e-05,50.119,2.4764,0.6483
5589,stage2,3,0.09933362901210785,0.2794746160507202,0.0,0.09933362901210785,0.0001,1e-05,50.12,3.1236,0.7031
5590,stage2,3,0.0944940373301506,0.2744711637496948,0.0,0.0944940373301506,0.0001,1e-05,50.121,2.8101,0.6429
5591,stage2,3,0.1003774106502533,0.3055289685726166,0.0,0.1003774106502533,0.0001,1e-05,50.118,3.8195,3.9826
5592,stage2,3,0.09809589385986328,0.28195449709892273,0.0,0.09809589385986328,0.0001,1e-05,50.12,3.5665,0.6414
5593,stage2,3,0.08244789391756058,0.2779552638530731,0.0,0.08244789391756058,0.0001,1e-05,50.122,2.136,0.6467
5594,stage2,3,0.11376909166574478,0.29453936219215393,0.0,0.11376909166574478,0.0001,1e-05,50.119,3.3511,0.6465
5595,stage2,3,0.09252047538757324,0.29783400893211365,0.0,0.09252047538757324,0.0001,1e-05,50.12,2.5027,0.6967
5596,stage2,3,0.08922252804040909,0.2691762447357178,0.0,0.08922252804040909,0.0001,1e-05,50.12,2.9949,0.644
5597,stage2,3,0.10879501700401306,0.2851524353027344,0.0,0.10879501700401306,0.0001,1e-05,50.117,3.5286,0.6436
5598,stage2,3,0.09227398782968521,0.30454108119010925,0.0,0.09227398782968521,0.0001,1e-05,50.119,2.686,0.6446
5599,stage2,3,0.09328534454107285,0.2956702411174774,0.0,0.09328534454107285,0.0001,1e-05,50.117,3.2729,4.1158
5600,stage2,3,0.08989115804433823,0.28419265151023865,0.0,0.08989115804433823,0.0001,1e-05,50.121,3.0583,0.6397
5601,stage2,3,0.08258429914712906,0.3000941276550293,0.0,0.08258429914712906,0.0001,1e-05,50.117,2.3825,0.6427
5602,stage2,3,0.10133178532123566,0.2759537994861603,0.0,0.10133178532123566,0.0001,1e-05,50.12,3.5311,0.6419
5603,stage2,3,0.09162992984056473,0.2863313853740692,0.0,0.09162992984056473,0.0001,1e-05,50.119,3.3578,0.643
5604,stage2,3,0.09709328413009644,0.29269835352897644,0.0,0.09709328413009644,0.0001,1e-05,50.119,3.1594,0.6973
5605,stage2,3,0.08984726667404175,0.3115018606185913,0.0,0.08984726667404175,0.0001,1e-05,50.119,2.3886,0.6473
5606,stage2,3,0.10679939389228821,0.27829137444496155,0.0,0.10679939389228821,0.0001,1e-05,50.122,2.8477,0.6432
5607,stage2,3,0.08768648654222488,0.25491729378700256,0.0,0.08768648654222488,0.0001,1e-05,50.118,2.4034,3.9111
5608,stage2,3,0.09698157757520676,0.31879666447639465,0.0,0.09698157757520676,0.0001,1e-05,50.119,2.8381,0.6411
5609,stage2,3,0.09229212999343872,0.29680025577545166,0.0,0.09229212999343872,0.0001,1e-05,50.12,2.9187,0.6352
5610,stage2,3,0.08902676403522491,0.27720633149147034,0.0,0.08902676403522491,0.0001,1e-05,50.116,2.5725,0.7302
5611,stage2,3,0.09389714151620865,0.3182431161403656,0.0,0.09389714151620865,0.0001,1e-05,50.122,2.3599,0.6327
5612,stage2,3,0.09036680310964584,0.2794577479362488,0.0,0.09036680310964584,0.0001,1e-05,50.12,2.5775,0.6429
5613,stage2,3,0.07723323255777359,0.2919591963291168,0.0,0.07723323255777359,0.0001,1e-05,50.117,2.1923,0.6492
5614,stage2,3,0.09235906600952148,0.28856369853019714,0.0,0.09235906600952148,0.0001,1e-05,50.121,2.6577,0.6436
5615,stage2,3,0.08392569422721863,0.28688061237335205,0.0,0.08392569422721863,0.0001,1e-05,50.118,3.0448,3.9383
5616,stage2,3,0.09635758399963379,0.3025447726249695,0.0,0.09635758399963379,0.0001,1e-05,50.118,2.5553,0.6468
5617,stage2,3,0.10736311972141266,0.2805016040802002,0.0,0.10736311972141266,0.0001,1e-05,50.118,3.0311,0.642
5618,stage2,3,0.08600018173456192,0.31481000781059265,0.0,0.08600018173456192,0.0001,1e-05,50.119,2.6733,0.6463
5619,stage2,3,0.09193249046802521,0.2828961908817291,0.0,0.09193249046802521,0.0001,1e-05,50.118,2.4689,0.6658
5620,stage2,3,0.09662637114524841,0.28446242213249207,0.0,0.09662637114524841,0.0001,1e-05,50.12,2.6472,0.6752
5621,stage2,3,0.09239944815635681,0.28389009833335876,0.0,0.09239944815635681,0.0001,1e-05,50.119,2.3702,0.6424
5622,stage2,3,0.09431477636098862,0.3127140700817108,0.0,0.09431477636098862,0.0001,1e-05,50.119,2.4627,0.6431
5623,stage2,3,0.09361569583415985,0.2848290205001831,0.0,0.09361569583415985,0.0001,1e-05,50.118,2.7328,3.9411
5624,stage2,3,0.09869613498449326,0.3107687532901764,0.0,0.09869613498449326,0.0001,1e-05,50.12,3.0907,0.6934
5625,stage2,3,0.09024764597415924,0.29469454288482666,0.0,0.09024764597415924,0.0001,1e-05,50.122,2.6007,0.6411
5626,stage2,3,0.09130802005529404,0.2668355405330658,0.0,0.09130802005529404,0.0001,1e-05,50.121,2.3466,0.6476
5627,stage2,3,0.09148424118757248,0.2975665032863617,0.0,0.09148424118757248,0.0001,1e-05,50.12,2.2322,0.6511
5628,stage2,3,0.09605809301137924,0.2981628477573395,0.0,0.09605809301137924,0.0001,1e-05,50.119,2.9437,0.6436
5629,stage2,3,0.08229970186948776,0.2613458037376404,0.0,0.08229970186948776,0.0001,1e-05,50.117,2.4725,0.6375
5630,stage2,3,0.08981361985206604,0.30191266536712646,0.0,0.08981361985206604,0.0001,1e-05,50.119,2.7918,0.6645
5631,stage2,3,0.08917158097028732,0.3281411826610565,0.0,0.08917158097028732,0.0001,1e-05,50.12,2.1647,4.0757
5632,stage2,3,0.08750429004430771,0.27823254466056824,0.0,0.08750429004430771,0.0001,1e-05,50.12,2.3096,0.6455
5633,stage2,3,0.08307971805334091,0.2922741770744324,0.0,0.08307971805334091,0.0001,1e-05,50.118,2.4426,0.6409
5634,stage2,3,0.09513771533966064,0.29040220379829407,0.0,0.09513771533966064,0.0001,1e-05,50.118,2.4423,0.6414
5635,stage2,3,0.09270033985376358,0.3075617551803589,0.0,0.09270033985376358,0.0001,1e-05,50.118,3.0981,0.6936
5636,stage2,3,0.09053013473749161,0.3096534311771393,0.0,0.09053013473749161,0.0001,1e-05,50.118,2.6375,0.6346
5637,stage2,3,0.0920775905251503,0.263823002576828,0.0,0.0920775905251503,0.0001,1e-05,50.118,2.5042,0.6669
5638,stage2,3,0.11262089014053345,0.2807166874408722,0.0,0.11262089014053345,0.0001,1e-05,50.117,3.1481,0.66
5639,stage2,3,0.09032294154167175,0.2852396070957184,0.0,0.09032294154167175,0.0001,1e-05,50.115,2.4105,3.8747
5640,stage2,3,0.0865187719464302,0.2608390748500824,0.0,0.0865187719464302,0.0001,1e-05,50.119,2.5174,0.6475
5641,stage2,3,0.08350236713886261,0.29153740406036377,0.0,0.08350236713886261,0.0001,1e-05,50.117,2.35,0.6517
5642,stage2,3,0.11049968004226685,0.3202822208404541,0.0,0.11049968004226685,0.0001,1e-05,50.117,3.2908,0.6472
5643,stage2,3,0.0826280266046524,0.3185374438762665,0.0,0.0826280266046524,0.0001,1e-05,50.12,2.4024,0.7384
5644,stage2,3,0.0885414332151413,0.28362083435058594,0.0,0.0885414332151413,0.0001,1e-05,50.119,2.2733,0.6415
5645,stage2,3,0.09179110825061798,0.267953097820282,0.0,0.09179110825061798,0.0001,1e-05,50.119,2.5679,0.6438
5646,stage2,3,0.09063273668289185,0.2892252206802368,0.0,0.09063273668289185,0.0001,1e-05,50.118,2.5915,0.6479
5647,stage2,3,0.08377931267023087,0.2603479325771332,0.0,0.08377931267023087,0.0001,1e-05,50.118,2.6681,3.8152
5648,stage2,3,0.09125082939863205,0.2860398590564728,0.0,0.09125082939863205,0.0001,1e-05,50.118,2.7786,0.6736
5649,stage2,3,0.08588121831417084,0.2848574221134186,0.0,0.08588121831417084,0.0001,1e-05,50.116,2.7607,0.6418
5650,stage2,3,0.10262947529554367,0.2661855220794678,0.0,0.10262947529554367,0.0001,1e-05,50.117,3.2425,0.6416
5651,stage2,3,0.09426000714302063,0.2722468972206116,0.0,0.09426000714302063,0.0001,1e-05,50.118,2.7722,0.717
5652,stage2,3,0.10723008960485458,0.2921469211578369,0.0,0.10723008960485458,0.0001,1e-05,50.118,2.8768,0.6897
5653,stage2,3,0.08153070509433746,0.26079875230789185,0.0,0.08153070509433746,0.0001,1e-05,50.119,2.5832,0.6497
5654,stage2,3,0.08982747048139572,0.2867380678653717,0.0,0.08982747048139572,0.0001,1e-05,50.117,2.9376,0.647
5655,stage2,3,0.10446532815694809,0.2663317024707794,0.0,0.10446532815694809,0.0001,1e-05,50.118,2.5906,3.7829
5656,stage2,3,0.09065946936607361,0.2721359133720398,0.0,0.09065946936607361,0.0001,1e-05,50.118,2.399,0.6412
5657,stage2,3,0.07521191984415054,0.25527703762054443,0.0,0.07521191984415054,0.0001,1e-05,50.12,2.5212,0.6411
5658,stage2,3,0.09546025842428207,0.2805415689945221,0.0,0.09546025842428207,0.0001,1e-05,50.116,3.0673,0.6426
5659,stage2,3,0.0976283922791481,0.28180626034736633,0.0,0.0976283922791481,0.0001,1e-05,50.12,3.7203,0.8481
5660,stage2,3,0.09033958613872528,0.2701614797115326,0.0,0.09033958613872528,0.0001,1e-05,50.117,2.4369,0.6469
5661,stage2,3,0.0900927409529686,0.28072166442871094,0.0,0.0900927409529686,0.0001,1e-05,50.12,2.9543,0.6416
5662,stage2,3,0.10234805196523666,0.26406553387641907,0.0,0.10234805196523666,0.0001,1e-05,50.119,3.5098,0.6442
5663,stage2,3,0.09046327322721481,0.2797345221042633,0.0,0.09046327322721481,0.0001,1e-05,50.118,2.5789,3.8233
5664,stage2,3,0.08892751485109329,0.2755592167377472,0.0,0.08892751485109329,0.0001,1e-05,50.118,2.6269,0.6415
5665,stage2,3,0.08571101725101471,0.29531529545783997,0.0,0.08571101725101471,0.0001,1e-05,50.118,2.7401,0.6424
5666,stage2,3,0.08820821344852448,0.3047160804271698,0.0,0.08820821344852448,0.0001,1e-05,50.117,2.6019,0.6417
5667,stage2,3,0.08670829236507416,0.30745232105255127,0.0,0.08670829236507416,0.0001,1e-05,50.117,2.8891,0.9463
5668,stage2,3,0.0857328549027443,0.2794995605945587,0.0,0.0857328549027443,0.0001,1e-05,50.118,3.1207,0.6423
5669,stage2,3,0.09196854382753372,0.2799762785434723,0.0,0.09196854382753372,0.0001,1e-05,50.115,2.6908,0.6423
5670,stage2,3,0.09276238828897476,0.2696557343006134,0.0,0.09276238828897476,0.0001,1e-05,50.113,2.5838,0.6423
5671,stage2,3,0.0952608585357666,0.2691439986228943,0.0,0.0952608585357666,0.0001,1e-05,50.116,2.62,3.7415
5672,stage2,3,0.08584415912628174,0.27601996064186096,0.0,0.08584415912628174,0.0001,1e-05,50.119,2.4689,0.6466
5673,stage2,3,0.08479534834623337,0.29492393136024475,0.0,0.08479534834623337,0.0001,1e-05,50.117,2.3787,0.647
5674,stage2,3,0.12136607617139816,0.2949950098991394,0.0,0.12136607617139816,0.0001,1e-05,50.12,3.5227,0.6426
5675,stage2,3,0.10887455940246582,0.3175927698612213,0.0,0.10887455940246582,0.0001,1e-05,50.118,5.248,0.9233
5676,stage2,3,0.11042958498001099,0.302433580160141,0.0,0.11042958498001099,0.0001,1e-05,50.12,3.0695,0.6433
5677,stage2,3,0.09343437105417252,0.29463890194892883,0.0,0.09343437105417252,0.0001,1e-05,50.12,2.7141,0.6489
5678,stage2,3,0.0916348248720169,0.28121641278266907,0.0,0.0916348248720169,0.0001,1e-05,50.118,2.6648,0.6429
5679,stage2,3,0.1087358370423317,0.3038739860057831,0.0,0.1087358370423317,0.0001,1e-05,50.12,3.6043,3.7332
5680,stage2,3,0.07635842263698578,0.3020058572292328,0.0,0.07635842263698578,0.0001,1e-05,50.118,2.5186,0.6554
5681,stage2,3,0.09117017686367035,0.28325775265693665,0.0,0.09117017686367035,0.0001,1e-05,50.12,2.75,0.7078
5682,stage2,3,0.09439746290445328,0.28606346249580383,0.0,0.09439746290445328,0.0001,1e-05,50.118,2.6329,0.6527
5683,stage2,3,0.08058924227952957,0.3071735203266144,0.0,0.08058924227952957,0.0001,1e-05,50.117,2.6412,0.9696
5684,stage2,3,0.09215668588876724,0.3013139069080353,0.0,0.09215668588876724,0.0001,1e-05,50.117,2.7972,0.6585
5685,stage2,3,0.08764927834272385,0.2761220633983612,0.0,0.08764927834272385,0.0001,1e-05,50.119,3.3028,0.6943
5686,stage2,3,0.10084174573421478,0.3021968603134155,0.0,0.10084174573421478,0.0001,1e-05,50.117,2.7357,0.6496
5687,stage2,3,0.07970326393842697,0.28226226568222046,0.0,0.07970326393842697,0.0001,1e-05,50.118,2.572,3.6406
5688,stage2,3,0.08448401838541031,0.28451457619667053,0.0,0.08448401838541031,0.0001,1e-05,50.118,3.0401,0.6519
5689,stage2,3,0.08810112625360489,0.2921266555786133,0.0,0.08810112625360489,0.0001,1e-05,50.121,2.6131,0.712
5690,stage2,3,0.09242702275514603,0.25788724422454834,0.0,0.09242702275514603,0.0001,1e-05,50.117,2.487,0.663
5691,stage2,3,0.09162527322769165,0.28048503398895264,0.0,0.09162527322769165,0.0001,1e-05,50.116,2.4041,1.133
5692,stage2,3,0.08593159914016724,0.28941550850868225,0.0,0.08593159914016724,0.0001,1e-05,50.118,2.2563,0.7094
5693,stage2,3,0.08130211383104324,0.3032553195953369,0.0,0.08130211383104324,0.0001,1e-05,50.117,2.5683,0.6634
5694,stage2,3,0.07602725178003311,0.278413325548172,0.0,0.07602725178003311,0.0001,1e-05,50.117,2.1922,0.7239
5695,stage2,3,0.09394105523824692,0.279275506734848,0.0,0.09394105523824692,0.0001,1e-05,50.118,3.3734,3.5415
5696,stage2,3,0.09375454485416412,0.2777773439884186,0.0,0.09375454485416412,0.0001,1e-05,50.117,2.7715,0.6499
5697,stage2,3,0.09598521143198013,0.2819375991821289,0.0,0.09598521143198013,0.0001,1e-05,50.119,2.8812,0.6465
5698,stage2,3,0.09225954115390778,0.32335665822029114,0.0,0.09225954115390778,0.0001,1e-05,50.12,3.6209,0.6655
5699,stage2,3,0.08692282438278198,0.2713220715522766,0.0,0.08692282438278198,0.0001,1e-05,50.119,2.8451,1.1367
5700,stage2,3,0.09085749834775925,0.2705499827861786,0.0,0.09085749834775925,0.0001,1e-05,50.118,2.7019,0.6931
5701,stage2,3,0.09477139264345169,0.30578258633613586,0.0,0.09477139264345169,0.0001,1e-05,50.12,2.9986,0.6557
5702,stage2,3,0.08553462475538254,0.24835823476314545,0.0,0.08553462475538254,0.0001,1e-05,50.12,2.4473,0.7039
5703,stage2,3,0.08775395154953003,0.2944867014884949,0.0,0.08775395154953003,0.0001,1e-05,50.117,2.8155,3.4475
5704,stage2,3,0.08773979544639587,0.28420892357826233,0.0,0.08773979544639587,0.0001,1e-05,50.117,2.7894,0.7043
5705,stage2,3,0.095626600086689,0.27638450264930725,0.0,0.095626600086689,0.0001,1e-05,50.121,2.843,0.6596
5706,stage2,3,0.0860615223646164,0.28692173957824707,0.0,0.0860615223646164,0.0001,1e-05,50.118,2.7012,0.6429
5707,stage2,3,0.08298585563898087,0.2744567394256592,0.0,0.08298585563898087,0.0001,1e-05,50.121,2.5163,1.1722
5708,stage2,3,0.11255396902561188,0.2907619774341583,0.0,0.11255396902561188,0.0001,1e-05,50.118,2.6338,0.6651
5709,stage2,3,0.11190381646156311,0.29429563879966736,0.0,0.11190381646156311,0.0001,1e-05,50.117,2.8916,0.7072
5710,stage2,3,0.07977113872766495,0.3090863525867462,0.0,0.07977113872766495,0.0001,1e-05,50.119,2.2391,0.6566
5711,stage2,3,0.08437829464673996,0.3273766040802002,0.0,0.08437829464673996,0.0001,1e-05,50.117,2.9953,3.5502
5712,stage2,3,0.08541395515203476,0.26923975348472595,0.0,0.08541395515203476,0.0001,1e-05,50.118,2.1319,0.6548
5713,stage2,3,0.09166305512189865,0.3004705607891083,0.0,0.09166305512189865,0.0001,1e-05,50.119,3.2127,0.7111
5714,stage2,3,0.089747853577137,0.28677788376808167,0.0,0.089747853577137,0.0001,1e-05,50.119,3.1594,0.654
5715,stage2,3,0.09669271111488342,0.2808672785758972,0.0,0.09669271111488342,0.0001,1e-05,50.117,2.9844,1.1229
5716,stage2,3,0.08430564403533936,0.28885817527770996,0.0,0.08430564403533936,0.0001,1e-05,50.122,2.4054,0.6419
5717,stage2,3,0.09552225470542908,0.3119870126247406,0.0,0.09552225470542908,0.0001,1e-05,50.12,2.5913,0.6659
5718,stage2,3,0.11379778385162354,0.30073946714401245,0.0,0.11379778385162354,0.0001,1e-05,50.119,2.9927,0.7069
5719,stage2,3,0.09396638721227646,0.2892122268676758,0.0,0.09396638721227646,0.0001,1e-05,50.12,3.4945,3.5396
5720,stage2,3,0.09570391476154327,0.3261098265647888,0.0,0.09570391476154327,0.0001,1e-05,50.118,3.6493,0.7036
5721,stage2,3,0.11095370352268219,0.2856522500514984,0.0,0.11095370352268219,0.0001,1e-05,50.118,2.9902,0.6541
5722,stage2,3,0.0893334373831749,0.3013601005077362,0.0,0.0893334373831749,0.0001,1e-05,50.117,2.7224,0.7102
5723,stage2,3,0.08632763475179672,0.29865023493766785,0.0,0.08632763475179672,0.0001,1e-05,50.119,3.1958,1.1283
5724,stage2,3,0.09282659739255905,0.30920636653900146,0.0,0.09282659739255905,0.0001,1e-05,50.117,2.9851,0.7048
5725,stage2,3,0.08229623734951019,0.2831803560256958,0.0,0.08229623734951019,0.0001,1e-05,50.119,2.5748,0.6639
5726,stage2,3,0.08190310746431351,0.31713852286338806,0.0,0.08190310746431351,0.0001,1e-05,50.117,2.3778,0.7095
5727,stage2,3,0.09904783964157104,0.2886851727962494,0.0,0.09904783964157104,0.0001,1e-05,50.121,3.4826,3.562
5728,stage2,3,0.09768325835466385,0.2994242310523987,0.0,0.09768325835466385,0.0001,1e-05,50.114,3.3957,0.7118
5729,stage2,3,0.10231119394302368,0.2930096983909607,0.0,0.10231119394302368,0.0001,1e-05,50.117,2.4629,0.6522
5730,stage2,3,0.08389925956726074,0.28800758719444275,0.0,0.08389925956726074,0.0001,1e-05,50.121,2.3351,0.6758
5731,stage2,3,0.08171413093805313,0.26905307173728943,0.0,0.08171413093805313,0.0001,1e-05,50.119,2.541,1.1089
5732,stage2,3,0.08850773423910141,0.29852911829948425,0.0,0.08850773423910141,0.0001,1e-05,50.119,2.764,0.7073
5733,stage2,3,0.10249737650156021,0.2989062964916229,0.0,0.10249737650156021,0.0001,1e-05,50.117,3.025,0.6622
5734,stage2,3,0.09964744746685028,0.2898881137371063,0.0,0.09964744746685028,0.0001,1e-05,50.119,3.052,0.7178
5735,stage2,3,0.09248813986778259,0.3509083092212677,0.0,0.09248813986778259,0.0001,1e-05,50.121,2.6138,3.5701
5736,stage2,3,0.09593375027179718,0.27800506353378296,0.0,0.09593375027179718,0.0001,1e-05,50.119,2.7507,0.6638
5737,stage2,3,0.08314847946166992,0.3018583655357361,0.0,0.08314847946166992,0.0001,1e-05,50.115,2.8868,0.7065
5738,stage2,3,0.10357927531003952,0.3071703016757965,0.0,0.10357927531003952,0.0001,1e-05,50.12,3.3933,0.6682
5739,stage2,3,0.07069060951471329,0.31857722997665405,0.0,0.07069060951471329,0.0001,1e-05,50.121,2.2254,1.1976
5740,stage2,3,0.08754654228687286,0.28327733278274536,0.0,0.08754654228687286,0.0001,1e-05,50.122,2.2875,0.6388
5741,stage2,3,0.0803869217634201,0.28986743092536926,0.0,0.0803869217634201,0.0001,1e-05,50.121,2.1459,0.6681
5742,stage2,3,0.09592629224061966,0.2999267876148224,0.0,0.09592629224061966,0.0001,1e-05,50.121,2.8307,0.6567
5743,stage2,3,0.08889652788639069,0.2991805076599121,0.0,0.08889652788639069,0.0001,1e-05,50.119,2.4823,3.5268
5744,stage2,3,0.0862068235874176,0.27052372694015503,0.0,0.0862068235874176,0.0001,1e-05,50.118,2.4849,0.6416
5745,stage2,3,0.10698089748620987,0.3199545741081238,0.0,0.10698089748620987,0.0001,1e-05,50.121,3.1356,0.6654
5746,stage2,3,0.07828709483146667,0.32949554920196533,0.0,0.07828709483146667,0.0001,1e-05,50.12,2.1619,0.7055
5747,stage2,3,0.07829024642705917,0.27799832820892334,0.0,0.07829024642705917,0.0001,1e-05,50.122,2.423,1.1448
5748,stage2,3,0.0914093554019928,0.3117275536060333,0.0,0.0914093554019928,0.0001,1e-05,50.12,2.6971,0.6568
5749,stage2,3,0.0959472507238388,0.3184323310852051,0.0,0.0959472507238388,0.0001,1e-05,50.12,2.8099,0.6467
5750,stage2,3,0.08504293859004974,0.2824244201183319,0.0,0.08504293859004974,0.0001,1e-05,50.12,2.6974,0.654
5751,stage2,3,0.0993604063987732,0.2794196903705597,0.0,0.0993604063987732,0.0001,1e-05,50.12,2.8456,3.5715
5752,stage2,3,0.08792063593864441,0.2955797612667084,0.0,0.08792063593864441,0.0001,1e-05,50.12,2.6127,0.6619
5753,stage2,3,0.09323133528232574,0.28007495403289795,0.0,0.09323133528232574,0.0001,1e-05,50.118,2.939,0.6365
5754,stage2,3,0.09657704830169678,0.2647550404071808,0.0,0.09657704830169678,0.0001,1e-05,50.119,3.7967,0.6695
5755,stage2,3,0.09428225457668304,0.28787684440612793,0.0,0.09428225457668304,0.0001,1e-05,50.123,2.8511,1.1358
5756,stage2,3,0.08698385208845139,0.3131212294101715,0.0,0.08698385208845139,0.0001,1e-05,50.122,2.5592,0.7056
5757,stage2,3,0.09025483578443527,0.2669590413570404,0.0,0.09025483578443527,0.0001,1e-05,50.12,2.7949,0.6571
5758,stage2,3,0.09247509390115738,0.27420252561569214,0.0,0.09247509390115738,0.0001,1e-05,50.122,2.8231,0.6833
5759,stage2,3,0.08974763005971909,0.2657860815525055,0.0,0.08974763005971909,0.0001,1e-05,50.119,2.3515,3.6484
5760,stage2,3,0.08050520718097687,0.3005138337612152,0.0,0.08050520718097687,0.0001,1e-05,50.122,2.1254,0.7102
5761,stage2,3,0.07281643152236938,0.28500208258628845,0.0,0.07281643152236938,0.0001,1e-05,50.117,2.0489,0.6534
5762,stage2,3,0.10744844377040863,0.2879737317562103,0.0,0.10744844377040863,0.0001,1e-05,50.121,3.5201,0.6534
5763,stage2,3,0.09347551316022873,0.285488098859787,0.0,0.09347551316022873,0.0001,1e-05,50.123,2.746,1.2494
5764,stage2,3,0.09223666042089462,0.307674378156662,0.0,0.09223666042089462,0.0001,1e-05,50.119,2.7501,0.6534
5765,stage2,3,0.09486167877912521,0.29772037267684937,0.0,0.09486167877912521,0.0001,1e-05,50.119,3.1329,0.6729
5766,stage2,3,0.08741041272878647,0.28134673833847046,0.0,0.08741041272878647,0.0001,1e-05,50.121,2.6551,0.6918
5767,stage2,3,0.08925474435091019,0.319333553314209,0.0,0.08925474435091019,0.0001,1e-05,50.118,3.0927,3.5392
5768,stage2,3,0.0861702561378479,0.278987318277359,0.0,0.0861702561378479,0.0001,1e-05,50.122,2.8171,0.6622
5769,stage2,3,0.08445502817630768,0.2826957404613495,0.0,0.08445502817630768,0.0001,1e-05,50.121,2.2197,0.7096
5770,stage2,3,0.1049957424402237,0.29225924611091614,0.0,0.1049957424402237,0.0001,1e-05,50.12,3.2765,0.6585
5771,stage2,3,0.09177599102258682,0.3146149516105652,0.0,0.09177599102258682,0.0001,1e-05,50.117,2.5573,1.3185
5772,stage2,3,0.08999273180961609,0.3096817433834076,0.0,0.08999273180961609,0.0001,1e-05,50.119,2.4417,0.7084
5773,stage2,3,0.08746486157178879,0.3131449818611145,0.0,0.08746486157178879,0.0001,1e-05,50.119,3.0343,0.6602
5774,stage2,3,0.10569486767053604,0.2831106185913086,0.0,0.10569486767053604,0.0001,1e-05,50.118,2.9016,0.705
5775,stage2,3,0.098689965903759,0.2783888578414917,0.0,0.098689965903759,0.0001,1e-05,50.121,3.1237,3.2021
5776,stage2,3,0.08681592345237732,0.29088205099105835,0.0,0.08681592345237732,0.0001,1e-05,50.119,2.4367,0.7121
5777,stage2,3,0.09163928031921387,0.28122639656066895,0.0,0.09163928031921387,0.0001,1e-05,50.12,2.7797,0.6574
5778,stage2,3,0.0789203941822052,0.28873831033706665,0.0,0.0789203941822052,0.0001,1e-05,50.121,2.212,0.718
5779,stage2,3,0.10262421518564224,0.2779194712638855,0.0,0.10262421518564224,0.0001,1e-05,50.121,2.5703,1.5013
5780,stage2,3,0.09543254226446152,0.2890699505805969,0.0,0.09543254226446152,0.0001,1e-05,50.12,2.987,0.6656
5781,stage2,3,0.07710793614387512,0.2792564034461975,0.0,0.07710793614387512,0.0001,1e-05,50.117,2.1082,0.7021
5782,stage2,3,0.09497027099132538,0.27143368124961853,0.0,0.09497027099132538,0.0001,1e-05,50.118,2.9723,0.6605
5783,stage2,3,0.07382655143737793,0.27562424540519714,0.0,0.07382655143737793,0.0001,1e-05,50.118,2.2235,3.2017
5784,stage2,3,0.09157074987888336,0.27472102642059326,0.0,0.09157074987888336,0.0001,1e-05,50.117,2.8335,0.6868
5785,stage2,3,0.08942625671625137,0.2675691246986389,0.0,0.08942625671625137,0.0001,1e-05,50.117,2.5264,0.6546
5786,stage2,3,0.09696517139673233,0.27133607864379883,0.0,0.09696517139673233,0.0001,1e-05,50.117,2.9321,0.7051
5787,stage2,3,0.0808999314904213,0.28750813007354736,0.0,0.0808999314904213,0.0001,1e-05,50.117,2.3002,1.5694
5788,stage2,3,0.11877535283565521,0.2934347093105316,0.0,0.11877535283565521,0.0001,1e-05,50.119,4.387,0.6591
5789,stage2,3,0.08847896009683609,0.31267979741096497,0.0,0.08847896009683609,0.0001,1e-05,50.119,3.0358,0.707
5790,stage2,3,0.10419327765703201,0.2921919822692871,0.0,0.10419327765703201,0.0001,1e-05,50.122,3.2323,0.6543
5791,stage2,3,0.08448523283004761,0.2835107445716858,0.0,0.08448523283004761,0.0001,1e-05,50.117,2.7642,3.187
5792,stage2,3,0.08924830704927444,0.2617636024951935,0.0,0.08924830704927444,0.0001,1e-05,50.116,2.6545,0.7101
5793,stage2,3,0.110533207654953,0.2905438244342804,0.0,0.110533207654953,0.0001,1e-05,50.121,3.6878,0.6533
5794,stage2,3,0.10241063684225082,0.2899281978607178,0.0,0.10241063684225082,0.0001,1e-05,50.118,3.1338,0.6641
5795,stage2,3,0.07931008189916611,0.29215720295906067,0.0,0.07931008189916611,0.0001,1e-05,50.12,2.7825,1.7646
5796,stage2,3,0.08853071928024292,0.2792099118232727,0.0,0.08853071928024292,0.0001,1e-05,50.12,3.0434,0.6443
5797,stage2,3,0.07882758975028992,0.2598307728767395,0.0,0.07882758975028992,0.0001,1e-05,50.118,2.1696,0.6653
5798,stage2,3,0.09153985977172852,0.28464341163635254,0.0,0.09153985977172852,0.0001,1e-05,50.118,3.2664,0.6976
5799,stage2,3,0.1061522513628006,0.2929154932498932,0.0,0.1061522513628006,0.0001,1e-05,50.117,3.5358,2.827
5800,stage2,3,0.07648111879825592,0.27047061920166016,0.0,0.07648111879825592,0.0001,1e-05,50.118,2.1941,0.6359
5801,stage2,3,0.09126020967960358,0.30551519989967346,0.0,0.09126020967960358,0.0001,1e-05,50.118,2.5746,0.6433
5802,stage2,3,0.08874065428972244,0.30766561627388,0.0,0.08874065428972244,0.0001,1e-05,50.116,2.7479,0.6474
5803,stage2,3,0.08358892053365707,0.2684036195278168,0.0,0.08358892053365707,0.0001,1e-05,50.118,2.1654,1.9064
5804,stage2,3,0.07877068966627121,0.24942387640476227,0.0,0.07877068966627121,0.0001,1e-05,50.117,2.3224,0.6966
5805,stage2,3,0.08050679415464401,0.3005416691303253,0.0,0.08050679415464401,0.0001,1e-05,50.115,2.3456,0.6406
5806,stage2,3,0.08778615295886993,0.2898920178413391,0.0,0.08778615295886993,0.0001,1e-05,50.119,3.2647,0.6425
5807,stage2,3,0.09889664500951767,0.26898664236068726,0.0,0.09889664500951767,0.0001,1e-05,50.115,2.6789,2.6885
5808,stage2,3,0.09681383520364761,0.27108341455459595,0.0,0.09681383520364761,0.0001,1e-05,50.119,3.1832,0.6422
5809,stage2,3,0.0850939229130745,0.2588135600090027,0.0,0.0850939229130745,0.0001,1e-05,50.12,2.7093,0.6463
5810,stage2,3,0.08123183250427246,0.28728967905044556,0.0,0.08123183250427246,0.0001,1e-05,50.12,2.4447,0.6431
5811,stage2,3,0.08412355184555054,0.272001713514328,0.0,0.08412355184555054,0.0001,1e-05,50.12,2.7106,2.0063
5812,stage2,3,0.1104147881269455,0.2724507749080658,0.0,0.1104147881269455,0.0001,1e-05,50.12,3.0455,0.6438
5813,stage2,3,0.0874270647764206,0.3207682967185974,0.0,0.0874270647764206,0.0001,1e-05,50.118,3.3393,0.7056
5814,stage2,3,0.09553913027048111,0.2793060541152954,0.0,0.09553913027048111,0.0001,1e-05,50.114,3.7425,0.6396
5815,stage2,3,0.0997023656964302,0.28181424736976624,0.0,0.0997023656964302,0.0001,1e-05,50.116,2.55,2.7609
5816,stage2,3,0.0882817879319191,0.29167962074279785,0.0,0.0882817879319191,0.0001,1e-05,50.119,2.7817,0.6471
5817,stage2,3,0.09136686474084854,0.2730213701725006,0.0,0.09136686474084854,0.0001,1e-05,50.12,2.4742,0.6424
5818,stage2,3,0.09412189573049545,0.30945464968681335,0.0,0.09412189573049545,0.0001,1e-05,50.119,2.9191,0.6432
5819,stage2,3,0.09471552073955536,0.27569055557250977,0.0,0.09471552073955536,0.0001,1e-05,50.115,3.1698,1.998
5820,stage2,3,0.08697155863046646,0.3032580018043518,0.0,0.08697155863046646,0.0001,1e-05,50.117,2.3781,0.6462
5821,stage2,3,0.09179320186376572,0.25064244866371155,0.0,0.09179320186376572,0.0001,1e-05,50.12,2.8686,0.6429
5822,stage2,3,0.10047348588705063,0.2850535213947296,0.0,0.10047348588705063,0.0001,1e-05,50.12,2.6383,0.6413
5823,stage2,3,0.08464600890874863,0.284319669008255,0.0,0.08464600890874863,0.0001,1e-05,50.116,2.7178,2.5791
5824,stage2,3,0.09531861543655396,0.29763057827949524,0.0,0.09531861543655396,0.0001,1e-05,50.117,2.5752,0.6426
5825,stage2,3,0.089725062251091,0.2969716191291809,0.0,0.089725062251091,0.0001,1e-05,50.116,2.6013,0.6417
5826,stage2,3,0.08550494909286499,0.27856677770614624,0.0,0.08550494909286499,0.0001,1e-05,50.116,2.7395,0.6962
5827,stage2,3,0.08565261214971542,0.2986215353012085,0.0,0.08565261214971542,0.0001,1e-05,50.118,2.8342,2.1022
5828,stage2,3,0.08530305325984955,0.2798047363758087,0.0,0.08530305325984955,0.0001,1e-05,50.117,2.8982,0.6651
5829,stage2,3,0.08960318565368652,0.3024614155292511,0.0,0.08960318565368652,0.0001,1e-05,50.117,2.9589,0.6701
5830,stage2,3,0.09470368921756744,0.294295996427536,0.0,0.09470368921756744,0.0001,1e-05,50.116,2.8734,0.6479
5831,stage2,3,0.09101618826389313,0.2946097254753113,0.0,0.09101618826389313,0.0001,1e-05,50.118,3.1224,2.6108
5832,stage2,3,0.08785957843065262,0.28239408135414124,0.0,0.08785957843065262,0.0001,1e-05,50.115,3.0531,0.6417
5833,stage2,3,0.0943007618188858,0.29830625653266907,0.0,0.0943007618188858,0.0001,1e-05,50.119,2.4439,0.6409
5834,stage2,3,0.08204909414052963,0.2897688150405884,0.0,0.08204909414052963,0.0001,1e-05,50.118,2.426,0.6489
5835,stage2,3,0.08859238773584366,0.27653512358665466,0.0,0.08859238773584366,0.0001,1e-05,50.119,2.355,2.0476
5836,stage2,3,0.09494306147098541,0.29721295833587646,0.0,0.09494306147098541,0.0001,1e-05,50.119,2.7018,0.6447
5837,stage2,3,0.07301017642021179,0.31216204166412354,0.0,0.07301017642021179,0.0001,1e-05,50.121,2.4398,0.6464
5838,stage2,3,0.0967649593949318,0.2800751328468323,0.0,0.0967649593949318,0.0001,1e-05,50.12,3.0873,0.6961
5839,stage2,3,0.08997312933206558,0.3061155080795288,0.0,0.08997312933206558,0.0001,1e-05,50.119,2.5938,2.533
5840,stage2,3,0.089769646525383,0.28679952025413513,0.0,0.089769646525383,0.0001,1e-05,50.117,3.5041,0.635
5841,stage2,3,0.12068838626146317,0.2943788468837738,0.0,0.12068838626146317,0.0001,1e-05,50.116,3.4083,0.6839
5842,stage2,3,0.09190051257610321,0.30471503734588623,0.0,0.09190051257610321,0.0001,1e-05,50.115,2.6926,0.6722
5843,stage2,3,0.10275156050920486,0.2968555688858032,0.0,0.10275156050920486,0.0001,1e-05,50.117,3.1022,2.2778
5844,stage2,3,0.09481276571750641,0.2660960257053375,0.0,0.09481276571750641,0.0001,1e-05,50.119,2.5067,0.6951
5845,stage2,3,0.08485382050275803,0.30294063687324524,0.0,0.08485382050275803,0.0001,1e-05,50.115,2.7123,0.6423
5846,stage2,3,0.08382437378168106,0.25727614760398865,0.0,0.08382437378168106,0.0001,1e-05,50.116,2.5536,0.6423
5847,stage2,3,0.07419493049383163,0.2802419364452362,0.0,0.07419493049383163,0.0001,1e-05,50.117,2.2435,2.2838
5848,stage2,3,0.09833907335996628,0.3256323039531708,0.0,0.09833907335996628,0.0001,1e-05,50.121,2.9582,0.7043
5849,stage2,3,0.10980013757944107,0.2958790063858032,0.0,0.10980013757944107,0.0001,1e-05,50.117,2.8458,0.6575
5850,stage2,3,0.09330282360315323,0.2639784514904022,0.0,0.09330282360315323,0.0001,1e-05,50.119,2.7741,0.6426
5851,stage2,3,0.08879245072603226,0.29186585545539856,0.0,0.08879245072603226,0.0001,1e-05,50.116,2.7392,2.3862
5852,stage2,3,0.09321360290050507,0.2593819200992584,0.0,0.09321360290050507,0.0001,1e-05,50.117,2.9828,0.6419
5853,stage2,3,0.08576976507902145,0.28043869137763977,0.0,0.08576976507902145,0.0001,1e-05,50.119,2.6754,0.6416
5854,stage2,3,0.07573739439249039,0.27619150280952454,0.0,0.07573739439249039,0.0001,1e-05,50.118,2.1346,0.6487
5855,stage2,3,0.08178088068962097,0.28742074966430664,0.0,0.08178088068962097,0.0001,1e-05,50.115,2.4138,2.173
5856,stage2,3,0.08534000813961029,0.2775960862636566,0.0,0.08534000813961029,0.0001,1e-05,50.119,2.2044,0.6417
5857,stage2,3,0.08367200940847397,0.2842108905315399,0.0,0.08367200940847397,0.0001,1e-05,50.119,2.5684,0.6424
5858,stage2,3,0.0824197307229042,0.29210227727890015,0.0,0.0824197307229042,0.0001,1e-05,50.117,2.5316,0.6431
5859,stage2,3,0.07723833620548248,0.3007126748561859,0.0,0.07723833620548248,0.0001,1e-05,50.119,2.9626,2.5057
5860,stage2,3,0.08742887526750565,0.27615463733673096,0.0,0.08742887526750565,0.0001,1e-05,50.116,2.4563,0.6416
5861,stage2,3,0.09258027374744415,0.28597506880760193,0.0,0.09258027374744415,0.0001,1e-05,50.117,3.3774,0.6413
5862,stage2,3,0.08298419415950775,0.287799596786499,0.0,0.08298419415950775,0.0001,1e-05,50.118,2.9274,0.6964
5863,stage2,3,0.08934131264686584,0.2804434299468994,0.0,0.08934131264686584,0.0001,1e-05,50.121,2.9565,2.1095
5864,stage2,3,0.09055206179618835,0.2758619785308838,0.0,0.09055206179618835,0.0001,1e-05,50.118,2.6594,0.6936
5865,stage2,3,0.08204736560583115,0.29315802454948425,0.0,0.08204736560583115,0.0001,1e-05,50.118,2.7744,0.6412
5866,stage2,3,0.08583290874958038,0.29896488785743713,0.0,0.08583290874958038,0.0001,1e-05,50.115,2.5738,0.6421
5867,stage2,3,0.09145009517669678,0.3057572841644287,0.0,0.09145009517669678,0.0001,1e-05,50.118,3.4132,2.5807
5868,stage2,3,0.07989863306283951,0.2567901909351349,0.0,0.07989863306283951,0.0001,1e-05,50.119,2.5441,0.6402
5869,stage2,3,0.08882871270179749,0.30295851826667786,0.0,0.08882871270179749,0.0001,1e-05,50.116,2.7887,0.6412
5870,stage2,3,0.08228166401386261,0.2905671000480652,0.0,0.08228166401386261,0.0001,1e-05,50.118,3.0086,0.6424
5871,stage2,3,0.08770487457513809,0.2999339699745178,0.0,0.08770487457513809,0.0001,1e-05,50.117,2.5484,2.0747
5872,stage2,3,0.0952623039484024,0.2951169013977051,0.0,0.0952623039484024,0.0001,1e-05,50.119,3.4145,0.6455
5873,stage2,3,0.09239599853754044,0.2876332700252533,0.0,0.09239599853754044,0.0001,1e-05,50.119,3.2416,0.6415
5874,stage2,3,0.0800192579627037,0.27820491790771484,0.0,0.0800192579627037,0.0001,1e-05,50.118,2.6657,0.6377
5875,stage2,3,0.0915476605296135,0.25555360317230225,0.0,0.0915476605296135,0.0001,1e-05,50.118,3.2169,2.56
5876,stage2,3,0.08456752449274063,0.2949830889701843,0.0,0.08456752449274063,0.0001,1e-05,50.118,2.3863,0.6409
5877,stage2,3,0.09010905027389526,0.27942219376564026,0.0,0.09010905027389526,0.0001,1e-05,50.118,3.1411,0.6539
5878,stage2,3,0.08744782954454422,0.28278031945228577,0.0,0.08744782954454422,0.0001,1e-05,50.121,2.1336,0.6832
5879,stage2,3,0.0882183387875557,0.31246528029441833,0.0,0.0882183387875557,0.0001,1e-05,50.119,2.5309,2.0781
5880,stage2,3,0.1041545569896698,0.2786952257156372,0.0,0.1041545569896698,0.0001,1e-05,50.118,3.4916,0.7018
5881,stage2,3,0.09725183993577957,0.29328495264053345,0.0,0.09725183993577957,0.0001,1e-05,50.118,2.8226,0.6346
5882,stage2,3,0.07166993618011475,0.298066645860672,0.0,0.07166993618011475,0.0001,1e-05,50.121,2.5135,0.6415
5883,stage2,3,0.08168324083089828,0.2879275977611542,0.0,0.08168324083089828,0.0001,1e-05,50.115,2.6163,2.5242
5884,stage2,3,0.10111731290817261,0.25819161534309387,0.0,0.10111731290817261,0.0001,1e-05,50.12,2.7211,0.6407
5885,stage2,3,0.08114407956600189,0.3198634088039398,0.0,0.08114407956600189,0.0001,1e-05,50.121,2.487,0.6427
5886,stage2,3,0.09242209047079086,0.30822718143463135,0.0,0.09242209047079086,0.0001,1e-05,50.118,3.0261,0.6503
5887,stage2,3,0.0965375155210495,0.2844477593898773,0.0,0.0965375155210495,0.0001,1e-05,50.123,3.1801,2.1869
5888,stage2,3,0.08541777729988098,0.33409583568573,0.0,0.08541777729988098,0.0001,1e-05,50.119,2.187,0.6416
5889,stage2,3,0.09420258551836014,0.2691872715950012,0.0,0.09420258551836014,0.0001,1e-05,50.117,3.1234,0.6414
5890,stage2,3,0.0929446667432785,0.2815534770488739,0.0,0.0929446667432785,0.0001,1e-05,50.12,2.8269,0.6951
5891,stage2,3,0.07973849028348923,0.27313232421875,0.0,0.07973849028348923,0.0001,1e-05,50.121,2.7475,2.3897
5892,stage2,3,0.08206817507743835,0.2808455228805542,0.0,0.08206817507743835,0.0001,1e-05,50.122,2.5071,0.6411
5893,stage2,3,0.0966017097234726,0.28403520584106445,0.0,0.0966017097234726,0.0001,1e-05,50.119,2.4785,0.6647
5894,stage2,3,0.1003430187702179,0.29385650157928467,0.0,0.1003430187702179,0.0001,1e-05,50.117,2.8517,0.6981
5895,stage2,3,0.09804775565862656,0.3270224630832672,0.0,0.09804775565862656,0.0001,1e-05,50.12,3.0917,2.2228
5896,stage2,3,0.0825299471616745,0.27327960729599,0.0,0.0825299471616745,0.0001,1e-05,50.122,2.5361,0.6968
5897,stage2,3,0.08342091739177704,0.29014909267425537,0.0,0.08342091739177704,0.0001,1e-05,50.123,2.4307,0.6395
5898,stage2,3,0.10022500157356262,0.2975373864173889,0.0,0.10022500157356262,0.0001,1e-05,50.12,2.9496,0.6423
5899,stage2,3,0.08191096782684326,0.2885889410972595,0.0,0.08191096782684326,0.0001,1e-05,50.119,2.3583,2.438
5900,stage2,3,0.09280610829591751,0.29937323927879333,0.0,0.09280610829591751,0.0001,1e-05,50.117,3.1725,0.6418
5901,stage2,3,0.08941476047039032,0.2691126763820648,0.0,0.08941476047039032,0.0001,1e-05,50.118,2.7725,0.642
5902,stage2,3,0.07669024914503098,0.2570191025733948,0.0,0.07669024914503098,0.0001,1e-05,50.121,2.0942,0.641
5903,stage2,3,0.09577655792236328,0.29284319281578064,0.0,0.09577655792236328,0.0001,1e-05,50.12,2.7362,2.2394
5904,stage2,3,0.08296020328998566,0.2481154054403305,0.0,0.08296020328998566,0.0001,1e-05,50.116,2.6172,0.6409
5905,stage2,3,0.09217755496501923,0.3137519061565399,0.0,0.09217755496501923,0.0001,1e-05,50.118,2.1944,0.6419
5906,stage2,3,0.07528313249349594,0.2756669223308563,0.0,0.07528313249349594,0.0001,1e-05,50.121,2.5044,0.6945
5907,stage2,3,0.09211771935224533,0.2644849121570587,0.0,0.09211771935224533,0.0001,1e-05,50.117,2.7661,2.5015
5908,stage2,3,0.08703406900167465,0.28108346462249756,0.0,0.08703406900167465,0.0001,1e-05,50.122,3.1509,0.695
5909,stage2,3,0.09423162788152695,0.29094672203063965,0.0,0.09423162788152695,0.0001,1e-05,50.121,2.998,0.6416
5910,stage2,3,0.08508440852165222,0.2946670949459076,0.0,0.08508440852165222,0.0001,1e-05,50.121,2.8103,0.6411
5911,stage2,3,0.08890558779239655,0.3074954152107239,0.0,0.08890558779239655,0.0001,1e-05,50.121,2.6576,2.1065
5912,stage2,3,0.09203110635280609,0.27203643321990967,0.0,0.09203110635280609,0.0001,1e-05,50.122,3.1203,0.6987
5913,stage2,3,0.0795743390917778,0.2991109788417816,0.0,0.0795743390917778,0.0001,1e-05,50.119,2.6575,0.6417
5914,stage2,3,0.07850529253482819,0.2961239516735077,0.0,0.07850529253482819,0.0001,1e-05,50.12,2.0145,0.6414
5915,stage2,3,0.09692702442407608,0.2959074378013611,0.0,0.09692702442407608,0.0001,1e-05,50.118,2.7746,2.5192
5916,stage2,3,0.09165286272764206,0.28583309054374695,0.0,0.09165286272764206,0.0001,1e-05,50.119,3.2823,0.6466
5917,stage2,3,0.09642580896615982,0.2974786162376404,0.0,0.09642580896615982,0.0001,1e-05,50.121,2.7279,0.6411
5918,stage2,3,0.09104833006858826,0.2776748538017273,0.0,0.09104833006858826,0.0001,1e-05,50.117,3.524,0.6527
5919,stage2,3,0.08402947336435318,0.27146926522254944,0.0,0.08402947336435318,0.0001,1e-05,50.116,2.6713,2.1783
5920,stage2,3,0.09132456034421921,0.3063444495201111,0.0,0.09132456034421921,0.0001,1e-05,50.118,3.0022,0.6407
5921,stage2,3,0.08922075480222702,0.2720361053943634,0.0,0.08922075480222702,0.0001,1e-05,50.116,2.3528,0.6417
5922,stage2,3,0.08683004975318909,0.2962111532688141,0.0,0.08683004975318909,0.0001,1e-05,50.117,2.9491,0.6422
5923,stage2,3,0.08602015674114227,0.28565651178359985,0.0,0.08602015674114227,0.0001,1e-05,50.119,2.7803,2.5765
5924,stage2,3,0.09587953239679337,0.2968093156814575,0.0,0.09587953239679337,0.0001,1e-05,50.118,2.6212,0.6398
5925,stage2,3,0.08567269146442413,0.3054274320602417,0.0,0.08567269146442413,0.0001,1e-05,50.117,3.072,0.6975
5926,stage2,3,0.07833597809076309,0.2747602164745331,0.0,0.07833597809076309,0.0001,1e-05,50.119,2.5068,0.6382
5927,stage2,3,0.09518233686685562,0.29519304633140564,0.0,0.09518233686685562,0.0001,1e-05,50.12,2.7384,2.2837
5928,stage2,3,0.08122583478689194,0.3031451404094696,0.0,0.08122583478689194,0.0001,1e-05,50.118,2.7129,0.6842
5929,stage2,3,0.08274880796670914,0.2877064347267151,0.0,0.08274880796670914,0.0001,1e-05,50.117,2.6086,0.6416
5930,stage2,3,0.08073428273200989,0.2823221683502197,0.0,0.08073428273200989,0.0001,1e-05,50.119,2.5898,0.642
5931,stage2,3,0.08988368511199951,0.2761014997959137,0.0,0.08988368511199951,0.0001,1e-05,50.121,2.7041,2.3419
5932,stage2,3,0.08619391173124313,0.28448769450187683,0.0,0.08619391173124313,0.0001,1e-05,50.116,3.0951,0.6442
5933,stage2,3,0.08422764390707016,0.28688544034957886,0.0,0.08422764390707016,0.0001,1e-05,50.118,2.2154,0.6415
5934,stage2,3,0.07931298762559891,0.2846679091453552,0.0,0.07931298762559891,0.0001,1e-05,50.118,2.4836,0.6418
5935,stage2,3,0.1022055447101593,0.2875238358974457,0.0,0.1022055447101593,0.0001,1e-05,50.118,3.586,2.3299
5936,stage2,3,0.08818015456199646,0.3035033345222473,0.0,0.08818015456199646,0.0001,1e-05,50.116,3.4255,0.6445
5937,stage2,3,0.07926321774721146,0.26706209778785706,0.0,0.07926321774721146,0.0001,1e-05,50.118,2.3307,0.6392
5938,stage2,3,0.08438310772180557,0.29460880160331726,0.0,0.08438310772180557,0.0001,1e-05,50.118,3.2204,0.6656
5939,stage2,3,0.09102697670459747,0.31496661901474,0.0,0.09102697670459747,0.0001,1e-05,50.12,3.6244,2.3947
5940,stage2,3,0.08560247719287872,0.3086218237876892,0.0,0.08560247719287872,0.0001,1e-05,50.118,2.2975,0.6402
5941,stage2,3,0.07348018139600754,0.2759675979614258,0.0,0.07348018139600754,0.0001,1e-05,50.119,2.477,0.6938
5942,stage2,3,0.09332370012998581,0.2757115066051483,0.0,0.09332370012998581,0.0001,1e-05,50.116,3.7084,0.6404
5943,stage2,3,0.0790424570441246,0.27739518880844116,0.0,0.0790424570441246,0.0001,1e-05,50.118,2.606,2.3214
5944,stage2,3,0.08983595669269562,0.29107415676116943,0.0,0.08983595669269562,0.0001,1e-05,50.119,2.3985,0.6353
5945,stage2,3,0.08212767541408539,0.26919665932655334,0.0,0.08212767541408539,0.0001,1e-05,50.117,2.4392,0.6458
5946,stage2,3,0.07818198949098587,0.25495222210884094,0.0,0.07818198949098587,0.0001,1e-05,50.119,2.3521,0.6418
5947,stage2,3,0.0847800225019455,0.29684001207351685,0.0,0.0847800225019455,0.0001,1e-05,50.12,2.3443,2.4225
5948,stage2,3,0.08568967133760452,0.29259005188941956,0.0,0.08568967133760452,0.0001,1e-05,50.116,2.3951,0.6415
5949,stage2,3,0.08746147900819778,0.2945605218410492,0.0,0.08746147900819778,0.0001,1e-05,50.117,2.8046,0.647
5950,stage2,3,0.08786223083734512,0.2725888788700104,0.0,0.08786223083734512,0.0001,1e-05,50.118,2.4782,0.7054
5951,stage2,3,0.09800977259874344,0.2756493091583252,0.0,0.09800977259874344,0.0001,1e-05,50.118,3.2586,2.1392
5952,stage2,3,0.083644337952137,0.2836920917034149,0.0,0.083644337952137,0.0001,1e-05,50.117,2.5485,0.7012
5953,stage2,3,0.07892556488513947,0.31998884677886963,0.0,0.07892556488513947,0.0001,1e-05,50.119,2.3788,0.636
5954,stage2,3,0.07959537953138351,0.2516234219074249,0.0,0.07959537953138351,0.0001,1e-05,50.117,2.236,0.6478
5955,stage2,3,0.07762874662876129,0.27010607719421387,0.0,0.07762874662876129,0.0001,1e-05,50.114,2.6517,2.5045
5956,stage2,3,0.08730380237102509,0.2641146183013916,0.0,0.08730380237102509,0.0001,1e-05,50.119,2.7841,0.6947
5957,stage2,3,0.0898561179637909,0.27110087871551514,0.0,0.0898561179637909,0.0001,1e-05,50.117,2.1988,0.6393
5958,stage2,3,0.08738762140274048,0.29340657591819763,0.0,0.08738762140274048,0.0001,1e-05,50.119,3.1511,0.6406
5959,stage2,3,0.08892716467380524,0.293925940990448,0.0,0.08892716467380524,0.0001,1e-05,50.117,2.6673,2.099
5960,stage2,3,0.10881447792053223,0.27248528599739075,0.0,0.10881447792053223,0.0001,1e-05,50.12,3.6529,0.6408
5961,stage2,3,0.07885345816612244,0.26972779631614685,0.0,0.07885345816612244,0.0001,1e-05,50.115,2.329,0.6396
5962,stage2,3,0.0855429470539093,0.25377535820007324,0.0,0.0855429470539093,0.0001,1e-05,50.118,2.8653,0.6407
5963,stage2,3,0.1051422581076622,0.2893287241458893,0.0,0.1051422581076622,0.0001,1e-05,50.116,3.2475,2.483
5964,stage2,3,0.09414763748645782,0.2796066105365753,0.0,0.09414763748645782,0.0001,1e-05,50.118,2.9679,0.6489
5965,stage2,3,0.1007944867014885,0.2893204689025879,0.0,0.1007944867014885,0.0001,1e-05,50.115,2.7092,0.6809
5966,stage2,3,0.085475854575634,0.25243833661079407,0.0,0.085475854575634,0.0001,1e-05,50.118,2.511,0.6558
5967,stage2,3,0.09389389306306839,0.28519105911254883,0.0,0.09389389306306839,0.0001,1e-05,50.117,2.4759,2.1384
5968,stage2,3,0.0925247073173523,0.2824914753437042,0.0,0.0925247073173523,0.0001,1e-05,50.118,3.1528,0.6935
5969,stage2,3,0.10236463695764542,0.27671727538108826,0.0,0.10236463695764542,0.0001,1e-05,50.119,3.755,0.6382
5970,stage2,3,0.07789251953363419,0.27290305495262146,0.0,0.07789251953363419,0.0001,1e-05,50.118,2.1633,0.642
5971,stage2,3,0.0846552848815918,0.29119622707366943,0.0,0.0846552848815918,0.0001,1e-05,50.123,2.9527,2.4162
5972,stage2,3,0.08856087923049927,0.28765538334846497,0.0,0.08856087923049927,0.0001,1e-05,50.119,2.4963,0.6447
5973,stage2,3,0.09309586882591248,0.2770249545574188,0.0,0.09309586882591248,0.0001,1e-05,50.118,2.9215,0.6401
5974,stage2,3,0.08868531882762909,0.2941553294658661,0.0,0.08868531882762909,0.0001,1e-05,50.118,2.7028,0.6444
5975,stage2,3,0.08738315105438232,0.2828657329082489,0.0,0.08738315105438232,0.0001,1e-05,50.119,2.0956,2.1976
5976,stage2,3,0.0867469310760498,0.27181923389434814,0.0,0.0867469310760498,0.0001,1e-05,50.121,2.6282,0.6402
5977,stage2,3,0.0880725309252739,0.2758447825908661,0.0,0.0880725309252739,0.0001,1e-05,50.115,2.6642,0.6454
5978,stage2,3,0.08043365180492401,0.2989601790904999,0.0,0.08043365180492401,0.0001,1e-05,50.117,2.7869,0.6408
5979,stage2,3,0.09158479422330856,0.27934232354164124,0.0,0.09158479422330856,0.0001,1e-05,50.121,2.8239,2.4331
5980,stage2,3,0.09243741631507874,0.28985559940338135,0.0,0.09243741631507874,0.0001,1e-05,50.116,3.1537,0.6399
5981,stage2,3,0.08138378709554672,0.3071456551551819,0.0,0.08138378709554672,0.0001,1e-05,50.117,2.9547,0.7036
5982,stage2,3,0.0906197652220726,0.2853624224662781,0.0,0.0906197652220726,0.0001,1e-05,50.118,2.4758,0.6318
5983,stage2,3,0.08747490495443344,0.27905160188674927,0.0,0.08747490495443344,0.0001,1e-05,50.115,2.7809,2.2241
5984,stage2,3,0.09081602841615677,0.2762543559074402,0.0,0.09081602841615677,0.0001,1e-05,50.113,3.0512,0.6929
5985,stage2,3,0.08406830579042435,0.2763638198375702,0.0,0.08406830579042435,0.0001,1e-05,50.115,2.6173,0.6402
5986,stage2,3,0.09448491036891937,0.2738620936870575,0.0,0.09448491036891937,0.0001,1e-05,50.117,2.6397,0.6407
5987,stage2,3,0.09528087824583054,0.2579406797885895,0.0,0.09528087824583054,0.0001,1e-05,50.117,2.8598,2.3561
5988,stage2,3,0.08699457347393036,0.27127987146377563,0.0,0.08699457347393036,0.0001,1e-05,50.117,2.897,0.6395
5989,stage2,3,0.0868711993098259,0.29485759139060974,0.0,0.0868711993098259,0.0001,1e-05,50.12,2.6447,0.6438
5990,stage2,3,0.07745343446731567,0.30372440814971924,0.0,0.07745343446731567,0.0001,1e-05,50.119,2.5803,0.6372
5991,stage2,3,0.08341754227876663,0.2534785866737366,0.0,0.08341754227876663,0.0001,1e-05,50.117,3.5586,2.2582
5992,stage2,3,0.0871739313006401,0.31318509578704834,0.0,0.0871739313006401,0.0001,1e-05,50.119,2.336,0.639
5993,stage2,3,0.09442884474992752,0.2714107930660248,0.0,0.09442884474992752,0.0001,1e-05,50.12,2.8281,0.6399
5994,stage2,3,0.08660753071308136,0.2812627851963043,0.0,0.08660753071308136,0.0001,1e-05,50.117,3.1811,0.6559
5995,stage2,3,0.09660623967647552,0.27380362153053284,0.0,0.09660623967647552,0.0001,1e-05,50.117,2.7445,2.4554
5996,stage2,3,0.0864669680595398,0.29716724157333374,0.0,0.0864669680595398,0.0001,1e-05,50.117,2.851,0.6415
5997,stage2,3,0.08855760842561722,0.28464826941490173,0.0,0.08855760842561722,0.0001,1e-05,50.117,3.2792,0.6926
5998,stage2,3,0.08587145060300827,0.2748696804046631,0.0,0.08587145060300827,0.0001,1e-05,50.119,2.8111,0.6403
5999,stage2,3,0.08451326191425323,0.30572032928466797,0.0,0.08451326191425323,0.0001,1e-05,50.12,2.7123,2.2175
6000,stage2,3,0.09454706311225891,0.2710423469543457,0.0,0.09454706311225891,0.0001,1e-05,50.122,2.9453,0.6501
6001,stage2,3,0.07563693821430206,0.29817628860473633,0.0,0.07563693821430206,0.0001,1e-05,50.118,2.4669,0.6398
6002,stage2,3,0.09390969574451447,0.2952985167503357,0.0,0.09390969574451447,0.0001,1e-05,50.119,3.0338,0.64
6003,stage2,3,0.07670151442289352,0.28946438431739807,0.0,0.07670151442289352,0.0001,1e-05,50.122,2.5731,2.3793
6004,stage2,3,0.09133226424455643,0.25227031111717224,0.0,0.09133226424455643,0.0001,1e-05,50.12,2.8029,0.6383
6005,stage2,3,0.08973944187164307,0.2619248032569885,0.0,0.08973944187164307,0.0001,1e-05,50.119,2.9454,0.6452
6006,stage2,3,0.08103968948125839,0.28669723868370056,0.0,0.08103968948125839,0.0001,1e-05,50.119,2.3048,0.6403
6007,stage2,3,0.09142933785915375,0.29490816593170166,0.0,0.09142933785915375,0.0001,1e-05,50.117,2.5314,2.2869
6008,stage2,3,0.09002399444580078,0.26881852746009827,0.0,0.09002399444580078,0.0001,1e-05,50.119,2.9458,0.6446
6009,stage2,3,0.08474089950323105,0.2618761658668518,0.0,0.08474089950323105,0.0001,1e-05,50.119,3.2163,0.6918
6010,stage2,3,0.07287203520536423,0.26468053460121155,0.0,0.07287203520536423,0.0001,1e-05,50.12,2.1315,0.6405
6011,stage2,3,0.08342860639095306,0.2546004354953766,0.0,0.08342860639095306,0.0001,1e-05,50.12,2.8752,2.361
6012,stage2,3,0.10308492183685303,0.28943300247192383,0.0,0.10308492183685303,0.0001,1e-05,50.116,3.024,0.6624
6013,stage2,3,0.08130459487438202,0.28786495327949524,0.0,0.08130459487438202,0.0001,1e-05,50.117,2.638,0.6957
6014,stage2,3,0.0862959623336792,0.31204620003700256,0.0,0.0862959623336792,0.0001,1e-05,50.119,2.5131,0.6413
6015,stage2,3,0.08522918075323105,0.28723493218421936,0.0,0.08522918075323105,0.0001,1e-05,50.118,2.8065,2.184
6016,stage2,3,0.08409897238016129,0.27824050188064575,0.0,0.08409897238016129,0.0001,1e-05,50.116,2.545,0.6443
6017,stage2,3,0.0784798189997673,0.26343801617622375,0.0,0.0784798189997673,0.0001,1e-05,50.12,3.1628,0.6409
6018,stage2,3,0.07975924760103226,0.2984292507171631,0.0,0.07975924760103226,0.0001,1e-05,50.117,2.4036,0.6413
6019,stage2,3,0.08957374095916748,0.3180781304836273,0.0,0.08957374095916748,0.0001,1e-05,50.12,2.4246,2.4018
6020,stage2,3,0.09739852696657181,0.2766987383365631,0.0,0.09739852696657181,0.0001,1e-05,50.12,2.6472,0.6437
6021,stage2,3,0.09516659379005432,0.31607988476753235,0.0,0.09516659379005432,0.0001,1e-05,50.124,2.7376,0.6414
6022,stage2,3,0.10420462489128113,0.27505841851234436,0.0,0.10420462489128113,0.0001,1e-05,50.121,3.3117,0.7038
6023,stage2,3,0.09187271445989609,0.2849189341068268,0.0,0.09187271445989609,0.0001,1e-05,50.121,2.7437,2.1336
6024,stage2,3,0.09389462321996689,0.27080419659614563,0.0,0.09389462321996689,0.0001,1e-05,50.122,2.9532,0.6448
6025,stage2,3,0.09888534992933273,0.28927215933799744,0.0,0.09888534992933273,0.0001,1e-05,50.123,3.0064,0.6917
6026,stage2,3,0.08090020716190338,0.3036124110221863,0.0,0.08090020716190338,0.0001,1e-05,50.123,2.4379,0.6408
6027,stage2,3,0.08767291158437729,0.26435112953186035,0.0,0.08767291158437729,0.0001,1e-05,50.122,2.7085,2.5483
6028,stage2,3,0.07931507378816605,0.3402569890022278,0.0,0.07931507378816605,0.0001,1e-05,50.124,2.5812,0.6403
6029,stage2,3,0.07236111909151077,0.2893613874912262,0.0,0.07236111909151077,0.0001,1e-05,50.121,2.3826,0.6406
6030,stage2,3,0.08483191579580307,0.29009711742401123,0.0,0.08483191579580307,0.0001,1e-05,50.126,2.3954,0.6434
6031,stage2,3,0.09275015443563461,0.25773972272872925,0.0,0.09275015443563461,0.0001,1e-05,50.121,2.3329,2.1373
6032,stage2,3,0.08908121287822723,0.2796236276626587,0.0,0.08908121287822723,0.0001,1e-05,50.12,2.623,0.6355
6033,stage2,3,0.0914466604590416,0.27350226044654846,0.0,0.0914466604590416,0.0001,1e-05,50.118,2.6342,0.64
6034,stage2,3,0.09683728963136673,0.2893124222755432,0.0,0.09683728963136673,0.0001,1e-05,50.12,3.4282,0.6395
6035,stage2,3,0.09051767736673355,0.2655908167362213,0.0,0.09051767736673355,0.0001,1e-05,50.121,2.628,2.5703
6036,stage2,3,0.10322573781013489,0.3131163418292999,0.0,0.10322573781013489,0.0001,1e-05,50.121,3.1325,0.6401
6037,stage2,3,0.08890877664089203,0.27629953622817993,0.0,0.08890877664089203,0.0001,1e-05,50.121,2.9157,0.6377
6038,stage2,3,0.08635053038597107,0.30714529752731323,0.0,0.08635053038597107,0.0001,1e-05,50.121,2.9677,0.6563
6039,stage2,3,0.09063892066478729,0.3275778889656067,0.0,0.09063892066478729,0.0001,1e-05,50.12,2.462,2.0943
6040,stage2,3,0.0863940417766571,0.2748619616031647,0.0,0.0863940417766571,0.0001,1e-05,50.123,2.8081,0.645
6041,stage2,3,0.09505748748779297,0.27278953790664673,0.0,0.09505748748779297,0.0001,1e-05,50.118,2.6867,0.6409
6042,stage2,3,0.08566363900899887,0.29800912737846375,0.0,0.08566363900899887,0.0001,1e-05,50.121,2.3251,0.6396
6043,stage2,3,0.09801974892616272,0.27453088760375977,0.0,0.09801974892616272,0.0001,1e-05,50.12,2.914,2.645
6044,stage2,3,0.0839160904288292,0.2743369936943054,0.0,0.0839160904288292,0.0001,1e-05,50.12,2.567,0.654
6045,stage2,3,0.08960326761007309,0.29889172315597534,0.0,0.08960326761007309,0.0001,1e-05,50.118,2.7392,0.639
6046,stage2,3,0.07828723639249802,0.30510589480400085,0.0,0.07828723639249802,0.0001,1e-05,50.119,2.9761,0.6644
6047,stage2,3,0.09464354068040848,0.3064481317996979,0.0,0.09464354068040848,0.0001,1e-05,50.123,2.1499,1.9968
6048,stage2,3,0.0887770727276802,0.26080432534217834,0.0,0.0887770727276802,0.0001,1e-05,50.122,2.7608,0.6396
6049,stage2,3,0.09380186349153519,0.3116586208343506,0.0,0.09380186349153519,0.0001,1e-05,50.119,2.8843,0.7053
6050,stage2,3,0.07915883511304855,0.29473811388015747,0.0,0.07915883511304855,0.0001,1e-05,50.121,2.4131,0.6309
6051,stage2,3,0.10059066116809845,0.3049393594264984,0.0,0.10059066116809845,0.0001,1e-05,50.119,3.6576,2.6426
6052,stage2,3,0.07242270559072495,0.2901926636695862,0.0,0.07242270559072495,0.0001,1e-05,50.123,2.156,0.6379
6053,stage2,3,0.08444595336914062,0.26868146657943726,0.0,0.08444595336914062,0.0001,1e-05,50.121,2.6336,0.6398
6054,stage2,3,0.08994845300912857,0.3352451026439667,0.0,0.08994845300912857,0.0001,1e-05,50.119,3.0133,0.6415
6055,stage2,3,0.09521988034248352,0.2575676143169403,0.0,0.09521988034248352,0.0001,1e-05,50.12,3.0367,1.8247
6056,stage2,3,0.09718341380357742,0.3058711588382721,0.0,0.09718341380357742,0.0001,1e-05,50.121,3.5346,0.6391
6057,stage2,3,0.10483833402395248,0.30130892992019653,0.0,0.10483833402395248,0.0001,1e-05,50.119,3.3818,0.6407
6058,stage2,3,0.08213041722774506,0.2921316623687744,0.0,0.08213041722774506,0.0001,1e-05,50.12,2.1945,0.6391
6059,stage2,3,0.08912917226552963,0.2844688892364502,0.0,0.08912917226552963,0.0001,1e-05,50.121,2.4927,2.6258
6060,stage2,3,0.09519972652196884,0.3083428740501404,0.0,0.09519972652196884,0.0001,1e-05,50.122,2.8765,0.6946
6061,stage2,3,0.10200925916433334,0.27276426553726196,0.0,0.10200925916433334,0.0001,1e-05,50.119,2.4802,0.6341
6062,stage2,4,0.10462471097707748,0.2846943736076355,0.0,0.10462471097707748,0.0001,1e-05,50.118,3.2717,9.8582
6063,stage2,4,0.07696492969989777,0.2914913594722748,0.0,0.07696492969989777,0.0001,1e-05,50.12,2.675,0.6358
6064,stage2,4,0.08615677058696747,0.23797333240509033,0.0,0.08615677058696747,0.0001,1e-05,50.117,3.0805,0.6401
6065,stage2,4,0.08043534308671951,0.25986340641975403,0.0,0.08043534308671951,0.0001,1e-05,50.12,2.4365,0.6371
6066,stage2,4,0.08186481148004532,0.2692680358886719,0.0,0.08186481148004532,0.0001,1e-05,50.123,2.3649,0.6907
6067,stage2,4,0.07902898639440536,0.3175162076950073,0.0,0.07902898639440536,0.0001,1e-05,50.119,2.9908,0.6378
6068,stage2,4,0.06841117143630981,0.31007248163223267,0.0,0.06841117143630981,0.0001,1e-05,50.12,2.2211,0.6383
6069,stage2,4,0.0799451693892479,0.27701741456985474,0.0,0.0799451693892479,0.0001,1e-05,50.12,2.5111,0.6386
6070,stage2,4,0.07450652867555618,0.275465190410614,0.0,0.07450652867555618,0.0001,1e-05,50.119,2.1726,3.9894
6071,stage2,4,0.10051048547029495,0.26917874813079834,0.0,0.10051048547029495,0.0001,1e-05,50.118,3.2563,0.6906
6072,stage2,4,0.07570017874240875,0.29866060614585876,0.0,0.07570017874240875,0.0001,1e-05,50.12,2.6214,0.6361
6073,stage2,4,0.0837881863117218,0.2714639902114868,0.0,0.0837881863117218,0.0001,1e-05,50.12,2.7623,0.6371
6074,stage2,4,0.08171939104795456,0.28429341316223145,0.0,0.08171939104795456,0.0001,1e-05,50.121,2.5692,0.6357
6075,stage2,4,0.09171867370605469,0.2852318286895752,0.0,0.09171867370605469,0.0001,1e-05,50.12,3.1747,0.6405
6076,stage2,4,0.08705387264490128,0.2569989562034607,0.0,0.08705387264490128,0.0001,1e-05,50.119,2.7616,0.6333
6077,stage2,4,0.09187767654657364,0.25694844126701355,0.0,0.09187767654657364,0.0001,1e-05,50.121,2.6356,0.6586
6078,stage2,4,0.09371303021907806,0.2722731828689575,0.0,0.09371303021907806,0.0001,1e-05,50.124,2.5622,3.9365
6079,stage2,4,0.06905294954776764,0.2837248146533966,0.0,0.06905294954776764,0.0001,1e-05,50.124,2.1703,0.6365
6080,stage2,4,0.0695876032114029,0.3030111491680145,0.0,0.0695876032114029,0.0001,1e-05,50.117,2.268,0.6373
6081,stage2,4,0.08390310406684875,0.3112667500972748,0.0,0.08390310406684875,0.0001,1e-05,50.122,3.6009,0.6456
6082,stage2,4,0.07270605862140656,0.2582297921180725,0.0,0.07270605862140656,0.0001,1e-05,50.123,2.3801,0.6445
6083,stage2,4,0.08038333803415298,0.2849900424480438,0.0,0.08038333803415298,0.0001,1e-05,50.119,2.563,0.6547
6084,stage2,4,0.07369767129421234,0.3007591962814331,0.0,0.07369767129421234,0.0001,1e-05,50.12,2.4523,0.6316
6085,stage2,4,0.08754368126392365,0.27730441093444824,0.0,0.08754368126392365,0.0001,1e-05,50.122,2.8868,0.651
6086,stage2,4,0.08815619349479675,0.2616163194179535,0.0,0.08815619349479675,0.0001,1e-05,50.123,2.478,4.0309
6087,stage2,4,0.07633781433105469,0.27630090713500977,0.0,0.07633781433105469,0.0001,1e-05,50.12,2.3597,0.6475
6088,stage2,4,0.08428633958101273,0.25232136249542236,0.0,0.08428633958101273,0.0001,1e-05,50.119,2.5192,0.6994
6089,stage2,4,0.08051697164773941,0.2839629352092743,0.0,0.08051697164773941,0.0001,1e-05,50.121,2.4822,0.6532
6090,stage2,4,0.08170825242996216,0.30211734771728516,0.0,0.08170825242996216,0.0001,1e-05,50.12,2.5298,0.7021
6091,stage2,4,0.09134368598461151,0.2833189368247986,0.0,0.09134368598461151,0.0001,1e-05,50.123,2.6633,0.6535
6092,stage2,4,0.06916936486959457,0.29789918661117554,0.0,0.06916936486959457,0.0001,1e-05,50.118,2.4331,0.6586
6093,stage2,4,0.0874330997467041,0.272845983505249,0.0,0.0874330997467041,0.0001,1e-05,50.121,2.753,0.6935
6094,stage2,4,0.07606014609336853,0.260710209608078,0.0,0.07606014609336853,0.0001,1e-05,50.121,2.4232,4.0473
6095,stage2,4,0.06928059458732605,0.31989821791648865,0.0,0.06928059458732605,0.0001,1e-05,50.12,2.3481,0.7111
6096,stage2,4,0.09000467509031296,0.28129950165748596,0.0,0.09000467509031296,0.0001,1e-05,50.124,2.8656,0.6454
6097,stage2,4,0.08854973316192627,0.26018840074539185,0.0,0.08854973316192627,0.0001,1e-05,50.122,2.7812,0.6477
6098,stage2,4,0.07374671846628189,0.27074626088142395,0.0,0.07374671846628189,0.0001,1e-05,50.124,2.3467,0.7014
6099,stage2,4,0.09583081305027008,0.2644844651222229,0.0,0.09583081305027008,0.0001,1e-05,50.119,3.0804,0.647
6100,stage2,4,0.07151113450527191,0.2667063772678375,0.0,0.07151113450527191,0.0001,1e-05,50.12,2.2714,0.7029
6101,stage2,4,0.11036061495542526,0.270109623670578,0.0,0.11036061495542526,0.0001,1e-05,50.121,3.0596,0.6515
6102,stage2,4,0.08541440963745117,0.2899118661880493,0.0,0.08541440963745117,0.0001,1e-05,50.121,2.9335,4.1254
6103,stage2,4,0.08945873379707336,0.2882106602191925,0.0,0.08945873379707336,0.0001,1e-05,50.121,3.2236,0.6993
6104,stage2,4,0.09724042564630508,0.26020851731300354,0.0,0.09724042564630508,0.0001,1e-05,50.123,3.1892,0.6527
6105,stage2,4,0.08314027637243271,0.29931965470314026,0.0,0.08314027637243271,0.0001,1e-05,50.122,2.7823,0.6989
6106,stage2,4,0.08026734739542007,0.2806256115436554,0.0,0.08026734739542007,0.0001,1e-05,50.122,2.0969,0.655
6107,stage2,4,0.07920416444540024,0.2967633605003357,0.0,0.07920416444540024,0.0001,1e-05,50.119,2.7631,0.7055
6108,stage2,4,0.08308656513690948,0.2541840970516205,0.0,0.08308656513690948,0.0001,1e-05,50.121,2.6677,0.6514
6109,stage2,4,0.08314067870378494,0.2718910872936249,0.0,0.08314067870378494,0.0001,1e-05,50.119,2.7231,0.7128
6110,stage2,4,0.08654884248971939,0.2874842882156372,0.0,0.08654884248971939,0.0001,1e-05,50.12,2.9945,4.0108
6111,stage2,4,0.0903489962220192,0.2768230736255646,0.0,0.0903489962220192,0.0001,1e-05,50.122,3.0901,0.6528
6112,stage2,4,0.07524912804365158,0.3084922432899475,0.0,0.07524912804365158,0.0001,1e-05,50.121,2.2484,0.6927
6113,stage2,4,0.10147775709629059,0.29269522428512573,0.0,0.10147775709629059,0.0001,1e-05,50.122,2.9351,0.6551
6114,stage2,4,0.07998199015855789,0.27012693881988525,0.0,0.07998199015855789,0.0001,1e-05,50.116,2.171,0.7082
6115,stage2,4,0.08669883757829666,0.261021226644516,0.0,0.08669883757829666,0.0001,1e-05,50.122,2.6843,0.6389
6116,stage2,4,0.09647659957408905,0.2856297194957733,0.0,0.09647659957408905,0.0001,1e-05,50.118,3.4186,0.6601
6117,stage2,4,0.07768955081701279,0.2875790297985077,0.0,0.07768955081701279,0.0001,1e-05,50.121,2.6268,0.6333
6118,stage2,4,0.07624983787536621,0.2632835805416107,0.0,0.07624983787536621,0.0001,1e-05,50.122,2.3518,4.0715
6119,stage2,4,0.08830862492322922,0.29136940836906433,0.0,0.08830862492322922,0.0001,1e-05,50.12,2.866,0.6548
6120,stage2,4,0.08907072246074677,0.28768202662467957,0.0,0.08907072246074677,0.0001,1e-05,50.122,2.4306,0.6361
6121,stage2,4,0.08365516364574432,0.3023984432220459,0.0,0.08365516364574432,0.0001,1e-05,50.117,3.4933,0.6591
6122,stage2,4,0.06554365903139114,0.29469743371009827,0.0,0.06554365903139114,0.0001,1e-05,50.125,2.2283,0.7026
6123,stage2,4,0.08112317323684692,0.29222655296325684,0.0,0.08112317323684692,0.0001,1e-05,50.123,2.5184,0.6523
6124,stage2,4,0.08736532926559448,0.24742616713047028,0.0,0.08736532926559448,0.0001,1e-05,50.121,2.5588,0.7083
6125,stage2,4,0.08580631762742996,0.2996430993080139,0.0,0.08580631762742996,0.0001,1e-05,50.12,2.3916,0.656
6126,stage2,4,0.08643179386854172,0.30387455224990845,0.0,0.08643179386854172,0.0001,1e-05,50.12,2.6308,4.0663
6127,stage2,4,0.08023852854967117,0.2871169149875641,0.0,0.08023852854967117,0.0001,1e-05,50.123,3.1701,0.7003
6128,stage2,4,0.07999231666326523,0.29752933979034424,0.0,0.07999231666326523,0.0001,1e-05,50.121,2.4608,0.6502
6129,stage2,4,0.07805033028125763,0.27316147089004517,0.0,0.07805033028125763,0.0001,1e-05,50.121,2.3767,0.6471
6130,stage2,4,0.08211888372898102,0.28869548439979553,0.0,0.08211888372898102,0.0001,1e-05,50.119,2.4154,0.6431
6131,stage2,4,0.08362811803817749,0.28934746980667114,0.0,0.08362811803817749,0.0001,1e-05,50.122,2.3596,0.7118
6132,stage2,4,0.08194868266582489,0.2872703969478607,0.0,0.08194868266582489,0.0001,1e-05,50.12,2.6608,0.6476
6133,stage2,4,0.08291225880384445,0.29541823267936707,0.0,0.08291225880384445,0.0001,1e-05,50.122,2.8976,0.6521
6134,stage2,4,0.09476403892040253,0.3026876449584961,0.0,0.09476403892040253,0.0001,1e-05,50.119,2.4564,4.2002
6135,stage2,4,0.07972041517496109,0.28538671135902405,0.0,0.07972041517496109,0.0001,1e-05,50.122,2.5906,0.6457
6136,stage2,4,0.07341574132442474,0.23066996037960052,0.0,0.07341574132442474,0.0001,1e-05,50.122,2.5966,0.6505
6137,stage2,4,0.09085353463888168,0.27622857689857483,0.0,0.09085353463888168,0.0001,1e-05,50.119,3.0146,0.7019
6138,stage2,4,0.07799467444419861,0.28128331899642944,0.0,0.07799467444419861,0.0001,1e-05,50.118,2.0903,0.649
6139,stage2,4,0.09200151264667511,0.27779313921928406,0.0,0.09200151264667511,0.0001,1e-05,50.122,3.5379,0.645
6140,stage2,4,0.0817032977938652,0.28075966238975525,0.0,0.0817032977938652,0.0001,1e-05,50.118,2.4572,0.6618
6141,stage2,4,0.08434023708105087,0.27409422397613525,0.0,0.08434023708105087,0.0001,1e-05,50.123,2.4788,0.7022
6142,stage2,4,0.09060591459274292,0.2904401123523712,0.0,0.09060591459274292,0.0001,1e-05,50.12,3.1878,4.1074
6143,stage2,4,0.07610223442316055,0.30336812138557434,0.0,0.07610223442316055,0.0001,1e-05,50.118,2.0508,0.6309
6144,stage2,4,0.08263993263244629,0.2781096398830414,0.0,0.08263993263244629,0.0001,1e-05,50.122,3.1653,0.7039
6145,stage2,4,0.08957725763320923,0.25795048475265503,0.0,0.08957725763320923,0.0001,1e-05,50.119,2.5412,0.6654
6146,stage2,4,0.08016757667064667,0.2875484228134155,0.0,0.08016757667064667,0.0001,1e-05,50.122,2.4844,0.65
6147,stage2,4,0.09468945860862732,0.28845465183258057,0.0,0.09468945860862732,0.0001,1e-05,50.12,2.8223,0.7007
6148,stage2,4,0.08023141324520111,0.2881244719028473,0.0,0.08023141324520111,0.0001,1e-05,50.115,2.4347,0.6499
6149,stage2,4,0.08039382845163345,0.2690480947494507,0.0,0.08039382845163345,0.0001,1e-05,50.119,2.558,0.7109
6150,stage2,4,0.082948699593544,0.26900434494018555,0.0,0.082948699593544,0.0001,1e-05,50.118,2.5926,4.0712
6151,stage2,4,0.08080432564020157,0.24787750840187073,0.0,0.08080432564020157,0.0001,1e-05,50.12,2.3878,0.6503
6152,stage2,4,0.07362032681703568,0.26917940378189087,0.0,0.07362032681703568,0.0001,1e-05,50.121,2.2465,0.6476
6153,stage2,4,0.0701022669672966,0.32126134634017944,0.0,0.0701022669672966,0.0001,1e-05,50.12,2.4168,0.6549
6154,stage2,4,0.08613016456365585,0.2760196626186371,0.0,0.08613016456365585,0.0001,1e-05,50.119,2.9154,0.7035
6155,stage2,4,0.07396873831748962,0.3110317885875702,0.0,0.07396873831748962,0.0001,1e-05,50.122,2.4101,0.6513
6156,stage2,4,0.0898856520652771,0.2888070344924927,0.0,0.0898856520652771,0.0001,1e-05,50.121,2.998,0.7186
6157,stage2,4,0.07733824104070663,0.27559247612953186,0.0,0.07733824104070663,0.0001,1e-05,50.121,2.0292,0.6415
6158,stage2,4,0.08312869071960449,0.3052090108394623,0.0,0.08312869071960449,0.0001,1e-05,50.12,2.4095,3.9939
6159,stage2,4,0.08508659154176712,0.28917065262794495,0.0,0.08508659154176712,0.0001,1e-05,50.122,3.0107,0.6517
6160,stage2,4,0.0834314376115799,0.28175392746925354,0.0,0.0834314376115799,0.0001,1e-05,50.122,3.1211,0.7003
6161,stage2,4,0.08646847307682037,0.3134715259075165,0.0,0.08646847307682037,0.0001,1e-05,50.118,2.7243,0.6478
6162,stage2,4,0.07643694430589676,0.289657324552536,0.0,0.07643694430589676,0.0001,1e-05,50.12,2.7548,0.6506
6163,stage2,4,0.07712285965681076,0.3086492121219635,0.0,0.07712285965681076,0.0001,1e-05,50.119,2.7177,0.701
6164,stage2,4,0.08573998510837555,0.27631497383117676,0.0,0.08573998510837555,0.0001,1e-05,50.119,2.9462,0.6562
6165,stage2,4,0.08254899829626083,0.2625064551830292,0.0,0.08254899829626083,0.0001,1e-05,50.119,2.766,0.7057
6166,stage2,4,0.08274977654218674,0.2817774713039398,0.0,0.08274977654218674,0.0001,1e-05,50.117,2.6338,3.9403
6167,stage2,4,0.0792449489235878,0.26744285225868225,0.0,0.0792449489235878,0.0001,1e-05,50.119,2.3734,0.6596
6168,stage2,4,0.08071810007095337,0.27304401993751526,0.0,0.08071810007095337,0.0001,1e-05,50.12,2.441,0.7001
6169,stage2,4,0.07714914530515671,0.29736700654029846,0.0,0.07714914530515671,0.0001,1e-05,50.118,2.57,0.651
6170,stage2,4,0.08365537971258163,0.2851414382457733,0.0,0.08365537971258163,0.0001,1e-05,50.117,2.3415,0.7097
6171,stage2,4,0.07573186606168747,0.2913842797279358,0.0,0.07573186606168747,0.0001,1e-05,50.12,2.1626,0.6502
6172,stage2,4,0.08882864564657211,0.3123928904533386,0.0,0.08882864564657211,0.0001,1e-05,50.118,2.665,0.6529
6173,stage2,4,0.07393525540828705,0.3017359972000122,0.0,0.07393525540828705,0.0001,1e-05,50.12,2.9656,0.7006
6174,stage2,4,0.09472532570362091,0.2861458957195282,0.0,0.09472532570362091,0.0001,1e-05,50.122,3.2159,4.0986
6175,stage2,4,0.09185360372066498,0.27855151891708374,0.0,0.09185360372066498,0.0001,1e-05,50.121,3.0285,0.6495
6176,stage2,4,0.0877164825797081,0.27975407242774963,0.0,0.0877164825797081,0.0001,1e-05,50.125,3.5241,0.6322
6177,stage2,4,0.08793290704488754,0.2679007947444916,0.0,0.08793290704488754,0.0001,1e-05,50.12,2.7238,0.7282
6178,stage2,4,0.08244955539703369,0.2791212499141693,0.0,0.08244955539703369,0.0001,1e-05,50.121,2.2101,0.643
6179,stage2,4,0.08078634738922119,0.2644622027873993,0.0,0.08078634738922119,0.0001,1e-05,50.122,2.7731,0.6628
6180,stage2,4,0.07776608318090439,0.2686118185520172,0.0,0.07776608318090439,0.0001,1e-05,50.121,1.8454,0.7014
6181,stage2,4,0.09174506366252899,0.27407506108283997,0.0,0.09174506366252899,0.0001,1e-05,50.121,3.3656,0.6525
6182,stage2,4,0.08193997293710709,0.310008704662323,0.0,0.08193997293710709,0.0001,1e-05,50.119,2.8468,3.9199
6183,stage2,4,0.0766637995839119,0.2765716314315796,0.0,0.0766637995839119,0.0001,1e-05,50.12,2.5832,0.7017
6184,stage2,4,0.09220258891582489,0.280306339263916,0.0,0.09220258891582489,0.0001,1e-05,50.117,2.3463,0.6493
6185,stage2,4,0.08985714614391327,0.29656147956848145,0.0,0.08985714614391327,0.0001,1e-05,50.12,2.5099,0.6888
6186,stage2,4,0.10256687551736832,0.28736305236816406,0.0,0.10256687551736832,0.0001,1e-05,50.122,3.4133,0.6721
6187,stage2,4,0.07394787669181824,0.28571948409080505,0.0,0.07394787669181824,0.0001,1e-05,50.12,2.0559,0.6354
6188,stage2,4,0.09973359107971191,0.28552916646003723,0.0,0.09973359107971191,0.0001,1e-05,50.118,3.6183,0.6655
6189,stage2,4,0.08163545280694962,0.3020780682563782,0.0,0.08163545280694962,0.0001,1e-05,50.123,2.4953,0.6489
6190,stage2,4,0.08037938922643661,0.2900015711784363,0.0,0.08037938922643661,0.0001,1e-05,50.122,2.3507,4.0075
6191,stage2,4,0.08800934255123138,0.28048408031463623,0.0,0.08800934255123138,0.0001,1e-05,50.119,2.5556,0.7125
6192,stage2,4,0.07657365500926971,0.29418331384658813,0.0,0.07657365500926971,0.0001,1e-05,50.122,2.2036,0.6464
6193,stage2,4,0.08832697570323944,0.291655957698822,0.0,0.08832697570323944,0.0001,1e-05,50.12,2.6767,0.6508
6194,stage2,4,0.10072590410709381,0.27394744753837585,0.0,0.10072590410709381,0.0001,1e-05,50.12,3.1801,0.7019
6195,stage2,4,0.07440657913684845,0.276772677898407,0.0,0.07440657913684845,0.0001,1e-05,50.121,2.2955,0.6518
6196,stage2,4,0.07894843816757202,0.2954399585723877,0.0,0.07894843816757202,0.0001,1e-05,50.121,2.295,0.7051
6197,stage2,4,0.08063853532075882,0.27367687225341797,0.0,0.08063853532075882,0.0001,1e-05,50.121,2.0417,0.6565
6198,stage2,4,0.0815603956580162,0.2569122314453125,0.0,0.0815603956580162,0.0001,1e-05,50.121,2.5313,3.9297
6199,stage2,4,0.08141420036554337,0.29753854870796204,0.0,0.08141420036554337,0.0001,1e-05,50.121,2.2457,0.708
6200,stage2,4,0.08146665245294571,0.28947925567626953,0.0,0.08146665245294571,0.0001,1e-05,50.122,2.7792,0.649
6201,stage2,4,0.07653362303972244,0.2949541509151459,0.0,0.07653362303972244,0.0001,1e-05,50.122,2.0541,0.7159
6202,stage2,4,0.0800957977771759,0.27584925293922424,0.0,0.0800957977771759,0.0001,1e-05,50.125,2.3571,0.6442
6203,stage2,4,0.07051092386245728,0.2713634967803955,0.0,0.07051092386245728,0.0001,1e-05,50.122,2.4254,0.6547
6204,stage2,4,0.08551006764173508,0.28501349687576294,0.0,0.08551006764173508,0.0001,1e-05,50.121,2.2502,0.6546
6205,stage2,4,0.09136655926704407,0.2877892553806305,0.0,0.09136655926704407,0.0001,1e-05,50.118,2.5801,0.6411
6206,stage2,4,0.08469940721988678,0.26417991518974304,0.0,0.08469940721988678,0.0001,1e-05,50.122,2.3373,4.1492
6207,stage2,4,0.07831114530563354,0.2815137803554535,0.0,0.07831114530563354,0.0001,1e-05,50.119,2.2455,0.6322
6208,stage2,4,0.07557260245084763,0.26466116309165955,0.0,0.07557260245084763,0.0001,1e-05,50.122,2.0663,0.6639
6209,stage2,4,0.08802684396505356,0.2906108796596527,0.0,0.08802684396505356,0.0001,1e-05,50.118,2.9119,0.6562
6210,stage2,4,0.0817287489771843,0.23884350061416626,0.0,0.0817287489771843,0.0001,1e-05,50.122,2.2883,0.7036
6211,stage2,4,0.08921244740486145,0.2791524827480316,0.0,0.08921244740486145,0.0001,1e-05,50.119,2.8025,0.6577
6212,stage2,4,0.08454819768667221,0.2854504883289337,0.0,0.08454819768667221,0.0001,1e-05,50.121,2.8299,0.699
6213,stage2,4,0.08684591948986053,0.2918567955493927,0.0,0.08684591948986053,0.0001,1e-05,50.122,2.3265,0.6627
6214,stage2,4,0.09202216565608978,0.28209325671195984,0.0,0.09202216565608978,0.0001,1e-05,50.124,2.3423,4.0581
6215,stage2,4,0.0822688639163971,0.2674368619918823,0.0,0.0822688639163971,0.0001,1e-05,50.121,2.9154,0.6491
6216,stage2,4,0.07791493088006973,0.29068660736083984,0.0,0.07791493088006973,0.0001,1e-05,50.122,2.5484,0.7078
6217,stage2,4,0.09200061112642288,0.27276769280433655,0.0,0.09200061112642288,0.0001,1e-05,50.124,2.7461,0.6558
6218,stage2,4,0.08509507030248642,0.28351467847824097,0.0,0.08509507030248642,0.0001,1e-05,50.124,3.2684,0.6446
6219,stage2,4,0.09462026506662369,0.29837334156036377,0.0,0.09462026506662369,0.0001,1e-05,50.12,2.9868,0.6624
6220,stage2,4,0.08087726682424545,0.2528182566165924,0.0,0.08087726682424545,0.0001,1e-05,50.122,2.601,0.7052
6221,stage2,4,0.09474398195743561,0.25999850034713745,0.0,0.09474398195743561,0.0001,1e-05,50.123,3.2983,0.6521
6222,stage2,4,0.08363807201385498,0.27920234203338623,0.0,0.08363807201385498,0.0001,1e-05,50.122,2.5859,4.3217
6223,stage2,4,0.09330471605062485,0.25709816813468933,0.0,0.09330471605062485,0.0001,1e-05,50.118,3.0944,0.7032
6224,stage2,4,0.08398377895355225,0.26235148310661316,0.0,0.08398377895355225,0.0001,1e-05,50.115,2.2812,0.653
6225,stage2,4,0.08402581512928009,0.27067500352859497,0.0,0.08402581512928009,0.0001,1e-05,50.119,2.6384,0.7047
6226,stage2,4,0.08087329566478729,0.27656641602516174,0.0,0.08087329566478729,0.0001,1e-05,50.121,2.0581,0.6544
6227,stage2,4,0.07294510304927826,0.28353577852249146,0.0,0.07294510304927826,0.0001,1e-05,50.118,2.3979,0.7134
6228,stage2,4,0.08240018039941788,0.26582226157188416,0.0,0.08240018039941788,0.0001,1e-05,50.121,2.5748,0.64
6229,stage2,4,0.08112242072820663,0.2873551547527313,0.0,0.08112242072820663,0.0001,1e-05,50.122,2.6795,0.6576
6230,stage2,4,0.08265756070613861,0.2690710723400116,0.0,0.08265756070613861,0.0001,1e-05,50.12,2.6644,4.0302
6231,stage2,4,0.08064398914575577,0.2672354578971863,0.0,0.08064398914575577,0.0001,1e-05,50.118,2.5427,0.6375
6232,stage2,4,0.09209968149662018,0.2674988806247711,0.0,0.09209968149662018,0.0001,1e-05,50.117,2.9844,0.717
6233,stage2,4,0.07818128168582916,0.2862365245819092,0.0,0.07818128168582916,0.0001,1e-05,50.12,2.9236,0.6328
6234,stage2,4,0.08835762739181519,0.2757652699947357,0.0,0.08835762739181519,0.0001,1e-05,50.118,2.848,0.6418
6235,stage2,4,0.09821150451898575,0.3115568459033966,0.0,0.09821150451898575,0.0001,1e-05,50.122,2.7729,0.6399
6236,stage2,4,0.07383321225643158,0.31635555624961853,0.0,0.07383321225643158,0.0001,1e-05,50.123,2.1843,0.6412
6237,stage2,4,0.08533445745706558,0.2515312731266022,0.0,0.08533445745706558,0.0001,1e-05,50.122,2.6334,0.6824
6238,stage2,4,0.0731528252363205,0.27631187438964844,0.0,0.0731528252363205,0.0001,1e-05,50.12,2.3283,3.9648
6239,stage2,4,0.08935633301734924,0.28670769929885864,0.0,0.08935633301734924,0.0001,1e-05,50.121,2.6923,0.6386
6240,stage2,4,0.07334219664335251,0.2821120619773865,0.0,0.07334219664335251,0.0001,1e-05,50.123,2.1842,0.6398
6241,stage2,4,0.0855816900730133,0.28410500288009644,0.0,0.0855816900730133,0.0001,1e-05,50.121,3.2644,0.6404
6242,stage2,4,0.07415812462568283,0.27077800035476685,0.0,0.07415812462568283,0.0001,1e-05,50.122,2.2667,0.6955
6243,stage2,4,0.07782964408397675,0.29622071981430054,0.0,0.07782964408397675,0.0001,1e-05,50.12,2.6407,0.6396
6244,stage2,4,0.08178573846817017,0.25976353883743286,0.0,0.08178573846817017,0.0001,1e-05,50.119,3.2493,0.6414
6245,stage2,4,0.07630898803472519,0.2566277086734772,0.0,0.07630898803472519,0.0001,1e-05,50.121,2.3401,0.6411
6246,stage2,4,0.08278878033161163,0.2591753304004669,0.0,0.08278878033161163,0.0001,1e-05,50.119,2.6185,4.0084
6247,stage2,4,0.07181961834430695,0.2823362350463867,0.0,0.07181961834430695,0.0001,1e-05,50.119,2.7985,0.6939
6248,stage2,4,0.08193494379520416,0.27106472849845886,0.0,0.08193494379520416,0.0001,1e-05,50.121,2.6094,0.6386
6249,stage2,4,0.10119347274303436,0.29691505432128906,0.0,0.10119347274303436,0.0001,1e-05,50.122,2.8264,0.6404
6250,stage2,4,0.09148319810628891,0.26490551233291626,0.0,0.09148319810628891,0.0001,1e-05,50.123,3.3776,0.6412
6251,stage2,4,0.09127827733755112,0.2622547149658203,0.0,0.09127827733755112,0.0001,1e-05,50.123,2.7863,0.6408
6252,stage2,4,0.09024924039840698,0.2895810604095459,0.0,0.09024924039840698,0.0001,1e-05,50.121,2.2619,0.6399
6253,stage2,4,0.0838068425655365,0.29385706782341003,0.0,0.0838068425655365,0.0001,1e-05,50.125,2.7053,0.6753
6254,stage2,4,0.08370618522167206,0.28830236196517944,0.0,0.08370618522167206,0.0001,1e-05,50.118,2.457,3.8998
6255,stage2,4,0.07645156234502792,0.2745530307292938,0.0,0.07645156234502792,0.0001,1e-05,50.121,2.3735,0.6404
6256,stage2,4,0.08901307731866837,0.2669203281402588,0.0,0.08901307731866837,0.0001,1e-05,50.121,2.6021,0.639
6257,stage2,4,0.08771608769893646,0.2759433686733246,0.0,0.08771608769893646,0.0001,1e-05,50.12,2.7005,0.6457
6258,stage2,4,0.0805690810084343,0.29888516664505005,0.0,0.0805690810084343,0.0001,1e-05,50.12,2.441,0.6712
6259,stage2,4,0.08553343266248703,0.2613827586174011,0.0,0.08553343266248703,0.0001,1e-05,50.123,2.4957,0.6627
6260,stage2,4,0.0886663943529129,0.2668372094631195,0.0,0.0886663943529129,0.0001,1e-05,50.118,2.5977,0.642
6261,stage2,4,0.09037937968969345,0.2711925208568573,0.0,0.09037937968969345,0.0001,1e-05,50.119,2.8633,0.6417
6262,stage2,4,0.07317373901605606,0.3030848503112793,0.0,0.07317373901605606,0.0001,1e-05,50.121,2.3206,3.9912
6263,stage2,4,0.07446634769439697,0.2572934329509735,0.0,0.07446634769439697,0.0001,1e-05,50.125,2.428,0.6952
6264,stage2,4,0.08415575325489044,0.2601463496685028,0.0,0.08415575325489044,0.0001,1e-05,50.123,2.4641,0.6401
6265,stage2,4,0.07930338382720947,0.26546013355255127,0.0,0.07930338382720947,0.0001,1e-05,50.121,2.4324,0.6403
6266,stage2,4,0.08621714264154434,0.2689562737941742,0.0,0.08621714264154434,0.0001,1e-05,50.123,2.5934,0.6406
6267,stage2,4,0.07253547012805939,0.2831500470638275,0.0,0.07253547012805939,0.0001,1e-05,50.121,2.4853,0.6411
6268,stage2,4,0.08605553209781647,0.2709343135356903,0.0,0.08605553209781647,0.0001,1e-05,50.123,2.1669,0.6982
6269,stage2,4,0.06491653621196747,0.3077130615711212,0.0,0.06491653621196747,0.0001,1e-05,50.126,1.9494,0.6401
6270,stage2,4,0.07173226773738861,0.27034488320350647,0.0,0.07173226773738861,0.0001,1e-05,50.123,2.6964,3.9004
6271,stage2,4,0.07538880407810211,0.30050230026245117,0.0,0.07538880407810211,0.0001,1e-05,50.124,2.4306,0.6401
6272,stage2,4,0.08698432147502899,0.2881145477294922,0.0,0.08698432147502899,0.0001,1e-05,50.123,3.7372,0.6401
6273,stage2,4,0.09234415739774704,0.2908138632774353,0.0,0.09234415739774704,0.0001,1e-05,50.125,2.91,0.6408
6274,stage2,4,0.08344606310129166,0.2684362232685089,0.0,0.08344606310129166,0.0001,1e-05,50.122,2.5831,0.6413
6275,stage2,4,0.09052512794733047,0.2616434097290039,0.0,0.09052512794733047,0.0001,1e-05,50.119,3.1759,0.6959
6276,stage2,4,0.09200955182313919,0.2760077118873596,0.0,0.09200955182313919,0.0001,1e-05,50.124,2.4829,0.6411
6277,stage2,4,0.07359393686056137,0.2817651331424713,0.0,0.07359393686056137,0.0001,1e-05,50.122,2.0934,0.6419
6278,stage2,4,0.07926633954048157,0.2960822284221649,0.0,0.07926633954048157,0.0001,1e-05,50.124,2.7306,3.8844
6279,stage2,4,0.0868292823433876,0.29650041460990906,0.0,0.0868292823433876,0.0001,1e-05,50.121,2.7033,0.6459
6280,stage2,4,0.07510066032409668,0.25743982195854187,0.0,0.07510066032409668,0.0001,1e-05,50.122,2.5699,0.6877
6281,stage2,4,0.08794363588094711,0.2670850455760956,0.0,0.08794363588094711,0.0001,1e-05,50.12,2.7203,0.6396
6282,stage2,4,0.06588146090507507,0.27213430404663086,0.0,0.06588146090507507,0.0001,1e-05,50.122,2.575,0.6413
6283,stage2,4,0.08361159265041351,0.25099584460258484,0.0,0.08361159265041351,0.0001,1e-05,50.122,2.5873,0.6407
6284,stage2,4,0.0805990993976593,0.25351619720458984,0.0,0.0805990993976593,0.0001,1e-05,50.12,2.3893,0.64
6285,stage2,4,0.08937787264585495,0.26278334856033325,0.0,0.08937787264585495,0.0001,1e-05,50.121,2.275,0.6968
6286,stage2,4,0.08072156459093094,0.27141073346138,0.0,0.08072156459093094,0.0001,1e-05,50.121,2.3948,3.9139
6287,stage2,4,0.08373404294252396,0.2567208707332611,0.0,0.08373404294252396,0.0001,1e-05,50.123,2.8643,0.6397
6288,stage2,4,0.08171462267637253,0.28849563002586365,0.0,0.08171462267637253,0.0001,1e-05,50.121,2.5644,0.6395
6289,stage2,4,0.08230835199356079,0.27902474999427795,0.0,0.08230835199356079,0.0001,1e-05,50.123,2.4093,0.64
6290,stage2,4,0.07487984001636505,0.2880665063858032,0.0,0.07487984001636505,0.0001,1e-05,50.12,2.5568,0.6342
6291,stage2,4,0.08483726531267166,0.2768879532814026,0.0,0.08483726531267166,0.0001,1e-05,50.121,2.5023,0.7052
6292,stage2,4,0.0780213475227356,0.27338871359825134,0.0,0.0780213475227356,0.0001,1e-05,50.121,2.2444,0.657
6293,stage2,4,0.08151532709598541,0.2877887785434723,0.0,0.08151532709598541,0.0001,1e-05,50.118,2.463,0.6472
6294,stage2,4,0.08014287054538727,0.2815319299697876,0.0,0.08014287054538727,0.0001,1e-05,50.119,2.5254,3.8802
6295,stage2,4,0.06047020107507706,0.2868376076221466,0.0,0.06047020107507706,0.0001,1e-05,50.123,1.8987,0.6401
6296,stage2,4,0.08437037467956543,0.2785070836544037,0.0,0.08437037467956543,0.0001,1e-05,50.122,2.3076,0.6977
6297,stage2,4,0.07916945964097977,0.2961369454860687,0.0,0.07916945964097977,0.0001,1e-05,50.119,2.3567,0.6391
6298,stage2,4,0.07371137291193008,0.2666723132133484,0.0,0.07371137291193008,0.0001,1e-05,50.123,3.0581,0.6421
6299,stage2,4,0.05910055339336395,0.30383405089378357,0.0,0.05910055339336395,0.0001,1e-05,50.117,1.9132,0.6461
6300,stage2,4,0.07935503870248795,0.28331100940704346,0.0,0.07935503870248795,0.0001,1e-05,50.123,2.735,0.6408
6301,stage2,4,0.0799727663397789,0.3019223213195801,0.0,0.0799727663397789,0.0001,1e-05,50.121,2.8897,0.7047
6302,stage2,4,0.07358430325984955,0.2703390121459961,0.0,0.07358430325984955,0.0001,1e-05,50.119,2.6206,3.8893
6303,stage2,4,0.0857042446732521,0.27955079078674316,0.0,0.0857042446732521,0.0001,1e-05,50.121,2.4214,0.639
6304,stage2,4,0.07549165934324265,0.26775944232940674,0.0,0.07549165934324265,0.0001,1e-05,50.119,2.578,0.6408
6305,stage2,4,0.074625663459301,0.2766215205192566,0.0,0.074625663459301,0.0001,1e-05,50.122,2.5086,0.6398
6306,stage2,4,0.07633309066295624,0.27665063738822937,0.0,0.07633309066295624,0.0001,1e-05,50.12,2.2109,0.6955
6307,stage2,4,0.0717349424958229,0.29388535022735596,0.0,0.0717349424958229,0.0001,1e-05,50.119,2.1443,0.645
6308,stage2,4,0.07799812406301498,0.273800790309906,0.0,0.07799812406301498,0.0001,1e-05,50.122,3.1703,0.6417
6309,stage2,4,0.06987883150577545,0.2583402991294861,0.0,0.06987883150577545,0.0001,1e-05,50.119,2.6649,0.6419
6310,stage2,4,0.09773492813110352,0.26073378324508667,0.0,0.09773492813110352,0.0001,1e-05,50.12,3.0589,4.0712
6311,stage2,4,0.09176499396562576,0.27462464570999146,0.0,0.09176499396562576,0.0001,1e-05,50.121,3.383,0.6389
6312,stage2,4,0.08814524114131927,0.27085819840431213,0.0,0.08814524114131927,0.0001,1e-05,50.123,2.9902,0.7044
6313,stage2,4,0.07425403594970703,0.25528618693351746,0.0,0.07425403594970703,0.0001,1e-05,50.123,2.8993,0.6421
6314,stage2,4,0.07515653967857361,0.3248882591724396,0.0,0.07515653967857361,0.0001,1e-05,50.122,2.8246,0.64
6315,stage2,4,0.07968300580978394,0.2921295464038849,0.0,0.07968300580978394,0.0001,1e-05,50.125,2.3699,0.6418
6316,stage2,4,0.0832974910736084,0.2962627708911896,0.0,0.0832974910736084,0.0001,1e-05,50.123,2.8163,0.6412
6317,stage2,4,0.07516788691282272,0.3168942332267761,0.0,0.07516788691282272,0.0001,1e-05,50.119,2.4339,0.6672
6318,stage2,4,0.08335557579994202,0.27343443036079407,0.0,0.08335557579994202,0.0001,1e-05,50.122,2.4916,3.9732
6319,stage2,4,0.08759941160678864,0.2700831890106201,0.0,0.08759941160678864,0.0001,1e-05,50.119,2.5436,0.6403
6320,stage2,4,0.07956025749444962,0.2942924201488495,0.0,0.07956025749444962,0.0001,1e-05,50.122,2.4914,0.6403
6321,stage2,4,0.07030706107616425,0.27065297961235046,0.0,0.07030706107616425,0.0001,1e-05,50.121,2.0325,0.6407
6322,stage2,4,0.08183233439922333,0.24609261751174927,0.0,0.08183233439922333,0.0001,1e-05,50.122,3.6211,0.6993
6323,stage2,4,0.08223302662372589,0.2786131203174591,0.0,0.08223302662372589,0.0001,1e-05,50.124,2.3849,0.6363
6324,stage2,4,0.0849546417593956,0.2595742642879486,0.0,0.0849546417593956,0.0001,1e-05,50.121,2.5146,0.6456
6325,stage2,4,0.07757709920406342,0.24785220623016357,0.0,0.07757709920406342,0.0001,1e-05,50.118,2.1375,0.6415
6326,stage2,4,0.08393573015928268,0.2776285707950592,0.0,0.08393573015928268,0.0001,1e-05,50.118,2.6454,4.1016
6327,stage2,4,0.08763635158538818,0.27025261521339417,0.0,0.08763635158538818,0.0001,1e-05,50.119,2.701,0.6332
6328,stage2,4,0.08112871646881104,0.3087725043296814,0.0,0.08112871646881104,0.0001,1e-05,50.119,2.4694,0.6736
6329,stage2,4,0.08821576833724976,0.28434255719184875,0.0,0.08821576833724976,0.0001,1e-05,50.118,2.6743,0.685
6330,stage2,4,0.07663225382566452,0.295939564704895,0.0,0.07663225382566452,0.0001,1e-05,50.121,2.8262,0.6411
6331,stage2,4,0.09540097415447235,0.2572108507156372,0.0,0.09540097415447235,0.0001,1e-05,50.119,2.8149,0.6464
6332,stage2,4,0.08250479400157928,0.28078368306159973,0.0,0.08250479400157928,0.0001,1e-05,50.119,2.5174,0.6417
6333,stage2,4,0.0749032273888588,0.2680612802505493,0.0,0.0749032273888588,0.0001,1e-05,50.12,2.6718,0.6425
6334,stage2,4,0.08363930135965347,0.28980523347854614,0.0,0.08363930135965347,0.0001,1e-05,50.121,2.7247,3.9302
6335,stage2,4,0.08568975329399109,0.3027457594871521,0.0,0.08568975329399109,0.0001,1e-05,50.122,2.6211,0.6349
6336,stage2,4,0.08276259899139404,0.2632193863391876,0.0,0.08276259899139404,0.0001,1e-05,50.122,2.9482,0.6624
6337,stage2,4,0.07965173572301865,0.2521965801715851,0.0,0.07965173572301865,0.0001,1e-05,50.119,2.3034,0.6328
6338,stage2,4,0.09495246410369873,0.28976863622665405,0.0,0.09495246410369873,0.0001,1e-05,50.122,3.3027,0.7066
6339,stage2,4,0.0831519290804863,0.2551429271697998,0.0,0.0831519290804863,0.0001,1e-05,50.121,2.6187,0.6556
6340,stage2,4,0.08513300120830536,0.28245657682418823,0.0,0.08513300120830536,0.0001,1e-05,50.119,2.5201,0.6408
6341,stage2,4,0.08712993562221527,0.28561580181121826,0.0,0.08712993562221527,0.0001,1e-05,50.122,2.5269,0.6487
6342,stage2,4,0.08110792934894562,0.26322710514068604,0.0,0.08110792934894562,0.0001,1e-05,50.118,2.3543,4.0168
6343,stage2,4,0.07731228321790695,0.3271341323852539,0.0,0.07731228321790695,0.0001,1e-05,50.125,2.8331,0.6611
6344,stage2,4,0.0754261389374733,0.2711472809314728,0.0,0.0754261389374733,0.0001,1e-05,50.121,2.5337,0.6712
6345,stage2,4,0.07604946196079254,0.25014764070510864,0.0,0.07604946196079254,0.0001,1e-05,50.118,2.5548,0.6405
6346,stage2,4,0.0815751701593399,0.2734886109828949,0.0,0.0815751701593399,0.0001,1e-05,50.122,2.5021,0.6413
6347,stage2,4,0.09011436253786087,0.3088189959526062,0.0,0.09011436253786087,0.0001,1e-05,50.119,3.2007,0.6415
6348,stage2,4,0.0782921239733696,0.27704834938049316,0.0,0.0782921239733696,0.0001,1e-05,50.122,2.6414,0.6405
6349,stage2,4,0.07932732999324799,0.24024376273155212,0.0,0.07932732999324799,0.0001,1e-05,50.12,2.2305,0.699
6350,stage2,4,0.08322177082300186,0.2729890048503876,0.0,0.08322177082300186,0.0001,1e-05,50.124,2.3109,4.026
6351,stage2,4,0.088199682533741,0.29372599720954895,0.0,0.088199682533741,0.0001,1e-05,50.122,2.7626,0.6408
6352,stage2,4,0.08699265122413635,0.2734241783618927,0.0,0.08699265122413635,0.0001,1e-05,50.125,2.5599,0.6401
6353,stage2,4,0.0810088962316513,0.27576830983161926,0.0,0.0810088962316513,0.0001,1e-05,50.121,2.5239,0.6406
6354,stage2,4,0.08699779957532883,0.25204387307167053,0.0,0.08699779957532883,0.0001,1e-05,50.12,3.4943,0.702
6355,stage2,4,0.08965638279914856,0.27136802673339844,0.0,0.08965638279914856,0.0001,1e-05,50.121,2.4342,0.64
6356,stage2,4,0.07717819511890411,0.2892313003540039,0.0,0.07717819511890411,0.0001,1e-05,50.12,2.396,0.6409
6357,stage2,4,0.09254100918769836,0.2623403072357178,0.0,0.09254100918769836,0.0001,1e-05,50.124,3.2453,0.6426
6358,stage2,4,0.0725625604391098,0.27932077646255493,0.0,0.0725625604391098,0.0001,1e-05,50.123,2.2027,4.3406
6359,stage2,4,0.09113175421953201,0.27441877126693726,0.0,0.09113175421953201,0.0001,1e-05,50.121,2.7595,0.6389
6360,stage2,4,0.08798729628324509,0.2816082835197449,0.0,0.08798729628324509,0.0001,1e-05,50.123,2.5325,0.6584
6361,stage2,4,0.07433442771434784,0.2987121045589447,0.0,0.07433442771434784,0.0001,1e-05,50.121,2.499,0.6846
6362,stage2,4,0.07756876200437546,0.2716469466686249,0.0,0.07756876200437546,0.0001,1e-05,50.122,2.6272,0.6391
6363,stage2,4,0.07353556156158447,0.296509325504303,0.0,0.07353556156158447,0.0001,1e-05,50.121,2.9739,0.6413
6364,stage2,4,0.08376471698284149,0.2967906892299652,0.0,0.08376471698284149,0.0001,1e-05,50.122,2.4545,0.6411
6365,stage2,4,0.08779150247573853,0.28932908177375793,0.0,0.08779150247573853,0.0001,1e-05,50.121,3.0182,0.6414
6366,stage2,4,0.08234115689992905,0.2920646667480469,0.0,0.08234115689992905,0.0001,1e-05,50.121,2.7834,4.4776
6367,stage2,4,0.08702520281076431,0.2798501253128052,0.0,0.08702520281076431,0.0001,1e-05,50.12,2.5274,0.645
6368,stage2,4,0.07762113958597183,0.26244884729385376,0.0,0.07762113958597183,0.0001,1e-05,50.12,2.1997,0.6409
6369,stage2,4,0.07844963669776917,0.2576169967651367,0.0,0.07844963669776917,0.0001,1e-05,50.119,2.4576,0.6392
6370,stage2,4,0.079588383436203,0.2828906178474426,0.0,0.079588383436203,0.0001,1e-05,50.118,2.4236,0.6403
6371,stage2,4,0.07991360872983932,0.275544136762619,0.0,0.07991360872983932,0.0001,1e-05,50.121,2.6957,0.6956
6372,stage2,4,0.07844079285860062,0.2815587520599365,0.0,0.07844079285860062,0.0001,1e-05,50.119,2.7048,0.641
6373,stage2,4,0.08452926576137543,0.27554699778556824,0.0,0.08452926576137543,0.0001,1e-05,50.124,2.5841,0.6419
6374,stage2,4,0.08819860965013504,0.25641536712646484,0.0,0.08819860965013504,0.0001,1e-05,50.119,2.8306,4.2022
6375,stage2,4,0.07860389351844788,0.2646390199661255,0.0,0.07860389351844788,0.0001,1e-05,50.121,3.0562,0.6407
6376,stage2,4,0.08258689939975739,0.2598613500595093,0.0,0.08258689939975739,0.0001,1e-05,50.121,2.4159,0.6552
6377,stage2,4,0.08388108760118484,0.24859938025474548,0.0,0.08388108760118484,0.0001,1e-05,50.119,2.216,0.7035
6378,stage2,4,0.07866504043340683,0.25678932666778564,0.0,0.07866504043340683,0.0001,1e-05,50.122,2.0285,0.6397
6379,stage2,4,0.07487388700246811,0.2843775451183319,0.0,0.07487388700246811,0.0001,1e-05,50.123,2.4698,0.641
6380,stage2,4,0.07569137215614319,0.26652273535728455,0.0,0.07569137215614319,0.0001,1e-05,50.124,2.0466,0.6414
6381,stage2,4,0.08336493372917175,0.2969205975532532,0.0,0.08336493372917175,0.0001,1e-05,50.122,2.8866,0.6411
6382,stage2,4,0.08607709407806396,0.2647303342819214,0.0,0.08607709407806396,0.0001,1e-05,50.124,3.0208,4.2051
6383,stage2,4,0.08762429654598236,0.25945189595222473,0.0,0.08762429654598236,0.0001,1e-05,50.123,2.7843,0.6384
6384,stage2,4,0.09230787307024002,0.2886642813682556,0.0,0.09230787307024002,0.0001,1e-05,50.122,2.5361,0.6405
6385,stage2,4,0.08145216107368469,0.2746167480945587,0.0,0.08145216107368469,0.0001,1e-05,50.121,2.2613,0.64
6386,stage2,4,0.08454965054988861,0.2697989046573639,0.0,0.08454965054988861,0.0001,1e-05,50.12,2.8103,0.6404
6387,stage2,4,0.0894491970539093,0.2752527594566345,0.0,0.0894491970539093,0.0001,1e-05,50.121,2.6257,0.701
6388,stage2,4,0.07993599772453308,0.2783406674861908,0.0,0.07993599772453308,0.0001,1e-05,50.122,2.3021,0.6414
6389,stage2,4,0.08244220167398453,0.26503220200538635,0.0,0.08244220167398453,0.0001,1e-05,50.121,2.7596,0.6429
6390,stage2,4,0.073698990046978,0.2806897759437561,0.0,0.073698990046978,0.0001,1e-05,50.123,2.5284,4.0432
6391,stage2,4,0.08456932753324509,0.2904376983642578,0.0,0.08456932753324509,0.0001,1e-05,50.125,2.3989,0.6396
6392,stage2,4,0.08899825066328049,0.2757810652256012,0.0,0.08899825066328049,0.0001,1e-05,50.122,3.1166,0.6951
6393,stage2,4,0.0848563089966774,0.2732161283493042,0.0,0.0848563089966774,0.0001,1e-05,50.122,2.3608,0.6389
6394,stage2,4,0.09028492867946625,0.2732270061969757,0.0,0.09028492867946625,0.0001,1e-05,50.12,2.9453,0.6411
6395,stage2,4,0.08791082352399826,0.2997550368309021,0.0,0.08791082352399826,0.0001,1e-05,50.123,2.7168,0.6432
6396,stage2,4,0.08855820447206497,0.2722150981426239,0.0,0.08855820447206497,0.0001,1e-05,50.121,2.6028,0.642
6397,stage2,4,0.08953065425157547,0.2620280086994171,0.0,0.08953065425157547,0.0001,1e-05,50.123,2.7681,0.6384
6398,stage2,4,0.08731143921613693,0.26837021112442017,0.0,0.08731143921613693,0.0001,1e-05,50.123,2.5889,4.1206
6399,stage2,4,0.08578337728977203,0.25904348492622375,0.0,0.08578337728977203,0.0001,1e-05,50.122,2.434,0.6328
6400,stage2,4,0.08819526433944702,0.2668934762477875,0.0,0.08819526433944702,0.0001,1e-05,50.121,2.9639,0.6486
6401,stage2,4,0.09036289155483246,0.2744515538215637,0.0,0.09036289155483246,0.0001,1e-05,50.121,2.3929,0.6487
6402,stage2,4,0.07108105719089508,0.2774876058101654,0.0,0.07108105719089508,0.0001,1e-05,50.121,2.1736,0.6414
6403,stage2,4,0.07549282908439636,0.32509830594062805,0.0,0.07549282908439636,0.0001,1e-05,50.124,2.7504,0.6637
6404,stage2,4,0.08287574350833893,0.2643420398235321,0.0,0.08287574350833893,0.0001,1e-05,50.122,3.223,0.672
6405,stage2,4,0.08334212005138397,0.2786986231803894,0.0,0.08334212005138397,0.0001,1e-05,50.123,2.4837,0.6424
6406,stage2,4,0.06890832632780075,0.2628013491630554,0.0,0.06890832632780075,0.0001,1e-05,50.12,2.1918,3.939
6407,stage2,4,0.08761288225650787,0.2632642686367035,0.0,0.08761288225650787,0.0001,1e-05,50.123,2.6249,0.6397
6408,stage2,4,0.08414366841316223,0.28710630536079407,0.0,0.08414366841316223,0.0001,1e-05,50.123,2.9071,0.7042
6409,stage2,4,0.08289583027362823,0.2595652937889099,0.0,0.08289583027362823,0.0001,1e-05,50.12,2.8288,0.6312
6410,stage2,4,0.07785390317440033,0.26995667815208435,0.0,0.07785390317440033,0.0001,1e-05,50.124,2.3341,0.6418
6411,stage2,4,0.07321792095899582,0.2543667256832123,0.0,0.07321792095899582,0.0001,1e-05,50.121,2.4055,0.6416
6412,stage2,4,0.08067687600851059,0.2863379120826721,0.0,0.08067687600851059,0.0001,1e-05,50.122,2.5905,0.642
6413,stage2,4,0.07774686813354492,0.27646809816360474,0.0,0.07774686813354492,0.0001,1e-05,50.124,2.3294,0.6401
6414,stage2,4,0.08000105619430542,0.2748900055885315,0.0,0.08000105619430542,0.0001,1e-05,50.121,2.8084,3.9913
6415,stage2,4,0.08162655681371689,0.2743456959724426,0.0,0.08162655681371689,0.0001,1e-05,50.121,2.1399,0.6926
6416,stage2,4,0.08492196351289749,0.29945552349090576,0.0,0.08492196351289749,0.0001,1e-05,50.12,2.8194,0.6444
6417,stage2,4,0.07534480094909668,0.2833561599254608,0.0,0.07534480094909668,0.0001,1e-05,50.121,2.3153,0.6404
6418,stage2,4,0.07487668097019196,0.2720963954925537,0.0,0.07487668097019196,0.0001,1e-05,50.122,2.4445,0.6408
6419,stage2,4,0.07929752767086029,0.2846473753452301,0.0,0.07929752767086029,0.0001,1e-05,50.12,2.9878,0.6414
6420,stage2,4,0.08658004552125931,0.3001869320869446,0.0,0.08658004552125931,0.0001,1e-05,50.125,2.5961,0.6973
6421,stage2,4,0.07953222095966339,0.2869894206523895,0.0,0.07953222095966339,0.0001,1e-05,50.124,2.4512,0.6401
6422,stage2,4,0.07160766422748566,0.27328598499298096,0.0,0.07160766422748566,0.0001,1e-05,50.122,2.4074,3.9525
6423,stage2,4,0.08642355352640152,0.32783737778663635,0.0,0.08642355352640152,0.0001,1e-05,50.125,2.9394,0.709
6424,stage2,4,0.07762245088815689,0.2860807776451111,0.0,0.07762245088815689,0.0001,1e-05,50.12,2.3506,0.6388
6425,stage2,4,0.07974512875080109,0.2657541036605835,0.0,0.07974512875080109,0.0001,1e-05,50.121,2.2811,0.6621
6426,stage2,4,0.0809507668018341,0.29074519872665405,0.0,0.0809507668018341,0.0001,1e-05,50.124,3.035,0.6935
6427,stage2,4,0.06952627748250961,0.27434492111206055,0.0,0.06952627748250961,0.0001,1e-05,50.119,1.942,0.6417
6428,stage2,4,0.063759446144104,0.30541643500328064,0.0,0.063759446144104,0.0001,1e-05,50.12,1.7845,0.6426
6429,stage2,4,0.07446517795324326,0.27253246307373047,0.0,0.07446517795324326,0.0001,1e-05,50.12,2.2379,0.6422
6430,stage2,4,0.07585130631923676,0.2914449870586395,0.0,0.07585130631923676,0.0001,1e-05,50.121,2.2644,3.8505
6431,stage2,4,0.08296636492013931,0.2922617197036743,0.0,0.08296636492013931,0.0001,1e-05,50.118,2.8883,0.78
6432,stage2,4,0.07963988184928894,0.2641013562679291,0.0,0.07963988184928894,0.0001,1e-05,50.124,2.7654,0.6409
6433,stage2,4,0.06756005436182022,0.275519460439682,0.0,0.06756005436182022,0.0001,1e-05,50.12,2.2191,0.6354
6434,stage2,4,0.08468551188707352,0.2830013036727905,0.0,0.08468551188707352,0.0001,1e-05,50.123,3.3434,0.6636
6435,stage2,4,0.07347656786441803,0.3048814833164215,0.0,0.07347656786441803,0.0001,1e-05,50.121,2.6271,0.6361
6436,stage2,4,0.07664705067873001,0.2992015480995178,0.0,0.07664705067873001,0.0001,1e-05,50.12,2.8116,0.7302
6437,stage2,4,0.07535724341869354,0.29372936487197876,0.0,0.07535724341869354,0.0001,1e-05,50.122,2.2003,0.6336
6438,stage2,4,0.09023549407720566,0.26440680027008057,0.0,0.09023549407720566,0.0001,1e-05,50.121,2.6818,3.7612
6439,stage2,4,0.0839485451579094,0.2718765437602997,0.0,0.0839485451579094,0.0001,1e-05,50.117,2.5726,0.7001
6440,stage2,4,0.07962775975465775,0.2872210144996643,0.0,0.07962775975465775,0.0001,1e-05,50.12,2.5007,0.6405
6441,stage2,4,0.07002612948417664,0.24715104699134827,0.0,0.07002612948417664,0.0001,1e-05,50.122,2.1304,0.6983
6442,stage2,4,0.08537467569112778,0.2605203092098236,0.0,0.08537467569112778,0.0001,1e-05,50.12,2.6152,0.6362
6443,stage2,4,0.07953126728534698,0.2744969129562378,0.0,0.07953126728534698,0.0001,1e-05,50.119,2.2868,0.642
6444,stage2,4,0.0809657871723175,0.2672978639602661,0.0,0.0809657871723175,0.0001,1e-05,50.124,2.8002,0.6344
6445,stage2,4,0.08273398876190186,0.25544822216033936,0.0,0.08273398876190186,0.0001,1e-05,50.12,2.9853,0.6669
6446,stage2,4,0.08872628211975098,0.3034299910068512,0.0,0.08872628211975098,0.0001,1e-05,50.123,2.8771,4.0316
6447,stage2,4,0.08269764482975006,0.2640067934989929,0.0,0.08269764482975006,0.0001,1e-05,50.12,2.1096,0.6954
6448,stage2,4,0.09113223105669022,0.2932582199573517,0.0,0.09113223105669022,0.0001,1e-05,50.119,2.6375,0.6403
6449,stage2,4,0.08827613294124603,0.29967498779296875,0.0,0.08827613294124603,0.0001,1e-05,50.12,3.1547,0.6427
6450,stage2,4,0.07675713300704956,0.2836815118789673,0.0,0.07675713300704956,0.0001,1e-05,50.122,3.9968,0.6407
6451,stage2,4,0.08257962018251419,0.304387629032135,0.0,0.08257962018251419,0.0001,1e-05,50.122,2.6329,0.6419
6452,stage2,4,0.07680775225162506,0.3027978241443634,0.0,0.07680775225162506,0.0001,1e-05,50.121,2.231,0.6943
6453,stage2,4,0.07903240621089935,0.2667975127696991,0.0,0.07903240621089935,0.0001,1e-05,50.121,2.508,0.648
6454,stage2,4,0.07817951589822769,0.24788272380828857,0.0,0.07817951589822769,0.0001,1e-05,50.12,2.892,4.0288
6455,stage2,4,0.07848908007144928,0.3041871190071106,0.0,0.07848908007144928,0.0001,1e-05,50.12,2.4598,0.6409
6456,stage2,4,0.08149300515651703,0.257619172334671,0.0,0.08149300515651703,0.0001,1e-05,50.118,2.5754,0.6921
6457,stage2,4,0.08547203242778778,0.27046793699264526,0.0,0.08547203242778778,0.0001,1e-05,50.119,3.1817,0.6436
6458,stage2,4,0.07546450942754745,0.272664874792099,0.0,0.07546450942754745,0.0001,1e-05,50.12,2.1312,0.6416
6459,stage2,4,0.07810446619987488,0.24717459082603455,0.0,0.07810446619987488,0.0001,1e-05,50.122,2.1959,0.6421
6460,stage2,4,0.09021475166082382,0.26289787888526917,0.0,0.09021475166082382,0.0001,1e-05,50.121,3.2265,0.6408
6461,stage2,4,0.07600978016853333,0.27501431107521057,0.0,0.07600978016853333,0.0001,1e-05,50.118,2.9928,0.6457
6462,stage2,4,0.07714992016553879,0.2935831546783447,0.0,0.07714992016553879,0.0001,1e-05,50.12,2.9386,3.9113
6463,stage2,4,0.08028410375118256,0.28135672211647034,0.0,0.08028410375118256,0.0001,1e-05,50.121,3.0812,0.6937
6464,stage2,4,0.08340857923030853,0.26899656653404236,0.0,0.08340857923030853,0.0001,1e-05,50.119,2.6682,0.6408
6465,stage2,4,0.08607744425535202,0.3143722712993622,0.0,0.08607744425535202,0.0001,1e-05,50.12,2.4823,0.6455
6466,stage2,4,0.07846532762050629,0.25351929664611816,0.0,0.07846532762050629,0.0001,1e-05,50.119,2.8247,0.641
6467,stage2,4,0.08486932516098022,0.2794666588306427,0.0,0.08486932516098022,0.0001,1e-05,50.122,3.1111,0.6409
6468,stage2,4,0.09296213090419769,0.28415173292160034,0.0,0.09296213090419769,0.0001,1e-05,50.119,2.7752,0.6971
6469,stage2,4,0.08051539957523346,0.25930139422416687,0.0,0.08051539957523346,0.0001,1e-05,50.119,2.2409,0.6402
6470,stage2,4,0.08854032307863235,0.28945183753967285,0.0,0.08854032307863235,0.0001,1e-05,50.122,3.2063,3.8298
6471,stage2,4,0.07822471112012863,0.2859407663345337,0.0,0.07822471112012863,0.0001,1e-05,50.118,2.5997,0.6372
6472,stage2,4,0.08221202343702316,0.2892407178878784,0.0,0.08221202343702316,0.0001,1e-05,50.119,2.8326,0.6605
6473,stage2,4,0.0691058561205864,0.268364816904068,0.0,0.0691058561205864,0.0001,1e-05,50.123,2.2754,0.6572
6474,stage2,4,0.09775876253843307,0.2735290825366974,0.0,0.09775876253843307,0.0001,1e-05,50.122,4.164,0.6983
6475,stage2,4,0.07491356879472733,0.2619086802005768,0.0,0.07491356879472733,0.0001,1e-05,50.121,2.8082,0.6403
6476,stage2,4,0.06918434798717499,0.27927365899086,0.0,0.06918434798717499,0.0001,1e-05,50.12,2.4641,0.6415
6477,stage2,4,0.07495377212762833,0.2768357992172241,0.0,0.07495377212762833,0.0001,1e-05,50.121,2.7371,0.6418
6478,stage2,4,0.08383069187402725,0.2889402508735657,0.0,0.08383069187402725,0.0001,1e-05,50.12,3.0829,3.9559
6479,stage2,4,0.09304380416870117,0.2926570177078247,0.0,0.09304380416870117,0.0001,1e-05,50.123,3.6003,0.6917
6480,stage2,4,0.07066509872674942,0.2786741554737091,0.0,0.07066509872674942,0.0001,1e-05,50.12,2.269,0.6415
6481,stage2,4,0.07953181862831116,0.280757874250412,0.0,0.07953181862831116,0.0001,1e-05,50.119,2.7183,0.6422
6482,stage2,4,0.08946382999420166,0.25521036982536316,0.0,0.08946382999420166,0.0001,1e-05,50.12,2.9534,0.6424
6483,stage2,4,0.09012267738580704,0.27174970507621765,0.0,0.09012267738580704,0.0001,1e-05,50.123,2.7656,0.6421
6484,stage2,4,0.08051025122404099,0.25715863704681396,0.0,0.08051025122404099,0.0001,1e-05,50.12,2.6361,0.7017
6485,stage2,4,0.07572947442531586,0.2623544931411743,0.0,0.07572947442531586,0.0001,1e-05,50.123,2.2865,0.6457
6486,stage2,4,0.08117010444402695,0.2772303819656372,0.0,0.08117010444402695,0.0001,1e-05,50.12,2.4254,3.9337
6487,stage2,4,0.07759255170822144,0.2814320921897888,0.0,0.07759255170822144,0.0001,1e-05,50.121,2.2521,0.6454
6488,stage2,4,0.09762203693389893,0.2557295560836792,0.0,0.09762203693389893,0.0001,1e-05,50.12,2.603,0.6414
6489,stage2,4,0.08786533027887344,0.2835046350955963,0.0,0.08786533027887344,0.0001,1e-05,50.123,2.7929,0.694
6490,stage2,4,0.07254168391227722,0.2839698791503906,0.0,0.07254168391227722,0.0001,1e-05,50.121,2.3192,0.6423
6491,stage2,4,0.0900588110089302,0.26990753412246704,0.0,0.0900588110089302,0.0001,1e-05,50.12,2.6745,0.6419
6492,stage2,4,0.07489539682865143,0.25761812925338745,0.0,0.07489539682865143,0.0001,1e-05,50.121,2.0331,0.6419
6493,stage2,4,0.08376464992761612,0.29455697536468506,0.0,0.08376464992761612,0.0001,1e-05,50.123,2.3981,0.6418
6494,stage2,4,0.08449320495128632,0.27458542585372925,0.0,0.08449320495128632,0.0001,1e-05,50.121,2.4474,3.9732
6495,stage2,4,0.06944002956151962,0.2734426259994507,0.0,0.06944002956151962,0.0001,1e-05,50.124,2.8355,0.6956
6496,stage2,4,0.06801221519708633,0.27986618876457214,0.0,0.06801221519708633,0.0001,1e-05,50.121,2.5054,0.6391
6497,stage2,4,0.07202734798192978,0.2800135314464569,0.0,0.07202734798192978,0.0001,1e-05,50.119,2.1438,0.6417
6498,stage2,4,0.08096028864383698,0.265853613615036,0.0,0.08096028864383698,0.0001,1e-05,50.121,2.6459,0.6412
6499,stage2,4,0.08616270124912262,0.26872512698173523,0.0,0.08616270124912262,0.0001,1e-05,50.119,2.5932,0.6424
6500,stage2,4,0.07769408822059631,0.2840014696121216,0.0,0.07769408822059631,0.0001,1e-05,50.119,2.0683,0.7056
6501,stage2,4,0.07113006711006165,0.3099076747894287,0.0,0.07113006711006165,0.0001,1e-05,50.119,2.4525,0.6331
6502,stage2,4,0.08126728236675262,0.257005900144577,0.0,0.08126728236675262,0.0001,1e-05,50.119,3.0085,3.8354
6503,stage2,4,0.08107227832078934,0.2750806212425232,0.0,0.08107227832078934,0.0001,1e-05,50.12,2.3825,0.6396
6504,stage2,4,0.08849792182445526,0.2815738618373871,0.0,0.08849792182445526,0.0001,1e-05,50.121,2.5535,0.6409
6505,stage2,4,0.08476462215185165,0.2567281723022461,0.0,0.08476462215185165,0.0001,1e-05,50.121,2.2849,0.7045
6506,stage2,4,0.08643482625484467,0.2769402265548706,0.0,0.08643482625484467,0.0001,1e-05,50.123,3.0525,0.6386
6507,stage2,4,0.07793785631656647,0.2743590176105499,0.0,0.07793785631656647,0.0001,1e-05,50.118,2.3285,0.6421
6508,stage2,4,0.0749015286564827,0.2903953194618225,0.0,0.0749015286564827,0.0001,1e-05,50.119,2.2252,0.6428
6509,stage2,4,0.07301744073629379,0.2577221095561981,0.0,0.07301744073629379,0.0001,1e-05,50.12,2.3603,0.6479
6510,stage2,4,0.08351271599531174,0.28458285331726074,0.0,0.08351271599531174,0.0001,1e-05,50.12,2.723,3.9733
6511,stage2,4,0.09402725845575333,0.2593969702720642,0.0,0.09402725845575333,0.0001,1e-05,50.121,2.6977,0.6622
6512,stage2,4,0.0677824318408966,0.26495227217674255,0.0,0.0677824318408966,0.0001,1e-05,50.12,2.0175,0.6956
6513,stage2,4,0.07206352800130844,0.26426392793655396,0.0,0.07206352800130844,0.0001,1e-05,50.12,2.1397,0.6412
6514,stage2,4,0.08795604854822159,0.28977638483047485,0.0,0.08795604854822159,0.0001,1e-05,50.121,3.1516,0.6426
6515,stage2,4,0.08168604969978333,0.25370553135871887,0.0,0.08168604969978333,0.0001,1e-05,50.122,2.2538,0.6419
6516,stage2,4,0.10456430912017822,0.30340179800987244,0.0,0.10456430912017822,0.0001,1e-05,50.121,4.0887,0.648
6517,stage2,4,0.074591726064682,0.2816418409347534,0.0,0.074591726064682,0.0001,1e-05,50.121,2.4198,0.701
6518,stage2,4,0.07945277541875839,0.2927248477935791,0.0,0.07945277541875839,0.0001,1e-05,50.119,2.5501,3.8933
6519,stage2,4,0.08935117721557617,0.26389357447624207,0.0,0.08935117721557617,0.0001,1e-05,50.121,2.2718,0.641
6520,stage2,4,0.07794368267059326,0.291201114654541,0.0,0.07794368267059326,0.0001,1e-05,50.121,2.7858,0.6458
6521,stage2,4,0.0873900055885315,0.263178288936615,0.0,0.0873900055885315,0.0001,1e-05,50.123,2.5661,0.6423
6522,stage2,4,0.07148626446723938,0.2749806344509125,0.0,0.07148626446723938,0.0001,1e-05,50.122,2.3319,0.6971
6523,stage2,4,0.0895656868815422,0.26320409774780273,0.0,0.0895656868815422,0.0001,1e-05,50.122,2.2055,0.6419
6524,stage2,4,0.08151168376207352,0.258021742105484,0.0,0.08151168376207352,0.0001,1e-05,50.122,2.5113,0.6421
6525,stage2,4,0.07733673602342606,0.28562942147254944,0.0,0.07733673602342606,0.0001,1e-05,50.122,2.3282,0.6441
6526,stage2,4,0.07520665228366852,0.26654180884361267,0.0,0.07520665228366852,0.0001,1e-05,50.123,2.4193,3.9561
6527,stage2,4,0.08310672640800476,0.28860315680503845,0.0,0.08310672640800476,0.0001,1e-05,50.121,2.9797,0.6737
6528,stage2,4,0.07290800660848618,0.2711334526538849,0.0,0.07290800660848618,0.0001,1e-05,50.118,2.7093,0.6409
6529,stage2,4,0.08064534515142441,0.2744428217411041,0.0,0.08064534515142441,0.0001,1e-05,50.121,2.1719,0.6409
6530,stage2,4,0.07567919045686722,0.2644461989402771,0.0,0.07567919045686722,0.0001,1e-05,50.12,2.2656,0.64
6531,stage2,4,0.08306482434272766,0.29707783460617065,0.0,0.08306482434272766,0.0001,1e-05,50.119,2.8044,0.646
6532,stage2,4,0.07348812371492386,0.24285320937633514,0.0,0.07348812371492386,0.0001,1e-05,50.118,2.4274,0.6356
6533,stage2,4,0.06637994945049286,0.3135097920894623,0.0,0.06637994945049286,0.0001,1e-05,50.119,2.58,0.6831
6534,stage2,4,0.07597716897726059,0.22786864638328552,0.0,0.07597716897726059,0.0001,1e-05,50.12,2.0298,3.9279
6535,stage2,4,0.0788121223449707,0.2736418545246124,0.0,0.0788121223449707,0.0001,1e-05,50.119,2.6089,0.6401
6536,stage2,4,0.07670212537050247,0.27368250489234924,0.0,0.07670212537050247,0.0001,1e-05,50.119,2.2553,0.6416
6537,stage2,4,0.07012688368558884,0.26965558528900146,0.0,0.07012688368558884,0.0001,1e-05,50.12,2.418,0.6415
6538,stage2,4,0.08509040623903275,0.28116554021835327,0.0,0.08509040623903275,0.0001,1e-05,50.119,2.8333,0.7
6539,stage2,4,0.08288153260946274,0.3248085677623749,0.0,0.08288153260946274,0.0001,1e-05,50.119,2.9286,0.6375
6540,stage2,4,0.07236003875732422,0.2747874855995178,0.0,0.07236003875732422,0.0001,1e-05,50.116,2.3671,0.6417
6541,stage2,4,0.08239351958036423,0.2588900625705719,0.0,0.08239351958036423,0.0001,1e-05,50.118,2.3195,0.6433
6542,stage2,4,0.08146404474973679,0.26189491152763367,0.0,0.08146404474973679,0.0001,1e-05,50.12,2.2275,3.9886
6543,stage2,4,0.07061558216810226,0.2746608853340149,0.0,0.07061558216810226,0.0001,1e-05,50.121,2.5691,0.6932
6544,stage2,4,0.06994789093732834,0.2879507839679718,0.0,0.06994789093732834,0.0001,1e-05,50.118,2.1451,0.6392
6545,stage2,4,0.08631308376789093,0.31487390398979187,0.0,0.08631308376789093,0.0001,1e-05,50.12,2.8952,0.6412
6546,stage2,4,0.07978922128677368,0.26096224784851074,0.0,0.07978922128677368,0.0001,1e-05,50.123,2.4636,0.6444
6547,stage2,4,0.07626765221357346,0.2868291139602661,0.0,0.07626765221357346,0.0001,1e-05,50.12,2.3462,0.6413
6548,stage2,4,0.08359529078006744,0.27621373534202576,0.0,0.08359529078006744,0.0001,1e-05,50.12,2.7372,0.697
6549,stage2,4,0.08500789105892181,0.2736927270889282,0.0,0.08500789105892181,0.0001,1e-05,50.121,2.4181,0.6409
6550,stage2,4,0.07265592366456985,0.25300854444503784,0.0,0.07265592366456985,0.0001,1e-05,50.118,2.1994,3.971
6551,stage2,4,0.08179597556591034,0.26927831768989563,0.0,0.08179597556591034,0.0001,1e-05,50.12,2.5651,0.6395
6552,stage2,4,0.08408637344837189,0.27400729060173035,0.0,0.08408637344837189,0.0001,1e-05,50.12,2.4593,0.6466
6553,stage2,4,0.07601328194141388,0.3156893253326416,0.0,0.07601328194141388,0.0001,1e-05,50.118,2.1813,0.6415
6554,stage2,4,0.0762038305401802,0.28994813561439514,0.0,0.0762038305401802,0.0001,1e-05,50.12,3.0198,0.6785
6555,stage2,4,0.07378192991018295,0.2823530435562134,0.0,0.07378192991018295,0.0001,1e-05,50.12,2.2396,0.6582
6556,stage2,4,0.07357513904571533,0.3005015254020691,0.0,0.07357513904571533,0.0001,1e-05,50.123,2.3805,0.6423
6557,stage2,4,0.0754016861319542,0.2840946316719055,0.0,0.0754016861319542,0.0001,1e-05,50.123,2.0115,0.6426
6558,stage2,4,0.08075308054685593,0.2857634723186493,0.0,0.08075308054685593,0.0001,1e-05,50.119,2.7574,3.8805
6559,stage2,4,0.0711609497666359,0.28967198729515076,0.0,0.0711609497666359,0.0001,1e-05,50.121,2.096,0.6404
6560,stage2,4,0.08538789302110672,0.28501376509666443,0.0,0.08538789302110672,0.0001,1e-05,50.122,2.7671,0.6956
6561,stage2,4,0.08549566566944122,0.2689823806285858,0.0,0.08549566566944122,0.0001,1e-05,50.12,2.772,0.6413
6562,stage2,4,0.07754448056221008,0.30661123991012573,0.0,0.07754448056221008,0.0001,1e-05,50.121,2.902,0.6424
6563,stage2,4,0.0788523256778717,0.26914364099502563,0.0,0.0788523256778717,0.0001,1e-05,50.12,2.484,0.6418
6564,stage2,4,0.08173037320375443,0.28539806604385376,0.0,0.08173037320375443,0.0001,1e-05,50.12,2.748,0.6469
6565,stage2,4,0.07572261244058609,0.3071688413619995,0.0,0.07572261244058609,0.0001,1e-05,50.119,2.8854,0.6983
6566,stage2,4,0.08468114584684372,0.25378358364105225,0.0,0.08468114584684372,0.0001,1e-05,50.121,2.5174,3.787
6567,stage2,4,0.08800801634788513,0.28564006090164185,0.0,0.08800801634788513,0.0001,1e-05,50.122,2.6014,0.6397
6568,stage2,4,0.07749925553798676,0.2800965905189514,0.0,0.07749925553798676,0.0001,1e-05,50.124,2.5705,0.6416
6569,stage2,4,0.08077280223369598,0.26716145873069763,0.0,0.08077280223369598,0.0001,1e-05,50.121,2.1975,0.642
6570,stage2,4,0.0681149959564209,0.28687572479248047,0.0,0.0681149959564209,0.0001,1e-05,50.122,2.7365,0.6406
6571,stage2,4,0.07402939349412918,0.28251636028289795,0.0,0.07402939349412918,0.0001,1e-05,50.118,2.232,0.6932
6572,stage2,4,0.08161064982414246,0.26706036925315857,0.0,0.08161064982414246,0.0001,1e-05,50.119,3.1352,0.6332
6573,stage2,4,0.0841430127620697,0.30681848526000977,0.0,0.0841430127620697,0.0001,1e-05,50.118,2.6665,0.6614
6574,stage2,4,0.07819033414125443,0.2558746039867401,0.0,0.07819033414125443,0.0001,1e-05,50.121,2.5229,3.957
6575,stage2,4,0.08484437316656113,0.26200243830680847,0.0,0.08484437316656113,0.0001,1e-05,50.119,3.094,0.6566
6576,stage2,4,0.07630331069231033,0.2768932580947876,0.0,0.07630331069231033,0.0001,1e-05,50.118,2.5377,0.7014
6577,stage2,4,0.08037437498569489,0.2503907084465027,0.0,0.08037437498569489,0.0001,1e-05,50.117,2.6863,0.6516
6578,stage2,4,0.08260903507471085,0.26429274678230286,0.0,0.08260903507471085,0.0001,1e-05,50.121,2.7282,0.7118
6579,stage2,4,0.0828409194946289,0.29402080178260803,0.0,0.0828409194946289,0.0001,1e-05,50.119,2.3684,0.8598
6580,stage2,4,0.08647145330905914,0.29544052481651306,0.0,0.08647145330905914,0.0001,1e-05,50.12,2.9136,0.7019
6581,stage2,4,0.07386830449104309,0.2753436267375946,0.0,0.07386830449104309,0.0001,1e-05,50.12,2.186,0.6606
6582,stage2,4,0.09037493169307709,0.2573450803756714,0.0,0.09037493169307709,0.0001,1e-05,50.123,3.0721,3.9587
6583,stage2,4,0.07923883199691772,0.279585063457489,0.0,0.07923883199691772,0.0001,1e-05,50.121,2.2941,0.6532
6584,stage2,4,0.09201335906982422,0.2782515585422516,0.0,0.09201335906982422,0.0001,1e-05,50.121,3.0075,0.7093
6585,stage2,4,0.09347209334373474,0.261353999376297,0.0,0.09347209334373474,0.0001,1e-05,50.118,2.8317,0.6573
6586,stage2,4,0.07489388436079025,0.29923704266548157,0.0,0.07489388436079025,0.0001,1e-05,50.117,2.5689,0.7204
6587,stage2,4,0.06908579170703888,0.2751230001449585,0.0,0.06908579170703888,0.0001,1e-05,50.116,2.2519,0.8612
6588,stage2,4,0.08104588836431503,0.28950047492980957,0.0,0.08104588836431503,0.0001,1e-05,50.119,2.4425,0.7124
6589,stage2,4,0.0832817554473877,0.2917536795139313,0.0,0.0832817554473877,0.0001,1e-05,50.118,2.5217,0.6652
6590,stage2,4,0.08249033987522125,0.25846192240715027,0.0,0.08249033987522125,0.0001,1e-05,50.119,2.2968,3.7845
6591,stage2,4,0.07731252163648605,0.27932968735694885,0.0,0.07731252163648605,0.0001,1e-05,50.118,2.4382,0.7144
6592,stage2,4,0.08620041608810425,0.30707886815071106,0.0,0.08620041608810425,0.0001,1e-05,50.121,2.4253,0.6551
6593,stage2,4,0.07492012530565262,0.2856605052947998,0.0,0.07492012530565262,0.0001,1e-05,50.117,2.6954,0.7054
6594,stage2,4,0.0861300528049469,0.24929861724376678,0.0,0.0861300528049469,0.0001,1e-05,50.118,3.0351,0.6628
6595,stage2,4,0.07643487304449081,0.29990509152412415,0.0,0.07643487304449081,0.0001,1e-05,50.12,2.6037,1.0592
6596,stage2,4,0.075018510222435,0.26506662368774414,0.0,0.075018510222435,0.0001,1e-05,50.117,2.5899,0.7212
6597,stage2,4,0.08105317503213882,0.26773154735565186,0.0,0.08105317503213882,0.0001,1e-05,50.122,2.2723,0.653
6598,stage2,4,0.08061348646879196,0.2805081009864807,0.0,0.08061348646879196,0.0001,1e-05,50.123,2.9061,3.8074
6599,stage2,4,0.0769079402089119,0.2777130603790283,0.0,0.0769079402089119,0.0001,1e-05,50.123,2.6662,0.7107
6600,stage2,4,0.06674592196941376,0.2856979966163635,0.0,0.06674592196941376,0.0001,1e-05,50.119,1.9676,0.6547
6601,stage2,4,0.07930200546979904,0.28940579295158386,0.0,0.07930200546979904,0.0001,1e-05,50.123,2.7289,0.7241
6602,stage2,4,0.07303135097026825,0.2817979156970978,0.0,0.07303135097026825,0.0001,1e-05,50.122,2.7212,0.6482
6603,stage2,4,0.07623255997896194,0.27393439412117004,0.0,0.07623255997896194,0.0001,1e-05,50.12,3.8833,1.1094
6604,stage2,4,0.08026748150587082,0.2629663944244385,0.0,0.08026748150587082,0.0001,1e-05,50.116,2.7426,0.6569
6605,stage2,4,0.08299682289361954,0.28687697649002075,0.0,0.08299682289361954,0.0001,1e-05,50.122,2.4466,0.7028
6606,stage2,4,0.08274578303098679,0.25381699204444885,0.0,0.08274578303098679,0.0001,1e-05,50.119,2.4184,3.6491
6607,stage2,4,0.07826288044452667,0.2562030255794525,0.0,0.07826288044452667,0.0001,1e-05,50.122,2.7599,0.6472
6608,stage2,4,0.0969785526394844,0.275532990694046,0.0,0.0969785526394844,0.0001,1e-05,50.118,3.3387,0.7114
6609,stage2,4,0.08062213659286499,0.2557481527328491,0.0,0.08062213659286499,0.0001,1e-05,50.12,3.131,0.6453
6610,stage2,4,0.07740756869316101,0.26419568061828613,0.0,0.07740756869316101,0.0001,1e-05,50.119,2.6858,0.6569
6611,stage2,4,0.0805588886141777,0.2508717477321625,0.0,0.0805588886141777,0.0001,1e-05,50.119,3.0212,1.0803
6612,stage2,4,0.07560083270072937,0.30223405361175537,0.0,0.07560083270072937,0.0001,1e-05,50.12,2.2145,0.7111
6613,stage2,4,0.08184702694416046,0.23873838782310486,0.0,0.08184702694416046,0.0001,1e-05,50.119,2.5765,0.6587
6614,stage2,4,0.09051468223333359,0.2785917818546295,0.0,0.09051468223333359,0.0001,1e-05,50.121,2.7171,3.597
6615,stage2,4,0.10445503890514374,0.30084192752838135,0.0,0.10445503890514374,0.0001,1e-05,50.12,2.7706,0.7616
6616,stage2,4,0.08519420027732849,0.2573968470096588,0.0,0.08519420027732849,0.0001,1e-05,50.118,3.1246,0.6603
6617,stage2,4,0.07666323333978653,0.2604815363883972,0.0,0.07666323333978653,0.0001,1e-05,50.119,2.1191,0.7124
6618,stage2,4,0.08376722037792206,0.290773868560791,0.0,0.08376722037792206,0.0001,1e-05,50.12,2.473,0.6529
6619,stage2,4,0.08314305543899536,0.27147597074508667,0.0,0.08314305543899536,0.0001,1e-05,50.119,3.0161,1.1372
6620,stage2,4,0.07767556607723236,0.2947564423084259,0.0,0.07767556607723236,0.0001,1e-05,50.118,2.6095,0.7118
6621,stage2,4,0.07522077113389969,0.2884555459022522,0.0,0.07522077113389969,0.0001,1e-05,50.118,2.6952,0.6568
6622,stage2,4,0.0690472275018692,0.2656818926334381,0.0,0.0690472275018692,0.0001,1e-05,50.118,2.3132,3.4128
6623,stage2,4,0.07973846048116684,0.25850433111190796,0.0,0.07973846048116684,0.0001,1e-05,50.121,2.5691,0.8571
6624,stage2,4,0.08385799080133438,0.2503373622894287,0.0,0.08385799080133438,0.0001,1e-05,50.122,2.7725,0.6533
6625,stage2,4,0.07637282460927963,0.27322736382484436,0.0,0.07637282460927963,0.0001,1e-05,50.119,2.7123,0.6635
6626,stage2,4,0.08890411257743835,0.2923472225666046,0.0,0.08890411257743835,0.0001,1e-05,50.119,2.3833,0.7009
6627,stage2,4,0.07130705565214157,0.27868813276290894,0.0,0.07130705565214157,0.0001,1e-05,50.123,2.2306,1.3085
6628,stage2,4,0.08045051246881485,0.2797563672065735,0.0,0.08045051246881485,0.0001,1e-05,50.121,2.5639,0.6606
6629,stage2,4,0.08775234967470169,0.2515477240085602,0.0,0.08775234967470169,0.0001,1e-05,50.118,2.5572,0.7056
6630,stage2,4,0.07676428556442261,0.2796960473060608,0.0,0.07676428556442261,0.0001,1e-05,50.124,2.5447,3.3718
6631,stage2,4,0.0802813395857811,0.2844793498516083,0.0,0.0802813395857811,0.0001,1e-05,50.117,2.2846,0.7357
6632,stage2,4,0.08200719207525253,0.27076831459999084,0.0,0.08200719207525253,0.0001,1e-05,50.122,2.4168,0.6737
6633,stage2,4,0.066945381462574,0.25776907801628113,0.0,0.066945381462574,0.0001,1e-05,50.118,2.3774,0.6809
6634,stage2,4,0.09459051489830017,0.28194475173950195,0.0,0.09459051489830017,0.0001,1e-05,50.12,3.3485,0.6587
6635,stage2,4,0.07578198611736298,0.2800942361354828,0.0,0.07578198611736298,0.0001,1e-05,50.121,2.4326,1.2735
6636,stage2,4,0.09495266526937485,0.2685222625732422,0.0,0.09495266526937485,0.0001,1e-05,50.123,2.733,0.6363
6637,stage2,4,0.07297489047050476,0.2734421491622925,0.0,0.07297489047050476,0.0001,1e-05,50.12,2.8714,0.7304
6638,stage2,4,0.07768602669239044,0.28254544734954834,0.0,0.07768602669239044,0.0001,1e-05,50.121,2.2696,3.3076
6639,stage2,4,0.0799780860543251,0.25556591153144836,0.0,0.0799780860543251,0.0001,1e-05,50.121,2.6725,0.8115
6640,stage2,4,0.07782919704914093,0.27663204073905945,0.0,0.07782919704914093,0.0001,1e-05,50.122,2.1006,0.6579
6641,stage2,4,0.07897917926311493,0.28809696435928345,0.0,0.07897917926311493,0.0001,1e-05,50.121,2.8231,0.7101
6642,stage2,4,0.08284494280815125,0.30060529708862305,0.0,0.08284494280815125,0.0001,1e-05,50.12,2.3813,0.6674
6643,stage2,4,0.08072023093700409,0.28812673687934875,0.0,0.08072023093700409,0.0001,1e-05,50.123,2.5898,1.3703
6644,stage2,4,0.08340554684400558,0.28908565640449524,0.0,0.08340554684400558,0.0001,1e-05,50.121,2.423,0.6515
6645,stage2,4,0.07071039080619812,0.2724350690841675,0.0,0.07071039080619812,0.0001,1e-05,50.121,2.4107,0.7113
6646,stage2,4,0.0716172456741333,0.2712661623954773,0.0,0.0716172456741333,0.0001,1e-05,50.122,2.3089,3.3861
6647,stage2,4,0.07598383724689484,0.30095040798187256,0.0,0.07598383724689484,0.0001,1e-05,50.12,2.7212,0.7054
6648,stage2,4,0.07519083470106125,0.25861284136772156,0.0,0.07519083470106125,0.0001,1e-05,50.122,2.4077,0.6517
6649,stage2,4,0.10230528563261032,0.2803072929382324,0.0,0.10230528563261032,0.0001,1e-05,50.119,3.2,0.7102
6650,stage2,4,0.08041508495807648,0.2833510637283325,0.0,0.08041508495807648,0.0001,1e-05,50.122,2.1695,0.6586
6651,stage2,4,0.07264390587806702,0.2707110047340393,0.0,0.07264390587806702,0.0001,1e-05,50.12,2.152,1.3241
6652,stage2,4,0.07879666239023209,0.28622937202453613,0.0,0.07879666239023209,0.0001,1e-05,50.121,2.588,0.6612
6653,stage2,4,0.0811835452914238,0.2550458610057831,0.0,0.0811835452914238,0.0001,1e-05,50.12,3.2813,0.6358
6654,stage2,4,0.07649152725934982,0.27396100759506226,0.0,0.07649152725934982,0.0001,1e-05,50.121,2.6545,3.5095
6655,stage2,4,0.08516345173120499,0.25265225768089294,0.0,0.08516345173120499,0.0001,1e-05,50.121,2.6827,0.6551
6656,stage2,4,0.07355740666389465,0.265655517578125,0.0,0.07355740666389465,0.0001,1e-05,50.121,2.2048,0.7092
6657,stage2,4,0.08366632461547852,0.25757601857185364,0.0,0.08366632461547852,0.0001,1e-05,50.117,3.3506,0.6664
6658,stage2,4,0.08292967081069946,0.26947635412216187,0.0,0.08292967081069946,0.0001,1e-05,50.122,2.9887,0.7126
6659,stage2,4,0.08728386461734772,0.25600939989089966,0.0,0.08728386461734772,0.0001,1e-05,50.12,3.5731,1.2769
6660,stage2,4,0.08650369197130203,0.258907288312912,0.0,0.08650369197130203,0.0001,1e-05,50.121,2.9172,0.6537
6661,stage2,4,0.08541885763406754,0.2563384175300598,0.0,0.08541885763406754,0.0001,1e-05,50.12,2.904,0.6579
6662,stage2,4,0.07985636591911316,0.23909544944763184,0.0,0.07985636591911316,0.0001,1e-05,50.121,2.146,3.3848
6663,stage2,4,0.07880695909261703,0.29976794123649597,0.0,0.07880695909261703,0.0001,1e-05,50.118,2.4927,0.7057
6664,stage2,4,0.07291042059659958,0.2600502073764801,0.0,0.07291042059659958,0.0001,1e-05,50.12,2.3072,0.6538
6665,stage2,4,0.08782333135604858,0.30120861530303955,0.0,0.08782333135604858,0.0001,1e-05,50.12,3.3359,0.7109
6666,stage2,4,0.09312393516302109,0.3001100420951843,0.0,0.09312393516302109,0.0001,1e-05,50.12,2.7552,0.6591
6667,stage2,4,0.07922973483800888,0.313971608877182,0.0,0.07922973483800888,0.0001,1e-05,50.117,2.6341,1.3036
6668,stage2,4,0.07766838371753693,0.2862703800201416,0.0,0.07766838371753693,0.0001,1e-05,50.12,2.3121,0.6923
6669,stage2,4,0.08888223022222519,0.275511234998703,0.0,0.08888223022222519,0.0001,1e-05,50.121,3.0231,0.6768
6670,stage2,4,0.07849936932325363,0.29981210827827454,0.0,0.07849936932325363,0.0001,1e-05,50.116,2.3749,3.4788
6671,stage2,4,0.0834832563996315,0.29025813937187195,0.0,0.0834832563996315,0.0001,1e-05,50.121,2.8457,0.6502
6672,stage2,4,0.07052308320999146,0.26137396693229675,0.0,0.07052308320999146,0.0001,1e-05,50.123,2.0814,0.7247
6673,stage2,4,0.08051113784313202,0.26646193861961365,0.0,0.08051113784313202,0.0001,1e-05,50.124,2.5583,0.6504
6674,stage2,4,0.07882696390151978,0.27230677008628845,0.0,0.07882696390151978,0.0001,1e-05,50.119,2.975,0.6568
6675,stage2,4,0.08091224730014801,0.26163479685783386,0.0,0.08091224730014801,0.0001,1e-05,50.122,2.453,1.4648
6676,stage2,4,0.09599744528532028,0.2692604660987854,0.0,0.09599744528532028,0.0001,1e-05,50.12,3.6971,0.6511
6677,stage2,4,0.07951174676418304,0.25784987211227417,0.0,0.07951174676418304,0.0001,1e-05,50.12,2.6513,0.6629
6678,stage2,4,0.09247434884309769,0.26909834146499634,0.0,0.09247434884309769,0.0001,1e-05,50.12,3.3185,3.2307
6679,stage2,4,0.0751185491681099,0.29071739315986633,0.0,0.0751185491681099,0.0001,1e-05,50.12,2.352,0.8429
6680,stage2,4,0.08094765990972519,0.27692463994026184,0.0,0.08094765990972519,0.0001,1e-05,50.121,2.6965,0.6504
6681,stage2,4,0.07857446372509003,0.2517792582511902,0.0,0.07857446372509003,0.0001,1e-05,50.118,2.487,0.7149
6682,stage2,4,0.08042316883802414,0.24117696285247803,0.0,0.08042316883802414,0.0001,1e-05,50.124,2.5466,0.6559
6683,stage2,4,0.0862850770354271,0.2541881203651428,0.0,0.0862850770354271,0.0001,1e-05,50.125,2.9283,1.5509
6684,stage2,4,0.0831841379404068,0.281721293926239,0.0,0.0831841379404068,0.0001,1e-05,50.12,2.6007,0.6584
6685,stage2,4,0.0942126139998436,0.25657668709754944,0.0,0.0942126139998436,0.0001,1e-05,50.125,3.849,0.7191
6686,stage2,4,0.0773545429110527,0.2966119349002838,0.0,0.0773545429110527,0.0001,1e-05,50.122,2.8717,3.0175
6687,stage2,4,0.09472569078207016,0.2666454613208771,0.0,0.09472569078207016,0.0001,1e-05,50.124,3.3084,0.7138
6688,stage2,4,0.06978007405996323,0.28000980615615845,0.0,0.06978007405996323,0.0001,1e-05,50.124,1.9563,0.6501
6689,stage2,4,0.0835341289639473,0.271083801984787,0.0,0.0835341289639473,0.0001,1e-05,50.121,2.3988,0.7163
6690,stage2,4,0.0808081105351448,0.26020485162734985,0.0,0.0808081105351448,0.0001,1e-05,50.122,2.4693,0.6582
6691,stage2,4,0.06996969133615494,0.30868637561798096,0.0,0.06996969133615494,0.0001,1e-05,50.12,2.4372,1.7544
6692,stage2,4,0.08469636738300323,0.2711869776248932,0.0,0.08469636738300323,0.0001,1e-05,50.124,2.9239,0.7088
6693,stage2,4,0.08285849541425705,0.2491178959608078,0.0,0.08285849541425705,0.0001,1e-05,50.121,2.6063,0.6557
6694,stage2,4,0.08737381547689438,0.2951132357120514,0.0,0.08737381547689438,0.0001,1e-05,50.125,2.3291,3.018
6695,stage2,4,0.08843594789505005,0.2653144299983978,0.0,0.08843594789505005,0.0001,1e-05,50.124,2.5558,0.6565
6696,stage2,4,0.08760996162891388,0.3073507845401764,0.0,0.08760996162891388,0.0001,1e-05,50.123,2.5046,0.7081
6697,stage2,4,0.07486272603273392,0.2975151538848877,0.0,0.07486272603273392,0.0001,1e-05,50.121,2.3646,0.6582
6698,stage2,4,0.07930127531290054,0.2666659951210022,0.0,0.07930127531290054,0.0001,1e-05,50.123,2.5083,0.7099
6699,stage2,4,0.06520619243383408,0.2738736569881439,0.0,0.06520619243383408,0.0001,1e-05,50.122,2.4176,1.7018
6700,stage2,4,0.08012090623378754,0.30961135029792786,0.0,0.08012090623378754,0.0001,1e-05,50.126,2.6075,0.6624
6701,stage2,4,0.06508220732212067,0.28340229392051697,0.0,0.06508220732212067,0.0001,1e-05,50.121,2.373,0.709
6702,stage2,4,0.0795670822262764,0.28150466084480286,0.0,0.0795670822262764,0.0001,1e-05,50.117,2.6122,3.0155
6703,stage2,4,0.07683532685041428,0.2953643500804901,0.0,0.07683532685041428,0.0001,1e-05,50.124,2.6107,0.7066
6704,stage2,4,0.09260733425617218,0.2834089696407318,0.0,0.09260733425617218,0.0001,1e-05,50.122,2.989,0.6587
6705,stage2,4,0.06453176587820053,0.27912628650665283,0.0,0.06453176587820053,0.0001,1e-05,50.121,1.9351,0.7103
6706,stage2,4,0.07546178251504898,0.2919134199619293,0.0,0.07546178251504898,0.0001,1e-05,50.123,2.3961,0.6525
6707,stage2,4,0.0832214206457138,0.29580265283584595,0.0,0.0832214206457138,0.0001,1e-05,50.125,2.3698,1.6256
6708,stage2,4,0.07659724354743958,0.2756366431713104,0.0,0.07659724354743958,0.0001,1e-05,50.125,2.3521,0.7099
6709,stage2,4,0.08307833969593048,0.2539220154285431,0.0,0.08307833969593048,0.0001,1e-05,50.123,2.2169,0.6542
6710,stage2,4,0.07846711575984955,0.277660608291626,0.0,0.07846711575984955,0.0001,1e-05,50.12,2.8562,3.0764
6711,stage2,4,0.07527895271778107,0.286492258310318,0.0,0.07527895271778107,0.0001,1e-05,50.122,2.512,0.6605
6712,stage2,4,0.07583726197481155,0.278499573469162,0.0,0.07583726197481155,0.0001,1e-05,50.125,2.5413,0.7015
6713,stage2,4,0.0787692740559578,0.26906493306159973,0.0,0.0787692740559578,0.0001,1e-05,50.124,2.3914,0.6556
6714,stage2,4,0.06527971476316452,0.28328558802604675,0.0,0.06527971476316452,0.0001,1e-05,50.121,1.9456,0.7097
6715,stage2,4,0.08777331560850143,0.26154154539108276,0.0,0.08777331560850143,0.0001,1e-05,50.122,2.819,1.6145
6716,stage2,4,0.06763020157814026,0.2812662124633789,0.0,0.06763020157814026,0.0001,1e-05,50.121,2.4645,0.6608
6717,stage2,4,0.07644124329090118,0.26872140169143677,0.0,0.07644124329090118,0.0001,1e-05,50.121,2.5417,0.7223
6718,stage2,4,0.08606447279453278,0.3110884428024292,0.0,0.08606447279453278,0.0001,1e-05,50.121,2.492,3.1044
6719,stage2,4,0.09095976501703262,0.30504700541496277,0.0,0.09095976501703262,0.0001,1e-05,50.123,3.0781,0.6387
6720,stage2,4,0.09783660620450974,0.28864675760269165,0.0,0.09783660620450974,0.0001,1e-05,50.12,3.1136,0.6776
6721,stage2,4,0.08197853714227676,0.295562744140625,0.0,0.08197853714227676,0.0001,1e-05,50.12,2.7994,0.6919
6722,stage2,4,0.06745582073926926,0.29354947805404663,0.0,0.06745582073926926,0.0001,1e-05,50.12,2.3501,0.6635
6723,stage2,4,0.08082901686429977,0.28975141048431396,0.0,0.08082901686429977,0.0001,1e-05,50.121,2.3276,1.6854
6724,stage2,4,0.07224196195602417,0.26838332414627075,0.0,0.07224196195602417,0.0001,1e-05,50.121,2.2147,0.6644
6725,stage2,4,0.08249666541814804,0.2789972722530365,0.0,0.08249666541814804,0.0001,1e-05,50.123,2.2654,0.7185
6726,stage2,4,0.07643382996320724,0.2987805902957916,0.0,0.07643382996320724,0.0001,1e-05,50.121,2.5231,3.1552
6727,stage2,4,0.07648809999227524,0.2871691882610321,0.0,0.07648809999227524,0.0001,1e-05,50.122,2.1202,0.638
6728,stage2,4,0.08689682185649872,0.2682743966579437,0.0,0.08689682185649872,0.0001,1e-05,50.124,2.8981,0.7199
6729,stage2,4,0.08360878378152847,0.24000681936740875,0.0,0.08360878378152847,0.0001,1e-05,50.123,2.8941,0.6554
6730,stage2,4,0.08546368032693863,0.29966989159584045,0.0,0.08546368032693863,0.0001,1e-05,50.125,2.5346,0.6558
6731,stage2,4,0.08115337789058685,0.25658896565437317,0.0,0.08115337789058685,0.0001,1e-05,50.123,2.6093,1.7217
6732,stage2,4,0.07515377551317215,0.28184041380882263,0.0,0.07515377551317215,0.0001,1e-05,50.122,2.3424,0.6578
6733,stage2,4,0.06945736706256866,0.272996187210083,0.0,0.06945736706256866,0.0001,1e-05,50.121,2.4649,0.6747
6734,stage2,4,0.08645375818014145,0.3001832962036133,0.0,0.08645375818014145,0.0001,1e-05,50.119,2.7927,3.1589
6735,stage2,4,0.08616199344396591,0.2792103886604309,0.0,0.08616199344396591,0.0001,1e-05,50.121,2.5948,0.6594
6736,stage2,4,0.09277968108654022,0.27595552802085876,0.0,0.09277968108654022,0.0001,1e-05,50.121,2.5571,0.6438
6737,stage2,4,0.07130864262580872,0.27545449137687683,0.0,0.07130864262580872,0.0001,1e-05,50.123,2.2114,0.6664
6738,stage2,4,0.0735415518283844,0.28235554695129395,0.0,0.0735415518283844,0.0001,1e-05,50.122,2.1146,0.6971
6739,stage2,4,0.07036914676427841,0.3226899802684784,0.0,0.07036914676427841,0.0001,1e-05,50.123,2.4878,1.5642
6740,stage2,4,0.08378376811742783,0.2593481242656708,0.0,0.08378376811742783,0.0001,1e-05,50.123,2.367,0.6431
6741,stage2,4,0.07574760168790817,0.30089229345321655,0.0,0.07574760168790817,0.0001,1e-05,50.119,2.2857,0.7042
6742,stage2,4,0.08120038360357285,0.2886515259742737,0.0,0.08120038360357285,0.0001,1e-05,50.122,2.5593,2.9448
6743,stage2,4,0.09815412014722824,0.2592238187789917,0.0,0.09815412014722824,0.0001,1e-05,50.122,2.5698,0.6969
6744,stage2,4,0.08219611644744873,0.27864590287208557,0.0,0.08219611644744873,0.0001,1e-05,50.125,2.677,0.6439
6745,stage2,4,0.07912495732307434,0.28073614835739136,0.0,0.07912495732307434,0.0001,1e-05,50.122,2.9166,0.6504
6746,stage2,4,0.08065205067396164,0.27259138226509094,0.0,0.08065205067396164,0.0001,1e-05,50.124,2.2148,0.6449
6747,stage2,4,0.08035191148519516,0.25450029969215393,0.0,0.08035191148519516,0.0001,1e-05,50.123,2.2495,1.6656
6748,stage2,4,0.07566462457180023,0.2643200159072876,0.0,0.07566462457180023,0.0001,1e-05,50.12,2.4237,0.6452
6749,stage2,4,0.06998497247695923,0.29673558473587036,0.0,0.06998497247695923,0.0001,1e-05,50.122,2.472,0.6484
6750,stage2,4,0.0789661779999733,0.30900928378105164,0.0,0.0789661779999733,0.0001,1e-05,50.121,2.2709,2.9003
6751,stage2,4,0.08086520433425903,0.2674568295478821,0.0,0.08086520433425903,0.0001,1e-05,50.119,2.6079,0.6428
6752,stage2,4,0.07745977491140366,0.28121858835220337,0.0,0.07745977491140366,0.0001,1e-05,50.123,2.4135,0.7027
6753,stage2,4,0.07568684965372086,0.2881670892238617,0.0,0.07568684965372086,0.0001,1e-05,50.124,2.3319,0.6367
6754,stage2,4,0.05786129832267761,0.2757214605808258,0.0,0.05786129832267761,0.0001,1e-05,50.122,2.2026,0.6438
6755,stage2,4,0.09022360295057297,0.29755380749702454,0.0,0.09022360295057297,0.0001,1e-05,50.118,3.9804,1.7399
6756,stage2,4,0.09565804153680801,0.2663459777832031,0.0,0.09565804153680801,0.0001,1e-05,50.121,2.8447,0.6374
6757,stage2,4,0.09155049175024033,0.27463820576667786,0.0,0.09155049175024033,0.0001,1e-05,50.122,3.0647,0.7283
6758,stage2,4,0.09264234453439713,0.2854299545288086,0.0,0.09264234453439713,0.0001,1e-05,50.121,2.8909,2.7604
6759,stage2,4,0.08179182559251785,0.26674968004226685,0.0,0.08179182559251785,0.0001,1e-05,50.123,2.706,0.6956
6760,stage2,4,0.08128298819065094,0.24702410399913788,0.0,0.08128298819065094,0.0001,1e-05,50.122,2.5298,0.642
6761,stage2,4,0.09038960188627243,0.2572023272514343,0.0,0.09038960188627243,0.0001,1e-05,50.12,3.7565,0.6436
6762,stage2,4,0.070624940097332,0.26099371910095215,0.0,0.070624940097332,0.0001,1e-05,50.117,2.1751,0.6481
6763,stage2,4,0.07818055897951126,0.2834387719631195,0.0,0.07818055897951126,0.0001,1e-05,50.122,2.1057,1.7059
6764,stage2,4,0.07369307428598404,0.2905771732330322,0.0,0.07369307428598404,0.0001,1e-05,50.121,2.6405,0.6428
6765,stage2,4,0.07779333740472794,0.2609254717826843,0.0,0.07779333740472794,0.0001,1e-05,50.118,2.0209,0.6443
6766,stage2,4,0.07068485766649246,0.314297080039978,0.0,0.07068485766649246,0.0001,1e-05,50.12,2.6183,2.9544
6767,stage2,4,0.06386318802833557,0.2569578289985657,0.0,0.06386318802833557,0.0001,1e-05,50.121,2.2933,0.6426
6768,stage2,4,0.08168182522058487,0.28450050950050354,0.0,0.08168182522058487,0.0001,1e-05,50.121,2.2031,0.6593
6769,stage2,4,0.07705842703580856,0.28541967272758484,0.0,0.07705842703580856,0.0001,1e-05,50.121,2.2605,0.6782
6770,stage2,4,0.07101865857839584,0.2816412150859833,0.0,0.07101865857839584,0.0001,1e-05,50.121,2.3863,0.6511
6771,stage2,4,0.07855671644210815,0.26389890909194946,0.0,0.07855671644210815,0.0001,1e-05,50.123,2.5268,1.766
6772,stage2,4,0.08476855605840683,0.2644847333431244,0.0,0.08476855605840683,0.0001,1e-05,50.12,2.3914,0.7003
6773,stage2,4,0.08322221040725708,0.2553803026676178,0.0,0.08322221040725708,0.0001,1e-05,50.122,2.6039,0.6481
6774,stage2,4,0.08412039279937744,0.3011489808559418,0.0,0.08412039279937744,0.0001,1e-05,50.126,2.2967,2.8358
6775,stage2,4,0.08639419078826904,0.2540116310119629,0.0,0.08639419078826904,0.0001,1e-05,50.12,3.1693,0.6946
6776,stage2,4,0.07742775231599808,0.265787273645401,0.0,0.07742775231599808,0.0001,1e-05,50.12,2.0355,0.6425
6777,stage2,4,0.07066180557012558,0.24885067343711853,0.0,0.07066180557012558,0.0001,1e-05,50.117,1.8122,0.6417
6778,stage2,4,0.09244666248559952,0.26707497239112854,0.0,0.09244666248559952,0.0001,1e-05,50.116,2.6531,0.6439
6779,stage2,4,0.07456880062818527,0.29062619805336,0.0,0.07456880062818527,0.0001,1e-05,50.121,2.4558,1.7268
6780,stage2,4,0.08957519382238388,0.28879255056381226,0.0,0.08957519382238388,0.0001,1e-05,50.122,2.5981,0.6443
6781,stage2,4,0.07538602501153946,0.26968249678611755,0.0,0.07538602501153946,0.0001,1e-05,50.12,2.2625,0.6429
6782,stage2,4,0.09795258939266205,0.3003866374492645,0.0,0.09795258939266205,0.0001,1e-05,50.12,3.1515,2.9165
6783,stage2,4,0.07560897618532181,0.279136598110199,0.0,0.07560897618532181,0.0001,1e-05,50.122,2.1838,0.6597
6784,stage2,4,0.07270772010087967,0.26962628960609436,0.0,0.07270772010087967,0.0001,1e-05,50.119,2.2858,0.7043
6785,stage2,4,0.07156726717948914,0.2420700639486313,0.0,0.07156726717948914,0.0001,1e-05,50.12,2.3968,0.6373
6786,stage2,4,0.08780194073915482,0.24994710087776184,0.0,0.08780194073915482,0.0001,1e-05,50.12,2.5271,0.6444
6787,stage2,4,0.07996785640716553,0.2876640856266022,0.0,0.07996785640716553,0.0001,1e-05,50.118,2.3237,1.819
6788,stage2,4,0.07431524246931076,0.2448868751525879,0.0,0.07431524246931076,0.0001,1e-05,50.122,1.8542,0.6603
6789,stage2,4,0.07923592627048492,0.2837146818637848,0.0,0.07923592627048492,0.0001,1e-05,50.118,2.326,0.6424
6790,stage2,4,0.07249094545841217,0.268894761800766,0.0,0.07249094545841217,0.0001,1e-05,50.117,2.5933,2.8031
6791,stage2,4,0.07162509113550186,0.2839696705341339,0.0,0.07162509113550186,0.0001,1e-05,50.122,2.3587,0.7459
6792,stage2,4,0.09042105823755264,0.25451722741127014,0.0,0.09042105823755264,0.0001,1e-05,50.121,2.2223,0.6459
6793,stage2,4,0.07103551924228668,0.285895437002182,0.0,0.07103551924228668,0.0001,1e-05,50.118,2.6818,0.6419
6794,stage2,4,0.0650499165058136,0.27447131276130676,0.0,0.0650499165058136,0.0001,1e-05,50.119,2.2332,0.636
6795,stage2,4,0.06975221633911133,0.28374946117401123,0.0,0.06975221633911133,0.0001,1e-05,50.119,2.0398,1.8163
6796,stage2,4,0.07430566847324371,0.2815340757369995,0.0,0.07430566847324371,0.0001,1e-05,50.122,2.3399,0.6433
6797,stage2,4,0.09348145872354507,0.2838234305381775,0.0,0.09348145872354507,0.0001,1e-05,50.12,3.5543,0.6442
6798,stage2,4,0.08032678067684174,0.25759580731391907,0.0,0.08032678067684174,0.0001,1e-05,50.122,2.6298,2.6871
6799,stage2,4,0.06821309030056,0.2849441468715668,0.0,0.06821309030056,0.0001,1e-05,50.121,2.4154,0.8717
6800,stage2,4,0.067093126475811,0.2902815639972687,0.0,0.067093126475811,0.0001,1e-05,50.121,2.3814,0.6952
6801,stage2,4,0.07190345227718353,0.24498729407787323,0.0,0.07190345227718353,0.0001,1e-05,50.117,2.2378,0.6506
6802,stage2,4,0.07968754321336746,0.279526025056839,0.0,0.07968754321336746,0.0001,1e-05,50.118,2.7637,0.6419
6803,stage2,4,0.07841534167528152,0.2675272822380066,0.0,0.07841534167528152,0.0001,1e-05,50.119,2.6023,1.8923
6804,stage2,4,0.09082657843828201,0.30522090196609497,0.0,0.09082657843828201,0.0001,1e-05,50.121,3.3208,0.6417
6805,stage2,4,0.07716686278581619,0.24665655195713043,0.0,0.07716686278581619,0.0001,1e-05,50.12,2.68,0.6421
6806,stage2,4,0.08216428011655807,0.24892432987689972,0.0,0.08216428011655807,0.0001,1e-05,50.12,2.7268,2.5191
6807,stage2,4,0.08776319772005081,0.29785826802253723,0.0,0.08776319772005081,0.0001,1e-05,50.119,2.8006,1.0169
6808,stage2,4,0.07368804514408112,0.2528551518917084,0.0,0.07368804514408112,0.0001,1e-05,50.12,2.1607,0.6411
6809,stage2,4,0.07993277907371521,0.2627010941505432,0.0,0.07993277907371521,0.0001,1e-05,50.12,2.7299,0.7055
6810,stage2,4,0.07940953224897385,0.2663908302783966,0.0,0.07940953224897385,0.0001,1e-05,50.116,2.5398,0.6342
6811,stage2,4,0.08976703137159348,0.25099101662635803,0.0,0.08976703137159348,0.0001,1e-05,50.116,2.798,1.7644
6812,stage2,4,0.07966140657663345,0.26652660965919495,0.0,0.07966140657663345,0.0001,1e-05,50.115,2.2405,0.6435
6813,stage2,4,0.07216567546129227,0.2802869379520416,0.0,0.07216567546129227,0.0001,1e-05,50.117,2.4863,0.6493
6814,stage2,4,0.07677532732486725,0.24812331795692444,0.0,0.07677532732486725,0.0001,1e-05,50.119,2.7281,2.4357
6815,stage2,4,0.07034546136856079,0.2724028527736664,0.0,0.07034546136856079,0.0001,1e-05,50.122,2.3994,1.0464
6816,stage2,4,0.0699482336640358,0.27497541904449463,0.0,0.0699482336640358,0.0001,1e-05,50.118,1.9033,0.6953
6817,stage2,4,0.08091244846582413,0.2741241455078125,0.0,0.08091244846582413,0.0001,1e-05,50.119,2.1114,0.6417
6818,stage2,4,0.07252094149589539,0.2551523447036743,0.0,0.07252094149589539,0.0001,1e-05,50.116,2.2445,0.6421
6819,stage2,4,0.07104431092739105,0.2707747519016266,0.0,0.07104431092739105,0.0001,1e-05,50.119,2.3472,1.8984
6820,stage2,4,0.07790526002645493,0.2702886760234833,0.0,0.07790526002645493,0.0001,1e-05,50.12,2.2116,0.6437
6821,stage2,4,0.06572035700082779,0.25691530108451843,0.0,0.06572035700082779,0.0001,1e-05,50.122,2.3631,0.6429
6822,stage2,4,0.08452556282281876,0.284033864736557,0.0,0.08452556282281876,0.0001,1e-05,50.124,2.7314,2.3696
6823,stage2,4,0.07904744148254395,0.2585395276546478,0.0,0.07904744148254395,0.0001,1e-05,50.123,2.5056,0.9859
6824,stage2,4,0.07494734972715378,0.2810720205307007,0.0,0.07494734972715378,0.0001,1e-05,50.121,2.4591,0.6434
6825,stage2,4,0.08602066338062286,0.3140339255332947,0.0,0.08602066338062286,0.0001,1e-05,50.12,2.6825,0.6713
6826,stage2,4,0.075453981757164,0.2780492305755615,0.0,0.075453981757164,0.0001,1e-05,50.119,2.6634,0.6713
6827,stage2,4,0.07201240956783295,0.2332436591386795,0.0,0.07201240956783295,0.0001,1e-05,50.118,2.0427,2.1067
6828,stage2,4,0.06979308277368546,0.2740168571472168,0.0,0.06979308277368546,0.0001,1e-05,50.12,2.0706,0.6961
6829,stage2,4,0.07596449553966522,0.24181728065013885,0.0,0.07596449553966522,0.0001,1e-05,50.121,2.1494,0.6404
6830,stage2,4,0.075332872569561,0.2715746760368347,0.0,0.075332872569561,0.0001,1e-05,50.118,2.5398,2.1805
6831,stage2,4,0.08686050772666931,0.2662704885005951,0.0,0.08686050772666931,0.0001,1e-05,50.118,2.5466,0.8841
6832,stage2,4,0.08045600354671478,0.2563680112361908,0.0,0.08045600354671478,0.0001,1e-05,50.118,2.2366,0.6944
6833,stage2,4,0.07959314435720444,0.26522159576416016,0.0,0.07959314435720444,0.0001,1e-05,50.118,2.4726,0.6463
6834,stage2,4,0.07583541423082352,0.2558678984642029,0.0,0.07583541423082352,0.0001,1e-05,50.121,2.4179,0.644
6835,stage2,4,0.08034297823905945,0.25983282923698425,0.0,0.08034297823905945,0.0001,1e-05,50.115,2.7696,2.171
6836,stage2,4,0.092257060110569,0.26937639713287354,0.0,0.092257060110569,0.0001,1e-05,50.122,2.5925,0.642
6837,stage2,4,0.08564579486846924,0.28347286581993103,0.0,0.08564579486846924,0.0001,1e-05,50.12,2.9873,0.6426
6838,stage2,4,0.08726432919502258,0.28881046175956726,0.0,0.08726432919502258,0.0001,1e-05,50.121,2.5307,2.1038
6839,stage2,4,0.08319931477308273,0.2799782454967499,0.0,0.08319931477308273,0.0001,1e-05,50.12,2.5946,0.8303
6840,stage2,4,0.07494726032018661,0.26053082942962646,0.0,0.07494726032018661,0.0001,1e-05,50.121,2.6421,0.6465
6841,stage2,4,0.07756879180669785,0.287554532289505,0.0,0.07756879180669785,0.0001,1e-05,50.123,2.802,0.6436
6842,stage2,4,0.06373757123947144,0.29015544056892395,0.0,0.06373757123947144,0.0001,1e-05,50.124,2.1154,0.6976
6843,stage2,4,0.0799126923084259,0.2708069086074829,0.0,0.0799126923084259,0.0001,1e-05,50.121,2.5853,2.2604
6844,stage2,4,0.07427048683166504,0.2943786084651947,0.0,0.07427048683166504,0.0001,1e-05,50.121,2.8025,0.6983
6845,stage2,4,0.07582692056894302,0.26653844118118286,0.0,0.07582692056894302,0.0001,1e-05,50.122,2.5046,0.6424
6846,stage2,4,0.07878195494413376,0.2607213258743286,0.0,0.07878195494413376,0.0001,1e-05,50.12,2.4756,2.1322
6847,stage2,4,0.07643476128578186,0.24668698012828827,0.0,0.07643476128578186,0.0001,1e-05,50.12,2.173,0.7265
6848,stage2,4,0.06313767284154892,0.2766142785549164,0.0,0.06313767284154892,0.0001,1e-05,50.119,1.9936,0.6417
6849,stage2,4,0.07739458978176117,0.29513201117515564,0.0,0.07739458978176117,0.0001,1e-05,50.12,2.9948,0.6432
6850,stage2,4,0.08589420467615128,0.2816169559955597,0.0,0.08589420467615128,0.0001,1e-05,50.12,3.7189,0.6475
6851,stage2,4,0.07308397442102432,0.2714107632637024,0.0,0.07308397442102432,0.0001,1e-05,50.121,2.5338,2.3968
6852,stage2,4,0.09363918751478195,0.25096940994262695,0.0,0.09363918751478195,0.0001,1e-05,50.116,2.5568,0.6419
6853,stage2,4,0.07982499152421951,0.29284247756004333,0.0,0.07982499152421951,0.0001,1e-05,50.121,2.2383,0.643
6854,stage2,4,0.07367634028196335,0.24547351896762848,0.0,0.07367634028196335,0.0001,1e-05,50.118,2.534,2.0882
6855,stage2,4,0.07381818443536758,0.2918659746646881,0.0,0.07381818443536758,0.0001,1e-05,50.122,2.7338,0.7545
6856,stage2,4,0.08241081982851028,0.2648414373397827,0.0,0.08241081982851028,0.0001,1e-05,50.124,3.0596,0.6444
6857,stage2,4,0.08826911449432373,0.27120256423950195,0.0,0.08826911449432373,0.0001,1e-05,50.119,2.8716,0.6843
6858,stage2,4,0.08702415227890015,0.2706984579563141,0.0,0.08702415227890015,0.0001,1e-05,50.12,3.3922,0.6557
6859,stage2,4,0.07562381029129028,0.27808645367622375,0.0,0.07562381029129028,0.0001,1e-05,50.115,2.3108,2.5676
6860,stage2,4,0.08870061486959457,0.2986544072628021,0.0,0.08870061486959457,0.0001,1e-05,50.116,2.406,0.633
6861,stage2,4,0.07873151451349258,0.29364845156669617,0.0,0.07873151451349258,0.0001,1e-05,50.119,2.548,0.6426
6862,stage2,4,0.07035712897777557,0.25493019819259644,0.0,0.07035712897777557,0.0001,1e-05,50.123,2.4089,1.9649
6863,stage2,4,0.07833292335271835,0.25759774446487427,0.0,0.07833292335271835,0.0001,1e-05,50.118,2.3454,0.7121
6864,stage2,4,0.07122698426246643,0.28935661911964417,0.0,0.07122698426246643,0.0001,1e-05,50.121,2.2334,0.6417
6865,stage2,4,0.07529128342866898,0.2667979896068573,0.0,0.07529128342866898,0.0001,1e-05,50.12,2.13,0.6433
6866,stage2,4,0.06930796802043915,0.2723352015018463,0.0,0.06930796802043915,0.0001,1e-05,50.12,2.1269,0.6415
6867,stage2,4,0.07758508622646332,0.24924100935459137,0.0,0.07758508622646332,0.0001,1e-05,50.12,2.3448,2.6875
6868,stage2,4,0.07967538386583328,0.2865692377090454,0.0,0.07967538386583328,0.0001,1e-05,50.118,2.4935,0.6462
6869,stage2,4,0.07572336494922638,0.2511221170425415,0.0,0.07572336494922638,0.0001,1e-05,50.118,2.1778,0.6368
6870,stage2,4,0.08940264582633972,0.2911568582057953,0.0,0.08940264582633972,0.0001,1e-05,50.119,2.5144,1.9473
6871,stage2,4,0.074788399040699,0.29577216506004333,0.0,0.074788399040699,0.0001,1e-05,50.118,2.4562,0.6992
6872,stage2,4,0.07981189340353012,0.30756059288978577,0.0,0.07981189340353012,0.0001,1e-05,50.118,3.0478,0.6422
6873,stage2,4,0.07279033958911896,0.25352543592453003,0.0,0.07279033958911896,0.0001,1e-05,50.119,2.3746,0.7035
6874,stage2,4,0.07596023380756378,0.29140445590019226,0.0,0.07596023380756378,0.0001,1e-05,50.121,2.3491,0.6372
6875,stage2,4,0.07705377042293549,0.25095298886299133,0.0,0.07705377042293549,0.0001,1e-05,50.118,2.4093,2.8002
6876,stage2,4,0.07903895527124405,0.2918992042541504,0.0,0.07903895527124405,0.0001,1e-05,50.119,2.2749,0.6402
6877,stage2,4,0.07156123965978622,0.2870551347732544,0.0,0.07156123965978622,0.0001,1e-05,50.118,2.2208,0.6416
6878,stage2,4,0.07209967076778412,0.25516849756240845,0.0,0.07209967076778412,0.0001,1e-05,50.119,2.1898,1.8822
6879,stage2,4,0.08172523975372314,0.2638886570930481,0.0,0.08172523975372314,0.0001,1e-05,50.117,2.7407,0.6462
6880,stage2,4,0.08061466366052628,0.2790156900882721,0.0,0.08061466366052628,0.0001,1e-05,50.115,2.7776,0.6441
6881,stage2,4,0.1029939353466034,0.27552101016044617,0.0,0.1029939353466034,0.0001,1e-05,50.116,2.7384,0.6423
6882,stage2,4,0.0774320438504219,0.27187272906303406,0.0,0.0774320438504219,0.0001,1e-05,50.118,2.1739,0.646
6883,stage2,4,0.08000637590885162,0.2906729280948639,0.0,0.08000637590885162,0.0001,1e-05,50.113,2.5298,2.7857
6884,stage2,4,0.07428328692913055,0.2824644446372986,0.0,0.07428328692913055,0.0001,1e-05,50.115,2.1425,0.6951
6885,stage2,4,0.07817192375659943,0.2806459367275238,0.0,0.07817192375659943,0.0001,1e-05,50.121,2.4787,0.6422
6886,stage2,4,0.07424934953451157,0.2930564880371094,0.0,0.07424934953451157,0.0001,1e-05,50.119,2.3322,1.8644
6887,stage2,4,0.08809827268123627,0.27459415793418884,0.0,0.08809827268123627,0.0001,1e-05,50.123,2.0942,0.6349
6888,stage2,4,0.07994607090950012,0.28778401017189026,0.0,0.07994607090950012,0.0001,1e-05,50.12,2.6013,0.7288
6889,stage2,4,0.07545030862092972,0.25912219285964966,0.0,0.07545030862092972,0.0001,1e-05,50.122,2.1028,0.6335
6890,stage2,4,0.08251387625932693,0.263889342546463,0.0,0.08251387625932693,0.0001,1e-05,50.122,2.3654,0.6426
6891,stage2,4,0.07024925202131271,0.265442818403244,0.0,0.07024925202131271,0.0001,1e-05,50.118,2.3545,2.6276
6892,stage2,4,0.09329304844141006,0.27145326137542725,0.0,0.09329304844141006,0.0001,1e-05,50.123,3.0203,0.646
6893,stage2,4,0.07436906546354294,0.2902717888355255,0.0,0.07436906546354294,0.0001,1e-05,50.122,2.4395,0.6416
6894,stage2,4,0.06016485393047333,0.3065519332885742,0.0,0.06016485393047333,0.0001,1e-05,50.119,1.8143,2.0377
6895,stage2,4,0.0711112767457962,0.2626378536224365,0.0,0.0711112767457962,0.0001,1e-05,50.12,2.2361,0.6467
6896,stage2,4,0.07551755756139755,0.2812846004962921,0.0,0.07551755756139755,0.0001,1e-05,50.123,2.5997,0.6415
6897,stage2,4,0.06921032816171646,0.2680737376213074,0.0,0.06921032816171646,0.0001,1e-05,50.12,2.37,0.6417
6898,stage2,4,0.08026134222745895,0.2597540616989136,0.0,0.08026134222745895,0.0001,1e-05,50.124,2.3978,0.6963
6899,stage2,4,0.08927776664495468,0.26964759826660156,0.0,0.08927776664495468,0.0001,1e-05,50.117,2.607,2.7097
6900,stage2,4,0.07807192206382751,0.276608943939209,0.0,0.07807192206382751,0.0001,1e-05,50.122,2.4443,0.64
6901,stage2,4,0.07408405840396881,0.2769771218299866,0.0,0.07408405840396881,0.0001,1e-05,50.119,2.5941,0.6421
6902,stage2,4,0.08599133044481277,0.28301921486854553,0.0,0.08599133044481277,0.0001,1e-05,50.119,3.0053,1.9472
6903,stage2,4,0.08044642955064774,0.26738277077674866,0.0,0.08044642955064774,0.0001,1e-05,50.123,2.8148,0.6401
6904,stage2,4,0.07304950803518295,0.27263760566711426,0.0,0.07304950803518295,0.0001,1e-05,50.121,2.4784,0.6437
6905,stage2,4,0.08640790730714798,0.27922746539115906,0.0,0.08640790730714798,0.0001,1e-05,50.122,2.5618,0.6428
6906,stage2,4,0.09279065579175949,0.2893824875354767,0.0,0.09279065579175949,0.0001,1e-05,50.119,2.9816,0.642
6907,stage2,4,0.07679056376218796,0.28210511803627014,0.0,0.07679056376218796,0.0001,1e-05,50.118,2.4495,2.7609
6908,stage2,4,0.08721546083688736,0.2528994679450989,0.0,0.08721546083688736,0.0001,1e-05,50.12,2.8617,0.6409
6909,stage2,4,0.07796190679073334,0.26760628819465637,0.0,0.07796190679073334,0.0001,1e-05,50.119,2.6576,0.6491
6910,stage2,4,0.07912515103816986,0.2814576327800751,0.0,0.07912515103816986,0.0001,1e-05,50.119,2.5868,1.9794
6911,stage2,4,0.07091628015041351,0.29551878571510315,0.0,0.07091628015041351,0.0001,1e-05,50.118,2.4814,0.6408
6912,stage2,4,0.08046526461839676,0.2558273673057556,0.0,0.08046526461839676,0.0001,1e-05,50.118,2.3164,0.6413
6913,stage2,4,0.0733712911605835,0.2542463541030884,0.0,0.0733712911605835,0.0001,1e-05,50.117,1.985,0.697
6914,stage2,4,0.07626177370548248,0.26872193813323975,0.0,0.07626177370548248,0.0001,1e-05,50.119,2.1194,0.6402
6915,stage2,4,0.07974918186664581,0.27830949425697327,0.0,0.07974918186664581,0.0001,1e-05,50.121,2.7027,2.9532
6916,stage2,4,0.07970181107521057,0.27187594771385193,0.0,0.07970181107521057,0.0001,1e-05,50.122,2.7162,0.6397
6917,stage2,4,0.07693048566579819,0.28033772110939026,0.0,0.07693048566579819,0.0001,1e-05,50.118,2.5614,0.6414
6918,stage2,4,0.08024665713310242,0.2651320695877075,0.0,0.08024665713310242,0.0001,1e-05,50.119,2.9448,1.9121
6919,stage2,4,0.07557103037834167,0.2562221884727478,0.0,0.07557103037834167,0.0001,1e-05,50.118,2.5622,0.641
6920,stage2,4,0.0700339823961258,0.28431814908981323,0.0,0.0700339823961258,0.0001,1e-05,50.121,2.0866,0.6415
6921,stage2,4,0.0789584070444107,0.2582821249961853,0.0,0.0789584070444107,0.0001,1e-05,50.117,2.7108,0.6458
6922,stage2,4,0.07411497831344604,0.29372134804725647,0.0,0.07411497831344604,0.0001,1e-05,50.119,2.4272,0.642
6923,stage2,4,0.07741078734397888,0.27827733755111694,0.0,0.07741078734397888,0.0001,1e-05,50.12,3.2966,2.9717
6924,stage2,4,0.07755977660417557,0.28166764974594116,0.0,0.07755977660417557,0.0001,1e-05,50.119,2.3522,0.6327
6925,stage2,4,0.07115825265645981,0.27009689807891846,0.0,0.07115825265645981,0.0001,1e-05,50.117,2.5071,0.6751
6926,stage2,4,0.07739804685115814,0.2758162319660187,0.0,0.07739804685115814,0.0001,1e-05,50.121,2.7464,1.642
6927,stage2,4,0.07763095200061798,0.2603312134742737,0.0,0.07763095200061798,0.0001,1e-05,50.12,2.2076,0.6453
6928,stage2,4,0.08492524921894073,0.24620820581912994,0.0,0.08492524921894073,0.0001,1e-05,50.119,2.8937,0.641
6929,stage2,4,0.07268346101045609,0.3088967800140381,0.0,0.07268346101045609,0.0001,1e-05,50.116,2.5841,0.6959
6930,stage2,4,0.08091916143894196,0.25386500358581543,0.0,0.08091916143894196,0.0001,1e-05,50.118,2.5309,0.6463
6931,stage2,4,0.08814860135316849,0.2680719494819641,0.0,0.08814860135316849,0.0001,1e-05,50.119,2.4714,3.0004
6932,stage2,4,0.08463455736637115,0.27366918325424194,0.0,0.08463455736637115,0.0001,1e-05,50.119,2.8561,0.6337
6933,stage2,4,0.07385795563459396,0.2716568410396576,0.0,0.07385795563459396,0.0001,1e-05,50.118,2.2773,0.7269
6934,stage2,4,0.08712194114923477,0.2745875120162964,0.0,0.08712194114923477,0.0001,1e-05,50.119,2.4139,1.5286
6935,stage2,4,0.07039495557546616,0.26583996415138245,0.0,0.07039495557546616,0.0001,1e-05,50.118,2.501,0.6462
6936,stage2,4,0.07002397626638412,0.26418614387512207,0.0,0.07002397626638412,0.0001,1e-05,50.117,2.3817,0.6411
6937,stage2,4,0.09569291025400162,0.2862101197242737,0.0,0.09569291025400162,0.0001,1e-05,50.118,2.533,0.6965
6938,stage2,4,0.06802789121866226,0.2778809070587158,0.0,0.06802789121866226,0.0001,1e-05,50.119,1.9487,0.6404
6939,stage2,4,0.07814688235521317,0.3049391508102417,0.0,0.07814688235521317,0.0001,1e-05,50.118,2.759,2.9916
6940,stage2,4,0.07854305952787399,0.23117099702358246,0.0,0.07854305952787399,0.0001,1e-05,50.115,2.3753,0.6416
6941,stage2,4,0.07901770621538162,0.25116676092147827,0.0,0.07901770621538162,0.0001,1e-05,50.119,2.8049,0.6451
6942,stage2,4,0.07444167137145996,0.2735148072242737,0.0,0.07444167137145996,0.0001,1e-05,50.118,2.6732,1.6711
6943,stage2,4,0.07025929540395737,0.2739914059638977,0.0,0.07025929540395737,0.0001,1e-05,50.12,2.1613,0.6402
6944,stage2,4,0.08497919142246246,0.27948400378227234,0.0,0.08497919142246246,0.0001,1e-05,50.119,2.7531,0.6411
6945,stage2,4,0.07858721166849136,0.26625359058380127,0.0,0.07858721166849136,0.0001,1e-05,50.121,2.7248,0.646
6946,stage2,4,0.0820729061961174,0.2656974792480469,0.0,0.0820729061961174,0.0001,1e-05,50.121,2.4552,0.7072
6947,stage2,4,0.07226444780826569,0.2727315425872803,0.0,0.07226444780826569,0.0001,1e-05,50.118,2.5078,2.9817
6948,stage2,4,0.0901116207242012,0.27931156754493713,0.0,0.0901116207242012,0.0001,1e-05,50.12,2.989,0.6342
6949,stage2,4,0.06618484109640121,0.2765415608882904,0.0,0.06618484109640121,0.0001,1e-05,50.12,2.1627,0.6399
6950,stage2,4,0.09596513956785202,0.2775132954120636,0.0,0.09596513956785202,0.0001,1e-05,50.119,3.3395,1.6849
6951,stage2,4,0.07700777798891068,0.24621762335300446,0.0,0.07700777798891068,0.0001,1e-05,50.12,2.7701,0.6474
6952,stage2,4,0.07151760160923004,0.2987588942050934,0.0,0.07151760160923004,0.0001,1e-05,50.121,2.5946,0.707
6953,stage2,4,0.07556627690792084,0.27988961338996887,0.0,0.07556627690792084,0.0001,1e-05,50.122,3.1827,0.6381
6954,stage2,4,0.08171685039997101,0.2544173002243042,0.0,0.08171685039997101,0.0001,1e-05,50.116,2.8341,0.6423
6955,stage2,4,0.07290229946374893,0.27703607082366943,0.0,0.07290229946374893,0.0001,1e-05,50.12,2.1587,2.8562
6956,stage2,4,0.07783462852239609,0.28091803193092346,0.0,0.07783462852239609,0.0001,1e-05,50.118,2.6469,0.6393
6957,stage2,4,0.0702967420220375,0.2848130762577057,0.0,0.0702967420220375,0.0001,1e-05,50.117,2.3215,0.6397
6958,stage2,4,0.07285483926534653,0.2951121926307678,0.0,0.07285483926534653,0.0001,1e-05,50.116,2.4796,1.7357
6959,stage2,4,0.07466752827167511,0.30310559272766113,0.0,0.07466752827167511,0.0001,1e-05,50.117,2.304,0.6457
6960,stage2,4,0.07257376611232758,0.27033379673957825,0.0,0.07257376611232758,0.0001,1e-05,50.121,2.3375,0.639
6961,stage2,4,0.08715294301509857,0.26144856214523315,0.0,0.08715294301509857,0.0001,1e-05,50.118,2.541,0.64
6962,stage2,4,0.07516735792160034,0.2879606783390045,0.0,0.07516735792160034,0.0001,1e-05,50.118,2.4236,0.7068
6963,stage2,4,0.0649237334728241,0.28611570596694946,0.0,0.0649237334728241,0.0001,1e-05,50.121,2.1829,3.03
6964,stage2,4,0.07776389271020889,0.24541613459587097,0.0,0.07776389271020889,0.0001,1e-05,50.118,2.3404,0.6354
6965,stage2,4,0.06550464034080505,0.26882755756378174,0.0,0.06550464034080505,0.0001,1e-05,50.12,2.1362,0.6442
6966,stage2,4,0.08015310019254684,0.24018755555152893,0.0,0.08015310019254684,0.0001,1e-05,50.121,2.8155,1.8015
6967,stage2,4,0.08245253562927246,0.2465406358242035,0.0,0.08245253562927246,0.0001,1e-05,50.118,2.9366,0.6442
6968,stage2,4,0.07412649691104889,0.27218639850616455,0.0,0.07412649691104889,0.0001,1e-05,50.121,2.2482,0.6399
6969,stage2,4,0.07159582525491714,0.30061691999435425,0.0,0.07159582525491714,0.0001,1e-05,50.119,2.4627,0.6412
6970,stage2,4,0.0828770101070404,0.2751173675060272,0.0,0.0828770101070404,0.0001,1e-05,50.119,3.4952,0.6413
6971,stage2,4,0.08149173855781555,0.25524380803108215,0.0,0.08149173855781555,0.0001,1e-05,50.119,2.6292,2.8483
6972,stage2,4,0.0860065296292305,0.26953160762786865,0.0,0.0860065296292305,0.0001,1e-05,50.12,2.5567,0.6388
6973,stage2,4,0.07654187828302383,0.24607206881046295,0.0,0.07654187828302383,0.0001,1e-05,50.121,2.1814,0.6382
6974,stage2,4,0.08215062320232391,0.27373450994491577,0.0,0.08215062320232391,0.0001,1e-05,50.122,2.6257,1.73
6975,stage2,4,0.06735827773809433,0.2832915782928467,0.0,0.06735827773809433,0.0001,1e-05,50.119,2.1052,0.6388
6976,stage2,4,0.08169078826904297,0.2713775336742401,0.0,0.08169078826904297,0.0001,1e-05,50.119,2.7142,0.6398
6977,stage2,4,0.0683237686753273,0.24577441811561584,0.0,0.0683237686753273,0.0001,1e-05,50.122,2.2574,0.6389
6978,stage2,4,0.07308696955442429,0.3016848564147949,0.0,0.07308696955442429,0.0001,1e-05,50.113,1.9975,0.695
6979,stage2,4,0.08005212247371674,0.26294735074043274,0.0,0.08005212247371674,0.0001,1e-05,50.122,2.6963,3.1982
6980,stage2,4,0.08520535379648209,0.26978951692581177,0.0,0.08520535379648209,0.0001,1e-05,50.12,2.7056,0.6388
6981,stage2,4,0.07704761624336243,0.27931129932403564,0.0,0.07704761624336243,0.0001,1e-05,50.122,2.2743,0.6446
6982,stage2,4,0.07533234357833862,0.26548489928245544,0.0,0.07533234357833862,0.0001,1e-05,50.123,2.9243,1.5743
6983,stage2,4,0.08518725633621216,0.2679130733013153,0.0,0.08518725633621216,0.0001,1e-05,50.122,2.556,0.6389
6984,stage2,4,0.07182846963405609,0.2834704518318176,0.0,0.07182846963405609,0.0001,1e-05,50.123,2.1699,0.6396
6985,stage2,4,0.07173345237970352,0.2759105861186981,0.0,0.07173345237970352,0.0001,1e-05,50.124,2.3325,0.6456
6986,stage2,4,0.08501827716827393,0.2773726284503937,0.0,0.08501827716827393,0.0001,1e-05,50.124,2.8561,0.6405
6987,stage2,4,0.07434205710887909,0.25238093733787537,0.0,0.07434205710887909,0.0001,1e-05,50.12,2.4854,3.088
6988,stage2,4,0.08214204013347626,0.24741047620773315,0.0,0.08214204013347626,0.0001,1e-05,50.122,2.5483,0.6335
6989,stage2,4,0.0817623883485794,0.24724143743515015,0.0,0.0817623883485794,0.0001,1e-05,50.119,2.5369,0.6622
6990,stage2,4,0.06301373988389969,0.27080026268959045,0.0,0.06301373988389969,0.0001,1e-05,50.121,2.1102,1.6098
6991,stage2,4,0.06980736553668976,0.2940458059310913,0.0,0.06980736553668976,0.0001,1e-05,50.121,2.0493,0.6435
6992,stage2,4,0.0755540281534195,0.2588421404361725,0.0,0.0755540281534195,0.0001,1e-05,50.119,2.6551,0.639
6993,stage2,4,0.08920973539352417,0.275834321975708,0.0,0.08920973539352417,0.0001,1e-05,50.122,3.1485,0.6959
6994,stage2,4,0.08496622741222382,0.27531570196151733,0.0,0.08496622741222382,0.0001,1e-05,50.122,3.105,0.6388
6995,stage2,4,0.06675270944833755,0.2760140597820282,0.0,0.06675270944833755,0.0001,1e-05,50.121,2.1485,3.0061
6996,stage2,4,0.08296795189380646,0.2586229145526886,0.0,0.08296795189380646,0.0001,1e-05,50.12,3.0935,0.6396
6997,stage2,4,0.07499100267887115,0.27468523383140564,0.0,0.07499100267887115,0.0001,1e-05,50.121,2.4367,0.6392
6998,stage2,4,0.07185935974121094,0.28692689538002014,0.0,0.07185935974121094,0.0001,1e-05,50.12,2.3763,1.7185
6999,stage2,4,0.07876260578632355,0.2674962282180786,0.0,0.07876260578632355,0.0001,1e-05,50.12,2.9739,0.6437
7000,stage2,4,0.07450125366449356,0.2795531749725342,0.0,0.07450125366449356,0.0001,1e-05,50.121,3.4025,0.6402
7001,stage2,4,0.0763285756111145,0.2993788421154022,0.0,0.0763285756111145,0.0001,1e-05,50.12,2.7146,0.6443
7002,stage2,4,0.08134534955024719,0.260704904794693,0.0,0.08134534955024719,0.0001,1e-05,50.12,2.8637,0.6404
7003,stage2,4,0.062741219997406,0.2753770053386688,0.0,0.062741219997406,0.0001,1e-05,50.119,2.1386,2.9998
7004,stage2,4,0.0745878517627716,0.285079687833786,0.0,0.0745878517627716,0.0001,1e-05,50.119,2.4059,0.6907
7005,stage2,4,0.08704843372106552,0.28398239612579346,0.0,0.08704843372106552,0.0001,1e-05,50.119,2.5301,0.639
7006,stage2,4,0.06854183226823807,0.33166882395744324,0.0,0.06854183226823807,0.0001,1e-05,50.121,2.2219,1.4775
7007,stage2,4,0.08080557733774185,0.2800809144973755,0.0,0.08080557733774185,0.0001,1e-05,50.121,2.9452,0.6404
7008,stage2,4,0.07958216220140457,0.25726160407066345,0.0,0.07958216220140457,0.0001,1e-05,50.122,2.4758,0.633
7009,stage2,4,0.07321365922689438,0.2652011811733246,0.0,0.07321365922689438,0.0001,1e-05,50.121,2.5101,0.7245
7010,stage2,4,0.08255269378423691,0.26432541012763977,0.0,0.08255269378423691,0.0001,1e-05,50.125,2.8837,0.6319
7011,stage2,4,0.07223645597696304,0.27991941571235657,0.0,0.07223645597696304,0.0001,1e-05,50.12,3.2534,3.1603
7012,stage2,4,0.08125536143779755,0.2700313627719879,0.0,0.08125536143779755,0.0001,1e-05,50.121,2.7588,0.6395
7013,stage2,4,0.07133062183856964,0.2770075798034668,0.0,0.07133062183856964,0.0001,1e-05,50.119,1.8442,0.6442
7014,stage2,4,0.08685274422168732,0.2928234934806824,0.0,0.08685274422168732,0.0001,1e-05,50.12,2.7861,1.4701
7015,stage2,4,0.08436434715986252,0.32506704330444336,0.0,0.08436434715986252,0.0001,1e-05,50.12,2.42,0.6386
7016,stage2,4,0.06398162990808487,0.29063981771469116,0.0,0.06398162990808487,0.0001,1e-05,50.122,2.4112,0.6447
7017,stage2,4,0.06800467520952225,0.27478480339050293,0.0,0.06800467520952225,0.0001,1e-05,50.123,1.9326,0.6407
7018,stage2,4,0.0695389062166214,0.2755469083786011,0.0,0.0695389062166214,0.0001,1e-05,50.124,2.0905,0.6405
7019,stage2,4,0.06332790106534958,0.3004070222377777,0.0,0.06332790106534958,0.0001,1e-05,50.123,2.2547,3.3816
7020,stage2,4,0.07719659805297852,0.2546491324901581,0.0,0.07719659805297852,0.0001,1e-05,50.123,2.5481,0.6938
7021,stage2,4,0.09237204492092133,0.25846660137176514,0.0,0.09237204492092133,0.0001,1e-05,50.121,3.319,0.6412
7022,stage2,4,0.08819614350795746,0.28028592467308044,0.0,0.08819614350795746,0.0001,1e-05,50.12,3.0645,1.2021
7023,stage2,4,0.08231846243143082,0.3094804286956787,0.0,0.08231846243143082,0.0001,1e-05,50.121,2.8883,0.6401
7024,stage2,4,0.07850109040737152,0.26898741722106934,0.0,0.07850109040737152,0.0001,1e-05,50.12,2.3571,0.6922
7025,stage2,4,0.0811135470867157,0.2906578481197357,0.0,0.0811135470867157,0.0001,1e-05,50.12,2.8939,0.6409
7026,stage2,4,0.08185417205095291,0.25847119092941284,0.0,0.08185417205095291,0.0001,1e-05,50.119,2.7584,0.6423
7027,stage2,4,0.0814397931098938,0.2766842246055603,0.0,0.0814397931098938,0.0001,1e-05,50.121,2.2552,3.406
7028,stage2,4,0.06980203837156296,0.2657105028629303,0.0,0.06980203837156296,0.0001,1e-05,50.122,2.4132,0.6416
7029,stage2,4,0.08386538177728653,0.27263927459716797,0.0,0.08386538177728653,0.0001,1e-05,50.12,2.6289,0.6384
7030,stage2,4,0.0853784903883934,0.2861575782299042,0.0,0.0853784903883934,0.0001,1e-05,50.122,3.6885,1.2355
7031,stage2,4,0.07271219789981842,0.26866769790649414,0.0,0.07271219789981842,0.0001,1e-05,50.119,2.4787,0.6381
7032,stage2,4,0.07229425758123398,0.2682288587093353,0.0,0.07229425758123398,0.0001,1e-05,50.122,2.5547,0.6414
7033,stage2,4,0.08664944767951965,0.28303998708724976,0.0,0.08664944767951965,0.0001,1e-05,50.121,3.0965,0.641
7034,stage2,4,0.07315239310264587,0.26075440645217896,0.0,0.07315239310264587,0.0001,1e-05,50.119,2.2893,0.6421
7035,stage2,4,0.07702293992042542,0.2847403883934021,0.0,0.07702293992042542,0.0001,1e-05,50.12,2.2471,3.5147
7036,stage2,4,0.08888968080282211,0.25508585572242737,0.0,0.08888968080282211,0.0001,1e-05,50.12,2.8093,0.6936
7037,stage2,4,0.09147963672876358,0.2903972864151001,0.0,0.09147963672876358,0.0001,1e-05,50.118,2.9321,0.6477
7038,stage2,4,0.0785166546702385,0.2488677054643631,0.0,0.0785166546702385,0.0001,1e-05,50.119,2.5345,0.9392
7039,stage2,4,0.08245047181844711,0.2657983899116516,0.0,0.08245047181844711,0.0001,1e-05,50.123,2.6181,0.6393
7040,stage2,4,0.08641525357961655,0.29198238253593445,0.0,0.08641525357961655,0.0001,1e-05,50.12,3.0293,0.707
7041,stage2,4,0.07873731106519699,0.3006590008735657,0.0,0.07873731106519699,0.0001,1e-05,50.121,2.5738,0.633
7042,stage2,4,0.09023083746433258,0.27204054594039917,0.0,0.09023083746433258,0.0001,1e-05,50.119,2.662,0.6393
7043,stage2,4,0.07895036786794662,0.25981399416923523,0.0,0.07895036786794662,0.0001,1e-05,50.123,3.1034,3.7252
7044,stage2,4,0.07110930234193802,0.2721755802631378,0.0,0.07110930234193802,0.0001,1e-05,50.122,2.2177,0.6382
7045,stage2,4,0.07330803573131561,0.2524159550666809,0.0,0.07330803573131561,0.0001,1e-05,50.119,2.2825,0.6379
7046,stage2,4,0.09419576078653336,0.2704022526741028,0.0,0.09419576078653336,0.0001,1e-05,50.12,3.2484,0.9286
7047,stage2,4,0.07589861005544662,0.26356667280197144,0.0,0.07589861005544662,0.0001,1e-05,50.12,2.4428,0.6948
7048,stage2,4,0.07236474007368088,0.277757853269577,0.0,0.07236474007368088,0.0001,1e-05,50.12,2.1302,0.641
7049,stage2,4,0.07013078033924103,0.2809412181377411,0.0,0.07013078033924103,0.0001,1e-05,50.119,2.4155,0.6448
7050,stage2,4,0.07042964547872543,0.2942477762699127,0.0,0.07042964547872543,0.0001,1e-05,50.12,2.4944,0.6418
7051,stage2,4,0.0735403448343277,0.27736392617225647,0.0,0.0735403448343277,0.0001,1e-05,50.123,2.4441,3.7538
7052,stage2,4,0.05971107631921768,0.31203293800354004,0.0,0.05971107631921768,0.0001,1e-05,50.122,1.8991,0.682
7053,stage2,4,0.07146988064050674,0.2806456685066223,0.0,0.07146988064050674,0.0001,1e-05,50.123,2.505,0.6403
7054,stage2,4,0.08308321982622147,0.2908412516117096,0.0,0.08308321982622147,0.0001,1e-05,50.123,2.5823,0.7277
7055,stage2,4,0.07681285589933395,0.26382166147232056,0.0,0.07681285589933395,0.0001,1e-05,50.121,2.1242,0.6449
7056,stage2,4,0.08541751652956009,0.2775488793849945,0.0,0.08541751652956009,0.0001,1e-05,50.121,2.908,0.7023
7057,stage2,4,0.07743959128856659,0.25285837054252625,0.0,0.07743959128856659,0.0001,1e-05,50.119,2.5541,0.6377
7058,stage2,4,0.08734136074781418,0.24507425725460052,0.0,0.08734136074781418,0.0001,1e-05,50.121,2.7503,0.6426
7059,stage2,4,0.08123216032981873,0.27562186121940613,0.0,0.08123216032981873,0.0001,1e-05,50.119,3.2442,3.9556
7060,stage2,4,0.07849777489900589,0.2592693269252777,0.0,0.07849777489900589,0.0001,1e-05,50.122,2.438,0.7035
7061,stage2,4,0.07283356785774231,0.2691411077976227,0.0,0.07283356785774231,0.0001,1e-05,50.123,2.486,0.6312
7062,stage2,4,0.08260597288608551,0.3182467222213745,0.0,0.08260597288608551,0.0001,1e-05,50.122,3.0218,0.6449
7063,stage2,4,0.08794914186000824,0.2955196499824524,0.0,0.08794914186000824,0.0001,1e-05,50.122,2.8634,0.6409
7064,stage2,4,0.07593588531017303,0.2990710735321045,0.0,0.07593588531017303,0.0001,1e-05,50.118,3.3087,0.6408
7065,stage2,4,0.08187288045883179,0.2746999263763428,0.0,0.08187288045883179,0.0001,1e-05,50.122,2.3955,0.6396
7066,stage2,4,0.07063422352075577,0.2785719037055969,0.0,0.07063422352075577,0.0001,1e-05,50.121,2.5172,0.6571
7067,stage2,4,0.07931943982839584,0.2796342074871063,0.0,0.07931943982839584,0.0001,1e-05,50.12,2.4331,4.0363
7068,stage2,4,0.07586172968149185,0.2715677320957184,0.0,0.07586172968149185,0.0001,1e-05,50.122,2.6172,0.6393
7069,stage2,4,0.09260592609643936,0.27228105068206787,0.0,0.09260592609643936,0.0001,1e-05,50.121,2.9464,0.6405
7070,stage2,4,0.08716027438640594,0.28229010105133057,0.0,0.08716027438640594,0.0001,1e-05,50.12,2.5551,0.6392
7071,stage2,4,0.07317263633012772,0.29661276936531067,0.0,0.07317263633012772,0.0001,1e-05,50.118,2.8176,0.6883
7072,stage2,4,0.07596102356910706,0.27171316742897034,0.0,0.07596102356910706,0.0001,1e-05,50.121,2.5374,0.6509
7073,stage2,4,0.08124193549156189,0.2910992205142975,0.0,0.08124193549156189,0.0001,1e-05,50.121,2.7989,0.641
7074,stage2,4,0.08717239648103714,0.2417965829372406,0.0,0.08717239648103714,0.0001,1e-05,50.121,3.0207,0.6417
7075,stage2,4,0.08930268883705139,0.2859269678592682,0.0,0.08930268883705139,0.0001,1e-05,50.121,3.1456,3.9913
7076,stage2,4,0.08951027691364288,0.2588488757610321,0.0,0.08951027691364288,0.0001,1e-05,50.118,2.5362,0.696
7077,stage2,4,0.08127034455537796,0.2857179641723633,0.0,0.08127034455537796,0.0001,1e-05,50.121,2.5312,0.6423
7078,stage2,4,0.07443668693304062,0.26791152358055115,0.0,0.07443668693304062,0.0001,1e-05,50.121,1.9633,0.6442
7079,stage2,4,0.06447853147983551,0.29416826367378235,0.0,0.06447853147983551,0.0001,1e-05,50.124,2.2639,0.6404
7080,stage2,4,0.0679115280508995,0.32667434215545654,0.0,0.0679115280508995,0.0001,1e-05,50.124,2.373,0.6398
7081,stage2,4,0.08754386007785797,0.2716473639011383,0.0,0.08754386007785797,0.0001,1e-05,50.122,2.9927,0.701
7082,stage2,4,0.08692387491464615,0.27518418431282043,0.0,0.08692387491464615,0.0001,1e-05,50.123,2.7659,0.6365
7083,stage2,4,0.0740932822227478,0.27902135252952576,0.0,0.0740932822227478,0.0001,1e-05,50.122,2.4892,3.9863
7084,stage2,4,0.08423150330781937,0.26333552598953247,0.0,0.08423150330781937,0.0001,1e-05,50.12,2.9897,0.6389
7085,stage2,4,0.06447633355855942,0.2905634641647339,0.0,0.06447633355855942,0.0001,1e-05,50.12,2.1242,0.6402
7086,stage2,4,0.07293061912059784,0.2926195561885834,0.0,0.07293061912059784,0.0001,1e-05,50.125,2.4756,0.6418
7087,stage2,4,0.07734354585409164,0.2620296776294708,0.0,0.07734354585409164,0.0001,1e-05,50.119,2.332,0.6403
7088,stage2,4,0.0825989618897438,0.2540751099586487,0.0,0.0825989618897438,0.0001,1e-05,50.119,2.3491,0.6954
7089,stage2,4,0.0678606703877449,0.30726632475852966,0.0,0.0678606703877449,0.0001,1e-05,50.12,2.2941,0.641
7090,stage2,4,0.0698079988360405,0.2940843403339386,0.0,0.0698079988360405,0.0001,1e-05,50.122,2.4655,0.6411
7091,stage2,4,0.07193836569786072,0.29057979583740234,0.0,0.07193836569786072,0.0001,1e-05,50.119,2.2681,4.0476
7092,stage2,4,0.07994028180837631,0.2464451938867569,0.0,0.07994028180837631,0.0001,1e-05,50.122,2.1893,0.6935
7093,stage2,4,0.06974847614765167,0.2940399646759033,0.0,0.06974847614765167,0.0001,1e-05,50.122,2.307,0.6416
7094,stage2,4,0.08702734857797623,0.28967759013175964,0.0,0.08702734857797623,0.0001,1e-05,50.119,3.484,0.6488
7095,stage2,4,0.08427600562572479,0.28460174798965454,0.0,0.08427600562572479,0.0001,1e-05,50.117,3.3418,0.6405
7096,stage2,4,0.07885730266571045,0.25890955328941345,0.0,0.07885730266571045,0.0001,1e-05,50.121,2.6898,0.6414
7097,stage2,4,0.07657018303871155,0.23785951733589172,0.0,0.07657018303871155,0.0001,1e-05,50.121,2.2047,0.7005
7098,stage2,4,0.07502222061157227,0.272465318441391,0.0,0.07502222061157227,0.0001,1e-05,50.122,2.1522,0.6458
7099,stage2,4,0.07275301963090897,0.24490013718605042,0.0,0.07275301963090897,0.0001,1e-05,50.117,2.6129,3.9981
7100,stage2,4,0.0675121620297432,0.25901541113853455,0.0,0.0675121620297432,0.0001,1e-05,50.12,2.4543,0.6387
7101,stage2,4,0.08597907423973083,0.2831299901008606,0.0,0.08597907423973083,0.0001,1e-05,50.12,2.3168,0.6409
7102,stage2,4,0.08170928061008453,0.2665601074695587,0.0,0.08170928061008453,0.0001,1e-05,50.12,2.5471,0.6573
7103,stage2,4,0.09198645502328873,0.23879095911979675,0.0,0.09198645502328873,0.0001,1e-05,50.122,3.2123,0.6352
7104,stage2,4,0.07080388814210892,0.2740565538406372,0.0,0.07080388814210892,0.0001,1e-05,50.118,2.3541,0.6511
7105,stage2,4,0.06872890889644623,0.308303564786911,0.0,0.06872890889644623,0.0001,1e-05,50.12,2.1392,0.6632
7106,stage2,4,0.08895796537399292,0.2907577157020569,0.0,0.08895796537399292,0.0001,1e-05,50.121,2.9061,0.7064
7107,stage2,4,0.08188135921955109,0.27726322412490845,0.0,0.08188135921955109,0.0001,1e-05,50.122,2.8153,4.1013
7108,stage2,4,0.06523517519235611,0.2591135501861572,0.0,0.06523517519235611,0.0001,1e-05,50.121,2.2253,0.7055
7109,stage2,4,0.08508389443159103,0.24248795211315155,0.0,0.08508389443159103,0.0001,1e-05,50.12,2.4956,0.6605
7110,stage2,4,0.08005666732788086,0.26977208256721497,0.0,0.08005666732788086,0.0001,1e-05,50.123,2.2284,0.7023
7111,stage2,4,0.08277922123670578,0.26699504256248474,0.0,0.08277922123670578,0.0001,1e-05,50.123,2.6548,0.6561
7112,stage2,4,0.0774960145354271,0.2678561508655548,0.0,0.0774960145354271,0.0001,1e-05,50.122,2.4917,0.7007
7113,stage2,4,0.07263557612895966,0.3238677978515625,0.0,0.07263557612895966,0.0001,1e-05,50.12,2.5764,0.6527
7114,stage2,4,0.08873136341571808,0.24976396560668945,0.0,0.08873136341571808,0.0001,1e-05,50.121,3.0132,0.6418
7115,stage2,4,0.07798346132040024,0.24811430275440216,0.0,0.07798346132040024,0.0001,1e-05,50.121,2.5379,4.0032
7116,stage2,4,0.06963744759559631,0.27084216475486755,0.0,0.06963744759559631,0.0001,1e-05,50.118,2.3354,0.6636
7117,stage2,4,0.07413200289011002,0.2725652754306793,0.0,0.07413200289011002,0.0001,1e-05,50.121,2.1877,0.6524
7118,stage2,4,0.07199107110500336,0.25499433279037476,0.0,0.07199107110500336,0.0001,1e-05,50.12,2.2823,0.7035
7119,stage2,4,0.08293252438306808,0.2733966112136841,0.0,0.08293252438306808,0.0001,1e-05,50.121,2.727,0.6647
7120,stage2,4,0.0733879879117012,0.30003365874290466,0.0,0.0733879879117012,0.0001,1e-05,50.119,2.1513,0.7069
7121,stage2,4,0.07922594994306564,0.2620507478713989,0.0,0.07922594994306564,0.0001,1e-05,50.122,3.5268,0.6504
7122,stage2,4,0.08658953011035919,0.26680946350097656,0.0,0.08658953011035919,0.0001,1e-05,50.119,3.1537,0.7029
7123,stage2,4,0.07123468816280365,0.2767837643623352,0.0,0.07123468816280365,0.0001,1e-05,50.12,2.5586,4.0753
7124,stage2,4,0.08446919173002243,0.28829437494277954,0.0,0.08446919173002243,0.0001,1e-05,50.119,3.5026,0.6529
7125,stage2,4,0.1056964322924614,0.2838650047779083,0.0,0.1056964322924614,0.0001,1e-05,50.121,4.1291,0.704
7126,stage2,4,0.06865285336971283,0.26447728276252747,0.0,0.06865285336971283,0.0001,1e-05,50.12,2.5224,0.6432
7127,stage2,4,0.07525290548801422,0.29326868057250977,0.0,0.07525290548801422,0.0001,1e-05,50.12,2.5769,0.6653
7128,stage2,4,0.07281769812107086,0.2667583227157593,0.0,0.07281769812107086,0.0001,1e-05,50.118,2.7173,0.7067
7129,stage2,4,0.06724860519170761,0.2715114653110504,0.0,0.06724860519170761,0.0001,1e-05,50.121,2.3018,0.6551
7130,stage2,4,0.09133273363113403,0.2912314534187317,0.0,0.09133273363113403,0.0001,1e-05,50.122,3.2501,0.7043
7131,stage2,4,0.07312393933534622,0.23790757358074188,0.0,0.07312393933534622,0.0001,1e-05,50.12,2.2081,4.0485
7132,stage2,4,0.07590969651937485,0.2645947337150574,0.0,0.07590969651937485,0.0001,1e-05,50.12,2.5144,0.7117
7133,stage2,4,0.06771302968263626,0.2673032879829407,0.0,0.06771302968263626,0.0001,1e-05,50.118,2.1246,0.6494
7134,stage2,4,0.07088516652584076,0.2624828517436981,0.0,0.07088516652584076,0.0001,1e-05,50.12,2.5571,0.6814
7135,stage2,4,0.07887891680002213,0.28037354350090027,0.0,0.07887891680002213,0.0001,1e-05,50.121,2.5601,0.6609
7136,stage2,4,0.07316432148218155,0.29947417974472046,0.0,0.07316432148218155,0.0001,1e-05,50.121,2.1419,0.6628
7137,stage2,4,0.07629500329494476,0.30565184354782104,0.0,0.07629500329494476,0.0001,1e-05,50.121,2.5057,0.6339
7138,stage2,4,0.06780847162008286,0.25552526116371155,0.0,0.06780847162008286,0.0001,1e-05,50.12,2.8592,0.7316
7139,stage2,4,0.08203501999378204,0.28650033473968506,0.0,0.08203501999378204,0.0001,1e-05,50.117,2.899,4.0289
7140,stage2,4,0.07943394035100937,0.269766628742218,0.0,0.07943394035100937,0.0001,1e-05,50.121,2.1978,0.6837
7141,stage2,4,0.0755063146352768,0.2800309360027313,0.0,0.0755063146352768,0.0001,1e-05,50.123,2.1872,0.6861
7142,stage2,4,0.08702925592660904,0.2504870295524597,0.0,0.08702925592660904,0.0001,1e-05,50.125,3.3261,0.6711
7143,stage2,4,0.07216823101043701,0.3045912981033325,0.0,0.07216823101043701,0.0001,1e-05,50.121,2.858,0.6881
7144,stage2,4,0.0879657045006752,0.2856579124927521,0.0,0.0879657045006752,0.0001,1e-05,50.121,2.5555,0.6526
7145,stage2,4,0.08669719845056534,0.2678733766078949,0.0,0.08669719845056534,0.0001,1e-05,50.119,3.347,0.7061
7146,stage2,4,0.07396938651800156,0.2896619737148285,0.0,0.07396938651800156,0.0001,1e-05,50.122,2.551,0.6433
7147,stage2,4,0.06734871864318848,0.29855212569236755,0.0,0.06734871864318848,0.0001,1e-05,50.12,2.319,4.0797
7148,stage2,4,0.08735588192939758,0.2612382471561432,0.0,0.08735588192939758,0.0001,1e-05,50.122,2.5989,0.6382
7149,stage2,4,0.07797525823116302,0.2940256893634796,0.0,0.07797525823116302,0.0001,1e-05,50.121,2.4667,0.6614
7150,stage2,4,0.08915039896965027,0.2563646733760834,0.0,0.08915039896965027,0.0001,1e-05,50.116,2.6481,0.6352
7151,stage2,4,0.07479210197925568,0.26541927456855774,0.0,0.07479210197925568,0.0001,1e-05,50.12,2.5326,0.6865
7152,stage2,4,0.08398675918579102,0.25504523515701294,0.0,0.08398675918579102,0.0001,1e-05,50.12,2.4499,0.6822
7153,stage2,4,0.08341663330793381,0.2789480984210968,0.0,0.08341663330793381,0.0001,1e-05,50.119,3.2501,0.6696
7154,stage2,4,0.08488519489765167,0.26722386479377747,0.0,0.08488519489765167,0.0001,1e-05,50.119,2.5109,0.697
7155,stage2,4,0.07725895196199417,0.2852135896682739,0.0,0.07725895196199417,0.0001,1e-05,50.119,2.174,3.9402
7156,stage2,4,0.08694224059581757,0.2552843987941742,0.0,0.08694224059581757,0.0001,1e-05,50.119,2.7784,0.7012
7157,stage2,4,0.07659053057432175,0.25602149963378906,0.0,0.07659053057432175,0.0001,1e-05,50.119,2.6843,0.6538
7158,stage2,4,0.07047390937805176,0.26170414686203003,0.0,0.07047390937805176,0.0001,1e-05,50.122,2.4333,0.69
7159,stage2,4,0.09330650418996811,0.27581992745399475,0.0,0.09330650418996811,0.0001,1e-05,50.12,3.6944,0.6623
7160,stage2,4,0.08031532168388367,0.2704148292541504,0.0,0.08031532168388367,0.0001,1e-05,50.12,2.7892,0.6426
7161,stage2,4,0.09133447706699371,0.2941521108150482,0.0,0.09133447706699371,0.0001,1e-05,50.123,2.8611,0.7127
7162,stage2,4,0.08830733597278595,0.2736438512802124,0.0,0.08830733597278595,0.0001,1e-05,50.12,2.7321,0.6534
7163,stage2,4,0.08415030688047409,0.28511545062065125,0.0,0.08415030688047409,0.0001,1e-05,50.123,2.5915,3.8891
7164,stage2,4,0.07454820722341537,0.25521647930145264,0.0,0.07454820722341537,0.0001,1e-05,50.122,2.3154,0.6437
7165,stage2,5,0.06488118320703506,0.2803800404071808,0.0,0.06488118320703506,0.0001,1e-05,50.12,2.2787,10.3075
7166,stage2,5,0.07584752887487411,0.24575026333332062,0.0,0.07584752887487411,0.0001,1e-05,50.121,2.2833,0.6521
7167,stage2,5,0.08155728131532669,0.25730133056640625,0.0,0.08155728131532669,0.0001,1e-05,50.121,2.3859,0.6338
7168,stage2,5,0.06844375282526016,0.25938180088996887,0.0,0.06844375282526016,0.0001,1e-05,50.119,2.0212,0.6569
7169,stage2,5,0.07513098418712616,0.23630094528198242,0.0,0.07513098418712616,0.0001,1e-05,50.116,2.5215,0.7024
7170,stage2,5,0.07966439425945282,0.25538936257362366,0.0,0.07966439425945282,0.0001,1e-05,50.119,1.9713,0.6509
7171,stage2,5,0.07287198305130005,0.27813297510147095,0.0,0.07287198305130005,0.0001,1e-05,50.117,2.234,0.6999
7172,stage2,5,0.06814827024936676,0.25613442063331604,0.0,0.06814827024936676,0.0001,1e-05,50.125,2.186,0.6523
7173,stage2,5,0.07156769931316376,0.26067429780960083,0.0,0.07156769931316376,0.0001,1e-05,50.12,2.4307,3.8743
7174,stage2,5,0.08228248357772827,0.2665197253227234,0.0,0.08228248357772827,0.0001,1e-05,50.119,3.0392,0.6506
7175,stage2,5,0.06753503531217575,0.3127577006816864,0.0,0.06753503531217575,0.0001,1e-05,50.119,2.8354,0.7069
7176,stage2,5,0.07807525247335434,0.3037528991699219,0.0,0.07807525247335434,0.0001,1e-05,50.117,2.5221,0.6397
7177,stage2,5,0.06782351434230804,0.2889115512371063,0.0,0.06782351434230804,0.0001,1e-05,50.119,2.1471,0.657
7178,stage2,5,0.08479080349206924,0.24741674959659576,0.0,0.08479080349206924,0.0001,1e-05,50.121,2.3748,0.6326
7179,stage2,5,0.0866001769900322,0.2793729603290558,0.0,0.0866001769900322,0.0001,1e-05,50.122,2.9735,0.6703
7180,stage2,5,0.07114695012569427,0.2591119408607483,0.0,0.07114695012569427,0.0001,1e-05,50.123,2.1663,0.693
7181,stage2,5,0.07800933718681335,0.2742980122566223,0.0,0.07800933718681335,0.0001,1e-05,50.12,2.2663,3.9396
7182,stage2,5,0.07642287760972977,0.3009642958641052,0.0,0.07642287760972977,0.0001,1e-05,50.12,2.4156,0.6997
7183,stage2,5,0.07104276120662689,0.2787380516529083,0.0,0.07104276120662689,0.0001,1e-05,50.119,2.274,0.6641
7184,stage2,5,0.07004108279943466,0.2567290961742401,0.0,0.07004108279943466,0.0001,1e-05,50.124,2.3722,0.7089
7185,stage2,5,0.06879859417676926,0.2706412374973297,0.0,0.06879859417676926,0.0001,1e-05,50.121,1.9156,0.6479
7186,stage2,5,0.07492060959339142,0.2619095742702484,0.0,0.07492060959339142,0.0001,1e-05,50.123,2.4044,0.7096
7187,stage2,5,0.08778714388608932,0.2590380012989044,0.0,0.08778714388608932,0.0001,1e-05,50.122,2.4652,0.6437
7188,stage2,5,0.07867798209190369,0.25612661242485046,0.0,0.07867798209190369,0.0001,1e-05,50.121,2.6382,0.6585
7189,stage2,5,0.06900889426469803,0.24925678968429565,0.0,0.06900889426469803,0.0001,1e-05,50.12,2.3153,3.9835
7190,stage2,5,0.07210347056388855,0.30043262243270874,0.0,0.07210347056388855,0.0001,1e-05,50.123,2.7513,0.7247
7191,stage2,5,0.08621495962142944,0.27573856711387634,0.0,0.08621495962142944,0.0001,1e-05,50.12,2.9846,0.6443
7192,stage2,5,0.0735338032245636,0.2588035464286804,0.0,0.0735338032245636,0.0001,1e-05,50.122,2.5911,0.7181
7193,stage2,5,0.07370958477258682,0.27038899064064026,0.0,0.07370958477258682,0.0001,1e-05,50.118,2.7144,0.6428
7194,stage2,5,0.07890567928552628,0.2811555862426758,0.0,0.07890567928552628,0.0001,1e-05,50.116,2.8968,0.6492
7195,stage2,5,0.059431470930576324,0.2621057629585266,0.0,0.059431470930576324,0.0001,1e-05,50.118,1.8499,0.7006
7196,stage2,5,0.07267352938652039,0.2923685610294342,0.0,0.07267352938652039,0.0001,1e-05,50.117,2.3536,0.6326
7197,stage2,5,0.07155312597751617,0.2764758765697479,0.0,0.07155312597751617,0.0001,1e-05,50.116,2.8209,3.9434
7198,stage2,5,0.07091423124074936,0.28472140431404114,0.0,0.07091423124074936,0.0001,1e-05,50.122,2.2901,0.651
7199,stage2,5,0.07653853297233582,0.2893337905406952,0.0,0.07653853297233582,0.0001,1e-05,50.121,2.4822,0.6397
7200,stage2,5,0.07692530751228333,0.24968720972537994,0.0,0.07692530751228333,0.0001,1e-05,50.121,2.4992,0.658
7201,stage2,5,0.07014252990484238,0.2628535330295563,0.0,0.07014252990484238,0.0001,1e-05,50.124,2.5406,0.6937
7202,stage2,5,0.07089115679264069,0.3081461787223816,0.0,0.07089115679264069,0.0001,1e-05,50.126,2.5567,0.6437
7203,stage2,5,0.08732996135950089,0.28205159306526184,0.0,0.08732996135950089,0.0001,1e-05,50.123,3.1404,0.6501
7204,stage2,5,0.06671786308288574,0.2535349130630493,0.0,0.06671786308288574,0.0001,1e-05,50.127,2.2148,0.6459
7205,stage2,5,0.0684666708111763,0.2781107425689697,0.0,0.0684666708111763,0.0001,1e-05,50.125,2.1687,4.0506
7206,stage2,5,0.06889084726572037,0.2635406255722046,0.0,0.06889084726572037,0.0001,1e-05,50.121,1.8862,0.6276
7207,stage2,5,0.06545915454626083,0.28100720047950745,0.0,0.06545915454626083,0.0001,1e-05,50.123,2.2661,0.6577
7208,stage2,5,0.0768391340970993,0.2622395157814026,0.0,0.0768391340970993,0.0001,1e-05,50.123,2.4882,0.6336
7209,stage2,5,0.07847744971513748,0.25229978561401367,0.0,0.07847744971513748,0.0001,1e-05,50.124,2.4451,0.6636
7210,stage2,5,0.0740508884191513,0.25076672434806824,0.0,0.0740508884191513,0.0001,1e-05,50.123,2.1567,0.6912
7211,stage2,5,0.06349346786737442,0.28328409790992737,0.0,0.06349346786737442,0.0001,1e-05,50.125,2.3695,0.6397
7212,stage2,5,0.06991474330425262,0.25861862301826477,0.0,0.06991474330425262,0.0001,1e-05,50.122,2.0708,0.6435
7213,stage2,5,0.0724608302116394,0.22576725482940674,0.0,0.0724608302116394,0.0001,1e-05,50.125,1.8784,3.8739
7214,stage2,5,0.06249493360519409,0.2865748703479767,0.0,0.06249493360519409,0.0001,1e-05,50.122,2.7161,0.6944
7215,stage2,5,0.07154945284128189,0.24742966890335083,0.0,0.07154945284128189,0.0001,1e-05,50.124,1.8553,0.638
7216,stage2,5,0.06182949244976044,0.2776992619037628,0.0,0.06182949244976044,0.0001,1e-05,50.118,2.206,0.6405
7217,stage2,5,0.06287448108196259,0.28438204526901245,0.0,0.06287448108196259,0.0001,1e-05,50.123,2.619,0.6392
7218,stage2,5,0.06171678006649017,0.28482598066329956,0.0,0.06171678006649017,0.0001,1e-05,50.122,2.3432,0.6452
7219,stage2,5,0.06783454120159149,0.27475255727767944,0.0,0.06783454120159149,0.0001,1e-05,50.122,2.4417,0.6939
7220,stage2,5,0.060571782290935516,0.25995662808418274,0.0,0.060571782290935516,0.0001,1e-05,50.118,2.0223,0.6411
7221,stage2,5,0.06370925158262253,0.2867492735385895,0.0,0.06370925158262253,0.0001,1e-05,50.126,2.3265,3.9132
7222,stage2,5,0.05752359703183174,0.2445039302110672,0.0,0.05752359703183174,0.0001,1e-05,50.125,1.6889,0.6382
7223,stage2,5,0.06456614285707474,0.2629728317260742,0.0,0.06456614285707474,0.0001,1e-05,50.122,2.038,0.6942
7224,stage2,5,0.07525191456079483,0.26001372933387756,0.0,0.07525191456079483,0.0001,1e-05,50.123,2.4421,0.6385
7225,stage2,5,0.07630814611911774,0.2929244637489319,0.0,0.07630814611911774,0.0001,1e-05,50.12,2.826,0.6394
7226,stage2,5,0.07935185730457306,0.2660636007785797,0.0,0.07935185730457306,0.0001,1e-05,50.12,2.2769,0.6399
7227,stage2,5,0.06811019033193588,0.278913676738739,0.0,0.06811019033193588,0.0001,1e-05,50.121,2.4534,0.6446
7228,stage2,5,0.0750565379858017,0.27677637338638306,0.0,0.0750565379858017,0.0001,1e-05,50.119,2.2369,0.636
7229,stage2,5,0.06193535029888153,0.27170857787132263,0.0,0.06193535029888153,0.0001,1e-05,50.119,1.7778,4.0751
7230,stage2,5,0.08270308375358582,0.2549603581428528,0.0,0.08270308375358582,0.0001,1e-05,50.122,2.9613,0.6374
7231,stage2,5,0.07485698908567429,0.26805680990219116,0.0,0.07485698908567429,0.0001,1e-05,50.119,2.7662,0.6387
7232,stage2,5,0.07524188607931137,0.2727355659008026,0.0,0.07524188607931137,0.0001,1e-05,50.118,2.3189,0.6448
7233,stage2,5,0.06922844052314758,0.2792400121688843,0.0,0.06922844052314758,0.0001,1e-05,50.119,2.6625,0.6474
7234,stage2,5,0.06556940823793411,0.27969205379486084,0.0,0.06556940823793411,0.0001,1e-05,50.121,2.1812,0.685
7235,stage2,5,0.06400629132986069,0.2645200490951538,0.0,0.06400629132986069,0.0001,1e-05,50.119,2.2531,0.6475
7236,stage2,5,0.071934774518013,0.27194318175315857,0.0,0.071934774518013,0.0001,1e-05,50.12,2.5558,0.6462
7237,stage2,5,0.06436236947774887,0.2671828269958496,0.0,0.06436236947774887,0.0001,1e-05,50.121,2.6313,3.9254
7238,stage2,5,0.06750565022230148,0.26406431198120117,0.0,0.06750565022230148,0.0001,1e-05,50.123,2.1145,0.6395
7239,stage2,5,0.06840652972459793,0.294400691986084,0.0,0.06840652972459793,0.0001,1e-05,50.12,2.4826,0.6944
7240,stage2,5,0.08826678991317749,0.26392361521720886,0.0,0.08826678991317749,0.0001,1e-05,50.124,3.4273,0.6403
7241,stage2,5,0.07511944323778152,0.26966652274131775,0.0,0.07511944323778152,0.0001,1e-05,50.123,2.6507,0.6394
7242,stage2,5,0.06989022344350815,0.3046882450580597,0.0,0.06989022344350815,0.0001,1e-05,50.122,2.0324,0.6401
7243,stage2,5,0.07657716423273087,0.2892623543739319,0.0,0.07657716423273087,0.0001,1e-05,50.119,2.1598,0.6403
7244,stage2,5,0.07658108323812485,0.27211594581604004,0.0,0.07658108323812485,0.0001,1e-05,50.122,2.9131,0.6952
7245,stage2,5,0.06376244127750397,0.2645881175994873,0.0,0.06376244127750397,0.0001,1e-05,50.123,2.2088,3.9762
7246,stage2,5,0.06715882569551468,0.27900785207748413,0.0,0.06715882569551468,0.0001,1e-05,50.12,2.5752,0.6377
7247,stage2,5,0.07009641826152802,0.2681894600391388,0.0,0.07009641826152802,0.0001,1e-05,50.123,2.1665,0.6396
7248,stage2,5,0.0660485327243805,0.2797139286994934,0.0,0.0660485327243805,0.0001,1e-05,50.116,2.3403,0.6462
7249,stage2,5,0.07262466847896576,0.26698780059814453,0.0,0.07262466847896576,0.0001,1e-05,50.122,2.427,0.64
7250,stage2,5,0.06650472432374954,0.2748158574104309,0.0,0.06650472432374954,0.0001,1e-05,50.121,2.5868,0.6959
7251,stage2,5,0.08784071356058121,0.260444313287735,0.0,0.08784071356058121,0.0001,1e-05,50.122,2.7254,0.6405
7252,stage2,5,0.0755574107170105,0.25540733337402344,0.0,0.0755574107170105,0.0001,1e-05,50.122,2.4132,0.6445
7253,stage2,5,0.08779864758253098,0.26230618357658386,0.0,0.08779864758253098,0.0001,1e-05,50.12,2.7674,3.8256
7254,stage2,5,0.06511342525482178,0.2789190411567688,0.0,0.06511342525482178,0.0001,1e-05,50.122,2.1062,0.6908
7255,stage2,5,0.07926205545663834,0.25481534004211426,0.0,0.07926205545663834,0.0001,1e-05,50.12,2.8025,0.6408
7256,stage2,5,0.0719347894191742,0.24544429779052734,0.0,0.0719347894191742,0.0001,1e-05,50.118,2.3237,0.6394
7257,stage2,5,0.06568856537342072,0.26232555508613586,0.0,0.06568856537342072,0.0001,1e-05,50.12,2.2359,0.6449
7258,stage2,5,0.06481283903121948,0.26091116666793823,0.0,0.06481283903121948,0.0001,1e-05,50.121,2.1889,0.6406
7259,stage2,5,0.08539014309644699,0.26365312933921814,0.0,0.08539014309644699,0.0001,1e-05,50.121,2.7228,0.7041
7260,stage2,5,0.06350967288017273,0.3048032224178314,0.0,0.06350967288017273,0.0001,1e-05,50.122,2.265,0.6346
7261,stage2,5,0.0663084015250206,0.26187917590141296,0.0,0.0663084015250206,0.0001,1e-05,50.12,2.2321,3.9828
7262,stage2,5,0.07651949673891068,0.25111123919487,0.0,0.07651949673891068,0.0001,1e-05,50.122,2.7989,0.6392
7263,stage2,5,0.07431880384683609,0.24885626137256622,0.0,0.07431880384683609,0.0001,1e-05,50.121,2.4868,0.6437
7264,stage2,5,0.07484105229377747,0.2820861339569092,0.0,0.07484105229377747,0.0001,1e-05,50.121,2.7876,0.6541
7265,stage2,5,0.07270930707454681,0.27040648460388184,0.0,0.07270930707454681,0.0001,1e-05,50.119,2.4164,0.7008
7266,stage2,5,0.06682412326335907,0.29382044076919556,0.0,0.06682412326335907,0.0001,1e-05,50.119,2.2219,0.6398
7267,stage2,5,0.0801720917224884,0.2824496626853943,0.0,0.0801720917224884,0.0001,1e-05,50.117,2.415,0.6419
7268,stage2,5,0.08811752498149872,0.24712762236595154,0.0,0.08811752498149872,0.0001,1e-05,50.121,2.8643,0.6428
7269,stage2,5,0.061567503958940506,0.2601832151412964,0.0,0.061567503958940506,0.0001,1e-05,50.123,1.827,3.9499
7270,stage2,5,0.06447011232376099,0.2622506618499756,0.0,0.06447011232376099,0.0001,1e-05,50.119,1.8235,0.6315
7271,stage2,5,0.08000436425209045,0.24681638181209564,0.0,0.08000436425209045,0.0001,1e-05,50.123,2.562,0.6409
7272,stage2,5,0.07258571684360504,0.2823355793952942,0.0,0.07258571684360504,0.0001,1e-05,50.122,2.2246,0.6414
7273,stage2,5,0.07869180291891098,0.2662038505077362,0.0,0.07869180291891098,0.0001,1e-05,50.12,2.5432,0.6416
7274,stage2,5,0.07309459149837494,0.2951745092868805,0.0,0.07309459149837494,0.0001,1e-05,50.122,2.5712,0.7009
7275,stage2,5,0.06940151751041412,0.26817360520362854,0.0,0.06940151751041412,0.0001,1e-05,50.118,2.1646,0.6389
7276,stage2,5,0.07989543676376343,0.24547450244426727,0.0,0.07989543676376343,0.0001,1e-05,50.12,2.3202,0.643
7277,stage2,5,0.070243701338768,0.27121034264564514,0.0,0.070243701338768,0.0001,1e-05,50.12,2.2973,3.7877
7278,stage2,5,0.07814501225948334,0.2800561487674713,0.0,0.07814501225948334,0.0001,1e-05,50.12,2.4934,0.6412
7279,stage2,5,0.07413841784000397,0.2494221329689026,0.0,0.07413841784000397,0.0001,1e-05,50.123,2.5536,0.6986
7280,stage2,5,0.07761922478675842,0.24195823073387146,0.0,0.07761922478675842,0.0001,1e-05,50.12,2.4487,0.6405
7281,stage2,5,0.0749468132853508,0.2543359398841858,0.0,0.0749468132853508,0.0001,1e-05,50.121,2.474,0.6408
7282,stage2,5,0.0660264864563942,0.27289631962776184,0.0,0.0660264864563942,0.0001,1e-05,50.122,2.1554,0.6422
7283,stage2,5,0.09018387645483017,0.2879699468612671,0.0,0.09018387645483017,0.0001,1e-05,50.119,3.5067,0.6415
7284,stage2,5,0.0740683302283287,0.27397215366363525,0.0,0.0740683302283287,0.0001,1e-05,50.118,2.5019,0.635
7285,stage2,5,0.07261162251234055,0.25884655117988586,0.0,0.07261162251234055,0.0001,1e-05,50.118,2.214,3.9857
7286,stage2,5,0.07163963466882706,0.2541463375091553,0.0,0.07163963466882706,0.0001,1e-05,50.121,2.2568,0.6398
7287,stage2,5,0.07410462945699692,0.2971693277359009,0.0,0.07410462945699692,0.0001,1e-05,50.118,2.8975,0.6497
7288,stage2,5,0.08528419584035873,0.23453691601753235,0.0,0.08528419584035873,0.0001,1e-05,50.119,2.5336,0.6417
7289,stage2,5,0.07618705183267593,0.2543834149837494,0.0,0.07618705183267593,0.0001,1e-05,50.12,2.8938,0.6462
7290,stage2,5,0.07734552025794983,0.24012482166290283,0.0,0.07734552025794983,0.0001,1e-05,50.121,2.8125,0.6962
7291,stage2,5,0.07936577498912811,0.26820600032806396,0.0,0.07936577498912811,0.0001,1e-05,50.117,2.4157,0.6419
7292,stage2,5,0.0669294074177742,0.2395036369562149,0.0,0.0669294074177742,0.0001,1e-05,50.12,2.003,0.6426
7293,stage2,5,0.07100449502468109,0.3069247007369995,0.0,0.07100449502468109,0.0001,1e-05,50.12,2.2148,3.8983
7294,stage2,5,0.06951070576906204,0.2694418430328369,0.0,0.06951070576906204,0.0001,1e-05,50.121,2.8171,0.6951
7295,stage2,5,0.07323849201202393,0.2931306064128876,0.0,0.07323849201202393,0.0001,1e-05,50.119,2.6521,0.6556
7296,stage2,5,0.07588235288858414,0.24137839674949646,0.0,0.07588235288858414,0.0001,1e-05,50.12,2.6874,0.6424
7297,stage2,5,0.0797540694475174,0.2351885437965393,0.0,0.0797540694475174,0.0001,1e-05,50.119,3.131,0.6487
7298,stage2,5,0.06832130253314972,0.27465465664863586,0.0,0.06832130253314972,0.0001,1e-05,50.118,2.3443,0.6416
7299,stage2,5,0.06724049896001816,0.2688514292240143,0.0,0.06724049896001816,0.0001,1e-05,50.118,1.983,0.6948
7300,stage2,5,0.06430704891681671,0.25150495767593384,0.0,0.06430704891681671,0.0001,1e-05,50.12,2.2902,0.6421
7301,stage2,5,0.0702502578496933,0.302042692899704,0.0,0.0702502578496933,0.0001,1e-05,50.119,2.3573,3.8786
7302,stage2,5,0.08125247061252594,0.2853175401687622,0.0,0.08125247061252594,0.0001,1e-05,50.12,2.6783,0.6444
7303,stage2,5,0.06652574986219406,0.26242491602897644,0.0,0.06652574986219406,0.0001,1e-05,50.116,2.8959,0.7061
7304,stage2,5,0.07098011672496796,0.2633228302001953,0.0,0.07098011672496796,0.0001,1e-05,50.118,1.9692,0.6413
7305,stage2,5,0.08212439715862274,0.28731435537338257,0.0,0.08212439715862274,0.0001,1e-05,50.12,2.5949,0.6964
7306,stage2,5,0.07036317139863968,0.2627715766429901,0.0,0.07036317139863968,0.0001,1e-05,50.117,2.2293,0.6415
7307,stage2,5,0.07707931846380234,0.23913972079753876,0.0,0.07707931846380234,0.0001,1e-05,50.117,2.1541,0.642
7308,stage2,5,0.0704815536737442,0.2531181871891022,0.0,0.0704815536737442,0.0001,1e-05,50.12,2.406,0.6416
7309,stage2,5,0.07327752560377121,0.2739636301994324,0.0,0.07327752560377121,0.0001,1e-05,50.125,2.6914,3.9546
7310,stage2,5,0.08258434385061264,0.2683212459087372,0.0,0.08258434385061264,0.0001,1e-05,50.117,2.4896,0.6369
7311,stage2,5,0.07460705935955048,0.28734147548675537,0.0,0.07460705935955048,0.0001,1e-05,50.118,2.2998,0.6946
7312,stage2,5,0.06681247055530548,0.24806280434131622,0.0,0.06681247055530548,0.0001,1e-05,50.123,2.3387,0.6454
7313,stage2,5,0.06871297210454941,0.2917117178440094,0.0,0.06871297210454941,0.0001,1e-05,50.123,2.9717,0.642
7314,stage2,5,0.08576919138431549,0.27963098883628845,0.0,0.08576919138431549,0.0001,1e-05,50.123,2.4803,0.7041
7315,stage2,5,0.08062709867954254,0.30507922172546387,0.0,0.08062709867954254,0.0001,1e-05,50.123,2.5417,0.635
7316,stage2,5,0.07762043923139572,0.2556750476360321,0.0,0.07762043923139572,0.0001,1e-05,50.119,2.596,0.6428
7317,stage2,5,0.07748399674892426,0.26178041100502014,0.0,0.07748399674892426,0.0001,1e-05,50.119,2.6626,3.7017
7318,stage2,5,0.08062088489532471,0.26095935702323914,0.0,0.08062088489532471,0.0001,1e-05,50.119,2.7179,0.6405
7319,stage2,5,0.10012947767972946,0.2646387815475464,0.0,0.10012947767972946,0.0001,1e-05,50.121,2.872,0.9811
7320,stage2,5,0.06648805737495422,0.277226984500885,0.0,0.06648805737495422,0.0001,1e-05,50.118,2.2922,0.7008
7321,stage2,5,0.06507045030593872,0.26931801438331604,0.0,0.06507045030593872,0.0001,1e-05,50.117,2.019,0.6395
7322,stage2,5,0.06989433616399765,0.2521600127220154,0.0,0.06989433616399765,0.0001,1e-05,50.117,2.4334,0.6428
7323,stage2,5,0.07456577569246292,0.28368762135505676,0.0,0.07456577569246292,0.0001,1e-05,50.12,2.5063,0.6407
7324,stage2,5,0.07956298440694809,0.30770066380500793,0.0,0.07956298440694809,0.0001,1e-05,50.118,2.7362,0.6429
7325,stage2,5,0.06190519779920578,0.28743401169776917,0.0,0.06190519779920578,0.0001,1e-05,50.117,2.079,3.6349
7326,stage2,5,0.07990620285272598,0.31776517629623413,0.0,0.07990620285272598,0.0001,1e-05,50.121,2.4822,0.6378
7327,stage2,5,0.07665380835533142,0.2798011898994446,0.0,0.07665380835533142,0.0001,1e-05,50.119,2.4524,0.9532
7328,stage2,5,0.07185068726539612,0.28470298647880554,0.0,0.07185068726539612,0.0001,1e-05,50.119,2.2717,0.6446
7329,stage2,5,0.06573928147554398,0.2804652452468872,0.0,0.06573928147554398,0.0001,1e-05,50.117,2.1421,0.6887
7330,stage2,5,0.07064756751060486,0.25284433364868164,0.0,0.07064756751060486,0.0001,1e-05,50.116,2.5164,0.653
7331,stage2,5,0.07238166034221649,0.26364144682884216,0.0,0.07238166034221649,0.0001,1e-05,50.119,2.4187,0.6423
7332,stage2,5,0.08089056611061096,0.2566758990287781,0.0,0.08089056611061096,0.0001,1e-05,50.121,2.4893,0.6421
7333,stage2,5,0.08201950788497925,0.24491943418979645,0.0,0.08201950788497925,0.0001,1e-05,50.119,2.5699,3.5295
7334,stage2,5,0.0746360719203949,0.2514662444591522,0.0,0.0746360719203949,0.0001,1e-05,50.121,2.5429,0.6678
7335,stage2,5,0.08152513206005096,0.27828705310821533,0.0,0.08152513206005096,0.0001,1e-05,50.12,2.4258,1.0568
7336,stage2,5,0.07103736698627472,0.31764426827430725,0.0,0.07103736698627472,0.0001,1e-05,50.12,2.2467,0.6424
7337,stage2,5,0.07364378869533539,0.25632020831108093,0.0,0.07364378869533539,0.0001,1e-05,50.121,2.8006,0.6409
7338,stage2,5,0.08323175460100174,0.2750972509384155,0.0,0.08323175460100174,0.0001,1e-05,50.123,2.5213,0.642
7339,stage2,5,0.06945234537124634,0.25473296642303467,0.0,0.06945234537124634,0.0001,1e-05,50.117,2.2791,0.6343
7340,stage2,5,0.08118615299463272,0.2513171136379242,0.0,0.08118615299463272,0.0001,1e-05,50.117,2.5112,0.7219
7341,stage2,5,0.06026596575975418,0.24088738858699799,0.0,0.06026596575975418,0.0001,1e-05,50.119,1.9071,3.4484
7342,stage2,5,0.0757562518119812,0.2802422344684601,0.0,0.0757562518119812,0.0001,1e-05,50.118,2.4194,0.6413
7343,stage2,5,0.0659860372543335,0.26644793152809143,0.0,0.0659860372543335,0.0001,1e-05,50.118,2.2646,1.125
7344,stage2,5,0.07222744822502136,0.26522108912467957,0.0,0.07222744822502136,0.0001,1e-05,50.12,2.2141,0.6419
7345,stage2,5,0.07760926336050034,0.2662418484687805,0.0,0.07760926336050034,0.0001,1e-05,50.118,2.4694,0.6956
7346,stage2,5,0.08538682758808136,0.2458210587501526,0.0,0.08538682758808136,0.0001,1e-05,50.12,2.3374,0.6414
7347,stage2,5,0.0871887356042862,0.2568763196468353,0.0,0.0871887356042862,0.0001,1e-05,50.119,2.8064,0.642
7348,stage2,5,0.06300568580627441,0.24759195744991302,0.0,0.06300568580627441,0.0001,1e-05,50.12,1.8741,0.6416
7349,stage2,5,0.06813613325357437,0.26408305764198303,0.0,0.06813613325357437,0.0001,1e-05,50.119,2.0986,3.3984
7350,stage2,5,0.07217498868703842,0.28305453062057495,0.0,0.07217498868703842,0.0001,1e-05,50.119,2.2418,0.6946
7351,stage2,5,0.07751736789941788,0.2786073386669159,0.0,0.07751736789941788,0.0001,1e-05,50.119,2.4365,1.2635
7352,stage2,5,0.05738808959722519,0.2693201005458832,0.0,0.05738808959722519,0.0001,1e-05,50.12,1.7782,0.6418
7353,stage2,5,0.07056387513875961,0.25067833065986633,0.0,0.07056387513875961,0.0001,1e-05,50.123,2.4423,0.6464
7354,stage2,5,0.06405002623796463,0.2858469486236572,0.0,0.06405002623796463,0.0001,1e-05,50.122,2.1887,0.6956
7355,stage2,5,0.06303635984659195,0.24702520668506622,0.0,0.06303635984659195,0.0001,1e-05,50.121,2.1657,0.6415
7356,stage2,5,0.06629813462495804,0.24906817078590393,0.0,0.06629813462495804,0.0001,1e-05,50.12,2.2191,0.6466
7357,stage2,5,0.07296139001846313,0.25816911458969116,0.0,0.07296139001846313,0.0001,1e-05,50.12,2.2937,3.3392
7358,stage2,5,0.08025795221328735,0.28578293323516846,0.0,0.08025795221328735,0.0001,1e-05,50.119,2.5746,0.6408
7359,stage2,5,0.07480352371931076,0.2482532262802124,0.0,0.07480352371931076,0.0001,1e-05,50.12,3.1178,1.244
7360,stage2,5,0.06770061701536179,0.27108919620513916,0.0,0.06770061701536179,0.0001,1e-05,50.118,2.2516,0.6877
7361,stage2,5,0.06975695490837097,0.24609403312206268,0.0,0.06975695490837097,0.0001,1e-05,50.121,2.0986,0.6456
7362,stage2,5,0.07046417146921158,0.25812941789627075,0.0,0.07046417146921158,0.0001,1e-05,50.122,2.3099,0.6414
7363,stage2,5,0.07132449001073837,0.27400797605514526,0.0,0.07132449001073837,0.0001,1e-05,50.12,2.3718,0.6418
7364,stage2,5,0.07917763292789459,0.26989129185676575,0.0,0.07917763292789459,0.0001,1e-05,50.119,2.4744,0.6414
7365,stage2,5,0.06869025528430939,0.24106034636497498,0.0,0.06869025528430939,0.0001,1e-05,50.122,2.1047,3.3621
7366,stage2,5,0.06986864656209946,0.23972265422344208,0.0,0.06986864656209946,0.0001,1e-05,50.115,2.2604,0.636
7367,stage2,5,0.07111097127199173,0.24930091202259064,0.0,0.07111097127199173,0.0001,1e-05,50.123,2.0325,1.2839
7368,stage2,5,0.0641743391752243,0.2746892273426056,0.0,0.0641743391752243,0.0001,1e-05,50.122,2.1826,0.6419
7369,stage2,5,0.0816253051161766,0.2439260631799698,0.0,0.0816253051161766,0.0001,1e-05,50.118,2.5943,0.6969
7370,stage2,5,0.06741850078105927,0.2771655023097992,0.0,0.06741850078105927,0.0001,1e-05,50.122,2.2065,0.6396
7371,stage2,5,0.07121054083108902,0.24777598679065704,0.0,0.07121054083108902,0.0001,1e-05,50.123,2.4357,0.6413
7372,stage2,5,0.07671348750591278,0.27317219972610474,0.0,0.07671348750591278,0.0001,1e-05,50.124,2.4051,0.6434
7373,stage2,5,0.07916416227817535,0.2869057059288025,0.0,0.07916416227817535,0.0001,1e-05,50.119,2.5004,3.2658
7374,stage2,5,0.06730911880731583,0.2793656289577484,0.0,0.06730911880731583,0.0001,1e-05,50.123,2.6711,0.6404
7375,stage2,5,0.08390933275222778,0.27290078997612,0.0,0.08390933275222778,0.0001,1e-05,50.119,3.0337,1.4364
7376,stage2,5,0.0658516138792038,0.2954939603805542,0.0,0.0658516138792038,0.0001,1e-05,50.12,2.0043,0.6381
7377,stage2,5,0.0731065422296524,0.2807694971561432,0.0,0.0731065422296524,0.0001,1e-05,50.121,2.7504,0.6412
7378,stage2,5,0.07502888143062592,0.26489177346229553,0.0,0.07502888143062592,0.0001,1e-05,50.123,2.7317,0.6407
7379,stage2,5,0.07595019042491913,0.26552554965019226,0.0,0.07595019042491913,0.0001,1e-05,50.12,2.6924,0.6464
7380,stage2,5,0.06218152493238449,0.277821809053421,0.0,0.06218152493238449,0.0001,1e-05,50.122,1.9133,0.696
7381,stage2,5,0.08068453520536423,0.2669438421726227,0.0,0.08068453520536423,0.0001,1e-05,50.122,3.224,3.3181
7382,stage2,5,0.06886304169893265,0.26465386152267456,0.0,0.06886304169893265,0.0001,1e-05,50.119,2.223,0.6412
7383,stage2,5,0.06162216141819954,0.26708120107650757,0.0,0.06162216141819954,0.0001,1e-05,50.119,1.7649,1.3654
7384,stage2,5,0.08509557694196701,0.2680516242980957,0.0,0.08509557694196701,0.0001,1e-05,50.122,2.6751,0.6959
7385,stage2,5,0.0713217556476593,0.29016876220703125,0.0,0.0713217556476593,0.0001,1e-05,50.123,2.4729,0.6409
7386,stage2,5,0.06527654826641083,0.23578386008739471,0.0,0.06527654826641083,0.0001,1e-05,50.121,1.9012,0.6417
7387,stage2,5,0.06279861181974411,0.2724998891353607,0.0,0.06279861181974411,0.0001,1e-05,50.122,2.2778,0.6409
7388,stage2,5,0.07664071023464203,0.24047988653182983,0.0,0.07664071023464203,0.0001,1e-05,50.12,2.3216,0.6483
7389,stage2,5,0.06745335459709167,0.25108712911605835,0.0,0.06745335459709167,0.0001,1e-05,50.124,2.904,3.2602
7390,stage2,5,0.080776147544384,0.2573024034500122,0.0,0.080776147544384,0.0001,1e-05,50.117,2.4851,0.6541
7391,stage2,5,0.07277358323335648,0.2519597113132477,0.0,0.07277358323335648,0.0001,1e-05,50.12,2.6591,1.2542
7392,stage2,5,0.08605249226093292,0.26811036467552185,0.0,0.08605249226093292,0.0001,1e-05,50.122,2.6417,0.6465
7393,stage2,5,0.060410089790821075,0.27540943026542664,0.0,0.060410089790821075,0.0001,1e-05,50.121,1.9128,0.6373
7394,stage2,5,0.07175739109516144,0.29559198021888733,0.0,0.07175739109516144,0.0001,1e-05,50.12,2.0189,0.6611
7395,stage2,5,0.06931676715612411,0.2428751289844513,0.0,0.06931676715612411,0.0001,1e-05,50.123,1.985,0.6957
7396,stage2,5,0.07188478112220764,0.23953473567962646,0.0,0.07188478112220764,0.0001,1e-05,50.12,2.9142,0.6437
7397,stage2,5,0.06980392336845398,0.26958543062210083,0.0,0.06980392336845398,0.0001,1e-05,50.12,2.2749,3.2399
7398,stage2,5,0.06374594569206238,0.28203457593917847,0.0,0.06374594569206238,0.0001,1e-05,50.122,2.4078,0.6395
7399,stage2,5,0.06243586912751198,0.29467424750328064,0.0,0.06243586912751198,0.0001,1e-05,50.123,2.1824,1.4302
7400,stage2,5,0.07652492821216583,0.2564941346645355,0.0,0.07652492821216583,0.0001,1e-05,50.12,2.3385,0.6397
7401,stage2,5,0.06889402866363525,0.2669278383255005,0.0,0.06889402866363525,0.0001,1e-05,50.123,2.28,0.6464
7402,stage2,5,0.0746372789144516,0.2821660041809082,0.0,0.0746372789144516,0.0001,1e-05,50.123,2.8262,0.6416
7403,stage2,5,0.0933612808585167,0.2542775273323059,0.0,0.0933612808585167,0.0001,1e-05,50.122,3.4156,0.6422
7404,stage2,5,0.06961207836866379,0.2553967237472534,0.0,0.06961207836866379,0.0001,1e-05,50.123,2.1771,0.698
7405,stage2,5,0.06828387081623077,0.3117327094078064,0.0,0.06828387081623077,0.0001,1e-05,50.121,2.2291,3.2193
7406,stage2,5,0.06960302591323853,0.27574190497398376,0.0,0.06960302591323853,0.0001,1e-05,50.121,2.3319,0.6414
7407,stage2,5,0.07137179374694824,0.27306199073791504,0.0,0.07137179374694824,0.0001,1e-05,50.122,2.3521,1.2911
7408,stage2,5,0.06657113134860992,0.22361309826374054,0.0,0.06657113134860992,0.0001,1e-05,50.122,2.0403,0.7
7409,stage2,5,0.09487185627222061,0.24831031262874603,0.0,0.09487185627222061,0.0001,1e-05,50.124,3.9109,0.6402
7410,stage2,5,0.07431188225746155,0.2340938001871109,0.0,0.07431188225746155,0.0001,1e-05,50.121,2.6517,0.6462
7411,stage2,5,0.06677568703889847,0.25624144077301025,0.0,0.06677568703889847,0.0001,1e-05,50.121,2.2522,0.6422
7412,stage2,5,0.06661432236433029,0.24878746271133423,0.0,0.06661432236433029,0.0001,1e-05,50.121,2.0083,0.6431
7413,stage2,5,0.08103268593549728,0.251512736082077,0.0,0.08103268593549728,0.0001,1e-05,50.118,2.343,3.1723
7414,stage2,5,0.07260727137327194,0.25064370036125183,0.0,0.07260727137327194,0.0001,1e-05,50.121,2.2074,0.6423
7415,stage2,5,0.07268207520246506,0.2666015923023224,0.0,0.07268207520246506,0.0001,1e-05,50.122,2.5629,1.4019
7416,stage2,5,0.06832820177078247,0.27826154232025146,0.0,0.06832820177078247,0.0001,1e-05,50.121,1.8665,0.6409
7417,stage2,5,0.06918929517269135,0.2570539712905884,0.0,0.06918929517269135,0.0001,1e-05,50.121,2.029,0.6474
7418,stage2,5,0.07750242948532104,0.2890862226486206,0.0,0.07750242948532104,0.0001,1e-05,50.12,3.0512,0.6432
7419,stage2,5,0.07093046605587006,0.25721386075019836,0.0,0.07093046605587006,0.0001,1e-05,50.12,3.1798,0.6973
7420,stage2,5,0.06691167503595352,0.24762363731861115,0.0,0.06691167503595352,0.0001,1e-05,50.121,2.3933,0.6411
7421,stage2,5,0.0820627436041832,0.2448742687702179,0.0,0.0820627436041832,0.0001,1e-05,50.118,2.5433,3.0724
7422,stage2,5,0.07479650527238846,0.2931559979915619,0.0,0.07479650527238846,0.0001,1e-05,50.119,2.7889,0.6429
7423,stage2,5,0.07341290265321732,0.2983778417110443,0.0,0.07341290265321732,0.0001,1e-05,50.118,2.8334,1.4896
7424,stage2,5,0.07971446961164474,0.26542919874191284,0.0,0.07971446961164474,0.0001,1e-05,50.117,2.6799,0.6908
7425,stage2,5,0.06832017749547958,0.26635363698005676,0.0,0.06832017749547958,0.0001,1e-05,50.117,2.5406,0.6415
7426,stage2,5,0.06300584971904755,0.2802615165710449,0.0,0.06300584971904755,0.0001,1e-05,50.121,1.8945,0.6423
7427,stage2,5,0.07730302959680557,0.28564587235450745,0.0,0.07730302959680557,0.0001,1e-05,50.121,2.5268,0.6436
7428,stage2,5,0.07885245978832245,0.2844782769680023,0.0,0.07885245978832245,0.0001,1e-05,50.118,2.4973,0.656
7429,stage2,5,0.07306376099586487,0.2913523316383362,0.0,0.07306376099586487,0.0001,1e-05,50.119,2.2511,3.0442
7430,stage2,5,0.0674559697508812,0.2844538688659668,0.0,0.0674559697508812,0.0001,1e-05,50.119,2.2949,0.6567
7431,stage2,5,0.06464525312185287,0.2932473123073578,0.0,0.06464525312185287,0.0001,1e-05,50.118,2.5333,1.5996
7432,stage2,5,0.07224816828966141,0.263486385345459,0.0,0.07224816828966141,0.0001,1e-05,50.116,2.3471,0.6421
7433,stage2,5,0.075151726603508,0.26618093252182007,0.0,0.075151726603508,0.0001,1e-05,50.12,2.4433,0.6424
7434,stage2,5,0.08295973390340805,0.25334158539772034,0.0,0.08295973390340805,0.0001,1e-05,50.119,2.8979,0.6995
7435,stage2,5,0.08024005591869354,0.25289446115493774,0.0,0.08024005591869354,0.0001,1e-05,50.118,3.5469,0.6398
7436,stage2,5,0.06388217210769653,0.2887331247329712,0.0,0.06388217210769653,0.0001,1e-05,50.12,1.9069,0.6432
7437,stage2,5,0.07846325635910034,0.2789090871810913,0.0,0.07846325635910034,0.0001,1e-05,50.116,2.4225,2.8823
7438,stage2,5,0.07757928967475891,0.28046074509620667,0.0,0.07757928967475891,0.0001,1e-05,50.121,2.6369,0.6411
7439,stage2,5,0.0720607340335846,0.2716296315193176,0.0,0.0720607340335846,0.0001,1e-05,50.121,2.4311,1.7714
7440,stage2,5,0.07195450365543365,0.26963138580322266,0.0,0.07195450365543365,0.0001,1e-05,50.119,2.013,0.6413
7441,stage2,5,0.07272997498512268,0.2766398787498474,0.0,0.07272997498512268,0.0001,1e-05,50.12,2.6375,0.6431
7442,stage2,5,0.06973105669021606,0.263286292552948,0.0,0.06973105669021606,0.0001,1e-05,50.119,2.207,0.643
7443,stage2,5,0.06711030751466751,0.2572111487388611,0.0,0.06711030751466751,0.0001,1e-05,50.121,2.0661,0.643
7444,stage2,5,0.06408346444368362,0.2789562940597534,0.0,0.06408346444368362,0.0001,1e-05,50.12,2.2806,0.6951
7445,stage2,5,0.07867980748414993,0.2562205195426941,0.0,0.07867980748414993,0.0001,1e-05,50.121,2.4969,2.717
7446,stage2,5,0.06943271309137344,0.2778390049934387,0.0,0.06943271309137344,0.0001,1e-05,50.12,2.1796,0.633
7447,stage2,5,0.06850950419902802,0.2875785529613495,0.0,0.06850950419902802,0.0001,1e-05,50.119,1.9432,1.9261
7448,stage2,5,0.07405274361371994,0.2556396722793579,0.0,0.07405274361371994,0.0001,1e-05,50.119,2.5217,0.6377
7449,stage2,5,0.07435372471809387,0.289542555809021,0.0,0.07435372471809387,0.0001,1e-05,50.121,2.4974,0.6626
7450,stage2,5,0.06438779830932617,0.27067869901657104,0.0,0.06438779830932617,0.0001,1e-05,50.117,1.8397,0.6965
7451,stage2,5,0.07955141365528107,0.2677353024482727,0.0,0.07955141365528107,0.0001,1e-05,50.12,2.9032,0.6418
7452,stage2,5,0.06812562793493271,0.26987671852111816,0.0,0.06812562793493271,0.0001,1e-05,50.121,2.1145,0.6428
7453,stage2,5,0.07932617515325546,0.2662622928619385,0.0,0.07932617515325546,0.0001,1e-05,50.119,2.8595,2.4586
7454,stage2,5,0.07360179722309113,0.2937058210372925,0.0,0.07360179722309113,0.0001,1e-05,50.118,2.3584,0.6576
7455,stage2,5,0.06801839172840118,0.26062336564064026,0.0,0.06801839172840118,0.0001,1e-05,50.115,2.4514,2.0193
7456,stage2,5,0.07294803857803345,0.2641456127166748,0.0,0.07294803857803345,0.0001,1e-05,50.115,2.8182,0.6411
7457,stage2,5,0.0694010853767395,0.26381948590278625,0.0,0.0694010853767395,0.0001,1e-05,50.117,2.3173,0.6423
7458,stage2,5,0.06015276163816452,0.2950006127357483,0.0,0.06015276163816452,0.0001,1e-05,50.117,1.8959,0.6429
7459,stage2,5,0.06990773230791092,0.2737008333206177,0.0,0.06990773230791092,0.0001,1e-05,50.121,2.3862,0.6968
7460,stage2,5,0.06529363989830017,0.2734019160270691,0.0,0.06529363989830017,0.0001,1e-05,50.121,1.9378,0.6428
7461,stage2,5,0.06867720931768417,0.23695379495620728,0.0,0.06867720931768417,0.0001,1e-05,50.117,2.0529,2.5278
7462,stage2,5,0.07323414087295532,0.27073341608047485,0.0,0.07323414087295532,0.0001,1e-05,50.118,2.2481,0.7471
7463,stage2,5,0.07518956810235977,0.2661220133304596,0.0,0.07518956810235977,0.0001,1e-05,50.117,2.1329,2.0714
7464,stage2,5,0.07593311369419098,0.24119026958942413,0.0,0.07593311369419098,0.0001,1e-05,50.119,2.9341,0.6447
7465,stage2,5,0.06586572527885437,0.3092277944087982,0.0,0.06586572527885437,0.0001,1e-05,50.121,2.8089,0.6414
7466,stage2,5,0.07041385024785995,0.2344295233488083,0.0,0.07041385024785995,0.0001,1e-05,50.118,2.2087,0.6471
7467,stage2,5,0.07689172774553299,0.2702428698539734,0.0,0.07689172774553299,0.0001,1e-05,50.12,2.4632,0.6427
7468,stage2,5,0.07891706377267838,0.28948748111724854,0.0,0.07891706377267838,0.0001,1e-05,50.122,2.9921,0.6368
7469,stage2,5,0.069659523665905,0.26239049434661865,0.0,0.069659523665905,0.0001,1e-05,50.12,1.7861,2.3468
7470,stage2,5,0.07119621336460114,0.28994518518447876,0.0,0.07119621336460114,0.0001,1e-05,50.12,2.4598,0.8485
7471,stage2,5,0.07500170171260834,0.2609764337539673,0.0,0.07500170171260834,0.0001,1e-05,50.12,2.4612,2.0826
7472,stage2,5,0.06937586516141891,0.28186750411987305,0.0,0.06937586516141891,0.0001,1e-05,50.117,2.3439,0.6413
7473,stage2,5,0.06412705034017563,0.30647850036621094,0.0,0.06412705034017563,0.0001,1e-05,50.119,2.1646,0.6447
7474,stage2,5,0.06539921462535858,0.2655933201313019,0.0,0.06539921462535858,0.0001,1e-05,50.121,2.7307,0.6972
7475,stage2,5,0.0672818124294281,0.2597913146018982,0.0,0.0672818124294281,0.0001,1e-05,50.121,2.4341,0.6406
7476,stage2,5,0.06698369234800339,0.2713624835014343,0.0,0.06698369234800339,0.0001,1e-05,50.118,2.0102,0.642
7477,stage2,5,0.07759097963571548,0.2865030765533447,0.0,0.07759097963571548,0.0001,1e-05,50.12,2.2838,2.3065
7478,stage2,5,0.06472849100828171,0.25745826959609985,0.0,0.06472849100828171,0.0001,1e-05,50.123,1.9369,0.8118
7479,stage2,5,0.07055971026420593,0.26421263813972473,0.0,0.07055971026420593,0.0001,1e-05,50.123,2.2617,2.2298
7480,stage2,5,0.059227354824543,0.2479245662689209,0.0,0.059227354824543,0.0001,1e-05,50.119,1.7581,0.6459
7481,stage2,5,0.0658748671412468,0.255433589220047,0.0,0.0658748671412468,0.0001,1e-05,50.121,1.9705,0.6414
7482,stage2,5,0.0690755546092987,0.25424715876579285,0.0,0.0690755546092987,0.0001,1e-05,50.119,2.631,0.6418
7483,stage2,5,0.060777924954891205,0.24602247774600983,0.0,0.060777924954891205,0.0001,1e-05,50.12,1.6147,0.6423
7484,stage2,5,0.07598399370908737,0.24562005698680878,0.0,0.07598399370908737,0.0001,1e-05,50.119,2.255,0.6956
7485,stage2,5,0.07138457894325256,0.2630248963832855,0.0,0.07138457894325256,0.0001,1e-05,50.119,2.5533,2.1732
7486,stage2,5,0.06933216005563736,0.2828534245491028,0.0,0.06933216005563736,0.0001,1e-05,50.117,2.1679,0.8721
7487,stage2,5,0.07541298121213913,0.2902684807777405,0.0,0.07541298121213913,0.0001,1e-05,50.119,2.8583,2.1738
7488,stage2,5,0.08597633987665176,0.26056167483329773,0.0,0.08597633987665176,0.0001,1e-05,50.121,3.0356,0.6462
7489,stage2,5,0.07183680683374405,0.2783432900905609,0.0,0.07183680683374405,0.0001,1e-05,50.115,2.4104,0.6758
7490,stage2,5,0.07476161420345306,0.24718505144119263,0.0,0.07476161420345306,0.0001,1e-05,50.12,2.3477,0.6966
7491,stage2,5,0.07739997655153275,0.2924295961856842,0.0,0.07739997655153275,0.0001,1e-05,50.117,2.1102,0.6483
7492,stage2,5,0.06759724766016006,0.26687854528427124,0.0,0.06759724766016006,0.0001,1e-05,50.117,2.7632,0.6492
7493,stage2,5,0.07094001024961472,0.24814577400684357,0.0,0.07094001024961472,0.0001,1e-05,50.115,2.3701,2.0877
7494,stage2,5,0.06991485506296158,0.2614963948726654,0.0,0.06991485506296158,0.0001,1e-05,50.116,2.2491,0.9324
7495,stage2,5,0.06979481875896454,0.27869197726249695,0.0,0.06979481875896454,0.0001,1e-05,50.119,2.2412,2.1505
7496,stage2,5,0.06612125784158707,0.26509904861450195,0.0,0.06612125784158707,0.0001,1e-05,50.119,2.4037,0.6409
7497,stage2,5,0.0736055001616478,0.24529656767845154,0.0,0.0736055001616478,0.0001,1e-05,50.12,3.1124,0.7574
7498,stage2,5,0.07198097556829453,0.28507715463638306,0.0,0.07198097556829453,0.0001,1e-05,50.12,2.0498,0.6427
7499,stage2,5,0.07474065572023392,0.25713416934013367,0.0,0.07474065572023392,0.0001,1e-05,50.121,2.5832,0.6949
7500,stage2,5,0.0654342919588089,0.26591119170188904,0.0,0.0654342919588089,0.0001,1e-05,50.12,2.1232,0.6472
7501,stage2,5,0.06954570859670639,0.29514172673225403,0.0,0.06954570859670639,0.0001,1e-05,50.118,2.4401,2.0677
7502,stage2,5,0.07557082176208496,0.28509771823883057,0.0,0.07557082176208496,0.0001,1e-05,50.115,2.7583,0.9397
7503,stage2,5,0.0681830644607544,0.23215290904045105,0.0,0.0681830644607544,0.0001,1e-05,50.117,2.2552,2.0886
7504,stage2,5,0.08260088413953781,0.23666881024837494,0.0,0.08260088413953781,0.0001,1e-05,50.122,2.6371,0.6563
7505,stage2,5,0.07454601675271988,0.2704649269580841,0.0,0.07454601675271988,0.0001,1e-05,50.121,2.335,0.8783
7506,stage2,5,0.0718650221824646,0.24208319187164307,0.0,0.0718650221824646,0.0001,1e-05,50.121,2.2759,0.6421
7507,stage2,5,0.07628439366817474,0.278103768825531,0.0,0.07628439366817474,0.0001,1e-05,50.12,2.3823,0.6428
7508,stage2,5,0.0670587569475174,0.2423841804265976,0.0,0.0670587569475174,0.0001,1e-05,50.118,2.3463,0.6437
7509,stage2,5,0.07017169892787933,0.3281801640987396,0.0,0.07017169892787933,0.0001,1e-05,50.12,3.216,1.851
7510,stage2,5,0.07320931553840637,0.24825747311115265,0.0,0.07320931553840637,0.0001,1e-05,50.122,2.2781,1.0194
7511,stage2,5,0.06364060938358307,0.24623872339725494,0.0,0.06364060938358307,0.0001,1e-05,50.121,1.9682,2.2108
7512,stage2,5,0.07365049421787262,0.2517867088317871,0.0,0.07365049421787262,0.0001,1e-05,50.122,2.268,0.6411
7513,stage2,5,0.06823638826608658,0.27519407868385315,0.0,0.06823638826608658,0.0001,1e-05,50.123,2.511,1.0012
7514,stage2,5,0.07370293140411377,0.2914658784866333,0.0,0.07370293140411377,0.0001,1e-05,50.119,2.3853,0.6373
7515,stage2,5,0.06960694491863251,0.28441521525382996,0.0,0.06960694491863251,0.0001,1e-05,50.119,2.1778,0.6423
7516,stage2,5,0.06224397197365761,0.279433012008667,0.0,0.06224397197365761,0.0001,1e-05,50.122,1.8462,0.6421
7517,stage2,5,0.0869857519865036,0.25586655735969543,0.0,0.0869857519865036,0.0001,1e-05,50.118,3.1079,1.7216
7518,stage2,5,0.07228771597146988,0.2679187059402466,0.0,0.07228771597146988,0.0001,1e-05,50.122,2.5517,1.1409
7519,stage2,5,0.0651247575879097,0.2729613482952118,0.0,0.0651247575879097,0.0001,1e-05,50.122,2.1889,2.2144
7520,stage2,5,0.06397080421447754,0.23831205070018768,0.0,0.06397080421447754,0.0001,1e-05,50.117,2.4643,0.6423
7521,stage2,5,0.06188783794641495,0.26884499192237854,0.0,0.06188783794641495,0.0001,1e-05,50.122,2.1856,0.9611
7522,stage2,5,0.06886179745197296,0.22190533578395844,0.0,0.06886179745197296,0.0001,1e-05,50.121,2.3211,0.6449
7523,stage2,5,0.07142485678195953,0.2299487292766571,0.0,0.07142485678195953,0.0001,1e-05,50.118,2.6875,0.663
7524,stage2,5,0.06604219973087311,0.23407013714313507,0.0,0.06604219973087311,0.0001,1e-05,50.12,2.2894,0.6965
7525,stage2,5,0.07342879474163055,0.2638901472091675,0.0,0.07342879474163055,0.0001,1e-05,50.121,2.3627,1.4819
7526,stage2,5,0.06903597712516785,0.28504088521003723,0.0,0.06903597712516785,0.0001,1e-05,50.123,3.6258,1.3448
7527,stage2,5,0.07041830569505692,0.23782598972320557,0.0,0.07041830569505692,0.0001,1e-05,50.119,2.7818,2.0545
7528,stage2,5,0.08499006181955338,0.24836181104183197,0.0,0.08499006181955338,0.0001,1e-05,50.119,2.5087,0.6405
7529,stage2,5,0.05989035218954086,0.2815239429473877,0.0,0.05989035218954086,0.0001,1e-05,50.12,1.8474,1.0783
7530,stage2,5,0.07390860468149185,0.27177441120147705,0.0,0.07390860468149185,0.0001,1e-05,50.118,2.4428,0.6475
7531,stage2,5,0.06736000627279282,0.27955225110054016,0.0,0.06736000627279282,0.0001,1e-05,50.119,2.3814,0.6421
7532,stage2,5,0.07330591231584549,0.27702847123146057,0.0,0.07330591231584549,0.0001,1e-05,50.12,2.5839,0.6428
7533,stage2,5,0.07595861703157425,0.2428687959909439,0.0,0.07595861703157425,0.0001,1e-05,50.117,2.7647,1.3481
7534,stage2,5,0.07862073183059692,0.27318790555000305,0.0,0.07862073183059692,0.0001,1e-05,50.12,2.3485,1.3605
7535,stage2,5,0.07124906778335571,0.26509538292884827,0.0,0.07124906778335571,0.0001,1e-05,50.121,2.647,2.1458
7536,stage2,5,0.07164258509874344,0.2749115824699402,0.0,0.07164258509874344,0.0001,1e-05,50.12,2.1093,0.6417
7537,stage2,5,0.0736602321267128,0.24385450780391693,0.0,0.0736602321267128,0.0001,1e-05,50.122,2.3721,1.0829
7538,stage2,5,0.07376281917095184,0.2399037629365921,0.0,0.07376281917095184,0.0001,1e-05,50.121,2.1091,0.6407
7539,stage2,5,0.06854081153869629,0.25692102313041687,0.0,0.06854081153869629,0.0001,1e-05,50.124,2.3462,0.6465
7540,stage2,5,0.06836783140897751,0.27874746918678284,0.0,0.06836783140897751,0.0001,1e-05,50.122,2.3305,0.6488
7541,stage2,5,0.07207635790109634,0.2496856302022934,0.0,0.07207635790109634,0.0001,1e-05,50.12,2.9489,1.2143
7542,stage2,5,0.06248187646269798,0.3080650269985199,0.0,0.06248187646269798,0.0001,1e-05,50.12,2.0401,1.5492
7543,stage2,5,0.0685376301407814,0.29551711678504944,0.0,0.0685376301407814,0.0001,1e-05,50.121,2.5434,2.1481
7544,stage2,5,0.06988031417131424,0.2641712427139282,0.0,0.06988031417131424,0.0001,1e-05,50.121,2.5292,0.6852
7545,stage2,5,0.08237486332654953,0.22935643792152405,0.0,0.08237486332654953,0.0001,1e-05,50.121,2.8555,0.9095
7546,stage2,5,0.07408037036657333,0.27714383602142334,0.0,0.07408037036657333,0.0001,1e-05,50.121,2.3014,0.6419
7547,stage2,5,0.07649093866348267,0.2967468798160553,0.0,0.07649093866348267,0.0001,1e-05,50.122,2.6107,0.6426
7548,stage2,5,0.0875597670674324,0.2879214882850647,0.0,0.0875597670674324,0.0001,1e-05,50.123,2.8294,0.6984
7549,stage2,5,0.07972516864538193,0.2444334179162979,0.0,0.07972516864538193,0.0001,1e-05,50.122,2.8015,1.1637
7550,stage2,5,0.06297017633914948,0.26918676495552063,0.0,0.06297017633914948,0.0001,1e-05,50.122,2.5494,1.6523
7551,stage2,5,0.06931960582733154,0.2504243850708008,0.0,0.06931960582733154,0.0001,1e-05,50.121,1.9317,2.0602
7552,stage2,5,0.06454978138208389,0.30923548340797424,0.0,0.06454978138208389,0.0001,1e-05,50.121,2.2569,0.6474
7553,stage2,5,0.06768868863582611,0.2957629859447479,0.0,0.06768868863582611,0.0001,1e-05,50.124,2.7392,1.0908
7554,stage2,5,0.06707031279802322,0.2665257453918457,0.0,0.06707031279802322,0.0001,1e-05,50.12,2.4274,0.643
7555,stage2,5,0.061297766864299774,0.26771652698516846,0.0,0.061297766864299774,0.0001,1e-05,50.122,2.0842,0.6473
7556,stage2,5,0.06968530267477036,0.275656521320343,0.0,0.06968530267477036,0.0001,1e-05,50.122,2.2594,0.6443
7557,stage2,5,0.06770560145378113,0.267902135848999,0.0,0.06770560145378113,0.0001,1e-05,50.119,2.283,1.1643
7558,stage2,5,0.06666570901870728,0.2351224571466446,0.0,0.06666570901870728,0.0001,1e-05,50.119,2.1668,1.5396
7559,stage2,5,0.0691358894109726,0.24480785429477692,0.0,0.0691358894109726,0.0001,1e-05,50.121,2.6773,2.1334
7560,stage2,5,0.08018019050359726,0.2537766695022583,0.0,0.08018019050359726,0.0001,1e-05,50.12,2.6085,0.6593
7561,stage2,5,0.06060982868075371,0.2656274139881134,0.0,0.06060982868075371,0.0001,1e-05,50.124,2.2203,1.2009
7562,stage2,5,0.07437749207019806,0.25225961208343506,0.0,0.07437749207019806,0.0001,1e-05,50.121,2.2252,0.6586
7563,stage2,5,0.07773161679506302,0.281247079372406,0.0,0.07773161679506302,0.0001,1e-05,50.118,2.2316,0.6569
7564,stage2,5,0.07622725516557693,0.26483389735221863,0.0,0.07622725516557693,0.0001,1e-05,50.119,3.0195,0.7073
7565,stage2,5,0.08055374026298523,0.258620947599411,0.0,0.08055374026298523,0.0001,1e-05,50.121,2.3727,0.8533
7566,stage2,5,0.08305874466896057,0.28826576471328735,0.0,0.08305874466896057,0.0001,1e-05,50.119,2.7209,1.6996
7567,stage2,5,0.06517484784126282,0.2636294960975647,0.0,0.06517484784126282,0.0001,1e-05,50.122,2.4549,2.0992
7568,stage2,5,0.07119497656822205,0.2816823422908783,0.0,0.07119497656822205,0.0001,1e-05,50.12,2.1612,0.7082
7569,stage2,5,0.07608627527952194,0.250811904668808,0.0,0.07608627527952194,0.0001,1e-05,50.121,2.3885,1.2981
7570,stage2,5,0.07378291338682175,0.261340856552124,0.0,0.07378291338682175,0.0001,1e-05,50.115,2.6988,0.7089
7571,stage2,5,0.06716319918632507,0.2706148326396942,0.0,0.06716319918632507,0.0001,1e-05,50.118,1.884,0.6528
7572,stage2,5,0.07397812604904175,0.26575154066085815,0.0,0.07397812604904175,0.0001,1e-05,50.121,2.4675,0.7215
7573,stage2,5,0.06252606958150864,0.2793416678905487,0.0,0.06252606958150864,0.0001,1e-05,50.122,2.1705,0.7342
7574,stage2,5,0.08061018586158752,0.2699301838874817,0.0,0.08061018586158752,0.0001,1e-05,50.118,2.7135,1.6259
7575,stage2,5,0.06926412880420685,0.237623929977417,0.0,0.06926412880420685,0.0001,1e-05,50.12,2.6046,2.3176
7576,stage2,5,0.06682098656892776,0.24598486721515656,0.0,0.06682098656892776,0.0001,1e-05,50.121,2.2941,0.6454
7577,stage2,5,0.06475910544395447,0.275319367647171,0.0,0.06475910544395447,0.0001,1e-05,50.122,1.9948,1.407
7578,stage2,5,0.06902360916137695,0.275474488735199,0.0,0.06902360916137695,0.0001,1e-05,50.123,2.4369,0.6521
7579,stage2,5,0.08738673478364944,0.2393593192100525,0.0,0.08738673478364944,0.0001,1e-05,50.119,2.9683,0.7004
7580,stage2,5,0.0650142952799797,0.2753361463546753,0.0,0.0650142952799797,0.0001,1e-05,50.121,2.0152,0.6533
7581,stage2,5,0.07191670686006546,0.2742515206336975,0.0,0.07191670686006546,0.0001,1e-05,50.12,2.0453,0.734
7582,stage2,5,0.06162993609905243,0.2573038637638092,0.0,0.06162993609905243,0.0001,1e-05,50.119,1.9724,1.7222
7583,stage2,5,0.06870631873607635,0.30605486035346985,0.0,0.06870631873607635,0.0001,1e-05,50.123,2.1228,2.2163
7584,stage2,5,0.0702390968799591,0.24627991020679474,0.0,0.0702390968799591,0.0001,1e-05,50.123,2.67,0.6574
7585,stage2,5,0.07068057358264923,0.25895100831985474,0.0,0.07068057358264923,0.0001,1e-05,50.12,2.3815,1.4406
7586,stage2,5,0.06419840455055237,0.2668186128139496,0.0,0.06419840455055237,0.0001,1e-05,50.12,2.4165,0.6997
7587,stage2,5,0.07017487287521362,0.2840057611465454,0.0,0.07017487287521362,0.0001,1e-05,50.121,2.5164,0.6571
7588,stage2,5,0.06534146517515182,0.2578968405723572,0.0,0.06534146517515182,0.0001,1e-05,50.121,2.0311,0.7218
7589,stage2,5,0.07831119745969772,0.2738346755504608,0.0,0.07831119745969772,0.0001,1e-05,50.121,2.2458,0.6503
7590,stage2,5,0.07790455967187881,0.28304246068000793,0.0,0.07790455967187881,0.0001,1e-05,50.123,2.1019,1.6677
7591,stage2,5,0.07135626673698425,0.2830870449542999,0.0,0.07135626673698425,0.0001,1e-05,50.121,2.7861,2.4316
7592,stage2,5,0.07253570109605789,0.24832184612751007,0.0,0.07253570109605789,0.0001,1e-05,50.121,2.6274,0.7017
7593,stage2,5,0.06119091808795929,0.27934616804122925,0.0,0.06119091808795929,0.0001,1e-05,50.12,1.9676,1.3678
7594,stage2,5,0.07382018864154816,0.2405671328306198,0.0,0.07382018864154816,0.0001,1e-05,50.12,2.909,0.6544
7595,stage2,5,0.07637772709131241,0.2744174301624298,0.0,0.07637772709131241,0.0001,1e-05,50.119,2.7561,0.6995
7596,stage2,5,0.08189865201711655,0.2491820752620697,0.0,0.08189865201711655,0.0001,1e-05,50.118,3.6063,0.66
7597,stage2,5,0.07547007501125336,0.29333093762397766,0.0,0.07547007501125336,0.0001,1e-05,50.118,2.6494,0.6461
7598,stage2,5,0.0717897117137909,0.24593639373779297,0.0,0.0717897117137909,0.0001,1e-05,50.121,2.3586,1.5473
7599,stage2,5,0.07217743992805481,0.26036307215690613,0.0,0.07217743992805481,0.0001,1e-05,50.121,2.5534,2.4402
7600,stage2,5,0.07059913128614426,0.23749719560146332,0.0,0.07059913128614426,0.0001,1e-05,50.118,2.4859,0.7104
7601,stage2,5,0.0753265917301178,0.2717370092868805,0.0,0.0753265917301178,0.0001,1e-05,50.12,2.2615,1.3468
7602,stage2,5,0.07234907150268555,0.26982375979423523,0.0,0.07234907150268555,0.0001,1e-05,50.12,2.6857,0.638
7603,stage2,5,0.06152082979679108,0.25736185908317566,0.0,0.06152082979679108,0.0001,1e-05,50.119,2.0736,0.6692
7604,stage2,5,0.07619723677635193,0.23933304846286774,0.0,0.07619723677635193,0.0001,1e-05,50.119,2.1962,0.6991
7605,stage2,5,0.06932556629180908,0.265502393245697,0.0,0.06932556629180908,0.0001,1e-05,50.119,2.1748,0.6539
7606,stage2,5,0.06656301021575928,0.2715064585208893,0.0,0.06656301021575928,0.0001,1e-05,50.12,2.272,1.4039
7607,stage2,5,0.08240139484405518,0.2559741139411926,0.0,0.08240139484405518,0.0001,1e-05,50.122,2.7398,2.5878
7608,stage2,5,0.06289509683847427,0.2614772319793701,0.0,0.06289509683847427,0.0001,1e-05,50.121,2.3706,0.6341
7609,stage2,5,0.06817664951086044,0.29028016328811646,0.0,0.06817664951086044,0.0001,1e-05,50.12,3.1602,1.384
7610,stage2,5,0.07433359324932098,0.2661071717739105,0.0,0.07433359324932098,0.0001,1e-05,50.121,2.7836,0.6655
7611,stage2,5,0.07593820989131927,0.2638723850250244,0.0,0.07593820989131927,0.0001,1e-05,50.122,2.4321,0.6885
7612,stage2,5,0.06611227244138718,0.23739129304885864,0.0,0.06611227244138718,0.0001,1e-05,50.124,2.0985,0.6529
7613,stage2,5,0.075287364423275,0.24714721739292145,0.0,0.075287364423275,0.0001,1e-05,50.121,2.5823,0.7069
7614,stage2,5,0.07327744364738464,0.2947149872779846,0.0,0.07327744364738464,0.0001,1e-05,50.123,2.4278,1.2827
7615,stage2,5,0.06727342307567596,0.24846963584423065,0.0,0.06727342307567596,0.0001,1e-05,50.122,2.4272,2.4687
7616,stage2,5,0.07265377789735794,0.3021145462989807,0.0,0.07265377789735794,0.0001,1e-05,50.121,2.3353,0.7102
7617,stage2,5,0.072209432721138,0.23611073195934296,0.0,0.072209432721138,0.0001,1e-05,50.121,1.913,1.6366
7618,stage2,5,0.07505805790424347,0.273844450712204,0.0,0.07505805790424347,0.0001,1e-05,50.121,3.2017,0.6515
7619,stage2,5,0.07183945924043655,0.2752551734447479,0.0,0.07183945924043655,0.0001,1e-05,50.12,2.8023,0.6778
7620,stage2,5,0.06843021512031555,0.2948184013366699,0.0,0.06843021512031555,0.0001,1e-05,50.124,2.6035,0.685
7621,stage2,5,0.07008204609155655,0.24976341426372528,0.0,0.07008204609155655,0.0001,1e-05,50.12,2.4605,0.6539
7622,stage2,5,0.08312808722257614,0.2804422974586487,0.0,0.08312808722257614,0.0001,1e-05,50.122,3.3102,1.0295
7623,stage2,5,0.08787620812654495,0.2635749280452728,0.0,0.08787620812654495,0.0001,1e-05,50.124,2.9707,2.7066
7624,stage2,5,0.07215509563684464,0.2448796182870865,0.0,0.07215509563684464,0.0001,1e-05,50.122,2.414,0.7116
7625,stage2,5,0.05550699681043625,0.3009757399559021,0.0,0.05550699681043625,0.0001,1e-05,50.125,1.8666,1.5728
7626,stage2,5,0.08016117662191391,0.2518053650856018,0.0,0.08016117662191391,0.0001,1e-05,50.119,2.2761,0.6564
7627,stage2,5,0.0703127309679985,0.27805426716804504,0.0,0.0703127309679985,0.0001,1e-05,50.121,2.6289,0.712
7628,stage2,5,0.06723140180110931,0.27223122119903564,0.0,0.06723140180110931,0.0001,1e-05,50.122,2.2331,0.6483
7629,stage2,5,0.07068846374750137,0.24882201850414276,0.0,0.07068846374750137,0.0001,1e-05,50.123,2.527,0.6566
7630,stage2,5,0.07900552451610565,0.25112634897232056,0.0,0.07900552451610565,0.0001,1e-05,50.123,2.6719,0.9962
7631,stage2,5,0.07841163128614426,0.26799657940864563,0.0,0.07841163128614426,0.0001,1e-05,50.121,2.1058,2.7043
7632,stage2,5,0.06505722552537918,0.29338663816452026,0.0,0.06505722552537918,0.0001,1e-05,50.12,1.9239,0.6992
7633,stage2,5,0.06063757464289665,0.2730935513973236,0.0,0.06063757464289665,0.0001,1e-05,50.122,1.8649,1.6416
7634,stage2,5,0.07576198130846024,0.2738938331604004,0.0,0.07576198130846024,0.0001,1e-05,50.121,2.9957,0.6411
7635,stage2,5,0.076192207634449,0.22930125892162323,0.0,0.076192207634449,0.0001,1e-05,50.119,2.7289,0.6639
7636,stage2,5,0.06257884949445724,0.29303640127182007,0.0,0.06257884949445724,0.0001,1e-05,50.121,2.2429,0.635
7637,stage2,5,0.06973068416118622,0.24682210385799408,0.0,0.06973068416118622,0.0001,1e-05,50.123,1.8673,0.7249
7638,stage2,5,0.07222864031791687,0.26612675189971924,0.0,0.07222864031791687,0.0001,1e-05,50.121,2.2704,0.8843
7639,stage2,5,0.07626901566982269,0.2681983411312103,0.0,0.07626901566982269,0.0001,1e-05,50.124,2.6158,2.8162
7640,stage2,5,0.06324317306280136,0.2440997064113617,0.0,0.06324317306280136,0.0001,1e-05,50.123,3.2478,0.7149
7641,stage2,5,0.06538183242082596,0.26395338773727417,0.0,0.06538183242082596,0.0001,1e-05,50.119,2.2433,1.6148
7642,stage2,5,0.0676785260438919,0.23521888256072998,0.0,0.0676785260438919,0.0001,1e-05,50.121,1.8123,0.6544
7643,stage2,5,0.07158728688955307,0.2418307363986969,0.0,0.07158728688955307,0.0001,1e-05,50.124,2.1281,0.7137
7644,stage2,5,0.057983484119176865,0.27265965938568115,0.0,0.057983484119176865,0.0001,1e-05,50.122,2.1634,0.6503
7645,stage2,5,0.06225649639964104,0.2585681080818176,0.0,0.06225649639964104,0.0001,1e-05,50.122,2.0621,0.6593
7646,stage2,5,0.0718267634510994,0.24058584868907928,0.0,0.0718267634510994,0.0001,1e-05,50.123,2.7331,0.854
7647,stage2,5,0.06992607563734055,0.24519896507263184,0.0,0.06992607563734055,0.0001,1e-05,50.121,1.9869,2.9052
7648,stage2,5,0.07471530139446259,0.28169694542884827,0.0,0.07471530139446259,0.0001,1e-05,50.121,2.8837,0.7066
7649,stage2,5,0.06531558930873871,0.2759944796562195,0.0,0.06531558930873871,0.0001,1e-05,50.12,2.214,1.5748
7650,stage2,5,0.06029630824923515,0.23703202605247498,0.0,0.06029630824923515,0.0001,1e-05,50.119,1.9404,0.6641
7651,stage2,5,0.0740167647600174,0.2422870695590973,0.0,0.0740167647600174,0.0001,1e-05,50.121,2.2852,0.7044
7652,stage2,5,0.07112172991037369,0.2888782322406769,0.0,0.07112172991037369,0.0001,1e-05,50.12,2.1387,0.6597
7653,stage2,5,0.06881389766931534,0.2629830241203308,0.0,0.06881389766931534,0.0001,1e-05,50.123,2.0566,0.7012
7654,stage2,5,0.06954188644886017,0.26363927125930786,0.0,0.06954188644886017,0.0001,1e-05,50.123,1.9956,0.6539
7655,stage2,5,0.06148732453584671,0.2614879012107849,0.0,0.06148732453584671,0.0001,1e-05,50.121,1.8282,3.0408
7656,stage2,5,0.08375861495733261,0.2656371295452118,0.0,0.08375861495733261,0.0001,1e-05,50.122,3.4894,0.7045
7657,stage2,5,0.059839632362127304,0.2715325355529785,0.0,0.059839632362127304,0.0001,1e-05,50.122,1.8929,1.5801
7658,stage2,5,0.0772600993514061,0.24950294196605682,0.0,0.0772600993514061,0.0001,1e-05,50.122,2.4988,0.6548
7659,stage2,5,0.06730619817972183,0.29347243905067444,0.0,0.06730619817972183,0.0001,1e-05,50.121,2.0699,0.7047
7660,stage2,5,0.09349258244037628,0.24612002074718475,0.0,0.09349258244037628,0.0001,1e-05,50.122,3.1712,0.6556
7661,stage2,5,0.07916063070297241,0.26621219515800476,0.0,0.07916063070297241,0.0001,1e-05,50.122,2.754,0.656
7662,stage2,5,0.07524140179157257,0.2292196899652481,0.0,0.07524140179157257,0.0001,1e-05,50.123,2.3314,0.6441
7663,stage2,5,0.06634651124477386,0.2631203234195709,0.0,0.06634651124477386,0.0001,1e-05,50.124,2.39,3.0331
7664,stage2,5,0.06815088540315628,0.26242953538894653,0.0,0.06815088540315628,0.0001,1e-05,50.12,2.1713,0.6917
7665,stage2,5,0.07091306895017624,0.25109803676605225,0.0,0.07091306895017624,0.0001,1e-05,50.122,2.2703,1.6791
7666,stage2,5,0.06611964851617813,0.24876801669597626,0.0,0.06611964851617813,0.0001,1e-05,50.119,2.542,0.6597
7667,stage2,5,0.06286938488483429,0.2604588270187378,0.0,0.06286938488483429,0.0001,1e-05,50.123,1.8385,0.6542
7668,stage2,5,0.07535651326179504,0.24311432242393494,0.0,0.07535651326179504,0.0001,1e-05,50.123,2.4759,0.7111
7669,stage2,5,0.07337306439876556,0.27053123712539673,0.0,0.07337306439876556,0.0001,1e-05,50.119,2.2191,0.6614
7670,stage2,5,0.08141455799341202,0.26500383019447327,0.0,0.08141455799341202,0.0001,1e-05,50.121,2.5957,0.709
7671,stage2,5,0.06160653010010719,0.2832661271095276,0.0,0.06160653010010719,0.0001,1e-05,50.123,2.0003,2.9261
7672,stage2,5,0.0665116086602211,0.25255832076072693,0.0,0.0665116086602211,0.0001,1e-05,50.124,1.9056,0.6905
7673,stage2,5,0.08204945921897888,0.26122742891311646,0.0,0.08204945921897888,0.0001,1e-05,50.121,2.3346,1.7743
7674,stage2,5,0.06375157833099365,0.2871987223625183,0.0,0.06375157833099365,0.0001,1e-05,50.12,2.2224,0.6538
7675,stage2,5,0.06678951531648636,0.24498383700847626,0.0,0.06678951531648636,0.0001,1e-05,50.125,1.9809,0.7081
7676,stage2,5,0.06746214628219604,0.27360329031944275,0.0,0.06746214628219604,0.0001,1e-05,50.118,2.8133,0.6599
7677,stage2,5,0.06840965151786804,0.2695070207118988,0.0,0.06840965151786804,0.0001,1e-05,50.121,2.1553,0.7075
7678,stage2,5,0.06889933347702026,0.25219962000846863,0.0,0.06889933347702026,0.0001,1e-05,50.124,2.1539,0.6598
7679,stage2,5,0.07521381229162216,0.2635039687156677,0.0,0.07521381229162216,0.0001,1e-05,50.121,2.3713,2.9391
7680,stage2,5,0.06021059677004814,0.2529467046260834,0.0,0.06021059677004814,0.0001,1e-05,50.123,1.8956,0.6837
7681,stage2,5,0.06518954038619995,0.28217825293540955,0.0,0.06518954038619995,0.0001,1e-05,50.118,2.1924,1.7374
7682,stage2,5,0.07916975766420364,0.26609206199645996,0.0,0.07916975766420364,0.0001,1e-05,50.117,2.4019,0.7095
7683,stage2,5,0.06843166053295135,0.26536306738853455,0.0,0.06843166053295135,0.0001,1e-05,50.12,2.2148,0.6558
7684,stage2,5,0.06698194146156311,0.2768155336380005,0.0,0.06698194146156311,0.0001,1e-05,50.124,2.6708,0.6565
7685,stage2,5,0.07298361510038376,0.25099197030067444,0.0,0.07298361510038376,0.0001,1e-05,50.121,2.3645,0.71
7686,stage2,5,0.07103685289621353,0.27436017990112305,0.0,0.07103685289621353,0.0001,1e-05,50.122,2.39,0.654
7687,stage2,5,0.06681407243013382,0.29230836033821106,0.0,0.06681407243013382,0.0001,1e-05,50.119,1.8946,2.8304
7688,stage2,5,0.07024400681257248,0.27123549580574036,0.0,0.07024400681257248,0.0001,1e-05,50.123,2.3486,0.6557
7689,stage2,5,0.07014737278223038,0.25932976603507996,0.0,0.07014737278223038,0.0001,1e-05,50.125,2.1331,1.9343
7690,stage2,5,0.07293879240751266,0.2559075653553009,0.0,0.07293879240751266,0.0001,1e-05,50.121,2.283,0.6333
7691,stage2,5,0.07165996730327606,0.2434913069009781,0.0,0.07165996730327606,0.0001,1e-05,50.117,2.1809,0.6655
7692,stage2,5,0.08367471396923065,0.2786904275417328,0.0,0.08367471396923065,0.0001,1e-05,50.124,2.7184,0.6363
7693,stage2,5,0.08620188385248184,0.26631391048431396,0.0,0.08620188385248184,0.0001,1e-05,50.123,2.9053,0.7281
7694,stage2,5,0.08346649259328842,0.26211124658584595,0.0,0.08346649259328842,0.0001,1e-05,50.119,2.2196,0.6535
7695,stage2,5,0.06755327433347702,0.24794496595859528,0.0,0.06755327433347702,0.0001,1e-05,50.124,2.2705,2.8187
7696,stage2,5,0.06158317252993584,0.29199397563934326,0.0,0.06158317252993584,0.0001,1e-05,50.123,2.3229,0.7077
7697,stage2,5,0.06513790786266327,0.2568122446537018,0.0,0.06513790786266327,0.0001,1e-05,50.122,2.2765,1.8167
7698,stage2,5,0.08570904284715652,0.2616240680217743,0.0,0.08570904284715652,0.0001,1e-05,50.121,3.1797,0.6847
7699,stage2,5,0.069697305560112,0.2719038426876068,0.0,0.069697305560112,0.0001,1e-05,50.122,2.5757,0.6795
7700,stage2,5,0.06852161884307861,0.25026804208755493,0.0,0.06852161884307861,0.0001,1e-05,50.123,2.2296,0.6601
7701,stage2,5,0.07290113717317581,0.25364217162132263,0.0,0.07290113717317581,0.0001,1e-05,50.124,2.36,0.6365
7702,stage2,5,0.06065170466899872,0.26552078127861023,0.0,0.06065170466899872,0.0001,1e-05,50.122,1.7508,0.7076
7703,stage2,5,0.07455403357744217,0.23228886723518372,0.0,0.07455403357744217,0.0001,1e-05,50.125,2.8974,2.7194
7704,stage2,5,0.06722409278154373,0.265984445810318,0.0,0.06722409278154373,0.0001,1e-05,50.121,2.2374,0.6984
7705,stage2,5,0.0704214796423912,0.23903058469295502,0.0,0.0704214796423912,0.0001,1e-05,50.121,2.0504,1.8255
7706,stage2,5,0.06529257446527481,0.24371282756328583,0.0,0.06529257446527481,0.0001,1e-05,50.121,1.8835,0.6451
7707,stage2,5,0.06103458255529404,0.24532341957092285,0.0,0.06103458255529404,0.0001,1e-05,50.125,1.9756,0.697
7708,stage2,5,0.05931665375828743,0.2826257348060608,0.0,0.05931665375828743,0.0001,1e-05,50.122,1.9946,0.6421
7709,stage2,5,0.06648366153240204,0.2538442015647888,0.0,0.06648366153240204,0.0001,1e-05,50.12,1.9389,0.6436
7710,stage2,5,0.07806405425071716,0.23554645478725433,0.0,0.07806405425071716,0.0001,1e-05,50.122,2.7913,0.6434
7711,stage2,5,0.0612858422100544,0.2543959617614746,0.0,0.0612858422100544,0.0001,1e-05,50.126,1.8367,2.7307
7712,stage2,5,0.06842581182718277,0.2725067138671875,0.0,0.06842581182718277,0.0001,1e-05,50.12,1.9716,0.6415
7713,stage2,5,0.06476598978042603,0.25610387325286865,0.0,0.06476598978042603,0.0001,1e-05,50.123,2.3172,1.9233
7714,stage2,5,0.06623730063438416,0.24930715560913086,0.0,0.06623730063438416,0.0001,1e-05,50.121,2.0609,0.6422
7715,stage2,5,0.06612993776798248,0.2747876048088074,0.0,0.06612993776798248,0.0001,1e-05,50.12,2.4407,0.6422
7716,stage2,5,0.07189303636550903,0.2590903043746948,0.0,0.07189303636550903,0.0001,1e-05,50.12,2.3095,0.6417
7717,stage2,5,0.0697363018989563,0.25839585065841675,0.0,0.0697363018989563,0.0001,1e-05,50.12,2.2745,0.698
7718,stage2,5,0.06081376597285271,0.2873718738555908,0.0,0.06081376597285271,0.0001,1e-05,50.121,2.2214,0.6438
7719,stage2,5,0.07254885882139206,0.22586865723133087,0.0,0.07254885882139206,0.0001,1e-05,50.122,2.2842,2.5251
7720,stage2,5,0.06753124296665192,0.2497229278087616,0.0,0.06753124296665192,0.0001,1e-05,50.123,2.0833,0.7137
7721,stage2,5,0.07876352965831757,0.24912655353546143,0.0,0.07876352965831757,0.0001,1e-05,50.123,2.6806,2.0229
7722,stage2,5,0.06564578413963318,0.26190459728240967,0.0,0.06564578413963318,0.0001,1e-05,50.122,2.4442,0.6471
7723,stage2,5,0.05449686571955681,0.25226113200187683,0.0,0.05449686571955681,0.0001,1e-05,50.122,1.5745,0.6973
7724,stage2,5,0.059387560933828354,0.25442323088645935,0.0,0.059387560933828354,0.0001,1e-05,50.122,1.8922,0.6412
7725,stage2,5,0.05851711332798004,0.25640779733657837,0.0,0.05851711332798004,0.0001,1e-05,50.12,1.821,0.6435
7726,stage2,5,0.06610443443059921,0.27937424182891846,0.0,0.06610443443059921,0.0001,1e-05,50.121,2.2287,0.6481
7727,stage2,5,0.08235084265470505,0.30001381039619446,0.0,0.08235084265470505,0.0001,1e-05,50.119,2.5999,2.4142
7728,stage2,5,0.06162486970424652,0.2808770537376404,0.0,0.06162486970424652,0.0001,1e-05,50.122,2.5199,0.6421
7729,stage2,5,0.06213352084159851,0.3035847842693329,0.0,0.06213352084159851,0.0001,1e-05,50.121,2.2276,2.193
7730,stage2,5,0.07240136712789536,0.26804599165916443,0.0,0.07240136712789536,0.0001,1e-05,50.122,2.4254,0.6423
7731,stage2,5,0.07756244391202927,0.2506472170352936,0.0,0.07756244391202927,0.0001,1e-05,50.123,2.1738,0.6418
7732,stage2,5,0.07769379764795303,0.3099268674850464,0.0,0.07769379764795303,0.0001,1e-05,50.122,2.6325,0.6474
7733,stage2,5,0.06818622350692749,0.27398401498794556,0.0,0.06818622350692749,0.0001,1e-05,50.121,2.1069,0.6917
7734,stage2,5,0.07976497709751129,0.27022066712379456,0.0,0.07976497709751129,0.0001,1e-05,50.124,2.7316,0.643
7735,stage2,5,0.06964444369077682,0.22805215418338776,0.0,0.06964444369077682,0.0001,1e-05,50.125,2.0983,2.3189
7736,stage2,5,0.07475051283836365,0.25868821144104004,0.0,0.07475051283836365,0.0001,1e-05,50.124,2.3974,0.6455
7737,stage2,5,0.05921817570924759,0.27906128764152527,0.0,0.05921817570924759,0.0001,1e-05,50.121,2.2143,2.2548
7738,stage2,5,0.07111646234989166,0.2239619642496109,0.0,0.07111646234989166,0.0001,1e-05,50.123,2.4243,0.677
7739,stage2,5,0.07379979640245438,0.278136283159256,0.0,0.07379979640245438,0.0001,1e-05,50.12,3.0273,0.6853
7740,stage2,5,0.07072875648736954,0.29452845454216003,0.0,0.07072875648736954,0.0001,1e-05,50.12,2.3647,0.6436
7741,stage2,5,0.07618053257465363,0.2701777517795563,0.0,0.07618053257465363,0.0001,1e-05,50.12,2.1753,0.6432
7742,stage2,5,0.06909126043319702,0.2618629038333893,0.0,0.06909126043319702,0.0001,1e-05,50.123,2.6215,0.6419
7743,stage2,5,0.08053775131702423,0.22557507455348969,0.0,0.08053775131702423,0.0001,1e-05,50.117,2.7414,2.2153
7744,stage2,5,0.08369480073451996,0.30062445998191833,0.0,0.08369480073451996,0.0001,1e-05,50.121,2.965,0.6482
7745,stage2,5,0.06510673463344574,0.2713736891746521,0.0,0.06510673463344574,0.0001,1e-05,50.122,2.6126,2.3983
7746,stage2,5,0.0723254531621933,0.2808782756328583,0.0,0.0723254531621933,0.0001,1e-05,50.118,2.301,0.6416
7747,stage2,5,0.07377935945987701,0.27801987528800964,0.0,0.07377935945987701,0.0001,1e-05,50.124,2.6039,0.6423
7748,stage2,5,0.0741957426071167,0.2693713307380676,0.0,0.0741957426071167,0.0001,1e-05,50.122,2.3699,0.7035
7749,stage2,5,0.07258095592260361,0.27749186754226685,0.0,0.07258095592260361,0.0001,1e-05,50.121,2.6375,0.6364
7750,stage2,5,0.06264891475439072,0.26298052072525024,0.0,0.06264891475439072,0.0001,1e-05,50.121,1.8026,0.6485
7751,stage2,5,0.06705542653799057,0.2484205812215805,0.0,0.06705542653799057,0.0001,1e-05,50.119,2.2044,2.2901
7752,stage2,5,0.07208672165870667,0.2734990417957306,0.0,0.07208672165870667,0.0001,1e-05,50.117,2.5801,0.6422
7753,stage2,5,0.07444889098405838,0.2844380736351013,0.0,0.07444889098405838,0.0001,1e-05,50.123,2.452,2.3805
7754,stage2,5,0.07097887992858887,0.2626010775566101,0.0,0.07097887992858887,0.0001,1e-05,50.123,2.4764,0.6508
7755,stage2,5,0.076292023062706,0.2736195921897888,0.0,0.076292023062706,0.0001,1e-05,50.12,2.5634,0.6427
7756,stage2,5,0.06797100603580475,0.2501294016838074,0.0,0.06797100603580475,0.0001,1e-05,50.121,2.6299,0.6432
7757,stage2,5,0.06828202307224274,0.25961053371429443,0.0,0.06828202307224274,0.0001,1e-05,50.118,2.5723,0.6403
7758,stage2,5,0.07429222762584686,0.3057030439376831,0.0,0.07429222762584686,0.0001,1e-05,50.119,2.1685,0.663
7759,stage2,5,0.07022560387849808,0.28328776359558105,0.0,0.07022560387849808,0.0001,1e-05,50.119,2.6012,2.1594
7760,stage2,5,0.06983493268489838,0.2628459334373474,0.0,0.06983493268489838,0.0001,1e-05,50.121,2.3397,0.647
7761,stage2,5,0.08037789911031723,0.24870367348194122,0.0,0.08037789911031723,0.0001,1e-05,50.123,3.3748,2.4136
7762,stage2,5,0.08164970576763153,0.2537853419780731,0.0,0.08164970576763153,0.0001,1e-05,50.121,2.4962,0.6406
7763,stage2,5,0.06669984012842178,0.29089948534965515,0.0,0.06669984012842178,0.0001,1e-05,50.118,1.9322,0.6578
7764,stage2,5,0.07251925766468048,0.29194149374961853,0.0,0.07251925766468048,0.0001,1e-05,50.123,2.6769,0.6798
7765,stage2,5,0.07678484171628952,0.2575054168701172,0.0,0.07678484171628952,0.0001,1e-05,50.12,2.6424,0.6424
7766,stage2,5,0.07394827902317047,0.2660677433013916,0.0,0.07394827902317047,0.0001,1e-05,50.125,2.4988,0.643
7767,stage2,5,0.07606587558984756,0.26448363065719604,0.0,0.07606587558984756,0.0001,1e-05,50.124,2.4517,2.3224
7768,stage2,5,0.07083215564489365,0.25825709104537964,0.0,0.07083215564489365,0.0001,1e-05,50.121,2.1118,0.6423
7769,stage2,5,0.07508396357297897,0.2785332500934601,0.0,0.07508396357297897,0.0001,1e-05,50.123,2.2496,2.4767
7770,stage2,5,0.07628300040960312,0.27044859528541565,0.0,0.07628300040960312,0.0001,1e-05,50.121,2.4731,0.6422
7771,stage2,5,0.07224597036838531,0.26800933480262756,0.0,0.07224597036838531,0.0001,1e-05,50.121,2.6617,0.6466
7772,stage2,5,0.0810401663184166,0.2494882345199585,0.0,0.0810401663184166,0.0001,1e-05,50.117,2.5172,0.6462
7773,stage2,5,0.06458525359630585,0.26542091369628906,0.0,0.06458525359630585,0.0001,1e-05,50.121,1.9888,0.6962
7774,stage2,5,0.06938733905553818,0.2525842785835266,0.0,0.06938733905553818,0.0001,1e-05,50.12,2.19,0.643
7775,stage2,5,0.07882808148860931,0.24584992229938507,0.0,0.07882808148860931,0.0001,1e-05,50.121,2.4732,2.0141
7776,stage2,5,0.06741946935653687,0.275651216506958,0.0,0.06741946935653687,0.0001,1e-05,50.121,2.6937,0.6538
7777,stage2,5,0.0729568600654602,0.25995492935180664,0.0,0.0729568600654602,0.0001,1e-05,50.12,2.4512,2.5505
7778,stage2,5,0.06812155246734619,0.2542268633842468,0.0,0.06812155246734619,0.0001,1e-05,50.12,2.2301,0.6423
7779,stage2,5,0.07209379225969315,0.2684207260608673,0.0,0.07209379225969315,0.0001,1e-05,50.121,2.107,0.6959
7780,stage2,5,0.06139756739139557,0.25840461254119873,0.0,0.06139756739139557,0.0001,1e-05,50.122,2.6644,0.644
7781,stage2,5,0.05684468522667885,0.29642394185066223,0.0,0.05684468522667885,0.0001,1e-05,50.118,1.841,0.6422
7782,stage2,5,0.07628616690635681,0.23505458235740662,0.0,0.07628616690635681,0.0001,1e-05,50.119,2.7261,0.6413
7783,stage2,5,0.07213456928730011,0.2682400643825531,0.0,0.07213456928730011,0.0001,1e-05,50.121,2.4013,2.0962
7784,stage2,5,0.06854070723056793,0.3043762743473053,0.0,0.06854070723056793,0.0001,1e-05,50.12,2.7013,0.6373
7785,stage2,5,0.07275548577308655,0.23446917533874512,0.0,0.07275548577308655,0.0001,1e-05,50.116,2.49,2.529
7786,stage2,5,0.06600900739431381,0.25915229320526123,0.0,0.06600900739431381,0.0001,1e-05,50.121,2.2825,0.6501
7787,stage2,5,0.07199276238679886,0.2530122995376587,0.0,0.07199276238679886,0.0001,1e-05,50.121,2.5095,0.6408
7788,stage2,5,0.07118570804595947,0.2780361771583557,0.0,0.07118570804595947,0.0001,1e-05,50.121,2.9557,0.642
7789,stage2,5,0.07166264206171036,0.26569220423698425,0.0,0.07166264206171036,0.0001,1e-05,50.121,2.4198,0.6861
7790,stage2,5,0.07052546739578247,0.2516283392906189,0.0,0.07052546739578247,0.0001,1e-05,50.122,2.496,0.6528
7791,stage2,5,0.07102593034505844,0.25484538078308105,0.0,0.07102593034505844,0.0001,1e-05,50.121,2.1647,2.0282
7792,stage2,5,0.0664314329624176,0.29556751251220703,0.0,0.0664314329624176,0.0001,1e-05,50.12,2.3685,0.7039
7793,stage2,5,0.060130275785923004,0.285077303647995,0.0,0.060130275785923004,0.0001,1e-05,50.12,2.1026,2.573
7794,stage2,5,0.07546807080507278,0.28165340423583984,0.0,0.07546807080507278,0.0001,1e-05,50.122,2.4757,0.7277
7795,stage2,5,0.07159463316202164,0.2572343051433563,0.0,0.07159463316202164,0.0001,1e-05,50.121,2.0379,0.6326
7796,stage2,5,0.07099997252225876,0.2671068012714386,0.0,0.07099997252225876,0.0001,1e-05,50.12,2.0822,0.6426
7797,stage2,5,0.062393128871917725,0.3272245228290558,0.0,0.062393128871917725,0.0001,1e-05,50.121,2.0714,0.6471
7798,stage2,5,0.08062727004289627,0.30275896191596985,0.0,0.08062727004289627,0.0001,1e-05,50.121,2.2707,0.6439
7799,stage2,5,0.05967862904071808,0.27971088886260986,0.0,0.05967862904071808,0.0001,1e-05,50.121,1.9687,1.9766
7800,stage2,5,0.06222635135054588,0.27138057351112366,0.0,0.06222635135054588,0.0001,1e-05,50.118,2.197,0.647
7801,stage2,5,0.0681614875793457,0.24226917326450348,0.0,0.0681614875793457,0.0001,1e-05,50.118,2.1656,2.6429
7802,stage2,5,0.06313879042863846,0.2538713216781616,0.0,0.06313879042863846,0.0001,1e-05,50.121,2.0755,0.6445
7803,stage2,5,0.0723801776766777,0.2760496139526367,0.0,0.0723801776766777,0.0001,1e-05,50.122,2.4815,0.6423
7804,stage2,5,0.0630311667919159,0.2940593659877777,0.0,0.0630311667919159,0.0001,1e-05,50.12,2.2792,0.6963
7805,stage2,5,0.058644119650125504,0.25658896565437317,0.0,0.058644119650125504,0.0001,1e-05,50.121,1.8633,0.6413
7806,stage2,5,0.06507918238639832,0.29021432995796204,0.0,0.06507918238639832,0.0001,1e-05,50.121,1.9307,0.6429
7807,stage2,5,0.07367539405822754,0.2526682913303375,0.0,0.07367539405822754,0.0001,1e-05,50.122,2.223,2.0502
7808,stage2,5,0.06557201594114304,0.2850695252418518,0.0,0.06557201594114304,0.0001,1e-05,50.123,2.0931,0.6428
7809,stage2,5,0.07127431035041809,0.25166836380958557,0.0,0.07127431035041809,0.0001,1e-05,50.119,2.0499,2.6841
7810,stage2,5,0.07189705967903137,0.2792167067527771,0.0,0.07189705967903137,0.0001,1e-05,50.119,2.5522,0.6408
7811,stage2,5,0.06945693492889404,0.26607993245124817,0.0,0.06945693492889404,0.0001,1e-05,50.122,2.0998,0.6457
7812,stage2,5,0.0655776858329773,0.2606981694698334,0.0,0.0655776858329773,0.0001,1e-05,50.121,1.8967,0.6413
7813,stage2,5,0.05922388657927513,0.26408281922340393,0.0,0.05922388657927513,0.0001,1e-05,50.119,2.1233,0.642
7814,stage2,5,0.07211162894964218,0.2504582405090332,0.0,0.07211162894964218,0.0001,1e-05,50.122,1.7949,0.6367
7815,stage2,5,0.07076289504766464,0.25628936290740967,0.0,0.07076289504766464,0.0001,1e-05,50.122,2.3625,1.8989
7816,stage2,5,0.0707322210073471,0.2681252658367157,0.0,0.0707322210073471,0.0001,1e-05,50.12,2.0202,0.6426
7817,stage2,5,0.07063587009906769,0.2653563320636749,0.0,0.07063587009906769,0.0001,1e-05,50.124,2.5664,2.6827
7818,stage2,5,0.05858679488301277,0.28830471634864807,0.0,0.05858679488301277,0.0001,1e-05,50.122,2.0337,0.6412
7819,stage2,5,0.07069128006696701,0.28166186809539795,0.0,0.07069128006696701,0.0001,1e-05,50.123,2.7281,0.6414
7820,stage2,5,0.06940124183893204,0.2765376567840576,0.0,0.06940124183893204,0.0001,1e-05,50.119,2.2556,0.6943
7821,stage2,5,0.06554388254880905,0.30206048488616943,0.0,0.06554388254880905,0.0001,1e-05,50.122,2.3963,0.6474
7822,stage2,5,0.07206924259662628,0.2380124032497406,0.0,0.07206924259662628,0.0001,1e-05,50.119,2.4452,0.643
7823,stage2,5,0.06396568566560745,0.28063341975212097,0.0,0.06396568566560745,0.0001,1e-05,50.119,2.3176,1.9626
7824,stage2,5,0.0600549578666687,0.2774398624897003,0.0,0.0600549578666687,0.0001,1e-05,50.119,2.0254,0.6429
7825,stage2,5,0.06983867287635803,0.27271321415901184,0.0,0.06983867287635803,0.0001,1e-05,50.121,2.1654,2.5544
7826,stage2,5,0.06977459043264389,0.25197842717170715,0.0,0.06977459043264389,0.0001,1e-05,50.12,2.3297,0.6412
7827,stage2,5,0.07832462340593338,0.27071884274482727,0.0,0.07832462340593338,0.0001,1e-05,50.119,2.4217,0.6411
7828,stage2,5,0.07469681650400162,0.2525135278701782,0.0,0.07469681650400162,0.0001,1e-05,50.121,2.8427,0.6427
7829,stage2,5,0.06668965518474579,0.2775658071041107,0.0,0.06668965518474579,0.0001,1e-05,50.118,2.2708,0.7013
7830,stage2,5,0.06663414090871811,0.2460530549287796,0.0,0.06663414090871811,0.0001,1e-05,50.124,2.3287,0.6362
7831,stage2,5,0.07924710214138031,0.262399822473526,0.0,0.07924710214138031,0.0001,1e-05,50.12,2.9374,1.8534
7832,stage2,5,0.06171231344342232,0.27905216813087463,0.0,0.06171231344342232,0.0001,1e-05,50.12,1.9512,0.6465
7833,stage2,5,0.06960179656744003,0.29278355836868286,0.0,0.06960179656744003,0.0001,1e-05,50.12,2.1386,2.723
7834,stage2,5,0.06616142392158508,0.28681856393814087,0.0,0.06616142392158508,0.0001,1e-05,50.122,1.9181,0.641
7835,stage2,5,0.06565190106630325,0.2382231503725052,0.0,0.06565190106630325,0.0001,1e-05,50.116,2.6989,0.6412
7836,stage2,5,0.06519828736782074,0.24383047223091125,0.0,0.06519828736782074,0.0001,1e-05,50.12,1.8396,0.6959
7837,stage2,5,0.08331926167011261,0.2535753846168518,0.0,0.08331926167011261,0.0001,1e-05,50.116,2.446,0.6428
7838,stage2,5,0.06866178661584854,0.2568002939224243,0.0,0.06866178661584854,0.0001,1e-05,50.119,2.3041,0.6425
7839,stage2,5,0.06774771213531494,0.27593621611595154,0.0,0.06774771213531494,0.0001,1e-05,50.121,2.2546,1.88
7840,stage2,5,0.06464380770921707,0.25447654724121094,0.0,0.06464380770921707,0.0001,1e-05,50.118,2.0952,0.6431
7841,stage2,5,0.0810418426990509,0.2887273132801056,0.0,0.0810418426990509,0.0001,1e-05,50.118,2.3738,2.7928
7842,stage2,5,0.07330124080181122,0.2416573017835617,0.0,0.07330124080181122,0.0001,1e-05,50.121,2.0729,0.6452
7843,stage2,5,0.05410381034016609,0.24616442620754242,0.0,0.05410381034016609,0.0001,1e-05,50.121,1.945,0.637
7844,stage2,5,0.07856546342372894,0.24743808805942535,0.0,0.07856546342372894,0.0001,1e-05,50.117,2.6515,0.6422
7845,stage2,5,0.06649754196405411,0.2585655748844147,0.0,0.06649754196405411,0.0001,1e-05,50.117,2.446,0.7056
7846,stage2,5,0.0724630355834961,0.2682819962501526,0.0,0.0724630355834961,0.0001,1e-05,50.119,2.6455,0.6325
7847,stage2,5,0.06273005902767181,0.26761969923973083,0.0,0.06273005902767181,0.0001,1e-05,50.119,2.1801,1.6748
7848,stage2,5,0.07040078192949295,0.24574218690395355,0.0,0.07040078192949295,0.0001,1e-05,50.119,2.2369,0.6682
7849,stage2,5,0.06885502487421036,0.2692525088787079,0.0,0.06885502487421036,0.0001,1e-05,50.117,2.0623,2.9272
7850,stage2,5,0.07221835851669312,0.27190282940864563,0.0,0.07221835851669312,0.0001,1e-05,50.118,2.5568,0.6346
7851,stage2,5,0.06544186174869537,0.2700470983982086,0.0,0.06544186174869537,0.0001,1e-05,50.121,2.1632,0.6638
7852,stage2,5,0.07089291512966156,0.2492303103208542,0.0,0.07089291512966156,0.0001,1e-05,50.117,2.0361,0.6952
7853,stage2,5,0.06618468463420868,0.2798144519329071,0.0,0.06618468463420868,0.0001,1e-05,50.121,2.1854,0.6461
7854,stage2,5,0.08157986402511597,0.2714773416519165,0.0,0.08157986402511597,0.0001,1e-05,50.12,2.8921,0.6428
7855,stage2,5,0.0707489624619484,0.2760946452617645,0.0,0.0707489624619484,0.0001,1e-05,50.118,1.9878,1.583
7856,stage2,5,0.06404928863048553,0.2727913558483124,0.0,0.06404928863048553,0.0001,1e-05,50.118,2.4948,0.6784
7857,stage2,5,0.07039152830839157,0.2925158739089966,0.0,0.07039152830839157,0.0001,1e-05,50.12,2.6535,2.963
7858,stage2,5,0.07309675961732864,0.2729276418685913,0.0,0.07309675961732864,0.0001,1e-05,50.124,2.8129,0.6408
7859,stage2,5,0.06903238594532013,0.28599610924720764,0.0,0.06903238594532013,0.0001,1e-05,50.119,2.6436,0.6351
7860,stage2,5,0.07286975532770157,0.27632027864456177,0.0,0.07286975532770157,0.0001,1e-05,50.121,2.0873,0.6631
7861,stage2,5,0.07794687151908875,0.25148600339889526,0.0,0.07794687151908875,0.0001,1e-05,50.117,2.7731,0.6595
7862,stage2,5,0.06753255426883698,0.2828304171562195,0.0,0.06753255426883698,0.0001,1e-05,50.121,2.2448,0.6986
7863,stage2,5,0.0635930672287941,0.28447359800338745,0.0,0.0635930672287941,0.0001,1e-05,50.119,2.773,1.5413
7864,stage2,5,0.0773896872997284,0.26494234800338745,0.0,0.0773896872997284,0.0001,1e-05,50.117,3.0877,0.7142
7865,stage2,5,0.07190603762865067,0.244173064827919,0.0,0.07190603762865067,0.0001,1e-05,50.117,2.3745,3.0048
7866,stage2,5,0.07284281402826309,0.2566458284854889,0.0,0.07284281402826309,0.0001,1e-05,50.12,2.0998,0.6419
7867,stage2,5,0.07329703867435455,0.2782992124557495,0.0,0.07329703867435455,0.0001,1e-05,50.119,2.0886,0.6965
7868,stage2,5,0.0799124538898468,0.23243041336536407,0.0,0.0799124538898468,0.0001,1e-05,50.119,2.6781,0.6407
7869,stage2,5,0.05747443437576294,0.27779582142829895,0.0,0.05747443437576294,0.0001,1e-05,50.123,2.0285,0.6414
7870,stage2,5,0.06630472838878632,0.2751862406730652,0.0,0.06630472838878632,0.0001,1e-05,50.12,2.4113,0.6412
7871,stage2,5,0.07303906977176666,0.27241459488868713,0.0,0.07303906977176666,0.0001,1e-05,50.118,2.7823,1.5164
7872,stage2,5,0.07153327018022537,0.27274250984191895,0.0,0.07153327018022537,0.0001,1e-05,50.119,2.2566,0.7802
7873,stage2,5,0.09138987958431244,0.305327445268631,0.0,0.09138987958431244,0.0001,1e-05,50.122,3.3368,2.9593
7874,stage2,5,0.06262549757957458,0.2727900445461273,0.0,0.06262549757957458,0.0001,1e-05,50.119,1.912,0.643
7875,stage2,5,0.09136074781417847,0.25991055369377136,0.0,0.09136074781417847,0.0001,1e-05,50.122,2.8086,0.6365
7876,stage2,5,0.06828811764717102,0.3070753216743469,0.0,0.06828811764717102,0.0001,1e-05,50.118,2.7253,0.7018
7877,stage2,5,0.07147401571273804,0.2709241509437561,0.0,0.07147401571273804,0.0001,1e-05,50.115,2.2587,0.6354
7878,stage2,5,0.05979632958769798,0.23758195340633392,0.0,0.05979632958769798,0.0001,1e-05,50.119,2.1131,0.6424
7879,stage2,5,0.06592129915952682,0.29441511631011963,0.0,0.06592129915952682,0.0001,1e-05,50.118,2.5025,1.5484
7880,stage2,5,0.07011746615171432,0.2686423361301422,0.0,0.07011746615171432,0.0001,1e-05,50.121,2.3794,0.7967
7881,stage2,5,0.06610764563083649,0.25499096512794495,0.0,0.06610764563083649,0.0001,1e-05,50.125,1.8629,2.8558
7882,stage2,5,0.05824270844459534,0.26463255286216736,0.0,0.05824270844459534,0.0001,1e-05,50.121,2.1835,0.6393
7883,stage2,5,0.05964163690805435,0.22589175403118134,0.0,0.05964163690805435,0.0001,1e-05,50.121,2.0551,0.7497
7884,stage2,5,0.07284320890903473,0.24413259327411652,0.0,0.07284320890903473,0.0001,1e-05,50.123,2.1247,0.6414
7885,stage2,5,0.0696648433804512,0.2899189889431,0.0,0.0696648433804512,0.0001,1e-05,50.123,2.2369,0.642
7886,stage2,5,0.07019888609647751,0.2631242871284485,0.0,0.07019888609647751,0.0001,1e-05,50.122,2.5103,0.642
7887,stage2,5,0.07344108819961548,0.25362148880958557,0.0,0.07344108819961548,0.0001,1e-05,50.122,2.9342,1.5074
7888,stage2,5,0.06684201210737228,0.24469615519046783,0.0,0.06684201210737228,0.0001,1e-05,50.12,2.2538,0.8524
7889,stage2,5,0.06415007263422012,0.23953159153461456,0.0,0.06415007263422012,0.0001,1e-05,50.121,2.0742,2.8107
7890,stage2,5,0.06548133492469788,0.25446128845214844,0.0,0.06548133492469788,0.0001,1e-05,50.121,2.0485,0.6455
7891,stage2,5,0.08088260889053345,0.2469053417444229,0.0,0.08088260889053345,0.0001,1e-05,50.121,2.4408,0.8039
7892,stage2,5,0.06792861223220825,0.24932625889778137,0.0,0.06792861223220825,0.0001,1e-05,50.122,2.1555,0.641
7893,stage2,5,0.06508048623800278,0.2634551227092743,0.0,0.06508048623800278,0.0001,1e-05,50.122,2.2249,0.6972
7894,stage2,5,0.06436976790428162,0.2512943744659424,0.0,0.06436976790428162,0.0001,1e-05,50.118,1.9749,0.6435
7895,stage2,5,0.057483889162540436,0.2741276025772095,0.0,0.057483889162540436,0.0001,1e-05,50.121,2.0658,1.2885
7896,stage2,5,0.06468411535024643,0.25718560814857483,0.0,0.06468411535024643,0.0001,1e-05,50.117,2.1037,0.9783
7897,stage2,5,0.06176692247390747,0.2563084363937378,0.0,0.06176692247390747,0.0001,1e-05,50.12,1.8437,2.8013
7898,stage2,5,0.07776538282632828,0.22451989352703094,0.0,0.07776538282632828,0.0001,1e-05,50.124,2.5015,0.6961
7899,stage2,5,0.07598087191581726,0.2465066909790039,0.0,0.07598087191581726,0.0001,1e-05,50.119,2.1713,0.8093
7900,stage2,5,0.06503254175186157,0.2628045976161957,0.0,0.06503254175186157,0.0001,1e-05,50.123,2.3182,0.6403
7901,stage2,5,0.06762420386075974,0.28564968705177307,0.0,0.06762420386075974,0.0001,1e-05,50.126,2.3853,0.6398
7902,stage2,5,0.060323089361190796,0.2734706997871399,0.0,0.060323089361190796,0.0001,1e-05,50.122,1.6736,0.6431
7903,stage2,5,0.06824054569005966,0.26481375098228455,0.0,0.06824054569005966,0.0001,1e-05,50.123,2.0358,1.2491
7904,stage2,5,0.06788185983896255,0.26456716656684875,0.0,0.06788185983896255,0.0001,1e-05,50.122,2.5007,1.0669
7905,stage2,5,0.06889306753873825,0.2254307121038437,0.0,0.06889306753873825,0.0001,1e-05,50.121,2.2281,2.8091
7906,stage2,5,0.07366155833005905,0.2714358866214752,0.0,0.07366155833005905,0.0001,1e-05,50.123,2.5362,0.6433
7907,stage2,5,0.06272860616445541,0.2636667490005493,0.0,0.06272860616445541,0.0001,1e-05,50.121,2.3092,0.8535
7908,stage2,5,0.06919301301240921,0.2523631453514099,0.0,0.06919301301240921,0.0001,1e-05,50.121,2.257,0.6606
7909,stage2,5,0.06174072250723839,0.2482357919216156,0.0,0.06174072250723839,0.0001,1e-05,50.123,1.8809,0.6952
7910,stage2,5,0.06963590532541275,0.2668825089931488,0.0,0.06963590532541275,0.0001,1e-05,50.122,2.2889,0.6427
7911,stage2,5,0.06626866012811661,0.23676618933677673,0.0,0.06626866012811661,0.0001,1e-05,50.12,1.9245,1.1578
7912,stage2,5,0.062335722148418427,0.25912144780158997,0.0,0.062335722148418427,0.0001,1e-05,50.118,1.8982,1.1089
7913,stage2,5,0.07411815971136093,0.24858255684375763,0.0,0.07411815971136093,0.0001,1e-05,50.121,2.2748,2.7913
7914,stage2,5,0.06887836009263992,0.2649344205856323,0.0,0.06887836009263992,0.0001,1e-05,50.124,2.4157,0.6949
7915,stage2,5,0.058723971247673035,0.2505989670753479,0.0,0.058723971247673035,0.0001,1e-05,50.121,2.1866,0.8984
7916,stage2,5,0.05400202050805092,0.25641462206840515,0.0,0.05400202050805092,0.0001,1e-05,50.124,1.8688,0.6399
7917,stage2,5,0.07095001637935638,0.2743426561355591,0.0,0.07095001637935638,0.0001,1e-05,50.122,2.7961,0.6421
7918,stage2,5,0.0739208534359932,0.24236467480659485,0.0,0.0739208534359932,0.0001,1e-05,50.12,2.6478,0.6469
7919,stage2,5,0.0700003057718277,0.25358152389526367,0.0,0.0700003057718277,0.0001,1e-05,50.12,2.1809,1.0571
7920,stage2,5,0.0717647522687912,0.24006739258766174,0.0,0.0717647522687912,0.0001,1e-05,50.12,2.0189,1.1255
7921,stage2,5,0.06147405505180359,0.2531464099884033,0.0,0.06147405505180359,0.0001,1e-05,50.121,2.0187,2.9976
7922,stage2,5,0.07281295210123062,0.26511916518211365,0.0,0.07281295210123062,0.0001,1e-05,50.124,2.1882,0.6441
7923,stage2,5,0.07533138245344162,0.2488178312778473,0.0,0.07533138245344162,0.0001,1e-05,50.119,2.3546,0.9927
7924,stage2,5,0.06920944899320602,0.25057128071784973,0.0,0.06920944899320602,0.0001,1e-05,50.118,1.8789,0.6398
7925,stage2,5,0.06274082511663437,0.26235222816467285,0.0,0.06274082511663437,0.0001,1e-05,50.125,2.2705,0.6463
7926,stage2,5,0.06284914910793304,0.2772718071937561,0.0,0.06284914910793304,0.0001,1e-05,50.122,2.5108,0.6422
7927,stage2,5,0.06011904403567314,0.25040552020072937,0.0,0.06011904403567314,0.0001,1e-05,50.119,2.1983,0.8271
7928,stage2,5,0.06910742074251175,0.2836942970752716,0.0,0.06910742074251175,0.0001,1e-05,50.125,2.5936,1.1741
7929,stage2,5,0.06804142892360687,0.2545009255409241,0.0,0.06804142892360687,0.0001,1e-05,50.123,2.1428,2.9737
7930,stage2,5,0.06147947534918785,0.23021064698696136,0.0,0.06147947534918785,0.0001,1e-05,50.121,2.023,0.6952
7931,stage2,5,0.06539379060268402,0.255558043718338,0.0,0.06539379060268402,0.0001,1e-05,50.121,2.7621,0.8745
7932,stage2,5,0.0625518336892128,0.2698747217655182,0.0,0.0625518336892128,0.0001,1e-05,50.123,2.0654,0.6456
7933,stage2,5,0.07582612335681915,0.3001013398170471,0.0,0.07582612335681915,0.0001,1e-05,50.123,2.4329,0.6408
7934,stage2,5,0.06763670593500137,0.2629658877849579,0.0,0.06763670593500137,0.0001,1e-05,50.125,1.962,0.7043
7935,stage2,5,0.06893075257539749,0.2366444617509842,0.0,0.06893075257539749,0.0001,1e-05,50.12,2.9927,0.8551
7936,stage2,5,0.06786789745092392,0.2606678307056427,0.0,0.06786789745092392,0.0001,1e-05,50.123,2.17,1.1085
7937,stage2,5,0.06348054111003876,0.2874941825866699,0.0,0.06348054111003876,0.0001,1e-05,50.121,2.3625,3.1029
7938,stage2,5,0.06742929667234421,0.2532855272293091,0.0,0.06742929667234421,0.0001,1e-05,50.121,2.3145,0.6396
7939,stage2,5,0.07781010121107101,0.25309640169143677,0.0,0.07781010121107101,0.0001,1e-05,50.12,3.2505,0.8662
7940,stage2,5,0.06539448350667953,0.255433052778244,0.0,0.06539448350667953,0.0001,1e-05,50.123,2.2057,0.6411
7941,stage2,5,0.06380113214254379,0.2978217899799347,0.0,0.06380113214254379,0.0001,1e-05,50.121,1.9283,0.646
7942,stage2,5,0.06975295394659042,0.26262474060058594,0.0,0.06975295394659042,0.0001,1e-05,50.123,2.4715,0.6428
7943,stage2,5,0.07099153846502304,0.27349185943603516,0.0,0.07099153846502304,0.0001,1e-05,50.123,2.6003,0.8596
7944,stage2,5,0.08438653498888016,0.2928983271121979,0.0,0.08438653498888016,0.0001,1e-05,50.12,3.3782,1.1007
7945,stage2,5,0.07891382277011871,0.2656894028186798,0.0,0.07891382277011871,0.0001,1e-05,50.12,2.8598,3.2485
7946,stage2,5,0.07742080837488174,0.2879555821418762,0.0,0.07742080837488174,0.0001,1e-05,50.121,2.6997,0.6352
7947,stage2,5,0.07494056969881058,0.25769326090812683,0.0,0.07494056969881058,0.0001,1e-05,50.121,2.2102,0.6404
7948,stage2,5,0.06648717820644379,0.2338496893644333,0.0,0.06648717820644379,0.0001,1e-05,50.123,2.0915,0.6413
7949,stage2,5,0.06718303263187408,0.263725221157074,0.0,0.06718303263187408,0.0001,1e-05,50.121,2.3073,0.6417
7950,stage2,5,0.06489790230989456,0.25883182883262634,0.0,0.06489790230989456,0.0001,1e-05,50.121,2.0747,0.705
7951,stage2,5,0.07860284298658371,0.26666882634162903,0.0,0.07860284298658371,0.0001,1e-05,50.123,3.0184,0.8541
7952,stage2,5,0.06937661021947861,0.26777970790863037,0.0,0.06937661021947861,0.0001,1e-05,50.12,2.0751,1.1914
7953,stage2,5,0.05783426761627197,0.25896716117858887,0.0,0.05783426761627197,0.0001,1e-05,50.121,1.9469,3.1459
7954,stage2,5,0.0670943632721901,0.25171637535095215,0.0,0.0670943632721901,0.0001,1e-05,50.123,1.8914,0.6399
7955,stage2,5,0.07087776064872742,0.27749112248420715,0.0,0.07087776064872742,0.0001,1e-05,50.119,2.4391,0.7359
7956,stage2,5,0.06873919814825058,0.2768961489200592,0.0,0.06873919814825058,0.0001,1e-05,50.122,2.1889,0.6406
7957,stage2,5,0.08033956587314606,0.28170228004455566,0.0,0.08033956587314606,0.0001,1e-05,50.12,2.4983,0.6402
7958,stage2,5,0.06334137916564941,0.27127882838249207,0.0,0.06334137916564941,0.0001,1e-05,50.122,2.1642,0.6416
7959,stage2,5,0.06880056858062744,0.2883353531360626,0.0,0.06880056858062744,0.0001,1e-05,50.123,2.1983,0.827
7960,stage2,5,0.07285276800394058,0.2763504683971405,0.0,0.07285276800394058,0.0001,1e-05,50.12,2.1384,1.3211
7961,stage2,5,0.06736359745264053,0.2587825655937195,0.0,0.06736359745264053,0.0001,1e-05,50.124,2.2134,3.1779
7962,stage2,5,0.06294357776641846,0.2488800287246704,0.0,0.06294357776641846,0.0001,1e-05,50.12,2.2171,0.6655
7963,stage2,5,0.06546790152788162,0.2884882986545563,0.0,0.06546790152788162,0.0001,1e-05,50.121,2.5158,0.6364
7964,stage2,5,0.06365177035331726,0.2648007869720459,0.0,0.06365177035331726,0.0001,1e-05,50.121,2.2151,0.6407
7965,stage2,5,0.07180117815732956,0.26374533772468567,0.0,0.07180117815732956,0.0001,1e-05,50.121,2.6061,0.652
7966,stage2,5,0.07305829972028732,0.2801283597946167,0.0,0.07305829972028732,0.0001,1e-05,50.12,2.6957,0.7044
7967,stage2,5,0.06180525943636894,0.21776817739009857,0.0,0.06180525943636894,0.0001,1e-05,50.123,2.1755,0.6397
7968,stage2,5,0.07387015223503113,0.2666168212890625,0.0,0.07387015223503113,0.0001,1e-05,50.122,3.1876,1.3538
7969,stage2,5,0.060781143605709076,0.25237327814102173,0.0,0.060781143605709076,0.0001,1e-05,50.123,2.0062,3.224
7970,stage2,5,0.06945604830980301,0.29759329557418823,0.0,0.06945604830980301,0.0001,1e-05,50.122,2.7454,0.6394
7971,stage2,5,0.06161288172006607,0.26592618227005005,0.0,0.06161288172006607,0.0001,1e-05,50.122,1.9598,0.6947
7972,stage2,5,0.07282295823097229,0.2539975047111511,0.0,0.07282295823097229,0.0001,1e-05,50.121,2.4713,0.6421
7973,stage2,5,0.0770341083407402,0.2615576684474945,0.0,0.0770341083407402,0.0001,1e-05,50.122,2.3631,0.6461
7974,stage2,5,0.06753946095705032,0.2724562883377075,0.0,0.06753946095705032,0.0001,1e-05,50.121,2.0084,0.6415
7975,stage2,5,0.07800077646970749,0.22787848114967346,0.0,0.07800077646970749,0.0001,1e-05,50.124,2.8432,0.6408
7976,stage2,5,0.06925345957279205,0.2840265929698944,0.0,0.06925345957279205,0.0001,1e-05,50.121,2.3044,1.4098
7977,stage2,5,0.08001486212015152,0.2780941426753998,0.0,0.08001486212015152,0.0001,1e-05,50.123,2.7271,3.289
7978,stage2,5,0.06524623185396194,0.2424527257680893,0.0,0.06524623185396194,0.0001,1e-05,50.119,2.2464,0.6396
7979,stage2,5,0.071231909096241,0.2496822327375412,0.0,0.071231909096241,0.0001,1e-05,50.117,2.018,0.6391
7980,stage2,5,0.06248229742050171,0.2718251943588257,0.0,0.06248229742050171,0.0001,1e-05,50.122,1.9682,0.6959
7981,stage2,5,0.0630049929022789,0.29943180084228516,0.0,0.0630049929022789,0.0001,1e-05,50.119,1.927,0.6395
7982,stage2,5,0.07559861987829208,0.25835421681404114,0.0,0.07559861987829208,0.0001,1e-05,50.118,3.1064,0.6415
7983,stage2,5,0.0730668231844902,0.23145195841789246,0.0,0.0730668231844902,0.0001,1e-05,50.121,2.6692,0.6409
7984,stage2,5,0.07484206557273865,0.2661776840686798,0.0,0.07484206557273865,0.0001,1e-05,50.121,2.5786,1.3125
7985,stage2,5,0.06066159904003143,0.2907242774963379,0.0,0.06066159904003143,0.0001,1e-05,50.12,2.2404,3.4595
7986,stage2,5,0.07636263221502304,0.2460600882768631,0.0,0.07636263221502304,0.0001,1e-05,50.123,2.3184,0.6991
7987,stage2,5,0.06242772191762924,0.242529034614563,0.0,0.06242772191762924,0.0001,1e-05,50.121,2.0546,0.638
7988,stage2,5,0.06786294281482697,0.2924594283103943,0.0,0.06786294281482697,0.0001,1e-05,50.118,2.4975,0.6404
7989,stage2,5,0.06756437569856644,0.25935792922973633,0.0,0.06756437569856644,0.0001,1e-05,50.12,2.2484,0.641
7990,stage2,5,0.06535153836011887,0.25930339097976685,0.0,0.06535153836011887,0.0001,1e-05,50.123,2.3159,0.6414
7991,stage2,5,0.06186901032924652,0.2609434425830841,0.0,0.06186901032924652,0.0001,1e-05,50.124,2.1034,0.6649
7992,stage2,5,0.06870651990175247,0.2642974555492401,0.0,0.06870651990175247,0.0001,1e-05,50.12,2.2135,1.1468
7993,stage2,5,0.057226087898015976,0.2909972667694092,0.0,0.057226087898015976,0.0001,1e-05,50.122,2.1511,3.614
7994,stage2,5,0.08094242960214615,0.26058074831962585,0.0,0.08094242960214615,0.0001,1e-05,50.123,3.2306,0.6397
7995,stage2,5,0.07106398046016693,0.2667284309864044,0.0,0.07106398046016693,0.0001,1e-05,50.122,2.4635,0.6398
7996,stage2,5,0.07600298523902893,0.2735724449157715,0.0,0.07600298523902893,0.0001,1e-05,50.124,2.4804,0.6942
7997,stage2,5,0.07090051472187042,0.2730906307697296,0.0,0.07090051472187042,0.0001,1e-05,50.121,2.3897,0.6412
7998,stage2,5,0.07577148079872131,0.25794917345046997,0.0,0.07577148079872131,0.0001,1e-05,50.122,2.5077,0.6415
7999,stage2,5,0.06426487118005753,0.261333167552948,0.0,0.06426487118005753,0.0001,1e-05,50.12,1.8808,0.6419
8000,stage2,5,0.07200133055448532,0.25261572003364563,0.0,0.07200133055448532,0.0001,1e-05,50.123,2.1225,1.0233
8001,stage2,5,0.0649699792265892,0.23966433107852936,0.0,0.0649699792265892,0.0001,1e-05,50.123,2.3172,3.6493
8002,stage2,5,0.08508098870515823,0.2554382085800171,0.0,0.08508098870515823,0.0001,1e-05,50.122,3.1272,0.6932
8003,stage2,5,0.072506844997406,0.2585744857788086,0.0,0.072506844997406,0.0001,1e-05,50.122,2.6076,0.6405
8004,stage2,5,0.079707071185112,0.24217893183231354,0.0,0.079707071185112,0.0001,1e-05,50.122,2.5651,0.6406
8005,stage2,5,0.07496032863855362,0.259234219789505,0.0,0.07496032863855362,0.0001,1e-05,50.123,2.6797,0.641
8006,stage2,5,0.07501601427793503,0.2625390291213989,0.0,0.07501601427793503,0.0001,1e-05,50.123,2.5159,0.643
8007,stage2,5,0.09896786510944366,0.29229381680488586,0.0,0.09896786510944366,0.0001,1e-05,50.121,3.2934,0.6933
8008,stage2,5,0.08388400077819824,0.28345587849617004,0.0,0.08388400077819824,0.0001,1e-05,50.123,2.9277,0.7413
8009,stage2,5,0.07112553715705872,0.284183531999588,0.0,0.07112553715705872,0.0001,1e-05,50.119,2.7075,3.8723
8010,stage2,5,0.061941150575876236,0.26871028542518616,0.0,0.061941150575876236,0.0001,1e-05,50.117,2.4431,0.6392
8011,stage2,5,0.07494658976793289,0.26070287823677063,0.0,0.07494658976793289,0.0001,1e-05,50.122,2.5387,0.6751
8012,stage2,5,0.07453490048646927,0.2869003713130951,0.0,0.07453490048646927,0.0001,1e-05,50.118,3.0372,0.6559
8013,stage2,5,0.06901124119758606,0.2758735120296478,0.0,0.06901124119758606,0.0001,1e-05,50.12,2.3108,0.6424
8014,stage2,5,0.07368588447570801,0.24783313274383545,0.0,0.07368588447570801,0.0001,1e-05,50.121,2.6801,0.6396
8015,stage2,5,0.07020628452301025,0.2635757625102997,0.0,0.07020628452301025,0.0001,1e-05,50.12,2.5668,0.6398
8016,stage2,5,0.07539688050746918,0.293687105178833,0.0,0.07539688050746918,0.0001,1e-05,50.122,2.6299,0.854
8017,stage2,5,0.06477600336074829,0.25584959983825684,0.0,0.06477600336074829,0.0001,1e-05,50.12,2.1509,3.7662
8018,stage2,5,0.08449781686067581,0.2545009255409241,0.0,0.08449781686067581,0.0001,1e-05,50.123,3.3428,0.6385
8019,stage2,5,0.07225421816110611,0.26566028594970703,0.0,0.07225421816110611,0.0001,1e-05,50.12,2.4084,0.6387
8020,stage2,5,0.07256537675857544,0.27217182517051697,0.0,0.07256537675857544,0.0001,1e-05,50.12,2.9055,0.638
8021,stage2,5,0.0688873827457428,0.26489925384521484,0.0,0.0688873827457428,0.0001,1e-05,50.118,2.4959,0.6401
8022,stage2,5,0.07292140275239944,0.26108622550964355,0.0,0.07292140275239944,0.0001,1e-05,50.121,2.7943,0.651
8023,stage2,5,0.06923005729913712,0.2610611319541931,0.0,0.06923005729913712,0.0001,1e-05,50.123,2.4536,0.7018
8024,stage2,5,0.07747837901115417,0.2616347670555115,0.0,0.07747837901115417,0.0001,1e-05,50.118,2.9124,0.8121
8025,stage2,5,0.06844732165336609,0.2602097690105438,0.0,0.06844732165336609,0.0001,1e-05,50.122,1.9709,3.7556
8026,stage2,5,0.06330133229494095,0.27756068110466003,0.0,0.06330133229494095,0.0001,1e-05,50.12,2.1253,0.6439
8027,stage2,5,0.06897427141666412,0.2696880102157593,0.0,0.06897427141666412,0.0001,1e-05,50.117,2.1587,0.6334
8028,stage2,5,0.06644303351640701,0.2805989682674408,0.0,0.06644303351640701,0.0001,1e-05,50.121,2.5237,0.6923
8029,stage2,5,0.06366689503192902,0.265046089887619,0.0,0.06366689503192902,0.0001,1e-05,50.121,2.2206,0.6388
8030,stage2,5,0.08253558725118637,0.24387851357460022,0.0,0.08253558725118637,0.0001,1e-05,50.12,2.9939,0.6402
8031,stage2,5,0.06037719547748566,0.26718059182167053,0.0,0.06037719547748566,0.0001,1e-05,50.119,1.9734,0.6402
8032,stage2,5,0.06936579942703247,0.2503298819065094,0.0,0.06936579942703247,0.0001,1e-05,50.121,2.5861,0.8371
8033,stage2,5,0.0740683302283287,0.2805868685245514,0.0,0.0740683302283287,0.0001,1e-05,50.119,2.4131,3.804
8034,stage2,5,0.06761913746595383,0.26304399967193604,0.0,0.06761913746595383,0.0001,1e-05,50.121,2.061,0.639
8035,stage2,5,0.06470633298158646,0.24565748870372772,0.0,0.06470633298158646,0.0001,1e-05,50.117,1.8563,0.6404
8036,stage2,5,0.06853292882442474,0.3094337284564972,0.0,0.06853292882442474,0.0001,1e-05,50.117,2.611,0.6431
8037,stage2,5,0.06856638193130493,0.2684135437011719,0.0,0.06856638193130493,0.0001,1e-05,50.118,2.061,0.6757
8038,stage2,5,0.06762924045324326,0.27960720658302307,0.0,0.06762924045324326,0.0001,1e-05,50.119,2.1607,0.66
8039,stage2,5,0.07906045019626617,0.2943638265132904,0.0,0.07906045019626617,0.0001,1e-05,50.122,2.8192,0.6407
8040,stage2,5,0.0738283321261406,0.2819146513938904,0.0,0.0738283321261406,0.0001,1e-05,50.12,2.3094,0.7843
8041,stage2,5,0.07219570130109787,0.24373561143875122,0.0,0.07219570130109787,0.0001,1e-05,50.119,2.3266,3.7973
8042,stage2,5,0.07617858052253723,0.24001549184322357,0.0,0.07617858052253723,0.0001,1e-05,50.117,2.3759,0.676
8043,stage2,5,0.0702839121222496,0.2655002474784851,0.0,0.0702839121222496,0.0001,1e-05,50.12,2.2255,0.6771
8044,stage2,5,0.06103307008743286,0.28223997354507446,0.0,0.06103307008743286,0.0001,1e-05,50.12,2.1195,0.6868
8045,stage2,5,0.06421434134244919,0.26295414566993713,0.0,0.06421434134244919,0.0001,1e-05,50.122,2.5307,0.6562
8046,stage2,5,0.060295261442661285,0.2783043384552002,0.0,0.060295261442661285,0.0001,1e-05,50.122,1.984,0.639
8047,stage2,5,0.06355544179677963,0.26532626152038574,0.0,0.06355544179677963,0.0001,1e-05,50.124,2.4751,0.661
8048,stage2,5,0.05833495408296585,0.24753493070602417,0.0,0.05833495408296585,0.0001,1e-05,50.123,2.2026,0.7202
8049,stage2,5,0.07010196149349213,0.2545553147792816,0.0,0.07010196149349213,0.0001,1e-05,50.122,2.4516,3.9723
8050,stage2,5,0.07384669780731201,0.24790795147418976,0.0,0.07384669780731201,0.0001,1e-05,50.122,2.7728,0.6564
8051,stage2,5,0.06271800398826599,0.23545941710472107,0.0,0.06271800398826599,0.0001,1e-05,50.123,2.2975,0.7024
8052,stage2,5,0.0724419429898262,0.2811240255832672,0.0,0.0724419429898262,0.0001,1e-05,50.12,2.4634,0.654
8053,stage2,5,0.07200612872838974,0.26208820939064026,0.0,0.07200612872838974,0.0001,1e-05,50.119,2.4042,0.7127
8054,stage2,5,0.0703185424208641,0.24562057852745056,0.0,0.0703185424208641,0.0001,1e-05,50.124,2.4576,0.6569
8055,stage2,5,0.07083913683891296,0.2566720247268677,0.0,0.07083913683891296,0.0001,1e-05,50.124,2.3139,0.7095
8056,stage2,5,0.063868947327137,0.2636997103691101,0.0,0.063868947327137,0.0001,1e-05,50.121,2.1199,0.6728
8057,stage2,5,0.0731852725148201,0.2759080231189728,0.0,0.0731852725148201,0.0001,1e-05,50.119,2.9267,4.0177
8058,stage2,5,0.07811381667852402,0.2687135636806488,0.0,0.07811381667852402,0.0001,1e-05,50.121,2.5056,0.6584
8059,stage2,5,0.06497044861316681,0.24592863023281097,0.0,0.06497044861316681,0.0001,1e-05,50.12,2.2223,0.7666
8060,stage2,5,0.07188424468040466,0.23362863063812256,0.0,0.07188424468040466,0.0001,1e-05,50.121,2.3788,0.6538
8061,stage2,5,0.06826044619083405,0.25343430042266846,0.0,0.06826044619083405,0.0001,1e-05,50.123,2.2514,0.7078
8062,stage2,5,0.07668472081422806,0.26848575472831726,0.0,0.07668472081422806,0.0001,1e-05,50.122,2.3255,0.6541
8063,stage2,5,0.06993492692708969,0.2558932602405548,0.0,0.06993492692708969,0.0001,1e-05,50.122,2.106,0.7171
8064,stage2,5,0.07341994345188141,0.27908313274383545,0.0,0.07341994345188141,0.0001,1e-05,50.123,2.2917,0.6736
8065,stage2,5,0.07987257838249207,0.23507250845432281,0.0,0.07987257838249207,0.0001,1e-05,50.123,2.6155,3.9043
8066,stage2,5,0.06896568834781647,0.2705415189266205,0.0,0.06896568834781647,0.0001,1e-05,50.124,1.8436,0.6553
8067,stage2,5,0.08299995958805084,0.2538869380950928,0.0,0.08299995958805084,0.0001,1e-05,50.12,2.4329,0.9142
8068,stage2,5,0.06211931258440018,0.27201077342033386,0.0,0.06211931258440018,0.0001,1e-05,50.121,1.9578,0.6547
8069,stage2,5,0.06649181991815567,0.24314667284488678,0.0,0.06649181991815567,0.0001,1e-05,50.12,2.1935,0.7089
8070,stage2,5,0.07312823832035065,0.2817254066467285,0.0,0.07312823832035065,0.0001,1e-05,50.119,2.6867,0.6553
8071,stage2,5,0.06555037945508957,0.2590208947658539,0.0,0.06555037945508957,0.0001,1e-05,50.122,2.0825,0.64
8072,stage2,5,0.07748231291770935,0.2651580572128296,0.0,0.07748231291770935,0.0001,1e-05,50.121,2.5817,0.7365
8073,stage2,5,0.06517182290554047,0.2629297971725464,0.0,0.06517182290554047,0.0001,1e-05,50.122,2.5632,3.7721
8074,stage2,5,0.07053811848163605,0.25406545400619507,0.0,0.07053811848163605,0.0001,1e-05,50.123,2.2871,0.659
8075,stage2,5,0.0667504146695137,0.24670538306236267,0.0,0.0667504146695137,0.0001,1e-05,50.121,2.171,0.9641
8076,stage2,5,0.0658348873257637,0.2628684639930725,0.0,0.0658348873257637,0.0001,1e-05,50.123,2.3308,0.6721
8077,stage2,5,0.06773697584867477,0.25682345032691956,0.0,0.06773697584867477,0.0001,1e-05,50.122,2.2871,0.6975
8078,stage2,5,0.06458381563425064,0.28801414370536804,0.0,0.06458381563425064,0.0001,1e-05,50.122,2.032,0.6615
8079,stage2,5,0.07113462686538696,0.26024386286735535,0.0,0.07113462686538696,0.0001,1e-05,50.121,2.0828,0.7128
8080,stage2,5,0.08328434079885483,0.2541360557079315,0.0,0.08328434079885483,0.0001,1e-05,50.122,2.7694,0.6836
8081,stage2,5,0.07109756767749786,0.27870041131973267,0.0,0.07109756767749786,0.0001,1e-05,50.118,2.376,3.6125
8082,stage2,5,0.06800377368927002,0.2709578275680542,0.0,0.06800377368927002,0.0001,1e-05,50.118,2.4831,0.6586
8083,stage2,5,0.06685089319944382,0.2706862688064575,0.0,0.06685089319944382,0.0001,1e-05,50.117,2.2505,1.0359
8084,stage2,5,0.07119505107402802,0.24953828752040863,0.0,0.07119505107402802,0.0001,1e-05,50.12,2.4012,0.7011
8085,stage2,5,0.0704607143998146,0.2743508815765381,0.0,0.0704607143998146,0.0001,1e-05,50.12,2.4597,0.6558
8086,stage2,5,0.08830481767654419,0.2483401894569397,0.0,0.08830481767654419,0.0001,1e-05,50.12,3.1527,0.7019
8087,stage2,5,0.06092864274978638,0.28517529368400574,0.0,0.06092864274978638,0.0001,1e-05,50.122,2.1331,0.6564
8088,stage2,5,0.06942729651927948,0.26042240858078003,0.0,0.06942729651927948,0.0001,1e-05,50.119,2.1409,0.648
8089,stage2,5,0.06707055866718292,0.25222355127334595,0.0,0.06707055866718292,0.0001,1e-05,50.121,2.2827,3.6197
8090,stage2,5,0.07005824148654938,0.26946520805358887,0.0,0.07005824148654938,0.0001,1e-05,50.121,2.2802,0.6483
8091,stage2,5,0.06970461457967758,0.2591783106327057,0.0,0.06970461457967758,0.0001,1e-05,50.119,2.523,1.1425
8092,stage2,5,0.056792039424180984,0.30616703629493713,0.0,0.056792039424180984,0.0001,1e-05,50.12,1.997,0.6551
8093,stage2,5,0.0640573725104332,0.2545197904109955,0.0,0.0640573725104332,0.0001,1e-05,50.119,1.9892,0.7071
8094,stage2,5,0.06316360831260681,0.28349876403808594,0.0,0.06316360831260681,0.0001,1e-05,50.12,2.1437,0.6591
8095,stage2,5,0.0677257552742958,0.26077961921691895,0.0,0.0677257552742958,0.0001,1e-05,50.121,2.4727,0.7054
8096,stage2,5,0.060834240168333054,0.2795647382736206,0.0,0.060834240168333054,0.0001,1e-05,50.115,2.1246,0.6571
8097,stage2,5,0.06627492606639862,0.28199589252471924,0.0,0.06627492606639862,0.0001,1e-05,50.119,2.4194,3.7127
8098,stage2,5,0.0667860209941864,0.2570178210735321,0.0,0.0667860209941864,0.0001,1e-05,50.118,2.4522,0.7168
8099,stage2,5,0.06840746104717255,0.279739648103714,0.0,0.06840746104717255,0.0001,1e-05,50.119,2.8472,0.9917
8100,stage2,5,0.0642915815114975,0.2524925470352173,0.0,0.0642915815114975,0.0001,1e-05,50.118,2.2701,0.6413
8101,stage2,5,0.07445257157087326,0.245748370885849,0.0,0.07445257157087326,0.0001,1e-05,50.12,2.2783,0.6731
8102,stage2,5,0.06182044371962547,0.26255759596824646,0.0,0.06182044371962547,0.0001,1e-05,50.117,2.4416,0.6982
8103,stage2,5,0.06684000790119171,0.2833666503429413,0.0,0.06684000790119171,0.0001,1e-05,50.122,2.2071,0.657
8104,stage2,5,0.06518666446208954,0.2524973750114441,0.0,0.06518666446208954,0.0001,1e-05,50.118,2.1125,0.6998
8105,stage2,5,0.06785724312067032,0.2700137794017792,0.0,0.06785724312067032,0.0001,1e-05,50.121,2.1167,3.6003
8106,stage2,5,0.0668756514787674,0.24932757019996643,0.0,0.0668756514787674,0.0001,1e-05,50.119,2.2724,0.6524
8107,stage2,5,0.06606418639421463,0.24634742736816406,0.0,0.06606418639421463,0.0001,1e-05,50.119,2.1713,0.9868
8108,stage2,5,0.07041170448064804,0.2933753728866577,0.0,0.07041170448064804,0.0001,1e-05,50.121,2.1504,0.6457
8109,stage2,5,0.06676043570041656,0.2605212926864624,0.0,0.06676043570041656,0.0001,1e-05,50.119,1.9244,0.6469
8110,stage2,5,0.07334575802087784,0.25312894582748413,0.0,0.07334575802087784,0.0001,1e-05,50.123,2.2179,0.6477
8111,stage2,5,0.07259733229875565,0.2203441858291626,0.0,0.07259733229875565,0.0001,1e-05,50.121,2.1014,0.6638
8112,stage2,5,0.06488024443387985,0.23773328959941864,0.0,0.06488024443387985,0.0001,1e-05,50.118,2.3463,0.7058
8113,stage2,5,0.06587445735931396,0.2303038090467453,0.0,0.06587445735931396,0.0001,1e-05,50.119,2.0163,3.7889
8114,stage2,5,0.06567502021789551,0.2589382231235504,0.0,0.06567502021789551,0.0001,1e-05,50.121,2.1937,0.7061
8115,stage2,5,0.05692261829972267,0.26301512122154236,0.0,0.05692261829972267,0.0001,1e-05,50.121,1.7877,0.9666
8116,stage2,5,0.06982386857271194,0.2874709963798523,0.0,0.06982386857271194,0.0001,1e-05,50.121,1.9012,0.6467
8117,stage2,5,0.061236672103405,0.26571181416511536,0.0,0.061236672103405,0.0001,1e-05,50.12,1.9169,0.649
8118,stage2,5,0.057864945381879807,0.2857249677181244,0.0,0.057864945381879807,0.0001,1e-05,50.119,1.6045,0.6585
8119,stage2,5,0.06435111910104752,0.2599067687988281,0.0,0.06435111910104752,0.0001,1e-05,50.12,1.9688,0.6379
8120,stage2,5,0.07140995562076569,0.2686792016029358,0.0,0.07140995562076569,0.0001,1e-05,50.118,2.5904,0.6648
8121,stage2,5,0.07409531623125076,0.2666253447532654,0.0,0.07409531623125076,0.0001,1e-05,50.119,2.2891,3.7554
8122,stage2,5,0.06378573924303055,0.2584790587425232,0.0,0.06378573924303055,0.0001,1e-05,50.12,2.1307,0.6613
8123,stage2,5,0.06707432121038437,0.24249298870563507,0.0,0.06707432121038437,0.0001,1e-05,50.123,2.3559,0.9582
8124,stage2,5,0.07208994776010513,0.2485363781452179,0.0,0.07208994776010513,0.0001,1e-05,50.119,2.284,0.7106
8125,stage2,5,0.061974022537469864,0.25434941053390503,0.0,0.061974022537469864,0.0001,1e-05,50.12,2.4127,0.647
8126,stage2,5,0.062154415994882584,0.27896934747695923,0.0,0.062154415994882584,0.0001,1e-05,50.119,2.0882,0.6455
8127,stage2,5,0.06698153913021088,0.23845809698104858,0.0,0.06698153913021088,0.0001,1e-05,50.117,2.1677,0.658
8128,stage2,5,0.06606011837720871,0.25060826539993286,0.0,0.06606011837720871,0.0001,1e-05,50.12,1.9823,0.6399
8129,stage2,5,0.06829039752483368,0.2665131986141205,0.0,0.06829039752483368,0.0001,1e-05,50.119,2.0765,3.7866
8130,stage2,5,0.0705275908112526,0.27205824851989746,0.0,0.0705275908112526,0.0001,1e-05,50.121,2.5743,0.7134
8131,stage2,5,0.06624393910169601,0.27376025915145874,0.0,0.06624393910169601,0.0001,1e-05,50.12,2.4816,0.8689
8132,stage2,5,0.06693463772535324,0.26298788189888,0.0,0.06693463772535324,0.0001,1e-05,50.121,2.1692,0.7092
8133,stage2,5,0.05949980020523071,0.2731427550315857,0.0,0.05949980020523071,0.0001,1e-05,50.121,2.523,0.6535
8134,stage2,5,0.06071054935455322,0.27955660223960876,0.0,0.06071054935455322,0.0001,1e-05,50.121,2.2096,0.709
8135,stage2,5,0.07406284660100937,0.24388055503368378,0.0,0.07406284660100937,0.0001,1e-05,50.122,2.3209,0.6539
8136,stage2,5,0.07142575085163116,0.25466465950012207,0.0,0.07142575085163116,0.0001,1e-05,50.121,2.159,0.66
8137,stage2,5,0.07265446335077286,0.25653353333473206,0.0,0.07265446335077286,0.0001,1e-05,50.118,2.7824,3.978
8138,stage2,5,0.07028545439243317,0.25751715898513794,0.0,0.07028545439243317,0.0001,1e-05,50.123,2.0725,0.6612
8139,stage2,5,0.06778552383184433,0.24368999898433685,0.0,0.06778552383184433,0.0001,1e-05,50.118,2.1136,0.8081
8140,stage2,5,0.061383914202451706,0.2884273827075958,0.0,0.061383914202451706,0.0001,1e-05,50.118,2.0837,0.678
8141,stage2,5,0.06911301612854004,0.26847606897354126,0.0,0.06911301612854004,0.0001,1e-05,50.122,2.3688,0.6856
8142,stage2,5,0.06813599169254303,0.2705255448818207,0.0,0.06813599169254303,0.0001,1e-05,50.12,2.5244,0.6618
8143,stage2,5,0.06381304562091827,0.29079607129096985,0.0,0.06381304562091827,0.0001,1e-05,50.119,2.2165,0.7038
8144,stage2,5,0.06877536326646805,0.26871830224990845,0.0,0.06877536326646805,0.0001,1e-05,50.119,2.2417,0.7075
8145,stage2,5,0.07419626414775848,0.26222237944602966,0.0,0.07419626414775848,0.0001,1e-05,50.12,2.299,4.1029
8146,stage2,5,0.06643900275230408,0.25765305757522583,0.0,0.06643900275230408,0.0001,1e-05,50.121,2.644,0.6393
8147,stage2,5,0.0701088160276413,0.2760472297668457,0.0,0.0701088160276413,0.0001,1e-05,50.118,2.5424,0.6813
8148,stage2,5,0.058163948357105255,0.29441753029823303,0.0,0.058163948357105255,0.0001,1e-05,50.122,1.9928,0.7056
8149,stage2,5,0.08070983737707138,0.26003336906433105,0.0,0.08070983737707138,0.0001,1e-05,50.121,2.3037,0.6621
8150,stage2,5,0.06565557420253754,0.2694842219352722,0.0,0.06565557420253754,0.0001,1e-05,50.119,2.0164,0.7036
8151,stage2,5,0.06257902085781097,0.21800029277801514,0.0,0.06257902085781097,0.0001,1e-05,50.117,2.0777,0.6534
8152,stage2,5,0.07656925171613693,0.24274319410324097,0.0,0.07656925171613693,0.0001,1e-05,50.12,2.5483,0.6432
8153,stage2,5,0.06726782023906708,0.2668900489807129,0.0,0.06726782023906708,0.0001,1e-05,50.123,2.2339,3.8732
8154,stage2,5,0.07243222743272781,0.27351993322372437,0.0,0.07243222743272781,0.0001,1e-05,50.118,2.6701,0.639
8155,stage2,5,0.06186665967106819,0.26822027564048767,0.0,0.06186665967106819,0.0001,1e-05,50.12,2.2635,0.7537
8156,stage2,5,0.07700912654399872,0.27349627017974854,0.0,0.07700912654399872,0.0001,1e-05,50.121,2.8331,0.6393
8157,stage2,5,0.07709395885467529,0.2469080686569214,0.0,0.07709395885467529,0.0001,1e-05,50.122,2.7437,0.6407
8158,stage2,5,0.07908604294061661,0.2845941483974457,0.0,0.07908604294061661,0.0001,1e-05,50.121,2.7008,0.6408
8159,stage2,5,0.06461691856384277,0.221930131316185,0.0,0.06461691856384277,0.0001,1e-05,50.119,2.239,0.6342
8160,stage2,5,0.06687410175800323,0.25810497999191284,0.0,0.06687410175800323,0.0001,1e-05,50.122,2.6599,0.6651
8161,stage2,5,0.06692259013652802,0.3002924919128418,0.0,0.06692259013652802,0.0001,1e-05,50.119,2.7447,4.0145
8162,stage2,5,0.07112570852041245,0.27803653478622437,0.0,0.07112570852041245,0.0001,1e-05,50.121,2.2598,0.6557
8163,stage2,5,0.06367422640323639,0.26452890038490295,0.0,0.06367422640323639,0.0001,1e-05,50.119,2.0679,0.6393
8164,stage2,5,0.06911683827638626,0.28095120191574097,0.0,0.06911683827638626,0.0001,1e-05,50.12,2.4199,0.6444
8165,stage2,5,0.06704126298427582,0.2569577693939209,0.0,0.06704126298427582,0.0001,1e-05,50.119,2.6311,0.6404
8166,stage2,5,0.06523715704679489,0.2729521095752716,0.0,0.06523715704679489,0.0001,1e-05,50.121,2.0435,0.6623
8167,stage2,5,0.07178577035665512,0.2593405246734619,0.0,0.07178577035665512,0.0001,1e-05,50.12,2.613,0.6337
8168,stage2,5,0.0642891526222229,0.2818329334259033,0.0,0.0642891526222229,0.0001,1e-05,50.123,2.3512,0.7101
8169,stage2,5,0.06935366243124008,0.2648506760597229,0.0,0.06935366243124008,0.0001,1e-05,50.119,2.4272,3.8708
8170,stage2,5,0.060503117740154266,0.24557797610759735,0.0,0.060503117740154266,0.0001,1e-05,50.123,1.987,0.6392
8171,stage2,5,0.0755365863442421,0.24540160596370697,0.0,0.0755365863442421,0.0001,1e-05,50.121,2.5505,0.6558
8172,stage2,5,0.0723176822066307,0.27235928177833557,0.0,0.0723176822066307,0.0001,1e-05,50.124,2.6796,0.645
8173,stage2,5,0.07558991760015488,0.2537533938884735,0.0,0.07558991760015488,0.0001,1e-05,50.121,2.2495,0.6943
8174,stage2,5,0.0672089084982872,0.2682327926158905,0.0,0.0672089084982872,0.0001,1e-05,50.122,2.1734,0.6402
8175,stage2,5,0.0682714581489563,0.2635532319545746,0.0,0.0682714581489563,0.0001,1e-05,50.121,2.1784,0.6417
8176,stage2,5,0.07029294967651367,0.2484327256679535,0.0,0.07029294967651367,0.0001,1e-05,50.119,2.0942,0.6421
8177,stage2,5,0.07914374768733978,0.2593284845352173,0.0,0.07914374768733978,0.0001,1e-05,50.123,3.1124,4.0304
8178,stage2,5,0.07113122940063477,0.2274003028869629,0.0,0.07113122940063477,0.0001,1e-05,50.122,2.3444,0.639
8179,stage2,5,0.07974405586719513,0.25630536675453186,0.0,0.07974405586719513,0.0001,1e-05,50.121,2.5417,0.6405
8180,stage2,5,0.058614909648895264,0.2807410657405853,0.0,0.058614909648895264,0.0001,1e-05,50.12,1.9619,0.6448
8181,stage2,5,0.05520310252904892,0.2748880684375763,0.0,0.05520310252904892,0.0001,1e-05,50.119,1.9623,0.6416
8182,stage2,5,0.06600072979927063,0.2587604820728302,0.0,0.06600072979927063,0.0001,1e-05,50.124,2.3911,0.696
8183,stage2,5,0.06308908760547638,0.2634100019931793,0.0,0.06308908760547638,0.0001,1e-05,50.123,2.1987,0.6423
8184,stage2,5,0.07824864238500595,0.2910201847553253,0.0,0.07824864238500595,0.0001,1e-05,50.121,2.6983,0.6421
8185,stage2,5,0.06595680117607117,0.2798686921596527,0.0,0.06595680117607117,0.0001,1e-05,50.123,2.2178,4.0037
8186,stage2,5,0.07157810777425766,0.2892693877220154,0.0,0.07157810777425766,0.0001,1e-05,50.121,2.7481,0.6389
8187,stage2,5,0.07119616121053696,0.2465723752975464,0.0,0.07119616121053696,0.0001,1e-05,50.123,2.1829,0.6782
8188,stage2,5,0.07346166670322418,0.23245181143283844,0.0,0.07346166670322418,0.0001,1e-05,50.122,2.3998,0.6548
8189,stage2,5,0.05697650834918022,0.2697613835334778,0.0,0.05697650834918022,0.0001,1e-05,50.12,2.5375,0.6391
8190,stage2,5,0.07356475293636322,0.2749251127243042,0.0,0.07356475293636322,0.0001,1e-05,50.12,2.7134,0.6458
8191,stage2,5,0.0596034973859787,0.27590233087539673,0.0,0.0596034973859787,0.0001,1e-05,50.125,2.157,0.639
8192,stage2,5,0.06482446938753128,0.23040606081485748,0.0,0.06482446938753128,0.0001,1e-05,50.12,2.2468,0.659
8193,stage2,5,0.06851799041032791,0.25282859802246094,0.0,0.06851799041032791,0.0001,1e-05,50.12,2.4106,4.0028
8194,stage2,5,0.0625002458691597,0.2451874017715454,0.0,0.0625002458691597,0.0001,1e-05,50.119,1.9728,0.6916
8195,stage2,5,0.06973409652709961,0.2601802945137024,0.0,0.06973409652709961,0.0001,1e-05,50.121,2.4508,0.6447
8196,stage2,5,0.06928962469100952,0.29901280999183655,0.0,0.06928962469100952,0.0001,1e-05,50.123,2.3877,0.6406
8197,stage2,5,0.06845104694366455,0.249991312623024,0.0,0.06845104694366455,0.0001,1e-05,50.123,2.2394,0.6404
8198,stage2,5,0.06316133588552475,0.24444998800754547,0.0,0.06316133588552475,0.0001,1e-05,50.123,2.0716,0.6422
8199,stage2,5,0.06626149266958237,0.2569185197353363,0.0,0.06626149266958237,0.0001,1e-05,50.122,2.0384,0.6933
8200,stage2,5,0.05945458263158798,0.26067984104156494,0.0,0.05945458263158798,0.0001,1e-05,50.122,2.4277,0.6432
8201,stage2,5,0.07179742306470871,0.24373267590999603,0.0,0.07179742306470871,0.0001,1e-05,50.121,2.2365,3.8835
8202,stage2,5,0.07344090193510056,0.24473167955875397,0.0,0.07344090193510056,0.0001,1e-05,50.122,2.6533,0.6385
8203,stage2,5,0.05458370968699455,0.23209983110427856,0.0,0.05458370968699455,0.0001,1e-05,50.122,1.9704,0.7093
8204,stage2,5,0.0654195174574852,0.25346657633781433,0.0,0.0654195174574852,0.0001,1e-05,50.122,2.2136,0.6378
8205,stage2,5,0.07093506306409836,0.25912755727767944,0.0,0.07093506306409836,0.0001,1e-05,50.124,2.5606,0.6459
8206,stage2,5,0.05958837270736694,0.29832252860069275,0.0,0.05958837270736694,0.0001,1e-05,50.123,1.8231,0.6402
8207,stage2,5,0.06923749297857285,0.2779318392276764,0.0,0.06923749297857285,0.0001,1e-05,50.123,2.4952,0.6409
8208,stage2,5,0.07688400149345398,0.270171582698822,0.0,0.07688400149345398,0.0001,1e-05,50.122,3.076,0.7007
8209,stage2,5,0.0752040296792984,0.26009586453437805,0.0,0.0752040296792984,0.0001,1e-05,50.124,2.6454,4.0958
8210,stage2,5,0.06426572799682617,0.25439122319221497,0.0,0.06426572799682617,0.0001,1e-05,50.121,2.1384,0.6382
8211,stage2,5,0.07060618698596954,0.2381252646446228,0.0,0.07060618698596954,0.0001,1e-05,50.122,2.7228,0.6411
8212,stage2,5,0.06865907460451126,0.24206116795539856,0.0,0.06865907460451126,0.0001,1e-05,50.12,2.2477,0.6411
8213,stage2,5,0.06653563678264618,0.24540521204471588,0.0,0.06653563678264618,0.0001,1e-05,50.122,2.1561,0.6406
8214,stage2,5,0.07572651654481888,0.26683977246284485,0.0,0.07572651654481888,0.0001,1e-05,50.119,2.4976,0.6972
8215,stage2,5,0.07817389816045761,0.27032458782196045,0.0,0.07817389816045761,0.0001,1e-05,50.122,3.2219,0.6437
8216,stage2,5,0.06722027063369751,0.24466831982135773,0.0,0.06722027063369751,0.0001,1e-05,50.125,2.5608,0.6414
8217,stage2,5,0.07119371742010117,0.2414412945508957,0.0,0.07119371742010117,0.0001,1e-05,50.122,2.2763,3.9794
8218,stage2,5,0.06477056443691254,0.24513676762580872,0.0,0.06477056443691254,0.0001,1e-05,50.124,1.8794,0.6398
8219,stage2,5,0.06525881588459015,0.25963935256004333,0.0,0.06525881588459015,0.0001,1e-05,50.122,2.1863,0.6451
8220,stage2,5,0.057548243552446365,0.2666732966899872,0.0,0.057548243552446365,0.0001,1e-05,50.119,1.8156,0.6962
8221,stage2,5,0.06358276307582855,0.26517245173454285,0.0,0.06358276307582855,0.0001,1e-05,50.12,2.3154,0.6402
8222,stage2,5,0.07454774528741837,0.27150091528892517,0.0,0.07454774528741837,0.0001,1e-05,50.123,2.5402,0.641
8223,stage2,5,0.05815587192773819,0.2542405426502228,0.0,0.05815587192773819,0.0001,1e-05,50.122,1.9809,0.6463
8224,stage2,5,0.06837588548660278,0.26765409111976624,0.0,0.06837588548660278,0.0001,1e-05,50.122,2.2708,0.6445
8225,stage2,5,0.07941095530986786,0.2644542455673218,0.0,0.07941095530986786,0.0001,1e-05,50.121,2.8618,4.0141
8226,stage2,5,0.06685491651296616,0.25270742177963257,0.0,0.06685491651296616,0.0001,1e-05,50.122,2.0589,0.6413
8227,stage2,5,0.05798850208520889,0.2621873915195465,0.0,0.05798850208520889,0.0001,1e-05,50.125,2.0767,0.6441
8228,stage2,5,0.06056199222803116,0.278598427772522,0.0,0.06056199222803116,0.0001,1e-05,50.121,2.0378,0.6407
8229,stage2,5,0.0728878304362297,0.23780308663845062,0.0,0.0728878304362297,0.0001,1e-05,50.123,2.4609,0.6983
8230,stage2,5,0.06712191551923752,0.24940133094787598,0.0,0.06712191551923752,0.0001,1e-05,50.123,2.0979,0.6379
8231,stage2,5,0.06376677006483078,0.24302269518375397,0.0,0.06376677006483078,0.0001,1e-05,50.121,2.181,0.6416
8232,stage2,5,0.07634823769330978,0.26954370737075806,0.0,0.07634823769330978,0.0001,1e-05,50.121,2.9263,0.6467
8233,stage2,5,0.06810759007930756,0.280864417552948,0.0,0.06810759007930756,0.0001,1e-05,50.125,2.2736,4.0419
8234,stage2,5,0.07076805084943771,0.26753371953964233,0.0,0.07076805084943771,0.0001,1e-05,50.124,2.3804,0.6547
8235,stage2,5,0.060144782066345215,0.26047712564468384,0.0,0.060144782066345215,0.0001,1e-05,50.124,2.2823,0.6994
8236,stage2,5,0.07558409869670868,0.25155067443847656,0.0,0.07558409869670868,0.0001,1e-05,50.121,2.4063,0.6406
8237,stage2,5,0.06485046446323395,0.24728800356388092,0.0,0.06485046446323395,0.0001,1e-05,50.121,2.2738,0.641
8238,stage2,5,0.07307124882936478,0.2815946340560913,0.0,0.07307124882936478,0.0001,1e-05,50.124,2.685,0.6416
8239,stage2,5,0.06942173838615417,0.2951892614364624,0.0,0.06942173838615417,0.0001,1e-05,50.123,2.7918,0.6463
8240,stage2,5,0.061727266758680344,0.2658427953720093,0.0,0.061727266758680344,0.0001,1e-05,50.12,2.1731,0.6943
8241,stage2,5,0.07266351580619812,0.24186281859874725,0.0,0.07266351580619812,0.0001,1e-05,50.121,2.3674,4.0068
8242,stage2,5,0.06974669545888901,0.26566794514656067,0.0,0.06974669545888901,0.0001,1e-05,50.118,2.5136,0.6496
8243,stage2,5,0.05982904136180878,0.28173699975013733,0.0,0.05982904136180878,0.0001,1e-05,50.122,2.1106,0.641
8244,stage2,5,0.06321021169424057,0.24477681517601013,0.0,0.06321021169424057,0.0001,1e-05,50.122,3.2086,0.6969
8245,stage2,5,0.07344826310873032,0.25420016050338745,0.0,0.07344826310873032,0.0001,1e-05,50.123,2.7164,0.6399
8246,stage2,5,0.057265594601631165,0.27986305952072144,0.0,0.057265594601631165,0.0001,1e-05,50.122,2.358,0.6417
8247,stage2,5,0.0661584660410881,0.2519634962081909,0.0,0.0661584660410881,0.0001,1e-05,50.118,2.3394,0.6422
8248,stage2,5,0.06941764056682587,0.24709853529930115,0.0,0.06941764056682587,0.0001,1e-05,50.122,2.2397,0.6422
8249,stage2,5,0.06562729179859161,0.2668132185935974,0.0,0.06562729179859161,0.0001,1e-05,50.123,3.0129,4.0789
8250,stage2,5,0.07247317582368851,0.27240389585494995,0.0,0.07247317582368851,0.0001,1e-05,50.117,2.3578,0.6499
8251,stage2,5,0.06645993143320084,0.26461535692214966,0.0,0.06645993143320084,0.0001,1e-05,50.119,2.2409,0.6402
8252,stage2,5,0.067188560962677,0.24639979004859924,0.0,0.067188560962677,0.0001,1e-05,50.119,2.1725,0.6449
8253,stage2,5,0.05934371054172516,0.2600213587284088,0.0,0.05934371054172516,0.0001,1e-05,50.122,1.9049,0.6364
8254,stage2,5,0.06117529794573784,0.2460290491580963,0.0,0.06117529794573784,0.0001,1e-05,50.121,1.9792,0.664
8255,stage2,5,0.07115677744150162,0.24683241546154022,0.0,0.07115677744150162,0.0001,1e-05,50.119,2.1525,0.6965
8256,stage2,5,0.07167935371398926,0.2718188464641571,0.0,0.07167935371398926,0.0001,1e-05,50.123,2.3896,0.6416
8257,stage2,5,0.05485903471708298,0.2619977593421936,0.0,0.05485903471708298,0.0001,1e-05,50.118,2.1089,3.8188
8258,stage2,5,0.06544032692909241,0.2667006254196167,0.0,0.06544032692909241,0.0001,1e-05,50.123,2.1925,0.6437
8259,stage2,5,0.0695677250623703,0.21296101808547974,0.0,0.0695677250623703,0.0001,1e-05,50.12,2.2691,0.6913
8260,stage2,5,0.06585734337568283,0.2535504400730133,0.0,0.06585734337568283,0.0001,1e-05,50.119,2.1021,0.6396
8261,stage2,5,0.06129269674420357,0.23428015410900116,0.0,0.06129269674420357,0.0001,1e-05,50.12,2.0115,0.6403
8262,stage2,5,0.058324117213487625,0.27922293543815613,0.0,0.058324117213487625,0.0001,1e-05,50.123,2.0122,0.6412
8263,stage2,5,0.0646016001701355,0.2524527907371521,0.0,0.0646016001701355,0.0001,1e-05,50.117,2.2776,0.6416
8264,stage2,5,0.057742029428482056,0.2659997344017029,0.0,0.057742029428482056,0.0001,1e-05,50.12,2.1589,0.6966
8265,stage2,5,0.06825834512710571,0.2633979618549347,0.0,0.06825834512710571,0.0001,1e-05,50.117,2.1748,3.6579
8266,stage2,5,0.06853459775447845,0.2534045875072479,0.0,0.06853459775447845,0.0001,1e-05,50.12,2.0895,0.6393
8267,stage2,5,0.06983596086502075,0.2530849277973175,0.0,0.06983596086502075,0.0001,1e-05,50.12,2.7468,0.6395
8268,stage2,6,0.06722493469715118,0.2644605040550232,0.0,0.06722493469715118,0.0001,1e-05,50.122,2.0432,10.0977
8269,stage2,6,0.06382732838392258,0.2717535197734833,0.0,0.06382732838392258,0.0001,1e-05,50.12,2.3145,0.6263
8270,stage2,6,0.060171887278556824,0.28026750683784485,0.0,0.060171887278556824,0.0001,1e-05,50.119,2.5191,0.6409
8271,stage2,6,0.07082026451826096,0.24009552597999573,0.0,0.07082026451826096,0.0001,1e-05,50.12,2.2563,0.6362
8272,stage2,6,0.06110551208257675,0.23795932531356812,0.0,0.06110551208257675,0.0001,1e-05,50.118,2.1318,0.6378
8273,stage2,6,0.06440737098455429,0.24365603923797607,0.0,0.06440737098455429,0.0001,1e-05,50.12,2.0501,0.6972
8274,stage2,6,0.06361804902553558,0.2344737946987152,0.0,0.06361804902553558,0.0001,1e-05,50.122,2.2325,0.6329
8275,stage2,6,0.07359844446182251,0.2605876326560974,0.0,0.07359844446182251,0.0001,1e-05,50.118,2.6274,0.6394
8276,stage2,6,0.059925612062215805,0.2848398983478546,0.0,0.059925612062215805,0.0001,1e-05,50.122,1.9317,4.0451
8277,stage2,6,0.06041988357901573,0.2405788153409958,0.0,0.06041988357901573,0.0001,1e-05,50.12,2.0603,0.7008
8278,stage2,6,0.061839599162340164,0.30297526717185974,0.0,0.061839599162340164,0.0001,1e-05,50.12,2.0466,0.6276
8279,stage2,6,0.06989617645740509,0.2536127269268036,0.0,0.06989617645740509,0.0001,1e-05,50.121,2.15,0.6358
8280,stage2,6,0.06205209717154503,0.2747698128223419,0.0,0.06205209717154503,0.0001,1e-05,50.123,2.2008,0.6423
8281,stage2,6,0.06420066207647324,0.24232012033462524,0.0,0.06420066207647324,0.0001,1e-05,50.122,1.786,0.6374
8282,stage2,6,0.054058969020843506,0.2639811933040619,0.0,0.054058969020843506,0.0001,1e-05,50.121,1.919,0.6363
8283,stage2,6,0.06572531163692474,0.2853391766548157,0.0,0.06572531163692474,0.0001,1e-05,50.117,2.3327,0.653
8284,stage2,6,0.06678030639886856,0.2795396149158478,0.0,0.06678030639886856,0.0001,1e-05,50.119,2.208,4.0095
8285,stage2,6,0.06288660317659378,0.25379055738449097,0.0,0.06288660317659378,0.0001,1e-05,50.121,2.3168,0.6369
8286,stage2,6,0.06408171355724335,0.23302197456359863,0.0,0.06408171355724335,0.0001,1e-05,50.123,1.723,0.6373
8287,stage2,6,0.07033974677324295,0.25450339913368225,0.0,0.07033974677324295,0.0001,1e-05,50.118,2.2703,0.6429
8288,stage2,6,0.0609164759516716,0.22456327080726624,0.0,0.0609164759516716,0.0001,1e-05,50.121,2.0296,0.631
8289,stage2,6,0.07176243513822556,0.23145721852779388,0.0,0.07176243513822556,0.0001,1e-05,50.123,2.1599,0.6628
8290,stage2,6,0.0673525258898735,0.2422880381345749,0.0,0.0673525258898735,0.0001,1e-05,50.12,2.1323,0.632
8291,stage2,6,0.057194873690605164,0.22693507373332977,0.0,0.057194873690605164,0.0001,1e-05,50.121,2.4616,0.7235
8292,stage2,6,0.05612470582127571,0.2425421178340912,0.0,0.05612470582127571,0.0001,1e-05,50.119,1.8479,3.9766
8293,stage2,6,0.06547408550977707,0.2675189971923828,0.0,0.06547408550977707,0.0001,1e-05,50.123,2.3399,0.6381
8294,stage2,6,0.06398935616016388,0.22175772488117218,0.0,0.06398935616016388,0.0001,1e-05,50.116,1.9814,0.6385
8295,stage2,6,0.06758900731801987,0.2761833667755127,0.0,0.06758900731801987,0.0001,1e-05,50.122,2.7917,0.6491
8296,stage2,6,0.058651506900787354,0.2686536908149719,0.0,0.058651506900787354,0.0001,1e-05,50.121,2.1497,0.6867
8297,stage2,6,0.0636700838804245,0.3011080026626587,0.0,0.0636700838804245,0.0001,1e-05,50.119,2.2228,0.6402
8298,stage2,6,0.07731662690639496,0.2553805708885193,0.0,0.07731662690639496,0.0001,1e-05,50.119,2.9727,0.6407
8299,stage2,6,0.0569782517850399,0.2637428343296051,0.0,0.0569782517850399,0.0001,1e-05,50.122,1.8896,0.6406
