global_step,stage,dataset_epoch,flow_matching_loss,l1_loss,ph_loss,total_loss,lr_head,lr_backbone,vram_gb,grad_norm,step_time_s
0,stage1,0,2.3184306621551514,0.7660598158836365,0.0,2.3184306621551514,0.0001,0.0,12.201,10.2354,11.103
1,stage1,0,1.9790983200073242,0.5910008549690247,0.0,1.9790983200073242,0.0001,0.0,12.851,12.9469,0.3043
2,stage1,0,1.1575069427490234,0.5843135118484497,0.0,1.1575069427490234,0.0001,0.0,12.853,8.0633,0.3162
3,stage1,0,1.2295325994491577,0.5704232454299927,0.0,1.2295325994491577,0.0001,0.0,12.85,9.1399,0.32
4,stage1,0,0.9686464667320251,0.47975197434425354,0.0,0.9686464667320251,0.0001,0.0,12.847,4.3594,0.3144
5,stage1,0,1.1652171611785889,0.5726328492164612,0.0,1.1652171611785889,0.0001,0.0,12.848,4.957,0.3219
6,stage1,0,1.2206934690475464,0.4907902479171753,0.0,1.2206934690475464,0.0001,0.0,12.848,6.8253,0.3262
7,stage1,0,1.067392110824585,0.527018129825592,0.0,1.067392110824585,0.0001,0.0,12.86,4.2373,0.332
8,stage1,0,1.0941147804260254,0.5389788150787354,0.0,1.0941147804260254,0.0001,0.0,12.855,3.8217,6.5206
9,stage1,0,0.9743104577064514,0.522367000579834,0.0,0.9743104577064514,0.0001,0.0,12.86,3.2906,0.3202
10,stage1,0,1.1256235837936401,0.4674326181411743,0.0,1.1256235837936401,0.0001,0.0,12.854,4.8889,0.3229
11,stage1,0,0.9901760220527649,0.47378668189048767,0.0,0.9901760220527649,0.0001,0.0,12.857,4.4503,0.3177
12,stage1,0,0.8997401595115662,0.5370370745658875,0.0,0.8997401595115662,0.0001,0.0,12.864,3.9435,0.3176
13,stage1,0,1.032486081123352,0.4764643609523773,0.0,1.032486081123352,0.0001,0.0,12.866,4.0854,0.3272
14,stage1,0,0.9773346781730652,0.4980258345603943,0.0,0.9773346781730652,0.0001,0.0,12.846,3.0164,0.3155
15,stage1,0,0.9069716930389404,0.5757830739021301,0.0,0.9069716930389404,0.0001,0.0,12.852,3.7956,0.3199
16,stage1,0,0.8326495885848999,0.5106307864189148,0.0,0.8326495885848999,0.0001,0.0,12.852,3.2343,7.4875
17,stage1,0,0.9406483769416809,0.47205930948257446,0.0,0.9406483769416809,0.0001,0.0,12.862,2.814,0.3196
18,stage1,0,0.8736879229545593,0.5084047317504883,0.0,0.8736879229545593,0.0001,0.0,12.86,3.4077,0.3259
19,stage1,0,0.8728837966918945,0.4918779134750366,0.0,0.8728837966918945,0.0001,0.0,12.851,1.7704,0.3197
20,stage1,0,0.9293048977851868,0.5248275995254517,0.0,0.9293048977851868,0.0001,0.0,12.873,2.4294,0.3178
21,stage1,0,0.8972880244255066,0.5148906707763672,0.0,0.8972880244255066,0.0001,0.0,12.848,2.5849,0.3208
22,stage1,0,0.8755362629890442,0.47714176774024963,0.0,0.8755362629890442,0.0001,0.0,12.855,2.5178,0.3206
23,stage1,0,0.7521780729293823,0.5209258198738098,0.0,0.7521780729293823,0.0001,0.0,12.855,2.3268,0.3166
24,stage1,0,0.9065670967102051,0.46577733755111694,0.0,0.9065670967102051,0.0001,0.0,12.868,3.3347,7.184
25,stage1,0,0.8412655591964722,0.429302841424942,0.0,0.8412655591964722,0.0001,0.0,12.846,2.0635,0.3285
26,stage1,0,0.925947904586792,0.4495599567890167,0.0,0.925947904586792,0.0001,0.0,12.856,1.4517,0.3266
27,stage1,0,0.9068672060966492,0.4220232367515564,0.0,0.9068672060966492,0.0001,0.0,12.847,2.8091,0.3229
28,stage1,0,0.8395016193389893,0.44139835238456726,0.0,0.8395016193389893,0.0001,0.0,12.842,2.0909,0.3217
29,stage1,0,0.7895300984382629,0.47839275002479553,0.0,0.7895300984382629,0.0001,0.0,12.851,2.2442,0.3187
30,stage1,0,0.7501026391983032,0.4685737192630768,0.0,0.7501026391983032,0.0001,0.0,12.857,1.9753,0.3179
31,stage1,0,0.8045405149459839,0.46836209297180176,0.0,0.8045405149459839,0.0001,0.0,12.854,1.4793,0.3201
32,stage1,0,0.782752513885498,0.4399257004261017,0.0,0.782752513885498,0.0001,0.0,12.853,1.7268,7.3055
33,stage1,0,0.7621185779571533,0.4429560601711273,0.0,0.7621185779571533,0.0001,0.0,12.849,1.4716,0.319
34,stage1,0,0.7829596400260925,0.4630611836910248,0.0,0.7829596400260925,0.0001,0.0,12.841,1.9457,0.3186
35,stage1,0,0.7530169486999512,0.4756848216056824,0.0,0.7530169486999512,0.0001,0.0,12.858,1.686,0.3304
36,stage1,0,0.6712004542350769,0.4515765607357025,0.0,0.6712004542350769,0.0001,0.0,12.852,1.5568,0.3251
37,stage1,0,0.7829629182815552,0.46685388684272766,0.0,0.7829629182815552,0.0001,0.0,12.852,1.446,0.3213
38,stage1,0,0.8286860585212708,0.4655523896217346,0.0,0.8286860585212708,0.0001,0.0,12.842,2.5291,0.3173
39,stage1,0,0.7053515911102295,0.40835437178611755,0.0,0.7053515911102295,0.0001,0.0,12.855,1.6923,0.3235
40,stage1,0,0.7988280057907104,0.45106667280197144,0.0,0.7988280057907104,0.0001,0.0,12.84,1.4889,7.6203
41,stage1,0,0.7579149603843689,0.3974250555038452,0.0,0.7579149603843689,0.0001,0.0,12.855,1.7883,0.3306
42,stage1,0,0.7822234630584717,0.4520756006240845,0.0,0.7822234630584717,0.0001,0.0,12.855,2.5127,0.3201
43,stage1,0,0.7756691575050354,0.4528651535511017,0.0,0.7756691575050354,0.0001,0.0,12.847,1.6284,0.3205
44,stage1,0,0.6936184763908386,0.395926296710968,0.0,0.6936184763908386,0.0001,0.0,12.856,1.6131,0.326
45,stage1,0,0.8207923173904419,0.41647225618362427,0.0,0.8207923173904419,0.0001,0.0,12.855,2.6675,0.3225
46,stage1,0,0.6957113146781921,0.42749089002609253,0.0,0.6957113146781921,0.0001,0.0,12.871,2.033,0.3229
47,stage1,0,0.7269896268844604,0.43748775124549866,0.0,0.7269896268844604,0.0001,0.0,12.857,2.3976,0.3198
48,stage1,0,0.692414402961731,0.4513411521911621,0.0,0.692414402961731,0.0001,0.0,12.85,2.605,7.2307
49,stage1,0,0.7344412207603455,0.4302089512348175,0.0,0.7344412207603455,0.0001,0.0,12.854,2.2117,0.332
50,stage1,0,0.775839626789093,0.4656285345554352,0.0,0.775839626789093,0.0001,0.0,12.851,2.8005,0.3333
51,stage1,0,0.7258238792419434,0.4049484133720398,0.0,0.7258238792419434,0.0001,0.0,12.847,2.6949,0.3289
52,stage1,0,0.6760717630386353,0.443975567817688,0.0,0.6760717630386353,0.0001,0.0,12.84,1.8158,0.3167
53,stage1,0,0.7996048331260681,0.5100247859954834,0.0,0.7996048331260681,0.0001,0.0,12.852,2.4508,0.3318
54,stage1,0,0.7692693471908569,0.47300416231155396,0.0,0.7692693471908569,0.0001,0.0,12.848,2.4806,0.3196
55,stage1,0,0.7386987805366516,0.4443717300891876,0.0,0.7386987805366516,0.0001,0.0,12.86,1.3784,0.3179
56,stage1,0,0.7395268678665161,0.48338913917541504,0.0,0.7395268678665161,0.0001,0.0,12.853,2.1686,7.3683
57,stage1,0,0.7020311951637268,0.41323205828666687,0.0,0.7020311951637268,0.0001,0.0,12.851,1.8194,0.3261
58,stage1,0,0.7278844714164734,0.4127907454967499,0.0,0.7278844714164734,0.0001,0.0,12.847,2.0874,0.331
59,stage1,0,0.6890315413475037,0.41548383235931396,0.0,0.6890315413475037,0.0001,0.0,12.85,1.6897,0.3341
60,stage1,0,0.7053539752960205,0.4473632872104645,0.0,0.7053539752960205,0.0001,0.0,12.847,1.4065,0.3293
61,stage1,0,0.6235930919647217,0.4359099566936493,0.0,0.6235930919647217,0.0001,0.0,12.844,1.6783,0.3186
62,stage1,0,0.6888502240180969,0.40566185116767883,0.0,0.6888502240180969,0.0001,0.0,12.855,1.5809,0.3283
63,stage1,0,0.6964508295059204,0.4336448311805725,0.0,0.6964508295059204,0.0001,0.0,12.843,1.9507,0.3195
64,stage1,0,0.6518522500991821,0.4070923924446106,0.0,0.6518522500991821,0.0001,0.0,12.847,1.6185,7.5847
65,stage1,0,0.7840155363082886,0.40780016779899597,0.0,0.7840155363082886,0.0001,0.0,12.85,1.8548,0.3173
66,stage1,0,0.8111887574195862,0.4895873963832855,0.0,0.8111887574195862,0.0001,0.0,12.848,1.844,0.3324
67,stage1,0,0.6424193382263184,0.46476495265960693,0.0,0.6424193382263184,0.0001,0.0,12.844,1.7997,0.3354
68,stage1,0,0.7132788300514221,0.41055524349212646,0.0,0.7132788300514221,0.0001,0.0,12.853,1.7453,0.3334
69,stage1,0,0.6555880308151245,0.46391555666923523,0.0,0.6555880308151245,0.0001,0.0,12.843,1.6379,0.3204
70,stage1,0,0.7029212117195129,0.42940497398376465,0.0,0.7029212117195129,0.0001,0.0,12.844,1.6949,0.3158
71,stage1,0,0.7496758103370667,0.3832393288612366,0.0,0.7496758103370667,0.0001,0.0,12.851,2.2389,0.328
72,stage1,0,0.6429014801979065,0.37926048040390015,0.0,0.6429014801979065,0.0001,0.0,12.852,2.2473,7.5115
73,stage1,0,0.6163774132728577,0.3747526705265045,0.0,0.6163774132728577,0.0001,0.0,12.859,1.389,0.323
74,stage1,0,0.6570741534233093,0.40393978357315063,0.0,0.6570741534233093,0.0001,0.0,12.859,1.4659,0.3274
75,stage1,0,0.6418821811676025,0.36571115255355835,0.0,0.6418821811676025,0.0001,0.0,12.851,2.0144,0.3345
76,stage1,0,0.6135569214820862,0.39791277050971985,0.0,0.6135569214820862,0.0001,0.0,12.849,1.5232,0.3325
77,stage1,0,0.6404937505722046,0.419940322637558,0.0,0.6404937505722046,0.0001,0.0,12.85,2.5624,0.3241
78,stage1,0,0.6620516180992126,0.38850679993629456,0.0,0.6620516180992126,0.0001,0.0,12.851,1.9664,0.3289
79,stage1,0,0.6579952239990234,0.41180211305618286,0.0,0.6579952239990234,0.0001,0.0,12.853,1.4406,0.3222
80,stage1,0,0.676972508430481,0.4235169589519501,0.0,0.676972508430481,0.0001,0.0,12.852,1.5778,7.3891
81,stage1,0,0.6545653343200684,0.3803618848323822,0.0,0.6545653343200684,0.0001,0.0,12.847,1.7712,0.328
82,stage1,0,0.688636064529419,0.4371078610420227,0.0,0.688636064529419,0.0001,0.0,12.857,1.578,0.3181
83,stage1,0,0.5248370170593262,0.4228965938091278,0.0,0.5248370170593262,0.0001,0.0,12.849,1.7112,0.3266
84,stage1,0,0.6272196769714355,0.39713141322135925,0.0,0.6272196769714355,0.0001,0.0,12.853,1.9078,0.3324
85,stage1,0,0.6220844984054565,0.40006116032600403,0.0,0.6220844984054565,0.0001,0.0,12.848,1.6004,0.3323
86,stage1,0,0.5226127505302429,0.4022037088871002,0.0,0.5226127505302429,0.0001,0.0,12.864,1.5529,0.3257
87,stage1,0,0.6479745507240295,0.42623013257980347,0.0,0.6479745507240295,0.0001,0.0,12.859,2.0131,0.3214
88,stage1,0,0.6020834445953369,0.438686341047287,0.0,0.6020834445953369,0.0001,0.0,12.853,1.596,7.1811
89,stage1,0,0.5926355123519897,0.41457244753837585,0.0,0.5926355123519897,0.0001,0.0,12.853,1.6894,0.3219
90,stage1,0,0.6224550008773804,0.3974989652633667,0.0,0.6224550008773804,0.0001,0.0,12.846,1.2292,0.3198
91,stage1,0,0.6202967762947083,0.37382981181144714,0.0,0.6202967762947083,0.0001,0.0,12.846,1.3777,0.3249
92,stage1,0,0.6641262173652649,0.4025241732597351,0.0,0.6641262173652649,0.0001,0.0,12.855,1.8616,0.3228
93,stage1,0,0.5627686381340027,0.4539720416069031,0.0,0.5627686381340027,0.0001,0.0,12.853,1.6484,0.3293
94,stage1,0,0.6747820973396301,0.4417303800582886,0.0,0.6747820973396301,0.0001,0.0,12.84,1.9539,0.3376
95,stage1,0,0.6531903147697449,0.4396568536758423,0.0,0.6531903147697449,0.0001,0.0,12.843,2.1996,0.3348
96,stage1,0,0.6401363611221313,0.33592092990875244,0.0,0.6401363611221313,0.0001,0.0,12.849,1.4241,7.418
97,stage1,0,0.6279684901237488,0.38354793190956116,0.0,0.6279684901237488,0.0001,0.0,12.843,2.2708,0.3149
98,stage1,0,0.5204430222511292,0.3832367956638336,0.0,0.5204430222511292,0.0001,0.0,12.845,1.3954,0.3121
99,stage1,0,0.6213781237602234,0.40661749243736267,0.0,0.6213781237602234,0.0001,0.0,12.838,1.9364,0.3159
100,stage1,0,0.5838989019393921,0.34524646401405334,0.0,0.5838989019393921,0.0001,0.0,12.857,2.2443,0.313
101,stage1,0,0.6175333261489868,0.38130173087120056,0.0,0.6175333261489868,0.0001,0.0,12.844,2.2484,0.3152
102,stage1,0,0.5500083565711975,0.3437563180923462,0.0,0.5500083565711975,0.0001,0.0,12.843,1.2355,0.313
103,stage1,0,0.567505419254303,0.36201295256614685,0.0,0.567505419254303,0.0001,0.0,12.854,2.555,0.3172
104,stage1,0,0.5399125814437866,0.3754671812057495,0.0,0.5399125814437866,0.0001,0.0,12.849,2.3453,7.2918
105,stage1,0,0.5657145380973816,0.36478331685066223,0.0,0.5657145380973816,0.0001,0.0,12.851,2.1515,0.3123
106,stage1,0,0.6278862953186035,0.3802477717399597,0.0,0.6278862953186035,0.0001,0.0,12.851,2.3007,0.3166
107,stage1,0,0.5902078747749329,0.3719899654388428,0.0,0.5902078747749329,0.0001,0.0,12.849,1.425,0.3124
108,stage1,0,0.5466806292533875,0.3656785786151886,0.0,0.5466806292533875,0.0001,0.0,12.846,2.168,0.3193
109,stage1,0,0.5322149395942688,0.3490791320800781,0.0,0.5322149395942688,0.0001,0.0,12.848,1.9617,0.3134
110,stage1,0,0.5659257173538208,0.38368645310401917,0.0,0.5659257173538208,0.0001,0.0,12.85,1.5792,0.3171
111,stage1,0,0.5228366851806641,0.3682183027267456,0.0,0.5228366851806641,0.0001,0.0,12.856,1.3727,0.316
112,stage1,0,0.6132319569587708,0.4334368109703064,0.0,0.6132319569587708,0.0001,0.0,12.861,1.8721,7.2268
113,stage1,0,0.6151267886161804,0.4012302756309509,0.0,0.6151267886161804,0.0001,0.0,12.845,2.6464,0.3195
114,stage1,0,0.6511304974555969,0.3898984491825104,0.0,0.6511304974555969,0.0001,0.0,12.848,1.7188,0.328
115,stage1,0,0.5955512523651123,0.3651955723762512,0.0,0.5955512523651123,0.0001,0.0,12.847,1.77,0.3349
116,stage1,0,0.5927913188934326,0.3588474988937378,0.0,0.5927913188934326,0.0001,0.0,12.853,1.9582,0.3336
117,stage1,0,0.6203551888465881,0.38832518458366394,0.0,0.6203551888465881,0.0001,0.0,12.841,1.672,0.3208
118,stage1,0,0.5761007070541382,0.3942190408706665,0.0,0.5761007070541382,0.0001,0.0,12.857,2.2761,0.3226
119,stage1,0,0.6388224363327026,0.36164700984954834,0.0,0.6388224363327026,0.0001,0.0,12.851,1.6964,0.3242
120,stage1,0,0.4651607275009155,0.3734239637851715,0.0,0.4651607275009155,0.0001,0.0,12.843,1.7104,7.2676
121,stage1,0,0.5204981565475464,0.3873955011367798,0.0,0.5204981565475464,0.0001,0.0,12.846,2.1221,0.329
122,stage1,0,0.5487131476402283,0.39309605956077576,0.0,0.5487131476402283,0.0001,0.0,12.85,1.9665,0.3284
123,stage1,0,0.49868836998939514,0.3582324683666229,0.0,0.49868836998939514,0.0001,0.0,12.84,1.4382,0.3249
124,stage1,0,0.5696526169776917,0.43678057193756104,0.0,0.5696526169776917,0.0001,0.0,12.845,2.2786,0.3285
125,stage1,0,0.6217824816703796,0.37664997577667236,0.0,0.6217824816703796,0.0001,0.0,12.847,1.9318,0.3234
126,stage1,0,0.5999609231948853,0.3333353102207184,0.0,0.5999609231948853,0.0001,0.0,12.847,1.4038,0.327
127,stage1,0,0.609093189239502,0.36305883526802063,0.0,0.609093189239502,0.0001,0.0,12.843,2.175,0.3239
128,stage1,0,0.5857892036437988,0.36496931314468384,0.0,0.5857892036437988,0.0001,0.0,12.854,2.1662,7.3289
129,stage1,0,0.5265552997589111,0.3674190640449524,0.0,0.5265552997589111,0.0001,0.0,12.856,2.434,0.3131
130,stage1,0,0.6010353565216064,0.3671649992465973,0.0,0.6010353565216064,0.0001,0.0,12.856,2.3367,0.3126
131,stage1,0,0.5409466028213501,0.3551326394081116,0.0,0.5409466028213501,0.0001,0.0,12.849,1.9256,0.3133
132,stage1,0,0.5402179956436157,0.38353484869003296,0.0,0.5402179956436157,0.0001,0.0,12.841,1.6914,0.313
133,stage1,0,0.6037448644638062,0.330196738243103,0.0,0.6037448644638062,0.0001,0.0,12.847,2.0964,0.314
134,stage1,0,0.543070912361145,0.35605600476264954,0.0,0.543070912361145,0.0001,0.0,12.854,2.0213,0.3127
135,stage1,0,0.5453553795814514,0.3644193112850189,0.0,0.5453553795814514,0.0001,0.0,12.844,2.0885,0.3133
136,stage1,0,0.5150723457336426,0.3618634045124054,0.0,0.5150723457336426,0.0001,0.0,12.857,1.9953,7.2337
137,stage1,0,0.6565860509872437,0.36876940727233887,0.0,0.6565860509872437,0.0001,0.0,12.853,1.5725,0.3114
138,stage1,0,0.5519877672195435,0.3951724171638489,0.0,0.5519877672195435,0.0001,0.0,12.857,2.2844,0.3135
139,stage1,0,0.5721052289009094,0.37796300649642944,0.0,0.5721052289009094,0.0001,0.0,12.861,1.5133,0.3125
140,stage1,0,0.5232402682304382,0.3647548258304596,0.0,0.5232402682304382,0.0001,0.0,12.841,1.8038,0.3136
141,stage1,0,0.5350743532180786,0.3292473554611206,0.0,0.5350743532180786,0.0001,0.0,12.842,1.8955,0.3135
142,stage1,0,0.5571746826171875,0.3970552682876587,0.0,0.5571746826171875,0.0001,0.0,12.841,1.4924,0.3126
143,stage1,0,0.4784272015094757,0.35287001729011536,0.0,0.4784272015094757,0.0001,0.0,12.847,1.4923,0.3138
144,stage1,0,0.5203868746757507,0.3682129383087158,0.0,0.5203868746757507,0.0001,0.0,12.849,1.1803,7.2253
145,stage1,0,0.5662122964859009,0.36371704936027527,0.0,0.5662122964859009,0.0001,0.0,12.846,1.8335,0.3126
146,stage1,0,0.592230498790741,0.3411969542503357,0.0,0.592230498790741,0.0001,0.0,12.843,2.2453,0.3129
147,stage1,0,0.5128949284553528,0.36371487379074097,0.0,0.5128949284553528,0.0001,0.0,12.849,1.3254,0.3135
148,stage1,0,0.5458930730819702,0.41766786575317383,0.0,0.5458930730819702,0.0001,0.0,12.846,2.1079,0.3136
149,stage1,0,0.5247573852539062,0.3576023578643799,0.0,0.5247573852539062,0.0001,0.0,12.843,1.8743,0.3131
150,stage1,0,0.5939051508903503,0.39724987745285034,0.0,0.5939051508903503,0.0001,0.0,12.852,2.132,0.3134
151,stage1,0,0.5956709384918213,0.43289050459861755,0.0,0.5956709384918213,0.0001,0.0,12.843,1.6532,0.3134
152,stage1,0,0.5032876133918762,0.37222185730934143,0.0,0.5032876133918762,0.0001,0.0,12.839,1.1797,6.9281
153,stage1,0,0.6411533355712891,0.3708318769931793,0.0,0.6411533355712891,0.0001,0.0,12.846,2.1243,0.3128
154,stage1,0,0.5137144923210144,0.3182780146598816,0.0,0.5137144923210144,0.0001,0.0,12.831,1.3915,0.313
155,stage1,0,0.48896482586860657,0.3624209761619568,0.0,0.48896482586860657,0.0001,0.0,12.845,1.8674,0.3137
156,stage1,0,0.5337343215942383,0.3951151967048645,0.0,0.5337343215942383,0.0001,0.0,12.842,1.9101,0.3133
157,stage1,0,0.5205432772636414,0.39053136110305786,0.0,0.5205432772636414,0.0001,0.0,12.846,1.9391,0.3146
158,stage1,0,0.6036456823348999,0.3759155571460724,0.0,0.6036456823348999,0.0001,0.0,12.844,2.0064,0.3125
159,stage1,0,0.4961155354976654,0.369554728269577,0.0,0.4961155354976654,0.0001,0.0,12.836,1.7802,0.314
160,stage1,0,0.559360682964325,0.42014193534851074,0.0,0.559360682964325,0.0001,0.0,12.853,1.987,6.9404
161,stage1,0,0.6204568147659302,0.40270450711250305,0.0,0.6204568147659302,0.0001,0.0,12.84,1.826,0.3133
162,stage1,0,0.48041805624961853,0.3748142719268799,0.0,0.48041805624961853,0.0001,0.0,12.845,1.2336,0.3132
163,stage1,0,0.5716446042060852,0.38311877846717834,0.0,0.5716446042060852,0.0001,0.0,12.847,1.8218,0.3136
164,stage1,0,0.5757980942726135,0.3305536210536957,0.0,0.5757980942726135,0.0001,0.0,12.842,1.8105,0.3137
165,stage1,0,0.48452919721603394,0.31170475482940674,0.0,0.48452919721603394,0.0001,0.0,12.837,1.6015,0.3135
166,stage1,0,0.527500569820404,0.397809237241745,0.0,0.527500569820404,0.0001,0.0,12.844,1.9363,0.3142
167,stage1,0,0.4658055007457733,0.30746155977249146,0.0,0.4658055007457733,0.0001,0.0,12.839,1.6484,0.3143
168,stage1,0,0.5940809845924377,0.3822331726551056,0.0,0.5940809845924377,0.0001,0.0,12.839,2.1005,6.9343
169,stage1,0,0.584440290927887,0.3856255114078522,0.0,0.584440290927887,0.0001,0.0,12.835,2.4256,0.3163
170,stage1,0,0.5397063493728638,0.3759795129299164,0.0,0.5397063493728638,0.0001,0.0,12.843,1.889,0.3136
171,stage1,0,0.5089601874351501,0.3228358030319214,0.0,0.5089601874351501,0.0001,0.0,12.86,1.4372,0.3146
172,stage1,0,0.6551583409309387,0.34596750140190125,0.0,0.6551583409309387,0.0001,0.0,12.839,2.53,0.3137
173,stage1,0,0.5599773526191711,0.31887146830558777,0.0,0.5599773526191711,0.0001,0.0,12.842,2.768,0.3143
174,stage1,0,0.5206932425498962,0.41276872158050537,0.0,0.5206932425498962,0.0001,0.0,12.844,1.9616,0.3141
175,stage1,0,0.5095713138580322,0.28933843970298767,0.0,0.5095713138580322,0.0001,0.0,12.837,1.9426,0.3134
176,stage1,0,0.5092506408691406,0.3329813480377197,0.0,0.5092506408691406,0.0001,0.0,12.836,2.0772,6.8998
177,stage1,0,0.5887377858161926,0.36025309562683105,0.0,0.5887377858161926,0.0001,0.0,12.845,1.8633,0.3117
178,stage1,0,0.5492774248123169,0.35978174209594727,0.0,0.5492774248123169,0.0001,0.0,12.841,2.0291,0.3193
179,stage1,0,0.5634857416152954,0.33772438764572144,0.0,0.5634857416152954,0.0001,0.0,12.843,1.2364,0.3139
180,stage1,0,0.5266652703285217,0.3789997696876526,0.0,0.5266652703285217,0.0001,0.0,12.836,1.2576,0.3134
181,stage1,0,0.5383989214897156,0.36534562706947327,0.0,0.5383989214897156,0.0001,0.0,12.841,2.0988,0.314
182,stage1,0,0.4719626009464264,0.3463349938392639,0.0,0.4719626009464264,0.0001,0.0,12.848,2.0736,0.3143
183,stage1,0,0.4873475432395935,0.38161662220954895,0.0,0.4873475432395935,0.0001,0.0,12.836,1.627,0.3146
184,stage1,0,0.49803104996681213,0.3878847360610962,0.0,0.49803104996681213,0.0001,0.0,12.844,1.524,7.0197
185,stage1,0,0.6095497012138367,0.34142497181892395,0.0,0.6095497012138367,0.0001,0.0,12.848,2.1377,0.3127
186,stage1,0,0.5463704466819763,0.3155669569969177,0.0,0.5463704466819763,0.0001,0.0,12.838,2.2255,0.3141
187,stage1,0,0.4856576919555664,0.35632815957069397,0.0,0.4856576919555664,0.0001,0.0,12.837,2.012,0.3139
188,stage1,0,0.4965716302394867,0.3623490333557129,0.0,0.4965716302394867,0.0001,0.0,12.84,1.8026,0.3136
189,stage1,0,0.5073546171188354,0.3226248323917389,0.0,0.5073546171188354,0.0001,0.0,12.842,1.791,0.3139
190,stage1,0,0.5474063158035278,0.354890376329422,0.0,0.5474063158035278,0.0001,0.0,12.844,1.4891,0.3141
191,stage1,0,0.5389165282249451,0.3865533769130707,0.0,0.5389165282249451,0.0001,0.0,12.85,1.5322,0.3142
192,stage1,0,0.5025167465209961,0.34129858016967773,0.0,0.5025167465209961,0.0001,0.0,12.84,1.6227,7.104
193,stage1,0,0.5629734992980957,0.3494664430618286,0.0,0.5629734992980957,0.0001,0.0,12.837,1.504,0.3126
194,stage1,0,0.45967987179756165,0.3380279839038849,0.0,0.45967987179756165,0.0001,0.0,12.845,1.1264,0.3134
195,stage1,0,0.5608246326446533,0.3945367634296417,0.0,0.5608246326446533,0.0001,0.0,12.844,1.2744,0.3147
196,stage1,0,0.45783889293670654,0.3572680652141571,0.0,0.45783889293670654,0.0001,0.0,12.836,1.4631,0.3139
197,stage1,0,0.5016687512397766,0.3731885254383087,0.0,0.5016687512397766,0.0001,0.0,12.841,2.0383,0.3139
198,stage1,0,0.5216094851493835,0.3518393635749817,0.0,0.5216094851493835,0.0001,0.0,12.839,1.1445,0.3137
199,stage1,0,0.47257545590400696,0.3585583567619324,0.0,0.47257545590400696,0.0001,0.0,12.845,1.1654,0.3142
200,stage1,0,0.46678653359413147,0.3432817757129669,0.0,0.46678653359413147,0.0001,0.0,12.836,1.7039,7.3136
201,stage1,0,0.5741508603096008,0.3295334577560425,0.0,0.5741508603096008,0.0001,0.0,12.844,1.7164,0.3141
202,stage1,0,0.48326805233955383,0.36393600702285767,0.0,0.48326805233955383,0.0001,0.0,12.844,1.2249,0.3146
203,stage1,0,0.5506093502044678,0.2852385640144348,0.0,0.5506093502044678,0.0001,0.0,12.847,1.2535,0.3138
204,stage1,0,0.5392200946807861,0.3681526184082031,0.0,0.5392200946807861,0.0001,0.0,12.851,1.9454,0.3148
205,stage1,0,0.4293210208415985,0.3652910888195038,0.0,0.4293210208415985,0.0001,0.0,12.845,1.6272,0.3136
206,stage1,0,0.5247887969017029,0.35566532611846924,0.0,0.5247887969017029,0.0001,0.0,12.848,1.272,0.314
207,stage1,0,0.5170328617095947,0.35647881031036377,0.0,0.5170328617095947,0.0001,0.0,12.84,1.2534,0.3144
208,stage1,0,0.49571946263313293,0.3616931140422821,0.0,0.49571946263313293,0.0001,0.0,12.847,1.1714,7.0886
209,stage1,0,0.577658474445343,0.35228779911994934,0.0,0.577658474445343,0.0001,0.0,12.84,2.2501,0.3132
210,stage1,0,0.6443130373954773,0.42222994565963745,0.0,0.6443130373954773,0.0001,0.0,12.85,2.6793,0.3142
211,stage1,0,0.5180726647377014,0.33828532695770264,0.0,0.5180726647377014,0.0001,0.0,12.841,1.5893,0.3133
212,stage1,0,0.4895162582397461,0.3524070978164673,0.0,0.4895162582397461,0.0001,0.0,12.846,1.3186,0.3162
213,stage1,0,0.48474276065826416,0.3343179225921631,0.0,0.48474276065826416,0.0001,0.0,12.84,1.768,0.3125
214,stage1,0,0.5347164273262024,0.32509905099868774,0.0,0.5347164273262024,0.0001,0.0,12.846,1.9584,0.3147
215,stage1,0,0.5150444507598877,0.29864564538002014,0.0,0.5150444507598877,0.0001,0.0,12.84,1.5799,0.3139
216,stage1,0,0.46203216910362244,0.36113670468330383,0.0,0.46203216910362244,0.0001,0.0,12.837,0.8812,7.1007
217,stage1,0,0.4862469732761383,0.3402835428714752,0.0,0.4862469732761383,0.0001,0.0,12.833,1.3796,0.3134
218,stage1,0,0.45539772510528564,0.32858484983444214,0.0,0.45539772510528564,0.0001,0.0,12.834,1.8306,0.3136
219,stage1,0,0.45765793323516846,0.36144816875457764,0.0,0.45765793323516846,0.0001,0.0,12.838,1.5016,0.3135
220,stage1,0,0.45279791951179504,0.3684234917163849,0.0,0.45279791951179504,0.0001,0.0,12.844,1.2611,0.3142
221,stage1,0,0.46882668137550354,0.36391374468803406,0.0,0.46882668137550354,0.0001,0.0,12.841,1.3775,0.4591
222,stage1,0,0.46897345781326294,0.34662917256355286,0.0,0.46897345781326294,0.0001,0.0,12.833,1.8528,0.3129
223,stage1,0,0.4903087615966797,0.3160185217857361,0.0,0.4903087615966797,0.0001,0.0,12.835,1.5944,0.3142
224,stage1,0,0.4952933192253113,0.3267873525619507,0.0,0.4952933192253113,0.0001,0.0,12.835,1.1827,6.9003
225,stage1,0,0.5131393074989319,0.3314002752304077,0.0,0.5131393074989319,0.0001,0.0,12.836,1.6784,0.3119
226,stage1,0,0.5332449078559875,0.32711338996887207,0.0,0.5332449078559875,0.0001,0.0,12.844,2.0313,0.3138
227,stage1,0,0.4402671158313751,0.325359582901001,0.0,0.4402671158313751,0.0001,0.0,12.848,1.4089,0.3137
228,stage1,0,0.4950923025608063,0.2779851257801056,0.0,0.4950923025608063,0.0001,0.0,12.845,1.5037,0.3136
229,stage1,0,0.5414097905158997,0.35498592257499695,0.0,0.5414097905158997,0.0001,0.0,12.839,1.8461,0.6269
230,stage1,0,0.4770795404911041,0.3351171910762787,0.0,0.4770795404911041,0.0001,0.0,12.833,1.7689,0.3136
231,stage1,0,0.5531978011131287,0.39299461245536804,0.0,0.5531978011131287,0.0001,0.0,12.837,1.4666,0.3134
232,stage1,0,0.536173403263092,0.3396773338317871,0.0,0.536173403263092,0.0001,0.0,12.84,1.6432,6.6103
233,stage1,0,0.4974571466445923,0.33089733123779297,0.0,0.4974571466445923,0.0001,0.0,12.843,1.7937,0.3219
234,stage1,0,0.5776001811027527,0.3862457871437073,0.0,0.5776001811027527,0.0001,0.0,12.855,1.8052,0.3064
235,stage1,0,0.48247984051704407,0.3505042493343353,0.0,0.48247984051704407,0.0001,0.0,12.839,1.9871,0.3144
236,stage1,0,0.6062728762626648,0.35224008560180664,0.0,0.6062728762626648,0.0001,0.0,12.836,2.3638,0.3136
237,stage1,0,0.4683859944343567,0.31808900833129883,0.0,0.4683859944343567,0.0001,0.0,12.834,1.6006,0.9143
238,stage1,0,0.4568655788898468,0.3253837525844574,0.0,0.4568655788898468,0.0001,0.0,12.834,1.654,0.3131
239,stage1,0,0.4698658585548401,0.33771124482154846,0.0,0.4698658585548401,0.0001,0.0,12.837,1.9062,0.3144
240,stage1,0,0.5641962885856628,0.32661253213882446,0.0,0.5641962885856628,0.0001,0.0,12.839,2.599,6.648
241,stage1,0,0.45194679498672485,0.33417922258377075,0.0,0.45194679498672485,0.0001,0.0,12.841,1.674,0.3131
242,stage1,0,0.5028665661811829,0.35995033383369446,0.0,0.5028665661811829,0.0001,0.0,12.85,2.0891,0.3132
243,stage1,0,0.5035131573677063,0.3423132300376892,0.0,0.5035131573677063,0.0001,0.0,12.847,2.6197,0.3129
244,stage1,0,0.5038332343101501,0.32817521691322327,0.0,0.5038332343101501,0.0001,0.0,12.843,2.0731,0.3142
245,stage1,0,0.4686295986175537,0.3368569314479828,0.0,0.4686295986175537,0.0001,0.0,12.838,1.3928,0.7067
246,stage1,0,0.45493030548095703,0.3653348684310913,0.0,0.45493030548095703,0.0001,0.0,12.849,1.3309,0.3134
247,stage1,0,0.4956555664539337,0.37278950214385986,0.0,0.4956555664539337,0.0001,0.0,12.844,1.7297,0.3149
248,stage1,0,0.5520823001861572,0.36614876985549927,0.0,0.5520823001861572,0.0001,0.0,12.841,2.3379,6.8178
249,stage1,0,0.5932690501213074,0.3439394235610962,0.0,0.5932690501213074,0.0001,0.0,12.843,2.3138,0.3925
250,stage1,0,0.5289233326911926,0.3547886312007904,0.0,0.5289233326911926,0.0001,0.0,12.847,1.1506,0.3132
251,stage1,0,0.5052918791770935,0.29605913162231445,0.0,0.5052918791770935,0.0001,0.0,12.85,2.1163,0.3146
252,stage1,0,0.54729163646698,0.3098406195640564,0.0,0.54729163646698,0.0001,0.0,12.837,1.9553,0.3159
253,stage1,0,0.47675999999046326,0.31166380643844604,0.0,0.47675999999046326,0.0001,0.0,12.842,2.0335,0.5902
254,stage1,0,0.4324829876422882,0.32415372133255005,0.0,0.4324829876422882,0.0001,0.0,12.845,1.3874,0.3136
255,stage1,0,0.47445395588874817,0.3492482304573059,0.0,0.47445395588874817,0.0001,0.0,12.85,1.6706,0.3147
256,stage1,0,0.4737411141395569,0.3172203302383423,0.0,0.4737411141395569,0.0001,0.0,12.845,1.4501,6.8161
257,stage1,0,0.5246243476867676,0.35434913635253906,0.0,0.5246243476867676,0.0001,0.0,12.843,1.5607,0.6164
258,stage1,0,0.47521281242370605,0.36084455251693726,0.0,0.47521281242370605,0.0001,0.0,12.837,1.5559,0.3124
259,stage1,0,0.5533233880996704,0.31245070695877075,0.0,0.5533233880996704,0.0001,0.0,12.85,1.6718,0.314
260,stage1,0,0.5767444372177124,0.3834623694419861,0.0,0.5767444372177124,0.0001,0.0,12.843,1.2016,0.3136
261,stage1,0,0.4524426758289337,0.35398411750793457,0.0,0.4524426758289337,0.0001,0.0,12.842,1.2647,0.4299
262,stage1,0,0.5067942142486572,0.37902235984802246,0.0,0.5067942142486572,0.0001,0.0,12.846,1.8426,0.3143
263,stage1,0,0.43137770891189575,0.3684532046318054,0.0,0.43137770891189575,0.0001,0.0,12.856,1.7266,0.3143
264,stage1,0,0.47998419404029846,0.3569240868091583,0.0,0.47998419404029846,0.0001,0.0,12.858,1.1984,6.8162
265,stage1,0,0.5084759593009949,0.3575942814350128,0.0,0.5084759593009949,0.0001,0.0,12.843,1.4138,0.5349
266,stage1,0,0.4734393060207367,0.34496545791625977,0.0,0.4734393060207367,0.0001,0.0,12.847,2.1958,0.3128
267,stage1,0,0.5067881345748901,0.3695477247238159,0.0,0.5067881345748901,0.0001,0.0,12.846,1.4688,0.3138
268,stage1,0,0.4331311583518982,0.3308865427970886,0.0,0.4331311583518982,0.0001,0.0,12.846,1.0294,0.3143
269,stage1,0,0.4796636700630188,0.3387610614299774,0.0,0.4796636700630188,0.0001,0.0,12.844,2.5721,0.4346
270,stage1,0,0.5152801275253296,0.3458186686038971,0.0,0.5152801275253296,0.0001,0.0,12.85,2.345,0.315
271,stage1,0,0.4931919574737549,0.3572908043861389,0.0,0.4931919574737549,0.0001,0.0,12.846,1.2095,0.3182
272,stage1,0,0.46927985548973083,0.38490304350852966,0.0,0.46927985548973083,0.0001,0.0,12.846,1.6891,6.9786
273,stage1,0,0.5123125910758972,0.3154353201389313,0.0,0.5123125910758972,0.0001,0.0,12.84,2.1368,0.5206
274,stage1,0,0.5244097709655762,0.3475942313671112,0.0,0.5244097709655762,0.0001,0.0,12.852,1.5317,0.3228
275,stage1,0,0.45989447832107544,0.36146900057792664,0.0,0.45989447832107544,0.0001,0.0,12.843,1.2128,0.3153
276,stage1,0,0.5474207401275635,0.35439610481262207,0.0,0.5474207401275635,0.0001,0.0,12.841,1.8006,0.319
277,stage1,0,0.5213938355445862,0.32682257890701294,0.0,0.5213938355445862,0.0001,0.0,12.845,1.8021,0.6686
278,stage1,0,0.4534461200237274,0.3635263442993164,0.0,0.4534461200237274,0.0001,0.0,12.849,1.8156,0.3139
279,stage1,0,0.45659080147743225,0.3325648605823517,0.0,0.45659080147743225,0.0001,0.0,12.838,1.1916,0.3126
280,stage1,0,0.5429678559303284,0.3066995143890381,0.0,0.5429678559303284,0.0001,0.0,12.844,1.6278,6.5972
281,stage1,0,0.4868503510951996,0.32539623975753784,0.0,0.4868503510951996,0.0001,0.0,12.846,1.3557,0.7194
282,stage1,0,0.4732005000114441,0.3162130117416382,0.0,0.4732005000114441,0.0001,0.0,12.836,1.4351,0.3187
283,stage1,0,0.4410713315010071,0.3157963454723358,0.0,0.4410713315010071,0.0001,0.0,12.843,1.0815,0.3284
284,stage1,0,0.47469452023506165,0.3212756812572479,0.0,0.47469452023506165,0.0001,0.0,12.834,1.2776,0.3377
285,stage1,0,0.5288048386573792,0.2984143793582916,0.0,0.5288048386573792,0.0001,0.0,12.844,1.9897,0.5753
286,stage1,0,0.48899924755096436,0.3108724355697632,0.0,0.48899924755096436,0.0001,0.0,12.841,1.5109,0.3258
287,stage1,0,0.4634176790714264,0.33938202261924744,0.0,0.4634176790714264,0.0001,0.0,12.834,1.3339,0.3385
288,stage1,0,0.5002318024635315,0.33755868673324585,0.0,0.5002318024635315,0.0001,0.0,12.842,1.6293,6.7757
289,stage1,0,0.47056758403778076,0.35618168115615845,0.0,0.47056758403778076,0.0001,0.0,12.84,1.3294,0.9944
290,stage1,0,0.48030880093574524,0.3245919346809387,0.0,0.48030880093574524,0.0001,0.0,12.848,1.3021,0.33
291,stage1,0,0.5044630169868469,0.35890963673591614,0.0,0.5044630169868469,0.0001,0.0,12.841,2.245,0.3344
292,stage1,0,0.4707661271095276,0.3296230435371399,0.0,0.4707661271095276,0.0001,0.0,12.844,1.8782,0.3358
293,stage1,0,0.39812004566192627,0.3098548650741577,0.0,0.39812004566192627,0.0001,0.0,12.856,1.2625,0.4207
294,stage1,0,0.47954341769218445,0.3293547034263611,0.0,0.47954341769218445,0.0001,0.0,12.847,1.2838,0.3342
295,stage1,0,0.42991769313812256,0.3452170491218567,0.0,0.42991769313812256,0.0001,0.0,12.848,1.5184,0.3208
296,stage1,0,0.4921218752861023,0.3269432485103607,0.0,0.4921218752861023,0.0001,0.0,12.853,2.0626,6.7631
297,stage1,0,0.4630588889122009,0.3320809006690979,0.0,0.4630588889122009,0.0001,0.0,12.841,1.5209,0.5471
298,stage1,0,0.43301522731781006,0.3237183392047882,0.0,0.43301522731781006,0.0001,0.0,12.851,1.1547,0.3266
299,stage1,0,0.4471244215965271,0.3325924277305603,0.0,0.4471244215965271,0.0001,0.0,12.847,1.7613,0.3288
300,stage1,0,0.4825270473957062,0.34944191575050354,0.0,0.4825270473957062,0.0001,0.0,12.849,1.9684,0.3233
301,stage1,0,0.4270765483379364,0.2990148365497589,0.0,0.4270765483379364,0.0001,0.0,12.838,1.3845,0.8224
302,stage1,0,0.49598249793052673,0.3021879494190216,0.0,0.49598249793052673,0.0001,0.0,12.838,1.8238,0.3275
303,stage1,0,0.48402804136276245,0.36031365394592285,0.0,0.48402804136276245,0.0001,0.0,12.844,1.4803,0.3316
304,stage1,0,0.5063609480857849,0.3579157888889313,0.0,0.5063609480857849,0.0001,0.0,12.839,1.8513,6.471
305,stage1,0,0.481080561876297,0.3157168924808502,0.0,0.481080561876297,0.0001,0.0,12.851,1.9885,0.3872
306,stage1,0,0.3629944324493408,0.3130871653556824,0.0,0.3629944324493408,0.0001,0.0,12.839,1.0647,0.3193
307,stage1,0,0.42768874764442444,0.32692965865135193,0.0,0.42768874764442444,0.0001,0.0,12.857,1.358,0.3142
308,stage1,0,0.5389559864997864,0.29409828782081604,0.0,0.5389559864997864,0.0001,0.0,12.842,2.1456,0.32
309,stage1,0,0.5291813611984253,0.3101392090320587,0.0,0.5291813611984253,0.0001,0.0,12.852,1.6697,1.0369
310,stage1,0,0.5085817575454712,0.38007181882858276,0.0,0.5085817575454712,0.0001,0.0,12.846,1.3428,0.3147
311,stage1,0,0.5184509754180908,0.3007655441761017,0.0,0.5184509754180908,0.0001,0.0,12.849,1.8031,0.315
312,stage1,0,0.4785444438457489,0.3098151683807373,0.0,0.4785444438457489,0.0001,0.0,12.841,1.9599,6.3496
313,stage1,0,0.45751360058784485,0.3118000030517578,0.0,0.45751360058784485,0.0001,0.0,12.838,1.8137,0.3161
314,stage1,0,0.4442733824253082,0.30045652389526367,0.0,0.4442733824253082,0.0001,0.0,12.838,1.1565,0.3248
315,stage1,0,0.5277715921401978,0.33436116576194763,0.0,0.5277715921401978,0.0001,0.0,12.843,1.4835,0.3357
316,stage1,0,0.5306848883628845,0.3418915569782257,0.0,0.5306848883628845,0.0001,0.0,12.854,2.1234,0.3253
317,stage1,0,0.45651185512542725,0.29989996552467346,0.0,0.45651185512542725,0.0001,0.0,12.841,1.7,1.3362
318,stage1,0,0.43634772300720215,0.32456907629966736,0.0,0.43634772300720215,0.0001,0.0,12.839,1.0675,0.3129
319,stage1,0,0.39720505475997925,0.29914969205856323,0.0,0.39720505475997925,0.0001,0.0,12.844,1.2441,0.3145
320,stage1,0,0.5242862701416016,0.33347412943840027,0.0,0.5242862701416016,0.0001,0.0,12.849,1.5047,6.3645
321,stage1,0,0.4331149160861969,0.3216632902622223,0.0,0.4331149160861969,0.0001,0.0,12.839,1.2877,0.3279
322,stage1,0,0.5393170714378357,0.37165558338165283,0.0,0.5393170714378357,0.0001,0.0,12.846,1.7637,0.3254
323,stage1,0,0.4804864525794983,0.36188697814941406,0.0,0.4804864525794983,0.0001,0.0,12.838,1.4337,0.3283
324,stage1,0,0.41051599383354187,0.32547304034233093,0.0,0.41051599383354187,0.0001,0.0,12.848,0.8657,0.3285
325,stage1,0,0.5173690915107727,0.4063836336135864,0.0,0.5173690915107727,0.0001,0.0,12.828,1.2137,1.325
326,stage1,0,0.4752766788005829,0.3060446083545685,0.0,0.4752766788005829,0.0001,0.0,12.833,1.7183,0.3192
327,stage1,0,0.4953135550022125,0.35774311423301697,0.0,0.4953135550022125,0.0001,0.0,12.837,1.5058,0.3198
328,stage1,0,0.43595054745674133,0.32696324586868286,0.0,0.43595054745674133,0.0001,0.0,12.84,1.3468,6.5105
329,stage1,0,0.5730932354927063,0.36794334650039673,0.0,0.5730932354927063,0.0001,0.0,12.84,1.3274,0.318
330,stage1,0,0.5158543586730957,0.3381127417087555,0.0,0.5158543586730957,0.0001,0.0,12.85,1.6215,0.3408
331,stage1,0,0.4878700375556946,0.3411440849304199,0.0,0.4878700375556946,0.0001,0.0,12.848,1.6063,0.3401
332,stage1,0,0.4922957420349121,0.32889777421951294,0.0,0.4922957420349121,0.0001,0.0,12.844,1.6241,0.3378
333,stage1,0,0.4777781367301941,0.29179152846336365,0.0,0.4777781367301941,0.0001,0.0,12.853,1.788,1.4019
334,stage1,0,0.47190746665000916,0.3583835959434509,0.0,0.47190746665000916,0.0001,0.0,12.851,1.4345,0.3139
335,stage1,0,0.4646524488925934,0.3256251811981201,0.0,0.4646524488925934,0.0001,0.0,12.86,1.9773,0.3139
336,stage1,0,0.4775584638118744,0.30622830986976624,0.0,0.4775584638118744,0.0001,0.0,12.842,1.6011,5.9396
337,stage1,0,0.47838279604911804,0.35662567615509033,0.0,0.47838279604911804,0.0001,0.0,12.844,1.2938,0.3129
338,stage1,0,0.5272539854049683,0.28320080041885376,0.0,0.5272539854049683,0.0001,0.0,12.852,1.6749,0.3133
339,stage1,0,0.48460623621940613,0.35916584730148315,0.0,0.48460623621940613,0.0001,0.0,12.853,1.6811,0.3145
340,stage1,0,0.4673771560192108,0.31850627064704895,0.0,0.4673771560192108,0.0001,0.0,12.843,1.4211,0.3139
341,stage1,0,0.4471685588359833,0.30566084384918213,0.0,0.4471685588359833,0.0001,0.0,12.849,1.4979,1.124
342,stage1,0,0.5006577968597412,0.3664996325969696,0.0,0.5006577968597412,0.0001,0.0,12.848,1.6521,0.3133
343,stage1,0,0.48078256845474243,0.3167431354522705,0.0,0.48078256845474243,0.0001,0.0,12.842,1.4244,0.3135
344,stage1,0,0.4826837480068207,0.29986563324928284,0.0,0.4826837480068207,0.0001,0.0,12.846,1.2901,6.151
345,stage1,0,0.4816838800907135,0.3331682085990906,0.0,0.4816838800907135,0.0001,0.0,12.842,1.5392,0.3128
346,stage1,0,0.4445796310901642,0.31547388434410095,0.0,0.4445796310901642,0.0001,0.0,12.841,1.3398,0.3134
347,stage1,0,0.43571969866752625,0.27378711104393005,0.0,0.43571969866752625,0.0001,0.0,12.843,1.3749,0.313
348,stage1,0,0.5189794898033142,0.3671519160270691,0.0,0.5189794898033142,0.0001,0.0,12.844,1.9859,0.3139
349,stage1,0,0.43819642066955566,0.3088555634021759,0.0,0.43819642066955566,0.0001,0.0,12.836,1.1368,1.2682
350,stage1,0,0.4882027208805084,0.35210859775543213,0.0,0.4882027208805084,0.0001,0.0,12.846,1.72,0.3135
351,stage1,0,0.47202736139297485,0.3331112861633301,0.0,0.47202736139297485,0.0001,0.0,12.842,1.3684,0.3136
352,stage1,0,0.455909788608551,0.29314905405044556,0.0,0.455909788608551,0.0001,0.0,12.833,1.2841,6.3341
353,stage1,0,0.4661036431789398,0.31783363223075867,0.0,0.4661036431789398,0.0001,0.0,12.843,1.2533,0.3135
354,stage1,0,0.4838366210460663,0.30263394117355347,0.0,0.4838366210460663,0.0001,0.0,12.846,1.3161,0.3132
355,stage1,0,0.4595247805118561,0.3116263151168823,0.0,0.4595247805118561,0.0001,0.0,12.849,1.7125,0.3139
356,stage1,0,0.4765602946281433,0.35673025250434875,0.0,0.4765602946281433,0.0001,0.0,12.855,1.7548,0.3141
357,stage1,0,0.4932914674282074,0.3363637924194336,0.0,0.4932914674282074,0.0001,0.0,12.841,1.4422,0.8508
358,stage1,0,0.5107992887496948,0.3319564461708069,0.0,0.5107992887496948,0.0001,0.0,12.845,1.102,0.3144
359,stage1,0,0.4497973620891571,0.3221907913684845,0.0,0.4497973620891571,0.0001,0.0,12.845,2.2368,0.3139
360,stage1,0,0.4936007261276245,0.3535310626029968,0.0,0.4936007261276245,0.0001,0.0,12.851,1.9564,6.2673
361,stage1,0,0.48100751638412476,0.33014437556266785,0.0,0.48100751638412476,0.0001,0.0,12.845,1.2361,0.3137
362,stage1,0,0.4198601245880127,0.3349462151527405,0.0,0.4198601245880127,0.0001,0.0,12.838,1.1301,0.3137
363,stage1,0,0.47037217020988464,0.31129440665245056,0.0,0.47037217020988464,0.0001,0.0,12.851,1.9629,0.314
364,stage1,0,0.47376319766044617,0.30912044644355774,0.0,0.47376319766044617,0.0001,0.0,12.836,2.082,0.3144
365,stage1,0,0.4404860734939575,0.3007197976112366,0.0,0.4404860734939575,0.0001,0.0,12.838,1.4763,1.0196
366,stage1,0,0.4711158275604248,0.3291652798652649,0.0,0.4711158275604248,0.0001,0.0,12.847,1.3175,0.3137
367,stage1,0,0.4568233788013458,0.3566218316555023,0.0,0.4568233788013458,0.0001,0.0,12.846,1.6751,0.3143
368,stage1,0,0.4989842474460602,0.3385825753211975,0.0,0.4989842474460602,0.0001,0.0,12.84,1.9141,6.0973
369,stage1,0,0.4862450063228607,0.32982155680656433,0.0,0.4862450063228607,0.0001,0.0,12.848,1.8285,0.3133
370,stage1,0,0.5067824721336365,0.3456292450428009,0.0,0.5067824721336365,0.0001,0.0,12.849,1.6262,0.313
371,stage1,0,0.43308934569358826,0.3078958988189697,0.0,0.43308934569358826,0.0001,0.0,12.845,1.2409,0.314
372,stage1,0,0.5151398777961731,0.3009428083896637,0.0,0.5151398777961731,0.0001,0.0,12.836,2.0794,0.314
373,stage1,0,0.44841107726097107,0.31645146012306213,0.0,0.44841107726097107,0.0001,0.0,12.843,1.7112,1.1155
374,stage1,0,0.48509451746940613,0.27572035789489746,0.0,0.48509451746940613,0.0001,0.0,12.847,1.1277,0.3138
375,stage1,0,0.467952162027359,0.32987961173057556,0.0,0.467952162027359,0.0001,0.0,12.833,1.5997,0.3143
376,stage1,0,0.4523400068283081,0.31594836711883545,0.0,0.4523400068283081,0.0001,0.0,12.831,1.6255,5.8495
377,stage1,0,0.5438969731330872,0.37008196115493774,0.0,0.5438969731330872,0.0001,0.0,12.841,1.8213,0.314
378,stage1,0,0.4976944923400879,0.34073325991630554,0.0,0.4976944923400879,0.0001,0.0,12.841,2.0071,0.3138
379,stage1,0,0.4068956673145294,0.3296748697757721,0.0,0.4068956673145294,0.0001,0.0,12.836,1.7738,0.314
380,stage1,0,0.4638349115848541,0.3191837966442108,0.0,0.4638349115848541,0.0001,0.0,12.846,1.7782,0.3141
381,stage1,0,0.3909851014614105,0.31615036725997925,0.0,0.3909851014614105,0.0001,0.0,12.843,1.186,1.1968
382,stage1,0,0.5231350064277649,0.3231731951236725,0.0,0.5231350064277649,0.0001,0.0,12.837,2.0076,0.314
383,stage1,0,0.4430006146430969,0.2991226017475128,0.0,0.4430006146430969,0.0001,0.0,12.846,1.5366,0.3136
384,stage1,0,0.4464881420135498,0.3295491635799408,0.0,0.4464881420135498,0.0001,0.0,12.841,1.2482,5.8286
385,stage1,0,0.47166013717651367,0.2965497076511383,0.0,0.47166013717651367,0.0001,0.0,12.835,1.3486,0.3132
386,stage1,0,0.5367444157600403,0.3292391300201416,0.0,0.5367444157600403,0.0001,0.0,12.841,2.1802,0.3614
387,stage1,0,0.47795891761779785,0.3143860995769501,0.0,0.47795891761779785,0.0001,0.0,12.852,1.6174,0.3131
388,stage1,0,0.5121604800224304,0.3494924306869507,0.0,0.5121604800224304,0.0001,0.0,12.843,1.689,0.3139
389,stage1,0,0.4744793474674225,0.3234752416610718,0.0,0.4744793474674225,0.0001,0.0,12.846,1.6958,1.294
390,stage1,0,0.43974483013153076,0.30385544896125793,0.0,0.43974483013153076,0.0001,0.0,12.837,1.257,0.3137
391,stage1,0,0.43690580129623413,0.3563535809516907,0.0,0.43690580129623413,0.0001,0.0,12.846,1.6276,0.3142
392,stage1,0,0.5424822568893433,0.32138073444366455,0.0,0.5424822568893433,0.0001,0.0,12.849,1.6396,5.652
393,stage1,0,0.3827155530452728,0.329865038394928,0.0,0.3827155530452728,0.0001,0.0,12.845,1.6752,0.3125
394,stage1,0,0.42145371437072754,0.30491557717323303,0.0,0.42145371437072754,0.0001,0.0,12.847,1.3436,0.7378
395,stage1,0,0.4779777526855469,0.3303591012954712,0.0,0.4779777526855469,0.0001,0.0,12.843,1.3841,0.3139
396,stage1,0,0.4357599914073944,0.3379656970500946,0.0,0.4357599914073944,0.0001,0.0,12.84,0.9303,0.3145
397,stage1,0,0.39249709248542786,0.338164359331131,0.0,0.39249709248542786,0.0001,0.0,12.839,1.4791,0.9903
398,stage1,0,0.43895089626312256,0.3103141784667969,0.0,0.43895089626312256,0.0001,0.0,12.846,1.6263,0.3137
399,stage1,0,0.44095197319984436,0.2965819835662842,0.0,0.44095197319984436,0.0001,0.0,12.854,1.9969,0.3138
400,stage1,0,0.45135003328323364,0.29614490270614624,0.0,0.45135003328323364,0.0001,0.0,12.84,1.3242,5.7285
401,stage1,0,0.538966953754425,0.3469342887401581,0.0,0.538966953754425,0.0001,0.0,12.847,1.3936,0.3134
402,stage1,0,0.43458715081214905,0.3257654905319214,0.0,0.43458715081214905,0.0001,0.0,12.849,1.4752,0.9462
403,stage1,0,0.4146485924720764,0.29193487763404846,0.0,0.4146485924720764,0.0001,0.0,12.852,1.9769,0.3131
404,stage1,0,0.4295141100883484,0.3262125551700592,0.0,0.4295141100883484,0.0001,0.0,12.842,1.7381,0.3137
405,stage1,0,0.4882930517196655,0.3152671456336975,0.0,0.4882930517196655,0.0001,0.0,12.847,1.1373,0.6234
406,stage1,0,0.46282169222831726,0.3166967034339905,0.0,0.46282169222831726,0.0001,0.0,12.848,1.3731,0.3132
407,stage1,0,0.47149255871772766,0.3522300124168396,0.0,0.47149255871772766,0.0001,0.0,12.856,2.4539,0.314
408,stage1,0,0.3956926167011261,0.2887090742588043,0.0,0.3956926167011261,0.0001,0.0,12.846,1.191,5.816
409,stage1,0,0.5350004434585571,0.31913334131240845,0.0,0.5350004434585571,0.0001,0.0,12.843,1.7732,0.3132
410,stage1,0,0.5010098218917847,0.30105793476104736,0.0,0.5010098218917847,0.0001,0.0,12.851,1.3134,1.0805
411,stage1,0,0.4872839152812958,0.29626575112342834,0.0,0.4872839152812958,0.0001,0.0,12.845,1.834,0.3137
412,stage1,0,0.48818516731262207,0.32813766598701477,0.0,0.48818516731262207,0.0001,0.0,12.835,1.1641,0.3133
413,stage1,0,0.5185360312461853,0.331039160490036,0.0,0.5185360312461853,0.0001,0.0,12.842,1.6144,0.398
414,stage1,0,0.4443328082561493,0.3166242241859436,0.0,0.4443328082561493,0.0001,0.0,12.839,1.1255,0.3135
415,stage1,0,0.5156775116920471,0.33503687381744385,0.0,0.5156775116920471,0.0001,0.0,12.844,1.6467,0.3141
416,stage1,0,0.47411176562309265,0.3366122245788574,0.0,0.47411176562309265,0.0001,0.0,12.84,1.7059,6.1438
417,stage1,0,0.4764728844165802,0.2949896454811096,0.0,0.4764728844165802,0.0001,0.0,12.841,1.3735,0.3141
418,stage1,0,0.36853650212287903,0.31303054094314575,0.0,0.36853650212287903,0.0001,0.0,12.845,1.3068,0.9608
419,stage1,0,0.45749932527542114,0.3073907792568207,0.0,0.45749932527542114,0.0001,0.0,12.842,1.9254,0.3133
420,stage1,0,0.47208139300346375,0.3198575973510742,0.0,0.47208139300346375,0.0001,0.0,12.849,1.706,0.3136
421,stage1,0,0.489391028881073,0.3068390488624573,0.0,0.489391028881073,0.0001,0.0,12.831,1.1308,0.3133
422,stage1,0,0.44959694147109985,0.3019735515117645,0.0,0.44959694147109985,0.0001,0.0,12.839,1.5017,0.3142
423,stage1,0,0.41250261664390564,0.3242271840572357,0.0,0.41250261664390564,0.0001,0.0,12.837,1.8717,0.3137
424,stage1,0,0.4693467915058136,0.3572946786880493,0.0,0.4693467915058136,0.0001,0.0,12.841,1.3634,6.1733
425,stage1,0,0.47450247406959534,0.34558263421058655,0.0,0.47450247406959534,0.0001,0.0,12.845,1.4071,0.313
426,stage1,0,0.4446582496166229,0.2856055200099945,0.0,0.4446582496166229,0.0001,0.0,12.835,1.3474,1.2163
427,stage1,0,0.4807472825050354,0.2841910123825073,0.0,0.4807472825050354,0.0001,0.0,12.839,1.606,0.3141
428,stage1,0,0.46130654215812683,0.311130553483963,0.0,0.46130654215812683,0.0001,0.0,12.84,1.898,0.3136
429,stage1,0,0.39238426089286804,0.3215102255344391,0.0,0.39238426089286804,0.0001,0.0,12.844,1.0246,0.3132
430,stage1,0,0.4466351568698883,0.30742523074150085,0.0,0.4466351568698883,0.0001,0.0,12.846,1.302,0.3139
431,stage1,0,0.43459251523017883,0.3280709981918335,0.0,0.43459251523017883,0.0001,0.0,12.834,1.3691,0.3144
432,stage1,0,0.44876840710639954,0.31003624200820923,0.0,0.44876840710639954,0.0001,0.0,12.848,1.9802,6.1979
433,stage1,0,0.39054229855537415,0.3422059416770935,0.0,0.39054229855537415,0.0001,0.0,12.841,1.3169,0.3124
434,stage1,0,0.4697142243385315,0.3328199088573456,0.0,0.4697142243385315,0.0001,0.0,12.838,1.1799,1.1632
435,stage1,0,0.47798582911491394,0.29939115047454834,0.0,0.47798582911491394,0.0001,0.0,12.854,1.5353,0.3136
436,stage1,0,0.5002657175064087,0.3419148623943329,0.0,0.5002657175064087,0.0001,0.0,12.838,1.6064,0.314
437,stage1,0,0.4262009561061859,0.32439151406288147,0.0,0.4262009561061859,0.0001,0.0,12.848,0.8666,0.3139
438,stage1,0,0.4783501923084259,0.3316580057144165,0.0,0.4783501923084259,0.0001,0.0,12.84,1.2408,0.3139
439,stage1,0,0.4924136698246002,0.3346826732158661,0.0,0.4924136698246002,0.0001,0.0,12.846,1.308,0.3145
440,stage1,0,0.4560602903366089,0.32170775532722473,0.0,0.4560602903366089,0.0001,0.0,12.835,1.3296,6.0324
441,stage1,0,0.4791547358036041,0.3239384889602661,0.0,0.4791547358036041,0.0001,0.0,12.846,0.9606,0.3134
442,stage1,0,0.4894334077835083,0.3202492594718933,0.0,0.4894334077835083,0.0001,0.0,12.855,1.418,1.136
443,stage1,0,0.46344420313835144,0.3113219738006592,0.0,0.46344420313835144,0.0001,0.0,12.844,1.8697,0.3166
444,stage1,0,0.37406837940216064,0.3319809138774872,0.0,0.37406837940216064,0.0001,0.0,12.841,1.218,0.3126
445,stage1,0,0.5424404740333557,0.3337642252445221,0.0,0.5424404740333557,0.0001,0.0,12.848,2.2363,0.3142
446,stage1,0,0.5069518685340881,0.30606839060783386,0.0,0.5069518685340881,0.0001,0.0,12.856,1.4107,0.314
447,stage1,0,0.5087212920188904,0.31027713418006897,0.0,0.5087212920188904,0.0001,0.0,12.848,1.1786,0.3138
448,stage1,0,0.4791904389858246,0.32880762219429016,0.0,0.4791904389858246,0.0001,0.0,12.841,1.3966,5.9629
449,stage1,0,0.4418421983718872,0.28268539905548096,0.0,0.4418421983718872,0.0001,0.0,12.84,1.7018,0.3129
450,stage1,0,0.4859697222709656,0.2914389669895172,0.0,0.4859697222709656,0.0001,0.0,12.847,1.5924,1.372
451,stage1,0,0.42703863978385925,0.3031577169895172,0.0,0.42703863978385925,0.0001,0.0,12.842,1.0348,0.3138
452,stage1,0,0.502734363079071,0.31143778562545776,0.0,0.502734363079071,0.0001,0.0,12.846,1.0367,0.3133
453,stage1,0,0.4640466272830963,0.3001209795475006,0.0,0.4640466272830963,0.0001,0.0,12.85,1.8496,0.3148
454,stage1,0,0.504466712474823,0.3107101619243622,0.0,0.504466712474823,0.0001,0.0,12.848,1.5331,0.3141
455,stage1,0,0.45179301500320435,0.32726234197616577,0.0,0.45179301500320435,0.0001,0.0,12.848,2.2791,0.3138
456,stage1,0,0.42474111914634705,0.2975734770298004,0.0,0.42474111914634705,0.0001,0.0,12.844,1.2035,5.7621
457,stage1,0,0.42872801423072815,0.33066365122795105,0.0,0.42872801423072815,0.0001,0.0,12.844,1.409,0.3131
458,stage1,0,0.5232848525047302,0.3073471784591675,0.0,0.5232848525047302,0.0001,0.0,12.846,2.0829,1.3151
459,stage1,0,0.4915178418159485,0.32781803607940674,0.0,0.4915178418159485,0.0001,0.0,12.837,1.9162,0.3139
460,stage1,0,0.48650243878364563,0.29360294342041016,0.0,0.48650243878364563,0.0001,0.0,12.847,1.7258,0.314
461,stage1,0,0.4411444664001465,0.3173943758010864,0.0,0.4411444664001465,0.0001,0.0,12.838,1.3648,0.3135
462,stage1,0,0.43610548973083496,0.3616933524608612,0.0,0.43610548973083496,0.0001,0.0,12.836,1.4172,0.3142
463,stage1,0,0.5067148804664612,0.34649237990379333,0.0,0.5067148804664612,0.0001,0.0,12.839,2.2067,0.3146
464,stage1,0,0.5354484915733337,0.32862356305122375,0.0,0.5354484915733337,0.0001,0.0,12.849,1.9167,6.2467
465,stage1,0,0.455121248960495,0.35163405537605286,0.0,0.455121248960495,0.0001,0.0,12.852,1.4873,0.3129
466,stage1,0,0.39101317524909973,0.3249295651912689,0.0,0.39101317524909973,0.0001,0.0,12.849,1.8188,0.8653
467,stage1,0,0.5013953447341919,0.34813186526298523,0.0,0.5013953447341919,0.0001,0.0,12.852,2.0788,0.3129
468,stage1,0,0.4391120970249176,0.3428456783294678,0.0,0.4391120970249176,0.0001,0.0,12.844,1.3263,0.3144
469,stage1,0,0.5025425553321838,0.27081602811813354,0.0,0.5025425553321838,0.0001,0.0,12.845,2.126,0.3142
470,stage1,0,0.44802141189575195,0.2843470275402069,0.0,0.44802141189575195,0.0001,0.0,12.846,2.2013,0.3133
471,stage1,0,0.48577049374580383,0.3012096583843231,0.0,0.48577049374580383,0.0001,0.0,12.848,1.4654,0.3135
472,stage1,0,0.4474366307258606,0.3374827206134796,0.0,0.4474366307258606,0.0001,0.0,12.854,2.0152,6.4688
473,stage1,0,0.43283575773239136,0.33307716250419617,0.0,0.43283575773239136,0.0001,0.0,12.846,2.5967,0.3132
474,stage1,0,0.45900648832321167,0.3126339316368103,0.0,0.45900648832321167,0.0001,0.0,12.846,1.2982,0.5725
475,stage1,0,0.4023081660270691,0.34158650040626526,0.0,0.4023081660270691,0.0001,0.0,12.85,1.8506,0.3165
476,stage1,0,0.44385650753974915,0.30090466141700745,0.0,0.44385650753974915,0.0001,0.0,12.849,1.2941,0.3139
477,stage1,0,0.45525187253952026,0.2764536440372467,0.0,0.45525187253952026,0.0001,0.0,12.847,1.4576,0.3133
478,stage1,0,0.44672563672065735,0.28048786520957947,0.0,0.44672563672065735,0.0001,0.0,12.841,1.903,0.3151
479,stage1,0,0.446776807308197,0.31322285532951355,0.0,0.446776807308197,0.0001,0.0,12.848,2.3743,0.3139
480,stage1,0,0.425642728805542,0.3349687159061432,0.0,0.425642728805542,0.0001,0.0,12.844,1.4601,6.8468
481,stage1,0,0.3859233260154724,0.26907700300216675,0.0,0.3859233260154724,0.0001,0.0,12.853,1.0752,0.3186
482,stage1,0,0.446257621049881,0.34729132056236267,0.0,0.446257621049881,0.0001,0.0,12.85,2.1294,0.3124
483,stage1,0,0.4515199661254883,0.24485504627227783,0.0,0.4515199661254883,0.0001,0.0,12.853,1.3951,0.3133
484,stage1,0,0.4387018084526062,0.3180263638496399,0.0,0.4387018084526062,0.0001,0.0,12.855,1.8491,0.3139
485,stage1,0,0.5180518627166748,0.3024243414402008,0.0,0.5180518627166748,0.0001,0.0,12.845,1.3408,0.3141
486,stage1,0,0.4647423028945923,0.3535677492618561,0.0,0.4647423028945923,0.0001,0.0,12.847,1.2515,0.314
487,stage1,0,0.4094879925251007,0.3254871964454651,0.0,0.4094879925251007,0.0001,0.0,12.841,1.1528,0.3141
488,stage1,0,0.4147421419620514,0.31793642044067383,0.0,0.4147421419620514,0.0001,0.0,12.846,1.434,7.3321
489,stage1,0,0.46826884150505066,0.3405350148677826,0.0,0.46826884150505066,0.0001,0.0,12.846,1.4791,0.3135
490,stage1,0,0.4494776427745819,0.2956593632698059,0.0,0.4494776427745819,0.0001,0.0,12.841,1.6146,0.3185
491,stage1,0,0.4943842887878418,0.33008506894111633,0.0,0.4943842887878418,0.0001,0.0,12.842,1.4428,0.3129
492,stage1,0,0.4499850571155548,0.33159443736076355,0.0,0.4499850571155548,0.0001,0.0,12.845,1.2679,0.314
493,stage1,0,0.5214937925338745,0.30493369698524475,0.0,0.5214937925338745,0.0001,0.0,12.844,1.2999,0.3139
494,stage1,0,0.4836556613445282,0.32947155833244324,0.0,0.4836556613445282,0.0001,0.0,12.844,1.3261,0.3148
495,stage1,0,0.5471684336662292,0.32653895020484924,0.0,0.5471684336662292,0.0001,0.0,12.842,1.0969,0.3135
496,stage1,0,0.4316486120223999,0.319322407245636,0.0,0.4316486120223999,0.0001,0.0,12.85,1.8932,7.0836
497,stage1,0,0.4466487467288971,0.3175700604915619,0.0,0.4466487467288971,0.0001,0.0,12.845,1.0763,0.3124
498,stage1,0,0.42432811856269836,0.3110177516937256,0.0,0.42432811856269836,0.0001,0.0,12.846,1.3666,0.3138
499,stage1,0,0.4434504806995392,0.31596121191978455,0.0,0.4434504806995392,0.0001,0.0,12.844,1.4917,0.314
500,stage1,0,0.496400386095047,0.2909073829650879,0.0,0.496400386095047,0.0001,0.0,12.839,1.3201,0.3144
501,stage1,0,0.41502735018730164,0.30819422006607056,0.0,0.41502735018730164,0.0001,0.0,12.856,1.3742,0.3145
502,stage1,0,0.40784749388694763,0.32965484261512756,0.0,0.40784749388694763,0.0001,0.0,12.847,1.1147,0.3144
503,stage1,0,0.47695329785346985,0.29157936573028564,0.0,0.47695329785346985,0.0001,0.0,12.86,1.705,0.3129
504,stage1,0,0.5107617378234863,0.3087596595287323,0.0,0.5107617378234863,0.0001,0.0,12.844,1.691,7.1388
505,stage1,0,0.5052732229232788,0.34309080243110657,0.0,0.5052732229232788,0.0001,0.0,12.841,1.1083,0.3159
506,stage1,0,0.4449954628944397,0.2777034342288971,0.0,0.4449954628944397,0.0001,0.0,12.838,1.4454,0.3107
507,stage1,0,0.5011170506477356,0.29896682500839233,0.0,0.5011170506477356,0.0001,0.0,12.851,1.7742,0.3127
508,stage1,0,0.39771488308906555,0.30178102850914,0.0,0.39771488308906555,0.0001,0.0,12.846,1.0931,0.3143
509,stage1,0,0.46278613805770874,0.3562961518764496,0.0,0.46278613805770874,0.0001,0.0,12.839,1.4498,0.3141
510,stage1,0,0.43104544281959534,0.31182384490966797,0.0,0.43104544281959534,0.0001,0.0,12.846,1.1249,0.3134
511,stage1,0,0.42993324995040894,0.3777754008769989,0.0,0.42993324995040894,0.0001,0.0,12.846,1.3457,0.3138
512,stage1,0,0.4853552281856537,0.3163982927799225,0.0,0.4853552281856537,0.0001,0.0,12.85,2.2986,6.9098
513,stage1,0,0.45731237530708313,0.32793480157852173,0.0,0.45731237530708313,0.0001,0.0,12.845,1.5785,0.3124
514,stage1,0,0.4737674295902252,0.32619574666023254,0.0,0.4737674295902252,0.0001,0.0,12.845,1.4231,0.3142
515,stage1,0,0.4290392994880676,0.3252962827682495,0.0,0.4290392994880676,0.0001,0.0,12.848,1.0755,0.3133
516,stage1,0,0.401930570602417,0.3353067934513092,0.0,0.401930570602417,0.0001,0.0,12.847,1.6615,0.3125
517,stage1,0,0.41949671506881714,0.277203768491745,0.0,0.41949671506881714,0.0001,0.0,12.848,1.7341,0.3141
518,stage1,0,0.4952262341976166,0.30500757694244385,0.0,0.4952262341976166,0.0001,0.0,12.847,1.8479,0.3133
519,stage1,0,0.4401347041130066,0.30572760105133057,0.0,0.4401347041130066,0.0001,0.0,12.847,1.5774,0.3132
520,stage1,0,0.45212751626968384,0.319781631231308,0.0,0.45212751626968384,0.0001,0.0,12.839,1.3696,6.6851
521,stage1,0,0.39294716715812683,0.3473507761955261,0.0,0.39294716715812683,0.0001,0.0,12.846,1.3495,0.3136
522,stage1,0,0.4436069428920746,0.28569579124450684,0.0,0.4436069428920746,0.0001,0.0,12.851,1.6559,0.3132
523,stage1,0,0.4438137412071228,0.30661115050315857,0.0,0.4438137412071228,0.0001,0.0,12.846,1.7506,0.3136
524,stage1,0,0.45500320196151733,0.3614223003387451,0.0,0.45500320196151733,0.0001,0.0,12.843,0.981,0.3142
525,stage1,0,0.43575945496559143,0.2824019491672516,0.0,0.43575945496559143,0.0001,0.0,12.841,0.9724,0.313
526,stage1,0,0.4166463315486908,0.31274014711380005,0.0,0.4166463315486908,0.0001,0.0,12.848,1.6655,0.3139
527,stage1,0,0.46582773327827454,0.3018082082271576,0.0,0.46582773327827454,0.0001,0.0,12.843,1.6562,0.314
528,stage1,0,0.4200347065925598,0.30282506346702576,0.0,0.4200347065925598,0.0001,0.0,12.836,1.0364,6.9346
529,stage1,0,0.4373767673969269,0.2719642221927643,0.0,0.4373767673969269,0.0001,0.0,12.851,1.4885,0.3135
530,stage1,0,0.4304506182670593,0.3228915333747864,0.0,0.4304506182670593,0.0001,0.0,12.846,1.4107,0.3128
531,stage1,0,0.4277140200138092,0.3181210458278656,0.0,0.4277140200138092,0.0001,0.0,12.845,1.1915,0.3139
532,stage1,0,0.5076906085014343,0.3162672519683838,0.0,0.5076906085014343,0.0001,0.0,12.837,1.3564,0.315
533,stage1,0,0.38471952080726624,0.33511510491371155,0.0,0.38471952080726624,0.0001,0.0,12.843,1.0734,0.313
534,stage1,0,0.5251641273498535,0.31114426255226135,0.0,0.5251641273498535,0.0001,0.0,12.838,1.0873,0.3136
535,stage1,0,0.41243645548820496,0.3222564160823822,0.0,0.41243645548820496,0.0001,0.0,12.849,1.4768,0.3156
536,stage1,0,0.43047693371772766,0.37023186683654785,0.0,0.43047693371772766,0.0001,0.0,12.853,1.106,7.1678
537,stage1,0,0.4142327308654785,0.3213246762752533,0.0,0.4142327308654785,0.0001,0.0,12.838,1.3193,0.3133
538,stage1,0,0.47314149141311646,0.3113804757595062,0.0,0.47314149141311646,0.0001,0.0,12.845,1.0681,0.3136
539,stage1,0,0.5678014755249023,0.3632160425186157,0.0,0.5678014755249023,0.0001,0.0,12.845,1.7271,0.314
540,stage1,0,0.42761003971099854,0.3121635913848877,0.0,0.42761003971099854,0.0001,0.0,12.851,0.959,0.3142
541,stage1,0,0.44629523158073425,0.3596770167350769,0.0,0.44629523158073425,0.0001,0.0,12.843,1.4978,0.3147
542,stage1,0,0.4416886866092682,0.3148772120475769,0.0,0.4416886866092682,0.0001,0.0,12.847,1.564,0.3137
543,stage1,0,0.5054789781570435,0.3303040564060211,0.0,0.5054789781570435,0.0001,0.0,12.852,1.7481,0.3149
544,stage1,0,0.3886687457561493,0.31242120265960693,0.0,0.3886687457561493,0.0001,0.0,12.849,1.1369,6.8228
545,stage1,0,0.3974030315876007,0.2787429094314575,0.0,0.3974030315876007,0.0001,0.0,12.846,0.9634,0.3132
546,stage1,0,0.48343557119369507,0.3075454533100128,0.0,0.48343557119369507,0.0001,0.0,12.846,1.4799,0.3133
547,stage1,0,0.383100301027298,0.2933157980442047,0.0,0.383100301027298,0.0001,0.0,12.841,1.4539,0.313
548,stage1,0,0.39148107171058655,0.30293428897857666,0.0,0.39148107171058655,0.0001,0.0,12.835,1.4127,0.314
549,stage1,0,0.4152452051639557,0.3079518973827362,0.0,0.4152452051639557,0.0001,0.0,12.844,1.5494,0.314
550,stage1,0,0.4077892005443573,0.3240411579608917,0.0,0.4077892005443573,0.0001,0.0,12.844,1.289,0.3137
551,stage1,0,0.3979472815990448,0.2995360791683197,0.0,0.3979472815990448,0.0001,0.0,12.843,1.1537,0.314
552,stage1,0,0.4768131971359253,0.3171701431274414,0.0,0.4768131971359253,0.0001,0.0,12.844,1.4854,7.1268
553,stage1,0,0.4863602817058563,0.3236115872859955,0.0,0.4863602817058563,0.0001,0.0,12.847,1.7635,0.3136
554,stage1,0,0.46847546100616455,0.32631927728652954,0.0,0.46847546100616455,0.0001,0.0,12.844,1.6588,0.3138
555,stage1,0,0.45212164521217346,0.315645694732666,0.0,0.45212164521217346,0.0001,0.0,12.837,1.1293,0.3132
556,stage1,0,0.4620935320854187,0.359976202249527,0.0,0.4620935320854187,0.0001,0.0,12.851,1.4636,0.3141
557,stage1,0,0.4604048430919647,0.3354465365409851,0.0,0.4604048430919647,0.0001,0.0,12.851,1.8794,0.3143
558,stage1,0,0.39273250102996826,0.32112088799476624,0.0,0.39273250102996826,0.0001,0.0,12.855,1.9033,0.313
559,stage1,0,0.4611028730869293,0.32140102982521057,0.0,0.4611028730869293,0.0001,0.0,12.853,0.9144,0.3137
560,stage1,0,0.5352579355239868,0.361640065908432,0.0,0.5352579355239868,0.0001,0.0,12.841,1.4331,6.7869
561,stage1,0,0.40153127908706665,0.3444094955921173,0.0,0.40153127908706665,0.0001,0.0,12.84,1.505,0.3123
562,stage1,0,0.42885109782218933,0.34431737661361694,0.0,0.42885109782218933,0.0001,0.0,12.847,1.9975,0.3133
563,stage1,0,0.4741092324256897,0.317154198884964,0.0,0.4741092324256897,0.0001,0.0,12.851,1.7688,0.3135
564,stage1,0,0.3984595835208893,0.3257516920566559,0.0,0.3984595835208893,0.0001,0.0,12.848,1.5654,0.3136
565,stage1,0,0.3958783745765686,0.3023703098297119,0.0,0.3958783745765686,0.0001,0.0,12.837,1.2089,0.3129
566,stage1,0,0.42710599303245544,0.26093730330467224,0.0,0.42710599303245544,0.0001,0.0,12.838,1.2834,0.3139
567,stage1,0,0.48461630940437317,0.35499852895736694,0.0,0.48461630940437317,0.0001,0.0,12.838,1.5594,0.3144
568,stage1,0,0.4810781180858612,0.34497275948524475,0.0,0.4810781180858612,0.0001,0.0,12.851,1.3757,6.7805
569,stage1,0,0.443951278924942,0.30822667479515076,0.0,0.443951278924942,0.0001,0.0,12.842,1.3639,0.3129
570,stage1,0,0.5095792412757874,0.32544898986816406,0.0,0.5095792412757874,0.0001,0.0,12.84,1.3572,0.3135
571,stage1,0,0.4903858006000519,0.3081050515174866,0.0,0.4903858006000519,0.0001,0.0,12.848,1.2838,0.3142
572,stage1,0,0.41739681363105774,0.3135231137275696,0.0,0.41739681363105774,0.0001,0.0,12.839,1.6354,0.3146
573,stage1,0,0.4421460032463074,0.33757665753364563,0.0,0.4421460032463074,0.0001,0.0,12.85,1.4334,0.3139
574,stage1,0,0.4264507591724396,0.33021897077560425,0.0,0.4264507591724396,0.0001,0.0,12.849,1.1308,0.3136
575,stage1,0,0.4626086354255676,0.33130374550819397,0.0,0.4626086354255676,0.0001,0.0,12.849,1.4657,0.3138
576,stage1,0,0.38018107414245605,0.3007810711860657,0.0,0.38018107414245605,0.0001,0.0,12.846,1.3585,7.1758
577,stage1,0,0.5573909282684326,0.3480674922466278,0.0,0.5573909282684326,0.0001,0.0,12.846,1.5524,0.3115
578,stage1,0,0.4683808982372284,0.3120575249195099,0.0,0.4683808982372284,0.0001,0.0,12.838,1.5182,0.3139
579,stage1,0,0.4349678158760071,0.2985461950302124,0.0,0.4349678158760071,0.0001,0.0,12.839,1.0614,0.3132
580,stage1,0,0.4829675257205963,0.29951831698417664,0.0,0.4829675257205963,0.0001,0.0,12.848,2.0645,0.3135
581,stage1,0,0.40720003843307495,0.31017592549324036,0.0,0.40720003843307495,0.0001,0.0,12.842,1.4172,0.3141
582,stage1,0,0.4304317235946655,0.2897748053073883,0.0,0.4304317235946655,0.0001,0.0,12.846,0.9233,0.3139
583,stage1,0,0.4488951563835144,0.34048473834991455,0.0,0.4488951563835144,0.0001,0.0,12.85,1.0865,0.3139
584,stage1,0,0.42113593220710754,0.30870530009269714,0.0,0.42113593220710754,0.0001,0.0,12.854,1.4357,6.9358
585,stage1,0,0.4436179995536804,0.3276307284832001,0.0,0.4436179995536804,0.0001,0.0,12.846,1.3128,0.3136
586,stage1,0,0.4180392920970917,0.31377458572387695,0.0,0.4180392920970917,0.0001,0.0,12.851,1.3065,0.3134
587,stage1,0,0.44919127225875854,0.3046096861362457,0.0,0.44919127225875854,0.0001,0.0,12.855,1.3871,0.3131
588,stage1,0,0.429518461227417,0.30387353897094727,0.0,0.429518461227417,0.0001,0.0,12.851,1.1453,0.3139
589,stage1,0,0.48194584250450134,0.3113156259059906,0.0,0.48194584250450134,0.0001,0.0,12.844,1.3739,0.3144
590,stage1,0,0.39719900488853455,0.3248668611049652,0.0,0.39719900488853455,0.0001,0.0,12.853,1.3403,0.3135
591,stage1,0,0.45675912499427795,0.31642967462539673,0.0,0.45675912499427795,0.0001,0.0,12.853,2.0296,0.3144
592,stage1,0,0.4121277332305908,0.3014940321445465,0.0,0.4121277332305908,0.0001,0.0,12.856,1.5353,6.9921
593,stage1,0,0.43899595737457275,0.3144467771053314,0.0,0.43899595737457275,0.0001,0.0,12.854,1.0892,0.3122
594,stage1,0,0.44187912344932556,0.3180057108402252,0.0,0.44187912344932556,0.0001,0.0,12.845,1.975,0.3135
595,stage1,0,0.47126856446266174,0.342494934797287,0.0,0.47126856446266174,0.0001,0.0,12.842,1.8201,0.313
596,stage1,0,0.47489941120147705,0.2918517291545868,0.0,0.47489941120147705,0.0001,0.0,12.856,1.8138,0.3139
597,stage1,0,0.37535256147384644,0.3381568491458893,0.0,0.37535256147384644,0.0001,0.0,12.84,1.068,0.313
598,stage1,0,0.5161136388778687,0.34150397777557373,0.0,0.5161136388778687,0.0001,0.0,12.847,1.5464,0.314
599,stage1,0,0.4761739671230316,0.331525057554245,0.0,0.4761739671230316,0.0001,0.0,12.846,1.9088,0.3146
600,stage1,0,0.4650799334049225,0.31064027547836304,0.0,0.4650799334049225,0.0001,0.0,12.847,1.4244,6.7793
601,stage1,0,0.5048166513442993,0.3106444478034973,0.0,0.5048166513442993,0.0001,0.0,12.845,1.8722,0.3137
602,stage1,0,0.4451344907283783,0.29444023966789246,0.0,0.4451344907283783,0.0001,0.0,12.851,1.2245,0.3138
603,stage1,0,0.4230440557003021,0.30595263838768005,0.0,0.4230440557003021,0.0001,0.0,12.844,1.1183,0.3136
604,stage1,0,0.5219998359680176,0.3277210593223572,0.0,0.5219998359680176,0.0001,0.0,12.844,1.8586,0.3137
605,stage1,0,0.4668016731739044,0.31656044721603394,0.0,0.4668016731739044,0.0001,0.0,12.839,1.7234,0.3147
606,stage1,0,0.4168015420436859,0.31485798954963684,0.0,0.4168015420436859,0.0001,0.0,12.847,1.7648,0.3139
607,stage1,0,0.4308198094367981,0.3353445827960968,0.0,0.4308198094367981,0.0001,0.0,12.858,1.545,0.3138
608,stage1,0,0.4848022162914276,0.29595792293548584,0.0,0.4848022162914276,0.0001,0.0,12.852,1.3564,6.8023
609,stage1,0,0.4425838887691498,0.3337826430797577,0.0,0.4425838887691498,0.0001,0.0,12.837,1.4247,0.3134
610,stage1,0,0.4830811321735382,0.329039067029953,0.0,0.4830811321735382,0.0001,0.0,12.839,2.4788,0.3136
611,stage1,0,0.41874533891677856,0.32365283370018005,0.0,0.41874533891677856,0.0001,0.0,12.844,1.5939,0.3136
612,stage1,0,0.46370530128479004,0.32576245069503784,0.0,0.46370530128479004,0.0001,0.0,12.847,1.6257,0.3143
613,stage1,0,0.4554458558559418,0.3274458646774292,0.0,0.4554458558559418,0.0001,0.0,12.849,1.2525,0.3137
614,stage1,0,0.5003452897071838,0.3112257421016693,0.0,0.5003452897071838,0.0001,0.0,12.843,1.7304,0.3137
615,stage1,0,0.4265733063220978,0.3230014741420746,0.0,0.4265733063220978,0.0001,0.0,12.839,1.3045,0.3144
616,stage1,0,0.3921102285385132,0.30075663328170776,0.0,0.3921102285385132,0.0001,0.0,12.846,1.0221,6.7786
617,stage1,0,0.4718710482120514,0.3216504156589508,0.0,0.4718710482120514,0.0001,0.0,12.852,1.2638,0.3133
618,stage1,0,0.4294936954975128,0.3009569048881531,0.0,0.4294936954975128,0.0001,0.0,12.844,1.235,0.3135
619,stage1,0,0.4275936484336853,0.3149406313896179,0.0,0.4275936484336853,0.0001,0.0,12.844,1.1846,0.3143
620,stage1,0,0.44493865966796875,0.2646850049495697,0.0,0.44493865966796875,0.0001,0.0,12.857,1.6636,0.3144
621,stage1,0,0.43556705117225647,0.3074803352355957,0.0,0.43556705117225647,0.0001,0.0,12.852,1.17,0.3138
622,stage1,0,0.3831016719341278,0.29082685708999634,0.0,0.3831016719341278,0.0001,0.0,12.843,1.1153,0.3138
623,stage1,0,0.42144492268562317,0.27426084876060486,0.0,0.42144492268562317,0.0001,0.0,12.848,1.5884,0.315
624,stage1,0,0.40608152747154236,0.3556050658226013,0.0,0.40608152747154236,0.0001,0.0,12.858,1.2603,6.869
625,stage1,0,0.4047289788722992,0.30633601546287537,0.0,0.4047289788722992,0.0001,0.0,12.841,1.1118,0.3132
626,stage1,0,0.45542269945144653,0.2750920355319977,0.0,0.45542269945144653,0.0001,0.0,12.846,1.2963,0.3134
627,stage1,0,0.39589202404022217,0.33845070004463196,0.0,0.39589202404022217,0.0001,0.0,12.84,1.3964,0.313
628,stage1,0,0.4456042945384979,0.28652381896972656,0.0,0.4456042945384979,0.0001,0.0,12.85,1.4374,0.3143
629,stage1,0,0.4651246666908264,0.30685046315193176,0.0,0.4651246666908264,0.0001,0.0,12.842,1.4367,0.3142
630,stage1,0,0.445016086101532,0.3303121030330658,0.0,0.445016086101532,0.0001,0.0,12.848,1.2508,0.3141
631,stage1,0,0.4802098274230957,0.31016942858695984,0.0,0.4802098274230957,0.0001,0.0,12.851,1.287,0.3137
632,stage1,0,0.4515060484409332,0.29272037744522095,0.0,0.4515060484409332,0.0001,0.0,12.838,1.1655,6.8658
633,stage1,0,0.4419005215167999,0.3497954308986664,0.0,0.4419005215167999,0.0001,0.0,12.848,1.4208,0.3132
634,stage1,0,0.4730285704135895,0.2910112142562866,0.0,0.4730285704135895,0.0001,0.0,12.845,1.6963,0.3141
635,stage1,0,0.441703736782074,0.35484397411346436,0.0,0.441703736782074,0.0001,0.0,12.846,1.0551,0.3141
636,stage1,0,0.4609227180480957,0.32709237933158875,0.0,0.4609227180480957,0.0001,0.0,12.838,1.4318,0.3131
637,stage1,0,0.40649521350860596,0.2949708104133606,0.0,0.40649521350860596,0.0001,0.0,12.841,1.4612,0.3149
638,stage1,0,0.4543987512588501,0.31505489349365234,0.0,0.4543987512588501,0.0001,0.0,12.854,0.9624,0.3136
639,stage1,0,0.40609410405158997,0.3029106557369232,0.0,0.40609410405158997,0.0001,0.0,12.849,1.1616,0.3133
640,stage1,0,0.3573492169380188,0.28372111916542053,0.0,0.3573492169380188,0.0001,0.0,12.849,1.158,6.7728
641,stage1,0,0.47863447666168213,0.3092796802520752,0.0,0.47863447666168213,0.0001,0.0,12.852,1.2297,0.3122
642,stage1,0,0.3577432632446289,0.2969643473625183,0.0,0.3577432632446289,0.0001,0.0,12.842,1.0312,0.3131
643,stage1,0,0.4588472545146942,0.2985616624355316,0.0,0.4588472545146942,0.0001,0.0,12.847,1.4165,0.314
644,stage1,0,0.486248254776001,0.3296355903148651,0.0,0.486248254776001,0.0001,0.0,12.844,1.5824,0.3161
645,stage1,0,0.4119032919406891,0.29185667634010315,0.0,0.4119032919406891,0.0001,0.0,12.847,1.2783,0.314
646,stage1,0,0.44716742634773254,0.2859739661216736,0.0,0.44716742634773254,0.0001,0.0,12.847,1.0566,0.3137
647,stage1,0,0.43054676055908203,0.3095616102218628,0.0,0.43054676055908203,0.0001,0.0,12.851,1.0667,0.3138
648,stage1,0,0.42195308208465576,0.23425623774528503,0.0,0.42195308208465576,0.0001,0.0,12.844,1.0417,7.1709
649,stage1,0,0.4308919608592987,0.2921557128429413,0.0,0.4308919608592987,0.0001,0.0,12.845,1.2011,0.3131
650,stage1,0,0.5038345456123352,0.33194583654403687,0.0,0.5038345456123352,0.0001,0.0,12.851,1.5156,0.3132
651,stage1,0,0.4420310854911804,0.314331978559494,0.0,0.4420310854911804,0.0001,0.0,12.851,1.4591,0.3138
652,stage1,0,0.49739640951156616,0.3710551857948303,0.0,0.49739640951156616,0.0001,0.0,12.852,1.6038,0.3139
653,stage1,0,0.5002176761627197,0.3510912358760834,0.0,0.5002176761627197,0.0001,0.0,12.848,1.5043,0.3137
654,stage1,0,0.5098339915275574,0.36075788736343384,0.0,0.5098339915275574,0.0001,0.0,12.853,1.6758,0.3137
655,stage1,0,0.4925455152988434,0.34307169914245605,0.0,0.4925455152988434,0.0001,0.0,12.847,1.5281,0.3142
656,stage1,0,0.4174124002456665,0.30888399481773376,0.0,0.4174124002456665,0.0001,0.0,12.845,1.1357,6.8065
657,stage1,0,0.5028331279754639,0.3196272552013397,0.0,0.5028331279754639,0.0001,0.0,12.844,1.3302,0.3127
658,stage1,0,0.48883339762687683,0.3082803785800934,0.0,0.48883339762687683,0.0001,0.0,12.838,1.4111,0.3146
659,stage1,0,0.44515880942344666,0.31789541244506836,0.0,0.44515880942344666,0.0001,0.0,12.849,1.3037,0.3124
660,stage1,0,0.44787225127220154,0.34676024317741394,0.0,0.44787225127220154,0.0001,0.0,12.843,1.4488,0.3139
661,stage1,0,0.37729403376579285,0.2868588864803314,0.0,0.37729403376579285,0.0001,0.0,12.851,0.8787,0.3135
662,stage1,0,0.3997252285480499,0.33895134925842285,0.0,0.3997252285480499,0.0001,0.0,12.848,1.4682,0.3138
663,stage1,0,0.48826101422309875,0.3268899619579315,0.0,0.48826101422309875,0.0001,0.0,12.848,1.9759,0.3135
664,stage1,0,0.3836371898651123,0.3209651708602905,0.0,0.3836371898651123,0.0001,0.0,12.844,1.6719,6.9885
665,stage1,0,0.35797905921936035,0.28767532110214233,0.0,0.35797905921936035,0.0001,0.0,12.842,1.095,0.312
666,stage1,0,0.41137585043907166,0.268585205078125,0.0,0.41137585043907166,0.0001,0.0,12.841,1.206,0.313
667,stage1,0,0.44902485609054565,0.3202438950538635,0.0,0.44902485609054565,0.0001,0.0,12.849,1.1634,0.3122
668,stage1,0,0.5069924592971802,0.3259376585483551,0.0,0.5069924592971802,0.0001,0.0,12.842,1.5724,0.3134
669,stage1,0,0.4262390434741974,0.28372588753700256,0.0,0.4262390434741974,0.0001,0.0,12.836,1.5781,0.3127
670,stage1,0,0.4453130066394806,0.3201751410961151,0.0,0.4453130066394806,0.0001,0.0,12.839,1.038,0.3127
671,stage1,0,0.4521684944629669,0.312972754240036,0.0,0.4521684944629669,0.0001,0.0,12.841,1.0526,0.3136
672,stage1,0,0.48005354404449463,0.3080865740776062,0.0,0.48005354404449463,0.0001,0.0,12.845,1.4447,6.9978
673,stage1,0,0.4604257345199585,0.3095732629299164,0.0,0.4604257345199585,0.0001,0.0,12.842,1.9877,0.3137
674,stage1,0,0.43107274174690247,0.3178355097770691,0.0,0.43107274174690247,0.0001,0.0,12.845,1.5467,0.314
675,stage1,0,0.4981207549571991,0.37253034114837646,0.0,0.4981207549571991,0.0001,0.0,12.844,2.1071,0.3138
676,stage1,0,0.4148417115211487,0.2885988652706146,0.0,0.4148417115211487,0.0001,0.0,12.84,1.3668,0.3135
677,stage1,0,0.36590567231178284,0.32191911339759827,0.0,0.36590567231178284,0.0001,0.0,12.857,1.6296,0.3148
678,stage1,0,0.4651210904121399,0.32006004452705383,0.0,0.4651210904121399,0.0001,0.0,12.846,1.5881,0.3139
679,stage1,0,0.4452659785747528,0.3254273235797882,0.0,0.4452659785747528,0.0001,0.0,12.845,1.7929,0.3144
680,stage1,0,0.4001670479774475,0.3079710602760315,0.0,0.4001670479774475,0.0001,0.0,12.841,1.3181,6.7357
681,stage1,0,0.34686145186424255,0.3102632761001587,0.0,0.34686145186424255,0.0001,0.0,12.839,1.3185,0.3132
682,stage1,0,0.4152774512767792,0.3141680657863617,0.0,0.4152774512767792,0.0001,0.0,12.852,1.2078,0.3136
683,stage1,0,0.4566158354282379,0.3087446987628937,0.0,0.4566158354282379,0.0001,0.0,12.846,1.2892,0.3143
684,stage1,0,0.4956238865852356,0.3283047378063202,0.0,0.4956238865852356,0.0001,0.0,12.843,1.3171,0.3137
685,stage1,0,0.3873482346534729,0.2989901304244995,0.0,0.3873482346534729,0.0001,0.0,12.84,1.3502,0.314
686,stage1,0,0.43389764428138733,0.31648385524749756,0.0,0.43389764428138733,0.0001,0.0,12.85,1.0598,0.3137
687,stage1,0,0.5026916861534119,0.30984508991241455,0.0,0.5026916861534119,0.0001,0.0,12.852,1.5165,0.3142
688,stage1,0,0.47719627618789673,0.3377608060836792,0.0,0.47719627618789673,0.0001,0.0,12.857,1.692,6.8179
689,stage1,0,0.379436731338501,0.29521721601486206,0.0,0.379436731338501,0.0001,0.0,12.85,1.4011,0.3644
690,stage1,0,0.4343935549259186,0.2854365110397339,0.0,0.4343935549259186,0.0001,0.0,12.846,0.9522,0.3132
691,stage1,0,0.5071461796760559,0.34864240884780884,0.0,0.5071461796760559,0.0001,0.0,12.844,1.5429,0.3141
692,stage1,0,0.40546756982803345,0.2829834520816803,0.0,0.40546756982803345,0.0001,0.0,12.84,1.4118,0.3136
693,stage1,0,0.49915120005607605,0.3407503366470337,0.0,0.49915120005607605,0.0001,0.0,12.839,2.2276,0.3132
694,stage1,0,0.4492318034172058,0.30202269554138184,0.0,0.4492318034172058,0.0001,0.0,12.848,1.1703,0.3145
695,stage1,0,0.4389684796333313,0.2924516201019287,0.0,0.4389684796333313,0.0001,0.0,12.85,1.1048,0.3135
696,stage1,0,0.44172027707099915,0.3086341619491577,0.0,0.44172027707099915,0.0001,0.0,12.847,1.1646,6.9572
697,stage1,0,0.4763734042644501,0.3037888705730438,0.0,0.4763734042644501,0.0001,0.0,12.839,1.5845,0.3818
698,stage1,0,0.38983604311943054,0.33181336522102356,0.0,0.38983604311943054,0.0001,0.0,12.845,1.3973,0.3134
699,stage1,0,0.4660906493663788,0.2867737114429474,0.0,0.4660906493663788,0.0001,0.0,12.849,1.4882,0.3137
700,stage1,0,0.43852347135543823,0.30290207266807556,0.0,0.43852347135543823,0.0001,0.0,12.848,1.2999,0.3134
701,stage1,0,0.5032783150672913,0.2958337664604187,0.0,0.5032783150672913,0.0001,0.0,12.847,1.1888,0.3167
702,stage1,0,0.46604377031326294,0.3833458125591278,0.0,0.46604377031326294,0.0001,0.0,12.844,1.5777,0.314
703,stage1,0,0.4409688711166382,0.2981615662574768,0.0,0.4409688711166382,0.0001,0.0,12.848,1.2601,0.3138
704,stage1,0,0.35739362239837646,0.2597131133079529,0.0,0.35739362239837646,0.0001,0.0,12.851,0.9655,6.6458
705,stage1,0,0.3865249454975128,0.29499953985214233,0.0,0.3865249454975128,0.0001,0.0,12.852,1.2109,0.5901
706,stage1,0,0.4449242949485779,0.33061280846595764,0.0,0.4449242949485779,0.0001,0.0,12.851,0.9865,0.3132
707,stage1,0,0.4690302312374115,0.29067158699035645,0.0,0.4690302312374115,0.0001,0.0,12.843,1.2302,0.3126
708,stage1,0,0.44077736139297485,0.310598760843277,0.0,0.44077736139297485,0.0001,0.0,12.851,1.3083,0.3141
709,stage1,0,0.4196551442146301,0.29391875863075256,0.0,0.4196551442146301,0.0001,0.0,12.843,0.9354,0.3134
710,stage1,0,0.38547566533088684,0.30862873792648315,0.0,0.38547566533088684,0.0001,0.0,12.844,1.1433,0.3144
711,stage1,0,0.42920148372650146,0.30900922417640686,0.0,0.42920148372650146,0.0001,0.0,12.854,1.331,0.3141
712,stage1,0,0.4164493680000305,0.2971593737602234,0.0,0.4164493680000305,0.0001,0.0,12.842,1.243,6.6197
713,stage1,0,0.4482707381248474,0.3362034261226654,0.0,0.4482707381248474,0.0001,0.0,12.844,1.3806,0.7022
714,stage1,0,0.4229443669319153,0.2747141122817993,0.0,0.4229443669319153,0.0001,0.0,12.854,1.5514,0.3132
715,stage1,0,0.44485655426979065,0.3102801740169525,0.0,0.44485655426979065,0.0001,0.0,12.845,1.631,0.3139
716,stage1,0,0.39735567569732666,0.32914304733276367,0.0,0.39735567569732666,0.0001,0.0,12.846,1.0314,0.3137
717,stage1,0,0.42763853073120117,0.2989345192909241,0.0,0.42763853073120117,0.0001,0.0,12.845,1.467,0.3139
718,stage1,0,0.442209929227829,0.25323769450187683,0.0,0.442209929227829,0.0001,0.0,12.845,1.2956,0.3136
719,stage1,0,0.4439709186553955,0.2569155693054199,0.0,0.4439709186553955,0.0001,0.0,12.839,1.2538,0.3139
720,stage1,0,0.4146404564380646,0.30968645215034485,0.0,0.4146404564380646,0.0001,0.0,12.852,1.6308,6.3688
721,stage1,0,0.462248295545578,0.3010527193546295,0.0,0.462248295545578,0.0001,0.0,12.843,1.4185,0.9341
722,stage1,0,0.4297068119049072,0.30166447162628174,0.0,0.4297068119049072,0.0001,0.0,12.842,1.6714,0.3134
723,stage1,0,0.5115130543708801,0.2874637544155121,0.0,0.5115130543708801,0.0001,0.0,12.836,1.5017,0.3135
724,stage1,0,0.43634068965911865,0.2867310643196106,0.0,0.43634068965911865,0.0001,0.0,12.838,1.2433,0.3136
725,stage1,0,0.45988282561302185,0.3835442066192627,0.0,0.45988282561302185,0.0001,0.0,12.85,1.7168,0.3138
726,stage1,0,0.41209176182746887,0.32260292768478394,0.0,0.41209176182746887,0.0001,0.0,12.842,1.0974,0.3136
727,stage1,0,0.4456976354122162,0.3119492828845978,0.0,0.4456976354122162,0.0001,0.0,12.845,1.2595,0.3144
728,stage1,0,0.4378555715084076,0.3518272340297699,0.0,0.4378555715084076,0.0001,0.0,12.842,1.5577,6.6095
729,stage1,0,0.4511137902736664,0.31451043486595154,0.0,0.4511137902736664,0.0001,0.0,12.839,1.6896,0.5195
730,stage1,0,0.4946040213108063,0.34128671884536743,0.0,0.4946040213108063,0.0001,0.0,12.851,1.3331,0.3124
731,stage1,0,0.3820509612560272,0.3020823895931244,0.0,0.3820509612560272,0.0001,0.0,12.851,0.9582,0.314
732,stage1,0,0.4320926368236542,0.2977697253227234,0.0,0.4320926368236542,0.0001,0.0,12.846,1.5965,0.3133
733,stage1,0,0.41826874017715454,0.3328354060649872,0.0,0.41826874017715454,0.0001,0.0,12.847,1.2263,0.3141
734,stage1,0,0.43001773953437805,0.31251636147499084,0.0,0.43001773953437805,0.0001,0.0,12.846,1.6063,0.3136
735,stage1,0,0.3883588910102844,0.3099658787250519,0.0,0.3883588910102844,0.0001,0.0,12.846,1.0784,0.3142
736,stage1,0,0.46297165751457214,0.29839596152305603,0.0,0.46297165751457214,0.0001,0.0,12.86,1.2884,6.7447
737,stage1,0,0.41539010405540466,0.326637327671051,0.0,0.41539010405540466,0.0001,0.0,12.847,1.2143,0.4187
738,stage1,0,0.3844798505306244,0.2842390835285187,0.0,0.3844798505306244,0.0001,0.0,12.842,0.9851,0.3122
739,stage1,0,0.4428129494190216,0.28984037041664124,0.0,0.4428129494190216,0.0001,0.0,12.849,1.2388,0.3127
740,stage1,0,0.4776703119277954,0.2853378355503082,0.0,0.4776703119277954,0.0001,0.0,12.853,1.5213,0.3137
741,stage1,0,0.48776698112487793,0.32542484998703003,0.0,0.48776698112487793,0.0001,0.0,12.854,1.2768,0.3148
742,stage1,0,0.49969983100891113,0.33719906210899353,0.0,0.49969983100891113,0.0001,0.0,12.84,1.4861,0.3138
743,stage1,0,0.47411656379699707,0.32298436760902405,0.0,0.47411656379699707,0.0001,0.0,12.846,1.3788,0.3142
744,stage1,0,0.43658947944641113,0.2852312922477722,0.0,0.43658947944641113,0.0001,0.0,12.857,1.3486,6.754
745,stage1,0,0.4236876666545868,0.32233360409736633,0.0,0.4236876666545868,0.0001,0.0,12.839,1.3329,0.3741
746,stage1,0,0.40451306104660034,0.3344474732875824,0.0,0.40451306104660034,0.0001,0.0,12.852,1.2821,0.3132
747,stage1,0,0.4164709150791168,0.2873668968677521,0.0,0.4164709150791168,0.0001,0.0,12.843,1.5735,0.3141
748,stage1,0,0.43598949909210205,0.28654745221138,0.0,0.43598949909210205,0.0001,0.0,12.85,1.1342,0.3134
749,stage1,0,0.48766687512397766,0.31549128890037537,0.0,0.48766687512397766,0.0001,0.0,12.854,1.7707,0.3139
750,stage1,0,0.42915070056915283,0.30282947421073914,0.0,0.42915070056915283,0.0001,0.0,12.843,1.4412,0.3138
751,stage1,0,0.4800681173801422,0.3283006250858307,0.0,0.4800681173801422,0.0001,0.0,12.845,1.5871,0.3135
752,stage1,0,0.4604390561580658,0.2945510745048523,0.0,0.4604390561580658,0.0001,0.0,12.85,2.0739,6.9956
753,stage1,0,0.46189743280410767,0.2883528470993042,0.0,0.46189743280410767,0.0001,0.0,12.844,1.5055,0.3141
754,stage1,0,0.4392644464969635,0.3208475708961487,0.0,0.4392644464969635,0.0001,0.0,12.848,1.5563,0.3133
755,stage1,0,0.4720994234085083,0.3111788332462311,0.0,0.4720994234085083,0.0001,0.0,12.857,1.8571,0.3134
756,stage1,0,0.43090179562568665,0.3252175748348236,0.0,0.43090179562568665,0.0001,0.0,12.846,1.3758,0.3143
757,stage1,0,0.4212106466293335,0.303294837474823,0.0,0.4212106466293335,0.0001,0.0,12.851,1.4764,0.3136
758,stage1,0,0.4595561921596527,0.33491984009742737,0.0,0.4595561921596527,0.0001,0.0,12.842,1.049,0.3134
759,stage1,0,0.47115132212638855,0.302304208278656,0.0,0.47115132212638855,0.0001,0.0,12.847,1.3183,0.3147
760,stage1,0,0.39148151874542236,0.29760754108428955,0.0,0.39148151874542236,0.0001,0.0,12.839,0.9865,6.9402
761,stage1,0,0.4753502607345581,0.32927781343460083,0.0,0.4753502607345581,0.0001,0.0,12.848,1.6981,0.3132
762,stage1,0,0.4127812683582306,0.2973511815071106,0.0,0.4127812683582306,0.0001,0.0,12.846,0.9845,0.3128
763,stage1,0,0.41960272192955017,0.2850172519683838,0.0,0.41960272192955017,0.0001,0.0,12.842,0.8681,0.3143
764,stage1,0,0.39260467886924744,0.32216358184814453,0.0,0.39260467886924744,0.0001,0.0,12.841,1.3808,0.3138
765,stage1,0,0.42329806089401245,0.33917731046676636,0.0,0.42329806089401245,0.0001,0.0,12.845,1.3237,0.3138
766,stage1,0,0.458138644695282,0.31836721301078796,0.0,0.458138644695282,0.0001,0.0,12.842,1.3031,0.3144
767,stage1,0,0.3677694797515869,0.3259086012840271,0.0,0.3677694797515869,0.0001,0.0,12.833,1.0282,0.3139
768,stage1,0,0.4453401565551758,0.2627897560596466,0.0,0.4453401565551758,0.0001,0.0,12.84,1.0065,6.6522
769,stage1,0,0.4554666578769684,0.2593349516391754,0.0,0.4554666578769684,0.0001,0.0,12.845,1.1017,0.3361
770,stage1,0,0.4133489727973938,0.3088969886302948,0.0,0.4133489727973938,0.0001,0.0,12.851,1.5346,0.3134
771,stage1,0,0.40440353751182556,0.2568812668323517,0.0,0.40440353751182556,0.0001,0.0,12.853,1.3244,0.3139
772,stage1,0,0.45246702432632446,0.29286375641822815,0.0,0.45246702432632446,0.0001,0.0,12.839,1.4798,0.3137
773,stage1,0,0.45190370082855225,0.3359282612800598,0.0,0.45190370082855225,0.0001,0.0,12.844,1.1613,0.3138
774,stage1,0,0.4228874742984772,0.3078523576259613,0.0,0.4228874742984772,0.0001,0.0,12.833,1.3998,0.3138
775,stage1,0,0.4268198013305664,0.28274205327033997,0.0,0.4268198013305664,0.0001,0.0,12.837,1.0503,0.3155
776,stage1,0,0.3912146985530853,0.31410911679267883,0.0,0.3912146985530853,0.0001,0.0,12.845,1.2481,6.9253
777,stage1,0,0.4232245981693268,0.29601800441741943,0.0,0.4232245981693268,0.0001,0.0,12.84,1.0577,0.3359
778,stage1,0,0.44710084795951843,0.3352448344230652,0.0,0.44710084795951843,0.0001,0.0,12.847,1.3438,0.3145
779,stage1,0,0.4489157199859619,0.3099193871021271,0.0,0.4489157199859619,0.0001,0.0,12.846,1.4096,0.3136
780,stage1,0,0.4093814790248871,0.29313045740127563,0.0,0.4093814790248871,0.0001,0.0,12.846,0.8719,0.3143
781,stage1,0,0.45235344767570496,0.28518304228782654,0.0,0.45235344767570496,0.0001,0.0,12.851,1.4358,0.3136
782,stage1,0,0.4158245027065277,0.28553396463394165,0.0,0.4158245027065277,0.0001,0.0,12.85,1.5308,0.3145
783,stage1,0,0.44432100653648376,0.2988285422325134,0.0,0.44432100653648376,0.0001,0.0,12.836,1.8511,0.3143
784,stage1,0,0.4666670858860016,0.2786073684692383,0.0,0.4666670858860016,0.0001,0.0,12.847,1.0554,6.8944
785,stage1,0,0.45931658148765564,0.30896449089050293,0.0,0.45931658148765564,0.0001,0.0,12.837,1.6668,0.3622
786,stage1,0,0.4385306239128113,0.29938361048698425,0.0,0.4385306239128113,0.0001,0.0,12.842,1.3934,0.3132
787,stage1,0,0.37586838006973267,0.3225797116756439,0.0,0.37586838006973267,0.0001,0.0,12.842,1.2309,0.3141
788,stage1,0,0.43853050470352173,0.28410282731056213,0.0,0.43853050470352173,0.0001,0.0,12.848,1.136,0.3143
789,stage1,0,0.46416398882865906,0.3000093400478363,0.0,0.46416398882865906,0.0001,0.0,12.837,0.9353,0.3132
790,stage1,0,0.40003666281700134,0.3068487346172333,0.0,0.40003666281700134,0.0001,0.0,12.847,1.3652,0.3146
791,stage1,0,0.45777633786201477,0.31988561153411865,0.0,0.45777633786201477,0.0001,0.0,12.848,1.4024,0.3144
792,stage1,0,0.4381727874279022,0.3204074203968048,0.0,0.4381727874279022,0.0001,0.0,12.845,1.45,6.8366
793,stage1,0,0.46772637963294983,0.3025023341178894,0.0,0.46772637963294983,0.0001,0.0,12.846,1.5776,0.4125
794,stage1,0,0.44401878118515015,0.2966596186161041,0.0,0.44401878118515015,0.0001,0.0,12.849,1.5376,0.3134
795,stage1,0,0.3952341079711914,0.31281760334968567,0.0,0.3952341079711914,0.0001,0.0,12.835,1.3974,0.3139
796,stage1,0,0.3931080996990204,0.301164835691452,0.0,0.3931080996990204,0.0001,0.0,12.854,1.0974,0.3137
797,stage1,0,0.4378734529018402,0.3339456021785736,0.0,0.4378734529018402,0.0001,0.0,12.835,1.5382,0.3133
798,stage1,0,0.40396809577941895,0.31508776545524597,0.0,0.40396809577941895,0.0001,0.0,12.834,1.5421,0.3143
799,stage1,0,0.37548089027404785,0.28234875202178955,0.0,0.37548089027404785,0.0001,0.0,12.838,1.7234,0.3148
800,stage1,0,0.37244006991386414,0.3026962876319885,0.0,0.37244006991386414,0.0001,0.0,12.841,1.376,6.5825
801,stage1,0,0.41424456238746643,0.2795928120613098,0.0,0.41424456238746643,0.0001,0.0,12.849,1.0652,0.6027
802,stage1,0,0.45231014490127563,0.2861623167991638,0.0,0.45231014490127563,0.0001,0.0,12.841,1.2546,0.3131
803,stage1,0,0.41255852580070496,0.2814953029155731,0.0,0.41255852580070496,0.0001,0.0,12.851,0.9424,0.3144
804,stage1,0,0.41046303510665894,0.2875571846961975,0.0,0.41046303510665894,0.0001,0.0,12.841,0.8371,0.3145
805,stage1,0,0.4671836495399475,0.35896581411361694,0.0,0.4671836495399475,0.0001,0.0,12.846,1.0094,0.3143
806,stage1,0,0.4245619475841522,0.31951120495796204,0.0,0.4245619475841522,0.0001,0.0,12.85,1.3476,0.3148
807,stage1,0,0.41896581649780273,0.2967005968093872,0.0,0.41896581649780273,0.0001,0.0,12.851,2.0326,0.3149
808,stage1,0,0.4427129328250885,0.3036435544490814,0.0,0.4427129328250885,0.0001,0.0,12.842,1.7891,6.3801
809,stage1,0,0.44745364785194397,0.28672847151756287,0.0,0.44745364785194397,0.0001,0.0,12.852,1.2321,0.7844
810,stage1,0,0.38108327984809875,0.3120688796043396,0.0,0.38108327984809875,0.0001,0.0,12.844,1.6346,0.3138
811,stage1,0,0.474683940410614,0.3189700245857239,0.0,0.474683940410614,0.0001,0.0,12.844,1.7872,0.3149
812,stage1,0,0.39202573895454407,0.3056257963180542,0.0,0.39202573895454407,0.0001,0.0,12.838,1.4018,0.314
813,stage1,0,0.4483233392238617,0.32788243889808655,0.0,0.4483233392238617,0.0001,0.0,12.843,1.3804,0.3142
814,stage1,0,0.38806357979774475,0.32436028122901917,0.0,0.38806357979774475,0.0001,0.0,12.845,1.9348,0.3146
815,stage1,0,0.4405563175678253,0.2995561957359314,0.0,0.4405563175678253,0.0001,0.0,12.84,1.6899,0.3139
816,stage1,0,0.3967589735984802,0.33282044529914856,0.0,0.3967589735984802,0.0001,0.0,12.853,1.4098,6.2698
817,stage1,0,0.44874486327171326,0.32188108563423157,0.0,0.44874486327171326,0.0001,0.0,12.848,1.4486,1.0423
818,stage1,0,0.47358012199401855,0.2992594838142395,0.0,0.47358012199401855,0.0001,0.0,12.841,1.8638,0.3135
819,stage1,0,0.3972007632255554,0.3208566904067993,0.0,0.3972007632255554,0.0001,0.0,12.836,1.5772,0.3133
820,stage1,0,0.40443772077560425,0.28904929757118225,0.0,0.40443772077560425,0.0001,0.0,12.842,1.6696,0.314
821,stage1,0,0.4815176725387573,0.3311985433101654,0.0,0.4815176725387573,0.0001,0.0,12.842,1.7449,0.314
822,stage1,0,0.4866080582141876,0.31118273735046387,0.0,0.4866080582141876,0.0001,0.0,12.836,2.1259,0.3141
823,stage1,0,0.40618646144866943,0.2859714925289154,0.0,0.40618646144866943,0.0001,0.0,12.843,1.487,0.3146
824,stage1,0,0.4375031888484955,0.3314788341522217,0.0,0.4375031888484955,0.0001,0.0,12.845,1.3024,5.9222
825,stage1,0,0.4006871283054352,0.24551226198673248,0.0,0.4006871283054352,0.0001,0.0,12.848,1.4491,1.3447
826,stage1,0,0.5486767292022705,0.3413543999195099,0.0,0.5486767292022705,0.0001,0.0,12.842,1.7359,0.3135
827,stage1,0,0.416942834854126,0.3056093454360962,0.0,0.416942834854126,0.0001,0.0,12.847,1.5051,0.3141
828,stage1,0,0.417878121137619,0.3322063088417053,0.0,0.417878121137619,0.0001,0.0,12.84,1.2798,0.3144
829,stage1,0,0.4180780351161957,0.27565598487854004,0.0,0.4180780351161957,0.0001,0.0,12.85,1.4541,0.3139
830,stage1,0,0.3820907473564148,0.28939056396484375,0.0,0.3820907473564148,0.0001,0.0,12.844,1.1542,0.3144
831,stage1,0,0.40704894065856934,0.32381290197372437,0.0,0.40704894065856934,0.0001,0.0,12.841,1.0751,0.3146
832,stage1,0,0.47251632809638977,0.28747040033340454,0.0,0.47251632809638977,0.0001,0.0,12.846,1.443,5.526
833,stage1,0,0.41571614146232605,0.32392212748527527,0.0,0.41571614146232605,0.0001,0.0,12.843,1.2055,1.7963
834,stage1,0,0.45474526286125183,0.34543439745903015,0.0,0.45474526286125183,0.0001,0.0,12.849,1.5004,0.314
835,stage1,0,0.4262992739677429,0.290761262178421,0.0,0.4262992739677429,0.0001,0.0,12.844,1.2359,0.3138
836,stage1,0,0.44088441133499146,0.3280460834503174,0.0,0.44088441133499146,0.0001,0.0,12.839,0.9457,0.3142
837,stage1,0,0.42957428097724915,0.28757190704345703,0.0,0.42957428097724915,0.0001,0.0,12.853,1.0465,0.3161
838,stage1,0,0.43934521079063416,0.2728222906589508,0.0,0.43934521079063416,0.0001,0.0,12.839,1.0622,0.3145
839,stage1,0,0.39748239517211914,0.31144729256629944,0.0,0.39748239517211914,0.0001,0.0,12.839,1.0737,0.3144
840,stage1,0,0.441257506608963,0.3129352033138275,0.0,0.441257506608963,0.0001,0.0,12.84,1.0903,5.2885
841,stage1,0,0.4587877690792084,0.33818718791007996,0.0,0.4587877690792084,0.0001,0.0,12.841,1.0131,2.0397
842,stage1,0,0.39974889159202576,0.2861109972000122,0.0,0.39974889159202576,0.0001,0.0,12.841,1.1122,0.3135
843,stage1,0,0.3531854450702667,0.263613760471344,0.0,0.3531854450702667,0.0001,0.0,12.839,1.3052,0.314
844,stage1,0,0.38316771388053894,0.3039500117301941,0.0,0.38316771388053894,0.0001,0.0,12.848,1.1856,0.3138
845,stage1,0,0.416130930185318,0.3228212296962738,0.0,0.416130930185318,0.0001,0.0,12.841,1.1919,0.3135
846,stage1,0,0.4628744423389435,0.2723082900047302,0.0,0.4628744423389435,0.0001,0.0,12.84,1.788,0.314
847,stage1,0,0.43119484186172485,0.3123117685317993,0.0,0.43119484186172485,0.0001,0.0,12.851,1.1012,0.32
848,stage1,0,0.3973674476146698,0.2845315933227539,0.0,0.3973674476146698,0.0001,0.0,12.849,1.1908,5.0145
849,stage1,0,0.38611945509910583,0.29527705907821655,0.0,0.38611945509910583,0.0001,0.0,12.844,1.2708,2.1152
850,stage1,0,0.3799501657485962,0.30146998167037964,0.0,0.3799501657485962,0.0001,0.0,12.844,1.9092,0.3132
851,stage1,0,0.4486052095890045,0.3043380379676819,0.0,0.4486052095890045,0.0001,0.0,12.85,1.107,0.3131
852,stage1,0,0.40187394618988037,0.3309151232242584,0.0,0.40187394618988037,0.0001,0.0,12.854,1.7524,0.3139
853,stage1,0,0.4202578067779541,0.29352062940597534,0.0,0.4202578067779541,0.0001,0.0,12.845,1.5088,0.3142
854,stage1,0,0.4379902482032776,0.3152879774570465,0.0,0.4379902482032776,0.0001,0.0,12.844,1.8037,0.3136
855,stage1,0,0.4081643521785736,0.31293055415153503,0.0,0.4081643521785736,0.0001,0.0,12.836,1.5687,0.314
856,stage1,0,0.40265682339668274,0.32988879084587097,0.0,0.40265682339668274,0.0001,0.0,12.848,1.5217,4.8211
857,stage1,0,0.4598627984523773,0.3433288633823395,0.0,0.4598627984523773,0.0001,0.0,12.852,1.5149,2.3747
858,stage1,0,0.3999161124229431,0.3106507360935211,0.0,0.3999161124229431,0.0001,0.0,12.851,1.2459,0.3126
859,stage1,0,0.4381008446216583,0.3115435540676117,0.0,0.4381008446216583,0.0001,0.0,12.84,1.3345,0.314
860,stage1,0,0.46938928961753845,0.3136395812034607,0.0,0.46938928961753845,0.0001,0.0,12.843,1.3592,0.3136
861,stage1,0,0.45009997487068176,0.3096572160720825,0.0,0.45009997487068176,0.0001,0.0,12.847,1.406,0.3137
862,stage1,0,0.43033409118652344,0.3120899498462677,0.0,0.43033409118652344,0.0001,0.0,12.851,1.4983,0.3154
863,stage1,0,0.39808401465415955,0.3206714391708374,0.0,0.39808401465415955,0.0001,0.0,12.843,1.0182,0.3138
864,stage1,0,0.4354413151741028,0.34644731879234314,0.0,0.4354413151741028,0.0001,0.0,12.836,1.2856,4.7792
865,stage1,0,0.3981153964996338,0.31530216336250305,0.0,0.3981153964996338,0.0001,0.0,12.839,1.1431,2.5787
866,stage1,0,0.4296533167362213,0.3291507363319397,0.0,0.4296533167362213,0.0001,0.0,12.844,1.8541,0.3127
867,stage1,0,0.4457002580165863,0.26881980895996094,0.0,0.4457002580165863,0.0001,0.0,12.853,1.5102,0.3137
868,stage1,0,0.39781486988067627,0.32494431734085083,0.0,0.39781486988067627,0.0001,0.0,12.85,1.1249,0.3139
869,stage1,0,0.3949214220046997,0.2873835265636444,0.0,0.3949214220046997,0.0001,0.0,12.846,1.3463,0.3143
870,stage1,0,0.45630043745040894,0.3149943947792053,0.0,0.45630043745040894,0.0001,0.0,12.842,1.6172,0.3148
871,stage1,0,0.4818131923675537,0.3199958801269531,0.0,0.4818131923675537,0.0001,0.0,12.861,1.4086,0.3131
872,stage1,0,0.4354952275753021,0.33491161465644836,0.0,0.4354952275753021,0.0001,0.0,12.846,1.6426,4.7145
873,stage1,0,0.4120596647262573,0.3484654128551483,0.0,0.4120596647262573,0.0001,0.0,12.846,1.5842,2.3262
874,stage1,0,0.45905449986457825,0.2913123071193695,0.0,0.45905449986457825,0.0001,0.0,12.853,1.4617,0.313
875,stage1,0,0.4236425459384918,0.3665526211261749,0.0,0.4236425459384918,0.0001,0.0,12.845,1.2631,0.3148
876,stage1,0,0.4033629894256592,0.3182733356952667,0.0,0.4033629894256592,0.0001,0.0,12.84,2.8134,0.3144
877,stage1,0,0.4173249304294586,0.295775830745697,0.0,0.4173249304294586,0.0001,0.0,12.849,1.9869,0.3141
878,stage1,0,0.4408613443374634,0.32266804575920105,0.0,0.4408613443374634,0.0001,0.0,12.841,1.6869,0.314
879,stage1,0,0.41685912013053894,0.3304538130760193,0.0,0.41685912013053894,0.0001,0.0,12.834,1.2928,0.3143
880,stage1,0,0.4955798387527466,0.2990662753582001,0.0,0.4955798387527466,0.0001,0.0,12.851,1.5663,4.8741
881,stage1,0,0.3758401870727539,0.2749146819114685,0.0,0.3758401870727539,0.0001,0.0,12.852,1.937,2.1573
882,stage1,0,0.49363839626312256,0.31878161430358887,0.0,0.49363839626312256,0.0001,0.0,12.857,2.4521,0.3134
883,stage1,0,0.3957127630710602,0.32636502385139465,0.0,0.3957127630710602,0.0001,0.0,12.845,1.4231,0.3134
884,stage1,0,0.43671292066574097,0.31281670928001404,0.0,0.43671292066574097,0.0001,0.0,12.853,1.368,0.3134
885,stage1,0,0.40812546014785767,0.3022367060184479,0.0,0.40812546014785767,0.0001,0.0,12.838,1.3623,0.3138
886,stage1,0,0.38970232009887695,0.3296690881252289,0.0,0.38970232009887695,0.0001,0.0,12.847,1.9834,0.3138
887,stage1,0,0.45079320669174194,0.3149400055408478,0.0,0.45079320669174194,0.0001,0.0,12.842,2.0934,0.3149
888,stage1,0,0.4474828839302063,0.3063768446445465,0.0,0.4474828839302063,0.0001,0.0,12.845,1.5391,5.1466
889,stage1,0,0.4336503744125366,0.3225497603416443,0.0,0.4336503744125366,0.0001,0.0,12.84,1.0772,1.9586
890,stage1,0,0.4329151511192322,0.32212594151496887,0.0,0.4329151511192322,0.0001,0.0,12.838,1.1297,0.3123
891,stage1,0,0.45332252979278564,0.2762799859046936,0.0,0.45332252979278564,0.0001,0.0,12.847,1.3934,0.3132
892,stage1,0,0.389102965593338,0.26685264706611633,0.0,0.389102965593338,0.0001,0.0,12.842,1.435,0.3139
893,stage1,0,0.4039424657821655,0.29991117119789124,0.0,0.4039424657821655,0.0001,0.0,12.842,1.4586,0.3146
894,stage1,0,0.47563087940216064,0.3816677927970886,0.0,0.47563087940216064,0.0001,0.0,12.837,1.3225,0.3144
895,stage1,0,0.4147358238697052,0.29893985390663147,0.0,0.4147358238697052,0.0001,0.0,12.85,1.2277,0.3138
896,stage1,0,0.43413305282592773,0.28819072246551514,0.0,0.43413305282592773,0.0001,0.0,12.845,0.968,5.0531
897,stage1,0,0.40885841846466064,0.2856298089027405,0.0,0.40885841846466064,0.0001,0.0,12.839,1.3523,2.0107
898,stage1,0,0.4104335308074951,0.29058924317359924,0.0,0.4104335308074951,0.0001,0.0,12.854,1.2881,0.3135
899,stage1,0,0.42024633288383484,0.27617818117141724,0.0,0.42024633288383484,0.0001,0.0,12.846,1.2889,0.3136
900,stage1,0,0.39978307485580444,0.32971861958503723,0.0,0.39978307485580444,0.0001,0.0,12.836,1.1969,0.3132
901,stage1,0,0.43400290608406067,0.2800416052341461,0.0,0.43400290608406067,0.0001,0.0,12.844,0.895,0.3139
902,stage1,0,0.41665637493133545,0.2907642126083374,0.0,0.41665637493133545,0.0001,0.0,12.836,1.0228,0.3138
903,stage1,0,0.3918263912200928,0.3109639585018158,0.0,0.3918263912200928,0.0001,0.0,12.844,0.8871,0.3143
904,stage1,0,0.3930650055408478,0.29817381501197815,0.0,0.3930650055408478,0.0001,0.0,12.848,1.0577,5.1294
905,stage1,0,0.3326842188835144,0.3276214301586151,0.0,0.3326842188835144,0.0001,0.0,12.848,1.0224,1.9874
906,stage1,0,0.41371843218803406,0.32695913314819336,0.0,0.41371843218803406,0.0001,0.0,12.841,1.5291,0.3131
907,stage1,0,0.429775208234787,0.2800564765930176,0.0,0.429775208234787,0.0001,0.0,12.843,1.6349,0.3131
908,stage1,0,0.4397014379501343,0.281280517578125,0.0,0.4397014379501343,0.0001,0.0,12.846,1.441,0.3135
909,stage1,0,0.45284441113471985,0.3559260368347168,0.0,0.45284441113471985,0.0001,0.0,12.846,1.1412,0.3147
910,stage1,0,0.541409969329834,0.32993024587631226,0.0,0.541409969329834,0.0001,0.0,12.851,1.6692,0.3133
911,stage1,0,0.4260937571525574,0.2903009355068207,0.0,0.4260937571525574,0.0001,0.0,12.847,2.0694,0.3141
912,stage1,0,0.37706026434898376,0.2990497648715973,0.0,0.37706026434898376,0.0001,0.0,12.845,1.3482,5.4541
913,stage1,0,0.42279329895973206,0.26217469573020935,0.0,0.42279329895973206,0.0001,0.0,12.844,1.115,1.6751
914,stage1,0,0.4142562448978424,0.3086753487586975,0.0,0.4142562448978424,0.0001,0.0,12.843,1.7683,0.4376
915,stage1,0,0.442868709564209,0.31411099433898926,0.0,0.442868709564209,0.0001,0.0,12.85,2.0629,0.3131
916,stage1,0,0.3961964547634125,0.28883007168769836,0.0,0.3961964547634125,0.0001,0.0,12.852,1.3669,0.3131
917,stage1,0,0.43271422386169434,0.318231999874115,0.0,0.43271422386169434,0.0001,0.0,12.836,0.9497,0.3135
918,stage1,0,0.4070502817630768,0.31972718238830566,0.0,0.4070502817630768,0.0001,0.0,12.846,1.1706,0.3138
919,stage1,0,0.41377678513526917,0.3031432628631592,0.0,0.41377678513526917,0.0001,0.0,12.833,1.0993,0.314
920,stage1,0,0.4212360978126526,0.30577796697616577,0.0,0.4212360978126526,0.0001,0.0,12.848,1.4846,5.2096
921,stage1,0,0.431623250246048,0.30360472202301025,0.0,0.431623250246048,0.0001,0.0,12.848,1.6234,1.645
922,stage1,0,0.3869171440601349,0.2895159125328064,0.0,0.3869171440601349,0.0001,0.0,12.833,1.4337,0.6237
923,stage1,0,0.46896618604660034,0.2789430618286133,0.0,0.46896618604660034,0.0001,0.0,12.838,2.0644,0.3128
924,stage1,0,0.38156232237815857,0.3002071678638458,0.0,0.38156232237815857,0.0001,0.0,12.847,1.2098,0.3143
925,stage1,0,0.4787522554397583,0.325218141078949,0.0,0.4787522554397583,0.0001,0.0,12.843,1.4216,0.3135
926,stage1,0,0.45975977182388306,0.32417094707489014,0.0,0.45975977182388306,0.0001,0.0,12.846,1.6851,0.3145
927,stage1,0,0.3987208604812622,0.2850511372089386,0.0,0.3987208604812622,0.0001,0.0,12.838,1.035,0.3139
928,stage1,0,0.4162600040435791,0.2765100598335266,0.0,0.4162600040435791,0.0001,0.0,12.841,1.3134,5.1437
929,stage1,0,0.39818984270095825,0.28073650598526,0.0,0.39818984270095825,0.0001,0.0,12.84,1.3893,1.6991
930,stage1,0,0.45896920561790466,0.2894502878189087,0.0,0.45896920561790466,0.0001,0.0,12.846,1.3648,0.8941
931,stage1,0,0.39427968859672546,0.30134811997413635,0.0,0.39427968859672546,0.0001,0.0,12.842,0.9695,0.3134
932,stage1,0,0.4814777374267578,0.28462186455726624,0.0,0.4814777374267578,0.0001,0.0,12.841,1.1421,0.3132
933,stage1,0,0.446364164352417,0.3125477731227875,0.0,0.446364164352417,0.0001,0.0,12.84,1.7786,0.3145
934,stage1,0,0.3836306035518646,0.27375808358192444,0.0,0.3836306035518646,0.0001,0.0,12.858,1.0426,0.314
935,stage1,0,0.4817292392253876,0.2917173504829407,0.0,0.4817292392253876,0.0001,0.0,12.845,1.1265,0.314
936,stage1,0,0.4814513027667999,0.33708199858665466,0.0,0.4814513027667999,0.0001,0.0,12.843,1.5681,4.6174
937,stage1,0,0.3540407121181488,0.2915901839733124,0.0,0.3540407121181488,0.0001,0.0,12.837,1.1168,2.1543
938,stage1,0,0.42432257533073425,0.2785440683364868,0.0,0.42432257533073425,0.0001,0.0,12.843,1.6333,0.9214
939,stage1,0,0.420759916305542,0.316611647605896,0.0,0.420759916305542,0.0001,0.0,12.847,1.125,0.3137
940,stage1,0,0.3796049952507019,0.2511526048183441,0.0,0.3796049952507019,0.0001,0.0,12.847,1.1092,0.3139
941,stage1,0,0.4955754578113556,0.2753278911113739,0.0,0.4955754578113556,0.0001,0.0,12.848,1.3464,0.3136
942,stage1,0,0.4089266061782837,0.2903428077697754,0.0,0.4089266061782837,0.0001,0.0,12.852,1.1661,0.3141
943,stage1,0,0.41424304246902466,0.31145933270454407,0.0,0.41424304246902466,0.0001,0.0,12.835,1.3265,0.3135
944,stage1,0,0.39743661880493164,0.29074984788894653,0.0,0.39743661880493164,0.0001,0.0,12.835,1.0705,4.4532
945,stage1,0,0.4153473973274231,0.29124540090560913,0.0,0.4153473973274231,0.0001,0.0,12.839,1.0242,2.1615
946,stage1,0,0.3852584958076477,0.2988245189189911,0.0,0.3852584958076477,0.0001,0.0,12.846,1.0493,0.8265
947,stage1,0,0.44986042380332947,0.29060280323028564,0.0,0.44986042380332947,0.0001,0.0,12.84,0.9005,0.3137
948,stage1,0,0.4119824767112732,0.2822128236293793,0.0,0.4119824767112732,0.0001,0.0,12.828,1.1119,0.3138
949,stage1,0,0.3989850878715515,0.27936598658561707,0.0,0.3989850878715515,0.0001,0.0,12.847,1.218,0.3147
950,stage1,0,0.4483000934123993,0.2777665853500366,0.0,0.4483000934123993,0.0001,0.0,12.836,1.0986,0.3141
951,stage1,0,0.4046151340007782,0.2785756587982178,0.0,0.4046151340007782,0.0001,0.0,12.852,1.4495,0.3148
952,stage1,0,0.37973713874816895,0.30949667096138,0.0,0.37973713874816895,0.0001,0.0,12.835,0.7606,4.5455
953,stage1,0,0.43575841188430786,0.2915809452533722,0.0,0.43575841188430786,0.0001,0.0,12.851,1.1607,2.0031
954,stage1,0,0.47957906126976013,0.30560046434402466,0.0,0.47957906126976013,0.0001,0.0,12.833,1.2794,0.9751
955,stage1,0,0.43452775478363037,0.3364415168762207,0.0,0.43452775478363037,0.0001,0.0,12.834,1.2784,0.314
956,stage1,0,0.42192596197128296,0.31131261587142944,0.0,0.42192596197128296,0.0001,0.0,12.843,1.2073,0.315
957,stage1,0,0.46831727027893066,0.3000357747077942,0.0,0.46831727027893066,0.0001,0.0,12.85,1.4046,0.3142
958,stage1,0,0.464603990316391,0.2855966091156006,0.0,0.464603990316391,0.0001,0.0,12.845,1.2227,0.3146
959,stage1,0,0.43642014265060425,0.32948949933052063,0.0,0.43642014265060425,0.0001,0.0,12.849,1.4071,0.3146
960,stage1,0,0.44182267785072327,0.33600354194641113,0.0,0.44182267785072327,0.0001,0.0,12.842,0.9291,4.4117
961,stage1,0,0.4039948880672455,0.27950191497802734,0.0,0.4039948880672455,0.0001,0.0,12.84,1.0205,2.1932
962,stage1,0,0.3907238841056824,0.3032127022743225,0.0,0.3907238841056824,0.0001,0.0,12.851,0.985,0.9773
963,stage1,0,0.43394821882247925,0.2952730357646942,0.0,0.43394821882247925,0.0001,0.0,12.843,1.6674,0.3137
964,stage1,0,0.4522947371006012,0.2878819406032562,0.0,0.4522947371006012,0.0001,0.0,12.838,1.724,0.3162
965,stage1,0,0.42191824316978455,0.29165908694267273,0.0,0.42191824316978455,0.0001,0.0,12.852,1.0552,0.3147
966,stage1,0,0.3959147334098816,0.28949055075645447,0.0,0.3959147334098816,0.0001,0.0,12.846,1.2816,0.314
967,stage1,0,0.44520801305770874,0.278762549161911,0.0,0.44520801305770874,0.0001,0.0,12.843,1.2535,0.3143
968,stage1,0,0.42932382225990295,0.26559141278266907,0.0,0.42932382225990295,0.0001,0.0,12.845,1.001,4.3941
969,stage1,0,0.38765639066696167,0.28221574425697327,0.0,0.38765639066696167,0.0001,0.0,12.845,0.8799,2.2567
970,stage1,0,0.37581655383110046,0.29955974221229553,0.0,0.37581655383110046,0.0001,0.0,12.843,1.059,0.7654
971,stage1,0,0.4974304735660553,0.318546861410141,0.0,0.4974304735660553,0.0001,0.0,12.841,1.3222,0.3131
972,stage1,0,0.3855140209197998,0.2836519777774811,0.0,0.3855140209197998,0.0001,0.0,12.843,1.6759,0.3145
973,stage1,0,0.37820300459861755,0.3049708306789398,0.0,0.37820300459861755,0.0001,0.0,12.839,1.1226,0.314
974,stage1,0,0.4367554485797882,0.32838594913482666,0.0,0.4367554485797882,0.0001,0.0,12.843,1.2506,0.3139
975,stage1,0,0.39915817975997925,0.30422404408454895,0.0,0.39915817975997925,0.0001,0.0,12.841,0.9353,0.3142
976,stage1,0,0.45006561279296875,0.32954153418540955,0.0,0.45006561279296875,0.0001,0.0,12.847,1.7513,4.6462
977,stage1,0,0.43849584460258484,0.25716206431388855,0.0,0.43849584460258484,0.0001,0.0,12.849,1.7676,2.1896
978,stage1,0,0.4541608393192291,0.29078179597854614,0.0,0.4541608393192291,0.0001,0.0,12.843,0.927,0.7472
979,stage1,0,0.4375957250595093,0.28731027245521545,0.0,0.4375957250595093,0.0001,0.0,12.856,1.2314,0.314
980,stage1,0,0.3850432336330414,0.301778107881546,0.0,0.3850432336330414,0.0001,0.0,12.848,1.5105,0.3143
981,stage1,0,0.4617319405078888,0.28141576051712036,0.0,0.4617319405078888,0.0001,0.0,12.848,1.5475,0.3135
982,stage1,0,0.3768748342990875,0.2779420018196106,0.0,0.3768748342990875,0.0001,0.0,12.843,1.1187,0.314
983,stage1,0,0.4633510112762451,0.31262484192848206,0.0,0.4633510112762451,0.0001,0.0,12.848,1.3244,0.3148
984,stage1,0,0.4619235396385193,0.3239094018936157,0.0,0.4619235396385193,0.0001,0.0,12.837,0.8815,5.0093
985,stage1,0,0.39600399136543274,0.30931317806243896,0.0,0.39600399136543274,0.0001,0.0,12.842,1.1491,1.733
986,stage1,0,0.40666231513023376,0.2850324213504791,0.0,0.40666231513023376,0.0001,0.0,12.853,1.0521,0.7766
987,stage1,0,0.3749486804008484,0.32596373558044434,0.0,0.3749486804008484,0.0001,0.0,12.844,0.9208,0.3133
988,stage1,0,0.4042738378047943,0.29318520426750183,0.0,0.4042738378047943,0.0001,0.0,12.843,0.885,0.314
989,stage1,0,0.410580575466156,0.2930881083011627,0.0,0.410580575466156,0.0001,0.0,12.842,1.3507,0.3138
990,stage1,0,0.409578800201416,0.32453465461730957,0.0,0.409578800201416,0.0001,0.0,12.833,1.1569,0.3142
991,stage1,0,0.41509756445884705,0.31844013929367065,0.0,0.41509756445884705,0.0001,0.0,12.846,1.2281,0.3138
992,stage1,0,0.39979037642478943,0.3064190447330475,0.0,0.39979037642478943,0.0001,0.0,12.844,1.0575,5.1207
993,stage1,0,0.3903745412826538,0.31694841384887695,0.0,0.3903745412826538,0.0001,0.0,12.841,1.5862,1.9318
994,stage1,0,0.44062092900276184,0.311455637216568,0.0,0.44062092900276184,0.0001,0.0,12.849,1.6618,0.3145
995,stage1,0,0.3991760313510895,0.29272451996803284,0.0,0.3991760313510895,0.0001,0.0,12.847,0.9723,0.3137
996,stage1,0,0.4170753061771393,0.30533257126808167,0.0,0.4170753061771393,0.0001,0.0,12.848,1.6709,0.3146
997,stage1,0,0.43085089325904846,0.29961976408958435,0.0,0.43085089325904846,0.0001,0.0,12.843,1.0994,0.3141
998,stage1,0,0.420216828584671,0.317824125289917,0.0,0.420216828584671,0.0001,0.0,12.853,1.555,0.3137
999,stage1,0,0.404815673828125,0.3105041980743408,0.0,0.404815673828125,0.0001,0.0,12.849,1.2683,0.3148
1000,stage1,0,0.3914799690246582,0.2519983947277069,0.0,0.3914799690246582,0.0001,0.0,12.844,0.8589,5.3018
1001,stage1,0,0.3973435163497925,0.30867239832878113,0.0,0.3973435163497925,0.0001,0.0,12.856,1.7498,2.0011
1002,stage1,0,0.49073776602745056,0.32415881752967834,0.0,0.49073776602745056,0.0001,0.0,12.839,1.5776,0.3125
1003,stage1,0,0.4345267713069916,0.30708467960357666,0.0,0.4345267713069916,0.0001,0.0,12.836,1.2712,0.3127
1004,stage1,0,0.4428039491176605,0.2517548203468323,0.0,0.4428039491176605,0.0001,0.0,12.839,1.1332,0.3131
1005,stage1,0,0.40978339314460754,0.33716586232185364,0.0,0.40978339314460754,0.0001,0.0,12.849,1.5151,0.3133
1006,stage1,0,0.4046880304813385,0.2831062376499176,0.0,0.4046880304813385,0.0001,0.0,12.845,1.2611,0.313
1007,stage1,0,0.3746035099029541,0.3158487379550934,0.0,0.3746035099029541,0.0001,0.0,12.843,1.4207,0.3134
1008,stage1,0,0.4249747097492218,0.30803778767585754,0.0,0.4249747097492218,0.0001,0.0,12.847,1.7416,5.157
1009,stage1,0,0.40739181637763977,0.2905293107032776,0.0,0.40739181637763977,0.0001,0.0,12.843,1.2065,1.8107
1010,stage1,0,0.4015638530254364,0.3089156150817871,0.0,0.4015638530254364,0.0001,0.0,12.835,1.0203,0.6382
1011,stage1,0,0.46319612860679626,0.2851327061653137,0.0,0.46319612860679626,0.0001,0.0,12.843,1.8063,0.3136
1012,stage1,0,0.36488768458366394,0.30875110626220703,0.0,0.36488768458366394,0.0001,0.0,12.843,0.9911,0.3149
1013,stage1,0,0.3921441435813904,0.29389145970344543,0.0,0.3921441435813904,0.0001,0.0,12.842,1.0618,0.3143
1014,stage1,0,0.4098205268383026,0.3026444911956787,0.0,0.4098205268383026,0.0001,0.0,12.842,1.749,0.3149
1015,stage1,0,0.43208935856819153,0.3270080089569092,0.0,0.43208935856819153,0.0001,0.0,12.837,1.7644,0.3149
1016,stage1,0,0.41501134634017944,0.30201929807662964,0.0,0.41501134634017944,0.0001,0.0,12.846,1.2382,5.2337
1017,stage1,0,0.41738396883010864,0.30840110778808594,0.0,0.41738396883010864,0.0001,0.0,12.843,1.1204,1.6003
1018,stage1,0,0.4563803970813751,0.32015013694763184,0.0,0.4563803970813751,0.0001,0.0,12.841,1.2969,0.7668
1019,stage1,0,0.4286874532699585,0.3265630602836609,0.0,0.4286874532699585,0.0001,0.0,12.843,1.0763,0.3137
1020,stage1,0,0.3887551724910736,0.2814311981201172,0.0,0.3887551724910736,0.0001,0.0,12.849,0.9511,0.3137
1021,stage1,0,0.442330002784729,0.290019690990448,0.0,0.442330002784729,0.0001,0.0,12.847,1.57,0.3141
1022,stage1,0,0.49537429213523865,0.386890709400177,0.0,0.49537429213523865,0.0001,0.0,12.839,1.5546,0.3145
1023,stage1,0,0.42073920369148254,0.326210081577301,0.0,0.42073920369148254,0.0001,0.0,12.853,1.1453,0.3142
1024,stage1,0,0.4407445788383484,0.3014928996562958,0.0,0.4407445788383484,0.0001,0.0,12.851,1.3559,5.0994
1025,stage1,0,0.40124639868736267,0.25865623354911804,0.0,0.40124639868736267,0.0001,0.0,12.851,1.2328,1.3714
1026,stage1,0,0.36961594223976135,0.25203606486320496,0.0,0.36961594223976135,0.0001,0.0,12.842,1.1946,0.9561
1027,stage1,0,0.44141286611557007,0.321247935295105,0.0,0.44141286611557007,0.0001,0.0,12.838,1.062,0.3137
1028,stage1,0,0.4333990216255188,0.31527262926101685,0.0,0.4333990216255188,0.0001,0.0,12.839,1.4818,0.3137
1029,stage1,0,0.4092608690261841,0.3044648766517639,0.0,0.4092608690261841,0.0001,0.0,12.844,1.2862,0.3139
1030,stage1,0,0.39994382858276367,0.3031127452850342,0.0,0.39994382858276367,0.0001,0.0,12.84,1.2062,0.3145
1031,stage1,0,0.47141119837760925,0.3146302402019501,0.0,0.47141119837760925,0.0001,0.0,12.848,1.73,0.3141
1032,stage1,0,0.41286805272102356,0.2842103838920593,0.0,0.41286805272102356,0.0001,0.0,12.851,1.0865,5.225
1033,stage1,0,0.3883773386478424,0.31173741817474365,0.0,0.3883773386478424,0.0001,0.0,12.849,0.9572,1.3049
1034,stage1,0,0.4139646589756012,0.33080944418907166,0.0,0.4139646589756012,0.0001,0.0,12.847,1.4051,0.8921
1035,stage1,0,0.4411333203315735,0.2795713543891907,0.0,0.4411333203315735,0.0001,0.0,12.846,1.2709,0.3137
1036,stage1,0,0.33776721358299255,0.27705124020576477,0.0,0.33776721358299255,0.0001,0.0,12.849,1.2257,0.314
1037,stage1,0,0.3509725332260132,0.3026899993419647,0.0,0.3509725332260132,0.0001,0.0,12.852,0.9206,0.3137
1038,stage1,0,0.36242228746414185,0.29429957270622253,0.0,0.36242228746414185,0.0001,0.0,12.841,1.299,0.3142
1039,stage1,0,0.4120730757713318,0.27991044521331787,0.0,0.4120730757713318,0.0001,0.0,12.852,1.4546,0.3146
1040,stage1,0,0.408761203289032,0.3161665201187134,0.0,0.408761203289032,0.0001,0.0,12.846,1.3893,5.2325
1041,stage1,0,0.37299302220344543,0.2817731499671936,0.0,0.37299302220344543,0.0001,0.0,12.838,0.8912,1.5419
1042,stage1,0,0.4455183148384094,0.31690075993537903,0.0,0.4455183148384094,0.0001,0.0,12.846,1.2858,0.5569
1043,stage1,0,0.4521806836128235,0.2995116114616394,0.0,0.4521806836128235,0.0001,0.0,12.856,1.568,0.3135
1044,stage1,0,0.5043384432792664,0.2957322895526886,0.0,0.5043384432792664,0.0001,0.0,12.846,1.3813,0.3147
1045,stage1,0,0.41416409611701965,0.2742167115211487,0.0,0.41416409611701965,0.0001,0.0,12.848,0.8924,0.3139
1046,stage1,0,0.4517156779766083,0.30711957812309265,0.0,0.4517156779766083,0.0001,0.0,12.846,1.4087,0.3145
1047,stage1,0,0.4129553735256195,0.30219992995262146,0.0,0.4129553735256195,0.0001,0.0,12.847,1.2887,0.3146
1048,stage1,0,0.4079808294773102,0.30942898988723755,0.0,0.4079808294773102,0.0001,0.0,12.841,1.0833,5.4174
1049,stage1,0,0.3976958394050598,0.2935574948787689,0.0,0.3976958394050598,0.0001,0.0,12.851,1.1098,1.4206
1050,stage1,0,0.4300832450389862,0.2890060544013977,0.0,0.4300832450389862,0.0001,0.0,12.838,1.1652,0.4022
1051,stage1,0,0.4646087884902954,0.31799355149269104,0.0,0.4646087884902954,0.0001,0.0,12.838,1.2102,0.3135
1052,stage1,0,0.46629151701927185,0.2935658395290375,0.0,0.46629151701927185,0.0001,0.0,12.843,1.0924,0.3137
1053,stage1,0,0.4707413911819458,0.3284313380718231,0.0,0.4707413911819458,0.0001,0.0,12.846,1.2393,0.3142
1054,stage1,0,0.4228932857513428,0.3437984883785248,0.0,0.4228932857513428,0.0001,0.0,12.837,1.8436,0.3147
1055,stage1,0,0.4544278383255005,0.29939964413642883,0.0,0.4544278383255005,0.0001,0.0,12.851,0.8626,0.3152
1056,stage1,0,0.4501720070838928,0.3100284934043884,0.0,0.4501720070838928,0.0001,0.0,12.855,1.4739,5.9481
1057,stage1,0,0.46375328302383423,0.30206045508384705,0.0,0.46375328302383423,0.0001,0.0,12.846,1.0186,1.1684
1058,stage1,0,0.43000882863998413,0.3106016218662262,0.0,0.43000882863998413,0.0001,0.0,12.846,0.9444,0.3131
1059,stage1,0,0.4963320195674896,0.2819904386997223,0.0,0.4963320195674896,0.0001,0.0,12.842,1.4411,0.3136
1060,stage1,0,0.455199271440506,0.3220876157283783,0.0,0.455199271440506,0.0001,0.0,12.837,1.2048,0.3148
1061,stage1,0,0.39007866382598877,0.30286920070648193,0.0,0.39007866382598877,0.0001,0.0,12.843,0.8016,0.3137
1062,stage1,0,0.42248591780662537,0.27189260721206665,0.0,0.42248591780662537,0.0001,0.0,12.83,1.3232,0.3144
1063,stage1,0,0.42722877860069275,0.29671451449394226,0.0,0.42722877860069275,0.0001,0.0,12.84,1.7372,0.3143
1064,stage1,0,0.42665040493011475,0.3178129494190216,0.0,0.42665040493011475,0.0001,0.0,12.834,1.045,6.0276
1065,stage1,0,0.38837066292762756,0.2869182229042053,0.0,0.38837066292762756,0.0001,0.0,12.84,0.9555,1.2245
1066,stage1,0,0.44770675897598267,0.3203316628932953,0.0,0.44770675897598267,0.0001,0.0,12.853,1.3851,0.3134
1067,stage1,0,0.4425398111343384,0.35109758377075195,0.0,0.4425398111343384,0.0001,0.0,12.843,1.0828,0.314
1068,stage1,0,0.42064666748046875,0.2897278964519501,0.0,0.42064666748046875,0.0001,0.0,12.844,0.9954,0.3134
1069,stage1,0,0.4339432418346405,0.31730544567108154,0.0,0.4339432418346405,0.0001,0.0,12.842,1.026,0.3144
1070,stage1,0,0.4004146158695221,0.308305948972702,0.0,0.4004146158695221,0.0001,0.0,12.841,1.0977,0.3144
1071,stage1,0,0.42397943139076233,0.3206443786621094,0.0,0.42397943139076233,0.0001,0.0,12.846,1.3931,0.314
1072,stage1,0,0.44831380248069763,0.3073655366897583,0.0,0.44831380248069763,0.0001,0.0,12.837,1.5109,5.9588
1073,stage1,0,0.42789044976234436,0.28895193338394165,0.0,0.42789044976234436,0.0001,0.0,12.843,0.9767,1.5673
1074,stage1,0,0.3890215754508972,0.3074020743370056,0.0,0.3890215754508972,0.0001,0.0,12.849,1.7131,0.3134
1075,stage1,0,0.422909677028656,0.28035271167755127,0.0,0.422909677028656,0.0001,0.0,12.847,1.095,0.3149
1076,stage1,0,0.3963566720485687,0.3100155293941498,0.0,0.3963566720485687,0.0001,0.0,12.848,0.9334,0.3142
1077,stage1,0,0.47303223609924316,0.306564062833786,0.0,0.47303223609924316,0.0001,0.0,12.842,1.2871,0.3136
1078,stage1,0,0.4409446120262146,0.3115262985229492,0.0,0.4409446120262146,0.0001,0.0,12.845,1.5218,0.315
1079,stage1,0,0.3679044246673584,0.30898258090019226,0.0,0.3679044246673584,0.0001,0.0,12.837,1.3715,0.3145
1080,stage1,0,0.4160240590572357,0.3321937024593353,0.0,0.4160240590572357,0.0001,0.0,12.829,0.9614,5.7745
1081,stage1,0,0.37037917971611023,0.309193879365921,0.0,0.37037917971611023,0.0001,0.0,12.831,1.392,1.7849
1082,stage1,0,0.4221462905406952,0.29755258560180664,0.0,0.4221462905406952,0.0001,0.0,12.84,1.271,0.3142
1083,stage1,0,0.38276684284210205,0.27801215648651123,0.0,0.38276684284210205,0.0001,0.0,12.842,1.2227,0.314
1084,stage1,0,0.4733489751815796,0.30141907930374146,0.0,0.4733489751815796,0.0001,0.0,12.849,1.5352,0.3138
1085,stage1,0,0.4230111539363861,0.3387945890426636,0.0,0.4230111539363861,0.0001,0.0,12.853,1.1964,0.3147
1086,stage1,0,0.35572734475135803,0.32809001207351685,0.0,0.35572734475135803,0.0001,0.0,12.843,1.2544,0.3149
1087,stage1,0,0.33218663930892944,0.2772391140460968,0.0,0.33218663930892944,0.0001,0.0,12.845,1.1174,0.3151
1088,stage1,0,0.4066046476364136,0.2999202311038971,0.0,0.4066046476364136,0.0001,0.0,12.841,1.2054,5.2586
1089,stage1,0,0.41184738278388977,0.299116849899292,0.0,0.41184738278388977,0.0001,0.0,12.848,1.3731,1.7342
1090,stage1,0,0.44926917552948,0.290218710899353,0.0,0.44926917552948,0.0001,0.0,12.846,1.2196,0.3135
1091,stage1,0,0.4048517048358917,0.31143903732299805,0.0,0.4048517048358917,0.0001,0.0,12.849,1.2826,0.3133
1092,stage1,0,0.4095197916030884,0.2636546790599823,0.0,0.4095197916030884,0.0001,0.0,12.85,1.125,0.3138
1093,stage1,0,0.3987676799297333,0.31765735149383545,0.0,0.3987676799297333,0.0001,0.0,12.846,1.0038,0.3139
1094,stage1,0,0.42001575231552124,0.32004842162132263,0.0,0.42001575231552124,0.0001,0.0,12.843,1.0038,0.3169
1095,stage1,0,0.3829962909221649,0.2791103720664978,0.0,0.3829962909221649,0.0001,0.0,12.848,0.7711,0.313
1096,stage1,0,0.3871814012527466,0.32006099820137024,0.0,0.3871814012527466,0.0001,0.0,12.842,0.9808,5.2514
1097,stage1,0,0.3749527335166931,0.2925928831100464,0.0,0.3749527335166931,0.0001,0.0,12.842,1.2231,1.3696
1098,stage1,0,0.4829380214214325,0.2851463258266449,0.0,0.4829380214214325,0.0001,0.0,12.838,1.5099,0.3112
1099,stage1,0,0.4283168613910675,0.3018953502178192,0.0,0.4283168613910675,0.0001,0.0,12.838,0.8572,0.3111
1100,stage1,0,0.3316754996776581,0.30722400546073914,0.0,0.3316754996776581,0.0001,0.0,12.84,1.27,0.3109
1101,stage1,0,0.40914979577064514,0.2636515200138092,0.0,0.40914979577064514,0.0001,0.0,12.844,1.6798,0.3108
1102,stage1,0,0.4269716739654541,0.3243492841720581,0.0,0.4269716739654541,0.0001,0.0,12.838,1.0595,0.3122
1103,stage1,1,0.4344486892223358,0.3379231095314026,0.0,0.4344486892223358,0.0001,0.0,12.843,1.5276,10.9085
1104,stage1,1,0.3810727000236511,0.3109484910964966,0.0,0.3810727000236511,0.0001,0.0,12.835,1.0392,0.3186
1105,stage1,1,0.3608122766017914,0.2780126929283142,0.0,0.3608122766017914,0.0001,0.0,12.841,1.3292,0.3134
1106,stage1,1,0.37546876072883606,0.2712078392505646,0.0,0.37546876072883606,0.0001,0.0,12.838,0.9992,0.314
1107,stage1,1,0.4252106547355652,0.27256500720977783,0.0,0.4252106547355652,0.0001,0.0,12.838,1.1207,0.3141
1108,stage1,1,0.41779324412345886,0.286039263010025,0.0,0.41779324412345886,0.0001,0.0,12.838,1.2717,0.3138
1109,stage1,1,0.39092376828193665,0.30766531825065613,0.0,0.39092376828193665,0.0001,0.0,12.834,0.9184,0.3132
1110,stage1,1,0.3933890163898468,0.3097027838230133,0.0,0.3933890163898468,0.0001,0.0,12.836,1.3511,0.314
1111,stage1,1,0.40019431710243225,0.33082613348960876,0.0,0.40019431710243225,0.0001,0.0,12.84,1.2894,7.2542
1112,stage1,1,0.35762181878089905,0.319487065076828,0.0,0.35762181878089905,0.0001,0.0,12.853,1.2157,0.3136
1113,stage1,1,0.373788058757782,0.3040476441383362,0.0,0.373788058757782,0.0001,0.0,12.84,1.3555,0.3166
1114,stage1,1,0.4498239755630493,0.27793654799461365,0.0,0.4498239755630493,0.0001,0.0,12.845,1.0675,0.3129
1115,stage1,1,0.4104631543159485,0.26883894205093384,0.0,0.4104631543159485,0.0001,0.0,12.841,1.5047,0.3147
1116,stage1,1,0.4113253355026245,0.2935682237148285,0.0,0.4113253355026245,0.0001,0.0,12.84,1.2664,0.3136
1117,stage1,1,0.4060705304145813,0.29749372601509094,0.0,0.4060705304145813,0.0001,0.0,12.834,1.2779,0.3139
1118,stage1,1,0.3958084285259247,0.2969512641429901,0.0,0.3958084285259247,0.0001,0.0,12.848,0.9609,0.3137
1119,stage1,1,0.3818172216415405,0.33045172691345215,0.0,0.3818172216415405,0.0001,0.0,12.842,0.8376,7.1592
1120,stage1,1,0.3401440978050232,0.30193325877189636,0.0,0.3401440978050232,0.0001,0.0,12.842,1.2879,0.313
1121,stage1,1,0.4468991160392761,0.2659481167793274,0.0,0.4468991160392761,0.0001,0.0,12.84,1.3895,0.3131
1122,stage1,1,0.334777295589447,0.3189499080181122,0.0,0.334777295589447,0.0001,0.0,12.838,1.0306,0.3142
1123,stage1,1,0.4059373140335083,0.2905544936656952,0.0,0.4059373140335083,0.0001,0.0,12.835,1.0999,0.3141
1124,stage1,1,0.38196849822998047,0.32184216380119324,0.0,0.38196849822998047,0.0001,0.0,12.847,1.0353,0.3142
1125,stage1,1,0.39384159445762634,0.3047413229942322,0.0,0.39384159445762634,0.0001,0.0,12.847,1.1335,0.3134
1126,stage1,1,0.3797244727611542,0.3114570677280426,0.0,0.3797244727611542,0.0001,0.0,12.845,1.2127,0.3135
1127,stage1,1,0.39724743366241455,0.3093474805355072,0.0,0.39724743366241455,0.0001,0.0,12.837,1.0125,7.364
1128,stage1,1,0.3980615735054016,0.2777808606624603,0.0,0.3980615735054016,0.0001,0.0,12.84,1.4238,0.3058
1129,stage1,1,0.4434952735900879,0.32862135767936707,0.0,0.4434952735900879,0.0001,0.0,12.844,1.4342,0.3152
1130,stage1,1,0.38068994879722595,0.2598716914653778,0.0,0.38068994879722595,0.0001,0.0,12.847,0.8811,0.3138
1131,stage1,1,0.42861098051071167,0.29567277431488037,0.0,0.42861098051071167,0.0001,0.0,12.852,1.291,0.3127
1132,stage1,1,0.4303355813026428,0.28949591517448425,0.0,0.4303355813026428,0.0001,0.0,12.853,1.196,0.3139
1133,stage1,1,0.3987357020378113,0.2829492390155792,0.0,0.3987357020378113,0.0001,0.0,12.842,0.9692,0.3127
1134,stage1,1,0.4282326400279999,0.30927640199661255,0.0,0.4282326400279999,0.0001,0.0,12.845,1.3383,0.3139
1135,stage1,1,0.40612658858299255,0.2908337414264679,0.0,0.40612658858299255,0.0001,0.0,12.846,1.2603,7.0815
1136,stage1,1,0.39605408906936646,0.3242243826389313,0.0,0.39605408906936646,0.0001,0.0,12.854,1.0691,0.3127
1137,stage1,1,0.47087302803993225,0.30183419585227966,0.0,0.47087302803993225,0.0001,0.0,12.844,1.2922,0.3143
1138,stage1,1,0.38552233576774597,0.2956573963165283,0.0,0.38552233576774597,0.0001,0.0,12.838,1.2212,0.3139
1139,stage1,1,0.39205315709114075,0.2832877039909363,0.0,0.39205315709114075,0.0001,0.0,12.848,1.0426,0.3137
1140,stage1,1,0.38711613416671753,0.3289404809474945,0.0,0.38711613416671753,0.0001,0.0,12.846,1.0988,0.3135
1141,stage1,1,0.5162561535835266,0.30782490968704224,0.0,0.5162561535835266,0.0001,0.0,12.844,1.6931,0.314
1142,stage1,1,0.41247645020484924,0.2876852750778198,0.0,0.41247645020484924,0.0001,0.0,12.841,1.2822,0.313
1143,stage1,1,0.398586243391037,0.33044570684432983,0.0,0.398586243391037,0.0001,0.0,12.852,1.121,7.1937
1144,stage1,1,0.37378591299057007,0.3156573176383972,0.0,0.37378591299057007,0.0001,0.0,12.851,1.3092,0.3132
1145,stage1,1,0.41681069135665894,0.30734607577323914,0.0,0.41681069135665894,0.0001,0.0,12.843,1.6967,0.3135
1146,stage1,1,0.44795718789100647,0.29840216040611267,0.0,0.44795718789100647,0.0001,0.0,12.844,1.2904,0.3147
1147,stage1,1,0.3651755750179291,0.31533434987068176,0.0,0.3651755750179291,0.0001,0.0,12.836,1.1568,0.3137
1148,stage1,1,0.4420206546783447,0.2757933735847473,0.0,0.4420206546783447,0.0001,0.0,12.848,1.6323,0.313
1149,stage1,1,0.347368061542511,0.2611067295074463,0.0,0.347368061542511,0.0001,0.0,12.842,1.0259,0.3143
1150,stage1,1,0.40539324283599854,0.31576842069625854,0.0,0.40539324283599854,0.0001,0.0,12.844,1.1,0.3136
1151,stage1,1,0.4766157865524292,0.3295517563819885,0.0,0.4766157865524292,0.0001,0.0,12.84,1.4931,7.2047
1152,stage1,1,0.42867743968963623,0.2818334996700287,0.0,0.42867743968963623,0.0001,0.0,12.845,1.3235,0.6059
1153,stage1,1,0.37562137842178345,0.2707836925983429,0.0,0.37562137842178345,0.0001,0.0,12.838,0.9123,0.313
1154,stage1,1,0.4177037477493286,0.3161605894565582,0.0,0.4177037477493286,0.0001,0.0,12.837,1.579,0.3145
1155,stage1,1,0.37031546235084534,0.3127346634864807,0.0,0.37031546235084534,0.0001,0.0,12.84,1.2068,0.3307
1156,stage1,1,0.4007114768028259,0.281901091337204,0.0,0.4007114768028259,0.0001,0.0,12.846,1.3976,0.3154
1157,stage1,1,0.41095128655433655,0.26201769709587097,0.0,0.41095128655433655,0.0001,0.0,12.837,1.6353,0.3134
1158,stage1,1,0.4212791323661804,0.2822432219982147,0.0,0.4212791323661804,0.0001,0.0,12.848,1.5507,0.314
1159,stage1,1,0.4261665344238281,0.268711119890213,0.0,0.4261665344238281,0.0001,0.0,12.845,1.5653,6.6104
1160,stage1,1,0.4146828353404999,0.30022814869880676,0.0,0.4146828353404999,0.0001,0.0,12.845,1.1867,1.0112
1161,stage1,1,0.39738497138023376,0.2821931540966034,0.0,0.39738497138023376,0.0001,0.0,12.845,1.2661,0.3216
1162,stage1,1,0.40071171522140503,0.29261353611946106,0.0,0.40071171522140503,0.0001,0.0,12.846,1.5207,0.3075
1163,stage1,1,0.4054690897464752,0.29127782583236694,0.0,0.4054690897464752,0.0001,0.0,12.846,1.3322,0.3133
1164,stage1,1,0.42380934953689575,0.3127421438694,0.0,0.42380934953689575,0.0001,0.0,12.838,1.393,0.3141
1165,stage1,1,0.43833211064338684,0.2684095501899719,0.0,0.43833211064338684,0.0001,0.0,12.84,1.015,0.3141
1166,stage1,1,0.3665256202220917,0.26531463861465454,0.0,0.3665256202220917,0.0001,0.0,12.852,1.0032,0.314
1167,stage1,1,0.47094160318374634,0.27642059326171875,0.0,0.47094160318374634,0.0001,0.0,12.845,1.1639,6.247
1168,stage1,1,0.4115294814109802,0.2993081510066986,0.0,0.4115294814109802,0.0001,0.0,12.836,0.7443,1.4768
1169,stage1,1,0.412398099899292,0.2959800064563751,0.0,0.412398099899292,0.0001,0.0,12.841,1.4341,0.3134
1170,stage1,1,0.38158661127090454,0.3108880817890167,0.0,0.38158661127090454,0.0001,0.0,12.855,1.1752,0.3136
1171,stage1,1,0.3901173174381256,0.28984618186950684,0.0,0.3901173174381256,0.0001,0.0,12.847,0.8558,0.3132
1172,stage1,1,0.3460385501384735,0.2754642069339752,0.0,0.3460385501384735,0.0001,0.0,12.837,0.8828,0.3134
1173,stage1,1,0.408934086561203,0.2761717438697815,0.0,0.408934086561203,0.0001,0.0,12.838,1.5492,0.3131
1174,stage1,1,0.42244377732276917,0.2924748659133911,0.0,0.42244377732276917,0.0001,0.0,12.854,1.3045,0.3143
1175,stage1,1,0.4538317620754242,0.33509764075279236,0.0,0.4538317620754242,0.0001,0.0,12.852,1.4745,5.8614
1176,stage1,1,0.4150092303752899,0.29698988795280457,0.0,0.4150092303752899,0.0001,0.0,12.845,1.1539,1.7152
1177,stage1,1,0.3685239851474762,0.28912651538848877,0.0,0.3685239851474762,0.0001,0.0,12.851,1.2298,0.3126
1178,stage1,1,0.4106428027153015,0.2942277789115906,0.0,0.4106428027153015,0.0001,0.0,12.842,1.5563,0.3148
1179,stage1,1,0.38176968693733215,0.2807333767414093,0.0,0.38176968693733215,0.0001,0.0,12.842,1.2956,0.3129
1180,stage1,1,0.3770752549171448,0.277225524187088,0.0,0.3770752549171448,0.0001,0.0,12.838,1.0886,0.3136
1181,stage1,1,0.39039233326911926,0.2999723553657532,0.0,0.39039233326911926,0.0001,0.0,12.838,1.2594,0.3145
1182,stage1,1,0.4900592863559723,0.29242077469825745,0.0,0.4900592863559723,0.0001,0.0,12.832,2.2696,0.3141
1183,stage1,1,0.36840298771858215,0.27017146348953247,0.0,0.36840298771858215,0.0001,0.0,12.844,1.8157,5.5884
1184,stage1,1,0.39314737915992737,0.2894224524497986,0.0,0.39314737915992737,0.0001,0.0,12.845,1.0212,1.6496
1185,stage1,1,0.42518240213394165,0.31798848509788513,0.0,0.42518240213394165,0.0001,0.0,12.848,1.9078,0.3125
1186,stage1,1,0.49152112007141113,0.31459304690361023,0.0,0.49152112007141113,0.0001,0.0,12.847,2.4796,0.3134
1187,stage1,1,0.4241959750652313,0.31822994351387024,0.0,0.4241959750652313,0.0001,0.0,12.84,1.8133,0.3714
1188,stage1,1,0.37403592467308044,0.27057069540023804,0.0,0.37403592467308044,0.0001,0.0,12.842,1.4542,0.3127
1189,stage1,1,0.4314933717250824,0.2706359922885895,0.0,0.4314933717250824,0.0001,0.0,12.842,1.4101,0.3139
1190,stage1,1,0.382831871509552,0.27340829372406006,0.0,0.382831871509552,0.0001,0.0,12.841,1.3033,0.314
1191,stage1,1,0.48703262209892273,0.3058891296386719,0.0,0.48703262209892273,0.0001,0.0,12.847,1.3577,5.6973
1192,stage1,1,0.4295727610588074,0.3405837118625641,0.0,0.4295727610588074,0.0001,0.0,12.852,1.3428,1.6566
1193,stage1,1,0.4185948967933655,0.32278957962989807,0.0,0.4185948967933655,0.0001,0.0,12.845,1.7212,0.3136
1194,stage1,1,0.4599224328994751,0.3192504644393921,0.0,0.4599224328994751,0.0001,0.0,12.838,1.2144,0.3151
1195,stage1,1,0.40665072202682495,0.2939980924129486,0.0,0.40665072202682495,0.0001,0.0,12.842,1.161,0.7022
1196,stage1,1,0.4030184745788574,0.28438153862953186,0.0,0.4030184745788574,0.0001,0.0,12.839,0.7631,0.3139
1197,stage1,1,0.4197475016117096,0.2753946781158447,0.0,0.4197475016117096,0.0001,0.0,12.84,1.4463,0.3129
1198,stage1,1,0.41647759079933167,0.2792905867099762,0.0,0.41647759079933167,0.0001,0.0,12.835,1.1878,0.314
1199,stage1,1,0.4026080071926117,0.2942952513694763,0.0,0.4026080071926117,0.0001,0.0,12.847,0.9942,5.344
1200,stage1,1,0.405720055103302,0.2765596807003021,0.0,0.405720055103302,0.0001,0.0,12.848,1.1443,1.647
1201,stage1,1,0.4014471471309662,0.2889835834503174,0.0,0.4014471471309662,0.0001,0.0,12.842,1.3466,0.3127
1202,stage1,1,0.3793955147266388,0.3082011640071869,0.0,0.3793955147266388,0.0001,0.0,12.843,1.0733,0.3131
1203,stage1,1,0.42383143305778503,0.2916022539138794,0.0,0.42383143305778503,0.0001,0.0,12.851,1.1564,0.7807
1204,stage1,1,0.4101853668689728,0.3121645450592041,0.0,0.4101853668689728,0.0001,0.0,12.837,0.9328,0.3128
1205,stage1,1,0.42000192403793335,0.276667058467865,0.0,0.42000192403793335,0.0001,0.0,12.841,0.9177,0.3132
1206,stage1,1,0.38311082124710083,0.2804073989391327,0.0,0.38311082124710083,0.0001,0.0,12.839,1.0114,0.3131
1207,stage1,1,0.4339318871498108,0.29628926515579224,0.0,0.4339318871498108,0.0001,0.0,12.85,0.9469,5.0484
1208,stage1,1,0.4070224463939667,0.28600212931632996,0.0,0.4070224463939667,0.0001,0.0,12.831,1.0374,2.0481
1209,stage1,1,0.42619839310646057,0.28607937693595886,0.0,0.42619839310646057,0.0001,0.0,12.844,1.0023,0.3129
1210,stage1,1,0.37039825320243835,0.2870524823665619,0.0,0.37039825320243835,0.0001,0.0,12.852,0.69,0.3135
1211,stage1,1,0.36246466636657715,0.2790072560310364,0.0,0.36246466636657715,0.0001,0.0,12.838,0.9666,0.7934
1212,stage1,1,0.3607499599456787,0.2704448699951172,0.0,0.3607499599456787,0.0001,0.0,12.85,0.7541,0.3132
1213,stage1,1,0.5103119611740112,0.3114556074142456,0.0,0.5103119611740112,0.0001,0.0,12.852,1.3047,0.3133
1214,stage1,1,0.3927428722381592,0.282274067401886,0.0,0.3927428722381592,0.0001,0.0,12.853,1.0551,0.3133
1215,stage1,1,0.42614006996154785,0.30614960193634033,0.0,0.42614006996154785,0.0001,0.0,12.839,0.8845,5.2428
1216,stage1,1,0.4217495620250702,0.318825364112854,0.0,0.4217495620250702,0.0001,0.0,12.846,1.1594,2.3469
1217,stage1,1,0.40001365542411804,0.2790042459964752,0.0,0.40001365542411804,0.0001,0.0,12.842,0.8967,0.3131
1218,stage1,1,0.42158201336860657,0.32355067133903503,0.0,0.42158201336860657,0.0001,0.0,12.841,1.4076,0.313
1219,stage1,1,0.4427657425403595,0.3193168640136719,0.0,0.4427657425403595,0.0001,0.0,12.846,1.5402,0.7974
1220,stage1,1,0.4705401062965393,0.2972264885902405,0.0,0.4705401062965393,0.0001,0.0,12.846,1.4885,0.3137
1221,stage1,1,0.3843766748905182,0.32939910888671875,0.0,0.3843766748905182,0.0001,0.0,12.852,1.4866,0.3167
1222,stage1,1,0.3909165561199188,0.31922435760498047,0.0,0.3909165561199188,0.0001,0.0,12.848,1.2069,0.3131
1223,stage1,1,0.4230418801307678,0.2767883837223053,0.0,0.4230418801307678,0.0001,0.0,12.843,0.9986,4.9788
1224,stage1,1,0.4715385138988495,0.292915940284729,0.0,0.4715385138988495,0.0001,0.0,12.845,1.2708,1.9738
1225,stage1,1,0.4225892126560211,0.3218042552471161,0.0,0.4225892126560211,0.0001,0.0,12.845,1.6189,0.3125
1226,stage1,1,0.4063265919685364,0.2995985448360443,0.0,0.4063265919685364,0.0001,0.0,12.84,1.2284,0.3184
1227,stage1,1,0.38645297288894653,0.27231672406196594,0.0,0.38645297288894653,0.0001,0.0,12.848,1.2378,0.7914
1228,stage1,1,0.4149535596370697,0.33698996901512146,0.0,0.4149535596370697,0.0001,0.0,12.846,1.7819,0.3126
1229,stage1,1,0.3582060635089874,0.3021988272666931,0.0,0.3582060635089874,0.0001,0.0,12.845,1.1494,0.313
1230,stage1,1,0.42253899574279785,0.31161364912986755,0.0,0.42253899574279785,0.0001,0.0,12.845,1.4216,0.3132
1231,stage1,1,0.43493327498435974,0.29441511631011963,0.0,0.43493327498435974,0.0001,0.0,12.847,1.5079,5.3454
1232,stage1,1,0.4011279344558716,0.2876167297363281,0.0,0.4011279344558716,0.0001,0.0,12.841,1.3183,1.5875
1233,stage1,1,0.43441760540008545,0.3251551687717438,0.0,0.43441760540008545,0.0001,0.0,12.846,1.5907,0.3128
1234,stage1,1,0.4317486882209778,0.2999858558177948,0.0,0.4317486882209778,0.0001,0.0,12.851,0.9981,0.313
1235,stage1,1,0.41095587611198425,0.2883335053920746,0.0,0.41095587611198425,0.0001,0.0,12.842,1.5906,0.9352
1236,stage1,1,0.47775307297706604,0.29584169387817383,0.0,0.47775307297706604,0.0001,0.0,12.839,2.2254,0.3131
1237,stage1,1,0.4402477443218231,0.31117889285087585,0.0,0.4402477443218231,0.0001,0.0,12.846,1.7124,0.313
1238,stage1,1,0.4043372571468353,0.311597615480423,0.0,0.4043372571468353,0.0001,0.0,12.842,0.9873,0.3144
1239,stage1,1,0.4054564833641052,0.3052067458629608,0.0,0.4054564833641052,0.0001,0.0,12.85,1.0792,5.5075
1240,stage1,1,0.423205703496933,0.24367590248584747,0.0,0.423205703496933,0.0001,0.0,12.837,1.115,1.3127
1241,stage1,1,0.4077242612838745,0.2930040955543518,0.0,0.4077242612838745,0.0001,0.0,12.846,1.0371,0.3118
1242,stage1,1,0.3729860782623291,0.30290964245796204,0.0,0.3729860782623291,0.0001,0.0,12.84,0.9531,0.3133
1243,stage1,1,0.3780900239944458,0.27999380230903625,0.0,0.3780900239944458,0.0001,0.0,12.837,1.3273,0.7102
1244,stage1,1,0.41873395442962646,0.30261579155921936,0.0,0.41873395442962646,0.0001,0.0,12.83,1.1578,0.3128
1245,stage1,1,0.36656248569488525,0.2810470461845398,0.0,0.36656248569488525,0.0001,0.0,12.841,0.9089,0.314
1246,stage1,1,0.41497328877449036,0.3085304796695709,0.0,0.41497328877449036,0.0001,0.0,12.849,1.1777,0.3132
1247,stage1,1,0.40709733963012695,0.3007933497428894,0.0,0.40709733963012695,0.0001,0.0,12.84,0.9925,5.7673
1248,stage1,1,0.4127665162086487,0.28766512870788574,0.0,0.4127665162086487,0.0001,0.0,12.837,1.0008,1.2671
1249,stage1,1,0.3585962951183319,0.3191438913345337,0.0,0.3585962951183319,0.0001,0.0,12.839,1.4006,0.3131
1250,stage1,1,0.3811778724193573,0.29593801498413086,0.0,0.3811778724193573,0.0001,0.0,12.836,0.9704,0.3142
1251,stage1,1,0.4671581983566284,0.34135591983795166,0.0,0.4671581983566284,0.0001,0.0,12.838,1.8386,0.8374
1252,stage1,1,0.40502387285232544,0.31527280807495117,0.0,0.40502387285232544,0.0001,0.0,12.851,1.5246,0.3129
1253,stage1,1,0.4178219437599182,0.3078426420688629,0.0,0.4178219437599182,0.0001,0.0,12.836,1.6034,0.3136
1254,stage1,1,0.371491402387619,0.2744245231151581,0.0,0.371491402387619,0.0001,0.0,12.853,1.3489,0.3137
1255,stage1,1,0.3976338803768158,0.2922206521034241,0.0,0.3976338803768158,0.0001,0.0,12.841,1.6487,6.0767
1256,stage1,1,0.36400946974754333,0.290638267993927,0.0,0.36400946974754333,0.0001,0.0,12.849,0.9788,1.2045
1257,stage1,1,0.4384300112724304,0.2859860062599182,0.0,0.4384300112724304,0.0001,0.0,12.838,0.8314,0.3131
1258,stage1,1,0.5033532977104187,0.2899019122123718,0.0,0.5033532977104187,0.0001,0.0,12.833,1.9257,0.3144
1259,stage1,1,0.3881252408027649,0.29310518503189087,0.0,0.3881252408027649,0.0001,0.0,12.837,1.6908,0.6656
1260,stage1,1,0.4227430820465088,0.2902625799179077,0.0,0.4227430820465088,0.0001,0.0,12.846,1.0818,0.3137
1261,stage1,1,0.37734049558639526,0.29855576157569885,0.0,0.37734049558639526,0.0001,0.0,12.846,1.1009,0.3132
1262,stage1,1,0.3791520595550537,0.2805986702442169,0.0,0.3791520595550537,0.0001,0.0,12.852,0.8555,0.3143
1263,stage1,1,0.38083332777023315,0.2603378891944885,0.0,0.38083332777023315,0.0001,0.0,12.844,0.9464,6.1132
1264,stage1,1,0.4033604860305786,0.2595261335372925,0.0,0.4033604860305786,0.0001,0.0,12.847,1.2789,0.7232
1265,stage1,1,0.3630104959011078,0.2980842590332031,0.0,0.3630104959011078,0.0001,0.0,12.838,0.816,0.3126
1266,stage1,1,0.42218372225761414,0.3079656660556793,0.0,0.42218372225761414,0.0001,0.0,12.85,1.399,0.3125
1267,stage1,1,0.4102153778076172,0.28915339708328247,0.0,0.4102153778076172,0.0001,0.0,12.863,1.275,0.6937
1268,stage1,1,0.3954026401042938,0.2491832822561264,0.0,0.3954026401042938,0.0001,0.0,12.854,0.7282,0.313
1269,stage1,1,0.36482489109039307,0.27595436573028564,0.0,0.36482489109039307,0.0001,0.0,12.847,0.7015,0.3146
1270,stage1,1,0.3814241588115692,0.2734111547470093,0.0,0.3814241588115692,0.0001,0.0,12.845,1.1123,0.314
1271,stage1,1,0.4155302941799164,0.2841188311576843,0.0,0.4155302941799164,0.0001,0.0,12.843,1.1646,6.4291
1272,stage1,1,0.392634779214859,0.28622591495513916,0.0,0.392634779214859,0.0001,0.0,12.85,1.0143,0.7183
1273,stage1,1,0.40722835063934326,0.25796830654144287,0.0,0.40722835063934326,0.0001,0.0,12.843,1.1764,0.312
1274,stage1,1,0.4172673523426056,0.3064994812011719,0.0,0.4172673523426056,0.0001,0.0,12.847,1.0255,0.3138
1275,stage1,1,0.37494996190071106,0.2959478199481964,0.0,0.37494996190071106,0.0001,0.0,12.854,1.6022,0.4738
1276,stage1,1,0.3951628804206848,0.28870904445648193,0.0,0.3951628804206848,0.0001,0.0,12.845,1.0957,0.3133
1277,stage1,1,0.4061608910560608,0.286679208278656,0.0,0.4061608910560608,0.0001,0.0,12.845,1.2858,0.5419
1278,stage1,1,0.45814523100852966,0.2780349850654602,0.0,0.45814523100852966,0.0001,0.0,12.841,1.1209,0.3131
1279,stage1,1,0.44651708006858826,0.2899068295955658,0.0,0.44651708006858826,0.0001,0.0,12.849,1.5172,6.4576
1280,stage1,1,0.4321487247943878,0.28501781821250916,0.0,0.4321487247943878,0.0001,0.0,12.853,1.9154,0.312
1281,stage1,1,0.4263220429420471,0.29676535725593567,0.0,0.4263220429420471,0.0001,0.0,12.85,1.094,0.313
1282,stage1,1,0.398992121219635,0.2829830050468445,0.0,0.398992121219635,0.0001,0.0,12.846,0.8515,0.3136
1283,stage1,1,0.3982454240322113,0.30076950788497925,0.0,0.3982454240322113,0.0001,0.0,12.839,0.9096,0.7187
1284,stage1,1,0.4229857325553894,0.2899998426437378,0.0,0.4229857325553894,0.0001,0.0,12.838,1.1704,0.313
1285,stage1,1,0.3702985346317291,0.2831510603427887,0.0,0.3702985346317291,0.0001,0.0,12.839,1.4642,0.7777
1286,stage1,1,0.3285628855228424,0.2991762161254883,0.0,0.3285628855228424,0.0001,0.0,12.849,1.0414,0.3124
1287,stage1,1,0.4265140891075134,0.26889148354530334,0.0,0.4265140891075134,0.0001,0.0,12.842,0.9902,6.6608
1288,stage1,1,0.3816184103488922,0.30179646611213684,0.0,0.3816184103488922,0.0001,0.0,12.846,1.1093,0.6493
1289,stage1,1,0.41501957178115845,0.3435448706150055,0.0,0.41501957178115845,0.0001,0.0,12.841,1.4666,0.312
1290,stage1,1,0.42473581433296204,0.30017268657684326,0.0,0.42473581433296204,0.0001,0.0,12.85,0.9869,0.3127
1291,stage1,1,0.39967623353004456,0.31077149510383606,0.0,0.39967623353004456,0.0001,0.0,12.839,1.1381,0.6922
1292,stage1,1,0.4213851988315582,0.31737032532691956,0.0,0.4213851988315582,0.0001,0.0,12.842,1.2554,0.3133
1293,stage1,1,0.4615882933139801,0.2859569787979126,0.0,0.4615882933139801,0.0001,0.0,12.854,1.7631,0.3135
1294,stage1,1,0.43267878890037537,0.2887214124202728,0.0,0.43267878890037537,0.0001,0.0,12.848,0.9996,0.3135
1295,stage1,1,0.4806828796863556,0.2910603880882263,0.0,0.4806828796863556,0.0001,0.0,12.843,1.15,6.8514
1296,stage1,1,0.404312402009964,0.2959390878677368,0.0,0.404312402009964,0.0001,0.0,12.849,1.3584,0.5043
1297,stage1,1,0.37787002325057983,0.2739035189151764,0.0,0.37787002325057983,0.0001,0.0,12.856,1.078,0.313
1298,stage1,1,0.5066723227500916,0.28801462054252625,0.0,0.5066723227500916,0.0001,0.0,12.849,1.8772,0.3141
1299,stage1,1,0.45040515065193176,0.30446937680244446,0.0,0.45040515065193176,0.0001,0.0,12.847,1.4638,0.3142
1300,stage1,1,0.3711138367652893,0.27873313426971436,0.0,0.3711138367652893,0.0001,0.0,12.855,1.2144,0.314
1301,stage1,1,0.35414865612983704,0.27477845549583435,0.0,0.35414865612983704,0.0001,0.0,12.854,1.3233,0.6026
1302,stage1,1,0.4356223940849304,0.30140453577041626,0.0,0.4356223940849304,0.0001,0.0,12.851,1.7808,0.3145
1303,stage1,1,0.4301626682281494,0.2993992865085602,0.0,0.4301626682281494,0.0001,0.0,12.85,1.512,7.1336
1304,stage1,1,0.4213927686214447,0.2946554720401764,0.0,0.4213927686214447,0.0001,0.0,12.846,1.0021,0.3122
1305,stage1,1,0.4011126756668091,0.3245283365249634,0.0,0.4011126756668091,0.0001,0.0,12.857,1.1439,0.3129
1306,stage1,1,0.42769134044647217,0.255950003862381,0.0,0.42769134044647217,0.0001,0.0,12.851,1.3946,0.3134
1307,stage1,1,0.3738384246826172,0.29008257389068604,0.0,0.3738384246826172,0.0001,0.0,12.854,1.0569,0.3139
1308,stage1,1,0.4470279812812805,0.27744391560554504,0.0,0.4470279812812805,0.0001,0.0,12.854,1.2021,0.313
1309,stage1,1,0.40341830253601074,0.3056254982948303,0.0,0.40341830253601074,0.0001,0.0,12.854,1.7243,0.8772
1310,stage1,1,0.3239993453025818,0.30799317359924316,0.0,0.3239993453025818,0.0001,0.0,12.857,0.7089,0.3136
1311,stage1,1,0.4140395522117615,0.2791573107242584,0.0,0.4140395522117615,0.0001,0.0,12.853,1.3313,6.8934
1312,stage1,1,0.3835650384426117,0.2533010244369507,0.0,0.3835650384426117,0.0001,0.0,12.833,1.6002,0.3129
1313,stage1,1,0.3814357817173004,0.23190772533416748,0.0,0.3814357817173004,0.0001,0.0,12.846,1.0596,0.3133
1314,stage1,1,0.3562549352645874,0.29110684990882874,0.0,0.3562549352645874,0.0001,0.0,12.849,1.144,0.3136
1315,stage1,1,0.38168492913246155,0.3053593337535858,0.0,0.38168492913246155,0.0001,0.0,12.858,1.1382,0.3132
1316,stage1,1,0.43318942189216614,0.33489444851875305,0.0,0.43318942189216614,0.0001,0.0,12.851,1.2831,0.314
1317,stage1,1,0.4239563047885895,0.2896612286567688,0.0,0.4239563047885895,0.0001,0.0,12.853,1.0302,0.8491
1318,stage1,1,0.44113385677337646,0.31667008996009827,0.0,0.44113385677337646,0.0001,0.0,12.847,1.84,0.3134
1319,stage1,1,0.38376787304878235,0.31824955344200134,0.0,0.38376787304878235,0.0001,0.0,12.846,1.1803,7.0172
1320,stage1,1,0.4347662031650543,0.2771485149860382,0.0,0.4347662031650543,0.0001,0.0,12.849,0.852,0.3133
1321,stage1,1,0.4529019594192505,0.31220561265945435,0.0,0.4529019594192505,0.0001,0.0,12.841,1.938,0.3127
1322,stage1,1,0.48064932227134705,0.3665853440761566,0.0,0.48064932227134705,0.0001,0.0,12.844,1.8472,0.3136
1323,stage1,1,0.37872496247291565,0.2752487361431122,0.0,0.37872496247291565,0.0001,0.0,12.846,0.8384,0.3132
1324,stage1,1,0.38029131293296814,0.2622867822647095,0.0,0.38029131293296814,0.0001,0.0,12.847,0.9627,0.314
1325,stage1,1,0.38826072216033936,0.267266184091568,0.0,0.38826072216033936,0.0001,0.0,12.853,1.0637,0.3555
1326,stage1,1,0.42875242233276367,0.2855839729309082,0.0,0.42875242233276367,0.0001,0.0,12.847,1.6067,0.3138
1327,stage1,1,0.4419613778591156,0.3138572573661804,0.0,0.4419613778591156,0.0001,0.0,12.844,1.5717,7.1995
1328,stage1,1,0.36496883630752563,0.29981252551078796,0.0,0.36496883630752563,0.0001,0.0,12.852,1.1316,0.3132
1329,stage1,1,0.4180445969104767,0.3009815216064453,0.0,0.4180445969104767,0.0001,0.0,12.847,0.913,0.3134
1330,stage1,1,0.428581565618515,0.28632232546806335,0.0,0.428581565618515,0.0001,0.0,12.84,1.3456,0.3137
1331,stage1,1,0.392631471157074,0.3132455348968506,0.0,0.392631471157074,0.0001,0.0,12.853,1.0756,0.314
1332,stage1,1,0.39029940962791443,0.29182231426239014,0.0,0.39029940962791443,0.0001,0.0,12.844,1.2199,0.3135
1333,stage1,1,0.38669344782829285,0.3044142425060272,0.0,0.38669344782829285,0.0001,0.0,12.849,0.8704,0.3785
1334,stage1,1,0.36787718534469604,0.2912226617336273,0.0,0.36787718534469604,0.0001,0.0,12.845,1.114,0.3129
1335,stage1,1,0.4365510046482086,0.29576441645622253,0.0,0.4365510046482086,0.0001,0.0,12.847,1.2541,7.3149
1336,stage1,1,0.44800007343292236,0.31230810284614563,0.0,0.44800007343292236,0.0001,0.0,12.848,1.2725,0.312
1337,stage1,1,0.4410025477409363,0.3072405159473419,0.0,0.4410025477409363,0.0001,0.0,12.846,1.2657,0.3124
1338,stage1,1,0.3760024905204773,0.28443020582199097,0.0,0.3760024905204773,0.0001,0.0,12.849,0.825,0.3133
1339,stage1,1,0.37864264845848083,0.31072163581848145,0.0,0.37864264845848083,0.0001,0.0,12.843,1.0597,0.3123
1340,stage1,1,0.4053882360458374,0.25072452425956726,0.0,0.4053882360458374,0.0001,0.0,12.844,1.2897,0.3135
1341,stage1,1,0.41011276841163635,0.30905380845069885,0.0,0.41011276841163635,0.0001,0.0,12.853,1.1784,0.3124
1342,stage1,1,0.41270434856414795,0.31081151962280273,0.0,0.41270434856414795,0.0001,0.0,12.85,1.4253,0.3135
1343,stage1,1,0.45844826102256775,0.31623905897140503,0.0,0.45844826102256775,0.0001,0.0,12.848,1.3758,7.3008
1344,stage1,1,0.3807387948036194,0.2631497085094452,0.0,0.3807387948036194,0.0001,0.0,12.843,1.1336,0.3134
1345,stage1,1,0.41475924849510193,0.27281758189201355,0.0,0.41475924849510193,0.0001,0.0,12.854,1.0737,0.3106
1346,stage1,1,0.4651598632335663,0.33365723490715027,0.0,0.4651598632335663,0.0001,0.0,12.854,1.2755,0.3135
1347,stage1,1,0.394643098115921,0.28479015827178955,0.0,0.394643098115921,0.0001,0.0,12.848,1.062,0.3142
1348,stage1,1,0.39203909039497375,0.29575467109680176,0.0,0.39203909039497375,0.0001,0.0,12.849,1.1797,0.3133
1349,stage1,1,0.4259273409843445,0.28860026597976685,0.0,0.4259273409843445,0.0001,0.0,12.85,1.1758,0.3137
1350,stage1,1,0.4019494354724884,0.27479803562164307,0.0,0.4019494354724884,0.0001,0.0,12.849,1.5322,0.3143
1351,stage1,1,0.43421047925949097,0.2799341082572937,0.0,0.43421047925949097,0.0001,0.0,12.84,0.8897,6.8382
1352,stage1,1,0.4068261981010437,0.25285494327545166,0.0,0.4068261981010437,0.0001,0.0,12.847,1.1494,0.312
1353,stage1,1,0.38341256976127625,0.27435430884361267,0.0,0.38341256976127625,0.0001,0.0,12.839,1.404,0.3129
1354,stage1,1,0.36854881048202515,0.28440794348716736,0.0,0.36854881048202515,0.0001,0.0,12.83,1.0858,0.426
1355,stage1,1,0.3723486363887787,0.32919251918792725,0.0,0.3723486363887787,0.0001,0.0,12.837,0.8481,0.3152
1356,stage1,1,0.3861272931098938,0.28575679659843445,0.0,0.3861272931098938,0.0001,0.0,12.844,0.9911,0.3133
1357,stage1,1,0.3811652362346649,0.25314319133758545,0.0,0.3811652362346649,0.0001,0.0,12.847,1.0047,0.3146
1358,stage1,1,0.40921109914779663,0.3195365369319916,0.0,0.40921109914779663,0.0001,0.0,12.839,1.0322,0.3146
1359,stage1,1,0.3826484680175781,0.29740482568740845,0.0,0.3826484680175781,0.0001,0.0,12.834,1.4268,7.2964
1360,stage1,1,0.46008461713790894,0.2950657308101654,0.0,0.46008461713790894,0.0001,0.0,12.839,1.4514,0.3128
1361,stage1,1,0.432650089263916,0.2714284658432007,0.0,0.432650089263916,0.0001,0.0,12.846,1.4622,0.3134
1362,stage1,1,0.418764591217041,0.28117531538009644,0.0,0.418764591217041,0.0001,0.0,12.849,1.4516,0.3144
1363,stage1,1,0.3872026205062866,0.26966530084609985,0.0,0.3872026205062866,0.0001,0.0,12.847,1.0632,0.3139
1364,stage1,1,0.2907637059688568,0.26816290616989136,0.0,0.2907637059688568,0.0001,0.0,12.847,1.2422,0.3141
1365,stage1,1,0.37485721707344055,0.30462267994880676,0.0,0.37485721707344055,0.0001,0.0,12.849,1.8617,0.3138
1366,stage1,1,0.420338898897171,0.3026418685913086,0.0,0.420338898897171,0.0001,0.0,12.849,1.7126,0.3136
1367,stage1,1,0.3600018620491028,0.3212653398513794,0.0,0.3600018620491028,0.0001,0.0,12.841,1.0376,7.2563
1368,stage1,1,0.4108412265777588,0.30227482318878174,0.0,0.4108412265777588,0.0001,0.0,12.842,1.4668,0.3125
1369,stage1,1,0.3489930331707001,0.2935180366039276,0.0,0.3489930331707001,0.0001,0.0,12.835,1.3757,0.3136
1370,stage1,1,0.3901137411594391,0.28943562507629395,0.0,0.3901137411594391,0.0001,0.0,12.847,1.3683,0.3126
1371,stage1,1,0.43118199706077576,0.3381980359554291,0.0,0.43118199706077576,0.0001,0.0,12.851,1.5748,0.3141
1372,stage1,1,0.3553400933742523,0.3020699620246887,0.0,0.3553400933742523,0.0001,0.0,12.838,1.6458,0.3138
1373,stage1,1,0.4193103015422821,0.3291810154914856,0.0,0.4193103015422821,0.0001,0.0,12.841,1.2486,0.3137
1374,stage1,1,0.44214263558387756,0.2933093309402466,0.0,0.44214263558387756,0.0001,0.0,12.849,1.0587,0.3179
1375,stage1,1,0.4084168076515198,0.29390352964401245,0.0,0.4084168076515198,0.0001,0.0,12.843,1.719,7.6506
1376,stage1,1,0.4194122552871704,0.2861214876174927,0.0,0.4194122552871704,0.0001,0.0,12.841,1.6797,0.3135
1377,stage1,1,0.45915958285331726,0.3457391858100891,0.0,0.45915958285331726,0.0001,0.0,12.853,2.2157,0.3127
1378,stage1,1,0.3783916234970093,0.3146044909954071,0.0,0.3783916234970093,0.0001,0.0,12.848,1.0233,0.319
1379,stage1,1,0.40475213527679443,0.29361939430236816,0.0,0.40475213527679443,0.0001,0.0,12.844,1.6761,0.3143
1380,stage1,1,0.4089418649673462,0.3001998960971832,0.0,0.4089418649673462,0.0001,0.0,12.844,2.0762,0.3138
1381,stage1,1,0.38730567693710327,0.2866027355194092,0.0,0.38730567693710327,0.0001,0.0,12.847,2.1023,0.3142
1382,stage1,1,0.4232301414012909,0.3164476454257965,0.0,0.4232301414012909,0.0001,0.0,12.847,1.1561,0.3139
1383,stage1,1,0.42083072662353516,0.26422038674354553,0.0,0.42083072662353516,0.0001,0.0,12.846,1.2098,7.5619
1384,stage1,1,0.3805352449417114,0.30762678384780884,0.0,0.3805352449417114,0.0001,0.0,12.849,1.3859,0.3126
1385,stage1,1,0.350554496049881,0.2866535782814026,0.0,0.350554496049881,0.0001,0.0,12.847,1.11,0.3137
1386,stage1,1,0.44263723492622375,0.3345508575439453,0.0,0.44263723492622375,0.0001,0.0,12.847,1.4293,0.3138
1387,stage1,1,0.3926980495452881,0.28550419211387634,0.0,0.3926980495452881,0.0001,0.0,12.839,0.9725,0.3142
1388,stage1,1,0.3997965157032013,0.256517618894577,0.0,0.3997965157032013,0.0001,0.0,12.836,1.0454,0.3148
1389,stage1,1,0.44107112288475037,0.3089712858200073,0.0,0.44107112288475037,0.0001,0.0,12.846,1.0972,0.3138
1390,stage1,1,0.38824281096458435,0.2606624662876129,0.0,0.38824281096458435,0.0001,0.0,12.838,1.3171,0.3136
1391,stage1,1,0.4443560838699341,0.2957209050655365,0.0,0.4443560838699341,0.0001,0.0,12.833,1.3087,7.6048
1392,stage1,1,0.4202931821346283,0.2876426875591278,0.0,0.4202931821346283,0.0001,0.0,12.847,1.3516,0.3135
1393,stage1,1,0.3647648096084595,0.2854921817779541,0.0,0.3647648096084595,0.0001,0.0,12.837,0.77,0.3137
1394,stage1,1,0.3746286630630493,0.2781548798084259,0.0,0.3746286630630493,0.0001,0.0,12.847,1.1763,0.3134
1395,stage1,1,0.4153137803077698,0.3012542426586151,0.0,0.4153137803077698,0.0001,0.0,12.838,1.4278,0.3143
1396,stage1,1,0.3821413218975067,0.29382026195526123,0.0,0.3821413218975067,0.0001,0.0,12.843,0.9269,0.3146
1397,stage1,1,0.3560490012168884,0.27331942319869995,0.0,0.3560490012168884,0.0001,0.0,12.833,1.1593,0.3135
1398,stage1,1,0.3356212079524994,0.2356487214565277,0.0,0.3356212079524994,0.0001,0.0,12.846,0.999,0.3142
1399,stage1,1,0.3755539655685425,0.30697229504585266,0.0,0.3755539655685425,0.0001,0.0,12.849,0.9812,7.3175
1400,stage1,1,0.3761255145072937,0.2963758111000061,0.0,0.3761255145072937,0.0001,0.0,12.852,0.9672,0.3128
1401,stage1,1,0.3776848018169403,0.2810889184474945,0.0,0.3776848018169403,0.0001,0.0,12.852,1.0415,0.3147
1402,stage1,1,0.3722878694534302,0.3003370761871338,0.0,0.3722878694534302,0.0001,0.0,12.846,0.9828,0.3137
1403,stage1,1,0.3899620473384857,0.28101950883865356,0.0,0.3899620473384857,0.0001,0.0,12.839,1.0728,0.314
1404,stage1,1,0.4101930856704712,0.3173646032810211,0.0,0.4101930856704712,0.0001,0.0,12.842,1.1729,0.314
1405,stage1,1,0.3731701672077179,0.26794329285621643,0.0,0.3731701672077179,0.0001,0.0,12.847,0.9953,0.3139
1406,stage1,1,0.3955366909503937,0.27405044436454773,0.0,0.3955366909503937,0.0001,0.0,12.857,0.9214,0.3132
1407,stage1,1,0.44380244612693787,0.33425524830818176,0.0,0.44380244612693787,0.0001,0.0,12.832,1.3136,7.1651
1408,stage1,1,0.417787104845047,0.2770770490169525,0.0,0.417787104845047,0.0001,0.0,12.838,1.5636,0.313
1409,stage1,1,0.38392511010169983,0.29974740743637085,0.0,0.38392511010169983,0.0001,0.0,12.837,1.3403,0.3137
1410,stage1,1,0.41494515538215637,0.297401487827301,0.0,0.41494515538215637,0.0001,0.0,12.85,1.1125,0.3138
1411,stage1,1,0.404786080121994,0.2906006872653961,0.0,0.404786080121994,0.0001,0.0,12.84,1.1781,0.314
1412,stage1,1,0.361183226108551,0.29688140749931335,0.0,0.361183226108551,0.0001,0.0,12.85,1.6468,0.3151
1413,stage1,1,0.42178118228912354,0.33523187041282654,0.0,0.42178118228912354,0.0001,0.0,12.842,1.302,0.3141
1414,stage1,1,0.37889787554740906,0.3379388451576233,0.0,0.37889787554740906,0.0001,0.0,12.853,1.1286,0.3137
1415,stage1,1,0.3639664053916931,0.25493767857551575,0.0,0.3639664053916931,0.0001,0.0,12.85,1.1259,7.2691
1416,stage1,1,0.40156668424606323,0.3052036464214325,0.0,0.40156668424606323,0.0001,0.0,12.843,0.9117,0.3135
1417,stage1,1,0.3924834430217743,0.2438439577817917,0.0,0.3924834430217743,0.0001,0.0,12.852,1.1317,0.3138
1418,stage1,1,0.4656926095485687,0.3069719076156616,0.0,0.4656926095485687,0.0001,0.0,12.847,0.8381,0.3133
1419,stage1,1,0.4057850241661072,0.29905933141708374,0.0,0.4057850241661072,0.0001,0.0,12.85,1.0321,0.3152
1420,stage1,1,0.3662223815917969,0.29691794514656067,0.0,0.3662223815917969,0.0001,0.0,12.847,0.8974,0.3133
1421,stage1,1,0.37609410285949707,0.2670218050479889,0.0,0.37609410285949707,0.0001,0.0,12.845,1.3904,0.3173
1422,stage1,1,0.38893699645996094,0.30041971802711487,0.0,0.38893699645996094,0.0001,0.0,12.844,0.6322,0.3142
1423,stage1,1,0.3766545355319977,0.3056236803531647,0.0,0.3766545355319977,0.0001,0.0,12.847,0.9992,7.193
1424,stage1,1,0.4088946282863617,0.29481011629104614,0.0,0.4088946282863617,0.0001,0.0,12.844,0.9433,0.3142
1425,stage1,1,0.4078349769115448,0.32515642046928406,0.0,0.4078349769115448,0.0001,0.0,12.843,1.2336,0.3132
1426,stage1,1,0.37080293893814087,0.2912704050540924,0.0,0.37080293893814087,0.0001,0.0,12.848,0.9878,0.315
1427,stage1,1,0.38270989060401917,0.2705693244934082,0.0,0.38270989060401917,0.0001,0.0,12.844,0.8317,0.3146
1428,stage1,1,0.4409416615962982,0.30575886368751526,0.0,0.4409416615962982,0.0001,0.0,12.849,0.9707,0.3133
1429,stage1,1,0.41597896814346313,0.30821043252944946,0.0,0.41597896814346313,0.0001,0.0,12.839,1.1499,0.3143
1430,stage1,1,0.4433249831199646,0.32671645283699036,0.0,0.4433249831199646,0.0001,0.0,12.84,1.57,0.3151
1431,stage1,1,0.39857596158981323,0.32069528102874756,0.0,0.39857596158981323,0.0001,0.0,12.839,1.2906,7.0607
1432,stage1,1,0.41436100006103516,0.32460638880729675,0.0,0.41436100006103516,0.0001,0.0,12.847,1.3972,0.3077
1433,stage1,1,0.35250332951545715,0.2752823531627655,0.0,0.35250332951545715,0.0001,0.0,12.844,1.2559,0.3137
1434,stage1,1,0.3688776195049286,0.3180162310600281,0.0,0.3688776195049286,0.0001,0.0,12.848,1.391,0.3138
1435,stage1,1,0.4302219748497009,0.2847914695739746,0.0,0.4302219748497009,0.0001,0.0,12.839,2.3495,0.3134
1436,stage1,1,0.4088006615638733,0.2824554145336151,0.0,0.4088006615638733,0.0001,0.0,12.843,1.1944,0.3141
1437,stage1,1,0.36705997586250305,0.2454529106616974,0.0,0.36705997586250305,0.0001,0.0,12.838,1.2469,0.3144
1438,stage1,1,0.4106614887714386,0.2718677222728729,0.0,0.4106614887714386,0.0001,0.0,12.846,1.3371,0.3135
1439,stage1,1,0.3636014759540558,0.31222671270370483,0.0,0.3636014759540558,0.0001,0.0,12.844,1.297,7.1251
1440,stage1,1,0.3844265341758728,0.29518717527389526,0.0,0.3844265341758728,0.0001,0.0,12.848,1.5662,0.3133
1441,stage1,1,0.3599679172039032,0.2848206162452698,0.0,0.3599679172039032,0.0001,0.0,12.836,1.2102,0.3139
1442,stage1,1,0.40118592977523804,0.2922971546649933,0.0,0.40118592977523804,0.0001,0.0,12.847,1.1819,0.3137
1443,stage1,1,0.36044514179229736,0.2897765636444092,0.0,0.36044514179229736,0.0001,0.0,12.842,1.134,0.3138
1444,stage1,1,0.40206897258758545,0.2619670033454895,0.0,0.40206897258758545,0.0001,0.0,12.845,1.6101,0.3144
1445,stage1,1,0.44504085183143616,0.273110032081604,0.0,0.44504085183143616,0.0001,0.0,12.841,1.9537,0.3174
1446,stage1,1,0.38321202993392944,0.284483939409256,0.0,0.38321202993392944,0.0001,0.0,12.849,0.8503,0.3142
1447,stage1,1,0.34524255990982056,0.27176910638809204,0.0,0.34524255990982056,0.0001,0.0,12.846,0.9149,7.135
1448,stage1,1,0.3361652195453644,0.32326817512512207,0.0,0.3361652195453644,0.0001,0.0,12.852,0.7062,0.3131
1449,stage1,1,0.43489786982536316,0.2786767780780792,0.0,0.43489786982536316,0.0001,0.0,12.851,1.3278,0.3129
1450,stage1,1,0.4239802658557892,0.3076075613498688,0.0,0.4239802658557892,0.0001,0.0,12.839,1.4195,0.3135
1451,stage1,1,0.4730389416217804,0.3234580159187317,0.0,0.4730389416217804,0.0001,0.0,12.846,1.5596,0.3141
1452,stage1,1,0.4199281632900238,0.25865083932876587,0.0,0.4199281632900238,0.0001,0.0,12.844,0.9432,0.3139
1453,stage1,1,0.37337708473205566,0.28440946340560913,0.0,0.37337708473205566,0.0001,0.0,12.846,0.8,0.3131
1454,stage1,1,0.3505295217037201,0.28182923793792725,0.0,0.3505295217037201,0.0001,0.0,12.848,1.1588,0.3137
1455,stage1,1,0.4204751253128052,0.2946111261844635,0.0,0.4204751253128052,0.0001,0.0,12.848,1.6256,7.1864
1456,stage1,1,0.4255905747413635,0.32193371653556824,0.0,0.4255905747413635,0.0001,0.0,12.842,1.2737,0.3126
1457,stage1,1,0.427156925201416,0.2947268486022949,0.0,0.427156925201416,0.0001,0.0,12.844,1.1555,0.3137
1458,stage1,1,0.4230228066444397,0.3055860996246338,0.0,0.4230228066444397,0.0001,0.0,12.842,1.1075,0.3137
1459,stage1,1,0.3629409670829773,0.2982182800769806,0.0,0.3629409670829773,0.0001,0.0,12.836,1.1436,0.3135
1460,stage1,1,0.4500918686389923,0.27249377965927124,0.0,0.4500918686389923,0.0001,0.0,12.84,1.2884,0.3139
1461,stage1,1,0.3902066946029663,0.31156232953071594,0.0,0.3902066946029663,0.0001,0.0,12.843,0.9685,0.3129
1462,stage1,1,0.40163639187812805,0.31263038516044617,0.0,0.40163639187812805,0.0001,0.0,12.846,0.974,0.3139
1463,stage1,1,0.36793848872184753,0.2995544970035553,0.0,0.36793848872184753,0.0001,0.0,12.838,0.8553,7.0487
1464,stage1,1,0.4031766653060913,0.29093238711357117,0.0,0.4031766653060913,0.0001,0.0,12.854,1.2547,0.313
1465,stage1,1,0.3505479693412781,0.27417755126953125,0.0,0.3505479693412781,0.0001,0.0,12.831,1.0227,0.3129
1466,stage1,1,0.4220156669616699,0.2962774336338043,0.0,0.4220156669616699,0.0001,0.0,12.849,0.8636,0.3134
1467,stage1,1,0.35704800486564636,0.2870256006717682,0.0,0.35704800486564636,0.0001,0.0,12.835,0.8031,0.3133
1468,stage1,1,0.40120595693588257,0.3003435432910919,0.0,0.40120595693588257,0.0001,0.0,12.836,1.0303,0.3139
1469,stage1,1,0.4165390431880951,0.3058076798915863,0.0,0.4165390431880951,0.0001,0.0,12.844,1.3393,0.3207
1470,stage1,1,0.40573850274086,0.28862136602401733,0.0,0.40573850274086,0.0001,0.0,12.854,1.0881,0.3128
1471,stage1,1,0.41343939304351807,0.28219446539878845,0.0,0.41343939304351807,0.0001,0.0,12.854,1.3396,6.996
1472,stage1,1,0.42456135153770447,0.3048754334449768,0.0,0.42456135153770447,0.0001,0.0,12.838,1.9824,0.3179
1473,stage1,1,0.3981805443763733,0.2842447757720947,0.0,0.3981805443763733,0.0001,0.0,12.846,1.3085,0.3088
1474,stage1,1,0.37707066535949707,0.32270437479019165,0.0,0.37707066535949707,0.0001,0.0,12.842,1.7222,0.3129
1475,stage1,1,0.3910321295261383,0.3113299012184143,0.0,0.3910321295261383,0.0001,0.0,12.843,1.5275,0.314
1476,stage1,1,0.36798858642578125,0.2637373208999634,0.0,0.36798858642578125,0.0001,0.0,12.841,1.7164,0.318
1477,stage1,1,0.383717805147171,0.29809796810150146,0.0,0.383717805147171,0.0001,0.0,12.841,1.7962,0.3152
1478,stage1,1,0.42310377955436707,0.283368319272995,0.0,0.42310377955436707,0.0001,0.0,12.841,1.9767,0.3137
1479,stage1,1,0.36280590295791626,0.26761701703071594,0.0,0.36280590295791626,0.0001,0.0,12.843,1.2436,7.1068
1480,stage1,1,0.3811880350112915,0.2773109972476959,0.0,0.3811880350112915,0.0001,0.0,12.839,2.3234,0.3133
1481,stage1,1,0.4002300798892975,0.30158093571662903,0.0,0.4002300798892975,0.0001,0.0,12.836,2.0631,0.3134
1482,stage1,1,0.30718857049942017,0.29480990767478943,0.0,0.30718857049942017,0.0001,0.0,12.847,0.9646,0.3134
1483,stage1,1,0.40330269932746887,0.31083598732948303,0.0,0.40330269932746887,0.0001,0.0,12.847,0.7738,0.314
1484,stage1,1,0.38818296790122986,0.28773394227027893,0.0,0.38818296790122986,0.0001,0.0,12.849,1.4294,0.3138
1485,stage1,1,0.4261309504508972,0.2958357632160187,0.0,0.4261309504508972,0.0001,0.0,12.85,1.7277,0.3136
1486,stage1,1,0.404800683259964,0.2804676294326782,0.0,0.404800683259964,0.0001,0.0,12.842,1.7232,0.3144
1487,stage1,1,0.3344680666923523,0.28486403822898865,0.0,0.3344680666923523,0.0001,0.0,12.842,0.8385,7.064
1488,stage1,1,0.4690338373184204,0.3065875768661499,0.0,0.4690338373184204,0.0001,0.0,12.844,1.1331,0.3137
1489,stage1,1,0.36844006180763245,0.2892780303955078,0.0,0.36844006180763245,0.0001,0.0,12.856,1.0477,0.3141
1490,stage1,1,0.42989295721054077,0.2655804455280304,0.0,0.42989295721054077,0.0001,0.0,12.843,1.8613,0.3131
1491,stage1,1,0.4250524938106537,0.3056332468986511,0.0,0.4250524938106537,0.0001,0.0,12.845,1.9013,0.4256
1492,stage1,1,0.3959904611110687,0.27697235345840454,0.0,0.3959904611110687,0.0001,0.0,12.845,1.4894,0.3125
1493,stage1,1,0.38991275429725647,0.3170091509819031,0.0,0.38991275429725647,0.0001,0.0,12.846,1.1041,0.314
1494,stage1,1,0.4235136806964874,0.3012693226337433,0.0,0.4235136806964874,0.0001,0.0,12.842,1.6563,0.3145
1495,stage1,1,0.41602379083633423,0.27822086215019226,0.0,0.41602379083633423,0.0001,0.0,12.847,1.2084,6.8836
1496,stage1,1,0.4419381320476532,0.2845524549484253,0.0,0.4419381320476532,0.0001,0.0,12.842,1.3307,0.3128
1497,stage1,1,0.3824446499347687,0.27630800008773804,0.0,0.3824446499347687,0.0001,0.0,12.848,1.6104,0.314
1498,stage1,1,0.39315730333328247,0.2602931261062622,0.0,0.39315730333328247,0.0001,0.0,12.846,0.8848,0.3134
1499,stage1,1,0.4189883768558502,0.30591273307800293,0.0,0.4189883768558502,0.0001,0.0,12.849,1.1553,0.6744
1500,stage1,1,0.4066372215747833,0.27238553762435913,0.0,0.4066372215747833,0.0001,0.0,12.847,1.2036,0.3138
1501,stage1,1,0.37021398544311523,0.28128480911254883,0.0,0.37021398544311523,0.0001,0.0,12.834,1.6611,0.3138
1502,stage1,1,0.3526424765586853,0.27106016874313354,0.0,0.3526424765586853,0.0001,0.0,12.845,1.479,0.3142
1503,stage1,1,0.3201119303703308,0.2808229923248291,0.0,0.3201119303703308,0.0001,0.0,12.851,0.7944,7.0931
1504,stage1,1,0.3701305389404297,0.2858732342720032,0.0,0.3701305389404297,0.0001,0.0,12.838,1.0412,0.3136
1505,stage1,1,0.3862135112285614,0.2877081632614136,0.0,0.3862135112285614,0.0001,0.0,12.848,1.3482,0.3133
1506,stage1,1,0.39084282517433167,0.31294354796409607,0.0,0.39084282517433167,0.0001,0.0,12.844,1.229,0.3139
1507,stage1,1,0.41124215722084045,0.28408941626548767,0.0,0.41124215722084045,0.0001,0.0,12.845,1.6734,0.3138
1508,stage1,1,0.389401376247406,0.3112921416759491,0.0,0.389401376247406,0.0001,0.0,12.854,1.2798,0.3164
1509,stage1,1,0.41406384110450745,0.28661930561065674,0.0,0.41406384110450745,0.0001,0.0,12.843,1.6091,0.3173
1510,stage1,1,0.3485219478607178,0.30601608753204346,0.0,0.3485219478607178,0.0001,0.0,12.852,1.2026,0.3109
1511,stage1,1,0.4593186676502228,0.2946835160255432,0.0,0.4593186676502228,0.0001,0.0,12.852,1.9685,7.4169
1512,stage1,1,0.44905534386634827,0.2587442994117737,0.0,0.44905534386634827,0.0001,0.0,12.846,1.6091,0.3137
1513,stage1,1,0.4689024090766907,0.298570841550827,0.0,0.4689024090766907,0.0001,0.0,12.854,1.4802,0.3142
1514,stage1,1,0.3700464963912964,0.2989426851272583,0.0,0.3700464963912964,0.0001,0.0,12.853,1.0007,0.3166
1515,stage1,1,0.38761040568351746,0.30026933550834656,0.0,0.38761040568351746,0.0001,0.0,12.854,1.5692,0.3144
1516,stage1,1,0.36621662974357605,0.2901892066001892,0.0,0.36621662974357605,0.0001,0.0,12.851,1.4471,0.314
1517,stage1,1,0.4196380078792572,0.2830958068370819,0.0,0.4196380078792572,0.0001,0.0,12.84,1.3983,0.3139
1518,stage1,1,0.39563488960266113,0.29151004552841187,0.0,0.39563488960266113,0.0001,0.0,12.839,1.2354,0.3146
1519,stage1,1,0.41638436913490295,0.328916996717453,0.0,0.41638436913490295,0.0001,0.0,12.845,1.0586,7.4748
1520,stage1,1,0.4128209054470062,0.27657783031463623,0.0,0.4128209054470062,0.0001,0.0,12.849,1.5665,0.3136
1521,stage1,1,0.45879125595092773,0.31042492389678955,0.0,0.45879125595092773,0.0001,0.0,12.842,1.8146,0.3141
1522,stage1,1,0.3998112082481384,0.2972869575023651,0.0,0.3998112082481384,0.0001,0.0,12.85,1.3545,0.3133
1523,stage1,1,0.39825403690338135,0.27908840775489807,0.0,0.39825403690338135,0.0001,0.0,12.842,1.2985,0.315
1524,stage1,1,0.3564528524875641,0.28635039925575256,0.0,0.3564528524875641,0.0001,0.0,12.848,1.3158,0.3138
1525,stage1,1,0.3885694742202759,0.28130704164505005,0.0,0.3885694742202759,0.0001,0.0,12.846,1.1645,0.3137
1526,stage1,1,0.3768324553966522,0.2676192820072174,0.0,0.3768324553966522,0.0001,0.0,12.841,1.7471,0.3145
1527,stage1,1,0.39052799344062805,0.26770418882369995,0.0,0.39052799344062805,0.0001,0.0,12.85,1.3309,7.4056
1528,stage1,1,0.47856056690216064,0.3183404207229614,0.0,0.47856056690216064,0.0001,0.0,12.85,2.2911,0.3139
1529,stage1,1,0.43724486231803894,0.3229300379753113,0.0,0.43724486231803894,0.0001,0.0,12.858,1.2273,0.3133
1530,stage1,1,0.44148215651512146,0.2595079243183136,0.0,0.44148215651512146,0.0001,0.0,12.848,1.4803,0.3135
1531,stage1,1,0.3964482843875885,0.26804298162460327,0.0,0.3964482843875885,0.0001,0.0,12.854,1.063,0.3134
1532,stage1,1,0.3404048681259155,0.2796502411365509,0.0,0.3404048681259155,0.0001,0.0,12.849,1.449,0.3137
1533,stage1,1,0.38232579827308655,0.31578102707862854,0.0,0.38232579827308655,0.0001,0.0,12.846,1.6346,0.3149
1534,stage1,1,0.3748812973499298,0.29241785407066345,0.0,0.3748812973499298,0.0001,0.0,12.85,0.8413,0.3137
1535,stage1,1,0.43293583393096924,0.26384007930755615,0.0,0.43293583393096924,0.0001,0.0,12.847,0.997,7.2249
1536,stage1,1,0.361647367477417,0.2861056625843048,0.0,0.361647367477417,0.0001,0.0,12.831,1.1083,0.313
1537,stage1,1,0.4036937355995178,0.27704566717147827,0.0,0.4036937355995178,0.0001,0.0,12.853,0.8743,0.3135
1538,stage1,1,0.38907092809677124,0.2738404870033264,0.0,0.38907092809677124,0.0001,0.0,12.84,1.1209,0.3144
1539,stage1,1,0.3527437746524811,0.2521059215068817,0.0,0.3527437746524811,0.0001,0.0,12.857,0.863,0.3135
1540,stage1,1,0.4363512694835663,0.2807653248310089,0.0,0.4363512694835663,0.0001,0.0,12.845,1.155,0.3136
1541,stage1,1,0.318665474653244,0.31968221068382263,0.0,0.318665474653244,0.0001,0.0,12.845,1.2525,0.3143
1542,stage1,1,0.4486021101474762,0.33235323429107666,0.0,0.4486021101474762,0.0001,0.0,12.837,1.418,0.3139
1543,stage1,1,0.38913512229919434,0.28027451038360596,0.0,0.38913512229919434,0.0001,0.0,12.835,1.941,7.4136
1544,stage1,1,0.4221779406070709,0.31835612654685974,0.0,0.4221779406070709,0.0001,0.0,12.846,1.204,0.3134
1545,stage1,1,0.3800213932991028,0.3219801187515259,0.0,0.3800213932991028,0.0001,0.0,12.843,0.9307,0.313
1546,stage1,1,0.3821609318256378,0.2933112382888794,0.0,0.3821609318256378,0.0001,0.0,12.835,1.1139,0.3144
1547,stage1,1,0.35888275504112244,0.29435989260673523,0.0,0.35888275504112244,0.0001,0.0,12.843,1.0169,0.3186
1548,stage1,1,0.3979591429233551,0.2776549160480499,0.0,0.3979591429233551,0.0001,0.0,12.848,1.3134,0.3193
1549,stage1,1,0.35597655177116394,0.28786489367485046,0.0,0.35597655177116394,0.0001,0.0,12.846,0.9664,0.3134
1550,stage1,1,0.3679458200931549,0.26901647448539734,0.0,0.3679458200931549,0.0001,0.0,12.853,0.9251,0.3137
1551,stage1,1,0.4011372923851013,0.2661740183830261,0.0,0.4011372923851013,0.0001,0.0,12.846,1.4861,7.4049
1552,stage1,1,0.40160781145095825,0.29679834842681885,0.0,0.40160781145095825,0.0001,0.0,12.845,1.0467,0.3133
1553,stage1,1,0.42165452241897583,0.30113065242767334,0.0,0.42165452241897583,0.0001,0.0,12.854,1.0591,0.3141
1554,stage1,1,0.41426506638526917,0.28000596165657043,0.0,0.41426506638526917,0.0001,0.0,12.843,1.0604,0.313
1555,stage1,1,0.4513743817806244,0.2979911267757416,0.0,0.4513743817806244,0.0001,0.0,12.841,1.0456,0.3136
1556,stage1,1,0.45989397168159485,0.30559444427490234,0.0,0.45989397168159485,0.0001,0.0,12.842,1.0432,0.3139
1557,stage1,1,0.4164474606513977,0.29179567098617554,0.0,0.4164474606513977,0.0001,0.0,12.854,1.0743,0.3143
1558,stage1,1,0.4601801931858063,0.3217759430408478,0.0,0.4601801931858063,0.0001,0.0,12.859,0.8719,0.3146
1559,stage1,1,0.404488742351532,0.3208155930042267,0.0,0.404488742351532,0.0001,0.0,12.848,1.1915,7.7334
1560,stage1,1,0.3857199251651764,0.2530072033405304,0.0,0.3857199251651764,0.0001,0.0,12.842,1.4425,0.3129
1561,stage1,1,0.3874132037162781,0.29424628615379333,0.0,0.3874132037162781,0.0001,0.0,12.85,1.0119,0.3139
1562,stage1,1,0.38898614048957825,0.30372464656829834,0.0,0.38898614048957825,0.0001,0.0,12.852,0.8729,0.3133
1563,stage1,1,0.39021703600883484,0.2760162353515625,0.0,0.39021703600883484,0.0001,0.0,12.843,1.2455,0.3146
1564,stage1,1,0.4411129057407379,0.28030872344970703,0.0,0.4411129057407379,0.0001,0.0,12.84,1.5202,0.3139
1565,stage1,1,0.3616288900375366,0.25707578659057617,0.0,0.3616288900375366,0.0001,0.0,12.844,1.2473,0.3136
1566,stage1,1,0.3905777335166931,0.3166399896144867,0.0,0.3905777335166931,0.0001,0.0,12.841,0.8343,0.3141
1567,stage1,1,0.3991185426712036,0.30053216218948364,0.0,0.3991185426712036,0.0001,0.0,12.847,1.1109,7.4582
1568,stage1,1,0.40343472361564636,0.2970053255558014,0.0,0.40343472361564636,0.0001,0.0,12.84,0.9241,0.3128
1569,stage1,1,0.3480397164821625,0.2756516635417938,0.0,0.3480397164821625,0.0001,0.0,12.845,1.0103,0.3131
1570,stage1,1,0.39989346265792847,0.24553465843200684,0.0,0.39989346265792847,0.0001,0.0,12.852,1.0954,0.3161
1571,stage1,1,0.32997632026672363,0.32751092314720154,0.0,0.32997632026672363,0.0001,0.0,12.854,1.0893,0.3132
1572,stage1,1,0.37363380193710327,0.2774898409843445,0.0,0.37363380193710327,0.0001,0.0,12.849,0.7603,0.3144
1573,stage1,1,0.4261961579322815,0.2687300741672516,0.0,0.4261961579322815,0.0001,0.0,12.848,0.9098,0.3149
1574,stage1,1,0.37459105253219604,0.2612204849720001,0.0,0.37459105253219604,0.0001,0.0,12.842,1.3997,0.3135
1575,stage1,1,0.4193202257156372,0.3030303120613098,0.0,0.4193202257156372,0.0001,0.0,12.843,1.2948,7.2931
1576,stage1,1,0.3930496573448181,0.2985970675945282,0.0,0.3930496573448181,0.0001,0.0,12.854,0.9447,0.3132
1577,stage1,1,0.3913000822067261,0.2858002483844757,0.0,0.3913000822067261,0.0001,0.0,12.853,1.1068,0.313
1578,stage1,1,0.384333074092865,0.2712990343570709,0.0,0.384333074092865,0.0001,0.0,12.848,0.8172,0.3138
1579,stage1,1,0.3649729788303375,0.26521292328834534,0.0,0.3649729788303375,0.0001,0.0,12.848,1.0337,0.3136
1580,stage1,1,0.3825876712799072,0.2776503264904022,0.0,0.3825876712799072,0.0001,0.0,12.853,1.0999,0.3138
1581,stage1,1,0.36149895191192627,0.275808185338974,0.0,0.36149895191192627,0.0001,0.0,12.835,0.8461,0.3139
1582,stage1,1,0.3876669406890869,0.3006457984447479,0.0,0.3876669406890869,0.0001,0.0,12.852,1.1756,0.314
1583,stage1,1,0.39489054679870605,0.30191004276275635,0.0,0.39489054679870605,0.0001,0.0,12.844,0.9567,7.2899
1584,stage1,1,0.4118207097053528,0.2918783128261566,0.0,0.4118207097053528,0.0001,0.0,12.846,0.9392,0.3135
1585,stage1,1,0.37531596422195435,0.2942720353603363,0.0,0.37531596422195435,0.0001,0.0,12.856,0.7879,0.314
1586,stage1,1,0.33085036277770996,0.2864493727684021,0.0,0.33085036277770996,0.0001,0.0,12.844,0.8369,0.3155
1587,stage1,1,0.3722960650920868,0.2984374463558197,0.0,0.3722960650920868,0.0001,0.0,12.839,0.7668,0.3136
1588,stage1,1,0.3558187782764435,0.24857375025749207,0.0,0.3558187782764435,0.0001,0.0,12.849,0.9192,0.3136
1589,stage1,1,0.3852352797985077,0.2966344654560089,0.0,0.3852352797985077,0.0001,0.0,12.847,1.5735,0.3173
1590,stage1,1,0.4113210141658783,0.2817285656929016,0.0,0.4113210141658783,0.0001,0.0,12.842,1.0288,0.3129
1591,stage1,1,0.36837732791900635,0.3106866776943207,0.0,0.36837732791900635,0.0001,0.0,12.844,1.1402,7.1037
1592,stage1,1,0.39461320638656616,0.29066139459609985,0.0,0.39461320638656616,0.0001,0.0,12.845,1.1601,0.3133
1593,stage1,1,0.40891239047050476,0.268752783536911,0.0,0.40891239047050476,0.0001,0.0,12.842,0.9674,0.3138
1594,stage1,1,0.3802779018878937,0.30694836378097534,0.0,0.3802779018878937,0.0001,0.0,12.841,1.2925,0.3152
1595,stage1,1,0.3505687713623047,0.27568694949150085,0.0,0.3505687713623047,0.0001,0.0,12.838,1.1067,0.314
1596,stage1,1,0.34978219866752625,0.2985498011112213,0.0,0.34978219866752625,0.0001,0.0,12.836,1.0904,0.3133
1597,stage1,1,0.4147832691669464,0.3031717538833618,0.0,0.4147832691669464,0.0001,0.0,12.842,1.3938,0.315
1598,stage1,1,0.35883161425590515,0.3223462998867035,0.0,0.35883161425590515,0.0001,0.0,12.846,1.2042,0.3144
1599,stage1,1,0.42282456159591675,0.2818319797515869,0.0,0.42282456159591675,0.0001,0.0,12.844,1.6939,7.07
1600,stage1,1,0.381102055311203,0.29561975598335266,0.0,0.381102055311203,0.0001,0.0,12.849,1.1822,0.3139
1601,stage1,1,0.3686186671257019,0.29515597224235535,0.0,0.3686186671257019,0.0001,0.0,12.847,1.0734,0.3132
1602,stage1,1,0.353837251663208,0.29379069805145264,0.0,0.353837251663208,0.0001,0.0,12.859,0.958,0.3135
1603,stage1,1,0.40220800042152405,0.3263952136039734,0.0,0.40220800042152405,0.0001,0.0,12.844,2.0528,0.3178
1604,stage1,1,0.3935476243495941,0.28388264775276184,0.0,0.3935476243495941,0.0001,0.0,12.833,1.2319,0.3144
1605,stage1,1,0.3820264935493469,0.2944629192352295,0.0,0.3820264935493469,0.0001,0.0,12.837,0.9497,0.3141
1606,stage1,1,0.3967944383621216,0.2985932230949402,0.0,0.3967944383621216,0.0001,0.0,12.85,0.8509,0.3145
1607,stage1,1,0.40274903178215027,0.31943973898887634,0.0,0.40274903178215027,0.0001,0.0,12.842,0.7818,7.255
1608,stage1,1,0.45591893792152405,0.2795361280441284,0.0,0.45591893792152405,0.0001,0.0,12.846,1.3989,0.3133
1609,stage1,1,0.4016319513320923,0.24779433012008667,0.0,0.4016319513320923,0.0001,0.0,12.847,1.143,0.3143
1610,stage1,1,0.3665364682674408,0.2957392632961273,0.0,0.3665364682674408,0.0001,0.0,12.844,0.8029,0.3147
1611,stage1,1,0.4180715084075928,0.3057434558868408,0.0,0.4180715084075928,0.0001,0.0,12.858,0.8962,0.3136
1612,stage1,1,0.34492796659469604,0.29923397302627563,0.0,0.34492796659469604,0.0001,0.0,12.849,0.9235,0.3145
1613,stage1,1,0.4663342237472534,0.31137579679489136,0.0,0.4663342237472534,0.0001,0.0,12.844,1.1322,0.3133
1614,stage1,1,0.41953012347221375,0.25409743189811707,0.0,0.41953012347221375,0.0001,0.0,12.856,1.549,0.3145
1615,stage1,1,0.36818549036979675,0.27681875228881836,0.0,0.36818549036979675,0.0001,0.0,12.85,0.8726,7.1614
1616,stage1,1,0.4009644091129303,0.2866330146789551,0.0,0.4009644091129303,0.0001,0.0,12.857,1.4436,0.3135
1617,stage1,1,0.4122571349143982,0.31543341279029846,0.0,0.4122571349143982,0.0001,0.0,12.848,1.039,0.3142
1618,stage1,1,0.39407485723495483,0.3297203779220581,0.0,0.39407485723495483,0.0001,0.0,12.842,0.8623,0.3139
1619,stage1,1,0.4128134548664093,0.277084082365036,0.0,0.4128134548664093,0.0001,0.0,12.843,1.7153,0.3203
1620,stage1,1,0.37134987115859985,0.25116708874702454,0.0,0.37134987115859985,0.0001,0.0,12.846,1.5256,0.3128
1621,stage1,1,0.40840092301368713,0.308500200510025,0.0,0.40840092301368713,0.0001,0.0,12.846,1.1641,0.3138
1622,stage1,1,0.38459333777427673,0.30253902077674866,0.0,0.38459333777427673,0.0001,0.0,12.851,0.7548,0.3138
1623,stage1,1,0.3980652689933777,0.31807342171669006,0.0,0.3980652689933777,0.0001,0.0,12.856,1.863,7.2203
1624,stage1,1,0.3218132257461548,0.3051084578037262,0.0,0.3218132257461548,0.0001,0.0,12.847,1.1518,0.3128
1625,stage1,1,0.42362889647483826,0.30748796463012695,0.0,0.42362889647483826,0.0001,0.0,12.847,1.2377,0.3142
1626,stage1,1,0.3814815282821655,0.32775163650512695,0.0,0.3814815282821655,0.0001,0.0,12.858,0.911,0.318
1627,stage1,1,0.37005507946014404,0.290367990732193,0.0,0.37005507946014404,0.0001,0.0,12.848,0.8807,0.3186
1628,stage1,1,0.37890908122062683,0.2684674859046936,0.0,0.37890908122062683,0.0001,0.0,12.84,1.0466,0.3094
1629,stage1,1,0.4629333019256592,0.25876131653785706,0.0,0.4629333019256592,0.0001,0.0,12.85,1.2276,0.3143
1630,stage1,1,0.37991735339164734,0.2683974504470825,0.0,0.37991735339164734,0.0001,0.0,12.835,1.0233,0.3139
1631,stage1,1,0.4123542010784149,0.3060019016265869,0.0,0.4123542010784149,0.0001,0.0,12.841,1.4634,7.0002
1632,stage1,1,0.38529059290885925,0.2452426254749298,0.0,0.38529059290885925,0.0001,0.0,12.846,1.2425,0.3138
1633,stage1,1,0.4148864150047302,0.3167363703250885,0.0,0.4148864150047302,0.0001,0.0,12.847,1.1628,0.3147
1634,stage1,1,0.35019582509994507,0.3005598783493042,0.0,0.35019582509994507,0.0001,0.0,12.84,0.9504,0.3133
1635,stage1,1,0.34477782249450684,0.2905205190181732,0.0,0.34477782249450684,0.0001,0.0,12.834,1.2739,0.3142
1636,stage1,1,0.38918331265449524,0.251402348279953,0.0,0.38918331265449524,0.0001,0.0,12.847,1.177,0.3142
1637,stage1,1,0.3715575635433197,0.2777823209762573,0.0,0.3715575635433197,0.0001,0.0,12.842,0.6987,0.3143
1638,stage1,1,0.3342645466327667,0.3165256381034851,0.0,0.3342645466327667,0.0001,0.0,12.845,1.0901,0.3146
1639,stage1,1,0.4047364294528961,0.2692487835884094,0.0,0.4047364294528961,0.0001,0.0,12.839,1.3376,7.4037
1640,stage1,1,0.4842435121536255,0.2723105549812317,0.0,0.4842435121536255,0.0001,0.0,12.832,1.0746,0.314
1641,stage1,1,0.38552314043045044,0.28381580114364624,0.0,0.38552314043045044,0.0001,0.0,12.846,1.4658,0.3137
1642,stage1,1,0.39379632472991943,0.28270137310028076,0.0,0.39379632472991943,0.0001,0.0,12.847,1.166,0.317
1643,stage1,1,0.4019204080104828,0.27956297993659973,0.0,0.4019204080104828,0.0001,0.0,12.838,1.3156,0.3129
1644,stage1,1,0.43914830684661865,0.35300108790397644,0.0,0.43914830684661865,0.0001,0.0,12.832,1.0082,0.3143
1645,stage1,1,0.401471883058548,0.3035314977169037,0.0,0.401471883058548,0.0001,0.0,12.837,1.3649,0.314
1646,stage1,1,0.364736944437027,0.323923259973526,0.0,0.364736944437027,0.0001,0.0,12.847,0.8871,0.3134
1647,stage1,1,0.3879890739917755,0.27145916223526,0.0,0.3879890739917755,0.0001,0.0,12.847,1.322,6.9371
1648,stage1,1,0.41309383511543274,0.2812841832637787,0.0,0.41309383511543274,0.0001,0.0,12.84,0.8729,0.3143
1649,stage1,1,0.40868663787841797,0.30086082220077515,0.0,0.40868663787841797,0.0001,0.0,12.84,1.1502,0.3138
1650,stage2,0,0.36418554186820984,0.2805539667606354,0.0,0.36418554186820984,0.0001,2e-08,51.358,2.0403,10.1306
1651,stage2,0,0.6437761187553406,0.39217856526374817,0.0,0.6437761187553406,0.0001,4e-08,53.598,9.1869,0.6536
1652,stage2,0,0.466705858707428,0.34786054491996765,0.0,0.466705858707428,0.0001,6.000000000000001e-08,53.6,3.3537,0.6578
1653,stage2,0,0.48212841153144836,0.32878729701042175,0.0,0.48212841153144836,0.0001,8e-08,53.601,5.2145,0.6588
1654,stage2,0,0.5119028091430664,0.3545182943344116,0.0,0.5119028091430664,0.0001,1.0000000000000001e-07,53.605,6.152,0.659
1655,stage2,0,0.4470401406288147,0.3173796832561493,0.0,0.4470401406288147,0.0001,1.2000000000000002e-07,53.59,3.0,0.6605
1656,stage2,0,0.47715938091278076,0.30355578660964966,0.0,0.47715938091278076,0.0001,1.4e-07,53.599,1.9108,0.6599
1657,stage2,0,0.45053112506866455,0.31320813298225403,0.0,0.45053112506866455,0.0001,1.6e-07,53.596,1.8876,0.6601
1658,stage2,0,0.4239145517349243,0.36144763231277466,0.0,0.4239145517349243,0.0001,1.8e-07,53.594,2.6654,5.578
1659,stage2,0,0.49349096417427063,0.33370935916900635,0.0,0.49349096417427063,0.0001,2.0000000000000002e-07,53.592,2.9318,0.6648
1660,stage2,0,0.424753874540329,0.28135594725608826,0.0,0.424753874540329,0.0001,2.2e-07,53.597,3.4591,0.6596
1661,stage2,0,0.40700873732566833,0.32633069157600403,0.0,0.40700873732566833,0.0001,2.4000000000000003e-07,53.595,2.8454,0.6605
1662,stage2,0,0.46374446153640747,0.32170799374580383,0.0,0.46374446153640747,0.0001,2.6e-07,53.598,2.8318,0.66
1663,stage2,0,0.4167264699935913,0.29307839274406433,0.0,0.4167264699935913,0.0001,2.8e-07,53.6,2.169,0.6608
1664,stage2,0,0.44299694895744324,0.25645652413368225,0.0,0.44299694895744324,0.0001,3.0000000000000004e-07,53.587,2.3777,0.6614
1665,stage2,0,0.37547144293785095,0.28559553623199463,0.0,0.37547144293785095,0.0001,3.2e-07,53.594,1.9848,0.6622
1666,stage2,0,0.4253605902194977,0.25799357891082764,0.0,0.4253605902194977,0.0001,3.4000000000000003e-07,53.591,2.1475,5.4939
1667,stage2,0,0.4284454584121704,0.3105684816837311,0.0,0.4284454584121704,0.0001,3.6e-07,53.608,2.9349,0.6601
1668,stage2,0,0.4121701717376709,0.2989266514778137,0.0,0.4121701717376709,0.0001,3.8e-07,53.606,2.023,0.6616
1669,stage2,0,0.39552736282348633,0.2941688001155853,0.0,0.39552736282348633,0.0001,4.0000000000000003e-07,53.594,2.3359,0.662
1670,stage2,0,0.43066996335983276,0.2953540086746216,0.0,0.43066996335983276,0.0001,4.2000000000000006e-07,53.601,2.0755,0.6618
1671,stage2,0,0.42543908953666687,0.2875306308269501,0.0,0.42543908953666687,0.0001,4.4e-07,53.602,1.903,0.6628
1672,stage2,0,0.3873599171638489,0.31896519660949707,0.0,0.3873599171638489,0.0001,4.6000000000000004e-07,53.591,2.2081,0.663
1673,stage2,0,0.40518489480018616,0.31419864296913147,0.0,0.40518489480018616,0.0001,4.800000000000001e-07,53.603,2.1937,0.6634
1674,stage2,0,0.42297443747520447,0.2967709004878998,0.0,0.42297443747520447,0.0001,5.000000000000001e-07,53.592,3.0565,4.8613
1675,stage2,0,0.3634733259677887,0.25971266627311707,0.0,0.3634733259677887,0.0001,5.2e-07,53.601,3.4898,0.6621
1676,stage2,0,0.3745221197605133,0.2505515217781067,0.0,0.3745221197605133,0.0001,5.4e-07,53.594,1.6078,0.6628
1677,stage2,0,0.37234506011009216,0.2584505081176758,0.0,0.37234506011009216,0.0001,5.6e-07,53.595,1.7011,0.6639
1678,stage2,0,0.4123832583427429,0.26918521523475647,0.0,0.4123832583427429,0.0001,5.800000000000001e-07,53.596,1.8641,0.6637
1679,stage2,0,0.3792973458766937,0.29980748891830444,0.0,0.3792973458766937,0.0001,6.000000000000001e-07,53.6,1.9912,0.6642
1680,stage2,0,0.3979300558567047,0.3026465177536011,0.0,0.3979300558567047,0.0001,6.200000000000001e-07,53.595,2.012,0.6646
1681,stage2,0,0.4117181897163391,0.2877521514892578,0.0,0.4117181897163391,0.0001,6.4e-07,53.593,2.0912,0.6654
1682,stage2,0,0.37501364946365356,0.24447625875473022,0.0,0.37501364946365356,0.0001,6.6e-07,53.598,1.8897,4.6154
1683,stage2,0,0.3574598431587219,0.286636084318161,0.0,0.3574598431587219,0.0001,6.800000000000001e-07,53.603,2.2722,0.6631
1684,stage2,0,0.48331400752067566,0.30496495962142944,0.0,0.48331400752067566,0.0001,7.000000000000001e-07,53.599,2.234,0.6643
1685,stage2,0,0.4261554777622223,0.32448986172676086,0.0,0.4261554777622223,0.0001,7.2e-07,53.61,2.6634,0.6636
1686,stage2,0,0.35597869753837585,0.29040810465812683,0.0,0.35597869753837585,0.0001,7.4e-07,53.611,2.2292,0.6646
1687,stage2,0,0.38903477787971497,0.2828994691371918,0.0,0.38903477787971497,0.0001,7.6e-07,53.6,2.2608,0.6643
1688,stage2,0,0.4051942527294159,0.2940080165863037,0.0,0.4051942527294159,0.0001,7.8e-07,53.595,2.3992,0.665
1689,stage2,0,0.3727583587169647,0.27914905548095703,0.0,0.3727583587169647,0.0001,8.000000000000001e-07,53.601,1.6092,0.6659
1690,stage2,0,0.3934253454208374,0.3264492154121399,0.0,0.3934253454208374,0.0001,8.200000000000001e-07,53.598,2.6663,4.9094
1691,stage2,0,0.4793366491794586,0.30484458804130554,0.0,0.4793366491794586,0.0001,8.400000000000001e-07,53.6,2.8894,0.664
1692,stage2,0,0.3548957109451294,0.2966398596763611,0.0,0.3548957109451294,0.0001,8.6e-07,53.593,2.2526,0.6632
1693,stage2,0,0.3874918520450592,0.33728620409965515,0.0,0.3874918520450592,0.0001,8.8e-07,53.581,3.5821,0.6641
1694,stage2,0,0.3360300064086914,0.2908214330673218,0.0,0.3360300064086914,0.0001,9.000000000000001e-07,53.595,1.7185,0.6652
1695,stage2,0,0.4311176538467407,0.29129400849342346,0.0,0.4311176538467407,0.0001,9.200000000000001e-07,53.59,1.7446,0.6657
1696,stage2,0,0.444785475730896,0.2841458022594452,0.0,0.444785475730896,0.0001,9.400000000000001e-07,53.596,2.8787,0.6647
1697,stage2,0,0.3705800771713257,0.30739647150039673,0.0,0.3705800771713257,0.0001,9.600000000000001e-07,53.594,2.3379,0.6653
1698,stage2,0,0.3544387221336365,0.2518557012081146,0.0,0.3544387221336365,0.0001,9.800000000000001e-07,53.604,2.0315,4.6951
1699,stage2,0,0.44167739152908325,0.3197054862976074,0.0,0.44167739152908325,0.0001,1.0000000000000002e-06,53.597,2.4987,0.6627
1700,stage2,0,0.40014785528182983,0.30254918336868286,0.0,0.40014785528182983,0.0001,1.02e-06,53.591,2.1971,0.664
1701,stage2,0,0.446898877620697,0.26725324988365173,0.0,0.446898877620697,0.0001,1.04e-06,53.594,2.5293,0.6648
1702,stage2,0,0.3777821958065033,0.3037479519844055,0.0,0.3777821958065033,0.0001,1.06e-06,53.594,2.2985,0.6648
1703,stage2,0,0.35563844442367554,0.3121051490306854,0.0,0.35563844442367554,0.0001,1.08e-06,53.589,2.5415,0.6649
1704,stage2,0,0.3988747298717499,0.2787265479564667,0.0,0.3988747298717499,0.0001,1.1e-06,53.603,1.9641,0.6655
1705,stage2,0,0.35267144441604614,0.2789381146430969,0.0,0.35267144441604614,0.0001,1.12e-06,53.591,1.9365,0.6652
1706,stage2,0,0.40395334362983704,0.268596887588501,0.0,0.40395334362983704,0.0001,1.14e-06,53.597,2.0445,4.6637
1707,stage2,0,0.3449362516403198,0.26873648166656494,0.0,0.3449362516403198,0.0001,1.1600000000000001e-06,53.594,2.6526,0.6641
1708,stage2,0,0.36562246084213257,0.26378488540649414,0.0,0.36562246084213257,0.0001,1.1800000000000001e-06,53.599,1.9512,0.6646
1709,stage2,0,0.4086054861545563,0.2906469702720642,0.0,0.4086054861545563,0.0001,1.2000000000000002e-06,53.592,2.6253,0.6653
1710,stage2,0,0.3803587555885315,0.3297453820705414,0.0,0.3803587555885315,0.0001,1.2200000000000002e-06,53.62,2.0972,0.6659
1711,stage2,0,0.3764723241329193,0.29391559958457947,0.0,0.3764723241329193,0.0001,1.2400000000000002e-06,53.608,1.9566,0.6714
1712,stage2,0,0.3856186270713806,0.25405046343803406,0.0,0.3856186270713806,0.0001,1.26e-06,53.603,2.0884,0.6654
1713,stage2,0,0.36103156208992004,0.2872484028339386,0.0,0.36103156208992004,0.0001,1.28e-06,53.604,2.3128,0.6668
1714,stage2,0,0.4046785533428192,0.28875041007995605,0.0,0.4046785533428192,0.0001,1.3e-06,53.604,2.4402,5.4451
1715,stage2,0,0.32082289457321167,0.2446478009223938,0.0,0.32082289457321167,0.0001,1.32e-06,53.599,1.4822,0.6646
1716,stage2,0,0.3918576240539551,0.2512799799442291,0.0,0.3918576240539551,0.0001,1.34e-06,53.594,2.4093,0.6647
1717,stage2,0,0.4088151454925537,0.2885173261165619,0.0,0.4088151454925537,0.0001,1.3600000000000001e-06,53.6,1.9976,0.665
1718,stage2,0,0.40312883257865906,0.3158329129219055,0.0,0.40312883257865906,0.0001,1.3800000000000001e-06,53.606,2.8536,0.6658
1719,stage2,0,0.29866349697113037,0.29854968190193176,0.0,0.29866349697113037,0.0001,1.4000000000000001e-06,53.603,1.8445,0.6651
1720,stage2,0,0.3536873459815979,0.3064943552017212,0.0,0.3536873459815979,0.0001,1.42e-06,53.592,2.2645,0.666
1721,stage2,0,0.396843820810318,0.26102492213249207,0.0,0.396843820810318,0.0001,1.44e-06,53.598,1.75,0.6666
1722,stage2,0,0.3400201201438904,0.2875504493713379,0.0,0.3400201201438904,0.0001,1.46e-06,53.592,1.8419,4.7486
1723,stage2,0,0.31624558568000793,0.3150268793106079,0.0,0.31624558568000793,0.0001,1.48e-06,53.605,2.0406,0.665
1724,stage2,0,0.4213526248931885,0.3054189682006836,0.0,0.4213526248931885,0.0001,1.5e-06,53.586,3.1104,0.665
1725,stage2,0,0.39577409625053406,0.30554065108299255,0.0,0.39577409625053406,0.0001,1.52e-06,53.607,2.462,0.6651
1726,stage2,0,0.3453778922557831,0.2515835464000702,0.0,0.3453778922557831,0.0001,1.54e-06,53.6,1.8448,0.6662
1727,stage2,0,0.45858606696128845,0.31766945123672485,0.0,0.45858606696128845,0.0001,1.56e-06,53.589,2.7883,0.6668
1728,stage2,0,0.36300045251846313,0.27520403265953064,0.0,0.36300045251846313,0.0001,1.5800000000000001e-06,53.613,1.896,0.6661
1729,stage2,0,0.3830367624759674,0.2961762249469757,0.0,0.3830367624759674,0.0001,1.6000000000000001e-06,53.605,2.6022,0.6686
1730,stage2,0,0.4426286518573761,0.31051310896873474,0.0,0.4426286518573761,0.0001,1.6200000000000002e-06,53.6,3.1703,4.6256
1731,stage2,0,0.3511233925819397,0.2626956105232239,0.0,0.3511233925819397,0.0001,1.6400000000000002e-06,53.602,1.5257,0.6656
1732,stage2,0,0.4105057120323181,0.32585546374320984,0.0,0.4105057120323181,0.0001,1.6600000000000002e-06,53.594,2.3007,0.6661
1733,stage2,0,0.3988552391529083,0.2864067554473877,0.0,0.3988552391529083,0.0001,1.6800000000000002e-06,53.598,2.1398,0.6664
1734,stage2,0,0.36808523535728455,0.29467344284057617,0.0,0.36808523535728455,0.0001,1.7000000000000002e-06,53.594,2.091,0.6665
1735,stage2,0,0.36545252799987793,0.26128482818603516,0.0,0.36545252799987793,0.0001,1.72e-06,53.603,1.5659,0.6675
1736,stage2,0,0.3847867548465729,0.26764944195747375,0.0,0.3847867548465729,0.0001,1.74e-06,53.593,1.8657,0.6674
1737,stage2,0,0.3962099552154541,0.28361648321151733,0.0,0.3962099552154541,0.0001,1.76e-06,53.614,2.0838,0.668
1738,stage2,0,0.41697782278060913,0.24178335070610046,0.0,0.41697782278060913,0.0001,1.7800000000000001e-06,53.604,2.6815,4.8882
1739,stage2,0,0.3772467374801636,0.30174508690834045,0.0,0.3772467374801636,0.0001,1.8000000000000001e-06,53.607,1.5947,0.6652
1740,stage2,0,0.34711310267448425,0.2871883511543274,0.0,0.34711310267448425,0.0001,1.8200000000000002e-06,53.603,2.1682,0.6657
1741,stage2,0,0.3713243901729584,0.32151204347610474,0.0,0.3713243901729584,0.0001,1.8400000000000002e-06,53.597,2.0449,0.6659
1742,stage2,0,0.41515007615089417,0.2862858176231384,0.0,0.41515007615089417,0.0001,1.8600000000000002e-06,53.59,2.7068,0.6663
1743,stage2,0,0.38597995042800903,0.27943888306617737,0.0,0.38597995042800903,0.0001,1.8800000000000002e-06,53.596,1.8954,0.6663
1744,stage2,0,0.40184536576271057,0.2759877145290375,0.0,0.40184536576271057,0.0001,1.9000000000000002e-06,53.605,2.5657,0.6689
1745,stage2,0,0.31931164860725403,0.28603267669677734,0.0,0.31931164860725403,0.0001,1.9200000000000003e-06,53.597,2.0845,0.6672
1746,stage2,0,0.442156583070755,0.28162553906440735,0.0,0.442156583070755,0.0001,1.94e-06,53.601,2.1618,4.9708
1747,stage2,0,0.34848952293395996,0.2974635362625122,0.0,0.34848952293395996,0.0001,1.9600000000000003e-06,53.604,2.0634,0.6652
1748,stage2,0,0.36283326148986816,0.32255515456199646,0.0,0.36283326148986816,0.0001,1.98e-06,53.607,2.1132,0.6652
1749,stage2,0,0.4128781259059906,0.3133951723575592,0.0,0.4128781259059906,0.0001,2.0000000000000003e-06,53.602,2.8925,0.6671
1750,stage2,0,0.3732297718524933,0.2810125946998596,0.0,0.3732297718524933,0.0001,2.02e-06,53.608,2.4317,0.666
1751,stage2,0,0.3497426509857178,0.3097752034664154,0.0,0.3497426509857178,0.0001,2.04e-06,53.602,2.7893,0.6665
1752,stage2,0,0.3494683504104614,0.2702743709087372,0.0,0.3494683504104614,0.0001,2.06e-06,53.615,2.2955,0.6677
1753,stage2,0,0.36170029640197754,0.2577909529209137,0.0,0.36170029640197754,0.0001,2.08e-06,53.605,1.9888,0.6686
1754,stage2,0,0.39387625455856323,0.2716788053512573,0.0,0.39387625455856323,0.0001,2.1000000000000002e-06,53.593,2.4336,4.7973
1755,stage2,0,0.43202340602874756,0.28451207280158997,0.0,0.43202340602874756,0.0001,2.12e-06,53.604,3.2723,0.6662
1756,stage2,0,0.4373748004436493,0.2804512679576874,0.0,0.4373748004436493,0.0001,2.1400000000000003e-06,53.601,2.5063,0.6666
1757,stage2,0,0.3964729309082031,0.2643178701400757,0.0,0.3964729309082031,0.0001,2.16e-06,53.6,1.8723,0.6678
1758,stage2,0,0.37614771723747253,0.2935469448566437,0.0,0.37614771723747253,0.0001,2.1800000000000003e-06,53.601,2.7229,0.667
1759,stage2,0,0.37324586510658264,0.28632527589797974,0.0,0.37324586510658264,0.0001,2.2e-06,53.594,2.0533,0.6675
1760,stage2,0,0.37706664204597473,0.3212375044822693,0.0,0.37706664204597473,0.0001,2.2200000000000003e-06,53.605,3.1269,0.6672
1761,stage2,0,0.32366105914115906,0.32204246520996094,0.0,0.32366105914115906,0.0001,2.24e-06,53.597,2.5476,0.6679
1762,stage2,0,0.3796462118625641,0.2584291398525238,0.0,0.3796462118625641,0.0001,2.2600000000000004e-06,53.6,2.1484,4.4936
1763,stage2,0,0.3533935844898224,0.2842572331428528,0.0,0.3533935844898224,0.0001,2.28e-06,53.596,2.3392,0.6668
1764,stage2,0,0.3613370656967163,0.3199680745601654,0.0,0.3613370656967163,0.0001,2.3000000000000004e-06,53.607,1.6728,0.6665
1765,stage2,0,0.39864975214004517,0.29635894298553467,0.0,0.39864975214004517,0.0001,2.3200000000000002e-06,53.593,2.3272,0.6667
1766,stage2,0,0.4117398262023926,0.25753602385520935,0.0,0.4117398262023926,0.0001,2.3400000000000005e-06,53.6,2.0162,0.6679
1767,stage2,0,0.3817749321460724,0.2683867812156677,0.0,0.3817749321460724,0.0001,2.3600000000000003e-06,53.599,3.0312,0.6679
1768,stage2,0,0.34449002146720886,0.3016539216041565,0.0,0.34449002146720886,0.0001,2.38e-06,53.6,1.9872,0.6687
1769,stage2,0,0.4082931578159332,0.2848424017429352,0.0,0.4082931578159332,0.0001,2.4000000000000003e-06,53.602,3.0282,0.6687
1770,stage2,0,0.40111008286476135,0.2864360213279724,0.0,0.40111008286476135,0.0001,2.42e-06,53.605,2.4504,4.5713
1771,stage2,0,0.3961668014526367,0.269244909286499,0.0,0.3961668014526367,0.0001,2.4400000000000004e-06,53.604,2.128,0.6658
1772,stage2,0,0.4025750756263733,0.31798410415649414,0.0,0.4025750756263733,0.0001,2.46e-06,53.592,2.0845,0.667
1773,stage2,0,0.3816642165184021,0.3366517126560211,0.0,0.3816642165184021,0.0001,2.4800000000000004e-06,53.598,2.1777,0.6667
1774,stage2,0,0.38173070549964905,0.2856072187423706,0.0,0.38173070549964905,0.0001,2.5e-06,53.594,2.1306,0.6666
1775,stage2,0,0.3297441005706787,0.29278695583343506,0.0,0.3297441005706787,0.0001,2.52e-06,53.598,2.0797,0.6679
1776,stage2,0,0.3577014207839966,0.2580444812774658,0.0,0.3577014207839966,0.0001,2.5400000000000002e-06,53.59,1.7939,0.6705
1777,stage2,0,0.4099787771701813,0.32150569558143616,0.0,0.4099787771701813,0.0001,2.56e-06,53.592,2.0399,0.6657
1778,stage2,0,0.3750650882720947,0.275452196598053,0.0,0.3750650882720947,0.0001,2.5800000000000003e-06,53.602,2.3745,4.4207
1779,stage2,0,0.3616027235984802,0.27062860131263733,0.0,0.3616027235984802,0.0001,2.6e-06,53.591,1.9377,0.6658
1780,stage2,0,0.37348121404647827,0.2994982898235321,0.0,0.37348121404647827,0.0001,2.6200000000000003e-06,53.59,1.9758,0.6672
1781,stage2,0,0.4195123612880707,0.300852507352829,0.0,0.4195123612880707,0.0001,2.64e-06,53.594,2.5319,0.667
1782,stage2,0,0.42593953013420105,0.3014847934246063,0.0,0.42593953013420105,0.0001,2.6600000000000004e-06,53.601,2.7868,0.6676
1783,stage2,0,0.41890913248062134,0.3070293962955475,0.0,0.41890913248062134,0.0001,2.68e-06,53.62,2.037,0.6691
1784,stage2,0,0.36166641116142273,0.2974706292152405,0.0,0.36166641116142273,0.0001,2.7000000000000004e-06,53.596,2.5443,0.6696
1785,stage2,0,0.42451706528663635,0.32262441515922546,0.0,0.42451706528663635,0.0001,2.7200000000000002e-06,53.599,3.2297,0.6694
1786,stage2,0,0.34212300181388855,0.2665342688560486,0.0,0.34212300181388855,0.0001,2.7400000000000004e-06,53.603,2.2109,4.6857
1787,stage2,0,0.41992688179016113,0.2815040647983551,0.0,0.41992688179016113,0.0001,2.7600000000000003e-06,53.599,2.3984,0.6661
1788,stage2,0,0.3608938753604889,0.3042241632938385,0.0,0.3608938753604889,0.0001,2.7800000000000005e-06,53.6,1.9278,0.6663
1789,stage2,0,0.38307449221611023,0.26418599486351013,0.0,0.38307449221611023,0.0001,2.8000000000000003e-06,53.597,2.0903,0.668
1790,stage2,0,0.4062807559967041,0.2785643935203552,0.0,0.4062807559967041,0.0001,2.82e-06,53.611,1.968,0.6678
1791,stage2,0,0.32302728295326233,0.2579349875450134,0.0,0.32302728295326233,0.0001,2.84e-06,53.61,1.8554,0.6702
1792,stage2,0,0.34756752848625183,0.2786861062049866,0.0,0.34756752848625183,0.0001,2.86e-06,53.6,1.8223,0.6687
1793,stage2,0,0.3708021342754364,0.3087669312953949,0.0,0.3708021342754364,0.0001,2.88e-06,53.597,2.1999,0.669
1794,stage2,0,0.40042775869369507,0.27603381872177124,0.0,0.40042775869369507,0.0001,2.9e-06,53.598,1.6229,4.7679
1795,stage2,0,0.41635388135910034,0.26195675134658813,0.0,0.41635388135910034,0.0001,2.92e-06,53.597,1.9711,0.6666
1796,stage2,0,0.3268742263317108,0.26245808601379395,0.0,0.3268742263317108,0.0001,2.9400000000000002e-06,53.602,2.0494,0.6668
1797,stage2,0,0.36158066987991333,0.27969855070114136,0.0,0.36158066987991333,0.0001,2.96e-06,53.595,2.2287,0.6672
1798,stage2,0,0.42448893189430237,0.30790916085243225,0.0,0.42448893189430237,0.0001,2.9800000000000003e-06,53.592,2.1841,0.6721
1799,stage2,0,0.3860832154750824,0.26842761039733887,0.0,0.3860832154750824,0.0001,3e-06,53.608,2.4878,0.6733
1800,stage2,0,0.3545430898666382,0.2730962336063385,0.0,0.3545430898666382,0.0001,3.0200000000000003e-06,53.595,2.9302,0.6694
1801,stage2,0,0.3555159270763397,0.2956664562225342,0.0,0.3555159270763397,0.0001,3.04e-06,53.582,2.2063,0.6688
1802,stage2,0,0.3764028251171112,0.28354284167289734,0.0,0.3764028251171112,0.0001,3.0600000000000003e-06,53.585,2.1965,4.6129
1803,stage2,0,0.3251224756240845,0.26369723677635193,0.0,0.3251224756240845,0.0001,3.08e-06,53.602,2.0341,0.6666
1804,stage2,0,0.37260010838508606,0.2732764780521393,0.0,0.37260010838508606,0.0001,3.1000000000000004e-06,53.609,1.9796,0.6672
1805,stage2,0,0.3653811514377594,0.25363487005233765,0.0,0.3653811514377594,0.0001,3.12e-06,53.593,2.2481,0.6681
1806,stage2,0,0.3924581706523895,0.297896146774292,0.0,0.3924581706523895,0.0001,3.1400000000000004e-06,53.588,2.9119,0.6675
1807,stage2,0,0.38366541266441345,0.3227226436138153,0.0,0.38366541266441345,0.0001,3.1600000000000002e-06,53.603,1.9717,0.6685
1808,stage2,0,0.3666672110557556,0.3220369517803192,0.0,0.3666672110557556,0.0001,3.1800000000000005e-06,53.597,2.4509,0.6686
1809,stage2,0,0.3516697585582733,0.26827454566955566,0.0,0.3516697585582733,0.0001,3.2000000000000003e-06,53.603,1.6383,0.6692
1810,stage2,0,0.38909482955932617,0.2763613164424896,0.0,0.38909482955932617,0.0001,3.2200000000000005e-06,53.591,2.7806,4.6064
1811,stage2,0,0.4095894992351532,0.2991296947002411,0.0,0.4095894992351532,0.0001,3.2400000000000003e-06,53.587,2.7977,0.6665
1812,stage2,0,0.35894325375556946,0.29858511686325073,0.0,0.35894325375556946,0.0001,3.2600000000000006e-06,53.586,1.8973,0.6692
1813,stage2,0,0.42686617374420166,0.29126521944999695,0.0,0.42686617374420166,0.0001,3.2800000000000004e-06,53.596,2.6936,0.673
1814,stage2,0,0.34063810110092163,0.26988887786865234,0.0,0.34063810110092163,0.0001,3.3000000000000006e-06,53.597,2.0306,0.669
1815,stage2,0,0.4051586091518402,0.2805180251598358,0.0,0.4051586091518402,0.0001,3.3200000000000004e-06,53.605,3.0471,0.6686
1816,stage2,0,0.40970057249069214,0.3166517913341522,0.0,0.40970057249069214,0.0001,3.3400000000000006e-06,53.605,3.1694,0.6686
1817,stage2,0,0.34453099966049194,0.28394368290901184,0.0,0.34453099966049194,0.0001,3.3600000000000004e-06,53.597,1.8913,0.6697
1818,stage2,0,0.4126165509223938,0.2735692262649536,0.0,0.4126165509223938,0.0001,3.3800000000000007e-06,53.589,2.109,4.3611
1819,stage2,0,0.39846163988113403,0.3042125999927521,0.0,0.39846163988113403,0.0001,3.4000000000000005e-06,53.592,2.4247,0.6513
1820,stage2,0,0.3687709867954254,0.2808419466018677,0.0,0.3687709867954254,0.0001,3.4200000000000007e-06,53.6,1.8376,0.6671
1821,stage2,0,0.3527480959892273,0.30998730659484863,0.0,0.3527480959892273,0.0001,3.44e-06,53.596,2.4119,0.669
1822,stage2,0,0.3723912239074707,0.28045979142189026,0.0,0.3723912239074707,0.0001,3.46e-06,53.599,2.1228,0.6688
1823,stage2,0,0.3614327907562256,0.27478504180908203,0.0,0.3614327907562256,0.0001,3.48e-06,53.599,2.1789,0.6733
1824,stage2,0,0.4361801743507385,0.2925480008125305,0.0,0.4361801743507385,0.0001,3.5e-06,53.596,2.4483,0.6675
1825,stage2,0,0.3891220986843109,0.25896066427230835,0.0,0.3891220986843109,0.0001,3.52e-06,53.599,2.2996,0.67
1826,stage2,0,0.41636720299720764,0.2769550681114197,0.0,0.41636720299720764,0.0001,3.54e-06,53.588,2.256,4.2177
1827,stage2,0,0.3721035420894623,0.2906250059604645,0.0,0.3721035420894623,0.0001,3.5600000000000002e-06,53.59,2.0061,0.668
1828,stage2,0,0.395489364862442,0.32285434007644653,0.0,0.395489364862442,0.0001,3.58e-06,53.593,2.6516,0.6677
1829,stage2,0,0.39064377546310425,0.284988671541214,0.0,0.39064377546310425,0.0001,3.6000000000000003e-06,53.598,2.2401,0.6737
1830,stage2,0,0.3256852924823761,0.26815539598464966,0.0,0.3256852924823761,0.0001,3.62e-06,53.602,2.0766,0.669
1831,stage2,0,0.369232177734375,0.24823907017707825,0.0,0.369232177734375,0.0001,3.6400000000000003e-06,53.595,1.891,0.669
1832,stage2,0,0.3416902720928192,0.26480892300605774,0.0,0.3416902720928192,0.0001,3.66e-06,53.591,2.2551,0.6739
1833,stage2,0,0.36163628101348877,0.26774752140045166,0.0,0.36163628101348877,0.0001,3.6800000000000003e-06,53.595,1.9012,0.6697
1834,stage2,0,0.3835400938987732,0.269668310880661,0.0,0.3835400938987732,0.0001,3.7e-06,53.594,2.244,4.4722
1835,stage2,0,0.36545687913894653,0.2731156051158905,0.0,0.36545687913894653,0.0001,3.7200000000000004e-06,53.605,2.7548,0.6671
1836,stage2,0,0.4139504134654999,0.2782125174999237,0.0,0.4139504134654999,0.0001,3.74e-06,53.606,1.8225,0.6679
1837,stage2,0,0.3760230243206024,0.2948494851589203,0.0,0.3760230243206024,0.0001,3.7600000000000004e-06,53.607,3.2562,0.6694
1838,stage2,0,0.3901713788509369,0.3110875189304352,0.0,0.3901713788509369,0.0001,3.7800000000000002e-06,53.592,2.2939,0.6689
1839,stage2,0,0.388071745634079,0.2937898337841034,0.0,0.388071745634079,0.0001,3.8000000000000005e-06,53.59,2.405,0.6694
1840,stage2,0,0.3626890778541565,0.28912314772605896,0.0,0.3626890778541565,0.0001,3.820000000000001e-06,53.59,3.0509,0.6736
1841,stage2,0,0.3555717170238495,0.2938065528869629,0.0,0.3555717170238495,0.0001,3.8400000000000005e-06,53.592,2.1459,0.6698
1842,stage2,0,0.3623834550380707,0.2672588527202606,0.0,0.3623834550380707,0.0001,3.86e-06,53.6,1.9341,4.5601
1843,stage2,0,0.38476598262786865,0.31264305114746094,0.0,0.38476598262786865,0.0001,3.88e-06,53.601,2.0462,0.6723
1844,stage2,0,0.40720516443252563,0.28514572978019714,0.0,0.40720516443252563,0.0001,3.900000000000001e-06,53.601,2.994,0.6677
1845,stage2,0,0.35132476687431335,0.2967160940170288,0.0,0.35132476687431335,0.0001,3.920000000000001e-06,53.602,2.5905,0.668
1846,stage2,0,0.38160398602485657,0.2905712425708771,0.0,0.38160398602485657,0.0001,3.94e-06,53.598,2.3791,0.6694
1847,stage2,0,0.3782917559146881,0.29619738459587097,0.0,0.3782917559146881,0.0001,3.96e-06,53.6,1.9541,0.6685
1848,stage2,0,0.3651905357837677,0.2856539189815521,0.0,0.3651905357837677,0.0001,3.980000000000001e-06,53.605,2.7366,0.6692
1849,stage2,0,0.3929620087146759,0.2710772454738617,0.0,0.3929620087146759,0.0001,4.000000000000001e-06,53.608,2.3308,0.6692
1850,stage2,0,0.3925124704837799,0.32080134749412537,0.0,0.3925124704837799,0.0001,4.0200000000000005e-06,53.605,2.0491,4.6389
1851,stage2,0,0.3683374524116516,0.3128957450389862,0.0,0.3683374524116516,0.0001,4.04e-06,53.598,2.0506,0.6681
1852,stage2,0,0.39410901069641113,0.3132806420326233,0.0,0.39410901069641113,0.0001,4.060000000000001e-06,53.596,2.6006,0.6685
1853,stage2,0,0.3713155686855316,0.3082156181335449,0.0,0.3713155686855316,0.0001,4.08e-06,53.588,2.0622,0.668
1854,stage2,0,0.4061490297317505,0.29952549934387207,0.0,0.4061490297317505,0.0001,4.1e-06,53.589,2.024,0.6685
1855,stage2,0,0.35881054401397705,0.26684221625328064,0.0,0.35881054401397705,0.0001,4.12e-06,53.59,2.3507,0.6695
1856,stage2,0,0.3894895911216736,0.28564754128456116,0.0,0.3894895911216736,0.0001,4.14e-06,53.598,2.2946,0.669
1857,stage2,0,0.369121789932251,0.31183305382728577,0.0,0.369121789932251,0.0001,4.16e-06,53.611,2.7765,0.6696
1858,stage2,0,0.39416003227233887,0.2556861340999603,0.0,0.39416003227233887,0.0001,4.18e-06,53.606,2.0635,5.636
1859,stage2,0,0.3968290090560913,0.27191102504730225,0.0,0.3968290090560913,0.0001,4.2000000000000004e-06,53.598,1.7494,0.667
1860,stage2,0,0.3827650249004364,0.2913264334201813,0.0,0.3827650249004364,0.0001,4.22e-06,53.607,1.8483,0.6779
1861,stage2,0,0.3557294011116028,0.28218844532966614,0.0,0.3557294011116028,0.0001,4.24e-06,53.599,1.9484,0.6606
1862,stage2,0,0.3939850628376007,0.264946848154068,0.0,0.3939850628376007,0.0001,4.26e-06,53.597,2.2189,0.6673
1863,stage2,0,0.4027617573738098,0.30913910269737244,0.0,0.4027617573738098,0.0001,4.2800000000000005e-06,53.602,2.6978,0.6685
1864,stage2,0,0.3270627558231354,0.24903517961502075,0.0,0.3270627558231354,0.0001,4.3e-06,53.603,2.047,0.6693
1865,stage2,0,0.32962751388549805,0.2737683653831482,0.0,0.32962751388549805,0.0001,4.32e-06,53.603,2.6561,0.6692
1866,stage2,0,0.3840852379798889,0.2916361391544342,0.0,0.3840852379798889,0.0001,4.34e-06,53.603,2.0662,5.8184
1867,stage2,0,0.4160270392894745,0.2627943754196167,0.0,0.4160270392894745,0.0001,4.360000000000001e-06,53.61,2.0139,0.6706
1868,stage2,0,0.3483744263648987,0.29903674125671387,0.0,0.3483744263648987,0.0001,4.38e-06,53.588,2.7046,0.668
1869,stage2,0,0.371670663356781,0.2949586510658264,0.0,0.371670663356781,0.0001,4.4e-06,53.595,2.5103,0.6679
1870,stage2,0,0.42249447107315063,0.2797968089580536,0.0,0.42249447107315063,0.0001,4.42e-06,53.594,3.2997,0.6681
1871,stage2,0,0.35543200373649597,0.25747960805892944,0.0,0.35543200373649597,0.0001,4.440000000000001e-06,53.594,1.766,0.6685
1872,stage2,0,0.34555718302726746,0.26374512910842896,0.0,0.34555718302726746,0.0001,4.4600000000000005e-06,53.605,1.9207,0.6688
1873,stage2,0,0.37249791622161865,0.32840853929519653,0.0,0.37249791622161865,0.0001,4.48e-06,53.601,2.823,0.6697
1874,stage2,0,0.3119359314441681,0.3172355592250824,0.0,0.3119359314441681,0.0001,4.5e-06,53.607,2.5507,4.9389
1875,stage2,0,0.38224807381629944,0.29367348551750183,0.0,0.38224807381629944,0.0001,4.520000000000001e-06,53.595,2.318,0.6665
1876,stage2,0,0.4394575357437134,0.2862233519554138,0.0,0.4394575357437134,0.0001,4.540000000000001e-06,53.609,2.4027,0.6676
1877,stage2,0,0.3839486241340637,0.30078840255737305,0.0,0.3839486241340637,0.0001,4.56e-06,53.601,2.6644,0.6682
1878,stage2,0,0.3318880796432495,0.3340231478214264,0.0,0.3318880796432495,0.0001,4.58e-06,53.602,2.8587,0.6691
1879,stage2,0,0.33747994899749756,0.29349231719970703,0.0,0.33747994899749756,0.0001,4.600000000000001e-06,53.602,3.0145,0.6679
1880,stage2,0,0.3799232840538025,0.296132355928421,0.0,0.3799232840538025,0.0001,4.620000000000001e-06,53.605,2.4993,0.6691
1881,stage2,0,0.4262251555919647,0.30235233902931213,0.0,0.4262251555919647,0.0001,4.6400000000000005e-06,53.6,2.4134,0.6691
1882,stage2,0,0.40137916803359985,0.2600919008255005,0.0,0.40137916803359985,0.0001,4.66e-06,53.599,2.2437,4.6764
1883,stage2,0,0.3725845217704773,0.28778257966041565,0.0,0.3725845217704773,0.0001,4.680000000000001e-06,53.604,2.4016,0.6667
1884,stage2,0,0.4601994454860687,0.3121594488620758,0.0,0.4601994454860687,0.0001,4.7e-06,53.599,4.2975,0.6669
1885,stage2,0,0.3983191251754761,0.26376262307167053,0.0,0.3983191251754761,0.0001,4.7200000000000005e-06,53.608,2.2365,0.6675
1886,stage2,0,0.4369102716445923,0.2969677448272705,0.0,0.4369102716445923,0.0001,4.74e-06,53.608,2.3262,0.6684
1887,stage2,0,0.3900328278541565,0.30044519901275635,0.0,0.3900328278541565,0.0001,4.76e-06,53.61,2.4744,0.668
1888,stage2,0,0.44914427399635315,0.2820168435573578,0.0,0.44914427399635315,0.0001,4.78e-06,53.604,2.4219,0.6702
1889,stage2,0,0.39905864000320435,0.2671451270580292,0.0,0.39905864000320435,0.0001,4.800000000000001e-06,53.598,2.6785,0.6687
1890,stage2,0,0.33662480115890503,0.29043957591056824,0.0,0.33662480115890503,0.0001,4.8200000000000004e-06,53.603,2.9633,4.6398
1891,stage2,0,0.3752872049808502,0.2994707226753235,0.0,0.3752872049808502,0.0001,4.84e-06,53.605,2.272,0.6668
1892,stage2,0,0.419609934091568,0.2679978013038635,0.0,0.419609934091568,0.0001,4.86e-06,53.602,2.2551,0.6674
1893,stage2,0,0.398054301738739,0.3085666596889496,0.0,0.398054301738739,0.0001,4.880000000000001e-06,53.599,2.3164,0.6675
1894,stage2,0,0.36771291494369507,0.28709274530410767,0.0,0.36771291494369507,0.0001,4.9000000000000005e-06,53.604,1.9042,0.6688
1895,stage2,0,0.39130160212516785,0.2853285074234009,0.0,0.39130160212516785,0.0001,4.92e-06,53.6,2.6244,0.6686
1896,stage2,0,0.39672407507896423,0.3002464473247528,0.0,0.39672407507896423,0.0001,4.94e-06,53.601,2.1894,0.6702
1897,stage2,0,0.4337303936481476,0.34758231043815613,0.0,0.4337303936481476,0.0001,4.960000000000001e-06,53.601,2.6603,0.6695
1898,stage2,0,0.3587494492530823,0.28459396958351135,0.0,0.3587494492530823,0.0001,4.980000000000001e-06,53.602,2.0568,4.2592
1899,stage2,0,0.39677879214286804,0.3356960713863373,0.0,0.39677879214286804,0.0001,5e-06,53.594,2.8194,0.669
1900,stage2,0,0.36018043756484985,0.28516703844070435,0.0,0.36018043756484985,0.0001,5.02e-06,53.607,1.9817,0.6724
1901,stage2,0,0.40086549520492554,0.251417875289917,0.0,0.40086549520492554,0.0001,5.04e-06,53.589,2.3921,0.6683
1902,stage2,0,0.3686935007572174,0.3153092563152313,0.0,0.3686935007572174,0.0001,5.060000000000001e-06,53.606,2.9086,0.6693
1903,stage2,0,0.3887875974178314,0.2688463628292084,0.0,0.3887875974178314,0.0001,5.0800000000000005e-06,53.603,2.6079,0.6734
1904,stage2,0,0.37504643201828003,0.2762102484703064,0.0,0.37504643201828003,0.0001,5.1e-06,53.599,2.5992,0.6692
1905,stage2,0,0.3659740686416626,0.2523825764656067,0.0,0.3659740686416626,0.0001,5.12e-06,53.587,2.5363,0.6698
1906,stage2,0,0.42903932929039,0.29733791947364807,0.0,0.42903932929039,0.0001,5.140000000000001e-06,53.584,2.6935,4.7221
1907,stage2,0,0.4305175244808197,0.27727043628692627,0.0,0.4305175244808197,0.0001,5.1600000000000006e-06,53.61,2.1371,0.6662
1908,stage2,0,0.3755473494529724,0.2936893105506897,0.0,0.3755473494529724,0.0001,5.18e-06,53.602,2.2282,0.6676
1909,stage2,0,0.39890846610069275,0.27997878193855286,0.0,0.39890846610069275,0.0001,5.2e-06,53.595,2.6265,0.668
1910,stage2,0,0.35927054286003113,0.2884798049926758,0.0,0.35927054286003113,0.0001,5.220000000000001e-06,53.601,2.7723,0.6687
1911,stage2,0,0.37991756200790405,0.29094231128692627,0.0,0.37991756200790405,0.0001,5.240000000000001e-06,53.597,2.4212,0.6693
1912,stage2,0,0.3887123167514801,0.2973136305809021,0.0,0.3887123167514801,0.0001,5.2600000000000005e-06,53.601,2.4409,0.6718
1913,stage2,0,0.3117724061012268,0.30981704592704773,0.0,0.3117724061012268,0.0001,5.28e-06,53.599,1.8677,0.6721
1914,stage2,0,0.39107346534729004,0.26155415177345276,0.0,0.39107346534729004,0.0001,5.300000000000001e-06,53.608,3.0365,4.3712
1915,stage2,0,0.44500941038131714,0.27238982915878296,0.0,0.44500941038131714,0.0001,5.320000000000001e-06,53.604,2.8196,0.6666
1916,stage2,0,0.3615766763687134,0.27127596735954285,0.0,0.3615766763687134,0.0001,5.3400000000000005e-06,53.6,2.1875,0.6686
1917,stage2,0,0.38468343019485474,0.27457302808761597,0.0,0.38468343019485474,0.0001,5.36e-06,53.606,2.6518,0.6678
1918,stage2,0,0.37862658500671387,0.2655223608016968,0.0,0.37862658500671387,0.0001,5.380000000000001e-06,53.601,2.4926,0.6684
1919,stage2,0,0.43987762928009033,0.28586849570274353,0.0,0.43987762928009033,0.0001,5.400000000000001e-06,53.597,2.6587,0.669
1920,stage2,0,0.3508121073246002,0.30468714237213135,0.0,0.3508121073246002,0.0001,5.420000000000001e-06,53.6,2.1038,0.6691
1921,stage2,0,0.4024539589881897,0.26164594292640686,0.0,0.4024539589881897,0.0001,5.4400000000000004e-06,53.591,2.4436,0.6702
1922,stage2,0,0.34385010600090027,0.28225603699684143,0.0,0.34385010600090027,0.0001,5.460000000000001e-06,53.592,3.6006,4.767
1923,stage2,0,0.38367924094200134,0.3071024417877197,0.0,0.38367924094200134,0.0001,5.480000000000001e-06,53.608,3.7218,0.6677
1924,stage2,0,0.3779132664203644,0.2863527536392212,0.0,0.3779132664203644,0.0001,5.500000000000001e-06,53.596,2.502,0.6676
1925,stage2,0,0.37235701084136963,0.28050071001052856,0.0,0.37235701084136963,0.0001,5.5200000000000005e-06,53.601,2.8579,0.6688
1926,stage2,0,0.3538546860218048,0.29883822798728943,0.0,0.3538546860218048,0.0001,5.540000000000001e-06,53.603,2.5055,0.6686
1927,stage2,0,0.3613329529762268,0.33681702613830566,0.0,0.3613329529762268,0.0001,5.560000000000001e-06,53.599,3.0007,0.669
1928,stage2,0,0.36356833577156067,0.27014660835266113,0.0,0.36356833577156067,0.0001,5.580000000000001e-06,53.608,2.5283,0.6713
1929,stage2,0,0.4075697064399719,0.263919472694397,0.0,0.4075697064399719,0.0001,5.600000000000001e-06,53.592,2.4714,0.6699
1930,stage2,0,0.340831458568573,0.32799553871154785,0.0,0.340831458568573,0.0001,5.620000000000001e-06,53.591,2.7328,4.3424
1931,stage2,0,0.3771243691444397,0.3244493901729584,0.0,0.3771243691444397,0.0001,5.64e-06,53.604,3.0779,0.6673
1932,stage2,0,0.3721867501735687,0.25404515862464905,0.0,0.3721867501735687,0.0001,5.66e-06,53.589,2.1616,0.6673
1933,stage2,0,0.40794578194618225,0.2933160960674286,0.0,0.40794578194618225,0.0001,5.68e-06,53.597,3.0541,0.6689
1934,stage2,0,0.38319718837738037,0.27963873744010925,0.0,0.38319718837738037,0.0001,5.7e-06,53.6,2.9538,0.6698
1935,stage2,0,0.35986024141311646,0.30222466588020325,0.0,0.35986024141311646,0.0001,5.72e-06,53.601,2.1728,0.6697
1936,stage2,0,0.3649560809135437,0.29651156067848206,0.0,0.3649560809135437,0.0001,5.74e-06,53.603,3.0319,0.6695
1937,stage2,0,0.31657925248146057,0.3127566874027252,0.0,0.31657925248146057,0.0001,5.76e-06,53.602,2.8185,0.669
1938,stage2,0,0.3442624509334564,0.28678467869758606,0.0,0.3442624509334564,0.0001,5.78e-06,53.6,2.0695,4.2443
1939,stage2,0,0.3621271252632141,0.26833879947662354,0.0,0.3621271252632141,0.0001,5.8e-06,53.6,2.5016,0.6671
1940,stage2,0,0.3960798382759094,0.3080829381942749,0.0,0.3960798382759094,0.0001,5.82e-06,53.594,2.8439,0.6679
1941,stage2,0,0.3501944839954376,0.26367300748825073,0.0,0.3501944839954376,0.0001,5.84e-06,53.6,1.7336,0.6685
1942,stage2,0,0.2821654677391052,0.2932775616645813,0.0,0.2821654677391052,0.0001,5.86e-06,53.6,1.5808,0.6692
1943,stage2,0,0.36129334568977356,0.31361648440361023,0.0,0.36129334568977356,0.0001,5.8800000000000005e-06,53.585,2.6942,0.6695
1944,stage2,0,0.3280175030231476,0.30267906188964844,0.0,0.3280175030231476,0.0001,5.9e-06,53.594,2.1282,0.669
1945,stage2,0,0.3679204285144806,0.2909727692604065,0.0,0.3679204285144806,0.0001,5.92e-06,53.599,2.6652,0.6699
1946,stage2,0,0.3733232617378235,0.3133288621902466,0.0,0.3733232617378235,0.0001,5.94e-06,53.589,3.5841,4.2635
1947,stage2,0,0.4427219331264496,0.30794113874435425,0.0,0.4427219331264496,0.0001,5.9600000000000005e-06,53.6,3.2795,0.6706
1948,stage2,0,0.37083524465560913,0.3088245093822479,0.0,0.37083524465560913,0.0001,5.98e-06,53.6,3.8392,0.6673
1949,stage2,0,0.3188888728618622,0.294601708650589,0.0,0.3188888728618622,0.0001,6e-06,53.598,2.3782,0.6679
1950,stage2,0,0.40959683060646057,0.28230077028274536,0.0,0.40959683060646057,0.0001,6.02e-06,53.597,1.9978,0.6688
1951,stage2,0,0.39661499857902527,0.29610151052474976,0.0,0.39661499857902527,0.0001,6.040000000000001e-06,53.595,2.6846,0.6695
1952,stage2,0,0.3529106676578522,0.27478131651878357,0.0,0.3529106676578522,0.0001,6.0600000000000004e-06,53.586,2.6243,0.6704
1953,stage2,0,0.4053424000740051,0.29197224974632263,0.0,0.4053424000740051,0.0001,6.08e-06,53.59,3.4704,0.67
1954,stage2,0,0.3558960556983948,0.26529115438461304,0.0,0.3558960556983948,0.0001,6.1e-06,53.599,2.1327,4.4089
1955,stage2,0,0.39413514733314514,0.2848413586616516,0.0,0.39413514733314514,0.0001,6.120000000000001e-06,53.587,1.9199,0.6679
1956,stage2,0,0.37635841965675354,0.2922608554363251,0.0,0.37635841965675354,0.0001,6.1400000000000005e-06,53.6,2.9107,0.669
1957,stage2,0,0.40602657198905945,0.23935307562351227,0.0,0.40602657198905945,0.0001,6.16e-06,53.587,3.4372,0.6682
1958,stage2,0,0.34566158056259155,0.32128021121025085,0.0,0.34566158056259155,0.0001,6.18e-06,53.595,3.0353,0.6695
1959,stage2,0,0.3932003378868103,0.2886958122253418,0.0,0.3932003378868103,0.0001,6.200000000000001e-06,53.593,2.1945,0.6691
1960,stage2,0,0.3841542899608612,0.3060567080974579,0.0,0.3841542899608612,0.0001,6.220000000000001e-06,53.583,2.0608,0.6692
1961,stage2,0,0.34591010212898254,0.28919294476509094,0.0,0.34591010212898254,0.0001,6.24e-06,53.593,2.7273,0.67
1962,stage2,0,0.41058167815208435,0.2957969009876251,0.0,0.41058167815208435,0.0001,6.26e-06,53.59,2.6931,4.2302
1963,stage2,0,0.42385056614875793,0.2634744346141815,0.0,0.42385056614875793,0.0001,6.280000000000001e-06,53.589,2.1181,0.6721
1964,stage2,0,0.3524444103240967,0.24861298501491547,0.0,0.3524444103240967,0.0001,6.300000000000001e-06,53.597,1.8028,0.6657
1965,stage2,0,0.4222940504550934,0.29035380482673645,0.0,0.4222940504550934,0.0001,6.3200000000000005e-06,53.586,3.4308,0.6699
1966,stage2,0,0.3806297183036804,0.27013149857521057,0.0,0.3806297183036804,0.0001,6.34e-06,53.598,2.4461,0.6686
1967,stage2,0,0.36807093024253845,0.28989094495773315,0.0,0.36807093024253845,0.0001,6.360000000000001e-06,53.589,2.566,0.6697
1968,stage2,0,0.3997124135494232,0.2948683500289917,0.0,0.3997124135494232,0.0001,6.380000000000001e-06,53.6,2.4944,0.6707
1969,stage2,0,0.38692253828048706,0.30752742290496826,0.0,0.38692253828048706,0.0001,6.4000000000000006e-06,53.585,2.681,0.6752
1970,stage2,0,0.4077226519584656,0.2822517156600952,0.0,0.4077226519584656,0.0001,6.42e-06,53.594,2.9891,4.3614
1971,stage2,0,0.4074004888534546,0.2958112359046936,0.0,0.4074004888534546,0.0001,6.440000000000001e-06,53.601,3.7375,0.6683
1972,stage2,0,0.43956059217453003,0.24959443509578705,0.0,0.43956059217453003,0.0001,6.460000000000001e-06,53.592,3.241,0.6736
1973,stage2,0,0.3092997074127197,0.30504581332206726,0.0,0.3092997074127197,0.0001,6.480000000000001e-06,53.591,2.6205,0.6693
1974,stage2,0,0.39084237813949585,0.2642831802368164,0.0,0.39084237813949585,0.0001,6.5000000000000004e-06,53.601,2.7379,0.6695
1975,stage2,0,0.382369726896286,0.2611980736255646,0.0,0.382369726896286,0.0001,6.520000000000001e-06,53.606,2.1392,0.6695
1976,stage2,0,0.3479509651660919,0.26708775758743286,0.0,0.3479509651660919,0.0001,6.540000000000001e-06,53.597,3.0852,0.6708
1977,stage2,0,0.3938200771808624,0.2895192801952362,0.0,0.3938200771808624,0.0001,6.560000000000001e-06,53.595,2.4481,0.6702
1978,stage2,0,0.39282238483428955,0.29009801149368286,0.0,0.39282238483428955,0.0001,6.5800000000000005e-06,53.592,2.679,4.4266
1979,stage2,0,0.349427729845047,0.2847788631916046,0.0,0.349427729845047,0.0001,6.600000000000001e-06,53.605,2.4734,0.6684
1980,stage2,0,0.3992861807346344,0.2597779333591461,0.0,0.3992861807346344,0.0001,6.620000000000001e-06,53.614,2.4928,0.6692
1981,stage2,0,0.39329931139945984,0.294201135635376,0.0,0.39329931139945984,0.0001,6.640000000000001e-06,53.601,3.1544,0.67
1982,stage2,0,0.39432263374328613,0.27174845337867737,0.0,0.39432263374328613,0.0001,6.660000000000001e-06,53.59,2.3134,0.6701
1983,stage2,0,0.3763256371021271,0.306405633687973,0.0,0.3763256371021271,0.0001,6.680000000000001e-06,53.594,2.8538,0.6704
1984,stage2,0,0.35668355226516724,0.30266526341438293,0.0,0.35668355226516724,0.0001,6.700000000000001e-06,53.6,2.7696,0.6702
1985,stage2,0,0.37168025970458984,0.31087011098861694,0.0,0.37168025970458984,0.0001,6.720000000000001e-06,53.595,2.5612,0.6699
1986,stage2,0,0.3864964544773102,0.32253196835517883,0.0,0.3864964544773102,0.0001,6.740000000000001e-06,53.6,2.6122,4.4654
1987,stage2,0,0.3706348240375519,0.27795934677124023,0.0,0.3706348240375519,0.0001,6.760000000000001e-06,53.604,2.1826,0.6675
1988,stage2,0,0.3555072844028473,0.26512593030929565,0.0,0.3555072844028473,0.0001,6.780000000000001e-06,53.593,3.5073,0.6687
1989,stage2,0,0.35259535908699036,0.262022465467453,0.0,0.35259535908699036,0.0001,6.800000000000001e-06,53.592,2.5256,0.668
1990,stage2,0,0.38988324999809265,0.3101378083229065,0.0,0.38988324999809265,0.0001,6.820000000000001e-06,53.6,2.407,0.6686
1991,stage2,0,0.3729025423526764,0.2873584032058716,0.0,0.3729025423526764,0.0001,6.8400000000000014e-06,53.598,2.3263,0.6691
1992,stage2,0,0.35423555970191956,0.24179387092590332,0.0,0.35423555970191956,0.0001,6.860000000000001e-06,53.605,2.1564,0.6702
1993,stage2,0,0.3740226626396179,0.25969597697257996,0.0,0.3740226626396179,0.0001,6.88e-06,53.593,2.2776,0.6697
1994,stage2,0,0.3485984802246094,0.2888297736644745,0.0,0.3485984802246094,0.0001,6.9e-06,53.604,2.1709,4.4917
1995,stage2,0,0.3252094089984894,0.30728381872177124,0.0,0.3252094089984894,0.0001,6.92e-06,53.601,2.3508,0.6676
1996,stage2,0,0.3847093880176544,0.2869914770126343,0.0,0.3847093880176544,0.0001,6.9400000000000005e-06,53.603,2.7073,0.6678
1997,stage2,0,0.3573056161403656,0.28288573026657104,0.0,0.3573056161403656,0.0001,6.96e-06,53.607,2.1206,0.6738
1998,stage2,0,0.37853294610977173,0.2663528323173523,0.0,0.37853294610977173,0.0001,6.98e-06,53.595,2.3901,0.6698
1999,stage2,0,0.36713919043540955,0.2678382098674774,0.0,0.36713919043540955,0.0001,7e-06,53.594,2.4006,0.6705
2000,stage2,0,0.3579646050930023,0.31562748551368713,0.0,0.3579646050930023,0.0001,7.0200000000000006e-06,53.591,2.4587,0.6739
2001,stage2,0,0.3797491192817688,0.2809314429759979,0.0,0.3797491192817688,0.0001,7.04e-06,53.593,4.1758,0.671
2002,stage2,0,0.35803431272506714,0.27056610584259033,0.0,0.35803431272506714,0.0001,7.06e-06,53.596,1.9546,4.3313
2003,stage2,0,0.3303892910480499,0.27609479427337646,0.0,0.3303892910480499,0.0001,7.08e-06,53.596,2.0853,0.6688
2004,stage2,0,0.35674792528152466,0.2467065453529358,0.0,0.35674792528152466,0.0001,7.100000000000001e-06,53.591,2.0393,0.6693
2005,stage2,0,0.33100616931915283,0.2860729992389679,0.0,0.33100616931915283,0.0001,7.1200000000000004e-06,53.587,1.9935,0.6765
2006,stage2,0,0.3459590971469879,0.29163795709609985,0.0,0.3459590971469879,0.0001,7.14e-06,53.612,2.2236,0.6641
2007,stage2,0,0.3939804434776306,0.28568267822265625,0.0,0.3939804434776306,0.0001,7.16e-06,53.589,3.1075,0.6701
2008,stage2,0,0.3325113356113434,0.2777816951274872,0.0,0.3325113356113434,0.0001,7.180000000000001e-06,53.599,2.471,0.671
2009,stage2,0,0.399319052696228,0.2975752651691437,0.0,0.399319052696228,0.0001,7.2000000000000005e-06,53.595,2.1928,0.6716
2010,stage2,0,0.3355087637901306,0.2868402898311615,0.0,0.3355087637901306,0.0001,7.22e-06,53.596,2.7937,4.2259
2011,stage2,0,0.3526439368724823,0.2684292495250702,0.0,0.3526439368724823,0.0001,7.24e-06,53.591,2.4454,0.668
2012,stage2,0,0.3581273853778839,0.24589113891124725,0.0,0.3581273853778839,0.0001,7.260000000000001e-06,53.591,2.4974,0.6688
2013,stage2,0,0.3082900941371918,0.2836581766605377,0.0,0.3082900941371918,0.0001,7.280000000000001e-06,53.598,1.8664,0.6693
2014,stage2,0,0.31977689266204834,0.2518669664859772,0.0,0.31977689266204834,0.0001,7.3e-06,53.598,2.3966,0.6702
2015,stage2,0,0.3581913709640503,0.2923678159713745,0.0,0.3581913709640503,0.0001,7.32e-06,53.608,2.4894,0.6698
2016,stage2,0,0.35472819209098816,0.26667147874832153,0.0,0.35472819209098816,0.0001,7.340000000000001e-06,53.602,2.0904,0.6755
2017,stage2,0,0.3690112233161926,0.2865590453147888,0.0,0.3690112233161926,0.0001,7.360000000000001e-06,53.6,3.1848,0.6708
2018,stage2,0,0.3244527280330658,0.26832374930381775,0.0,0.3244527280330658,0.0001,7.3800000000000005e-06,53.597,2.2637,4.1824
2019,stage2,0,0.34265023469924927,0.3021950423717499,0.0,0.34265023469924927,0.0001,7.4e-06,53.592,2.263,0.6684
2020,stage2,0,0.4001083970069885,0.28838884830474854,0.0,0.4001083970069885,0.0001,7.420000000000001e-06,53.595,3.0554,0.6752
2021,stage2,0,0.4488426744937897,0.2860339283943176,0.0,0.4488426744937897,0.0001,7.440000000000001e-06,53.599,3.9911,0.669
2022,stage2,0,0.35998550057411194,0.29816150665283203,0.0,0.35998550057411194,0.0001,7.4600000000000006e-06,53.597,2.7296,0.6698
2023,stage2,0,0.32488662004470825,0.2568841278553009,0.0,0.32488662004470825,0.0001,7.48e-06,53.583,2.2804,0.6702
2024,stage2,0,0.35568103194236755,0.29677894711494446,0.0,0.35568103194236755,0.0001,7.500000000000001e-06,53.601,2.6228,0.6708
2025,stage2,0,0.420532763004303,0.3152620494365692,0.0,0.420532763004303,0.0001,7.520000000000001e-06,53.596,4.5256,0.6709
2026,stage2,0,0.37120068073272705,0.27196213603019714,0.0,0.37120068073272705,0.0001,7.540000000000001e-06,53.59,2.8408,4.3784
2027,stage2,0,0.3624328076839447,0.28176143765449524,0.0,0.3624328076839447,0.0001,7.5600000000000005e-06,53.587,3.0425,0.669
2028,stage2,0,0.3135521113872528,0.2771020233631134,0.0,0.3135521113872528,0.0001,7.58e-06,53.604,2.1118,0.6695
2029,stage2,0,0.35060983896255493,0.27979910373687744,0.0,0.35060983896255493,0.0001,7.600000000000001e-06,53.597,3.4837,0.6696
2030,stage2,0,0.36986657977104187,0.29647064208984375,0.0,0.36986657977104187,0.0001,7.620000000000001e-06,53.593,2.8424,0.6701
2031,stage2,0,0.4057742953300476,0.28388991951942444,0.0,0.4057742953300476,0.0001,7.640000000000001e-06,53.592,3.0311,0.6716
2032,stage2,0,0.3807360529899597,0.291401207447052,0.0,0.3807360529899597,0.0001,7.660000000000001e-06,53.589,3.3077,0.6704
2033,stage2,0,0.3537202775478363,0.2859543561935425,0.0,0.3537202775478363,0.0001,7.680000000000001e-06,53.6,2.4925,0.6718
2034,stage2,0,0.36249738931655884,0.2996208667755127,0.0,0.36249738931655884,0.0001,7.7e-06,53.591,2.634,4.3539
2035,stage2,0,0.3345774710178375,0.29432833194732666,0.0,0.3345774710178375,0.0001,7.72e-06,53.606,2.728,0.6691
2036,stage2,0,0.3502773344516754,0.309406042098999,0.0,0.3502773344516754,0.0001,7.74e-06,53.596,2.8968,0.6691
2037,stage2,0,0.3626076579093933,0.29046934843063354,0.0,0.3626076579093933,0.0001,7.76e-06,53.602,2.8541,0.6692
2038,stage2,0,0.36870917677879333,0.2818944752216339,0.0,0.36870917677879333,0.0001,7.78e-06,53.591,2.5072,0.6712
2039,stage2,0,0.3495287597179413,0.2672918140888214,0.0,0.3495287597179413,0.0001,7.800000000000002e-06,53.604,2.4458,0.6738
2040,stage2,0,0.37679699063301086,0.30775177478790283,0.0,0.37679699063301086,0.0001,7.820000000000001e-06,53.598,2.3594,0.6735
2041,stage2,0,0.3389059007167816,0.2807832658290863,0.0,0.3389059007167816,0.0001,7.840000000000001e-06,53.596,1.9766,0.6722
2042,stage2,0,0.4052649438381195,0.27560940384864807,0.0,0.4052649438381195,0.0001,7.860000000000001e-06,53.59,2.6947,4.1789
2043,stage2,0,0.329532265663147,0.22946983575820923,0.0,0.329532265663147,0.0001,7.88e-06,53.59,2.3351,0.6726
2044,stage2,0,0.3728558421134949,0.26901960372924805,0.0,0.3728558421134949,0.0001,7.9e-06,53.6,2.2043,0.6735
2045,stage2,0,0.38237059116363525,0.2875577509403229,0.0,0.38237059116363525,0.0001,7.92e-06,53.587,3.0484,0.6696
2046,stage2,0,0.3684052526950836,0.26445794105529785,0.0,0.3684052526950836,0.0001,7.94e-06,53.593,2.5128,0.6711
2047,stage2,0,0.38602614402770996,0.29822641611099243,0.0,0.38602614402770996,0.0001,7.960000000000002e-06,53.597,2.4741,0.6716
2048,stage2,0,0.39677977561950684,0.2858671545982361,0.0,0.39677977561950684,0.0001,7.980000000000002e-06,53.604,2.5968,0.6751
2049,stage2,0,0.3736881613731384,0.28186318278312683,0.0,0.3736881613731384,0.0001,8.000000000000001e-06,53.599,2.8264,0.6716
2050,stage2,0,0.39284923672676086,0.24374014139175415,0.0,0.39284923672676086,0.0001,8.020000000000001e-06,53.607,2.3466,4.3445
2051,stage2,0,0.3602420687675476,0.27673816680908203,0.0,0.3602420687675476,0.0001,8.040000000000001e-06,53.595,2.8802,0.6701
2052,stage2,0,0.3433557450771332,0.26934367418289185,0.0,0.3433557450771332,0.0001,8.06e-06,53.6,3.8299,0.6699
2053,stage2,0,0.3800216019153595,0.2915864586830139,0.0,0.3800216019153595,0.0001,8.08e-06,53.602,2.8084,0.6744
2054,stage2,0,0.3881106376647949,0.31108054518699646,0.0,0.3881106376647949,0.0001,8.1e-06,53.604,2.991,0.6701
2055,stage2,0,0.36218488216400146,0.32575705647468567,0.0,0.36218488216400146,0.0001,8.120000000000002e-06,53.594,3.5583,0.6731
2056,stage2,0,0.3582454323768616,0.27304011583328247,0.0,0.3582454323768616,0.0001,8.14e-06,53.599,2.6921,0.6714
2057,stage2,0,0.3473861813545227,0.25250697135925293,0.0,0.3473861813545227,0.0001,8.16e-06,53.593,2.4606,0.6713
2058,stage2,0,0.38745367527008057,0.2825322449207306,0.0,0.38745367527008057,0.0001,8.18e-06,53.585,2.9517,4.2544
2059,stage2,0,0.41478240489959717,0.29229632019996643,0.0,0.41478240489959717,0.0001,8.2e-06,53.605,2.4289,0.6692
2060,stage2,0,0.3519195318222046,0.29224932193756104,0.0,0.3519195318222046,0.0001,8.220000000000001e-06,53.598,2.6645,0.67
2061,stage2,0,0.402415931224823,0.2469668984413147,0.0,0.402415931224823,0.0001,8.24e-06,53.591,2.6534,0.6706
2062,stage2,0,0.3446353077888489,0.29546916484832764,0.0,0.3446353077888489,0.0001,8.26e-06,53.592,3.0526,0.6711
2063,stage2,0,0.36999717354774475,0.2937867045402527,0.0,0.36999717354774475,0.0001,8.28e-06,53.599,3.1958,0.6718
2064,stage2,0,0.38457515835762024,0.2798944413661957,0.0,0.38457515835762024,0.0001,8.3e-06,53.605,2.2045,0.6717
2065,stage2,0,0.43882253766059875,0.25572794675827026,0.0,0.43882253766059875,0.0001,8.32e-06,53.603,3.1173,0.6725
2066,stage2,0,0.348844438791275,0.281768262386322,0.0,0.348844438791275,0.0001,8.34e-06,53.605,2.9622,4.3582
2067,stage2,0,0.30924293398857117,0.316799134016037,0.0,0.30924293398857117,0.0001,8.36e-06,53.6,3.139,0.6697
2068,stage2,0,0.39735326170921326,0.28681063652038574,0.0,0.39735326170921326,0.0001,8.380000000000001e-06,53.605,3.1552,0.6742
2069,stage2,0,0.3306596577167511,0.29645225405693054,0.0,0.3306596577167511,0.0001,8.400000000000001e-06,53.594,2.0178,0.6739
2070,stage2,0,0.32950928807258606,0.2913970649242401,0.0,0.32950928807258606,0.0001,8.42e-06,53.6,2.6214,0.6715
2071,stage2,0,0.42551735043525696,0.3118179738521576,0.0,0.42551735043525696,0.0001,8.44e-06,53.613,6.2704,0.6712
2072,stage2,0,0.3730897605419159,0.2748278081417084,0.0,0.3730897605419159,0.0001,8.46e-06,53.593,2.3515,0.6716
2073,stage2,0,0.33753934502601624,0.2465575635433197,0.0,0.33753934502601624,0.0001,8.48e-06,53.613,2.1176,0.6721
2074,stage2,0,0.34169521927833557,0.30691418051719666,0.0,0.34169521927833557,0.0001,8.5e-06,53.601,3.3471,4.5913
2075,stage2,0,0.37236547470092773,0.2870417535305023,0.0,0.37236547470092773,0.0001,8.52e-06,53.604,2.9769,0.6695
2076,stage2,0,0.33720076084136963,0.2718159854412079,0.0,0.33720076084136963,0.0001,8.540000000000001e-06,53.608,2.1897,0.6693
2077,stage2,0,0.3969511091709137,0.313522070646286,0.0,0.3969511091709137,0.0001,8.560000000000001e-06,53.598,2.8514,0.6704
2078,stage2,0,0.36374926567077637,0.3124295473098755,0.0,0.36374926567077637,0.0001,8.580000000000001e-06,53.602,3.9386,0.6734
2079,stage2,0,0.39696529507637024,0.2874525785446167,0.0,0.39696529507637024,0.0001,8.6e-06,53.599,2.4994,0.6707
2080,stage2,0,0.32112741470336914,0.2779141962528229,0.0,0.32112741470336914,0.0001,8.62e-06,53.608,2.5034,0.6714
2081,stage2,0,0.3808492422103882,0.28369832038879395,0.0,0.3808492422103882,0.0001,8.64e-06,53.611,3.0469,0.6715
2082,stage2,0,0.4007754325866699,0.24339652061462402,0.0,0.4007754325866699,0.0001,8.66e-06,53.603,2.7391,4.4937
2083,stage2,0,0.3828704357147217,0.3050556182861328,0.0,0.3828704357147217,0.0001,8.68e-06,53.601,3.6691,0.6688
2084,stage2,0,0.36217737197875977,0.2851288318634033,0.0,0.36217737197875977,0.0001,8.700000000000001e-06,53.6,3.0764,0.6694
2085,stage2,0,0.38404667377471924,0.24404457211494446,0.0,0.38404667377471924,0.0001,8.720000000000001e-06,53.589,2.334,0.6699
2086,stage2,0,0.29276785254478455,0.2791086435317993,0.0,0.29276785254478455,0.0001,8.740000000000001e-06,53.612,3.4139,0.6762
2087,stage2,0,0.3130630552768707,0.28868597745895386,0.0,0.3130630552768707,0.0001,8.76e-06,53.606,2.0304,0.6713
2088,stage2,0,0.3912341892719269,0.2862088978290558,0.0,0.3912341892719269,0.0001,8.78e-06,53.607,2.4373,0.6724
2089,stage2,0,0.32423874735832214,0.27402567863464355,0.0,0.32423874735832214,0.0001,8.8e-06,53.606,1.6194,0.6705
2090,stage2,0,0.3830355405807495,0.286207377910614,0.0,0.3830355405807495,0.0001,8.82e-06,53.604,2.8755,4.5876
2091,stage2,0,0.38225677609443665,0.26567697525024414,0.0,0.38225677609443665,0.0001,8.84e-06,53.592,2.3386,0.6662
2092,stage2,0,0.3717566132545471,0.29479166865348816,0.0,0.3717566132545471,0.0001,8.860000000000002e-06,53.597,3.1827,0.6697
2093,stage2,0,0.3623012602329254,0.2626151144504547,0.0,0.3623012602329254,0.0001,8.880000000000001e-06,53.609,2.8683,0.6706
2094,stage2,0,0.37959685921669006,0.3012915551662445,0.0,0.37959685921669006,0.0001,8.900000000000001e-06,53.59,3.2999,0.6729
2095,stage2,0,0.3520931005477905,0.2948901951313019,0.0,0.3520931005477905,0.0001,8.920000000000001e-06,53.598,3.1176,0.6742
2096,stage2,0,0.3800022006034851,0.30039384961128235,0.0,0.3800022006034851,0.0001,8.94e-06,53.612,2.5377,0.6706
2097,stage2,0,0.3677579164505005,0.2930009663105011,0.0,0.3677579164505005,0.0001,8.96e-06,53.609,3.4547,0.6712
2098,stage2,0,0.3589756488800049,0.26240038871765137,0.0,0.3589756488800049,0.0001,8.98e-06,53.602,2.4186,4.3106
2099,stage2,0,0.36855509877204895,0.23012329638004303,0.0,0.36855509877204895,0.0001,9e-06,53.603,2.7745,0.6687
2100,stage2,0,0.3380082845687866,0.2814132869243622,0.0,0.3380082845687866,0.0001,9.020000000000002e-06,53.594,2.4823,0.6691
2101,stage2,0,0.35966116189956665,0.30363667011260986,0.0,0.35966116189956665,0.0001,9.040000000000002e-06,53.614,2.398,0.6692
2102,stage2,0,0.4098563492298126,0.2929321229457855,0.0,0.4098563492298126,0.0001,9.060000000000001e-06,53.606,2.9613,0.6708
2103,stage2,0,0.33258765935897827,0.2727830708026886,0.0,0.33258765935897827,0.0001,9.080000000000001e-06,53.602,2.1992,0.6704
2104,stage2,0,0.36126041412353516,0.29861950874328613,0.0,0.36126041412353516,0.0001,9.100000000000001e-06,53.597,2.6935,0.6707
2105,stage2,0,0.3437858819961548,0.27282729744911194,0.0,0.3437858819961548,0.0001,9.12e-06,53.597,2.9766,0.6703
2106,stage2,0,0.32295408844947815,0.3072703182697296,0.0,0.32295408844947815,0.0001,9.14e-06,53.593,3.2803,4.5866
2107,stage2,0,0.3105275630950928,0.296170711517334,0.0,0.3105275630950928,0.0001,9.16e-06,53.6,2.4543,0.6747
2108,stage2,0,0.3293626010417938,0.2970631718635559,0.0,0.3293626010417938,0.0001,9.180000000000002e-06,53.603,2.9772,0.6631
2109,stage2,0,0.3255500793457031,0.30736106634140015,0.0,0.3255500793457031,0.0001,9.200000000000002e-06,53.601,4.5315,0.6693
2110,stage2,0,0.38862019777297974,0.2785271406173706,0.0,0.38862019777297974,0.0001,9.220000000000002e-06,53.599,2.2578,0.67
2111,stage2,0,0.38944053649902344,0.2584269642829895,0.0,0.38944053649902344,0.0001,9.240000000000001e-06,53.592,2.2563,0.6705
2112,stage2,0,0.3691599369049072,0.25877347588539124,0.0,0.3691599369049072,0.0001,9.260000000000001e-06,53.607,2.5848,0.6706
2113,stage2,0,0.47099539637565613,0.30601540207862854,0.0,0.47099539637565613,0.0001,9.280000000000001e-06,53.605,4.4205,0.6718
2114,stage2,0,0.4083629250526428,0.26480403542518616,0.0,0.4083629250526428,0.0001,9.3e-06,53.595,4.0372,4.2864
2115,stage2,0,0.34782516956329346,0.286969929933548,0.0,0.34782516956329346,0.0001,9.32e-06,53.605,3.5344,0.6684
2116,stage2,0,0.33415132761001587,0.2924586534500122,0.0,0.33415132761001587,0.0001,9.340000000000002e-06,53.603,3.4403,0.6698
2117,stage2,0,0.36051297187805176,0.2781570255756378,0.0,0.36051297187805176,0.0001,9.360000000000002e-06,53.597,3.4578,0.6721
2118,stage2,0,0.3686830401420593,0.25432705879211426,0.0,0.3686830401420593,0.0001,9.38e-06,53.597,2.0365,0.667
2119,stage2,0,0.355956107378006,0.29481422901153564,0.0,0.355956107378006,0.0001,9.4e-06,53.608,2.5392,0.6704
2120,stage2,0,0.34111639857292175,0.2785623371601105,0.0,0.34111639857292175,0.0001,9.42e-06,53.609,2.005,0.6707
2121,stage2,0,0.36120352149009705,0.2822504937648773,0.0,0.36120352149009705,0.0001,9.440000000000001e-06,53.608,2.8785,0.671
2122,stage2,0,0.346367746591568,0.2997031807899475,0.0,0.346367746591568,0.0001,9.460000000000001e-06,53.603,3.109,4.1291
2123,stage2,0,0.3699042797088623,0.2645070552825928,0.0,0.3699042797088623,0.0001,9.48e-06,53.602,1.9802,0.67
2124,stage2,0,0.34681063890457153,0.2820547819137573,0.0,0.34681063890457153,0.0001,9.5e-06,53.602,2.6899,0.6711
2125,stage2,0,0.34253767132759094,0.295853853225708,0.0,0.34253767132759094,0.0001,9.52e-06,53.598,2.4252,0.6702
2126,stage2,0,0.34402894973754883,0.24645057320594788,0.0,0.34402894973754883,0.0001,9.54e-06,53.594,2.0784,0.6715
2127,stage2,0,0.37276503443717957,0.30957385897636414,0.0,0.37276503443717957,0.0001,9.56e-06,53.594,2.4955,0.6754
2128,stage2,0,0.3599003255367279,0.2347879260778427,0.0,0.3599003255367279,0.0001,9.58e-06,53.6,2.371,0.6702
2129,stage2,0,0.332187294960022,0.294392853975296,0.0,0.332187294960022,0.0001,9.600000000000001e-06,53.592,2.6412,0.6736
2130,stage2,0,0.3839140236377716,0.27317193150520325,0.0,0.3839140236377716,0.0001,9.620000000000001e-06,53.587,2.4532,4.2713
2131,stage2,0,0.3789907693862915,0.25373539328575134,0.0,0.3789907693862915,0.0001,9.640000000000001e-06,53.601,2.827,0.6685
2132,stage2,0,0.34200260043144226,0.25858065485954285,0.0,0.34200260043144226,0.0001,9.66e-06,53.601,2.5336,0.6689
2133,stage2,0,0.39245906472206116,0.3005974292755127,0.0,0.39245906472206116,0.0001,9.68e-06,53.597,2.9676,0.6689
2134,stage2,0,0.3272846043109894,0.24473914504051208,0.0,0.3272846043109894,0.0001,9.7e-06,53.599,1.6097,0.6695
2135,stage2,0,0.3885861933231354,0.2718049883842468,0.0,0.3885861933231354,0.0001,9.72e-06,53.596,2.3262,0.6706
2136,stage2,0,0.36963382363319397,0.2793349325656891,0.0,0.36963382363319397,0.0001,9.74e-06,53.599,2.5963,0.6702
2137,stage2,0,0.36877644062042236,0.2856449484825134,0.0,0.36877644062042236,0.0001,9.760000000000001e-06,53.595,2.7345,0.6706
2138,stage2,0,0.4062514305114746,0.2806045711040497,0.0,0.4062514305114746,0.0001,9.780000000000001e-06,53.596,4.1362,4.448
2139,stage2,0,0.40859875082969666,0.2582530081272125,0.0,0.40859875082969666,0.0001,9.800000000000001e-06,53.598,3.3149,0.6681
2140,stage2,0,0.3381904661655426,0.2697227895259857,0.0,0.3381904661655426,0.0001,9.820000000000001e-06,53.59,2.8963,0.6695
2141,stage2,0,0.38083967566490173,0.2967391610145569,0.0,0.38083967566490173,0.0001,9.84e-06,53.604,2.8386,0.6691
2142,stage2,0,0.3711911737918854,0.30300086736679077,0.0,0.3711911737918854,0.0001,9.86e-06,53.611,2.8425,0.669
2143,stage2,0,0.3088977634906769,0.30740106105804443,0.0,0.3088977634906769,0.0001,9.88e-06,53.602,2.9491,0.6698
2144,stage2,0,0.3457763195037842,0.26868006587028503,0.0,0.3457763195037842,0.0001,9.9e-06,53.596,3.9098,0.6719
2145,stage2,0,0.37801623344421387,0.27624568343162537,0.0,0.37801623344421387,0.0001,9.920000000000002e-06,53.605,3.3644,0.6726
2146,stage2,0,0.40844208002090454,0.29873132705688477,0.0,0.40844208002090454,0.0001,9.940000000000001e-06,53.599,3.6352,4.2994
2147,stage2,0,0.3324083685874939,0.24139630794525146,0.0,0.3324083685874939,0.0001,9.960000000000001e-06,53.609,2.5568,0.6671
2148,stage2,0,0.361635684967041,0.311164528131485,0.0,0.361635684967041,0.0001,9.980000000000001e-06,53.611,3.4101,0.6687
2149,stage2,0,0.3422059416770935,0.2716396749019623,0.0,0.3422059416770935,0.0001,1e-05,53.604,2.532,0.6688
2150,stage2,0,0.352029949426651,0.2908630967140198,0.0,0.352029949426651,0.0001,1e-05,53.607,2.4532,0.675
2151,stage2,0,0.3473457396030426,0.2739209532737732,0.0,0.3473457396030426,0.0001,1e-05,53.593,3.4604,0.6701
2152,stage2,0,0.3972417116165161,0.29312771558761597,0.0,0.3972417116165161,0.0001,1e-05,53.596,2.7037,0.6728
2153,stage2,0,0.3500385284423828,0.2772262990474701,0.0,0.3500385284423828,0.0001,1e-05,53.595,2.227,0.6712
2154,stage2,0,0.39589932560920715,0.2328343391418457,0.0,0.39589932560920715,0.0001,1e-05,53.597,2.7934,4.6065
2155,stage2,0,0.3248935043811798,0.28856539726257324,0.0,0.3248935043811798,0.0001,1e-05,53.607,2.7691,0.6687
2156,stage2,0,0.37073659896850586,0.30102241039276123,0.0,0.37073659896850586,0.0001,1e-05,53.589,3.4685,0.6687
2157,stage2,0,0.35987186431884766,0.2842985987663269,0.0,0.35987186431884766,0.0001,1e-05,53.602,3.44,0.6691
2158,stage2,0,0.3834703862667084,0.3129676580429077,0.0,0.3834703862667084,0.0001,1e-05,53.595,3.133,0.6693
2159,stage2,0,0.43486571311950684,0.305115669965744,0.0,0.43486571311950684,0.0001,1e-05,53.606,4.0409,0.67
2160,stage2,0,0.3305838108062744,0.2449236810207367,0.0,0.3305838108062744,0.0001,1e-05,53.598,2.2086,0.6702
2161,stage2,0,0.32725420594215393,0.328906774520874,0.0,0.32725420594215393,0.0001,1e-05,53.601,2.1126,0.6715
2162,stage2,0,0.3954337537288666,0.2869274318218231,0.0,0.3954337537288666,0.0001,1e-05,53.599,3.3328,4.5114
2163,stage2,0,0.3466906249523163,0.28201624751091003,0.0,0.3466906249523163,0.0001,1e-05,53.602,2.5068,0.6656
2164,stage2,0,0.35946881771087646,0.2653146982192993,0.0,0.35946881771087646,0.0001,1e-05,53.612,2.1706,0.6695
2165,stage2,0,0.31634521484375,0.2969592809677124,0.0,0.31634521484375,0.0001,1e-05,53.603,2.7348,0.6698
2166,stage2,0,0.36095795035362244,0.2756301760673523,0.0,0.36095795035362244,0.0001,1e-05,53.608,2.2816,0.673
2167,stage2,0,0.4255160391330719,0.32686272263526917,0.0,0.4255160391330719,0.0001,1e-05,53.6,3.9919,0.6705
2168,stage2,0,0.35494208335876465,0.2862330675125122,0.0,0.35494208335876465,0.0001,1e-05,53.596,2.8244,0.6712
2169,stage2,0,0.3751145601272583,0.2911451756954193,0.0,0.3751145601272583,0.0001,1e-05,53.602,2.905,0.6706
2170,stage2,0,0.34918370842933655,0.29023537039756775,0.0,0.34918370842933655,0.0001,1e-05,53.6,3.443,4.5733
2171,stage2,0,0.3775182068347931,0.2957012951374054,0.0,0.3775182068347931,0.0001,1e-05,53.596,3.3435,0.6686
2172,stage2,0,0.3709051311016083,0.3063305616378784,0.0,0.3709051311016083,0.0001,1e-05,53.602,3.0902,0.6696
2173,stage2,0,0.3829732835292816,0.29524877667427063,0.0,0.3829732835292816,0.0001,1e-05,53.608,4.0165,0.6689
2174,stage2,0,0.3353314697742462,0.2938177287578583,0.0,0.3353314697742462,0.0001,1e-05,53.611,3.6065,0.6702
2175,stage2,0,0.34097394347190857,0.2630771994590759,0.0,0.34097394347190857,0.0001,1e-05,53.603,2.0519,0.6698
2176,stage2,0,0.3539122939109802,0.33139583468437195,0.0,0.3539122939109802,0.0001,1e-05,53.613,2.9711,0.6702
2177,stage2,0,0.36051711440086365,0.25868654251098633,0.0,0.36051711440086365,0.0001,1e-05,53.611,3.0921,0.671
2178,stage2,0,0.36195108294487,0.2708541452884674,0.0,0.36195108294487,0.0001,1e-05,53.607,2.5487,4.5193
2179,stage2,0,0.3751446306705475,0.26242896914482117,0.0,0.3751446306705475,0.0001,1e-05,53.607,2.9749,0.669
2180,stage2,0,0.39022406935691833,0.32265281677246094,0.0,0.39022406935691833,0.0001,1e-05,53.61,3.7072,0.6686
2181,stage2,0,0.3563586473464966,0.2836262285709381,0.0,0.3563586473464966,0.0001,1e-05,53.59,3.7686,0.67
2182,stage2,0,0.3066745102405548,0.2906765043735504,0.0,0.3066745102405548,0.0001,1e-05,53.617,3.594,0.6717
2183,stage2,0,0.3093489110469818,0.27373501658439636,0.0,0.3093489110469818,0.0001,1e-05,53.587,2.2903,0.6696
2184,stage2,0,0.3607980012893677,0.22910138964653015,0.0,0.3607980012893677,0.0001,1e-05,53.601,2.4758,0.6708
2185,stage2,0,0.32451173663139343,0.2762550711631775,0.0,0.32451173663139343,0.0001,1e-05,53.599,3.4516,0.6731
2186,stage2,0,0.40010586380958557,0.2643169164657593,0.0,0.40010586380958557,0.0001,1e-05,53.595,3.6499,4.4863
2187,stage2,0,0.29803597927093506,0.3128448724746704,0.0,0.29803597927093506,0.0001,1e-05,53.603,2.9757,0.6682
2188,stage2,0,0.38409990072250366,0.28629791736602783,0.0,0.38409990072250366,0.0001,1e-05,53.606,3.1477,0.6696
2189,stage2,0,0.3462072014808655,0.27318423986434937,0.0,0.3462072014808655,0.0001,1e-05,53.6,3.0903,0.6715
2190,stage2,0,0.32591158151626587,0.27817708253860474,0.0,0.32591158151626587,0.0001,1e-05,53.604,2.2667,0.6678
2191,stage2,0,0.37191325426101685,0.2663435637950897,0.0,0.37191325426101685,0.0001,1e-05,53.602,2.6335,0.6773
2192,stage2,0,0.3685835599899292,0.2634209990501404,0.0,0.3685835599899292,0.0001,1e-05,53.606,2.8384,0.6635
2193,stage2,0,0.31628137826919556,0.30675819516181946,0.0,0.31628137826919556,0.0001,1e-05,53.601,3.297,0.6711
2194,stage2,0,0.3173072338104248,0.25241532921791077,0.0,0.3173072338104248,0.0001,1e-05,53.599,2.1253,4.4784
2195,stage2,0,0.34284549951553345,0.30347028374671936,0.0,0.34284549951553345,0.0001,1e-05,53.597,3.4267,0.6693
2196,stage2,0,0.3794393241405487,0.28937238454818726,0.0,0.3794393241405487,0.0001,1e-05,53.603,3.8828,0.6699
2197,stage2,0,0.39398035407066345,0.27816838026046753,0.0,0.39398035407066345,0.0001,1e-05,53.602,3.5709,0.6705
2198,stage2,0,0.3076482117176056,0.28764182329177856,0.0,0.3076482117176056,0.0001,1e-05,53.601,2.975,0.6709
2199,stage2,0,0.3466494083404541,0.24960832297801971,0.0,0.3466494083404541,0.0001,1e-05,53.602,2.6354,0.6711
2200,stage2,0,0.3800193965435028,0.29431819915771484,0.0,0.3800193965435028,0.0001,1e-05,53.6,3.3888,0.6757
2201,stage2,0,0.3643507957458496,0.27125149965286255,0.0,0.3643507957458496,0.0001,1e-05,53.603,3.678,0.6719
2202,stage2,0,0.32952260971069336,0.2690252959728241,0.0,0.32952260971069336,0.0001,1e-05,53.596,3.0938,4.6421
2203,stage2,0,0.33157575130462646,0.2648521661758423,0.0,0.33157575130462646,0.0001,1e-05,53.597,3.3994,0.6691
2204,stage2,0,0.376106858253479,0.26745736598968506,0.0,0.376106858253479,0.0001,1e-05,53.603,2.68,0.6693
2205,stage2,0,0.3270072638988495,0.2872873544692993,0.0,0.3270072638988495,0.0001,1e-05,53.591,2.9033,0.67
2206,stage2,0,0.3534960448741913,0.31208372116088867,0.0,0.3534960448741913,0.0001,1e-05,53.599,3.1535,0.6705
2207,stage2,0,0.36156800389289856,0.27358055114746094,0.0,0.36156800389289856,0.0001,1e-05,53.589,2.9267,0.6707
2208,stage2,0,0.3481956720352173,0.2765538990497589,0.0,0.3481956720352173,0.0001,1e-05,53.598,2.6229,0.6745
2209,stage2,0,0.32891014218330383,0.2844928205013275,0.0,0.32891014218330383,0.0001,1e-05,53.597,2.7655,0.6681
2210,stage2,0,0.31167101860046387,0.25976863503456116,0.0,0.31167101860046387,0.0001,1e-05,53.603,2.2164,4.5024
2211,stage2,0,0.32842227816581726,0.2888398766517639,0.0,0.32842227816581726,0.0001,1e-05,53.598,3.1073,0.6683
2212,stage2,0,0.3111521303653717,0.2973264157772064,0.0,0.3111521303653717,0.0001,1e-05,53.606,2.982,0.6686
2213,stage2,0,0.35632023215293884,0.2849457561969757,0.0,0.35632023215293884,0.0001,1e-05,53.587,2.6873,0.6699
2214,stage2,0,0.35020095109939575,0.2620655298233032,0.0,0.35020095109939575,0.0001,1e-05,53.606,2.6899,0.67
2215,stage2,0,0.3584701418876648,0.28676262497901917,0.0,0.3584701418876648,0.0001,1e-05,53.601,2.7364,0.6711
2216,stage2,0,0.3577028214931488,0.25304168462753296,0.0,0.3577028214931488,0.0001,1e-05,53.596,2.6728,0.6712
2217,stage2,0,0.31388264894485474,0.2846127152442932,0.0,0.31388264894485474,0.0001,1e-05,53.595,2.3536,0.6711
2218,stage2,0,0.35976293683052063,0.27773064374923706,0.0,0.35976293683052063,0.0001,1e-05,53.603,4.198,5.682
2219,stage2,0,0.34436744451522827,0.2889014780521393,0.0,0.34436744451522827,0.0001,1e-05,53.606,2.7399,0.6686
2220,stage2,0,0.39114126563072205,0.2659775912761688,0.0,0.39114126563072205,0.0001,1e-05,53.601,2.4041,0.6693
2221,stage2,0,0.3586619198322296,0.2590688467025757,0.0,0.3586619198322296,0.0001,1e-05,53.611,3.1042,0.6704
2222,stage2,0,0.3269847333431244,0.28099870681762695,0.0,0.3269847333431244,0.0001,1e-05,53.606,3.0888,0.6693
2223,stage2,0,0.35055646300315857,0.2993253469467163,0.0,0.35055646300315857,0.0001,1e-05,53.595,2.8334,0.6694
2224,stage2,0,0.3746701180934906,0.24740812182426453,0.0,0.3746701180934906,0.0001,1e-05,53.594,2.7222,0.6706
2225,stage2,0,0.39348673820495605,0.3026650547981262,0.0,0.39348673820495605,0.0001,1e-05,53.589,3.4723,0.6707
2226,stage2,0,0.3356891870498657,0.24957755208015442,0.0,0.3356891870498657,0.0001,1e-05,53.598,2.6223,4.6412
2227,stage2,0,0.3834991455078125,0.3005899488925934,0.0,0.3834991455078125,0.0001,1e-05,53.592,4.4281,0.6684
2228,stage2,0,0.36637672781944275,0.28391557931900024,0.0,0.36637672781944275,0.0001,1e-05,53.595,2.9747,0.6687
2229,stage2,0,0.38656267523765564,0.28739312291145325,0.0,0.38656267523765564,0.0001,1e-05,53.589,4.3414,0.6695
2230,stage2,0,0.3937607407569885,0.25603342056274414,0.0,0.3937607407569885,0.0001,1e-05,53.595,2.5525,0.675
2231,stage2,0,0.3755967319011688,0.2780165672302246,0.0,0.3755967319011688,0.0001,1e-05,53.598,3.9717,0.6705
2232,stage2,0,0.35668155550956726,0.2531416118144989,0.0,0.35668155550956726,0.0001,1e-05,53.597,2.0795,0.6708
2233,stage2,0,0.4056420624256134,0.2876664102077484,0.0,0.4056420624256134,0.0001,1e-05,53.605,3.4425,0.6714
2234,stage2,0,0.37324294447898865,0.2822822034358978,0.0,0.37324294447898865,0.0001,1e-05,53.599,3.6605,4.7702
2235,stage2,0,0.3560953736305237,0.2555241584777832,0.0,0.3560953736305237,0.0001,1e-05,53.603,3.1315,0.6692
2236,stage2,0,0.33983469009399414,0.278911828994751,0.0,0.33983469009399414,0.0001,1e-05,53.596,2.2668,0.6688
2237,stage2,0,0.3707149028778076,0.291248083114624,0.0,0.3707149028778076,0.0001,1e-05,53.589,3.2512,0.6693
2238,stage2,0,0.3431037962436676,0.2570706605911255,0.0,0.3431037962436676,0.0001,1e-05,53.605,2.6969,0.6705
2239,stage2,0,0.30655860900878906,0.2737337350845337,0.0,0.30655860900878906,0.0001,1e-05,53.599,2.9438,0.6702
2240,stage2,0,0.2973440885543823,0.24909795820713043,0.0,0.2973440885543823,0.0001,1e-05,53.604,2.1397,0.6717
2241,stage2,0,0.34158918261528015,0.29214155673980713,0.0,0.34158918261528015,0.0001,1e-05,53.604,2.6149,0.671
2242,stage2,0,0.344077467918396,0.25641462206840515,0.0,0.344077467918396,0.0001,1e-05,53.614,2.8348,4.3694
2243,stage2,0,0.3163501024246216,0.29712867736816406,0.0,0.3163501024246216,0.0001,1e-05,53.6,3.7475,0.668
2244,stage2,0,0.3329300880432129,0.32285431027412415,0.0,0.3329300880432129,0.0001,1e-05,53.598,2.9833,0.6683
2245,stage2,0,0.35233455896377563,0.28271180391311646,0.0,0.35233455896377563,0.0001,1e-05,53.589,2.423,0.6705
2246,stage2,0,0.4604281187057495,0.3055947721004486,0.0,0.4604281187057495,0.0001,1e-05,53.595,3.072,0.6704
2247,stage2,0,0.35004618763923645,0.25766491889953613,0.0,0.35004618763923645,0.0001,1e-05,53.596,2.4086,0.6703
2248,stage2,0,0.3227032721042633,0.29755207896232605,0.0,0.3227032721042633,0.0001,1e-05,53.592,3.4917,0.6709
2249,stage2,0,0.3200821280479431,0.26453346014022827,0.0,0.3200821280479431,0.0001,1e-05,53.59,3.2295,0.671
2250,stage2,0,0.3364945352077484,0.24647623300552368,0.0,0.3364945352077484,0.0001,1e-05,53.594,2.0644,4.5952
2251,stage2,0,0.3468877375125885,0.2762923538684845,0.0,0.3468877375125885,0.0001,1e-05,53.604,2.3149,0.6688
2252,stage2,0,0.3121788501739502,0.28290876746177673,0.0,0.3121788501739502,0.0001,1e-05,53.606,2.9496,0.6697
2253,stage2,0,0.3521636128425598,0.258046418428421,0.0,0.3521636128425598,0.0001,1e-05,53.596,2.5387,0.6696
2254,stage2,0,0.36383166909217834,0.3139662444591522,0.0,0.36383166909217834,0.0001,1e-05,53.598,3.2361,0.67
2255,stage2,0,0.3694944381713867,0.23794718086719513,0.0,0.3694944381713867,0.0001,1e-05,53.591,2.5478,0.6707
2256,stage2,0,0.37625864148139954,0.2816484272480011,0.0,0.37625864148139954,0.0001,1e-05,53.61,3.1458,0.6703
2257,stage2,0,0.3827977776527405,0.2906849682331085,0.0,0.3827977776527405,0.0001,1e-05,53.607,3.1552,0.6713
2258,stage2,0,0.388861745595932,0.2505650520324707,0.0,0.388861745595932,0.0001,1e-05,53.599,2.3832,4.3818
2259,stage2,0,0.371020644903183,0.2697639763355255,0.0,0.371020644903183,0.0001,1e-05,53.607,2.4622,0.6692
2260,stage2,0,0.3740939497947693,0.27757999300956726,0.0,0.3740939497947693,0.0001,1e-05,53.603,2.3568,0.6699
2261,stage2,0,0.35180988907814026,0.2764270007610321,0.0,0.35180988907814026,0.0001,1e-05,53.61,2.1731,0.67
2262,stage2,0,0.36051619052886963,0.26978689432144165,0.0,0.36051619052886963,0.0001,1e-05,53.609,2.1396,0.6747
2263,stage2,0,0.3423748016357422,0.28949055075645447,0.0,0.3423748016357422,0.0001,1e-05,53.605,3.1177,0.6734
2264,stage2,0,0.333633691072464,0.2891795039176941,0.0,0.333633691072464,0.0001,1e-05,53.609,3.0654,0.6689
2265,stage2,0,0.38283801078796387,0.3076285421848297,0.0,0.38283801078796387,0.0001,1e-05,53.599,3.5368,0.6713
2266,stage2,0,0.3341299593448639,0.2675514221191406,0.0,0.3341299593448639,0.0001,1e-05,53.587,2.149,4.3548
2267,stage2,0,0.36165666580200195,0.3021934926509857,0.0,0.36165666580200195,0.0001,1e-05,53.605,3.6554,0.6724
2268,stage2,0,0.3909858465194702,0.2857877016067505,0.0,0.3909858465194702,0.0001,1e-05,53.6,3.3185,0.6696
2269,stage2,0,0.3593086004257202,0.26912161707878113,0.0,0.3593086004257202,0.0001,1e-05,53.603,5.5864,0.671
2270,stage2,0,0.38296473026275635,0.2871716618537903,0.0,0.38296473026275635,0.0001,1e-05,53.615,2.7862,0.671
2271,stage2,0,0.3941008448600769,0.28880855441093445,0.0,0.3941008448600769,0.0001,1e-05,53.6,3.2261,0.6707
2272,stage2,0,0.3500621020793915,0.28872260451316833,0.0,0.3500621020793915,0.0001,1e-05,53.6,3.9211,0.6709
2273,stage2,0,0.38907498121261597,0.28257638216018677,0.0,0.38907498121261597,0.0001,1e-05,53.599,3.3311,0.6705
2274,stage2,0,0.3199627697467804,0.31941458582878113,0.0,0.3199627697467804,0.0001,1e-05,53.6,3.1274,4.5295
2275,stage2,0,0.35055243968963623,0.25910305976867676,0.0,0.35055243968963623,0.0001,1e-05,53.599,2.9321,0.6636
2276,stage2,0,0.30433928966522217,0.2828434705734253,0.0,0.30433928966522217,0.0001,1e-05,53.608,2.8238,0.6695
2277,stage2,0,0.3787831962108612,0.2830565571784973,0.0,0.3787831962108612,0.0001,1e-05,53.607,3.3269,0.6704
2278,stage2,0,0.26950982213020325,0.2936261296272278,0.0,0.26950982213020325,0.0001,1e-05,53.617,2.9975,0.6697
2279,stage2,0,0.39450201392173767,0.27463284134864807,0.0,0.39450201392173767,0.0001,1e-05,53.589,2.8415,0.6706
2280,stage2,0,0.3361443877220154,0.3018917143344879,0.0,0.3361443877220154,0.0001,1e-05,53.587,4.5209,0.6713
2281,stage2,0,0.3466220200061798,0.28106385469436646,0.0,0.3466220200061798,0.0001,1e-05,53.6,3.0242,0.6718
2282,stage2,0,0.3344978094100952,0.24647565186023712,0.0,0.3344978094100952,0.0001,1e-05,53.595,2.5039,4.5014
2283,stage2,0,0.35316410660743713,0.2661936581134796,0.0,0.35316410660743713,0.0001,1e-05,53.599,2.557,0.6684
2284,stage2,0,0.3637281358242035,0.2632574737071991,0.0,0.3637281358242035,0.0001,1e-05,53.595,2.8121,0.6697
2285,stage2,0,0.32913509011268616,0.26814550161361694,0.0,0.32913509011268616,0.0001,1e-05,53.605,3.0635,0.67
2286,stage2,0,0.37638190388679504,0.28788790106773376,0.0,0.37638190388679504,0.0001,1e-05,53.591,2.818,0.6729
2287,stage2,0,0.3417087495326996,0.2783902883529663,0.0,0.3417087495326996,0.0001,1e-05,53.594,3.0182,0.6713
2288,stage2,0,0.34992337226867676,0.2774992883205414,0.0,0.34992337226867676,0.0001,1e-05,53.593,2.9249,0.6711
2289,stage2,0,0.3526093363761902,0.26887407898902893,0.0,0.3526093363761902,0.0001,1e-05,53.593,3.0031,0.6715
2290,stage2,0,0.3165209889411926,0.25891926884651184,0.0,0.3165209889411926,0.0001,1e-05,53.605,2.8794,4.3768
2291,stage2,0,0.3778783679008484,0.28204643726348877,0.0,0.3778783679008484,0.0001,1e-05,53.598,3.957,0.6732
2292,stage2,0,0.3768520653247833,0.2668437957763672,0.0,0.3768520653247833,0.0001,1e-05,53.6,3.564,0.6696
2293,stage2,0,0.3902933597564697,0.24456147849559784,0.0,0.3902933597564697,0.0001,1e-05,53.597,2.9605,0.6698
2294,stage2,0,0.35635992884635925,0.3052498400211334,0.0,0.35635992884635925,0.0001,1e-05,53.606,3.8419,0.6744
2295,stage2,0,0.3962464928627014,0.31058046221733093,0.0,0.3962464928627014,0.0001,1e-05,53.594,3.6949,0.671
2296,stage2,0,0.32219231128692627,0.26049137115478516,0.0,0.32219231128692627,0.0001,1e-05,53.598,3.188,0.6703
2297,stage2,0,0.3652166426181793,0.286937952041626,0.0,0.3652166426181793,0.0001,1e-05,53.589,3.2584,0.6718
2298,stage2,0,0.323804646730423,0.2635677754878998,0.0,0.323804646730423,0.0001,1e-05,53.591,3.0565,4.413
2299,stage2,0,0.30813831090927124,0.27039656043052673,0.0,0.30813831090927124,0.0001,1e-05,53.605,2.8812,0.6684
2300,stage2,0,0.3827226758003235,0.2814139425754547,0.0,0.3827226758003235,0.0001,1e-05,53.589,4.3555,0.6692
2301,stage2,0,0.31175175309181213,0.2761494815349579,0.0,0.31175175309181213,0.0001,1e-05,53.592,3.5493,0.6706
2302,stage2,0,0.355032354593277,0.2303614467382431,0.0,0.355032354593277,0.0001,1e-05,53.594,2.7317,0.6696
2303,stage2,0,0.3763161301612854,0.27454501390457153,0.0,0.3763161301612854,0.0001,1e-05,53.6,3.0315,0.6706
2304,stage2,0,0.3373175859451294,0.2807792127132416,0.0,0.3373175859451294,0.0001,1e-05,53.598,3.1809,0.6706
2305,stage2,0,0.3486320972442627,0.2809315025806427,0.0,0.3486320972442627,0.0001,1e-05,53.598,3.0726,0.6707
2306,stage2,0,0.3590196371078491,0.29072263836860657,0.0,0.3590196371078491,0.0001,1e-05,53.599,4.2921,4.6504
2307,stage2,0,0.3674905300140381,0.24796880781650543,0.0,0.3674905300140381,0.0001,1e-05,53.586,2.7237,0.6681
2308,stage2,0,0.34449341893196106,0.2789589762687683,0.0,0.34449341893196106,0.0001,1e-05,53.601,3.7388,0.6688
2309,stage2,0,0.36500173807144165,0.28220120072364807,0.0,0.36500173807144165,0.0001,1e-05,53.6,2.6696,0.6702
2310,stage2,0,0.34102365374565125,0.2856467068195343,0.0,0.34102365374565125,0.0001,1e-05,53.597,2.6343,0.6706
2311,stage2,0,0.33946701884269714,0.2695233225822449,0.0,0.33946701884269714,0.0001,1e-05,53.599,2.6107,0.6749
2312,stage2,0,0.38246166706085205,0.2739407420158386,0.0,0.38246166706085205,0.0001,1e-05,53.6,3.2239,0.6711
2313,stage2,0,0.3448820412158966,0.28409138321876526,0.0,0.3448820412158966,0.0001,1e-05,53.597,2.9755,0.6712
2314,stage2,0,0.3192538619041443,0.26736927032470703,0.0,0.3192538619041443,0.0001,1e-05,53.599,3.757,4.6997
2315,stage2,0,0.3149182200431824,0.25481852889060974,0.0,0.3149182200431824,0.0001,1e-05,53.593,2.7018,0.6692
2316,stage2,0,0.3618490695953369,0.2557869851589203,0.0,0.3618490695953369,0.0001,1e-05,53.599,2.9684,0.67
2317,stage2,0,0.40303176641464233,0.2820861339569092,0.0,0.40303176641464233,0.0001,1e-05,53.598,3.588,0.674
2318,stage2,0,0.35356760025024414,0.28125301003456116,0.0,0.35356760025024414,0.0001,1e-05,53.589,3.1211,0.6677
2319,stage2,0,0.30949971079826355,0.27021360397338867,0.0,0.30949971079826355,0.0001,1e-05,53.592,2.5215,0.6707
2320,stage2,0,0.35780069231987,0.28315064311027527,0.0,0.35780069231987,0.0001,1e-05,53.592,3.3375,0.6707
2321,stage2,0,0.3392477035522461,0.2661767601966858,0.0,0.3392477035522461,0.0001,1e-05,53.591,2.9152,0.672
2322,stage2,0,0.31120970845222473,0.2562297582626343,0.0,0.31120970845222473,0.0001,1e-05,53.586,2.9557,4.8612
2323,stage2,0,0.3700302839279175,0.2913352847099304,0.0,0.3700302839279175,0.0001,1e-05,53.607,3.4691,0.6694
2324,stage2,0,0.3524938225746155,0.28349506855010986,0.0,0.3524938225746155,0.0001,1e-05,53.592,3.0067,0.6699
2325,stage2,0,0.34451940655708313,0.30534347891807556,0.0,0.34451940655708313,0.0001,1e-05,53.591,3.1339,0.6707
2326,stage2,0,0.34309789538383484,0.2729896903038025,0.0,0.34309789538383484,0.0001,1e-05,53.592,2.6986,0.6705
2327,stage2,0,0.32965755462646484,0.27552101016044617,0.0,0.32965755462646484,0.0001,1e-05,53.608,2.8735,0.6713
2328,stage2,0,0.3525359332561493,0.2684743404388428,0.0,0.3525359332561493,0.0001,1e-05,53.602,3.1318,0.6707
2329,stage2,0,0.30660685896873474,0.2648414075374603,0.0,0.30660685896873474,0.0001,1e-05,53.604,2.1089,0.6719
2330,stage2,0,0.35049811005592346,0.305331826210022,0.0,0.35049811005592346,0.0001,1e-05,53.592,2.6709,4.9146
2331,stage2,0,0.3481215238571167,0.24226342141628265,0.0,0.3481215238571167,0.0001,1e-05,53.592,2.6228,0.6693
2332,stage2,0,0.32887792587280273,0.27501511573791504,0.0,0.32887792587280273,0.0001,1e-05,53.595,2.7647,0.6692
2333,stage2,0,0.34818410873413086,0.2948254346847534,0.0,0.34818410873413086,0.0001,1e-05,53.59,2.9203,0.6694
2334,stage2,0,0.33874696493148804,0.28312185406684875,0.0,0.33874696493148804,0.0001,1e-05,53.596,2.9112,0.6745
2335,stage2,0,0.36127132177352905,0.25938576459884644,0.0,0.36127132177352905,0.0001,1e-05,53.598,2.6905,0.6709
2336,stage2,0,0.3758314549922943,0.25139206647872925,0.0,0.3758314549922943,0.0001,1e-05,53.606,2.9568,0.6708
2337,stage2,0,0.39465466141700745,0.29772546887397766,0.0,0.39465466141700745,0.0001,1e-05,53.601,4.2137,0.6709
2338,stage2,0,0.34682440757751465,0.2758648693561554,0.0,0.34682440757751465,0.0001,1e-05,53.608,3.4032,4.5197
2339,stage2,0,0.3398973047733307,0.2886856496334076,0.0,0.3398973047733307,0.0001,1e-05,53.598,4.7274,0.6687
2340,stage2,0,0.364418625831604,0.25401344895362854,0.0,0.364418625831604,0.0001,1e-05,53.601,3.294,0.6686
2341,stage2,0,0.38675373792648315,0.2976313531398773,0.0,0.38675373792648315,0.0001,1e-05,53.605,3.4397,0.6691
2342,stage2,0,0.3766622841358185,0.27674946188926697,0.0,0.3766622841358185,0.0001,1e-05,53.592,3.2499,0.6698
2343,stage2,0,0.3459964990615845,0.28006625175476074,0.0,0.3459964990615845,0.0001,1e-05,53.608,3.3139,0.8081
2344,stage2,0,0.38666749000549316,0.29409122467041016,0.0,0.38666749000549316,0.0001,1e-05,53.599,6.7117,0.6696
2345,stage2,0,0.38395556807518005,0.30669105052948,0.0,0.38395556807518005,0.0001,1e-05,53.594,4.3714,0.6712
2346,stage2,0,0.33599039912223816,0.3056977689266205,0.0,0.33599039912223816,0.0001,1e-05,53.597,2.8851,4.4941
2347,stage2,0,0.31105753779411316,0.3059164583683014,0.0,0.31105753779411316,0.0001,1e-05,53.594,4.2676,0.6685
2348,stage2,0,0.3688385784626007,0.30182400345802307,0.0,0.3688385784626007,0.0001,1e-05,53.591,4.156,0.669
2349,stage2,0,0.35132065415382385,0.28826677799224854,0.0,0.35132065415382385,0.0001,1e-05,53.601,3.4268,0.6691
2350,stage2,0,0.33635613322257996,0.3073654770851135,0.0,0.33635613322257996,0.0001,1e-05,53.607,4.9639,0.6694
2351,stage2,0,0.32369038462638855,0.2672388255596161,0.0,0.32369038462638855,0.0001,1e-05,53.595,3.6108,0.67
2352,stage2,0,0.3712144196033478,0.28674590587615967,0.0,0.3712144196033478,0.0001,1e-05,53.605,3.322,0.6755
2353,stage2,0,0.31200700998306274,0.25041258335113525,0.0,0.31200700998306274,0.0001,1e-05,53.603,3.245,0.6708
2354,stage2,0,0.33190038800239563,0.2580955922603607,0.0,0.33190038800239563,0.0001,1e-05,53.611,2.1726,4.4814
2355,stage2,0,0.38322561979293823,0.23457768559455872,0.0,0.38322561979293823,0.0001,1e-05,53.596,2.7296,0.6697
2356,stage2,0,0.3187912702560425,0.2864111065864563,0.0,0.3187912702560425,0.0001,1e-05,53.597,5.0962,0.669
2357,stage2,0,0.36990228295326233,0.2630198299884796,0.0,0.36990228295326233,0.0001,1e-05,53.582,3.2915,0.6698
2358,stage2,0,0.3814391493797302,0.26790502667427063,0.0,0.3814391493797302,0.0001,1e-05,53.59,3.3552,0.6704
2359,stage2,0,0.3701174855232239,0.2650601863861084,0.0,0.3701174855232239,0.0001,1e-05,53.604,3.0063,0.6701
2360,stage2,0,0.3384920358657837,0.2676156163215637,0.0,0.3384920358657837,0.0001,1e-05,53.59,3.08,0.6709
2361,stage2,0,0.29059603810310364,0.2554318904876709,0.0,0.29059603810310364,0.0001,1e-05,53.6,3.825,0.6711
2362,stage2,0,0.3249668776988983,0.24712331593036652,0.0,0.3249668776988983,0.0001,1e-05,53.608,2.7123,4.2971
2363,stage2,0,0.32424718141555786,0.2846812307834625,0.0,0.32424718141555786,0.0001,1e-05,53.594,3.3796,0.6688
2364,stage2,0,0.34953731298446655,0.3026992082595825,0.0,0.34953731298446655,0.0001,1e-05,53.593,5.5133,0.6697
2365,stage2,0,0.3107112646102905,0.2861672639846802,0.0,0.3107112646102905,0.0001,1e-05,53.609,2.6281,0.6704
2366,stage2,0,0.3679479956626892,0.29007309675216675,0.0,0.3679479956626892,0.0001,1e-05,53.601,3.6027,0.6702
2367,stage2,0,0.35815325379371643,0.28142598271369934,0.0,0.35815325379371643,0.0001,1e-05,53.6,3.1722,0.6698
2368,stage2,0,0.3157791793346405,0.2737157940864563,0.0,0.3157791793346405,0.0001,1e-05,53.587,3.0414,0.6707
2369,stage2,0,0.3346664607524872,0.29399850964546204,0.0,0.3346664607524872,0.0001,1e-05,53.6,3.9691,0.6711
2370,stage2,0,0.32417914271354675,0.25972703099250793,0.0,0.32417914271354675,0.0001,1e-05,53.588,2.5167,4.3705
2371,stage2,0,0.31115618348121643,0.29503366351127625,0.0,0.31115618348121643,0.0001,1e-05,53.591,4.8457,0.6691
2372,stage2,0,0.34623464941978455,0.2810380160808563,0.0,0.34623464941978455,0.0001,1e-05,53.596,2.9484,0.6702
2373,stage2,0,0.2907296121120453,0.2698715627193451,0.0,0.2907296121120453,0.0001,1e-05,53.59,2.7204,0.6699
2374,stage2,0,0.3590858578681946,0.2805599570274353,0.0,0.3590858578681946,0.0001,1e-05,53.594,3.1813,0.6705
2375,stage2,0,0.3363395631313324,0.2529061436653137,0.0,0.3363395631313324,0.0001,1e-05,53.591,4.2188,0.6705
2376,stage2,0,0.31716570258140564,0.2863253355026245,0.0,0.31716570258140564,0.0001,1e-05,53.59,3.2823,0.6736
2377,stage2,0,0.3610195219516754,0.2786335349082947,0.0,0.3610195219516754,0.0001,1e-05,53.598,4.1576,0.6714
2378,stage2,0,0.30837687849998474,0.2713264524936676,0.0,0.30837687849998474,0.0001,1e-05,53.596,3.3116,4.2723
2379,stage2,0,0.34377649426460266,0.2690516710281372,0.0,0.34377649426460266,0.0001,1e-05,53.587,4.3015,0.6689
2380,stage2,0,0.3723413646221161,0.30456385016441345,0.0,0.3723413646221161,0.0001,1e-05,53.599,4.4858,0.6697
2381,stage2,0,0.371891051530838,0.27233874797821045,0.0,0.371891051530838,0.0001,1e-05,53.592,4.1257,0.6696
2382,stage2,0,0.33462658524513245,0.2701305150985718,0.0,0.33462658524513245,0.0001,1e-05,53.605,3.4207,0.6703
2383,stage2,0,0.3458676040172577,0.2616349160671234,0.0,0.3458676040172577,0.0001,1e-05,53.599,3.036,0.6706
2384,stage2,0,0.3321269750595093,0.27293404936790466,0.0,0.3321269750595093,0.0001,1e-05,53.606,3.1528,0.6713
2385,stage2,0,0.34126991033554077,0.2742990255355835,0.0,0.34126991033554077,0.0001,1e-05,53.598,3.1123,0.6707
2386,stage2,0,0.36707255244255066,0.2551247179508209,0.0,0.36707255244255066,0.0001,1e-05,53.603,2.8723,4.3074
2387,stage2,0,0.3555378317832947,0.275299072265625,0.0,0.3555378317832947,0.0001,1e-05,53.603,3.1848,0.6695
2388,stage2,0,0.34469684958457947,0.2614218294620514,0.0,0.34469684958457947,0.0001,1e-05,53.594,2.978,0.6698
2389,stage2,0,0.3738827109336853,0.27949222922325134,0.0,0.3738827109336853,0.0001,1e-05,53.598,3.8984,0.6694
2390,stage2,0,0.2917332947254181,0.2614710032939911,0.0,0.2917332947254181,0.0001,1e-05,53.59,2.7433,0.6707
2391,stage2,0,0.33873942494392395,0.2555641233921051,0.0,0.33873942494392395,0.0001,1e-05,53.603,3.0218,0.671
2392,stage2,0,0.3166418969631195,0.2985265552997589,0.0,0.3166418969631195,0.0001,1e-05,53.6,2.9583,0.6714
2393,stage2,0,0.34263935685157776,0.24248473346233368,0.0,0.34263935685157776,0.0001,1e-05,53.585,3.3157,0.6713
2394,stage2,0,0.38483893871307373,0.2914513647556305,0.0,0.38483893871307373,0.0001,1e-05,53.594,3.5684,4.5024
2395,stage2,0,0.36725276708602905,0.2791311740875244,0.0,0.36725276708602905,0.0001,1e-05,53.601,3.3808,0.6689
2396,stage2,0,0.3379631042480469,0.29143136739730835,0.0,0.3379631042480469,0.0001,1e-05,53.597,3.8426,0.6751
2397,stage2,0,0.3369460999965668,0.2762167155742645,0.0,0.3369460999965668,0.0001,1e-05,53.599,6.1313,0.6693
2398,stage2,0,0.349687397480011,0.2939271628856659,0.0,0.349687397480011,0.0001,1e-05,53.6,3.4227,0.6709
2399,stage2,0,0.3439798653125763,0.25571268796920776,0.0,0.3439798653125763,0.0001,1e-05,53.604,3.8973,0.6702
2400,stage2,0,0.3343665897846222,0.29996827244758606,0.0,0.3343665897846222,0.0001,1e-05,53.607,3.9201,0.6707
2401,stage2,0,0.33173468708992004,0.26616042852401733,0.0,0.33173468708992004,0.0001,1e-05,53.616,3.1574,0.6705
2402,stage2,0,0.3590959310531616,0.2619706690311432,0.0,0.3590959310531616,0.0001,1e-05,53.602,3.1885,4.3883
2403,stage2,0,0.34495535492897034,0.23969322443008423,0.0,0.34495535492897034,0.0001,1e-05,53.595,2.9726,0.6686
2404,stage2,0,0.3154180645942688,0.28452783823013306,0.0,0.3154180645942688,0.0001,1e-05,53.596,3.451,0.6691
2405,stage2,0,0.35691767930984497,0.2893907427787781,0.0,0.35691767930984497,0.0001,1e-05,53.593,3.7367,0.67
2406,stage2,0,0.3460604250431061,0.29147276282310486,0.0,0.3460604250431061,0.0001,1e-05,53.597,3.2372,0.6706
2407,stage2,0,0.32280245423316956,0.25735530257225037,0.0,0.32280245423316956,0.0001,1e-05,53.594,3.9393,0.6709
2408,stage2,0,0.37084582448005676,0.2748772203922272,0.0,0.37084582448005676,0.0001,1e-05,53.585,4.3567,0.671
2409,stage2,0,0.3391939401626587,0.29188257455825806,0.0,0.3391939401626587,0.0001,1e-05,53.6,3.0652,0.6713
2410,stage2,0,0.37967050075531006,0.2652776539325714,0.0,0.37967050075531006,0.0001,1e-05,53.602,3.43,4.5826
2411,stage2,0,0.3436671793460846,0.27732789516448975,0.0,0.3436671793460846,0.0001,1e-05,53.601,3.8597,0.6693
2412,stage2,0,0.35104915499687195,0.28468847274780273,0.0,0.35104915499687195,0.0001,1e-05,53.608,5.1805,0.6695
2413,stage2,0,0.30771884322166443,0.31422120332717896,0.0,0.30771884322166443,0.0001,1e-05,53.599,4.1432,0.6697
2414,stage2,0,0.32693716883659363,0.2967280149459839,0.0,0.32693716883659363,0.0001,1e-05,53.591,3.5059,0.6705
2415,stage2,0,0.32620638608932495,0.24570289254188538,0.0,0.32620638608932495,0.0001,1e-05,53.609,3.0119,0.6708
2416,stage2,0,0.3524002134799957,0.2792450487613678,0.0,0.3524002134799957,0.0001,1e-05,53.597,4.3303,0.6703
2417,stage2,0,0.3223385214805603,0.26463112235069275,0.0,0.3223385214805603,0.0001,1e-05,53.591,3.4357,0.6711
2418,stage2,0,0.32196831703186035,0.27377089858055115,0.0,0.32196831703186035,0.0001,1e-05,53.598,4.0285,4.3475
2419,stage2,0,0.3521217107772827,0.2519594728946686,0.0,0.3521217107772827,0.0001,1e-05,53.593,3.7366,0.6686
2420,stage2,0,0.3222045302391052,0.26250922679901123,0.0,0.3222045302391052,0.0001,1e-05,53.601,3.1355,0.6691
2421,stage2,0,0.36641576886177063,0.29928261041641235,0.0,0.36641576886177063,0.0001,1e-05,53.597,4.0232,0.6688
2422,stage2,0,0.32118937373161316,0.26863226294517517,0.0,0.32118937373161316,0.0001,1e-05,53.596,3.8016,0.6699
2423,stage2,0,0.38841789960861206,0.2512771189212799,0.0,0.38841789960861206,0.0001,1e-05,53.591,3.4466,0.6705
2424,stage2,0,0.3340858817100525,0.26493576169013977,0.0,0.3340858817100525,0.0001,1e-05,53.593,4.057,0.6705
2425,stage2,0,0.3259389400482178,0.2751106917858124,0.0,0.3259389400482178,0.0001,1e-05,53.599,3.0341,0.6708
2426,stage2,0,0.32891371846199036,0.2461128681898117,0.0,0.32891371846199036,0.0001,1e-05,53.59,3.6524,4.3354
2427,stage2,0,0.331540048122406,0.28846052289009094,0.0,0.331540048122406,0.0001,1e-05,53.601,4.1659,0.6685
2428,stage2,0,0.3067537546157837,0.26908403635025024,0.0,0.3067537546157837,0.0001,1e-05,53.605,2.7374,0.6688
2429,stage2,0,0.344100683927536,0.25837644934654236,0.0,0.344100683927536,0.0001,1e-05,53.601,3.0572,0.6695
2430,stage2,0,0.3344769775867462,0.24455025792121887,0.0,0.3344769775867462,0.0001,1e-05,53.603,3.3678,0.6697
2431,stage2,0,0.3380175828933716,0.25989431142807007,0.0,0.3380175828933716,0.0001,1e-05,53.609,3.2558,0.6695
2432,stage2,0,0.33290985226631165,0.26217877864837646,0.0,0.33290985226631165,0.0001,1e-05,53.591,2.7928,0.6711
2433,stage2,0,0.3471437692642212,0.26568615436553955,0.0,0.3471437692642212,0.0001,1e-05,53.595,3.1956,0.6712
2434,stage2,0,0.3047986328601837,0.2601855397224426,0.0,0.3047986328601837,0.0001,1e-05,53.587,3.8205,5.4918
2435,stage2,0,0.36556094884872437,0.2387668639421463,0.0,0.36556094884872437,0.0001,1e-05,53.588,3.6851,0.6722
2436,stage2,0,0.3827827274799347,0.2652681767940521,0.0,0.3827827274799347,0.0001,1e-05,53.581,2.9082,0.6681
2437,stage2,0,0.3046949803829193,0.2834637761116028,0.0,0.3046949803829193,0.0001,1e-05,53.599,2.9224,0.6686
2438,stage2,0,0.291635125875473,0.26725584268569946,0.0,0.291635125875473,0.0001,1e-05,53.596,2.172,0.6753
2439,stage2,0,0.29756879806518555,0.2576151490211487,0.0,0.29756879806518555,0.0001,1e-05,53.603,2.5114,0.6699
2440,stage2,0,0.33236685395240784,0.2823430895805359,0.0,0.33236685395240784,0.0001,1e-05,53.59,4.062,0.6706
2441,stage2,0,0.34015926718711853,0.26905837655067444,0.0,0.34015926718711853,0.0001,1e-05,53.591,2.5005,0.6701
2442,stage2,0,0.30271169543266296,0.2897864282131195,0.0,0.30271169543266296,0.0001,1e-05,53.597,3.8077,4.5744
2443,stage2,0,0.3371070921421051,0.2710687518119812,0.0,0.3371070921421051,0.0001,1e-05,53.598,3.1372,0.6685
2444,stage2,0,0.3798024654388428,0.28628671169281006,0.0,0.3798024654388428,0.0001,1e-05,53.605,3.6779,0.6691
2445,stage2,0,0.33184748888015747,0.2563435137271881,0.0,0.33184748888015747,0.0001,1e-05,53.594,2.2786,0.6687
2446,stage2,0,0.3374534249305725,0.2768075168132782,0.0,0.3374534249305725,0.0001,1e-05,53.618,2.8805,0.6697
2447,stage2,0,0.3238256275653839,0.263154000043869,0.0,0.3238256275653839,0.0001,1e-05,53.609,3.0745,0.6691
2448,stage2,0,0.37295031547546387,0.24507315456867218,0.0,0.37295031547546387,0.0001,1e-05,53.6,3.6263,0.6693
2449,stage2,0,0.3770936131477356,0.2644899785518646,0.0,0.3770936131477356,0.0001,1e-05,53.597,3.303,0.6695
2450,stage2,0,0.3404051661491394,0.269242525100708,0.0,0.3404051661491394,0.0001,1e-05,53.607,4.4268,4.2909
2451,stage2,0,0.34728607535362244,0.2583457827568054,0.0,0.34728607535362244,0.0001,1e-05,53.598,3.2458,0.6677
2452,stage2,0,0.3289295434951782,0.2589612901210785,0.0,0.3289295434951782,0.0001,1e-05,53.604,5.2578,0.6684
2453,stage2,0,0.2889133393764496,0.2836045026779175,0.0,0.2889133393764496,0.0001,1e-05,53.596,3.6652,0.6701
2454,stage2,0,0.28898531198501587,0.2755720317363739,0.0,0.28898531198501587,0.0001,1e-05,53.608,3.2961,0.67
2455,stage2,0,0.2794947028160095,0.28113654255867004,0.0,0.2794947028160095,0.0001,1e-05,53.617,4.0332,0.6722
2456,stage2,0,0.3803624212741852,0.2534430921077728,0.0,0.3803624212741852,0.0001,1e-05,53.609,3.4676,0.6702
2457,stage2,0,0.32257670164108276,0.2479071319103241,0.0,0.32257670164108276,0.0001,1e-05,53.592,3.0779,0.6711
2458,stage2,0,0.3468811810016632,0.23869232833385468,0.0,0.3468811810016632,0.0001,1e-05,53.601,2.8669,4.3936
2459,stage2,0,0.32815149426460266,0.27436184883117676,0.0,0.32815149426460266,0.0001,1e-05,53.593,4.2147,0.6684
2460,stage2,0,0.3553968071937561,0.2693020701408386,0.0,0.3553968071937561,0.0001,1e-05,53.592,4.7286,0.6688
2461,stage2,0,0.3406250476837158,0.2537846565246582,0.0,0.3406250476837158,0.0001,1e-05,53.615,3.8194,0.6688
2462,stage2,0,0.3468876779079437,0.30665212869644165,0.0,0.3468876779079437,0.0001,1e-05,53.604,5.48,0.6693
2463,stage2,0,0.3651207685470581,0.25500166416168213,0.0,0.3651207685470581,0.0001,1e-05,53.607,3.6261,0.6701
2464,stage2,0,0.3353574275970459,0.2689380645751953,0.0,0.3353574275970459,0.0001,1e-05,53.598,3.7964,0.6709
2465,stage2,0,0.32629624009132385,0.26690033078193665,0.0,0.32629624009132385,0.0001,1e-05,53.614,4.0874,0.6708
2466,stage2,0,0.3510640859603882,0.3246435523033142,0.0,0.3510640859603882,0.0001,1e-05,53.604,5.2263,4.3066
2467,stage2,0,0.33062371611595154,0.2814018726348877,0.0,0.33062371611595154,0.0001,1e-05,53.594,4.0759,0.6735
2468,stage2,0,0.38356125354766846,0.2919764816761017,0.0,0.38356125354766846,0.0001,1e-05,53.592,4.1841,0.6715
2469,stage2,0,0.33206233382225037,0.291694700717926,0.0,0.33206233382225037,0.0001,1e-05,53.599,4.4415,0.6702
2470,stage2,0,0.34938016533851624,0.26213496923446655,0.0,0.34938016533851624,0.0001,1e-05,53.61,4.1197,0.6716
2471,stage2,0,0.31584683060646057,0.2714860141277313,0.0,0.31584683060646057,0.0001,1e-05,53.611,2.6713,0.6713
2472,stage2,0,0.2911931276321411,0.2516480088233948,0.0,0.2911931276321411,0.0001,1e-05,53.611,4.2963,0.6705
2473,stage2,0,0.34647664427757263,0.2694973051548004,0.0,0.34647664427757263,0.0001,1e-05,53.602,3.2698,0.6705
2474,stage2,0,0.3361048400402069,0.26345327496528625,0.0,0.3361048400402069,0.0001,1e-05,53.603,4.2199,4.3951
2475,stage2,0,0.35641270875930786,0.2845005989074707,0.0,0.35641270875930786,0.0001,1e-05,53.595,4.7191,0.6683
2476,stage2,0,0.3603106439113617,0.27408650517463684,0.0,0.3603106439113617,0.0001,1e-05,53.614,3.2104,0.6686
2477,stage2,0,0.30056318640708923,0.2894391119480133,0.0,0.30056318640708923,0.0001,1e-05,53.609,4.1906,0.669
2478,stage2,0,0.3140040636062622,0.2816507816314697,0.0,0.3140040636062622,0.0001,1e-05,53.601,3.5493,0.6697
2479,stage2,0,0.37356317043304443,0.2637745141983032,0.0,0.37356317043304443,0.0001,1e-05,53.6,4.8395,0.6708
2480,stage2,0,0.3157510459423065,0.28474000096321106,0.0,0.3157510459423065,0.0001,1e-05,53.606,3.1263,0.6701
2481,stage2,0,0.3285354971885681,0.26684820652008057,0.0,0.3285354971885681,0.0001,1e-05,53.613,3.5369,0.6711
2482,stage2,0,0.33281487226486206,0.2744370698928833,0.0,0.33281487226486206,0.0001,1e-05,53.607,3.4473,4.3034
2483,stage2,0,0.34259796142578125,0.2844357490539551,0.0,0.34259796142578125,0.0001,1e-05,53.613,3.5578,0.6692
2484,stage2,0,0.30757245421409607,0.2781807780265808,0.0,0.30757245421409607,0.0001,1e-05,53.61,3.2019,0.6723
2485,stage2,0,0.3699251115322113,0.3006259799003601,0.0,0.3699251115322113,0.0001,1e-05,53.598,4.2906,0.6697
2486,stage2,0,0.33847206830978394,0.26389080286026,0.0,0.33847206830978394,0.0001,1e-05,53.612,4.3244,0.6697
2487,stage2,0,0.32115548849105835,0.2500474452972412,0.0,0.32115548849105835,0.0001,1e-05,53.604,2.9593,0.67
2488,stage2,0,0.2972641587257385,0.2722438871860504,0.0,0.2972641587257385,0.0001,1e-05,53.606,3.3562,0.6701
2489,stage2,0,0.3268948495388031,0.2782917022705078,0.0,0.3268948495388031,0.0001,1e-05,53.613,4.0804,0.6702
2490,stage2,0,0.3316582441329956,0.2701937258243561,0.0,0.3316582441329956,0.0001,1e-05,53.606,3.7987,4.4358
2491,stage2,0,0.3239331543445587,0.29058772325515747,0.0,0.3239331543445587,0.0001,1e-05,53.597,3.5328,0.6678
2492,stage2,0,0.31933704018592834,0.2822749614715576,0.0,0.31933704018592834,0.0001,1e-05,53.6,3.5515,0.6687
2493,stage2,0,0.371039479970932,0.27480554580688477,0.0,0.371039479970932,0.0001,1e-05,53.588,4.5375,0.6696
2494,stage2,0,0.29301148653030396,0.2558082938194275,0.0,0.29301148653030396,0.0001,1e-05,53.59,2.5049,0.6694
2495,stage2,0,0.3599329888820648,0.2738511860370636,0.0,0.3599329888820648,0.0001,1e-05,53.6,4.196,0.6701
2496,stage2,0,0.3132381737232208,0.2759280502796173,0.0,0.3132381737232208,0.0001,1e-05,53.59,3.6034,0.6698
2497,stage2,0,0.2899143099784851,0.2603429853916168,0.0,0.2899143099784851,0.0001,1e-05,53.602,3.1531,0.6705
2498,stage2,0,0.3137354552745819,0.2632678151130676,0.0,0.3137354552745819,0.0001,1e-05,53.609,3.426,4.6219
2499,stage2,0,0.3159947395324707,0.2689947187900543,0.0,0.3159947395324707,0.0001,1e-05,53.609,4.2234,0.6679
2500,stage2,0,0.2920481860637665,0.25079208612442017,0.0,0.2920481860637665,0.0001,1e-05,53.598,3.2466,0.669
2501,stage2,0,0.2957577109336853,0.2848109304904938,0.0,0.2957577109336853,0.0001,1e-05,53.603,3.2239,0.6692
2502,stage2,0,0.3880368173122406,0.24739646911621094,0.0,0.3880368173122406,0.0001,1e-05,53.606,3.7097,0.6694
2503,stage2,0,0.32548898458480835,0.2570883631706238,0.0,0.32548898458480835,0.0001,1e-05,53.595,2.3069,0.6697
2504,stage2,0,0.351447731256485,0.2815034091472626,0.0,0.351447731256485,0.0001,1e-05,53.606,3.6443,0.6699
2505,stage2,0,0.3087720274925232,0.2402375042438507,0.0,0.3087720274925232,0.0001,1e-05,53.604,2.6392,0.6695
2506,stage2,0,0.2916412651538849,0.3023871183395386,0.0,0.2916412651538849,0.0001,1e-05,53.594,3.1374,5.7472
2507,stage2,0,0.33535876870155334,0.26634883880615234,0.0,0.33535876870155334,0.0001,1e-05,53.596,3.1718,0.6668
2508,stage2,0,0.40405645966529846,0.26022398471832275,0.0,0.40405645966529846,0.0001,1e-05,53.606,3.0491,0.6675
2509,stage2,0,0.35720229148864746,0.29312410950660706,0.0,0.35720229148864746,0.0001,1e-05,53.601,3.3259,0.6679
2510,stage2,0,0.3526768982410431,0.25465503334999084,0.0,0.3526768982410431,0.0001,1e-05,53.603,3.9568,0.6676
2511,stage2,0,0.34515810012817383,0.2526007890701294,0.0,0.34515810012817383,0.0001,1e-05,53.598,2.7541,0.6685
2512,stage2,0,0.3323535919189453,0.27582985162734985,0.0,0.3323535919189453,0.0001,1e-05,53.604,3.8586,0.6692
2513,stage2,0,0.3249766528606415,0.268573522567749,0.0,0.3249766528606415,0.0001,1e-05,53.608,2.9418,0.6697
2514,stage2,0,0.3115251362323761,0.2687964141368866,0.0,0.3115251362323761,0.0001,1e-05,53.606,3.9083,4.559
2515,stage2,0,0.3362846374511719,0.27818968892097473,0.0,0.3362846374511719,0.0001,1e-05,53.618,4.1878,0.6682
2516,stage2,0,0.31726253032684326,0.28926312923431396,0.0,0.31726253032684326,0.0001,1e-05,53.598,3.769,0.6679
2517,stage2,0,0.3216664791107178,0.2501361072063446,0.0,0.3216664791107178,0.0001,1e-05,53.61,3.0854,0.6682
2518,stage2,0,0.3601800799369812,0.28335505723953247,0.0,0.3601800799369812,0.0001,1e-05,53.606,3.7797,0.6688
2519,stage2,0,0.3242148458957672,0.2687510550022125,0.0,0.3242148458957672,0.0001,1e-05,53.607,3.4836,0.6731
2520,stage2,0,0.3465138375759125,0.2816563546657562,0.0,0.3465138375759125,0.0001,1e-05,53.596,3.6761,0.6703
2521,stage2,0,0.29405227303504944,0.26683154702186584,0.0,0.29405227303504944,0.0001,1e-05,53.602,3.5724,0.6709
2522,stage2,0,0.32078444957733154,0.27756786346435547,0.0,0.32078444957733154,0.0001,1e-05,53.6,3.7723,4.3213
2523,stage2,0,0.3434891104698181,0.2733600437641144,0.0,0.3434891104698181,0.0001,1e-05,53.598,2.9893,0.6688
2524,stage2,0,0.3433307111263275,0.26880714297294617,0.0,0.3433307111263275,0.0001,1e-05,53.601,3.7327,0.6722
2525,stage2,0,0.31224292516708374,0.2669263780117035,0.0,0.31224292516708374,0.0001,1e-05,53.604,3.6209,0.6725
2526,stage2,0,0.2975028455257416,0.2445199191570282,0.0,0.2975028455257416,0.0001,1e-05,53.603,3.5699,0.6695
2527,stage2,0,0.31086277961730957,0.2682605981826782,0.0,0.31086277961730957,0.0001,1e-05,53.601,3.1914,0.6697
2528,stage2,0,0.3990226089954376,0.2652510404586792,0.0,0.3990226089954376,0.0001,1e-05,53.599,4.1442,0.6696
2529,stage2,0,0.3140805661678314,0.29220545291900635,0.0,0.3140805661678314,0.0001,1e-05,53.6,3.839,0.6709
2530,stage2,0,0.3100614845752716,0.2643243074417114,0.0,0.3100614845752716,0.0001,1e-05,53.609,3.1957,4.6972
2531,stage2,0,0.3753044307231903,0.24879609048366547,0.0,0.3753044307231903,0.0001,1e-05,53.587,4.1417,0.6672
2532,stage2,0,0.26269224286079407,0.27460989356040955,0.0,0.26269224286079407,0.0001,1e-05,53.611,3.6028,0.6677
2533,stage2,0,0.3456573784351349,0.2892093062400818,0.0,0.3456573784351349,0.0001,1e-05,53.609,2.8587,0.6681
2534,stage2,0,0.2913989722728729,0.2796887159347534,0.0,0.2913989722728729,0.0001,1e-05,53.601,3.0472,0.6689
2535,stage2,0,0.3126095235347748,0.2919433116912842,0.0,0.3126095235347748,0.0001,1e-05,53.603,4.5383,0.6684
2536,stage2,0,0.2883995771408081,0.2532934844493866,0.0,0.2883995771408081,0.0001,1e-05,53.601,3.346,0.6688
2537,stage2,0,0.2982209622859955,0.28840500116348267,0.0,0.2982209622859955,0.0001,1e-05,53.604,4.475,0.6692
2538,stage2,0,0.28799983859062195,0.2776135206222534,0.0,0.28799983859062195,0.0001,1e-05,53.593,3.2433,5.0091
2539,stage2,0,0.3776034116744995,0.2975805699825287,0.0,0.3776034116744995,0.0001,1e-05,53.602,4.672,0.6669
2540,stage2,0,0.3150346577167511,0.24141739308834076,0.0,0.3150346577167511,0.0001,1e-05,53.601,4.9011,0.6677
2541,stage2,0,0.32593482732772827,0.25906774401664734,0.0,0.32593482732772827,0.0001,1e-05,53.605,3.3146,0.6726
2542,stage2,0,0.3399994671344757,0.2697315812110901,0.0,0.3399994671344757,0.0001,1e-05,53.598,4.1173,0.6719
2543,stage2,0,0.3484483063220978,0.2414499819278717,0.0,0.3484483063220978,0.0001,1e-05,53.596,4.6185,0.6692
2544,stage2,0,0.31225910782814026,0.30679866671562195,0.0,0.31225910782814026,0.0001,1e-05,53.602,5.8947,0.6694
2545,stage2,0,0.3840612471103668,0.28504300117492676,0.0,0.3840612471103668,0.0001,1e-05,53.59,3.949,0.6695
2546,stage2,0,0.34810376167297363,0.2861444354057312,0.0,0.34810376167297363,0.0001,1e-05,53.611,3.7533,4.3919
2547,stage2,0,0.3005184829235077,0.26847270131111145,0.0,0.3005184829235077,0.0001,1e-05,53.598,3.9341,0.6677
2548,stage2,0,0.31275561451911926,0.2537182569503784,0.0,0.31275561451911926,0.0001,1e-05,53.6,3.6507,0.6681
2549,stage2,0,0.3330972194671631,0.30170753598213196,0.0,0.3330972194671631,0.0001,1e-05,53.584,4.5072,0.6692
2550,stage2,0,0.31495627760887146,0.2610020935535431,0.0,0.31495627760887146,0.0001,1e-05,53.598,3.6676,0.6684
2551,stage2,0,0.31527459621429443,0.25195252895355225,0.0,0.31527459621429443,0.0001,1e-05,53.595,2.7027,0.6693
2552,stage2,0,0.2959526479244232,0.25488415360450745,0.0,0.2959526479244232,0.0001,1e-05,53.601,3.7716,0.67
2553,stage2,0,0.30637428164482117,0.2771122455596924,0.0,0.30637428164482117,0.0001,1e-05,53.598,4.024,0.6699
2554,stage2,0,0.37873053550720215,0.26316994428634644,0.0,0.37873053550720215,0.0001,1e-05,53.599,4.0752,4.5126
2555,stage2,0,0.30553069710731506,0.30244022607803345,0.0,0.30553069710731506,0.0001,1e-05,53.598,3.1681,0.667
2556,stage2,0,0.30964118242263794,0.23479551076889038,0.0,0.30964118242263794,0.0001,1e-05,53.597,2.8151,0.6675
2557,stage2,0,0.3889818489551544,0.22976982593536377,0.0,0.3889818489551544,0.0001,1e-05,53.6,2.7896,0.6685
2558,stage2,0,0.3265187442302704,0.26406463980674744,0.0,0.3265187442302704,0.0001,1e-05,53.605,3.5012,0.6686
2559,stage2,0,0.3391389548778534,0.27536100149154663,0.0,0.3391389548778534,0.0001,1e-05,53.595,3.8007,0.6695
2560,stage2,0,0.36995458602905273,0.25619134306907654,0.0,0.36995458602905273,0.0001,1e-05,53.602,3.8223,0.6749
2561,stage2,0,0.344708651304245,0.2780103087425232,0.0,0.344708651304245,0.0001,1e-05,53.605,3.9892,0.6645
2562,stage2,0,0.326168417930603,0.25680777430534363,0.0,0.326168417930603,0.0001,1e-05,53.611,3.1117,4.2909
2563,stage2,0,0.32686081528663635,0.25148361921310425,0.0,0.32686081528663635,0.0001,1e-05,53.606,3.1968,0.6653
2564,stage2,0,0.38113582134246826,0.2646072506904602,0.0,0.38113582134246826,0.0001,1e-05,53.604,3.7845,0.6683
2565,stage2,0,0.38304445147514343,0.31151553988456726,0.0,0.38304445147514343,0.0001,1e-05,53.613,4.5524,0.6685
2566,stage2,0,0.29110580682754517,0.2909562289714813,0.0,0.29110580682754517,0.0001,1e-05,53.595,3.461,0.6681
2567,stage2,0,0.3100023865699768,0.2591421902179718,0.0,0.3100023865699768,0.0001,1e-05,53.6,3.8303,0.6691
2568,stage2,0,0.3519817888736725,0.25353068113327026,0.0,0.3519817888736725,0.0001,1e-05,53.599,3.3048,0.6687
2569,stage2,0,0.29350072145462036,0.26260602474212646,0.0,0.29350072145462036,0.0001,1e-05,53.587,3.6004,0.6739
2570,stage2,0,0.32658663392066956,0.2725069224834442,0.0,0.32658663392066956,0.0001,1e-05,53.598,3.4507,4.6771
2571,stage2,0,0.38535162806510925,0.2989092767238617,0.0,0.38535162806510925,0.0001,1e-05,53.606,4.0994,0.6699
2572,stage2,0,0.3368053436279297,0.2794932425022125,0.0,0.3368053436279297,0.0001,1e-05,53.605,3.3367,0.6644
2573,stage2,0,0.34303414821624756,0.2888248562812805,0.0,0.34303414821624756,0.0001,1e-05,53.597,3.7868,0.6674
2574,stage2,0,0.3257772922515869,0.27478086948394775,0.0,0.3257772922515869,0.0001,1e-05,53.603,3.0678,0.6684
2575,stage2,0,0.3001796305179596,0.24044166505336761,0.0,0.3001796305179596,0.0001,1e-05,53.605,2.1223,0.6683
2576,stage2,0,0.35619500279426575,0.2987143099308014,0.0,0.35619500279426575,0.0001,1e-05,53.602,3.8462,0.6695
2577,stage2,0,0.34915557503700256,0.2771833539009094,0.0,0.34915557503700256,0.0001,1e-05,53.602,3.3691,0.6693
2578,stage2,0,0.2718451917171478,0.27775251865386963,0.0,0.2718451917171478,0.0001,1e-05,53.599,2.6622,4.3082
2579,stage2,0,0.36931344866752625,0.2633989751338959,0.0,0.36931344866752625,0.0001,1e-05,53.592,3.9929,0.6674
2580,stage2,0,0.31458646059036255,0.2607704699039459,0.0,0.31458646059036255,0.0001,1e-05,53.602,3.5609,0.6676
2581,stage2,0,0.3465387225151062,0.2700115144252777,0.0,0.3465387225151062,0.0001,1e-05,53.59,3.8338,0.6682
2582,stage2,0,0.32334664463996887,0.25965970754623413,0.0,0.32334664463996887,0.0001,1e-05,53.599,3.2326,0.668
2583,stage2,0,0.3494909107685089,0.2588597536087036,0.0,0.3494909107685089,0.0001,1e-05,53.59,3.1437,0.6685
2584,stage2,0,0.3003044128417969,0.27209678292274475,0.0,0.3003044128417969,0.0001,1e-05,53.602,3.5017,0.6693
2585,stage2,0,0.309631884098053,0.25707733631134033,0.0,0.309631884098053,0.0001,1e-05,53.597,3.2854,0.6694
2586,stage2,0,0.3031773269176483,0.3153006434440613,0.0,0.3031773269176483,0.0001,1e-05,53.609,3.2833,4.3604
2587,stage2,0,0.3585503399372101,0.26538869738578796,0.0,0.3585503399372101,0.0001,1e-05,53.594,3.0206,0.6672
2588,stage2,0,0.3399542570114136,0.26409831643104553,0.0,0.3399542570114136,0.0001,1e-05,53.601,3.6843,0.6673
2589,stage2,0,0.3104501962661743,0.25925132632255554,0.0,0.3104501962661743,0.0001,1e-05,53.593,4.0129,0.6736
2590,stage2,0,0.2977469265460968,0.2603541612625122,0.0,0.2977469265460968,0.0001,1e-05,53.598,2.6057,0.669
2591,stage2,0,0.3175332546234131,0.27995821833610535,0.0,0.3175332546234131,0.0001,1e-05,53.603,3.5212,0.668
2592,stage2,0,0.3632220923900604,0.25470051169395447,0.0,0.3632220923900604,0.0001,1e-05,53.598,3.3386,0.6687
2593,stage2,0,0.3496773838996887,0.2242051213979721,0.0,0.3496773838996887,0.0001,1e-05,53.593,2.7368,0.6692
2594,stage2,0,0.33743157982826233,0.281754732131958,0.0,0.33743157982826233,0.0001,1e-05,53.594,3.1594,4.2589
2595,stage2,0,0.24094748497009277,0.2750389873981476,0.0,0.24094748497009277,0.0001,1e-05,53.6,2.8964,0.6674
2596,stage2,0,0.32627230882644653,0.2548243999481201,0.0,0.32627230882644653,0.0001,1e-05,53.607,3.6032,0.668
2597,stage2,0,0.32493606209754944,0.2723870873451233,0.0,0.32493606209754944,0.0001,1e-05,53.597,3.705,0.6687
2598,stage2,0,0.2671964466571808,0.2764657139778137,0.0,0.2671964466571808,0.0001,1e-05,53.592,3.5622,0.6691
2599,stage2,0,0.3545563220977783,0.2752043306827545,0.0,0.3545563220977783,0.0001,1e-05,53.599,3.5975,0.6694
2600,stage2,0,0.3346020579338074,0.26738259196281433,0.0,0.3346020579338074,0.0001,1e-05,53.593,3.5358,0.6692
2601,stage2,0,0.3341832160949707,0.2688772678375244,0.0,0.3341832160949707,0.0001,1e-05,53.598,4.495,0.6692
2602,stage2,0,0.3142011761665344,0.2739163935184479,0.0,0.3142011761665344,0.0001,1e-05,53.61,3.7702,4.4245
2603,stage2,0,0.3329421281814575,0.23681378364562988,0.0,0.3329421281814575,0.0001,1e-05,53.596,2.803,0.6677
2604,stage2,0,0.36839959025382996,0.27699196338653564,0.0,0.36839959025382996,0.0001,1e-05,53.592,4.413,0.668
2605,stage2,0,0.34423112869262695,0.277969628572464,0.0,0.34423112869262695,0.0001,1e-05,53.59,5.311,0.6693
2606,stage2,0,0.3246283233165741,0.25944554805755615,0.0,0.3246283233165741,0.0001,1e-05,53.594,3.8569,0.669
2607,stage2,0,0.29949885606765747,0.2942142188549042,0.0,0.29949885606765747,0.0001,1e-05,53.607,4.6328,0.6698
2608,stage2,0,0.30970779061317444,0.2778119444847107,0.0,0.30970779061317444,0.0001,1e-05,53.601,3.4968,0.6699
2609,stage2,0,0.31070074439048767,0.27391961216926575,0.0,0.31070074439048767,0.0001,1e-05,53.593,5.8942,0.6701
2610,stage2,0,0.30393123626708984,0.25174805521965027,0.0,0.30393123626708984,0.0001,1e-05,53.609,3.3101,4.3412
2611,stage2,0,0.357791930437088,0.2532058358192444,0.0,0.357791930437088,0.0001,1e-05,53.596,4.0403,0.6677
2612,stage2,0,0.2806369960308075,0.25420722365379333,0.0,0.2806369960308075,0.0001,1e-05,53.6,3.3087,0.6683
2613,stage2,0,0.2920433282852173,0.25930342078208923,0.0,0.2920433282852173,0.0001,1e-05,53.604,3.2819,0.6723
2614,stage2,0,0.3481818437576294,0.2530052959918976,0.0,0.3481818437576294,0.0001,1e-05,53.599,3.5837,0.6695
2615,stage2,0,0.35533803701400757,0.25792670249938965,0.0,0.35533803701400757,0.0001,1e-05,53.598,4.4245,0.6715
2616,stage2,0,0.36640694737434387,0.23962588608264923,0.0,0.36640694737434387,0.0001,1e-05,53.6,2.8864,0.6668
2617,stage2,0,0.34715011715888977,0.3063437342643738,0.0,0.34715011715888977,0.0001,1e-05,53.606,4.6995,0.6697
2618,stage2,0,0.3412729501724243,0.2807680666446686,0.0,0.3412729501724243,0.0001,1e-05,53.612,4.0478,4.2589
2619,stage2,0,0.2929721176624298,0.26058313250541687,0.0,0.2929721176624298,0.0001,1e-05,53.603,4.5575,0.6682
2620,stage2,0,0.31867432594299316,0.2574172914028168,0.0,0.31867432594299316,0.0001,1e-05,53.605,3.3045,0.6677
2621,stage2,0,0.31012392044067383,0.27680742740631104,0.0,0.31012392044067383,0.0001,1e-05,53.597,3.7848,0.6767
2622,stage2,0,0.3133591413497925,0.278455525636673,0.0,0.3133591413497925,0.0001,1e-05,53.604,4.0251,0.6688
2623,stage2,0,0.3248031437397003,0.25360724329948425,0.0,0.3248031437397003,0.0001,1e-05,53.59,2.8917,0.6688
2624,stage2,0,0.31811103224754333,0.23382499814033508,0.0,0.31811103224754333,0.0001,1e-05,53.605,3.2145,0.6702
2625,stage2,0,0.40203630924224854,0.282758504152298,0.0,0.40203630924224854,0.0001,1e-05,53.597,4.9957,0.6695
2626,stage2,0,0.26232093572616577,0.2942068576812744,0.0,0.26232093572616577,0.0001,1e-05,53.602,3.4878,4.4462
2627,stage2,0,0.31871646642684937,0.27958834171295166,0.0,0.31871646642684937,0.0001,1e-05,53.597,3.473,0.6686
2628,stage2,0,0.326639860868454,0.2983299493789673,0.0,0.326639860868454,0.0001,1e-05,53.612,6.8617,0.6687
2629,stage2,0,0.3170919418334961,0.2633509337902069,0.0,0.3170919418334961,0.0001,1e-05,53.613,2.7776,0.6687
2630,stage2,0,0.3700139820575714,0.2627716064453125,0.0,0.3700139820575714,0.0001,1e-05,53.595,4.4223,0.6682
2631,stage2,0,0.3539452850818634,0.2600099742412567,0.0,0.3539452850818634,0.0001,1e-05,53.594,3.8939,0.6696
2632,stage2,0,0.2728930115699768,0.22993874549865723,0.0,0.2728930115699768,0.0001,1e-05,53.606,2.653,0.67
2633,stage2,0,0.3071143627166748,0.26698940992355347,0.0,0.3071143627166748,0.0001,1e-05,53.597,3.1409,0.6704
2634,stage2,0,0.31522616744041443,0.2574108839035034,0.0,0.31522616744041443,0.0001,1e-05,53.599,3.517,4.2335
2635,stage2,0,0.29508131742477417,0.2563442289829254,0.0,0.29508131742477417,0.0001,1e-05,53.603,3.2149,0.668
2636,stage2,0,0.30455535650253296,0.2754208445549011,0.0,0.30455535650253296,0.0001,1e-05,53.602,4.3239,0.6686
2637,stage2,0,0.3435717225074768,0.25501739978790283,0.0,0.3435717225074768,0.0001,1e-05,53.588,3.9047,0.6696
2638,stage2,0,0.31540340185165405,0.2497273087501526,0.0,0.31540340185165405,0.0001,1e-05,53.587,4.0908,0.67
2639,stage2,0,0.2856852412223816,0.23403140902519226,0.0,0.2856852412223816,0.0001,1e-05,53.593,2.6794,0.669
2640,stage2,0,0.33299344778060913,0.24785225093364716,0.0,0.33299344778060913,0.0001,1e-05,53.59,3.5429,0.671
2641,stage2,0,0.3110256791114807,0.26479265093803406,0.0,0.3110256791114807,0.0001,1e-05,53.604,3.8652,0.6742
2642,stage2,0,0.2819710671901703,0.2720317840576172,0.0,0.2819710671901703,0.0001,1e-05,53.613,3.3539,4.3211
2643,stage2,0,0.3482140898704529,0.2769962549209595,0.0,0.3482140898704529,0.0001,1e-05,53.589,4.628,0.6675
2644,stage2,0,0.3610870838165283,0.2940731346607208,0.0,0.3610870838165283,0.0001,1e-05,53.597,5.1134,0.6696
2645,stage2,0,0.32384422421455383,0.23168723285198212,0.0,0.32384422421455383,0.0001,1e-05,53.611,2.2178,0.6691
2646,stage2,0,0.3435312509536743,0.2526540160179138,0.0,0.3435312509536743,0.0001,1e-05,53.604,3.7611,0.6689
2647,stage2,0,0.33265241980552673,0.2569858431816101,0.0,0.33265241980552673,0.0001,1e-05,53.598,3.5453,0.6693
2648,stage2,0,0.2756528854370117,0.2639373540878296,0.0,0.2756528854370117,0.0001,1e-05,53.61,3.0533,0.6756
2649,stage2,0,0.34288981556892395,0.27789491415023804,0.0,0.34288981556892395,0.0001,1e-05,53.609,4.0114,0.6737
2650,stage2,0,0.3419851064682007,0.2698139250278473,0.0,0.3419851064682007,0.0001,1e-05,53.599,4.1783,5.4516
2651,stage2,0,0.29092711210250854,0.25040751695632935,0.0,0.29092711210250854,0.0001,1e-05,53.597,5.3954,0.6677
2652,stage2,0,0.3715437650680542,0.2169586718082428,0.0,0.3715437650680542,0.0001,1e-05,53.589,3.4381,0.668
2653,stage2,0,0.31951630115509033,0.28065329790115356,0.0,0.31951630115509033,0.0001,1e-05,53.602,4.3083,0.6681
2654,stage2,0,0.29333001375198364,0.2855118215084076,0.0,0.29333001375198364,0.0001,1e-05,53.59,3.404,0.6689
2655,stage2,0,0.33078375458717346,0.2469502091407776,0.0,0.33078375458717346,0.0001,1e-05,53.601,3.6891,0.6682
2656,stage2,0,0.3464698791503906,0.2576979696750641,0.0,0.3464698791503906,0.0001,1e-05,53.61,4.2652,0.6693
2657,stage2,0,0.35502147674560547,0.24022948741912842,0.0,0.35502147674560547,0.0001,1e-05,53.605,4.4366,0.6698
2658,stage2,0,0.3484191298484802,0.27805376052856445,0.0,0.3484191298484802,0.0001,1e-05,53.61,5.1023,4.2809
2659,stage2,0,0.36613374948501587,0.24146299064159393,0.0,0.36613374948501587,0.0001,1e-05,53.587,3.9753,0.668
2660,stage2,0,0.33128678798675537,0.2553081810474396,0.0,0.33128678798675537,0.0001,1e-05,53.602,4.2798,0.6681
2661,stage2,0,0.28703784942626953,0.2959936559200287,0.0,0.28703784942626953,0.0001,1e-05,53.611,7.0985,0.6688
2662,stage2,0,0.3438003659248352,0.2487373799085617,0.0,0.3438003659248352,0.0001,1e-05,53.603,4.2423,0.669
2663,stage2,0,0.2884519398212433,0.27966687083244324,0.0,0.2884519398212433,0.0001,1e-05,53.597,3.6567,0.6707
2664,stage2,0,0.34821826219558716,0.2794545888900757,0.0,0.34821826219558716,0.0001,1e-05,53.604,4.5213,0.6694
2665,stage2,0,0.33389970660209656,0.2590816915035248,0.0,0.33389970660209656,0.0001,1e-05,53.602,3.462,0.6711
2666,stage2,0,0.287546843290329,0.3186062276363373,0.0,0.287546843290329,0.0001,1e-05,53.606,3.2797,4.7364
2667,stage2,0,0.29961809515953064,0.2570979595184326,0.0,0.29961809515953064,0.0001,1e-05,53.613,3.0774,0.6676
2668,stage2,0,0.33821362257003784,0.2797335386276245,0.0,0.33821362257003784,0.0001,1e-05,53.604,4.269,0.6689
2669,stage2,0,0.3255651891231537,0.2564939260482788,0.0,0.3255651891231537,0.0001,1e-05,53.603,3.5167,0.6694
2670,stage2,0,0.29754191637039185,0.28586918115615845,0.0,0.29754191637039185,0.0001,1e-05,53.599,3.5103,0.6692
2671,stage2,0,0.30320075154304504,0.26617082953453064,0.0,0.30320075154304504,0.0001,1e-05,53.598,3.1227,0.6695
2672,stage2,0,0.3664945065975189,0.24626758694648743,0.0,0.3664945065975189,0.0001,1e-05,53.603,3.4438,0.6701
2673,stage2,0,0.3186720907688141,0.2844509184360504,0.0,0.3186720907688141,0.0001,1e-05,53.601,5.8268,0.6711
2674,stage2,0,0.34426096081733704,0.24875633418560028,0.0,0.34426096081733704,0.0001,1e-05,53.597,4.4592,4.32
2675,stage2,0,0.32206615805625916,0.2576032280921936,0.0,0.32206615805625916,0.0001,1e-05,53.592,3.7376,0.6683
2676,stage2,0,0.28394877910614014,0.2783466577529907,0.0,0.28394877910614014,0.0001,1e-05,53.603,4.5735,0.6674
2677,stage2,0,0.2942400574684143,0.265959769487381,0.0,0.2942400574684143,0.0001,1e-05,53.609,4.4803,0.6682
2678,stage2,0,0.30828607082366943,0.27618855237960815,0.0,0.30828607082366943,0.0001,1e-05,53.597,4.58,0.6692
2679,stage2,0,0.29024291038513184,0.2843135893344879,0.0,0.29024291038513184,0.0001,1e-05,53.608,3.4123,0.6693
2680,stage2,0,0.3210533559322357,0.25524795055389404,0.0,0.3210533559322357,0.0001,1e-05,53.606,4.0179,0.6699
2681,stage2,0,0.2813049852848053,0.3357398509979248,0.0,0.2813049852848053,0.0001,1e-05,53.603,3.7361,0.6694
2682,stage2,0,0.330316424369812,0.23939624428749084,0.0,0.330316424369812,0.0001,1e-05,53.605,3.024,4.4694
2683,stage2,0,0.3079671859741211,0.25611984729766846,0.0,0.3079671859741211,0.0001,1e-05,53.608,3.212,0.6678
2684,stage2,0,0.3049641251564026,0.22560764849185944,0.0,0.3049641251564026,0.0001,1e-05,53.595,3.2265,0.6678
2685,stage2,0,0.2991648316383362,0.2765742540359497,0.0,0.2991648316383362,0.0001,1e-05,53.594,3.3038,0.6686
2686,stage2,0,0.3159041404724121,0.26431772112846375,0.0,0.3159041404724121,0.0001,1e-05,53.605,3.9628,0.6691
2687,stage2,0,0.31873396039009094,0.2631690800189972,0.0,0.31873396039009094,0.0001,1e-05,53.602,4.148,0.6693
2688,stage2,0,0.3347240090370178,0.2797456383705139,0.0,0.3347240090370178,0.0001,1e-05,53.601,4.0956,0.6707
2689,stage2,0,0.3355427086353302,0.26986730098724365,0.0,0.3355427086353302,0.0001,1e-05,53.598,4.7223,0.6692
2690,stage2,0,0.29632270336151123,0.26185134053230286,0.0,0.29632270336151123,0.0001,1e-05,53.605,3.3833,4.5366
2691,stage2,0,0.3290860950946808,0.263826847076416,0.0,0.3290860950946808,0.0001,1e-05,53.597,3.7138,0.667
2692,stage2,0,0.2868945598602295,0.28851690888404846,0.0,0.2868945598602295,0.0001,1e-05,53.598,4.3877,0.6684
2693,stage2,0,0.30663904547691345,0.23660801351070404,0.0,0.30663904547691345,0.0001,1e-05,53.601,2.9169,0.669
2694,stage2,0,0.3365282714366913,0.24241961538791656,0.0,0.3365282714366913,0.0001,1e-05,53.601,3.8241,0.6686
2695,stage2,0,0.31929031014442444,0.2605102062225342,0.0,0.31929031014442444,0.0001,1e-05,53.605,4.829,0.6693
2696,stage2,0,0.3053489327430725,0.2711339592933655,0.0,0.3053489327430725,0.0001,1e-05,53.599,3.6267,0.6693
2697,stage2,0,0.27500855922698975,0.2523392140865326,0.0,0.27500855922698975,0.0001,1e-05,53.6,4.4268,0.6697
2698,stage2,0,0.3054395616054535,0.2663342356681824,0.0,0.3054395616054535,0.0001,1e-05,53.608,3.6645,4.1809
2699,stage2,0,0.3046969771385193,0.2597411274909973,0.0,0.3046969771385193,0.0001,1e-05,53.604,4.5499,0.668
2700,stage2,0,0.3564593195915222,0.2570776343345642,0.0,0.3564593195915222,0.0001,1e-05,53.605,4.4532,0.6682
2701,stage2,0,0.3264603614807129,0.25554990768432617,0.0,0.3264603614807129,0.0001,1e-05,53.613,4.3932,0.6715
2702,stage2,0,0.3126292824745178,0.22277037799358368,0.0,0.3126292824745178,0.0001,1e-05,53.609,4.0403,0.6695
2703,stage2,0,0.3254351019859314,0.25090518593788147,0.0,0.3254351019859314,0.0001,1e-05,53.612,4.5867,0.6693
2704,stage2,0,0.29658761620521545,0.26082873344421387,0.0,0.29658761620521545,0.0001,1e-05,53.616,4.3902,0.6694
2705,stage2,0,0.30263957381248474,0.24555175006389618,0.0,0.30263957381248474,0.0001,1e-05,53.601,4.4914,0.6699
2706,stage2,0,0.337389200925827,0.3187029957771301,0.0,0.337389200925827,0.0001,1e-05,53.611,5.1275,4.475
2707,stage2,0,0.3006477952003479,0.2889299690723419,0.0,0.3006477952003479,0.0001,1e-05,53.598,3.4357,0.6679
2708,stage2,0,0.3110796809196472,0.2674582004547119,0.0,0.3110796809196472,0.0001,1e-05,53.594,6.0594,0.6683
2709,stage2,0,0.34450072050094604,0.26827386021614075,0.0,0.34450072050094604,0.0001,1e-05,53.6,3.6642,0.6687
2710,stage2,0,0.28414762020111084,0.24932032823562622,0.0,0.28414762020111084,0.0001,1e-05,53.597,4.766,0.669
2711,stage2,0,0.3353533148765564,0.259673148393631,0.0,0.3353533148765564,0.0001,1e-05,53.599,4.2065,0.6698
2712,stage2,0,0.31164196133613586,0.2701247036457062,0.0,0.31164196133613586,0.0001,1e-05,53.599,4.0322,0.6697
2713,stage2,0,0.2669423520565033,0.2753371298313141,0.0,0.2669423520565033,0.0001,1e-05,53.595,3.5322,0.6707
2714,stage2,0,0.30568021535873413,0.2587657570838928,0.0,0.30568021535873413,0.0001,1e-05,53.603,3.564,4.2182
2715,stage2,0,0.3228660821914673,0.2561303675174713,0.0,0.3228660821914673,0.0001,1e-05,53.605,3.4283,0.6678
2716,stage2,0,0.3599279522895813,0.2511884868144989,0.0,0.3599279522895813,0.0001,1e-05,53.6,4.4389,0.6687
2717,stage2,0,0.29840990900993347,0.2446514517068863,0.0,0.29840990900993347,0.0001,1e-05,53.599,2.8847,0.6691
2718,stage2,0,0.36994507908821106,0.22114470601081848,0.0,0.36994507908821106,0.0001,1e-05,53.608,3.0854,0.6694
2719,stage2,0,0.34348833560943604,0.27523064613342285,0.0,0.34348833560943604,0.0001,1e-05,53.608,4.1252,0.6694
2720,stage2,0,0.31112217903137207,0.2807007431983948,0.0,0.31112217903137207,0.0001,1e-05,53.605,4.8114,0.67
2721,stage2,0,0.3390852212905884,0.26357734203338623,0.0,0.3390852212905884,0.0001,1e-05,53.608,3.8914,0.6705
2722,stage2,0,0.32045066356658936,0.26977604627609253,0.0,0.32045066356658936,0.0001,1e-05,53.609,4.6972,4.1949
2723,stage2,0,0.2787158191204071,0.28701353073120117,0.0,0.2787158191204071,0.0001,1e-05,53.598,3.9619,0.6676
2724,stage2,0,0.286392480134964,0.24023382365703583,0.0,0.286392480134964,0.0001,1e-05,53.61,2.9763,0.6745
2725,stage2,0,0.29226940870285034,0.24969671666622162,0.0,0.29226940870285034,0.0001,1e-05,53.605,3.9276,0.6693
2726,stage2,0,0.3083633482456207,0.2710040211677551,0.0,0.3083633482456207,0.0001,1e-05,53.597,4.9757,0.6694
2727,stage2,0,0.3623318374156952,0.24774733185768127,0.0,0.3623318374156952,0.0001,1e-05,53.599,4.7429,0.6694
2728,stage2,0,0.29444003105163574,0.26012787222862244,0.0,0.29444003105163574,0.0001,1e-05,53.598,4.0229,0.6695
2729,stage2,0,0.2756030857563019,0.2766960859298706,0.0,0.2756030857563019,0.0001,1e-05,53.605,4.6143,0.6699
2730,stage2,0,0.3330298066139221,0.24655325710773468,0.0,0.3330298066139221,0.0001,1e-05,53.596,5.5643,4.4254
2731,stage2,0,0.35358473658561707,0.24884216487407684,0.0,0.35358473658561707,0.0001,1e-05,53.609,4.5494,0.6684
2732,stage2,0,0.29556384682655334,0.2426154464483261,0.0,0.29556384682655334,0.0001,1e-05,53.601,3.2552,0.6685
2733,stage2,0,0.33493390679359436,0.2655719816684723,0.0,0.33493390679359436,0.0001,1e-05,53.601,4.8473,0.6692
2734,stage2,0,0.3032681345939636,0.257284015417099,0.0,0.3032681345939636,0.0001,1e-05,53.609,4.2884,0.6697
2735,stage2,0,0.3384016752243042,0.2642376124858856,0.0,0.3384016752243042,0.0001,1e-05,53.594,4.7336,0.6759
2736,stage2,0,0.3269278407096863,0.30497464537620544,0.0,0.3269278407096863,0.0001,1e-05,53.6,5.0821,0.6708
2737,stage2,0,0.3047040104866028,0.2626706659793854,0.0,0.3047040104866028,0.0001,1e-05,53.594,3.3598,0.6718
2738,stage2,0,0.30301159620285034,0.3028615117073059,0.0,0.30301159620285034,0.0001,1e-05,53.597,4.943,4.2468
2739,stage2,0,0.3468150496482849,0.23853857815265656,0.0,0.3468150496482849,0.0001,1e-05,53.603,3.2644,0.6674
2740,stage2,0,0.29805877804756165,0.24704717099666595,0.0,0.29805877804756165,0.0001,1e-05,53.612,4.8341,0.6682
2741,stage2,0,0.30041003227233887,0.23479405045509338,0.0,0.30041003227233887,0.0001,1e-05,53.609,3.9363,0.6685
2742,stage2,0,0.301813542842865,0.25457465648651123,0.0,0.301813542842865,0.0001,1e-05,53.61,5.1716,0.6689
2743,stage2,0,0.29709094762802124,0.2592752277851105,0.0,0.29709094762802124,0.0001,1e-05,53.609,3.0762,0.6689
2744,stage2,0,0.28897735476493835,0.2646637260913849,0.0,0.28897735476493835,0.0001,1e-05,53.602,4.0696,0.6691
2745,stage2,0,0.3226287066936493,0.24639247357845306,0.0,0.3226287066936493,0.0001,1e-05,53.602,4.1806,0.6682
2746,stage2,0,0.32708993554115295,0.23190830647945404,0.0,0.32708993554115295,0.0001,1e-05,53.596,3.991,3.9078
2747,stage2,0,0.3022473156452179,0.2794281542301178,0.0,0.3022473156452179,0.0001,1e-05,53.6,3.4001,0.6662
2748,stage2,0,0.3313964903354645,0.2190466821193695,0.0,0.3313964903354645,0.0001,1e-05,53.601,3.1608,0.6685
2749,stage2,0,0.25654879212379456,0.2582530677318573,0.0,0.25654879212379456,0.0001,1e-05,53.604,4.1153,0.6662
2750,stage2,0,0.280574768781662,0.25257638096809387,0.0,0.280574768781662,0.0001,1e-05,53.606,4.127,0.6666
2751,stage2,0,0.3167838454246521,0.24744172394275665,0.0,0.3167838454246521,0.0001,1e-05,53.615,4.1822,0.6666
2752,stage2,0,0.32614049315452576,0.23366807401180267,0.0,0.32614049315452576,0.0001,1e-05,53.597,3.9581,0.6666
2753,stage2,1,0.31594011187553406,0.2532786428928375,0.0,0.31594011187553406,0.0001,1e-05,53.597,4.8791,11.4214
2754,stage2,1,0.31387922167778015,0.22771920263767242,0.0,0.31387922167778015,0.0001,1e-05,53.601,3.8462,0.6647
2755,stage2,1,0.31356438994407654,0.24012188613414764,0.0,0.31356438994407654,0.0001,1e-05,53.597,3.321,0.6656
2756,stage2,1,0.327531099319458,0.24726521968841553,0.0,0.327531099319458,0.0001,1e-05,53.604,3.6608,0.6658
2757,stage2,1,0.31799831986427307,0.25345662236213684,0.0,0.31799831986427307,0.0001,1e-05,53.602,4.3765,0.6676
2758,stage2,1,0.28706762194633484,0.24511541426181793,0.0,0.28706762194633484,0.0001,1e-05,53.605,4.227,0.6672
2759,stage2,1,0.281069278717041,0.2868848741054535,0.0,0.281069278717041,0.0001,1e-05,53.596,4.61,0.667
2760,stage2,1,0.3180236220359802,0.23084478080272675,0.0,0.3180236220359802,0.0001,1e-05,53.601,4.3785,0.6672
2761,stage2,1,0.3009187877178192,0.26711413264274597,0.0,0.3009187877178192,0.0001,1e-05,53.603,3.5243,5.6188
2762,stage2,1,0.2611539363861084,0.2564373314380646,0.0,0.2611539363861084,0.0001,1e-05,53.609,3.9544,0.6646
2763,stage2,1,0.24862676858901978,0.2894950807094574,0.0,0.24862676858901978,0.0001,1e-05,53.595,3.8541,0.6654
2764,stage2,1,0.3328174948692322,0.2670072317123413,0.0,0.3328174948692322,0.0001,1e-05,53.6,4.8182,0.6654
2765,stage2,1,0.3114292621612549,0.2363923192024231,0.0,0.3114292621612549,0.0001,1e-05,53.608,3.7759,0.6668
2766,stage2,1,0.3206484913825989,0.2675929665565491,0.0,0.3206484913825989,0.0001,1e-05,53.607,5.2664,0.6671
2767,stage2,1,0.32007530331611633,0.25394636392593384,0.0,0.32007530331611633,0.0001,1e-05,53.601,5.0736,0.6671
2768,stage2,1,0.2858505845069885,0.26224803924560547,0.0,0.2858505845069885,0.0001,1e-05,53.603,8.5775,0.6674
2769,stage2,1,0.3054637908935547,0.21839264035224915,0.0,0.3054637908935547,0.0001,1e-05,53.613,2.9499,4.9852
2770,stage2,1,0.2830374240875244,0.2632107734680176,0.0,0.2830374240875244,0.0001,1e-05,53.594,3.5708,0.6648
2771,stage2,1,0.3024791181087494,0.2845718264579773,0.0,0.3024791181087494,0.0001,1e-05,53.595,5.2385,0.6654
2772,stage2,1,0.27596166729927063,0.2509554922580719,0.0,0.27596166729927063,0.0001,1e-05,53.592,4.0832,0.6662
2773,stage2,1,0.2632013261318207,0.25021588802337646,0.0,0.2632013261318207,0.0001,1e-05,53.599,3.6469,0.6661
2774,stage2,1,0.32057633996009827,0.23331990838050842,0.0,0.32057633996009827,0.0001,1e-05,53.608,4.0193,0.6669
2775,stage2,1,0.3464479446411133,0.25910693407058716,0.0,0.3464479446411133,0.0001,1e-05,53.599,7.1463,0.6667
2776,stage2,1,0.3304142653942108,0.25197237730026245,0.0,0.3304142653942108,0.0001,1e-05,53.604,4.7926,0.6671
2777,stage2,1,0.2869517207145691,0.2868025600910187,0.0,0.2869517207145691,0.0001,1e-05,53.594,3.2842,5.596
2778,stage2,1,0.3235912024974823,0.25560757517814636,0.0,0.3235912024974823,0.0001,1e-05,53.596,3.7845,0.6651
2779,stage2,1,0.33297887444496155,0.2635519504547119,0.0,0.33297887444496155,0.0001,1e-05,53.599,3.9563,0.6649
2780,stage2,1,0.32357221841812134,0.235519140958786,0.0,0.32357221841812134,0.0001,1e-05,53.595,4.2328,0.6659
2781,stage2,1,0.2637875974178314,0.2770509719848633,0.0,0.2637875974178314,0.0001,1e-05,53.601,5.0169,0.6661
2782,stage2,1,0.30656975507736206,0.24842779338359833,0.0,0.30656975507736206,0.0001,1e-05,53.597,3.7973,0.6668
2783,stage2,1,0.31358566880226135,0.24610164761543274,0.0,0.31358566880226135,0.0001,1e-05,53.595,3.8829,0.6677
2784,stage2,1,0.3054729104042053,0.2433839738368988,0.0,0.3054729104042053,0.0001,1e-05,53.6,3.744,0.6666
2785,stage2,1,0.29176828265190125,0.2776634097099304,0.0,0.29176828265190125,0.0001,1e-05,53.585,3.8624,5.2422
2786,stage2,1,0.28674647212028503,0.2445947825908661,0.0,0.28674647212028503,0.0001,1e-05,53.592,3.413,0.6649
2787,stage2,1,0.32101401686668396,0.25706756114959717,0.0,0.32101401686668396,0.0001,1e-05,53.599,3.5806,0.6657
2788,stage2,1,0.3006802499294281,0.24753621220588684,0.0,0.3006802499294281,0.0001,1e-05,53.601,3.4219,0.6664
2789,stage2,1,0.33840274810791016,0.25384846329689026,0.0,0.33840274810791016,0.0001,1e-05,53.613,3.8363,0.6673
2790,stage2,1,0.29961174726486206,0.23038995265960693,0.0,0.29961174726486206,0.0001,1e-05,53.597,3.366,0.6671
2791,stage2,1,0.3122599720954895,0.2637902796268463,0.0,0.3122599720954895,0.0001,1e-05,53.594,4.9812,0.6664
2792,stage2,1,0.25771453976631165,0.2470114827156067,0.0,0.25771453976631165,0.0001,1e-05,53.601,2.5318,0.6675
2793,stage2,1,0.27847519516944885,0.29015788435935974,0.0,0.27847519516944885,0.0001,1e-05,53.595,5.0898,4.8163
2794,stage2,1,0.27637985348701477,0.2629477083683014,0.0,0.27637985348701477,0.0001,1e-05,53.597,3.3333,0.6657
2795,stage2,1,0.32237136363983154,0.24603663384914398,0.0,0.32237136363983154,0.0001,1e-05,53.608,3.7357,0.6706
2796,stage2,1,0.26780545711517334,0.23250095546245575,0.0,0.26780545711517334,0.0001,1e-05,53.593,3.9604,0.666
2797,stage2,1,0.2959372103214264,0.24021072685718536,0.0,0.2959372103214264,0.0001,1e-05,53.592,4.2599,0.6673
2798,stage2,1,0.35614681243896484,0.290746808052063,0.0,0.35614681243896484,0.0001,1e-05,53.595,5.4647,0.6671
2799,stage2,1,0.28428003191947937,0.23053467273712158,0.0,0.28428003191947937,0.0001,1e-05,53.613,3.44,0.6681
2800,stage2,1,0.2765134274959564,0.2530982494354248,0.0,0.2765134274959564,0.0001,1e-05,53.6,4.7851,0.6689
2801,stage2,1,0.33113327622413635,0.25160881876945496,0.0,0.33113327622413635,0.0001,1e-05,53.591,3.9709,5.1674
2802,stage2,1,0.28190138936042786,0.2769635319709778,0.0,0.28190138936042786,0.0001,1e-05,53.603,4.1814,0.6664
2803,stage2,1,0.29748255014419556,0.25130829215049744,0.0,0.29748255014419556,0.0001,1e-05,53.594,6.0262,0.6668
2804,stage2,1,0.3184770345687866,0.27558597922325134,0.0,0.3184770345687866,0.0001,1e-05,53.6,4.1607,0.6666
2805,stage2,1,0.27573567628860474,0.24659931659698486,0.0,0.27573567628860474,0.0001,1e-05,53.609,3.553,0.667
2806,stage2,1,0.3197914958000183,0.2558537423610687,0.0,0.3197914958000183,0.0001,1e-05,53.6,5.444,0.6677
2807,stage2,1,0.2524804174900055,0.26750314235687256,0.0,0.2524804174900055,0.0001,1e-05,53.6,4.4668,0.6678
2808,stage2,1,0.30168160796165466,0.23287193477153778,0.0,0.30168160796165466,0.0001,1e-05,53.59,2.8077,0.6681
2809,stage2,1,0.28276529908180237,0.2595089077949524,0.0,0.28276529908180237,0.0001,1e-05,53.601,3.667,4.8723
2810,stage2,1,0.31593695282936096,0.24076998233795166,0.0,0.31593695282936096,0.0001,1e-05,53.596,5.2933,0.6683
2811,stage2,1,0.24763479828834534,0.2650826573371887,0.0,0.24763479828834534,0.0001,1e-05,53.605,3.7885,0.6659
2812,stage2,1,0.30249330401420593,0.24019554257392883,0.0,0.30249330401420593,0.0001,1e-05,53.593,3.6576,0.6667
2813,stage2,1,0.28919893503189087,0.26326000690460205,0.0,0.28919893503189087,0.0001,1e-05,53.601,4.0069,0.6665
2814,stage2,1,0.2832725942134857,0.2473250925540924,0.0,0.2832725942134857,0.0001,1e-05,53.599,3.149,0.6673
2815,stage2,1,0.2660364508628845,0.2637186050415039,0.0,0.2660364508628845,0.0001,1e-05,53.6,3.6653,0.6675
2816,stage2,1,0.27255499362945557,0.2621649503707886,0.0,0.27255499362945557,0.0001,1e-05,53.608,6.7542,0.6686
2817,stage2,1,0.24336741864681244,0.2513473331928253,0.0,0.24336741864681244,0.0001,1e-05,53.597,2.9415,4.887
2818,stage2,1,0.35309234261512756,0.2525215148925781,0.0,0.35309234261512756,0.0001,1e-05,53.597,4.5081,0.666
2819,stage2,1,0.2827634811401367,0.2622411251068115,0.0,0.2827634811401367,0.0001,1e-05,53.594,4.2192,0.6656
2820,stage2,1,0.28522002696990967,0.2543250024318695,0.0,0.28522002696990967,0.0001,1e-05,53.594,3.8763,0.6664
2821,stage2,1,0.27367502450942993,0.25330954790115356,0.0,0.27367502450942993,0.0001,1e-05,53.595,3.5414,0.6673
2822,stage2,1,0.27264121174812317,0.24580200016498566,0.0,0.27264121174812317,0.0001,1e-05,53.593,3.5106,0.6671
2823,stage2,1,0.32491984963417053,0.2749357223510742,0.0,0.32491984963417053,0.0001,1e-05,53.603,5.0482,0.6677
2824,stage2,1,0.289289265871048,0.26294267177581787,0.0,0.289289265871048,0.0001,1e-05,53.594,3.2391,0.6686
2825,stage2,1,0.30184581875801086,0.2668052613735199,0.0,0.30184581875801086,0.0001,1e-05,53.593,4.6602,4.8954
2826,stage2,1,0.3073892593383789,0.2698928415775299,0.0,0.3073892593383789,0.0001,1e-05,53.602,4.574,0.6656
2827,stage2,1,0.30680879950523376,0.2580660581588745,0.0,0.30680879950523376,0.0001,1e-05,53.61,4.8729,0.6705
2828,stage2,1,0.29370129108428955,0.2600820064544678,0.0,0.29370129108428955,0.0001,1e-05,53.609,4.7931,0.6671
2829,stage2,1,0.3185103237628937,0.23842747509479523,0.0,0.3185103237628937,0.0001,1e-05,53.601,4.5438,0.6671
2830,stage2,1,0.29428407549858093,0.27323898673057556,0.0,0.29428407549858093,0.0001,1e-05,53.599,4.0786,0.6681
2831,stage2,1,0.3082719147205353,0.27724823355674744,0.0,0.3082719147205353,0.0001,1e-05,53.603,3.9262,0.6677
2832,stage2,1,0.33126312494277954,0.2545308470726013,0.0,0.33126312494277954,0.0001,1e-05,53.597,5.3966,0.6693
2833,stage2,1,0.2875865697860718,0.22399917244911194,0.0,0.2875865697860718,0.0001,1e-05,53.607,3.4296,5.2679
2834,stage2,1,0.2637884020805359,0.23698966205120087,0.0,0.2637884020805359,0.0001,1e-05,53.614,3.9081,0.6655
2835,stage2,1,0.2815971076488495,0.2530094385147095,0.0,0.2815971076488495,0.0001,1e-05,53.608,4.9524,0.6684
2836,stage2,1,0.285642147064209,0.2749292552471161,0.0,0.285642147064209,0.0001,1e-05,53.608,3.9811,0.6669
2837,stage2,1,0.3113941550254822,0.24863670766353607,0.0,0.3113941550254822,0.0001,1e-05,53.621,5.1784,0.6663
2838,stage2,1,0.26902100443840027,0.23713330924510956,0.0,0.26902100443840027,0.0001,1e-05,53.614,3.0429,0.6677
2839,stage2,1,0.32610204815864563,0.26251453161239624,0.0,0.32610204815864563,0.0001,1e-05,53.611,5.0759,0.6675
2840,stage2,1,0.2864234149456024,0.2604612708091736,0.0,0.2864234149456024,0.0001,1e-05,53.598,4.7915,0.6678
2841,stage2,1,0.2781742215156555,0.2577733099460602,0.0,0.2781742215156555,0.0001,1e-05,53.602,4.8313,5.0227
2842,stage2,1,0.30423107743263245,0.23549939692020416,0.0,0.30423107743263245,0.0001,1e-05,53.605,4.6165,0.6654
2843,stage2,1,0.26121968030929565,0.25097349286079407,0.0,0.26121968030929565,0.0001,1e-05,53.613,3.16,0.6671
2844,stage2,1,0.30591100454330444,0.24591590464115143,0.0,0.30591100454330444,0.0001,1e-05,53.605,5.5575,0.667
2845,stage2,1,0.21557806432247162,0.2642310559749603,0.0,0.21557806432247162,0.0001,1e-05,53.609,2.8381,0.6754
2846,stage2,1,0.32265377044677734,0.2520393133163452,0.0,0.32265377044677734,0.0001,1e-05,53.604,3.8459,0.6663
2847,stage2,1,0.2809820771217346,0.23653067648410797,0.0,0.2809820771217346,0.0001,1e-05,53.597,4.2377,0.6683
2848,stage2,1,0.3077247142791748,0.2553171217441559,0.0,0.3077247142791748,0.0001,1e-05,53.594,3.2321,0.6675
2849,stage2,1,0.273435115814209,0.2642572224140167,0.0,0.273435115814209,0.0001,1e-05,53.601,4.0319,5.0548
2850,stage2,1,0.3053506314754486,0.261215478181839,0.0,0.3053506314754486,0.0001,1e-05,53.607,4.256,0.6664
2851,stage2,1,0.33779969811439514,0.23009127378463745,0.0,0.33779969811439514,0.0001,1e-05,53.606,2.9944,0.6672
2852,stage2,1,0.3141501545906067,0.23014654219150543,0.0,0.3141501545906067,0.0001,1e-05,53.601,3.6524,0.667
2853,stage2,1,0.29966866970062256,0.2741760015487671,0.0,0.29966866970062256,0.0001,1e-05,53.607,4.8313,0.6675
2854,stage2,1,0.2903985381126404,0.2808400094509125,0.0,0.2903985381126404,0.0001,1e-05,53.607,4.4375,0.6681
2855,stage2,1,0.3188108503818512,0.28624558448791504,0.0,0.3188108503818512,0.0001,1e-05,53.606,6.0699,0.6679
2856,stage2,1,0.29605066776275635,0.2656776010990143,0.0,0.29605066776275635,0.0001,1e-05,53.599,3.7836,0.6684
2857,stage2,1,0.29612603783607483,0.24138523638248444,0.0,0.29612603783607483,0.0001,1e-05,53.596,4.5784,4.7314
2858,stage2,1,0.23921389877796173,0.2302972972393036,0.0,0.23921389877796173,0.0001,1e-05,53.602,3.259,0.6657
2859,stage2,1,0.2590327858924866,0.24412313103675842,0.0,0.2590327858924866,0.0001,1e-05,53.613,3.8864,0.667
2860,stage2,1,0.29181820154190063,0.2340235710144043,0.0,0.29181820154190063,0.0001,1e-05,53.61,3.6663,0.6675
2861,stage2,1,0.2851625680923462,0.2678016722202301,0.0,0.2851625680923462,0.0001,1e-05,53.612,3.3165,0.6684
2862,stage2,1,0.3018598258495331,0.27554771304130554,0.0,0.3018598258495331,0.0001,1e-05,53.591,3.3112,0.669
2863,stage2,1,0.2840723693370819,0.24654227495193481,0.0,0.2840723693370819,0.0001,1e-05,53.61,4.1135,0.6681
2864,stage2,1,0.3087154030799866,0.24773980677127838,0.0,0.3087154030799866,0.0001,1e-05,53.603,9.6291,0.6689
2865,stage2,1,0.2949930727481842,0.22132287919521332,0.0,0.2949930727481842,0.0001,1e-05,53.604,3.0043,4.9955
2866,stage2,1,0.25405120849609375,0.2861565947532654,0.0,0.25405120849609375,0.0001,1e-05,53.605,3.9433,0.6672
2867,stage2,1,0.33127087354660034,0.25151872634887695,0.0,0.33127087354660034,0.0001,1e-05,53.604,5.8459,0.666
2868,stage2,1,0.31116408109664917,0.2271292805671692,0.0,0.31116408109664917,0.0001,1e-05,53.598,3.9901,0.6726
2869,stage2,1,0.3207765817642212,0.2703850567340851,0.0,0.3207765817642212,0.0001,1e-05,53.613,4.1549,0.6674
2870,stage2,1,0.35180971026420593,0.21759098768234253,0.0,0.35180971026420593,0.0001,1e-05,53.597,3.3817,0.6684
2871,stage2,1,0.336078941822052,0.2636995315551758,0.0,0.336078941822052,0.0001,1e-05,53.598,4.3786,0.6693
2872,stage2,1,0.2788558900356293,0.27527517080307007,0.0,0.2788558900356293,0.0001,1e-05,53.599,3.8447,0.6686
2873,stage2,1,0.3242306709289551,0.27374720573425293,0.0,0.3242306709289551,0.0001,1e-05,53.604,4.3295,4.6796
2874,stage2,1,0.2543717920780182,0.283758282661438,0.0,0.2543717920780182,0.0001,1e-05,53.6,4.764,0.6662
2875,stage2,1,0.2813836932182312,0.26380354166030884,0.0,0.2813836932182312,0.0001,1e-05,53.602,3.6091,0.667
2876,stage2,1,0.2762683928012848,0.22047117352485657,0.0,0.2762683928012848,0.0001,1e-05,53.602,2.8103,0.668
2877,stage2,1,0.2876201570034027,0.2822595536708832,0.0,0.2876201570034027,0.0001,1e-05,53.598,3.4966,0.6678
2878,stage2,1,0.30690422654151917,0.2820867896080017,0.0,0.30690422654151917,0.0001,1e-05,53.59,4.4377,0.6679
2879,stage2,1,0.2685593068599701,0.29133597016334534,0.0,0.2685593068599701,0.0001,1e-05,53.595,3.6179,0.668
2880,stage2,1,0.29315808415412903,0.2448618859052658,0.0,0.29315808415412903,0.0001,1e-05,53.603,3.4575,0.6686
2881,stage2,1,0.2810521125793457,0.29604947566986084,0.0,0.2810521125793457,0.0001,1e-05,53.595,3.397,4.9882
2882,stage2,1,0.2856474220752716,0.24616600573062897,0.0,0.2856474220752716,0.0001,1e-05,53.593,3.1912,0.6663
2883,stage2,1,0.3283565044403076,0.2372172623872757,0.0,0.3283565044403076,0.0001,1e-05,53.604,5.4137,0.6665
2884,stage2,1,0.29245293140411377,0.25790083408355713,0.0,0.29245293140411377,0.0001,1e-05,53.606,4.6719,0.6674
2885,stage2,1,0.31037935614585876,0.2387308031320572,0.0,0.31037935614585876,0.0001,1e-05,53.607,4.0212,0.6943
2886,stage2,1,0.31494760513305664,0.26028352975845337,0.0,0.31494760513305664,0.0001,1e-05,53.592,3.7623,0.6598
2887,stage2,1,0.301717072725296,0.277353972196579,0.0,0.301717072725296,0.0001,1e-05,53.603,3.4,0.6685
2888,stage2,1,0.28946158289909363,0.27376407384872437,0.0,0.28946158289909363,0.0001,1e-05,53.6,3.7669,0.6691
2889,stage2,1,0.2654200494289398,0.21476390957832336,0.0,0.2654200494289398,0.0001,1e-05,53.604,4.1995,4.9642
2890,stage2,1,0.30727502703666687,0.22153227031230927,0.0,0.30727502703666687,0.0001,1e-05,53.593,3.1452,0.6719
2891,stage2,1,0.3700205981731415,0.27735885977745056,0.0,0.3700205981731415,0.0001,1e-05,53.593,5.1662,0.6676
2892,stage2,1,0.28674548864364624,0.275029718875885,0.0,0.28674548864364624,0.0001,1e-05,53.599,4.2106,0.6676
2893,stage2,1,0.3210269510746002,0.21587181091308594,0.0,0.3210269510746002,0.0001,1e-05,53.597,4.0058,0.6672
2894,stage2,1,0.29875510931015015,0.2375282496213913,0.0,0.29875510931015015,0.0001,1e-05,53.593,4.6613,0.67
2895,stage2,1,0.2894986867904663,0.2808932662010193,0.0,0.2894986867904663,0.0001,1e-05,53.607,4.5327,0.6686
2896,stage2,1,0.2667325735092163,0.25658267736434937,0.0,0.2667325735092163,0.0001,1e-05,53.602,4.2729,0.6683
2897,stage2,1,0.32045143842697144,0.2344842404127121,0.0,0.32045143842697144,0.0001,1e-05,53.6,4.3267,4.8863
2898,stage2,1,0.3086276352405548,0.23988838493824005,0.0,0.3086276352405548,0.0001,1e-05,53.607,4.1278,0.6671
2899,stage2,1,0.31312015652656555,0.2787100672721863,0.0,0.31312015652656555,0.0001,1e-05,53.607,6.1846,0.6671
2900,stage2,1,0.293863981962204,0.28579723834991455,0.0,0.293863981962204,0.0001,1e-05,53.6,4.5006,0.6683
2901,stage2,1,0.296932190656662,0.298597127199173,0.0,0.296932190656662,0.0001,1e-05,53.602,4.7999,0.6676
2902,stage2,1,0.3065505027770996,0.25309112668037415,0.0,0.3065505027770996,0.0001,1e-05,53.605,6.1604,0.6676
2903,stage2,1,0.2678031921386719,0.29312899708747864,0.0,0.2678031921386719,0.0001,1e-05,53.6,5.3174,0.6682
2904,stage2,1,0.29224884510040283,0.2741304934024811,0.0,0.29224884510040283,0.0001,1e-05,53.594,4.8055,0.6686
2905,stage2,1,0.3040541410446167,0.26483669877052307,0.0,0.3040541410446167,0.0001,1e-05,53.604,3.7112,4.8036
2906,stage2,1,0.27468010783195496,0.24563877284526825,0.0,0.27468010783195496,0.0001,1e-05,53.6,3.2803,0.6654
2907,stage2,1,0.3274982273578644,0.2137024700641632,0.0,0.3274982273578644,0.0001,1e-05,53.592,3.3931,0.6719
2908,stage2,1,0.2800461947917938,0.2625262141227722,0.0,0.2800461947917938,0.0001,1e-05,53.603,4.2205,0.6673
2909,stage2,1,0.26605188846588135,0.2724085748195648,0.0,0.26605188846588135,0.0001,1e-05,53.606,4.3832,0.6668
2910,stage2,1,0.29576101899147034,0.2562576234340668,0.0,0.29576101899147034,0.0001,1e-05,53.605,3.442,0.6676
2911,stage2,1,0.3419506847858429,0.28666675090789795,0.0,0.3419506847858429,0.0001,1e-05,53.599,5.2686,0.6692
2912,stage2,1,0.2828584313392639,0.25373634696006775,0.0,0.2828584313392639,0.0001,1e-05,53.606,4.144,0.6682
2913,stage2,1,0.2851985692977905,0.31182751059532166,0.0,0.2851985692977905,0.0001,1e-05,53.599,5.2887,4.7652
2914,stage2,1,0.27074411511421204,0.27136683464050293,0.0,0.27074411511421204,0.0001,1e-05,53.602,4.8589,0.6658
2915,stage2,1,0.32826629281044006,0.2468414604663849,0.0,0.32826629281044006,0.0001,1e-05,53.608,4.2157,0.6714
2916,stage2,1,0.3202303946018219,0.24196495115756989,0.0,0.3202303946018219,0.0001,1e-05,53.603,3.8232,0.6673
2917,stage2,1,0.29629430174827576,0.261292427778244,0.0,0.29629430174827576,0.0001,1e-05,53.604,4.0516,0.6679
2918,stage2,1,0.27901896834373474,0.28808268904685974,0.0,0.27901896834373474,0.0001,1e-05,53.609,5.124,0.6774
2919,stage2,1,0.3418833315372467,0.2623664140701294,0.0,0.3418833315372467,0.0001,1e-05,53.604,4.2488,0.6614
2920,stage2,1,0.2586650848388672,0.27281081676483154,0.0,0.2586650848388672,0.0001,1e-05,53.596,4.5997,0.669
2921,stage2,1,0.3244459927082062,0.3113023042678833,0.0,0.3244459927082062,0.0001,1e-05,53.603,5.2843,5.7609
2922,stage2,1,0.2586711049079895,0.2809789180755615,0.0,0.2586711049079895,0.0001,1e-05,53.59,3.8572,0.6652
2923,stage2,1,0.3121000826358795,0.24965015053749084,0.0,0.3121000826358795,0.0001,1e-05,53.606,4.2846,0.6654
2924,stage2,1,0.27992430329322815,0.263150691986084,0.0,0.27992430329322815,0.0001,1e-05,53.599,5.0305,0.6655
2925,stage2,1,0.30622702836990356,0.24947980046272278,0.0,0.30622702836990356,0.0001,1e-05,53.596,3.9179,0.6666
2926,stage2,1,0.3243916630744934,0.2559661865234375,0.0,0.3243916630744934,0.0001,1e-05,53.601,5.0151,0.6692
2927,stage2,1,0.3324459493160248,0.2414761185646057,0.0,0.3324459493160248,0.0001,1e-05,53.601,3.7927,0.6671
2928,stage2,1,0.3188807964324951,0.2570488750934601,0.0,0.3188807964324951,0.0001,1e-05,53.593,4.3978,0.6674
2929,stage2,1,0.31517836451530457,0.23898999392986298,0.0,0.31517836451530457,0.0001,1e-05,53.585,4.4792,5.7258
2930,stage2,1,0.26915183663368225,0.25556808710098267,0.0,0.26915183663368225,0.0001,1e-05,53.605,3.8148,0.6648
2931,stage2,1,0.31058254837989807,0.24363882839679718,0.0,0.31058254837989807,0.0001,1e-05,53.59,4.6356,0.6651
2932,stage2,1,0.30962467193603516,0.24547496438026428,0.0,0.30962467193603516,0.0001,1e-05,53.594,3.9924,0.666
2933,stage2,1,0.31568506360054016,0.23353803157806396,0.0,0.31568506360054016,0.0001,1e-05,53.598,3.8813,0.6672
2934,stage2,1,0.29557859897613525,0.23025207221508026,0.0,0.29557859897613525,0.0001,1e-05,53.596,3.5314,0.6672
2935,stage2,1,0.2924555242061615,0.24477803707122803,0.0,0.2924555242061615,0.0001,1e-05,53.614,3.293,0.6672
2936,stage2,1,0.2693784832954407,0.2502373456954956,0.0,0.2693784832954407,0.0001,1e-05,53.601,3.9703,0.6679
2937,stage2,1,0.3048326373100281,0.2565310001373291,0.0,0.3048326373100281,0.0001,1e-05,53.616,4.3249,5.3741
2938,stage2,1,0.2550300061702728,0.24554164707660675,0.0,0.2550300061702728,0.0001,1e-05,53.6,3.7681,0.6652
2939,stage2,1,0.2988608181476593,0.2439863532781601,0.0,0.2988608181476593,0.0001,1e-05,53.61,5.3488,0.6663
2940,stage2,1,0.2952774167060852,0.25356340408325195,0.0,0.2952774167060852,0.0001,1e-05,53.605,4.3799,0.6676
2941,stage2,1,0.2857447862625122,0.23993143439292908,0.0,0.2857447862625122,0.0001,1e-05,53.599,4.5186,0.6672
2942,stage2,1,0.3272191882133484,0.25625085830688477,0.0,0.3272191882133484,0.0001,1e-05,53.6,3.9365,0.6674
2943,stage2,1,0.3061278164386749,0.2689797282218933,0.0,0.3061278164386749,0.0001,1e-05,53.599,5.8162,0.6683
2944,stage2,1,0.2571962773799896,0.24562877416610718,0.0,0.2571962773799896,0.0001,1e-05,53.597,3.7965,0.6676
2945,stage2,1,0.35995814204216003,0.2452886402606964,0.0,0.35995814204216003,0.0001,1e-05,53.611,3.6029,5.4096
2946,stage2,1,0.30016764998435974,0.27299267053604126,0.0,0.30016764998435974,0.0001,1e-05,53.597,4.3733,0.6653
2947,stage2,1,0.3105166554450989,0.22037652134895325,0.0,0.3105166554450989,0.0001,1e-05,53.6,3.6079,0.6707
2948,stage2,1,0.29585424065589905,0.261292964220047,0.0,0.29585424065589905,0.0001,1e-05,53.597,4.7157,0.6673
2949,stage2,1,0.27376508712768555,0.2558198571205139,0.0,0.27376508712768555,0.0001,1e-05,53.603,3.6728,0.6673
2950,stage2,1,0.29468801617622375,0.2063142955303192,0.0,0.29468801617622375,0.0001,1e-05,53.594,3.2856,0.6675
2951,stage2,1,0.25400227308273315,0.2723175883293152,0.0,0.25400227308273315,0.0001,1e-05,53.601,3.5847,0.6689
2952,stage2,1,0.24806663393974304,0.27361494302749634,0.0,0.24806663393974304,0.0001,1e-05,53.609,4.2956,0.6686
2953,stage2,1,0.27602022886276245,0.2467067688703537,0.0,0.27602022886276245,0.0001,1e-05,53.609,3.1781,5.2683
2954,stage2,1,0.29117006063461304,0.22811250388622284,0.0,0.29117006063461304,0.0001,1e-05,53.596,3.6854,0.6655
2955,stage2,1,0.3361574113368988,0.23511019349098206,0.0,0.3361574113368988,0.0001,1e-05,53.615,3.9691,0.6666
2956,stage2,1,0.270876407623291,0.25522881746292114,0.0,0.270876407623291,0.0001,1e-05,53.596,3.7635,0.6667
2957,stage2,1,0.29046201705932617,0.23423418402671814,0.0,0.29046201705932617,0.0001,1e-05,53.592,3.0138,0.6681
2958,stage2,1,0.28865036368370056,0.24694545567035675,0.0,0.28865036368370056,0.0001,1e-05,53.605,4.3933,0.6674
2959,stage2,1,0.3067561089992523,0.24072323739528656,0.0,0.3067561089992523,0.0001,1e-05,53.6,4.5146,0.6687
2960,stage2,1,0.2993510663509369,0.2430216372013092,0.0,0.2993510663509369,0.0001,1e-05,53.603,3.4194,0.6684
2961,stage2,1,0.24257253110408783,0.2504327595233917,0.0,0.24257253110408783,0.0001,1e-05,53.605,4.4394,4.8924
2962,stage2,1,0.35885852575302124,0.2922440469264984,0.0,0.35885852575302124,0.0001,1e-05,53.604,6.3456,0.666
2963,stage2,1,0.3187429904937744,0.23520347476005554,0.0,0.3187429904937744,0.0001,1e-05,53.601,5.5839,0.6662
2964,stage2,1,0.24671368300914764,0.2409209907054901,0.0,0.24671368300914764,0.0001,1e-05,53.599,4.9554,0.6674
2965,stage2,1,0.27945956587791443,0.2257641702890396,0.0,0.27945956587791443,0.0001,1e-05,53.604,4.1576,0.6674
2966,stage2,1,0.2983761131763458,0.22780247032642365,0.0,0.2983761131763458,0.0001,1e-05,53.593,3.7029,0.6672
2967,stage2,1,0.2842712700366974,0.24497836828231812,0.0,0.2842712700366974,0.0001,1e-05,53.601,5.967,0.6682
2968,stage2,1,0.30473247170448303,0.25411394238471985,0.0,0.30473247170448303,0.0001,1e-05,53.607,4.8119,0.6683
2969,stage2,1,0.3033243417739868,0.25878486037254333,0.0,0.3033243417739868,0.0001,1e-05,53.605,4.8242,4.9875
2970,stage2,1,0.2745712399482727,0.25289469957351685,0.0,0.2745712399482727,0.0001,1e-05,53.61,4.3984,0.6666
2971,stage2,1,0.3058609366416931,0.2873464822769165,0.0,0.3058609366416931,0.0001,1e-05,53.605,5.2628,0.6663
2972,stage2,1,0.26829248666763306,0.2373560518026352,0.0,0.26829248666763306,0.0001,1e-05,53.602,4.2942,0.6677
2973,stage2,1,0.26777735352516174,0.21511633694171906,0.0,0.26777735352516174,0.0001,1e-05,53.607,4.3364,0.6673
2974,stage2,1,0.28445422649383545,0.24822142720222473,0.0,0.28445422649383545,0.0001,1e-05,53.604,4.8656,0.6675
2975,stage2,1,0.2406429797410965,0.26572364568710327,0.0,0.2406429797410965,0.0001,1e-05,53.598,4.7654,0.6683
2976,stage2,1,0.27073103189468384,0.2459193617105484,0.0,0.27073103189468384,0.0001,1e-05,53.6,3.7761,0.6683
2977,stage2,1,0.2585974335670471,0.26781588792800903,0.0,0.2585974335670471,0.0001,1e-05,53.602,3.757,5.2001
2978,stage2,1,0.2587597668170929,0.2485847920179367,0.0,0.2587597668170929,0.0001,1e-05,53.601,3.9556,0.669
2979,stage2,1,0.3218282461166382,0.23561345040798187,0.0,0.3218282461166382,0.0001,1e-05,53.595,3.9274,0.6664
2980,stage2,1,0.30264535546302795,0.2530198097229004,0.0,0.30264535546302795,0.0001,1e-05,53.591,5.1456,0.6672
2981,stage2,1,0.2984403967857361,0.24728527665138245,0.0,0.2984403967857361,0.0001,1e-05,53.598,3.637,0.6671
2982,stage2,1,0.2959703207015991,0.2547605335712433,0.0,0.2959703207015991,0.0001,1e-05,53.595,4.732,0.6679
2983,stage2,1,0.2723209857940674,0.2652387320995331,0.0,0.2723209857940674,0.0001,1e-05,53.609,6.0624,0.6676
2984,stage2,1,0.25760459899902344,0.23414909839630127,0.0,0.25760459899902344,0.0001,1e-05,53.598,3.5188,0.6689
2985,stage2,1,0.2754598557949066,0.25006282329559326,0.0,0.2754598557949066,0.0001,1e-05,53.605,3.7774,4.9301
2986,stage2,1,0.34834396839141846,0.2601478695869446,0.0,0.34834396839141846,0.0001,1e-05,53.594,6.5318,0.6671
2987,stage2,1,0.2690017521381378,0.2709351181983948,0.0,0.2690017521381378,0.0001,1e-05,53.615,3.9041,0.6666
2988,stage2,1,0.2855520248413086,0.2396842986345291,0.0,0.2855520248413086,0.0001,1e-05,53.606,3.7299,0.6676
2989,stage2,1,0.33750322461128235,0.23261994123458862,0.0,0.33750322461128235,0.0001,1e-05,53.606,4.2932,0.6682
2990,stage2,1,0.2662578821182251,0.2713862359523773,0.0,0.2662578821182251,0.0001,1e-05,53.599,3.8014,0.6683
2991,stage2,1,0.2679406702518463,0.25179868936538696,0.0,0.2679406702518463,0.0001,1e-05,53.591,3.4503,0.67
2992,stage2,1,0.2642780840396881,0.24151700735092163,0.0,0.2642780840396881,0.0001,1e-05,53.599,3.6261,0.6688
2993,stage2,1,0.25610849261283875,0.23786239326000214,0.0,0.25610849261283875,0.0001,1e-05,53.605,2.8215,5.6639
2994,stage2,1,0.26239168643951416,0.2577613592147827,0.0,0.26239168643951416,0.0001,1e-05,53.602,3.5331,0.6654
2995,stage2,1,0.2818107306957245,0.25441813468933105,0.0,0.2818107306957245,0.0001,1e-05,53.598,4.3576,0.6663
2996,stage2,1,0.28037992119789124,0.25732648372650146,0.0,0.28037992119789124,0.0001,1e-05,53.612,4.0501,0.667
2997,stage2,1,0.2963566482067108,0.22958651185035706,0.0,0.2963566482067108,0.0001,1e-05,53.612,4.6267,0.6671
2998,stage2,1,0.29541438817977905,0.25138533115386963,0.0,0.29541438817977905,0.0001,1e-05,53.604,3.9333,0.6669
2999,stage2,1,0.2968749403953552,0.2793484628200531,0.0,0.2968749403953552,0.0001,1e-05,53.603,4.7622,0.669
3000,stage2,1,0.25326007604599,0.26112815737724304,0.0,0.25326007604599,0.0001,1e-05,53.593,3.6295,0.6727
3001,stage2,1,0.25181159377098083,0.2662881314754486,0.0,0.25181159377098083,0.0001,1e-05,53.601,3.6778,5.9797
3002,stage2,1,0.2503482699394226,0.2586374878883362,0.0,0.2503482699394226,0.0001,1e-05,53.601,3.0836,0.6655
3003,stage2,1,0.3008281886577606,0.2817891538143158,0.0,0.3008281886577606,0.0001,1e-05,53.598,4.9624,0.6664
3004,stage2,1,0.2672633230686188,0.2254074513912201,0.0,0.2672633230686188,0.0001,1e-05,53.601,4.3927,0.6671
3005,stage2,1,0.28436166048049927,0.24204999208450317,0.0,0.28436166048049927,0.0001,1e-05,53.596,4.4938,0.667
3006,stage2,1,0.3071141242980957,0.25466156005859375,0.0,0.3071141242980957,0.0001,1e-05,53.613,5.1553,0.6675
3007,stage2,1,0.2637123167514801,0.28137415647506714,0.0,0.2637123167514801,0.0001,1e-05,53.608,4.4285,0.668
3008,stage2,1,0.28589028120040894,0.2567545175552368,0.0,0.28589028120040894,0.0001,1e-05,53.611,3.9085,0.6688
3009,stage2,1,0.23846222460269928,0.2463192343711853,0.0,0.23846222460269928,0.0001,1e-05,53.596,3.4163,5.7478
3010,stage2,1,0.27092477679252625,0.24872291088104248,0.0,0.27092477679252625,0.0001,1e-05,53.608,3.5587,0.6661
3011,stage2,1,0.2998170852661133,0.20546694099903107,0.0,0.2998170852661133,0.0001,1e-05,53.613,3.7263,0.6663
3012,stage2,1,0.2906385660171509,0.2177760750055313,0.0,0.2906385660171509,0.0001,1e-05,53.613,3.6647,0.6668
3013,stage2,1,0.298275887966156,0.24050404131412506,0.0,0.298275887966156,0.0001,1e-05,53.61,4.657,0.6671
3014,stage2,1,0.27172356843948364,0.25804999470710754,0.0,0.27172356843948364,0.0001,1e-05,53.608,4.6275,0.6673
3015,stage2,1,0.2643680274486542,0.254599392414093,0.0,0.2643680274486542,0.0001,1e-05,53.601,4.7979,0.6676
3016,stage2,1,0.28295230865478516,0.2615503966808319,0.0,0.28295230865478516,0.0001,1e-05,53.603,3.8004,0.6671
3017,stage2,1,0.24922025203704834,0.24729172885417938,0.0,0.24922025203704834,0.0001,1e-05,53.602,3.0602,4.865
3018,stage2,1,0.24962268769741058,0.25127390027046204,0.0,0.24962268769741058,0.0001,1e-05,53.608,5.9773,0.665
3019,stage2,1,0.2857955992221832,0.24962052702903748,0.0,0.2857955992221832,0.0001,1e-05,53.609,3.8701,0.6651
3020,stage2,1,0.3056026101112366,0.3014162480831146,0.0,0.3056026101112366,0.0001,1e-05,53.598,4.3673,0.6665
3021,stage2,1,0.2672819495201111,0.23538342118263245,0.0,0.2672819495201111,0.0001,1e-05,53.599,4.5365,0.6667
3022,stage2,1,0.2340293675661087,0.26971009373664856,0.0,0.2340293675661087,0.0001,1e-05,53.612,4.8236,0.6667
3023,stage2,1,0.25503820180892944,0.23476260900497437,0.0,0.25503820180892944,0.0001,1e-05,53.614,3.7472,0.6669
3024,stage2,1,0.2588244676589966,0.24889157712459564,0.0,0.2588244676589966,0.0001,1e-05,53.603,4.1918,0.6676
3025,stage2,1,0.31303519010543823,0.22166678309440613,0.0,0.31303519010543823,0.0001,1e-05,53.606,4.2392,4.5074
3026,stage2,1,0.24167375266551971,0.23775070905685425,0.0,0.24167375266551971,0.0001,1e-05,53.612,3.6907,0.6664
3027,stage2,1,0.28084757924079895,0.1956523209810257,0.0,0.28084757924079895,0.0001,1e-05,53.606,2.7125,0.667
3028,stage2,1,0.2947516441345215,0.23182515799999237,0.0,0.2947516441345215,0.0001,1e-05,53.612,4.6757,0.6678
3029,stage2,1,0.303368479013443,0.260637104511261,0.0,0.303368479013443,0.0001,1e-05,53.617,5.8912,0.6687
3030,stage2,1,0.33281049132347107,0.21994146704673767,0.0,0.33281049132347107,0.0001,1e-05,53.598,3.8539,0.6679
3031,stage2,1,0.252094030380249,0.25165390968322754,0.0,0.252094030380249,0.0001,1e-05,53.614,4.3848,0.6687
3032,stage2,1,0.29862600564956665,0.23150759935379028,0.0,0.29862600564956665,0.0001,1e-05,53.608,3.8228,0.6682
3033,stage2,1,0.27917203307151794,0.28589749336242676,0.0,0.27917203307151794,0.0001,1e-05,53.597,3.5354,5.0149
3034,stage2,1,0.251259982585907,0.22258202731609344,0.0,0.251259982585907,0.0001,1e-05,53.603,3.3453,0.6664
3035,stage2,1,0.28766968846321106,0.2538183033466339,0.0,0.28766968846321106,0.0001,1e-05,53.597,5.1025,0.6663
3036,stage2,1,0.27154743671417236,0.2507179379463196,0.0,0.27154743671417236,0.0001,1e-05,53.597,3.9516,0.6682
3037,stage2,1,0.29220688343048096,0.2620890736579895,0.0,0.29220688343048096,0.0001,1e-05,53.6,4.3002,0.6682
3038,stage2,1,0.29204264283180237,0.27383121848106384,0.0,0.29204264283180237,0.0001,1e-05,53.6,3.8608,0.6691
3039,stage2,1,0.2689483165740967,0.2356703281402588,0.0,0.2689483165740967,0.0001,1e-05,53.606,3.81,0.6685
3040,stage2,1,0.32097911834716797,0.22532549500465393,0.0,0.32097911834716797,0.0001,1e-05,53.599,3.667,0.669
3041,stage2,1,0.2869350016117096,0.23945409059524536,0.0,0.2869350016117096,0.0001,1e-05,53.603,4.5125,4.9581
3042,stage2,1,0.2623272240161896,0.26387855410575867,0.0,0.2623272240161896,0.0001,1e-05,53.597,4.0958,0.6662
3043,stage2,1,0.31403884291648865,0.24392764270305634,0.0,0.31403884291648865,0.0001,1e-05,53.591,3.49,0.6664
3044,stage2,1,0.24927932024002075,0.2734360992908478,0.0,0.24927932024002075,0.0001,1e-05,53.607,4.6608,0.6677
3045,stage2,1,0.2602202594280243,0.2580232620239258,0.0,0.2602202594280243,0.0001,1e-05,53.602,5.2402,0.6685
3046,stage2,1,0.28275808691978455,0.2615625262260437,0.0,0.28275808691978455,0.0001,1e-05,53.592,4.5029,0.671
3047,stage2,1,0.27526718378067017,0.2543407380580902,0.0,0.27526718378067017,0.0001,1e-05,53.597,4.8205,0.6672
3048,stage2,1,0.284714013338089,0.2673174738883972,0.0,0.284714013338089,0.0001,1e-05,53.591,4.3627,0.6684
3049,stage2,1,0.2426624447107315,0.22796308994293213,0.0,0.2426624447107315,0.0001,1e-05,53.603,3.9083,4.7337
3050,stage2,1,0.2908736765384674,0.23575343191623688,0.0,0.2908736765384674,0.0001,1e-05,53.601,4.5257,0.6673
3051,stage2,1,0.29048240184783936,0.24100975692272186,0.0,0.29048240184783936,0.0001,1e-05,53.593,5.9311,0.6671
3052,stage2,1,0.3023698925971985,0.27130645513534546,0.0,0.3023698925971985,0.0001,1e-05,53.593,4.91,0.6677
3053,stage2,1,0.2622283101081848,0.25354403257369995,0.0,0.2622283101081848,0.0001,1e-05,53.594,4.1112,0.6688
3054,stage2,1,0.24996808171272278,0.2616496682167053,0.0,0.24996808171272278,0.0001,1e-05,53.594,4.8334,0.6702
3055,stage2,1,0.3070839047431946,0.24263715744018555,0.0,0.3070839047431946,0.0001,1e-05,53.603,4.8709,0.6735
3056,stage2,1,0.2693873643875122,0.2288934588432312,0.0,0.2693873643875122,0.0001,1e-05,53.61,3.1692,0.6691
3057,stage2,1,0.2740590572357178,0.2448546141386032,0.0,0.2740590572357178,0.0001,1e-05,53.611,4.8035,4.6618
3058,stage2,1,0.25181105732917786,0.23117642104625702,0.0,0.25181105732917786,0.0001,1e-05,53.603,3.5846,0.6719
3059,stage2,1,0.29241684079170227,0.22001639008522034,0.0,0.29241684079170227,0.0001,1e-05,53.61,3.9903,0.6675
3060,stage2,1,0.2651046812534332,0.2619689702987671,0.0,0.2651046812534332,0.0001,1e-05,53.606,4.3802,0.6679
3061,stage2,1,0.23932667076587677,0.26687517762184143,0.0,0.23932667076587677,0.0001,1e-05,53.607,3.8155,0.6678
3062,stage2,1,0.2542493939399719,0.2628391981124878,0.0,0.2542493939399719,0.0001,1e-05,53.609,5.2457,0.6685
3063,stage2,1,0.29364529252052307,0.23525351285934448,0.0,0.29364529252052307,0.0001,1e-05,53.606,3.7354,0.6691
3064,stage2,1,0.2900494635105133,0.24930109083652496,0.0,0.2900494635105133,0.0001,1e-05,53.599,5.1517,0.6696
3065,stage2,1,0.23041611909866333,0.25415360927581787,0.0,0.23041611909866333,0.0001,1e-05,53.609,3.3496,5.5029
3066,stage2,1,0.26223838329315186,0.26162078976631165,0.0,0.26223838329315186,0.0001,1e-05,53.6,3.6533,0.6667
3067,stage2,1,0.22861023247241974,0.24912159144878387,0.0,0.22861023247241974,0.0001,1e-05,53.592,3.8628,0.6673
3068,stage2,1,0.25231918692588806,0.26416754722595215,0.0,0.25231918692588806,0.0001,1e-05,53.6,3.8519,0.6675
3069,stage2,1,0.2942698001861572,0.21925003826618195,0.0,0.2942698001861572,0.0001,1e-05,53.599,3.9605,0.6686
3070,stage2,1,0.241342693567276,0.27756258845329285,0.0,0.241342693567276,0.0001,1e-05,53.608,4.5323,0.669
3071,stage2,1,0.23266912996768951,0.25467902421951294,0.0,0.23266912996768951,0.0001,1e-05,53.592,3.6329,0.6703
3072,stage2,1,0.24185413122177124,0.27395862340927124,0.0,0.24185413122177124,0.0001,1e-05,53.595,3.7641,0.6687
3073,stage2,1,0.28512439131736755,0.23458652198314667,0.0,0.28512439131736755,0.0001,1e-05,53.598,3.6334,4.7117
3074,stage2,1,0.27765920758247375,0.2823333442211151,0.0,0.27765920758247375,0.0001,1e-05,53.606,4.3434,0.6664
3075,stage2,1,0.2462051808834076,0.2697533071041107,0.0,0.2462051808834076,0.0001,1e-05,53.603,4.2976,0.6674
3076,stage2,1,0.27868738770484924,0.2328578382730484,0.0,0.27868738770484924,0.0001,1e-05,53.601,5.0749,0.6676
3077,stage2,1,0.2765858769416809,0.25166642665863037,0.0,0.2765858769416809,0.0001,1e-05,53.6,3.4702,0.668
3078,stage2,1,0.26081743836402893,0.26144319772720337,0.0,0.26081743836402893,0.0001,1e-05,53.593,6.0855,0.669
3079,stage2,1,0.2615174949169159,0.25636422634124756,0.0,0.2615174949169159,0.0001,1e-05,53.597,6.0703,0.6748
3080,stage2,1,0.24849002063274384,0.22785015404224396,0.0,0.24849002063274384,0.0001,1e-05,53.597,3.6506,0.6685
3081,stage2,1,0.2749335467815399,0.2721170485019684,0.0,0.2749335467815399,0.0001,1e-05,53.582,4.5517,4.8483
3082,stage2,1,0.2852323651313782,0.2502865791320801,0.0,0.2852323651313782,0.0001,1e-05,53.6,4.4644,0.6671
3083,stage2,1,0.22448626160621643,0.27681174874305725,0.0,0.22448626160621643,0.0001,1e-05,53.595,4.4784,0.6664
3084,stage2,1,0.26100417971611023,0.2438150942325592,0.0,0.26100417971611023,0.0001,1e-05,53.591,4.0783,0.6678
3085,stage2,1,0.28215935826301575,0.2560220956802368,0.0,0.28215935826301575,0.0001,1e-05,53.597,4.6293,0.6685
3086,stage2,1,0.2676153779029846,0.2425239235162735,0.0,0.2676153779029846,0.0001,1e-05,53.602,3.3566,0.6683
3087,stage2,1,0.234262615442276,0.26844125986099243,0.0,0.234262615442276,0.0001,1e-05,53.601,5.0028,0.6688
3088,stage2,1,0.2529655396938324,0.23555506765842438,0.0,0.2529655396938324,0.0001,1e-05,53.606,4.5479,0.6693
3089,stage2,1,0.28010085225105286,0.2309800535440445,0.0,0.28010085225105286,0.0001,1e-05,53.605,4.5023,4.9785
3090,stage2,1,0.26555484533309937,0.2470143586397171,0.0,0.26555484533309937,0.0001,1e-05,53.599,3.2692,0.6701
3091,stage2,1,0.2854020595550537,0.25352150201797485,0.0,0.2854020595550537,0.0001,1e-05,53.608,5.3223,0.6675
3092,stage2,1,0.2677145302295685,0.24518153071403503,0.0,0.2677145302295685,0.0001,1e-05,53.608,5.4029,0.6685
3093,stage2,1,0.256633460521698,0.2259884476661682,0.0,0.256633460521698,0.0001,1e-05,53.605,3.2335,0.6691
3094,stage2,1,0.2992097735404968,0.2443878948688507,0.0,0.2992097735404968,0.0001,1e-05,53.606,5.8751,0.6686
3095,stage2,1,0.3049909174442291,0.2459452897310257,0.0,0.3049909174442291,0.0001,1e-05,53.601,4.5476,0.6697
3096,stage2,1,0.26527076959609985,0.23668436706066132,0.0,0.26527076959609985,0.0001,1e-05,53.612,3.5342,0.6715
3097,stage2,1,0.292661190032959,0.22641609609127045,0.0,0.292661190032959,0.0001,1e-05,53.61,4.1949,4.8214
3098,stage2,1,0.2871403694152832,0.2528262734413147,0.0,0.2871403694152832,0.0001,1e-05,53.607,4.0985,0.6667
3099,stage2,1,0.2415376752614975,0.24455194175243378,0.0,0.2415376752614975,0.0001,1e-05,53.6,4.6759,0.6676
3100,stage2,1,0.2975190579891205,0.2820640504360199,0.0,0.2975190579891205,0.0001,1e-05,53.609,4.2348,0.6676
3101,stage2,1,0.2895791828632355,0.23689734935760498,0.0,0.2895791828632355,0.0001,1e-05,53.604,5.2466,0.6685
3102,stage2,1,0.24234221875667572,0.24407760798931122,0.0,0.24234221875667572,0.0001,1e-05,53.607,3.8505,0.6684
3103,stage2,1,0.24814194440841675,0.2685241103172302,0.0,0.24814194440841675,0.0001,1e-05,53.606,4.6419,0.6682
3104,stage2,1,0.3281542658805847,0.23696625232696533,0.0,0.3281542658805847,0.0001,1e-05,53.612,4.2036,0.6687
3105,stage2,1,0.2488008588552475,0.24613454937934875,0.0,0.2488008588552475,0.0001,1e-05,53.597,3.7217,4.8976
3106,stage2,1,0.31139224767684937,0.26108288764953613,0.0,0.31139224767684937,0.0001,1e-05,53.597,4.6441,0.6711
3107,stage2,1,0.27461129426956177,0.24029836058616638,0.0,0.27461129426956177,0.0001,1e-05,53.611,4.1018,0.667
3108,stage2,1,0.2546822428703308,0.23972280323505402,0.0,0.2546822428703308,0.0001,1e-05,53.606,3.7411,0.6681
3109,stage2,1,0.3032231032848358,0.22906234860420227,0.0,0.3032231032848358,0.0001,1e-05,53.608,5.7511,0.668
3110,stage2,1,0.29275164008140564,0.25113600492477417,0.0,0.29275164008140564,0.0001,1e-05,53.617,5.8881,0.6687
3111,stage2,1,0.32296863198280334,0.2283504158258438,0.0,0.32296863198280334,0.0001,1e-05,53.603,4.3012,0.6692
3112,stage2,1,0.30690351128578186,0.20799072086811066,0.0,0.30690351128578186,0.0001,1e-05,53.603,3.7322,0.6694
3113,stage2,1,0.29047176241874695,0.24126429855823517,0.0,0.29047176241874695,0.0001,1e-05,53.608,4.4413,4.8865
3114,stage2,1,0.2551610767841339,0.2713771164417267,0.0,0.2551610767841339,0.0001,1e-05,53.598,4.8149,0.667
3115,stage2,1,0.26009324193000793,0.26462751626968384,0.0,0.26009324193000793,0.0001,1e-05,53.614,4.2672,0.6668
3116,stage2,1,0.29350945353507996,0.2750433087348938,0.0,0.29350945353507996,0.0001,1e-05,53.597,5.8273,0.6691
3117,stage2,1,0.2799217700958252,0.28147658705711365,0.0,0.2799217700958252,0.0001,1e-05,53.602,5.603,0.6695
3118,stage2,1,0.2743178904056549,0.24754159152507782,0.0,0.2743178904056549,0.0001,1e-05,53.598,4.8457,0.6704
3119,stage2,1,0.2797815501689911,0.2928291857242584,0.0,0.2797815501689911,0.0001,1e-05,53.605,4.1084,0.6686
3120,stage2,1,0.29378458857536316,0.2501412630081177,0.0,0.29378458857536316,0.0001,1e-05,53.608,4.6265,0.6686
3121,stage2,1,0.29640570282936096,0.21638745069503784,0.0,0.29640570282936096,0.0001,1e-05,53.607,3.9799,4.8709
3122,stage2,1,0.3012138903141022,0.231271430850029,0.0,0.3012138903141022,0.0001,1e-05,53.599,3.9106,0.6657
3123,stage2,1,0.3048502206802368,0.25934284925460815,0.0,0.3048502206802368,0.0001,1e-05,53.602,4.5032,0.6676
3124,stage2,1,0.2731263041496277,0.24121694266796112,0.0,0.2731263041496277,0.0001,1e-05,53.593,4.6321,0.6675
3125,stage2,1,0.2482738345861435,0.26992860436439514,0.0,0.2482738345861435,0.0001,1e-05,53.604,4.4159,0.6682
3126,stage2,1,0.2795877456665039,0.2575720250606537,0.0,0.2795877456665039,0.0001,1e-05,53.608,6.5625,0.6683
3127,stage2,1,0.30689021944999695,0.2549467384815216,0.0,0.30689021944999695,0.0001,1e-05,53.603,4.0266,0.6691
3128,stage2,1,0.3007360100746155,0.2576163113117218,0.0,0.3007360100746155,0.0001,1e-05,53.609,4.3325,0.6696
3129,stage2,1,0.30875593423843384,0.24157662689685822,0.0,0.30875593423843384,0.0001,1e-05,53.611,3.6142,4.8442
3130,stage2,1,0.30911391973495483,0.2555398941040039,0.0,0.30911391973495483,0.0001,1e-05,53.609,8.1675,0.667
3131,stage2,1,0.25727608799934387,0.2575097680091858,0.0,0.25727608799934387,0.0001,1e-05,53.601,5.3215,0.6675
3132,stage2,1,0.29323288798332214,0.2673039734363556,0.0,0.29323288798332214,0.0001,1e-05,53.606,4.6079,0.668
3133,stage2,1,0.25486043095588684,0.2534799873828888,0.0,0.25486043095588684,0.0001,1e-05,53.604,3.7358,0.6697
3134,stage2,1,0.27700114250183105,0.27307042479515076,0.0,0.27700114250183105,0.0001,1e-05,53.588,4.592,0.6696
3135,stage2,1,0.3078734278678894,0.2628616988658905,0.0,0.3078734278678894,0.0001,1e-05,53.598,4.9651,0.6694
3136,stage2,1,0.2502593994140625,0.24089980125427246,0.0,0.2502593994140625,0.0001,1e-05,53.605,5.2825,0.6695
3137,stage2,1,0.2639863193035126,0.24416735768318176,0.0,0.2639863193035126,0.0001,1e-05,53.602,4.3644,4.4913
3138,stage2,1,0.2919835150241852,0.2109748125076294,0.0,0.2919835150241852,0.0001,1e-05,53.617,4.8167,0.6702
3139,stage2,1,0.28799617290496826,0.21614189445972443,0.0,0.28799617290496826,0.0001,1e-05,53.617,3.6195,0.6655
3140,stage2,1,0.2628200352191925,0.2608869969844818,0.0,0.2628200352191925,0.0001,1e-05,53.601,4.9498,0.668
3141,stage2,1,0.3274327516555786,0.23816071450710297,0.0,0.3274327516555786,0.0001,1e-05,53.606,4.3462,0.6684
3142,stage2,1,0.30635491013526917,0.27560558915138245,0.0,0.30635491013526917,0.0001,1e-05,53.604,4.9822,0.67
3143,stage2,1,0.28923118114471436,0.2654561400413513,0.0,0.28923118114471436,0.0001,1e-05,53.595,5.4286,0.6696
3144,stage2,1,0.2862987816333771,0.23219561576843262,0.0,0.2862987816333771,0.0001,1e-05,53.603,5.0708,0.6688
3145,stage2,1,0.28968533873558044,0.21795131266117096,0.0,0.28968533873558044,0.0001,1e-05,53.6,3.7425,4.5902
3146,stage2,1,0.3138006031513214,0.23486743867397308,0.0,0.3138006031513214,0.0001,1e-05,53.604,4.7806,0.6662
3147,stage2,1,0.24263408780097961,0.2536148726940155,0.0,0.24263408780097961,0.0001,1e-05,53.6,3.9897,0.6682
3148,stage2,1,0.3043179214000702,0.2786077558994293,0.0,0.3043179214000702,0.0001,1e-05,53.597,5.7848,0.669
3149,stage2,1,0.31419315934181213,0.20219311118125916,0.0,0.31419315934181213,0.0001,1e-05,53.594,4.6617,1.1154
3150,stage2,1,0.28417715430259705,0.2550368010997772,0.0,0.28417715430259705,0.0001,1e-05,53.605,6.1996,0.669
3151,stage2,1,0.2625114619731903,0.2628992795944214,0.0,0.2625114619731903,0.0001,1e-05,53.605,4.5636,0.6697
3152,stage2,1,0.2973679304122925,0.24820315837860107,0.0,0.2973679304122925,0.0001,1e-05,53.6,5.5263,0.6699
3153,stage2,1,0.26772478222846985,0.2701581120491028,0.0,0.26772478222846985,0.0001,1e-05,53.605,5.8254,4.3873
3154,stage2,1,0.30797213315963745,0.25686535239219666,0.0,0.30797213315963745,0.0001,1e-05,53.587,6.3436,0.6676
3155,stage2,1,0.3279052674770355,0.22511813044548035,0.0,0.3279052674770355,0.0001,1e-05,53.6,4.0646,0.6675
3156,stage2,1,0.2658144533634186,0.2360500693321228,0.0,0.2658144533634186,0.0001,1e-05,53.597,4.4013,0.6686
3157,stage2,1,0.28020691871643066,0.22541500627994537,0.0,0.28020691871643066,0.0001,1e-05,53.598,5.0065,1.3131
3158,stage2,1,0.2658560574054718,0.2597709894180298,0.0,0.2658560574054718,0.0001,1e-05,53.59,5.2606,0.6686
3159,stage2,1,0.241251602768898,0.2716009020805359,0.0,0.241251602768898,0.0001,1e-05,53.608,4.159,0.6697
3160,stage2,1,0.2848397195339203,0.2391613870859146,0.0,0.2848397195339203,0.0001,1e-05,53.599,4.4798,0.6692
3161,stage2,1,0.2798123061656952,0.2343628704547882,0.0,0.2798123061656952,0.0001,1e-05,53.604,5.4109,4.4109
3162,stage2,1,0.2763945758342743,0.22557006776332855,0.0,0.2763945758342743,0.0001,1e-05,53.605,3.717,0.6672
3163,stage2,1,0.28387388586997986,0.22150462865829468,0.0,0.28387388586997986,0.0001,1e-05,53.601,3.7357,0.6674
3164,stage2,1,0.27502673864364624,0.23890985548496246,0.0,0.27502673864364624,0.0001,1e-05,53.604,4.0519,0.6689
3165,stage2,1,0.24655476212501526,0.25299471616744995,0.0,0.24655476212501526,0.0001,1e-05,53.601,4.0383,0.9037
3166,stage2,1,0.2460542768239975,0.23960690200328827,0.0,0.2460542768239975,0.0001,1e-05,53.602,3.7466,0.6685
3167,stage2,1,0.2869991660118103,0.2504254877567291,0.0,0.2869991660118103,0.0001,1e-05,53.598,4.0909,0.6697
3168,stage2,1,0.26653993129730225,0.25391876697540283,0.0,0.26653993129730225,0.0001,1e-05,53.595,4.0977,0.67
3169,stage2,1,0.3005586862564087,0.23836219310760498,0.0,0.3005586862564087,0.0001,1e-05,53.601,7.6132,4.611
3170,stage2,1,0.24690063297748566,0.23740270733833313,0.0,0.24690063297748566,0.0001,1e-05,53.612,3.4118,0.6676
3171,stage2,1,0.23037835955619812,0.23727518320083618,0.0,0.23037835955619812,0.0001,1e-05,53.6,3.825,0.6681
3172,stage2,1,0.2988346815109253,0.24551571905612946,0.0,0.2988346815109253,0.0001,1e-05,53.614,3.3735,0.6684
3173,stage2,1,0.2677361071109772,0.23240269720554352,0.0,0.2677361071109772,0.0001,1e-05,53.597,3.5446,1.0338
3174,stage2,1,0.2776564955711365,0.24224357306957245,0.0,0.2776564955711365,0.0001,1e-05,53.612,4.5169,0.6695
3175,stage2,1,0.2547171711921692,0.2457144856452942,0.0,0.2547171711921692,0.0001,1e-05,53.606,4.2407,0.6699
3176,stage2,1,0.3007141649723053,0.22162766754627228,0.0,0.3007141649723053,0.0001,1e-05,53.604,3.5243,0.6701
3177,stage2,1,0.30336275696754456,0.2368002086877823,0.0,0.30336275696754456,0.0001,1e-05,53.597,4.5628,4.4874
3178,stage2,1,0.2762521207332611,0.23748445510864258,0.0,0.2762521207332611,0.0001,1e-05,53.603,5.7038,0.6672
3179,stage2,1,0.24373069405555725,0.24787713587284088,0.0,0.24373069405555725,0.0001,1e-05,53.603,4.146,0.6688
3180,stage2,1,0.28335443139076233,0.21852163970470428,0.0,0.28335443139076233,0.0001,1e-05,53.612,4.0883,0.6687
3181,stage2,1,0.2789250612258911,0.24965207278728485,0.0,0.2789250612258911,0.0001,1e-05,53.602,3.8459,1.1237
3182,stage2,1,0.27454444766044617,0.22652819752693176,0.0,0.27454444766044617,0.0001,1e-05,53.601,3.7009,0.67
3183,stage2,1,0.2908863127231598,0.2354080229997635,0.0,0.2908863127231598,0.0001,1e-05,53.595,4.2796,0.6704
3184,stage2,1,0.29240816831588745,0.22164370119571686,0.0,0.29240816831588745,0.0001,1e-05,53.611,4.276,0.6701
3185,stage2,1,0.27738890051841736,0.24910588562488556,0.0,0.27738890051841736,0.0001,1e-05,53.613,5.0878,4.1304
3186,stage2,1,0.24909521639347076,0.2719995677471161,0.0,0.24909521639347076,0.0001,1e-05,53.597,5.1453,0.6685
3187,stage2,1,0.2731471657752991,0.24982160329818726,0.0,0.2731471657752991,0.0001,1e-05,53.609,4.8318,0.669
3188,stage2,1,0.2805328071117401,0.21555879712104797,0.0,0.2805328071117401,0.0001,1e-05,53.604,2.9651,0.6692
3189,stage2,1,0.27372637391090393,0.22485040128231049,0.0,0.27372637391090393,0.0001,1e-05,53.602,3.7753,1.51
3190,stage2,1,0.2559069097042084,0.24996785819530487,0.0,0.2559069097042084,0.0001,1e-05,53.596,4.7121,0.67
3191,stage2,1,0.2751380503177643,0.24500930309295654,0.0,0.2751380503177643,0.0001,1e-05,53.591,4.6845,0.67
3192,stage2,1,0.2647193670272827,0.21668852865695953,0.0,0.2647193670272827,0.0001,1e-05,53.611,4.111,0.6703
3193,stage2,1,0.26250916719436646,0.25822800397872925,0.0,0.26250916719436646,0.0001,1e-05,53.604,5.2109,4.1042
3194,stage2,1,0.2569553256034851,0.2606299817562103,0.0,0.2569553256034851,0.0001,1e-05,53.599,5.19,0.6681
3195,stage2,1,0.26834356784820557,0.23340241611003876,0.0,0.26834356784820557,0.0001,1e-05,53.591,4.355,0.6684
3196,stage2,1,0.2673633396625519,0.255381315946579,0.0,0.2673633396625519,0.0001,1e-05,53.604,5.5946,0.6688
3197,stage2,1,0.2739778757095337,0.2313215285539627,0.0,0.2739778757095337,0.0001,1e-05,53.603,4.0232,1.3208
3198,stage2,1,0.2766762971878052,0.2634861469268799,0.0,0.2766762971878052,0.0001,1e-05,53.602,5.0849,0.6686
3199,stage2,1,0.2715003490447998,0.2836751341819763,0.0,0.2715003490447998,0.0001,1e-05,53.594,5.4357,0.6698
3200,stage2,1,0.28156453371047974,0.2675156891345978,0.0,0.28156453371047974,0.0001,1e-05,53.6,6.1328,0.6695
3201,stage2,1,0.29453951120376587,0.21656757593154907,0.0,0.29453951120376587,0.0001,1e-05,53.596,3.8875,4.3581
3202,stage2,1,0.26871228218078613,0.24680733680725098,0.0,0.26871228218078613,0.0001,1e-05,53.6,4.8032,0.6681
3203,stage2,1,0.2812569737434387,0.22029851377010345,0.0,0.2812569737434387,0.0001,1e-05,53.601,4.5691,0.6688
3204,stage2,1,0.28234007954597473,0.2478444129228592,0.0,0.28234007954597473,0.0001,1e-05,53.598,4.5277,0.6697
3205,stage2,1,0.29369428753852844,0.2521507740020752,0.0,0.29369428753852844,0.0001,1e-05,53.602,5.7978,1.461
3206,stage2,1,0.2613450884819031,0.23159921169281006,0.0,0.2613450884819031,0.0001,1e-05,53.606,4.3259,0.669
3207,stage2,1,0.2895866930484772,0.25248005986213684,0.0,0.2895866930484772,0.0001,1e-05,53.593,6.323,0.6701
3208,stage2,1,0.2780708968639374,0.23383665084838867,0.0,0.2780708968639374,0.0001,1e-05,53.594,3.9629,0.6704
3209,stage2,1,0.2476319819688797,0.2583727538585663,0.0,0.2476319819688797,0.0001,1e-05,53.593,4.6642,4.4324
3210,stage2,1,0.29060372710227966,0.22399576008319855,0.0,0.29060372710227966,0.0001,1e-05,53.591,4.633,0.6675
3211,stage2,1,0.30258527398109436,0.2549450397491455,0.0,0.30258527398109436,0.0001,1e-05,53.598,4.4235,0.6683
3212,stage2,1,0.2837787866592407,0.2504752576351166,0.0,0.2837787866592407,0.0001,1e-05,53.591,4.1952,0.6696
3213,stage2,1,0.2679746150970459,0.24875520169734955,0.0,0.2679746150970459,0.0001,1e-05,53.601,4.4221,1.5625
3214,stage2,1,0.29909124970436096,0.24341635406017303,0.0,0.29909124970436096,0.0001,1e-05,53.604,4.5618,0.6686
3215,stage2,1,0.26327240467071533,0.23557785153388977,0.0,0.26327240467071533,0.0001,1e-05,53.593,4.6878,0.6696
3216,stage2,1,0.26543015241622925,0.22546888887882233,0.0,0.26543015241622925,0.0001,1e-05,53.605,3.497,0.6703
3217,stage2,1,0.2984066307544708,0.20348697900772095,0.0,0.2984066307544708,0.0001,1e-05,53.602,4.7871,4.1265
3218,stage2,1,0.26607272028923035,0.28648850321769714,0.0,0.26607272028923035,0.0001,1e-05,53.606,5.9332,0.6672
3219,stage2,1,0.25955909490585327,0.23298828303813934,0.0,0.25955909490585327,0.0001,1e-05,53.604,4.0468,0.6685
3220,stage2,1,0.27706480026245117,0.23556099832057953,0.0,0.27706480026245117,0.0001,1e-05,53.602,5.0899,0.6692
3221,stage2,1,0.24840110540390015,0.22331145405769348,0.0,0.24840110540390015,0.0001,1e-05,53.607,3.9689,1.855
3222,stage2,1,0.32540735602378845,0.24081507325172424,0.0,0.32540735602378845,0.0001,1e-05,53.601,4.1855,0.6694
3223,stage2,1,0.29082268476486206,0.2550559937953949,0.0,0.29082268476486206,0.0001,1e-05,53.585,5.6852,0.6692
3224,stage2,1,0.23121395707130432,0.23461823165416718,0.0,0.23121395707130432,0.0001,1e-05,53.605,3.7171,0.6695
3225,stage2,1,0.25770750641822815,0.24088910222053528,0.0,0.25770750641822815,0.0001,1e-05,53.603,4.7437,3.5513
3226,stage2,1,0.23016656935214996,0.25650662183761597,0.0,0.23016656935214996,0.0001,1e-05,53.607,4.4992,0.6679
3227,stage2,1,0.29557642340660095,0.23459938168525696,0.0,0.29557642340660095,0.0001,1e-05,53.611,5.0629,0.6684
3228,stage2,1,0.24337159097194672,0.2510785162448883,0.0,0.24337159097194672,0.0001,1e-05,53.612,2.9567,0.6693
3229,stage2,1,0.22618238627910614,0.28386250138282776,0.0,0.22618238627910614,0.0001,1e-05,53.609,4.7881,2.2576
3230,stage2,1,0.28751909732818604,0.2595420479774475,0.0,0.28751909732818604,0.0001,1e-05,53.601,6.1967,0.6686
3231,stage2,1,0.2536449134349823,0.2347528338432312,0.0,0.2536449134349823,0.0001,1e-05,53.598,3.7,0.6696
3232,stage2,1,0.2539793848991394,0.2654930055141449,0.0,0.2539793848991394,0.0001,1e-05,53.588,4.5265,0.6694
3233,stage2,1,0.25635677576065063,0.2572355568408966,0.0,0.25635677576065063,0.0001,1e-05,53.596,4.4201,3.1095
3234,stage2,1,0.25997668504714966,0.23764276504516602,0.0,0.25997668504714966,0.0001,1e-05,53.595,4.4825,0.6685
3235,stage2,1,0.2452627718448639,0.24823381006717682,0.0,0.2452627718448639,0.0001,1e-05,53.619,4.8358,0.6687
3236,stage2,1,0.2787831127643585,0.21946203708648682,0.0,0.2787831127643585,0.0001,1e-05,53.604,3.3137,0.669
3237,stage2,1,0.32740113139152527,0.2299758344888687,0.0,0.32740113139152527,0.0001,1e-05,53.608,4.2062,2.8125
3238,stage2,1,0.27658623456954956,0.27449700236320496,0.0,0.27658623456954956,0.0001,1e-05,53.607,4.7268,0.6713
3239,stage2,1,0.2365701049566269,0.24461698532104492,0.0,0.2365701049566269,0.0001,1e-05,53.607,4.1428,0.6689
3240,stage2,1,0.28102490305900574,0.23326519131660461,0.0,0.28102490305900574,0.0001,1e-05,53.608,4.0324,0.6691
3241,stage2,1,0.27005434036254883,0.2303769588470459,0.0,0.27005434036254883,0.0001,1e-05,53.604,3.7919,2.5146
3242,stage2,1,0.2467392086982727,0.2241889238357544,0.0,0.2467392086982727,0.0001,1e-05,53.609,4.0779,0.7383
3243,stage2,1,0.2527206242084503,0.2517363727092743,0.0,0.2527206242084503,0.0001,1e-05,53.601,4.4066,0.6686
3244,stage2,1,0.2870641350746155,0.23068243265151978,0.0,0.2870641350746155,0.0001,1e-05,53.597,4.734,0.6697
3245,stage2,1,0.2525247633457184,0.26183053851127625,0.0,0.2525247633457184,0.0001,1e-05,53.599,5.0867,3.1206
3246,stage2,1,0.25116395950317383,0.2524051368236542,0.0,0.25116395950317383,0.0001,1e-05,53.592,4.9202,0.6676
3247,stage2,1,0.2819398045539856,0.2790681719779968,0.0,0.2819398045539856,0.0001,1e-05,53.593,5.2036,0.6691
3248,stage2,1,0.27371346950531006,0.25820794701576233,0.0,0.27371346950531006,0.0001,1e-05,53.602,5.7342,0.6691
3249,stage2,1,0.24151907861232758,0.24782714247703552,0.0,0.24151907861232758,0.0001,1e-05,53.604,3.5964,2.1319
3250,stage2,1,0.25553733110427856,0.2587142586708069,0.0,0.25553733110427856,0.0001,1e-05,53.599,5.6766,0.6697
3251,stage2,1,0.2663332521915436,0.24832670390605927,0.0,0.2663332521915436,0.0001,1e-05,53.611,7.1323,0.6692
3252,stage2,1,0.2653331160545349,0.2438419610261917,0.0,0.2653331160545349,0.0001,1e-05,53.611,4.6559,0.6697
3253,stage2,1,0.24512770771980286,0.23911409080028534,0.0,0.24512770771980286,0.0001,1e-05,53.599,4.3617,3.8112
3254,stage2,1,0.22560685873031616,0.24720929563045502,0.0,0.22560685873031616,0.0001,1e-05,53.591,4.5443,0.6672
3255,stage2,1,0.30508410930633545,0.22707679867744446,0.0,0.30508410930633545,0.0001,1e-05,53.604,5.6251,0.6685
3256,stage2,1,0.26618582010269165,0.23668785393238068,0.0,0.26618582010269165,0.0001,1e-05,53.603,4.2292,0.6687
3257,stage2,1,0.2774815261363983,0.23807266354560852,0.0,0.2774815261363983,0.0001,1e-05,53.601,5.0639,1.549
3258,stage2,1,0.31736961007118225,0.22346153855323792,0.0,0.31736961007118225,0.0001,1e-05,53.604,3.8795,0.669
3259,stage2,1,0.25331026315689087,0.2600141167640686,0.0,0.25331026315689087,0.0001,1e-05,53.597,4.4363,0.669
3260,stage2,1,0.274014949798584,0.22906403243541718,0.0,0.274014949798584,0.0001,1e-05,53.607,4.1043,0.6693
3261,stage2,1,0.249740332365036,0.23760025203227997,0.0,0.249740332365036,0.0001,1e-05,53.604,3.7486,3.8897
3262,stage2,1,0.27295735478401184,0.23082691431045532,0.0,0.27295735478401184,0.0001,1e-05,53.605,4.2786,0.6681
3263,stage2,1,0.224430650472641,0.24313266575336456,0.0,0.224430650472641,0.0001,1e-05,53.596,4.4115,0.6701
3264,stage2,1,0.25987640023231506,0.22761096060276031,0.0,0.25987640023231506,0.0001,1e-05,53.59,3.6679,0.6711
3265,stage2,1,0.24623221158981323,0.2658040225505829,0.0,0.24623221158981323,0.0001,1e-05,53.595,4.4528,1.795
3266,stage2,1,0.26497435569763184,0.2874535620212555,0.0,0.26497435569763184,0.0001,1e-05,53.611,6.1418,0.6695
3267,stage2,1,0.27507543563842773,0.23510093986988068,0.0,0.27507543563842773,0.0001,1e-05,53.604,4.613,0.669
3268,stage2,1,0.24002507328987122,0.22683756053447723,0.0,0.24002507328987122,0.0001,1e-05,53.597,5.9145,0.6697
3269,stage2,1,0.25257864594459534,0.25761935114860535,0.0,0.25257864594459534,0.0001,1e-05,53.596,4.6947,3.8163
3270,stage2,1,0.3595297932624817,0.2619263827800751,0.0,0.3595297932624817,0.0001,1e-05,53.605,7.8289,0.668
3271,stage2,1,0.29673710465431213,0.27851468324661255,0.0,0.29673710465431213,0.0001,1e-05,53.589,6.4923,0.6684
3272,stage2,1,0.2630601227283478,0.22967734932899475,0.0,0.2630601227283478,0.0001,1e-05,53.602,5.1575,0.6691
3273,stage2,1,0.26005271077156067,0.23944783210754395,0.0,0.26005271077156067,0.0001,1e-05,53.612,4.3292,1.8041
3274,stage2,1,0.24347633123397827,0.2651995122432709,0.0,0.24347633123397827,0.0001,1e-05,53.607,5.6342,0.6689
3275,stage2,1,0.22160351276397705,0.26119837164878845,0.0,0.22160351276397705,0.0001,1e-05,53.601,5.0214,0.6689
3276,stage2,1,0.2705051898956299,0.2264527529478073,0.0,0.2705051898956299,0.0001,1e-05,53.596,5.986,0.67
3277,stage2,1,0.2682032287120819,0.2515685558319092,0.0,0.2682032287120819,0.0001,1e-05,53.605,4.6484,3.8198
3278,stage2,1,0.27861565351486206,0.23430278897285461,0.0,0.27861565351486206,0.0001,1e-05,53.606,5.3746,0.6702
3279,stage2,1,0.3043753504753113,0.21738199889659882,0.0,0.3043753504753113,0.0001,1e-05,53.603,4.2585,0.6693
3280,stage2,1,0.24174855649471283,0.23401805758476257,0.0,0.24174855649471283,0.0001,1e-05,53.601,4.1622,0.6695
3281,stage2,1,0.24304641783237457,0.22950971126556396,0.0,0.24304641783237457,0.0001,1e-05,53.592,4.0857,2.6548
3282,stage2,1,0.27884089946746826,0.21239539980888367,0.0,0.27884089946746826,0.0001,1e-05,53.604,3.7377,0.6678
3283,stage2,1,0.21529115736484528,0.27550482749938965,0.0,0.21529115736484528,0.0001,1e-05,53.603,3.6889,0.6684
3284,stage2,1,0.2783299684524536,0.23593956232070923,0.0,0.2783299684524536,0.0001,1e-05,53.604,5.0962,0.67
3285,stage2,1,0.27225935459136963,0.24958670139312744,0.0,0.27225935459136963,0.0001,1e-05,53.593,4.5931,3.0109
3286,stage2,1,0.2766597270965576,0.2399040013551712,0.0,0.2766597270965576,0.0001,1e-05,53.59,5.2732,0.6686
3287,stage2,1,0.29420602321624756,0.2273050993680954,0.0,0.29420602321624756,0.0001,1e-05,53.595,4.441,0.6686
3288,stage2,1,0.27226608991622925,0.25274235010147095,0.0,0.27226608991622925,0.0001,1e-05,53.59,4.7369,0.6694
3289,stage2,1,0.24653619527816772,0.24774007499217987,0.0,0.24653619527816772,0.0001,1e-05,53.611,5.1289,3.5529
3290,stage2,1,0.3017372190952301,0.22523188591003418,0.0,0.3017372190952301,0.0001,1e-05,53.606,6.7383,0.6738
3291,stage2,1,0.2225635051727295,0.25674551725387573,0.0,0.2225635051727295,0.0001,1e-05,53.592,3.4942,0.669
3292,stage2,1,0.24143505096435547,0.24822404980659485,0.0,0.24143505096435547,0.0001,1e-05,53.595,4.4909,0.6693
3293,stage2,1,0.24929079413414001,0.245353564620018,0.0,0.24929079413414001,0.0001,1e-05,53.603,4.3251,2.7483
3294,stage2,1,0.23610420525074005,0.2415979504585266,0.0,0.23610420525074005,0.0001,1e-05,53.597,3.9657,0.6689
3295,stage2,1,0.27412623167037964,0.2709273099899292,0.0,0.27412623167037964,0.0001,1e-05,53.603,5.5633,0.6693
3296,stage2,1,0.2696050703525543,0.21551670134067535,0.0,0.2696050703525543,0.0001,1e-05,53.588,3.5721,0.6697
3297,stage2,1,0.2635200321674347,0.22548317909240723,0.0,0.2635200321674347,0.0001,1e-05,53.596,4.1726,3.1589
3298,stage2,1,0.2761094272136688,0.23921099305152893,0.0,0.2761094272136688,0.0001,1e-05,53.598,3.6819,0.6705
3299,stage2,1,0.2098529040813446,0.23259849846363068,0.0,0.2098529040813446,0.0001,1e-05,53.598,3.4799,0.6685
3300,stage2,1,0.25175949931144714,0.22022780776023865,0.0,0.25175949931144714,0.0001,1e-05,53.593,3.6967,0.6694
3301,stage2,1,0.2638644576072693,0.24442127346992493,0.0,0.2638644576072693,0.0001,1e-05,53.604,4.0144,2.3947
3302,stage2,1,0.2628244459629059,0.23301850259304047,0.0,0.2628244459629059,0.0001,1e-05,53.611,4.1161,0.6683
3303,stage2,1,0.26749521493911743,0.21743707358837128,0.0,0.26749521493911743,0.0001,1e-05,53.613,4.9406,0.6689
3304,stage2,1,0.26414427161216736,0.22132372856140137,0.0,0.26414427161216736,0.0001,1e-05,53.601,4.0307,0.6699
3305,stage2,1,0.28514543175697327,0.2274966686964035,0.0,0.28514543175697327,0.0001,1e-05,53.603,3.3272,3.4144
3306,stage2,1,0.2865482270717621,0.2509273290634155,0.0,0.2865482270717621,0.0001,1e-05,53.605,5.3042,0.6683
3307,stage2,1,0.2581649124622345,0.22861017286777496,0.0,0.2581649124622345,0.0001,1e-05,53.616,4.7886,0.6684
3308,stage2,1,0.24395853281021118,0.25212380290031433,0.0,0.24395853281021118,0.0001,1e-05,53.599,5.2416,0.6694
3309,stage2,1,0.23145845532417297,0.22831696271896362,0.0,0.23145845532417297,0.0001,1e-05,53.607,4.1842,2.7771
3310,stage2,1,0.21032820641994476,0.26002880930900574,0.0,0.21032820641994476,0.0001,1e-05,53.61,4.2559,0.6679
3311,stage2,1,0.26817527413368225,0.22256405651569366,0.0,0.26817527413368225,0.0001,1e-05,53.599,4.6485,0.6684
3312,stage2,1,0.2536117136478424,0.2461286187171936,0.0,0.2536117136478424,0.0001,1e-05,53.601,5.2972,0.6691
3313,stage2,1,0.2436552345752716,0.22506742179393768,0.0,0.2436552345752716,0.0001,1e-05,53.616,3.8635,2.8851
3314,stage2,1,0.2671712338924408,0.25528690218925476,0.0,0.2671712338924408,0.0001,1e-05,53.599,4.2021,0.6681
3315,stage2,1,0.3121192753314972,0.21915535628795624,0.0,0.3121192753314972,0.0001,1e-05,53.599,3.7393,0.6687
3316,stage2,1,0.2520246207714081,0.23160600662231445,0.0,0.2520246207714081,0.0001,1e-05,53.605,4.5351,0.6701
3317,stage2,1,0.23903712630271912,0.27827125787734985,0.0,0.23903712630271912,0.0001,1e-05,53.598,4.1228,3.2204
3318,stage2,1,0.2268599569797516,0.23772940039634705,0.0,0.2268599569797516,0.0001,1e-05,53.597,3.5548,0.6676
3319,stage2,1,0.27671343088150024,0.25562500953674316,0.0,0.27671343088150024,0.0001,1e-05,53.6,4.5254,0.6684
3320,stage2,1,0.2686944305896759,0.23586846888065338,0.0,0.2686944305896759,0.0001,1e-05,53.599,3.6149,0.6716
3321,stage2,1,0.2511320412158966,0.2458145022392273,0.0,0.2511320412158966,0.0001,1e-05,53.61,5.5914,2.4332
3322,stage2,1,0.23544609546661377,0.2396014928817749,0.0,0.23544609546661377,0.0001,1e-05,53.611,3.6753,0.6731
3323,stage2,1,0.2485649138689041,0.2531006932258606,0.0,0.2485649138689041,0.0001,1e-05,53.603,4.2511,0.6686
3324,stage2,1,0.2653420567512512,0.20767487585544586,0.0,0.2653420567512512,0.0001,1e-05,53.606,4.1944,0.6685
3325,stage2,1,0.25048938393592834,0.22868280112743378,0.0,0.25048938393592834,0.0001,1e-05,53.61,4.11,3.4688
3326,stage2,1,0.23886257410049438,0.27534663677215576,0.0,0.23886257410049438,0.0001,1e-05,53.612,4.912,0.6694
3327,stage2,1,0.2558985948562622,0.24733805656433105,0.0,0.2558985948562622,0.0001,1e-05,53.605,5.3113,0.6679
3328,stage2,1,0.2505320608615875,0.23830632865428925,0.0,0.2505320608615875,0.0001,1e-05,53.599,3.7893,0.6736
3329,stage2,1,0.2521292269229889,0.26500463485717773,0.0,0.2521292269229889,0.0001,1e-05,53.609,5.6036,2.1732
3330,stage2,1,0.24698512256145477,0.23204058408737183,0.0,0.24698512256145477,0.0001,1e-05,53.6,4.3308,0.6688
3331,stage2,1,0.27462276816368103,0.2490125596523285,0.0,0.27462276816368103,0.0001,1e-05,53.599,5.5965,0.6692
3332,stage2,1,0.25445014238357544,0.23083627223968506,0.0,0.25445014238357544,0.0001,1e-05,53.604,4.4293,0.6761
3333,stage2,1,0.2788296639919281,0.21810871362686157,0.0,0.2788296639919281,0.0001,1e-05,53.609,3.6362,3.9065
3334,stage2,1,0.2619610130786896,0.24719208478927612,0.0,0.2619610130786896,0.0001,1e-05,53.601,4.2391,0.6619
3335,stage2,1,0.2579599618911743,0.2557559013366699,0.0,0.2579599618911743,0.0001,1e-05,53.613,4.5126,0.6686
3336,stage2,1,0.2314303070306778,0.27606475353240967,0.0,0.2314303070306778,0.0001,1e-05,53.579,4.2289,0.6688
3337,stage2,1,0.28082120418548584,0.20402124524116516,0.0,0.28082120418548584,0.0001,1e-05,53.597,3.7565,1.498
3338,stage2,1,0.3204663395881653,0.24121730029582977,0.0,0.3204663395881653,0.0001,1e-05,53.597,5.6295,0.668
3339,stage2,1,0.2903829514980316,0.24834972620010376,0.0,0.2903829514980316,0.0001,1e-05,53.611,5.8971,0.6738
3340,stage2,1,0.2808457016944885,0.23083633184432983,0.0,0.2808457016944885,0.0001,1e-05,53.591,3.7399,0.6664
3341,stage2,1,0.22996827960014343,0.2514549493789673,0.0,0.22996827960014343,0.0001,1e-05,53.604,4.3166,4.5741
3342,stage2,1,0.25980114936828613,0.25019246339797974,0.0,0.25980114936828613,0.0001,1e-05,53.601,4.9903,0.6672
3343,stage2,1,0.29094579815864563,0.21155494451522827,0.0,0.29094579815864563,0.0001,1e-05,53.599,5.2357,0.6687
3344,stage2,1,0.2991970479488373,0.2524682581424713,0.0,0.2991970479488373,0.0001,1e-05,53.609,5.1038,0.6684
3345,stage2,1,0.2498376965522766,0.2528766989707947,0.0,0.2498376965522766,0.0001,1e-05,53.593,5.2456,1.1119
3346,stage2,1,0.24740390479564667,0.2330353558063507,0.0,0.24740390479564667,0.0001,1e-05,53.611,4.5905,0.6742
3347,stage2,1,0.2559135854244232,0.23309697210788727,0.0,0.2559135854244232,0.0001,1e-05,53.609,5.1149,0.6694
3348,stage2,1,0.30872830748558044,0.24629685282707214,0.0,0.30872830748558044,0.0001,1e-05,53.597,6.5613,0.6701
3349,stage2,1,0.2474547177553177,0.2537897825241089,0.0,0.2474547177553177,0.0001,1e-05,53.613,4.2013,4.7483
3350,stage2,1,0.32217249274253845,0.22879205644130707,0.0,0.32217249274253845,0.0001,1e-05,53.606,5.1066,0.6673
3351,stage2,1,0.264548122882843,0.22847220301628113,0.0,0.264548122882843,0.0001,1e-05,53.598,3.9077,0.6684
3352,stage2,1,0.23244860768318176,0.23503147065639496,0.0,0.23244860768318176,0.0001,1e-05,53.602,3.898,0.6686
3353,stage2,1,0.23307515680789948,0.2367744743824005,0.0,0.23307515680789948,0.0001,1e-05,53.603,4.7385,1.1081
3354,stage2,1,0.2622930407524109,0.22211962938308716,0.0,0.2622930407524109,0.0001,1e-05,53.604,5.303,0.6689
3355,stage2,1,0.2399561107158661,0.23959684371948242,0.0,0.2399561107158661,0.0001,1e-05,53.609,4.3442,0.6696
3356,stage2,1,0.2400585561990738,0.22468487918376923,0.0,0.2400585561990738,0.0001,1e-05,53.608,3.6457,0.6696
3357,stage2,1,0.26646989583969116,0.25963106751441956,0.0,0.26646989583969116,0.0001,1e-05,53.606,6.1783,4.4891
3358,stage2,1,0.25264719128608704,0.23116861283779144,0.0,0.25264719128608704,0.0001,1e-05,53.599,4.1841,0.6674
3359,stage2,1,0.2821744680404663,0.23334671556949615,0.0,0.2821744680404663,0.0001,1e-05,53.597,4.4233,0.6682
3360,stage2,1,0.2745594382286072,0.2282480001449585,0.0,0.2745594382286072,0.0001,1e-05,53.596,3.5346,0.6688
3361,stage2,1,0.24909181892871857,0.25191983580589294,0.0,0.24909181892871857,0.0001,1e-05,53.593,4.8866,0.9464
3362,stage2,1,0.23102393746376038,0.2554745078086853,0.0,0.23102393746376038,0.0001,1e-05,53.606,5.652,0.6693
3363,stage2,1,0.2916933000087738,0.22743281722068787,0.0,0.2916933000087738,0.0001,1e-05,53.606,4.9926,0.6694
3364,stage2,1,0.24185717105865479,0.23008422553539276,0.0,0.24185717105865479,0.0001,1e-05,53.606,4.2374,0.6703
3365,stage2,1,0.3020336329936981,0.22742068767547607,0.0,0.3020336329936981,0.0001,1e-05,53.605,5.4992,4.4126
3366,stage2,1,0.28566038608551025,0.22871133685112,0.0,0.28566038608551025,0.0001,1e-05,53.612,5.2523,0.6686
3367,stage2,1,0.21853235363960266,0.26170188188552856,0.0,0.21853235363960266,0.0001,1e-05,53.603,5.6326,0.6736
3368,stage2,1,0.24347850680351257,0.26325473189353943,0.0,0.24347850680351257,0.0001,1e-05,53.604,4.4428,0.6697
3369,stage2,1,0.2845414876937866,0.23652677237987518,0.0,0.2845414876937866,0.0001,1e-05,53.606,6.2758,1.026
3370,stage2,1,0.27806273102760315,0.23325248062610626,0.0,0.27806273102760315,0.0001,1e-05,53.605,5.2097,0.6697
3371,stage2,1,0.246028870344162,0.2835529148578644,0.0,0.246028870344162,0.0001,1e-05,53.611,4.7038,0.6705
3372,stage2,1,0.25318241119384766,0.2434483766555786,0.0,0.25318241119384766,0.0001,1e-05,53.601,3.6105,0.6711
3373,stage2,1,0.2527583837509155,0.2504730522632599,0.0,0.2527583837509155,0.0001,1e-05,53.594,3.7513,4.4361
3374,stage2,1,0.2756282687187195,0.2503816783428192,0.0,0.2756282687187195,0.0001,1e-05,53.593,6.1988,0.6677
3375,stage2,1,0.22043810784816742,0.21675477921962738,0.0,0.22043810784816742,0.0001,1e-05,53.6,4.1571,0.6752
3376,stage2,1,0.2513000965118408,0.24034757912158966,0.0,0.2513000965118408,0.0001,1e-05,53.604,4.9702,0.6719
3377,stage2,1,0.2314888834953308,0.23366612195968628,0.0,0.2314888834953308,0.0001,1e-05,53.606,4.4831,1.0059
3378,stage2,1,0.2431814968585968,0.22990013659000397,0.0,0.2431814968585968,0.0001,1e-05,53.598,4.1263,0.67
3379,stage2,1,0.2990657389163971,0.22049623727798462,0.0,0.2990657389163971,0.0001,1e-05,53.592,5.0256,0.6706
3380,stage2,1,0.22403283417224884,0.23461823165416718,0.0,0.22403283417224884,0.0001,1e-05,53.607,3.4089,0.6714
3381,stage2,1,0.2123553454875946,0.24113385379314423,0.0,0.2123553454875946,0.0001,1e-05,53.603,5.0468,4.544
3382,stage2,1,0.24952517449855804,0.2022446095943451,0.0,0.24952517449855804,0.0001,1e-05,53.595,2.9494,0.6689
3383,stage2,1,0.23705843091011047,0.2546164095401764,0.0,0.23705843091011047,0.0001,1e-05,53.592,4.3591,0.6687
3384,stage2,1,0.2967136800289154,0.21348758041858673,0.0,0.2967136800289154,0.0001,1e-05,53.596,4.4416,0.6692
3385,stage2,1,0.226780503988266,0.2493319809436798,0.0,0.226780503988266,0.0001,1e-05,53.611,4.461,1.1368
3386,stage2,1,0.23003540933132172,0.22071972489356995,0.0,0.23003540933132172,0.0001,1e-05,53.61,4.4933,0.672
3387,stage2,1,0.2460384964942932,0.2366444319486618,0.0,0.2460384964942932,0.0001,1e-05,53.598,4.1115,0.6745
3388,stage2,1,0.3046207129955292,0.22302910685539246,0.0,0.3046207129955292,0.0001,1e-05,53.597,4.3849,0.6709
3389,stage2,1,0.26560845971107483,0.2258758246898651,0.0,0.26560845971107483,0.0001,1e-05,53.587,4.2488,4.464
3390,stage2,1,0.2451944351196289,0.2679021954536438,0.0,0.2451944351196289,0.0001,1e-05,53.602,4.2758,0.6679
3391,stage2,1,0.25948163866996765,0.22807097434997559,0.0,0.25948163866996765,0.0001,1e-05,53.607,3.9936,0.6713
3392,stage2,1,0.24296993017196655,0.22460433840751648,0.0,0.24296993017196655,0.0001,1e-05,53.607,3.4906,0.6696
3393,stage2,1,0.21744182705879211,0.24634917080402374,0.0,0.21744182705879211,0.0001,1e-05,53.602,4.0869,1.2592
3394,stage2,1,0.20792271196842194,0.24599161744117737,0.0,0.20792271196842194,0.0001,1e-05,53.617,3.5964,0.6731
3395,stage2,1,0.2741394340991974,0.2348668873310089,0.0,0.2741394340991974,0.0001,1e-05,53.611,4.8586,0.6701
3396,stage2,1,0.2331308126449585,0.2293095737695694,0.0,0.2331308126449585,0.0001,1e-05,53.61,3.8694,0.6703
3397,stage2,1,0.28477364778518677,0.22703219950199127,0.0,0.28477364778518677,0.0001,1e-05,53.602,5.3841,4.2817
3398,stage2,1,0.2576580345630646,0.21744249761104584,0.0,0.2576580345630646,0.0001,1e-05,53.601,4.725,0.6685
3399,stage2,1,0.2429063618183136,0.23749879002571106,0.0,0.2429063618183136,0.0001,1e-05,53.595,5.6747,0.6687
3400,stage2,1,0.24961523711681366,0.24041062593460083,0.0,0.24961523711681366,0.0001,1e-05,53.606,5.7652,0.6686
3401,stage2,1,0.24957036972045898,0.2662322223186493,0.0,0.24957036972045898,0.0001,1e-05,53.623,4.4126,1.3101
3402,stage2,1,0.2589172422885895,0.22547930479049683,0.0,0.2589172422885895,0.0001,1e-05,53.607,5.6322,0.6702
3403,stage2,1,0.2712462246417999,0.21623040735721588,0.0,0.2712462246417999,0.0001,1e-05,53.604,5.4576,0.6705
3404,stage2,1,0.22178030014038086,0.23367072641849518,0.0,0.22178030014038086,0.0001,1e-05,53.592,3.6707,0.6703
3405,stage2,1,0.2748417854309082,0.2368457317352295,0.0,0.2748417854309082,0.0001,1e-05,53.609,5.32,4.2365
3406,stage2,1,0.22111856937408447,0.24853608012199402,0.0,0.22111856937408447,0.0001,1e-05,53.612,4.4758,0.6689
3407,stage2,1,0.2740135192871094,0.23595011234283447,0.0,0.2740135192871094,0.0001,1e-05,53.61,5.5695,0.6691
3408,stage2,1,0.24834878742694855,0.21655991673469543,0.0,0.24834878742694855,0.0001,1e-05,53.602,4.762,0.6693
3409,stage2,1,0.2205469310283661,0.24817690253257751,0.0,0.2205469310283661,0.0001,1e-05,53.607,5.2665,1.46
3410,stage2,1,0.2605876326560974,0.24789144098758698,0.0,0.2605876326560974,0.0001,1e-05,53.598,5.006,0.6695
3411,stage2,1,0.26046496629714966,0.2258685827255249,0.0,0.26046496629714966,0.0001,1e-05,53.598,5.2691,0.6706
3412,stage2,1,0.27958646416664124,0.24398528039455414,0.0,0.27958646416664124,0.0001,1e-05,53.596,5.5198,0.6701
3413,stage2,1,0.24401023983955383,0.23972506821155548,0.0,0.24401023983955383,0.0001,1e-05,53.586,4.1318,4.2385
3414,stage2,1,0.27478742599487305,0.23424820601940155,0.0,0.27478742599487305,0.0001,1e-05,53.609,5.0878,0.6677
3415,stage2,1,0.2460113763809204,0.2210296243429184,0.0,0.2460113763809204,0.0001,1e-05,53.61,4.7791,0.669
3416,stage2,1,0.27939465641975403,0.2690885365009308,0.0,0.27939465641975403,0.0001,1e-05,53.605,6.84,0.6695
3417,stage2,1,0.276594877243042,0.25249969959259033,0.0,0.276594877243042,0.0001,1e-05,53.597,5.8964,1.4884
3418,stage2,1,0.2793639302253723,0.23651184141635895,0.0,0.2793639302253723,0.0001,1e-05,53.599,6.0595,0.6695
3419,stage2,1,0.2562563717365265,0.2567272186279297,0.0,0.2562563717365265,0.0001,1e-05,53.604,4.9818,0.6695
3420,stage2,1,0.3023797273635864,0.23418168723583221,0.0,0.3023797273635864,0.0001,1e-05,53.598,5.0502,0.6705
3421,stage2,1,0.2381744086742401,0.2396085560321808,0.0,0.2381744086742401,0.0001,1e-05,53.598,4.9572,3.9161
3422,stage2,1,0.2657741904258728,0.22697778046131134,0.0,0.2657741904258728,0.0001,1e-05,53.604,5.4647,0.6685
3423,stage2,1,0.26783987879753113,0.21165914833545685,0.0,0.26783987879753113,0.0001,1e-05,53.593,4.918,0.6689
3424,stage2,1,0.26893460750579834,0.23870067298412323,0.0,0.26893460750579834,0.0001,1e-05,53.601,5.1102,0.6697
3425,stage2,1,0.2392408698797226,0.20028230547904968,0.0,0.2392408698797226,0.0001,1e-05,53.592,3.803,1.3377
3426,stage2,1,0.24089206755161285,0.26995849609375,0.0,0.24089206755161285,0.0001,1e-05,53.591,4.2079,0.6693
3427,stage2,1,0.2792447805404663,0.23404188454151154,0.0,0.2792447805404663,0.0001,1e-05,53.601,5.3344,0.6713
3428,stage2,1,0.2901178300380707,0.22587478160858154,0.0,0.2901178300380707,0.0001,1e-05,53.613,4.2233,0.6703
3429,stage2,1,0.24494720995426178,0.2219351977109909,0.0,0.24494720995426178,0.0001,1e-05,53.596,3.9828,4.8837
3430,stage2,1,0.22981223464012146,0.24514560401439667,0.0,0.22981223464012146,0.0001,1e-05,53.599,4.428,0.6682
3431,stage2,1,0.2865070700645447,0.22548656165599823,0.0,0.2865070700645447,0.0001,1e-05,53.598,4.3086,0.6688
3432,stage2,1,0.24266594648361206,0.2680857181549072,0.0,0.24266594648361206,0.0001,1e-05,53.593,5.3244,0.6688
3433,stage2,1,0.24716398119926453,0.25309738516807556,0.0,0.24716398119926453,0.0001,1e-05,53.603,5.3416,0.6696
3434,stage2,1,0.2707696259021759,0.23659242689609528,0.0,0.2707696259021759,0.0001,1e-05,53.596,4.6466,0.6699
3435,stage2,1,0.2259441316127777,0.23993581533432007,0.0,0.2259441316127777,0.0001,1e-05,53.598,4.317,0.67
3436,stage2,1,0.28058186173439026,0.24017706513404846,0.0,0.28058186173439026,0.0001,1e-05,53.597,4.6103,0.6704
3437,stage2,1,0.24598067998886108,0.2585694491863251,0.0,0.24598067998886108,0.0001,1e-05,53.602,4.9334,5.1978
3438,stage2,1,0.22452270984649658,0.22929628193378448,0.0,0.22452270984649658,0.0001,1e-05,53.589,4.492,0.6676
3439,stage2,1,0.29968875646591187,0.22334785759449005,0.0,0.29968875646591187,0.0001,1e-05,53.611,5.2827,0.6685
3440,stage2,1,0.2612389922142029,0.24928849935531616,0.0,0.2612389922142029,0.0001,1e-05,53.598,4.0204,0.6701
3441,stage2,1,0.3089715838432312,0.2077411413192749,0.0,0.3089715838432312,0.0001,1e-05,53.603,4.2656,0.6699
3442,stage2,1,0.2977985739707947,0.25293365120887756,0.0,0.2977985739707947,0.0001,1e-05,53.6,4.1172,0.6694
3443,stage2,1,0.27779120206832886,0.24814702570438385,0.0,0.27779120206832886,0.0001,1e-05,53.6,6.1763,0.6711
3444,stage2,1,0.26159876585006714,0.24040810763835907,0.0,0.26159876585006714,0.0001,1e-05,53.607,4.3443,0.6703
3445,stage2,1,0.27534300088882446,0.21246451139450073,0.0,0.27534300088882446,0.0001,1e-05,53.604,4.45,4.7386
3446,stage2,1,0.2379111647605896,0.2592198848724365,0.0,0.2379111647605896,0.0001,1e-05,53.599,4.0892,0.6677
3447,stage2,1,0.21024300158023834,0.23449654877185822,0.0,0.21024300158023834,0.0001,1e-05,53.617,3.8515,0.6689
3448,stage2,1,0.2697245180606842,0.23428131639957428,0.0,0.2697245180606842,0.0001,1e-05,53.597,4.0407,0.669
3449,stage2,1,0.24493245780467987,0.23725958168506622,0.0,0.24493245780467987,0.0001,1e-05,53.602,3.2162,0.6692
3450,stage2,1,0.2403559535741806,0.25139957666397095,0.0,0.2403559535741806,0.0001,1e-05,53.599,4.5341,0.6708
3451,stage2,1,0.25688454508781433,0.22280165553092957,0.0,0.25688454508781433,0.0001,1e-05,53.59,4.3403,0.6693
3452,stage2,1,0.25182458758354187,0.22832146286964417,0.0,0.25182458758354187,0.0001,1e-05,53.605,4.7142,0.67
3453,stage2,1,0.2918371558189392,0.26459693908691406,0.0,0.2918371558189392,0.0001,1e-05,53.591,6.3143,4.9161
3454,stage2,1,0.25359323620796204,0.2565787732601166,0.0,0.25359323620796204,0.0001,1e-05,53.603,4.5975,0.6719
3455,stage2,1,0.25923556089401245,0.2321251630783081,0.0,0.25923556089401245,0.0001,1e-05,53.6,4.7692,0.6689
3456,stage2,1,0.2738461494445801,0.26104429364204407,0.0,0.2738461494445801,0.0001,1e-05,53.599,5.8465,0.6688
3457,stage2,1,0.2985733449459076,0.2021975964307785,0.0,0.2985733449459076,0.0001,1e-05,53.596,4.1623,0.6696
3458,stage2,1,0.2793700695037842,0.22260692715644836,0.0,0.2793700695037842,0.0001,1e-05,53.599,5.1022,0.6699
3459,stage2,1,0.26379522681236267,0.23289372026920319,0.0,0.26379522681236267,0.0001,1e-05,53.592,4.2514,0.6713
3460,stage2,1,0.21884626150131226,0.2633659243583679,0.0,0.21884626150131226,0.0001,1e-05,53.604,5.2759,0.671
3461,stage2,1,0.2512062191963196,0.2630356550216675,0.0,0.2512062191963196,0.0001,1e-05,53.6,6.2624,4.8612
3462,stage2,1,0.23810067772865295,0.2140817940235138,0.0,0.23810067772865295,0.0001,1e-05,53.593,4.6255,0.6734
3463,stage2,1,0.2413051277399063,0.23065732419490814,0.0,0.2413051277399063,0.0001,1e-05,53.589,4.912,0.6697
3464,stage2,1,0.22981272637844086,0.23646913468837738,0.0,0.22981272637844086,0.0001,1e-05,53.598,3.7517,0.6698
3465,stage2,1,0.23718999326229095,0.23063668608665466,0.0,0.23718999326229095,0.0001,1e-05,53.603,4.2201,0.6688
3466,stage2,1,0.288072794675827,0.21617019176483154,0.0,0.288072794675827,0.0001,1e-05,53.591,4.7624,0.6699
3467,stage2,1,0.24487519264221191,0.2375960499048233,0.0,0.24487519264221191,0.0001,1e-05,53.594,4.1571,0.6703
3468,stage2,1,0.23078614473342896,0.2269676774740219,0.0,0.23078614473342896,0.0001,1e-05,53.595,3.6045,0.6704
3469,stage2,1,0.23547525703907013,0.2127678543329239,0.0,0.23547525703907013,0.0001,1e-05,53.586,3.8698,4.8597
3470,stage2,1,0.23975294828414917,0.2538470923900604,0.0,0.23975294828414917,0.0001,1e-05,53.594,5.1353,0.6677
3471,stage2,1,0.2077815979719162,0.22360584139823914,0.0,0.2077815979719162,0.0001,1e-05,53.595,3.4034,0.6733
3472,stage2,1,0.22881242632865906,0.2781830132007599,0.0,0.22881242632865906,0.0001,1e-05,53.589,6.2035,0.6684
3473,stage2,1,0.2565186619758606,0.2293495386838913,0.0,0.2565186619758606,0.0001,1e-05,53.599,4.5583,0.6692
3474,stage2,1,0.26345911622047424,0.21823561191558838,0.0,0.26345911622047424,0.0001,1e-05,53.593,4.4773,0.6692
3475,stage2,1,0.2547774016857147,0.22940167784690857,0.0,0.2547774016857147,0.0001,1e-05,53.595,4.6413,0.6704
3476,stage2,1,0.22359272837638855,0.24974103271961212,0.0,0.22359272837638855,0.0001,1e-05,53.596,5.0082,0.6705
3477,stage2,1,0.19802477955818176,0.2388904094696045,0.0,0.19802477955818176,0.0001,1e-05,53.589,3.9715,4.7484
3478,stage2,1,0.24867866933345795,0.22751355171203613,0.0,0.24867866933345795,0.0001,1e-05,53.594,5.3799,0.6678
3479,stage2,1,0.21753008663654327,0.22269225120544434,0.0,0.21753008663654327,0.0001,1e-05,53.584,3.6493,0.6682
3480,stage2,1,0.24200980365276337,0.23950043320655823,0.0,0.24200980365276337,0.0001,1e-05,53.598,3.4496,0.6692
3481,stage2,1,0.20587974786758423,0.22887900471687317,0.0,0.20587974786758423,0.0001,1e-05,53.591,2.9822,0.67
3482,stage2,1,0.22626708447933197,0.2467663586139679,0.0,0.22626708447933197,0.0001,1e-05,53.59,4.7429,0.6696
3483,stage2,1,0.23927786946296692,0.22027996182441711,0.0,0.23927786946296692,0.0001,1e-05,53.59,5.239,0.6699
3484,stage2,1,0.2712083160877228,0.2248220592737198,0.0,0.2712083160877228,0.0001,1e-05,53.599,4.453,0.6699
3485,stage2,1,0.2529505491256714,0.2196170687675476,0.0,0.2529505491256714,0.0001,1e-05,53.596,4.6675,4.8469
3486,stage2,1,0.24771662056446075,0.24644030630588531,0.0,0.24771662056446075,0.0001,1e-05,53.596,4.7295,0.6673
3487,stage2,1,0.20120157301425934,0.2766643166542053,0.0,0.20120157301425934,0.0001,1e-05,53.602,4.6315,0.668
3488,stage2,1,0.245009645819664,0.2840895354747772,0.0,0.245009645819664,0.0001,1e-05,53.597,6.0765,0.6736
3489,stage2,1,0.27862662076950073,0.24173668026924133,0.0,0.27862662076950073,0.0001,1e-05,53.598,5.3018,0.6746
3490,stage2,1,0.271862268447876,0.22204741835594177,0.0,0.271862268447876,0.0001,1e-05,53.599,3.8891,0.6698
3491,stage2,1,0.2850795090198517,0.2034730613231659,0.0,0.2850795090198517,0.0001,1e-05,53.594,4.7583,0.6698
3492,stage2,1,0.2511707544326782,0.21202796697616577,0.0,0.2511707544326782,0.0001,1e-05,53.595,3.9127,0.6707
3493,stage2,1,0.24066835641860962,0.25282883644104004,0.0,0.24066835641860962,0.0001,1e-05,53.589,5.2329,4.9432
3494,stage2,1,0.26570045948028564,0.2043503373861313,0.0,0.26570045948028564,0.0001,1e-05,53.602,4.0901,0.6677
3495,stage2,1,0.28857293725013733,0.2134113609790802,0.0,0.28857293725013733,0.0001,1e-05,53.599,5.8962,0.6684
3496,stage2,1,0.28585901856422424,0.24978666007518768,0.0,0.28585901856422424,0.0001,1e-05,53.591,4.7007,0.669
3497,stage2,1,0.22397015988826752,0.24530720710754395,0.0,0.22397015988826752,0.0001,1e-05,53.598,4.3437,0.8628
3498,stage2,1,0.25687867403030396,0.22820033133029938,0.0,0.25687867403030396,0.0001,1e-05,53.592,5.7753,0.6749
3499,stage2,1,0.2680765688419342,0.22336801886558533,0.0,0.2680765688419342,0.0001,1e-05,53.593,4.8482,0.669
3500,stage2,1,0.2381899058818817,0.23774708807468414,0.0,0.2381899058818817,0.0001,1e-05,53.596,5.1007,0.6698
3501,stage2,1,0.2434161752462387,0.22460858523845673,0.0,0.2434161752462387,0.0001,1e-05,53.599,5.6954,4.5654
3502,stage2,1,0.24669095873832703,0.2608413100242615,0.0,0.24669095873832703,0.0001,1e-05,53.601,5.4243,0.6677
3503,stage2,1,0.24482741951942444,0.2389264851808548,0.0,0.24482741951942444,0.0001,1e-05,53.593,4.14,0.6672
3504,stage2,1,0.25593212246894836,0.2578149437904358,0.0,0.25593212246894836,0.0001,1e-05,53.582,5.1957,0.6678
3505,stage2,1,0.22726327180862427,0.24046148359775543,0.0,0.22726327180862427,0.0001,1e-05,53.593,4.2755,1.3294
3506,stage2,1,0.29162782430648804,0.26055485010147095,0.0,0.29162782430648804,0.0001,1e-05,53.601,6.4495,0.6685
3507,stage2,1,0.2527792453765869,0.2531600594520569,0.0,0.2527792453765869,0.0001,1e-05,53.592,4.8736,0.6692
3508,stage2,1,0.22235287725925446,0.22528076171875,0.0,0.22235287725925446,0.0001,1e-05,53.596,3.683,0.6701
3509,stage2,1,0.23521728813648224,0.21861906349658966,0.0,0.23521728813648224,0.0001,1e-05,53.589,3.9978,4.0305
3510,stage2,1,0.25202620029449463,0.23606052994728088,0.0,0.25202620029449463,0.0001,1e-05,53.604,4.3585,0.6651
3511,stage2,1,0.307361364364624,0.2233411818742752,0.0,0.307361364364624,0.0001,1e-05,53.594,4.7161,0.6687
3512,stage2,1,0.22402527928352356,0.22254076600074768,0.0,0.22402527928352356,0.0001,1e-05,53.597,4.0878,0.6693
3513,stage2,1,0.24149790406227112,0.24315783381462097,0.0,0.24149790406227112,0.0001,1e-05,53.591,4.4902,2.4573
3514,stage2,1,0.246873140335083,0.2119573950767517,0.0,0.246873140335083,0.0001,1e-05,53.592,4.2757,0.6681
3515,stage2,1,0.22978007793426514,0.23427094519138336,0.0,0.22978007793426514,0.0001,1e-05,53.588,4.3805,0.6693
3516,stage2,1,0.24036715924739838,0.22874359786510468,0.0,0.24036715924739838,0.0001,1e-05,53.596,4.8514,0.6692
3517,stage2,1,0.2975693941116333,0.21462590992450714,0.0,0.2975693941116333,0.0001,1e-05,53.585,5.0877,3.012
3518,stage2,1,0.23684072494506836,0.2264520227909088,0.0,0.23684072494506836,0.0001,1e-05,53.589,4.5217,0.6682
3519,stage2,1,0.2667599022388458,0.21995916962623596,0.0,0.2667599022388458,0.0001,1e-05,53.591,5.1173,0.6687
3520,stage2,1,0.23112477362155914,0.23904021084308624,0.0,0.23112477362155914,0.0001,1e-05,53.595,4.2643,0.6691
3521,stage2,1,0.23821689188480377,0.23486162722110748,0.0,0.23821689188480377,0.0001,1e-05,53.611,5.669,3.1767
3522,stage2,1,0.25655248761177063,0.22296595573425293,0.0,0.25655248761177063,0.0001,1e-05,53.6,4.2405,0.668
3523,stage2,1,0.2754351794719696,0.2305258810520172,0.0,0.2754351794719696,0.0001,1e-05,53.6,4.8603,0.6682
3524,stage2,1,0.268496036529541,0.24225302040576935,0.0,0.268496036529541,0.0001,1e-05,53.6,5.3819,0.6693
3525,stage2,1,0.2742874026298523,0.2190309315919876,0.0,0.2742874026298523,0.0001,1e-05,53.604,5.5421,2.1288
3526,stage2,1,0.2291845828294754,0.22908534109592438,0.0,0.2291845828294754,0.0001,1e-05,53.603,4.7191,0.6674
3527,stage2,1,0.25214454531669617,0.21771670877933502,0.0,0.25214454531669617,0.0001,1e-05,53.601,5.0072,0.6679
3528,stage2,1,0.24035778641700745,0.2201022207736969,0.0,0.24035778641700745,0.0001,1e-05,53.6,6.4793,0.6685
3529,stage2,1,0.2467624843120575,0.26429322361946106,0.0,0.2467624843120575,0.0001,1e-05,53.597,5.6063,3.5854
3530,stage2,1,0.284440815448761,0.21576936542987823,0.0,0.284440815448761,0.0001,1e-05,53.598,5.7549,0.6682
3531,stage2,1,0.23169343173503876,0.21484699845314026,0.0,0.23169343173503876,0.0001,1e-05,53.597,4.5277,0.6688
3532,stage2,1,0.2573293447494507,0.22929620742797852,0.0,0.2573293447494507,0.0001,1e-05,53.6,6.1585,0.6698
3533,stage2,1,0.2649637460708618,0.2358713448047638,0.0,0.2649637460708618,0.0001,1e-05,53.594,4.5132,1.8425
3534,stage2,1,0.262334942817688,0.2474103569984436,0.0,0.262334942817688,0.0001,1e-05,53.594,5.2787,0.6682
3535,stage2,1,0.21507413685321808,0.24868977069854736,0.0,0.21507413685321808,0.0001,1e-05,53.576,4.9928,0.6684
3536,stage2,1,0.2788003385066986,0.24556925892829895,0.0,0.2788003385066986,0.0001,1e-05,53.599,5.7263,0.6687
3537,stage2,1,0.2792597711086273,0.225674107670784,0.0,0.2792597711086273,0.0001,1e-05,53.602,4.9731,3.8739
3538,stage2,1,0.25810325145721436,0.24206949770450592,0.0,0.25810325145721436,0.0001,1e-05,53.588,4.6506,0.6709
3539,stage2,1,0.22595341503620148,0.2512544095516205,0.0,0.22595341503620148,0.0001,1e-05,53.599,4.7497,0.6677
3540,stage2,1,0.23409806191921234,0.24839156866073608,0.0,0.23409806191921234,0.0001,1e-05,53.598,5.193,0.6738
3541,stage2,1,0.21748098731040955,0.22848103940486908,0.0,0.21748098731040955,0.0001,1e-05,53.6,4.2774,1.5698
3542,stage2,1,0.2018895149230957,0.2503166198730469,0.0,0.2018895149230957,0.0001,1e-05,53.599,4.4206,0.6684
3543,stage2,1,0.24094581604003906,0.2303539365530014,0.0,0.24094581604003906,0.0001,1e-05,53.595,4.6316,0.6685
3544,stage2,1,0.2854081094264984,0.2185107171535492,0.0,0.2854081094264984,0.0001,1e-05,53.593,4.6111,0.6696
3545,stage2,1,0.24469168484210968,0.23605693876743317,0.0,0.24469168484210968,0.0001,1e-05,53.596,4.9373,3.9193
3546,stage2,1,0.265962153673172,0.258608341217041,0.0,0.265962153673172,0.0001,1e-05,53.609,5.9353,0.6678
3547,stage2,1,0.23256397247314453,0.21297559142112732,0.0,0.23256397247314453,0.0001,1e-05,53.598,3.68,0.6693
3548,stage2,1,0.26918891072273254,0.2209969162940979,0.0,0.26918891072273254,0.0001,1e-05,53.6,4.2667,0.6686
3549,stage2,1,0.2366020232439041,0.2325727790594101,0.0,0.2366020232439041,0.0001,1e-05,53.598,5.4202,1.5849
3550,stage2,1,0.24015629291534424,0.21541361510753632,0.0,0.24015629291534424,0.0001,1e-05,53.6,3.6903,0.6679
3551,stage2,1,0.2737734913825989,0.22028395533561707,0.0,0.2737734913825989,0.0001,1e-05,53.6,5.2073,0.6687
3552,stage2,1,0.2463284134864807,0.22180673480033875,0.0,0.2463284134864807,0.0001,1e-05,53.606,3.7324,0.6687
3553,stage2,1,0.24184013903141022,0.22751407325267792,0.0,0.24184013903141022,0.0001,1e-05,53.593,5.0851,4.2778
3554,stage2,1,0.23317772150039673,0.2197732925415039,0.0,0.23317772150039673,0.0001,1e-05,53.605,4.3413,0.6669
3555,stage2,1,0.23280997574329376,0.2097473293542862,0.0,0.23280997574329376,0.0001,1e-05,53.612,3.5105,0.6685
3556,stage2,1,0.2636468708515167,0.22603222727775574,0.0,0.2636468708515167,0.0001,1e-05,53.607,4.4152,0.6694
3557,stage2,1,0.23925109207630157,0.22726750373840332,0.0,0.23925109207630157,0.0001,1e-05,53.61,4.8533,1.3496
3558,stage2,1,0.22227764129638672,0.22345831990242004,0.0,0.22227764129638672,0.0001,1e-05,53.61,4.2398,0.6683
3559,stage2,1,0.27727171778678894,0.2187090516090393,0.0,0.27727171778678894,0.0001,1e-05,53.613,4.9766,0.6706
3560,stage2,1,0.21916918456554413,0.22119492292404175,0.0,0.21916918456554413,0.0001,1e-05,53.599,4.4659,0.6696
3561,stage2,1,0.22073639929294586,0.22747404873371124,0.0,0.22073639929294586,0.0001,1e-05,53.584,5.1037,4.6239
3562,stage2,1,0.23918354511260986,0.23641209304332733,0.0,0.23918354511260986,0.0001,1e-05,53.598,6.2238,0.6662
3563,stage2,1,0.2519611716270447,0.23067395389080048,0.0,0.2519611716270447,0.0001,1e-05,53.613,4.9683,0.667
3564,stage2,1,0.2738625705242157,0.19819846749305725,0.0,0.2738625705242157,0.0001,1e-05,53.611,3.8028,0.6683
3565,stage2,1,0.21814268827438354,0.20968131721019745,0.0,0.21814268827438354,0.0001,1e-05,53.605,3.8381,0.749
3566,stage2,1,0.2024519443511963,0.2500523626804352,0.0,0.2024519443511963,0.0001,1e-05,53.609,6.1034,0.669
3567,stage2,1,0.22411632537841797,0.24202464520931244,0.0,0.22411632537841797,0.0001,1e-05,53.601,5.9862,0.6692
3568,stage2,1,0.25127825140953064,0.22347858548164368,0.0,0.25127825140953064,0.0001,1e-05,53.604,4.2766,0.6697
3569,stage2,1,0.27404773235321045,0.2367411106824875,0.0,0.27404773235321045,0.0001,1e-05,53.602,6.4155,4.8676
3570,stage2,1,0.2348327934741974,0.23780781030654907,0.0,0.2348327934741974,0.0001,1e-05,53.597,6.1423,0.6672
3571,stage2,1,0.23163166642189026,0.22775213420391083,0.0,0.23163166642189026,0.0001,1e-05,53.586,4.7332,0.6673
3572,stage2,1,0.21413710713386536,0.21850863099098206,0.0,0.21413710713386536,0.0001,1e-05,53.597,4.0736,0.6692
3573,stage2,1,0.2621819078922272,0.21564124524593353,0.0,0.2621819078922272,0.0001,1e-05,53.598,3.8361,1.2905
3574,stage2,1,0.20390716195106506,0.2669748365879059,0.0,0.20390716195106506,0.0001,1e-05,53.602,5.3177,0.6682
3575,stage2,1,0.22461707890033722,0.2602081894874573,0.0,0.22461707890033722,0.0001,1e-05,53.597,6.9655,0.6687
3576,stage2,1,0.2537537217140198,0.2303432822227478,0.0,0.2537537217140198,0.0001,1e-05,53.6,5.1694,0.6691
3577,stage2,1,0.22266295552253723,0.25671347975730896,0.0,0.22266295552253723,0.0001,1e-05,53.602,5.8657,4.3416
3578,stage2,1,0.3076932430267334,0.23428715765476227,0.0,0.3076932430267334,0.0001,1e-05,53.6,5.7685,0.6672
3579,stage2,1,0.18402738869190216,0.24267520010471344,0.0,0.18402738869190216,0.0001,1e-05,53.606,3.9141,0.6689
3580,stage2,1,0.26309165358543396,0.22166648507118225,0.0,0.26309165358543396,0.0001,1e-05,53.602,4.2246,0.668
3581,stage2,1,0.24023671448230743,0.22618572413921356,0.0,0.24023671448230743,0.0001,1e-05,53.591,4.0496,1.9279
3582,stage2,1,0.22941234707832336,0.2286490499973297,0.0,0.22941234707832336,0.0001,1e-05,53.591,4.1217,0.6676
3583,stage2,1,0.24530889093875885,0.2418747842311859,0.0,0.24530889093875885,0.0001,1e-05,53.602,5.7795,0.6688
3584,stage2,1,0.20994076132774353,0.248505100607872,0.0,0.20994076132774353,0.0001,1e-05,53.595,4.5103,0.6713
3585,stage2,1,0.26753029227256775,0.19794617593288422,0.0,0.26753029227256775,0.0001,1e-05,53.597,3.9264,3.4181
3586,stage2,1,0.23461465537548065,0.2285843938589096,0.0,0.23461465537548065,0.0001,1e-05,53.599,4.3719,0.6672
3587,stage2,1,0.27496981620788574,0.24571079015731812,0.0,0.27496981620788574,0.0001,1e-05,53.593,4.9738,0.6673
3588,stage2,1,0.24980585277080536,0.22552098333835602,0.0,0.24980585277080536,0.0001,1e-05,53.599,4.3152,0.6734
3589,stage2,1,0.28269436955451965,0.20659542083740234,0.0,0.28269436955451965,0.0001,1e-05,53.594,4.6774,2.7451
3590,stage2,1,0.21498198807239532,0.24246543645858765,0.0,0.21498198807239532,0.0001,1e-05,53.584,5.2125,0.6675
3591,stage2,1,0.2553318440914154,0.23501072824001312,0.0,0.2553318440914154,0.0001,1e-05,53.601,5.2432,0.6678
3592,stage2,1,0.26973551511764526,0.2002476155757904,0.0,0.26973551511764526,0.0001,1e-05,53.591,3.9047,0.6689
3593,stage2,1,0.20239396393299103,0.2391933798789978,0.0,0.20239396393299103,0.0001,1e-05,53.59,4.7136,2.8296
3594,stage2,1,0.23643513023853302,0.23402945697307587,0.0,0.23643513023853302,0.0001,1e-05,53.598,5.1039,0.6678
3595,stage2,1,0.22019550204277039,0.24906662106513977,0.0,0.22019550204277039,0.0001,1e-05,53.595,6.2236,0.6684
3596,stage2,1,0.23344659805297852,0.2423943430185318,0.0,0.23344659805297852,0.0001,1e-05,53.609,4.7138,0.6688
3597,stage2,1,0.24581734836101532,0.23664729297161102,0.0,0.24581734836101532,0.0001,1e-05,53.603,6.6531,3.4023
3598,stage2,1,0.27633771300315857,0.21841007471084595,0.0,0.27633771300315857,0.0001,1e-05,53.587,4.9758,0.6672
3599,stage2,1,0.2546638250350952,0.24332763254642487,0.0,0.2546638250350952,0.0001,1e-05,53.592,8.3189,0.6679
3600,stage2,1,0.21609680354595184,0.2343917340040207,0.0,0.21609680354595184,0.0001,1e-05,53.586,3.6431,0.668
3601,stage2,1,0.2505207657814026,0.22603121399879456,0.0,0.2505207657814026,0.0001,1e-05,53.589,4.6386,2.3496
3602,stage2,1,0.21108092367649078,0.21853716671466827,0.0,0.21108092367649078,0.0001,1e-05,53.6,4.3463,0.6673
3603,stage2,1,0.2529331147670746,0.23062439262866974,0.0,0.2529331147670746,0.0001,1e-05,53.602,6.5198,0.6681
3604,stage2,1,0.24077126383781433,0.2228495329618454,0.0,0.24077126383781433,0.0001,1e-05,53.592,3.449,0.6692
3605,stage2,1,0.24514085054397583,0.22817403078079224,0.0,0.24514085054397583,0.0001,1e-05,53.598,5.8409,3.9109
3606,stage2,1,0.22989259660243988,0.2478819638490677,0.0,0.22989259660243988,0.0001,1e-05,53.593,4.0245,0.6667
3607,stage2,1,0.2513737976551056,0.21670006215572357,0.0,0.2513737976551056,0.0001,1e-05,53.589,5.3364,0.6672
3608,stage2,1,0.23666594922542572,0.22716142237186432,0.0,0.23666594922542572,0.0001,1e-05,53.585,5.8956,0.668
3609,stage2,1,0.24014779925346375,0.23125185072422028,0.0,0.24014779925346375,0.0001,1e-05,53.587,5.5883,1.2751
3610,stage2,1,0.2631267309188843,0.22770744562149048,0.0,0.2631267309188843,0.0001,1e-05,53.599,4.025,0.6675
3611,stage2,1,0.24942618608474731,0.22733630239963531,0.0,0.24942618608474731,0.0001,1e-05,53.599,4.5381,0.6679
3612,stage2,1,0.2559068202972412,0.2270744889974594,0.0,0.2559068202972412,0.0001,1e-05,53.602,4.6008,0.6691
3613,stage2,1,0.20730939507484436,0.23980189859867096,0.0,0.20730939507484436,0.0001,1e-05,53.595,4.6293,4.7931
3614,stage2,1,0.2818599343299866,0.1989780217409134,0.0,0.2818599343299866,0.0001,1e-05,53.598,3.8951,0.6659
3615,stage2,1,0.2487395852804184,0.21748529374599457,0.0,0.2487395852804184,0.0001,1e-05,53.583,4.5352,0.667
3616,stage2,1,0.23698291182518005,0.22868648171424866,0.0,0.23698291182518005,0.0001,1e-05,53.597,3.9901,0.6671
3617,stage2,1,0.2234298437833786,0.25422611832618713,0.0,0.2234298437833786,0.0001,1e-05,53.603,4.5611,0.6673
3618,stage2,1,0.2314109206199646,0.21480205655097961,0.0,0.2314109206199646,0.0001,1e-05,53.582,4.0308,0.6694
3619,stage2,1,0.22047825157642365,0.22630129754543304,0.0,0.22047825157642365,0.0001,1e-05,53.601,4.8224,0.6682
3620,stage2,1,0.20499131083488464,0.23384280502796173,0.0,0.20499131083488464,0.0001,1e-05,53.606,4.5498,0.6684
3621,stage2,1,0.2650802731513977,0.2082466036081314,0.0,0.2650802731513977,0.0001,1e-05,53.609,4.7433,5.374
3622,stage2,1,0.24653179943561554,0.21697691082954407,0.0,0.24653179943561554,0.0001,1e-05,53.608,4.1865,0.6656
3623,stage2,1,0.2144424468278885,0.23806193470954895,0.0,0.2144424468278885,0.0001,1e-05,53.601,4.1522,0.6738
3624,stage2,1,0.23180870711803436,0.2341126650571823,0.0,0.23180870711803436,0.0001,1e-05,53.599,4.409,0.66
3625,stage2,1,0.19442349672317505,0.23047930002212524,0.0,0.19442349672317505,0.0001,1e-05,53.603,3.7736,0.6676
3626,stage2,1,0.23691923916339874,0.2583750784397125,0.0,0.23691923916339874,0.0001,1e-05,53.597,5.3878,0.6673
3627,stage2,1,0.2178483009338379,0.25047361850738525,0.0,0.2178483009338379,0.0001,1e-05,53.609,3.9945,0.668
3628,stage2,1,0.2393680214881897,0.2103247046470642,0.0,0.2393680214881897,0.0001,1e-05,53.61,3.8629,0.6685
3629,stage2,1,0.22485865652561188,0.21891498565673828,0.0,0.22485865652561188,0.0001,1e-05,53.599,3.3543,4.8808
3630,stage2,1,0.2484121471643448,0.2337413728237152,0.0,0.2484121471643448,0.0001,1e-05,53.6,4.7742,0.6661
3631,stage2,1,0.22885416448116302,0.24745826423168182,0.0,0.22885416448116302,0.0001,1e-05,53.608,4.4971,0.6692
3632,stage2,1,0.21316953003406525,0.24568669497966766,0.0,0.21316953003406525,0.0001,1e-05,53.606,4.1755,0.6659
3633,stage2,1,0.22794052958488464,0.21353237330913544,0.0,0.22794052958488464,0.0001,1e-05,53.593,3.913,0.6671
3634,stage2,1,0.2863065004348755,0.22430291771888733,0.0,0.2863065004348755,0.0001,1e-05,53.609,4.711,0.6687
3635,stage2,1,0.23283249139785767,0.23568624258041382,0.0,0.23283249139785767,0.0001,1e-05,53.597,4.1896,0.6698
3636,stage2,1,0.25974953174591064,0.24013200402259827,0.0,0.25974953174591064,0.0001,1e-05,53.589,4.898,0.6688
3637,stage2,1,0.27477943897247314,0.19160883128643036,0.0,0.27477943897247314,0.0001,1e-05,53.596,5.8128,4.7171
3638,stage2,1,0.21322959661483765,0.23059681057929993,0.0,0.21322959661483765,0.0001,1e-05,53.606,3.692,0.6666
3639,stage2,1,0.22933055460453033,0.20879803597927094,0.0,0.22933055460453033,0.0001,1e-05,53.601,3.8427,0.6669
3640,stage2,1,0.2598017156124115,0.23400361835956573,0.0,0.2598017156124115,0.0001,1e-05,53.604,5.7965,0.6679
3641,stage2,1,0.24092207849025726,0.21236401796340942,0.0,0.24092207849025726,0.0001,1e-05,53.596,4.3725,0.6685
3642,stage2,1,0.22536402940750122,0.22693927586078644,0.0,0.22536402940750122,0.0001,1e-05,53.587,5.4799,0.6691
3643,stage2,1,0.22319041192531586,0.24023209512233734,0.0,0.22319041192531586,0.0001,1e-05,53.591,4.274,0.6682
3644,stage2,1,0.25330832600593567,0.23334361612796783,0.0,0.25330832600593567,0.0001,1e-05,53.599,3.9943,0.6691
3645,stage2,1,0.25152167677879333,0.22435499727725983,0.0,0.25152167677879333,0.0001,1e-05,53.615,4.7027,5.2715
3646,stage2,1,0.2302151322364807,0.23878228664398193,0.0,0.2302151322364807,0.0001,1e-05,53.6,4.7587,0.6659
3647,stage2,1,0.26633939146995544,0.23211395740509033,0.0,0.26633939146995544,0.0001,1e-05,53.598,4.3586,0.667
3648,stage2,1,0.2628251612186432,0.20963087677955627,0.0,0.2628251612186432,0.0001,1e-05,53.605,4.4982,0.668
3649,stage2,1,0.27178797125816345,0.23614349961280823,0.0,0.27178797125816345,0.0001,1e-05,53.594,3.9942,0.6689
3650,stage2,1,0.23187439143657684,0.2536952495574951,0.0,0.23187439143657684,0.0001,1e-05,53.588,4.9511,0.6679
3651,stage2,1,0.2634822428226471,0.20379193127155304,0.0,0.2634822428226471,0.0001,1e-05,53.591,4.2341,0.6685
3652,stage2,1,0.23827320337295532,0.21613438427448273,0.0,0.23827320337295532,0.0001,1e-05,53.591,3.9474,0.6688
3653,stage2,1,0.2388727068901062,0.23353536427021027,0.0,0.2388727068901062,0.0001,1e-05,53.604,4.6976,5.4652
3654,stage2,1,0.2444644570350647,0.21876437962055206,0.0,0.2444644570350647,0.0001,1e-05,53.586,5.0558,0.6698
3655,stage2,1,0.21241067349910736,0.2266750931739807,0.0,0.21241067349910736,0.0001,1e-05,53.598,3.8315,0.6661
3656,stage2,1,0.2524693012237549,0.23691067099571228,0.0,0.2524693012237549,0.0001,1e-05,53.592,5.5951,0.6665
3657,stage2,1,0.2263215184211731,0.24149440228939056,0.0,0.2263215184211731,0.0001,1e-05,53.596,4.2139,0.6728
3658,stage2,1,0.22554481029510498,0.21484093368053436,0.0,0.22554481029510498,0.0001,1e-05,53.591,3.9767,0.6684
3659,stage2,1,0.23728908598423004,0.23009751737117767,0.0,0.23728908598423004,0.0001,1e-05,53.584,4.0425,0.6679
3660,stage2,1,0.2107395976781845,0.24189886450767517,0.0,0.2107395976781845,0.0001,1e-05,53.595,4.5478,0.6688
3661,stage2,1,0.24335838854312897,0.2186809480190277,0.0,0.24335838854312897,0.0001,1e-05,53.596,5.0294,5.1147
3662,stage2,1,0.2942855954170227,0.19092802703380585,0.0,0.2942855954170227,0.0001,1e-05,53.599,4.577,0.6683
3663,stage2,1,0.2058827131986618,0.21856357157230377,0.0,0.2058827131986618,0.0001,1e-05,53.596,4.0902,0.6666
3664,stage2,1,0.2347516119480133,0.21351586282253265,0.0,0.2347516119480133,0.0001,1e-05,53.599,4.1328,0.6673
3665,stage2,1,0.2552933394908905,0.2130739390850067,0.0,0.2552933394908905,0.0001,1e-05,53.6,4.8383,0.6715
3666,stage2,1,0.192863330245018,0.24833239614963531,0.0,0.192863330245018,0.0001,1e-05,53.591,3.7506,0.6673
3667,stage2,1,0.2643356919288635,0.211275115609169,0.0,0.2643356919288635,0.0001,1e-05,53.611,4.2404,0.6684
3668,stage2,1,0.27654820680618286,0.20001737773418427,0.0,0.27654820680618286,0.0001,1e-05,53.599,4.8131,0.6687
3669,stage2,1,0.2539953589439392,0.22219622135162354,0.0,0.2539953589439392,0.0001,1e-05,53.587,4.2856,5.4494
3670,stage2,1,0.21913523972034454,0.2160254567861557,0.0,0.21913523972034454,0.0001,1e-05,53.596,4.1732,0.6657
3671,stage2,1,0.19817118346691132,0.2231520563364029,0.0,0.19817118346691132,0.0001,1e-05,53.598,4.5754,0.667
3672,stage2,1,0.27646198868751526,0.206486314535141,0.0,0.27646198868751526,0.0001,1e-05,53.595,4.274,0.6668
3673,stage2,1,0.25233227014541626,0.2373698204755783,0.0,0.25233227014541626,0.0001,1e-05,53.605,3.6813,0.6674
3674,stage2,1,0.23046836256980896,0.2381759136915207,0.0,0.23046836256980896,0.0001,1e-05,53.599,4.957,0.6669
3675,stage2,1,0.21300390362739563,0.23900026082992554,0.0,0.21300390362739563,0.0001,1e-05,53.603,4.7786,0.6676
3676,stage2,1,0.24637387692928314,0.21432986855506897,0.0,0.24637387692928314,0.0001,1e-05,53.595,5.513,0.6685
3677,stage2,1,0.21503295004367828,0.2385229617357254,0.0,0.21503295004367828,0.0001,1e-05,53.6,4.9906,5.0198
3678,stage2,1,0.23268179595470428,0.2517922520637512,0.0,0.23268179595470428,0.0001,1e-05,53.592,6.0903,0.6661
3679,stage2,1,0.22710514068603516,0.2690781056880951,0.0,0.22710514068603516,0.0001,1e-05,53.603,4.8604,0.6656
3680,stage2,1,0.22288240492343903,0.2305515706539154,0.0,0.22288240492343903,0.0001,1e-05,53.606,5.6437,0.6672
3681,stage2,1,0.20754949748516083,0.23588408529758453,0.0,0.20754949748516083,0.0001,1e-05,53.6,5.9661,0.6671
3682,stage2,1,0.2172030806541443,0.22458702325820923,0.0,0.2172030806541443,0.0001,1e-05,53.609,4.8094,0.6682
3683,stage2,1,0.24067486822605133,0.2098856270313263,0.0,0.24067486822605133,0.0001,1e-05,53.599,3.753,0.6678
3684,stage2,1,0.23992983996868134,0.2523830533027649,0.0,0.23992983996868134,0.0001,1e-05,53.61,7.3854,0.6684
3685,stage2,1,0.21140339970588684,0.2608492076396942,0.0,0.21140339970588684,0.0001,1e-05,53.603,4.4989,4.6877
3686,stage2,1,0.2634280323982239,0.24487537145614624,0.0,0.2634280323982239,0.0001,1e-05,53.594,5.5262,0.6661
3687,stage2,1,0.2279200702905655,0.2189062237739563,0.0,0.2279200702905655,0.0001,1e-05,53.594,5.3056,0.6671
3688,stage2,1,0.25269338488578796,0.20908008515834808,0.0,0.25269338488578796,0.0001,1e-05,53.6,5.056,0.6675
3689,stage2,1,0.24336384236812592,0.23196753859519958,0.0,0.24336384236812592,0.0001,1e-05,53.608,4.5639,0.6679
3690,stage2,1,0.20617210865020752,0.23180942237377167,0.0,0.20617210865020752,0.0001,1e-05,53.599,5.5612,0.6682
3691,stage2,1,0.2639259994029999,0.1993650496006012,0.0,0.2639259994029999,0.0001,1e-05,53.6,4.0534,0.6689
3692,stage2,1,0.2687027156352997,0.20733781158924103,0.0,0.2687027156352997,0.0001,1e-05,53.597,4.9035,0.6685
3693,stage2,1,0.2113274186849594,0.22627243399620056,0.0,0.2113274186849594,0.0001,1e-05,53.592,4.0718,5.1939
3694,stage2,1,0.22052012383937836,0.23173093795776367,0.0,0.22052012383937836,0.0001,1e-05,53.603,5.4938,0.669
3695,stage2,1,0.26319730281829834,0.23239505290985107,0.0,0.26319730281829834,0.0001,1e-05,53.613,5.557,0.6664
3696,stage2,1,0.22643379867076874,0.22129371762275696,0.0,0.22643379867076874,0.0001,1e-05,53.602,5.0838,0.6669
3697,stage2,1,0.2623029053211212,0.21138028800487518,0.0,0.2623029053211212,0.0001,1e-05,53.608,5.0658,0.668
3698,stage2,1,0.2777338922023773,0.22373366355895996,0.0,0.2777338922023773,0.0001,1e-05,53.601,5.7982,0.6686
3699,stage2,1,0.2716273367404938,0.24010147154331207,0.0,0.2716273367404938,0.0001,1e-05,53.59,7.0233,0.6673
3700,stage2,1,0.2564546763896942,0.2308228760957718,0.0,0.2564546763896942,0.0001,1e-05,53.601,4.9259,0.6686
3701,stage2,1,0.25311994552612305,0.19832786917686462,0.0,0.25311994552612305,0.0001,1e-05,53.598,3.829,4.508
3702,stage2,1,0.2326999008655548,0.2278662472963333,0.0,0.2326999008655548,0.0001,1e-05,53.605,6.0784,0.6661
3703,stage2,1,0.180611714720726,0.2470223605632782,0.0,0.180611714720726,0.0001,1e-05,53.607,5.044,0.667
3704,stage2,1,0.19681192934513092,0.22346757352352142,0.0,0.19681192934513092,0.0001,1e-05,53.6,4.0653,0.6678
3705,stage2,1,0.23662897944450378,0.22418521344661713,0.0,0.23662897944450378,0.0001,1e-05,53.591,6.6043,0.6675
3706,stage2,1,0.22793066501617432,0.2584613561630249,0.0,0.22793066501617432,0.0001,1e-05,53.601,5.5921,0.6689
3707,stage2,1,0.24931687116622925,0.2507491409778595,0.0,0.24931687116622925,0.0001,1e-05,53.598,4.7399,0.6687
3708,stage2,1,0.24209678173065186,0.22943240404129028,0.0,0.24209678173065186,0.0001,1e-05,53.606,4.4764,0.669
3709,stage2,1,0.21032962203025818,0.24288314580917358,0.0,0.21032962203025818,0.0001,1e-05,53.597,5.7825,4.8581
3710,stage2,1,0.2624022364616394,0.23200610280036926,0.0,0.2624022364616394,0.0001,1e-05,53.593,8.3187,0.666
3711,stage2,1,0.2714137136936188,0.18940022587776184,0.0,0.2714137136936188,0.0001,1e-05,53.594,4.0552,0.6657
3712,stage2,1,0.22721348702907562,0.2409481555223465,0.0,0.22721348702907562,0.0001,1e-05,53.607,4.8377,0.6668
3713,stage2,1,0.22197376191616058,0.2088264673948288,0.0,0.22197376191616058,0.0001,1e-05,53.603,5.6602,0.6683
3714,stage2,1,0.23815710842609406,0.2055906355381012,0.0,0.23815710842609406,0.0001,1e-05,53.616,5.2453,0.669
3715,stage2,1,0.20787066221237183,0.2205672413110733,0.0,0.20787066221237183,0.0001,1e-05,53.603,4.0973,0.6686
3716,stage2,1,0.24653930962085724,0.24908068776130676,0.0,0.24653930962085724,0.0001,1e-05,53.603,5.5948,0.6695
3717,stage2,1,0.2107044905424118,0.22049865126609802,0.0,0.2107044905424118,0.0001,1e-05,53.613,4.0213,5.5016
3718,stage2,1,0.19633592665195465,0.23158307373523712,0.0,0.19633592665195465,0.0001,1e-05,53.606,4.3631,0.6662
3719,stage2,1,0.23617006838321686,0.204902783036232,0.0,0.23617006838321686,0.0001,1e-05,53.614,4.1752,0.667
3720,stage2,1,0.27690833806991577,0.21916674077510834,0.0,0.27690833806991577,0.0001,1e-05,53.593,3.95,0.6673
3721,stage2,1,0.2189844846725464,0.24286451935768127,0.0,0.2189844846725464,0.0001,1e-05,53.607,4.6766,0.6679
3722,stage2,1,0.20582489669322968,0.23209592700004578,0.0,0.20582489669322968,0.0001,1e-05,53.611,5.3982,0.6722
3723,stage2,1,0.2057008296251297,0.2314813733100891,0.0,0.2057008296251297,0.0001,1e-05,53.618,4.9941,0.669
3724,stage2,1,0.2409137487411499,0.23110517859458923,0.0,0.2409137487411499,0.0001,1e-05,53.607,4.1501,0.6693
3725,stage2,1,0.23351363837718964,0.2378087192773819,0.0,0.23351363837718964,0.0001,1e-05,53.592,4.2158,5.3007
3726,stage2,1,0.23322373628616333,0.22252091765403748,0.0,0.23322373628616333,0.0001,1e-05,53.596,4.5159,0.6659
3727,stage2,1,0.2401975691318512,0.22391857206821442,0.0,0.2401975691318512,0.0001,1e-05,53.619,4.2244,0.667
3728,stage2,1,0.21090637147426605,0.24089962244033813,0.0,0.21090637147426605,0.0001,1e-05,53.598,4.2022,0.6672
3729,stage2,1,0.217126727104187,0.22056597471237183,0.0,0.217126727104187,0.0001,1e-05,53.604,3.7689,0.668
3730,stage2,1,0.23959897458553314,0.21506892144680023,0.0,0.23959897458553314,0.0001,1e-05,53.604,4.6196,0.6681
3731,stage2,1,0.2423524260520935,0.2421867400407791,0.0,0.2423524260520935,0.0001,1e-05,53.601,6.0824,0.6683
3732,stage2,1,0.19734354317188263,0.2223176509141922,0.0,0.19734354317188263,0.0001,1e-05,53.591,4.2647,0.6695
3733,stage2,1,0.22192077338695526,0.2157849371433258,0.0,0.22192077338695526,0.0001,1e-05,53.597,4.8474,5.5018
3734,stage2,1,0.2224387526512146,0.21721641719341278,0.0,0.2224387526512146,0.0001,1e-05,53.598,6.7798,0.6665
3735,stage2,1,0.24997960031032562,0.236326664686203,0.0,0.24997960031032562,0.0001,1e-05,53.597,4.1919,0.6667
3736,stage2,1,0.25676485896110535,0.2026909440755844,0.0,0.25676485896110535,0.0001,1e-05,53.604,3.4862,0.6676
3737,stage2,1,0.22988182306289673,0.22161884605884552,0.0,0.22988182306289673,0.0001,1e-05,53.594,5.0283,0.6679
3738,stage2,1,0.19718505442142487,0.2507372200489044,0.0,0.19718505442142487,0.0001,1e-05,53.605,4.3819,0.6684
3739,stage2,1,0.23634344339370728,0.18317894637584686,0.0,0.23634344339370728,0.0001,1e-05,53.595,3.5051,0.6693
3740,stage2,1,0.21243584156036377,0.23550696671009064,0.0,0.21243584156036377,0.0001,1e-05,53.598,4.1002,0.6701
3741,stage2,1,0.22996777296066284,0.22824645042419434,0.0,0.22996777296066284,0.0001,1e-05,53.59,5.7982,4.9646
3742,stage2,1,0.23268844187259674,0.22092793881893158,0.0,0.23268844187259674,0.0001,1e-05,53.605,4.8203,0.6661
3743,stage2,1,0.2110201120376587,0.21672740578651428,0.0,0.2110201120376587,0.0001,1e-05,53.594,4.1785,0.6675
3744,stage2,1,0.23413865268230438,0.23321780562400818,0.0,0.23413865268230438,0.0001,1e-05,53.604,4.0197,0.6677
3745,stage2,1,0.2456127256155014,0.2544430196285248,0.0,0.2456127256155014,0.0001,1e-05,53.598,6.6215,0.6677
3746,stage2,1,0.24308541417121887,0.20551908016204834,0.0,0.24308541417121887,0.0001,1e-05,53.596,5.1005,0.6677
3747,stage2,1,0.2733587622642517,0.22972702980041504,0.0,0.2733587622642517,0.0001,1e-05,53.609,5.6144,0.6685
3748,stage2,1,0.22606587409973145,0.22268034517765045,0.0,0.22606587409973145,0.0001,1e-05,53.601,4.2495,0.669
3749,stage2,1,0.20149779319763184,0.23318926990032196,0.0,0.20149779319763184,0.0001,1e-05,53.604,4.0258,4.9915
3750,stage2,1,0.26375651359558105,0.2338416427373886,0.0,0.26375651359558105,0.0001,1e-05,53.599,5.8616,0.6666
3751,stage2,1,0.2168763279914856,0.23200780153274536,0.0,0.2168763279914856,0.0001,1e-05,53.601,3.8981,0.6674
3752,stage2,1,0.24302302300930023,0.22262318432331085,0.0,0.24302302300930023,0.0001,1e-05,53.601,4.2688,0.6678
3753,stage2,1,0.20724016427993774,0.24311023950576782,0.0,0.20724016427993774,0.0001,1e-05,53.601,5.4201,0.6681
3754,stage2,1,0.2095298171043396,0.23863151669502258,0.0,0.2095298171043396,0.0001,1e-05,53.591,3.9573,0.6685
3755,stage2,1,0.24037766456604004,0.2062789648771286,0.0,0.24037766456604004,0.0001,1e-05,53.597,3.7208,0.6684
3756,stage2,1,0.25446832180023193,0.22491003572940826,0.0,0.25446832180023193,0.0001,1e-05,53.61,5.4584,0.6687
3757,stage2,1,0.1760959029197693,0.2178812026977539,0.0,0.1760959029197693,0.0001,1e-05,53.603,4.5575,4.976
3758,stage2,1,0.23158395290374756,0.21326862275600433,0.0,0.23158395290374756,0.0001,1e-05,53.608,4.0358,0.6671
3759,stage2,1,0.24374833703041077,0.21707908809185028,0.0,0.24374833703041077,0.0001,1e-05,53.597,4.6852,0.6682
3760,stage2,1,0.2892877459526062,0.24042943120002747,0.0,0.2892877459526062,0.0001,1e-05,53.599,5.7598,0.6686
3761,stage2,1,0.22967450320720673,0.25202369689941406,0.0,0.22967450320720673,0.0001,1e-05,53.595,5.3189,0.6686
3762,stage2,1,0.25740355253219604,0.20964716374874115,0.0,0.25740355253219604,0.0001,1e-05,53.595,4.6049,0.6729
3763,stage2,1,0.22871622443199158,0.21277889609336853,0.0,0.22871622443199158,0.0001,1e-05,53.597,4.7558,0.6695
3764,stage2,1,0.27265405654907227,0.20814654231071472,0.0,0.27265405654907227,0.0001,1e-05,53.599,5.066,0.6694
3765,stage2,1,0.22348760068416595,0.2280060350894928,0.0,0.22348760068416595,0.0001,1e-05,53.594,4.8019,4.5607
3766,stage2,1,0.29163843393325806,0.2481626719236374,0.0,0.29163843393325806,0.0001,1e-05,53.606,6.9041,0.6678
3767,stage2,1,0.2512461841106415,0.2205057293176651,0.0,0.2512461841106415,0.0001,1e-05,53.601,4.3966,0.6676
3768,stage2,1,0.24534860253334045,0.21385863423347473,0.0,0.24534860253334045,0.0001,1e-05,53.592,5.3735,0.6678
3769,stage2,1,0.2248566448688507,0.2221151888370514,0.0,0.2248566448688507,0.0001,1e-05,53.604,3.8639,0.6685
3770,stage2,1,0.23237155377864838,0.21978014707565308,0.0,0.23237155377864838,0.0001,1e-05,53.595,4.4132,0.6684
3771,stage2,1,0.22485238313674927,0.22974833846092224,0.0,0.22485238313674927,0.0001,1e-05,53.596,5.0546,0.6693
3772,stage2,1,0.21038347482681274,0.25039422512054443,0.0,0.21038347482681274,0.0001,1e-05,53.588,4.7145,0.6692
3773,stage2,1,0.23501022160053253,0.2036418467760086,0.0,0.23501022160053253,0.0001,1e-05,53.6,5.1221,4.8079
3774,stage2,1,0.26496633887290955,0.2423887401819229,0.0,0.26496633887290955,0.0001,1e-05,53.585,6.9683,0.6675
3775,stage2,1,0.21883225440979004,0.24209554493427277,0.0,0.21883225440979004,0.0001,1e-05,53.597,4.5994,0.6679
3776,stage2,1,0.1839795857667923,0.22480148077011108,0.0,0.1839795857667923,0.0001,1e-05,53.592,4.4782,0.6683
3777,stage2,1,0.23249636590480804,0.21858680248260498,0.0,0.23249636590480804,0.0001,1e-05,53.608,4.0403,0.6683
3778,stage2,1,0.23590070009231567,0.21916179358959198,0.0,0.23590070009231567,0.0001,1e-05,53.608,4.0825,0.6686
3779,stage2,1,0.2212943136692047,0.222959503531456,0.0,0.2212943136692047,0.0001,1e-05,53.603,4.7964,0.6692
3780,stage2,1,0.21507853269577026,0.21385198831558228,0.0,0.21507853269577026,0.0001,1e-05,53.607,4.4547,0.6699
3781,stage2,1,0.24011214077472687,0.19560955464839935,0.0,0.24011214077472687,0.0001,1e-05,53.603,4.2893,4.8854
3782,stage2,1,0.22228588163852692,0.23407576978206635,0.0,0.22228588163852692,0.0001,1e-05,53.605,4.721,0.6671
3783,stage2,1,0.2313748449087143,0.21334423124790192,0.0,0.2313748449087143,0.0001,1e-05,53.603,4.2652,0.6682
3784,stage2,1,0.2562031149864197,0.21894951164722443,0.0,0.2562031149864197,0.0001,1e-05,53.603,4.2079,0.6684
3785,stage2,1,0.2571227252483368,0.24049603939056396,0.0,0.2571227252483368,0.0001,1e-05,53.609,7.2389,0.6752
3786,stage2,1,0.23836448788642883,0.21927250921726227,0.0,0.23836448788642883,0.0001,1e-05,53.602,3.9658,0.6693
3787,stage2,1,0.2658524513244629,0.19280919432640076,0.0,0.2658524513244629,0.0001,1e-05,53.606,3.3919,0.6704
3788,stage2,1,0.23077350854873657,0.2119106650352478,0.0,0.23077350854873657,0.0001,1e-05,53.601,5.7043,0.6704
3789,stage2,1,0.2293793261051178,0.21944133937358856,0.0,0.2293793261051178,0.0001,1e-05,53.601,5.1793,5.1401
3790,stage2,1,0.19238018989562988,0.24044236540794373,0.0,0.19238018989562988,0.0001,1e-05,53.592,4.7169,0.6675
3791,stage2,1,0.21488690376281738,0.22445045411586761,0.0,0.21488690376281738,0.0001,1e-05,53.6,4.6141,0.6683
3792,stage2,1,0.20803919434547424,0.24998857080936432,0.0,0.20803919434547424,0.0001,1e-05,53.6,4.2803,0.6681
3793,stage2,1,0.24096634984016418,0.20376431941986084,0.0,0.24096634984016418,0.0001,1e-05,53.585,4.192,0.6684
3794,stage2,1,0.21298055350780487,0.25210705399513245,0.0,0.21298055350780487,0.0001,1e-05,53.598,6.4151,0.6694
3795,stage2,1,0.20742706954479218,0.2510371208190918,0.0,0.20742706954479218,0.0001,1e-05,53.602,4.8603,0.6692
3796,stage2,1,0.23759102821350098,0.20157265663146973,0.0,0.23759102821350098,0.0001,1e-05,53.603,4.2709,0.6699
3797,stage2,1,0.19226618111133575,0.2425065040588379,0.0,0.19226618111133575,0.0001,1e-05,53.602,3.7871,5.5738
3798,stage2,1,0.2257973998785019,0.22646722197532654,0.0,0.2257973998785019,0.0001,1e-05,53.587,4.5805,0.6676
3799,stage2,1,0.24494218826293945,0.24318984150886536,0.0,0.24494218826293945,0.0001,1e-05,53.596,4.282,0.6676
3800,stage2,1,0.19828714430332184,0.2248215228319168,0.0,0.19828714430332184,0.0001,1e-05,53.599,4.7235,0.6683
3801,stage2,1,0.21540549397468567,0.23927637934684753,0.0,0.21540549397468567,0.0001,1e-05,53.596,4.4864,0.6688
3802,stage2,1,0.23391680419445038,0.2396658957004547,0.0,0.23391680419445038,0.0001,1e-05,53.601,6.0907,0.6686
3803,stage2,1,0.2051946371793747,0.2646160423755646,0.0,0.2051946371793747,0.0001,1e-05,53.586,4.8444,0.6724
3804,stage2,1,0.25704362988471985,0.22881893813610077,0.0,0.25704362988471985,0.0001,1e-05,53.603,4.2793,0.6694
3805,stage2,1,0.24598708748817444,0.25154367089271545,0.0,0.24598708748817444,0.0001,1e-05,53.599,5.7642,5.3694
3806,stage2,1,0.15991851687431335,0.23955881595611572,0.0,0.15991851687431335,0.0001,1e-05,53.6,4.195,0.67
3807,stage2,1,0.22696547210216522,0.2147265374660492,0.0,0.22696547210216522,0.0001,1e-05,53.606,4.2281,0.6677
3808,stage2,1,0.2574250102043152,0.2098068743944168,0.0,0.2574250102043152,0.0001,1e-05,53.599,4.9063,0.6672
3809,stage2,1,0.24767112731933594,0.24115386605262756,0.0,0.24767112731933594,0.0001,1e-05,53.6,5.1023,0.6675
3810,stage2,1,0.23412030935287476,0.2432553470134735,0.0,0.23412030935287476,0.0001,1e-05,53.607,5.7002,0.6687
3811,stage2,1,0.22073577344417572,0.2338285595178604,0.0,0.22073577344417572,0.0001,1e-05,53.597,5.9642,0.6686
3812,stage2,1,0.19585655629634857,0.2482505589723587,0.0,0.19585655629634857,0.0001,1e-05,53.6,5.1258,0.6696
3813,stage2,1,0.2500276565551758,0.1979479342699051,0.0,0.2500276565551758,0.0001,1e-05,53.609,4.142,5.4908
3814,stage2,1,0.24595598876476288,0.22931906580924988,0.0,0.24595598876476288,0.0001,1e-05,53.603,6.127,0.6677
3815,stage2,1,0.19076305627822876,0.22247162461280823,0.0,0.19076305627822876,0.0001,1e-05,53.601,4.3598,0.668
3816,stage2,1,0.21778686344623566,0.21118421852588654,0.0,0.21778686344623566,0.0001,1e-05,53.592,4.9156,0.6677
3817,stage2,1,0.20180842280387878,0.23044340312480927,0.0,0.20180842280387878,0.0001,1e-05,53.603,4.26,0.669
3818,stage2,1,0.23012900352478027,0.22351041436195374,0.0,0.23012900352478027,0.0001,1e-05,53.609,5.2153,0.6689
3819,stage2,1,0.22280588746070862,0.22623105347156525,0.0,0.22280588746070862,0.0001,1e-05,53.601,4.3346,0.6698
3820,stage2,1,0.21910780668258667,0.21064086258411407,0.0,0.21910780668258667,0.0001,1e-05,53.607,4.2763,0.6696
3821,stage2,1,0.2371818572282791,0.21245399117469788,0.0,0.2371818572282791,0.0001,1e-05,53.596,4.4993,4.853
3822,stage2,1,0.19191719591617584,0.24496720731258392,0.0,0.19191719591617584,0.0001,1e-05,53.608,4.2842,0.6671
3823,stage2,1,0.23936815559864044,0.19808544218540192,0.0,0.23936815559864044,0.0001,1e-05,53.603,4.4671,0.6729
3824,stage2,1,0.23172497749328613,0.23223376274108887,0.0,0.23172497749328613,0.0001,1e-05,53.604,4.3027,0.6686
3825,stage2,1,0.20749638974666595,0.20306476950645447,0.0,0.20749638974666595,0.0001,1e-05,53.596,3.3577,0.6695
3826,stage2,1,0.20414574444293976,0.21247833967208862,0.0,0.20414574444293976,0.0001,1e-05,53.605,3.7403,0.669
3827,stage2,1,0.2089998871088028,0.22182497382164001,0.0,0.2089998871088028,0.0001,1e-05,53.6,4.8357,0.6699
3828,stage2,1,0.2252214401960373,0.22089970111846924,0.0,0.2252214401960373,0.0001,1e-05,53.601,5.6428,0.6698
3829,stage2,1,0.22201457619667053,0.21299074590206146,0.0,0.22201457619667053,0.0001,1e-05,53.601,4.3428,4.6507
3830,stage2,1,0.2121734917163849,0.2414008527994156,0.0,0.2121734917163849,0.0001,1e-05,53.606,3.7736,0.6675
3831,stage2,1,0.2257532924413681,0.21593911945819855,0.0,0.2257532924413681,0.0001,1e-05,53.607,4.309,0.6687
3832,stage2,1,0.2150818109512329,0.20826730132102966,0.0,0.2150818109512329,0.0001,1e-05,53.606,4.2307,0.6686
3833,stage2,1,0.24605177342891693,0.20180201530456543,0.0,0.24605177342891693,0.0001,1e-05,53.605,4.2867,0.669
3834,stage2,1,0.22560374438762665,0.21483851969242096,0.0,0.22560374438762665,0.0001,1e-05,53.606,4.54,0.6743
3835,stage2,1,0.20748889446258545,0.21587572991847992,0.0,0.20748889446258545,0.0001,1e-05,53.617,4.4716,0.6699
3836,stage2,1,0.19218674302101135,0.22726517915725708,0.0,0.19218674302101135,0.0001,1e-05,53.604,5.2788,0.6705
3837,stage2,1,0.19563676416873932,0.21108293533325195,0.0,0.19563676416873932,0.0001,1e-05,53.601,3.7307,4.5471
3838,stage2,1,0.21374750137329102,0.21725143492221832,0.0,0.21374750137329102,0.0001,1e-05,53.602,3.9421,0.6675
3839,stage2,1,0.23077325522899628,0.22240924835205078,0.0,0.23077325522899628,0.0001,1e-05,53.607,4.4556,0.6679
3840,stage2,1,0.22098487615585327,0.2137202024459839,0.0,0.22098487615585327,0.0001,1e-05,53.6,4.0882,0.6693
3841,stage2,1,0.23970285058021545,0.22214841842651367,0.0,0.23970285058021545,0.0001,1e-05,53.599,4.7445,0.6679
3842,stage2,1,0.2421484738588333,0.22469109296798706,0.0,0.2421484738588333,0.0001,1e-05,53.596,4.5014,0.6688
3843,stage2,1,0.21408988535404205,0.21683736145496368,0.0,0.21408988535404205,0.0001,1e-05,53.603,3.3713,0.669
3844,stage2,1,0.21554921567440033,0.2356860637664795,0.0,0.21554921567440033,0.0001,1e-05,53.617,3.7172,0.6693
3845,stage2,1,0.21959534287452698,0.2214612364768982,0.0,0.21959534287452698,0.0001,1e-05,53.603,4.8354,4.3053
3846,stage2,1,0.22923053801059723,0.21821355819702148,0.0,0.22923053801059723,0.0001,1e-05,53.605,5.3832,0.6669
3847,stage2,1,0.237120121717453,0.21306437253952026,0.0,0.237120121717453,0.0001,1e-05,53.595,4.5808,0.6667
3848,stage2,1,0.24356885254383087,0.21961677074432373,0.0,0.24356885254383087,0.0001,1e-05,53.606,4.9764,0.6672
3849,stage2,1,0.24892032146453857,0.19842477142810822,0.0,0.24892032146453857,0.0001,1e-05,53.608,3.8858,0.6688
3850,stage2,1,0.1941678375005722,0.21874459087848663,0.0,0.1941678375005722,0.0001,1e-05,53.608,4.1565,0.6679
3851,stage2,1,0.18989847600460052,0.25244736671447754,0.0,0.18989847600460052,0.0001,1e-05,53.598,4.4325,0.6686
3852,stage2,1,0.23449081182479858,0.24076421558856964,0.0,0.23449081182479858,0.0001,1e-05,53.599,6.9658,0.6689
3853,stage2,1,0.17785029113292694,0.23199263215065002,0.0,0.17785029113292694,0.0001,1e-05,53.598,4.3893,4.2616
3854,stage2,1,0.23610736429691315,0.21757997572422028,0.0,0.23610736429691315,0.0001,1e-05,53.597,4.5991,0.6646
3855,stage2,1,0.21883171796798706,0.21491409838199615,0.0,0.21883171796798706,0.0001,1e-05,53.597,3.9975,0.6647
3856,stage2,2,0.23306512832641602,0.22167733311653137,0.0,0.23306512832641602,0.0001,1e-05,53.599,4.3108,11.2232
3857,stage2,2,0.23187455534934998,0.22710736095905304,0.0,0.23187455534934998,0.0001,1e-05,53.611,7.0871,0.6644
3858,stage2,2,0.1814393550157547,0.2508902847766876,0.0,0.1814393550157547,0.0001,1e-05,53.598,3.7714,0.6658
3859,stage2,2,0.23949311673641205,0.24477232992649078,0.0,0.23949311673641205,0.0001,1e-05,53.61,4.3563,0.6647
3860,stage2,2,0.26113468408584595,0.20993643999099731,0.0,0.26113468408584595,0.0001,1e-05,53.602,4.8712,0.6657
3861,stage2,2,0.2504124045372009,0.21992073953151703,0.0,0.2504124045372009,0.0001,1e-05,53.593,4.743,0.6665
3862,stage2,2,0.23515987396240234,0.22548215091228485,0.0,0.23515987396240234,0.0001,1e-05,53.599,4.7125,0.6667
3863,stage2,2,0.18618610501289368,0.2442016899585724,0.0,0.18618610501289368,0.0001,1e-05,53.601,4.9351,0.667
3864,stage2,2,0.2108883261680603,0.20979169011116028,0.0,0.2108883261680603,0.0001,1e-05,53.596,4.228,5.3671
3865,stage2,2,0.22129783034324646,0.21148623526096344,0.0,0.22129783034324646,0.0001,1e-05,53.6,5.6672,0.6653
3866,stage2,2,0.1980224847793579,0.2357807457447052,0.0,0.1980224847793579,0.0001,1e-05,53.6,6.0614,0.665
3867,stage2,2,0.23448805510997772,0.23363591730594635,0.0,0.23448805510997772,0.0001,1e-05,53.591,6.1962,0.666
3868,stage2,2,0.2332521229982376,0.22342891991138458,0.0,0.2332521229982376,0.0001,1e-05,53.608,5.0364,0.6658
3869,stage2,2,0.19252368807792664,0.21999616920948029,0.0,0.19252368807792664,0.0001,1e-05,53.588,4.9726,0.6664
3870,stage2,2,0.22571170330047607,0.22078837454319,0.0,0.22571170330047607,0.0001,1e-05,53.596,4.7957,0.6671
3871,stage2,2,0.24432988464832306,0.2161729484796524,0.0,0.24432988464832306,0.0001,1e-05,53.605,4.7564,0.6666
3872,stage2,2,0.25199899077415466,0.20524857938289642,0.0,0.25199899077415466,0.0001,1e-05,53.606,6.3801,4.8036
3873,stage2,2,0.2037854641675949,0.22228780388832092,0.0,0.2037854641675949,0.0001,1e-05,53.601,3.7857,0.666
3874,stage2,2,0.22230058908462524,0.21453481912612915,0.0,0.22230058908462524,0.0001,1e-05,53.605,4.186,0.6664
3875,stage2,2,0.21957696974277496,0.2329053431749344,0.0,0.21957696974277496,0.0001,1e-05,53.61,4.644,0.6664
3876,stage2,2,0.2279314398765564,0.2258254885673523,0.0,0.2279314398765564,0.0001,1e-05,53.599,4.2211,0.6669
3877,stage2,2,0.15499955415725708,0.246710404753685,0.0,0.15499955415725708,0.0001,1e-05,53.606,4.9262,0.6672
3878,stage2,2,0.2149934023618698,0.22398869693279266,0.0,0.2149934023618698,0.0001,1e-05,53.612,5.8742,0.6684
3879,stage2,2,0.22613193094730377,0.23648841679096222,0.0,0.22613193094730377,0.0001,1e-05,53.597,5.0873,0.6687
3880,stage2,2,0.2039395272731781,0.24187877774238586,0.0,0.2039395272731781,0.0001,1e-05,53.595,5.6027,5.3834
3881,stage2,2,0.21497248113155365,0.2069699466228485,0.0,0.21497248113155365,0.0001,1e-05,53.598,4.4287,0.6828
3882,stage2,2,0.2171390801668167,0.20517943799495697,0.0,0.2171390801668167,0.0001,1e-05,53.605,3.9243,0.6656
3883,stage2,2,0.1606004536151886,0.23571215569972992,0.0,0.1606004536151886,0.0001,1e-05,53.596,4.0901,0.6664
3884,stage2,2,0.2513728141784668,0.20574283599853516,0.0,0.2513728141784668,0.0001,1e-05,53.601,3.9488,0.6671
3885,stage2,2,0.22922249138355255,0.2027876377105713,0.0,0.22922249138355255,0.0001,1e-05,53.604,5.3271,0.6671
3886,stage2,2,0.24776402115821838,0.22326810657978058,0.0,0.24776402115821838,0.0001,1e-05,53.598,5.1032,0.668
3887,stage2,2,0.2239290326833725,0.21708877384662628,0.0,0.2239290326833725,0.0001,1e-05,53.606,4.3267,0.6678
3888,stage2,2,0.18211428821086884,0.22532549500465393,0.0,0.18211428821086884,0.0001,1e-05,53.602,4.5011,5.1249
3889,stage2,2,0.22635668516159058,0.22009748220443726,0.0,0.22635668516159058,0.0001,1e-05,53.593,4.6364,1.1254
3890,stage2,2,0.19897203147411346,0.21846941113471985,0.0,0.19897203147411346,0.0001,1e-05,53.607,3.8376,0.6656
3891,stage2,2,0.23484817147254944,0.21835088729858398,0.0,0.23484817147254944,0.0001,1e-05,53.599,3.8269,0.6661
3892,stage2,2,0.2192370593547821,0.1925564706325531,0.0,0.2192370593547821,0.0001,1e-05,53.606,5.3623,0.6665
3893,stage2,2,0.24787655472755432,0.21463733911514282,0.0,0.24787655472755432,0.0001,1e-05,53.607,4.6126,0.6668
3894,stage2,2,0.22805510461330414,0.2014945149421692,0.0,0.22805510461330414,0.0001,1e-05,53.605,4.5253,0.6673
3895,stage2,2,0.22037194669246674,0.20481424033641815,0.0,0.22037194669246674,0.0001,1e-05,53.597,4.8363,0.6682
3896,stage2,2,0.21150004863739014,0.21837034821510315,0.0,0.21150004863739014,0.0001,1e-05,53.593,4.7086,4.4778
3897,stage2,2,0.18376223742961884,0.2187078595161438,0.0,0.18376223742961884,0.0001,1e-05,53.606,3.9982,2.0948
3898,stage2,2,0.21725675463676453,0.22540222108364105,0.0,0.21725675463676453,0.0001,1e-05,53.607,4.3829,0.6663
3899,stage2,2,0.1672455072402954,0.22324922680854797,0.0,0.1672455072402954,0.0001,1e-05,53.61,3.1185,0.6657
3900,stage2,2,0.2113639861345291,0.20282822847366333,0.0,0.2113639861345291,0.0001,1e-05,53.61,4.077,0.6664
3901,stage2,2,0.1897554248571396,0.2283351570367813,0.0,0.1897554248571396,0.0001,1e-05,53.596,5.1955,0.6669
3902,stage2,2,0.20637919008731842,0.26216408610343933,0.0,0.20637919008731842,0.0001,1e-05,53.608,8.7039,0.6679
3903,stage2,2,0.2579047679901123,0.22439171373844147,0.0,0.2579047679901123,0.0001,1e-05,53.606,4.3226,0.6681
3904,stage2,2,0.24898047745227814,0.18260280787944794,0.0,0.24898047745227814,0.0001,1e-05,53.604,4.5157,3.4735
3905,stage2,2,0.24483247101306915,0.22136208415031433,0.0,0.24483247101306915,0.0001,1e-05,53.602,4.4223,2.0706
3906,stage2,2,0.21471790969371796,0.21969576179981232,0.0,0.21471790969371796,0.0001,1e-05,53.604,4.0112,0.6673
3907,stage2,2,0.20964683592319489,0.20673684775829315,0.0,0.20964683592319489,0.0001,1e-05,53.602,3.4961,0.6676
3908,stage2,2,0.2037901133298874,0.2196606695652008,0.0,0.2037901133298874,0.0001,1e-05,53.596,4.1919,0.6677
3909,stage2,2,0.2284521609544754,0.2318488359451294,0.0,0.2284521609544754,0.0001,1e-05,53.596,5.0553,0.6692
3910,stage2,2,0.21159455180168152,0.19758477807044983,0.0,0.21159455180168152,0.0001,1e-05,53.599,3.6474,0.6682
3911,stage2,2,0.1848601996898651,0.2136913239955902,0.0,0.1848601996898651,0.0001,1e-05,53.603,3.3234,0.6693
3912,stage2,2,0.1954275518655777,0.23570120334625244,0.0,0.1954275518655777,0.0001,1e-05,53.605,4.0076,4.2393
3913,stage2,2,0.2627919316291809,0.18308627605438232,0.0,0.2627919316291809,0.0001,1e-05,53.604,4.2591,1.2407
3914,stage2,2,0.1994110643863678,0.2276756763458252,0.0,0.1994110643863678,0.0001,1e-05,53.6,4.2671,0.6678
3915,stage2,2,0.19714009761810303,0.18371915817260742,0.0,0.19714009761810303,0.0001,1e-05,53.6,3.6398,0.6683
3916,stage2,2,0.21493682265281677,0.2166389524936676,0.0,0.21493682265281677,0.0001,1e-05,53.606,4.9909,0.6682
3917,stage2,2,0.24053458869457245,0.23556776344776154,0.0,0.24053458869457245,0.0001,1e-05,53.6,5.4034,0.6688
3918,stage2,2,0.21870502829551697,0.21660266816616058,0.0,0.21870502829551697,0.0001,1e-05,53.604,4.0564,0.6687
3919,stage2,2,0.22030091285705566,0.2274489551782608,0.0,0.22030091285705566,0.0001,1e-05,53.612,5.3895,0.669
3920,stage2,2,0.20530903339385986,0.20807383954524994,0.0,0.20530903339385986,0.0001,1e-05,53.602,4.6379,4.6169
3921,stage2,2,0.20152050256729126,0.22594046592712402,0.0,0.20152050256729126,0.0001,1e-05,53.596,3.5252,0.6668
3922,stage2,2,0.18623973429203033,0.2378227710723877,0.0,0.18623973429203033,0.0001,1e-05,53.608,3.8357,0.6671
3923,stage2,2,0.19275495409965515,0.20027515292167664,0.0,0.19275495409965515,0.0001,1e-05,53.598,5.2502,0.6678
3924,stage2,2,0.2327343374490738,0.21708862483501434,0.0,0.2327343374490738,0.0001,1e-05,53.6,4.6292,0.6688
3925,stage2,2,0.2207402139902115,0.2403290867805481,0.0,0.2207402139902115,0.0001,1e-05,53.609,5.4124,0.6687
3926,stage2,2,0.23207025229930878,0.21344368159770966,0.0,0.23207025229930878,0.0001,1e-05,53.603,3.9185,0.6692
3927,stage2,2,0.1748121976852417,0.23504719138145447,0.0,0.1748121976852417,0.0001,1e-05,53.603,3.9243,0.6694
3928,stage2,2,0.21472658216953278,0.22463463246822357,0.0,0.21472658216953278,0.0001,1e-05,53.596,4.0023,5.3132
3929,stage2,2,0.21807442605495453,0.2254764437675476,0.0,0.21807442605495453,0.0001,1e-05,53.585,4.8883,0.6672
3930,stage2,2,0.23220406472682953,0.20603090524673462,0.0,0.23220406472682953,0.0001,1e-05,53.593,4.6718,0.668
3931,stage2,2,0.1803291290998459,0.23759137094020844,0.0,0.1803291290998459,0.0001,1e-05,53.604,4.0548,0.6679
3932,stage2,2,0.26898932456970215,0.2080666720867157,0.0,0.26898932456970215,0.0001,1e-05,53.607,5.1757,0.6684
3933,stage2,2,0.24629580974578857,0.1711340993642807,0.0,0.24629580974578857,0.0001,1e-05,53.602,3.3841,0.6686
3934,stage2,2,0.20604607462882996,0.22677159309387207,0.0,0.20604607462882996,0.0001,1e-05,53.601,3.797,0.6688
3935,stage2,2,0.26262202858924866,0.2072858214378357,0.0,0.26262202858924866,0.0001,1e-05,53.597,4.3488,0.6728
3936,stage2,2,0.20179006457328796,0.21607282757759094,0.0,0.20179006457328796,0.0001,1e-05,53.603,4.7889,4.8474
3937,stage2,2,0.2305319756269455,0.22959977388381958,0.0,0.2305319756269455,0.0001,1e-05,53.595,5.0576,0.6672
3938,stage2,2,0.216981902718544,0.2015981525182724,0.0,0.216981902718544,0.0001,1e-05,53.598,3.8082,0.6677
3939,stage2,2,0.2179262489080429,0.218140110373497,0.0,0.2179262489080429,0.0001,1e-05,53.601,4.3331,0.668
3940,stage2,2,0.2298765331506729,0.21883082389831543,0.0,0.2298765331506729,0.0001,1e-05,53.61,4.0086,0.6688
3941,stage2,2,0.2194765955209732,0.20716407895088196,0.0,0.2194765955209732,0.0001,1e-05,53.611,4.2974,0.6685
3942,stage2,2,0.19130967557430267,0.22516721487045288,0.0,0.19130967557430267,0.0001,1e-05,53.604,3.8657,0.6695
3943,stage2,2,0.23676377534866333,0.21479113399982452,0.0,0.23676377534866333,0.0001,1e-05,53.606,4.081,0.6705
3944,stage2,2,0.21169747412204742,0.20632222294807434,0.0,0.21169747412204742,0.0001,1e-05,53.603,4.6807,4.9585
3945,stage2,2,0.21673958003520966,0.21535275876522064,0.0,0.21673958003520966,0.0001,1e-05,53.594,5.1925,0.6669
3946,stage2,2,0.2184753119945526,0.2060670107603073,0.0,0.2184753119945526,0.0001,1e-05,53.605,4.1703,0.6672
3947,stage2,2,0.2344970554113388,0.21554721891880035,0.0,0.2344970554113388,0.0001,1e-05,53.604,4.6477,0.6689
3948,stage2,2,0.18821607530117035,0.21662043035030365,0.0,0.18821607530117035,0.0001,1e-05,53.596,4.2443,0.6691
3949,stage2,2,0.25435760617256165,0.21062804758548737,0.0,0.25435760617256165,0.0001,1e-05,53.609,4.8434,0.6693
3950,stage2,2,0.22809208929538727,0.22220632433891296,0.0,0.22809208929538727,0.0001,1e-05,53.606,5.1095,0.6717
3951,stage2,2,0.2032811939716339,0.22071178257465363,0.0,0.2032811939716339,0.0001,1e-05,53.601,3.371,0.6694
3952,stage2,2,0.20138248801231384,0.2448691725730896,0.0,0.20138248801231384,0.0001,1e-05,53.614,5.0318,4.9953
3953,stage2,2,0.18571168184280396,0.22699856758117676,0.0,0.18571168184280396,0.0001,1e-05,53.604,3.5741,0.6672
3954,stage2,2,0.2155170440673828,0.22412540018558502,0.0,0.2155170440673828,0.0001,1e-05,53.609,5.7733,0.6679
3955,stage2,2,0.20606139302253723,0.20128409564495087,0.0,0.20606139302253723,0.0001,1e-05,53.602,4.2008,0.6683
3956,stage2,2,0.15961946547031403,0.2232281118631363,0.0,0.15961946547031403,0.0001,1e-05,53.6,4.068,0.6689
3957,stage2,2,0.20965585112571716,0.21700419485569,0.0,0.20965585112571716,0.0001,1e-05,53.598,3.9045,0.6693
3958,stage2,2,0.2064090222120285,0.21849048137664795,0.0,0.2064090222120285,0.0001,1e-05,53.61,4.4059,0.6694
3959,stage2,2,0.22009550034999847,0.2025022655725479,0.0,0.22009550034999847,0.0001,1e-05,53.607,3.937,0.6699
3960,stage2,2,0.2194913774728775,0.24472905695438385,0.0,0.2194913774728775,0.0001,1e-05,53.602,3.9113,4.5304
3961,stage2,2,0.20839187502861023,0.2082696557044983,0.0,0.20839187502861023,0.0001,1e-05,53.617,4.397,0.6686
3962,stage2,2,0.2080680876970291,0.22652846574783325,0.0,0.2080680876970291,0.0001,1e-05,53.615,4.5849,0.6677
3963,stage2,2,0.21967455744743347,0.23715676367282867,0.0,0.21967455744743347,0.0001,1e-05,53.6,5.461,0.6685
3964,stage2,2,0.20521628856658936,0.210309237241745,0.0,0.20521628856658936,0.0001,1e-05,53.607,4.3727,0.6684
3965,stage2,2,0.20109900832176208,0.20546859502792358,0.0,0.20109900832176208,0.0001,1e-05,53.608,5.2496,0.67
3966,stage2,2,0.2135659009218216,0.23912067711353302,0.0,0.2135659009218216,0.0001,1e-05,53.598,4.738,0.8408
3967,stage2,2,0.23146386444568634,0.19799034297466278,0.0,0.23146386444568634,0.0001,1e-05,53.604,5.0317,0.6702
3968,stage2,2,0.23370490968227386,0.2190520018339157,0.0,0.23370490968227386,0.0001,1e-05,53.598,5.182,4.6929
3969,stage2,2,0.20966526865959167,0.19777745008468628,0.0,0.20966526865959167,0.0001,1e-05,53.597,3.6051,0.6673
3970,stage2,2,0.24083510041236877,0.24555832147598267,0.0,0.24083510041236877,0.0001,1e-05,53.6,4.7596,0.6685
3971,stage2,2,0.22857198119163513,0.248993381857872,0.0,0.22857198119163513,0.0001,1e-05,53.601,4.2848,0.6688
3972,stage2,2,0.25035637617111206,0.20461873710155487,0.0,0.25035637617111206,0.0001,1e-05,53.603,4.0652,0.6696
3973,stage2,2,0.22394832968711853,0.2106512188911438,0.0,0.22394832968711853,0.0001,1e-05,53.609,4.2983,0.6698
3974,stage2,2,0.23844605684280396,0.21584239602088928,0.0,0.23844605684280396,0.0001,1e-05,53.61,4.5158,0.6706
3975,stage2,2,0.18999525904655457,0.24946480989456177,0.0,0.18999525904655457,0.0001,1e-05,53.605,4.1345,0.67
3976,stage2,2,0.23515769839286804,0.25054773688316345,0.0,0.23515769839286804,0.0001,1e-05,53.603,4.6636,4.9537
3977,stage2,2,0.16937032341957092,0.2128717601299286,0.0,0.16937032341957092,0.0001,1e-05,53.614,4.2798,0.6679
3978,stage2,2,0.21750538051128387,0.21710841357707977,0.0,0.21750538051128387,0.0001,1e-05,53.605,4.1171,0.6693
3979,stage2,2,0.18751883506774902,0.24035798013210297,0.0,0.18751883506774902,0.0001,1e-05,53.603,4.8419,0.6702
3980,stage2,2,0.20736616849899292,0.21292851865291595,0.0,0.20736616849899292,0.0001,1e-05,53.606,4.5431,0.6697
3981,stage2,2,0.19346249103546143,0.23280638456344604,0.0,0.19346249103546143,0.0001,1e-05,53.604,4.0891,0.6705
3982,stage2,2,0.191897913813591,0.2229553908109665,0.0,0.191897913813591,0.0001,1e-05,53.604,4.4208,0.6702
3983,stage2,2,0.1813659518957138,0.22284600138664246,0.0,0.1813659518957138,0.0001,1e-05,53.611,4.4944,0.6709
3984,stage2,2,0.20006966590881348,0.20850780606269836,0.0,0.20006966590881348,0.0001,1e-05,53.598,3.861,5.0002
3985,stage2,2,0.19565249979496002,0.2497013956308365,0.0,0.19565249979496002,0.0001,1e-05,53.608,5.3088,0.6686
3986,stage2,2,0.2449999451637268,0.22732612490653992,0.0,0.2449999451637268,0.0001,1e-05,53.592,7.0724,0.6681
3987,stage2,2,0.1909082680940628,0.23365163803100586,0.0,0.1909082680940628,0.0001,1e-05,53.6,4.4176,0.6685
3988,stage2,2,0.21305881440639496,0.23573918640613556,0.0,0.21305881440639496,0.0001,1e-05,53.608,5.8956,0.6696
3989,stage2,2,0.1956016570329666,0.20029205083847046,0.0,0.1956016570329666,0.0001,1e-05,53.594,3.8867,0.67
3990,stage2,2,0.19021539390087128,0.25093066692352295,0.0,0.19021539390087128,0.0001,1e-05,53.587,5.9141,0.6696
3991,stage2,2,0.20353074371814728,0.21352516114711761,0.0,0.20353074371814728,0.0001,1e-05,53.601,4.7441,0.6709
3992,stage2,2,0.23125465214252472,0.22851017117500305,0.0,0.23125465214252472,0.0001,1e-05,53.595,4.7509,5.4564
3993,stage2,2,0.2332645207643509,0.25469520688056946,0.0,0.2332645207643509,0.0001,1e-05,53.595,8.9315,0.6665
3994,stage2,2,0.20562860369682312,0.22308194637298584,0.0,0.20562860369682312,0.0001,1e-05,53.593,5.4043,0.6678
3995,stage2,2,0.203994020819664,0.21857820451259613,0.0,0.203994020819664,0.0001,1e-05,53.604,5.6935,0.6686
3996,stage2,2,0.22912321984767914,0.2179352045059204,0.0,0.22912321984767914,0.0001,1e-05,53.602,4.037,0.6691
3997,stage2,2,0.24458560347557068,0.21481101214885712,0.0,0.24458560347557068,0.0001,1e-05,53.603,5.4452,0.6694
3998,stage2,2,0.21406683325767517,0.2332562655210495,0.0,0.21406683325767517,0.0001,1e-05,53.606,5.4638,0.6692
3999,stage2,2,0.2287147492170334,0.19481495022773743,0.0,0.2287147492170334,0.0001,1e-05,53.601,5.5245,0.6703
4000,stage2,2,0.2299519032239914,0.2254696488380432,0.0,0.2299519032239914,0.0001,1e-05,53.605,4.2793,5.5001
4001,stage2,2,0.18873679637908936,0.21317923069000244,0.0,0.18873679637908936,0.0001,1e-05,53.595,4.2637,0.6674
4002,stage2,2,0.18702778220176697,0.23093196749687195,0.0,0.18702778220176697,0.0001,1e-05,53.603,4.3696,0.6672
4003,stage2,2,0.20652413368225098,0.1896466463804245,0.0,0.20652413368225098,0.0001,1e-05,53.605,4.4049,0.6682
4004,stage2,2,0.22864240407943726,0.21069829165935516,0.0,0.22864240407943726,0.0001,1e-05,53.615,3.9247,0.6689
4005,stage2,2,0.19926141202449799,0.20938000082969666,0.0,0.19926141202449799,0.0001,1e-05,53.601,3.8671,0.6697
4006,stage2,2,0.1902523636817932,0.23091228306293488,0.0,0.1902523636817932,0.0001,1e-05,53.606,4.0683,0.6699
4007,stage2,2,0.240017369389534,0.20476894080638885,0.0,0.240017369389534,0.0001,1e-05,53.61,4.4563,0.6706
4008,stage2,2,0.21427156031131744,0.23961476981639862,0.0,0.21427156031131744,0.0001,1e-05,53.594,5.4167,5.8694
4009,stage2,2,0.2266610860824585,0.21291233599185944,0.0,0.2266610860824585,0.0001,1e-05,53.612,4.6404,0.6672
4010,stage2,2,0.23501987755298615,0.22906924784183502,0.0,0.23501987755298615,0.0001,1e-05,53.603,4.0134,0.6674
4011,stage2,2,0.19452455639839172,0.21027351915836334,0.0,0.19452455639839172,0.0001,1e-05,53.597,4.5559,0.6667
4012,stage2,2,0.2525402307510376,0.18162350356578827,0.0,0.2525402307510376,0.0001,1e-05,53.595,4.1653,0.668
4013,stage2,2,0.23809747397899628,0.2124565988779068,0.0,0.23809747397899628,0.0001,1e-05,53.597,4.1913,0.669
4014,stage2,2,0.2151346504688263,0.1993202269077301,0.0,0.2151346504688263,0.0001,1e-05,53.593,5.0556,0.6687
4015,stage2,2,0.1727220118045807,0.22294877469539642,0.0,0.1727220118045807,0.0001,1e-05,53.594,4.1597,0.6689
4016,stage2,2,0.2210179716348648,0.21971753239631653,0.0,0.2210179716348648,0.0001,1e-05,53.598,4.4331,4.9455
4017,stage2,2,0.24417099356651306,0.1983533352613449,0.0,0.24417099356651306,0.0001,1e-05,53.599,5.1335,0.6668
4018,stage2,2,0.20212481915950775,0.19230741262435913,0.0,0.20212481915950775,0.0001,1e-05,53.602,3.8013,0.6675
4019,stage2,2,0.20099809765815735,0.21496237814426422,0.0,0.20099809765815735,0.0001,1e-05,53.603,4.5814,0.6679
4020,stage2,2,0.24788056313991547,0.20579473674297333,0.0,0.24788056313991547,0.0001,1e-05,53.602,5.5444,0.6687
4021,stage2,2,0.2349565327167511,0.2184961438179016,0.0,0.2349565327167511,0.0001,1e-05,53.609,3.936,0.6694
4022,stage2,2,0.20849134027957916,0.1909293830394745,0.0,0.20849134027957916,0.0001,1e-05,53.599,4.0362,0.6694
4023,stage2,2,0.17290106415748596,0.225897878408432,0.0,0.17290106415748596,0.0001,1e-05,53.607,3.9207,0.6748
4024,stage2,2,0.20131586492061615,0.22673752903938293,0.0,0.20131586492061615,0.0001,1e-05,53.6,4.9698,4.9405
4025,stage2,2,0.23336242139339447,0.19767439365386963,0.0,0.23336242139339447,0.0001,1e-05,53.602,4.6217,0.6671
4026,stage2,2,0.24518133699893951,0.1826976090669632,0.0,0.24518133699893951,0.0001,1e-05,53.598,4.4104,0.6686
4027,stage2,2,0.22186841070652008,0.19341117143630981,0.0,0.22186841070652008,0.0001,1e-05,53.595,4.073,0.6688
4028,stage2,2,0.19617696106433868,0.21742483973503113,0.0,0.19617696106433868,0.0001,1e-05,53.601,4.6831,0.6688
4029,stage2,2,0.20693515241146088,0.21948985755443573,0.0,0.20693515241146088,0.0001,1e-05,53.607,4.1841,0.6691
4030,stage2,2,0.22657738626003265,0.19989077746868134,0.0,0.22657738626003265,0.0001,1e-05,53.6,4.4166,0.6709
4031,stage2,2,0.18656566739082336,0.21009346842765808,0.0,0.18656566739082336,0.0001,1e-05,53.598,5.4167,0.6717
4032,stage2,2,0.19574213027954102,0.23697251081466675,0.0,0.19574213027954102,0.0001,1e-05,53.601,4.1711,4.6019
4033,stage2,2,0.19526389241218567,0.20796552300453186,0.0,0.19526389241218567,0.0001,1e-05,53.594,4.307,0.6677
4034,stage2,2,0.19916899502277374,0.20954446494579315,0.0,0.19916899502277374,0.0001,1e-05,53.597,5.3086,0.6694
4035,stage2,2,0.20218908786773682,0.2251521795988083,0.0,0.20218908786773682,0.0001,1e-05,53.611,9.4563,0.6699
4036,stage2,2,0.220929816365242,0.2216302901506424,0.0,0.220929816365242,0.0001,1e-05,53.606,5.4542,0.6701
4037,stage2,2,0.18084955215454102,0.24299581348896027,0.0,0.18084955215454102,0.0001,1e-05,53.604,5.1096,0.6705
4038,stage2,2,0.23659034073352814,0.23354296386241913,0.0,0.23659034073352814,0.0001,1e-05,53.597,8.6893,0.6704
4039,stage2,2,0.2693595290184021,0.22498780488967896,0.0,0.2693595290184021,0.0001,1e-05,53.595,6.5495,0.67
4040,stage2,2,0.2445346713066101,0.2564336955547333,0.0,0.2445346713066101,0.0001,1e-05,53.606,6.2784,4.877
4041,stage2,2,0.20496805012226105,0.20893020927906036,0.0,0.20496805012226105,0.0001,1e-05,53.605,4.0642,0.6675
4042,stage2,2,0.2104165405035019,0.21194544434547424,0.0,0.2104165405035019,0.0001,1e-05,53.605,5.0867,0.6672
4043,stage2,2,0.2156921774148941,0.19795796275138855,0.0,0.2156921774148941,0.0001,1e-05,53.617,5.4161,0.6689
4044,stage2,2,0.2351667881011963,0.21057310700416565,0.0,0.2351667881011963,0.0001,1e-05,53.6,5.2961,0.6683
4045,stage2,2,0.226545050740242,0.24815987050533295,0.0,0.226545050740242,0.0001,1e-05,53.591,5.3346,0.6693
4046,stage2,2,0.23875275254249573,0.25402069091796875,0.0,0.23875275254249573,0.0001,1e-05,53.608,4.4563,0.6695
4047,stage2,2,0.1861875057220459,0.24807186424732208,0.0,0.1861875057220459,0.0001,1e-05,53.604,4.4022,0.6713
4048,stage2,2,0.20939640700817108,0.21224205195903778,0.0,0.20939640700817108,0.0001,1e-05,53.589,4.124,4.5761
4049,stage2,2,0.2375248819589615,0.22542241215705872,0.0,0.2375248819589615,0.0001,1e-05,53.599,5.923,0.6673
4050,stage2,2,0.22231726348400116,0.24633358418941498,0.0,0.22231726348400116,0.0001,1e-05,53.605,4.9486,0.6682
4051,stage2,2,0.25579920411109924,0.18420842289924622,0.0,0.25579920411109924,0.0001,1e-05,53.594,4.6419,0.6692
4052,stage2,2,0.2027309089899063,0.2194637656211853,0.0,0.2027309089899063,0.0001,1e-05,53.595,3.1663,0.6695
4053,stage2,2,0.21269245445728302,0.20967316627502441,0.0,0.21269245445728302,0.0001,1e-05,53.606,4.5862,0.6699
4054,stage2,2,0.17735540866851807,0.24155302345752716,0.0,0.17735540866851807,0.0001,1e-05,53.608,4.5331,0.6706
4055,stage2,2,0.23260822892189026,0.23459450900554657,0.0,0.23260822892189026,0.0001,1e-05,53.601,4.8866,0.6702
4056,stage2,2,0.23376084864139557,0.22250865399837494,0.0,0.23376084864139557,0.0001,1e-05,53.6,5.5156,4.7191
4057,stage2,2,0.22913408279418945,0.22886031866073608,0.0,0.22913408279418945,0.0001,1e-05,53.611,5.0044,0.668
4058,stage2,2,0.2105066180229187,0.21645724773406982,0.0,0.2105066180229187,0.0001,1e-05,53.609,5.122,0.6691
4059,stage2,2,0.2298821061849594,0.23459751904010773,0.0,0.2298821061849594,0.0001,1e-05,53.612,5.3443,0.6694
4060,stage2,2,0.189493790268898,0.22586208581924438,0.0,0.189493790268898,0.0001,1e-05,53.595,4.691,0.6701
4061,stage2,2,0.20669963955879211,0.20133854448795319,0.0,0.20669963955879211,0.0001,1e-05,53.599,3.9087,0.67
4062,stage2,2,0.2348913848400116,0.19494004547595978,0.0,0.2348913848400116,0.0001,1e-05,53.599,4.998,0.6706
4063,stage2,2,0.17983964085578918,0.24423624575138092,0.0,0.17983964085578918,0.0001,1e-05,53.6,3.7017,0.6708
4064,stage2,2,0.2579312026500702,0.20540952682495117,0.0,0.2579312026500702,0.0001,1e-05,53.606,4.0972,5.153
4065,stage2,2,0.21691912412643433,0.22608759999275208,0.0,0.21691912412643433,0.0001,1e-05,53.596,4.1981,0.6683
4066,stage2,2,0.261199951171875,0.18005216121673584,0.0,0.261199951171875,0.0001,1e-05,53.597,3.847,0.6681
4067,stage2,2,0.16009309887886047,0.20252270996570587,0.0,0.16009309887886047,0.0001,1e-05,53.599,3.871,0.6691
4068,stage2,2,0.21703073382377625,0.2014588862657547,0.0,0.21703073382377625,0.0001,1e-05,53.597,4.5994,0.6698
4069,stage2,2,0.21794195473194122,0.21696528792381287,0.0,0.21794195473194122,0.0001,1e-05,53.597,4.3852,0.6714
4070,stage2,2,0.1960999220609665,0.20849117636680603,0.0,0.1960999220609665,0.0001,1e-05,53.597,4.7536,0.6709
4071,stage2,2,0.20604783296585083,0.2025185376405716,0.0,0.20604783296585083,0.0001,1e-05,53.604,4.7201,0.6706
4072,stage2,2,0.14984767138957977,0.22173510491847992,0.0,0.14984767138957977,0.0001,1e-05,53.6,3.848,5.4838
4073,stage2,2,0.1992878019809723,0.25074875354766846,0.0,0.1992878019809723,0.0001,1e-05,53.593,4.3915,0.6704
4074,stage2,2,0.22627106308937073,0.20100103318691254,0.0,0.22627106308937073,0.0001,1e-05,53.601,3.8741,0.6682
4075,stage2,2,0.16822080314159393,0.2509728670120239,0.0,0.16822080314159393,0.0001,1e-05,53.603,3.5988,0.6689
4076,stage2,2,0.1823212206363678,0.22046785056591034,0.0,0.1823212206363678,0.0001,1e-05,53.604,3.9729,0.6696
4077,stage2,2,0.20582054555416107,0.19977600872516632,0.0,0.20582054555416107,0.0001,1e-05,53.599,4.0411,0.67
4078,stage2,2,0.20820817351341248,0.19596171379089355,0.0,0.20820817351341248,0.0001,1e-05,53.605,4.1142,0.6705
4079,stage2,2,0.2650960385799408,0.19664503633975983,0.0,0.2650960385799408,0.0001,1e-05,53.608,6.0382,0.6701
4080,stage2,2,0.2097690999507904,0.21255429089069366,0.0,0.2097690999507904,0.0001,1e-05,53.605,3.7028,4.8617
4081,stage2,2,0.1687461882829666,0.23665019869804382,0.0,0.1687461882829666,0.0001,1e-05,53.608,3.1183,0.6726
4082,stage2,2,0.18996839225292206,0.20653767883777618,0.0,0.18996839225292206,0.0001,1e-05,53.603,4.2366,0.6637
4083,stage2,2,0.18567781150341034,0.20079711079597473,0.0,0.18567781150341034,0.0001,1e-05,53.595,3.5024,0.6693
4084,stage2,2,0.2066190391778946,0.21967890858650208,0.0,0.2066190391778946,0.0001,1e-05,53.6,4.0566,0.6695
4085,stage2,2,0.19800080358982086,0.18936465680599213,0.0,0.19800080358982086,0.0001,1e-05,53.606,3.3067,0.6693
4086,stage2,2,0.21251271665096283,0.2024223357439041,0.0,0.21251271665096283,0.0001,1e-05,53.602,3.542,0.6699
4087,stage2,2,0.19846129417419434,0.2223685085773468,0.0,0.19846129417419434,0.0001,1e-05,53.597,4.016,0.6694
4088,stage2,2,0.18274031579494476,0.2427946925163269,0.0,0.18274031579494476,0.0001,1e-05,53.586,3.5183,4.968
4089,stage2,2,0.19712701439857483,0.20760630071163177,0.0,0.19712701439857483,0.0001,1e-05,53.596,4.2447,0.6675
4090,stage2,2,0.20195700228214264,0.1771531105041504,0.0,0.20195700228214264,0.0001,1e-05,53.602,4.076,0.6681
4091,stage2,2,0.20845891535282135,0.20069701969623566,0.0,0.20845891535282135,0.0001,1e-05,53.596,4.1909,0.6686
4092,stage2,2,0.23046299815177917,0.19306616485118866,0.0,0.23046299815177917,0.0001,1e-05,53.609,4.4922,0.6694
4093,stage2,2,0.20988591015338898,0.21358653903007507,0.0,0.20988591015338898,0.0001,1e-05,53.599,4.5748,0.6696
4094,stage2,2,0.22136297821998596,0.19207461178302765,0.0,0.22136297821998596,0.0001,1e-05,53.6,4.7019,0.6704
4095,stage2,2,0.2131987363100052,0.19049525260925293,0.0,0.2131987363100052,0.0001,1e-05,53.588,3.4143,0.6698
4096,stage2,2,0.18244610726833344,0.2508769929409027,0.0,0.18244610726833344,0.0001,1e-05,53.592,4.7118,5.0865
4097,stage2,2,0.2255273461341858,0.21665772795677185,0.0,0.2255273461341858,0.0001,1e-05,53.596,5.0251,0.669
4098,stage2,2,0.186316579580307,0.22392669320106506,0.0,0.186316579580307,0.0001,1e-05,53.597,3.415,0.6678
4099,stage2,2,0.21634823083877563,0.2284458726644516,0.0,0.21634823083877563,0.0001,1e-05,53.606,4.4461,0.668
4100,stage2,2,0.19331087172031403,0.25063320994377136,0.0,0.19331087172031403,0.0001,1e-05,53.6,4.6202,0.6682
4101,stage2,2,0.22532851994037628,0.1972775161266327,0.0,0.22532851994037628,0.0001,1e-05,53.6,3.7527,0.6691
4102,stage2,2,0.21777823567390442,0.21143412590026855,0.0,0.21777823567390442,0.0001,1e-05,53.599,5.6613,0.6696
4103,stage2,2,0.1797424554824829,0.19631065428256989,0.0,0.1797424554824829,0.0001,1e-05,53.602,4.2041,0.6707
4104,stage2,2,0.20219852030277252,0.2309248298406601,0.0,0.20219852030277252,0.0001,1e-05,53.608,4.379,5.1279
4105,stage2,2,0.2331932634115219,0.20375971496105194,0.0,0.2331932634115219,0.0001,1e-05,53.587,4.5668,0.6677
4106,stage2,2,0.20631717145442963,0.2162017822265625,0.0,0.20631717145442963,0.0001,1e-05,53.598,3.6189,0.6674
4107,stage2,2,0.20829015970230103,0.2060050368309021,0.0,0.20829015970230103,0.0001,1e-05,53.592,4.0023,0.6683
4108,stage2,2,0.2570788562297821,0.20404939353466034,0.0,0.2570788562297821,0.0001,1e-05,53.597,4.6857,0.6692
4109,stage2,2,0.17168284952640533,0.2114255130290985,0.0,0.17168284952640533,0.0001,1e-05,53.604,4.2416,0.6692
4110,stage2,2,0.17407186329364777,0.24240811169147491,0.0,0.17407186329364777,0.0001,1e-05,53.602,5.1055,0.669
4111,stage2,2,0.1975376456975937,0.20325584709644318,0.0,0.1975376456975937,0.0001,1e-05,53.602,4.4216,0.6718
4112,stage2,2,0.1856655776500702,0.24654090404510498,0.0,0.1856655776500702,0.0001,1e-05,53.592,7.1246,4.8885
4113,stage2,2,0.2133314311504364,0.23508693277835846,0.0,0.2133314311504364,0.0001,1e-05,53.607,4.2756,0.6674
4114,stage2,2,0.19099177420139313,0.22718067467212677,0.0,0.19099177420139313,0.0001,1e-05,53.597,4.2873,0.6677
4115,stage2,2,0.17975899577140808,0.2182968109846115,0.0,0.17975899577140808,0.0001,1e-05,53.608,3.8182,0.6687
4116,stage2,2,0.2308683842420578,0.23348066210746765,0.0,0.2308683842420578,0.0001,1e-05,53.6,6.6167,0.6742
4117,stage2,2,0.20503775775432587,0.2169465869665146,0.0,0.20503775775432587,0.0001,1e-05,53.596,3.8154,0.6696
4118,stage2,2,0.19665932655334473,0.20274528861045837,0.0,0.19665932655334473,0.0001,1e-05,53.605,4.6706,0.6689
4119,stage2,2,0.21465343236923218,0.23737852275371552,0.0,0.21465343236923218,0.0001,1e-05,53.598,5.2629,0.6699
4120,stage2,2,0.23736438155174255,0.2036978006362915,0.0,0.23736438155174255,0.0001,1e-05,53.595,4.7463,4.9566
4121,stage2,2,0.19638870656490326,0.18974705040454865,0.0,0.19638870656490326,0.0001,1e-05,53.605,4.2799,0.6677
4122,stage2,2,0.20179204642772675,0.2387520670890808,0.0,0.20179204642772675,0.0001,1e-05,53.594,5.5059,0.6686
4123,stage2,2,0.21962109208106995,0.2165946662425995,0.0,0.21962109208106995,0.0001,1e-05,53.597,4.8136,0.669
4124,stage2,2,0.19111795723438263,0.22114132344722748,0.0,0.19111795723438263,0.0001,1e-05,53.601,4.8533,0.6714
4125,stage2,2,0.19803014397621155,0.23658499121665955,0.0,0.19803014397621155,0.0001,1e-05,53.586,4.2259,0.6697
4126,stage2,2,0.21420711278915405,0.20841039717197418,0.0,0.21420711278915405,0.0001,1e-05,53.597,4.5976,0.6693
4127,stage2,2,0.212722048163414,0.22900579869747162,0.0,0.212722048163414,0.0001,1e-05,53.593,6.5738,0.677
4128,stage2,2,0.19441655278205872,0.21873876452445984,0.0,0.19441655278205872,0.0001,1e-05,53.594,4.3006,5.899
4129,stage2,2,0.18800482153892517,0.20537251234054565,0.0,0.18800482153892517,0.0001,1e-05,53.59,3.2945,0.6672
4130,stage2,2,0.22414937615394592,0.21757195889949799,0.0,0.22414937615394592,0.0001,1e-05,53.592,5.9134,0.6674
4131,stage2,2,0.22623133659362793,0.20860058069229126,0.0,0.22623133659362793,0.0001,1e-05,53.603,6.5159,0.6692
4132,stage2,2,0.19793002307415009,0.21005550026893616,0.0,0.19793002307415009,0.0001,1e-05,53.597,5.0172,0.669
4133,stage2,2,0.18452349305152893,0.2381352037191391,0.0,0.18452349305152893,0.0001,1e-05,53.597,4.1044,0.6692
4134,stage2,2,0.18743738532066345,0.23618732392787933,0.0,0.18743738532066345,0.0001,1e-05,53.59,5.2641,0.6705
4135,stage2,2,0.2290012240409851,0.2171584665775299,0.0,0.2290012240409851,0.0001,1e-05,53.6,4.5357,0.6701
4136,stage2,2,0.21689845621585846,0.22966203093528748,0.0,0.21689845621585846,0.0001,1e-05,53.587,5.0547,4.9046
4137,stage2,2,0.18716269731521606,0.2265290468931198,0.0,0.18716269731521606,0.0001,1e-05,53.593,3.7683,0.6676
4138,stage2,2,0.21079809963703156,0.22721798717975616,0.0,0.21079809963703156,0.0001,1e-05,53.603,5.3235,0.6676
4139,stage2,2,0.1961096078157425,0.21491976082324982,0.0,0.1961096078157425,0.0001,1e-05,53.603,5.2202,0.6691
4140,stage2,2,0.24067145586013794,0.1771586835384369,0.0,0.24067145586013794,0.0001,1e-05,53.603,4.1039,0.668
4141,stage2,2,0.19147621095180511,0.21933753788471222,0.0,0.19147621095180511,0.0001,1e-05,53.596,4.6641,0.6692
4142,stage2,2,0.22210043668746948,0.23089690506458282,0.0,0.22210043668746948,0.0001,1e-05,53.585,5.1976,0.6705
4143,stage2,2,0.20927074551582336,0.21559229493141174,0.0,0.20927074551582336,0.0001,1e-05,53.591,4.5468,0.6698
4144,stage2,2,0.1901540905237198,0.23070336878299713,0.0,0.1901540905237198,0.0001,1e-05,53.601,4.1845,4.6563
4145,stage2,2,0.22483526170253754,0.21692050993442535,0.0,0.22483526170253754,0.0001,1e-05,53.594,4.0533,0.6681
4146,stage2,2,0.2107110470533371,0.2430190145969391,0.0,0.2107110470533371,0.0001,1e-05,53.595,4.46,0.6692
4147,stage2,2,0.23362645506858826,0.20319467782974243,0.0,0.23362645506858826,0.0001,1e-05,53.608,5.5841,0.6681
4148,stage2,2,0.20065754652023315,0.211935356259346,0.0,0.20065754652023315,0.0001,1e-05,53.593,4.2539,0.6737
4149,stage2,2,0.1944594532251358,0.22519755363464355,0.0,0.1944594532251358,0.0001,1e-05,53.601,4.6147,0.6692
4150,stage2,2,0.23490077257156372,0.18741922080516815,0.0,0.23490077257156372,0.0001,1e-05,53.596,4.2567,0.6699
4151,stage2,2,0.18736857175827026,0.21251383423805237,0.0,0.18736857175827026,0.0001,1e-05,53.577,4.1535,0.6749
4152,stage2,2,0.2126004993915558,0.1925763189792633,0.0,0.2126004993915558,0.0001,1e-05,53.593,4.0573,5.3515
4153,stage2,2,0.22010855376720428,0.21660056710243225,0.0,0.22010855376720428,0.0001,1e-05,53.598,5.4792,0.6667
4154,stage2,2,0.22747476398944855,0.20890836417675018,0.0,0.22747476398944855,0.0001,1e-05,53.601,5.4995,0.668
4155,stage2,2,0.22042137384414673,0.1929124891757965,0.0,0.22042137384414673,0.0001,1e-05,53.605,4.0307,0.6684
4156,stage2,2,0.20638471841812134,0.22087517380714417,0.0,0.20638471841812134,0.0001,1e-05,53.601,5.9751,0.6687
4157,stage2,2,0.1683315932750702,0.2026032954454422,0.0,0.1683315932750702,0.0001,1e-05,53.605,4.0102,0.6691
4158,stage2,2,0.19362223148345947,0.19266356527805328,0.0,0.19362223148345947,0.0001,1e-05,53.602,5.8857,0.669
4159,stage2,2,0.26874464750289917,0.2086179256439209,0.0,0.26874464750289917,0.0001,1e-05,53.596,6.6843,0.67
4160,stage2,2,0.22074685990810394,0.22850127518177032,0.0,0.22074685990810394,0.0001,1e-05,53.601,5.0989,5.3884
4161,stage2,2,0.20673075318336487,0.20656685531139374,0.0,0.20673075318336487,0.0001,1e-05,53.593,4.3588,0.6674
4162,stage2,2,0.19635508954524994,0.20347028970718384,0.0,0.19635508954524994,0.0001,1e-05,53.594,5.0068,0.6676
4163,stage2,2,0.2111261487007141,0.2192530781030655,0.0,0.2111261487007141,0.0001,1e-05,53.61,5.9922,0.6715
4164,stage2,2,0.20670323073863983,0.22719010710716248,0.0,0.20670323073863983,0.0001,1e-05,53.612,5.4956,0.6681
4165,stage2,2,0.167921245098114,0.2061941921710968,0.0,0.167921245098114,0.0001,1e-05,53.598,4.0112,0.6696
4166,stage2,2,0.21507996320724487,0.1985415518283844,0.0,0.21507996320724487,0.0001,1e-05,53.592,5.3184,0.669
4167,stage2,2,0.20268592238426208,0.18719756603240967,0.0,0.20268592238426208,0.0001,1e-05,53.6,4.8506,0.6695
4168,stage2,2,0.22694671154022217,0.21142403781414032,0.0,0.22694671154022217,0.0001,1e-05,53.6,4.5141,4.7612
4169,stage2,2,0.166237011551857,0.23545482754707336,0.0,0.166237011551857,0.0001,1e-05,53.609,4.3635,0.6697
4170,stage2,2,0.21307805180549622,0.2280648648738861,0.0,0.21307805180549622,0.0001,1e-05,53.597,5.7184,0.6659
4171,stage2,2,0.266593337059021,0.22453628480434418,0.0,0.266593337059021,0.0001,1e-05,53.594,5.1184,0.668
4172,stage2,2,0.2122640460729599,0.2275584191083908,0.0,0.2122640460729599,0.0001,1e-05,53.594,4.0476,0.6708
4173,stage2,2,0.22207528352737427,0.19712744653224945,0.0,0.22207528352737427,0.0001,1e-05,53.596,3.8491,0.6754
4174,stage2,2,0.2018240988254547,0.22669754922389984,0.0,0.2018240988254547,0.0001,1e-05,53.601,3.5493,0.6701
4175,stage2,2,0.2357124537229538,0.21432825922966003,0.0,0.2357124537229538,0.0001,1e-05,53.604,5.2486,0.6701
4176,stage2,2,0.2029564380645752,0.20230334997177124,0.0,0.2029564380645752,0.0001,1e-05,53.591,5.3869,4.8566
4177,stage2,2,0.19373400509357452,0.19521382451057434,0.0,0.19373400509357452,0.0001,1e-05,53.601,3.9245,0.6666
4178,stage2,2,0.2031983882188797,0.21459385752677917,0.0,0.2031983882188797,0.0001,1e-05,53.593,4.0471,0.668
4179,stage2,2,0.2047063559293747,0.2055414915084839,0.0,0.2047063559293747,0.0001,1e-05,53.598,5.202,0.6685
4180,stage2,2,0.20505638420581818,0.20950691401958466,0.0,0.20505638420581818,0.0001,1e-05,53.603,4.0916,0.6688
4181,stage2,2,0.21974515914916992,0.2087436467409134,0.0,0.21974515914916992,0.0001,1e-05,53.594,4.0475,0.669
4182,stage2,2,0.2209317684173584,0.20846839249134064,0.0,0.2209317684173584,0.0001,1e-05,53.599,4.647,0.6697
4183,stage2,2,0.18111158907413483,0.22425317764282227,0.0,0.18111158907413483,0.0001,1e-05,53.601,4.8402,0.6711
4184,stage2,2,0.19185060262680054,0.22823265194892883,0.0,0.19185060262680054,0.0001,1e-05,53.601,3.8773,4.8512
4185,stage2,2,0.21420909464359283,0.24105896055698395,0.0,0.21420909464359283,0.0001,1e-05,53.597,5.2724,0.6678
4186,stage2,2,0.17752748727798462,0.2286895215511322,0.0,0.17752748727798462,0.0001,1e-05,53.598,4.9634,0.6682
4187,stage2,2,0.24072620272636414,0.20351099967956543,0.0,0.24072620272636414,0.0001,1e-05,53.595,5.1366,0.6687
4188,stage2,2,0.22066517174243927,0.22893719375133514,0.0,0.22066517174243927,0.0001,1e-05,53.592,5.0748,0.6697
4189,stage2,2,0.20390239357948303,0.21600519120693207,0.0,0.20390239357948303,0.0001,1e-05,53.607,5.0914,0.6699
4190,stage2,2,0.19754327833652496,0.21886661648750305,0.0,0.19754327833652496,0.0001,1e-05,53.607,4.9668,0.6702
4191,stage2,2,0.22896862030029297,0.21186137199401855,0.0,0.22896862030029297,0.0001,1e-05,53.593,5.5631,0.6703
4192,stage2,2,0.19236798584461212,0.20355567336082458,0.0,0.19236798584461212,0.0001,1e-05,53.607,5.2741,4.9774
4193,stage2,2,0.19549775123596191,0.21682700514793396,0.0,0.19549775123596191,0.0001,1e-05,53.61,3.5853,0.6671
4194,stage2,2,0.2060474455356598,0.2118855118751526,0.0,0.2060474455356598,0.0001,1e-05,53.597,4.3139,0.6677
4195,stage2,2,0.2082500010728836,0.22153596580028534,0.0,0.2082500010728836,0.0001,1e-05,53.6,3.8252,0.6691
4196,stage2,2,0.19936899840831757,0.22106370329856873,0.0,0.19936899840831757,0.0001,1e-05,53.599,4.9567,0.6729
4197,stage2,2,0.20558246970176697,0.2209583818912506,0.0,0.20558246970176697,0.0001,1e-05,53.601,4.5826,0.6704
4198,stage2,2,0.21298839151859283,0.1970720887184143,0.0,0.21298839151859283,0.0001,1e-05,53.611,3.583,0.6701
4199,stage2,2,0.16540087759494781,0.22517143189907074,0.0,0.16540087759494781,0.0001,1e-05,53.596,4.5346,0.6703
4200,stage2,2,0.17909426987171173,0.202419713139534,0.0,0.17909426987171173,0.0001,1e-05,53.606,3.3467,5.811
4201,stage2,2,0.18598252534866333,0.20882876217365265,0.0,0.18598252534866333,0.0001,1e-05,53.59,3.6617,0.6668
4202,stage2,2,0.23968634009361267,0.22886890172958374,0.0,0.23968634009361267,0.0001,1e-05,53.595,4.861,0.6677
4203,stage2,2,0.18550997972488403,0.22458024322986603,0.0,0.18550997972488403,0.0001,1e-05,53.591,4.0758,0.6724
4204,stage2,2,0.17943061888217926,0.22118926048278809,0.0,0.17943061888217926,0.0001,1e-05,53.593,4.6393,0.6675
4205,stage2,2,0.2124296873807907,0.19813106954097748,0.0,0.2124296873807907,0.0001,1e-05,53.594,4.2537,0.6695
4206,stage2,2,0.2128673791885376,0.19868046045303345,0.0,0.2128673791885376,0.0001,1e-05,53.587,4.014,0.6695
4207,stage2,2,0.20444196462631226,0.2031153440475464,0.0,0.20444196462631226,0.0001,1e-05,53.592,3.5883,0.6696
4208,stage2,2,0.22775280475616455,0.20544616878032684,0.0,0.22775280475616455,0.0001,1e-05,53.598,5.3578,4.9183
4209,stage2,2,0.1895216703414917,0.19357489049434662,0.0,0.1895216703414917,0.0001,1e-05,53.598,4.6475,0.668
4210,stage2,2,0.18368899822235107,0.2195955067873001,0.0,0.18368899822235107,0.0001,1e-05,53.592,3.8541,0.6676
4211,stage2,2,0.20685425400733948,0.24143628776073456,0.0,0.20685425400733948,0.0001,1e-05,53.594,4.6258,1.0947
4212,stage2,2,0.2075798660516739,0.22581380605697632,0.0,0.2075798660516739,0.0001,1e-05,53.587,4.65,0.6699
4213,stage2,2,0.23907025158405304,0.2272913157939911,0.0,0.23907025158405304,0.0001,1e-05,53.604,5.2927,0.6695
4214,stage2,2,0.20721516013145447,0.17824004590511322,0.0,0.20721516013145447,0.0001,1e-05,53.604,4.6045,0.6688
4215,stage2,2,0.21345099806785583,0.18309034407138824,0.0,0.21345099806785583,0.0001,1e-05,53.605,4.0876,0.6692
4216,stage2,2,0.17774435877799988,0.22502677142620087,0.0,0.17774435877799988,0.0001,1e-05,53.604,3.9505,4.6603
4217,stage2,2,0.1862209141254425,0.21932457387447357,0.0,0.1862209141254425,0.0001,1e-05,53.601,4.0114,0.6656
4218,stage2,2,0.20784150063991547,0.22145769000053406,0.0,0.20784150063991547,0.0001,1e-05,53.596,4.0046,0.6678
4219,stage2,2,0.2341061383485794,0.19271285831928253,0.0,0.2341061383485794,0.0001,1e-05,53.594,4.1772,1.974
4220,stage2,2,0.17594532668590546,0.2334449142217636,0.0,0.17594532668590546,0.0001,1e-05,53.603,3.9206,0.6677
4221,stage2,2,0.21313074231147766,0.200011745095253,0.0,0.21313074231147766,0.0001,1e-05,53.593,3.8494,0.6734
4222,stage2,2,0.21292343735694885,0.20735345780849457,0.0,0.21292343735694885,0.0001,1e-05,53.586,4.2918,0.6673
4223,stage2,2,0.21746669709682465,0.21353113651275635,0.0,0.21746669709682465,0.0001,1e-05,53.592,5.0327,0.6687
4224,stage2,2,0.21073146164417267,0.20128290355205536,0.0,0.21073146164417267,0.0001,1e-05,53.607,3.9196,3.7311
4225,stage2,2,0.14937028288841248,0.24295973777770996,0.0,0.14937028288841248,0.0001,1e-05,53.599,3.7517,0.6604
4226,stage2,2,0.20055080950260162,0.23484404385089874,0.0,0.20055080950260162,0.0001,1e-05,53.594,4.9336,0.6682
4227,stage2,2,0.19637131690979004,0.22000010311603546,0.0,0.19637131690979004,0.0001,1e-05,53.604,3.4964,2.5514
4228,stage2,2,0.21615809202194214,0.19146466255187988,0.0,0.21615809202194214,0.0001,1e-05,53.604,4.2763,0.6675
4229,stage2,2,0.18765047192573547,0.20396770536899567,0.0,0.18765047192573547,0.0001,1e-05,53.595,4.2357,0.6678
4230,stage2,2,0.19869977235794067,0.2060375064611435,0.0,0.19869977235794067,0.0001,1e-05,53.59,4.4156,0.6693
4231,stage2,2,0.1834563910961151,0.20819143950939178,0.0,0.1834563910961151,0.0001,1e-05,53.596,4.1826,0.6687
4232,stage2,2,0.1677800863981247,0.2315160185098648,0.0,0.1677800863981247,0.0001,1e-05,53.594,3.7237,2.7844
4233,stage2,2,0.2170889526605606,0.22116495668888092,0.0,0.2170889526605606,0.0001,1e-05,53.599,4.7967,0.668
4234,stage2,2,0.20061767101287842,0.19564275443553925,0.0,0.20061767101287842,0.0001,1e-05,53.589,3.7968,0.6685
4235,stage2,2,0.18810851871967316,0.2074720561504364,0.0,0.18810851871967316,0.0001,1e-05,53.592,3.9473,3.0282
4236,stage2,2,0.24976931512355804,0.19833435118198395,0.0,0.24976931512355804,0.0001,1e-05,53.596,4.2702,0.6685
4237,stage2,2,0.21337012946605682,0.20141978561878204,0.0,0.21337012946605682,0.0001,1e-05,53.606,3.2599,0.6671
4238,stage2,2,0.21165074408054352,0.19070859253406525,0.0,0.21165074408054352,0.0001,1e-05,53.598,4.5269,0.6728
4239,stage2,2,0.2014835625886917,0.203855961561203,0.0,0.2014835625886917,0.0001,1e-05,53.584,4.6551,0.6684
4240,stage2,2,0.18873217701911926,0.21489183604717255,0.0,0.18873217701911926,0.0001,1e-05,53.598,4.4448,2.6227
4241,stage2,2,0.1978847235441208,0.21886064112186432,0.0,0.1978847235441208,0.0001,1e-05,53.594,3.9616,0.6621
4242,stage2,2,0.19145365059375763,0.2135731279850006,0.0,0.19145365059375763,0.0001,1e-05,53.604,3.8962,0.6679
4243,stage2,2,0.1728677749633789,0.22159484028816223,0.0,0.1728677749633789,0.0001,1e-05,53.595,4.0678,3.6817
4244,stage2,2,0.18937808275222778,0.210140198469162,0.0,0.18937808275222778,0.0001,1e-05,53.593,3.5191,0.6664
4245,stage2,2,0.19789659976959229,0.21827642619609833,0.0,0.19789659976959229,0.0001,1e-05,53.604,3.9379,0.6755
4246,stage2,2,0.25421372056007385,0.1890256404876709,0.0,0.25421372056007385,0.0001,1e-05,53.601,4.2675,0.6601
4247,stage2,2,0.20545001327991486,0.20644386112689972,0.0,0.20545001327991486,0.0001,1e-05,53.598,3.4317,0.6679
4248,stage2,2,0.198105126619339,0.22688119113445282,0.0,0.198105126619339,0.0001,1e-05,53.595,5.0983,1.8134
4249,stage2,2,0.18695789575576782,0.19955821335315704,0.0,0.18695789575576782,0.0001,1e-05,53.597,4.0203,0.6677
4250,stage2,2,0.1839856505393982,0.20798516273498535,0.0,0.1839856505393982,0.0001,1e-05,53.595,3.9501,0.6674
4251,stage2,2,0.19456739723682404,0.22501863539218903,0.0,0.19456739723682404,0.0001,1e-05,53.591,4.9205,3.8727
4252,stage2,2,0.17309372127056122,0.20683684945106506,0.0,0.17309372127056122,0.0001,1e-05,53.597,3.4992,0.6741
4253,stage2,2,0.191212460398674,0.21925979852676392,0.0,0.191212460398674,0.0001,1e-05,53.6,4.052,0.6607
4254,stage2,2,0.21781262755393982,0.19770647585391998,0.0,0.21781262755393982,0.0001,1e-05,53.606,4.4834,0.6677
4255,stage2,2,0.20048481225967407,0.21122753620147705,0.0,0.20048481225967407,0.0001,1e-05,53.597,4.4354,0.6685
4256,stage2,2,0.16195231676101685,0.2326083481311798,0.0,0.16195231676101685,0.0001,1e-05,53.593,3.4714,1.6072
4257,stage2,2,0.17825962603092194,0.22582048177719116,0.0,0.17825962603092194,0.0001,1e-05,53.595,5.0108,0.6667
4258,stage2,2,0.19591505825519562,0.1852365881204605,0.0,0.19591505825519562,0.0001,1e-05,53.607,3.5001,0.6677
4259,stage2,2,0.1934092938899994,0.2169504463672638,0.0,0.1934092938899994,0.0001,1e-05,53.601,3.867,4.3058
4260,stage2,2,0.23571667075157166,0.21684671938419342,0.0,0.23571667075157166,0.0001,1e-05,53.599,4.8071,0.6658
4261,stage2,2,0.18924039602279663,0.21153123676776886,0.0,0.18924039602279663,0.0001,1e-05,53.602,4.0693,0.667
4262,stage2,2,0.17461837828159332,0.20384930074214935,0.0,0.17461837828159332,0.0001,1e-05,53.597,4.4449,0.6673
4263,stage2,2,0.19775669276714325,0.20013679563999176,0.0,0.19775669276714325,0.0001,1e-05,53.597,3.7746,0.6674
4264,stage2,2,0.16390204429626465,0.24668438732624054,0.0,0.16390204429626465,0.0001,1e-05,53.592,5.0811,1.1964
4265,stage2,2,0.21792137622833252,0.21592451632022858,0.0,0.21792137622833252,0.0001,1e-05,53.6,3.4378,0.6681
4266,stage2,2,0.1736307591199875,0.20389705896377563,0.0,0.1736307591199875,0.0001,1e-05,53.609,4.2851,0.668
4267,stage2,2,0.17079293727874756,0.23162664473056793,0.0,0.17079293727874756,0.0001,1e-05,53.619,4.7135,4.7846
4268,stage2,2,0.19381500780582428,0.21294894814491272,0.0,0.19381500780582428,0.0001,1e-05,53.621,4.0949,0.6655
4269,stage2,2,0.24111083149909973,0.1971699297428131,0.0,0.24111083149909973,0.0001,1e-05,53.606,4.5605,0.6707
4270,stage2,2,0.23460271954536438,0.19248075783252716,0.0,0.23460271954536438,0.0001,1e-05,53.603,3.229,0.6673
4271,stage2,2,0.20956429839134216,0.20309790968894958,0.0,0.20956429839134216,0.0001,1e-05,53.606,4.6807,0.668
4272,stage2,2,0.19786907732486725,0.20027606189250946,0.0,0.19786907732486725,0.0001,1e-05,53.593,3.7288,0.82
4273,stage2,2,0.2409965544939041,0.2224702090024948,0.0,0.2409965544939041,0.0001,1e-05,53.6,4.7208,0.6686
4274,stage2,2,0.18265864253044128,0.2092016041278839,0.0,0.18265864253044128,0.0001,1e-05,53.602,4.4833,0.6688
4275,stage2,2,0.20862779021263123,0.19746354222297668,0.0,0.20862779021263123,0.0001,1e-05,53.606,3.9844,5.3869
4276,stage2,2,0.1823735386133194,0.21057596802711487,0.0,0.1823735386133194,0.0001,1e-05,53.608,3.8834,0.6666
4277,stage2,2,0.21193890273571014,0.18001531064510345,0.0,0.21193890273571014,0.0001,1e-05,53.609,3.9224,0.6662
4278,stage2,2,0.222223162651062,0.19578160345554352,0.0,0.222223162651062,0.0001,1e-05,53.614,4.6661,0.6676
4279,stage2,2,0.17681683599948883,0.19996732473373413,0.0,0.17681683599948883,0.0001,1e-05,53.592,5.1953,0.6681
4280,stage2,2,0.192756786942482,0.22737833857536316,0.0,0.192756786942482,0.0001,1e-05,53.605,4.8016,0.6675
4281,stage2,2,0.2202567309141159,0.20021584630012512,0.0,0.2202567309141159,0.0001,1e-05,53.603,3.9768,0.6685
4282,stage2,2,0.1792382150888443,0.24563194811344147,0.0,0.1792382150888443,0.0001,1e-05,53.601,4.228,0.6694
4283,stage2,2,0.17582623660564423,0.20969532430171967,0.0,0.17582623660564423,0.0001,1e-05,53.609,4.5637,5.102
4284,stage2,2,0.24595388770103455,0.22588381171226501,0.0,0.24595388770103455,0.0001,1e-05,53.613,4.9598,0.6664
4285,stage2,2,0.21945761144161224,0.21319256722927094,0.0,0.21945761144161224,0.0001,1e-05,53.608,4.2015,0.6667
4286,stage2,2,0.23134306073188782,0.19344328343868256,0.0,0.23134306073188782,0.0001,1e-05,53.605,4.069,0.6722
4287,stage2,2,0.2158631682395935,0.19052748382091522,0.0,0.2158631682395935,0.0001,1e-05,53.616,3.4139,0.6683
4288,stage2,2,0.1954830139875412,0.1907232701778412,0.0,0.1954830139875412,0.0001,1e-05,53.606,4.2628,0.669
4289,stage2,2,0.1905956119298935,0.22954842448234558,0.0,0.1905956119298935,0.0001,1e-05,53.603,4.0412,0.6682
4290,stage2,2,0.17411565780639648,0.2333965003490448,0.0,0.17411565780639648,0.0001,1e-05,53.595,3.5298,0.67
4291,stage2,2,0.16458691656589508,0.19684791564941406,0.0,0.16458691656589508,0.0001,1e-05,53.606,4.2471,4.9599
4292,stage2,2,0.20871573686599731,0.1930641382932663,0.0,0.20871573686599731,0.0001,1e-05,53.602,4.2935,0.6666
4293,stage2,2,0.27539435029029846,0.1892603039741516,0.0,0.27539435029029846,0.0001,1e-05,53.599,7.2348,0.668
4294,stage2,2,0.20309492945671082,0.19755896925926208,0.0,0.20309492945671082,0.0001,1e-05,53.605,4.8214,0.6688
4295,stage2,2,0.17208759486675262,0.21601393818855286,0.0,0.17208759486675262,0.0001,1e-05,53.601,4.0891,0.6682
4296,stage2,2,0.1968608796596527,0.20458367466926575,0.0,0.1968608796596527,0.0001,1e-05,53.606,4.1842,0.6695
4297,stage2,2,0.22481057047843933,0.20086245238780975,0.0,0.22481057047843933,0.0001,1e-05,53.596,4.0817,0.6682
4298,stage2,2,0.182020366191864,0.2167634665966034,0.0,0.182020366191864,0.0001,1e-05,53.594,3.5317,0.6693
4299,stage2,2,0.18904313445091248,0.23637913167476654,0.0,0.18904313445091248,0.0001,1e-05,53.598,5.1524,5.0265
4300,stage2,2,0.1988200545310974,0.21527203917503357,0.0,0.1988200545310974,0.0001,1e-05,53.604,5.6114,0.6715
4301,stage2,2,0.21754685044288635,0.19852448999881744,0.0,0.21754685044288635,0.0001,1e-05,53.596,4.0136,0.6667
4302,stage2,2,0.20971795916557312,0.19965466856956482,0.0,0.20971795916557312,0.0001,1e-05,53.607,5.2564,0.6682
4303,stage2,2,0.20855823159217834,0.19075101613998413,0.0,0.20855823159217834,0.0001,1e-05,53.605,3.776,0.668
4304,stage2,2,0.18839016556739807,0.1935407668352127,0.0,0.18839016556739807,0.0001,1e-05,53.587,3.9289,0.6686
4305,stage2,2,0.20268061757087708,0.21254059672355652,0.0,0.20268061757087708,0.0001,1e-05,53.602,5.3856,0.672
4306,stage2,2,0.16215282678604126,0.24811296164989471,0.0,0.16215282678604126,0.0001,1e-05,53.603,4.887,0.6691
4307,stage2,2,0.21589979529380798,0.20713500678539276,0.0,0.21589979529380798,0.0001,1e-05,53.597,4.2301,4.9836
4308,stage2,2,0.2029612809419632,0.18570341169834137,0.0,0.2029612809419632,0.0001,1e-05,53.599,3.8304,0.6667
4309,stage2,2,0.19269855320453644,0.2221536636352539,0.0,0.19269855320453644,0.0001,1e-05,53.613,4.9559,0.6687
4310,stage2,2,0.18274487555027008,0.2002880722284317,0.0,0.18274487555027008,0.0001,1e-05,53.605,4.1675,0.6677
4311,stage2,2,0.20692111551761627,0.2051449567079544,0.0,0.20692111551761627,0.0001,1e-05,53.602,5.9322,0.667
4312,stage2,2,0.16668325662612915,0.22295640408992767,0.0,0.16668325662612915,0.0001,1e-05,53.596,3.8804,0.6684
4313,stage2,2,0.18792107701301575,0.23033687472343445,0.0,0.18792107701301575,0.0001,1e-05,53.604,4.2155,0.6685
4314,stage2,2,0.19949351251125336,0.18176887929439545,0.0,0.19949351251125336,0.0001,1e-05,53.607,4.1446,0.6697
4315,stage2,2,0.1916293203830719,0.20635594427585602,0.0,0.1916293203830719,0.0001,1e-05,53.609,3.8538,4.5719
4316,stage2,2,0.21774616837501526,0.22246544063091278,0.0,0.21774616837501526,0.0001,1e-05,53.605,9.6892,0.6678
4317,stage2,2,0.17226028442382812,0.22870756685733795,0.0,0.17226028442382812,0.0001,1e-05,53.607,6.0372,0.6674
4318,stage2,2,0.23171517252922058,0.19694335758686066,0.0,0.23171517252922058,0.0001,1e-05,53.596,4.2407,0.6682
4319,stage2,2,0.1528102308511734,0.21186494827270508,0.0,0.1528102308511734,0.0001,1e-05,53.608,3.981,0.6694
4320,stage2,2,0.1692754328250885,0.20790688693523407,0.0,0.1692754328250885,0.0001,1e-05,53.602,4.7396,0.6734
4321,stage2,2,0.20051999390125275,0.21038265526294708,0.0,0.20051999390125275,0.0001,1e-05,53.602,4.9878,0.67
4322,stage2,2,0.1890140026807785,0.20133641362190247,0.0,0.1890140026807785,0.0001,1e-05,53.606,3.7839,0.6702
4323,stage2,2,0.2182256579399109,0.21857017278671265,0.0,0.2182256579399109,0.0001,1e-05,53.608,4.629,4.5298
4324,stage2,2,0.2055702954530716,0.22597429156303406,0.0,0.2055702954530716,0.0001,1e-05,53.597,5.7006,0.6714
4325,stage2,2,0.20796442031860352,0.21804237365722656,0.0,0.20796442031860352,0.0001,1e-05,53.601,5.375,0.6678
4326,stage2,2,0.16701683402061462,0.21983714401721954,0.0,0.16701683402061462,0.0001,1e-05,53.595,4.6427,0.6683
4327,stage2,2,0.2588618993759155,0.20361749827861786,0.0,0.2588618993759155,0.0001,1e-05,53.596,4.2613,0.6692
4328,stage2,2,0.20535686612129211,0.22990576922893524,0.0,0.20535686612129211,0.0001,1e-05,53.603,4.5062,0.6732
4329,stage2,2,0.20193877816200256,0.20606520771980286,0.0,0.20193877816200256,0.0001,1e-05,53.6,5.6861,0.6695
4330,stage2,2,0.1748368889093399,0.20974647998809814,0.0,0.1748368889093399,0.0001,1e-05,53.603,3.5036,0.6698
4331,stage2,2,0.17948617041110992,0.2035549134016037,0.0,0.17948617041110992,0.0001,1e-05,53.6,4.4056,4.4631
4332,stage2,2,0.18654878437519073,0.2307945340871811,0.0,0.18654878437519073,0.0001,1e-05,53.601,4.3207,0.6675
4333,stage2,2,0.20005185902118683,0.24221591651439667,0.0,0.20005185902118683,0.0001,1e-05,53.601,3.7573,0.6686
4334,stage2,2,0.21884189546108246,0.20860877633094788,0.0,0.21884189546108246,0.0001,1e-05,53.598,5.3346,0.6684
4335,stage2,2,0.22070519626140594,0.21616338193416595,0.0,0.22070519626140594,0.0001,1e-05,53.594,6.8404,0.6686
4336,stage2,2,0.20571981370449066,0.20481206476688385,0.0,0.20571981370449066,0.0001,1e-05,53.594,4.1269,0.6697
4337,stage2,2,0.22443801164627075,0.23129765689373016,0.0,0.22443801164627075,0.0001,1e-05,53.593,5.186,0.6698
4338,stage2,2,0.2011808156967163,0.18761634826660156,0.0,0.2011808156967163,0.0001,1e-05,53.59,4.465,0.6702
4339,stage2,2,0.208121195435524,0.20062117278575897,0.0,0.208121195435524,0.0001,1e-05,53.601,4.2313,4.5372
4340,stage2,2,0.21021847426891327,0.16993571817874908,0.0,0.21021847426891327,0.0001,1e-05,53.606,3.885,0.6672
4341,stage2,2,0.1700596660375595,0.21353287994861603,0.0,0.1700596660375595,0.0001,1e-05,53.6,3.4282,0.6681
4342,stage2,2,0.20754286646842957,0.2135198563337326,0.0,0.20754286646842957,0.0001,1e-05,53.598,4.2908,0.6691
4343,stage2,2,0.2128010243177414,0.23068419098854065,0.0,0.2128010243177414,0.0001,1e-05,53.592,5.2211,0.6688
4344,stage2,2,0.21889916062355042,0.23711015284061432,0.0,0.21889916062355042,0.0001,1e-05,53.603,6.2862,0.6733
4345,stage2,2,0.19893796741962433,0.18614396452903748,0.0,0.19893796741962433,0.0001,1e-05,53.597,5.5902,0.6669
4346,stage2,2,0.17571456730365753,0.21416035294532776,0.0,0.17571456730365753,0.0001,1e-05,53.595,5.1693,0.6709
4347,stage2,2,0.22579671442508698,0.18753011524677277,0.0,0.22579671442508698,0.0001,1e-05,53.6,4.4479,5.3167
4348,stage2,2,0.202472984790802,0.1892971694469452,0.0,0.202472984790802,0.0001,1e-05,53.607,3.8398,0.6681
4349,stage2,2,0.23653627932071686,0.2202272266149521,0.0,0.23653627932071686,0.0001,1e-05,53.611,4.001,0.6677
4350,stage2,2,0.15684224665164948,0.22454100847244263,0.0,0.15684224665164948,0.0001,1e-05,53.598,4.7759,0.6725
4351,stage2,2,0.18652433156967163,0.21155720949172974,0.0,0.18652433156967163,0.0001,1e-05,53.594,5.8674,0.6687
4352,stage2,2,0.19236540794372559,0.20834147930145264,0.0,0.19236540794372559,0.0001,1e-05,53.608,4.9463,0.6702
4353,stage2,2,0.20034094154834747,0.19035746157169342,0.0,0.20034094154834747,0.0001,1e-05,53.591,4.0388,0.6692
4354,stage2,2,0.21255899965763092,0.2084893137216568,0.0,0.21255899965763092,0.0001,1e-05,53.599,7.1673,0.6704
4355,stage2,2,0.2250024676322937,0.23759639263153076,0.0,0.2250024676322937,0.0001,1e-05,53.596,5.2292,5.3135
4356,stage2,2,0.2096501737833023,0.21166716516017914,0.0,0.2096501737833023,0.0001,1e-05,53.596,4.826,0.6673
4357,stage2,2,0.17873121798038483,0.20852527022361755,0.0,0.17873121798038483,0.0001,1e-05,53.608,3.514,0.6684
4358,stage2,2,0.14876426756381989,0.20926529169082642,0.0,0.14876426756381989,0.0001,1e-05,53.601,4.0871,0.6682
4359,stage2,2,0.21739903092384338,0.20428676903247833,0.0,0.21739903092384338,0.0001,1e-05,53.592,5.4355,0.6688
4360,stage2,2,0.15398980677127838,0.22544722259044647,0.0,0.15398980677127838,0.0001,1e-05,53.589,3.9363,0.6696
4361,stage2,2,0.2164970189332962,0.19702760875225067,0.0,0.2164970189332962,0.0001,1e-05,53.6,4.8168,0.669
4362,stage2,2,0.18971557915210724,0.1980104297399521,0.0,0.18971557915210724,0.0001,1e-05,53.593,3.8961,0.6695
4363,stage2,2,0.22127434611320496,0.19184456765651703,0.0,0.22127434611320496,0.0001,1e-05,53.606,3.8865,5.2512
4364,stage2,2,0.21002359688282013,0.20146574079990387,0.0,0.21002359688282013,0.0001,1e-05,53.59,4.5584,0.6664
4365,stage2,2,0.21199578046798706,0.2012505829334259,0.0,0.21199578046798706,0.0001,1e-05,53.596,4.646,0.6671
4366,stage2,2,0.19448824226856232,0.18337872624397278,0.0,0.19448824226856232,0.0001,1e-05,53.59,4.1785,0.6675
4367,stage2,2,0.1931268274784088,0.213271826505661,0.0,0.1931268274784088,0.0001,1e-05,53.609,3.757,0.6726
4368,stage2,2,0.19732803106307983,0.20192912220954895,0.0,0.19732803106307983,0.0001,1e-05,53.609,4.5831,0.669
4369,stage2,2,0.17564928531646729,0.22014060616493225,0.0,0.17564928531646729,0.0001,1e-05,53.594,3.9439,0.6694
4370,stage2,2,0.19177033007144928,0.20428448915481567,0.0,0.19177033007144928,0.0001,1e-05,53.603,4.1234,0.6695
4371,stage2,2,0.1940574049949646,0.2014225572347641,0.0,0.1940574049949646,0.0001,1e-05,53.592,4.8752,5.1715
4372,stage2,2,0.19285158812999725,0.20358924567699432,0.0,0.19285158812999725,0.0001,1e-05,53.597,4.2638,0.6665
4373,stage2,2,0.1736186295747757,0.2399168759584427,0.0,0.1736186295747757,0.0001,1e-05,53.605,3.8514,0.6674
4374,stage2,2,0.19940920174121857,0.20880599319934845,0.0,0.19940920174121857,0.0001,1e-05,53.602,5.1796,0.668
4375,stage2,2,0.19370421767234802,0.19453531503677368,0.0,0.19370421767234802,0.0001,1e-05,53.593,4.3586,0.6682
4376,stage2,2,0.1693173050880432,0.22484053671360016,0.0,0.1693173050880432,0.0001,1e-05,53.597,4.7808,0.6714
4377,stage2,2,0.2501843273639679,0.20224785804748535,0.0,0.2501843273639679,0.0001,1e-05,53.604,4.4135,0.6658
4378,stage2,2,0.17180395126342773,0.20962399244308472,0.0,0.17180395126342773,0.0001,1e-05,53.603,4.5823,0.6691
4379,stage2,2,0.19080877304077148,0.2117806226015091,0.0,0.19080877304077148,0.0001,1e-05,53.603,4.3601,5.7945
4380,stage2,2,0.18236161768436432,0.22617648541927338,0.0,0.18236161768436432,0.0001,1e-05,53.601,4.1338,0.6658
4381,stage2,2,0.1837758719921112,0.24003717303276062,0.0,0.1837758719921112,0.0001,1e-05,53.599,4.9842,0.6667
4382,stage2,2,0.23163937032222748,0.20254084467887878,0.0,0.23163937032222748,0.0001,1e-05,53.598,5.8906,0.667
4383,stage2,2,0.18203753232955933,0.22299377620220184,0.0,0.18203753232955933,0.0001,1e-05,53.6,4.5712,0.6676
4384,stage2,2,0.19295814633369446,0.20926517248153687,0.0,0.19295814633369446,0.0001,1e-05,53.603,5.4238,0.6682
4385,stage2,2,0.19759811460971832,0.20134101808071136,0.0,0.19759811460971832,0.0001,1e-05,53.601,4.6161,0.6697
4386,stage2,2,0.2093658745288849,0.1854173243045807,0.0,0.2093658745288849,0.0001,1e-05,53.613,3.738,0.669
4387,stage2,2,0.1772560030221939,0.21556982398033142,0.0,0.1772560030221939,0.0001,1e-05,53.604,4.3185,4.8638
4388,stage2,2,0.20675206184387207,0.21149270236492157,0.0,0.20675206184387207,0.0001,1e-05,53.599,3.7246,0.6667
4389,stage2,2,0.1680038422346115,0.20563961565494537,0.0,0.1680038422346115,0.0001,1e-05,53.603,4.5568,0.6673
4390,stage2,2,0.18929782509803772,0.2219446897506714,0.0,0.18929782509803772,0.0001,1e-05,53.604,4.4609,0.6679
4391,stage2,2,0.1997029334306717,0.23372389376163483,0.0,0.1997029334306717,0.0001,1e-05,53.611,4.0963,0.6677
4392,stage2,2,0.17684361338615417,0.2228967845439911,0.0,0.17684361338615417,0.0001,1e-05,53.595,4.2525,0.6684
4393,stage2,2,0.21505600214004517,0.22358748316764832,0.0,0.21505600214004517,0.0001,1e-05,53.609,3.9514,0.6693
4394,stage2,2,0.17036470770835876,0.1978786736726761,0.0,0.17036470770835876,0.0001,1e-05,53.605,5.2239,0.6695
4395,stage2,2,0.2510557174682617,0.1749303936958313,0.0,0.2510557174682617,0.0001,1e-05,53.605,4.5712,4.8364
4396,stage2,2,0.18558645248413086,0.22978956997394562,0.0,0.18558645248413086,0.0001,1e-05,53.6,4.1888,0.6666
4397,stage2,2,0.17740373313426971,0.20817215740680695,0.0,0.17740373313426971,0.0001,1e-05,53.597,3.2133,0.6672
4398,stage2,2,0.21174262464046478,0.1902610808610916,0.0,0.21174262464046478,0.0001,1e-05,53.598,3.4108,0.6676
4399,stage2,2,0.19310884177684784,0.2267572581768036,0.0,0.19310884177684784,0.0001,1e-05,53.608,4.1283,0.6722
4400,stage2,2,0.18853627145290375,0.2132953703403473,0.0,0.18853627145290375,0.0001,1e-05,53.608,4.3045,0.6724
4401,stage2,2,0.15909694135189056,0.24727550148963928,0.0,0.15909694135189056,0.0001,1e-05,53.606,4.0492,0.6662
4402,stage2,2,0.17857712507247925,0.19558461010456085,0.0,0.17857712507247925,0.0001,1e-05,53.594,3.6551,0.6693
4403,stage2,2,0.21691912412643433,0.1990710198879242,0.0,0.21691912412643433,0.0001,1e-05,53.597,4.1778,5.103
4404,stage2,2,0.20219376683235168,0.1968921571969986,0.0,0.20219376683235168,0.0001,1e-05,53.595,5.7492,0.6666
4405,stage2,2,0.21273855865001678,0.19089244306087494,0.0,0.21273855865001678,0.0001,1e-05,53.595,4.3098,0.6672
4406,stage2,2,0.17961560189723969,0.22821630537509918,0.0,0.17961560189723969,0.0001,1e-05,53.6,3.8716,0.6685
4407,stage2,2,0.19835416972637177,0.20604388415813446,0.0,0.19835416972637177,0.0001,1e-05,53.593,3.682,0.6677
4408,stage2,2,0.1743476390838623,0.22363364696502686,0.0,0.1743476390838623,0.0001,1e-05,53.598,4.6935,0.6688
4409,stage2,2,0.18263480067253113,0.1947374939918518,0.0,0.18263480067253113,0.0001,1e-05,53.606,3.5981,0.6689
4410,stage2,2,0.1682019680738449,0.20807404816150665,0.0,0.1682019680738449,0.0001,1e-05,53.605,3.8912,0.6693
4411,stage2,2,0.19188754260540009,0.20174460113048553,0.0,0.19188754260540009,0.0001,1e-05,53.595,3.7009,5.0398
4412,stage2,2,0.19168438017368317,0.20430821180343628,0.0,0.19168438017368317,0.0001,1e-05,53.611,5.0901,0.6671
4413,stage2,2,0.20295625925064087,0.20433585345745087,0.0,0.20295625925064087,0.0001,1e-05,53.6,4.8441,0.6676
4414,stage2,2,0.21454662084579468,0.17886032164096832,0.0,0.21454662084579468,0.0001,1e-05,53.605,4.0002,0.6679
4415,stage2,2,0.1837984174489975,0.20413896441459656,0.0,0.1837984174489975,0.0001,1e-05,53.603,5.5146,0.6681
4416,stage2,2,0.1816597431898117,0.21838919818401337,0.0,0.1816597431898117,0.0001,1e-05,53.621,4.2483,0.6683
4417,stage2,2,0.17637552320957184,0.21853221952915192,0.0,0.17637552320957184,0.0001,1e-05,53.613,4.1695,0.6689
4418,stage2,2,0.23230966925621033,0.1833616942167282,0.0,0.23230966925621033,0.0001,1e-05,53.599,4.6204,0.6694
4419,stage2,2,0.18510814011096954,0.22018444538116455,0.0,0.18510814011096954,0.0001,1e-05,53.594,4.848,5.1051
4420,stage2,2,0.19916343688964844,0.20730923116207123,0.0,0.19916343688964844,0.0001,1e-05,53.595,4.237,0.6705
4421,stage2,2,0.19042189419269562,0.19707553088665009,0.0,0.19042189419269562,0.0001,1e-05,53.597,3.4006,0.6677
4422,stage2,2,0.17475876212120056,0.19852708280086517,0.0,0.17475876212120056,0.0001,1e-05,53.61,4.8584,0.6684
4423,stage2,2,0.22209066152572632,0.17391905188560486,0.0,0.22209066152572632,0.0001,1e-05,53.608,5.2425,0.6753
4424,stage2,2,0.19242222607135773,0.18999028205871582,0.0,0.19242222607135773,0.0001,1e-05,53.594,4.2531,0.6703
4425,stage2,2,0.2135218381881714,0.1992422193288803,0.0,0.2135218381881714,0.0001,1e-05,53.612,4.2432,0.6692
4426,stage2,2,0.18375973403453827,0.18277709186077118,0.0,0.18375973403453827,0.0001,1e-05,53.61,4.3495,0.6699
4427,stage2,2,0.1843739002943039,0.19174310564994812,0.0,0.1843739002943039,0.0001,1e-05,53.59,4.5575,4.9159
4428,stage2,2,0.21824108064174652,0.18207937479019165,0.0,0.21824108064174652,0.0001,1e-05,53.6,5.4518,0.6676
4429,stage2,2,0.17602169513702393,0.20577165484428406,0.0,0.17602169513702393,0.0001,1e-05,53.601,4.6024,0.6679
4430,stage2,2,0.17327645421028137,0.2003985345363617,0.0,0.17327645421028137,0.0001,1e-05,53.61,4.2497,0.6682
4431,stage2,2,0.2339923083782196,0.19757600128650665,0.0,0.2339923083782196,0.0001,1e-05,53.593,4.3966,0.6688
4432,stage2,2,0.23338788747787476,0.18291524052619934,0.0,0.23338788747787476,0.0001,1e-05,53.601,3.9533,0.669
4433,stage2,2,0.17580024898052216,0.19267193973064423,0.0,0.17580024898052216,0.0001,1e-05,53.61,3.7483,0.6696
4434,stage2,2,0.223360076546669,0.19171856343746185,0.0,0.223360076546669,0.0001,1e-05,53.608,4.297,0.67
4435,stage2,2,0.17529404163360596,0.1894933432340622,0.0,0.17529404163360596,0.0001,1e-05,53.605,4.8676,4.9782
4436,stage2,2,0.18707498908042908,0.21104736626148224,0.0,0.18707498908042908,0.0001,1e-05,53.608,3.8,0.6673
4437,stage2,2,0.21045540273189545,0.19856379926204681,0.0,0.21045540273189545,0.0001,1e-05,53.617,6.3929,0.6672
4438,stage2,2,0.19186227023601532,0.23945754766464233,0.0,0.19186227023601532,0.0001,1e-05,53.599,6.1927,0.6677
4439,stage2,2,0.16626416146755219,0.21521060168743134,0.0,0.16626416146755219,0.0001,1e-05,53.607,4.6721,0.6699
4440,stage2,2,0.18984659016132355,0.1785227656364441,0.0,0.18984659016132355,0.0001,1e-05,53.608,3.7278,0.6698
4441,stage2,2,0.18346650898456573,0.19456574320793152,0.0,0.18346650898456573,0.0001,1e-05,53.597,4.6821,0.6695
4442,stage2,2,0.21090683341026306,0.19862036406993866,0.0,0.21090683341026306,0.0001,1e-05,53.605,4.8968,0.6694
4443,stage2,2,0.2045588344335556,0.21224984526634216,0.0,0.2045588344335556,0.0001,1e-05,53.601,4.4438,4.8678
4444,stage2,2,0.20887994766235352,0.19978360831737518,0.0,0.20887994766235352,0.0001,1e-05,53.612,5.1888,0.668
4445,stage2,2,0.21137471497058868,0.2078491598367691,0.0,0.21137471497058868,0.0001,1e-05,53.609,4.5928,0.6692
4446,stage2,2,0.2068205326795578,0.19613710045814514,0.0,0.2068205326795578,0.0001,1e-05,53.599,4.654,0.6696
4447,stage2,2,0.21014855802059174,0.19383613765239716,0.0,0.21014855802059174,0.0001,1e-05,53.614,4.4859,0.6703
4448,stage2,2,0.2583891451358795,0.19950030744075775,0.0,0.2583891451358795,0.0001,1e-05,53.597,5.031,0.6694
4449,stage2,2,0.17219381034374237,0.19939124584197998,0.0,0.17219381034374237,0.0001,1e-05,53.593,4.3291,0.6711
4450,stage2,2,0.19841864705085754,0.21264983713626862,0.0,0.19841864705085754,0.0001,1e-05,53.59,4.9311,0.671
4451,stage2,2,0.19256530702114105,0.19193997979164124,0.0,0.19256530702114105,0.0001,1e-05,53.596,3.6367,4.8058
4452,stage2,2,0.19223110377788544,0.24119038879871368,0.0,0.19223110377788544,0.0001,1e-05,53.598,3.9962,0.6671
4453,stage2,2,0.15644657611846924,0.20109772682189941,0.0,0.15644657611846924,0.0001,1e-05,53.602,3.8139,0.6677
4454,stage2,2,0.20294079184532166,0.20067359507083893,0.0,0.20294079184532166,0.0001,1e-05,53.587,5.0445,0.669
4455,stage2,2,0.1773161143064499,0.20130829513072968,0.0,0.1773161143064499,0.0001,1e-05,53.589,4.9874,0.6759
4456,stage2,2,0.2028239369392395,0.21542079746723175,0.0,0.2028239369392395,0.0001,1e-05,53.597,4.3425,0.6693
4457,stage2,2,0.18822938203811646,0.2102954089641571,0.0,0.18822938203811646,0.0001,1e-05,53.587,3.5973,0.6698
4458,stage2,2,0.2063964605331421,0.2105901688337326,0.0,0.2063964605331421,0.0001,1e-05,53.594,5.0565,0.6701
4459,stage2,2,0.16633456945419312,0.2039792537689209,0.0,0.16633456945419312,0.0001,1e-05,53.604,4.103,4.7297
4460,stage2,2,0.21803751587867737,0.20962661504745483,0.0,0.21803751587867737,0.0001,1e-05,53.604,4.0899,0.668
4461,stage2,2,0.18523597717285156,0.20605145394802094,0.0,0.18523597717285156,0.0001,1e-05,53.596,3.6879,0.6672
4462,stage2,2,0.17268595099449158,0.1937035173177719,0.0,0.17268595099449158,0.0001,1e-05,53.59,3.5625,0.6674
4463,stage2,2,0.1861790269613266,0.2456234246492386,0.0,0.1861790269613266,0.0001,1e-05,53.607,5.317,0.6682
4464,stage2,2,0.1885574758052826,0.2182701975107193,0.0,0.1885574758052826,0.0001,1e-05,53.599,4.2531,0.6684
4465,stage2,2,0.17860069870948792,0.22999539971351624,0.0,0.17860069870948792,0.0001,1e-05,53.601,4.0243,0.6685
4466,stage2,2,0.19357912242412567,0.22273527085781097,0.0,0.19357912242412567,0.0001,1e-05,53.6,5.1079,0.6714
4467,stage2,2,0.22639945149421692,0.1984405517578125,0.0,0.22639945149421692,0.0001,1e-05,53.595,4.5273,4.8288
4468,stage2,2,0.19069823622703552,0.2105598747730255,0.0,0.19069823622703552,0.0001,1e-05,53.582,4.7072,0.667
4469,stage2,2,0.19504910707473755,0.2129983901977539,0.0,0.19504910707473755,0.0001,1e-05,53.589,5.1634,0.6727
4470,stage2,2,0.2134823501110077,0.19710633158683777,0.0,0.2134823501110077,0.0001,1e-05,53.599,4.2885,0.6681
4471,stage2,2,0.20738881826400757,0.20301440358161926,0.0,0.20738881826400757,0.0001,1e-05,53.596,3.6838,0.6692
4472,stage2,2,0.18483561277389526,0.19024737179279327,0.0,0.18483561277389526,0.0001,1e-05,53.591,3.9494,0.669
4473,stage2,2,0.17246632277965546,0.2200724333524704,0.0,0.17246632277965546,0.0001,1e-05,53.598,4.0385,0.6688
4474,stage2,2,0.21208475530147552,0.20295502245426178,0.0,0.21208475530147552,0.0001,1e-05,53.589,4.4047,0.6689
4475,stage2,2,0.19687391817569733,0.2303304821252823,0.0,0.19687391817569733,0.0001,1e-05,53.599,5.6777,4.9622
4476,stage2,2,0.20361095666885376,0.20058706402778625,0.0,0.20361095666885376,0.0001,1e-05,53.602,4.352,0.6663
4477,stage2,2,0.1944020539522171,0.22736500203609467,0.0,0.1944020539522171,0.0001,1e-05,53.602,6.0908,0.6671
4478,stage2,2,0.21776579320430756,0.2052903175354004,0.0,0.21776579320430756,0.0001,1e-05,53.602,5.9285,0.6677
4479,stage2,2,0.18797703087329865,0.21139757335186005,0.0,0.18797703087329865,0.0001,1e-05,53.6,5.2174,0.6685
4480,stage2,2,0.21121767163276672,0.1774035394191742,0.0,0.21121767163276672,0.0001,1e-05,53.602,3.5834,0.6688
4481,stage2,2,0.17882680892944336,0.22676986455917358,0.0,0.17882680892944336,0.0001,1e-05,53.6,4.0496,0.6685
4482,stage2,2,0.18984241783618927,0.2049507349729538,0.0,0.18984241783618927,0.0001,1e-05,53.592,4.1007,0.6699
4483,stage2,2,0.17834784090518951,0.21522334218025208,0.0,0.17834784090518951,0.0001,1e-05,53.605,4.1876,4.5585
4484,stage2,2,0.2293236404657364,0.19041989743709564,0.0,0.2293236404657364,0.0001,1e-05,53.599,4.1193,0.6642
4485,stage2,2,0.18591256439685822,0.19425129890441895,0.0,0.18591256439685822,0.0001,1e-05,53.601,4.028,0.6675
4486,stage2,2,0.1881507933139801,0.18238826096057892,0.0,0.1881507933139801,0.0001,1e-05,53.612,3.9323,0.6678
4487,stage2,2,0.190345898270607,0.20197170972824097,0.0,0.190345898270607,0.0001,1e-05,53.602,4.0337,0.6683
4488,stage2,2,0.19295641779899597,0.20284327864646912,0.0,0.19295641779899597,0.0001,1e-05,53.589,4.1878,0.6694
4489,stage2,2,0.20783434808254242,0.21408921480178833,0.0,0.20783434808254242,0.0001,1e-05,53.597,4.9785,0.669
4490,stage2,2,0.20624180138111115,0.17595914006233215,0.0,0.20624180138111115,0.0001,1e-05,53.608,3.9283,0.6701
4491,stage2,2,0.16460326313972473,0.1847352534532547,0.0,0.16460326313972473,0.0001,1e-05,53.601,3.4187,5.4561
4492,stage2,2,0.20859718322753906,0.19160406291484833,0.0,0.20859718322753906,0.0001,1e-05,53.586,5.3719,0.6679
4493,stage2,2,0.19199250638484955,0.19162480533123016,0.0,0.19199250638484955,0.0001,1e-05,53.6,4.1658,0.6686
4494,stage2,2,0.159363254904747,0.2046797126531601,0.0,0.159363254904747,0.0001,1e-05,53.601,3.4859,0.6694
4495,stage2,2,0.15915893018245697,0.1960216611623764,0.0,0.15915893018245697,0.0001,1e-05,53.595,4.2115,0.6739
4496,stage2,2,0.20822617411613464,0.21354089677333832,0.0,0.20822617411613464,0.0001,1e-05,53.594,3.6858,0.67
4497,stage2,2,0.23616324365139008,0.18489496409893036,0.0,0.23616324365139008,0.0001,1e-05,53.598,3.683,0.6701
4498,stage2,2,0.17783579230308533,0.2194349616765976,0.0,0.17783579230308533,0.0001,1e-05,53.608,4.5042,0.6706
4499,stage2,2,0.1884920746088028,0.23034244775772095,0.0,0.1884920746088028,0.0001,1e-05,53.594,4.0338,5.5965
4500,stage2,2,0.15955612063407898,0.2229078859090805,0.0,0.15955612063407898,0.0001,1e-05,53.603,4.1749,0.6666
4501,stage2,2,0.1821989119052887,0.1845884621143341,0.0,0.1821989119052887,0.0001,1e-05,53.599,3.1382,0.6688
4502,stage2,2,0.2326025664806366,0.2036610245704651,0.0,0.2326025664806366,0.0001,1e-05,53.588,4.6387,0.669
4503,stage2,2,0.17951644957065582,0.2092592716217041,0.0,0.17951644957065582,0.0001,1e-05,53.602,4.0846,0.6689
4504,stage2,2,0.20029956102371216,0.20405878126621246,0.0,0.20029956102371216,0.0001,1e-05,53.586,4.3162,0.6692
4505,stage2,2,0.192588210105896,0.20560507476329803,0.0,0.192588210105896,0.0001,1e-05,53.599,4.0123,0.6699
4506,stage2,2,0.2279340624809265,0.20381638407707214,0.0,0.2279340624809265,0.0001,1e-05,53.595,4.843,0.6695
4507,stage2,2,0.16841480135917664,0.21443890035152435,0.0,0.16841480135917664,0.0001,1e-05,53.595,4.6747,5.583
4508,stage2,2,0.1935219019651413,0.21389248967170715,0.0,0.1935219019651413,0.0001,1e-05,53.606,4.3166,0.6679
4509,stage2,2,0.1835957020521164,0.21304969489574432,0.0,0.1835957020521164,0.0001,1e-05,53.602,3.7547,0.669
4510,stage2,2,0.18555979430675507,0.2111850082874298,0.0,0.18555979430675507,0.0001,1e-05,53.596,4.6437,0.6682
4511,stage2,2,0.16682381927967072,0.2152855098247528,0.0,0.16682381927967072,0.0001,1e-05,53.599,5.0273,0.6692
4512,stage2,2,0.19448086619377136,0.20925046503543854,0.0,0.19448086619377136,0.0001,1e-05,53.603,4.2686,0.6692
4513,stage2,2,0.17362990975379944,0.22956937551498413,0.0,0.17362990975379944,0.0001,1e-05,53.599,4.7046,0.6689
4514,stage2,2,0.22442881762981415,0.19557026028633118,0.0,0.22442881762981415,0.0001,1e-05,53.605,4.623,0.6696
4515,stage2,2,0.20048142969608307,0.2143046110868454,0.0,0.20048142969608307,0.0001,1e-05,53.609,4.4139,5.7525
4516,stage2,2,0.17383404076099396,0.2494719922542572,0.0,0.17383404076099396,0.0001,1e-05,53.596,3.9228,0.6661
4517,stage2,2,0.20777904987335205,0.19305221736431122,0.0,0.20777904987335205,0.0001,1e-05,53.606,4.7488,0.6683
4518,stage2,2,0.17959225177764893,0.2103460729122162,0.0,0.17959225177764893,0.0001,1e-05,53.593,3.7856,0.6676
4519,stage2,2,0.19666096568107605,0.22502878308296204,0.0,0.19666096568107605,0.0001,1e-05,53.606,3.9983,0.6693
4520,stage2,2,0.19734226167201996,0.20833231508731842,0.0,0.19734226167201996,0.0001,1e-05,53.606,4.7196,0.6686
4521,stage2,2,0.2094639241695404,0.22757849097251892,0.0,0.2094639241695404,0.0001,1e-05,53.601,5.2231,0.6692
4522,stage2,2,0.19116921722888947,0.19240429997444153,0.0,0.19116921722888947,0.0001,1e-05,53.605,4.0278,0.6698
4523,stage2,2,0.20023147761821747,0.22172589600086212,0.0,0.20023147761821747,0.0001,1e-05,53.605,5.9173,5.608
4524,stage2,2,0.19123415648937225,0.18543271720409393,0.0,0.19123415648937225,0.0001,1e-05,53.598,4.4323,0.6612
4525,stage2,2,0.24908912181854248,0.16868454217910767,0.0,0.24908912181854248,0.0001,1e-05,53.602,3.8883,0.6732
4526,stage2,2,0.181836798787117,0.20207150280475616,0.0,0.181836798787117,0.0001,1e-05,53.602,4.7609,0.6672
4527,stage2,2,0.22749513387680054,0.19302591681480408,0.0,0.22749513387680054,0.0001,1e-05,53.6,3.9877,0.6685
4528,stage2,2,0.1676931381225586,0.2565825581550598,0.0,0.1676931381225586,0.0001,1e-05,53.602,4.2616,0.6695
4529,stage2,2,0.19387105107307434,0.18936756253242493,0.0,0.19387105107307434,0.0001,1e-05,53.599,4.5218,0.6749
4530,stage2,2,0.2510831952095032,0.1833203136920929,0.0,0.2510831952095032,0.0001,1e-05,53.606,3.4514,0.6693
4531,stage2,2,0.1749282032251358,0.2211010456085205,0.0,0.1749282032251358,0.0001,1e-05,53.599,3.8141,5.4999
4532,stage2,2,0.19772687554359436,0.19165176153182983,0.0,0.19772687554359436,0.0001,1e-05,53.603,4.3097,0.6678
4533,stage2,2,0.1693280041217804,0.20225109159946442,0.0,0.1693280041217804,0.0001,1e-05,53.592,3.7618,0.6676
4534,stage2,2,0.1640726923942566,0.21674226224422455,0.0,0.1640726923942566,0.0001,1e-05,53.593,3.9805,0.6679
4535,stage2,2,0.1738707721233368,0.2084769904613495,0.0,0.1738707721233368,0.0001,1e-05,53.595,3.7021,0.6684
4536,stage2,2,0.14695928990840912,0.23040497303009033,0.0,0.14695928990840912,0.0001,1e-05,53.598,4.1742,0.6682
4537,stage2,2,0.16953811049461365,0.19520799815654755,0.0,0.16953811049461365,0.0001,1e-05,53.606,3.9272,0.669
4538,stage2,2,0.1592717468738556,0.20175354182720184,0.0,0.1592717468738556,0.0001,1e-05,53.599,3.6261,0.6693
4539,stage2,2,0.16886155307292938,0.22318744659423828,0.0,0.16886155307292938,0.0001,1e-05,53.59,3.4008,5.0373
4540,stage2,2,0.1726016402244568,0.22379088401794434,0.0,0.1726016402244568,0.0001,1e-05,53.603,4.0289,0.6664
4541,stage2,2,0.18509817123413086,0.2028866410255432,0.0,0.18509817123413086,0.0001,1e-05,53.595,4.6967,0.6685
4542,stage2,2,0.18079763650894165,0.2168543040752411,0.0,0.18079763650894165,0.0001,1e-05,53.592,5.0011,0.668
4543,stage2,2,0.22123834490776062,0.21863028407096863,0.0,0.22123834490776062,0.0001,1e-05,53.591,4.2102,0.6692
4544,stage2,2,0.1724013090133667,0.233419731259346,0.0,0.1724013090133667,0.0001,1e-05,53.597,4.0325,0.6691
4545,stage2,2,0.1953085958957672,0.2064632624387741,0.0,0.1953085958957672,0.0001,1e-05,53.594,4.5925,0.6702
4546,stage2,2,0.19660332798957825,0.20928677916526794,0.0,0.19660332798957825,0.0001,1e-05,53.592,4.8941,0.6699
4547,stage2,2,0.1749095320701599,0.21777689456939697,0.0,0.1749095320701599,0.0001,1e-05,53.59,4.4649,4.8917
4548,stage2,2,0.17884980142116547,0.2325793206691742,0.0,0.17884980142116547,0.0001,1e-05,53.588,5.5421,0.667
4549,stage2,2,0.18804286420345306,0.1954607218503952,0.0,0.18804286420345306,0.0001,1e-05,53.601,3.457,0.6682
4550,stage2,2,0.21113568544387817,0.18946178257465363,0.0,0.21113568544387817,0.0001,1e-05,53.588,5.733,0.6681
4551,stage2,2,0.1989707499742508,0.20625412464141846,0.0,0.1989707499742508,0.0001,1e-05,53.591,6.463,0.6684
4552,stage2,2,0.22499816119670868,0.2109631896018982,0.0,0.22499816119670868,0.0001,1e-05,53.593,4.1087,0.6694
4553,stage2,2,0.17413383722305298,0.19610221683979034,0.0,0.17413383722305298,0.0001,1e-05,53.595,3.8485,0.6699
4554,stage2,2,0.1977405846118927,0.2038111835718155,0.0,0.1977405846118927,0.0001,1e-05,53.601,4.8636,0.6736
4555,stage2,2,0.2008361518383026,0.2274198681116104,0.0,0.2008361518383026,0.0001,1e-05,53.593,7.5298,4.9234
4556,stage2,2,0.20163530111312866,0.17818620800971985,0.0,0.20163530111312866,0.0001,1e-05,53.595,4.4897,0.6677
4557,stage2,2,0.20936793088912964,0.19657151401042938,0.0,0.20936793088912964,0.0001,1e-05,53.598,5.4607,0.668
4558,stage2,2,0.19906997680664062,0.21569626033306122,0.0,0.19906997680664062,0.0001,1e-05,53.602,3.8723,0.6689
4559,stage2,2,0.18805167078971863,0.2051803171634674,0.0,0.18805167078971863,0.0001,1e-05,53.593,4.0167,0.6681
4560,stage2,2,0.17371346056461334,0.18645726144313812,0.0,0.17371346056461334,0.0001,1e-05,53.605,3.452,0.6696
4561,stage2,2,0.1623183637857437,0.21292643249034882,0.0,0.1623183637857437,0.0001,1e-05,53.593,3.1153,0.6757
4562,stage2,2,0.19450917840003967,0.20256364345550537,0.0,0.19450917840003967,0.0001,1e-05,53.597,3.9848,0.6695
4563,stage2,2,0.17791695892810822,0.2002710998058319,0.0,0.17791695892810822,0.0001,1e-05,53.589,4.216,5.2849
4564,stage2,2,0.20067590475082397,0.18158137798309326,0.0,0.20067590475082397,0.0001,1e-05,53.586,4.1559,0.6696
4565,stage2,2,0.18327359855175018,0.22032234072685242,0.0,0.18327359855175018,0.0001,1e-05,53.605,4.3069,0.6693
4566,stage2,2,0.18394650518894196,0.1944594532251358,0.0,0.18394650518894196,0.0001,1e-05,53.606,4.7306,0.6688
4567,stage2,2,0.17456015944480896,0.22617748379707336,0.0,0.17456015944480896,0.0001,1e-05,53.597,3.6383,0.6682
4568,stage2,2,0.1947949230670929,0.192138209939003,0.0,0.1947949230670929,0.0001,1e-05,53.603,4.4912,0.6707
4569,stage2,2,0.2256612330675125,0.19067294895648956,0.0,0.2256612330675125,0.0001,1e-05,53.606,5.627,0.6673
4570,stage2,2,0.17611338198184967,0.22408747673034668,0.0,0.17611338198184967,0.0001,1e-05,53.599,4.249,0.6694
4571,stage2,2,0.23776324093341827,0.19595997035503387,0.0,0.23776324093341827,0.0001,1e-05,53.606,4.45,4.9637
4572,stage2,2,0.19287161529064178,0.19188326597213745,0.0,0.19287161529064178,0.0001,1e-05,53.586,3.6952,0.6673
4573,stage2,2,0.19487230479717255,0.20573538541793823,0.0,0.19487230479717255,0.0001,1e-05,53.592,4.0556,0.6682
4574,stage2,2,0.23280276358127594,0.202220618724823,0.0,0.23280276358127594,0.0001,1e-05,53.586,5.6437,0.6683
4575,stage2,2,0.20284537971019745,0.20357546210289001,0.0,0.20284537971019745,0.0001,1e-05,53.617,6.5503,0.6694
4576,stage2,2,0.22573360800743103,0.1865140199661255,0.0,0.22573360800743103,0.0001,1e-05,53.594,5.1535,0.6693
4577,stage2,2,0.24765944480895996,0.17978233098983765,0.0,0.24765944480895996,0.0001,1e-05,53.595,5.1834,0.6697
4578,stage2,2,0.1640038788318634,0.21563135087490082,0.0,0.1640038788318634,0.0001,1e-05,53.6,4.7968,0.6698
4579,stage2,2,0.14895853400230408,0.2039598971605301,0.0,0.14895853400230408,0.0001,1e-05,53.592,5.7978,4.9574
4580,stage2,2,0.17463651299476624,0.18468253314495087,0.0,0.17463651299476624,0.0001,1e-05,53.609,3.7381,0.6683
4581,stage2,2,0.1784408688545227,0.2086867243051529,0.0,0.1784408688545227,0.0001,1e-05,53.593,3.3956,0.6672
4582,stage2,2,0.228335902094841,0.21016491949558258,0.0,0.228335902094841,0.0001,1e-05,53.592,4.9649,0.6682
4583,stage2,2,0.20230010151863098,0.19856370985507965,0.0,0.20230010151863098,0.0001,1e-05,53.595,4.4375,0.6687
4584,stage2,2,0.20739731192588806,0.1865985095500946,0.0,0.20739731192588806,0.0001,1e-05,53.598,5.2148,0.669
4585,stage2,2,0.21551035344600677,0.2177286148071289,0.0,0.21551035344600677,0.0001,1e-05,53.597,5.0392,0.6693
4586,stage2,2,0.21552349627017975,0.18693768978118896,0.0,0.21552349627017975,0.0001,1e-05,53.6,4.5351,0.6699
4587,stage2,2,0.18214206397533417,0.1968095600605011,0.0,0.18214206397533417,0.0001,1e-05,53.594,4.5007,4.8592
4588,stage2,2,0.20881570875644684,0.21478548645973206,0.0,0.20881570875644684,0.0001,1e-05,53.611,4.0415,0.6696
4589,stage2,2,0.1662658452987671,0.22618597745895386,0.0,0.1662658452987671,0.0001,1e-05,53.601,4.0088,0.6683
4590,stage2,2,0.1595970243215561,0.18892185389995575,0.0,0.1595970243215561,0.0001,1e-05,53.608,3.6131,0.6695
4591,stage2,2,0.2057197540998459,0.1992291361093521,0.0,0.2057197540998459,0.0001,1e-05,53.595,4.6972,0.6692
4592,stage2,2,0.18997272849082947,0.20748063921928406,0.0,0.18997272849082947,0.0001,1e-05,53.598,4.2666,0.6696
4593,stage2,2,0.17992064356803894,0.21982769668102264,0.0,0.17992064356803894,0.0001,1e-05,53.607,4.9346,0.6705
4594,stage2,2,0.18328942358493805,0.1988123655319214,0.0,0.18328942358493805,0.0001,1e-05,53.593,4.332,0.6703
4595,stage2,2,0.20550519227981567,0.19809293746948242,0.0,0.20550519227981567,0.0001,1e-05,53.598,4.9245,5.1859
4596,stage2,2,0.17309024930000305,0.20911385118961334,0.0,0.17309024930000305,0.0001,1e-05,53.605,5.4466,0.6669
4597,stage2,2,0.189592182636261,0.18364155292510986,0.0,0.189592182636261,0.0001,1e-05,53.589,3.1817,0.6677
4598,stage2,2,0.2147083580493927,0.20495064556598663,0.0,0.2147083580493927,0.0001,1e-05,53.598,5.2131,0.668
4599,stage2,2,0.15855586528778076,0.20237810909748077,0.0,0.15855586528778076,0.0001,1e-05,53.599,4.0748,0.6685
4600,stage2,2,0.19764813780784607,0.19258512556552887,0.0,0.19764813780784607,0.0001,1e-05,53.604,6.4143,0.6695
4601,stage2,2,0.16111116111278534,0.24434253573417664,0.0,0.16111116111278534,0.0001,1e-05,53.595,4.4409,0.6699
4602,stage2,2,0.15682418644428253,0.20914556086063385,0.0,0.15682418644428253,0.0001,1e-05,53.601,3.8401,0.6704
4603,stage2,2,0.21844661235809326,0.20452247560024261,0.0,0.21844661235809326,0.0001,1e-05,53.584,3.8676,4.7842
4604,stage2,2,0.19917035102844238,0.2034451961517334,0.0,0.19917035102844238,0.0001,1e-05,53.595,3.8945,0.6711
4605,stage2,2,0.19826285541057587,0.2272976189851761,0.0,0.19826285541057587,0.0001,1e-05,53.597,4.1296,0.6681
4606,stage2,2,0.18424634635448456,0.2042338103055954,0.0,0.18424634635448456,0.0001,1e-05,53.603,4.1653,0.6691
4607,stage2,2,0.18051816523075104,0.20029059052467346,0.0,0.18051816523075104,0.0001,1e-05,53.597,3.7402,0.6699
4608,stage2,2,0.16111992299556732,0.21875645220279694,0.0,0.16111992299556732,0.0001,1e-05,53.601,3.9386,0.6692
4609,stage2,2,0.19907939434051514,0.24646858870983124,0.0,0.19907939434051514,0.0001,1e-05,53.6,4.3856,0.6697
4610,stage2,2,0.16353929042816162,0.24336129426956177,0.0,0.16353929042816162,0.0001,1e-05,53.6,5.0447,0.6697
4611,stage2,2,0.18842872977256775,0.1883881837129593,0.0,0.18842872977256775,0.0001,1e-05,53.603,3.7184,4.8714
4612,stage2,2,0.18528836965560913,0.19949465990066528,0.0,0.18528836965560913,0.0001,1e-05,53.599,4.8582,0.6684
4613,stage2,2,0.17990191280841827,0.21286065876483917,0.0,0.17990191280841827,0.0001,1e-05,53.592,3.851,0.6683
4614,stage2,2,0.17900963127613068,0.20490548014640808,0.0,0.17900963127613068,0.0001,1e-05,53.607,4.6701,0.6684
4615,stage2,2,0.18395286798477173,0.20447488129138947,0.0,0.18395286798477173,0.0001,1e-05,53.604,3.5166,0.6745
4616,stage2,2,0.17296014726161957,0.1891040951013565,0.0,0.17296014726161957,0.0001,1e-05,53.604,4.0387,0.6699
4617,stage2,2,0.16294413805007935,0.21424473822116852,0.0,0.16294413805007935,0.0001,1e-05,53.598,3.4692,0.67
4618,stage2,2,0.15414725244045258,0.20804640650749207,0.0,0.15414725244045258,0.0001,1e-05,53.608,4.4192,0.6703
4619,stage2,2,0.19750040769577026,0.19487325847148895,0.0,0.19750040769577026,0.0001,1e-05,53.596,4.6188,4.8028
4620,stage2,2,0.1816217601299286,0.2066013216972351,0.0,0.1816217601299286,0.0001,1e-05,53.588,4.4157,0.6688
4621,stage2,2,0.19289521872997284,0.19886824488639832,0.0,0.19289521872997284,0.0001,1e-05,53.606,3.715,0.6685
4622,stage2,2,0.1944044679403305,0.19415681064128876,0.0,0.1944044679403305,0.0001,1e-05,53.605,4.099,0.6695
4623,stage2,2,0.1574140042066574,0.23835256695747375,0.0,0.1574140042066574,0.0001,1e-05,53.599,3.7413,0.6697
4624,stage2,2,0.1775229573249817,0.2087750881910324,0.0,0.1775229573249817,0.0001,1e-05,53.588,4.3334,0.6712
4625,stage2,2,0.16240565478801727,0.20812110602855682,0.0,0.16240565478801727,0.0001,1e-05,53.606,3.5181,0.6763
4626,stage2,2,0.1722264438867569,0.19204461574554443,0.0,0.1722264438867569,0.0001,1e-05,53.59,4.5994,0.671
4627,stage2,2,0.18085633218288422,0.21546845138072968,0.0,0.18085633218288422,0.0001,1e-05,53.601,4.1055,5.0304
4628,stage2,2,0.19269685447216034,0.19355088472366333,0.0,0.19269685447216034,0.0001,1e-05,53.604,5.4267,0.6681
4629,stage2,2,0.22232991456985474,0.21607142686843872,0.0,0.22232991456985474,0.0001,1e-05,53.606,4.4096,0.6685
4630,stage2,2,0.1732746809720993,0.199831023812294,0.0,0.1732746809720993,0.0001,1e-05,53.599,3.7834,0.669
4631,stage2,2,0.19718992710113525,0.19253230094909668,0.0,0.19718992710113525,0.0001,1e-05,53.596,4.2443,0.6694
4632,stage2,2,0.17600958049297333,0.20214411616325378,0.0,0.17600958049297333,0.0001,1e-05,53.589,3.8304,0.6709
4633,stage2,2,0.2012959122657776,0.1892765760421753,0.0,0.2012959122657776,0.0001,1e-05,53.601,5.2892,0.6702
4634,stage2,2,0.2101524919271469,0.18121542036533356,0.0,0.2101524919271469,0.0001,1e-05,53.606,3.8893,0.6714
4635,stage2,2,0.1812877207994461,0.1967834234237671,0.0,0.1812877207994461,0.0001,1e-05,53.595,4.059,4.7882
4636,stage2,2,0.1808442920446396,0.19705724716186523,0.0,0.1808442920446396,0.0001,1e-05,53.592,4.8349,0.6677
4637,stage2,2,0.20075272023677826,0.1893465220928192,0.0,0.20075272023677826,0.0001,1e-05,53.604,4.2173,0.6683
4638,stage2,2,0.21168383955955505,0.20137861371040344,0.0,0.21168383955955505,0.0001,1e-05,53.589,4.7875,0.6692
4639,stage2,2,0.16805994510650635,0.19494695961475372,0.0,0.16805994510650635,0.0001,1e-05,53.606,4.0475,0.6693
4640,stage2,2,0.1772845983505249,0.20231787860393524,0.0,0.1772845983505249,0.0001,1e-05,53.609,3.8457,0.6696
4641,stage2,2,0.1684713363647461,0.20904967188835144,0.0,0.1684713363647461,0.0001,1e-05,53.612,4.5578,0.6725
4642,stage2,2,0.1518925428390503,0.24169230461120605,0.0,0.1518925428390503,0.0001,1e-05,53.607,4.8849,0.6695
4643,stage2,2,0.2081655114889145,0.21448275446891785,0.0,0.2081655114889145,0.0001,1e-05,53.606,3.6305,5.7699
4644,stage2,2,0.18695798516273499,0.2191280573606491,0.0,0.18695798516273499,0.0001,1e-05,53.625,4.3084,0.6669
4645,stage2,2,0.1666932851076126,0.22351181507110596,0.0,0.1666932851076126,0.0001,1e-05,53.604,4.55,0.6674
4646,stage2,2,0.186726912856102,0.20914921164512634,0.0,0.186726912856102,0.0001,1e-05,53.606,3.6941,0.6683
4647,stage2,2,0.1876312792301178,0.19993367791175842,0.0,0.1876312792301178,0.0001,1e-05,53.607,4.3659,0.669
4648,stage2,2,0.1822357177734375,0.21417726576328278,0.0,0.1822357177734375,0.0001,1e-05,53.595,4.3255,0.669
4649,stage2,2,0.20053187012672424,0.19548992812633514,0.0,0.20053187012672424,0.0001,1e-05,53.601,4.9017,0.6691
4650,stage2,2,0.1483631581068039,0.23874621093273163,0.0,0.1483631581068039,0.0001,1e-05,53.609,4.2317,1.7251
4651,stage2,2,0.19397413730621338,0.1907610446214676,0.0,0.19397413730621338,0.0001,1e-05,53.61,4.3189,4.6967
4652,stage2,2,0.1734023243188858,0.22621753811836243,0.0,0.1734023243188858,0.0001,1e-05,53.596,3.653,0.6669
4653,stage2,2,0.14587990939617157,0.20460709929466248,0.0,0.14587990939617157,0.0001,1e-05,53.603,3.4678,0.6673
4654,stage2,2,0.1752278357744217,0.19763219356536865,0.0,0.1752278357744217,0.0001,1e-05,53.604,4.926,0.6686
4655,stage2,2,0.18731674551963806,0.22743254899978638,0.0,0.18731674551963806,0.0001,1e-05,53.619,5.4149,0.6689
4656,stage2,2,0.18917465209960938,0.19876787066459656,0.0,0.18917465209960938,0.0001,1e-05,53.614,3.8982,0.6691
4657,stage2,2,0.15690749883651733,0.21529391407966614,0.0,0.15690749883651733,0.0001,1e-05,53.607,3.7555,0.6697
4658,stage2,2,0.18285907804965973,0.22238647937774658,0.0,0.18285907804965973,0.0001,1e-05,53.603,4.7471,0.67
4659,stage2,2,0.18420018255710602,0.2033233344554901,0.0,0.18420018255710602,0.0001,1e-05,53.611,5.3647,5.0228
4660,stage2,2,0.20055006444454193,0.20767611265182495,0.0,0.20055006444454193,0.0001,1e-05,53.604,4.6696,0.6668
4661,stage2,2,0.1915767639875412,0.1975100189447403,0.0,0.1915767639875412,0.0001,1e-05,53.593,4.0541,0.6684
4662,stage2,2,0.18627801537513733,0.18360556662082672,0.0,0.18627801537513733,0.0001,1e-05,53.598,3.5456,0.6688
4663,stage2,2,0.1872282475233078,0.19034089148044586,0.0,0.1872282475233078,0.0001,1e-05,53.597,4.2931,0.6696
4664,stage2,2,0.2153269648551941,0.2053079754114151,0.0,0.2153269648551941,0.0001,1e-05,53.6,5.3492,0.675
4665,stage2,2,0.1819290667772293,0.19441653788089752,0.0,0.1819290667772293,0.0001,1e-05,53.588,5.2803,0.6703
4666,stage2,2,0.19564495980739594,0.21174857020378113,0.0,0.19564495980739594,0.0001,1e-05,53.603,4.1114,0.6707
4667,stage2,2,0.20137819647789001,0.18061085045337677,0.0,0.20137819647789001,0.0001,1e-05,53.594,4.7741,4.9685
4668,stage2,2,0.2370244711637497,0.19086980819702148,0.0,0.2370244711637497,0.0001,1e-05,53.596,4.2127,0.6683
4669,stage2,2,0.15647850930690765,0.22018426656723022,0.0,0.15647850930690765,0.0001,1e-05,53.601,3.9847,0.6704
4670,stage2,2,0.21203124523162842,0.19710944592952728,0.0,0.21203124523162842,0.0001,1e-05,53.605,5.0284,0.6696
4671,stage2,2,0.16140587627887726,0.20424918830394745,0.0,0.16140587627887726,0.0001,1e-05,53.59,3.8115,0.6704
4672,stage2,2,0.16166137158870697,0.20555198192596436,0.0,0.16166137158870697,0.0001,1e-05,53.598,3.6458,0.6731
4673,stage2,2,0.19262677431106567,0.1944950670003891,0.0,0.19262677431106567,0.0001,1e-05,53.601,4.4664,0.6662
4674,stage2,2,0.2016577273607254,0.18653173744678497,0.0,0.2016577273607254,0.0001,1e-05,53.597,4.0862,0.6704
4675,stage2,2,0.18503989279270172,0.20402778685092926,0.0,0.18503989279270172,0.0001,1e-05,53.603,4.2593,4.9068
4676,stage2,2,0.20491284132003784,0.1870734542608261,0.0,0.20491284132003784,0.0001,1e-05,53.605,4.0516,0.6673
4677,stage2,2,0.20582911372184753,0.20174816250801086,0.0,0.20582911372184753,0.0001,1e-05,53.605,4.6503,0.6681
4678,stage2,2,0.19041645526885986,0.1987602859735489,0.0,0.19041645526885986,0.0001,1e-05,53.607,4.095,0.6689
4679,stage2,2,0.2009507566690445,0.1885356456041336,0.0,0.2009507566690445,0.0001,1e-05,53.605,4.3757,0.6739
4680,stage2,2,0.1785750538110733,0.20575881004333496,0.0,0.1785750538110733,0.0001,1e-05,53.598,3.5848,0.6687
4681,stage2,2,0.2090449035167694,0.2056453973054886,0.0,0.2090449035167694,0.0001,1e-05,53.597,4.8794,0.671
4682,stage2,2,0.17518647015094757,0.23347562551498413,0.0,0.17518647015094757,0.0001,1e-05,53.599,3.8932,0.6709
4683,stage2,2,0.16454757750034332,0.1925598680973053,0.0,0.16454757750034332,0.0001,1e-05,53.601,4.0354,4.6648
4684,stage2,2,0.18767787516117096,0.1936262995004654,0.0,0.18767787516117096,0.0001,1e-05,53.597,3.6901,0.6677
4685,stage2,2,0.19104456901550293,0.18892040848731995,0.0,0.19104456901550293,0.0001,1e-05,53.597,3.7012,0.6684
4686,stage2,2,0.1915370672941208,0.21041925251483917,0.0,0.1915370672941208,0.0001,1e-05,53.602,5.924,0.6689
4687,stage2,2,0.1666429191827774,0.2053338587284088,0.0,0.1666429191827774,0.0001,1e-05,53.615,4.6159,0.6694
4688,stage2,2,0.1982538104057312,0.2082163542509079,0.0,0.1982538104057312,0.0001,1e-05,53.594,5.1528,0.6711
4689,stage2,2,0.18065042793750763,0.1918341964483261,0.0,0.18065042793750763,0.0001,1e-05,53.593,4.1251,0.6705
4690,stage2,2,0.1588277816772461,0.21576479077339172,0.0,0.1588277816772461,0.0001,1e-05,53.605,4.8059,0.6713
4691,stage2,2,0.1864801049232483,0.21313458681106567,0.0,0.1864801049232483,0.0001,1e-05,53.6,4.7088,4.8154
4692,stage2,2,0.21425025165081024,0.20218424499034882,0.0,0.21425025165081024,0.0001,1e-05,53.605,8.2155,0.6674
4693,stage2,2,0.19641098380088806,0.22097112238407135,0.0,0.19641098380088806,0.0001,1e-05,53.604,5.3043,0.668
4694,stage2,2,0.1830742359161377,0.2257871776819229,0.0,0.1830742359161377,0.0001,1e-05,53.596,5.7163,0.669
4695,stage2,2,0.19880826771259308,0.2145593762397766,0.0,0.19880826771259308,0.0001,1e-05,53.608,4.6963,0.6681
4696,stage2,2,0.19869540631771088,0.19803112745285034,0.0,0.19869540631771088,0.0001,1e-05,53.6,4.4589,0.6698
4697,stage2,2,0.1871962994337082,0.20562167465686798,0.0,0.1871962994337082,0.0001,1e-05,53.592,5.3453,0.6704
4698,stage2,2,0.19536752998828888,0.19386407732963562,0.0,0.19536752998828888,0.0001,1e-05,53.595,4.0497,0.6713
4699,stage2,2,0.1988087147474289,0.19704170525074005,0.0,0.1988087147474289,0.0001,1e-05,53.597,3.8512,5.0809
4700,stage2,2,0.23700614273548126,0.1737728714942932,0.0,0.23700614273548126,0.0001,1e-05,53.591,4.7611,0.6684
4701,stage2,2,0.16445466876029968,0.22998252511024475,0.0,0.16445466876029968,0.0001,1e-05,53.603,4.337,0.6687
4702,stage2,2,0.15938107669353485,0.20542635023593903,0.0,0.15938107669353485,0.0001,1e-05,53.594,3.4138,0.6696
4703,stage2,2,0.1693997085094452,0.1964908093214035,0.0,0.1693997085094452,0.0001,1e-05,53.597,3.8482,0.67
4704,stage2,2,0.1889955699443817,0.17932642996311188,0.0,0.1889955699443817,0.0001,1e-05,53.604,3.8881,0.6705
4705,stage2,2,0.17403648793697357,0.19045990705490112,0.0,0.17403648793697357,0.0001,1e-05,53.596,4.1568,0.6723
4706,stage2,2,0.19196392595767975,0.18957363069057465,0.0,0.19196392595767975,0.0001,1e-05,53.591,4.3704,0.6712
4707,stage2,2,0.17647713422775269,0.21839149296283722,0.0,0.17647713422775269,0.0001,1e-05,53.598,4.3363,4.8834
4708,stage2,2,0.23102495074272156,0.19934003055095673,0.0,0.23102495074272156,0.0001,1e-05,53.601,4.5598,0.6686
4709,stage2,2,0.18961870670318604,0.2182898223400116,0.0,0.18961870670318604,0.0001,1e-05,53.602,6.7611,0.6688
4710,stage2,2,0.20969176292419434,0.1870703399181366,0.0,0.20969176292419434,0.0001,1e-05,53.604,3.5443,0.6689
4711,stage2,2,0.18804681301116943,0.21064352989196777,0.0,0.18804681301116943,0.0001,1e-05,53.609,4.1757,0.6695
4712,stage2,2,0.19131827354431152,0.1882280856370926,0.0,0.19131827354431152,0.0001,1e-05,53.602,3.8143,0.6703
4713,stage2,2,0.1798989176750183,0.20127882063388824,0.0,0.1798989176750183,0.0001,1e-05,53.597,4.2675,0.6705
4714,stage2,2,0.1631884127855301,0.19785365462303162,0.0,0.1631884127855301,0.0001,1e-05,53.598,3.6248,0.6706
4715,stage2,2,0.20160217583179474,0.19105352461338043,0.0,0.20160217583179474,0.0001,1e-05,53.596,3.9647,5.2301
4716,stage2,2,0.22926242649555206,0.2173190712928772,0.0,0.22926242649555206,0.0001,1e-05,53.597,6.1957,0.6674
4717,stage2,2,0.22043512761592865,0.20269060134887695,0.0,0.22043512761592865,0.0001,1e-05,53.601,5.3459,0.6681
4718,stage2,2,0.1721673309803009,0.19042345881462097,0.0,0.1721673309803009,0.0001,1e-05,53.61,4.7736,0.6692
4719,stage2,2,0.1893547773361206,0.18194763362407684,0.0,0.1893547773361206,0.0001,1e-05,53.603,3.7797,0.6696
4720,stage2,2,0.23627443611621857,0.19132430851459503,0.0,0.23627443611621857,0.0001,1e-05,53.609,4.3595,0.669
4721,stage2,2,0.19630061089992523,0.18914201855659485,0.0,0.19630061089992523,0.0001,1e-05,53.604,3.6643,0.6707
4722,stage2,2,0.1873376965522766,0.20694583654403687,0.0,0.1873376965522766,0.0001,1e-05,53.602,4.9717,0.6702
4723,stage2,2,0.16108021140098572,0.220248281955719,0.0,0.16108021140098572,0.0001,1e-05,53.586,4.5131,5.2584
4724,stage2,2,0.1684618890285492,0.19386088848114014,0.0,0.1684618890285492,0.0001,1e-05,53.598,4.0421,0.6714
4725,stage2,2,0.19612041115760803,0.20786868035793304,0.0,0.19612041115760803,0.0001,1e-05,53.602,4.2456,0.669
4726,stage2,2,0.17449422180652618,0.18588846921920776,0.0,0.17449422180652618,0.0001,1e-05,53.595,4.8265,0.6692
4727,stage2,2,0.21485956013202667,0.19014176726341248,0.0,0.21485956013202667,0.0001,1e-05,53.586,4.0927,0.6709
4728,stage2,2,0.2191636711359024,0.2107752412557602,0.0,0.2191636711359024,0.0001,1e-05,53.606,5.114,0.6736
4729,stage2,2,0.182943195104599,0.1939382553100586,0.0,0.182943195104599,0.0001,1e-05,53.601,3.8149,0.6699
4730,stage2,2,0.1564861387014389,0.2126132994890213,0.0,0.1564861387014389,0.0001,1e-05,53.595,3.7878,0.6699
4731,stage2,2,0.1871960461139679,0.19659970700740814,0.0,0.1871960461139679,0.0001,1e-05,53.599,3.9827,4.9192
4732,stage2,2,0.1738266795873642,0.19748304784297943,0.0,0.1738266795873642,0.0001,1e-05,53.601,4.1209,0.6684
4733,stage2,2,0.19386398792266846,0.18292365968227386,0.0,0.19386398792266846,0.0001,1e-05,53.598,3.9255,0.6692
4734,stage2,2,0.1810009479522705,0.1725771129131317,0.0,0.1810009479522705,0.0001,1e-05,53.596,3.569,0.6686
4735,stage2,2,0.16125208139419556,0.2030484676361084,0.0,0.16125208139419556,0.0001,1e-05,53.593,4.9859,0.6756
4736,stage2,2,0.14623284339904785,0.21488693356513977,0.0,0.14623284339904785,0.0001,1e-05,53.608,3.6175,0.6696
4737,stage2,2,0.16947713494300842,0.1741597205400467,0.0,0.16947713494300842,0.0001,1e-05,53.605,3.5185,0.6698
4738,stage2,2,0.19996021687984467,0.20010840892791748,0.0,0.19996021687984467,0.0001,1e-05,53.591,4.0116,0.6703
4739,stage2,2,0.20061317086219788,0.19479340314865112,0.0,0.20061317086219788,0.0001,1e-05,53.591,5.4376,4.8209
4740,stage2,2,0.1885165423154831,0.17006875574588776,0.0,0.1885165423154831,0.0001,1e-05,53.594,4.4491,0.6678
4741,stage2,2,0.191756933927536,0.21704399585723877,0.0,0.191756933927536,0.0001,1e-05,53.605,4.0915,0.6691
4742,stage2,2,0.20500850677490234,0.18528799712657928,0.0,0.20500850677490234,0.0001,1e-05,53.606,4.2867,0.6686
4743,stage2,2,0.15255847573280334,0.19403870403766632,0.0,0.15255847573280334,0.0001,1e-05,53.601,4.0754,0.6758
4744,stage2,2,0.1941433846950531,0.18929371237754822,0.0,0.1941433846950531,0.0001,1e-05,53.599,4.1977,0.6697
4745,stage2,2,0.1373830884695053,0.20926067233085632,0.0,0.1373830884695053,0.0001,1e-05,53.605,4.561,0.6701
4746,stage2,2,0.1525331437587738,0.21300557255744934,0.0,0.1525331437587738,0.0001,1e-05,53.609,4.2479,0.6699
4747,stage2,2,0.18758688867092133,0.19226498901844025,0.0,0.18758688867092133,0.0001,1e-05,53.597,3.7339,4.7461
4748,stage2,2,0.17262569069862366,0.20757216215133667,0.0,0.17262569069862366,0.0001,1e-05,53.607,3.6137,0.6666
4749,stage2,2,0.14985743165016174,0.2028542160987854,0.0,0.14985743165016174,0.0001,1e-05,53.599,3.7264,0.6682
4750,stage2,2,0.1922784149646759,0.20235660672187805,0.0,0.1922784149646759,0.0001,1e-05,53.604,4.5368,0.6698
4751,stage2,2,0.16418182849884033,0.21972967684268951,0.0,0.16418182849884033,0.0001,1e-05,53.602,4.0184,0.6693
4752,stage2,2,0.1874343752861023,0.21486075222492218,0.0,0.1874343752861023,0.0001,1e-05,53.593,4.1211,0.67
4753,stage2,2,0.17833177745342255,0.20047037303447723,0.0,0.17833177745342255,0.0001,1e-05,53.603,3.4427,0.6749
4754,stage2,2,0.17256565392017365,0.18910324573516846,0.0,0.17256565392017365,0.0001,1e-05,53.589,3.7182,0.6702
4755,stage2,2,0.14879095554351807,0.21446236968040466,0.0,0.14879095554351807,0.0001,1e-05,53.6,4.7872,4.9405
4756,stage2,2,0.16071189939975739,0.18396611511707306,0.0,0.16071189939975739,0.0001,1e-05,53.597,3.8882,0.6715
4757,stage2,2,0.17192338407039642,0.18885549902915955,0.0,0.17192338407039642,0.0001,1e-05,53.601,4.6642,0.6695
4758,stage2,2,0.175884410738945,0.1818648874759674,0.0,0.175884410738945,0.0001,1e-05,53.597,4.1859,0.6698
4759,stage2,2,0.1698981523513794,0.20857451856136322,0.0,0.1698981523513794,0.0001,1e-05,53.599,4.5078,0.6708
4760,stage2,2,0.1739177703857422,0.19986659288406372,0.0,0.1739177703857422,0.0001,1e-05,53.598,4.3064,0.6699
4761,stage2,2,0.19045856595039368,0.1803380399942398,0.0,0.19045856595039368,0.0001,1e-05,53.606,3.4385,0.6709
4762,stage2,2,0.21028219163417816,0.21366246044635773,0.0,0.21028219163417816,0.0001,1e-05,53.595,3.9168,0.6714
4763,stage2,2,0.19941671192646027,0.18582196533679962,0.0,0.19941671192646027,0.0001,1e-05,53.594,3.8241,4.5231
4764,stage2,2,0.1680736094713211,0.21484726667404175,0.0,0.1680736094713211,0.0001,1e-05,53.604,5.4189,0.6738
4765,stage2,2,0.17697980999946594,0.1703028380870819,0.0,0.17697980999946594,0.0001,1e-05,53.6,3.2522,0.6696
4766,stage2,2,0.15712015330791473,0.22354072332382202,0.0,0.15712015330791473,0.0001,1e-05,53.602,4.657,0.6697
4767,stage2,2,0.167449951171875,0.20356769859790802,0.0,0.167449951171875,0.0001,1e-05,53.602,4.1915,0.6703
4768,stage2,2,0.16274629533290863,0.19881565868854523,0.0,0.16274629533290863,0.0001,1e-05,53.59,3.9306,0.6706
4769,stage2,2,0.18566063046455383,0.20275898277759552,0.0,0.18566063046455383,0.0001,1e-05,53.588,3.9863,0.6709
4770,stage2,2,0.20211948454380035,0.2161809653043747,0.0,0.20211948454380035,0.0001,1e-05,53.597,5.0814,0.6716
4771,stage2,2,0.17308391630649567,0.22227956354618073,0.0,0.17308391630649567,0.0001,1e-05,53.596,4.6656,4.9655
4772,stage2,2,0.16797128319740295,0.1817285418510437,0.0,0.16797128319740295,0.0001,1e-05,53.584,3.9318,0.6675
4773,stage2,2,0.15465137362480164,0.23039929568767548,0.0,0.15465137362480164,0.0001,1e-05,53.596,6.272,0.6684
4774,stage2,2,0.19471080601215363,0.1950448751449585,0.0,0.19471080601215363,0.0001,1e-05,53.586,3.74,0.6691
4775,stage2,2,0.15509752929210663,0.20206642150878906,0.0,0.15509752929210663,0.0001,1e-05,53.594,3.657,0.6702
4776,stage2,2,0.1817828118801117,0.20623916387557983,0.0,0.1817828118801117,0.0001,1e-05,53.596,4.6786,0.6701
4777,stage2,2,0.14242982864379883,0.19523905217647552,0.0,0.14242982864379883,0.0001,1e-05,53.594,4.9166,0.6702
4778,stage2,2,0.1733860969543457,0.18714860081672668,0.0,0.1733860969543457,0.0001,1e-05,53.585,4.6264,0.6705
4779,stage2,2,0.15351060032844543,0.1867622286081314,0.0,0.15351060032844543,0.0001,1e-05,53.608,3.6982,5.6215
4780,stage2,2,0.19988475739955902,0.2017657607793808,0.0,0.19988475739955902,0.0001,1e-05,53.606,4.3636,0.6671
4781,stage2,2,0.19655261933803558,0.19520621001720428,0.0,0.19655261933803558,0.0001,1e-05,53.602,3.9576,0.6689
4782,stage2,2,0.24576114118099213,0.17768411338329315,0.0,0.24576114118099213,0.0001,1e-05,53.602,3.7318,0.6707
4783,stage2,2,0.17453980445861816,0.21046778559684753,0.0,0.17453980445861816,0.0001,1e-05,53.599,5.8228,0.6691
4784,stage2,2,0.1711212694644928,0.19115214049816132,0.0,0.1711212694644928,0.0001,1e-05,53.597,4.2131,0.6698
4785,stage2,2,0.18533621728420258,0.2016284167766571,0.0,0.18533621728420258,0.0001,1e-05,53.597,4.7417,0.6697
4786,stage2,2,0.19004473090171814,0.1924525946378708,0.0,0.19004473090171814,0.0001,1e-05,53.601,3.994,0.6702
4787,stage2,2,0.19409702718257904,0.1825372576713562,0.0,0.19409702718257904,0.0001,1e-05,53.602,3.5899,4.8799
4788,stage2,2,0.15900440514087677,0.19886845350265503,0.0,0.15900440514087677,0.0001,1e-05,53.604,4.4481,0.6662
4789,stage2,2,0.18621988594532013,0.20960231125354767,0.0,0.18621988594532013,0.0001,1e-05,53.603,5.4488,0.6672
4790,stage2,2,0.19153381884098053,0.18059076368808746,0.0,0.19153381884098053,0.0001,1e-05,53.6,3.5437,0.6673
4791,stage2,2,0.18234151601791382,0.17990466952323914,0.0,0.18234151601791382,0.0001,1e-05,53.597,4.0513,0.668
4792,stage2,2,0.2107328176498413,0.20177693665027618,0.0,0.2107328176498413,0.0001,1e-05,53.597,4.6351,0.6686
4793,stage2,2,0.18150979280471802,0.21510779857635498,0.0,0.18150979280471802,0.0001,1e-05,53.592,4.4622,0.6699
4794,stage2,2,0.1774899959564209,0.219407856464386,0.0,0.1774899959564209,0.0001,1e-05,53.598,4.9913,0.6706
4795,stage2,2,0.16057807207107544,0.2206449657678604,0.0,0.16057807207107544,0.0001,1e-05,53.608,3.6507,4.8746
4796,stage2,2,0.17139387130737305,0.20787501335144043,0.0,0.17139387130737305,0.0001,1e-05,53.607,3.8901,0.6679
4797,stage2,2,0.22270452976226807,0.21465672552585602,0.0,0.22270452976226807,0.0001,1e-05,53.599,3.9871,0.669
4798,stage2,2,0.19734624028205872,0.22687633335590363,0.0,0.19734624028205872,0.0001,1e-05,53.605,4.9015,0.6691
4799,stage2,2,0.19437439739704132,0.20499061048030853,0.0,0.19437439739704132,0.0001,1e-05,53.6,3.4898,0.6694
4800,stage2,2,0.2043856382369995,0.2072407305240631,0.0,0.2043856382369995,0.0001,1e-05,53.604,5.257,0.6702
4801,stage2,2,0.1805879920721054,0.201239675283432,0.0,0.1805879920721054,0.0001,1e-05,53.603,5.234,0.6705
4802,stage2,2,0.16814130544662476,0.21107794344425201,0.0,0.16814130544662476,0.0001,1e-05,53.607,4.0419,0.6703
4803,stage2,2,0.20771434903144836,0.18354161083698273,0.0,0.20771434903144836,0.0001,1e-05,53.598,4.284,4.9504
4804,stage2,2,0.16951869428157806,0.21995477378368378,0.0,0.16951869428157806,0.0001,1e-05,53.598,4.5246,0.6682
4805,stage2,2,0.1976204663515091,0.18562066555023193,0.0,0.1976204663515091,0.0001,1e-05,53.604,4.4195,0.669
4806,stage2,2,0.18662242591381073,0.22577744722366333,0.0,0.18662242591381073,0.0001,1e-05,53.606,4.0627,0.6687
4807,stage2,2,0.19105342030525208,0.19315193593502045,0.0,0.19105342030525208,0.0001,1e-05,53.619,4.352,0.6707
4808,stage2,2,0.16793566942214966,0.20247015357017517,0.0,0.16793566942214966,0.0001,1e-05,53.604,3.7774,0.6713
4809,stage2,2,0.19454972445964813,0.1900697946548462,0.0,0.19454972445964813,0.0001,1e-05,53.595,5.6722,0.6685
4810,stage2,2,0.17621345818042755,0.21002161502838135,0.0,0.17621345818042755,0.0001,1e-05,53.604,5.0134,0.6709
4811,stage2,2,0.17516539990901947,0.23480646312236786,0.0,0.17516539990901947,0.0001,1e-05,53.605,5.882,4.9828
4812,stage2,2,0.20545439422130585,0.2079675793647766,0.0,0.20545439422130585,0.0001,1e-05,53.603,5.4826,0.67
4813,stage2,2,0.20403209328651428,0.19727984070777893,0.0,0.20403209328651428,0.0001,1e-05,53.605,4.522,0.668
4814,stage2,2,0.1702093482017517,0.24178393185138702,0.0,0.1702093482017517,0.0001,1e-05,53.608,4.6085,0.6692
4815,stage2,2,0.1754385530948639,0.21084719896316528,0.0,0.1754385530948639,0.0001,1e-05,53.604,4.3904,0.6681
4816,stage2,2,0.2082640528678894,0.21679387986660004,0.0,0.2082640528678894,0.0001,1e-05,53.611,4.8879,0.6694
4817,stage2,2,0.25849151611328125,0.19473129510879517,0.0,0.25849151611328125,0.0001,1e-05,53.621,4.8254,0.6698
4818,stage2,2,0.18356108665466309,0.17241747677326202,0.0,0.18356108665466309,0.0001,1e-05,53.614,3.9672,0.6699
4819,stage2,2,0.17302843928337097,0.22129033505916595,0.0,0.17302843928337097,0.0001,1e-05,53.6,4.9373,4.6093
4820,stage2,2,0.18858276307582855,0.19190452992916107,0.0,0.18858276307582855,0.0001,1e-05,53.603,5.1453,0.6598
4821,stage2,2,0.18818658590316772,0.2013697624206543,0.0,0.18818658590316772,0.0001,1e-05,53.592,4.9758,0.6672
4822,stage2,2,0.15562118589878082,0.2126491814851761,0.0,0.15562118589878082,0.0001,1e-05,53.595,3.5364,0.6674
4823,stage2,2,0.19328673183918,0.205902099609375,0.0,0.19328673183918,0.0001,1e-05,53.6,4.9606,0.6682
4824,stage2,2,0.15248610079288483,0.2030862271785736,0.0,0.15248610079288483,0.0001,1e-05,53.597,3.5783,0.6692
4825,stage2,2,0.15849757194519043,0.18980927765369415,0.0,0.15849757194519043,0.0001,1e-05,53.593,3.4027,0.6691
4826,stage2,2,0.1553325653076172,0.2170620709657669,0.0,0.1553325653076172,0.0001,1e-05,53.603,5.056,0.6693
4827,stage2,2,0.207086980342865,0.18198955059051514,0.0,0.207086980342865,0.0001,1e-05,53.595,4.9854,4.8198
4828,stage2,2,0.1496584564447403,0.1872422695159912,0.0,0.1496584564447403,0.0001,1e-05,53.588,3.0729,0.6664
4829,stage2,2,0.16418975591659546,0.20224636793136597,0.0,0.16418975591659546,0.0001,1e-05,53.599,4.1982,0.6672
4830,stage2,2,0.21002686023712158,0.19706183671951294,0.0,0.21002686023712158,0.0001,1e-05,53.597,4.5379,0.6696
4831,stage2,2,0.18395167589187622,0.1830100417137146,0.0,0.18395167589187622,0.0001,1e-05,53.604,3.6604,0.6689
4832,stage2,2,0.2625259757041931,0.1635504961013794,0.0,0.2625259757041931,0.0001,1e-05,53.6,6.0727,0.6697
4833,stage2,2,0.2067641168832779,0.1673511564731598,0.0,0.2067641168832779,0.0001,1e-05,53.599,3.6417,0.6716
4834,stage2,2,0.15678976476192474,0.18421189486980438,0.0,0.15678976476192474,0.0001,1e-05,53.596,3.8234,0.67
4835,stage2,2,0.19177097082138062,0.18587365746498108,0.0,0.19177097082138062,0.0001,1e-05,53.603,4.1857,5.1651
4836,stage2,2,0.1485530287027359,0.19114580750465393,0.0,0.1485530287027359,0.0001,1e-05,53.594,3.9156,0.6673
4837,stage2,2,0.18369142711162567,0.20665998756885529,0.0,0.18369142711162567,0.0001,1e-05,53.599,4.3428,0.6678
4838,stage2,2,0.23754341900348663,0.22369509935379028,0.0,0.23754341900348663,0.0001,1e-05,53.601,5.2263,0.6699
4839,stage2,2,0.16862128674983978,0.21458286046981812,0.0,0.16862128674983978,0.0001,1e-05,53.595,5.5949,0.6689
4840,stage2,2,0.218810573220253,0.1820148378610611,0.0,0.218810573220253,0.0001,1e-05,53.602,4.301,0.6697
4841,stage2,2,0.162676140666008,0.1897680014371872,0.0,0.162676140666008,0.0001,1e-05,53.59,3.7819,0.6699
4842,stage2,2,0.15630373358726501,0.20373180508613586,0.0,0.15630373358726501,0.0001,1e-05,53.597,3.4858,0.6702
4843,stage2,2,0.18220853805541992,0.1759531944990158,0.0,0.18220853805541992,0.0001,1e-05,53.6,3.3198,5.02
4844,stage2,2,0.19175615906715393,0.19775134325027466,0.0,0.19175615906715393,0.0001,1e-05,53.601,4.0719,0.6669
4845,stage2,2,0.1705615222454071,0.1895291656255722,0.0,0.1705615222454071,0.0001,1e-05,53.598,4.7425,0.6671
4846,stage2,2,0.1586267352104187,0.1799088567495346,0.0,0.1586267352104187,0.0001,1e-05,53.602,3.6713,0.6687
4847,stage2,2,0.15930135548114777,0.19919762015342712,0.0,0.15930135548114777,0.0001,1e-05,53.61,4.0749,0.6688
4848,stage2,2,0.21323588490486145,0.18651054799556732,0.0,0.21323588490486145,0.0001,1e-05,53.605,5.075,0.6691
4849,stage2,2,0.16849926114082336,0.22823072969913483,0.0,0.16849926114082336,0.0001,1e-05,53.587,4.1054,0.6697
4850,stage2,2,0.18214672803878784,0.20014171302318573,0.0,0.18214672803878784,0.0001,1e-05,53.604,4.1823,0.6699
4851,stage2,2,0.19556933641433716,0.2048371434211731,0.0,0.19556933641433716,0.0001,1e-05,53.592,3.7811,5.6785
4852,stage2,2,0.19503192603588104,0.22293531894683838,0.0,0.19503192603588104,0.0001,1e-05,53.596,4.4099,0.6663
4853,stage2,2,0.19394300878047943,0.18361662328243256,0.0,0.19394300878047943,0.0001,1e-05,53.598,4.407,0.6671
4854,stage2,2,0.197593554854393,0.20093917846679688,0.0,0.197593554854393,0.0001,1e-05,53.598,6.1701,0.6679
4855,stage2,2,0.17182454466819763,0.19307783246040344,0.0,0.17182454466819763,0.0001,1e-05,53.597,4.8257,0.6693
4856,stage2,2,0.18357324600219727,0.20053038001060486,0.0,0.18357324600219727,0.0001,1e-05,53.602,4.4385,0.6717
4857,stage2,2,0.17286768555641174,0.19722990691661835,0.0,0.17286768555641174,0.0001,1e-05,53.604,5.8188,0.6693
4858,stage2,2,0.1744322031736374,0.20199744403362274,0.0,0.1744322031736374,0.0001,1e-05,53.605,5.0559,0.6694
4859,stage2,2,0.18285870552062988,0.20239625871181488,0.0,0.18285870552062988,0.0001,1e-05,53.6,4.1022,5.399
4860,stage2,2,0.14924786984920502,0.22012029588222504,0.0,0.14924786984920502,0.0001,1e-05,53.607,4.155,0.6666
4861,stage2,2,0.18041293323040009,0.20200900733470917,0.0,0.18041293323040009,0.0001,1e-05,53.593,3.8984,0.6699
4862,stage2,2,0.1672268807888031,0.21160992980003357,0.0,0.1672268807888031,0.0001,1e-05,53.6,4.2499,0.6754
4863,stage2,2,0.1648857444524765,0.19861754775047302,0.0,0.1648857444524765,0.0001,1e-05,53.602,4.5999,0.6673
4864,stage2,2,0.16873180866241455,0.2195972204208374,0.0,0.16873180866241455,0.0001,1e-05,53.599,3.8474,0.6682
4865,stage2,2,0.21395330131053925,0.18657973408699036,0.0,0.21395330131053925,0.0001,1e-05,53.597,4.3625,0.6685
4866,stage2,2,0.1667887270450592,0.19313229620456696,0.0,0.1667887270450592,0.0001,1e-05,53.589,3.641,0.6689
4867,stage2,2,0.16631288826465607,0.2179778665304184,0.0,0.16631288826465607,0.0001,1e-05,53.602,4.1672,4.9134
4868,stage2,2,0.17058147490024567,0.22271056473255157,0.0,0.17058147490024567,0.0001,1e-05,53.597,4.1183,0.6667
4869,stage2,2,0.1837608814239502,0.18627265095710754,0.0,0.1837608814239502,0.0001,1e-05,53.608,5.0013,0.667
4870,stage2,2,0.17090874910354614,0.1965370923280716,0.0,0.17090874910354614,0.0001,1e-05,53.609,4.0464,0.6678
4871,stage2,2,0.17290973663330078,0.19509024918079376,0.0,0.17290973663330078,0.0001,1e-05,53.6,4.4535,0.668
4872,stage2,2,0.16016368567943573,0.2142517864704132,0.0,0.16016368567943573,0.0001,1e-05,53.608,4.0718,0.6681
4873,stage2,2,0.16012616455554962,0.21247805655002594,0.0,0.16012616455554962,0.0001,1e-05,53.606,4.1063,0.6695
4874,stage2,2,0.17944777011871338,0.2208278626203537,0.0,0.17944777011871338,0.0001,1e-05,53.601,4.7248,0.6695
4875,stage2,2,0.17572565376758575,0.2117258757352829,0.0,0.17572565376758575,0.0001,1e-05,53.6,4.1976,5.6851
4876,stage2,2,0.17164792120456696,0.1826733648777008,0.0,0.17164792120456696,0.0001,1e-05,53.593,3.4516,0.6662
4877,stage2,2,0.1630113422870636,0.19206862151622772,0.0,0.1630113422870636,0.0001,1e-05,53.591,3.8595,0.6664
4878,stage2,2,0.14603133499622345,0.2165420949459076,0.0,0.14603133499622345,0.0001,1e-05,53.594,4.8779,0.667
4879,stage2,2,0.15783603489398956,0.17706133425235748,0.0,0.15783603489398956,0.0001,1e-05,53.598,3.8546,0.668
4880,stage2,2,0.1756388545036316,0.20610900223255157,0.0,0.1756388545036316,0.0001,1e-05,53.591,4.8471,0.6678
4881,stage2,2,0.14973574876785278,0.18573370575904846,0.0,0.14973574876785278,0.0001,1e-05,53.589,4.2943,0.6684
4882,stage2,2,0.16889740526676178,0.1921379715204239,0.0,0.16889740526676178,0.0001,1e-05,53.603,3.6416,0.669
4883,stage2,2,0.18025559186935425,0.20002897083759308,0.0,0.18025559186935425,0.0001,1e-05,53.594,4.8326,5.3811
4884,stage2,2,0.18408633768558502,0.17567068338394165,0.0,0.18408633768558502,0.0001,1e-05,53.602,4.7874,0.6658
4885,stage2,2,0.17142540216445923,0.19722603261470795,0.0,0.17142540216445923,0.0001,1e-05,53.603,4.3478,0.6671
4886,stage2,2,0.16468891501426697,0.2038152515888214,0.0,0.16468891501426697,0.0001,1e-05,53.59,4.7624,0.6677
4887,stage2,2,0.15088947117328644,0.20520183444023132,0.0,0.15088947117328644,0.0001,1e-05,53.596,4.7628,0.6711
4888,stage2,2,0.19510380923748016,0.2132934182882309,0.0,0.19510380923748016,0.0001,1e-05,53.593,4.2438,0.6653
4889,stage2,2,0.17575182020664215,0.1946411430835724,0.0,0.17575182020664215,0.0001,1e-05,53.601,4.5565,0.6682
4890,stage2,2,0.16780711710453033,0.1820620894432068,0.0,0.16780711710453033,0.0001,1e-05,53.587,4.1529,0.6694
4891,stage2,2,0.1369040459394455,0.18873049318790436,0.0,0.1369040459394455,0.0001,1e-05,53.6,3.2759,5.5294
4892,stage2,2,0.1505163013935089,0.19957908987998962,0.0,0.1505163013935089,0.0001,1e-05,53.604,3.9327,0.6656
4893,stage2,2,0.20487932860851288,0.17541654407978058,0.0,0.20487932860851288,0.0001,1e-05,53.577,4.2778,0.6666
4894,stage2,2,0.20000553131103516,0.18442615866661072,0.0,0.20000553131103516,0.0001,1e-05,53.596,4.3319,0.6668
4895,stage2,2,0.22004486620426178,0.19079948961734772,0.0,0.22004486620426178,0.0001,1e-05,53.592,4.365,0.6673
4896,stage2,2,0.148581862449646,0.23815974593162537,0.0,0.148581862449646,0.0001,1e-05,53.593,4.7214,0.6673
4897,stage2,2,0.19519618153572083,0.2016844004392624,0.0,0.19519618153572083,0.0001,1e-05,53.595,4.2721,0.6683
4898,stage2,2,0.19429361820220947,0.1889650523662567,0.0,0.19429361820220947,0.0001,1e-05,53.594,3.9337,0.669
4899,stage2,2,0.15623216331005096,0.20743730664253235,0.0,0.15623216331005096,0.0001,1e-05,53.592,4.3642,5.6003
4900,stage2,2,0.18512867391109467,0.2080734670162201,0.0,0.18512867391109467,0.0001,1e-05,53.595,5.0491,0.6661
4901,stage2,2,0.2083003669977188,0.21368424594402313,0.0,0.2083003669977188,0.0001,1e-05,53.593,5.5121,0.6677
4902,stage2,2,0.21024104952812195,0.1962013691663742,0.0,0.21024104952812195,0.0001,1e-05,53.6,5.2171,0.6684
4903,stage2,2,0.1489681452512741,0.19281072914600372,0.0,0.1489681452512741,0.0001,1e-05,53.599,4.1341,0.6686
4904,stage2,2,0.1985684037208557,0.19111721217632294,0.0,0.1985684037208557,0.0001,1e-05,53.589,4.5521,0.6685
4905,stage2,2,0.1862439215183258,0.20151567459106445,0.0,0.1862439215183258,0.0001,1e-05,53.585,3.5137,0.668
4906,stage2,2,0.19887162744998932,0.1846565455198288,0.0,0.19887162744998932,0.0001,1e-05,53.592,4.3387,0.6688
4907,stage2,2,0.19567543268203735,0.17701858282089233,0.0,0.19567543268203735,0.0001,1e-05,53.597,4.0957,5.6037
4908,stage2,2,0.18113937973976135,0.2024240493774414,0.0,0.18113937973976135,0.0001,1e-05,53.586,5.3131,0.6712
4909,stage2,2,0.1832694113254547,0.18616421520709991,0.0,0.1832694113254547,0.0001,1e-05,53.59,3.7733,0.667
4910,stage2,2,0.165379136800766,0.1812637448310852,0.0,0.165379136800766,0.0001,1e-05,53.595,4.2339,0.6665
4911,stage2,2,0.16505898535251617,0.2172567993402481,0.0,0.16505898535251617,0.0001,1e-05,53.606,4.199,0.669
4912,stage2,2,0.1926434338092804,0.20830601453781128,0.0,0.1926434338092804,0.0001,1e-05,53.594,4.5627,0.668
4913,stage2,2,0.17668460309505463,0.20069637894630432,0.0,0.17668460309505463,0.0001,1e-05,53.604,3.9321,0.6681
4914,stage2,2,0.20413468778133392,0.2136523723602295,0.0,0.20413468778133392,0.0001,1e-05,53.596,7.3262,0.6701
4915,stage2,2,0.1902768611907959,0.1933085024356842,0.0,0.1902768611907959,0.0001,1e-05,53.596,4.1197,4.6862
4916,stage2,2,0.20113331079483032,0.19838985800743103,0.0,0.20113331079483032,0.0001,1e-05,53.597,3.8449,0.6663
4917,stage2,2,0.20336458086967468,0.19405700266361237,0.0,0.20336458086967468,0.0001,1e-05,53.594,3.6563,0.6674
4918,stage2,2,0.18584807217121124,0.19319981336593628,0.0,0.18584807217121124,0.0001,1e-05,53.606,4.5886,0.6677
4919,stage2,2,0.20820049941539764,0.17580601572990417,0.0,0.20820049941539764,0.0001,1e-05,53.599,4.8372,0.6732
4920,stage2,2,0.19229067862033844,0.20199373364448547,0.0,0.19229067862033844,0.0001,1e-05,53.603,5.9247,0.6679
4921,stage2,2,0.17403826117515564,0.1967109888792038,0.0,0.17403826117515564,0.0001,1e-05,53.597,4.4789,0.6688
4922,stage2,2,0.17471882700920105,0.17487052083015442,0.0,0.17471882700920105,0.0001,1e-05,53.589,4.2836,0.6685
4923,stage2,2,0.1535092294216156,0.1889786273241043,0.0,0.1535092294216156,0.0001,1e-05,53.599,3.6898,5.5779
4924,stage2,2,0.2212945520877838,0.21318385004997253,0.0,0.2212945520877838,0.0001,1e-05,53.594,4.4596,0.6665
4925,stage2,2,0.18358589708805084,0.19286204874515533,0.0,0.18358589708805084,0.0001,1e-05,53.602,4.1293,0.6668
4926,stage2,2,0.17979687452316284,0.20980358123779297,0.0,0.17979687452316284,0.0001,1e-05,53.599,3.9754,0.6666
4927,stage2,2,0.2035268098115921,0.16835463047027588,0.0,0.2035268098115921,0.0001,1e-05,53.601,4.2247,0.6663
4928,stage2,2,0.19807085394859314,0.19958730041980743,0.0,0.19807085394859314,0.0001,1e-05,53.6,5.0065,0.6672
4929,stage2,2,0.1819857954978943,0.1818152368068695,0.0,0.1819857954978943,0.0001,1e-05,53.594,4.4776,0.6673
4930,stage2,2,0.14229834079742432,0.2363063246011734,0.0,0.14229834079742432,0.0001,1e-05,53.596,3.4328,0.6689
4931,stage2,2,0.1956157684326172,0.20747877657413483,0.0,0.1956157684326172,0.0001,1e-05,53.601,4.4349,5.4475
4932,stage2,2,0.15931901335716248,0.2276870310306549,0.0,0.15931901335716248,0.0001,1e-05,53.61,4.4035,0.6658
4933,stage2,2,0.19005250930786133,0.19194748997688293,0.0,0.19005250930786133,0.0001,1e-05,53.605,4.6812,0.6663
4934,stage2,2,0.18556763231754303,0.1811768114566803,0.0,0.18556763231754303,0.0001,1e-05,53.608,3.678,0.6666
4935,stage2,2,0.1434691697359085,0.19713719189167023,0.0,0.1434691697359085,0.0001,1e-05,53.612,3.61,0.6682
4936,stage2,2,0.16686613857746124,0.21892035007476807,0.0,0.16686613857746124,0.0001,1e-05,53.603,4.0412,0.6671
4937,stage2,2,0.182664155960083,0.1875961422920227,0.0,0.182664155960083,0.0001,1e-05,53.603,4.4681,0.6677
4938,stage2,2,0.16201061010360718,0.2065599113702774,0.0,0.16201061010360718,0.0001,1e-05,53.607,3.6402,0.6679
4939,stage2,2,0.17330382764339447,0.20954880118370056,0.0,0.17330382764339447,0.0001,1e-05,53.609,4.9806,5.6712
4940,stage2,2,0.1411093771457672,0.2219451516866684,0.0,0.1411093771457672,0.0001,1e-05,53.608,4.176,0.6647
4941,stage2,2,0.20921286940574646,0.1906304955482483,0.0,0.20921286940574646,0.0001,1e-05,53.605,3.9601,0.6663
4942,stage2,2,0.14022743701934814,0.221953347325325,0.0,0.14022743701934814,0.0001,1e-05,53.604,4.1034,0.6662
4943,stage2,2,0.1816643923521042,0.19626666605472565,0.0,0.1816643923521042,0.0001,1e-05,53.602,4.818,0.6685
4944,stage2,2,0.16411732137203217,0.21353745460510254,0.0,0.16411732137203217,0.0001,1e-05,53.605,4.1101,0.6668
4945,stage2,2,0.1655895709991455,0.19618047773838043,0.0,0.1655895709991455,0.0001,1e-05,53.598,4.0255,0.6666
4946,stage2,2,0.1658868044614792,0.2112213373184204,0.0,0.1658868044614792,0.0001,1e-05,53.608,4.2005,0.6671
4947,stage2,2,0.17886854708194733,0.20073655247688293,0.0,0.17886854708194733,0.0001,1e-05,53.61,5.0372,5.1103
4948,stage2,2,0.1551998257637024,0.18776607513427734,0.0,0.1551998257637024,0.0001,1e-05,53.608,4.2997,0.6649
4949,stage2,2,0.18170754611492157,0.2206956148147583,0.0,0.18170754611492157,0.0001,1e-05,53.595,3.7867,0.6648
4950,stage2,2,0.19124628603458405,0.2088647484779358,0.0,0.19124628603458405,0.0001,1e-05,53.6,5.493,0.6646
4951,stage2,2,0.13657906651496887,0.2037515640258789,0.0,0.13657906651496887,0.0001,1e-05,53.597,3.7096,0.6653
4952,stage2,2,0.17503106594085693,0.20276178419589996,0.0,0.17503106594085693,0.0001,1e-05,53.6,4.6715,0.6664
4953,stage2,2,0.1469734013080597,0.19193410873413086,0.0,0.1469734013080597,0.0001,1e-05,53.607,3.0171,0.6663
4954,stage2,2,0.15038423240184784,0.2029586285352707,0.0,0.15038423240184784,0.0001,1e-05,53.606,3.9511,0.6663
4955,stage2,2,0.16965416073799133,0.19342857599258423,0.0,0.16965416073799133,0.0001,1e-05,53.601,3.9277,4.7338
4956,stage2,2,0.17575359344482422,0.19147968292236328,0.0,0.17575359344482422,0.0001,1e-05,53.587,3.2052,0.6623
4957,stage2,2,0.1588660180568695,0.21904313564300537,0.0,0.1588660180568695,0.0001,1e-05,53.605,4.1845,0.6668
4958,stage2,2,0.19022798538208008,0.19500577449798584,0.0,0.19022798538208008,0.0001,1e-05,53.603,4.3402,0.6638
4959,stage2,3,0.1805834323167801,0.19639703631401062,0.0,0.1805834323167801,0.0001,1e-05,53.608,4.5386,11.5908
4960,stage2,3,0.1820261925458908,0.18623632192611694,0.0,0.1820261925458908,0.0001,1e-05,53.599,4.7343,0.6638
4961,stage2,3,0.173146054148674,0.20913001894950867,0.0,0.173146054148674,0.0001,1e-05,53.588,4.0541,0.6635
4962,stage2,3,0.15744894742965698,0.20224463939666748,0.0,0.15744894742965698,0.0001,1e-05,53.597,4.5377,0.6634
4963,stage2,3,0.14512701332569122,0.20117619633674622,0.0,0.14512701332569122,0.0001,1e-05,53.599,4.6323,0.6645
4964,stage2,3,0.22603896260261536,0.1586989015340805,0.0,0.22603896260261536,0.0001,1e-05,53.601,4.098,0.6645
4965,stage2,3,0.13231030106544495,0.19886261224746704,0.0,0.13231030106544495,0.0001,1e-05,53.597,4.3337,0.6649
4966,stage2,3,0.1479835957288742,0.20120783150196075,0.0,0.1479835957288742,0.0001,1e-05,53.602,4.0665,0.6647
4967,stage2,3,0.17979614436626434,0.1898346245288849,0.0,0.17979614436626434,0.0001,1e-05,53.614,5.039,5.1689
4968,stage2,3,0.1652219444513321,0.20217642188072205,0.0,0.1652219444513321,0.0001,1e-05,53.612,4.4199,0.6647
4969,stage2,3,0.1814703494310379,0.20082536339759827,0.0,0.1814703494310379,0.0001,1e-05,53.598,5.1453,0.6647
4970,stage2,3,0.1756286472082138,0.21460333466529846,0.0,0.1756286472082138,0.0001,1e-05,53.609,4.8838,0.6652
4971,stage2,3,0.17006263136863708,0.20944321155548096,0.0,0.17006263136863708,0.0001,1e-05,53.606,4.7389,0.6643
4972,stage2,3,0.19359362125396729,0.19286268949508667,0.0,0.19359362125396729,0.0001,1e-05,53.617,3.9169,0.6657
4973,stage2,3,0.18198221921920776,0.1906450092792511,0.0,0.18198221921920776,0.0001,1e-05,53.612,5.771,0.6657
4974,stage2,3,0.1870473325252533,0.20570382475852966,0.0,0.1870473325252533,0.0001,1e-05,53.603,5.0823,0.666
4975,stage2,3,0.18911391496658325,0.20776404440402985,0.0,0.18911391496658325,0.0001,1e-05,53.608,5.5078,5.1562
4976,stage2,3,0.1773318350315094,0.20603393018245697,0.0,0.1773318350315094,0.0001,1e-05,53.602,4.7516,0.6651
4977,stage2,3,0.18919424712657928,0.1781371831893921,0.0,0.18919424712657928,0.0001,1e-05,53.605,4.5555,0.6645
4978,stage2,3,0.2013293206691742,0.19361846148967743,0.0,0.2013293206691742,0.0001,1e-05,53.592,3.4446,0.6659
4979,stage2,3,0.1924131214618683,0.1870650351047516,0.0,0.1924131214618683,0.0001,1e-05,53.605,4.0988,0.6644
4980,stage2,3,0.14700666069984436,0.21389822661876678,0.0,0.14700666069984436,0.0001,1e-05,53.6,5.272,0.6656
4981,stage2,3,0.20190133154392242,0.19453935325145721,0.0,0.20190133154392242,0.0001,1e-05,53.602,4.5891,0.6664
4982,stage2,3,0.16097773611545563,0.1759667694568634,0.0,0.16097773611545563,0.0001,1e-05,53.597,3.075,0.6665
4983,stage2,3,0.2020779252052307,0.17853914201259613,0.0,0.2020779252052307,0.0001,1e-05,53.598,4.4472,4.956
4984,stage2,3,0.16053467988967896,0.21295835077762604,0.0,0.16053467988967896,0.0001,1e-05,53.592,3.4384,0.6643
4985,stage2,3,0.14940209686756134,0.21717104315757751,0.0,0.14940209686756134,0.0001,1e-05,53.601,3.6894,0.665
4986,stage2,3,0.1528712660074234,0.18830612301826477,0.0,0.1528712660074234,0.0001,1e-05,53.598,3.8883,0.6647
4987,stage2,3,0.16554896533489227,0.2318785935640335,0.0,0.16554896533489227,0.0001,1e-05,53.595,6.0023,0.666
4988,stage2,3,0.17725056409835815,0.20798026025295258,0.0,0.17725056409835815,0.0001,1e-05,53.591,4.1776,0.6651
4989,stage2,3,0.20847713947296143,0.17779238522052765,0.0,0.20847713947296143,0.0001,1e-05,53.596,5.3841,0.6662
4990,stage2,3,0.14718616008758545,0.2123369425535202,0.0,0.14718616008758545,0.0001,1e-05,53.595,3.3332,0.6671
4991,stage2,3,0.195184588432312,0.1715487837791443,0.0,0.195184588432312,0.0001,1e-05,53.609,4.5247,4.9696
4992,stage2,3,0.15221278369426727,0.2438761591911316,0.0,0.15221278369426727,0.0001,1e-05,53.601,4.6804,0.6641
4993,stage2,3,0.17099669575691223,0.198700413107872,0.0,0.17099669575691223,0.0001,1e-05,53.599,4.5989,0.6651
4994,stage2,3,0.16126568615436554,0.19848699867725372,0.0,0.16126568615436554,0.0001,1e-05,53.607,4.4592,0.665
4995,stage2,3,0.16111722588539124,0.22337353229522705,0.0,0.16111722588539124,0.0001,1e-05,53.602,4.0264,0.6658
4996,stage2,3,0.21897166967391968,0.1715923696756363,0.0,0.21897166967391968,0.0001,1e-05,53.604,4.0146,0.6661
4997,stage2,3,0.1780788004398346,0.17144571244716644,0.0,0.1780788004398346,0.0001,1e-05,53.596,3.5394,0.6668
4998,stage2,3,0.1777416616678238,0.2084430456161499,0.0,0.1777416616678238,0.0001,1e-05,53.591,4.7319,0.6665
4999,stage2,3,0.16415733098983765,0.1819329410791397,0.0,0.16415733098983765,0.0001,1e-05,53.595,4.028,4.9393
5000,stage2,3,0.17524096369743347,0.1767813265323639,0.0,0.17524096369743347,0.0001,1e-05,53.593,3.5876,0.6652
5001,stage2,3,0.18971765041351318,0.20223194360733032,0.0,0.18971765041351318,0.0001,1e-05,53.592,4.5326,0.666
5002,stage2,3,0.1845700740814209,0.1915522962808609,0.0,0.1845700740814209,0.0001,1e-05,53.6,4.216,0.6658
5003,stage2,3,0.17051710188388824,0.19263319671154022,0.0,0.17051710188388824,0.0001,1e-05,53.61,3.9826,0.6664
5004,stage2,3,0.2064478099346161,0.18802550435066223,0.0,0.2064478099346161,0.0001,1e-05,53.606,4.0595,0.6675
5005,stage2,3,0.1587664783000946,0.1936471164226532,0.0,0.1587664783000946,0.0001,1e-05,53.601,4.2494,0.667
5006,stage2,3,0.20198111236095428,0.18073296546936035,0.0,0.20198111236095428,0.0001,1e-05,53.603,4.1955,0.6673
5007,stage2,3,0.19971054792404175,0.19047428667545319,0.0,0.19971054792404175,0.0001,1e-05,53.597,4.0301,4.5174
5008,stage2,3,0.16301411390304565,0.22647246718406677,0.0,0.16301411390304565,0.0001,1e-05,53.6,4.9271,0.6642
5009,stage2,3,0.17910081148147583,0.19454729557037354,0.0,0.17910081148147583,0.0001,1e-05,53.602,3.8797,0.6666
5010,stage2,3,0.1804323047399521,0.19999755918979645,0.0,0.1804323047399521,0.0001,1e-05,53.599,3.7877,0.6667
5011,stage2,3,0.15202642977237701,0.18983517587184906,0.0,0.15202642977237701,0.0001,1e-05,53.6,3.7352,0.6676
5012,stage2,3,0.2286231815814972,0.17781782150268555,0.0,0.2286231815814972,0.0001,1e-05,53.608,4.5998,0.6671
5013,stage2,3,0.17501172423362732,0.1772611439228058,0.0,0.17501172423362732,0.0001,1e-05,53.6,4.9583,0.6682
5014,stage2,3,0.16594310104846954,0.19590240716934204,0.0,0.16594310104846954,0.0001,1e-05,53.607,4.1357,0.6685
5015,stage2,3,0.2066607028245926,0.17584344744682312,0.0,0.2066607028245926,0.0001,1e-05,53.608,3.3946,4.5171
5016,stage2,3,0.17391671240329742,0.20506033301353455,0.0,0.17391671240329742,0.0001,1e-05,53.603,3.3753,0.6659
5017,stage2,3,0.19886966049671173,0.17641177773475647,0.0,0.19886966049671173,0.0001,1e-05,53.599,3.8796,0.6663
5018,stage2,3,0.16424043476581573,0.2020067572593689,0.0,0.16424043476581573,0.0001,1e-05,53.595,4.5508,0.6667
5019,stage2,3,0.1874120533466339,0.1736862063407898,0.0,0.1874120533466339,0.0001,1e-05,53.592,4.378,0.6677
5020,stage2,3,0.16573649644851685,0.1944987028837204,0.0,0.16573649644851685,0.0001,1e-05,53.595,3.3618,0.6675
5021,stage2,3,0.1890135556459427,0.2015492171049118,0.0,0.1890135556459427,0.0001,1e-05,53.613,4.3364,0.6898
5022,stage2,3,0.17318375408649445,0.18723057210445404,0.0,0.17318375408649445,0.0001,1e-05,53.604,5.4051,0.6619
5023,stage2,3,0.18042878806591034,0.21182817220687866,0.0,0.18042878806591034,0.0001,1e-05,53.612,4.636,4.4072
5024,stage2,3,0.1593436896800995,0.19949820637702942,0.0,0.1593436896800995,0.0001,1e-05,53.603,4.0802,0.6664
5025,stage2,3,0.173039510846138,0.1921459287405014,0.0,0.173039510846138,0.0001,1e-05,53.602,3.9518,0.6664
5026,stage2,3,0.17517152428627014,0.19920149445533752,0.0,0.17517152428627014,0.0001,1e-05,53.591,4.1862,0.6676
5027,stage2,3,0.17339736223220825,0.18980441987514496,0.0,0.17339736223220825,0.0001,1e-05,53.593,3.6809,0.6679
5028,stage2,3,0.18923920392990112,0.18713143467903137,0.0,0.18923920392990112,0.0001,1e-05,53.587,4.1108,0.6684
5029,stage2,3,0.2119419276714325,0.18934029340744019,0.0,0.2119419276714325,0.0001,1e-05,53.591,3.7631,0.6685
5030,stage2,3,0.17925311625003815,0.20191513001918793,0.0,0.17925311625003815,0.0001,1e-05,53.596,4.3929,0.6688
5031,stage2,3,0.1448979377746582,0.19338974356651306,0.0,0.1448979377746582,0.0001,1e-05,53.602,4.6288,4.4728
5032,stage2,3,0.15104170143604279,0.2163383811712265,0.0,0.15104170143604279,0.0001,1e-05,53.601,4.9561,0.6673
5033,stage2,3,0.18040317296981812,0.17382660508155823,0.0,0.18040317296981812,0.0001,1e-05,53.602,3.888,0.6674
5034,stage2,3,0.17661596834659576,0.22391405701637268,0.0,0.17661596834659576,0.0001,1e-05,53.609,3.7697,0.6677
5035,stage2,3,0.1839706301689148,0.1790456473827362,0.0,0.1839706301689148,0.0001,1e-05,53.602,3.7751,0.6685
5036,stage2,3,0.16966767609119415,0.1704617738723755,0.0,0.16966767609119415,0.0001,1e-05,53.608,4.0434,0.6692
5037,stage2,3,0.1540319323539734,0.2152882218360901,0.0,0.1540319323539734,0.0001,1e-05,53.592,4.279,0.6695
5038,stage2,3,0.18528567254543304,0.1815498322248459,0.0,0.18528567254543304,0.0001,1e-05,53.592,3.9972,0.6699
5039,stage2,3,0.17225845158100128,0.18657365441322327,0.0,0.17225845158100128,0.0001,1e-05,53.602,3.4538,4.4917
5040,stage2,3,0.18710820376873016,0.19455444812774658,0.0,0.18710820376873016,0.0001,1e-05,53.604,4.5554,0.6681
5041,stage2,3,0.18873223662376404,0.19070997834205627,0.0,0.18873223662376404,0.0001,1e-05,53.609,3.3284,0.6682
5042,stage2,3,0.17478175461292267,0.18206873536109924,0.0,0.17478175461292267,0.0001,1e-05,53.607,3.9845,0.6688
5043,stage2,3,0.1665400117635727,0.1932573765516281,0.0,0.1665400117635727,0.0001,1e-05,53.609,4.4189,0.6694
5044,stage2,3,0.17015518248081207,0.1802331507205963,0.0,0.17015518248081207,0.0001,1e-05,53.602,4.5036,0.6696
5045,stage2,3,0.18530435860157013,0.16310930252075195,0.0,0.18530435860157013,0.0001,1e-05,53.609,4.3005,0.6705
5046,stage2,3,0.18054841458797455,0.20660173892974854,0.0,0.18054841458797455,0.0001,1e-05,53.601,4.1178,0.6697
5047,stage2,3,0.15573588013648987,0.19430559873580933,0.0,0.15573588013648987,0.0001,1e-05,53.599,3.6702,5.3494
5048,stage2,3,0.19929642975330353,0.18810805678367615,0.0,0.19929642975330353,0.0001,1e-05,53.603,3.9459,0.6671
5049,stage2,3,0.1985982209444046,0.1886117309331894,0.0,0.1985982209444046,0.0001,1e-05,53.612,4.8402,0.6677
5050,stage2,3,0.1800946444272995,0.2040179818868637,0.0,0.1800946444272995,0.0001,1e-05,53.608,4.698,0.6685
5051,stage2,3,0.1792551428079605,0.1883530616760254,0.0,0.1792551428079605,0.0001,1e-05,53.618,4.2176,0.6686
5052,stage2,3,0.18401245772838593,0.16248546540737152,0.0,0.18401245772838593,0.0001,1e-05,53.61,4.1811,0.6689
5053,stage2,3,0.16258762776851654,0.18520480394363403,0.0,0.16258762776851654,0.0001,1e-05,53.607,3.7506,0.6726
5054,stage2,3,0.1860690712928772,0.1785784512758255,0.0,0.1860690712928772,0.0001,1e-05,53.597,3.6294,0.6693
5055,stage2,3,0.1631878912448883,0.18840715289115906,0.0,0.1631878912448883,0.0001,1e-05,53.607,4.5251,5.0343
5056,stage2,3,0.14064423739910126,0.23011712729930878,0.0,0.14064423739910126,0.0001,1e-05,53.607,4.586,0.6669
5057,stage2,3,0.18884319067001343,0.19337503612041473,0.0,0.18884319067001343,0.0001,1e-05,53.6,4.162,0.6676
5058,stage2,3,0.1692301332950592,0.1855066418647766,0.0,0.1692301332950592,0.0001,1e-05,53.603,3.5851,0.6675
5059,stage2,3,0.1679638922214508,0.19469943642616272,0.0,0.1679638922214508,0.0001,1e-05,53.597,3.8162,0.6693
5060,stage2,3,0.19702696800231934,0.1676878184080124,0.0,0.19702696800231934,0.0001,1e-05,53.598,3.4875,0.669
5061,stage2,3,0.14777396619319916,0.2341843992471695,0.0,0.14777396619319916,0.0001,1e-05,53.601,4.6989,0.6693
5062,stage2,3,0.1731625497341156,0.2099485993385315,0.0,0.1731625497341156,0.0001,1e-05,53.601,4.5811,0.6701
5063,stage2,3,0.18997715413570404,0.20013341307640076,0.0,0.18997715413570404,0.0001,1e-05,53.593,4.5636,5.2243
5064,stage2,3,0.1624910682439804,0.20972192287445068,0.0,0.1624910682439804,0.0001,1e-05,53.607,5.2371,0.6673
5065,stage2,3,0.21275778114795685,0.18230696022510529,0.0,0.21275778114795685,0.0001,1e-05,53.602,4.7892,0.668
5066,stage2,3,0.1856340914964676,0.20914193987846375,0.0,0.1856340914964676,0.0001,1e-05,53.603,4.7461,0.6685
5067,stage2,3,0.1483018547296524,0.19610874354839325,0.0,0.1483018547296524,0.0001,1e-05,53.591,4.0443,0.6691
5068,stage2,3,0.17804881930351257,0.17502057552337646,0.0,0.17804881930351257,0.0001,1e-05,53.61,4.2369,0.6691
5069,stage2,3,0.1672065109014511,0.22100359201431274,0.0,0.1672065109014511,0.0001,1e-05,53.606,4.8021,0.6694
5070,stage2,3,0.1618107408285141,0.2022968977689743,0.0,0.1618107408285141,0.0001,1e-05,53.605,2.7723,0.6692
5071,stage2,3,0.14738743007183075,0.1995335966348648,0.0,0.14738743007183075,0.0001,1e-05,53.597,4.1293,4.9905
5072,stage2,3,0.14989612996578217,0.19672104716300964,0.0,0.14989612996578217,0.0001,1e-05,53.599,4.2188,0.6668
5073,stage2,3,0.16696102917194366,0.19015593826770782,0.0,0.16696102917194366,0.0001,1e-05,53.598,3.4933,0.6682
5074,stage2,3,0.1429552584886551,0.1903623789548874,0.0,0.1429552584886551,0.0001,1e-05,53.596,3.3437,0.6685
5075,stage2,3,0.16288943588733673,0.19739821553230286,0.0,0.16288943588733673,0.0001,1e-05,53.589,4.6979,0.6684
5076,stage2,3,0.1737271547317505,0.19306395947933197,0.0,0.1737271547317505,0.0001,1e-05,53.608,4.4603,0.6685
5077,stage2,3,0.17133638262748718,0.18449006974697113,0.0,0.17133638262748718,0.0001,1e-05,53.601,3.6187,0.6695
5078,stage2,3,0.16166673600673676,0.2015342265367508,0.0,0.16166673600673676,0.0001,1e-05,53.602,3.9675,0.6695
5079,stage2,3,0.1605328619480133,0.2129186987876892,0.0,0.1605328619480133,0.0001,1e-05,53.595,4.3268,4.6052
5080,stage2,3,0.1865924894809723,0.19839270412921906,0.0,0.1865924894809723,0.0001,1e-05,53.596,4.2319,0.6664
5081,stage2,3,0.1518356055021286,0.19059321284294128,0.0,0.1518356055021286,0.0001,1e-05,53.618,4.4555,0.6673
5082,stage2,3,0.15098527073860168,0.20283213257789612,0.0,0.15098527073860168,0.0001,1e-05,53.612,3.4346,0.669
5083,stage2,3,0.16497986018657684,0.17783953249454498,0.0,0.16497986018657684,0.0001,1e-05,53.602,3.7704,0.6685
5084,stage2,3,0.15261100232601166,0.2015976905822754,0.0,0.15261100232601166,0.0001,1e-05,53.6,4.4416,0.6693
5085,stage2,3,0.1855907142162323,0.2120971530675888,0.0,0.1855907142162323,0.0001,1e-05,53.596,3.255,0.6695
5086,stage2,3,0.2100367397069931,0.15864668786525726,0.0,0.2100367397069931,0.0001,1e-05,53.586,3.543,0.6699
5087,stage2,3,0.17809870839118958,0.17916862666606903,0.0,0.17809870839118958,0.0001,1e-05,53.6,3.5201,4.3001
5088,stage2,3,0.16765625774860382,0.1857702136039734,0.0,0.16765625774860382,0.0001,1e-05,53.601,4.4224,0.668
5089,stage2,3,0.14006268978118896,0.18492472171783447,0.0,0.14006268978118896,0.0001,1e-05,53.6,4.4471,0.6677
5090,stage2,3,0.17612886428833008,0.20272980630397797,0.0,0.17612886428833008,0.0001,1e-05,53.607,4.401,0.6726
5091,stage2,3,0.1325627863407135,0.1931544691324234,0.0,0.1325627863407135,0.0001,1e-05,53.604,3.5735,0.6683
5092,stage2,3,0.1509646773338318,0.17892926931381226,0.0,0.1509646773338318,0.0001,1e-05,53.602,3.9556,0.6696
5093,stage2,3,0.17797961831092834,0.202789306640625,0.0,0.17797961831092834,0.0001,1e-05,53.596,7.7907,0.669
5094,stage2,3,0.19925889372825623,0.19308288395404816,0.0,0.19925889372825623,0.0001,1e-05,53.603,4.6567,0.6693
5095,stage2,3,0.15615274012088776,0.1849203109741211,0.0,0.15615274012088776,0.0001,1e-05,53.597,3.8012,4.4537
5096,stage2,3,0.20423975586891174,0.20222234725952148,0.0,0.20423975586891174,0.0001,1e-05,53.6,4.946,1.0459
5097,stage2,3,0.1555412858724594,0.18312183022499084,0.0,0.1555412858724594,0.0001,1e-05,53.599,3.9962,0.6679
5098,stage2,3,0.18194308876991272,0.19746965169906616,0.0,0.18194308876991272,0.0001,1e-05,53.598,4.5195,0.6697
5099,stage2,3,0.17592668533325195,0.19398576021194458,0.0,0.17592668533325195,0.0001,1e-05,53.603,4.9908,0.6693
5100,stage2,3,0.182961568236351,0.1947808712720871,0.0,0.182961568236351,0.0001,1e-05,53.606,3.722,0.6707
5101,stage2,3,0.1315826028585434,0.19507017731666565,0.0,0.1315826028585434,0.0001,1e-05,53.609,3.3636,0.6699
5102,stage2,3,0.18321307003498077,0.18222679197788239,0.0,0.18321307003498077,0.0001,1e-05,53.602,3.4042,0.6706
5103,stage2,3,0.174184650182724,0.2236906737089157,0.0,0.174184650182724,0.0001,1e-05,53.609,5.1096,4.198
5104,stage2,3,0.1833416372537613,0.19991794228553772,0.0,0.1833416372537613,0.0001,1e-05,53.606,5.3232,1.5659
5105,stage2,3,0.15081444382667542,0.23925097286701202,0.0,0.15081444382667542,0.0001,1e-05,53.604,4.1178,0.6686
5106,stage2,3,0.164445698261261,0.2066134512424469,0.0,0.164445698261261,0.0001,1e-05,53.601,3.9889,0.6683
5107,stage2,3,0.1744091510772705,0.19267433881759644,0.0,0.1744091510772705,0.0001,1e-05,53.613,4.1593,0.6687
5108,stage2,3,0.1673365980386734,0.2159123569726944,0.0,0.1673365980386734,0.0001,1e-05,53.601,4.1224,0.6698
5109,stage2,3,0.2013455331325531,0.19524574279785156,0.0,0.2013455331325531,0.0001,1e-05,53.614,7.9165,0.6693
5110,stage2,3,0.14402785897254944,0.20740333199501038,0.0,0.14402785897254944,0.0001,1e-05,53.601,4.5413,0.6704
5111,stage2,3,0.1468825787305832,0.21035423874855042,0.0,0.1468825787305832,0.0001,1e-05,53.61,3.8462,3.5464
5112,stage2,3,0.19176261126995087,0.17098656296730042,0.0,0.19176261126995087,0.0001,1e-05,53.605,5.0558,2.0911
5113,stage2,3,0.16774356365203857,0.2168440967798233,0.0,0.16774356365203857,0.0001,1e-05,53.601,4.1272,0.6681
5114,stage2,3,0.1963099241256714,0.1881004124879837,0.0,0.1963099241256714,0.0001,1e-05,53.594,4.7166,0.6679
5115,stage2,3,0.1743689775466919,0.19157247245311737,0.0,0.1743689775466919,0.0001,1e-05,53.598,3.5864,0.6686
5116,stage2,3,0.18679501116275787,0.18659701943397522,0.0,0.18679501116275787,0.0001,1e-05,53.598,4.3597,0.6686
5117,stage2,3,0.16933082044124603,0.1979667693376541,0.0,0.16933082044124603,0.0001,1e-05,53.601,3.9855,0.6699
5118,stage2,3,0.17122966051101685,0.20328599214553833,0.0,0.17122966051101685,0.0001,1e-05,53.593,4.0352,0.6699
5119,stage2,3,0.16981998085975647,0.1824621707201004,0.0,0.16981998085975647,0.0001,1e-05,53.593,4.2472,2.7787
5120,stage2,3,0.15270940959453583,0.1987123042345047,0.0,0.15270940959453583,0.0001,1e-05,53.601,4.0099,2.8467
5121,stage2,3,0.2119869887828827,0.16609616577625275,0.0,0.2119869887828827,0.0001,1e-05,53.605,4.5639,0.6685
5122,stage2,3,0.1492147296667099,0.19971272349357605,0.0,0.1492147296667099,0.0001,1e-05,53.609,4.2841,0.6691
5123,stage2,3,0.17418324947357178,0.20745417475700378,0.0,0.17418324947357178,0.0001,1e-05,53.597,4.6057,0.6693
5124,stage2,3,0.13992251455783844,0.21292680501937866,0.0,0.13992251455783844,0.0001,1e-05,53.598,4.2169,0.6688
5125,stage2,3,0.14735586941242218,0.19424007833003998,0.0,0.14735586941242218,0.0001,1e-05,53.595,4.2576,0.6693
5126,stage2,3,0.21508528292179108,0.18910369277000427,0.0,0.21508528292179108,0.0001,1e-05,53.598,4.3826,0.6699
5127,stage2,3,0.17691147327423096,0.17847490310668945,0.0,0.17691147327423096,0.0001,1e-05,53.598,3.8665,2.05
5128,stage2,3,0.16709646582603455,0.19702956080436707,0.0,0.16709646582603455,0.0001,1e-05,53.601,4.6963,3.446
5129,stage2,3,0.19971275329589844,0.18001016974449158,0.0,0.19971275329589844,0.0001,1e-05,53.602,4.1667,0.6669
5130,stage2,3,0.15648429095745087,0.19838622212409973,0.0,0.15648429095745087,0.0001,1e-05,53.593,4.3619,0.6689
5131,stage2,3,0.18010370433330536,0.19173796474933624,0.0,0.18010370433330536,0.0001,1e-05,53.599,4.5124,0.6681
5132,stage2,3,0.1874323934316635,0.1776539832353592,0.0,0.1874323934316635,0.0001,1e-05,53.607,3.532,0.6686
5133,stage2,3,0.19494818150997162,0.19952598214149475,0.0,0.19494818150997162,0.0001,1e-05,53.596,4.6871,0.6701
5134,stage2,3,0.18611377477645874,0.20282131433486938,0.0,0.18611377477645874,0.0001,1e-05,53.598,4.5531,0.6706
5135,stage2,3,0.1566663384437561,0.21433502435684204,0.0,0.1566663384437561,0.0001,1e-05,53.606,4.3154,1.8251
5136,stage2,3,0.15915833413600922,0.2144681215286255,0.0,0.15915833413600922,0.0001,1e-05,53.603,3.0825,3.8389
5137,stage2,3,0.17558878660202026,0.19832859933376312,0.0,0.17558878660202026,0.0001,1e-05,53.59,4.1661,0.6683
5138,stage2,3,0.1704072505235672,0.204803928732872,0.0,0.1704072505235672,0.0001,1e-05,53.605,6.3162,0.6682
5139,stage2,3,0.1718929260969162,0.19266608357429504,0.0,0.1718929260969162,0.0001,1e-05,53.598,4.3151,0.6692
5140,stage2,3,0.1702762395143509,0.20735475420951843,0.0,0.1702762395143509,0.0001,1e-05,53.586,3.8739,0.896
5141,stage2,3,0.19292771816253662,0.1869231015443802,0.0,0.19292771816253662,0.0001,1e-05,53.604,4.306,0.673
5142,stage2,3,0.16546428203582764,0.1896192878484726,0.0,0.16546428203582764,0.0001,1e-05,53.603,3.516,0.6697
5143,stage2,3,0.1544075459241867,0.22549763321876526,0.0,0.1544075459241867,0.0001,1e-05,53.599,3.9626,0.8938
5144,stage2,3,0.2251216471195221,0.2072145789861679,0.0,0.2251216471195221,0.0001,1e-05,53.608,4.769,4.5697
5145,stage2,3,0.179739847779274,0.16330671310424805,0.0,0.179739847779274,0.0001,1e-05,53.598,4.3949,0.6674
5146,stage2,3,0.1603732854127884,0.16737759113311768,0.0,0.1603732854127884,0.0001,1e-05,53.597,4.1846,0.667
5147,stage2,3,0.17649909853935242,0.17866463959217072,0.0,0.17649909853935242,0.0001,1e-05,53.599,3.6579,0.6678
5148,stage2,3,0.19851192831993103,0.18380539119243622,0.0,0.19851192831993103,0.0001,1e-05,53.598,4.8135,0.7218
5149,stage2,3,0.15085242688655853,0.17193272709846497,0.0,0.15085242688655853,0.0001,1e-05,53.598,3.828,0.6695
5150,stage2,3,0.14704172313213348,0.186330184340477,0.0,0.14704172313213348,0.0001,1e-05,53.603,3.9229,0.67
5151,stage2,3,0.18573933839797974,0.20457234978675842,0.0,0.18573933839797974,0.0001,1e-05,53.606,3.7913,0.6703
5152,stage2,3,0.1733660250902176,0.19430986046791077,0.0,0.1733660250902176,0.0001,1e-05,53.6,3.7793,5.0199
5153,stage2,3,0.17088893055915833,0.21525192260742188,0.0,0.17088893055915833,0.0001,1e-05,53.6,3.8685,0.6674
5154,stage2,3,0.19296157360076904,0.17540858685970306,0.0,0.19296157360076904,0.0001,1e-05,53.613,3.3642,0.6685
5155,stage2,3,0.17837217450141907,0.1735837310552597,0.0,0.17837217450141907,0.0001,1e-05,53.604,4.1242,0.6692
5156,stage2,3,0.19162976741790771,0.17651432752609253,0.0,0.19162976741790771,0.0001,1e-05,53.605,3.3005,0.6695
5157,stage2,3,0.153661847114563,0.21850015223026276,0.0,0.153661847114563,0.0001,1e-05,53.617,3.5844,0.6698
5158,stage2,3,0.18398219347000122,0.19654040038585663,0.0,0.18398219347000122,0.0001,1e-05,53.621,4.2418,0.672
5159,stage2,3,0.165398508310318,0.22297438979148865,0.0,0.165398508310318,0.0001,1e-05,53.605,4.5644,0.6703
5160,stage2,3,0.1533880978822708,0.20500332117080688,0.0,0.1533880978822708,0.0001,1e-05,53.6,3.747,4.9812
5161,stage2,3,0.13607770204544067,0.24193577468395233,0.0,0.13607770204544067,0.0001,1e-05,53.604,3.9255,0.6679
5162,stage2,3,0.16266581416130066,0.1932232677936554,0.0,0.16266581416130066,0.0001,1e-05,53.602,4.6736,0.6686
5163,stage2,3,0.13599739968776703,0.20764420926570892,0.0,0.13599739968776703,0.0001,1e-05,53.606,3.2635,0.6692
5164,stage2,3,0.17254111170768738,0.19489654898643494,0.0,0.17254111170768738,0.0001,1e-05,53.6,4.4305,0.6687
5165,stage2,3,0.16307908296585083,0.1996520608663559,0.0,0.16307908296585083,0.0001,1e-05,53.591,4.1752,0.6689
5166,stage2,3,0.178098663687706,0.1923993080854416,0.0,0.178098663687706,0.0001,1e-05,53.601,6.0235,0.6704
5167,stage2,3,0.20144975185394287,0.19503089785575867,0.0,0.20144975185394287,0.0001,1e-05,53.603,6.0308,0.6701
5168,stage2,3,0.14092080295085907,0.19584812223911285,0.0,0.14092080295085907,0.0001,1e-05,53.603,4.7474,4.9024
5169,stage2,3,0.17174847424030304,0.1788184493780136,0.0,0.17174847424030304,0.0001,1e-05,53.604,6.0109,0.6681
5170,stage2,3,0.17203471064567566,0.19972479343414307,0.0,0.17203471064567566,0.0001,1e-05,53.595,3.713,0.6687
5171,stage2,3,0.18256649374961853,0.20905324816703796,0.0,0.18256649374961853,0.0001,1e-05,53.593,4.0056,0.6692
5172,stage2,3,0.15863148868083954,0.20062920451164246,0.0,0.15863148868083954,0.0001,1e-05,53.593,3.9544,0.6706
5173,stage2,3,0.17975972592830658,0.16733418405056,0.0,0.17975972592830658,0.0001,1e-05,53.593,4.895,0.6702
5174,stage2,3,0.176084965467453,0.17888371646404266,0.0,0.176084965467453,0.0001,1e-05,53.604,3.3499,0.6704
5175,stage2,3,0.21263372898101807,0.1930203139781952,0.0,0.21263372898101807,0.0001,1e-05,53.594,5.579,0.6701
5176,stage2,3,0.17889191210269928,0.18421787023544312,0.0,0.17889191210269928,0.0001,1e-05,53.6,4.6069,4.8558
5177,stage2,3,0.1622839868068695,0.20352861285209656,0.0,0.1622839868068695,0.0001,1e-05,53.597,4.2714,0.6682
5178,stage2,3,0.15186317265033722,0.20253683626651764,0.0,0.15186317265033722,0.0001,1e-05,53.607,4.103,0.6692
5179,stage2,3,0.13495813310146332,0.20037055015563965,0.0,0.13495813310146332,0.0001,1e-05,53.611,4.682,0.6693
5180,stage2,3,0.16725969314575195,0.2117375284433365,0.0,0.16725969314575195,0.0001,1e-05,53.604,5.4731,0.6703
5181,stage2,3,0.17544203996658325,0.18349994719028473,0.0,0.17544203996658325,0.0001,1e-05,53.614,3.4706,0.6698
5182,stage2,3,0.1490759700536728,0.20311886072158813,0.0,0.1490759700536728,0.0001,1e-05,53.612,4.0302,0.6716
5183,stage2,3,0.14966142177581787,0.2029256522655487,0.0,0.14966142177581787,0.0001,1e-05,53.616,4.0796,0.6709
5184,stage2,3,0.16739316284656525,0.17687734961509705,0.0,0.16739316284656525,0.0001,1e-05,53.61,4.2071,4.8561
5185,stage2,3,0.19969944655895233,0.18102917075157166,0.0,0.19969944655895233,0.0001,1e-05,53.616,4.439,0.6686
5186,stage2,3,0.13521571457386017,0.18062856793403625,0.0,0.13521571457386017,0.0001,1e-05,53.608,3.3145,0.6687
5187,stage2,3,0.1732325255870819,0.19415375590324402,0.0,0.1732325255870819,0.0001,1e-05,53.611,3.7261,0.6693
5188,stage2,3,0.15830902755260468,0.21226529777050018,0.0,0.15830902755260468,0.0001,1e-05,53.602,4.4272,0.6701
5189,stage2,3,0.20711591839790344,0.1836809515953064,0.0,0.20711591839790344,0.0001,1e-05,53.61,3.558,0.6696
5190,stage2,3,0.1998399794101715,0.20681287348270416,0.0,0.1998399794101715,0.0001,1e-05,53.602,4.9546,0.6699
5191,stage2,3,0.1528308093547821,0.19122473895549774,0.0,0.1528308093547821,0.0001,1e-05,53.613,3.9671,0.6711
5192,stage2,3,0.17148441076278687,0.18750831484794617,0.0,0.17148441076278687,0.0001,1e-05,53.594,4.131,4.8411
5193,stage2,3,0.16031192243099213,0.2082071304321289,0.0,0.16031192243099213,0.0001,1e-05,53.593,4.8604,0.6679
5194,stage2,3,0.1452067792415619,0.19878968596458435,0.0,0.1452067792415619,0.0001,1e-05,53.592,5.0257,0.6691
5195,stage2,3,0.1543624997138977,0.18930105865001678,0.0,0.1543624997138977,0.0001,1e-05,53.593,3.8353,0.6696
5196,stage2,3,0.1807413101196289,0.19138537347316742,0.0,0.1807413101196289,0.0001,1e-05,53.607,4.2291,1.4292
5197,stage2,3,0.1491273194551468,0.20687514543533325,0.0,0.1491273194551468,0.0001,1e-05,53.587,3.7964,0.6698
5198,stage2,3,0.17915740609169006,0.18370285630226135,0.0,0.17915740609169006,0.0001,1e-05,53.582,3.8787,0.6714
5199,stage2,3,0.1661202609539032,0.18602681159973145,0.0,0.1661202609539032,0.0001,1e-05,53.598,4.303,0.671
5200,stage2,3,0.19574689865112305,0.18759910762310028,0.0,0.19574689865112305,0.0001,1e-05,53.602,3.8933,3.9727
5201,stage2,3,0.1438368707895279,0.20847265422344208,0.0,0.1438368707895279,0.0001,1e-05,53.6,4.3048,0.6699
5202,stage2,3,0.15327922999858856,0.1944856494665146,0.0,0.15327922999858856,0.0001,1e-05,53.592,4.1658,0.6699
5203,stage2,3,0.15469180047512054,0.18495067954063416,0.0,0.15469180047512054,0.0001,1e-05,53.6,3.8025,0.6691
5204,stage2,3,0.11646231263875961,0.19609849154949188,0.0,0.11646231263875961,0.0001,1e-05,53.594,3.1291,2.443
5205,stage2,3,0.16194476187229156,0.21385212242603302,0.0,0.16194476187229156,0.0001,1e-05,53.593,4.1221,0.668
5206,stage2,3,0.1714663803577423,0.18024538457393646,0.0,0.1714663803577423,0.0001,1e-05,53.594,4.0674,0.6699
5207,stage2,3,0.17744164168834686,0.20738574862480164,0.0,0.17744164168834686,0.0001,1e-05,53.604,4.2588,0.6695
5208,stage2,3,0.16033412516117096,0.181415855884552,0.0,0.16033412516117096,0.0001,1e-05,53.598,3.7447,2.9439
5209,stage2,3,0.20282568037509918,0.1707126498222351,0.0,0.20282568037509918,0.0001,1e-05,53.605,4.0639,0.6678
5210,stage2,3,0.16622178256511688,0.17902913689613342,0.0,0.16622178256511688,0.0001,1e-05,53.612,3.31,0.6698
5211,stage2,3,0.1431572437286377,0.20144720375537872,0.0,0.1431572437286377,0.0001,1e-05,53.603,3.1067,0.6699
5212,stage2,3,0.19948695600032806,0.19543203711509705,0.0,0.19948695600032806,0.0001,1e-05,53.6,4.2393,2.7007
5213,stage2,3,0.15300844609737396,0.19428685307502747,0.0,0.15300844609737396,0.0001,1e-05,53.595,3.7709,0.6669
5214,stage2,3,0.15707969665527344,0.22107122838497162,0.0,0.15707969665527344,0.0001,1e-05,53.599,3.5971,0.6698
5215,stage2,3,0.158671036362648,0.18248173594474792,0.0,0.158671036362648,0.0001,1e-05,53.604,3.2093,0.6694
5216,stage2,3,0.20241622626781464,0.19500717520713806,0.0,0.20241622626781464,0.0001,1e-05,53.611,4.101,2.8826
5217,stage2,3,0.15340885519981384,0.2267051488161087,0.0,0.15340885519981384,0.0001,1e-05,53.593,5.4514,0.6688
5218,stage2,3,0.14690159261226654,0.21218839287757874,0.0,0.14690159261226654,0.0001,1e-05,53.598,4.6167,0.6691
5219,stage2,3,0.16904963552951813,0.1799933761358261,0.0,0.16904963552951813,0.0001,1e-05,53.603,3.7259,0.6698
5220,stage2,3,0.1617044061422348,0.18884409964084625,0.0,0.1617044061422348,0.0001,1e-05,53.604,3.8611,2.4394
5221,stage2,3,0.15683765709400177,0.20764128863811493,0.0,0.15683765709400177,0.0001,1e-05,53.595,3.5894,0.672
5222,stage2,3,0.1687188744544983,0.18883182108402252,0.0,0.1687188744544983,0.0001,1e-05,53.601,4.15,0.6688
5223,stage2,3,0.16011279821395874,0.17918111383914948,0.0,0.16011279821395874,0.0001,1e-05,53.597,4.4502,0.6748
5224,stage2,3,0.16211970150470734,0.18575003743171692,0.0,0.16211970150470734,0.0001,1e-05,53.598,4.7941,3.0571
5225,stage2,3,0.17254100739955902,0.18530704081058502,0.0,0.17254100739955902,0.0001,1e-05,53.598,3.282,0.668
5226,stage2,3,0.15484566986560822,0.1905931979417801,0.0,0.15484566986560822,0.0001,1e-05,53.601,4.7752,0.6685
5227,stage2,3,0.1683814823627472,0.17582885921001434,0.0,0.1683814823627472,0.0001,1e-05,53.601,4.622,0.6686
5228,stage2,3,0.15887030959129333,0.18675841391086578,0.0,0.15887030959129333,0.0001,1e-05,53.59,4.3686,2.5841
5229,stage2,3,0.16003800928592682,0.20243966579437256,0.0,0.16003800928592682,0.0001,1e-05,53.593,3.6641,0.6676
5230,stage2,3,0.14671961963176727,0.20021066069602966,0.0,0.14671961963176727,0.0001,1e-05,53.6,4.0115,0.6694
5231,stage2,3,0.17323370277881622,0.1961277425289154,0.0,0.17323370277881622,0.0001,1e-05,53.599,4.3262,0.6686
5232,stage2,3,0.14374777674674988,0.18416833877563477,0.0,0.14374777674674988,0.0001,1e-05,53.605,4.1422,2.9734
5233,stage2,3,0.1595524400472641,0.17999348044395447,0.0,0.1595524400472641,0.0001,1e-05,53.601,3.6733,0.6695
5234,stage2,3,0.13309095799922943,0.19079087674617767,0.0,0.13309095799922943,0.0001,1e-05,53.596,4.3516,0.67
5235,stage2,3,0.18098676204681396,0.16499581933021545,0.0,0.18098676204681396,0.0001,1e-05,53.608,3.6512,0.6695
5236,stage2,3,0.16470420360565186,0.21384204924106598,0.0,0.16470420360565186,0.0001,1e-05,53.589,3.9,2.9061
5237,stage2,3,0.16104014217853546,0.19325017929077148,0.0,0.16104014217853546,0.0001,1e-05,53.598,3.2763,0.6689
5238,stage2,3,0.15142501890659332,0.19653533399105072,0.0,0.15142501890659332,0.0001,1e-05,53.589,3.5084,0.6689
5239,stage2,3,0.17883431911468506,0.17047347128391266,0.0,0.17883431911468506,0.0001,1e-05,53.6,4.4358,0.669
5240,stage2,3,0.1284654289484024,0.2073940932750702,0.0,0.1284654289484024,0.0001,1e-05,53.609,3.5087,2.5392
5241,stage2,3,0.16039541363716125,0.19879034161567688,0.0,0.16039541363716125,0.0001,1e-05,53.603,5.7487,0.6683
5242,stage2,3,0.12841494381427765,0.2088790386915207,0.0,0.12841494381427765,0.0001,1e-05,53.603,3.712,0.6693
5243,stage2,3,0.1896495670080185,0.1964983493089676,0.0,0.1896495670080185,0.0001,1e-05,53.595,4.0949,0.6695
5244,stage2,3,0.16269497573375702,0.19563259184360504,0.0,0.16269497573375702,0.0001,1e-05,53.604,3.3211,3.0717
5245,stage2,3,0.14293105900287628,0.1909967064857483,0.0,0.14293105900287628,0.0001,1e-05,53.597,4.152,0.6726
5246,stage2,3,0.18220777809619904,0.17214283347129822,0.0,0.18220777809619904,0.0001,1e-05,53.59,5.1176,0.674
5247,stage2,3,0.132841557264328,0.172700896859169,0.0,0.132841557264328,0.0001,1e-05,53.6,3.5426,0.6694
5248,stage2,3,0.1663864254951477,0.19336523115634918,0.0,0.1663864254951477,0.0001,1e-05,53.607,3.5859,2.5184
5249,stage2,3,0.1826821267604828,0.17940323054790497,0.0,0.1826821267604828,0.0001,1e-05,53.605,4.5372,0.6685
5250,stage2,3,0.16781675815582275,0.1754399687051773,0.0,0.16781675815582275,0.0001,1e-05,53.602,3.453,0.6684
5251,stage2,3,0.17584560811519623,0.18294134736061096,0.0,0.17584560811519623,0.0001,1e-05,53.606,3.6737,0.6688
5252,stage2,3,0.17124469578266144,0.17741581797599792,0.0,0.17124469578266144,0.0001,1e-05,53.612,4.3486,3.0984
5253,stage2,3,0.1575373411178589,0.20087359845638275,0.0,0.1575373411178589,0.0001,1e-05,53.616,4.0875,0.6702
5254,stage2,3,0.18727687001228333,0.17021995782852173,0.0,0.18727687001228333,0.0001,1e-05,53.606,3.541,0.6747
5255,stage2,3,0.16332539916038513,0.2022351622581482,0.0,0.16332539916038513,0.0001,1e-05,53.61,4.2304,0.6699
5256,stage2,3,0.1632208526134491,0.17479616403579712,0.0,0.1632208526134491,0.0001,1e-05,53.608,3.7077,2.41
5257,stage2,3,0.20020364224910736,0.20156246423721313,0.0,0.20020364224910736,0.0001,1e-05,53.606,4.9848,0.67
5258,stage2,3,0.1710541695356369,0.1882331818342209,0.0,0.1710541695356369,0.0001,1e-05,53.605,4.5929,0.6698
5259,stage2,3,0.13403096795082092,0.2361895740032196,0.0,0.13403096795082092,0.0001,1e-05,53.609,3.7264,0.67
5260,stage2,3,0.1743362545967102,0.18406397104263306,0.0,0.1743362545967102,0.0001,1e-05,53.604,5.0127,3.0191
5261,stage2,3,0.20266343653202057,0.18267185986042023,0.0,0.20266343653202057,0.0001,1e-05,53.6,3.3368,0.6692
5262,stage2,3,0.13952136039733887,0.2078419178724289,0.0,0.13952136039733887,0.0001,1e-05,53.598,4.1608,0.6691
5263,stage2,3,0.1778511255979538,0.17862063646316528,0.0,0.1778511255979538,0.0001,1e-05,53.602,4.1523,0.6698
5264,stage2,3,0.1618557572364807,0.16928111016750336,0.0,0.1618557572364807,0.0001,1e-05,53.605,4.2226,2.7407
5265,stage2,3,0.15945647656917572,0.2233303040266037,0.0,0.15945647656917572,0.0001,1e-05,53.606,4.3591,0.6683
5266,stage2,3,0.16958878934383392,0.17852835357189178,0.0,0.16958878934383392,0.0001,1e-05,53.593,4.5826,0.6695
5267,stage2,3,0.16849002242088318,0.2143009752035141,0.0,0.16849002242088318,0.0001,1e-05,53.591,4.8785,0.6694
5268,stage2,3,0.13764722645282745,0.214595228433609,0.0,0.13764722645282745,0.0001,1e-05,53.601,3.1347,2.9148
5269,stage2,3,0.14578230679035187,0.19937103986740112,0.0,0.14578230679035187,0.0001,1e-05,53.591,3.9924,0.669
5270,stage2,3,0.1632314920425415,0.2026878446340561,0.0,0.1632314920425415,0.0001,1e-05,53.59,4.236,0.6699
5271,stage2,3,0.18406711518764496,0.1555919051170349,0.0,0.18406711518764496,0.0001,1e-05,53.606,4.2257,0.6698
5272,stage2,3,0.17088724672794342,0.18247413635253906,0.0,0.17088724672794342,0.0001,1e-05,53.611,3.3046,2.3608
5273,stage2,3,0.17748282849788666,0.17516212165355682,0.0,0.17748282849788666,0.0001,1e-05,53.6,3.2095,0.6696
5274,stage2,3,0.1729469746351242,0.18988396227359772,0.0,0.1729469746351242,0.0001,1e-05,53.607,4.008,0.6695
5275,stage2,3,0.16973328590393066,0.2104152888059616,0.0,0.16973328590393066,0.0001,1e-05,53.589,3.3579,0.6695
5276,stage2,3,0.15209180116653442,0.17707879841327667,0.0,0.15209180116653442,0.0001,1e-05,53.6,3.7866,3.2387
5277,stage2,3,0.17364196479320526,0.16264232993125916,0.0,0.17364196479320526,0.0001,1e-05,53.594,4.3436,0.6686
5278,stage2,3,0.15062639117240906,0.1836547553539276,0.0,0.15062639117240906,0.0001,1e-05,53.597,3.7796,0.669
5279,stage2,3,0.16276514530181885,0.1811874806880951,0.0,0.16276514530181885,0.0001,1e-05,53.611,4.9264,0.6697
5280,stage2,3,0.1979677826166153,0.17420148849487305,0.0,0.1979677826166153,0.0001,1e-05,53.599,3.5703,2.3763
5281,stage2,3,0.1586727499961853,0.20030364394187927,0.0,0.1586727499961853,0.0001,1e-05,53.604,4.6931,0.6693
5282,stage2,3,0.1890358030796051,0.16279621422290802,0.0,0.1890358030796051,0.0001,1e-05,53.598,3.769,0.6695
5283,stage2,3,0.14747847616672516,0.19555942714214325,0.0,0.14747847616672516,0.0001,1e-05,53.601,4.1934,0.6703
5284,stage2,3,0.16965582966804504,0.19058823585510254,0.0,0.16965582966804504,0.0001,1e-05,53.596,4.2995,3.0608
5285,stage2,3,0.16609767079353333,0.18949517607688904,0.0,0.16609767079353333,0.0001,1e-05,53.6,3.8064,0.6734
5286,stage2,3,0.1439582109451294,0.194769948720932,0.0,0.1439582109451294,0.0001,1e-05,53.598,3.4385,0.669
5287,stage2,3,0.16857017576694489,0.17338721454143524,0.0,0.16857017576694489,0.0001,1e-05,53.596,3.8258,0.6696
5288,stage2,3,0.2067318856716156,0.17956772446632385,0.0,0.2067318856716156,0.0001,1e-05,53.599,4.0557,2.5624
5289,stage2,3,0.16127008199691772,0.19975832104682922,0.0,0.16127008199691772,0.0001,1e-05,53.61,4.2172,0.6682
5290,stage2,3,0.16125352680683136,0.17946849763393402,0.0,0.16125352680683136,0.0001,1e-05,53.611,4.0773,0.668
5291,stage2,3,0.14113496243953705,0.16270554065704346,0.0,0.14113496243953705,0.0001,1e-05,53.611,3.5903,0.6695
5292,stage2,3,0.15488867461681366,0.1762879341840744,0.0,0.15488867461681366,0.0001,1e-05,53.609,3.5465,2.9356
5293,stage2,3,0.17262084782123566,0.17434097826480865,0.0,0.17262084782123566,0.0001,1e-05,53.605,3.5387,0.6685
5294,stage2,3,0.17059467732906342,0.1868731677532196,0.0,0.17059467732906342,0.0001,1e-05,53.606,5.0237,0.6692
5295,stage2,3,0.18067148327827454,0.20241095125675201,0.0,0.18067148327827454,0.0001,1e-05,53.606,4.6022,0.6693
5296,stage2,3,0.1414749026298523,0.18185384571552277,0.0,0.1414749026298523,0.0001,1e-05,53.592,3.3432,2.6466
5297,stage2,3,0.16105365753173828,0.18868277966976166,0.0,0.16105365753173828,0.0001,1e-05,53.603,4.416,0.6692
5298,stage2,3,0.1715758740901947,0.16812671720981598,0.0,0.1715758740901947,0.0001,1e-05,53.613,3.3651,0.6692
5299,stage2,3,0.15459997951984406,0.19941572844982147,0.0,0.15459997951984406,0.0001,1e-05,53.6,4.2655,0.6701
5300,stage2,3,0.17438732087612152,0.18458791077136993,0.0,0.17438732087612152,0.0001,1e-05,53.614,5.1059,2.7283
5301,stage2,3,0.16117440164089203,0.19598233699798584,0.0,0.16117440164089203,0.0001,1e-05,53.594,3.6396,0.672
5302,stage2,3,0.12126474827528,0.17136403918266296,0.0,0.12126474827528,0.0001,1e-05,53.602,2.9614,0.6728
5303,stage2,3,0.1351260542869568,0.21854884922504425,0.0,0.1351260542869568,0.0001,1e-05,53.603,3.8664,0.6696
5304,stage2,3,0.17709220945835114,0.1895851045846939,0.0,0.17709220945835114,0.0001,1e-05,53.605,4.3693,3.0903
5305,stage2,3,0.14925500750541687,0.2059263437986374,0.0,0.14925500750541687,0.0001,1e-05,53.6,4.5804,0.6671
5306,stage2,3,0.17001964151859283,0.17494207620620728,0.0,0.17001964151859283,0.0001,1e-05,53.624,4.1721,0.6679
5307,stage2,3,0.16290704905986786,0.17865800857543945,0.0,0.16290704905986786,0.0001,1e-05,53.598,3.6302,0.6689
5308,stage2,3,0.14206387102603912,0.1852462887763977,0.0,0.14206387102603912,0.0001,1e-05,53.599,4.0208,2.161
5309,stage2,3,0.18657758831977844,0.17556016147136688,0.0,0.18657758831977844,0.0001,1e-05,53.602,4.4057,0.6689
5310,stage2,3,0.22281113266944885,0.17646673321723938,0.0,0.22281113266944885,0.0001,1e-05,53.6,4.3335,0.6695
5311,stage2,3,0.1553511619567871,0.18095961213111877,0.0,0.1553511619567871,0.0001,1e-05,53.6,3.8548,0.6695
5312,stage2,3,0.1357370764017105,0.21093395352363586,0.0,0.1357370764017105,0.0001,1e-05,53.595,3.3394,3.5852
5313,stage2,3,0.1558946818113327,0.19688327610492706,0.0,0.1558946818113327,0.0001,1e-05,53.602,4.1222,0.6681
5314,stage2,3,0.1702854037284851,0.1969187706708908,0.0,0.1702854037284851,0.0001,1e-05,53.599,2.8882,0.6688
5315,stage2,3,0.1658002883195877,0.20039013028144836,0.0,0.1658002883195877,0.0001,1e-05,53.607,4.6936,0.6692
5316,stage2,3,0.17215944826602936,0.1776387244462967,0.0,0.17215944826602936,0.0001,1e-05,53.595,4.1085,1.7028
5317,stage2,3,0.18168087303638458,0.17220601439476013,0.0,0.18168087303638458,0.0001,1e-05,53.601,3.7588,0.669
5318,stage2,3,0.15622058510780334,0.1839030534029007,0.0,0.15622058510780334,0.0001,1e-05,53.603,3.3641,0.6689
5319,stage2,3,0.1363091766834259,0.1974354237318039,0.0,0.1363091766834259,0.0001,1e-05,53.597,3.6959,0.6698
5320,stage2,3,0.16360712051391602,0.1744164079427719,0.0,0.16360712051391602,0.0001,1e-05,53.614,4.3761,3.8618
5321,stage2,3,0.19830095767974854,0.19184038043022156,0.0,0.19830095767974854,0.0001,1e-05,53.606,4.2554,0.668
5322,stage2,3,0.1491732895374298,0.21641045808792114,0.0,0.1491732895374298,0.0001,1e-05,53.605,3.724,0.6682
5323,stage2,3,0.17324654757976532,0.19140972197055817,0.0,0.17324654757976532,0.0001,1e-05,53.614,4.4543,0.6688
5324,stage2,3,0.16686616837978363,0.1700189858675003,0.0,0.16686616837978363,0.0001,1e-05,53.606,4.7468,1.4286
5325,stage2,3,0.1663905829191208,0.18408577144145966,0.0,0.1663905829191208,0.0001,1e-05,53.603,3.8452,0.6704
5326,stage2,3,0.17445361614227295,0.1777161955833435,0.0,0.17445361614227295,0.0001,1e-05,53.603,3.634,0.6696
5327,stage2,3,0.1905081570148468,0.1929217278957367,0.0,0.1905081570148468,0.0001,1e-05,53.596,3.8702,0.675
5328,stage2,3,0.1384524405002594,0.18282319605350494,0.0,0.1384524405002594,0.0001,1e-05,53.602,3.3046,4.0808
5329,stage2,3,0.14186294376850128,0.19818060100078583,0.0,0.14186294376850128,0.0001,1e-05,53.603,4.78,0.6672
5330,stage2,3,0.17639704048633575,0.19066786766052246,0.0,0.17639704048633575,0.0001,1e-05,53.602,3.6286,0.6681
5331,stage2,3,0.14926698803901672,0.1973946988582611,0.0,0.14926698803901672,0.0001,1e-05,53.603,3.6037,0.6691
5332,stage2,3,0.17453300952911377,0.18484409153461456,0.0,0.17453300952911377,0.0001,1e-05,53.607,5.3143,1.1382
5333,stage2,3,0.17043156921863556,0.20017316937446594,0.0,0.17043156921863556,0.0001,1e-05,53.595,2.9861,0.669
5334,stage2,3,0.18350620567798615,0.17389680445194244,0.0,0.18350620567798615,0.0001,1e-05,53.607,4.5611,0.6702
5335,stage2,3,0.16032563149929047,0.1915905773639679,0.0,0.16032563149929047,0.0001,1e-05,53.605,5.329,0.6707
5336,stage2,3,0.14694608747959137,0.18524397909641266,0.0,0.14694608747959137,0.0001,1e-05,53.597,3.3197,4.4952
5337,stage2,3,0.14720088243484497,0.2065361887216568,0.0,0.14720088243484497,0.0001,1e-05,53.594,4.7276,0.6676
5338,stage2,3,0.1605486124753952,0.18874314427375793,0.0,0.1605486124753952,0.0001,1e-05,53.6,5.284,0.6695
5339,stage2,3,0.14043813943862915,0.2178921401500702,0.0,0.14043813943862915,0.0001,1e-05,53.607,4.2394,0.6698
5340,stage2,3,0.1495564728975296,0.20216311514377594,0.0,0.1495564728975296,0.0001,1e-05,53.596,3.4692,1.8442
5341,stage2,3,0.14731864631175995,0.19216279685497284,0.0,0.14731864631175995,0.0001,1e-05,53.595,3.2215,0.6694
5342,stage2,3,0.1885562539100647,0.18072561919689178,0.0,0.1885562539100647,0.0001,1e-05,53.603,3.8669,0.6694
5343,stage2,3,0.1534438282251358,0.17951928079128265,0.0,0.1534438282251358,0.0001,1e-05,53.601,3.4961,0.6696
5344,stage2,3,0.14832858741283417,0.17080742120742798,0.0,0.14832858741283417,0.0001,1e-05,53.603,3.6759,3.8284
5345,stage2,3,0.1379442811012268,0.19909456372261047,0.0,0.1379442811012268,0.0001,1e-05,53.601,3.6059,0.6672
5346,stage2,3,0.14643563330173492,0.1799502968788147,0.0,0.14643563330173492,0.0001,1e-05,53.608,3.0219,0.6685
5347,stage2,3,0.17526733875274658,0.19127298891544342,0.0,0.17526733875274658,0.0001,1e-05,53.612,4.0627,0.6688
5348,stage2,3,0.14471560716629028,0.19239646196365356,0.0,0.14471560716629028,0.0001,1e-05,53.61,4.0516,1.8049
5349,stage2,3,0.18360430002212524,0.18758131563663483,0.0,0.18360430002212524,0.0001,1e-05,53.608,3.7994,0.6676
5350,stage2,3,0.15756598114967346,0.1966284066438675,0.0,0.15756598114967346,0.0001,1e-05,53.606,3.8923,0.668
5351,stage2,3,0.1827504187822342,0.19036565721035004,0.0,0.1827504187822342,0.0001,1e-05,53.595,3.9709,0.6692
5352,stage2,3,0.16462479531764984,0.19663089513778687,0.0,0.16462479531764984,0.0001,1e-05,53.598,5.0603,3.9114
5353,stage2,3,0.17500348389148712,0.1932540386915207,0.0,0.17500348389148712,0.0001,1e-05,53.597,6.3749,0.6667
5354,stage2,3,0.14905522763729095,0.18781135976314545,0.0,0.14905522763729095,0.0001,1e-05,53.602,3.5475,0.6673
5355,stage2,3,0.16825343668460846,0.19024018943309784,0.0,0.16825343668460846,0.0001,1e-05,53.588,4.1822,0.6687
5356,stage2,3,0.19698548316955566,0.16009433567523956,0.0,0.19698548316955566,0.0001,1e-05,53.603,3.9965,2.4614
5357,stage2,3,0.2029847949743271,0.1737700253725052,0.0,0.2029847949743271,0.0001,1e-05,53.592,3.4513,0.6684
5358,stage2,3,0.14750954508781433,0.1910368651151657,0.0,0.14750954508781433,0.0001,1e-05,53.595,3.8498,0.6684
5359,stage2,3,0.1482996642589569,0.18330326676368713,0.0,0.1482996642589569,0.0001,1e-05,53.603,4.8485,0.6693
5360,stage2,3,0.15984123945236206,0.1878826767206192,0.0,0.15984123945236206,0.0001,1e-05,53.599,3.9213,3.1669
5361,stage2,3,0.15072892606258392,0.19696559011936188,0.0,0.15072892606258392,0.0001,1e-05,53.598,3.3898,0.6666
5362,stage2,3,0.13275521993637085,0.2160460203886032,0.0,0.13275521993637085,0.0001,1e-05,53.603,3.8076,0.6677
5363,stage2,3,0.16478346288204193,0.19858276844024658,0.0,0.16478346288204193,0.0001,1e-05,53.603,4.3697,0.6685
5364,stage2,3,0.16849194467067719,0.21093885600566864,0.0,0.16849194467067719,0.0001,1e-05,53.61,3.6092,3.0555
5365,stage2,3,0.15936116874217987,0.19104567170143127,0.0,0.15936116874217987,0.0001,1e-05,53.597,3.6524,0.6604
5366,stage2,3,0.1603768914937973,0.20374514162540436,0.0,0.1603768914937973,0.0001,1e-05,53.598,4.7058,0.6672
5367,stage2,3,0.21004118025302887,0.182318776845932,0.0,0.21004118025302887,0.0001,1e-05,53.601,3.797,0.6684
5368,stage2,3,0.13236406445503235,0.20011624693870544,0.0,0.13236406445503235,0.0001,1e-05,53.599,4.4205,2.4187
5369,stage2,3,0.18060067296028137,0.19208651781082153,0.0,0.18060067296028137,0.0001,1e-05,53.591,4.2831,0.6677
5370,stage2,3,0.19530530273914337,0.18538178503513336,0.0,0.19530530273914337,0.0001,1e-05,53.599,5.0835,0.6674
5371,stage2,3,0.15617071092128754,0.2041829377412796,0.0,0.15617071092128754,0.0001,1e-05,53.603,4.8233,0.6692
5372,stage2,3,0.1492684930562973,0.19355840981006622,0.0,0.1492684930562973,0.0001,1e-05,53.596,3.9642,2.9221
5373,stage2,3,0.1715778261423111,0.19606851041316986,0.0,0.1715778261423111,0.0001,1e-05,53.609,3.8861,0.6673
5374,stage2,3,0.150090754032135,0.18320608139038086,0.0,0.150090754032135,0.0001,1e-05,53.606,4.123,0.6711
5375,stage2,3,0.10715120285749435,0.20162411034107208,0.0,0.10715120285749435,0.0001,1e-05,53.604,3.2097,0.6683
5376,stage2,3,0.19384829699993134,0.1813371330499649,0.0,0.19384829699993134,0.0001,1e-05,53.596,4.9625,2.6929
5377,stage2,3,0.12938202917575836,0.22120139002799988,0.0,0.12938202917575836,0.0001,1e-05,53.605,3.8739,0.668
5378,stage2,3,0.1519666314125061,0.1774131804704666,0.0,0.1519666314125061,0.0001,1e-05,53.591,3.7199,0.6683
5379,stage2,3,0.14384886622428894,0.19405032694339752,0.0,0.14384886622428894,0.0001,1e-05,53.594,3.1176,0.6685
5380,stage2,3,0.16469772160053253,0.1887752264738083,0.0,0.16469772160053253,0.0001,1e-05,53.592,3.8625,2.935
5381,stage2,3,0.14708200097084045,0.190597802400589,0.0,0.14708200097084045,0.0001,1e-05,53.61,4.2843,0.6649
5382,stage2,3,0.16905857622623444,0.21843686699867249,0.0,0.16905857622623444,0.0001,1e-05,53.6,4.2412,0.6681
5383,stage2,3,0.18295930325984955,0.1779564768075943,0.0,0.18295930325984955,0.0001,1e-05,53.599,3.9669,0.6698
5384,stage2,3,0.14669360220432281,0.17946717143058777,0.0,0.14669360220432281,0.0001,1e-05,53.601,4.5783,2.7378
5385,stage2,3,0.1473740190267563,0.2200898975133896,0.0,0.1473740190267563,0.0001,1e-05,53.606,4.8621,0.6673
5386,stage2,3,0.1575709730386734,0.18298301100730896,0.0,0.1575709730386734,0.0001,1e-05,53.603,3.2319,0.6686
5387,stage2,3,0.1815500557422638,0.18208763003349304,0.0,0.1815500557422638,0.0001,1e-05,53.606,4.5854,0.6689
5388,stage2,3,0.15855111181735992,0.20714494585990906,0.0,0.15855111181735992,0.0001,1e-05,53.616,3.2435,2.7081
5389,stage2,3,0.15633803606033325,0.19043050706386566,0.0,0.15633803606033325,0.0001,1e-05,53.602,4.2416,0.6718
5390,stage2,3,0.1597474217414856,0.20574608445167542,0.0,0.1597474217414856,0.0001,1e-05,53.601,3.628,0.6644
5391,stage2,3,0.15010973811149597,0.2152453064918518,0.0,0.15010973811149597,0.0001,1e-05,53.593,3.1889,0.6691
5392,stage2,3,0.14581842720508575,0.19718040525913239,0.0,0.14581842720508575,0.0001,1e-05,53.609,4.0869,2.7273
5393,stage2,3,0.1646534949541092,0.20171110332012177,0.0,0.1646534949541092,0.0001,1e-05,53.613,4.7747,0.6673
5394,stage2,3,0.1399795264005661,0.18634654581546783,0.0,0.1399795264005661,0.0001,1e-05,53.602,3.4656,0.6683
5395,stage2,3,0.13279268145561218,0.19088684022426605,0.0,0.13279268145561218,0.0001,1e-05,53.617,4.0995,0.6687
5396,stage2,3,0.19113561511039734,0.16824249923229218,0.0,0.19113561511039734,0.0001,1e-05,53.616,4.0939,2.6614
5397,stage2,3,0.13643808662891388,0.1762005090713501,0.0,0.13643808662891388,0.0001,1e-05,53.599,3.0424,0.668
5398,stage2,3,0.15236809849739075,0.19433218240737915,0.0,0.15236809849739075,0.0001,1e-05,53.604,4.0878,0.6713
5399,stage2,3,0.16095712780952454,0.17885330319404602,0.0,0.16095712780952454,0.0001,1e-05,53.598,4.6873,0.6686
5400,stage2,3,0.14802534878253937,0.18906299769878387,0.0,0.14802534878253937,0.0001,1e-05,53.602,3.8457,2.9846
5401,stage2,3,0.1887924075126648,0.16685572266578674,0.0,0.1887924075126648,0.0001,1e-05,53.612,4.3155,0.6667
5402,stage2,3,0.14686070382595062,0.21015267074108124,0.0,0.14686070382595062,0.0001,1e-05,53.605,3.6156,0.672
5403,stage2,3,0.17327134311199188,0.17462700605392456,0.0,0.17327134311199188,0.0001,1e-05,53.604,3.7257,0.6688
5404,stage2,3,0.1617911010980606,0.22079874575138092,0.0,0.1617911010980606,0.0001,1e-05,53.598,3.6115,2.2403
5405,stage2,3,0.1896580010652542,0.17441435158252716,0.0,0.1896580010652542,0.0001,1e-05,53.588,3.905,0.668
5406,stage2,3,0.1524738073348999,0.18250569701194763,0.0,0.1524738073348999,0.0001,1e-05,53.604,3.688,0.6742
5407,stage2,3,0.15377506613731384,0.186609148979187,0.0,0.15377506613731384,0.0001,1e-05,53.603,3.8893,0.6642
5408,stage2,3,0.15753966569900513,0.21087609231472015,0.0,0.15753966569900513,0.0001,1e-05,53.595,4.1392,3.5054
5409,stage2,3,0.19036269187927246,0.18628807365894318,0.0,0.19036269187927246,0.0001,1e-05,53.6,4.997,0.6676
5410,stage2,3,0.16214969754219055,0.17611031234264374,0.0,0.16214969754219055,0.0001,1e-05,53.609,3.521,0.6684
5411,stage2,3,0.19422246515750885,0.17774172127246857,0.0,0.19422246515750885,0.0001,1e-05,53.598,4.4375,0.6679
5412,stage2,3,0.16183891892433167,0.18673467636108398,0.0,0.16183891892433167,0.0001,1e-05,53.609,4.0979,1.4522
5413,stage2,3,0.15365931391716003,0.1902559995651245,0.0,0.15365931391716003,0.0001,1e-05,53.589,4.9262,0.6688
5414,stage2,3,0.1732168346643448,0.19969984889030457,0.0,0.1732168346643448,0.0001,1e-05,53.608,4.9362,0.6689
5415,stage2,3,0.17042802274227142,0.21482031047344208,0.0,0.17042802274227142,0.0001,1e-05,53.601,4.6211,0.6693
5416,stage2,3,0.1506296694278717,0.1928708851337433,0.0,0.1506296694278717,0.0001,1e-05,53.597,5.075,4.2194
5417,stage2,3,0.17263105511665344,0.1973324418067932,0.0,0.17263105511665344,0.0001,1e-05,53.612,4.5171,0.667
5418,stage2,3,0.1674838364124298,0.1753605753183365,0.0,0.1674838364124298,0.0001,1e-05,53.595,3.6916,0.6672
5419,stage2,3,0.1409640610218048,0.1774112582206726,0.0,0.1409640610218048,0.0001,1e-05,53.6,3.1312,0.6684
5420,stage2,3,0.15354304015636444,0.19577141106128693,0.0,0.15354304015636444,0.0001,1e-05,53.6,5.0252,0.7068
5421,stage2,3,0.17614145576953888,0.21310384571552277,0.0,0.17614145576953888,0.0001,1e-05,53.604,4.1632,0.6689
5422,stage2,3,0.1531336009502411,0.18304315209388733,0.0,0.1531336009502411,0.0001,1e-05,53.609,3.3001,0.67
5423,stage2,3,0.1760934293270111,0.20750752091407776,0.0,0.1760934293270111,0.0001,1e-05,53.597,4.4504,0.6693
5424,stage2,3,0.15117183327674866,0.174467995762825,0.0,0.15117183327674866,0.0001,1e-05,53.596,3.4916,4.9234
5425,stage2,3,0.1588289588689804,0.1897582709789276,0.0,0.1588289588689804,0.0001,1e-05,53.595,3.809,0.667
5426,stage2,3,0.16720300912857056,0.2050604522228241,0.0,0.16720300912857056,0.0001,1e-05,53.603,4.2832,0.6716
5427,stage2,3,0.15488329529762268,0.17599891126155853,0.0,0.15488329529762268,0.0001,1e-05,53.607,4.2369,0.6635
5428,stage2,3,0.1716366857290268,0.18832847476005554,0.0,0.1716366857290268,0.0001,1e-05,53.595,5.4482,0.6684
5429,stage2,3,0.14623279869556427,0.19454751908779144,0.0,0.14623279869556427,0.0001,1e-05,53.615,3.2108,0.6685
5430,stage2,3,0.1768956184387207,0.19961655139923096,0.0,0.1768956184387207,0.0001,1e-05,53.609,3.2389,0.6689
5431,stage2,3,0.13517312705516815,0.19349034130573273,0.0,0.13517312705516815,0.0001,1e-05,53.599,3.8276,0.6724
5432,stage2,3,0.224587082862854,0.15979136526584625,0.0,0.224587082862854,0.0001,1e-05,53.601,4.8377,4.7812
5433,stage2,3,0.14579874277114868,0.20555873215198517,0.0,0.14579874277114868,0.0001,1e-05,53.609,4.7613,0.6693
5434,stage2,3,0.169196218252182,0.19507120549678802,0.0,0.169196218252182,0.0001,1e-05,53.597,4.167,0.6673
5435,stage2,3,0.15667875111103058,0.20387916266918182,0.0,0.15667875111103058,0.0001,1e-05,53.596,4.2492,0.6735
5436,stage2,3,0.1680832952260971,0.18237391114234924,0.0,0.1680832952260971,0.0001,1e-05,53.596,4.2345,0.6692
5437,stage2,3,0.17455588281154633,0.1950143575668335,0.0,0.17455588281154633,0.0001,1e-05,53.6,4.3144,0.6687
5438,stage2,3,0.14435988664627075,0.21875107288360596,0.0,0.14435988664627075,0.0001,1e-05,53.594,4.1445,0.6694
5439,stage2,3,0.14043816924095154,0.18722160160541534,0.0,0.14043816924095154,0.0001,1e-05,53.599,4.6256,0.6694
5440,stage2,3,0.191232368350029,0.17579054832458496,0.0,0.191232368350029,0.0001,1e-05,53.6,5.3853,4.7019
5441,stage2,3,0.17306195199489594,0.19573873281478882,0.0,0.17306195199489594,0.0001,1e-05,53.591,3.9496,0.673
5442,stage2,3,0.15843874216079712,0.18300139904022217,0.0,0.15843874216079712,0.0001,1e-05,53.605,4.6709,0.6692
5443,stage2,3,0.1875564306974411,0.1817339062690735,0.0,0.1875564306974411,0.0001,1e-05,53.604,4.8394,0.669
5444,stage2,3,0.1395748257637024,0.17206576466560364,0.0,0.1395748257637024,0.0001,1e-05,53.616,4.1395,0.6682
5445,stage2,3,0.17214231193065643,0.17775222659111023,0.0,0.17214231193065643,0.0001,1e-05,53.607,3.3763,0.6687
5446,stage2,3,0.16953207552433014,0.18686586618423462,0.0,0.16953207552433014,0.0001,1e-05,53.597,4.9765,0.6693
5447,stage2,3,0.1978326141834259,0.18061353266239166,0.0,0.1978326141834259,0.0001,1e-05,53.606,4.9336,0.6694
5448,stage2,3,0.15598709881305695,0.2016427367925644,0.0,0.15598709881305695,0.0001,1e-05,53.606,3.8141,4.6219
5449,stage2,3,0.17245785892009735,0.19234932959079742,0.0,0.17245785892009735,0.0001,1e-05,53.606,4.056,0.668
5450,stage2,3,0.16684332489967346,0.181700199842453,0.0,0.16684332489967346,0.0001,1e-05,53.601,5.2782,0.6679
5451,stage2,3,0.17470873892307281,0.19544707238674164,0.0,0.17470873892307281,0.0001,1e-05,53.601,4.6737,0.6676
5452,stage2,3,0.14703792333602905,0.19432130455970764,0.0,0.14703792333602905,0.0001,1e-05,53.594,3.5583,0.6684
5453,stage2,3,0.15673813223838806,0.2052503526210785,0.0,0.15673813223838806,0.0001,1e-05,53.6,3.6666,0.6691
5454,stage2,3,0.14744813740253448,0.20314453542232513,0.0,0.14744813740253448,0.0001,1e-05,53.592,3.9681,0.673
5455,stage2,3,0.1324562281370163,0.1913466602563858,0.0,0.1324562281370163,0.0001,1e-05,53.602,3.9687,0.6705
5456,stage2,3,0.15426954627037048,0.2086164504289627,0.0,0.15426954627037048,0.0001,1e-05,53.603,3.8113,4.8986
5457,stage2,3,0.13244105875492096,0.20440666377544403,0.0,0.13244105875492096,0.0001,1e-05,53.603,3.4761,0.6668
5458,stage2,3,0.18698233366012573,0.16507257521152496,0.0,0.18698233366012573,0.0001,1e-05,53.612,3.7131,0.6679
5459,stage2,3,0.13800911605358124,0.20315034687519073,0.0,0.13800911605358124,0.0001,1e-05,53.608,3.8006,0.6681
5460,stage2,3,0.12762802839279175,0.19634220004081726,0.0,0.12762802839279175,0.0001,1e-05,53.606,2.9828,0.6684
5461,stage2,3,0.18213868141174316,0.20859763026237488,0.0,0.18213868141174316,0.0001,1e-05,53.605,4.3547,0.6698
5462,stage2,3,0.15840576589107513,0.2134404331445694,0.0,0.15840576589107513,0.0001,1e-05,53.6,4.3815,0.6691
5463,stage2,3,0.1963748037815094,0.1598709374666214,0.0,0.1963748037815094,0.0001,1e-05,53.603,4.2729,0.6703
5464,stage2,3,0.16754025220870972,0.18958403170108795,0.0,0.16754025220870972,0.0001,1e-05,53.602,4.3873,4.8456
5465,stage2,3,0.18271812796592712,0.16176117956638336,0.0,0.18271812796592712,0.0001,1e-05,53.603,3.5854,0.6671
5466,stage2,3,0.17286333441734314,0.20647963881492615,0.0,0.17286333441734314,0.0001,1e-05,53.599,4.6407,0.6673
5467,stage2,3,0.15108639001846313,0.1894320696592331,0.0,0.15108639001846313,0.0001,1e-05,53.606,4.2324,0.6686
5468,stage2,3,0.14278468489646912,0.19870200753211975,0.0,0.14278468489646912,0.0001,1e-05,53.607,3.4621,0.6677
5469,stage2,3,0.15906456112861633,0.17588607966899872,0.0,0.15906456112861633,0.0001,1e-05,53.601,3.5618,0.671
5470,stage2,3,0.161159485578537,0.19702889025211334,0.0,0.161159485578537,0.0001,1e-05,53.601,3.6318,0.6687
5471,stage2,3,0.177681103348732,0.20566798746585846,0.0,0.177681103348732,0.0001,1e-05,53.605,3.9284,0.6694
5472,stage2,3,0.15038861334323883,0.16754403710365295,0.0,0.15038861334323883,0.0001,1e-05,53.601,5.1097,4.9231
5473,stage2,3,0.16251018643379211,0.20778974890708923,0.0,0.16251018643379211,0.0001,1e-05,53.601,5.0338,0.6672
5474,stage2,3,0.12720876932144165,0.19538776576519012,0.0,0.12720876932144165,0.0001,1e-05,53.592,3.1905,0.667
5475,stage2,3,0.15458816289901733,0.19330617785453796,0.0,0.15458816289901733,0.0001,1e-05,53.601,4.4041,0.6681
5476,stage2,3,0.13015609979629517,0.22092895209789276,0.0,0.13015609979629517,0.0001,1e-05,53.601,3.3585,0.6675
5477,stage2,3,0.15447771549224854,0.18946582078933716,0.0,0.15447771549224854,0.0001,1e-05,53.594,3.524,0.6681
5478,stage2,3,0.14223633706569672,0.19778814911842346,0.0,0.14223633706569672,0.0001,1e-05,53.598,5.2106,0.6688
5479,stage2,3,0.13427633047103882,0.1926780492067337,0.0,0.13427633047103882,0.0001,1e-05,53.594,3.3477,0.6688
5480,stage2,3,0.14749906957149506,0.20427651703357697,0.0,0.14749906957149506,0.0001,1e-05,53.604,3.7291,4.8672
5481,stage2,3,0.2100277841091156,0.17640477418899536,0.0,0.2100277841091156,0.0001,1e-05,53.609,4.6541,0.6664
5482,stage2,3,0.18285910785198212,0.1743401736021042,0.0,0.18285910785198212,0.0001,1e-05,53.609,4.758,0.666
5483,stage2,3,0.1338554173707962,0.21222101151943207,0.0,0.1338554173707962,0.0001,1e-05,53.606,3.6177,0.6672
5484,stage2,3,0.12984076142311096,0.18273937702178955,0.0,0.12984076142311096,0.0001,1e-05,53.596,4.3262,0.6669
5485,stage2,3,0.15575489401817322,0.2027159184217453,0.0,0.15575489401817322,0.0001,1e-05,53.606,4.6541,0.6676
5486,stage2,3,0.14551670849323273,0.17778730392456055,0.0,0.14551670849323273,0.0001,1e-05,53.605,3.3636,0.6681
5487,stage2,3,0.20668929815292358,0.16464242339134216,0.0,0.20668929815292358,0.0001,1e-05,53.598,3.2792,0.6683
5488,stage2,3,0.1438891440629959,0.16660673916339874,0.0,0.1438891440629959,0.0001,1e-05,53.599,3.2886,4.9503
5489,stage2,3,0.17578791081905365,0.2163928747177124,0.0,0.17578791081905365,0.0001,1e-05,53.6,4.7456,0.665
5490,stage2,3,0.1652202159166336,0.19371983408927917,0.0,0.1652202159166336,0.0001,1e-05,53.615,3.7668,0.6666
5491,stage2,3,0.1343170702457428,0.2211032509803772,0.0,0.1343170702457428,0.0001,1e-05,53.605,3.9457,0.6748
5492,stage2,3,0.17605550587177277,0.1689082384109497,0.0,0.17605550587177277,0.0001,1e-05,53.61,4.1275,0.6605
5493,stage2,3,0.1562895029783249,0.16951270401477814,0.0,0.1562895029783249,0.0001,1e-05,53.599,3.97,0.668
5494,stage2,3,0.20123133063316345,0.19703759253025055,0.0,0.20123133063316345,0.0001,1e-05,53.603,5.4411,0.6679
5495,stage2,3,0.14601163566112518,0.22272291779518127,0.0,0.14601163566112518,0.0001,1e-05,53.602,5.0762,0.6688
5496,stage2,3,0.16707128286361694,0.18569891154766083,0.0,0.16707128286361694,0.0001,1e-05,53.609,3.5201,4.9181
5497,stage2,3,0.16963472962379456,0.18922433257102966,0.0,0.16963472962379456,0.0001,1e-05,53.602,4.3718,0.6654
5498,stage2,3,0.15665578842163086,0.18982312083244324,0.0,0.15665578842163086,0.0001,1e-05,53.602,4.3861,0.6658
5499,stage2,3,0.15007317066192627,0.19335614144802094,0.0,0.15007317066192627,0.0001,1e-05,53.603,4.1799,0.6747
5500,stage2,3,0.14416009187698364,0.18676553666591644,0.0,0.14416009187698364,0.0001,1e-05,53.594,4.6259,0.6617
5501,stage2,3,0.1635005921125412,0.1816382259130478,0.0,0.1635005921125412,0.0001,1e-05,53.606,3.8538,0.6685
5502,stage2,3,0.15092118084430695,0.19086480140686035,0.0,0.15092118084430695,0.0001,1e-05,53.597,3.6213,0.6739
5503,stage2,3,0.17965912818908691,0.20134106278419495,0.0,0.17965912818908691,0.0001,1e-05,53.598,4.3925,0.6666
5504,stage2,3,0.17431522905826569,0.1814655363559723,0.0,0.17431522905826569,0.0001,1e-05,53.591,4.5242,4.9861
5505,stage2,3,0.1527211219072342,0.17620308697223663,0.0,0.1527211219072342,0.0001,1e-05,53.601,3.6345,0.666
5506,stage2,3,0.17057760059833527,0.18748682737350464,0.0,0.17057760059833527,0.0001,1e-05,53.604,3.8758,0.667
5507,stage2,3,0.12854605913162231,0.1814829707145691,0.0,0.12854605913162231,0.0001,1e-05,53.598,3.3727,0.6671
5508,stage2,3,0.11534351110458374,0.17557978630065918,0.0,0.11534351110458374,0.0001,1e-05,53.607,3.9809,0.6669
5509,stage2,3,0.14096301794052124,0.20287391543388367,0.0,0.14096301794052124,0.0001,1e-05,53.61,3.7447,0.6679
5510,stage2,3,0.17927227914333344,0.18385519087314606,0.0,0.17927227914333344,0.0001,1e-05,53.595,3.5862,0.6689
5511,stage2,3,0.15940046310424805,0.1986875683069229,0.0,0.15940046310424805,0.0001,1e-05,53.607,3.881,0.6688
5512,stage2,3,0.14720550179481506,0.19390098750591278,0.0,0.14720550179481506,0.0001,1e-05,53.607,4.0304,4.9127
5513,stage2,3,0.16044802963733673,0.1934148520231247,0.0,0.16044802963733673,0.0001,1e-05,53.596,4.1035,0.6642
5514,stage2,3,0.16318027675151825,0.18071724474430084,0.0,0.16318027675151825,0.0001,1e-05,53.607,4.4079,0.6669
5515,stage2,3,0.14547449350357056,0.1823848932981491,0.0,0.14547449350357056,0.0001,1e-05,53.604,3.5283,0.6707
5516,stage2,3,0.15380200743675232,0.1570046842098236,0.0,0.15380200743675232,0.0001,1e-05,53.61,2.9807,0.6654
5517,stage2,3,0.13351260125637054,0.20226512849330902,0.0,0.13351260125637054,0.0001,1e-05,53.597,3.4548,0.6686
5518,stage2,3,0.17745082080364227,0.1745907962322235,0.0,0.17745082080364227,0.0001,1e-05,53.601,5.9651,0.6695
5519,stage2,3,0.15296372771263123,0.18811435997486115,0.0,0.15296372771263123,0.0001,1e-05,53.592,4.3385,0.6695
5520,stage2,3,0.13910768926143646,0.18566641211509705,0.0,0.13910768926143646,0.0001,1e-05,53.595,3.2954,4.8648
5521,stage2,3,0.19494152069091797,0.196058988571167,0.0,0.19494152069091797,0.0001,1e-05,53.597,4.4867,0.6668
5522,stage2,3,0.18955804407596588,0.18670587241649628,0.0,0.18955804407596588,0.0001,1e-05,53.602,3.9967,0.6681
5523,stage2,3,0.17615899443626404,0.18123041093349457,0.0,0.17615899443626404,0.0001,1e-05,53.602,3.8021,0.6686
5524,stage2,3,0.15923485159873962,0.17547139525413513,0.0,0.15923485159873962,0.0001,1e-05,53.609,4.5599,0.668
5525,stage2,3,0.13816510140895844,0.20316453278064728,0.0,0.13816510140895844,0.0001,1e-05,53.609,3.1031,0.6684
5526,stage2,3,0.1570519059896469,0.17526397109031677,0.0,0.1570519059896469,0.0001,1e-05,53.609,3.164,0.6695
5527,stage2,3,0.15941910445690155,0.19018815457820892,0.0,0.15941910445690155,0.0001,1e-05,53.612,4.4405,0.6692
5528,stage2,3,0.165647491812706,0.1898055225610733,0.0,0.165647491812706,0.0001,1e-05,53.611,3.7349,4.9363
5529,stage2,3,0.21388736367225647,0.1679878979921341,0.0,0.21388736367225647,0.0001,1e-05,53.61,3.9668,0.6659
5530,stage2,3,0.18519127368927002,0.20374107360839844,0.0,0.18519127368927002,0.0001,1e-05,53.61,4.091,0.6686
5531,stage2,3,0.1623302400112152,0.18598152697086334,0.0,0.1623302400112152,0.0001,1e-05,53.613,3.7945,0.6708
5532,stage2,3,0.14349444210529327,0.1837984174489975,0.0,0.14349444210529327,0.0001,1e-05,53.597,4.0274,0.6647
5533,stage2,3,0.14133226871490479,0.20623937249183655,0.0,0.14133226871490479,0.0001,1e-05,53.607,3.161,0.6692
5534,stage2,3,0.1450383961200714,0.19820846617221832,0.0,0.1450383961200714,0.0001,1e-05,53.595,3.6026,0.6691
5535,stage2,3,0.16186939179897308,0.17564590275287628,0.0,0.16186939179897308,0.0001,1e-05,53.597,4.1754,0.6697
5536,stage2,3,0.14587195217609406,0.19106006622314453,0.0,0.14587195217609406,0.0001,1e-05,53.59,3.5863,5.0862
5537,stage2,3,0.14971967041492462,0.1824236363172531,0.0,0.14971967041492462,0.0001,1e-05,53.604,3.3026,0.6666
5538,stage2,3,0.16636136174201965,0.1915845274925232,0.0,0.16636136174201965,0.0001,1e-05,53.589,4.1363,0.6678
5539,stage2,3,0.12734799087047577,0.20479515194892883,0.0,0.12734799087047577,0.0001,1e-05,53.605,4.0181,0.668
5540,stage2,3,0.15300624072551727,0.17646943032741547,0.0,0.15300624072551727,0.0001,1e-05,53.611,4.0715,0.675
5541,stage2,3,0.15143458545207977,0.17789411544799805,0.0,0.15143458545207977,0.0001,1e-05,53.609,4.3171,0.6623
5542,stage2,3,0.15185271203517914,0.18356555700302124,0.0,0.15185271203517914,0.0001,1e-05,53.6,4.3426,0.6688
5543,stage2,3,0.1474725902080536,0.20370686054229736,0.0,0.1474725902080536,0.0001,1e-05,53.61,3.9525,0.6695
5544,stage2,3,0.15701740980148315,0.17834365367889404,0.0,0.15701740980148315,0.0001,1e-05,53.598,3.6339,4.9782
5545,stage2,3,0.16952793300151825,0.1727059930562973,0.0,0.16952793300151825,0.0001,1e-05,53.604,2.8163,0.6678
5546,stage2,3,0.14435851573944092,0.19769860804080963,0.0,0.14435851573944092,0.0001,1e-05,53.612,4.6762,0.6677
5547,stage2,3,0.1427423357963562,0.1996709704399109,0.0,0.1427423357963562,0.0001,1e-05,53.609,4.1162,0.6687
5548,stage2,3,0.19007375836372375,0.1782369166612625,0.0,0.19007375836372375,0.0001,1e-05,53.603,5.7584,0.6683
5549,stage2,3,0.11892326921224594,0.19873087108135223,0.0,0.11892326921224594,0.0001,1e-05,53.605,3.4287,0.6687
5550,stage2,3,0.1819991171360016,0.18955807387828827,0.0,0.1819991171360016,0.0001,1e-05,53.592,4.3846,0.6691
5551,stage2,3,0.18637613952159882,0.17166197299957275,0.0,0.18637613952159882,0.0001,1e-05,53.609,3.6723,0.6695
5552,stage2,3,0.16690516471862793,0.2044471949338913,0.0,0.16690516471862793,0.0001,1e-05,53.608,4.5797,5.0564
5553,stage2,3,0.1546715646982193,0.1949242204427719,0.0,0.1546715646982193,0.0001,1e-05,53.601,3.3006,0.6671
5554,stage2,3,0.16063590347766876,0.18239790201187134,0.0,0.16063590347766876,0.0001,1e-05,53.608,4.0868,0.6675
5555,stage2,3,0.17612682282924652,0.1802220493555069,0.0,0.17612682282924652,0.0001,1e-05,53.602,4.5991,0.6684
5556,stage2,3,0.1358967125415802,0.1986832171678543,0.0,0.1358967125415802,0.0001,1e-05,53.607,3.4272,0.6691
5557,stage2,3,0.16785770654678345,0.16977974772453308,0.0,0.16785770654678345,0.0001,1e-05,53.606,5.3053,0.6694
5558,stage2,3,0.1401824951171875,0.18775725364685059,0.0,0.1401824951171875,0.0001,1e-05,53.595,3.4017,0.6692
5559,stage2,3,0.1943851262331009,0.18482127785682678,0.0,0.1943851262331009,0.0001,1e-05,53.601,3.5441,0.8135
5560,stage2,3,0.19517259299755096,0.17963923513889313,0.0,0.19517259299755096,0.0001,1e-05,53.605,4.2759,4.7012
5561,stage2,3,0.14059513807296753,0.20707033574581146,0.0,0.14059513807296753,0.0001,1e-05,53.595,4.289,0.6671
5562,stage2,3,0.13421717286109924,0.19148582220077515,0.0,0.13421717286109924,0.0001,1e-05,53.6,4.4823,0.6723
5563,stage2,3,0.14846278727054596,0.20750018954277039,0.0,0.14846278727054596,0.0001,1e-05,53.602,4.5795,0.6688
5564,stage2,3,0.14672265946865082,0.1755327731370926,0.0,0.14672265946865082,0.0001,1e-05,53.606,3.7349,0.6688
5565,stage2,3,0.1423933058977127,0.19826936721801758,0.0,0.1423933058977127,0.0001,1e-05,53.608,6.0297,0.67
5566,stage2,3,0.15489141643047333,0.1695631891489029,0.0,0.15489141643047333,0.0001,1e-05,53.61,4.053,0.6695
5567,stage2,3,0.11806483566761017,0.20081086456775665,0.0,0.11806483566761017,0.0001,1e-05,53.615,3.6026,0.6689
5568,stage2,3,0.13555149734020233,0.18873384594917297,0.0,0.13555149734020233,0.0001,1e-05,53.603,3.9687,4.6552
5569,stage2,3,0.12542064487934113,0.24735482037067413,0.0,0.12542064487934113,0.0001,1e-05,53.607,4.593,0.6672
5570,stage2,3,0.21135404706001282,0.1641760915517807,0.0,0.21135404706001282,0.0001,1e-05,53.599,4.6683,0.6678
5571,stage2,3,0.165143221616745,0.181743323802948,0.0,0.165143221616745,0.0001,1e-05,53.603,4.1672,0.6686
5572,stage2,3,0.1486063301563263,0.18210260570049286,0.0,0.1486063301563263,0.0001,1e-05,53.605,3.8708,0.6709
5573,stage2,3,0.1328824907541275,0.2173352837562561,0.0,0.1328824907541275,0.0001,1e-05,53.599,4.0416,0.6655
5574,stage2,3,0.12161672115325928,0.17667396366596222,0.0,0.12161672115325928,0.0001,1e-05,53.595,3.0575,0.6691
5575,stage2,3,0.12952592968940735,0.21697241067886353,0.0,0.12952592968940735,0.0001,1e-05,53.594,3.7804,0.67
5576,stage2,3,0.15049661695957184,0.17545494437217712,0.0,0.15049661695957184,0.0001,1e-05,53.601,3.3163,4.9901
5577,stage2,3,0.17433585226535797,0.18032380938529968,0.0,0.17433585226535797,0.0001,1e-05,53.593,3.7165,0.6679
5578,stage2,3,0.1412469744682312,0.1900538057088852,0.0,0.1412469744682312,0.0001,1e-05,53.596,3.274,0.6676
5579,stage2,3,0.14636294543743134,0.19142508506774902,0.0,0.14636294543743134,0.0001,1e-05,53.601,4.4823,0.6691
5580,stage2,3,0.15676043927669525,0.16783547401428223,0.0,0.15676043927669525,0.0001,1e-05,53.6,4.9674,0.6682
5581,stage2,3,0.17655116319656372,0.18246613442897797,0.0,0.17655116319656372,0.0001,1e-05,53.604,3.5963,0.6693
5582,stage2,3,0.15452848374843597,0.19077470898628235,0.0,0.15452848374843597,0.0001,1e-05,53.614,4.0061,0.6699
5583,stage2,3,0.14623072743415833,0.19050520658493042,0.0,0.14623072743415833,0.0001,1e-05,53.606,4.1159,0.6695
5584,stage2,3,0.1670222282409668,0.1830630600452423,0.0,0.1670222282409668,0.0001,1e-05,53.604,5.3375,4.9007
5585,stage2,3,0.16258525848388672,0.1627935767173767,0.0,0.16258525848388672,0.0001,1e-05,53.601,4.2052,0.6678
5586,stage2,3,0.15429474413394928,0.18266496062278748,0.0,0.15429474413394928,0.0001,1e-05,53.596,3.5044,0.6672
5587,stage2,3,0.1725226640701294,0.1651868224143982,0.0,0.1725226640701294,0.0001,1e-05,53.607,3.6261,0.6685
5588,stage2,3,0.17487426102161407,0.16909940540790558,0.0,0.17487426102161407,0.0001,1e-05,53.593,3.6805,0.6727
5589,stage2,3,0.16826391220092773,0.17686355113983154,0.0,0.16826391220092773,0.0001,1e-05,53.595,4.6887,0.6693
5590,stage2,3,0.1282467246055603,0.20330359041690826,0.0,0.1282467246055603,0.0001,1e-05,53.605,3.7186,0.6734
5591,stage2,3,0.19952230155467987,0.20469488203525543,0.0,0.19952230155467987,0.0001,1e-05,53.6,3.966,0.6699
5592,stage2,3,0.14925840497016907,0.1858917474746704,0.0,0.14925840497016907,0.0001,1e-05,53.597,4.4852,5.0999
5593,stage2,3,0.1625950038433075,0.19622646272182465,0.0,0.1625950038433075,0.0001,1e-05,53.599,4.9065,0.667
5594,stage2,3,0.17407912015914917,0.18790952861309052,0.0,0.17407912015914917,0.0001,1e-05,53.603,4.4553,0.6669
5595,stage2,3,0.14629516005516052,0.18967653810977936,0.0,0.14629516005516052,0.0001,1e-05,53.595,3.8701,0.668
5596,stage2,3,0.21493487060070038,0.17573364078998566,0.0,0.21493487060070038,0.0001,1e-05,53.607,4.365,0.6686
5597,stage2,3,0.14179430902004242,0.18112488090991974,0.0,0.14179430902004242,0.0001,1e-05,53.603,5.1306,0.6691
5598,stage2,3,0.1508718580007553,0.19901716709136963,0.0,0.1508718580007553,0.0001,1e-05,53.602,4.8014,0.6692
5599,stage2,3,0.16537322103977203,0.19833144545555115,0.0,0.16537322103977203,0.0001,1e-05,53.603,5.1018,0.6693
5600,stage2,3,0.17649762332439423,0.17855700850486755,0.0,0.17649762332439423,0.0001,1e-05,53.598,3.9166,4.952
5601,stage2,3,0.1712120622396469,0.1723276823759079,0.0,0.1712120622396469,0.0001,1e-05,53.603,4.1528,0.6667
5602,stage2,3,0.15210318565368652,0.18927186727523804,0.0,0.15210318565368652,0.0001,1e-05,53.603,4.1223,0.676
5603,stage2,3,0.1476363092660904,0.20672057569026947,0.0,0.1476363092660904,0.0001,1e-05,53.609,5.2122,0.6674
5604,stage2,3,0.18661557137966156,0.181571826338768,0.0,0.18661557137966156,0.0001,1e-05,53.597,5.1327,0.6712
5605,stage2,3,0.132237508893013,0.21455824375152588,0.0,0.132237508893013,0.0001,1e-05,53.6,4.1291,0.6691
5606,stage2,3,0.1487707942724228,0.1883108913898468,0.0,0.1487707942724228,0.0001,1e-05,53.594,3.8571,0.669
5607,stage2,3,0.15185648202896118,0.1843768060207367,0.0,0.15185648202896118,0.0001,1e-05,53.601,4.0003,0.6688
5608,stage2,3,0.15311184525489807,0.1708141267299652,0.0,0.15311184525489807,0.0001,1e-05,53.601,3.6531,4.7953
5609,stage2,3,0.17978399991989136,0.2074095457792282,0.0,0.17978399991989136,0.0001,1e-05,53.601,4.0894,0.6673
5610,stage2,3,0.19533048570156097,0.2052532285451889,0.0,0.19533048570156097,0.0001,1e-05,53.59,4.7984,0.6669
5611,stage2,3,0.17609144747257233,0.17992398142814636,0.0,0.17609144747257233,0.0001,1e-05,53.597,4.3501,0.6677
5612,stage2,3,0.19217175245285034,0.19586187601089478,0.0,0.19217175245285034,0.0001,1e-05,53.602,4.4901,0.6735
5613,stage2,3,0.17982949316501617,0.1781093329191208,0.0,0.17982949316501617,0.0001,1e-05,53.598,4.4696,0.6685
5614,stage2,3,0.15299853682518005,0.18152160942554474,0.0,0.15299853682518005,0.0001,1e-05,53.594,3.5019,0.6692
5615,stage2,3,0.1637568473815918,0.2001851499080658,0.0,0.1637568473815918,0.0001,1e-05,53.598,3.5189,0.6691
5616,stage2,3,0.1674330234527588,0.17365789413452148,0.0,0.1674330234527588,0.0001,1e-05,53.602,3.5656,4.7228
5617,stage2,3,0.14515931904315948,0.17640188336372375,0.0,0.14515931904315948,0.0001,1e-05,53.6,4.1831,0.6667
5618,stage2,3,0.1493191123008728,0.22494997084140778,0.0,0.1493191123008728,0.0001,1e-05,53.614,4.1524,0.6683
5619,stage2,3,0.18038129806518555,0.18250469863414764,0.0,0.18038129806518555,0.0001,1e-05,53.609,4.0446,0.6689
5620,stage2,3,0.17498506605625153,0.18400032818317413,0.0,0.17498506605625153,0.0001,1e-05,53.606,4.1605,0.669
5621,stage2,3,0.20951910316944122,0.16523785889148712,0.0,0.20951910316944122,0.0001,1e-05,53.594,4.5181,0.6692
5622,stage2,3,0.1555749773979187,0.1979840099811554,0.0,0.1555749773979187,0.0001,1e-05,53.604,3.4969,0.6686
5623,stage2,3,0.1614149957895279,0.18515180051326752,0.0,0.1614149957895279,0.0001,1e-05,53.613,4.0148,0.6691
5624,stage2,3,0.16337725520133972,0.2059054672718048,0.0,0.16337725520133972,0.0001,1e-05,53.612,3.9207,4.7185
5625,stage2,3,0.17185096442699432,0.20180802047252655,0.0,0.17185096442699432,0.0001,1e-05,53.608,3.9837,0.6668
5626,stage2,3,0.17290928959846497,0.17612217366695404,0.0,0.17290928959846497,0.0001,1e-05,53.614,3.9077,0.6675
5627,stage2,3,0.154693603515625,0.20096437633037567,0.0,0.154693603515625,0.0001,1e-05,53.603,3.7813,0.6686
5628,stage2,3,0.1673852801322937,0.18419140577316284,0.0,0.1673852801322937,0.0001,1e-05,53.601,4.1822,0.6685
5629,stage2,3,0.1364661157131195,0.19156382977962494,0.0,0.1364661157131195,0.0001,1e-05,53.609,3.6533,0.6694
5630,stage2,3,0.16202761232852936,0.1693904846906662,0.0,0.16202761232852936,0.0001,1e-05,53.609,3.1823,0.6698
5631,stage2,3,0.17454847693443298,0.19601614773273468,0.0,0.17454847693443298,0.0001,1e-05,53.595,4.8416,0.6701
5632,stage2,3,0.16547732055187225,0.19336409866809845,0.0,0.16547732055187225,0.0001,1e-05,53.616,4.3611,4.6857
5633,stage2,3,0.1697348803281784,0.16431190073490143,0.0,0.1697348803281784,0.0001,1e-05,53.594,4.3181,0.6673
5634,stage2,3,0.13330939412117004,0.19766570627689362,0.0,0.13330939412117004,0.0001,1e-05,53.597,4.7422,0.6677
5635,stage2,3,0.13327915966510773,0.18708428740501404,0.0,0.13327915966510773,0.0001,1e-05,53.593,3.7387,0.6678
5636,stage2,3,0.13473264873027802,0.20536494255065918,0.0,0.13473264873027802,0.0001,1e-05,53.609,3.0959,0.6684
5637,stage2,3,0.14348141849040985,0.21560388803482056,0.0,0.14348141849040985,0.0001,1e-05,53.609,3.8938,0.6691
5638,stage2,3,0.1301880180835724,0.19473972916603088,0.0,0.1301880180835724,0.0001,1e-05,53.606,4.0717,0.6689
5639,stage2,3,0.19007126986980438,0.18711496889591217,0.0,0.19007126986980438,0.0001,1e-05,53.602,6.4233,0.6699
5640,stage2,3,0.15956108272075653,0.1960844248533249,0.0,0.15956108272075653,0.0001,1e-05,53.597,4.3981,4.7796
5641,stage2,3,0.18398146331310272,0.21382789313793182,0.0,0.18398146331310272,0.0001,1e-05,53.602,4.6403,0.6677
5642,stage2,3,0.1571996808052063,0.18753376603126526,0.0,0.1571996808052063,0.0001,1e-05,53.609,4.0096,0.6687
5643,stage2,3,0.15553615987300873,0.17850275337696075,0.0,0.15553615987300873,0.0001,1e-05,53.61,3.6011,0.6683
5644,stage2,3,0.13004738092422485,0.21797597408294678,0.0,0.13004738092422485,0.0001,1e-05,53.605,4.3081,0.6685
5645,stage2,3,0.15160799026489258,0.19449470937252045,0.0,0.15160799026489258,0.0001,1e-05,53.593,3.8336,0.6696
5646,stage2,3,0.1761787235736847,0.21993346512317657,0.0,0.1761787235736847,0.0001,1e-05,53.606,4.5649,0.6699
5647,stage2,3,0.11996221542358398,0.21321766078472137,0.0,0.11996221542358398,0.0001,1e-05,53.601,2.9618,0.6696
5648,stage2,3,0.1284179985523224,0.2038033902645111,0.0,0.1284179985523224,0.0001,1e-05,53.602,3.8179,4.8044
5649,stage2,3,0.14034156501293182,0.22020891308784485,0.0,0.14034156501293182,0.0001,1e-05,53.604,4.2228,0.668
5650,stage2,3,0.1692623347043991,0.19616574048995972,0.0,0.1692623347043991,0.0001,1e-05,53.594,3.7723,0.668
5651,stage2,3,0.138351708650589,0.19420050084590912,0.0,0.138351708650589,0.0001,1e-05,53.609,3.218,0.6685
5652,stage2,3,0.142044335603714,0.1991981416940689,0.0,0.142044335603714,0.0001,1e-05,53.615,3.6892,0.6687
5653,stage2,3,0.1616700291633606,0.1915540248155594,0.0,0.1616700291633606,0.0001,1e-05,53.602,3.8562,0.6696
5654,stage2,3,0.14944088459014893,0.1760471761226654,0.0,0.14944088459014893,0.0001,1e-05,53.613,4.1355,0.67
5655,stage2,3,0.1184462159872055,0.19105395674705505,0.0,0.1184462159872055,0.0001,1e-05,53.603,2.8194,0.6741
5656,stage2,3,0.14385199546813965,0.20964160561561584,0.0,0.14385199546813965,0.0001,1e-05,53.597,3.8816,4.9822
5657,stage2,3,0.14138290286064148,0.19827021658420563,0.0,0.14138290286064148,0.0001,1e-05,53.61,3.5193,0.6674
5658,stage2,3,0.16993747651576996,0.1789666712284088,0.0,0.16993747651576996,0.0001,1e-05,53.612,3.8339,0.6682
5659,stage2,3,0.17625729739665985,0.17083358764648438,0.0,0.17625729739665985,0.0001,1e-05,53.607,4.1836,0.6689
5660,stage2,3,0.1428031325340271,0.19010378420352936,0.0,0.1428031325340271,0.0001,1e-05,53.617,3.7159,0.667
5661,stage2,3,0.1723053902387619,0.20572811365127563,0.0,0.1723053902387619,0.0001,1e-05,53.621,3.8509,0.6686
5662,stage2,3,0.11145429313182831,0.2091895192861557,0.0,0.11145429313182831,0.0001,1e-05,53.619,3.0191,0.6693
5663,stage2,3,0.1706017404794693,0.22768734395503998,0.0,0.1706017404794693,0.0001,1e-05,53.624,3.7261,0.6701
5664,stage2,3,0.161781445145607,0.17092402279376984,0.0,0.161781445145607,0.0001,1e-05,53.609,3.3243,5.1201
5665,stage2,3,0.1471499502658844,0.19896794855594635,0.0,0.1471499502658844,0.0001,1e-05,53.609,3.2988,0.6674
5666,stage2,3,0.16422751545906067,0.18859636783599854,0.0,0.16422751545906067,0.0001,1e-05,53.619,3.7525,0.6673
5667,stage2,3,0.1632256656885147,0.18426397442817688,0.0,0.1632256656885147,0.0001,1e-05,53.603,4.1238,0.6689
5668,stage2,3,0.12862609326839447,0.20609165728092194,0.0,0.12862609326839447,0.0001,1e-05,53.591,3.6066,0.6683
5669,stage2,3,0.15696950256824493,0.18031197786331177,0.0,0.15696950256824493,0.0001,1e-05,53.601,3.1122,0.6695
5670,stage2,3,0.14994001388549805,0.2095143347978592,0.0,0.14994001388549805,0.0001,1e-05,53.603,4.1381,0.6698
5671,stage2,3,0.15864403545856476,0.21377024054527283,0.0,0.15864403545856476,0.0001,1e-05,53.602,4.2378,0.6699
5672,stage2,3,0.153533473610878,0.18120203912258148,0.0,0.153533473610878,0.0001,1e-05,53.614,3.6671,4.9011
5673,stage2,3,0.15445232391357422,0.17893178761005402,0.0,0.15445232391357422,0.0001,1e-05,53.613,3.6677,0.6673
5674,stage2,3,0.1393606811761856,0.17430809140205383,0.0,0.1393606811761856,0.0001,1e-05,53.604,3.3839,0.6678
5675,stage2,3,0.15270479023456573,0.20985879004001617,0.0,0.15270479023456573,0.0001,1e-05,53.599,4.3424,0.6687
5676,stage2,3,0.1763015240430832,0.15758000314235687,0.0,0.1763015240430832,0.0001,1e-05,53.597,4.5858,0.6748
5677,stage2,3,0.16267621517181396,0.20492838323116302,0.0,0.16267621517181396,0.0001,1e-05,53.603,3.8333,0.6681
5678,stage2,3,0.15104639530181885,0.1955546736717224,0.0,0.15104639530181885,0.0001,1e-05,53.602,3.8825,0.6702
5679,stage2,3,0.18701177835464478,0.17516472935676575,0.0,0.18701177835464478,0.0001,1e-05,53.603,4.2188,0.67
5680,stage2,3,0.16350887715816498,0.1700548529624939,0.0,0.16350887715816498,0.0001,1e-05,53.603,3.8085,4.8428
5681,stage2,3,0.1605285108089447,0.1856638342142105,0.0,0.1605285108089447,0.0001,1e-05,53.607,3.6301,0.6684
5682,stage2,3,0.20005853474140167,0.1890849620103836,0.0,0.20005853474140167,0.0001,1e-05,53.609,3.8411,0.6683
5683,stage2,3,0.1467730849981308,0.20344063639640808,0.0,0.1467730849981308,0.0001,1e-05,53.6,4.8599,0.6693
5684,stage2,3,0.18151091039180756,0.2001369744539261,0.0,0.18151091039180756,0.0001,1e-05,53.593,4.4721,0.6686
5685,stage2,3,0.17690832912921906,0.18350042402744293,0.0,0.17690832912921906,0.0001,1e-05,53.606,3.8741,0.6689
5686,stage2,3,0.16282664239406586,0.16538438200950623,0.0,0.16282664239406586,0.0001,1e-05,53.601,4.0793,0.6697
5687,stage2,3,0.1492314487695694,0.18305297195911407,0.0,0.1492314487695694,0.0001,1e-05,53.6,3.2952,0.6697
5688,stage2,3,0.13457095623016357,0.20249275863170624,0.0,0.13457095623016357,0.0001,1e-05,53.613,3.9652,4.9212
5689,stage2,3,0.13960875570774078,0.18892572820186615,0.0,0.13960875570774078,0.0001,1e-05,53.614,3.1961,0.6672
5690,stage2,3,0.12315092235803604,0.18051458895206451,0.0,0.12315092235803604,0.0001,1e-05,53.619,3.4848,0.6677
5691,stage2,3,0.18584799766540527,0.19660013914108276,0.0,0.18584799766540527,0.0001,1e-05,53.609,4.1848,0.6683
5692,stage2,3,0.1635240912437439,0.17613351345062256,0.0,0.1635240912437439,0.0001,1e-05,53.606,3.4909,0.6688
5693,stage2,3,0.14494606852531433,0.18033452332019806,0.0,0.14494606852531433,0.0001,1e-05,53.61,4.313,0.669
5694,stage2,3,0.16394540667533875,0.17798815667629242,0.0,0.16394540667533875,0.0001,1e-05,53.612,3.4437,0.6732
5695,stage2,3,0.12317235767841339,0.20991633832454681,0.0,0.12317235767841339,0.0001,1e-05,53.597,3.4328,0.67
5696,stage2,3,0.13955171406269073,0.18882431089878082,0.0,0.13955171406269073,0.0001,1e-05,53.591,3.7229,4.9731
5697,stage2,3,0.22041118144989014,0.2012958526611328,0.0,0.22041118144989014,0.0001,1e-05,53.595,3.9094,0.6663
5698,stage2,3,0.1661347895860672,0.20497186481952667,0.0,0.1661347895860672,0.0001,1e-05,53.589,4.1055,0.668
5699,stage2,3,0.1527979075908661,0.1728779673576355,0.0,0.1527979075908661,0.0001,1e-05,53.606,3.4125,0.6673
5700,stage2,3,0.15273307263851166,0.18879388272762299,0.0,0.15273307263851166,0.0001,1e-05,53.606,3.9122,0.668
5701,stage2,3,0.1744554191827774,0.17826798558235168,0.0,0.1744554191827774,0.0001,1e-05,53.61,4.3983,0.6692
5702,stage2,3,0.1630062460899353,0.2053913027048111,0.0,0.1630062460899353,0.0001,1e-05,53.6,3.9659,0.6686
5703,stage2,3,0.11709434539079666,0.21664701402187347,0.0,0.11709434539079666,0.0001,1e-05,53.604,3.4114,0.6694
5704,stage2,3,0.17035964131355286,0.18362528085708618,0.0,0.17035964131355286,0.0001,1e-05,53.606,5.7676,4.9359
5705,stage2,3,0.15161845088005066,0.1797766238451004,0.0,0.15161845088005066,0.0001,1e-05,53.603,3.9725,0.6673
5706,stage2,3,0.17183491587638855,0.18462355434894562,0.0,0.17183491587638855,0.0001,1e-05,53.603,3.4884,0.6683
5707,stage2,3,0.15308409929275513,0.18133144080638885,0.0,0.15308409929275513,0.0001,1e-05,53.603,3.8133,0.6682
5708,stage2,3,0.1634337157011032,0.19412818551063538,0.0,0.1634337157011032,0.0001,1e-05,53.599,4.8349,0.6689
5709,stage2,3,0.18037201464176178,0.18721014261245728,0.0,0.18037201464176178,0.0001,1e-05,53.605,5.0234,0.6691
5710,stage2,3,0.12460286170244217,0.19485723972320557,0.0,0.12460286170244217,0.0001,1e-05,53.593,3.2831,0.6698
5711,stage2,3,0.11679944396018982,0.19028759002685547,0.0,0.11679944396018982,0.0001,1e-05,53.602,3.4588,0.6695
5712,stage2,3,0.1727854162454605,0.1746564507484436,0.0,0.1727854162454605,0.0001,1e-05,53.602,4.2256,4.8921
5713,stage2,3,0.15339453518390656,0.17209583520889282,0.0,0.15339453518390656,0.0001,1e-05,53.611,3.8241,0.6675
5714,stage2,3,0.16874369978904724,0.18628478050231934,0.0,0.16874369978904724,0.0001,1e-05,53.609,4.2292,0.6682
5715,stage2,3,0.16704386472702026,0.19266952574253082,0.0,0.16704386472702026,0.0001,1e-05,53.602,3.2182,0.6684
5716,stage2,3,0.15692952275276184,0.18060532212257385,0.0,0.15692952275276184,0.0001,1e-05,53.6,3.5436,0.6684
5717,stage2,3,0.13194996118545532,0.1714276671409607,0.0,0.13194996118545532,0.0001,1e-05,53.602,3.4691,0.6689
5718,stage2,3,0.1719207912683487,0.1648854911327362,0.0,0.1719207912683487,0.0001,1e-05,53.599,3.9289,0.6695
5719,stage2,3,0.1515815109014511,0.1940968781709671,0.0,0.1515815109014511,0.0001,1e-05,53.59,3.5796,0.6707
5720,stage2,3,0.18347914516925812,0.19084636867046356,0.0,0.18347914516925812,0.0001,1e-05,53.603,4.3747,4.9837
5721,stage2,3,0.15040583908557892,0.19476598501205444,0.0,0.15040583908557892,0.0001,1e-05,53.603,4.4313,0.667
5722,stage2,3,0.15073907375335693,0.18840953707695007,0.0,0.15073907375335693,0.0001,1e-05,53.609,3.4853,0.6693
5723,stage2,3,0.13733600080013275,0.1900695562362671,0.0,0.13733600080013275,0.0001,1e-05,53.597,3.6075,0.6672
5724,stage2,3,0.1562965363264084,0.18732626736164093,0.0,0.1562965363264084,0.0001,1e-05,53.599,3.8169,0.6694
5725,stage2,3,0.13170993328094482,0.16990388929843903,0.0,0.13170993328094482,0.0001,1e-05,53.598,4.7645,0.6695
5726,stage2,3,0.16947656869888306,0.18966317176818848,0.0,0.16947656869888306,0.0001,1e-05,53.596,3.8617,0.6688
5727,stage2,3,0.13701921701431274,0.19458498060703278,0.0,0.13701921701431274,0.0001,1e-05,53.612,3.023,0.6703
5728,stage2,3,0.14539757370948792,0.21540266275405884,0.0,0.14539757370948792,0.0001,1e-05,53.599,4.3433,4.9999
5729,stage2,3,0.1559411883354187,0.1965964436531067,0.0,0.1559411883354187,0.0001,1e-05,53.596,5.1364,0.6664
5730,stage2,3,0.18428003787994385,0.19203157722949982,0.0,0.18428003787994385,0.0001,1e-05,53.616,5.1846,0.6671
5731,stage2,3,0.14829133450984955,0.18291550874710083,0.0,0.14829133450984955,0.0001,1e-05,53.601,4.0933,0.6687
5732,stage2,3,0.17287126183509827,0.18652844429016113,0.0,0.17287126183509827,0.0001,1e-05,53.602,3.8382,0.6684
5733,stage2,3,0.21854475140571594,0.18838225305080414,0.0,0.21854475140571594,0.0001,1e-05,53.598,6.2751,0.6692
5734,stage2,3,0.15700721740722656,0.19552597403526306,0.0,0.15700721740722656,0.0001,1e-05,53.595,5.2799,0.6691
5735,stage2,3,0.19596701860427856,0.1894640475511551,0.0,0.19596701860427856,0.0001,1e-05,53.613,4.1191,0.6698
5736,stage2,3,0.17308056354522705,0.19088226556777954,0.0,0.17308056354522705,0.0001,1e-05,53.603,4.2373,4.7378
5737,stage2,3,0.19635750353336334,0.17873439192771912,0.0,0.19635750353336334,0.0001,1e-05,53.589,3.8074,0.6673
5738,stage2,3,0.15037325024604797,0.18223153054714203,0.0,0.15037325024604797,0.0001,1e-05,53.601,3.8997,0.6686
5739,stage2,3,0.13977943360805511,0.19454774260520935,0.0,0.13977943360805511,0.0001,1e-05,53.6,4.114,0.6681
5740,stage2,3,0.15464796125888824,0.17415288090705872,0.0,0.15464796125888824,0.0001,1e-05,53.611,4.4783,0.6686
5741,stage2,3,0.144632488489151,0.20062080025672913,0.0,0.144632488489151,0.0001,1e-05,53.608,3.8463,0.6692
5742,stage2,3,0.13074041903018951,0.20242075622081757,0.0,0.13074041903018951,0.0001,1e-05,53.609,4.3106,0.669
5743,stage2,3,0.15557247400283813,0.18606317043304443,0.0,0.15557247400283813,0.0001,1e-05,53.608,3.3499,0.6712
5744,stage2,3,0.16111506521701813,0.1706865280866623,0.0,0.16111506521701813,0.0001,1e-05,53.608,4.0479,4.7938
5745,stage2,3,0.19958199560642242,0.1914416253566742,0.0,0.19958199560642242,0.0001,1e-05,53.588,5.284,0.6681
5746,stage2,3,0.19262191653251648,0.1758832335472107,0.0,0.19262191653251648,0.0001,1e-05,53.599,3.4046,0.6743
5747,stage2,3,0.15651637315750122,0.18947432935237885,0.0,0.15651637315750122,0.0001,1e-05,53.599,3.5534,0.6681
5748,stage2,3,0.15176813304424286,0.18793228268623352,0.0,0.15176813304424286,0.0001,1e-05,53.609,3.5331,0.669
5749,stage2,3,0.17021653056144714,0.1839984953403473,0.0,0.17021653056144714,0.0001,1e-05,53.604,5.0802,0.6699
5750,stage2,3,0.18975722789764404,0.1806642860174179,0.0,0.18975722789764404,0.0001,1e-05,53.607,3.9227,0.6699
5751,stage2,3,0.16010741889476776,0.16748683154582977,0.0,0.16010741889476776,0.0001,1e-05,53.607,3.2205,0.6696
5752,stage2,3,0.14214587211608887,0.16234488785266876,0.0,0.14214587211608887,0.0001,1e-05,53.604,3.2623,4.8565
5753,stage2,3,0.1669977307319641,0.18538349866867065,0.0,0.1669977307319641,0.0001,1e-05,53.601,4.199,0.6679
5754,stage2,3,0.16285784542560577,0.17335937917232513,0.0,0.16285784542560577,0.0001,1e-05,53.602,3.6526,0.669
5755,stage2,3,0.18288582563400269,0.1904195100069046,0.0,0.18288582563400269,0.0001,1e-05,53.61,5.2094,0.6691
5756,stage2,3,0.16325123608112335,0.19284532964229584,0.0,0.16325123608112335,0.0001,1e-05,53.598,4.5908,0.6696
5757,stage2,3,0.15651431679725647,0.22055505216121674,0.0,0.15651431679725647,0.0001,1e-05,53.601,3.5635,0.6699
5758,stage2,3,0.15066854655742645,0.18950608372688293,0.0,0.15066854655742645,0.0001,1e-05,53.605,4.2221,0.6703
5759,stage2,3,0.14096203446388245,0.19928227365016937,0.0,0.14096203446388245,0.0001,1e-05,53.598,3.3083,0.6705
5760,stage2,3,0.15797007083892822,0.1678108423948288,0.0,0.15797007083892822,0.0001,1e-05,53.595,4.0081,4.7203
5761,stage2,3,0.14173375070095062,0.1701248288154602,0.0,0.14173375070095062,0.0001,1e-05,53.598,3.8797,0.668
5762,stage2,3,0.14858999848365784,0.2031918615102768,0.0,0.14858999848365784,0.0001,1e-05,53.598,4.3252,0.6692
5763,stage2,3,0.14412572979927063,0.18019676208496094,0.0,0.14412572979927063,0.0001,1e-05,53.602,3.7762,0.6691
5764,stage2,3,0.14848016202449799,0.20196855068206787,0.0,0.14848016202449799,0.0001,1e-05,53.608,3.7117,0.6702
5765,stage2,3,0.19162946939468384,0.186380997300148,0.0,0.19162946939468384,0.0001,1e-05,53.606,4.1604,0.6743
5766,stage2,3,0.14317813515663147,0.2147746980190277,0.0,0.14317813515663147,0.0001,1e-05,53.6,4.4049,0.6704
5767,stage2,3,0.172947496175766,0.1986328661441803,0.0,0.172947496175766,0.0001,1e-05,53.598,4.5917,0.6704
5768,stage2,3,0.1427147388458252,0.1815771758556366,0.0,0.1427147388458252,0.0001,1e-05,53.6,3.9495,4.9874
5769,stage2,3,0.18845617771148682,0.1956157386302948,0.0,0.18845617771148682,0.0001,1e-05,53.597,5.0644,0.6683
5770,stage2,3,0.16424505412578583,0.18088656663894653,0.0,0.16424505412578583,0.0001,1e-05,53.601,4.0154,0.6689
5771,stage2,3,0.1687970906496048,0.17981378734111786,0.0,0.1687970906496048,0.0001,1e-05,53.592,3.5681,0.6693
5772,stage2,3,0.1709282547235489,0.18614013493061066,0.0,0.1709282547235489,0.0001,1e-05,53.603,3.7278,1.3743
5773,stage2,3,0.17429307103157043,0.17448166012763977,0.0,0.17429307103157043,0.0001,1e-05,53.602,4.4174,0.6698
5774,stage2,3,0.1763724386692047,0.17729492485523224,0.0,0.1763724386692047,0.0001,1e-05,53.607,3.5635,0.6702
5775,stage2,3,0.1511077880859375,0.19390445947647095,0.0,0.1511077880859375,0.0001,1e-05,53.613,4.2123,0.6701
5776,stage2,3,0.18220752477645874,0.1829756647348404,0.0,0.18220752477645874,0.0001,1e-05,53.6,4.8496,4.2384
5777,stage2,3,0.15434788167476654,0.17332914471626282,0.0,0.15434788167476654,0.0001,1e-05,53.597,3.8249,0.6677
5778,stage2,3,0.18558666110038757,0.17511066794395447,0.0,0.18558666110038757,0.0001,1e-05,53.595,4.5294,0.6692
5779,stage2,3,0.1420072615146637,0.18947111070156097,0.0,0.1420072615146637,0.0001,1e-05,53.612,4.3647,0.6689
5780,stage2,3,0.15436816215515137,0.18200555443763733,0.0,0.15436816215515137,0.0001,1e-05,53.599,4.2551,1.3016
5781,stage2,3,0.14240634441375732,0.1658041924238205,0.0,0.14240634441375732,0.0001,1e-05,53.608,3.9107,0.6696
5782,stage2,3,0.14705844223499298,0.17933829128742218,0.0,0.14705844223499298,0.0001,1e-05,53.6,3.3947,0.6704
5783,stage2,3,0.1306331753730774,0.17030444741249084,0.0,0.1306331753730774,0.0001,1e-05,53.603,2.9846,0.6722
5784,stage2,3,0.13821841776371002,0.17406713962554932,0.0,0.13821841776371002,0.0001,1e-05,53.597,3.6006,4.2009
5785,stage2,3,0.17555996775627136,0.1643965244293213,0.0,0.17555996775627136,0.0001,1e-05,53.601,3.1879,0.6681
5786,stage2,3,0.15624471008777618,0.16037295758724213,0.0,0.15624471008777618,0.0001,1e-05,53.606,3.2829,0.6684
5787,stage2,3,0.18148958683013916,0.20655831694602966,0.0,0.18148958683013916,0.0001,1e-05,53.6,4.2012,0.6704
5788,stage2,3,0.14079074561595917,0.19244439899921417,0.0,0.14079074561595917,0.0001,1e-05,53.601,4.1668,1.7016
5789,stage2,3,0.1562950164079666,0.17341868579387665,0.0,0.1562950164079666,0.0001,1e-05,53.607,3.3363,0.669
5790,stage2,3,0.14952921867370605,0.19196073710918427,0.0,0.14952921867370605,0.0001,1e-05,53.601,3.1933,0.6703
5791,stage2,3,0.17255063354969025,0.17768682539463043,0.0,0.17255063354969025,0.0001,1e-05,53.602,3.8167,0.6706
5792,stage2,3,0.15509440004825592,0.17283578217029572,0.0,0.15509440004825592,0.0001,1e-05,53.601,4.036,3.8168
5793,stage2,3,0.11561243236064911,0.19362957775592804,0.0,0.11561243236064911,0.0001,1e-05,53.61,3.485,0.6682
5794,stage2,3,0.13257615268230438,0.18357551097869873,0.0,0.13257615268230438,0.0001,1e-05,53.596,3.9898,0.6677
5795,stage2,3,0.11140738427639008,0.19470573961734772,0.0,0.11140738427639008,0.0001,1e-05,53.603,4.2044,0.6699
5796,stage2,3,0.16302481293678284,0.1721613109111786,0.0,0.16302481293678284,0.0001,1e-05,53.596,3.1531,1.8515
5797,stage2,3,0.19177325069904327,0.17645615339279175,0.0,0.19177325069904327,0.0001,1e-05,53.6,3.6134,0.6703
5798,stage2,3,0.19442583620548248,0.18113921582698822,0.0,0.19442583620548248,0.0001,1e-05,53.595,4.6381,0.6701
5799,stage2,3,0.16271202266216278,0.19332478940486908,0.0,0.16271202266216278,0.0001,1e-05,53.598,4.5683,0.6701
5800,stage2,3,0.12454318255186081,0.1877298355102539,0.0,0.12454318255186081,0.0001,1e-05,53.599,3.3375,3.5939
5801,stage2,3,0.16702735424041748,0.18269681930541992,0.0,0.16702735424041748,0.0001,1e-05,53.587,3.3511,0.6684
5802,stage2,3,0.12876130640506744,0.15499098598957062,0.0,0.12876130640506744,0.0001,1e-05,53.601,3.1128,0.6695
5803,stage2,3,0.16042770445346832,0.17214404046535492,0.0,0.16042770445346832,0.0001,1e-05,53.598,3.3342,0.6695
5804,stage2,3,0.15170660614967346,0.1996920108795166,0.0,0.15170660614967346,0.0001,1e-05,53.6,4.041,1.9268
5805,stage2,3,0.14931638538837433,0.1879808008670807,0.0,0.14931638538837433,0.0001,1e-05,53.608,3.9641,0.6706
5806,stage2,3,0.162240132689476,0.17601032555103302,0.0,0.162240132689476,0.0001,1e-05,53.611,4.4021,0.6695
5807,stage2,3,0.17085368931293488,0.18457603454589844,0.0,0.17085368931293488,0.0001,1e-05,53.592,4.6325,0.6705
5808,stage2,3,0.13564962148666382,0.19190862774848938,0.0,0.13564962148666382,0.0001,1e-05,53.591,3.7784,3.4733
5809,stage2,3,0.1508336216211319,0.18860208988189697,0.0,0.1508336216211319,0.0001,1e-05,53.605,3.1966,0.6694
5810,stage2,3,0.1438256800174713,0.18646185100078583,0.0,0.1438256800174713,0.0001,1e-05,53.61,4.0146,0.6718
5811,stage2,3,0.1636456847190857,0.1750182807445526,0.0,0.1636456847190857,0.0001,1e-05,53.619,3.9771,0.6696
5812,stage2,3,0.17823682725429535,0.17120032012462616,0.0,0.17823682725429535,0.0001,1e-05,53.597,4.8511,1.9062
5813,stage2,3,0.1753980666399002,0.18842025101184845,0.0,0.1753980666399002,0.0001,1e-05,53.592,3.8846,0.6691
5814,stage2,3,0.15310244262218475,0.20478186011314392,0.0,0.15310244262218475,0.0001,1e-05,53.59,4.4358,0.6721
5815,stage2,3,0.153993621468544,0.1813332438468933,0.0,0.153993621468544,0.0001,1e-05,53.594,4.3584,0.6698
5816,stage2,3,0.13201864063739777,0.1902811974287033,0.0,0.13201864063739777,0.0001,1e-05,53.609,4.9632,3.5349
5817,stage2,3,0.15690924227237701,0.17971903085708618,0.0,0.15690924227237701,0.0001,1e-05,53.607,3.5956,0.6677
5818,stage2,3,0.13774040341377258,0.20193666219711304,0.0,0.13774040341377258,0.0001,1e-05,53.599,3.8994,0.6685
5819,stage2,3,0.17753270268440247,0.19205738604068756,0.0,0.17753270268440247,0.0001,1e-05,53.602,3.9211,0.6701
5820,stage2,3,0.1450669914484024,0.18968148529529572,0.0,0.1450669914484024,0.0001,1e-05,53.606,3.5234,1.8032
5821,stage2,3,0.1486547440290451,0.19887177646160126,0.0,0.1486547440290451,0.0001,1e-05,53.61,3.0566,0.6713
5822,stage2,3,0.15831179916858673,0.2114778310060501,0.0,0.15831179916858673,0.0001,1e-05,53.605,5.1712,0.6707
5823,stage2,3,0.15752139687538147,0.17966261506080627,0.0,0.15752139687538147,0.0001,1e-05,53.611,3.7228,0.6704
5824,stage2,3,0.16076315939426422,0.1595253348350525,0.0,0.16076315939426422,0.0001,1e-05,53.602,3.0878,3.8522
5825,stage2,3,0.21702268719673157,0.1736939549446106,0.0,0.21702268719673157,0.0001,1e-05,53.603,4.1735,0.6689
5826,stage2,3,0.1577235907316208,0.20117776095867157,0.0,0.1577235907316208,0.0001,1e-05,53.613,4.7436,0.6705
5827,stage2,3,0.19215963780879974,0.17031237483024597,0.0,0.19215963780879974,0.0001,1e-05,53.606,4.1996,0.6748
5828,stage2,3,0.17103369534015656,0.18718497455120087,0.0,0.17103369534015656,0.0001,1e-05,53.606,5.535,1.3573
5829,stage2,3,0.14353135228157043,0.1992240995168686,0.0,0.14353135228157043,0.0001,1e-05,53.607,4.6075,0.6691
5830,stage2,3,0.19661995768547058,0.18445023894309998,0.0,0.19661995768547058,0.0001,1e-05,53.603,3.8867,0.6699
5831,stage2,3,0.15364347398281097,0.18859121203422546,0.0,0.15364347398281097,0.0001,1e-05,53.614,3.6155,0.6706
5832,stage2,3,0.17708249390125275,0.1736074835062027,0.0,0.17708249390125275,0.0001,1e-05,53.608,4.7501,4.1414
5833,stage2,3,0.1571466326713562,0.17694683372974396,0.0,0.1571466326713562,0.0001,1e-05,53.596,3.3694,0.668
5834,stage2,3,0.14531780779361725,0.1713072806596756,0.0,0.14531780779361725,0.0001,1e-05,53.6,4.3159,0.6745
5835,stage2,3,0.15477187931537628,0.19369874894618988,0.0,0.15477187931537628,0.0001,1e-05,53.604,3.6717,0.6697
5836,stage2,3,0.11558184027671814,0.19532804191112518,0.0,0.11558184027671814,0.0001,1e-05,53.604,3.4779,1.3318
5837,stage2,3,0.21828487515449524,0.187315434217453,0.0,0.21828487515449524,0.0001,1e-05,53.61,5.5838,0.6696
5838,stage2,3,0.15299741923809052,0.2042275220155716,0.0,0.15299741923809052,0.0001,1e-05,53.61,3.8528,0.6711
5839,stage2,3,0.16563822329044342,0.1907188445329666,0.0,0.16563822329044342,0.0001,1e-05,53.595,4.1102,0.6706
5840,stage2,3,0.15187464654445648,0.1986510455608368,0.0,0.15187464654445648,0.0001,1e-05,53.605,4.0671,4.1543
5841,stage2,3,0.19801856577396393,0.14426009356975555,0.0,0.19801856577396393,0.0001,1e-05,53.596,3.453,0.7201
5842,stage2,3,0.14638958871364594,0.21607139706611633,0.0,0.14638958871364594,0.0001,1e-05,53.599,5.6694,0.6689
5843,stage2,3,0.18338218331336975,0.16970260441303253,0.0,0.18338218331336975,0.0001,1e-05,53.599,4.3317,0.6703
5844,stage2,3,0.17731954157352448,0.18020500242710114,0.0,0.17731954157352448,0.0001,1e-05,53.604,4.1698,2.1188
5845,stage2,3,0.16659674048423767,0.17933104932308197,0.0,0.16659674048423767,0.0001,1e-05,53.608,4.219,0.6683
5846,stage2,3,0.15356817841529846,0.1967000514268875,0.0,0.15356817841529846,0.0001,1e-05,53.612,4.0289,0.6701
5847,stage2,3,0.13835649192333221,0.19162411987781525,0.0,0.13835649192333221,0.0001,1e-05,53.602,4.1919,0.67
5848,stage2,3,0.1686474084854126,0.20580555498600006,0.0,0.1686474084854126,0.0001,1e-05,53.606,4.1141,3.4416
5849,stage2,3,0.13675227761268616,0.17470355331897736,0.0,0.13675227761268616,0.0001,1e-05,53.608,3.6709,0.7605
5850,stage2,3,0.16797128319740295,0.19451893866062164,0.0,0.16797128319740295,0.0001,1e-05,53.602,4.1291,0.6717
5851,stage2,3,0.1563834249973297,0.19384950399398804,0.0,0.1563834249973297,0.0001,1e-05,53.608,4.0646,0.6695
5852,stage2,3,0.18674612045288086,0.16363650560379028,0.0,0.18674612045288086,0.0001,1e-05,53.615,4.625,2.4628
5853,stage2,3,0.16280785202980042,0.1767239272594452,0.0,0.16280785202980042,0.0001,1e-05,53.611,3.9638,0.6745
5854,stage2,3,0.15188248455524445,0.1907588690519333,0.0,0.15188248455524445,0.0001,1e-05,53.605,4.682,0.6693
5855,stage2,3,0.1459418535232544,0.18282809853553772,0.0,0.1459418535232544,0.0001,1e-05,53.599,3.5521,0.6707
5856,stage2,3,0.15204013884067535,0.17400966584682465,0.0,0.15204013884067535,0.0001,1e-05,53.6,3.0426,2.9599
5857,stage2,3,0.19328367710113525,0.18773281574249268,0.0,0.19328367710113525,0.0001,1e-05,53.602,3.7183,0.9913
5858,stage2,3,0.14699788391590118,0.16998863220214844,0.0,0.14699788391590118,0.0001,1e-05,53.603,4.9456,0.6697
5859,stage2,3,0.13832807540893555,0.1962784230709076,0.0,0.13832807540893555,0.0001,1e-05,53.605,4.4619,0.6692
5860,stage2,3,0.1745692938566208,0.17360499501228333,0.0,0.1745692938566208,0.0001,1e-05,53.6,3.6728,2.2448
5861,stage2,3,0.13524141907691956,0.20112444460391998,0.0,0.13524141907691956,0.0001,1e-05,53.595,4.4749,0.6688
5862,stage2,3,0.15090128779411316,0.16708752512931824,0.0,0.15090128779411316,0.0001,1e-05,53.609,4.4517,0.6696
5863,stage2,3,0.16917279362678528,0.18760599195957184,0.0,0.16917279362678528,0.0001,1e-05,53.605,3.6687,0.6697
5864,stage2,3,0.16234339773654938,0.16756480932235718,0.0,0.16234339773654938,0.0001,1e-05,53.603,3.3038,3.0738
5865,stage2,3,0.1312595009803772,0.19236087799072266,0.0,0.1312595009803772,0.0001,1e-05,53.595,3.598,0.9141
5866,stage2,3,0.1595047414302826,0.17729471623897552,0.0,0.1595047414302826,0.0001,1e-05,53.598,3.9134,0.6691
5867,stage2,3,0.1687629073858261,0.16904564201831818,0.0,0.1687629073858261,0.0001,1e-05,53.608,4.2153,0.6695
5868,stage2,3,0.13957948982715607,0.20323173701763153,0.0,0.13957948982715607,0.0001,1e-05,53.607,4.4139,2.1518
5869,stage2,3,0.1340571492910385,0.19287535548210144,0.0,0.1340571492910385,0.0001,1e-05,53.606,3.7697,0.669
5870,stage2,3,0.1775263249874115,0.1903090626001358,0.0,0.1775263249874115,0.0001,1e-05,53.605,3.6841,0.6706
5871,stage2,3,0.13492314517498016,0.19411422312259674,0.0,0.13492314517498016,0.0001,1e-05,53.6,3.5562,0.6693
5872,stage2,3,0.15143252909183502,0.1773739606142044,0.0,0.15143252909183502,0.0001,1e-05,53.591,3.4766,3.1586
5873,stage2,3,0.17883765697479248,0.1747853010892868,0.0,0.17883765697479248,0.0001,1e-05,53.609,3.5564,1.0566
5874,stage2,3,0.1666564792394638,0.1753111183643341,0.0,0.1666564792394638,0.0001,1e-05,53.601,3.7883,0.6688
5875,stage2,3,0.1307687759399414,0.19288155436515808,0.0,0.1307687759399414,0.0001,1e-05,53.605,3.5085,0.669
5876,stage2,3,0.19244883954524994,0.17089244723320007,0.0,0.19244883954524994,0.0001,1e-05,53.601,3.4375,1.9109
5877,stage2,3,0.1805512011051178,0.16129907965660095,0.0,0.1805512011051178,0.0001,1e-05,53.603,3.385,0.6692
5878,stage2,3,0.14454834163188934,0.17677368223667145,0.0,0.14454834163188934,0.0001,1e-05,53.609,3.3537,0.6696
5879,stage2,3,0.15182791650295258,0.1885446012020111,0.0,0.15182791650295258,0.0001,1e-05,53.6,2.9622,0.6701
5880,stage2,3,0.13476519286632538,0.15504808723926544,0.0,0.13476519286632538,0.0001,1e-05,53.601,3.1392,3.5216
5881,stage2,3,0.17585943639278412,0.17695559561252594,0.0,0.17585943639278412,0.0001,1e-05,53.604,4.712,0.8335
5882,stage2,3,0.15963491797447205,0.17261378467082977,0.0,0.15963491797447205,0.0001,1e-05,53.6,3.4326,0.6735
5883,stage2,3,0.15402953326702118,0.1630917489528656,0.0,0.15402953326702118,0.0001,1e-05,53.601,4.2307,0.6689
5884,stage2,3,0.13561974465847015,0.20832493901252747,0.0,0.13561974465847015,0.0001,1e-05,53.61,4.0814,1.751
5885,stage2,3,0.12530991435050964,0.16204336285591125,0.0,0.12530991435050964,0.0001,1e-05,53.608,3.8631,0.6674
5886,stage2,3,0.1609945446252823,0.17650581896305084,0.0,0.1609945446252823,0.0001,1e-05,53.604,4.281,0.673
5887,stage2,3,0.15778976678848267,0.19206537306308746,0.0,0.15778976678848267,0.0001,1e-05,53.612,4.1584,0.6708
5888,stage2,3,0.16377510130405426,0.15580976009368896,0.0,0.16377510130405426,0.0001,1e-05,53.602,3.8188,3.851
5889,stage2,3,0.1452583521604538,0.17999041080474854,0.0,0.1452583521604538,0.0001,1e-05,53.608,3.3625,0.7668
5890,stage2,3,0.1457117199897766,0.17819376289844513,0.0,0.1457117199897766,0.0001,1e-05,53.609,3.9994,0.6691
5891,stage2,3,0.13875722885131836,0.18354904651641846,0.0,0.13875722885131836,0.0001,1e-05,53.604,3.6962,0.6695
5892,stage2,3,0.16473190486431122,0.1587415188550949,0.0,0.16473190486431122,0.0001,1e-05,53.597,3.6342,1.4434
5893,stage2,3,0.13475489616394043,0.21107761561870575,0.0,0.13475489616394043,0.0001,1e-05,53.604,3.6213,0.6695
5894,stage2,3,0.18361669778823853,0.14139503240585327,0.0,0.18361669778823853,0.0001,1e-05,53.604,4.0018,0.6697
5895,stage2,3,0.15823966264724731,0.18096955120563507,0.0,0.15823966264724731,0.0001,1e-05,53.606,3.0992,0.6702
5896,stage2,3,0.12159571051597595,0.17459675669670105,0.0,0.12159571051597595,0.0001,1e-05,53.61,3.6128,4.1438
5897,stage2,3,0.14123724400997162,0.17819134891033173,0.0,0.14123724400997162,0.0001,1e-05,53.603,3.7071,0.6694
5898,stage2,3,0.12916509807109833,0.18953171372413635,0.0,0.12916509807109833,0.0001,1e-05,53.594,4.1151,0.6696
5899,stage2,3,0.17533333599567413,0.17720405757427216,0.0,0.17533333599567413,0.0001,1e-05,53.592,3.5036,0.669
5900,stage2,3,0.15572640299797058,0.1682731658220291,0.0,0.15572640299797058,0.0001,1e-05,53.598,3.62,1.0349
5901,stage2,3,0.1547250747680664,0.17129658162593842,0.0,0.1547250747680664,0.0001,1e-05,53.602,3.3611,0.6689
5902,stage2,3,0.13630002737045288,0.21200354397296906,0.0,0.13630002737045288,0.0001,1e-05,53.601,4.8196,0.6707
5903,stage2,3,0.14483079314231873,0.1718050241470337,0.0,0.14483079314231873,0.0001,1e-05,53.59,4.3303,0.6696
5904,stage2,3,0.1592952162027359,0.16798976063728333,0.0,0.1592952162027359,0.0001,1e-05,53.603,3.7186,4.737
5905,stage2,3,0.15062259137630463,0.16562944650650024,0.0,0.15062259137630463,0.0001,1e-05,53.595,3.8036,0.6694
5906,stage2,3,0.154325932264328,0.1806238442659378,0.0,0.154325932264328,0.0001,1e-05,53.602,3.0293,0.6688
5907,stage2,3,0.12355875223875046,0.2193267047405243,0.0,0.12355875223875046,0.0001,1e-05,53.592,3.4354,0.6716
5908,stage2,3,0.16084662079811096,0.18291428685188293,0.0,0.16084662079811096,0.0001,1e-05,53.6,5.1106,0.6684
5909,stage2,3,0.13656046986579895,0.19875535368919373,0.0,0.13656046986579895,0.0001,1e-05,53.617,4.1303,0.669
5910,stage2,3,0.14746765792369843,0.20832286775112152,0.0,0.14746765792369843,0.0001,1e-05,53.607,3.8123,0.6709
5911,stage2,3,0.13678760826587677,0.19269827008247375,0.0,0.13678760826587677,0.0001,1e-05,53.605,3.5924,0.6709
5912,stage2,3,0.1471153050661087,0.1991727352142334,0.0,0.1471153050661087,0.0001,1e-05,53.599,4.1831,4.9318
5913,stage2,3,0.1871715784072876,0.18437249958515167,0.0,0.1871715784072876,0.0001,1e-05,53.592,4.2106,0.6681
5914,stage2,3,0.18407784402370453,0.16524599492549896,0.0,0.18407784402370453,0.0001,1e-05,53.589,3.769,0.6683
5915,stage2,3,0.15123163163661957,0.1722566783428192,0.0,0.15123163163661957,0.0001,1e-05,53.602,3.554,0.6693
5916,stage2,3,0.15726326406002045,0.1889801323413849,0.0,0.15726326406002045,0.0001,1e-05,53.592,3.4192,1.0297
5917,stage2,3,0.12729857861995697,0.20015983283519745,0.0,0.12729857861995697,0.0001,1e-05,53.599,4.0051,0.669
5918,stage2,3,0.15060855448246002,0.1835944652557373,0.0,0.15060855448246002,0.0001,1e-05,53.609,6.8857,0.6692
5919,stage2,3,0.13905468583106995,0.19342492520809174,0.0,0.13905468583106995,0.0001,1e-05,53.603,4.1321,0.6694
5920,stage2,3,0.14197786152362823,0.15720926225185394,0.0,0.14197786152362823,0.0001,1e-05,53.606,4.4354,4.6294
5921,stage2,3,0.12857332825660706,0.18916110694408417,0.0,0.12857332825660706,0.0001,1e-05,53.604,3.9747,0.6674
5922,stage2,3,0.1554318368434906,0.1939258873462677,0.0,0.1554318368434906,0.0001,1e-05,53.598,4.0297,0.6684
5923,stage2,3,0.17673325538635254,0.18100987374782562,0.0,0.17673325538635254,0.0001,1e-05,53.615,4.7141,0.669
5924,stage2,3,0.16183771193027496,0.17855381965637207,0.0,0.16183771193027496,0.0001,1e-05,53.614,4.0406,1.6188
5925,stage2,3,0.1816146820783615,0.18545253574848175,0.0,0.1816146820783615,0.0001,1e-05,53.605,3.6299,0.6701
5926,stage2,3,0.15143093466758728,0.18137632310390472,0.0,0.15143093466758728,0.0001,1e-05,53.602,4.2102,0.6694
5927,stage2,3,0.12264534831047058,0.1779768317937851,0.0,0.12264534831047058,0.0001,1e-05,53.602,4.1661,0.67
5928,stage2,3,0.1738121658563614,0.1926586925983429,0.0,0.1738121658563614,0.0001,1e-05,53.609,4.8119,3.8448
5929,stage2,3,0.138869971036911,0.18709714710712433,0.0,0.138869971036911,0.0001,1e-05,53.606,4.4474,0.6674
5930,stage2,3,0.14968106150627136,0.1959514319896698,0.0,0.14968106150627136,0.0001,1e-05,53.609,3.5825,0.6682
5931,stage2,3,0.1397302746772766,0.17685525119304657,0.0,0.1397302746772766,0.0001,1e-05,53.595,3.9778,0.6685
5932,stage2,3,0.16780441999435425,0.15425555408000946,0.0,0.16780441999435425,0.0001,1e-05,53.608,3.6049,2.3568
5933,stage2,3,0.13756409287452698,0.1716185063123703,0.0,0.13756409287452698,0.0001,1e-05,53.605,3.1072,0.6688
5934,stage2,3,0.15225499868392944,0.1902724802494049,0.0,0.15225499868392944,0.0001,1e-05,53.605,3.1705,0.6684
5935,stage2,3,0.16683214902877808,0.17716701328754425,0.0,0.16683214902877808,0.0001,1e-05,53.602,3.6266,0.6691
5936,stage2,3,0.14430320262908936,0.20252567529678345,0.0,0.14430320262908936,0.0001,1e-05,53.608,3.6773,3.1543
5937,stage2,3,0.17802560329437256,0.18244893848896027,0.0,0.17802560329437256,0.0001,1e-05,53.597,4.1902,0.6678
5938,stage2,3,0.13585007190704346,0.19325709342956543,0.0,0.13585007190704346,0.0001,1e-05,53.605,3.6945,0.6685
5939,stage2,3,0.1443430334329605,0.17995916306972504,0.0,0.1443430334329605,0.0001,1e-05,53.593,3.6953,0.6685
5940,stage2,3,0.15433503687381744,0.16058439016342163,0.0,0.15433503687381744,0.0001,1e-05,53.6,3.5531,3.175
5941,stage2,3,0.156055748462677,0.18344666063785553,0.0,0.156055748462677,0.0001,1e-05,53.612,4.5675,0.6679
5942,stage2,3,0.16415515542030334,0.16293659806251526,0.0,0.16415515542030334,0.0001,1e-05,53.605,3.3902,0.6709
5943,stage2,3,0.16338028013706207,0.19671857357025146,0.0,0.16338028013706207,0.0001,1e-05,53.604,4.548,0.6683
5944,stage2,3,0.15644359588623047,0.1694561094045639,0.0,0.15644359588623047,0.0001,1e-05,53.603,3.4777,2.4369
5945,stage2,3,0.14883096516132355,0.17241135239601135,0.0,0.14883096516132355,0.0001,1e-05,53.61,3.7988,0.6681
5946,stage2,3,0.11154744029045105,0.19049158692359924,0.0,0.11154744029045105,0.0001,1e-05,53.606,3.2861,0.6738
5947,stage2,3,0.1265593022108078,0.19774311780929565,0.0,0.1265593022108078,0.0001,1e-05,53.593,2.9361,0.6692
5948,stage2,3,0.1708860546350479,0.15727317333221436,0.0,0.1708860546350479,0.0001,1e-05,53.598,3.9768,3.912
5949,stage2,3,0.11811063438653946,0.1820250302553177,0.0,0.11811063438653946,0.0001,1e-05,53.608,3.4348,0.6674
5950,stage2,3,0.16195571422576904,0.16304486989974976,0.0,0.16195571422576904,0.0001,1e-05,53.611,2.9384,0.6679
5951,stage2,3,0.15330304205417633,0.20746593177318573,0.0,0.15330304205417633,0.0001,1e-05,53.607,3.9728,0.6678
5952,stage2,3,0.13738422095775604,0.21564604341983795,0.0,0.13738422095775604,0.0001,1e-05,53.614,2.994,1.6423
5953,stage2,3,0.15748029947280884,0.18186186254024506,0.0,0.15748029947280884,0.0001,1e-05,53.604,3.8478,0.6675
5954,stage2,3,0.16235217452049255,0.17093457281589508,0.0,0.16235217452049255,0.0001,1e-05,53.601,3.54,0.6683
5955,stage2,3,0.15291182696819305,0.18212144076824188,0.0,0.15291182696819305,0.0001,1e-05,53.61,3.8626,0.6683
5956,stage2,3,0.16681885719299316,0.15168459713459015,0.0,0.16681885719299316,0.0001,1e-05,53.592,3.6551,4.1623
5957,stage2,3,0.12191720306873322,0.19206678867340088,0.0,0.12191720306873322,0.0001,1e-05,53.592,3.796,0.6668
5958,stage2,3,0.17900821566581726,0.1567414253950119,0.0,0.17900821566581726,0.0001,1e-05,53.598,2.9755,0.6678
5959,stage2,3,0.19121132791042328,0.1529381424188614,0.0,0.19121132791042328,0.0001,1e-05,53.603,3.3301,0.6722
5960,stage2,3,0.1264074444770813,0.19480709731578827,0.0,0.1264074444770813,0.0001,1e-05,53.607,3.008,1.3352
5961,stage2,3,0.172072172164917,0.17921224236488342,0.0,0.172072172164917,0.0001,1e-05,53.615,4.2507,0.6686
5962,stage2,3,0.18389581143856049,0.1703006625175476,0.0,0.18389581143856049,0.0001,1e-05,53.611,3.526,0.6691
5963,stage2,3,0.12112849205732346,0.19208353757858276,0.0,0.12112849205732346,0.0001,1e-05,53.605,4.0548,0.6694
5964,stage2,3,0.1578359752893448,0.19067926704883575,0.0,0.1578359752893448,0.0001,1e-05,53.611,3.7345,4.9424
5965,stage2,3,0.1652112454175949,0.17780005931854248,0.0,0.1652112454175949,0.0001,1e-05,53.617,3.9039,0.6661
5966,stage2,3,0.12001759558916092,0.20013602077960968,0.0,0.12001759558916092,0.0001,1e-05,53.6,4.4003,0.6671
5967,stage2,3,0.13978925347328186,0.20198749005794525,0.0,0.13978925347328186,0.0001,1e-05,53.603,3.5107,0.6667
5968,stage2,3,0.12139462679624557,0.2093539834022522,0.0,0.12139462679624557,0.0001,1e-05,53.603,3.2939,0.667
5969,stage2,3,0.17332959175109863,0.23133158683776855,0.0,0.17332959175109863,0.0001,1e-05,53.604,4.2554,0.6675
5970,stage2,3,0.147023543715477,0.20010778307914734,0.0,0.147023543715477,0.0001,1e-05,53.606,4.208,0.6686
5971,stage2,3,0.17431668937206268,0.19307632744312286,0.0,0.17431668937206268,0.0001,1e-05,53.603,3.9676,0.668
5972,stage2,3,0.134651318192482,0.17629371583461761,0.0,0.134651318192482,0.0001,1e-05,53.594,3.5487,5.3856
5973,stage2,3,0.13067539036273956,0.19595207273960114,0.0,0.13067539036273956,0.0001,1e-05,53.606,4.1456,0.666
5974,stage2,3,0.13832783699035645,0.1914910078048706,0.0,0.13832783699035645,0.0001,1e-05,53.605,3.9415,0.6667
5975,stage2,3,0.13779442012310028,0.18719477951526642,0.0,0.13779442012310028,0.0001,1e-05,53.608,3.0636,0.6676
5976,stage2,3,0.1380438655614853,0.19351348280906677,0.0,0.1380438655614853,0.0001,1e-05,53.599,4.0357,0.6688
5977,stage2,3,0.11449529975652695,0.2384563535451889,0.0,0.11449529975652695,0.0001,1e-05,53.609,3.8164,0.6712
5978,stage2,3,0.19081604480743408,0.17626148462295532,0.0,0.19081604480743408,0.0001,1e-05,53.61,3.0513,0.6681
5979,stage2,3,0.1446148157119751,0.19264549016952515,0.0,0.1446148157119751,0.0001,1e-05,53.596,4.0499,0.6688
5980,stage2,3,0.1468188762664795,0.16743704676628113,0.0,0.1468188762664795,0.0001,1e-05,53.609,3.4741,4.9582
5981,stage2,3,0.13451021909713745,0.19139288365840912,0.0,0.13451021909713745,0.0001,1e-05,53.604,3.5739,0.6615
5982,stage2,3,0.1726861596107483,0.17954066395759583,0.0,0.1726861596107483,0.0001,1e-05,53.607,4.3936,0.6672
5983,stage2,3,0.1643185317516327,0.18322238326072693,0.0,0.1643185317516327,0.0001,1e-05,53.604,4.704,0.6716
5984,stage2,3,0.14749424159526825,0.18166469037532806,0.0,0.14749424159526825,0.0001,1e-05,53.6,3.7685,0.6678
5985,stage2,3,0.12213275581598282,0.1789918690919876,0.0,0.12213275581598282,0.0001,1e-05,53.609,3.6872,0.6675
5986,stage2,3,0.15664181113243103,0.17991577088832855,0.0,0.15664181113243103,0.0001,1e-05,53.601,3.2533,0.6688
5987,stage2,3,0.157755509018898,0.165177121758461,0.0,0.157755509018898,0.0001,1e-05,53.606,3.9146,0.6687
5988,stage2,3,0.1441596895456314,0.1932951658964157,0.0,0.1441596895456314,0.0001,1e-05,53.598,3.9367,4.6769
5989,stage2,3,0.1884147673845291,0.18670722842216492,0.0,0.1884147673845291,0.0001,1e-05,53.608,4.4212,0.6669
5990,stage2,3,0.13607467710971832,0.16861405968666077,0.0,0.13607467710971832,0.0001,1e-05,53.598,3.9121,0.667
5991,stage2,3,0.1600828617811203,0.18702542781829834,0.0,0.1600828617811203,0.0001,1e-05,53.605,3.1947,0.67
5992,stage2,3,0.17004284262657166,0.18341374397277832,0.0,0.17004284262657166,0.0001,1e-05,53.598,3.621,0.6706
5993,stage2,3,0.12360264360904694,0.20740628242492676,0.0,0.12360264360904694,0.0001,1e-05,53.614,3.7064,0.6679
5994,stage2,3,0.16388018429279327,0.19851307570934296,0.0,0.16388018429279327,0.0001,1e-05,53.598,4.7363,0.6685
5995,stage2,3,0.12245494872331619,0.20012250542640686,0.0,0.12245494872331619,0.0001,1e-05,53.609,4.0052,0.6713
5996,stage2,3,0.11964462697505951,0.2005649209022522,0.0,0.11964462697505951,0.0001,1e-05,53.603,4.6158,5.605
5997,stage2,3,0.13767416775226593,0.1822124868631363,0.0,0.13767416775226593,0.0001,1e-05,53.601,3.176,0.6651
5998,stage2,3,0.1790071427822113,0.16889771819114685,0.0,0.1790071427822113,0.0001,1e-05,53.59,4.2837,0.6668
5999,stage2,3,0.12388953566551208,0.19094885885715485,0.0,0.12388953566551208,0.0001,1e-05,53.607,3.7543,0.667
6000,stage2,3,0.13412518799304962,0.21319608390331268,0.0,0.13412518799304962,0.0001,1e-05,53.599,4.5482,0.668
6001,stage2,3,0.1603059470653534,0.20596368610858917,0.0,0.1603059470653534,0.0001,1e-05,53.601,4.4014,0.668
6002,stage2,3,0.15345576405525208,0.17315535247325897,0.0,0.15345576405525208,0.0001,1e-05,53.599,3.3555,0.6741
6003,stage2,3,0.13831768929958344,0.16907848417758942,0.0,0.13831768929958344,0.0001,1e-05,53.603,3.9124,0.6675
6004,stage2,3,0.15068042278289795,0.19173507392406464,0.0,0.15068042278289795,0.0001,1e-05,53.606,3.2864,4.9546
6005,stage2,3,0.1574837863445282,0.1958426684141159,0.0,0.1574837863445282,0.0001,1e-05,53.611,3.9682,0.6659
6006,stage2,3,0.14108990132808685,0.2080909013748169,0.0,0.14108990132808685,0.0001,1e-05,53.609,3.9288,0.6659
6007,stage2,3,0.17088308930397034,0.1771155297756195,0.0,0.17088308930397034,0.0001,1e-05,53.606,3.6368,0.6725
6008,stage2,3,0.12040799111127853,0.20070500671863556,0.0,0.12040799111127853,0.0001,1e-05,53.609,3.4452,0.667
6009,stage2,3,0.139614075422287,0.17400126159191132,0.0,0.139614075422287,0.0001,1e-05,53.615,4.1235,0.669
6010,stage2,3,0.13222037255764008,0.18731503188610077,0.0,0.13222037255764008,0.0001,1e-05,53.609,3.7231,0.6691
6011,stage2,3,0.18765904009342194,0.18551598489284515,0.0,0.18765904009342194,0.0001,1e-05,53.602,4.7706,0.6683
6012,stage2,3,0.16359172761440277,0.19320932030677795,0.0,0.16359172761440277,0.0001,1e-05,53.612,3.5754,4.8874
6013,stage2,3,0.16139477491378784,0.1682034134864807,0.0,0.16139477491378784,0.0001,1e-05,53.599,3.0011,0.6629
6014,stage2,3,0.15241536498069763,0.16604523360729218,0.0,0.15241536498069763,0.0001,1e-05,53.616,3.3718,0.6662
6015,stage2,3,0.13549277186393738,0.19554433226585388,0.0,0.13549277186393738,0.0001,1e-05,53.592,3.2749,0.6663
6016,stage2,3,0.11580602824687958,0.17662136256694794,0.0,0.11580602824687958,0.0001,1e-05,53.6,3.5911,0.6673
6017,stage2,3,0.11380819976329803,0.22907809913158417,0.0,0.11380819976329803,0.0001,1e-05,53.602,3.1085,0.6722
6018,stage2,3,0.11786630004644394,0.21994562447071075,0.0,0.11786630004644394,0.0001,1e-05,53.597,3.0905,0.6678
6019,stage2,3,0.12987174093723297,0.1840391755104065,0.0,0.12987174093723297,0.0001,1e-05,53.597,3.9127,0.6673
6020,stage2,3,0.11317785084247589,0.18949991464614868,0.0,0.11317785084247589,0.0001,1e-05,53.597,3.5869,4.6986
6021,stage2,3,0.14452767372131348,0.1725153774023056,0.0,0.14452767372131348,0.0001,1e-05,53.605,3.2473,0.6657
6022,stage2,3,0.13766907155513763,0.19255173206329346,0.0,0.13766907155513763,0.0001,1e-05,53.606,2.8779,0.6653
6023,stage2,3,0.16193753480911255,0.17396840453147888,0.0,0.16193753480911255,0.0001,1e-05,53.599,3.8658,0.6668
6024,stage2,3,0.1615714132785797,0.20771335065364838,0.0,0.1615714132785797,0.0001,1e-05,53.603,5.3799,0.6668
6025,stage2,3,0.14049041271209717,0.1955898255109787,0.0,0.14049041271209717,0.0001,1e-05,53.588,4.3062,0.6674
6026,stage2,3,0.12037128210067749,0.20237530767917633,0.0,0.12037128210067749,0.0001,1e-05,53.601,3.383,0.6692
6027,stage2,3,0.17343191802501678,0.18065837025642395,0.0,0.17343191802501678,0.0001,1e-05,53.613,3.7774,0.668
6028,stage2,3,0.17257151007652283,0.149141326546669,0.0,0.17257151007652283,0.0001,1e-05,53.62,3.6927,4.8509
6029,stage2,3,0.18413986265659332,0.17426972091197968,0.0,0.18413986265659332,0.0001,1e-05,53.618,4.0214,0.6667
6030,stage2,3,0.17372262477874756,0.18256333470344543,0.0,0.17372262477874756,0.0001,1e-05,53.61,4.5967,0.6692
6031,stage2,3,0.13823196291923523,0.18921758234500885,0.0,0.13823196291923523,0.0001,1e-05,53.608,3.1098,0.6644
6032,stage2,3,0.13889043033123016,0.19719423353672028,0.0,0.13889043033123016,0.0001,1e-05,53.615,4.5963,0.6672
6033,stage2,3,0.15384244918823242,0.17370206117630005,0.0,0.15384244918823242,0.0001,1e-05,53.605,3.3975,0.668
6034,stage2,3,0.1545863151550293,0.18224184215068817,0.0,0.1545863151550293,0.0001,1e-05,53.609,4.7627,0.6675
6035,stage2,3,0.1632063239812851,0.1708095520734787,0.0,0.1632063239812851,0.0001,1e-05,53.599,4.2291,0.669
6036,stage2,3,0.14225824177265167,0.17628993093967438,0.0,0.14225824177265167,0.0001,1e-05,53.602,3.5378,4.9296
6037,stage2,3,0.19485746324062347,0.20264455676078796,0.0,0.19485746324062347,0.0001,1e-05,53.601,3.799,0.663
6038,stage2,3,0.15312857925891876,0.19063466787338257,0.0,0.15312857925891876,0.0001,1e-05,53.603,3.0764,0.6666
6039,stage2,3,0.14693431556224823,0.18122313916683197,0.0,0.14693431556224823,0.0001,1e-05,53.598,3.7365,0.6661
6040,stage2,3,0.15499438345432281,0.16387782990932465,0.0,0.15499438345432281,0.0001,1e-05,53.61,3.8262,0.6674
6041,stage2,3,0.13525213301181793,0.1724160611629486,0.0,0.13525213301181793,0.0001,1e-05,53.598,3.5664,0.6679
6042,stage2,3,0.1248951330780983,0.19961194694042206,0.0,0.1248951330780983,0.0001,1e-05,53.606,4.2385,0.6678
6043,stage2,3,0.14547203481197357,0.18941636383533478,0.0,0.14547203481197357,0.0001,1e-05,53.597,3.7897,0.668
6044,stage2,3,0.1660022884607315,0.18334361910820007,0.0,0.1660022884607315,0.0001,1e-05,53.608,4.0109,4.9273
6045,stage2,3,0.1689642071723938,0.18697763979434967,0.0,0.1689642071723938,0.0001,1e-05,53.611,4.1365,0.6691
6046,stage2,3,0.13061866164207458,0.2034631371498108,0.0,0.13061866164207458,0.0001,1e-05,53.604,3.956,0.6676
6047,stage2,3,0.1654898226261139,0.2002713829278946,0.0,0.1654898226261139,0.0001,1e-05,53.598,3.3418,0.6666
6048,stage2,3,0.15683692693710327,0.19251231849193573,0.0,0.15683692693710327,0.0001,1e-05,53.602,4.405,0.6672
6049,stage2,3,0.18228460848331451,0.16203060746192932,0.0,0.18228460848331451,0.0001,1e-05,53.607,4.2799,0.6666
6050,stage2,3,0.17361067235469818,0.17745286226272583,0.0,0.17361067235469818,0.0001,1e-05,53.593,4.3436,0.668
6051,stage2,3,0.14141745865345,0.21918198466300964,0.0,0.14141745865345,0.0001,1e-05,53.605,3.7707,0.6681
6052,stage2,3,0.14436322450637817,0.16867920756340027,0.0,0.14436322450637817,0.0001,1e-05,53.604,3.7877,4.6353
6053,stage2,3,0.1538199782371521,0.1697547882795334,0.0,0.1538199782371521,0.0001,1e-05,53.612,3.9664,0.6643
6054,stage2,3,0.1212824210524559,0.1921216994524002,0.0,0.1212824210524559,0.0001,1e-05,53.604,3.691,0.6673
6055,stage2,3,0.15421956777572632,0.1768118143081665,0.0,0.15421956777572632,0.0001,1e-05,53.611,4.1428,0.6673
6056,stage2,3,0.17150866985321045,0.1828591376543045,0.0,0.17150866985321045,0.0001,1e-05,53.617,3.8288,0.6648
6057,stage2,3,0.1500847041606903,0.17614500224590302,0.0,0.1500847041606903,0.0001,1e-05,53.608,3.4672,0.6658
6058,stage2,3,0.1598353534936905,0.19625955820083618,0.0,0.1598353534936905,0.0001,1e-05,53.604,3.7443,0.6649
6059,stage2,3,0.16963523626327515,0.19341637194156647,0.0,0.16963523626327515,0.0001,1e-05,53.6,5.0564,0.6661
6060,stage2,3,0.20964130759239197,0.18345749378204346,0.0,0.20964130759239197,0.0001,1e-05,53.603,4.2378,4.5226
6061,stage2,3,0.13449618220329285,0.1712222844362259,0.0,0.13449618220329285,0.0001,1e-05,53.602,3.8683,0.6616
6062,stage2,4,0.11413082480430603,0.20673133432865143,0.0,0.11413082480430603,0.0001,1e-05,53.597,3.4641,11.4358
6063,stage2,4,0.13669325411319733,0.1783793419599533,0.0,0.13669325411319733,0.0001,1e-05,53.609,3.5225,0.6619
6064,stage2,4,0.1254059374332428,0.18627434968948364,0.0,0.1254059374332428,0.0001,1e-05,53.604,3.6471,0.6635
6065,stage2,4,0.10409142822027206,0.18856479227542877,0.0,0.10409142822027206,0.0001,1e-05,53.594,2.9971,0.6632
6066,stage2,4,0.16201387345790863,0.17261695861816406,0.0,0.16201387345790863,0.0001,1e-05,53.596,3.6597,0.6633
6067,stage2,4,0.13894033432006836,0.189612478017807,0.0,0.13894033432006836,0.0001,1e-05,53.601,4.1944,0.6637
6068,stage2,4,0.11346497386693954,0.1806449592113495,0.0,0.11346497386693954,0.0001,1e-05,53.587,3.2278,0.6636
6069,stage2,4,0.14659221470355988,0.16705171763896942,0.0,0.14659221470355988,0.0001,1e-05,53.595,3.2845,0.6651
6070,stage2,4,0.15112599730491638,0.1791183054447174,0.0,0.15112599730491638,0.0001,1e-05,53.597,3.5273,5.1587
6071,stage2,4,0.1542021930217743,0.15802407264709473,0.0,0.1542021930217743,0.0001,1e-05,53.589,2.9929,0.6642
6072,stage2,4,0.2152051478624344,0.16230905055999756,0.0,0.2152051478624344,0.0001,1e-05,53.608,4.2904,0.6645
6073,stage2,4,0.1499328315258026,0.17423684895038605,0.0,0.1499328315258026,0.0001,1e-05,53.604,4.1297,0.6644
6074,stage2,4,0.12187864631414413,0.20110377669334412,0.0,0.12187864631414413,0.0001,1e-05,53.612,4.1761,0.6801
6075,stage2,4,0.1451711356639862,0.16883216798305511,0.0,0.1451711356639862,0.0001,1e-05,53.611,3.1018,0.6589
6076,stage2,4,0.11585468053817749,0.18332388997077942,0.0,0.11585468053817749,0.0001,1e-05,53.614,3.1939,0.6643
6077,stage2,4,0.14576534926891327,0.16663199663162231,0.0,0.14576534926891327,0.0001,1e-05,53.614,3.9327,0.664
6078,stage2,4,0.15888479351997375,0.1905887871980667,0.0,0.15888479351997375,0.0001,1e-05,53.607,4.8059,4.6932
6079,stage2,4,0.1384240984916687,0.16844125092029572,0.0,0.1384240984916687,0.0001,1e-05,53.611,3.5826,0.6569
6080,stage2,4,0.14486615359783173,0.1911575347185135,0.0,0.14486615359783173,0.0001,1e-05,53.604,4.3065,0.6643
6081,stage2,4,0.13781867921352386,0.1806541383266449,0.0,0.13781867921352386,0.0001,1e-05,53.607,3.6778,0.6641
6082,stage2,4,0.12064385414123535,0.19686104357242584,0.0,0.12064385414123535,0.0001,1e-05,53.59,3.9421,0.6652
6083,stage2,4,0.13649217784404755,0.17786167562007904,0.0,0.13649217784404755,0.0001,1e-05,53.598,3.6402,0.6644
6084,stage2,4,0.1527632623910904,0.1584811806678772,0.0,0.1527632623910904,0.0001,1e-05,53.599,3.5712,0.6646
6085,stage2,4,0.12808243930339813,0.1704099476337433,0.0,0.12808243930339813,0.0001,1e-05,53.597,3.8648,0.6656
6086,stage2,4,0.1254195272922516,0.17674243450164795,0.0,0.1254195272922516,0.0001,1e-05,53.61,3.5424,5.0692
6087,stage2,4,0.15547889471054077,0.15216274559497833,0.0,0.15547889471054077,0.0001,1e-05,53.609,3.6203,0.6644
6088,stage2,4,0.13282734155654907,0.1820489764213562,0.0,0.13282734155654907,0.0001,1e-05,53.61,2.8891,0.6641
6089,stage2,4,0.17323769629001617,0.1789916604757309,0.0,0.17323769629001617,0.0001,1e-05,53.599,4.8862,0.6647
6090,stage2,4,0.16851381957530975,0.17060013115406036,0.0,0.16851381957530975,0.0001,1e-05,53.597,4.3609,0.6652
6091,stage2,4,0.11493473500013351,0.1677456796169281,0.0,0.11493473500013351,0.0001,1e-05,53.592,3.4634,0.6649
6092,stage2,4,0.1370089054107666,0.17044652998447418,0.0,0.1370089054107666,0.0001,1e-05,53.591,4.0036,0.6649
6093,stage2,4,0.18170756101608276,0.16220654547214508,0.0,0.18170756101608276,0.0001,1e-05,53.596,3.2092,0.6655
6094,stage2,4,0.1289636790752411,0.18579551577568054,0.0,0.1289636790752411,0.0001,1e-05,53.602,3.8923,4.8387
6095,stage2,4,0.1376916766166687,0.22035624086856842,0.0,0.1376916766166687,0.0001,1e-05,53.595,3.6847,0.669
6096,stage2,4,0.12619175016880035,0.16739976406097412,0.0,0.12619175016880035,0.0001,1e-05,53.603,4.1122,0.6642
6097,stage2,4,0.1491982638835907,0.16671480238437653,0.0,0.1491982638835907,0.0001,1e-05,53.598,3.4684,0.6648
6098,stage2,4,0.1327897310256958,0.17785786092281342,0.0,0.1327897310256958,0.0001,1e-05,53.596,3.2681,0.6646
6099,stage2,4,0.11472778767347336,0.18193745613098145,0.0,0.11472778767347336,0.0001,1e-05,53.598,2.9532,0.6658
6100,stage2,4,0.1389409303665161,0.17049898207187653,0.0,0.1389409303665161,0.0001,1e-05,53.604,3.6728,0.6657
6101,stage2,4,0.12661021947860718,0.2166711986064911,0.0,0.12661021947860718,0.0001,1e-05,53.597,3.5722,0.6666
6102,stage2,4,0.17332828044891357,0.19597749412059784,0.0,0.17332828044891357,0.0001,1e-05,53.604,4.738,5.0668
6103,stage2,4,0.1350690722465515,0.1809508055448532,0.0,0.1350690722465515,0.0001,1e-05,53.594,3.1275,0.6689
6104,stage2,4,0.14986243844032288,0.1857105791568756,0.0,0.14986243844032288,0.0001,1e-05,53.61,4.0404,0.6646
6105,stage2,4,0.13953407108783722,0.18196533620357513,0.0,0.13953407108783722,0.0001,1e-05,53.605,3.5616,0.6653
6106,stage2,4,0.14822623133659363,0.17829981446266174,0.0,0.14822623133659363,0.0001,1e-05,53.604,3.9362,0.6654
6107,stage2,4,0.16369731724262238,0.1706482470035553,0.0,0.16369731724262238,0.0001,1e-05,53.599,4.4755,0.6656
6108,stage2,4,0.1649392545223236,0.18036827445030212,0.0,0.1649392545223236,0.0001,1e-05,53.596,4.8252,0.6667
6109,stage2,4,0.16417254507541656,0.1864262968301773,0.0,0.16417254507541656,0.0001,1e-05,53.608,4.2244,0.6667
6110,stage2,4,0.14998307824134827,0.15931639075279236,0.0,0.14998307824134827,0.0001,1e-05,53.592,3.6042,5.2695
6111,stage2,4,0.17159545421600342,0.16827082633972168,0.0,0.17159545421600342,0.0001,1e-05,53.597,3.5762,0.6635
6112,stage2,4,0.17836280167102814,0.16446970403194427,0.0,0.17836280167102814,0.0001,1e-05,53.607,4.1683,0.6648
6113,stage2,4,0.14746063947677612,0.1978885531425476,0.0,0.14746063947677612,0.0001,1e-05,53.595,4.9367,0.6652
6114,stage2,4,0.1509157121181488,0.16768328845500946,0.0,0.1509157121181488,0.0001,1e-05,53.604,3.6903,0.6663
6115,stage2,4,0.14424635469913483,0.1615539789199829,0.0,0.14424635469913483,0.0001,1e-05,53.609,3.5975,0.6657
6116,stage2,4,0.16136060655117035,0.16860421001911163,0.0,0.16136060655117035,0.0001,1e-05,53.602,3.1607,0.6666
6117,stage2,4,0.11655488610267639,0.18989121913909912,0.0,0.11655488610267639,0.0001,1e-05,53.607,3.8934,0.6663
6118,stage2,4,0.15175685286521912,0.1685793250799179,0.0,0.15175685286521912,0.0001,1e-05,53.61,4.0818,5.0462
6119,stage2,4,0.1714111715555191,0.16308507323265076,0.0,0.1714111715555191,0.0001,1e-05,53.605,3.4523,0.6643
6120,stage2,4,0.1621890366077423,0.1759738326072693,0.0,0.1621890366077423,0.0001,1e-05,53.598,3.6417,0.6646
6121,stage2,4,0.11859665811061859,0.17234787344932556,0.0,0.11859665811061859,0.0001,1e-05,53.594,4.1234,0.6651
6122,stage2,4,0.14704754948616028,0.1652667224407196,0.0,0.14704754948616028,0.0001,1e-05,53.605,3.7455,0.6659
6123,stage2,4,0.14909589290618896,0.1683310568332672,0.0,0.14909589290618896,0.0001,1e-05,53.598,3.6457,0.6664
6124,stage2,4,0.16512466967105865,0.1670481115579605,0.0,0.16512466967105865,0.0001,1e-05,53.595,3.9498,0.6672
6125,stage2,4,0.14201843738555908,0.17625002562999725,0.0,0.14201843738555908,0.0001,1e-05,53.613,3.6399,0.6676
6126,stage2,4,0.16329899430274963,0.18376938998699188,0.0,0.16329899430274963,0.0001,1e-05,53.597,4.8086,4.9265
6127,stage2,4,0.14762024581432343,0.18709082901477814,0.0,0.14762024581432343,0.0001,1e-05,53.597,3.5573,0.6658
6128,stage2,4,0.13525231182575226,0.15849196910858154,0.0,0.13525231182575226,0.0001,1e-05,53.596,4.1438,0.6646
6129,stage2,4,0.18777339160442352,0.1847110241651535,0.0,0.18777339160442352,0.0001,1e-05,53.596,5.2856,0.6649
6130,stage2,4,0.15117019414901733,0.1754021942615509,0.0,0.15117019414901733,0.0001,1e-05,53.603,4.8718,0.6652
6131,stage2,4,0.17138811945915222,0.1806129515171051,0.0,0.17138811945915222,0.0001,1e-05,53.603,3.8202,0.6667
6132,stage2,4,0.19583868980407715,0.17054811120033264,0.0,0.19583868980407715,0.0001,1e-05,53.612,4.3275,0.6663
6133,stage2,4,0.16424407064914703,0.17066678404808044,0.0,0.16424407064914703,0.0001,1e-05,53.604,3.7555,0.6667
6134,stage2,4,0.15382806956768036,0.19018863141536713,0.0,0.15382806956768036,0.0001,1e-05,53.596,3.5324,5.1272
6135,stage2,4,0.12071346491575241,0.17784938216209412,0.0,0.12071346491575241,0.0001,1e-05,53.598,3.6445,0.6643
6136,stage2,4,0.14272861182689667,0.19904252886772156,0.0,0.14272861182689667,0.0001,1e-05,53.611,4.3322,0.6652
6137,stage2,4,0.11896401643753052,0.1994934231042862,0.0,0.11896401643753052,0.0001,1e-05,53.616,2.8624,0.6655
6138,stage2,4,0.17666803300380707,0.15349800884723663,0.0,0.17666803300380707,0.0001,1e-05,53.603,3.4641,0.6658
6139,stage2,4,0.1360178291797638,0.21193715929985046,0.0,0.1360178291797638,0.0001,1e-05,53.602,4.5942,0.6666
6140,stage2,4,0.14400282502174377,0.1678391993045807,0.0,0.14400282502174377,0.0001,1e-05,53.603,6.0426,0.6672
6141,stage2,4,0.11042726039886475,0.18028457462787628,0.0,0.11042726039886475,0.0001,1e-05,53.606,3.0241,0.6676
6142,stage2,4,0.16460347175598145,0.16861967742443085,0.0,0.16460347175598145,0.0001,1e-05,53.594,3.4431,5.1138
6143,stage2,4,0.15252259373664856,0.17886538803577423,0.0,0.15252259373664856,0.0001,1e-05,53.597,3.7355,0.6645
6144,stage2,4,0.1558007001876831,0.17123423516750336,0.0,0.1558007001876831,0.0001,1e-05,53.606,3.3534,0.6649
6145,stage2,4,0.1408948451280594,0.18773731589317322,0.0,0.1408948451280594,0.0001,1e-05,53.596,3.2366,0.6658
6146,stage2,4,0.14256364107131958,0.1814621239900589,0.0,0.14256364107131958,0.0001,1e-05,53.61,3.7893,0.6659
6147,stage2,4,0.17480319738388062,0.15384335815906525,0.0,0.17480319738388062,0.0001,1e-05,53.599,3.1904,0.6666
6148,stage2,4,0.13608209788799286,0.19000330567359924,0.0,0.13608209788799286,0.0001,1e-05,53.6,4.3879,0.6673
6149,stage2,4,0.14587542414665222,0.17333877086639404,0.0,0.14587542414665222,0.0001,1e-05,53.595,3.7591,0.6675
6150,stage2,4,0.10138139128684998,0.1979605257511139,0.0,0.10138139128684998,0.0001,1e-05,53.6,3.307,5.2392
6151,stage2,4,0.12157104909420013,0.18497352302074432,0.0,0.12157104909420013,0.0001,1e-05,53.606,3.8084,0.6647
6152,stage2,4,0.1374092549085617,0.18490928411483765,0.0,0.1374092549085617,0.0001,1e-05,53.601,3.5976,0.6651
6153,stage2,4,0.1507195085287094,0.19614063203334808,0.0,0.1507195085287094,0.0001,1e-05,53.605,4.0542,0.666
6154,stage2,4,0.11685170233249664,0.16524015367031097,0.0,0.11685170233249664,0.0001,1e-05,53.595,3.5066,0.6662
6155,stage2,4,0.15758225321769714,0.17036592960357666,0.0,0.15758225321769714,0.0001,1e-05,53.6,4.6935,0.6672
6156,stage2,4,0.11992044746875763,0.2096439003944397,0.0,0.11992044746875763,0.0001,1e-05,53.591,3.159,0.6674
6157,stage2,4,0.12446396797895432,0.1673763245344162,0.0,0.12446396797895432,0.0001,1e-05,53.606,4.2494,0.6682
6158,stage2,4,0.1554199606180191,0.17705444991588593,0.0,0.1554199606180191,0.0001,1e-05,53.62,4.3622,4.903
6159,stage2,4,0.15555544197559357,0.19366592168807983,0.0,0.15555544197559357,0.0001,1e-05,53.601,4.5392,0.6651
6160,stage2,4,0.12220703065395355,0.1877065747976303,0.0,0.12220703065395355,0.0001,1e-05,53.601,4.7327,0.6657
6161,stage2,4,0.1597646027803421,0.17132896184921265,0.0,0.1597646027803421,0.0001,1e-05,53.609,3.9517,0.666
6162,stage2,4,0.1464720070362091,0.20918452739715576,0.0,0.1464720070362091,0.0001,1e-05,53.613,4.0604,0.6667
6163,stage2,4,0.1346345841884613,0.19989818334579468,0.0,0.1346345841884613,0.0001,1e-05,53.606,3.3389,0.6685
6164,stage2,4,0.1650744378566742,0.17088384926319122,0.0,0.1650744378566742,0.0001,1e-05,53.594,4.283,0.6666
6165,stage2,4,0.12630097568035126,0.1898505985736847,0.0,0.12630097568035126,0.0001,1e-05,53.601,3.6911,0.6681
6166,stage2,4,0.15986910462379456,0.1574106514453888,0.0,0.15986910462379456,0.0001,1e-05,53.602,3.4492,4.6959
6167,stage2,4,0.11812170594930649,0.1843010038137436,0.0,0.11812170594930649,0.0001,1e-05,53.598,3.7232,0.666
6168,stage2,4,0.1494673490524292,0.1776374727487564,0.0,0.1494673490524292,0.0001,1e-05,53.61,4.0212,0.6663
6169,stage2,4,0.12539424002170563,0.18395647406578064,0.0,0.12539424002170563,0.0001,1e-05,53.599,3.7135,0.6661
6170,stage2,4,0.12826068699359894,0.19091102480888367,0.0,0.12826068699359894,0.0001,1e-05,53.599,3.5021,0.6668
6171,stage2,4,0.1406005322933197,0.19825270771980286,0.0,0.1406005322933197,0.0001,1e-05,53.607,3.4156,0.6677
6172,stage2,4,0.14393842220306396,0.20153078436851501,0.0,0.14393842220306396,0.0001,1e-05,53.605,5.546,0.6678
6173,stage2,4,0.137819305062294,0.1787933111190796,0.0,0.137819305062294,0.0001,1e-05,53.605,3.3348,0.668
6174,stage2,4,0.10659242421388626,0.19954194128513336,0.0,0.10659242421388626,0.0001,1e-05,53.601,3.6617,4.9378
6175,stage2,4,0.1732436567544937,0.1647297590970993,0.0,0.1732436567544937,0.0001,1e-05,53.601,4.8044,0.6654
6176,stage2,4,0.12761196494102478,0.18047122657299042,0.0,0.12761196494102478,0.0001,1e-05,53.603,3.7143,0.6654
6177,stage2,4,0.1579294204711914,0.16625449061393738,0.0,0.1579294204711914,0.0001,1e-05,53.606,3.2568,0.6661
6178,stage2,4,0.13492491841316223,0.16773520410060883,0.0,0.13492491841316223,0.0001,1e-05,53.595,3.8028,0.6669
6179,stage2,4,0.17497354745864868,0.1650875359773636,0.0,0.17497354745864868,0.0001,1e-05,53.609,3.7712,0.667
6180,stage2,4,0.1406795233488083,0.17866015434265137,0.0,0.1406795233488083,0.0001,1e-05,53.608,3.5985,0.6683
6181,stage2,4,0.1453077644109726,0.1713450700044632,0.0,0.1453077644109726,0.0001,1e-05,53.605,4.4117,0.6678
6182,stage2,4,0.15889573097229004,0.18317914009094238,0.0,0.15889573097229004,0.0001,1e-05,53.598,5.1245,5.341
6183,stage2,4,0.1442907750606537,0.19201874732971191,0.0,0.1442907750606537,0.0001,1e-05,53.597,3.9866,0.6654
6184,stage2,4,0.13700784742832184,0.16658996045589447,0.0,0.13700784742832184,0.0001,1e-05,53.593,4.2982,0.6653
6185,stage2,4,0.14289960265159607,0.1998370885848999,0.0,0.14289960265159607,0.0001,1e-05,53.6,4.3177,0.6665
6186,stage2,4,0.1099555566906929,0.213713601231575,0.0,0.1099555566906929,0.0001,1e-05,53.605,4.3627,0.6672
6187,stage2,4,0.17411795258522034,0.20388264954090118,0.0,0.17411795258522034,0.0001,1e-05,53.595,4.1885,0.6676
6188,stage2,4,0.12781836092472076,0.18525126576423645,0.0,0.12781836092472076,0.0001,1e-05,53.593,3.5226,0.6677
6189,stage2,4,0.14525920152664185,0.18310843408107758,0.0,0.14525920152664185,0.0001,1e-05,53.615,4.1117,0.6673
6190,stage2,4,0.14273136854171753,0.1911538988351822,0.0,0.14273136854171753,0.0001,1e-05,53.597,4.1177,4.9169
6191,stage2,4,0.16166026890277863,0.176590695977211,0.0,0.16166026890277863,0.0001,1e-05,53.612,3.6845,0.6652
6192,stage2,4,0.1586320698261261,0.1652389019727707,0.0,0.1586320698261261,0.0001,1e-05,53.609,4.2406,0.6715
6193,stage2,4,0.18129383027553558,0.16862615942955017,0.0,0.18129383027553558,0.0001,1e-05,53.611,4.6667,0.6662
6194,stage2,4,0.18299967050552368,0.1750803291797638,0.0,0.18299967050552368,0.0001,1e-05,53.616,3.8266,0.6669
6195,stage2,4,0.13630317151546478,0.17956572771072388,0.0,0.13630317151546478,0.0001,1e-05,53.605,3.7031,0.6674
6196,stage2,4,0.11997310072183609,0.19980718195438385,0.0,0.11997310072183609,0.0001,1e-05,53.615,3.4982,0.6679
6197,stage2,4,0.17105476558208466,0.16387279331684113,0.0,0.17105476558208466,0.0001,1e-05,53.608,3.5073,0.6681
6198,stage2,4,0.19732864201068878,0.16339479386806488,0.0,0.19732864201068878,0.0001,1e-05,53.597,3.5902,5.1646
6199,stage2,4,0.14717471599578857,0.1759517639875412,0.0,0.14717471599578857,0.0001,1e-05,53.604,4.0287,0.6657
6200,stage2,4,0.12650218605995178,0.1633101999759674,0.0,0.12650218605995178,0.0001,1e-05,53.609,3.3653,0.6657
6201,stage2,4,0.12554311752319336,0.1517026573419571,0.0,0.12554311752319336,0.0001,1e-05,53.603,3.0859,0.6667
6202,stage2,4,0.1275799572467804,0.16302023828029633,0.0,0.1275799572467804,0.0001,1e-05,53.611,3.4062,0.667
6203,stage2,4,0.14113260805606842,0.19060161709785461,0.0,0.14113260805606842,0.0001,1e-05,53.598,4.5096,0.6685
6204,stage2,4,0.14685660600662231,0.17750708758831024,0.0,0.14685660600662231,0.0001,1e-05,53.598,4.4324,0.6677
6205,stage2,4,0.12734457850456238,0.17605215311050415,0.0,0.12734457850456238,0.0001,1e-05,53.602,3.3684,0.6685
6206,stage2,4,0.1378113329410553,0.19061142206192017,0.0,0.1378113329410553,0.0001,1e-05,53.598,3.3719,5.002
6207,stage2,4,0.13582143187522888,0.18728148937225342,0.0,0.13582143187522888,0.0001,1e-05,53.596,3.3912,0.6663
6208,stage2,4,0.10864423215389252,0.1802813559770584,0.0,0.10864423215389252,0.0001,1e-05,53.594,3.5385,0.6664
6209,stage2,4,0.13152006268501282,0.1735711395740509,0.0,0.13152006268501282,0.0001,1e-05,53.597,3.0498,0.667
6210,stage2,4,0.12491767108440399,0.18523424863815308,0.0,0.12491767108440399,0.0001,1e-05,53.597,3.4732,0.6677
6211,stage2,4,0.1327943652868271,0.1837335079908371,0.0,0.1327943652868271,0.0001,1e-05,53.604,3.5155,0.667
6212,stage2,4,0.1694926619529724,0.18228866159915924,0.0,0.1694926619529724,0.0001,1e-05,53.604,3.8676,0.6681
6213,stage2,4,0.12810415029525757,0.17862778902053833,0.0,0.12810415029525757,0.0001,1e-05,53.607,3.5899,0.6683
6214,stage2,4,0.15360864996910095,0.17082706093788147,0.0,0.15360864996910095,0.0001,1e-05,53.601,3.6627,5.1171
6215,stage2,4,0.13440050184726715,0.2031979113817215,0.0,0.13440050184726715,0.0001,1e-05,53.604,3.9356,0.6667
6216,stage2,4,0.12674063444137573,0.20623145997524261,0.0,0.12674063444137573,0.0001,1e-05,53.614,4.1339,0.6668
6217,stage2,4,0.14836353063583374,0.18013188242912292,0.0,0.14836353063583374,0.0001,1e-05,53.617,3.3886,0.6672
6218,stage2,4,0.10874133557081223,0.20950162410736084,0.0,0.10874133557081223,0.0001,1e-05,53.607,3.4459,0.6675
6219,stage2,4,0.14432960748672485,0.16386520862579346,0.0,0.14432960748672485,0.0001,1e-05,53.606,3.1028,0.6678
6220,stage2,4,0.0987696573138237,0.2107141762971878,0.0,0.0987696573138237,0.0001,1e-05,53.607,3.2218,0.6683
6221,stage2,4,0.1489279866218567,0.16754239797592163,0.0,0.1489279866218567,0.0001,1e-05,53.608,4.1561,0.6689
6222,stage2,4,0.1235787644982338,0.16569320857524872,0.0,0.1235787644982338,0.0001,1e-05,53.602,3.2231,4.672
6223,stage2,4,0.1290643811225891,0.19818611443042755,0.0,0.1290643811225891,0.0001,1e-05,53.598,3.8595,0.6662
6224,stage2,4,0.15031485259532928,0.205180361866951,0.0,0.15031485259532928,0.0001,1e-05,53.598,4.1686,0.6665
6225,stage2,4,0.15866447985172272,0.16225728392601013,0.0,0.15866447985172272,0.0001,1e-05,53.585,4.471,0.6669
6226,stage2,4,0.13836130499839783,0.16920331120491028,0.0,0.13836130499839783,0.0001,1e-05,53.596,3.842,0.6679
6227,stage2,4,0.15385350584983826,0.1807277947664261,0.0,0.15385350584983826,0.0001,1e-05,53.604,3.3759,0.6685
6228,stage2,4,0.1120336651802063,0.20483793318271637,0.0,0.1120336651802063,0.0001,1e-05,53.603,3.0055,0.6683
6229,stage2,4,0.15294361114501953,0.16332009434700012,0.0,0.15294361114501953,0.0001,1e-05,53.598,3.7221,0.6787
6230,stage2,4,0.16609802842140198,0.18381713330745697,0.0,0.16609802842140198,0.0001,1e-05,53.594,3.9607,4.6254
6231,stage2,4,0.12613853812217712,0.16005690395832062,0.0,0.12613853812217712,0.0001,1e-05,53.6,3.2162,0.6672
6232,stage2,4,0.1505926549434662,0.18783022463321686,0.0,0.1505926549434662,0.0001,1e-05,53.608,3.552,0.6666
6233,stage2,4,0.13846418261528015,0.15472273528575897,0.0,0.13846418261528015,0.0001,1e-05,53.601,3.6521,0.668
6234,stage2,4,0.1465619057416916,0.15105682611465454,0.0,0.1465619057416916,0.0001,1e-05,53.607,3.3543,0.6679
6235,stage2,4,0.18343646824359894,0.15246756374835968,0.0,0.18343646824359894,0.0001,1e-05,53.604,3.4779,0.6687
6236,stage2,4,0.12838321924209595,0.17309805750846863,0.0,0.12838321924209595,0.0001,1e-05,53.615,3.4616,0.6685
6237,stage2,4,0.131699338555336,0.16359201073646545,0.0,0.131699338555336,0.0001,1e-05,53.604,3.4724,0.6691
6238,stage2,4,0.16272889077663422,0.1688348799943924,0.0,0.16272889077663422,0.0001,1e-05,53.599,3.1591,5.1515
6239,stage2,4,0.15557831525802612,0.18401679396629333,0.0,0.15557831525802612,0.0001,1e-05,53.605,4.9091,0.6659
6240,stage2,4,0.16856008768081665,0.16154372692108154,0.0,0.16856008768081665,0.0001,1e-05,53.607,5.3123,0.6667
6241,stage2,4,0.15615728497505188,0.19991867244243622,0.0,0.15615728497505188,0.0001,1e-05,53.597,3.3146,0.667
6242,stage2,4,0.13094915449619293,0.20133161544799805,0.0,0.13094915449619293,0.0001,1e-05,53.603,3.9032,0.6666
6243,stage2,4,0.12362923473119736,0.18651387095451355,0.0,0.12362923473119736,0.0001,1e-05,53.605,4.0866,0.668
6244,stage2,4,0.1685945987701416,0.17543409764766693,0.0,0.1685945987701416,0.0001,1e-05,53.605,5.6326,0.6728
6245,stage2,4,0.16293968260288239,0.16090647876262665,0.0,0.16293968260288239,0.0001,1e-05,53.618,3.7179,0.6689
6246,stage2,4,0.15244853496551514,0.1639159470796585,0.0,0.15244853496551514,0.0001,1e-05,53.606,3.2606,4.6212
6247,stage2,4,0.17249801754951477,0.18474914133548737,0.0,0.17249801754951477,0.0001,1e-05,53.604,4.7315,0.6657
6248,stage2,4,0.16219985485076904,0.16832050681114197,0.0,0.16219985485076904,0.0001,1e-05,53.605,4.4566,0.6667
6249,stage2,4,0.16918781399726868,0.18631213903427124,0.0,0.16918781399726868,0.0001,1e-05,53.602,4.5954,0.6681
6250,stage2,4,0.14770999550819397,0.17566204071044922,0.0,0.14770999550819397,0.0001,1e-05,53.602,3.6443,0.6681
6251,stage2,4,0.11808483302593231,0.19009001553058624,0.0,0.11808483302593231,0.0001,1e-05,53.603,4.553,0.6689
6252,stage2,4,0.12391968816518784,0.190031498670578,0.0,0.12391968816518784,0.0001,1e-05,53.604,4.1832,0.6688
6253,stage2,4,0.13691894710063934,0.17897184193134308,0.0,0.13691894710063934,0.0001,1e-05,53.609,3.646,0.6698
6254,stage2,4,0.148265540599823,0.15937235951423645,0.0,0.148265540599823,0.0001,1e-05,53.604,3.0452,4.5587
6255,stage2,4,0.1472596377134323,0.1896578073501587,0.0,0.1472596377134323,0.0001,1e-05,53.61,3.5401,0.6669
6256,stage2,4,0.16180233657360077,0.1626015156507492,0.0,0.16180233657360077,0.0001,1e-05,53.601,4.4822,0.6666
6257,stage2,4,0.14199690520763397,0.19895145297050476,0.0,0.14199690520763397,0.0001,1e-05,53.598,4.0747,0.6687
6258,stage2,4,0.15008413791656494,0.1844807118177414,0.0,0.15008413791656494,0.0001,1e-05,53.601,4.0628,0.6679
6259,stage2,4,0.1534276157617569,0.1789320856332779,0.0,0.1534276157617569,0.0001,1e-05,53.603,3.4392,0.6685
6260,stage2,4,0.13280540704727173,0.1712207943201065,0.0,0.13280540704727173,0.0001,1e-05,53.618,3.835,0.6693
6261,stage2,4,0.15567876398563385,0.16928702592849731,0.0,0.15567876398563385,0.0001,1e-05,53.61,3.1752,0.6739
6262,stage2,4,0.14963355660438538,0.18844002485275269,0.0,0.14963355660438538,0.0001,1e-05,53.604,3.3007,4.544
6263,stage2,4,0.12717822194099426,0.18234911561012268,0.0,0.12717822194099426,0.0001,1e-05,53.597,4.5908,0.6668
6264,stage2,4,0.12979140877723694,0.17698417603969574,0.0,0.12979140877723694,0.0001,1e-05,53.596,3.6469,0.6706
6265,stage2,4,0.17867128551006317,0.1976783126592636,0.0,0.17867128551006317,0.0001,1e-05,53.606,3.4583,0.668
6266,stage2,4,0.1417849361896515,0.19354116916656494,0.0,0.1417849361896515,0.0001,1e-05,53.606,3.1239,0.6684
6267,stage2,4,0.15113867819309235,0.19769352674484253,0.0,0.15113867819309235,0.0001,1e-05,53.594,3.9033,0.6691
6268,stage2,4,0.16113410890102386,0.18540455400943756,0.0,0.16113410890102386,0.0001,1e-05,53.613,3.1252,0.669
6269,stage2,4,0.1403840333223343,0.17998595535755157,0.0,0.1403840333223343,0.0001,1e-05,53.599,3.7143,0.6694
6270,stage2,4,0.15079092979431152,0.1741330623626709,0.0,0.15079092979431152,0.0001,1e-05,53.601,4.1013,4.2954
6271,stage2,4,0.1649191677570343,0.1575036197900772,0.0,0.1649191677570343,0.0001,1e-05,53.59,4.0637,0.6673
6272,stage2,4,0.12077634036540985,0.2045499086380005,0.0,0.12077634036540985,0.0001,1e-05,53.61,3.2685,0.6682
6273,stage2,4,0.12306522578001022,0.18020544946193695,0.0,0.12306522578001022,0.0001,1e-05,53.602,3.0896,0.6732
6274,stage2,4,0.11508450657129288,0.2130294293165207,0.0,0.11508450657129288,0.0001,1e-05,53.596,3.5656,0.6691
6275,stage2,4,0.13969506323337555,0.20252954959869385,0.0,0.13969506323337555,0.0001,1e-05,53.6,3.8607,0.6689
6276,stage2,4,0.14291758835315704,0.16831369698047638,0.0,0.14291758835315704,0.0001,1e-05,53.593,4.737,0.6698
6277,stage2,4,0.12942734360694885,0.16560906171798706,0.0,0.12942734360694885,0.0001,1e-05,53.594,2.9855,0.669
6278,stage2,4,0.1551196426153183,0.18573303520679474,0.0,0.1551196426153183,0.0001,1e-05,53.591,4.7387,4.1719
6279,stage2,4,0.13867129385471344,0.18836773931980133,0.0,0.13867129385471344,0.0001,1e-05,53.607,3.4951,0.8172
6280,stage2,4,0.15065108239650726,0.19062761962413788,0.0,0.15065108239650726,0.0001,1e-05,53.61,4.6417,0.6683
6281,stage2,4,0.11200489103794098,0.18970894813537598,0.0,0.11200489103794098,0.0001,1e-05,53.6,3.5623,0.6698
6282,stage2,4,0.11721740663051605,0.1921406388282776,0.0,0.11721740663051605,0.0001,1e-05,53.604,3.7081,0.6705
6283,stage2,4,0.1225738376379013,0.20162421464920044,0.0,0.1225738376379013,0.0001,1e-05,53.599,4.4606,0.6698
6284,stage2,4,0.15699471533298492,0.19579868018627167,0.0,0.15699471533298492,0.0001,1e-05,53.599,4.1315,0.67
6285,stage2,4,0.1514735221862793,0.16143427789211273,0.0,0.1514735221862793,0.0001,1e-05,53.597,3.4663,0.6695
6286,stage2,4,0.1329212337732315,0.17840300500392914,0.0,0.1329212337732315,0.0001,1e-05,53.607,4.1983,4.2792
6287,stage2,4,0.13501590490341187,0.17133380472660065,0.0,0.13501590490341187,0.0001,1e-05,53.597,4.0299,1.1915
6288,stage2,4,0.15006741881370544,0.1852061152458191,0.0,0.15006741881370544,0.0001,1e-05,53.605,4.307,0.6866
6289,stage2,4,0.1438564956188202,0.190458744764328,0.0,0.1438564956188202,0.0001,1e-05,53.603,3.8331,0.6698
6290,stage2,4,0.1719045788049698,0.18704327940940857,0.0,0.1719045788049698,0.0001,1e-05,53.6,4.1565,0.6696
6291,stage2,4,0.14873579144477844,0.16590508818626404,0.0,0.14873579144477844,0.0001,1e-05,53.6,3.826,0.6696
6292,stage2,4,0.15019045770168304,0.17155878245830536,0.0,0.15019045770168304,0.0001,1e-05,53.606,4.0489,0.6759
6293,stage2,4,0.15072326362133026,0.17004399001598358,0.0,0.15072326362133026,0.0001,1e-05,53.615,4.5975,0.6713
6294,stage2,4,0.10189633071422577,0.1767631620168686,0.0,0.10189633071422577,0.0001,1e-05,53.604,3.1704,3.769
6295,stage2,4,0.11506766825914383,0.17404721677303314,0.0,0.11506766825914383,0.0001,1e-05,53.601,3.4631,1.5625
6296,stage2,4,0.14299988746643066,0.1688842475414276,0.0,0.14299988746643066,0.0001,1e-05,53.604,3.7933,1.4039
6297,stage2,4,0.15307992696762085,0.20227527618408203,0.0,0.15307992696762085,0.0001,1e-05,53.605,4.7748,0.6675
6298,stage2,4,0.14907127618789673,0.1763228178024292,0.0,0.14907127618789673,0.0001,1e-05,53.602,3.7925,0.6696
6299,stage2,4,0.1420692652463913,0.1899886578321457,0.0,0.1420692652463913,0.0001,1e-05,53.611,4.7474,0.669
6300,stage2,4,0.1461571305990219,0.17685775458812714,0.0,0.1461571305990219,0.0001,1e-05,53.593,3.6618,0.6689
6301,stage2,4,0.14900590479373932,0.18839406967163086,0.0,0.14900590479373932,0.0001,1e-05,53.593,4.0115,0.6688
6302,stage2,4,0.1465933471918106,0.19580577313899994,0.0,0.1465933471918106,0.0001,1e-05,53.614,3.9296,2.7898
6303,stage2,4,0.13572800159454346,0.1825849562883377,0.0,0.13572800159454346,0.0001,1e-05,53.598,3.5945,1.8541
6304,stage2,4,0.14716361463069916,0.1632659137248993,0.0,0.14716361463069916,0.0001,1e-05,53.608,3.7032,2.173
6305,stage2,4,0.14877909421920776,0.18235500156879425,0.0,0.14877909421920776,0.0001,1e-05,53.599,3.6901,0.6672
6306,stage2,4,0.1874168962240219,0.1497817486524582,0.0,0.1874168962240219,0.0001,1e-05,53.598,3.6829,0.6679
6307,stage2,4,0.11499578505754471,0.20154133439064026,0.0,0.11499578505754471,0.0001,1e-05,53.602,3.2212,0.6692
6308,stage2,4,0.1463930308818817,0.1924324929714203,0.0,0.1463930308818817,0.0001,1e-05,53.584,3.6229,0.6685
6309,stage2,4,0.1686481535434723,0.1800716370344162,0.0,0.1686481535434723,0.0001,1e-05,53.6,3.2843,0.6696
6310,stage2,4,0.13330823183059692,0.19979065656661987,0.0,0.13330823183059692,0.0001,1e-05,53.6,3.7539,1.7426
6311,stage2,4,0.15401224792003632,0.1780693382024765,0.0,0.15401224792003632,0.0001,1e-05,53.6,3.1395,1.9422
6312,stage2,4,0.13508783280849457,0.16572384536266327,0.0,0.13508783280849457,0.0001,1e-05,53.597,3.2047,2.917
6313,stage2,4,0.1493823528289795,0.17693574726581573,0.0,0.1493823528289795,0.0001,1e-05,53.599,3.6334,0.6702
6314,stage2,4,0.13390929996967316,0.16154035925865173,0.0,0.13390929996967316,0.0001,1e-05,53.601,3.5389,0.6686
6315,stage2,4,0.13980185985565186,0.16390903294086456,0.0,0.13980185985565186,0.0001,1e-05,53.6,4.243,0.668
6316,stage2,4,0.15186531841754913,0.15974341332912445,0.0,0.15186531841754913,0.0001,1e-05,53.601,3.4329,0.6685
6317,stage2,4,0.13757239282131195,0.20103004574775696,0.0,0.13757239282131195,0.0001,1e-05,53.602,3.356,0.6695
6318,stage2,4,0.1520419418811798,0.17910236120224,0.0,0.1520419418811798,0.0001,1e-05,53.603,3.6122,0.8375
6319,stage2,4,0.153819277882576,0.14476685225963593,0.0,0.153819277882576,0.0001,1e-05,53.607,3.6379,2.3644
6320,stage2,4,0.14081241190433502,0.20070789754390717,0.0,0.14081241190433502,0.0001,1e-05,53.603,3.9089,2.9455
6321,stage2,4,0.13953128457069397,0.15830984711647034,0.0,0.13953128457069397,0.0001,1e-05,53.605,3.6119,0.6676
6322,stage2,4,0.15649056434631348,0.1775631606578827,0.0,0.15649056434631348,0.0001,1e-05,53.599,3.2857,0.6684
6323,stage2,4,0.1628681868314743,0.1824578046798706,0.0,0.1628681868314743,0.0001,1e-05,53.608,3.5234,0.6684
6324,stage2,4,0.17281532287597656,0.18553315103054047,0.0,0.17281532287597656,0.0001,1e-05,53.598,3.7005,0.6685
6325,stage2,4,0.11985862255096436,0.1817023903131485,0.0,0.11985862255096436,0.0001,1e-05,53.601,3.2455,0.6697
6326,stage2,4,0.16419821977615356,0.20445099472999573,0.0,0.16419821977615356,0.0001,1e-05,53.589,4.0799,1.231
6327,stage2,4,0.14347992837429047,0.1914418488740921,0.0,0.14347992837429047,0.0001,1e-05,53.596,3.7256,2.0599
6328,stage2,4,0.12880338728427887,0.19163000583648682,0.0,0.12880338728427887,0.0001,1e-05,53.59,3.7538,3.1405
6329,stage2,4,0.15702837705612183,0.18395280838012695,0.0,0.15702837705612183,0.0001,1e-05,53.604,6.385,0.6674
6330,stage2,4,0.14165529608726501,0.19754493236541748,0.0,0.14165529608726501,0.0001,1e-05,53.609,3.0862,0.6677
6331,stage2,4,0.1479426920413971,0.21129277348518372,0.0,0.1479426920413971,0.0001,1e-05,53.6,5.4096,0.6692
6332,stage2,4,0.17375707626342773,0.1658831685781479,0.0,0.17375707626342773,0.0001,1e-05,53.596,3.8076,0.6689
6333,stage2,4,0.14116375148296356,0.19385167956352234,0.0,0.14116375148296356,0.0001,1e-05,53.592,3.5981,0.6714
6334,stage2,4,0.14865873754024506,0.19335536658763885,0.0,0.14865873754024506,0.0001,1e-05,53.599,3.644,1.1388
6335,stage2,4,0.15756039321422577,0.17541567981243134,0.0,0.15756039321422577,0.0001,1e-05,53.601,3.2443,2.0403
6336,stage2,4,0.1408555656671524,0.19022168219089508,0.0,0.1408555656671524,0.0001,1e-05,53.605,3.6474,3.3136
6337,stage2,4,0.15847106277942657,0.17625436186790466,0.0,0.15847106277942657,0.0001,1e-05,53.598,3.3046,0.6671
6338,stage2,4,0.13858050107955933,0.20285969972610474,0.0,0.13858050107955933,0.0001,1e-05,53.611,3.2881,0.6674
6339,stage2,4,0.16018261015415192,0.1872326135635376,0.0,0.16018261015415192,0.0001,1e-05,53.593,3.7012,0.6677
6340,stage2,4,0.15574270486831665,0.1666775792837143,0.0,0.15574270486831665,0.0001,1e-05,53.603,4.043,0.6691
6341,stage2,4,0.16268904507160187,0.18471848964691162,0.0,0.16268904507160187,0.0001,1e-05,53.604,3.9153,0.6698
6342,stage2,4,0.14658907055854797,0.19006367027759552,0.0,0.14658907055854797,0.0001,1e-05,53.598,3.7562,1.0324
6343,stage2,4,0.15846216678619385,0.1822100430727005,0.0,0.15846216678619385,0.0001,1e-05,53.605,3.8048,1.9988
6344,stage2,4,0.15114770829677582,0.1701214611530304,0.0,0.15114770829677582,0.0001,1e-05,53.603,3.8896,3.4352
6345,stage2,4,0.16462740302085876,0.17279432713985443,0.0,0.16462740302085876,0.0001,1e-05,53.605,4.4113,0.6726
6346,stage2,4,0.14883199334144592,0.18542523682117462,0.0,0.14883199334144592,0.0001,1e-05,53.597,3.0332,0.6673
6347,stage2,4,0.1265939623117447,0.18922485411167145,0.0,0.1265939623117447,0.0001,1e-05,53.605,3.7471,0.6684
6348,stage2,4,0.13161565363407135,0.16809813678264618,0.0,0.13161565363407135,0.0001,1e-05,53.601,3.499,0.6683
6349,stage2,4,0.1343967616558075,0.21172484755516052,0.0,0.1343967616558075,0.0001,1e-05,53.596,3.6462,0.6694
6350,stage2,4,0.16115088760852814,0.1720467507839203,0.0,0.16115088760852814,0.0001,1e-05,53.609,5.333,0.9754
6351,stage2,4,0.16974198818206787,0.1836392879486084,0.0,0.16974198818206787,0.0001,1e-05,53.603,3.8809,2.0217
6352,stage2,4,0.14864136278629303,0.184635728597641,0.0,0.14864136278629303,0.0001,1e-05,53.611,3.4419,3.292
6353,stage2,4,0.13074128329753876,0.18397249281406403,0.0,0.13074128329753876,0.0001,1e-05,53.617,3.9839,0.6685
6354,stage2,4,0.10860683768987656,0.18146786093711853,0.0,0.10860683768987656,0.0001,1e-05,53.599,2.9274,0.6681
6355,stage2,4,0.12481796741485596,0.16758358478546143,0.0,0.12481796741485596,0.0001,1e-05,53.597,3.4419,0.6677
6356,stage2,4,0.16861793398857117,0.1760755479335785,0.0,0.16861793398857117,0.0001,1e-05,53.597,3.7365,0.6687
6357,stage2,4,0.1748073846101761,0.1937161087989807,0.0,0.1748073846101761,0.0001,1e-05,53.6,3.7429,0.6692
6358,stage2,4,0.12946870923042297,0.20325306057929993,0.0,0.12946870923042297,0.0001,1e-05,53.599,2.9222,0.8128
6359,stage2,4,0.1366214007139206,0.17352111637592316,0.0,0.1366214007139206,0.0001,1e-05,53.609,3.6408,1.8369
6360,stage2,4,0.1602775901556015,0.19085222482681274,0.0,0.1602775901556015,0.0001,1e-05,53.6,4.6151,3.1802
6361,stage2,4,0.14378871023654938,0.1897576004266739,0.0,0.14378871023654938,0.0001,1e-05,53.594,4.185,0.6672
6362,stage2,4,0.18022069334983826,0.18181678652763367,0.0,0.18022069334983826,0.0001,1e-05,53.597,3.9697,0.668
6363,stage2,4,0.1542573869228363,0.1855357438325882,0.0,0.1542573869228363,0.0001,1e-05,53.603,3.9684,0.6688
6364,stage2,4,0.1379021853208542,0.17123664915561676,0.0,0.1379021853208542,0.0001,1e-05,53.596,4.2587,0.6695
6365,stage2,4,0.15511003136634827,0.16160644590854645,0.0,0.15511003136634827,0.0001,1e-05,53.602,4.8121,0.6691
6366,stage2,4,0.121949203312397,0.1962188333272934,0.0,0.121949203312397,0.0001,1e-05,53.592,3.4661,1.0926
6367,stage2,4,0.15115602314472198,0.16239018738269806,0.0,0.15115602314472198,0.0001,1e-05,53.6,3.725,1.456
6368,stage2,4,0.1166239008307457,0.18397530913352966,0.0,0.1166239008307457,0.0001,1e-05,53.595,3.4057,3.0367
6369,stage2,4,0.18369068205356598,0.1713997721672058,0.0,0.18369068205356598,0.0001,1e-05,53.602,4.1524,0.6682
6370,stage2,4,0.13502368330955505,0.1756841242313385,0.0,0.13502368330955505,0.0001,1e-05,53.596,4.2426,0.6684
6371,stage2,4,0.12130309641361237,0.1853465884923935,0.0,0.12130309641361237,0.0001,1e-05,53.604,3.1114,0.6689
6372,stage2,4,0.1470569670200348,0.17247171700000763,0.0,0.1470569670200348,0.0001,1e-05,53.593,3.6764,0.669
6373,stage2,4,0.12298515439033508,0.19027456641197205,0.0,0.12298515439033508,0.0001,1e-05,53.591,3.6176,0.6694
6374,stage2,4,0.10996529459953308,0.18257850408554077,0.0,0.10996529459953308,0.0001,1e-05,53.599,3.0407,1.622
6375,stage2,4,0.1253136396408081,0.21459658443927765,0.0,0.1253136396408081,0.0001,1e-05,53.601,3.4138,1.5206
6376,stage2,4,0.1862211376428604,0.17697767913341522,0.0,0.1862211376428604,0.0001,1e-05,53.601,3.2156,2.5884
6377,stage2,4,0.12647710740566254,0.1829180270433426,0.0,0.12647710740566254,0.0001,1e-05,53.606,3.8236,0.6678
6378,stage2,4,0.12255530804395676,0.17682787775993347,0.0,0.12255530804395676,0.0001,1e-05,53.601,3.8946,0.6684
6379,stage2,4,0.13311204314231873,0.1796993762254715,0.0,0.13311204314231873,0.0001,1e-05,53.597,3.9756,0.6715
6380,stage2,4,0.14152835309505463,0.1838897466659546,0.0,0.14152835309505463,0.0001,1e-05,53.6,3.4886,0.6681
6381,stage2,4,0.10888922959566116,0.18784180283546448,0.0,0.10888922959566116,0.0001,1e-05,53.593,3.3618,0.6696
6382,stage2,4,0.1384890228509903,0.22443978488445282,0.0,0.1384890228509903,0.0001,1e-05,53.602,4.0479,2.155
6383,stage2,4,0.13614989817142487,0.20249657332897186,0.0,0.13614989817142487,0.0001,1e-05,53.594,4.0902,1.4677
6384,stage2,4,0.1364012211561203,0.17882785201072693,0.0,0.1364012211561203,0.0001,1e-05,53.593,3.6535,1.974
6385,stage2,4,0.183462455868721,0.17701508104801178,0.0,0.183462455868721,0.0001,1e-05,53.603,4.527,0.6684
6386,stage2,4,0.15340064465999603,0.17039579153060913,0.0,0.15340064465999603,0.0001,1e-05,53.596,4.067,0.6686
6387,stage2,4,0.15092116594314575,0.17832984030246735,0.0,0.15092116594314575,0.0001,1e-05,53.608,4.5685,0.6693
6388,stage2,4,0.1387956142425537,0.18772777915000916,0.0,0.1387956142425537,0.0001,1e-05,53.601,4.7451,1.4579
6389,stage2,4,0.1407601535320282,0.1657181978225708,0.0,0.1407601535320282,0.0001,1e-05,53.602,3.8331,0.6682
6390,stage2,4,0.11824817210435867,0.1770077347755432,0.0,0.11824817210435867,0.0001,1e-05,53.605,4.1521,1.8264
6391,stage2,4,0.12553629279136658,0.21946489810943604,0.0,0.12553629279136658,0.0001,1e-05,53.594,4.7379,1.5768
6392,stage2,4,0.11599897593259811,0.19470518827438354,0.0,0.11599897593259811,0.0001,1e-05,53.595,4.3799,1.4803
6393,stage2,4,0.10621640086174011,0.18757742643356323,0.0,0.10621640086174011,0.0001,1e-05,53.59,3.5456,0.6687
6394,stage2,4,0.13162675499916077,0.23343203961849213,0.0,0.13162675499916077,0.0001,1e-05,53.607,3.6367,0.6702
6395,stage2,4,0.14706185460090637,0.16542333364486694,0.0,0.14706185460090637,0.0001,1e-05,53.603,3.4919,0.67
6396,stage2,4,0.15694746375083923,0.1683914065361023,0.0,0.15694746375083923,0.0001,1e-05,53.602,3.797,1.9648
6397,stage2,4,0.16532057523727417,0.1619953215122223,0.0,0.16532057523727417,0.0001,1e-05,53.607,4.893,0.6699
6398,stage2,4,0.14835421741008759,0.16576668620109558,0.0,0.14835421741008759,0.0001,1e-05,53.596,4.1556,1.6339
6399,stage2,4,0.1267324835062027,0.22008150815963745,0.0,0.1267324835062027,0.0001,1e-05,53.607,3.8835,1.6161
6400,stage2,4,0.14517579972743988,0.19635654985904694,0.0,0.14517579972743988,0.0001,1e-05,53.604,3.9534,2.2193
6401,stage2,4,0.1456630676984787,0.18624508380889893,0.0,0.1456630676984787,0.0001,1e-05,53.599,3.5141,0.6678
6402,stage2,4,0.15872395038604736,0.1969960480928421,0.0,0.15872395038604736,0.0001,1e-05,53.603,3.3625,0.6686
6403,stage2,4,0.14704875648021698,0.1882118135690689,0.0,0.14704875648021698,0.0001,1e-05,53.608,4.9828,0.6689
6404,stage2,4,0.14696000516414642,0.17615604400634766,0.0,0.14696000516414642,0.0001,1e-05,53.596,3.9521,1.7031
6405,stage2,4,0.1403866410255432,0.17611569166183472,0.0,0.1403866410255432,0.0001,1e-05,53.61,4.1343,0.6691
6406,stage2,4,0.14818306267261505,0.1684112846851349,0.0,0.14818306267261505,0.0001,1e-05,53.6,3.4179,1.1682
6407,stage2,4,0.1614455133676529,0.1825668066740036,0.0,0.1614455133676529,0.0001,1e-05,53.612,3.9142,1.7805
6408,stage2,4,0.13310524821281433,0.1686088591814041,0.0,0.13310524821281433,0.0001,1e-05,53.618,3.6055,2.5587
6409,stage2,4,0.1733260601758957,0.20465867221355438,0.0,0.1733260601758957,0.0001,1e-05,53.609,4.445,0.6683
6410,stage2,4,0.16752386093139648,0.1710439920425415,0.0,0.16752386093139648,0.0001,1e-05,53.61,3.1476,0.6694
6411,stage2,4,0.16436022520065308,0.17312456667423248,0.0,0.16436022520065308,0.0001,1e-05,53.603,4.6559,0.6691
6412,stage2,4,0.14984968304634094,0.17084603011608124,0.0,0.14984968304634094,0.0001,1e-05,53.603,4.4183,1.506
6413,stage2,4,0.14600642025470734,0.1597628891468048,0.0,0.14600642025470734,0.0001,1e-05,53.604,4.5918,0.6701
6414,stage2,4,0.12254533916711807,0.19902539253234863,0.0,0.12254533916711807,0.0001,1e-05,53.609,4.0117,0.8531
6415,stage2,4,0.14607614278793335,0.17136624455451965,0.0,0.14607614278793335,0.0001,1e-05,53.599,3.3536,1.7827
6416,stage2,4,0.12223359197378159,0.1754174530506134,0.0,0.12223359197378159,0.0001,1e-05,53.596,4.7215,2.7878
6417,stage2,4,0.12515433132648468,0.16754001379013062,0.0,0.12515433132648468,0.0001,1e-05,53.6,2.9641,0.6681
6418,stage2,4,0.15704737603664398,0.18228474259376526,0.0,0.15704737603664398,0.0001,1e-05,53.602,4.1478,0.6694
6419,stage2,4,0.132940411567688,0.19434773921966553,0.0,0.132940411567688,0.0001,1e-05,53.609,3.1911,0.6699
6420,stage2,4,0.12024104595184326,0.17435014247894287,0.0,0.12024104595184326,0.0001,1e-05,53.608,3.523,1.6203
6421,stage2,4,0.14463628828525543,0.19626395404338837,0.0,0.14463628828525543,0.0001,1e-05,53.62,3.4875,0.669
6422,stage2,4,0.16112884879112244,0.16836579144001007,0.0,0.16112884879112244,0.0001,1e-05,53.603,4.1994,0.6693
6423,stage2,4,0.1392008364200592,0.18768569827079773,0.0,0.1392008364200592,0.0001,1e-05,53.6,4.0505,1.4084
6424,stage2,4,0.1290525645017624,0.18754835426807404,0.0,0.1290525645017624,0.0001,1e-05,53.605,3.2032,3.0484
6425,stage2,4,0.14654439687728882,0.1612473428249359,0.0,0.14654439687728882,0.0001,1e-05,53.596,3.5436,0.6698
6426,stage2,4,0.14323149621486664,0.1800643652677536,0.0,0.14323149621486664,0.0001,1e-05,53.588,4.0174,0.6696
6427,stage2,4,0.1282963901758194,0.1882764846086502,0.0,0.1282963901758194,0.0001,1e-05,53.585,4.0316,0.6698
6428,stage2,4,0.13437794148921967,0.1826544851064682,0.0,0.13437794148921967,0.0001,1e-05,53.596,3.3517,1.8114
6429,stage2,4,0.12633509933948517,0.18337395787239075,0.0,0.12633509933948517,0.0001,1e-05,53.594,4.0606,0.6697
6430,stage2,4,0.1392693817615509,0.1673818826675415,0.0,0.1392693817615509,0.0001,1e-05,53.594,2.8539,0.671
6431,stage2,4,0.16696597635746002,0.14418910443782806,0.0,0.16696597635746002,0.0001,1e-05,53.608,3.3309,0.8901
6432,stage2,4,0.14398734271526337,0.18584339320659637,0.0,0.14398734271526337,0.0001,1e-05,53.598,3.8434,3.4075
6433,stage2,4,0.14333012700080872,0.20466794073581696,0.0,0.14333012700080872,0.0001,1e-05,53.594,3.3916,0.6689
6434,stage2,4,0.1290481984615326,0.18474936485290527,0.0,0.1290481984615326,0.0001,1e-05,53.611,3.9703,0.6696
6435,stage2,4,0.17714279890060425,0.14954803884029388,0.0,0.17714279890060425,0.0001,1e-05,53.608,3.1915,0.6697
6436,stage2,4,0.09227492660284042,0.19412130117416382,0.0,0.09227492660284042,0.0001,1e-05,53.598,3.44,1.6103
6437,stage2,4,0.1400572508573532,0.16585199534893036,0.0,0.1400572508573532,0.0001,1e-05,53.588,3.087,0.6687
6438,stage2,4,0.11924947053194046,0.17639558017253876,0.0,0.11924947053194046,0.0001,1e-05,53.6,3.9018,0.6701
6439,stage2,4,0.16245096921920776,0.16732525825500488,0.0,0.16245096921920776,0.0001,1e-05,53.603,3.2817,0.9319
6440,stage2,4,0.1498582810163498,0.19431741535663605,0.0,0.1498582810163498,0.0001,1e-05,53.599,3.861,3.472
6441,stage2,4,0.14093834161758423,0.17190766334533691,0.0,0.14093834161758423,0.0001,1e-05,53.594,3.6047,0.6687
6442,stage2,4,0.14612682163715363,0.17184658348560333,0.0,0.14612682163715363,0.0001,1e-05,53.593,3.6347,0.6697
6443,stage2,4,0.1558791995048523,0.16855314373970032,0.0,0.1558791995048523,0.0001,1e-05,53.612,3.8013,0.6709
6444,stage2,4,0.12393578141927719,0.21981194615364075,0.0,0.12393578141927719,0.0001,1e-05,53.602,2.9709,2.0488
6445,stage2,4,0.13521863520145416,0.1839422583580017,0.0,0.13521863520145416,0.0001,1e-05,53.606,3.6762,0.6693
6446,stage2,4,0.12869742512702942,0.16659946739673615,0.0,0.12869742512702942,0.0001,1e-05,53.601,3.4491,0.6801
6447,stage2,4,0.1577027291059494,0.15413056313991547,0.0,0.1577027291059494,0.0001,1e-05,53.617,3.3958,0.6709
6448,stage2,4,0.12643687427043915,0.16431716084480286,0.0,0.12643687427043915,0.0001,1e-05,53.601,3.0213,3.5861
6449,stage2,4,0.1396731436252594,0.15505394339561462,0.0,0.1396731436252594,0.0001,1e-05,53.6,3.1734,0.6685
6450,stage2,4,0.13810543715953827,0.2041134387254715,0.0,0.13810543715953827,0.0001,1e-05,53.599,4.1825,0.6697
6451,stage2,4,0.1625494658946991,0.1597011238336563,0.0,0.1625494658946991,0.0001,1e-05,53.604,3.8394,0.6696
6452,stage2,4,0.13047699630260468,0.1759016215801239,0.0,0.13047699630260468,0.0001,1e-05,53.608,3.8501,2.036
6453,stage2,4,0.14430919289588928,0.17343714833259583,0.0,0.14430919289588928,0.0001,1e-05,53.597,3.2004,0.6686
6454,stage2,4,0.13063402473926544,0.19632069766521454,0.0,0.13063402473926544,0.0001,1e-05,53.596,4.1664,0.6699
6455,stage2,4,0.12338399142026901,0.1840800940990448,0.0,0.12338399142026901,0.0001,1e-05,53.603,3.4063,0.6705
6456,stage2,4,0.15877513587474823,0.1719834804534912,0.0,0.15877513587474823,0.0001,1e-05,53.603,4.1762,3.2423
6457,stage2,4,0.16350719332695007,0.17981331050395966,0.0,0.16350719332695007,0.0001,1e-05,53.594,4.1345,0.6681
6458,stage2,4,0.14771729707717896,0.18003468215465546,0.0,0.14771729707717896,0.0001,1e-05,53.591,3.5874,0.6688
6459,stage2,4,0.12661102414131165,0.17084012925624847,0.0,0.12661102414131165,0.0001,1e-05,53.603,3.8709,0.6699
6460,stage2,4,0.13749173283576965,0.19009050726890564,0.0,0.13749173283576965,0.0001,1e-05,53.606,3.896,2.5586
6461,stage2,4,0.12904204428195953,0.20134785771369934,0.0,0.12904204428195953,0.0001,1e-05,53.602,4.9362,0.6699
6462,stage2,4,0.14702177047729492,0.175734743475914,0.0,0.14702177047729492,0.0001,1e-05,53.61,3.5426,0.6691
6463,stage2,4,0.1465572565793991,0.19817085564136505,0.0,0.1465572565793991,0.0001,1e-05,53.606,4.0429,0.6701
6464,stage2,4,0.137541264295578,0.16285210847854614,0.0,0.137541264295578,0.0001,1e-05,53.596,3.4741,3.2974
6465,stage2,4,0.10325319319963455,0.17133760452270508,0.0,0.10325319319963455,0.0001,1e-05,53.606,3.5202,0.6687
6466,stage2,4,0.15220801532268524,0.15761157870292664,0.0,0.15220801532268524,0.0001,1e-05,53.591,3.8777,0.6686
6467,stage2,4,0.12982682883739471,0.1851881891489029,0.0,0.12982682883739471,0.0001,1e-05,53.591,3.6832,0.669
6468,stage2,4,0.14205794036388397,0.18060021102428436,0.0,0.14205794036388397,0.0001,1e-05,53.597,4.2114,2.4233
6469,stage2,4,0.10612724721431732,0.17761820554733276,0.0,0.10612724721431732,0.0001,1e-05,53.601,3.762,0.6689
6470,stage2,4,0.14058606326580048,0.15885472297668457,0.0,0.14058606326580048,0.0001,1e-05,53.594,3.9383,0.669
6471,stage2,4,0.11663930863142014,0.16826574504375458,0.0,0.11663930863142014,0.0001,1e-05,53.599,3.4961,0.6692
6472,stage2,4,0.1501360535621643,0.18388445675373077,0.0,0.1501360535621643,0.0001,1e-05,53.585,3.6381,3.0157
6473,stage2,4,0.15012510120868683,0.1565830260515213,0.0,0.15012510120868683,0.0001,1e-05,53.596,4.0863,0.6676
6474,stage2,4,0.1391376554965973,0.19681553542613983,0.0,0.1391376554965973,0.0001,1e-05,53.593,4.9763,0.6721
6475,stage2,4,0.1274048537015915,0.17997688055038452,0.0,0.1274048537015915,0.0001,1e-05,53.596,3.0021,0.6686
6476,stage2,4,0.145039901137352,0.1853640228509903,0.0,0.145039901137352,0.0001,1e-05,53.597,3.7304,2.6661
6477,stage2,4,0.15672485530376434,0.15890108048915863,0.0,0.15672485530376434,0.0001,1e-05,53.595,3.9892,0.6727
6478,stage2,4,0.13199573755264282,0.16510382294654846,0.0,0.13199573755264282,0.0001,1e-05,53.603,3.958,0.6695
6479,stage2,4,0.1519431471824646,0.20838284492492676,0.0,0.1519431471824646,0.0001,1e-05,53.606,3.6402,0.6699
6480,stage2,4,0.14110423624515533,0.18980209529399872,0.0,0.14110423624515533,0.0001,1e-05,53.611,4.0454,2.6992
6481,stage2,4,0.1562991738319397,0.16129301488399506,0.0,0.1562991738319397,0.0001,1e-05,53.593,3.6468,0.6697
6482,stage2,4,0.09580645710229874,0.183615043759346,0.0,0.09580645710229874,0.0001,1e-05,53.611,3.2666,0.669
6483,stage2,4,0.1558629423379898,0.20116658508777618,0.0,0.1558629423379898,0.0001,1e-05,53.6,5.4918,0.6696
6484,stage2,4,0.1545049101114273,0.17378930747509003,0.0,0.1545049101114273,0.0001,1e-05,53.602,3.8857,3.0169
6485,stage2,4,0.12540578842163086,0.1758478879928589,0.0,0.12540578842163086,0.0001,1e-05,53.596,3.5854,0.6686
6486,stage2,4,0.13819074630737305,0.1657445728778839,0.0,0.13819074630737305,0.0001,1e-05,53.606,3.8744,0.6709
6487,stage2,4,0.1394987255334854,0.16967396438121796,0.0,0.1394987255334854,0.0001,1e-05,53.61,3.2637,0.6686
6488,stage2,4,0.12141828238964081,0.1729993373155594,0.0,0.12141828238964081,0.0001,1e-05,53.606,3.3669,2.273
6489,stage2,4,0.18349222838878632,0.16325101256370544,0.0,0.18349222838878632,0.0001,1e-05,53.603,3.9133,0.6689
6490,stage2,4,0.14942079782485962,0.17261064052581787,0.0,0.14942079782485962,0.0001,1e-05,53.598,3.6394,0.669
6491,stage2,4,0.1234702542424202,0.17440345883369446,0.0,0.1234702542424202,0.0001,1e-05,53.602,3.6266,0.6705
6492,stage2,4,0.1583738625049591,0.17784476280212402,0.0,0.1583738625049591,0.0001,1e-05,53.601,3.9784,3.3532
6493,stage2,4,0.151096373796463,0.1772504448890686,0.0,0.151096373796463,0.0001,1e-05,53.608,3.7703,0.668
6494,stage2,4,0.1263485848903656,0.1962345689535141,0.0,0.1263485848903656,0.0001,1e-05,53.606,3.8675,0.6695
6495,stage2,4,0.1322876513004303,0.18625956773757935,0.0,0.1322876513004303,0.0001,1e-05,53.619,3.1702,0.6695
6496,stage2,4,0.12237723171710968,0.16581551730632782,0.0,0.12237723171710968,0.0001,1e-05,53.596,3.1748,2.0185
6497,stage2,4,0.11051751673221588,0.16071297228336334,0.0,0.11051751673221588,0.0001,1e-05,53.603,3.3932,0.6693
6498,stage2,4,0.12406996637582779,0.18558351695537567,0.0,0.12406996637582779,0.0001,1e-05,53.614,3.1038,0.6699
6499,stage2,4,0.172882080078125,0.16448064148426056,0.0,0.172882080078125,0.0001,1e-05,53.604,3.5934,0.6697
6500,stage2,4,0.12805317342281342,0.1874949336051941,0.0,0.12805317342281342,0.0001,1e-05,53.61,3.5781,3.6763
6501,stage2,4,0.11557754129171371,0.19587421417236328,0.0,0.11557754129171371,0.0001,1e-05,53.611,4.0464,0.6683
6502,stage2,4,0.12777094542980194,0.17370682954788208,0.0,0.12777094542980194,0.0001,1e-05,53.596,3.6576,0.6692
6503,stage2,4,0.13043451309204102,0.1903851181268692,0.0,0.13043451309204102,0.0001,1e-05,53.601,3.4453,0.6697
6504,stage2,4,0.15037401020526886,0.18168678879737854,0.0,0.15037401020526886,0.0001,1e-05,53.608,4.2762,1.4887
6505,stage2,4,0.15221336483955383,0.16430282592773438,0.0,0.15221336483955383,0.0001,1e-05,53.613,3.7307,0.6702
6506,stage2,4,0.13909444212913513,0.17380161583423615,0.0,0.13909444212913513,0.0001,1e-05,53.604,4.2777,0.6702
6507,stage2,4,0.13722439110279083,0.17693182826042175,0.0,0.13722439110279083,0.0001,1e-05,53.605,4.882,0.6703
6508,stage2,4,0.13195502758026123,0.17042815685272217,0.0,0.13195502758026123,0.0001,1e-05,53.606,3.296,4.0778
6509,stage2,4,0.12549863755702972,0.17431338131427765,0.0,0.12549863755702972,0.0001,1e-05,53.598,3.676,0.669
6510,stage2,4,0.15840986371040344,0.2137513905763626,0.0,0.15840986371040344,0.0001,1e-05,53.599,4.1178,0.6693
6511,stage2,4,0.1438734531402588,0.15970513224601746,0.0,0.1438734531402588,0.0001,1e-05,53.594,3.8699,0.6695
6512,stage2,4,0.11174959689378738,0.20007874071598053,0.0,0.11174959689378738,0.0001,1e-05,53.607,3.303,1.1564
6513,stage2,4,0.13458570837974548,0.17333713173866272,0.0,0.13458570837974548,0.0001,1e-05,53.594,3.5345,0.6688
6514,stage2,4,0.11759322881698608,0.1688842475414276,0.0,0.11759322881698608,0.0001,1e-05,53.593,3.4732,0.6685
6515,stage2,4,0.13327088952064514,0.16572383046150208,0.0,0.13327088952064514,0.0001,1e-05,53.601,3.394,0.6695
6516,stage2,4,0.14445917308330536,0.18913158774375916,0.0,0.14445917308330536,0.0001,1e-05,53.607,3.2072,4.4886
6517,stage2,4,0.13605448603630066,0.1927589327096939,0.0,0.13605448603630066,0.0001,1e-05,53.607,4.5549,0.6649
6518,stage2,4,0.12516725063323975,0.1766079217195511,0.0,0.12516725063323975,0.0001,1e-05,53.61,3.224,0.6687
6519,stage2,4,0.12710462510585785,0.19329488277435303,0.0,0.12710462510585785,0.0001,1e-05,53.616,3.5363,0.6685
6520,stage2,4,0.16166090965270996,0.1670059859752655,0.0,0.16166090965270996,0.0001,1e-05,53.606,4.1962,0.6689
6521,stage2,4,0.1784699410200119,0.18896383047103882,0.0,0.1784699410200119,0.0001,1e-05,53.606,4.0848,0.6701
6522,stage2,4,0.10550715774297714,0.1780267357826233,0.0,0.10550715774297714,0.0001,1e-05,53.596,2.5366,0.6707
6523,stage2,4,0.1601819396018982,0.19965186715126038,0.0,0.1601819396018982,0.0001,1e-05,53.605,3.2093,0.6701
6524,stage2,4,0.13076195120811462,0.18124717473983765,0.0,0.13076195120811462,0.0001,1e-05,53.601,2.8275,4.4436
6525,stage2,4,0.1233619898557663,0.17994950711727142,0.0,0.1233619898557663,0.0001,1e-05,53.597,2.9882,0.6681
6526,stage2,4,0.10597016662359238,0.19330482184886932,0.0,0.10597016662359238,0.0001,1e-05,53.604,3.2483,0.6678
6527,stage2,4,0.12394507974386215,0.16986994445323944,0.0,0.12394507974386215,0.0001,1e-05,53.601,4.2288,0.6692
6528,stage2,4,0.1331031769514084,0.1838754415512085,0.0,0.1331031769514084,0.0001,1e-05,53.592,3.1826,0.8429
6529,stage2,4,0.15446245670318604,0.16092880070209503,0.0,0.15446245670318604,0.0001,1e-05,53.605,3.293,0.6695
6530,stage2,4,0.15945738554000854,0.16472411155700684,0.0,0.15945738554000854,0.0001,1e-05,53.611,4.1497,0.6708
6531,stage2,4,0.12194225192070007,0.17703302204608917,0.0,0.12194225192070007,0.0001,1e-05,53.6,3.4754,0.6717
6532,stage2,4,0.11964532732963562,0.16823045909404755,0.0,0.11964532732963562,0.0001,1e-05,53.6,3.1158,4.5205
6533,stage2,4,0.1768265813589096,0.15847182273864746,0.0,0.1768265813589096,0.0001,1e-05,53.612,3.7974,0.6702
6534,stage2,4,0.1433328092098236,0.183853879570961,0.0,0.1433328092098236,0.0001,1e-05,53.594,3.4042,0.6678
6535,stage2,4,0.1510927379131317,0.16594110429286957,0.0,0.1510927379131317,0.0001,1e-05,53.595,3.8038,0.6694
6536,stage2,4,0.15525269508361816,0.17387151718139648,0.0,0.15525269508361816,0.0001,1e-05,53.593,2.8345,0.8765
6537,stage2,4,0.15842656791210175,0.16528359055519104,0.0,0.15842656791210175,0.0001,1e-05,53.592,3.7084,0.6694
6538,stage2,4,0.1218097135424614,0.17147736251354218,0.0,0.1218097135424614,0.0001,1e-05,53.606,2.8635,0.6699
6539,stage2,4,0.1367463618516922,0.1791396290063858,0.0,0.1367463618516922,0.0001,1e-05,53.598,3.2746,0.676
6540,stage2,4,0.18613408505916595,0.17359836399555206,0.0,0.18613408505916595,0.0001,1e-05,53.605,3.8911,4.5517
6541,stage2,4,0.1533939093351364,0.1698477566242218,0.0,0.1533939093351364,0.0001,1e-05,53.586,4.3284,0.6685
6542,stage2,4,0.1366381198167801,0.1784125417470932,0.0,0.1366381198167801,0.0001,1e-05,53.612,3.6957,0.6687
6543,stage2,4,0.15246078372001648,0.16866710782051086,0.0,0.15246078372001648,0.0001,1e-05,53.599,3.3388,0.6691
6544,stage2,4,0.12036792188882828,0.18393287062644958,0.0,0.12036792188882828,0.0001,1e-05,53.59,3.2839,1.1041
6545,stage2,4,0.15758001804351807,0.18643169105052948,0.0,0.15758001804351807,0.0001,1e-05,53.6,3.2524,0.6696
6546,stage2,4,0.11416207253932953,0.17306654155254364,0.0,0.11416207253932953,0.0001,1e-05,53.607,2.971,0.6699
6547,stage2,4,0.19049879908561707,0.1636863797903061,0.0,0.19049879908561707,0.0001,1e-05,53.589,5.2811,0.6766
6548,stage2,4,0.14297185838222504,0.19339853525161743,0.0,0.14297185838222504,0.0001,1e-05,53.589,3.4888,4.7221
6549,stage2,4,0.13767565786838531,0.19510790705680847,0.0,0.13767565786838531,0.0001,1e-05,53.599,3.6498,0.6679
6550,stage2,4,0.14422756433486938,0.18358957767486572,0.0,0.14422756433486938,0.0001,1e-05,53.605,4.3719,0.6682
6551,stage2,4,0.14509451389312744,0.17944806814193726,0.0,0.14509451389312744,0.0001,1e-05,53.602,3.9241,0.6699
6552,stage2,4,0.12647728621959686,0.15452900528907776,0.0,0.12647728621959686,0.0001,1e-05,53.597,2.8913,1.0406
6553,stage2,4,0.15750440955162048,0.18206575512886047,0.0,0.15750440955162048,0.0001,1e-05,53.592,3.8984,0.6694
6554,stage2,4,0.1569640189409256,0.157352015376091,0.0,0.1569640189409256,0.0001,1e-05,53.605,3.9331,0.6693
6555,stage2,4,0.1208370104432106,0.18430286645889282,0.0,0.1208370104432106,0.0001,1e-05,53.604,3.059,0.6695
6556,stage2,4,0.12072885036468506,0.17848001420497894,0.0,0.12072885036468506,0.0001,1e-05,53.595,3.6832,4.5924
6557,stage2,4,0.119941346347332,0.20170657336711884,0.0,0.119941346347332,0.0001,1e-05,53.59,3.7571,0.6678
6558,stage2,4,0.12920497357845306,0.16770480573177338,0.0,0.12920497357845306,0.0001,1e-05,53.595,3.4256,0.6687
6559,stage2,4,0.13310399651527405,0.16256791353225708,0.0,0.13310399651527405,0.0001,1e-05,53.595,4.3072,0.6693
6560,stage2,4,0.13254927098751068,0.16889578104019165,0.0,0.13254927098751068,0.0001,1e-05,53.6,3.2407,1.2509
6561,stage2,4,0.1496526151895523,0.19074349105358124,0.0,0.1496526151895523,0.0001,1e-05,53.598,4.5803,0.6692
6562,stage2,4,0.16246521472930908,0.17943397164344788,0.0,0.16246521472930908,0.0001,1e-05,53.603,4.142,0.6693
6563,stage2,4,0.16588124632835388,0.18178138136863708,0.0,0.16588124632835388,0.0001,1e-05,53.608,3.8448,0.6706
6564,stage2,4,0.13083910942077637,0.16807201504707336,0.0,0.13083910942077637,0.0001,1e-05,53.6,3.8177,4.2958
6565,stage2,4,0.17489804327487946,0.17174941301345825,0.0,0.17489804327487946,0.0001,1e-05,53.599,4.3555,0.6683
6566,stage2,4,0.131249338388443,0.2080944925546646,0.0,0.131249338388443,0.0001,1e-05,53.605,5.1965,0.6684
6567,stage2,4,0.16275645792484283,0.17750322818756104,0.0,0.16275645792484283,0.0001,1e-05,53.601,3.6603,0.6688
6568,stage2,4,0.14485861361026764,0.17901256680488586,0.0,0.14485861361026764,0.0001,1e-05,53.599,3.5341,1.4457
6569,stage2,4,0.16761092841625214,0.16143499314785004,0.0,0.16761092841625214,0.0001,1e-05,53.605,4.7449,0.6686
6570,stage2,4,0.14596521854400635,0.18820108473300934,0.0,0.14596521854400635,0.0001,1e-05,53.597,3.58,0.6696
6571,stage2,4,0.13521736860275269,0.1741984337568283,0.0,0.13521736860275269,0.0001,1e-05,53.594,6.4884,0.6691
6572,stage2,4,0.12417782843112946,0.1961124986410141,0.0,0.12417782843112946,0.0001,1e-05,53.594,3.5554,4.2039
6573,stage2,4,0.15492239594459534,0.166465163230896,0.0,0.15492239594459534,0.0001,1e-05,53.591,3.2595,0.6678
6574,stage2,4,0.13595829904079437,0.15906080603599548,0.0,0.13595829904079437,0.0001,1e-05,53.589,4.0144,0.6689
6575,stage2,4,0.15307480096817017,0.17290519177913666,0.0,0.15307480096817017,0.0001,1e-05,53.607,4.33,0.6691
6576,stage2,4,0.10823999345302582,0.18227264285087585,0.0,0.10823999345302582,0.0001,1e-05,53.593,3.3899,1.382
6577,stage2,4,0.1521141231060028,0.17322462797164917,0.0,0.1521141231060028,0.0001,1e-05,53.599,3.1168,0.6687
6578,stage2,4,0.1499859094619751,0.16981840133666992,0.0,0.1499859094619751,0.0001,1e-05,53.593,4.8738,0.6693
6579,stage2,4,0.1437263786792755,0.17807015776634216,0.0,0.1437263786792755,0.0001,1e-05,53.607,4.969,0.6692
6580,stage2,4,0.17239846289157867,0.1695076823234558,0.0,0.17239846289157867,0.0001,1e-05,53.596,5.0613,4.2113
6581,stage2,4,0.12539678812026978,0.17658233642578125,0.0,0.12539678812026978,0.0001,1e-05,53.588,3.8273,0.6722
6582,stage2,4,0.12802790105342865,0.17460186779499054,0.0,0.12802790105342865,0.0001,1e-05,53.593,3.8294,0.6685
6583,stage2,4,0.13566149771213531,0.1837686002254486,0.0,0.13566149771213531,0.0001,1e-05,53.593,3.7831,0.6696
6584,stage2,4,0.12826275825500488,0.18082106113433838,0.0,0.12826275825500488,0.0001,1e-05,53.599,3.9035,1.3631
6585,stage2,4,0.13683846592903137,0.16911810636520386,0.0,0.13683846592903137,0.0001,1e-05,53.6,4.1139,0.6696
6586,stage2,4,0.1685115247964859,0.1655108481645584,0.0,0.1685115247964859,0.0001,1e-05,53.596,3.6811,0.6691
6587,stage2,4,0.09530118852853775,0.17764726281166077,0.0,0.09530118852853775,0.0001,1e-05,53.6,3.5305,0.6697
6588,stage2,4,0.12530197203159332,0.19537842273712158,0.0,0.12530197203159332,0.0001,1e-05,53.595,4.0054,4.3265
6589,stage2,4,0.14304904639720917,0.202704519033432,0.0,0.14304904639720917,0.0001,1e-05,53.587,4.0057,0.6669
6590,stage2,4,0.13643553853034973,0.19411857426166534,0.0,0.13643553853034973,0.0001,1e-05,53.595,3.8147,0.6676
6591,stage2,4,0.1147703006863594,0.18230672180652618,0.0,0.1147703006863594,0.0001,1e-05,53.607,4.0227,0.6678
6592,stage2,4,0.13639728724956512,0.1934358775615692,0.0,0.13639728724956512,0.0001,1e-05,53.609,3.4967,1.1043
6593,stage2,4,0.12013676017522812,0.1829075962305069,0.0,0.12013676017522812,0.0001,1e-05,53.6,3.9177,0.6685
6594,stage2,4,0.14483746886253357,0.16112425923347473,0.0,0.14483746886253357,0.0001,1e-05,53.605,3.7173,0.6679
6595,stage2,4,0.17078374326229095,0.15947826206684113,0.0,0.17078374326229095,0.0001,1e-05,53.594,3.256,0.6695
6596,stage2,4,0.11600562930107117,0.17430245876312256,0.0,0.11600562930107117,0.0001,1e-05,53.592,3.2703,4.3921
6597,stage2,4,0.18378040194511414,0.1928701251745224,0.0,0.18378040194511414,0.0001,1e-05,53.611,6.7182,0.6719
6598,stage2,4,0.16573387384414673,0.15388447046279907,0.0,0.16573387384414673,0.0001,1e-05,53.598,3.6428,0.669
6599,stage2,4,0.13087213039398193,0.18838120996952057,0.0,0.13087213039398193,0.0001,1e-05,53.604,3.5548,0.6691
6600,stage2,4,0.12274765968322754,0.1880829781293869,0.0,0.12274765968322754,0.0001,1e-05,53.602,3.6691,0.7845
6601,stage2,4,0.15729103982448578,0.18678544461727142,0.0,0.15729103982448578,0.0001,1e-05,53.592,4.1642,0.6795
6602,stage2,4,0.14528651535511017,0.17316144704818726,0.0,0.14528651535511017,0.0001,1e-05,53.599,3.2834,0.6663
6603,stage2,4,0.1487337201833725,0.17106322944164276,0.0,0.1487337201833725,0.0001,1e-05,53.595,3.922,0.6709
6604,stage2,4,0.12043852359056473,0.17217332124710083,0.0,0.12043852359056473,0.0001,1e-05,53.594,3.3752,4.8235
6605,stage2,4,0.154079407453537,0.15761026740074158,0.0,0.154079407453537,0.0001,1e-05,53.589,4.02,0.668
6606,stage2,4,0.13400977849960327,0.18096886575222015,0.0,0.13400977849960327,0.0001,1e-05,53.588,3.3387,0.6685
6607,stage2,4,0.14588962495326996,0.1697463095188141,0.0,0.14588962495326996,0.0001,1e-05,53.6,3.7681,0.6696
6608,stage2,4,0.16850541532039642,0.1601407527923584,0.0,0.16850541532039642,0.0001,1e-05,53.597,3.8075,0.6695
6609,stage2,4,0.1421060860157013,0.17066633701324463,0.0,0.1421060860157013,0.0001,1e-05,53.595,3.8634,0.67
6610,stage2,4,0.12858609855175018,0.17742951214313507,0.0,0.12858609855175018,0.0001,1e-05,53.603,5.3544,0.6704
6611,stage2,4,0.14429722726345062,0.1779988408088684,0.0,0.14429722726345062,0.0001,1e-05,53.597,3.7619,0.6712
6612,stage2,4,0.11711898446083069,0.1572357416152954,0.0,0.11711898446083069,0.0001,1e-05,53.6,3.67,4.917
6613,stage2,4,0.15931838750839233,0.17918483912944794,0.0,0.15931838750839233,0.0001,1e-05,53.595,4.2721,0.6683
6614,stage2,4,0.14443500339984894,0.17410945892333984,0.0,0.14443500339984894,0.0001,1e-05,53.599,3.7476,0.6682
6615,stage2,4,0.12544803321361542,0.18049708008766174,0.0,0.12544803321361542,0.0001,1e-05,53.591,3.5192,0.6691
6616,stage2,4,0.18225178122520447,0.16721458733081818,0.0,0.18225178122520447,0.0001,1e-05,53.598,3.5716,0.7392
6617,stage2,4,0.15215785801410675,0.19700174033641815,0.0,0.15215785801410675,0.0001,1e-05,53.596,4.7265,0.6701
6618,stage2,4,0.14055800437927246,0.17850373685359955,0.0,0.14055800437927246,0.0001,1e-05,53.592,3.502,0.6707
6619,stage2,4,0.15723755955696106,0.18989741802215576,0.0,0.15723755955696106,0.0001,1e-05,53.589,3.7422,0.6709
6620,stage2,4,0.12557004392147064,0.17505696415901184,0.0,0.12557004392147064,0.0001,1e-05,53.595,3.5515,5.1668
6621,stage2,4,0.12014113366603851,0.19968293607234955,0.0,0.12014113366603851,0.0001,1e-05,53.593,3.0794,0.6674
6622,stage2,4,0.13232159614562988,0.19897152483463287,0.0,0.13232159614562988,0.0001,1e-05,53.593,3.153,0.6685
6623,stage2,4,0.1357065886259079,0.1686951220035553,0.0,0.1357065886259079,0.0001,1e-05,53.598,3.8186,0.6692
6624,stage2,4,0.15282347798347473,0.16967973113059998,0.0,0.15282347798347473,0.0001,1e-05,53.596,4.5321,0.6683
6625,stage2,4,0.1488131284713745,0.17156371474266052,0.0,0.1488131284713745,0.0001,1e-05,53.59,3.6037,0.6692
6626,stage2,4,0.10594891756772995,0.1749304234981537,0.0,0.10594891756772995,0.0001,1e-05,53.592,3.6251,0.6694
6627,stage2,4,0.1622058004140854,0.17301246523857117,0.0,0.1622058004140854,0.0001,1e-05,53.591,3.2806,0.6701
6628,stage2,4,0.14906392991542816,0.1860925853252411,0.0,0.14906392991542816,0.0001,1e-05,53.593,4.4852,5.1105
6629,stage2,4,0.12194139510393143,0.17290706932544708,0.0,0.12194139510393143,0.0001,1e-05,53.61,3.4336,0.6667
6630,stage2,4,0.11965154111385345,0.1857016533613205,0.0,0.11965154111385345,0.0001,1e-05,53.605,3.0948,0.668
6631,stage2,4,0.12586328387260437,0.19635915756225586,0.0,0.12586328387260437,0.0001,1e-05,53.608,3.5536,0.6685
6632,stage2,4,0.186697855591774,0.15100209414958954,0.0,0.186697855591774,0.0001,1e-05,53.599,3.8567,0.6687
6633,stage2,4,0.11558101326227188,0.1946963667869568,0.0,0.11558101326227188,0.0001,1e-05,53.6,3.9426,0.6685
6634,stage2,4,0.10245532542467117,0.16436058282852173,0.0,0.10245532542467117,0.0001,1e-05,53.596,3.469,0.6695
6635,stage2,4,0.13567714393138885,0.17751745879650116,0.0,0.13567714393138885,0.0001,1e-05,53.596,3.7868,0.6695
6636,stage2,4,0.1467844694852829,0.17680297791957855,0.0,0.1467844694852829,0.0001,1e-05,53.6,4.4536,5.1907
6637,stage2,4,0.14102955162525177,0.16835950314998627,0.0,0.14102955162525177,0.0001,1e-05,53.6,3.3729,0.6665
6638,stage2,4,0.1389552503824234,0.1728401929140091,0.0,0.1389552503824234,0.0001,1e-05,53.607,3.414,0.6672
6639,stage2,4,0.15738943219184875,0.17847928404808044,0.0,0.15738943219184875,0.0001,1e-05,53.603,3.1286,0.6733
6640,stage2,4,0.12345316261053085,0.20069344341754913,0.0,0.12345316261053085,0.0001,1e-05,53.612,3.1919,0.6683
6641,stage2,4,0.12285348027944565,0.17485667765140533,0.0,0.12285348027944565,0.0001,1e-05,53.599,3.3529,0.6685
6642,stage2,4,0.12152089923620224,0.161484956741333,0.0,0.12152089923620224,0.0001,1e-05,53.595,2.7796,0.6688
6643,stage2,4,0.12441010773181915,0.18411195278167725,0.0,0.12441010773181915,0.0001,1e-05,53.604,3.5659,0.671
6644,stage2,4,0.14693330228328705,0.18225419521331787,0.0,0.14693330228328705,0.0001,1e-05,53.607,4.2216,5.1966
6645,stage2,4,0.14144021272659302,0.16204427182674408,0.0,0.14144021272659302,0.0001,1e-05,53.605,3.3234,0.6668
6646,stage2,4,0.13264887034893036,0.19805410504341125,0.0,0.13264887034893036,0.0001,1e-05,53.608,4.7395,0.6672
6647,stage2,4,0.11693764477968216,0.17210602760314941,0.0,0.11693764477968216,0.0001,1e-05,53.593,2.9908,0.6698
6648,stage2,4,0.12662062048912048,0.17364875972270966,0.0,0.12662062048912048,0.0001,1e-05,53.59,3.6054,0.6679
6649,stage2,4,0.1415555477142334,0.19189028441905975,0.0,0.1415555477142334,0.0001,1e-05,53.596,4.122,0.6681
6650,stage2,4,0.1339840590953827,0.1799618899822235,0.0,0.1339840590953827,0.0001,1e-05,53.612,3.5297,0.6688
6651,stage2,4,0.13645510375499725,0.1666897088289261,0.0,0.13645510375499725,0.0001,1e-05,53.597,4.3481,0.6754
6652,stage2,4,0.12802836298942566,0.17751815915107727,0.0,0.12802836298942566,0.0001,1e-05,53.592,3.4902,5.0106
6653,stage2,4,0.18443477153778076,0.16287903487682343,0.0,0.18443477153778076,0.0001,1e-05,53.595,3.6572,0.667
6654,stage2,4,0.13939636945724487,0.1562308967113495,0.0,0.13939636945724487,0.0001,1e-05,53.604,3.569,0.6684
6655,stage2,4,0.13147638738155365,0.17281484603881836,0.0,0.13147638738155365,0.0001,1e-05,53.611,2.8753,0.668
6656,stage2,4,0.15652965009212494,0.16493555903434753,0.0,0.15652965009212494,0.0001,1e-05,53.605,4.1829,0.6681
6657,stage2,4,0.13318558037281036,0.17954891920089722,0.0,0.13318558037281036,0.0001,1e-05,53.601,4.1063,0.6688
6658,stage2,4,0.12634599208831787,0.17636136710643768,0.0,0.12634599208831787,0.0001,1e-05,53.598,3.7814,0.6693
6659,stage2,4,0.12087422609329224,0.17892877757549286,0.0,0.12087422609329224,0.0001,1e-05,53.597,3.5825,0.6733
6660,stage2,4,0.14918293058872223,0.16539576649665833,0.0,0.14918293058872223,0.0001,1e-05,53.6,3.9753,5.1484
6661,stage2,4,0.13780291378498077,0.17663809657096863,0.0,0.13780291378498077,0.0001,1e-05,53.602,2.9743,0.6668
6662,stage2,4,0.1170356497168541,0.18782417476177216,0.0,0.1170356497168541,0.0001,1e-05,53.599,4.8922,0.6673
6663,stage2,4,0.10353147983551025,0.17659133672714233,0.0,0.10353147983551025,0.0001,1e-05,53.595,2.8068,0.668
6664,stage2,4,0.12330128997564316,0.1738629937171936,0.0,0.12330128997564316,0.0001,1e-05,53.61,3.2361,0.6684
6665,stage2,4,0.1258568912744522,0.17577852308750153,0.0,0.1258568912744522,0.0001,1e-05,53.588,3.9564,0.6684
6666,stage2,4,0.11661303043365479,0.1902436465024948,0.0,0.11661303043365479,0.0001,1e-05,53.595,3.9655,0.6685
6667,stage2,4,0.15686625242233276,0.15387669205665588,0.0,0.15686625242233276,0.0001,1e-05,53.596,2.8228,0.6697
6668,stage2,4,0.10764860361814499,0.1690671145915985,0.0,0.10764860361814499,0.0001,1e-05,53.612,3.2466,5.3212
6669,stage2,4,0.11958017200231552,0.17932583391666412,0.0,0.11958017200231552,0.0001,1e-05,53.587,3.563,0.6661
6670,stage2,4,0.1856953352689743,0.1808672845363617,0.0,0.1856953352689743,0.0001,1e-05,53.6,3.3412,0.667
6671,stage2,4,0.11815132945775986,0.20131587982177734,0.0,0.11815132945775986,0.0001,1e-05,53.597,4.0197,0.6673
6672,stage2,4,0.1485840082168579,0.17189298570156097,0.0,0.1485840082168579,0.0001,1e-05,53.601,3.009,0.6679
6673,stage2,4,0.14629915356636047,0.16983962059020996,0.0,0.14629915356636047,0.0001,1e-05,53.597,4.2565,0.6683
6674,stage2,4,0.15306583046913147,0.16434970498085022,0.0,0.15306583046913147,0.0001,1e-05,53.602,2.9038,0.6686
6675,stage2,4,0.12749259173870087,0.17279218137264252,0.0,0.12749259173870087,0.0001,1e-05,53.603,3.5508,0.6696
6676,stage2,4,0.10665369033813477,0.17126624286174774,0.0,0.10665369033813477,0.0001,1e-05,53.59,3.5804,4.9367
6677,stage2,4,0.13209626078605652,0.15436910092830658,0.0,0.13209626078605652,0.0001,1e-05,53.603,3.4278,0.6668
6678,stage2,4,0.13945291936397552,0.16477550566196442,0.0,0.13945291936397552,0.0001,1e-05,53.604,3.2916,0.6675
6679,stage2,4,0.14581900835037231,0.1755039095878601,0.0,0.14581900835037231,0.0001,1e-05,53.606,3.5535,0.6668
6680,stage2,4,0.1310911923646927,0.16751061379909515,0.0,0.1310911923646927,0.0001,1e-05,53.6,3.2765,0.6677
6681,stage2,4,0.12570245563983917,0.18487289547920227,0.0,0.12570245563983917,0.0001,1e-05,53.6,3.4008,0.6681
6682,stage2,4,0.13914626836776733,0.1837518811225891,0.0,0.13914626836776733,0.0001,1e-05,53.594,3.8653,0.6687
6683,stage2,4,0.13616643846035004,0.1890205591917038,0.0,0.13616643846035004,0.0001,1e-05,53.585,3.7396,0.6691
6684,stage2,4,0.10312993079423904,0.1582566648721695,0.0,0.10312993079423904,0.0001,1e-05,53.596,3.8247,5.1177
6685,stage2,4,0.10760719329118729,0.1767626404762268,0.0,0.10760719329118729,0.0001,1e-05,53.604,3.3598,0.6661
6686,stage2,4,0.15923431515693665,0.16374073922634125,0.0,0.15923431515693665,0.0001,1e-05,53.595,4.0922,0.6683
6687,stage2,4,0.15722587704658508,0.17140690982341766,0.0,0.15722587704658508,0.0001,1e-05,53.614,4.082,0.6673
6688,stage2,4,0.15980148315429688,0.15952250361442566,0.0,0.15980148315429688,0.0001,1e-05,53.612,3.2616,0.668
6689,stage2,4,0.16151553392410278,0.1646190732717514,0.0,0.16151553392410278,0.0001,1e-05,53.603,3.8914,0.6678
6690,stage2,4,0.12974165380001068,0.1608469933271408,0.0,0.12974165380001068,0.0001,1e-05,53.605,3.7862,0.6687
6691,stage2,4,0.11214932799339294,0.17554756999015808,0.0,0.11214932799339294,0.0001,1e-05,53.602,3.2264,0.6694
6692,stage2,4,0.1298331916332245,0.18340303003787994,0.0,0.1298331916332245,0.0001,1e-05,53.606,4.2979,4.8842
6693,stage2,4,0.10439673066139221,0.18728362023830414,0.0,0.10439673066139221,0.0001,1e-05,53.612,3.3347,0.6684
6694,stage2,4,0.15040725469589233,0.17041178047657013,0.0,0.15040725469589233,0.0001,1e-05,53.599,3.3658,0.6733
6695,stage2,4,0.11504796892404556,0.21010468900203705,0.0,0.11504796892404556,0.0001,1e-05,53.604,3.4767,0.6674
6696,stage2,4,0.10786864906549454,0.18811649084091187,0.0,0.10786864906549454,0.0001,1e-05,53.593,3.6884,0.6684
6697,stage2,4,0.13747906684875488,0.1890924870967865,0.0,0.13747906684875488,0.0001,1e-05,53.601,3.2019,0.6686
6698,stage2,4,0.1835656464099884,0.1818651407957077,0.0,0.1835656464099884,0.0001,1e-05,53.598,3.4631,0.6689
6699,stage2,4,0.13826222717761993,0.17404134571552277,0.0,0.13826222717761993,0.0001,1e-05,53.6,3.3144,0.669
6700,stage2,4,0.12092583626508713,0.18529652059078217,0.0,0.12092583626508713,0.0001,1e-05,53.615,3.0259,4.6856
6701,stage2,4,0.13348887860774994,0.20409515500068665,0.0,0.13348887860774994,0.0001,1e-05,53.588,3.5007,0.665
6702,stage2,4,0.1170782595872879,0.16668133437633514,0.0,0.1170782595872879,0.0001,1e-05,53.608,3.7341,0.6676
6703,stage2,4,0.12368758022785187,0.15629711747169495,0.0,0.12368758022785187,0.0001,1e-05,53.59,3.2162,0.6682
6704,stage2,4,0.15166346728801727,0.17994298040866852,0.0,0.15166346728801727,0.0001,1e-05,53.603,3.9913,0.6678
6705,stage2,4,0.13107113540172577,0.1683732569217682,0.0,0.13107113540172577,0.0001,1e-05,53.602,4.1822,0.6682
6706,stage2,4,0.12146828323602676,0.17879097163677216,0.0,0.12146828323602676,0.0001,1e-05,53.599,3.917,0.6691
6707,stage2,4,0.11430533230304718,0.1635880023241043,0.0,0.11430533230304718,0.0001,1e-05,53.603,3.5841,0.6685
6708,stage2,4,0.21044747531414032,0.15851370990276337,0.0,0.21044747531414032,0.0001,1e-05,53.593,3.45,4.6079
6709,stage2,4,0.12516142427921295,0.19176973402500153,0.0,0.12516142427921295,0.0001,1e-05,53.598,3.3632,0.6664
6710,stage2,4,0.14608895778656006,0.19404998421669006,0.0,0.14608895778656006,0.0001,1e-05,53.602,3.7805,0.6671
6711,stage2,4,0.15882810950279236,0.17949651181697845,0.0,0.15882810950279236,0.0001,1e-05,53.604,3.9509,0.668
6712,stage2,4,0.13114437460899353,0.16547271609306335,0.0,0.13114437460899353,0.0001,1e-05,53.606,3.6246,0.6677
6713,stage2,4,0.17283828556537628,0.169271320104599,0.0,0.17283828556537628,0.0001,1e-05,53.592,3.523,0.6687
6714,stage2,4,0.19263893365859985,0.1643652468919754,0.0,0.19263893365859985,0.0001,1e-05,53.601,3.2929,0.6688
6715,stage2,4,0.16487421095371246,0.16976870596408844,0.0,0.16487421095371246,0.0001,1e-05,53.596,3.7545,0.6692
6716,stage2,4,0.14281238615512848,0.16990625858306885,0.0,0.14281238615512848,0.0001,1e-05,53.592,2.9946,4.9192
6717,stage2,4,0.1315343827009201,0.16670921444892883,0.0,0.1315343827009201,0.0001,1e-05,53.597,4.7783,0.6675
6718,stage2,4,0.1041940450668335,0.1871098279953003,0.0,0.1041940450668335,0.0001,1e-05,53.61,3.216,0.6672
6719,stage2,4,0.15169602632522583,0.16794589161872864,0.0,0.15169602632522583,0.0001,1e-05,53.605,3.931,0.6676
6720,stage2,4,0.11856839060783386,0.16521531343460083,0.0,0.11856839060783386,0.0001,1e-05,53.609,4.293,0.6682
6721,stage2,4,0.12839531898498535,0.17346423864364624,0.0,0.12839531898498535,0.0001,1e-05,53.6,3.8591,0.6681
6722,stage2,4,0.1775495558977127,0.15988031029701233,0.0,0.1775495558977127,0.0001,1e-05,53.608,3.6892,0.6686
6723,stage2,4,0.1413719356060028,0.18097874522209167,0.0,0.1413719356060028,0.0001,1e-05,53.602,2.8301,0.6692
6724,stage2,4,0.1538373827934265,0.174947589635849,0.0,0.1538373827934265,0.0001,1e-05,53.602,3.3791,4.7842
6725,stage2,4,0.15500617027282715,0.18459190428256989,0.0,0.15500617027282715,0.0001,1e-05,53.594,4.258,0.6716
6726,stage2,4,0.14869356155395508,0.1801803559064865,0.0,0.14869356155395508,0.0001,1e-05,53.605,5.185,0.668
6727,stage2,4,0.1502993106842041,0.1844140589237213,0.0,0.1502993106842041,0.0001,1e-05,53.603,4.1191,0.6674
6728,stage2,4,0.13017351925373077,0.17189542949199677,0.0,0.13017351925373077,0.0001,1e-05,53.613,3.3208,0.6723
6729,stage2,4,0.11785874515771866,0.18498526513576508,0.0,0.11785874515771866,0.0001,1e-05,53.611,3.7771,0.6656
6730,stage2,4,0.13101507723331451,0.18934769928455353,0.0,0.13101507723331451,0.0001,1e-05,53.607,4.4383,0.6686
6731,stage2,4,0.1488766074180603,0.17415688931941986,0.0,0.1488766074180603,0.0001,1e-05,53.613,3.819,0.6692
6732,stage2,4,0.1347394436597824,0.17326118052005768,0.0,0.1347394436597824,0.0001,1e-05,53.607,3.9531,4.8142
6733,stage2,4,0.14479224383831024,0.1989523321390152,0.0,0.14479224383831024,0.0001,1e-05,53.6,3.7008,0.6672
6734,stage2,4,0.156113862991333,0.18552835285663605,0.0,0.156113862991333,0.0001,1e-05,53.604,3.6456,0.6674
6735,stage2,4,0.13116797804832458,0.1784895807504654,0.0,0.13116797804832458,0.0001,1e-05,53.597,4.1764,0.6681
6736,stage2,4,0.14811456203460693,0.16006875038146973,0.0,0.14811456203460693,0.0001,1e-05,53.604,4.8554,0.6685
6737,stage2,4,0.16770194470882416,0.1899251639842987,0.0,0.16770194470882416,0.0001,1e-05,53.612,4.8815,0.6677
6738,stage2,4,0.13492371141910553,0.17124684154987335,0.0,0.13492371141910553,0.0001,1e-05,53.604,3.427,0.6682
6739,stage2,4,0.15411995351314545,0.15798720717430115,0.0,0.15411995351314545,0.0001,1e-05,53.588,4.099,0.6687
6740,stage2,4,0.13984127342700958,0.19354060292243958,0.0,0.13984127342700958,0.0001,1e-05,53.594,3.934,4.9463
6741,stage2,4,0.15041373670101166,0.168504998087883,0.0,0.15041373670101166,0.0001,1e-05,53.595,4.3403,0.6657
6742,stage2,4,0.13074354827404022,0.1647598147392273,0.0,0.13074354827404022,0.0001,1e-05,53.594,3.8652,0.6669
6743,stage2,4,0.12247593700885773,0.2147621065378189,0.0,0.12247593700885773,0.0001,1e-05,53.598,3.8349,0.6665
6744,stage2,4,0.12379416078329086,0.18890467286109924,0.0,0.12379416078329086,0.0001,1e-05,53.605,4.8393,0.6679
6745,stage2,4,0.142042338848114,0.17252159118652344,0.0,0.142042338848114,0.0001,1e-05,53.608,4.049,0.6685
6746,stage2,4,0.12087371945381165,0.19967779517173767,0.0,0.12087371945381165,0.0001,1e-05,53.598,3.3048,0.6687
6747,stage2,4,0.16741497814655304,0.14836417138576508,0.0,0.16741497814655304,0.0001,1e-05,53.599,4.284,0.6707
6748,stage2,4,0.1321946531534195,0.1856323778629303,0.0,0.1321946531534195,0.0001,1e-05,53.615,4.1072,4.91
6749,stage2,4,0.17596885561943054,0.16070067882537842,0.0,0.17596885561943054,0.0001,1e-05,53.595,3.8571,0.6666
6750,stage2,4,0.10308880358934402,0.19760659337043762,0.0,0.10308880358934402,0.0001,1e-05,53.601,3.4156,0.6668
6751,stage2,4,0.10761503130197525,0.19998863339424133,0.0,0.10761503130197525,0.0001,1e-05,53.594,4.0861,0.6674
6752,stage2,4,0.15182000398635864,0.1718912422657013,0.0,0.15182000398635864,0.0001,1e-05,53.602,3.5894,0.6686
6753,stage2,4,0.18273794651031494,0.16704151034355164,0.0,0.18273794651031494,0.0001,1e-05,53.597,3.7763,0.6686
6754,stage2,4,0.14364314079284668,0.20182429254055023,0.0,0.14364314079284668,0.0001,1e-05,53.603,4.1483,0.6692
6755,stage2,4,0.12446711957454681,0.20395757257938385,0.0,0.12446711957454681,0.0001,1e-05,53.603,4.1205,0.6693
6756,stage2,4,0.14763779938220978,0.18791529536247253,0.0,0.14763779938220978,0.0001,1e-05,53.601,4.0638,4.8094
6757,stage2,4,0.1474267542362213,0.1812732219696045,0.0,0.1474267542362213,0.0001,1e-05,53.603,3.5351,0.6675
6758,stage2,4,0.13965384662151337,0.2124422788619995,0.0,0.13965384662151337,0.0001,1e-05,53.602,3.9019,0.6675
6759,stage2,4,0.15030717849731445,0.18500076234340668,0.0,0.15030717849731445,0.0001,1e-05,53.606,3.4381,0.668
6760,stage2,4,0.10132204741239548,0.17007558047771454,0.0,0.10132204741239548,0.0001,1e-05,53.595,3.1172,0.671
6761,stage2,4,0.12418822944164276,0.18792220950126648,0.0,0.12418822944164276,0.0001,1e-05,53.599,3.3576,0.6683
6762,stage2,4,0.13881373405456543,0.19190707802772522,0.0,0.13881373405456543,0.0001,1e-05,53.604,4.3148,0.668
6763,stage2,4,0.14349180459976196,0.15750421583652496,0.0,0.14349180459976196,0.0001,1e-05,53.593,2.8341,0.6694
6764,stage2,4,0.119377501308918,0.1660078465938568,0.0,0.119377501308918,0.0001,1e-05,53.602,3.2545,5.0095
6765,stage2,4,0.10625728219747543,0.15978457033634186,0.0,0.10625728219747543,0.0001,1e-05,53.601,3.293,0.6667
6766,stage2,4,0.10120917856693268,0.16627997159957886,0.0,0.10120917856693268,0.0001,1e-05,53.607,3.2346,0.6671
6767,stage2,4,0.13608621060848236,0.16858558356761932,0.0,0.13608621060848236,0.0001,1e-05,53.597,3.1646,0.667
6768,stage2,4,0.1203841045498848,0.18631945550441742,0.0,0.1203841045498848,0.0001,1e-05,53.593,3.5635,0.6689
6769,stage2,4,0.11604541540145874,0.16985613107681274,0.0,0.11604541540145874,0.0001,1e-05,53.598,3.3122,0.6682
6770,stage2,4,0.1455225795507431,0.1773899644613266,0.0,0.1455225795507431,0.0001,1e-05,53.583,4.3596,0.6692
6771,stage2,4,0.12727077305316925,0.1612856239080429,0.0,0.12727077305316925,0.0001,1e-05,53.592,3.6516,0.6694
6772,stage2,4,0.15936732292175293,0.1716611087322235,0.0,0.15936732292175293,0.0001,1e-05,53.587,3.9149,4.9439
6773,stage2,4,0.1299857199192047,0.16267719864845276,0.0,0.1299857199192047,0.0001,1e-05,53.6,3.5421,0.6664
6774,stage2,4,0.2088441401720047,0.15481272339820862,0.0,0.2088441401720047,0.0001,1e-05,53.601,3.7025,0.667
6775,stage2,4,0.12003091722726822,0.19033433496952057,0.0,0.12003091722726822,0.0001,1e-05,53.604,3.428,0.6675
6776,stage2,4,0.12256235629320145,0.15701040625572205,0.0,0.12256235629320145,0.0001,1e-05,53.598,4.0749,0.6676
6777,stage2,4,0.12814421951770782,0.18607044219970703,0.0,0.12814421951770782,0.0001,1e-05,53.595,3.8194,0.6677
6778,stage2,4,0.1428496539592743,0.16120454668998718,0.0,0.1428496539592743,0.0001,1e-05,53.604,3.8318,0.6686
6779,stage2,4,0.1287846714258194,0.17923295497894287,0.0,0.1287846714258194,0.0001,1e-05,53.597,3.8451,0.6689
6780,stage2,4,0.11304102092981339,0.1709417700767517,0.0,0.11304102092981339,0.0001,1e-05,53.588,3.5168,4.9789
6781,stage2,4,0.14430730044841766,0.19786836206912994,0.0,0.14430730044841766,0.0001,1e-05,53.598,5.1029,0.6663
6782,stage2,4,0.15161655843257904,0.21410727500915527,0.0,0.15161655843257904,0.0001,1e-05,53.609,3.4466,0.6663
6783,stage2,4,0.1326240599155426,0.17630496621131897,0.0,0.1326240599155426,0.0001,1e-05,53.603,4.6628,0.6672
6784,stage2,4,0.17761559784412384,0.17153264582157135,0.0,0.17761559784412384,0.0001,1e-05,53.599,5.658,0.6673
6785,stage2,4,0.1223272830247879,0.17774860560894012,0.0,0.1223272830247879,0.0001,1e-05,53.608,3.4208,0.6685
6786,stage2,4,0.14813122153282166,0.1886672079563141,0.0,0.14813122153282166,0.0001,1e-05,53.592,3.7604,0.6681
6787,stage2,4,0.1909833699464798,0.1880941241979599,0.0,0.1909833699464798,0.0001,1e-05,53.604,3.9154,0.6689
6788,stage2,4,0.13186636567115784,0.18962544202804565,0.0,0.13186636567115784,0.0001,1e-05,53.611,3.9857,4.9467
6789,stage2,4,0.14910903573036194,0.18488267064094543,0.0,0.14910903573036194,0.0001,1e-05,53.605,3.509,0.6663
6790,stage2,4,0.16214561462402344,0.1893998384475708,0.0,0.16214561462402344,0.0001,1e-05,53.611,3.9588,0.6669
6791,stage2,4,0.10651256889104843,0.17911402881145477,0.0,0.10651256889104843,0.0001,1e-05,53.605,3.3949,0.6676
6792,stage2,4,0.16808252036571503,0.17549283802509308,0.0,0.16808252036571503,0.0001,1e-05,53.602,3.8094,0.6683
6793,stage2,4,0.14810462296009064,0.16426660120487213,0.0,0.14810462296009064,0.0001,1e-05,53.598,3.6008,0.6682
6794,stage2,4,0.12773177027702332,0.17491696774959564,0.0,0.12773177027702332,0.0001,1e-05,53.598,3.7549,0.6682
6795,stage2,4,0.1326608657836914,0.16566990315914154,0.0,0.1326608657836914,0.0001,1e-05,53.605,3.2263,0.6691
6796,stage2,4,0.12416945397853851,0.16877737641334534,0.0,0.12416945397853851,0.0001,1e-05,53.587,2.9899,5.0886
6797,stage2,4,0.12089464068412781,0.17004838585853577,0.0,0.12089464068412781,0.0001,1e-05,53.596,3.2043,0.6665
6798,stage2,4,0.13626724481582642,0.17793191969394684,0.0,0.13626724481582642,0.0001,1e-05,53.595,3.3118,0.6666
6799,stage2,4,0.13046492636203766,0.15962442755699158,0.0,0.13046492636203766,0.0001,1e-05,53.593,3.4341,0.6668
6800,stage2,4,0.17612361907958984,0.1617668718099594,0.0,0.17612361907958984,0.0001,1e-05,53.58,3.3428,0.6677
6801,stage2,4,0.1453767865896225,0.165706604719162,0.0,0.1453767865896225,0.0001,1e-05,53.594,3.2919,0.668
6802,stage2,4,0.142335906624794,0.15842118859291077,0.0,0.142335906624794,0.0001,1e-05,53.601,2.8922,0.6685
6803,stage2,4,0.1513502150774002,0.1640673130750656,0.0,0.1513502150774002,0.0001,1e-05,53.608,3.7346,0.6696
6804,stage2,4,0.16182073950767517,0.15709269046783447,0.0,0.16182073950767517,0.0001,1e-05,53.594,3.4729,4.8699
6805,stage2,4,0.15147940814495087,0.1531754732131958,0.0,0.15147940814495087,0.0001,1e-05,53.605,3.4372,0.6659
6806,stage2,4,0.12740495800971985,0.164040669798851,0.0,0.12740495800971985,0.0001,1e-05,53.606,3.2636,0.6669
6807,stage2,4,0.13368313014507294,0.16056367754936218,0.0,0.13368313014507294,0.0001,1e-05,53.6,3.1968,0.6672
6808,stage2,4,0.13203488290309906,0.16149058938026428,0.0,0.13203488290309906,0.0001,1e-05,53.586,4.0028,0.6675
6809,stage2,4,0.12908020615577698,0.1735268235206604,0.0,0.12908020615577698,0.0001,1e-05,53.6,3.4872,0.6674
6810,stage2,4,0.12949828803539276,0.1699623316526413,0.0,0.12949828803539276,0.0001,1e-05,53.602,3.1427,0.6683
6811,stage2,4,0.1838274598121643,0.1575903296470642,0.0,0.1838274598121643,0.0001,1e-05,53.593,3.2171,0.669
6812,stage2,4,0.1384551078081131,0.17089810967445374,0.0,0.1384551078081131,0.0001,1e-05,53.592,3.4354,5.353
6813,stage2,4,0.11726238578557968,0.18656447529792786,0.0,0.11726238578557968,0.0001,1e-05,53.595,2.871,0.6653
6814,stage2,4,0.10692960768938065,0.17367681860923767,0.0,0.10692960768938065,0.0001,1e-05,53.608,3.9036,0.6676
6815,stage2,4,0.1005186215043068,0.16453427076339722,0.0,0.1005186215043068,0.0001,1e-05,53.609,2.8087,0.6664
6816,stage2,4,0.10502217710018158,0.16897638142108917,0.0,0.10502217710018158,0.0001,1e-05,53.595,3.5613,0.6674
6817,stage2,4,0.1343064159154892,0.18728023767471313,0.0,0.1343064159154892,0.0001,1e-05,53.595,3.574,0.6673
6818,stage2,4,0.14927513897418976,0.16983473300933838,0.0,0.14927513897418976,0.0001,1e-05,53.607,4.0578,0.6674
6819,stage2,4,0.12476475536823273,0.1733761876821518,0.0,0.12476475536823273,0.0001,1e-05,53.614,4.5234,0.6678
6820,stage2,4,0.11206568032503128,0.18661095201969147,0.0,0.11206568032503128,0.0001,1e-05,53.614,3.3885,5.0714
6821,stage2,4,0.10820333659648895,0.1766747385263443,0.0,0.10820333659648895,0.0001,1e-05,53.611,3.2906,0.666
6822,stage2,4,0.12684878706932068,0.16178931295871735,0.0,0.12684878706932068,0.0001,1e-05,53.609,2.9249,0.6656
6823,stage2,4,0.13953791558742523,0.16175682842731476,0.0,0.13953791558742523,0.0001,1e-05,53.601,3.4676,0.667
6824,stage2,4,0.12547804415225983,0.16254010796546936,0.0,0.12547804415225983,0.0001,1e-05,53.606,3.1078,0.6667
6825,stage2,4,0.08962208777666092,0.19637462496757507,0.0,0.08962208777666092,0.0001,1e-05,53.595,2.6561,0.6672
6826,stage2,4,0.12304709106683731,0.1683375984430313,0.0,0.12304709106683731,0.0001,1e-05,53.606,3.854,0.668
6827,stage2,4,0.1437954604625702,0.1514257788658142,0.0,0.1437954604625702,0.0001,1e-05,53.603,3.7252,0.6682
6828,stage2,4,0.13315728306770325,0.15777602791786194,0.0,0.13315728306770325,0.0001,1e-05,53.598,3.6036,5.3024
6829,stage2,4,0.15956425666809082,0.14958994090557098,0.0,0.15956425666809082,0.0001,1e-05,53.603,3.1364,0.6654
6830,stage2,4,0.12461662292480469,0.18211008608341217,0.0,0.12461662292480469,0.0001,1e-05,53.608,3.156,0.666
6831,stage2,4,0.102901391685009,0.17103588581085205,0.0,0.102901391685009,0.0001,1e-05,53.603,3.5073,0.6662
6832,stage2,4,0.12982164323329926,0.19922100007534027,0.0,0.12982164323329926,0.0001,1e-05,53.591,3.334,0.6668
6833,stage2,4,0.11962788552045822,0.21134640276432037,0.0,0.11962788552045822,0.0001,1e-05,53.589,3.097,0.667
6834,stage2,4,0.13705144822597504,0.1805957853794098,0.0,0.13705144822597504,0.0001,1e-05,53.614,3.6774,0.6679
6835,stage2,4,0.10182207077741623,0.18424271047115326,0.0,0.10182207077741623,0.0001,1e-05,53.61,3.8875,0.6681
6836,stage2,4,0.11627618968486786,0.1762368083000183,0.0,0.11627618968486786,0.0001,1e-05,53.586,3.1986,4.8339
6837,stage2,4,0.15072032809257507,0.1717003732919693,0.0,0.15072032809257507,0.0001,1e-05,53.595,4.1583,0.6659
6838,stage2,4,0.13037478923797607,0.17627495527267456,0.0,0.13037478923797607,0.0001,1e-05,53.601,3.1713,0.6666
6839,stage2,4,0.15179935097694397,0.205580472946167,0.0,0.15179935097694397,0.0001,1e-05,53.586,4.0383,0.6671
6840,stage2,4,0.13407042622566223,0.17477940022945404,0.0,0.13407042622566223,0.0001,1e-05,53.601,3.3092,0.6679
6841,stage2,4,0.1421641856431961,0.15506166219711304,0.0,0.1421641856431961,0.0001,1e-05,53.612,3.5953,0.6683
6842,stage2,4,0.1328149139881134,0.17192597687244415,0.0,0.1328149139881134,0.0001,1e-05,53.6,3.5012,0.6679
6843,stage2,4,0.12840698659420013,0.19026537239551544,0.0,0.12840698659420013,0.0001,1e-05,53.594,3.4286,0.6687
6844,stage2,4,0.12473864108324051,0.20056186616420746,0.0,0.12473864108324051,0.0001,1e-05,53.599,3.8143,5.2108
6845,stage2,4,0.10606875270605087,0.15679123997688293,0.0,0.10606875270605087,0.0001,1e-05,53.591,3.8556,0.6662
6846,stage2,4,0.13634338974952698,0.18442226946353912,0.0,0.13634338974952698,0.0001,1e-05,53.589,4.007,0.6662
6847,stage2,4,0.10995815694332123,0.18719859421253204,0.0,0.10995815694332123,0.0001,1e-05,53.599,4.0228,0.6664
6848,stage2,4,0.11683381348848343,0.18136517703533173,0.0,0.11683381348848343,0.0001,1e-05,53.595,4.1781,0.6674
6849,stage2,4,0.15116067230701447,0.1516934335231781,0.0,0.15116067230701447,0.0001,1e-05,53.604,3.7722,0.6675
6850,stage2,4,0.1350049078464508,0.15338870882987976,0.0,0.1350049078464508,0.0001,1e-05,53.597,3.81,0.6677
6851,stage2,4,0.14230188727378845,0.1621292531490326,0.0,0.14230188727378845,0.0001,1e-05,53.6,2.9505,0.6682
6852,stage2,4,0.1488437056541443,0.17747172713279724,0.0,0.1488437056541443,0.0001,1e-05,53.6,3.3729,4.7731
6853,stage2,4,0.12317373603582382,0.16017884016036987,0.0,0.12317373603582382,0.0001,1e-05,53.596,3.438,0.666
6854,stage2,4,0.138525128364563,0.17205937206745148,0.0,0.138525128364563,0.0001,1e-05,53.582,3.5515,0.6692
6855,stage2,4,0.15875403583049774,0.18043367564678192,0.0,0.15875403583049774,0.0001,1e-05,53.596,3.229,0.6643
6856,stage2,4,0.13014067709445953,0.16385263204574585,0.0,0.13014067709445953,0.0001,1e-05,53.592,3.4825,0.6664
6857,stage2,4,0.1135239228606224,0.19035224616527557,0.0,0.1135239228606224,0.0001,1e-05,53.587,3.7891,0.6678
6858,stage2,4,0.13595418632030487,0.18061214685440063,0.0,0.13595418632030487,0.0001,1e-05,53.585,3.9423,0.6675
6859,stage2,4,0.11480109393596649,0.1855209618806839,0.0,0.11480109393596649,0.0001,1e-05,53.593,3.4612,0.6681
6860,stage2,4,0.1425265669822693,0.18054601550102234,0.0,0.1425265669822693,0.0001,1e-05,53.593,4.1645,4.6341
6861,stage2,4,0.16122931241989136,0.1796713024377823,0.0,0.16122931241989136,0.0001,1e-05,53.597,5.4981,0.6652
6862,stage2,4,0.13434764742851257,0.1859605759382248,0.0,0.13434764742851257,0.0001,1e-05,53.592,3.5616,0.6665
6863,stage2,4,0.13328346610069275,0.18936249613761902,0.0,0.13328346610069275,0.0001,1e-05,53.599,3.3974,0.6668
6864,stage2,4,0.1362551748752594,0.17453615367412567,0.0,0.1362551748752594,0.0001,1e-05,53.601,3.2843,0.6669
6865,stage2,4,0.13104502856731415,0.18706871569156647,0.0,0.13104502856731415,0.0001,1e-05,53.597,3.7087,0.6668
6866,stage2,4,0.11165878921747208,0.1610204428434372,0.0,0.11165878921747208,0.0001,1e-05,53.588,2.9916,0.6677
6867,stage2,4,0.1492227464914322,0.15575484931468964,0.0,0.1492227464914322,0.0001,1e-05,53.607,3.4002,0.6725
6868,stage2,4,0.1009565144777298,0.1837267428636551,0.0,0.1009565144777298,0.0001,1e-05,53.604,3.5277,4.892
6869,stage2,4,0.13025642931461334,0.16183622181415558,0.0,0.13025642931461334,0.0001,1e-05,53.595,3.9972,0.6658
6870,stage2,4,0.14167681336402893,0.16027486324310303,0.0,0.14167681336402893,0.0001,1e-05,53.588,3.4062,0.6658
6871,stage2,4,0.13253989815711975,0.17274262011051178,0.0,0.13253989815711975,0.0001,1e-05,53.597,3.5617,0.6665
6872,stage2,4,0.12093555182218552,0.1646425575017929,0.0,0.12093555182218552,0.0001,1e-05,53.604,3.8797,0.6664
6873,stage2,4,0.1404695063829422,0.16540229320526123,0.0,0.1404695063829422,0.0001,1e-05,53.599,4.104,0.6661
6874,stage2,4,0.14353390038013458,0.1571531742811203,0.0,0.14353390038013458,0.0001,1e-05,53.603,3.4989,0.6676
6875,stage2,4,0.15795756876468658,0.17360776662826538,0.0,0.15795756876468658,0.0001,1e-05,53.58,3.0027,0.6679
6876,stage2,4,0.11428450793027878,0.160711869597435,0.0,0.11428450793027878,0.0001,1e-05,53.597,3.5055,4.9997
6877,stage2,4,0.13264305889606476,0.18604497611522675,0.0,0.13264305889606476,0.0001,1e-05,53.605,5.2277,0.6663
6878,stage2,4,0.1324375718832016,0.17426615953445435,0.0,0.1324375718832016,0.0001,1e-05,53.603,3.3473,0.667
6879,stage2,4,0.15400393307209015,0.1511121541261673,0.0,0.15400393307209015,0.0001,1e-05,53.597,3.5334,0.667
6880,stage2,4,0.14333611726760864,0.20848429203033447,0.0,0.14333611726760864,0.0001,1e-05,53.596,3.0418,0.6672
6881,stage2,4,0.1269051730632782,0.20541372895240784,0.0,0.1269051730632782,0.0001,1e-05,53.599,3.1107,0.6679
6882,stage2,4,0.1545916199684143,0.17273478209972382,0.0,0.1545916199684143,0.0001,1e-05,53.592,3.4438,0.6683
6883,stage2,4,0.11961299926042557,0.17238686978816986,0.0,0.11961299926042557,0.0001,1e-05,53.6,3.0144,0.6687
6884,stage2,4,0.11807478964328766,0.19070859253406525,0.0,0.11807478964328766,0.0001,1e-05,53.602,3.6196,4.8017
6885,stage2,4,0.10315563529729843,0.1884733885526657,0.0,0.10315563529729843,0.0001,1e-05,53.587,3.2911,0.6661
6886,stage2,4,0.14594654738903046,0.18049246072769165,0.0,0.14594654738903046,0.0001,1e-05,53.595,3.419,0.6665
6887,stage2,4,0.1064240038394928,0.166190966963768,0.0,0.1064240038394928,0.0001,1e-05,53.598,3.0313,0.6668
6888,stage2,4,0.16241252422332764,0.17965228855609894,0.0,0.16241252422332764,0.0001,1e-05,53.587,3.7843,0.6676
6889,stage2,4,0.12751133739948273,0.1617652326822281,0.0,0.12751133739948273,0.0001,1e-05,53.604,3.2134,0.6679
6890,stage2,4,0.15617837011814117,0.15647053718566895,0.0,0.15617837011814117,0.0001,1e-05,53.604,3.7562,0.6679
6891,stage2,4,0.1605718731880188,0.1737004667520523,0.0,0.1605718731880188,0.0001,1e-05,53.605,3.9735,0.6681
6892,stage2,4,0.13366307318210602,0.18287746608257294,0.0,0.13366307318210602,0.0001,1e-05,53.601,3.2341,4.8807
6893,stage2,4,0.1169774979352951,0.1706717312335968,0.0,0.1169774979352951,0.0001,1e-05,53.593,3.7864,0.6659
6894,stage2,4,0.12492144852876663,0.16560086607933044,0.0,0.12492144852876663,0.0001,1e-05,53.603,3.9508,0.6717
6895,stage2,4,0.1151004433631897,0.17759233713150024,0.0,0.1151004433631897,0.0001,1e-05,53.595,3.3243,0.6716
6896,stage2,4,0.14592184126377106,0.18481682240962982,0.0,0.14592184126377106,0.0001,1e-05,53.612,3.2986,0.6673
6897,stage2,4,0.14010955393314362,0.18108993768692017,0.0,0.14010955393314362,0.0001,1e-05,53.604,3.8633,0.6677
6898,stage2,4,0.11910662055015564,0.18539661169052124,0.0,0.11910662055015564,0.0001,1e-05,53.606,3.3169,0.6685
6899,stage2,4,0.12898457050323486,0.18049001693725586,0.0,0.12898457050323486,0.0001,1e-05,53.6,2.9827,0.674
6900,stage2,4,0.15737955272197723,0.1729116290807724,0.0,0.15737955272197723,0.0001,1e-05,53.611,3.7001,4.9294
6901,stage2,4,0.17076073586940765,0.1505461186170578,0.0,0.17076073586940765,0.0001,1e-05,53.597,4.8172,0.6663
6902,stage2,4,0.1328747719526291,0.19544567167758942,0.0,0.1328747719526291,0.0001,1e-05,53.596,3.684,0.6669
6903,stage2,4,0.17091646790504456,0.14627429842948914,0.0,0.17091646790504456,0.0001,1e-05,53.61,3.5496,0.6675
6904,stage2,4,0.16694262623786926,0.19199314713478088,0.0,0.16694262623786926,0.0001,1e-05,53.611,3.3409,0.6681
6905,stage2,4,0.16003017127513885,0.16975507140159607,0.0,0.16003017127513885,0.0001,1e-05,53.596,3.235,0.6675
6906,stage2,4,0.12791822850704193,0.2041332721710205,0.0,0.12791822850704193,0.0001,1e-05,53.611,3.3063,0.6687
6907,stage2,4,0.17397429049015045,0.17839303612709045,0.0,0.17397429049015045,0.0001,1e-05,53.604,4.5552,0.6685
6908,stage2,4,0.14807794988155365,0.17538344860076904,0.0,0.14807794988155365,0.0001,1e-05,53.601,5.1058,4.6882
6909,stage2,4,0.11812394112348557,0.174117311835289,0.0,0.11812394112348557,0.0001,1e-05,53.595,3.7419,0.6659
6910,stage2,4,0.1161808893084526,0.22993087768554688,0.0,0.1161808893084526,0.0001,1e-05,53.602,3.9825,0.6668
6911,stage2,4,0.0980938971042633,0.20639680325984955,0.0,0.0980938971042633,0.0001,1e-05,53.602,3.1388,0.6671
6912,stage2,4,0.16947010159492493,0.1683712601661682,0.0,0.16947010159492493,0.0001,1e-05,53.601,4.1636,0.6667
6913,stage2,4,0.12492557615041733,0.15965895354747772,0.0,0.12492557615041733,0.0001,1e-05,53.592,4.1656,0.6681
6914,stage2,4,0.14783458411693573,0.18363772332668304,0.0,0.14783458411693573,0.0001,1e-05,53.596,4.2363,0.6679
6915,stage2,4,0.15012046694755554,0.1748075932264328,0.0,0.15012046694755554,0.0001,1e-05,53.617,3.0436,0.6688
6916,stage2,4,0.12721484899520874,0.1627977043390274,0.0,0.12721484899520874,0.0001,1e-05,53.603,3.408,4.7429
6917,stage2,4,0.11732953786849976,0.19033394753932953,0.0,0.11732953786849976,0.0001,1e-05,53.603,2.997,0.6668
6918,stage2,4,0.1373213678598404,0.17167213559150696,0.0,0.1373213678598404,0.0001,1e-05,53.611,3.4627,0.667
6919,stage2,4,0.13327081501483917,0.17463114857673645,0.0,0.13327081501483917,0.0001,1e-05,53.602,3.3926,0.6676
6920,stage2,4,0.13022708892822266,0.17102712392807007,0.0,0.13022708892822266,0.0001,1e-05,53.599,3.1014,0.6679
6921,stage2,4,0.13040927052497864,0.1743125468492508,0.0,0.13040927052497864,0.0001,1e-05,53.594,2.8018,0.6688
6922,stage2,4,0.1088159903883934,0.18788009881973267,0.0,0.1088159903883934,0.0001,1e-05,53.596,3.1164,0.6681
6923,stage2,4,0.150404691696167,0.18766717612743378,0.0,0.150404691696167,0.0001,1e-05,53.604,3.5651,0.6685
6924,stage2,4,0.14856156706809998,0.17475701868534088,0.0,0.14856156706809998,0.0001,1e-05,53.6,3.0579,4.5627
6925,stage2,4,0.14370492100715637,0.1863807588815689,0.0,0.14370492100715637,0.0001,1e-05,53.6,3.6941,0.6661
6926,stage2,4,0.12663571536540985,0.1878686547279358,0.0,0.12663571536540985,0.0001,1e-05,53.6,3.0892,0.667
6927,stage2,4,0.12526944279670715,0.17919160425662994,0.0,0.12526944279670715,0.0001,1e-05,53.603,3.5078,0.6683
6928,stage2,4,0.128011092543602,0.16633248329162598,0.0,0.128011092543602,0.0001,1e-05,53.605,2.9512,0.6678
6929,stage2,4,0.1468885838985443,0.17289933562278748,0.0,0.1468885838985443,0.0001,1e-05,53.604,4.1718,0.6685
6930,stage2,4,0.12441153079271317,0.15777258574962616,0.0,0.12441153079271317,0.0001,1e-05,53.598,3.0387,0.6689
6931,stage2,4,0.12774169445037842,0.16827470064163208,0.0,0.12774169445037842,0.0001,1e-05,53.594,3.3786,0.6701
6932,stage2,4,0.11392707377672195,0.195664182305336,0.0,0.11392707377672195,0.0001,1e-05,53.609,3.4768,4.4036
6933,stage2,4,0.10579577833414078,0.1798487901687622,0.0,0.10579577833414078,0.0001,1e-05,53.603,3.6337,0.6673
6934,stage2,4,0.13372601568698883,0.17083774507045746,0.0,0.13372601568698883,0.0001,1e-05,53.61,3.2013,0.6676
6935,stage2,4,0.1550859659910202,0.17603303492069244,0.0,0.1550859659910202,0.0001,1e-05,53.602,4.2742,0.6679
6936,stage2,4,0.1316203474998474,0.15538327395915985,0.0,0.1316203474998474,0.0001,1e-05,53.597,3.4462,0.6694
6937,stage2,4,0.14063093066215515,0.1559838503599167,0.0,0.14063093066215515,0.0001,1e-05,53.602,3.259,0.6673
6938,stage2,4,0.16482596099376678,0.15507976710796356,0.0,0.16482596099376678,0.0001,1e-05,53.598,3.3148,0.6685
6939,stage2,4,0.1629304587841034,0.1814546287059784,0.0,0.1629304587841034,0.0001,1e-05,53.603,4.0386,0.6689
6940,stage2,4,0.12342860549688339,0.1751159429550171,0.0,0.12342860549688339,0.0001,1e-05,53.59,3.3247,4.3829
6941,stage2,4,0.10987410694360733,0.17741765081882477,0.0,0.10987410694360733,0.0001,1e-05,53.59,2.8572,0.6675
6942,stage2,4,0.17774605751037598,0.16790632903575897,0.0,0.17774605751037598,0.0001,1e-05,53.601,3.5503,0.6678
6943,stage2,4,0.15659083425998688,0.17015919089317322,0.0,0.15659083425998688,0.0001,1e-05,53.603,3.8989,0.6678
6944,stage2,4,0.1999194175004959,0.15250906348228455,0.0,0.1999194175004959,0.0001,1e-05,53.607,3.0002,0.6683
6945,stage2,4,0.12988625466823578,0.1948520392179489,0.0,0.12988625466823578,0.0001,1e-05,53.596,3.082,0.6682
6946,stage2,4,0.1468745619058609,0.17278192937374115,0.0,0.1468745619058609,0.0001,1e-05,53.601,3.5139,0.6682
6947,stage2,4,0.1280800998210907,0.1609223335981369,0.0,0.1280800998210907,0.0001,1e-05,53.593,3.5968,0.6691
6948,stage2,4,0.10664423555135727,0.18483233451843262,0.0,0.10664423555135727,0.0001,1e-05,53.594,3.2621,4.748
6949,stage2,4,0.13238586485385895,0.16820028424263,0.0,0.13238586485385895,0.0001,1e-05,53.593,3.7516,0.6721
6950,stage2,4,0.1447068601846695,0.20562581717967987,0.0,0.1447068601846695,0.0001,1e-05,53.597,3.6498,0.667
6951,stage2,4,0.1209486871957779,0.16830946505069733,0.0,0.1209486871957779,0.0001,1e-05,53.602,3.7824,0.6684
6952,stage2,4,0.14336733520030975,0.16809384524822235,0.0,0.14336733520030975,0.0001,1e-05,53.602,3.3838,0.6732
6953,stage2,4,0.14448678493499756,0.1508813351392746,0.0,0.14448678493499756,0.0001,1e-05,53.596,3.3143,0.6691
6954,stage2,4,0.14559373259544373,0.1930476278066635,0.0,0.14559373259544373,0.0001,1e-05,53.596,3.5797,0.669
6955,stage2,4,0.11371730268001556,0.19388514757156372,0.0,0.11371730268001556,0.0001,1e-05,53.6,3.8905,0.6699
6956,stage2,4,0.18923093378543854,0.15893937647342682,0.0,0.18923093378543854,0.0001,1e-05,53.59,4.4383,4.7176
6957,stage2,4,0.1296761929988861,0.17286887764930725,0.0,0.1296761929988861,0.0001,1e-05,53.596,3.429,0.6675
6958,stage2,4,0.11677031219005585,0.1918036788702011,0.0,0.11677031219005585,0.0001,1e-05,53.609,3.2923,0.6675
6959,stage2,4,0.11368666589260101,0.16276881098747253,0.0,0.11368666589260101,0.0001,1e-05,53.601,3.7102,0.668
6960,stage2,4,0.10321011394262314,0.1860438883304596,0.0,0.10321011394262314,0.0001,1e-05,53.599,2.8627,0.669
6961,stage2,4,0.10844609886407852,0.19085094332695007,0.0,0.10844609886407852,0.0001,1e-05,53.603,2.6413,0.6692
6962,stage2,4,0.1567513346672058,0.1394588202238083,0.0,0.1567513346672058,0.0001,1e-05,53.617,3.4191,0.6694
6963,stage2,4,0.1119721382856369,0.1820652335882187,0.0,0.1119721382856369,0.0001,1e-05,53.613,3.3248,0.6696
6964,stage2,4,0.14240515232086182,0.1647340953350067,0.0,0.14240515232086182,0.0001,1e-05,53.6,3.1581,4.6253
6965,stage2,4,0.146954745054245,0.16809456050395966,0.0,0.146954745054245,0.0001,1e-05,53.602,3.5401,0.6674
6966,stage2,4,0.12170100957155228,0.16851460933685303,0.0,0.12170100957155228,0.0001,1e-05,53.598,3.5491,0.6686
6967,stage2,4,0.13166065514087677,0.16670142114162445,0.0,0.13166065514087677,0.0001,1e-05,53.597,3.0672,0.6677
6968,stage2,4,0.15139414370059967,0.17128656804561615,0.0,0.15139414370059967,0.0001,1e-05,53.608,3.7476,0.669
6969,stage2,4,0.14845377206802368,0.1691775918006897,0.0,0.14845377206802368,0.0001,1e-05,53.598,3.3364,0.6686
6970,stage2,4,0.1098499596118927,0.17541593313217163,0.0,0.1098499596118927,0.0001,1e-05,53.592,3.4401,0.6696
6971,stage2,4,0.13580311834812164,0.16082505881786346,0.0,0.13580311834812164,0.0001,1e-05,53.597,3.7495,0.6701
6972,stage2,4,0.12812279164791107,0.1900041401386261,0.0,0.12812279164791107,0.0001,1e-05,53.591,3.5703,4.6702
6973,stage2,4,0.14753596484661102,0.17331562936306,0.0,0.14753596484661102,0.0001,1e-05,53.611,3.6032,0.6665
6974,stage2,4,0.1248183324933052,0.18597792088985443,0.0,0.1248183324933052,0.0001,1e-05,53.602,3.4776,0.6679
6975,stage2,4,0.1403922736644745,0.19884033501148224,0.0,0.1403922736644745,0.0001,1e-05,53.595,3.1283,0.6688
6976,stage2,4,0.1406126171350479,0.18045447766780853,0.0,0.1406126171350479,0.0001,1e-05,53.597,4.0104,0.6686
6977,stage2,4,0.1627647429704666,0.16380943357944489,0.0,0.1627647429704666,0.0001,1e-05,53.599,3.0862,0.6686
6978,stage2,4,0.1475532501935959,0.17677675187587738,0.0,0.1475532501935959,0.0001,1e-05,53.598,4.4936,0.6701
6979,stage2,4,0.1224718913435936,0.16531874239444733,0.0,0.1224718913435936,0.0001,1e-05,53.602,4.0704,0.6739
6980,stage2,4,0.1377788633108139,0.16905944049358368,0.0,0.1377788633108139,0.0001,1e-05,53.585,3.3778,5.1953
6981,stage2,4,0.12287748605012894,0.17976213991641998,0.0,0.12287748605012894,0.0001,1e-05,53.605,4.5763,0.667
6982,stage2,4,0.11488700658082962,0.18627449870109558,0.0,0.11488700658082962,0.0001,1e-05,53.595,3.1768,0.6667
6983,stage2,4,0.12419494241476059,0.16325177252292633,0.0,0.12419494241476059,0.0001,1e-05,53.599,3.1103,0.6677
6984,stage2,4,0.1404973566532135,0.18384018540382385,0.0,0.1404973566532135,0.0001,1e-05,53.603,4.5768,0.6684
6985,stage2,4,0.1466866284608841,0.1684149205684662,0.0,0.1466866284608841,0.0001,1e-05,53.596,4.7348,0.6689
6986,stage2,4,0.15644246339797974,0.18037055432796478,0.0,0.15644246339797974,0.0001,1e-05,53.596,3.4362,0.675
6987,stage2,4,0.14641189575195312,0.1626608967781067,0.0,0.14641189575195312,0.0001,1e-05,53.599,3.5776,0.6689
6988,stage2,4,0.12480311840772629,0.1850496381521225,0.0,0.12480311840772629,0.0001,1e-05,53.598,3.255,4.9147
6989,stage2,4,0.11750495433807373,0.16663947701454163,0.0,0.11750495433807373,0.0001,1e-05,53.596,3.1901,0.6681
6990,stage2,4,0.13264885544776917,0.18834683299064636,0.0,0.13264885544776917,0.0001,1e-05,53.601,3.7895,0.6674
6991,stage2,4,0.12556037306785583,0.15162307024002075,0.0,0.12556037306785583,0.0001,1e-05,53.61,3.9598,0.6679
6992,stage2,4,0.10469765216112137,0.1985165774822235,0.0,0.10469765216112137,0.0001,1e-05,53.605,4.0121,0.669
6993,stage2,4,0.12247887253761292,0.19736886024475098,0.0,0.12247887253761292,0.0001,1e-05,53.605,4.2182,0.6693
6994,stage2,4,0.17491984367370605,0.17453289031982422,0.0,0.17491984367370605,0.0001,1e-05,53.6,3.5811,0.6694
6995,stage2,4,0.1361689418554306,0.18687304854393005,0.0,0.1361689418554306,0.0001,1e-05,53.598,3.4102,0.6695
6996,stage2,4,0.13407334685325623,0.1908913403749466,0.0,0.13407334685325623,0.0001,1e-05,53.591,3.2421,4.9118
6997,stage2,4,0.1232602670788765,0.18251359462738037,0.0,0.1232602670788765,0.0001,1e-05,53.596,4.3529,0.6672
6998,stage2,4,0.18291586637496948,0.15367217361927032,0.0,0.18291586637496948,0.0001,1e-05,53.599,3.2756,0.6675
6999,stage2,4,0.15705281496047974,0.14932838082313538,0.0,0.15705281496047974,0.0001,1e-05,53.596,3.6795,0.6678
7000,stage2,4,0.17397598922252655,0.13794033229351044,0.0,0.17397598922252655,0.0001,1e-05,53.612,3.6248,0.6688
7001,stage2,4,0.10872319340705872,0.17725475132465363,0.0,0.10872319340705872,0.0001,1e-05,53.586,3.2102,0.6686
7002,stage2,4,0.12187884747982025,0.18828344345092773,0.0,0.12187884747982025,0.0001,1e-05,53.596,4.7934,0.6734
7003,stage2,4,0.14380072057247162,0.1738082617521286,0.0,0.14380072057247162,0.0001,1e-05,53.599,3.333,0.6696
7004,stage2,4,0.1377110332250595,0.1598607450723648,0.0,0.1377110332250595,0.0001,1e-05,53.603,3.4041,5.1543
7005,stage2,4,0.12690626084804535,0.1884998381137848,0.0,0.12690626084804535,0.0001,1e-05,53.589,3.6933,0.6663
7006,stage2,4,0.1589537113904953,0.18184366822242737,0.0,0.1589537113904953,0.0001,1e-05,53.593,4.295,0.6679
7007,stage2,4,0.1606723964214325,0.1748456358909607,0.0,0.1606723964214325,0.0001,1e-05,53.601,3.9984,0.6688
7008,stage2,4,0.1358160823583603,0.16993348300457,0.0,0.1358160823583603,0.0001,1e-05,53.593,4.2822,0.6686
7009,stage2,4,0.13378892838954926,0.20352640748023987,0.0,0.13378892838954926,0.0001,1e-05,53.597,3.3712,0.6691
7010,stage2,4,0.09884863346815109,0.18058231472969055,0.0,0.09884863346815109,0.0001,1e-05,53.602,3.8093,0.6694
7011,stage2,4,0.12010983377695084,0.19071049988269806,0.0,0.12010983377695084,0.0001,1e-05,53.598,3.7492,0.6693
7012,stage2,4,0.09733764827251434,0.18205741047859192,0.0,0.09733764827251434,0.0001,1e-05,53.599,3.1085,5.1759
7013,stage2,4,0.11683840304613113,0.19026803970336914,0.0,0.11683840304613113,0.0001,1e-05,53.601,2.7683,0.6666
7014,stage2,4,0.11106742173433304,0.1765482872724533,0.0,0.11106742173433304,0.0001,1e-05,53.602,3.3734,0.6676
7015,stage2,4,0.12186158448457718,0.17623476684093475,0.0,0.12186158448457718,0.0001,1e-05,53.594,3.0782,0.6678
7016,stage2,4,0.09455074369907379,0.18594801425933838,0.0,0.09455074369907379,0.0001,1e-05,53.594,3.0654,0.6688
7017,stage2,4,0.1465436965227127,0.1677384078502655,0.0,0.1465436965227127,0.0001,1e-05,53.608,3.2657,0.6685
7018,stage2,4,0.19853603839874268,0.15672922134399414,0.0,0.19853603839874268,0.0001,1e-05,53.597,3.1674,0.6694
7019,stage2,4,0.1411597579717636,0.17891667783260345,0.0,0.1411597579717636,0.0001,1e-05,53.608,3.0327,0.6685
7020,stage2,4,0.14881914854049683,0.1647900640964508,0.0,0.14881914854049683,0.0001,1e-05,53.607,3.2145,4.8753
7021,stage2,4,0.1359545737504959,0.16446290910243988,0.0,0.1359545737504959,0.0001,1e-05,53.596,3.3549,0.667
7022,stage2,4,0.10751450061798096,0.14861057698726654,0.0,0.10751450061798096,0.0001,1e-05,53.601,2.974,0.6681
7023,stage2,4,0.13479986786842346,0.21922343969345093,0.0,0.13479986786842346,0.0001,1e-05,53.601,4.4759,0.6685
7024,stage2,4,0.14250819385051727,0.18159699440002441,0.0,0.14250819385051727,0.0001,1e-05,53.591,3.8899,0.6687
7025,stage2,4,0.11913787573575974,0.17900791764259338,0.0,0.11913787573575974,0.0001,1e-05,53.593,3.2182,0.6693
7026,stage2,4,0.11977854371070862,0.16654497385025024,0.0,0.11977854371070862,0.0001,1e-05,53.595,3.7856,0.6691
7027,stage2,4,0.1332869976758957,0.1710890382528305,0.0,0.1332869976758957,0.0001,1e-05,53.606,3.6893,0.6693
7028,stage2,4,0.15539208054542542,0.16260868310928345,0.0,0.15539208054542542,0.0001,1e-05,53.593,3.4654,5.3171
7029,stage2,4,0.17000214755535126,0.1407410055398941,0.0,0.17000214755535126,0.0001,1e-05,53.601,3.4274,0.667
7030,stage2,4,0.1384202092885971,0.196038618683815,0.0,0.1384202092885971,0.0001,1e-05,53.606,3.8951,0.6677
7031,stage2,4,0.1577698439359665,0.15845884382724762,0.0,0.1577698439359665,0.0001,1e-05,53.609,3.4822,0.6685
7032,stage2,4,0.14387939870357513,0.17413128912448883,0.0,0.14387939870357513,0.0001,1e-05,53.606,3.3868,0.6681
7033,stage2,4,0.12361987680196762,0.18650349974632263,0.0,0.12361987680196762,0.0001,1e-05,53.593,3.5838,0.6687
7034,stage2,4,0.11156517267227173,0.1671682596206665,0.0,0.11156517267227173,0.0001,1e-05,53.595,3.0043,0.6685
7035,stage2,4,0.11165114492177963,0.17691458761692047,0.0,0.11165114492177963,0.0001,1e-05,53.6,3.3011,0.669
7036,stage2,4,0.1154501736164093,0.2010437399148941,0.0,0.1154501736164093,0.0001,1e-05,53.598,4.1945,5.0837
7037,stage2,4,0.16356688737869263,0.18767167627811432,0.0,0.16356688737869263,0.0001,1e-05,53.598,3.6921,0.6668
7038,stage2,4,0.13528314232826233,0.16857677698135376,0.0,0.13528314232826233,0.0001,1e-05,53.591,3.1719,0.6683
7039,stage2,4,0.10495522618293762,0.18358267843723297,0.0,0.10495522618293762,0.0001,1e-05,53.592,4.2589,0.6672
7040,stage2,4,0.12963679432868958,0.16422589123249054,0.0,0.12963679432868958,0.0001,1e-05,53.597,3.7118,0.6682
7041,stage2,4,0.11730998009443283,0.1719304472208023,0.0,0.11730998009443283,0.0001,1e-05,53.596,3.1637,0.6683
7042,stage2,4,0.1288692206144333,0.16537640988826752,0.0,0.1288692206144333,0.0001,1e-05,53.606,3.2504,0.6691
7043,stage2,4,0.1002112403512001,0.1723184883594513,0.0,0.1002112403512001,0.0001,1e-05,53.6,3.1304,0.6691
7044,stage2,4,0.12784896790981293,0.1614333987236023,0.0,0.12784896790981293,0.0001,1e-05,53.609,3.1393,5.3271
7045,stage2,4,0.12427603453397751,0.1859731376171112,0.0,0.12427603453397751,0.0001,1e-05,53.602,3.9471,0.6665
7046,stage2,4,0.10784539580345154,0.17239123582839966,0.0,0.10784539580345154,0.0001,1e-05,53.593,3.5366,0.671
7047,stage2,4,0.15010102093219757,0.15431608259677887,0.0,0.15010102093219757,0.0001,1e-05,53.599,4.5995,0.6685
7048,stage2,4,0.14312395453453064,0.16944481432437897,0.0,0.14312395453453064,0.0001,1e-05,53.595,4.0082,0.6678
7049,stage2,4,0.1266421526670456,0.18812233209609985,0.0,0.1266421526670456,0.0001,1e-05,53.596,3.7716,0.668
7050,stage2,4,0.12337648123502731,0.1889442652463913,0.0,0.12337648123502731,0.0001,1e-05,53.597,4.2278,0.6695
7051,stage2,4,0.1131516844034195,0.16540704667568207,0.0,0.1131516844034195,0.0001,1e-05,53.591,3.6934,0.6691
7052,stage2,4,0.10337858647108078,0.16983196139335632,0.0,0.10337858647108078,0.0001,1e-05,53.586,3.8781,5.0117
7053,stage2,4,0.1421898752450943,0.19825558364391327,0.0,0.1421898752450943,0.0001,1e-05,53.592,4.8753,0.6726
7054,stage2,4,0.09790045768022537,0.19948811829090118,0.0,0.09790045768022537,0.0001,1e-05,53.603,3.2112,0.6671
7055,stage2,4,0.1293620467185974,0.17821739614009857,0.0,0.1293620467185974,0.0001,1e-05,53.594,3.8525,0.668
7056,stage2,4,0.13120846450328827,0.18313296139240265,0.0,0.13120846450328827,0.0001,1e-05,53.596,3.8337,0.6683
7057,stage2,4,0.12540602684020996,0.18915994465351105,0.0,0.12540602684020996,0.0001,1e-05,53.588,3.7822,0.668
7058,stage2,4,0.13600070774555206,0.17486572265625,0.0,0.13600070774555206,0.0001,1e-05,53.593,4.5157,0.6692
7059,stage2,4,0.18381762504577637,0.16036663949489594,0.0,0.18381762504577637,0.0001,1e-05,53.603,3.6718,0.6683
7060,stage2,4,0.1187826618552208,0.18080554902553558,0.0,0.1187826618552208,0.0001,1e-05,53.602,3.6993,5.2335
7061,stage2,4,0.1431235671043396,0.16741183400154114,0.0,0.1431235671043396,0.0001,1e-05,53.598,4.157,0.666
7062,stage2,4,0.13995538651943207,0.16271597146987915,0.0,0.13995538651943207,0.0001,1e-05,53.603,3.9881,0.6669
7063,stage2,4,0.14532870054244995,0.17772021889686584,0.0,0.14532870054244995,0.0001,1e-05,53.609,3.7106,0.6687
7064,stage2,4,0.13107317686080933,0.18509775400161743,0.0,0.13107317686080933,0.0001,1e-05,53.605,3.8667,0.6682
7065,stage2,4,0.1658429205417633,0.1956728845834732,0.0,0.1658429205417633,0.0001,1e-05,53.613,3.8243,0.6682
7066,stage2,4,0.13346624374389648,0.16793395578861237,0.0,0.13346624374389648,0.0001,1e-05,53.601,3.9285,0.6686
7067,stage2,4,0.12499897927045822,0.17925697565078735,0.0,0.12499897927045822,0.0001,1e-05,53.606,5.1962,0.6677
7068,stage2,4,0.16681751608848572,0.16914939880371094,0.0,0.16681751608848572,0.0001,1e-05,53.608,4.7187,5.1319
7069,stage2,4,0.1505431830883026,0.16395007073879242,0.0,0.1505431830883026,0.0001,1e-05,53.602,4.6238,0.6656
7070,stage2,4,0.10779394209384918,0.18078337609767914,0.0,0.10779394209384918,0.0001,1e-05,53.601,3.232,0.674
7071,stage2,4,0.1455712616443634,0.17346973717212677,0.0,0.1455712616443634,0.0001,1e-05,53.604,3.6026,0.66
7072,stage2,4,0.12787990272045135,0.15525509417057037,0.0,0.12787990272045135,0.0001,1e-05,53.602,3.369,0.6663
7073,stage2,4,0.15799488127231598,0.19157245755195618,0.0,0.15799488127231598,0.0001,1e-05,53.601,5.0459,0.6679
7074,stage2,4,0.12548938393592834,0.18452653288841248,0.0,0.12548938393592834,0.0001,1e-05,53.598,4.2166,0.6683
7075,stage2,4,0.1378272920846939,0.18858160078525543,0.0,0.1378272920846939,0.0001,1e-05,53.614,3.9583,0.6677
7076,stage2,4,0.14316916465759277,0.17161104083061218,0.0,0.14316916465759277,0.0001,1e-05,53.606,3.9238,4.8722
7077,stage2,4,0.11283030360937119,0.1991528868675232,0.0,0.11283030360937119,0.0001,1e-05,53.6,3.3405,0.6663
7078,stage2,4,0.10961724817752838,0.18879595398902893,0.0,0.10961724817752838,0.0001,1e-05,53.61,3.2078,0.6663
7079,stage2,4,0.1416139304637909,0.16454578936100006,0.0,0.1416139304637909,0.0001,1e-05,53.604,4.08,0.67
7080,stage2,4,0.11354769021272659,0.17636264860630035,0.0,0.11354769021272659,0.0001,1e-05,53.607,3.5576,0.6668
7081,stage2,4,0.14229939877986908,0.18227535486221313,0.0,0.14229939877986908,0.0001,1e-05,53.601,3.5009,0.6677
7082,stage2,4,0.13940668106079102,0.17535550892353058,0.0,0.13940668106079102,0.0001,1e-05,53.599,3.4432,0.668
7083,stage2,4,0.13912633061408997,0.1513684093952179,0.0,0.13912633061408997,0.0001,1e-05,53.602,3.5214,0.6711
7084,stage2,4,0.13584887981414795,0.17741110920906067,0.0,0.13584887981414795,0.0001,1e-05,53.605,3.3153,5.0928
7085,stage2,4,0.1380959302186966,0.17105309665203094,0.0,0.1380959302186966,0.0001,1e-05,53.599,3.4194,0.6659
7086,stage2,4,0.13631972670555115,0.1692233681678772,0.0,0.13631972670555115,0.0001,1e-05,53.602,3.6171,0.6665
7087,stage2,4,0.14482462406158447,0.17880798876285553,0.0,0.14482462406158447,0.0001,1e-05,53.595,3.949,0.6668
7088,stage2,4,0.13280954957008362,0.1674216389656067,0.0,0.13280954957008362,0.0001,1e-05,53.592,3.6143,0.6672
7089,stage2,4,0.13171066343784332,0.1575670689344406,0.0,0.13171066343784332,0.0001,1e-05,53.605,3.1607,0.6675
7090,stage2,4,0.11662546545267105,0.1709275245666504,0.0,0.11662546545267105,0.0001,1e-05,53.611,3.0691,0.6697
7091,stage2,4,0.13876816630363464,0.1810898631811142,0.0,0.13876816630363464,0.0001,1e-05,53.599,3.9945,0.6719
7092,stage2,4,0.11621426045894623,0.1813427358865738,0.0,0.11621426045894623,0.0001,1e-05,53.588,3.0656,5.2075
7093,stage2,4,0.14177310466766357,0.15081483125686646,0.0,0.14177310466766357,0.0001,1e-05,53.599,3.5907,0.6656
7094,stage2,4,0.13518638908863068,0.18495698273181915,0.0,0.13518638908863068,0.0001,1e-05,53.604,3.9612,0.671
7095,stage2,4,0.14537867903709412,0.16196471452713013,0.0,0.14537867903709412,0.0001,1e-05,53.603,3.6264,0.6665
7096,stage2,4,0.1775178462266922,0.19438134133815765,0.0,0.1775178462266922,0.0001,1e-05,53.593,5.0864,0.6672
7097,stage2,4,0.13740664720535278,0.15360911190509796,0.0,0.13740664720535278,0.0001,1e-05,53.6,2.8671,0.6678
7098,stage2,4,0.15057550370693207,0.15865691006183624,0.0,0.15057550370693207,0.0001,1e-05,53.601,3.1463,0.6681
7099,stage2,4,0.14820966124534607,0.175728902220726,0.0,0.14820966124534607,0.0001,1e-05,53.602,3.9946,0.6677
7100,stage2,4,0.12247075885534286,0.1751003861427307,0.0,0.12247075885534286,0.0001,1e-05,53.6,3.1129,5.2273
7101,stage2,4,0.13088423013687134,0.18515360355377197,0.0,0.13088423013687134,0.0001,1e-05,53.596,3.9913,0.6655
7102,stage2,4,0.08346261084079742,0.19443678855895996,0.0,0.08346261084079742,0.0001,1e-05,53.612,2.6674,0.6661
7103,stage2,4,0.13047738373279572,0.16600880026817322,0.0,0.13047738373279572,0.0001,1e-05,53.604,3.4693,0.6665
7104,stage2,4,0.14082597196102142,0.17496617138385773,0.0,0.14082597196102142,0.0001,1e-05,53.611,3.4925,0.6675
7105,stage2,4,0.10712355375289917,0.20741117000579834,0.0,0.10712355375289917,0.0001,1e-05,53.594,2.7327,0.6676
7106,stage2,4,0.12081507593393326,0.17463666200637817,0.0,0.12081507593393326,0.0001,1e-05,53.597,3.4648,0.6678
7107,stage2,4,0.13341578841209412,0.19610460102558136,0.0,0.13341578841209412,0.0001,1e-05,53.598,3.9013,0.6683
7108,stage2,4,0.09555558115243912,0.17807850241661072,0.0,0.09555558115243912,0.0001,1e-05,53.595,2.8088,4.9305
7109,stage2,4,0.1558525562286377,0.16236549615859985,0.0,0.1558525562286377,0.0001,1e-05,53.603,4.2003,0.6653
7110,stage2,4,0.13518624007701874,0.19294054806232452,0.0,0.13518624007701874,0.0001,1e-05,53.601,3.8323,0.6667
7111,stage2,4,0.13943716883659363,0.1792033463716507,0.0,0.13943716883659363,0.0001,1e-05,53.609,4.0177,0.6665
7112,stage2,4,0.13862958550453186,0.17280955612659454,0.0,0.13862958550453186,0.0001,1e-05,53.603,3.5027,0.667
7113,stage2,4,0.12386355549097061,0.18348677456378937,0.0,0.12386355549097061,0.0001,1e-05,53.601,3.1799,0.6677
7114,stage2,4,0.1394805908203125,0.19678592681884766,0.0,0.1394805908203125,0.0001,1e-05,53.588,3.221,0.6678
7115,stage2,4,0.10336962342262268,0.17138399183750153,0.0,0.10336962342262268,0.0001,1e-05,53.597,2.9892,0.6687
7116,stage2,4,0.1511094570159912,0.15285152196884155,0.0,0.1511094570159912,0.0001,1e-05,53.597,3.5122,4.8478
7117,stage2,4,0.15989969670772552,0.17511698603630066,0.0,0.15989969670772552,0.0001,1e-05,53.605,3.2821,0.6661
7118,stage2,4,0.15510740876197815,0.15798303484916687,0.0,0.15510740876197815,0.0001,1e-05,53.605,4.0897,0.6668
7119,stage2,4,0.1257707178592682,0.17555402219295502,0.0,0.1257707178592682,0.0001,1e-05,53.606,4.8573,0.6667
7120,stage2,4,0.1189761757850647,0.1734195202589035,0.0,0.1189761757850647,0.0001,1e-05,53.602,3.9466,0.6677
7121,stage2,4,0.1305052787065506,0.16362351179122925,0.0,0.1305052787065506,0.0001,1e-05,53.599,3.2713,0.6676
7122,stage2,4,0.11286850273609161,0.17364881932735443,0.0,0.11286850273609161,0.0001,1e-05,53.596,3.4165,0.6675
7123,stage2,4,0.14092671871185303,0.1654968112707138,0.0,0.14092671871185303,0.0001,1e-05,53.596,3.3231,0.6682
7124,stage2,4,0.14208360016345978,0.1676061600446701,0.0,0.14208360016345978,0.0001,1e-05,53.602,3.5013,5.266
7125,stage2,4,0.1429416686296463,0.14312151074409485,0.0,0.1429416686296463,0.0001,1e-05,53.6,3.7367,0.6654
7126,stage2,4,0.13042892515659332,0.15172183513641357,0.0,0.13042892515659332,0.0001,1e-05,53.599,3.5187,0.8139
7127,stage2,4,0.12607942521572113,0.169026717543602,0.0,0.12607942521572113,0.0001,1e-05,53.611,3.4115,0.6681
7128,stage2,4,0.12240030616521835,0.16775630414485931,0.0,0.12240030616521835,0.0001,1e-05,53.599,3.3598,0.6717
7129,stage2,4,0.15172260999679565,0.140878826379776,0.0,0.15172260999679565,0.0001,1e-05,53.614,3.4331,0.6678
7130,stage2,4,0.10308252274990082,0.1950654536485672,0.0,0.10308252274990082,0.0001,1e-05,53.595,3.9557,0.6686
7131,stage2,4,0.12537860870361328,0.1646534502506256,0.0,0.12537860870361328,0.0001,1e-05,53.594,3.5643,0.6692
7132,stage2,4,0.13595300912857056,0.17399480938911438,0.0,0.13595300912857056,0.0001,1e-05,53.613,2.9889,4.8083
7133,stage2,4,0.15833477675914764,0.14715224504470825,0.0,0.15833477675914764,0.0001,1e-05,53.597,3.3988,0.6665
7134,stage2,4,0.14393100142478943,0.1416500061750412,0.0,0.14393100142478943,0.0001,1e-05,53.595,3.5478,0.6698
7135,stage2,4,0.1574382334947586,0.17500735819339752,0.0,0.1574382334947586,0.0001,1e-05,53.606,3.7503,0.6652
7136,stage2,4,0.1345348060131073,0.18657854199409485,0.0,0.1345348060131073,0.0001,1e-05,53.597,3.3897,0.6758
7137,stage2,4,0.12015362083911896,0.15516237914562225,0.0,0.12015362083911896,0.0001,1e-05,53.597,4.1781,0.6679
7138,stage2,4,0.13138654828071594,0.1589917242527008,0.0,0.13138654828071594,0.0001,1e-05,53.597,3.7529,0.669
7139,stage2,4,0.11256349086761475,0.1834077686071396,0.0,0.11256349086761475,0.0001,1e-05,53.606,3.3966,0.6693
7140,stage2,4,0.1372060924768448,0.1813279539346695,0.0,0.1372060924768448,0.0001,1e-05,53.598,4.4663,5.0484
7141,stage2,4,0.1388111114501953,0.17689193785190582,0.0,0.1388111114501953,0.0001,1e-05,53.595,3.1689,0.6666
7142,stage2,4,0.13431817293167114,0.15342046320438385,0.0,0.13431817293167114,0.0001,1e-05,53.596,3.5668,0.6675
7143,stage2,4,0.13179685175418854,0.17811420559883118,0.0,0.13179685175418854,0.0001,1e-05,53.598,3.1968,0.6676
7144,stage2,4,0.1509326547384262,0.16796378791332245,0.0,0.1509326547384262,0.0001,1e-05,53.603,4.56,0.6678
7145,stage2,4,0.12279541045427322,0.16886334121227264,0.0,0.12279541045427322,0.0001,1e-05,53.611,3.5099,0.6746
7146,stage2,4,0.17669281363487244,0.14373232424259186,0.0,0.17669281363487244,0.0001,1e-05,53.606,4.1052,0.6682
7147,stage2,4,0.1310325413942337,0.16371792554855347,0.0,0.1310325413942337,0.0001,1e-05,53.615,3.2944,0.6688
7148,stage2,4,0.10735569149255753,0.20739935338497162,0.0,0.10735569149255753,0.0001,1e-05,53.602,3.5058,5.1063
7149,stage2,4,0.10460555553436279,0.17707990109920502,0.0,0.10460555553436279,0.0001,1e-05,53.604,3.1461,0.6684
7150,stage2,4,0.15477071702480316,0.16054333746433258,0.0,0.15477071702480316,0.0001,1e-05,53.597,4.1829,0.6668
7151,stage2,4,0.13696588575839996,0.1719888597726822,0.0,0.13696588575839996,0.0001,1e-05,53.604,4.8111,0.6674
7152,stage2,4,0.1252422332763672,0.17039285600185394,0.0,0.1252422332763672,0.0001,1e-05,53.609,2.3225,0.6675
7153,stage2,4,0.12290146201848984,0.18190684914588928,0.0,0.12290146201848984,0.0001,1e-05,53.603,3.4368,0.6679
7154,stage2,4,0.15856300294399261,0.195249542593956,0.0,0.15856300294399261,0.0001,1e-05,53.6,3.6615,0.6676
7155,stage2,4,0.11609221249818802,0.16185948252677917,0.0,0.11609221249818802,0.0001,1e-05,53.6,3.5845,0.6675
7156,stage2,4,0.15902447700500488,0.1640952229499817,0.0,0.15902447700500488,0.0001,1e-05,53.597,3.1704,4.2604
7157,stage2,4,0.11916080862283707,0.15613646805286407,0.0,0.11916080862283707,0.0001,1e-05,53.597,3.7654,0.6654
7158,stage2,4,0.1321220099925995,0.17802540957927704,0.0,0.1321220099925995,0.0001,1e-05,53.603,3.8715,0.6656
7159,stage2,4,0.09877075999975204,0.14687278866767883,0.0,0.09877075999975204,0.0001,1e-05,53.602,3.1452,0.6662
7160,stage2,4,0.1288878172636032,0.17413529753684998,0.0,0.1288878172636032,0.0001,1e-05,53.601,3.7458,0.667
7161,stage2,4,0.11600243300199509,0.1742713451385498,0.0,0.11600243300199509,0.0001,1e-05,53.599,2.9503,0.6669
7162,stage2,4,0.11536218225955963,0.18999871611595154,0.0,0.11536218225955963,0.0001,1e-05,53.608,4.2037,0.6687
7163,stage2,4,0.13629701733589172,0.1848166584968567,0.0,0.13629701733589172,0.0001,1e-05,53.605,2.9961,0.6682
7164,stage2,4,0.10434339195489883,0.1759444773197174,0.0,0.10434339195489883,0.0001,1e-05,53.606,3.7924,3.7953
7165,stage2,5,0.11830423772335052,0.17079651355743408,0.0,0.11830423772335052,0.0001,1e-05,53.596,2.9219,11.4995
7166,stage2,5,0.12322966009378433,0.17977218329906464,0.0,0.12322966009378433,0.0001,1e-05,53.61,2.8495,0.6638
7167,stage2,5,0.15106520056724548,0.18143577873706818,0.0,0.15106520056724548,0.0001,1e-05,53.606,3.8166,0.6644
7168,stage2,5,0.1357327103614807,0.16991007328033447,0.0,0.1357327103614807,0.0001,1e-05,53.604,3.176,0.6647
7169,stage2,5,0.13639415800571442,0.16428612172603607,0.0,0.13639415800571442,0.0001,1e-05,53.605,3.3248,0.6653
7170,stage2,5,0.10189647972583771,0.17931950092315674,0.0,0.10189647972583771,0.0001,1e-05,53.591,2.7327,0.6663
7171,stage2,5,0.12635919451713562,0.16639994084835052,0.0,0.12635919451713562,0.0001,1e-05,53.596,2.9618,0.6655
7172,stage2,5,0.1512375921010971,0.18644818663597107,0.0,0.1512375921010971,0.0001,1e-05,53.598,3.3109,0.6652
7173,stage2,5,0.13564231991767883,0.15822003781795502,0.0,0.13564231991767883,0.0001,1e-05,53.595,3.6823,5.7913
7174,stage2,5,0.13084806501865387,0.16198164224624634,0.0,0.13084806501865387,0.0001,1e-05,53.604,3.2947,0.6641
7175,stage2,5,0.11875449120998383,0.18993814289569855,0.0,0.11875449120998383,0.0001,1e-05,53.615,3.786,0.6652
7176,stage2,5,0.12710990011692047,0.18470920622348785,0.0,0.12710990011692047,0.0001,1e-05,53.609,3.7844,0.6646
7177,stage2,5,0.12911367416381836,0.184599369764328,0.0,0.12911367416381836,0.0001,1e-05,53.61,4.2713,0.6655
7178,stage2,5,0.15871986746788025,0.17104245722293854,0.0,0.15871986746788025,0.0001,1e-05,53.601,3.5814,0.6647
7179,stage2,5,0.09929267317056656,0.16362036764621735,0.0,0.09929267317056656,0.0001,1e-05,53.607,3.2719,0.665
7180,stage2,5,0.14682325720787048,0.1769886165857315,0.0,0.14682325720787048,0.0001,1e-05,53.6,3.1978,0.6666
7181,stage2,5,0.10493918508291245,0.18770559132099152,0.0,0.10493918508291245,0.0001,1e-05,53.602,3.4694,5.2322
7182,stage2,5,0.15793222188949585,0.1486264169216156,0.0,0.15793222188949585,0.0001,1e-05,53.592,3.7464,0.6645
7183,stage2,5,0.10637546330690384,0.16251908242702484,0.0,0.10637546330690384,0.0001,1e-05,53.617,3.5749,0.6652
7184,stage2,5,0.11000335961580276,0.17344973981380463,0.0,0.11000335961580276,0.0001,1e-05,53.602,4.9569,0.6658
7185,stage2,5,0.1451224386692047,0.16311901807785034,0.0,0.1451224386692047,0.0001,1e-05,53.606,4.182,0.6659
7186,stage2,5,0.137825146317482,0.15375575423240662,0.0,0.137825146317482,0.0001,1e-05,53.605,3.1789,0.6671
7187,stage2,5,0.11150187253952026,0.17354071140289307,0.0,0.11150187253952026,0.0001,1e-05,53.611,3.2886,0.6718
7188,stage2,5,0.14214672148227692,0.1771957278251648,0.0,0.14214672148227692,0.0001,1e-05,53.607,3.6813,0.6666
7189,stage2,5,0.14060166478157043,0.16572032868862152,0.0,0.14060166478157043,0.0001,1e-05,53.595,4.5042,4.7131
7190,stage2,5,0.16711559891700745,0.14854560792446136,0.0,0.16711559891700745,0.0001,1e-05,53.608,3.9266,0.665
7191,stage2,5,0.1079707071185112,0.18757490813732147,0.0,0.1079707071185112,0.0001,1e-05,53.607,2.6464,0.6657
7192,stage2,5,0.1344287097454071,0.17553439736366272,0.0,0.1344287097454071,0.0001,1e-05,53.609,3.0614,0.6661
7193,stage2,5,0.158907949924469,0.17359863221645355,0.0,0.158907949924469,0.0001,1e-05,53.603,3.9658,0.6664
7194,stage2,5,0.13550493121147156,0.17162257432937622,0.0,0.13550493121147156,0.0001,1e-05,53.598,3.8838,0.6671
7195,stage2,5,0.14256365597248077,0.16798977553844452,0.0,0.14256365597248077,0.0001,1e-05,53.608,3.4514,0.6664
7196,stage2,5,0.09156504273414612,0.17658282816410065,0.0,0.09156504273414612,0.0001,1e-05,53.594,3.0064,0.668
7197,stage2,5,0.13067768514156342,0.17991769313812256,0.0,0.13067768514156342,0.0001,1e-05,53.6,3.5108,4.7628
7198,stage2,5,0.14110545814037323,0.16507335007190704,0.0,0.14110545814037323,0.0001,1e-05,53.597,2.9389,0.6654
7199,stage2,5,0.1384630799293518,0.1644013673067093,0.0,0.1384630799293518,0.0001,1e-05,53.598,3.3621,0.6659
7200,stage2,5,0.1279776692390442,0.16910214722156525,0.0,0.1279776692390442,0.0001,1e-05,53.61,4.6536,0.6668
7201,stage2,5,0.118052639067173,0.1503097116947174,0.0,0.118052639067173,0.0001,1e-05,53.592,3.7088,0.6664
7202,stage2,5,0.11093787848949432,0.20023959875106812,0.0,0.11093787848949432,0.0001,1e-05,53.595,3.5409,0.6667
7203,stage2,5,0.12019621580839157,0.1534760594367981,0.0,0.12019621580839157,0.0001,1e-05,53.6,3.5067,0.6676
7204,stage2,5,0.1207907497882843,0.14690862596035004,0.0,0.1207907497882843,0.0001,1e-05,53.598,2.7514,0.6678
7205,stage2,5,0.13352733850479126,0.1510753184556961,0.0,0.13352733850479126,0.0001,1e-05,53.6,3.715,4.8315
7206,stage2,5,0.12101277709007263,0.16733458638191223,0.0,0.12101277709007263,0.0001,1e-05,53.603,3.1647,0.6658
7207,stage2,5,0.1448644995689392,0.1529223620891571,0.0,0.1448644995689392,0.0001,1e-05,53.601,3.2654,0.667
7208,stage2,5,0.14438456296920776,0.15468615293502808,0.0,0.14438456296920776,0.0001,1e-05,53.604,3.2342,0.6668
7209,stage2,5,0.15789611637592316,0.19066943228244781,0.0,0.15789611637592316,0.0001,1e-05,53.616,5.4346,0.6671
7210,stage2,5,0.14209134876728058,0.1796073168516159,0.0,0.14209134876728058,0.0001,1e-05,53.608,4.3678,0.6675
7211,stage2,5,0.14146926999092102,0.1482764482498169,0.0,0.14146926999092102,0.0001,1e-05,53.602,3.3147,0.6676
7212,stage2,5,0.11864831298589706,0.1799314320087433,0.0,0.11864831298589706,0.0001,1e-05,53.603,2.9529,0.6683
7213,stage2,5,0.11732635647058487,0.17163541913032532,0.0,0.11732635647058487,0.0001,1e-05,53.602,3.0473,4.71
7214,stage2,5,0.15080633759498596,0.19218111038208008,0.0,0.15080633759498596,0.0001,1e-05,53.606,3.922,0.6657
7215,stage2,5,0.13347487151622772,0.19656464457511902,0.0,0.13347487151622772,0.0001,1e-05,53.606,3.7618,0.6665
7216,stage2,5,0.13301719725131989,0.17309506237506866,0.0,0.13301719725131989,0.0001,1e-05,53.604,3.6934,0.6675
7217,stage2,5,0.1094704195857048,0.17300446331501007,0.0,0.1094704195857048,0.0001,1e-05,53.612,3.2803,0.667
7218,stage2,5,0.16827963292598724,0.15349127352237701,0.0,0.16827963292598724,0.0001,1e-05,53.596,3.1453,0.6667
7219,stage2,5,0.14427249133586884,0.1653306931257248,0.0,0.14427249133586884,0.0001,1e-05,53.593,4.0342,0.6679
7220,stage2,5,0.12024977058172226,0.1681467592716217,0.0,0.12024977058172226,0.0001,1e-05,53.605,3.6489,0.6679
7221,stage2,5,0.10110791772603989,0.17335674166679382,0.0,0.10110791772603989,0.0001,1e-05,53.612,3.1738,4.6891
7222,stage2,5,0.11757207661867142,0.17501036822795868,0.0,0.11757207661867142,0.0001,1e-05,53.596,3.3651,0.6663
7223,stage2,5,0.12104766070842743,0.19578967988491058,0.0,0.12104766070842743,0.0001,1e-05,53.607,3.3376,0.6657
7224,stage2,5,0.14309178292751312,0.17418482899665833,0.0,0.14309178292751312,0.0001,1e-05,53.589,4.9947,0.6675
7225,stage2,5,0.09820233285427094,0.192023366689682,0.0,0.09820233285427094,0.0001,1e-05,53.599,3.8205,0.6676
7226,stage2,5,0.1505628228187561,0.155167818069458,0.0,0.1505628228187561,0.0001,1e-05,53.602,3.0071,0.6686
7227,stage2,5,0.13128013908863068,0.15425196290016174,0.0,0.13128013908863068,0.0001,1e-05,53.602,3.361,0.6686
7228,stage2,5,0.1233079582452774,0.1842767596244812,0.0,0.1233079582452774,0.0001,1e-05,53.596,3.2811,0.6685
7229,stage2,5,0.15293246507644653,0.18498046696186066,0.0,0.15293246507644653,0.0001,1e-05,53.597,3.9292,4.4682
7230,stage2,5,0.13810980319976807,0.1639091521501541,0.0,0.13810980319976807,0.0001,1e-05,53.601,4.1505,0.6673
7231,stage2,5,0.15209701657295227,0.19260971248149872,0.0,0.15209701657295227,0.0001,1e-05,53.596,5.359,0.6676
7232,stage2,5,0.1365407407283783,0.16742919385433197,0.0,0.1365407407283783,0.0001,1e-05,53.602,3.2628,0.6716
7233,stage2,5,0.13548287749290466,0.16282600164413452,0.0,0.13548287749290466,0.0001,1e-05,53.603,3.545,0.6648
7234,stage2,5,0.1273113340139389,0.1939428597688675,0.0,0.1273113340139389,0.0001,1e-05,53.602,3.6664,0.6693
7235,stage2,5,0.1689697504043579,0.16609978675842285,0.0,0.1689697504043579,0.0001,1e-05,53.601,3.8402,0.6691
7236,stage2,5,0.14463508129119873,0.18254990875720978,0.0,0.14463508129119873,0.0001,1e-05,53.596,4.3485,0.6697
7237,stage2,5,0.12415535748004913,0.15920013189315796,0.0,0.12415535748004913,0.0001,1e-05,53.605,3.6315,4.6362
7238,stage2,5,0.10144047439098358,0.21142306923866272,0.0,0.10144047439098358,0.0001,1e-05,53.604,3.0142,0.6684
7239,stage2,5,0.10917846858501434,0.1843540072441101,0.0,0.10917846858501434,0.0001,1e-05,53.597,3.2906,0.6683
7240,stage2,5,0.13773928582668304,0.1824851781129837,0.0,0.13773928582668304,0.0001,1e-05,53.6,4.1513,0.668
7241,stage2,5,0.16830123960971832,0.19116197526454926,0.0,0.16830123960971832,0.0001,1e-05,53.601,4.1925,0.8678
7242,stage2,5,0.1357029229402542,0.16453294456005096,0.0,0.1357029229402542,0.0001,1e-05,53.586,5.6249,0.6695
7243,stage2,5,0.13639666140079498,0.157202810049057,0.0,0.13639666140079498,0.0001,1e-05,53.595,3.389,0.6692
7244,stage2,5,0.1179574653506279,0.16574856638908386,0.0,0.1179574653506279,0.0001,1e-05,53.594,3.9336,0.6695
7245,stage2,5,0.09136620163917542,0.17880168557167053,0.0,0.09136620163917542,0.0001,1e-05,53.606,3.1935,5.3509
7246,stage2,5,0.1755455881357193,0.1875063180923462,0.0,0.1755455881357193,0.0001,1e-05,53.6,4.4028,0.667
7247,stage2,5,0.12480524182319641,0.1844841092824936,0.0,0.12480524182319641,0.0001,1e-05,53.598,5.3484,0.6676
7248,stage2,5,0.11798886209726334,0.18105050921440125,0.0,0.11798886209726334,0.0001,1e-05,53.593,5.2038,0.6688
7249,stage2,5,0.10978610068559647,0.15555481612682343,0.0,0.10978610068559647,0.0001,1e-05,53.608,3.2757,0.6682
7250,stage2,5,0.15844455361366272,0.1726774126291275,0.0,0.15844455361366272,0.0001,1e-05,53.594,4.1625,0.6695
7251,stage2,5,0.11458326131105423,0.17969337105751038,0.0,0.11458326131105423,0.0001,1e-05,53.599,3.5154,0.6705
7252,stage2,5,0.14013947546482086,0.16590070724487305,0.0,0.14013947546482086,0.0001,1e-05,53.601,4.429,0.6711
7253,stage2,5,0.16835550963878632,0.15891528129577637,0.0,0.16835550963878632,0.0001,1e-05,53.603,3.7506,4.9829
7254,stage2,5,0.12626397609710693,0.14957402646541595,0.0,0.12626397609710693,0.0001,1e-05,53.601,3.3064,0.6682
7255,stage2,5,0.1049940288066864,0.17633022367954254,0.0,0.1049940288066864,0.0001,1e-05,53.604,3.4395,0.669
7256,stage2,5,0.12913332879543304,0.17497120797634125,0.0,0.12913332879543304,0.0001,1e-05,53.6,4.0079,0.6683
7257,stage2,5,0.1508270502090454,0.15268881618976593,0.0,0.1508270502090454,0.0001,1e-05,53.604,4.7529,0.9489
7258,stage2,5,0.12227970361709595,0.1834598183631897,0.0,0.12227970361709595,0.0001,1e-05,53.6,3.8617,0.669
7259,stage2,5,0.10300371050834656,0.1808558702468872,0.0,0.10300371050834656,0.0001,1e-05,53.613,3.4297,0.6693
7260,stage2,5,0.12198185175657272,0.17411623895168304,0.0,0.12198185175657272,0.0001,1e-05,53.607,3.6291,0.6693
7261,stage2,5,0.13149654865264893,0.1719052493572235,0.0,0.13149654865264893,0.0001,1e-05,53.608,3.8265,4.4631
7262,stage2,5,0.15586480498313904,0.1589270830154419,0.0,0.15586480498313904,0.0001,1e-05,53.599,3.6069,0.6672
7263,stage2,5,0.13626621663570404,0.1856393963098526,0.0,0.13626621663570404,0.0001,1e-05,53.6,4.3591,0.6685
7264,stage2,5,0.12673749029636383,0.17567254602909088,0.0,0.12673749029636383,0.0001,1e-05,53.596,3.6184,0.6686
7265,stage2,5,0.14092880487442017,0.1676434427499771,0.0,0.14092880487442017,0.0001,1e-05,53.602,3.9065,1.6628
7266,stage2,5,0.08592552691698074,0.18032868206501007,0.0,0.08592552691698074,0.0001,1e-05,53.597,2.9135,0.6691
7267,stage2,5,0.13432160019874573,0.16448238492012024,0.0,0.13432160019874573,0.0001,1e-05,53.59,3.2372,0.6696
7268,stage2,5,0.11786499619483948,0.19153469800949097,0.0,0.11786499619483948,0.0001,1e-05,53.592,3.4491,0.6693
7269,stage2,5,0.1324925273656845,0.15403468906879425,0.0,0.1324925273656845,0.0001,1e-05,53.598,3.5745,3.8836
7270,stage2,5,0.12939508259296417,0.16253423690795898,0.0,0.12939508259296417,0.0001,1e-05,53.594,2.9636,0.6682
7271,stage2,5,0.10884986817836761,0.16995464265346527,0.0,0.10884986817836761,0.0001,1e-05,53.596,3.2539,0.6692
7272,stage2,5,0.14257681369781494,0.16863448917865753,0.0,0.14257681369781494,0.0001,1e-05,53.59,3.558,0.6688
7273,stage2,5,0.12413295358419418,0.16982154548168182,0.0,0.12413295358419418,0.0001,1e-05,53.594,3.8308,2.3547
7274,stage2,5,0.1648421585559845,0.16395825147628784,0.0,0.1648421585559845,0.0001,1e-05,53.59,4.5829,0.6686
7275,stage2,5,0.1102266013622284,0.17808932065963745,0.0,0.1102266013622284,0.0001,1e-05,53.595,3.4704,0.6681
7276,stage2,5,0.13152791559696198,0.16037718951702118,0.0,0.13152791559696198,0.0001,1e-05,53.601,2.854,0.6704
7277,stage2,5,0.11907190084457397,0.19380585849285126,0.0,0.11907190084457397,0.0001,1e-05,53.608,4.2941,3.3428
7278,stage2,5,0.14708247780799866,0.15998923778533936,0.0,0.14708247780799866,0.0001,1e-05,53.605,3.5472,0.6683
7279,stage2,5,0.13393694162368774,0.1377798616886139,0.0,0.13393694162368774,0.0001,1e-05,53.608,3.8313,0.6681
7280,stage2,5,0.11261218786239624,0.15542075037956238,0.0,0.11261218786239624,0.0001,1e-05,53.591,2.7075,0.6683
7281,stage2,5,0.09648366272449493,0.1644665002822876,0.0,0.09648366272449493,0.0001,1e-05,53.598,3.0316,2.934
7282,stage2,5,0.09600816667079926,0.15126900374889374,0.0,0.09600816667079926,0.0001,1e-05,53.591,3.0337,0.6678
7283,stage2,5,0.1285971850156784,0.18774035573005676,0.0,0.1285971850156784,0.0001,1e-05,53.594,4.4738,0.6681
7284,stage2,5,0.1301736831665039,0.15705806016921997,0.0,0.1301736831665039,0.0001,1e-05,53.603,3.3738,0.6684
7285,stage2,5,0.10987034440040588,0.18419872224330902,0.0,0.10987034440040588,0.0001,1e-05,53.606,3.3731,2.6497
7286,stage2,5,0.12741948664188385,0.17845159769058228,0.0,0.12741948664188385,0.0001,1e-05,53.602,3.4665,0.6708
7287,stage2,5,0.14384689927101135,0.16598981618881226,0.0,0.14384689927101135,0.0001,1e-05,53.6,3.7277,0.6684
7288,stage2,5,0.12110075354576111,0.16792799532413483,0.0,0.12110075354576111,0.0001,1e-05,53.603,3.2329,0.6695
7289,stage2,5,0.14856231212615967,0.1565658152103424,0.0,0.14856231212615967,0.0001,1e-05,53.602,3.2369,3.4479
7290,stage2,5,0.12147368490695953,0.1980920284986496,0.0,0.12147368490695953,0.0001,1e-05,53.599,3.1486,0.6685
7291,stage2,5,0.1422765851020813,0.16840924322605133,0.0,0.1422765851020813,0.0001,1e-05,53.599,3.5469,0.6678
7292,stage2,5,0.17403148114681244,0.14422078430652618,0.0,0.17403148114681244,0.0001,1e-05,53.594,3.2708,0.6685
7293,stage2,5,0.1227421760559082,0.1587449461221695,0.0,0.1227421760559082,0.0001,1e-05,53.598,3.2104,2.135
7294,stage2,5,0.13852116465568542,0.15824241936206818,0.0,0.13852116465568542,0.0001,1e-05,53.595,2.6883,0.6682
7295,stage2,5,0.12631705403327942,0.1436634212732315,0.0,0.12631705403327942,0.0001,1e-05,53.598,3.0469,0.669
7296,stage2,5,0.13370931148529053,0.17346598207950592,0.0,0.13370931148529053,0.0001,1e-05,53.609,2.9644,0.6703
7297,stage2,5,0.13119111955165863,0.16467826068401337,0.0,0.13119111955165863,0.0001,1e-05,53.602,3.6428,3.4667
7298,stage2,5,0.1261664777994156,0.18427906930446625,0.0,0.1261664777994156,0.0001,1e-05,53.608,3.0731,0.6683
7299,stage2,5,0.17559336125850677,0.15345485508441925,0.0,0.17559336125850677,0.0001,1e-05,53.599,3.1082,0.6683
7300,stage2,5,0.1532924473285675,0.1578984260559082,0.0,0.1532924473285675,0.0001,1e-05,53.596,3.303,0.668
7301,stage2,5,0.12736737728118896,0.19494131207466125,0.0,0.12736737728118896,0.0001,1e-05,53.587,3.4783,2.1312
7302,stage2,5,0.11579824984073639,0.16965225338935852,0.0,0.11579824984073639,0.0001,1e-05,53.613,3.6512,0.6687
7303,stage2,5,0.14876756072044373,0.1783703714609146,0.0,0.14876756072044373,0.0001,1e-05,53.609,3.3314,0.6679
7304,stage2,5,0.10044290870428085,0.17927496135234833,0.0,0.10044290870428085,0.0001,1e-05,53.597,3.1226,0.6687
7305,stage2,5,0.1294478327035904,0.20044991374015808,0.0,0.1294478327035904,0.0001,1e-05,53.597,3.4041,3.7585
7306,stage2,5,0.13326819241046906,0.16965210437774658,0.0,0.13326819241046906,0.0001,1e-05,53.598,3.0395,0.6678
7307,stage2,5,0.10194283723831177,0.1907961517572403,0.0,0.10194283723831177,0.0001,1e-05,53.605,3.6386,0.6682
7308,stage2,5,0.11772353202104568,0.1668495535850525,0.0,0.11772353202104568,0.0001,1e-05,53.598,3.2318,0.6688
7309,stage2,5,0.10854815691709518,0.1606198400259018,0.0,0.10854815691709518,0.0001,1e-05,53.596,3.8268,1.9296
7310,stage2,5,0.11167264729738235,0.19740010797977448,0.0,0.11167264729738235,0.0001,1e-05,53.596,3.0074,0.6688
7311,stage2,5,0.11535433679819107,0.1715611070394516,0.0,0.11535433679819107,0.0001,1e-05,53.598,3.3898,0.6698
7312,stage2,5,0.1406136155128479,0.16783025860786438,0.0,0.1406136155128479,0.0001,1e-05,53.599,3.5601,0.6709
7313,stage2,5,0.10482005029916763,0.17607131600379944,0.0,0.10482005029916763,0.0001,1e-05,53.591,3.3564,3.7249
7314,stage2,5,0.16303716599941254,0.15201294422149658,0.0,0.16303716599941254,0.0001,1e-05,53.597,3.4871,0.6677
7315,stage2,5,0.13303561508655548,0.16347452998161316,0.0,0.13303561508655548,0.0001,1e-05,53.61,3.0225,0.6678
7316,stage2,5,0.14921559393405914,0.16839364171028137,0.0,0.14921559393405914,0.0001,1e-05,53.611,3.1962,0.6684
7317,stage2,5,0.12503992021083832,0.1874462515115738,0.0,0.12503992021083832,0.0001,1e-05,53.602,4.0538,2.8604
7318,stage2,5,0.1345887929201126,0.15003417432308197,0.0,0.1345887929201126,0.0001,1e-05,53.6,3.1881,0.6672
7319,stage2,5,0.11994458734989166,0.16117189824581146,0.0,0.11994458734989166,0.0001,1e-05,53.598,4.3462,0.6682
7320,stage2,5,0.11139282584190369,0.18742357194423676,0.0,0.11139282584190369,0.0001,1e-05,53.599,2.8518,0.6691
7321,stage2,5,0.15486538410186768,0.13967430591583252,0.0,0.15486538410186768,0.0001,1e-05,53.6,3.7384,2.952
7322,stage2,5,0.11333517730236053,0.15450415015220642,0.0,0.11333517730236053,0.0001,1e-05,53.606,3.2958,0.6682
7323,stage2,5,0.16521963477134705,0.15703076124191284,0.0,0.16521963477134705,0.0001,1e-05,53.606,3.6263,0.6685
7324,stage2,5,0.11153391748666763,0.18725427985191345,0.0,0.11153391748666763,0.0001,1e-05,53.593,4.2638,0.6692
7325,stage2,5,0.09820123761892319,0.16743676364421844,0.0,0.09820123761892319,0.0001,1e-05,53.599,3.2349,2.585
7326,stage2,5,0.13024818897247314,0.14842841029167175,0.0,0.13024818897247314,0.0001,1e-05,53.603,3.1669,0.6761
7327,stage2,5,0.1208316758275032,0.1536695808172226,0.0,0.1208316758275032,0.0001,1e-05,53.61,3.4431,0.6625
7328,stage2,5,0.15489418804645538,0.1491362601518631,0.0,0.15489418804645538,0.0001,1e-05,53.596,2.8032,0.6697
7329,stage2,5,0.12464839220046997,0.16213078796863556,0.0,0.12464839220046997,0.0001,1e-05,53.605,3.2686,3.2773
7330,stage2,5,0.13787095248699188,0.18528582155704498,0.0,0.13787095248699188,0.0001,1e-05,53.598,3.4746,0.6681
7331,stage2,5,0.16716279089450836,0.15830498933792114,0.0,0.16716279089450836,0.0001,1e-05,53.607,3.1043,0.6687
7332,stage2,5,0.11613503843545914,0.15498623251914978,0.0,0.11613503843545914,0.0001,1e-05,53.605,2.8469,0.6692
7333,stage2,5,0.13818149268627167,0.15221895277500153,0.0,0.13818149268627167,0.0001,1e-05,53.607,3.2703,2.3927
7334,stage2,5,0.15140528976917267,0.1660028100013733,0.0,0.15140528976917267,0.0001,1e-05,53.595,3.03,0.6684
7335,stage2,5,0.11420846730470657,0.15508323907852173,0.0,0.11420846730470657,0.0001,1e-05,53.599,2.7463,0.6685
7336,stage2,5,0.13391104340553284,0.18163922429084778,0.0,0.13391104340553284,0.0001,1e-05,53.61,3.6898,0.675
7337,stage2,5,0.13719461858272552,0.14778265357017517,0.0,0.13719461858272552,0.0001,1e-05,53.595,3.5222,3.1953
7338,stage2,5,0.14423687756061554,0.169227734208107,0.0,0.14423687756061554,0.0001,1e-05,53.594,3.8138,0.6675
7339,stage2,5,0.14125023782253265,0.1658439338207245,0.0,0.14125023782253265,0.0001,1e-05,53.598,3.9044,0.6683
7340,stage2,5,0.11208398640155792,0.160177081823349,0.0,0.11208398640155792,0.0001,1e-05,53.59,3.052,0.6692
7341,stage2,5,0.1503630131483078,0.1785600781440735,0.0,0.1503630131483078,0.0001,1e-05,53.606,4.3501,2.2631
7342,stage2,5,0.12693803012371063,0.16967351734638214,0.0,0.12693803012371063,0.0001,1e-05,53.597,3.7774,0.6681
7343,stage2,5,0.13102589547634125,0.1781693398952484,0.0,0.13102589547634125,0.0001,1e-05,53.598,3.0766,0.6695
7344,stage2,5,0.14752447605133057,0.18589040637016296,0.0,0.14752447605133057,0.0001,1e-05,53.595,3.8717,0.6734
7345,stage2,5,0.10313355922698975,0.1922113448381424,0.0,0.10313355922698975,0.0001,1e-05,53.601,3.549,3.5059
7346,stage2,5,0.13028717041015625,0.17685379087924957,0.0,0.13028717041015625,0.0001,1e-05,53.591,4.1591,0.6709
7347,stage2,5,0.11784974485635757,0.18792642652988434,0.0,0.11784974485635757,0.0001,1e-05,53.59,3.9792,0.6658
7348,stage2,5,0.14722056686878204,0.15147317945957184,0.0,0.14722056686878204,0.0001,1e-05,53.595,2.9733,0.669
7349,stage2,5,0.13736401498317719,0.1854167878627777,0.0,0.13736401498317719,0.0001,1e-05,53.601,3.3899,1.9307
7350,stage2,5,0.18253785371780396,0.1439213901758194,0.0,0.18253785371780396,0.0001,1e-05,53.594,3.6941,0.6692
7351,stage2,5,0.1044752448797226,0.17686718702316284,0.0,0.1044752448797226,0.0001,1e-05,53.602,3.0169,0.669
7352,stage2,5,0.13331475853919983,0.15762272477149963,0.0,0.13331475853919983,0.0001,1e-05,53.602,3.5944,0.6701
7353,stage2,5,0.13966721296310425,0.16614782810211182,0.0,0.13966721296310425,0.0001,1e-05,53.598,3.4213,3.8915
7354,stage2,5,0.09462959319353104,0.1803595870733261,0.0,0.09462959319353104,0.0001,1e-05,53.599,3.1133,0.6678
7355,stage2,5,0.12293446809053421,0.17309056222438812,0.0,0.12293446809053421,0.0001,1e-05,53.614,3.3993,0.6691
7356,stage2,5,0.12568043172359467,0.16466300189495087,0.0,0.12568043172359467,0.0001,1e-05,53.613,3.7595,0.6694
7357,stage2,5,0.12565936148166656,0.17906741797924042,0.0,0.12565936148166656,0.0001,1e-05,53.603,3.4516,1.6047
7358,stage2,5,0.11826683580875397,0.1570613831281662,0.0,0.11826683580875397,0.0001,1e-05,53.601,3.2818,0.6678
7359,stage2,5,0.12194035202264786,0.15785814821720123,0.0,0.12194035202264786,0.0001,1e-05,53.596,3.2098,0.6682
7360,stage2,5,0.1289309859275818,0.19515091180801392,0.0,0.1289309859275818,0.0001,1e-05,53.601,3.9775,0.6696
7361,stage2,5,0.12312515825033188,0.15238484740257263,0.0,0.12312515825033188,0.0001,1e-05,53.6,3.0979,4.2844
7362,stage2,5,0.12080669403076172,0.19479268789291382,0.0,0.12080669403076172,0.0001,1e-05,53.598,3.4449,0.6673
7363,stage2,5,0.10526531934738159,0.163224458694458,0.0,0.10526531934738159,0.0001,1e-05,53.605,3.3074,0.6683
7364,stage2,5,0.13857512176036835,0.15627959370613098,0.0,0.13857512176036835,0.0001,1e-05,53.606,3.6982,0.6691
7365,stage2,5,0.12946465611457825,0.18578217923641205,0.0,0.12946465611457825,0.0001,1e-05,53.604,3.8329,1.0713
7366,stage2,5,0.12497323006391525,0.17228996753692627,0.0,0.12497323006391525,0.0001,1e-05,53.605,3.0072,0.6698
7367,stage2,5,0.13232244551181793,0.1774766743183136,0.0,0.13232244551181793,0.0001,1e-05,53.604,3.4515,0.6698
7368,stage2,5,0.15946172177791595,0.16473165154457092,0.0,0.15946172177791595,0.0001,1e-05,53.609,3.9934,0.6704
7369,stage2,5,0.14209121465682983,0.17034752666950226,0.0,0.14209121465682983,0.0001,1e-05,53.611,3.2972,5.0013
7370,stage2,5,0.1274515837430954,0.18790672719478607,0.0,0.1274515837430954,0.0001,1e-05,53.609,4.5691,0.6708
7371,stage2,5,0.13352933526039124,0.18476331233978271,0.0,0.13352933526039124,0.0001,1e-05,53.601,3.3649,0.6682
7372,stage2,5,0.13546918332576752,0.18404482305049896,0.0,0.13546918332576752,0.0001,1e-05,53.604,3.5147,0.6694
7373,stage2,5,0.1409275233745575,0.18323595821857452,0.0,0.1409275233745575,0.0001,1e-05,53.599,3.1111,0.6675
7374,stage2,5,0.11224876344203949,0.1695171743631363,0.0,0.11224876344203949,0.0001,1e-05,53.596,3.7916,0.6694
7375,stage2,5,0.12484458833932877,0.17145618796348572,0.0,0.12484458833932877,0.0001,1e-05,53.599,3.2681,0.6715
7376,stage2,5,0.1481841504573822,0.16058430075645447,0.0,0.1481841504573822,0.0001,1e-05,53.607,3.6494,0.6702
7377,stage2,5,0.155326709151268,0.15798348188400269,0.0,0.155326709151268,0.0001,1e-05,53.603,3.6636,4.6755
7378,stage2,5,0.10608918219804764,0.1573193073272705,0.0,0.10608918219804764,0.0001,1e-05,53.599,3.1576,0.6746
7379,stage2,5,0.15360604226589203,0.1568281650543213,0.0,0.15360604226589203,0.0001,1e-05,53.594,2.9615,0.6624
7380,stage2,5,0.13947471976280212,0.18307162821292877,0.0,0.13947471976280212,0.0001,1e-05,53.598,4.5699,0.6691
7381,stage2,5,0.13218961656093597,0.19078345596790314,0.0,0.13218961656093597,0.0001,1e-05,53.599,4.0158,0.9156
7382,stage2,5,0.14262191951274872,0.15896713733673096,0.0,0.14262191951274872,0.0001,1e-05,53.597,3.3174,0.6704
7383,stage2,5,0.11465870589017868,0.1968769133090973,0.0,0.11465870589017868,0.0001,1e-05,53.607,3.6227,0.6696
7384,stage2,5,0.1250830739736557,0.17656061053276062,0.0,0.1250830739736557,0.0001,1e-05,53.6,3.9714,0.6707
7385,stage2,5,0.1329188495874405,0.17707021534442902,0.0,0.1329188495874405,0.0001,1e-05,53.608,4.5068,4.3315
7386,stage2,5,0.08946768194437027,0.1782735139131546,0.0,0.08946768194437027,0.0001,1e-05,53.604,3.1184,0.6678
7387,stage2,5,0.17529015243053436,0.1615385115146637,0.0,0.17529015243053436,0.0001,1e-05,53.594,4.0316,0.6683
7388,stage2,5,0.17218497395515442,0.1879066377878189,0.0,0.17218497395515442,0.0001,1e-05,53.594,5.4773,0.6693
7389,stage2,5,0.13311918079853058,0.18574759364128113,0.0,0.13311918079853058,0.0001,1e-05,53.602,3.413,2.0103
7390,stage2,5,0.17251701653003693,0.15348424017429352,0.0,0.17251701653003693,0.0001,1e-05,53.608,2.9289,0.6682
7391,stage2,5,0.1223614513874054,0.17680597305297852,0.0,0.1223614513874054,0.0001,1e-05,53.592,3.8914,0.6686
7392,stage2,5,0.1055542454123497,0.1732816845178604,0.0,0.1055542454123497,0.0001,1e-05,53.597,4.5118,0.6691
7393,stage2,5,0.13703346252441406,0.19100478291511536,0.0,0.13703346252441406,0.0001,1e-05,53.585,3.5991,4.1979
7394,stage2,5,0.12850365042686462,0.1699933409690857,0.0,0.12850365042686462,0.0001,1e-05,53.598,3.486,0.6674
7395,stage2,5,0.1246391087770462,0.16408278048038483,0.0,0.1246391087770462,0.0001,1e-05,53.594,2.9987,0.6675
7396,stage2,5,0.1928327977657318,0.15265028178691864,0.0,0.1928327977657318,0.0001,1e-05,53.595,4.1738,0.6691
7397,stage2,5,0.12426260858774185,0.1679023951292038,0.0,0.12426260858774185,0.0001,1e-05,53.598,4.0442,1.936
7398,stage2,5,0.13037320971488953,0.17002688348293304,0.0,0.13037320971488953,0.0001,1e-05,53.586,3.5447,0.6688
7399,stage2,5,0.13447020947933197,0.1706905961036682,0.0,0.13447020947933197,0.0001,1e-05,53.591,4.1282,0.6685
7400,stage2,5,0.12963753938674927,0.16677768528461456,0.0,0.12963753938674927,0.0001,1e-05,53.603,3.7534,0.6689
7401,stage2,5,0.0949779599905014,0.17381694912910461,0.0,0.0949779599905014,0.0001,1e-05,53.593,2.9212,4.0116
7402,stage2,5,0.14383885264396667,0.1701897233724594,0.0,0.14383885264396667,0.0001,1e-05,53.598,3.8055,0.6676
7403,stage2,5,0.12728072702884674,0.18875904381275177,0.0,0.12728072702884674,0.0001,1e-05,53.593,3.8571,0.6676
7404,stage2,5,0.14056088030338287,0.19544151425361633,0.0,0.14056088030338287,0.0001,1e-05,53.596,4.3961,0.6684
7405,stage2,5,0.1404799371957779,0.1614815890789032,0.0,0.1404799371957779,0.0001,1e-05,53.591,3.0003,1.6439
7406,stage2,5,0.1148596853017807,0.1837194412946701,0.0,0.1148596853017807,0.0001,1e-05,53.601,3.3874,0.6685
7407,stage2,5,0.1228984147310257,0.17591005563735962,0.0,0.1228984147310257,0.0001,1e-05,53.592,3.2051,0.6689
7408,stage2,5,0.14753487706184387,0.15907233953475952,0.0,0.14753487706184387,0.0001,1e-05,53.608,3.3571,0.6696
7409,stage2,5,0.1479114145040512,0.17084382474422455,0.0,0.1479114145040512,0.0001,1e-05,53.601,2.8934,4.451
7410,stage2,5,0.148290753364563,0.1714581549167633,0.0,0.148290753364563,0.0001,1e-05,53.61,4.1114,0.6687
7411,stage2,5,0.12872980535030365,0.16076497733592987,0.0,0.12872980535030365,0.0001,1e-05,53.595,3.7258,0.6673
7412,stage2,5,0.11961357295513153,0.1647677719593048,0.0,0.11961357295513153,0.0001,1e-05,53.604,3.2972,0.668
7413,stage2,5,0.1749509572982788,0.16352638602256775,0.0,0.1749509572982788,0.0001,1e-05,53.612,3.5279,1.1963
7414,stage2,5,0.14334741234779358,0.18651741743087769,0.0,0.14334741234779358,0.0001,1e-05,53.595,3.9556,0.669
7415,stage2,5,0.1451970934867859,0.15532079339027405,0.0,0.1451970934867859,0.0001,1e-05,53.594,3.1556,0.6693
7416,stage2,5,0.12743759155273438,0.14950653910636902,0.0,0.12743759155273438,0.0001,1e-05,53.61,3.2992,0.6698
7417,stage2,5,0.1385030597448349,0.20275892317295074,0.0,0.1385030597448349,0.0001,1e-05,53.611,3.6183,4.4485
7418,stage2,5,0.12536104023456573,0.16183000802993774,0.0,0.12536104023456573,0.0001,1e-05,53.6,3.5457,0.6677
7419,stage2,5,0.1193322166800499,0.19450104236602783,0.0,0.1193322166800499,0.0001,1e-05,53.606,2.5488,0.6682
7420,stage2,5,0.1513802409172058,0.15456514060497284,0.0,0.1513802409172058,0.0001,1e-05,53.596,3.4114,0.6689
7421,stage2,5,0.1058591827750206,0.15440534055233002,0.0,0.1058591827750206,0.0001,1e-05,53.612,4.2237,1.2008
7422,stage2,5,0.10315782576799393,0.199936643242836,0.0,0.10315782576799393,0.0001,1e-05,53.595,3.4439,0.6689
7423,stage2,5,0.1024346798658371,0.16898654401302338,0.0,0.1024346798658371,0.0001,1e-05,53.601,2.3951,0.672
7424,stage2,5,0.10838004946708679,0.18163861334323883,0.0,0.10838004946708679,0.0001,1e-05,53.599,3.299,0.6706
7425,stage2,5,0.12015064060688019,0.18977104127407074,0.0,0.12015064060688019,0.0001,1e-05,53.598,4.4033,4.2417
7426,stage2,5,0.13340866565704346,0.17637693881988525,0.0,0.13340866565704346,0.0001,1e-05,53.6,3.515,0.6686
7427,stage2,5,0.11934421211481094,0.17328223586082458,0.0,0.11934421211481094,0.0001,1e-05,53.602,3.4619,0.6709
7428,stage2,5,0.1122952401638031,0.17015351355075836,0.0,0.1122952401638031,0.0001,1e-05,53.598,3.9178,0.6691
7429,stage2,5,0.12060940265655518,0.1391272246837616,0.0,0.12060940265655518,0.0001,1e-05,53.596,3.0188,0.9744
7430,stage2,5,0.1331695169210434,0.20380830764770508,0.0,0.1331695169210434,0.0001,1e-05,53.591,3.9135,0.6693
7431,stage2,5,0.14342822134494781,0.15389414131641388,0.0,0.14342822134494781,0.0001,1e-05,53.595,3.5198,0.6705
7432,stage2,5,0.12100081890821457,0.1671234667301178,0.0,0.12100081890821457,0.0001,1e-05,53.598,3.941,0.6763
7433,stage2,5,0.11198309063911438,0.1611378788948059,0.0,0.11198309063911438,0.0001,1e-05,53.607,3.1843,4.5015
7434,stage2,5,0.13227838277816772,0.19003364443778992,0.0,0.13227838277816772,0.0001,1e-05,53.603,3.5408,0.6713
7435,stage2,5,0.10706070810556412,0.16614176332950592,0.0,0.10706070810556412,0.0001,1e-05,53.599,2.9537,0.6697
7436,stage2,5,0.15295368432998657,0.16078421473503113,0.0,0.15295368432998657,0.0001,1e-05,53.599,3.4957,0.6689
7437,stage2,5,0.12511679530143738,0.1707979291677475,0.0,0.12511679530143738,0.0001,1e-05,53.606,3.0188,1.0597
7438,stage2,5,0.11879927664995193,0.19152244925498962,0.0,0.11879927664995193,0.0001,1e-05,53.594,3.2785,0.67
7439,stage2,5,0.13661964237689972,0.17133983969688416,0.0,0.13661964237689972,0.0001,1e-05,53.599,3.9655,0.6699
7440,stage2,5,0.12473791092634201,0.187159925699234,0.0,0.12473791092634201,0.0001,1e-05,53.602,3.8356,0.6705
7441,stage2,5,0.12140002101659775,0.15729433298110962,0.0,0.12140002101659775,0.0001,1e-05,53.588,3.8033,4.2617
7442,stage2,5,0.11867965012788773,0.172581285238266,0.0,0.11867965012788773,0.0001,1e-05,53.601,3.4412,0.6672
7443,stage2,5,0.11480873823165894,0.20670771598815918,0.0,0.11480873823165894,0.0001,1e-05,53.588,2.7052,0.6687
7444,stage2,5,0.08972778916358948,0.15473981201648712,0.0,0.08972778916358948,0.0001,1e-05,53.6,3.0815,0.6698
7445,stage2,5,0.18554797768592834,0.15783654153347015,0.0,0.18554797768592834,0.0001,1e-05,53.617,3.0751,1.4453
7446,stage2,5,0.13496410846710205,0.1743592917919159,0.0,0.13496410846710205,0.0001,1e-05,53.612,3.0607,0.6686
7447,stage2,5,0.12350667268037796,0.16248667240142822,0.0,0.12350667268037796,0.0001,1e-05,53.615,3.073,0.6698
7448,stage2,5,0.14542284607887268,0.16841968894004822,0.0,0.14542284607887268,0.0001,1e-05,53.593,3.2862,0.6703
7449,stage2,5,0.1352684646844864,0.16129133105278015,0.0,0.1352684646844864,0.0001,1e-05,53.614,3.3794,3.9411
7450,stage2,5,0.12724429368972778,0.2005596160888672,0.0,0.12724429368972778,0.0001,1e-05,53.605,3.1956,0.6687
7451,stage2,5,0.10608308017253876,0.18053346872329712,0.0,0.10608308017253876,0.0001,1e-05,53.605,3.0472,0.6687
7452,stage2,5,0.13020072877407074,0.14777280390262604,0.0,0.13020072877407074,0.0001,1e-05,53.615,3.1481,0.67
7453,stage2,5,0.13935157656669617,0.18729481101036072,0.0,0.13935157656669617,0.0001,1e-05,53.606,4.3662,1.385
7454,stage2,5,0.140969380736351,0.17003825306892395,0.0,0.140969380736351,0.0001,1e-05,53.603,3.4916,0.6696
7455,stage2,5,0.17487449944019318,0.15886953473091125,0.0,0.17487449944019318,0.0001,1e-05,53.6,4.8197,0.6715
7456,stage2,5,0.11729897558689117,0.1691778004169464,0.0,0.11729897558689117,0.0001,1e-05,53.607,3.6602,0.6698
7457,stage2,5,0.13958868384361267,0.1548597663640976,0.0,0.13958868384361267,0.0001,1e-05,53.599,3.0787,3.5289
7458,stage2,5,0.09953777492046356,0.19961893558502197,0.0,0.09953777492046356,0.0001,1e-05,53.602,3.2775,0.6688
7459,stage2,5,0.13219866156578064,0.16865280270576477,0.0,0.13219866156578064,0.0001,1e-05,53.61,3.6705,0.6686
7460,stage2,5,0.15999828279018402,0.16310831904411316,0.0,0.15999828279018402,0.0001,1e-05,53.605,3.7603,0.6691
7461,stage2,5,0.11355004459619522,0.1592302918434143,0.0,0.11355004459619522,0.0001,1e-05,53.601,3.7585,2.2312
7462,stage2,5,0.13188906013965607,0.1834450215101242,0.0,0.13188906013965607,0.0001,1e-05,53.604,3.3741,0.6692
7463,stage2,5,0.147725909948349,0.13347458839416504,0.0,0.147725909948349,0.0001,1e-05,53.604,3.1172,0.6719
7464,stage2,5,0.1257195770740509,0.18111637234687805,0.0,0.1257195770740509,0.0001,1e-05,53.601,3.8207,0.6698
7465,stage2,5,0.10599999874830246,0.18504363298416138,0.0,0.10599999874830246,0.0001,1e-05,53.601,3.5505,3.3534
7466,stage2,5,0.11778987944126129,0.17780517041683197,0.0,0.11778987944126129,0.0001,1e-05,53.599,3.1898,0.6711
7467,stage2,5,0.12210115045309067,0.1645365059375763,0.0,0.12210115045309067,0.0001,1e-05,53.604,2.7096,0.667
7468,stage2,5,0.14326448738574982,0.16364212334156036,0.0,0.14326448738574982,0.0001,1e-05,53.606,3.8788,0.67
7469,stage2,5,0.13261505961418152,0.1718582808971405,0.0,0.13261505961418152,0.0001,1e-05,53.601,3.4226,2.2742
7470,stage2,5,0.1230601817369461,0.1854592263698578,0.0,0.1230601817369461,0.0001,1e-05,53.596,2.8844,0.6684
7471,stage2,5,0.11430276185274124,0.14932677149772644,0.0,0.11430276185274124,0.0001,1e-05,53.6,3.3334,0.6687
7472,stage2,5,0.12787874042987823,0.17328208684921265,0.0,0.12787874042987823,0.0001,1e-05,53.599,3.534,0.6692
7473,stage2,5,0.17665359377861023,0.16334696114063263,0.0,0.17665359377861023,0.0001,1e-05,53.593,3.3805,3.707
7474,stage2,5,0.14474859833717346,0.160910502076149,0.0,0.14474859833717346,0.0001,1e-05,53.583,3.7219,0.6682
7475,stage2,5,0.11870624870061874,0.15297473967075348,0.0,0.11870624870061874,0.0001,1e-05,53.592,3.9605,0.6683
7476,stage2,5,0.15215890109539032,0.1629812866449356,0.0,0.15215890109539032,0.0001,1e-05,53.59,3.2722,0.6685
7477,stage2,5,0.10871709883213043,0.18472419679164886,0.0,0.10871709883213043,0.0001,1e-05,53.59,2.8989,2.0593
7478,stage2,5,0.1477603316307068,0.14555160701274872,0.0,0.1477603316307068,0.0001,1e-05,53.606,3.1105,0.6691
7479,stage2,5,0.11458734422922134,0.16006986796855927,0.0,0.11458734422922134,0.0001,1e-05,53.599,2.8999,0.6686
7480,stage2,5,0.1219266727566719,0.19509747624397278,0.0,0.1219266727566719,0.0001,1e-05,53.589,3.648,0.6688
7481,stage2,5,0.09786354750394821,0.18669210374355316,0.0,0.09786354750394821,0.0001,1e-05,53.604,2.9823,3.5533
7482,stage2,5,0.12148968130350113,0.1982225924730301,0.0,0.12148968130350113,0.0001,1e-05,53.591,2.9246,0.6667
7483,stage2,5,0.1348186433315277,0.17239660024642944,0.0,0.1348186433315277,0.0001,1e-05,53.589,4.0109,0.6688
7484,stage2,5,0.12091843038797379,0.1670311540365219,0.0,0.12091843038797379,0.0001,1e-05,53.588,2.9956,0.6727
7485,stage2,5,0.1177958995103836,0.17489954829216003,0.0,0.1177958995103836,0.0001,1e-05,53.595,3.4203,1.953
7486,stage2,5,0.11684414744377136,0.16875168681144714,0.0,0.11684414744377136,0.0001,1e-05,53.605,2.9171,0.6671
7487,stage2,5,0.09420553594827652,0.17665474116802216,0.0,0.09420553594827652,0.0001,1e-05,53.604,2.5164,0.6685
7488,stage2,5,0.13226087391376495,0.16790808737277985,0.0,0.13226087391376495,0.0001,1e-05,53.599,3.9731,0.6693
7489,stage2,5,0.10487037152051926,0.17292718589305878,0.0,0.10487037152051926,0.0001,1e-05,53.591,4.0726,3.7611
7490,stage2,5,0.14780005812644958,0.1414654552936554,0.0,0.14780005812644958,0.0001,1e-05,53.601,3.6872,0.6673
7491,stage2,5,0.1136658564209938,0.19125458598136902,0.0,0.1136658564209938,0.0001,1e-05,53.605,3.9865,0.6684
7492,stage2,5,0.1383204609155655,0.17388701438903809,0.0,0.1383204609155655,0.0001,1e-05,53.598,3.8084,0.668
7493,stage2,5,0.13401661813259125,0.20098964869976044,0.0,0.13401661813259125,0.0001,1e-05,53.601,3.566,1.6559
7494,stage2,5,0.13293132185935974,0.15541362762451172,0.0,0.13293132185935974,0.0001,1e-05,53.591,2.9596,0.6675
7495,stage2,5,0.17616403102874756,0.17409642040729523,0.0,0.17616403102874756,0.0001,1e-05,53.592,4.1036,0.6708
7496,stage2,5,0.11676834523677826,0.1929233819246292,0.0,0.11676834523677826,0.0001,1e-05,53.593,3.7174,0.6663
7497,stage2,5,0.13070917129516602,0.17556749284267426,0.0,0.13070917129516602,0.0001,1e-05,53.608,3.3376,4.126
7498,stage2,5,0.1241321936249733,0.15833336114883423,0.0,0.1241321936249733,0.0001,1e-05,53.594,3.3434,0.6667
7499,stage2,5,0.09268203377723694,0.15886224806308746,0.0,0.09268203377723694,0.0001,1e-05,53.602,3.0198,0.6674
7500,stage2,5,0.14961636066436768,0.15314097702503204,0.0,0.14961636066436768,0.0001,1e-05,53.599,4.1755,0.6684
7501,stage2,5,0.13830426335334778,0.1742250770330429,0.0,0.13830426335334778,0.0001,1e-05,53.6,3.9734,1.3598
7502,stage2,5,0.14649313688278198,0.15783938765525818,0.0,0.14649313688278198,0.0001,1e-05,53.595,3.4444,0.6682
7503,stage2,5,0.13235364854335785,0.1513979583978653,0.0,0.13235364854335785,0.0001,1e-05,53.611,3.4493,0.6688
7504,stage2,5,0.1368493139743805,0.17238853871822357,0.0,0.1368493139743805,0.0001,1e-05,53.609,3.0357,0.6689
7505,stage2,5,0.1472918838262558,0.16156578063964844,0.0,0.1472918838262558,0.0001,1e-05,53.603,4.4979,4.0564
7506,stage2,5,0.11173710227012634,0.20086628198623657,0.0,0.11173710227012634,0.0001,1e-05,53.607,3.4296,0.667
7507,stage2,5,0.1504611372947693,0.15993189811706543,0.0,0.1504611372947693,0.0001,1e-05,53.599,3.4151,0.6706
7508,stage2,5,0.13050132989883423,0.18412187695503235,0.0,0.13050132989883423,0.0001,1e-05,53.614,4.2479,0.6673
7509,stage2,5,0.11869217455387115,0.15796127915382385,0.0,0.11869217455387115,0.0001,1e-05,53.602,3.4627,1.4709
7510,stage2,5,0.135158970952034,0.17683549225330353,0.0,0.135158970952034,0.0001,1e-05,53.604,4.1331,0.6678
7511,stage2,5,0.1393667459487915,0.15661004185676575,0.0,0.1393667459487915,0.0001,1e-05,53.606,3.9312,0.6684
7512,stage2,5,0.11531993001699448,0.17506004869937897,0.0,0.11531993001699448,0.0001,1e-05,53.603,3.7393,0.6694
7513,stage2,5,0.09682906419038773,0.2084483653306961,0.0,0.09682906419038773,0.0001,1e-05,53.601,2.7408,4.3659
7514,stage2,5,0.1507442146539688,0.156988263130188,0.0,0.1507442146539688,0.0001,1e-05,53.6,3.5319,0.6667
7515,stage2,5,0.09262201935052872,0.18195198476314545,0.0,0.09262201935052872,0.0001,1e-05,53.611,2.8695,0.6676
7516,stage2,5,0.12352937459945679,0.17745962738990784,0.0,0.12352937459945679,0.0001,1e-05,53.611,3.897,0.6688
7517,stage2,5,0.1461734175682068,0.18286649882793427,0.0,0.1461734175682068,0.0001,1e-05,53.606,3.8849,1.0377
7518,stage2,5,0.15102359652519226,0.1635788530111313,0.0,0.15102359652519226,0.0001,1e-05,53.605,3.1237,0.6679
7519,stage2,5,0.1325444132089615,0.18509742617607117,0.0,0.1325444132089615,0.0001,1e-05,53.607,3.4119,0.6691
7520,stage2,5,0.10034041851758957,0.18817554414272308,0.0,0.10034041851758957,0.0001,1e-05,53.61,3.1141,0.6701
7521,stage2,5,0.14007100462913513,0.14157754182815552,0.0,0.14007100462913513,0.0001,1e-05,53.601,2.9023,4.7622
7522,stage2,5,0.10945817828178406,0.19042399525642395,0.0,0.10945817828178406,0.0001,1e-05,53.608,2.3945,0.6647
7523,stage2,5,0.10053388774394989,0.1790231168270111,0.0,0.10053388774394989,0.0001,1e-05,53.607,3.1786,0.667
7524,stage2,5,0.09833834320306778,0.1791338175535202,0.0,0.09833834320306778,0.0001,1e-05,53.605,3.9522,0.6668
7525,stage2,5,0.12181281298398972,0.1830231249332428,0.0,0.12181281298398972,0.0001,1e-05,53.612,3.3227,0.6683
7526,stage2,5,0.13896583020687103,0.16982589662075043,0.0,0.13896583020687103,0.0001,1e-05,53.618,3.7497,0.6691
7527,stage2,5,0.16176936030387878,0.1538442224264145,0.0,0.16176936030387878,0.0001,1e-05,53.616,4.1483,0.6683
7528,stage2,5,0.12220781296491623,0.18908122181892395,0.0,0.12220781296491623,0.0001,1e-05,53.605,3.3303,0.6686
7529,stage2,5,0.15557056665420532,0.1670585423707962,0.0,0.15557056665420532,0.0001,1e-05,53.606,3.9443,5.0008
7530,stage2,5,0.1355278044939041,0.151344433426857,0.0,0.1355278044939041,0.0001,1e-05,53.596,2.9798,0.6672
7531,stage2,5,0.12057041376829147,0.17164117097854614,0.0,0.12057041376829147,0.0001,1e-05,53.603,3.1129,0.6665
7532,stage2,5,0.12342137098312378,0.1673566699028015,0.0,0.12342137098312378,0.0001,1e-05,53.608,2.8354,0.6678
7533,stage2,5,0.11958874017000198,0.17712868750095367,0.0,0.11958874017000198,0.0001,1e-05,53.607,4.5062,1.1098
7534,stage2,5,0.14387062191963196,0.1531134992837906,0.0,0.14387062191963196,0.0001,1e-05,53.609,3.7169,0.6684
7535,stage2,5,0.11957528442144394,0.191032275557518,0.0,0.11957528442144394,0.0001,1e-05,53.606,3.9032,0.6753
7536,stage2,5,0.1218014508485794,0.1476360410451889,0.0,0.1218014508485794,0.0001,1e-05,53.605,3.1029,0.6695
7537,stage2,5,0.13957864046096802,0.16441302001476288,0.0,0.13957864046096802,0.0001,1e-05,53.598,4.0572,5.05
7538,stage2,5,0.12006369233131409,0.15354768931865692,0.0,0.12006369233131409,0.0001,1e-05,53.601,3.0688,0.6662
7539,stage2,5,0.13557098805904388,0.14230699837207794,0.0,0.13557098805904388,0.0001,1e-05,53.612,2.7839,0.6667
7540,stage2,5,0.11924698948860168,0.16609203815460205,0.0,0.11924698948860168,0.0001,1e-05,53.589,3.5711,0.6675
7541,stage2,5,0.13112421333789825,0.16664880514144897,0.0,0.13112421333789825,0.0001,1e-05,53.596,3.7776,0.6685
7542,stage2,5,0.18152302503585815,0.1595592498779297,0.0,0.18152302503585815,0.0001,1e-05,53.606,4.2753,0.6679
7543,stage2,5,0.13256388902664185,0.18289121985435486,0.0,0.13256388902664185,0.0001,1e-05,53.605,3.3287,0.6678
7544,stage2,5,0.12890774011611938,0.1624291092157364,0.0,0.12890774011611938,0.0001,1e-05,53.592,3.6637,0.6749
7545,stage2,5,0.13059242069721222,0.18448954820632935,0.0,0.13059242069721222,0.0001,1e-05,53.599,3.6282,5.4962
7546,stage2,5,0.12865400314331055,0.1892077922821045,0.0,0.12865400314331055,0.0001,1e-05,53.596,3.8802,0.6703
7547,stage2,5,0.12700794637203217,0.1751256138086319,0.0,0.12700794637203217,0.0001,1e-05,53.591,4.1681,0.6665
7548,stage2,5,0.13545645773410797,0.16073505580425262,0.0,0.13545645773410797,0.0001,1e-05,53.605,4.0116,0.6666
7549,stage2,5,0.12407635897397995,0.16413260996341705,0.0,0.12407635897397995,0.0001,1e-05,53.598,3.291,0.668
7550,stage2,5,0.1465402990579605,0.16725122928619385,0.0,0.1465402990579605,0.0001,1e-05,53.6,5.4958,0.6679
7551,stage2,5,0.15068556368350983,0.16668836772441864,0.0,0.15068556368350983,0.0001,1e-05,53.593,4.2308,0.6685
7552,stage2,5,0.10226299613714218,0.15580539405345917,0.0,0.10226299613714218,0.0001,1e-05,53.594,2.9984,0.6693
7553,stage2,5,0.13005025684833527,0.1729467809200287,0.0,0.13005025684833527,0.0001,1e-05,53.594,2.9963,5.3894
7554,stage2,5,0.11500274389982224,0.1943129301071167,0.0,0.11500274389982224,0.0001,1e-05,53.605,3.87,0.6703
7555,stage2,5,0.1377648562192917,0.15378263592720032,0.0,0.1377648562192917,0.0001,1e-05,53.603,3.7955,0.6696
7556,stage2,5,0.13901734352111816,0.15278662741184235,0.0,0.13901734352111816,0.0001,1e-05,53.606,3.1852,0.6671
7557,stage2,5,0.1624668687582016,0.16350917518138885,0.0,0.1624668687582016,0.0001,1e-05,53.608,3.669,0.667
7558,stage2,5,0.10721178352832794,0.15457504987716675,0.0,0.10721178352832794,0.0001,1e-05,53.604,3.8556,0.6679
7559,stage2,5,0.13949346542358398,0.16667431592941284,0.0,0.13949346542358398,0.0001,1e-05,53.594,2.9282,0.6678
7560,stage2,5,0.1380879282951355,0.1742313951253891,0.0,0.1380879282951355,0.0001,1e-05,53.601,3.0176,0.6698
7561,stage2,5,0.10759134590625763,0.18676088750362396,0.0,0.10759134590625763,0.0001,1e-05,53.607,3.9837,5.3477
7562,stage2,5,0.1162751317024231,0.16744767129421234,0.0,0.1162751317024231,0.0001,1e-05,53.602,3.3537,0.6649
7563,stage2,5,0.1164587214589119,0.15820451080799103,0.0,0.1164587214589119,0.0001,1e-05,53.599,2.3736,0.666
7564,stage2,5,0.12760402262210846,0.17796120047569275,0.0,0.12760402262210846,0.0001,1e-05,53.617,3.0944,0.6666
7565,stage2,5,0.10860612988471985,0.1609015166759491,0.0,0.10860612988471985,0.0001,1e-05,53.617,2.7248,0.667
7566,stage2,5,0.13461515307426453,0.19742414355278015,0.0,0.13461515307426453,0.0001,1e-05,53.609,3.4791,0.6675
7567,stage2,5,0.16261300444602966,0.19651463627815247,0.0,0.16261300444602966,0.0001,1e-05,53.607,3.5707,0.668
7568,stage2,5,0.11807512491941452,0.1631091833114624,0.0,0.11807512491941452,0.0001,1e-05,53.613,2.6384,0.6685
7569,stage2,5,0.09623993933200836,0.18129228055477142,0.0,0.09623993933200836,0.0001,1e-05,53.599,2.8431,5.3093
7570,stage2,5,0.14019173383712769,0.15337294340133667,0.0,0.14019173383712769,0.0001,1e-05,53.602,3.1405,0.6664
7571,stage2,5,0.09876765310764313,0.17481839656829834,0.0,0.09876765310764313,0.0001,1e-05,53.601,4.0993,0.6655
7572,stage2,5,0.12626302242279053,0.15324248373508453,0.0,0.12626302242279053,0.0001,1e-05,53.606,3.4482,0.6663
7573,stage2,5,0.10933827608823776,0.24207589030265808,0.0,0.10933827608823776,0.0001,1e-05,53.605,3.8311,0.6664
7574,stage2,5,0.14807210862636566,0.148236483335495,0.0,0.14807210862636566,0.0001,1e-05,53.6,3.6056,0.667
7575,stage2,5,0.12540695071220398,0.17143958806991577,0.0,0.12540695071220398,0.0001,1e-05,53.597,3.4965,0.6669
7576,stage2,5,0.11907752603292465,0.1907561719417572,0.0,0.11907752603292465,0.0001,1e-05,53.598,2.9362,0.668
7577,stage2,5,0.12521371245384216,0.1691051572561264,0.0,0.12521371245384216,0.0001,1e-05,53.604,3.336,4.8423
7578,stage2,5,0.12315092235803604,0.1682702600955963,0.0,0.12315092235803604,0.0001,1e-05,53.601,3.0239,0.6658
7579,stage2,5,0.11895140260457993,0.15081454813480377,0.0,0.11895140260457993,0.0001,1e-05,53.608,3.3254,0.666
7580,stage2,5,0.138800248503685,0.1723967343568802,0.0,0.138800248503685,0.0001,1e-05,53.605,3.3639,0.6659
7581,stage2,5,0.11625788360834122,0.16349422931671143,0.0,0.11625788360834122,0.0001,1e-05,53.594,3.3113,0.6671
7582,stage2,5,0.10620194673538208,0.1830866038799286,0.0,0.10620194673538208,0.0001,1e-05,53.596,3.2608,0.6676
7583,stage2,5,0.14027361571788788,0.15175877511501312,0.0,0.14027361571788788,0.0001,1e-05,53.592,3.4844,0.6672
7584,stage2,5,0.1153269037604332,0.17962051928043365,0.0,0.1153269037604332,0.0001,1e-05,53.601,3.1438,0.6727
7585,stage2,5,0.11107927560806274,0.18052655458450317,0.0,0.11107927560806274,0.0001,1e-05,53.602,3.1774,4.9477
7586,stage2,5,0.14446638524532318,0.17823629081249237,0.0,0.14446638524532318,0.0001,1e-05,53.603,3.3706,0.6709
7587,stage2,5,0.12983709573745728,0.17023153603076935,0.0,0.12983709573745728,0.0001,1e-05,53.603,3.8495,0.6665
7588,stage2,5,0.120148666203022,0.15024890005588531,0.0,0.120148666203022,0.0001,1e-05,53.601,3.6176,0.6663
7589,stage2,5,0.11962132155895233,0.15511654317378998,0.0,0.11962132155895233,0.0001,1e-05,53.604,3.5132,0.6669
7590,stage2,5,0.12244389206171036,0.18769890069961548,0.0,0.12244389206171036,0.0001,1e-05,53.6,3.5911,0.6678
7591,stage2,5,0.1140652745962143,0.1939859390258789,0.0,0.1140652745962143,0.0001,1e-05,53.615,3.4506,0.6682
7592,stage2,5,0.11693301051855087,0.20721475780010223,0.0,0.11693301051855087,0.0001,1e-05,53.611,4.5955,0.6684
7593,stage2,5,0.1576901376247406,0.2007601112127304,0.0,0.1576901376247406,0.0001,1e-05,53.598,3.4972,4.7896
7594,stage2,5,0.12293708324432373,0.18928274512290955,0.0,0.12293708324432373,0.0001,1e-05,53.6,4.0939,0.669
7595,stage2,5,0.11663270741701126,0.17125076055526733,0.0,0.11663270741701126,0.0001,1e-05,53.6,2.8393,0.6658
7596,stage2,5,0.11956634372472763,0.1790875345468521,0.0,0.11956634372472763,0.0001,1e-05,53.611,3.7334,0.6674
7597,stage2,5,0.1381862610578537,0.1796071082353592,0.0,0.1381862610578537,0.0001,1e-05,53.629,3.9317,0.6668
7598,stage2,5,0.13507336378097534,0.16454394161701202,0.0,0.13507336378097534,0.0001,1e-05,53.593,4.4951,0.6676
7599,stage2,5,0.1293673813343048,0.16225580871105194,0.0,0.1293673813343048,0.0001,1e-05,53.605,3.2565,0.6687
7600,stage2,5,0.1176752969622612,0.17535480856895447,0.0,0.1176752969622612,0.0001,1e-05,53.598,4.4101,0.6682
7601,stage2,5,0.12162192165851593,0.1644066423177719,0.0,0.12162192165851593,0.0001,1e-05,53.604,3.8184,4.8304
7602,stage2,5,0.09522312879562378,0.17211587727069855,0.0,0.09522312879562378,0.0001,1e-05,53.612,3.4213,0.6665
7603,stage2,5,0.12956252694129944,0.1803315132856369,0.0,0.12956252694129944,0.0001,1e-05,53.596,4.0828,0.6667
7604,stage2,5,0.11496592313051224,0.14584505558013916,0.0,0.11496592313051224,0.0001,1e-05,53.601,2.8047,0.6678
7605,stage2,5,0.12846101820468903,0.19989632070064545,0.0,0.12846101820468903,0.0001,1e-05,53.602,3.2112,0.6681
7606,stage2,5,0.11340241879224777,0.1632346510887146,0.0,0.11340241879224777,0.0001,1e-05,53.607,3.7631,0.6687
7607,stage2,5,0.13251692056655884,0.14362293481826782,0.0,0.13251692056655884,0.0001,1e-05,53.621,3.4131,0.6692
7608,stage2,5,0.13471701741218567,0.16671986877918243,0.0,0.13471701741218567,0.0001,1e-05,53.606,3.3764,0.669
7609,stage2,5,0.16705839335918427,0.1498938798904419,0.0,0.16705839335918427,0.0001,1e-05,53.602,3.7191,5.5618
7610,stage2,5,0.13040141761302948,0.1709054708480835,0.0,0.13040141761302948,0.0001,1e-05,53.6,4.0539,0.666
7611,stage2,5,0.09561198949813843,0.17239603400230408,0.0,0.09561198949813843,0.0001,1e-05,53.596,3.4126,0.6707
7612,stage2,5,0.13519762456417084,0.17726178467273712,0.0,0.13519762456417084,0.0001,1e-05,53.604,3.1603,0.6669
7613,stage2,5,0.16773071885108948,0.16086730360984802,0.0,0.16773071885108948,0.0001,1e-05,53.603,4.7612,0.6673
7614,stage2,5,0.1146855503320694,0.18709324300289154,0.0,0.1146855503320694,0.0001,1e-05,53.596,3.4602,0.6675
7615,stage2,5,0.11617279052734375,0.15212731063365936,0.0,0.11617279052734375,0.0001,1e-05,53.603,2.7043,0.6678
7616,stage2,5,0.11324959993362427,0.17188873887062073,0.0,0.11324959993362427,0.0001,1e-05,53.597,3.1435,0.6684
7617,stage2,5,0.12585806846618652,0.17424513399600983,0.0,0.12585806846618652,0.0001,1e-05,53.601,3.2476,4.9004
7618,stage2,5,0.1104864627122879,0.1807834506034851,0.0,0.1104864627122879,0.0001,1e-05,53.589,3.0123,0.6657
7619,stage2,5,0.12732023000717163,0.16851378977298737,0.0,0.12732023000717163,0.0001,1e-05,53.596,2.9861,0.6661
7620,stage2,5,0.12900841236114502,0.17367003858089447,0.0,0.12900841236114502,0.0001,1e-05,53.603,3.1335,0.6668
7621,stage2,5,0.11199329048395157,0.18435555696487427,0.0,0.11199329048395157,0.0001,1e-05,53.593,3.4343,0.6674
7622,stage2,5,0.12469051778316498,0.18130923807621002,0.0,0.12469051778316498,0.0001,1e-05,53.596,3.4764,0.6675
7623,stage2,5,0.14301392436027527,0.15569056570529938,0.0,0.14301392436027527,0.0001,1e-05,53.6,3.552,0.6679
7624,stage2,5,0.11463961750268936,0.14301787316799164,0.0,0.11463961750268936,0.0001,1e-05,53.607,2.8635,0.6686
7625,stage2,5,0.12324213981628418,0.17965306341648102,0.0,0.12324213981628418,0.0001,1e-05,53.599,3.3967,4.98
7626,stage2,5,0.11637040972709656,0.16212956607341766,0.0,0.11637040972709656,0.0001,1e-05,53.594,2.7693,0.67
7627,stage2,5,0.1557522416114807,0.22390475869178772,0.0,0.1557522416114807,0.0001,1e-05,53.609,3.8516,0.6663
7628,stage2,5,0.14362753927707672,0.14375515282154083,0.0,0.14362753927707672,0.0001,1e-05,53.603,3.8768,0.6673
7629,stage2,5,0.1169542595744133,0.15179486572742462,0.0,0.1169542595744133,0.0001,1e-05,53.599,3.5243,0.6668
7630,stage2,5,0.1261434704065323,0.1689341813325882,0.0,0.1261434704065323,0.0001,1e-05,53.612,3.5501,0.6677
7631,stage2,5,0.1232263445854187,0.171059712767601,0.0,0.1232263445854187,0.0001,1e-05,53.605,3.3214,0.6718
7632,stage2,5,0.09988115727901459,0.16718879342079163,0.0,0.09988115727901459,0.0001,1e-05,53.602,3.6375,0.6683
7633,stage2,5,0.1165291965007782,0.20239043235778809,0.0,0.1165291965007782,0.0001,1e-05,53.599,3.7236,4.7108
7634,stage2,5,0.12657801806926727,0.16058120131492615,0.0,0.12657801806926727,0.0001,1e-05,53.605,3.7761,0.666
7635,stage2,5,0.12627369165420532,0.18220527470111847,0.0,0.12627369165420532,0.0001,1e-05,53.609,3.214,0.6664
7636,stage2,5,0.12772122025489807,0.16171203553676605,0.0,0.12772122025489807,0.0001,1e-05,53.616,3.8112,0.6669
7637,stage2,5,0.11971107125282288,0.17154145240783691,0.0,0.11971107125282288,0.0001,1e-05,53.599,3.7278,0.6672
7638,stage2,5,0.1560600847005844,0.15108337998390198,0.0,0.1560600847005844,0.0001,1e-05,53.599,3.9414,0.6681
7639,stage2,5,0.10131530463695526,0.16262942552566528,0.0,0.10131530463695526,0.0001,1e-05,53.588,3.5795,0.6681
7640,stage2,5,0.13069729506969452,0.16501404345035553,0.0,0.13069729506969452,0.0001,1e-05,53.597,3.7404,0.6689
7641,stage2,5,0.13780759274959564,0.16076140105724335,0.0,0.13780759274959564,0.0001,1e-05,53.601,3.0047,4.9909
7642,stage2,5,0.13167735934257507,0.1716546267271042,0.0,0.13167735934257507,0.0001,1e-05,53.608,4.7784,0.6656
7643,stage2,5,0.11184414476156235,0.17405493557453156,0.0,0.11184414476156235,0.0001,1e-05,53.594,2.6431,0.6657
7644,stage2,5,0.10717020183801651,0.20688015222549438,0.0,0.10717020183801651,0.0001,1e-05,53.61,4.2786,0.6664
7645,stage2,5,0.15190307796001434,0.15806803107261658,0.0,0.15190307796001434,0.0001,1e-05,53.605,3.2185,0.6672
7646,stage2,5,0.14022818207740784,0.159995436668396,0.0,0.14022818207740784,0.0001,1e-05,53.602,3.6303,0.6674
7647,stage2,5,0.10668286681175232,0.16589786112308502,0.0,0.10668286681175232,0.0001,1e-05,53.598,3.6692,0.6677
7648,stage2,5,0.10684199631214142,0.15997512638568878,0.0,0.10684199631214142,0.0001,1e-05,53.602,3.0981,0.6685
7649,stage2,5,0.09458529204130173,0.17379944026470184,0.0,0.09458529204130173,0.0001,1e-05,53.599,2.7905,5.0226
7650,stage2,5,0.14286886155605316,0.16926603019237518,0.0,0.14286886155605316,0.0001,1e-05,53.607,3.1872,1.7564
7651,stage2,5,0.11018461734056473,0.1749698370695114,0.0,0.11018461734056473,0.0001,1e-05,53.601,2.9066,0.6566
7652,stage2,5,0.09467624872922897,0.1724143624305725,0.0,0.09467624872922897,0.0001,1e-05,53.598,3.7168,0.6661
7653,stage2,5,0.13826371729373932,0.18505939841270447,0.0,0.13826371729373932,0.0001,1e-05,53.61,3.2529,0.6673
7654,stage2,5,0.16435270011425018,0.1681639403104782,0.0,0.16435270011425018,0.0001,1e-05,53.606,3.8998,0.6675
7655,stage2,5,0.12463044375181198,0.1813202202320099,0.0,0.12463044375181198,0.0001,1e-05,53.595,3.8949,0.6679
7656,stage2,5,0.10511653125286102,0.1675843596458435,0.0,0.10511653125286102,0.0001,1e-05,53.618,3.5435,0.6684
7657,stage2,5,0.1492912620306015,0.16519524157047272,0.0,0.1492912620306015,0.0001,1e-05,53.608,3.7574,3.5612
7658,stage2,5,0.1120433360338211,0.1745901256799698,0.0,0.1120433360338211,0.0001,1e-05,53.613,4.6277,0.67
7659,stage2,5,0.09385918080806732,0.17212313413619995,0.0,0.09385918080806732,0.0001,1e-05,53.603,3.6028,0.6675
7660,stage2,5,0.10801749676465988,0.16977861523628235,0.0,0.10801749676465988,0.0001,1e-05,53.597,3.5515,0.667
7661,stage2,5,0.10080420970916748,0.17831797897815704,0.0,0.10080420970916748,0.0001,1e-05,53.602,3.4846,0.6679
7662,stage2,5,0.13558436930179596,0.16756924986839294,0.0,0.13558436930179596,0.0001,1e-05,53.605,5.0319,0.6691
7663,stage2,5,0.10966479033231735,0.17806892096996307,0.0,0.10966479033231735,0.0001,1e-05,53.605,3.7831,0.6679
7664,stage2,5,0.11935698240995407,0.15497688949108124,0.0,0.11935698240995407,0.0001,1e-05,53.606,3.6343,0.6682
7665,stage2,5,0.12256722152233124,0.18520653247833252,0.0,0.12256722152233124,0.0001,1e-05,53.604,4.2476,4.9424
7666,stage2,5,0.15559230744838715,0.15939226746559143,0.0,0.15559230744838715,0.0001,1e-05,53.599,3.2663,0.6696
7667,stage2,5,0.13316024839878082,0.1458791196346283,0.0,0.13316024839878082,0.0001,1e-05,53.595,3.3877,0.6651
7668,stage2,5,0.1386825442314148,0.1598534882068634,0.0,0.1386825442314148,0.0001,1e-05,53.601,3.8474,0.6676
7669,stage2,5,0.1271759569644928,0.19492873549461365,0.0,0.1271759569644928,0.0001,1e-05,53.613,4.4758,0.668
7670,stage2,5,0.16005243360996246,0.16437073051929474,0.0,0.16005243360996246,0.0001,1e-05,53.594,4.7888,0.6681
7671,stage2,5,0.1234154999256134,0.19197705388069153,0.0,0.1234154999256134,0.0001,1e-05,53.595,2.9538,0.6695
7672,stage2,5,0.11147290468215942,0.1949673891067505,0.0,0.11147290468215942,0.0001,1e-05,53.595,3.7173,0.6688
7673,stage2,5,0.17075224220752716,0.14186106622219086,0.0,0.17075224220752716,0.0001,1e-05,53.6,4.0339,4.9577
7674,stage2,5,0.1625271439552307,0.1627151370048523,0.0,0.1625271439552307,0.0001,1e-05,53.602,3.7157,0.6659
7675,stage2,5,0.12145454436540604,0.17073269188404083,0.0,0.12145454436540604,0.0001,1e-05,53.607,3.6435,0.667
7676,stage2,5,0.13610342144966125,0.17661704123020172,0.0,0.13610342144966125,0.0001,1e-05,53.61,3.2797,0.6665
7677,stage2,5,0.10889054089784622,0.16878420114517212,0.0,0.10889054089784622,0.0001,1e-05,53.602,3.3628,0.6681
7678,stage2,5,0.10162506252527237,0.17939290404319763,0.0,0.10162506252527237,0.0001,1e-05,53.604,3.1944,0.6689
7679,stage2,5,0.12260134518146515,0.1665201038122177,0.0,0.12260134518146515,0.0001,1e-05,53.597,4.0043,0.6691
7680,stage2,5,0.17772889137268066,0.14539408683776855,0.0,0.17772889137268066,0.0001,1e-05,53.609,4.2384,0.6692
7681,stage2,5,0.10242009907960892,0.2024226039648056,0.0,0.10242009907960892,0.0001,1e-05,53.588,3.0438,4.4827
7682,stage2,5,0.1473049819469452,0.1733037680387497,0.0,0.1473049819469452,0.0001,1e-05,53.613,3.0497,0.6654
7683,stage2,5,0.10399119555950165,0.16315293312072754,0.0,0.10399119555950165,0.0001,1e-05,53.602,3.2189,0.6676
7684,stage2,5,0.140478253364563,0.15995478630065918,0.0,0.140478253364563,0.0001,1e-05,53.617,2.9779,0.6677
7685,stage2,5,0.09043268114328384,0.18669597804546356,0.0,0.09043268114328384,0.0001,1e-05,53.606,3.1141,0.6714
7686,stage2,5,0.15491460263729095,0.14781557023525238,0.0,0.15491460263729095,0.0001,1e-05,53.598,3.402,0.6682
7687,stage2,5,0.1425202637910843,0.15085025131702423,0.0,0.1425202637910843,0.0001,1e-05,53.595,3.5153,0.6679
7688,stage2,5,0.1719389259815216,0.16306205093860626,0.0,0.1719389259815216,0.0001,1e-05,53.593,3.6786,0.6681
7689,stage2,5,0.12009692192077637,0.18217796087265015,0.0,0.12009692192077637,0.0001,1e-05,53.601,3.7369,4.634
7690,stage2,5,0.12914153933525085,0.17235203087329865,0.0,0.12914153933525085,0.0001,1e-05,53.6,3.129,0.6666
7691,stage2,5,0.12184904515743256,0.15556439757347107,0.0,0.12184904515743256,0.0001,1e-05,53.603,2.9745,0.6669
7692,stage2,5,0.1352013498544693,0.1568295657634735,0.0,0.1352013498544693,0.0001,1e-05,53.597,3.4363,0.6678
7693,stage2,5,0.09504672139883041,0.19427655637264252,0.0,0.09504672139883041,0.0001,1e-05,53.606,3.1697,0.6678
7694,stage2,5,0.12740734219551086,0.18455009162425995,0.0,0.12740734219551086,0.0001,1e-05,53.603,2.8279,0.668
7695,stage2,5,0.12376078218221664,0.17070236802101135,0.0,0.12376078218221664,0.0001,1e-05,53.605,3.514,0.668
7696,stage2,5,0.10579138994216919,0.1811894327402115,0.0,0.10579138994216919,0.0001,1e-05,53.611,2.7829,0.6695
7697,stage2,5,0.11307816207408905,0.1830735057592392,0.0,0.11307816207408905,0.0001,1e-05,53.613,4.0109,4.4259
7698,stage2,5,0.1002495139837265,0.14557023346424103,0.0,0.1002495139837265,0.0001,1e-05,53.606,2.9106,0.667
7699,stage2,5,0.14729230105876923,0.14094935357570648,0.0,0.14729230105876923,0.0001,1e-05,53.603,3.0432,0.6675
7700,stage2,5,0.11326978355646133,0.17169255018234253,0.0,0.11326978355646133,0.0001,1e-05,53.61,3.9309,0.6672
7701,stage2,5,0.10929233580827713,0.18776823580265045,0.0,0.10929233580827713,0.0001,1e-05,53.594,3.4569,0.6683
7702,stage2,5,0.13959123194217682,0.15541939437389374,0.0,0.13959123194217682,0.0001,1e-05,53.604,5.6681,1.3582
7703,stage2,5,0.12063932418823242,0.17689786851406097,0.0,0.12063932418823242,0.0001,1e-05,53.601,4.5485,0.6684
7704,stage2,5,0.13213519752025604,0.15417031943798065,0.0,0.13213519752025604,0.0001,1e-05,53.612,3.0717,0.6684
7705,stage2,5,0.13280168175697327,0.15820936858654022,0.0,0.13280168175697327,0.0001,1e-05,53.602,4.2067,3.8972
7706,stage2,5,0.14916099607944489,0.16326501965522766,0.0,0.14916099607944489,0.0001,1e-05,53.604,3.4631,0.6674
7707,stage2,5,0.13059142231941223,0.18129780888557434,0.0,0.13059142231941223,0.0001,1e-05,53.603,3.8692,0.6665
7708,stage2,5,0.11360226571559906,0.1593695729970932,0.0,0.11360226571559906,0.0001,1e-05,53.603,4.0221,0.6674
7709,stage2,5,0.11657384037971497,0.15244270861148834,0.0,0.11657384037971497,0.0001,1e-05,53.604,4.0604,0.6707
7710,stage2,5,0.12914042174816132,0.16064871847629547,0.0,0.12914042174816132,0.0001,1e-05,53.601,3.4371,1.9837
7711,stage2,5,0.13776428997516632,0.13830885291099548,0.0,0.13776428997516632,0.0001,1e-05,53.611,3.7419,0.6673
7712,stage2,5,0.15543171763420105,0.15491390228271484,0.0,0.15543171763420105,0.0001,1e-05,53.609,4.5639,0.6686
7713,stage2,5,0.11126818507909775,0.16367116570472717,0.0,0.11126818507909775,0.0001,1e-05,53.612,2.9214,3.5352
7714,stage2,5,0.14040406048297882,0.1740565448999405,0.0,0.14040406048297882,0.0001,1e-05,53.619,3.7072,0.6664
7715,stage2,5,0.12412688881158829,0.15652169287204742,0.0,0.12412688881158829,0.0001,1e-05,53.607,3.451,0.9395
7716,stage2,5,0.12207677960395813,0.16606974601745605,0.0,0.12207677960395813,0.0001,1e-05,53.603,3.3519,0.6673
7717,stage2,5,0.12225731462240219,0.16269199550151825,0.0,0.12225731462240219,0.0001,1e-05,53.596,3.2678,0.668
7718,stage2,5,0.1258523166179657,0.15468403697013855,0.0,0.1258523166179657,0.0001,1e-05,53.6,2.8186,2.0155
7719,stage2,5,0.1049223244190216,0.1710709035396576,0.0,0.1049223244190216,0.0001,1e-05,53.6,3.0298,0.6685
7720,stage2,5,0.139427050948143,0.16491323709487915,0.0,0.139427050948143,0.0001,1e-05,53.599,3.2735,0.668
7721,stage2,5,0.10424727946519852,0.1795371174812317,0.0,0.10424727946519852,0.0001,1e-05,53.597,3.5723,3.3061
7722,stage2,5,0.1164674311876297,0.15506361424922943,0.0,0.1164674311876297,0.0001,1e-05,53.598,3.3707,0.6663
7723,stage2,5,0.10232210904359818,0.16075122356414795,0.0,0.10232210904359818,0.0001,1e-05,53.621,2.8788,0.6736
7724,stage2,5,0.10142581164836884,0.1781352162361145,0.0,0.10142581164836884,0.0001,1e-05,53.604,3.3248,0.6679
7725,stage2,5,0.11721481382846832,0.14968781173229218,0.0,0.11721481382846832,0.0001,1e-05,53.601,3.5434,0.6684
7726,stage2,5,0.13412316143512726,0.17290082573890686,0.0,0.13412316143512726,0.0001,1e-05,53.606,3.5437,1.888
7727,stage2,5,0.08884721994400024,0.18807555735111237,0.0,0.08884721994400024,0.0001,1e-05,53.604,2.5599,0.6666
7728,stage2,5,0.1338363140821457,0.15826119482517242,0.0,0.1338363140821457,0.0001,1e-05,53.603,3.5608,0.6709
7729,stage2,5,0.1332085281610489,0.1882999986410141,0.0,0.1332085281610489,0.0001,1e-05,53.591,4.5637,3.7215
7730,stage2,5,0.12573400139808655,0.1799612194299698,0.0,0.12573400139808655,0.0001,1e-05,53.589,3.6593,0.6664
7731,stage2,5,0.1172795370221138,0.16628451645374298,0.0,0.1172795370221138,0.0001,1e-05,53.6,3.9119,0.6668
7732,stage2,5,0.1154174730181694,0.1739780306816101,0.0,0.1154174730181694,0.0001,1e-05,53.6,3.8407,0.6687
7733,stage2,5,0.14914678037166595,0.15421168506145477,0.0,0.14914678037166595,0.0001,1e-05,53.598,3.5999,0.6676
7734,stage2,5,0.13587860763072968,0.15213987231254578,0.0,0.13587860763072968,0.0001,1e-05,53.594,3.019,1.8884
7735,stage2,5,0.11611201614141464,0.1643887460231781,0.0,0.11611201614141464,0.0001,1e-05,53.604,2.9165,0.6683
7736,stage2,5,0.12426502257585526,0.14926767349243164,0.0,0.12426502257585526,0.0001,1e-05,53.593,3.1319,0.6687
7737,stage2,5,0.11650996655225754,0.16813470423221588,0.0,0.11650996655225754,0.0001,1e-05,53.597,3.4666,3.9755
7738,stage2,5,0.15127010643482208,0.17138855159282684,0.0,0.15127010643482208,0.0001,1e-05,53.602,4.5047,0.6718
7739,stage2,5,0.10894157737493515,0.14605878293514252,0.0,0.10894157737493515,0.0001,1e-05,53.595,2.6059,0.6666
7740,stage2,5,0.1471734642982483,0.17498113214969635,0.0,0.1471734642982483,0.0001,1e-05,53.598,4.2093,0.6677
7741,stage2,5,0.12736807763576508,0.1605515480041504,0.0,0.12736807763576508,0.0001,1e-05,53.6,3.5082,0.6671
7742,stage2,5,0.17630574107170105,0.15643760561943054,0.0,0.17630574107170105,0.0001,1e-05,53.594,3.8763,1.6011
7743,stage2,5,0.17522281408309937,0.15593715012073517,0.0,0.17522281408309937,0.0001,1e-05,53.605,4.0003,0.6679
7744,stage2,5,0.10471918433904648,0.17120331525802612,0.0,0.10471918433904648,0.0001,1e-05,53.601,3.4509,0.6684
7745,stage2,5,0.14092622697353363,0.17591914534568787,0.0,0.14092622697353363,0.0001,1e-05,53.602,3.7102,3.6219
7746,stage2,5,0.13393835723400116,0.18793663382530212,0.0,0.13393835723400116,0.0001,1e-05,53.595,2.9411,0.6666
7747,stage2,5,0.1215934306383133,0.17573222517967224,0.0,0.1215934306383133,0.0001,1e-05,53.598,3.3525,0.6732
7748,stage2,5,0.1606714427471161,0.13733439147472382,0.0,0.1606714427471161,0.0001,1e-05,53.601,3.6077,0.6669
7749,stage2,5,0.11236939579248428,0.17702700197696686,0.0,0.11236939579248428,0.0001,1e-05,53.612,5.4328,0.6687
7750,stage2,5,0.14245294034481049,0.17145989835262299,0.0,0.14245294034481049,0.0001,1e-05,53.603,3.4191,2.2902
7751,stage2,5,0.11373165994882584,0.16860182583332062,0.0,0.11373165994882584,0.0001,1e-05,53.607,3.1226,0.6671
7752,stage2,5,0.14831414818763733,0.15102945268154144,0.0,0.14831414818763733,0.0001,1e-05,53.591,3.8971,0.6685
7753,stage2,5,0.11486854404211044,0.1987871676683426,0.0,0.11486854404211044,0.0001,1e-05,53.602,3.453,3.802
7754,stage2,5,0.122055284678936,0.16855721175670624,0.0,0.122055284678936,0.0001,1e-05,53.599,3.2317,0.6688
7755,stage2,5,0.15021441876888275,0.14400137960910797,0.0,0.15021441876888275,0.0001,1e-05,53.606,3.6997,0.6655
7756,stage2,5,0.11860266327857971,0.1514548510313034,0.0,0.11860266327857971,0.0001,1e-05,53.606,4.3349,0.6683
7757,stage2,5,0.10206346213817596,0.150303453207016,0.0,0.10206346213817596,0.0001,1e-05,53.6,3.7539,0.6689
7758,stage2,5,0.1328291893005371,0.17128051817417145,0.0,0.1328291893005371,0.0001,1e-05,53.6,3.8223,2.1905
7759,stage2,5,0.11203230917453766,0.16547714173793793,0.0,0.11203230917453766,0.0001,1e-05,53.603,2.9382,0.6681
7760,stage2,5,0.11555617302656174,0.1893172562122345,0.0,0.11555617302656174,0.0001,1e-05,53.613,3.0255,0.6687
7761,stage2,5,0.12494800239801407,0.17682068049907684,0.0,0.12494800239801407,0.0001,1e-05,53.61,3.0555,3.448
7762,stage2,5,0.11651354283094406,0.1849057376384735,0.0,0.11651354283094406,0.0001,1e-05,53.608,3.2374,0.6664
7763,stage2,5,0.1355396956205368,0.15692318975925446,0.0,0.1355396956205368,0.0001,1e-05,53.609,3.1671,0.6676
7764,stage2,5,0.09250389784574509,0.1609722375869751,0.0,0.09250389784574509,0.0001,1e-05,53.6,3.2346,0.6679
7765,stage2,5,0.18216457962989807,0.14996345341205597,0.0,0.18216457962989807,0.0001,1e-05,53.596,3.1892,0.6686
7766,stage2,5,0.15734560787677765,0.15539465844631195,0.0,0.15734560787677765,0.0001,1e-05,53.601,3.833,1.9436
7767,stage2,5,0.12519699335098267,0.16953569650650024,0.0,0.12519699335098267,0.0001,1e-05,53.602,3.9552,0.6682
7768,stage2,5,0.14818164706230164,0.17039832472801208,0.0,0.14818164706230164,0.0001,1e-05,53.6,2.8604,0.6694
7769,stage2,5,0.1229219138622284,0.19076032936573029,0.0,0.1229219138622284,0.0001,1e-05,53.602,4.4149,3.414
7770,stage2,5,0.14540889859199524,0.15771546959877014,0.0,0.14540889859199524,0.0001,1e-05,53.599,3.9907,0.668
7771,stage2,5,0.1597754955291748,0.1471533179283142,0.0,0.1597754955291748,0.0001,1e-05,53.608,4.0909,0.6673
7772,stage2,5,0.15362419188022614,0.13946689665317535,0.0,0.15362419188022614,0.0001,1e-05,53.585,3.0659,1.1592
7773,stage2,5,0.1361227035522461,0.14566658437252045,0.0,0.1361227035522461,0.0001,1e-05,53.601,3.5863,0.6686
7774,stage2,5,0.14933419227600098,0.16887204349040985,0.0,0.14933419227600098,0.0001,1e-05,53.598,4.292,1.4967
7775,stage2,5,0.12418995797634125,0.18838344514369965,0.0,0.12418995797634125,0.0001,1e-05,53.597,3.7838,0.6671
7776,stage2,5,0.14733770489692688,0.16218644380569458,0.0,0.14733770489692688,0.0001,1e-05,53.592,3.7673,0.6674
7777,stage2,5,0.1340426653623581,0.16048991680145264,0.0,0.1340426653623581,0.0001,1e-05,53.602,3.2582,3.4842
7778,stage2,5,0.15352118015289307,0.1568535417318344,0.0,0.15352118015289307,0.0001,1e-05,53.613,3.6013,0.6659
7779,stage2,5,0.10666408389806747,0.17774051427841187,0.0,0.10666408389806747,0.0001,1e-05,53.603,4.1279,0.6668
7780,stage2,5,0.110207200050354,0.16491210460662842,0.0,0.110207200050354,0.0001,1e-05,53.604,3.8035,1.5407
7781,stage2,5,0.12226846069097519,0.14222951233386993,0.0,0.12226846069097519,0.0001,1e-05,53.59,2.4689,0.6665
7782,stage2,5,0.12330896407365799,0.16210666298866272,0.0,0.12330896407365799,0.0001,1e-05,53.596,3.3796,1.7634
7783,stage2,5,0.12491126358509064,0.158015638589859,0.0,0.12491126358509064,0.0001,1e-05,53.613,2.9513,0.6698
7784,stage2,5,0.10776396095752716,0.18183717131614685,0.0,0.10776396095752716,0.0001,1e-05,53.603,3.744,0.667
7785,stage2,5,0.11166473478078842,0.17938458919525146,0.0,0.11166473478078842,0.0001,1e-05,53.593,2.7201,2.8985
7786,stage2,5,0.11572732776403427,0.1700587421655655,0.0,0.11572732776403427,0.0001,1e-05,53.603,2.9901,0.6674
7787,stage2,5,0.08842890709638596,0.18529346585273743,0.0,0.08842890709638596,0.0001,1e-05,53.591,2.4214,0.6679
7788,stage2,5,0.10432244837284088,0.17297853529453278,0.0,0.10432244837284088,0.0001,1e-05,53.6,3.3246,1.8626
7789,stage2,5,0.12237518280744553,0.15614566206932068,0.0,0.12237518280744553,0.0001,1e-05,53.596,3.9229,0.6669
7790,stage2,5,0.12975969910621643,0.16670893132686615,0.0,0.12975969910621643,0.0001,1e-05,53.608,3.6773,1.6447
7791,stage2,5,0.11101774126291275,0.14781421422958374,0.0,0.11101774126291275,0.0001,1e-05,53.6,3.6579,0.6672
7792,stage2,5,0.15012596547603607,0.1729535460472107,0.0,0.15012596547603607,0.0001,1e-05,53.609,3.4116,0.6677
7793,stage2,5,0.09206529706716537,0.18727442622184753,0.0,0.09206529706716537,0.0001,1e-05,53.601,3.1843,2.5479
7794,stage2,5,0.08586433529853821,0.18692420423030853,0.0,0.08586433529853821,0.0001,1e-05,53.597,3.0089,0.6675
7795,stage2,5,0.09418471902608871,0.17715846002101898,0.0,0.09418471902608871,0.0001,1e-05,53.598,3.0018,0.6684
7796,stage2,5,0.11955460160970688,0.16476723551750183,0.0,0.11955460160970688,0.0001,1e-05,53.592,3.2107,2.6315
7797,stage2,5,0.10268454253673553,0.1700623631477356,0.0,0.10268454253673553,0.0001,1e-05,53.605,2.5613,0.6677
7798,stage2,5,0.10978967696428299,0.17854300141334534,0.0,0.10978967696428299,0.0001,1e-05,53.597,3.8525,1.2823
7799,stage2,5,0.14722990989685059,0.16150055825710297,0.0,0.14722990989685059,0.0001,1e-05,53.596,2.9125,0.6674
7800,stage2,5,0.10878480225801468,0.18272513151168823,0.0,0.10878480225801468,0.0001,1e-05,53.59,3.2125,0.6679
7801,stage2,5,0.14463157951831818,0.1724621206521988,0.0,0.14463157951831818,0.0001,1e-05,53.61,3.1879,2.0506
7802,stage2,5,0.1540142297744751,0.158858060836792,0.0,0.1540142297744751,0.0001,1e-05,53.607,3.1706,0.6676
7803,stage2,5,0.14686349034309387,0.1676763892173767,0.0,0.14686349034309387,0.0001,1e-05,53.605,3.3347,0.6681
7804,stage2,5,0.10106480121612549,0.19257277250289917,0.0,0.10106480121612549,0.0001,1e-05,53.606,2.96,3.3319
7805,stage2,5,0.12718679010868073,0.17638537287712097,0.0,0.12718679010868073,0.0001,1e-05,53.599,3.4474,0.6658
7806,stage2,5,0.0963810533285141,0.17334780097007751,0.0,0.0963810533285141,0.0001,1e-05,53.606,3.4352,1.128
7807,stage2,5,0.0791553258895874,0.19732441008090973,0.0,0.0791553258895874,0.0001,1e-05,53.603,2.841,0.6675
7808,stage2,5,0.14063817262649536,0.16250377893447876,0.0,0.14063817262649536,0.0001,1e-05,53.598,3.5628,0.6683
7809,stage2,5,0.12778550386428833,0.1764233410358429,0.0,0.12778550386428833,0.0001,1e-05,53.614,3.083,1.4359
7810,stage2,5,0.16473327577114105,0.1432310789823532,0.0,0.16473327577114105,0.0001,1e-05,53.607,3.5345,0.6679
7811,stage2,5,0.11096461862325668,0.19294971227645874,0.0,0.11096461862325668,0.0001,1e-05,53.606,4.3026,0.6679
7812,stage2,5,0.12582813203334808,0.16085629165172577,0.0,0.12582813203334808,0.0001,1e-05,53.616,3.205,3.8826
7813,stage2,5,0.11752244830131531,0.15944300591945648,0.0,0.11752244830131531,0.0001,1e-05,53.607,3.4575,0.667
7814,stage2,5,0.1233566403388977,0.16422490775585175,0.0,0.1233566403388977,0.0001,1e-05,53.602,3.6988,0.9984
7815,stage2,5,0.14522519707679749,0.1804170161485672,0.0,0.14522519707679749,0.0001,1e-05,53.612,3.8955,0.6686
7816,stage2,5,0.1165909543633461,0.1496918499469757,0.0,0.1165909543633461,0.0001,1e-05,53.602,2.9492,0.6682
7817,stage2,5,0.10951824486255646,0.17171745002269745,0.0,0.10951824486255646,0.0001,1e-05,53.602,3.6228,1.1718
7818,stage2,5,0.09922272711992264,0.17012280225753784,0.0,0.09922272711992264,0.0001,1e-05,53.613,3.0448,0.6685
7819,stage2,5,0.15642158687114716,0.14884713292121887,0.0,0.15642158687114716,0.0001,1e-05,53.607,3.4124,0.6693
7820,stage2,5,0.12788847088813782,0.16574130952358246,0.0,0.12788847088813782,0.0001,1e-05,53.612,2.7743,4.2436
7821,stage2,5,0.12850438058376312,0.16968470811843872,0.0,0.12850438058376312,0.0001,1e-05,53.608,2.8951,0.6667
7822,stage2,5,0.10479407757520676,0.1657000631093979,0.0,0.10479407757520676,0.0001,1e-05,53.616,3.2848,1.0813
7823,stage2,5,0.11201392859220505,0.17808052897453308,0.0,0.11201392859220505,0.0001,1e-05,53.612,3.5957,0.6665
7824,stage2,5,0.09509900957345963,0.1861106902360916,0.0,0.09509900957345963,0.0001,1e-05,53.608,4.1293,0.6681
7825,stage2,5,0.11459367722272873,0.1692925989627838,0.0,0.11459367722272873,0.0001,1e-05,53.614,3.1933,1.6442
7826,stage2,5,0.1154298335313797,0.16633561253547668,0.0,0.1154298335313797,0.0001,1e-05,53.613,3.5837,0.6681
7827,stage2,5,0.14753973484039307,0.20619860291481018,0.0,0.14753973484039307,0.0001,1e-05,53.602,4.6017,0.6691
7828,stage2,5,0.13544997572898865,0.16202802956104279,0.0,0.13544997572898865,0.0001,1e-05,53.605,4.0254,3.4923
7829,stage2,5,0.11125151067972183,0.1539868414402008,0.0,0.11125151067972183,0.0001,1e-05,53.613,3.0508,0.6671
7830,stage2,5,0.07681714743375778,0.1913066804409027,0.0,0.07681714743375778,0.0001,1e-05,53.601,2.8675,1.3175
7831,stage2,5,0.07983710616827011,0.18272948265075684,0.0,0.07983710616827011,0.0001,1e-05,53.598,2.9057,0.6672
7832,stage2,5,0.13068003952503204,0.14959368109703064,0.0,0.13068003952503204,0.0001,1e-05,53.601,3.7485,0.6683
7833,stage2,5,0.16192904114723206,0.19160622358322144,0.0,0.16192904114723206,0.0001,1e-05,53.602,5.5418,2.0103
7834,stage2,5,0.13882294297218323,0.17890271544456482,0.0,0.13882294297218323,0.0001,1e-05,53.596,2.7612,0.6682
7835,stage2,5,0.125418022274971,0.15640215575695038,0.0,0.125418022274971,0.0001,1e-05,53.608,4.0224,0.669
7836,stage2,5,0.1350475251674652,0.16439732909202576,0.0,0.1350475251674652,0.0001,1e-05,53.601,4.1627,3.3246
7837,stage2,5,0.13606439530849457,0.16424371302127838,0.0,0.13606439530849457,0.0001,1e-05,53.601,4.0175,0.6669
7838,stage2,5,0.12157300859689713,0.16838829219341278,0.0,0.12157300859689713,0.0001,1e-05,53.601,3.4626,1.3439
7839,stage2,5,0.12631843984127045,0.16495643556118011,0.0,0.12631843984127045,0.0001,1e-05,53.598,3.6793,0.6682
7840,stage2,5,0.13374686241149902,0.1647036075592041,0.0,0.13374686241149902,0.0001,1e-05,53.592,3.2729,0.6688
7841,stage2,5,0.11734236031770706,0.18454141914844513,0.0,0.11734236031770706,0.0001,1e-05,53.587,3.6875,1.6573
7842,stage2,5,0.12449111044406891,0.1605852097272873,0.0,0.12449111044406891,0.0001,1e-05,53.603,4.1119,0.6683
7843,stage2,5,0.11707039922475815,0.1798599362373352,0.0,0.11707039922475815,0.0001,1e-05,53.619,3.7424,0.9261
7844,stage2,5,0.09364945441484451,0.17350365221500397,0.0,0.09364945441484451,0.0001,1e-05,53.595,3.6392,2.9607
7845,stage2,5,0.12612144649028778,0.1543675810098648,0.0,0.12612144649028778,0.0001,1e-05,53.63,3.7451,0.6673
7846,stage2,5,0.11278267949819565,0.18446919322013855,0.0,0.11278267949819565,0.0001,1e-05,53.603,4.0165,1.8269
7847,stage2,5,0.11937075108289719,0.2078372836112976,0.0,0.11937075108289719,0.0001,1e-05,53.602,5.2366,0.6671
7848,stage2,5,0.11228161305189133,0.17486874759197235,0.0,0.11228161305189133,0.0001,1e-05,53.597,3.4673,0.6678
7849,stage2,5,0.14577732980251312,0.1474558264017105,0.0,0.14577732980251312,0.0001,1e-05,53.596,2.8115,1.2431
7850,stage2,5,0.07831752300262451,0.18685175478458405,0.0,0.07831752300262451,0.0001,1e-05,53.604,2.4595,0.6691
7851,stage2,5,0.10796976089477539,0.18403072655200958,0.0,0.10796976089477539,0.0001,1e-05,53.618,2.5878,1.398
7852,stage2,5,0.15611621737480164,0.14964425563812256,0.0,0.15611621737480164,0.0001,1e-05,53.616,3.9895,2.7081
7853,stage2,5,0.13715985417366028,0.1775001436471939,0.0,0.13715985417366028,0.0001,1e-05,53.613,3.6931,0.667
7854,stage2,5,0.14344456791877747,0.16458815336227417,0.0,0.14344456791877747,0.0001,1e-05,53.601,3.9564,1.4193
7855,stage2,5,0.10893689841032028,0.18116293847560883,0.0,0.10893689841032028,0.0001,1e-05,53.603,3.3377,0.6714
7856,stage2,5,0.09446655958890915,0.16937106847763062,0.0,0.09446655958890915,0.0001,1e-05,53.598,2.9934,0.6672
7857,stage2,5,0.10466834902763367,0.18588364124298096,0.0,0.10466834902763367,0.0001,1e-05,53.599,3.3445,1.4329
7858,stage2,5,0.1415848284959793,0.1754690408706665,0.0,0.1415848284959793,0.0001,1e-05,53.599,3.5413,0.6671
7859,stage2,5,0.12515251338481903,0.16502438485622406,0.0,0.12515251338481903,0.0001,1e-05,53.6,3.3005,1.7752
7860,stage2,5,0.16304175555706024,0.16861383616924286,0.0,0.16304175555706024,0.0001,1e-05,53.591,3.957,2.6444
7861,stage2,5,0.12490875273942947,0.15770086646080017,0.0,0.12490875273942947,0.0001,1e-05,53.595,3.4896,0.6677
7862,stage2,5,0.12626293301582336,0.1722038984298706,0.0,0.12626293301582336,0.0001,1e-05,53.604,3.5052,0.8069
7863,stage2,5,0.1313672959804535,0.1889747530221939,0.0,0.1313672959804535,0.0001,1e-05,53.602,3.6834,0.6685
7864,stage2,5,0.07441369444131851,0.18261384963989258,0.0,0.07441369444131851,0.0001,1e-05,53.608,2.8698,0.6685
7865,stage2,5,0.11300044506788254,0.17550785839557648,0.0,0.11300044506788254,0.0001,1e-05,53.608,3.3634,1.7657
7866,stage2,5,0.11532989889383316,0.18720589578151703,0.0,0.11532989889383316,0.0001,1e-05,53.609,3.4887,0.6679
7867,stage2,5,0.18602509796619415,0.15553592145442963,0.0,0.18602509796619415,0.0001,1e-05,53.612,3.5729,2.3397
7868,stage2,5,0.11280697584152222,0.1790764182806015,0.0,0.11280697584152222,0.0001,1e-05,53.601,3.4152,2.3536
7869,stage2,5,0.12004878371953964,0.1553979218006134,0.0,0.12004878371953964,0.0001,1e-05,53.616,3.2601,0.6664
7870,stage2,5,0.13157522678375244,0.17206783592700958,0.0,0.13157522678375244,0.0001,1e-05,53.612,3.5964,0.6676
7871,stage2,5,0.13940401375293732,0.14415518939495087,0.0,0.13940401375293732,0.0001,1e-05,53.612,3.4777,0.6679
7872,stage2,5,0.15363377332687378,0.15613926947116852,0.0,0.15363377332687378,0.0001,1e-05,53.606,3.8621,0.6683
7873,stage2,5,0.10607555508613586,0.16784454882144928,0.0,0.10607555508613586,0.0001,1e-05,53.6,3.6725,1.7809
7874,stage2,5,0.11398541182279587,0.15806855261325836,0.0,0.11398541182279587,0.0001,1e-05,53.61,4.0466,0.6682
7875,stage2,5,0.13786233961582184,0.15326499938964844,0.0,0.13786233961582184,0.0001,1e-05,53.606,3.0938,2.6686
7876,stage2,5,0.14190904796123505,0.16874617338180542,0.0,0.14190904796123505,0.0001,1e-05,53.615,3.8061,1.7264
7877,stage2,5,0.1017235592007637,0.15964479744434357,0.0,0.1017235592007637,0.0001,1e-05,53.606,3.6427,0.6668
7878,stage2,5,0.12518611550331116,0.15798375010490417,0.0,0.12518611550331116,0.0001,1e-05,53.617,3.8174,0.6676
7879,stage2,5,0.14017236232757568,0.17711609601974487,0.0,0.14017236232757568,0.0001,1e-05,53.606,4.1729,0.6695
7880,stage2,5,0.15335290133953094,0.17838506400585175,0.0,0.15335290133953094,0.0001,1e-05,53.605,4.4356,0.6687
7881,stage2,5,0.13553717732429504,0.15775805711746216,0.0,0.13553717732429504,0.0001,1e-05,53.603,3.5893,1.7527
7882,stage2,5,0.14024193584918976,0.14235372841358185,0.0,0.14024193584918976,0.0001,1e-05,53.608,3.0485,0.6717
7883,stage2,5,0.12832282483577728,0.1508210450410843,0.0,0.12832282483577728,0.0001,1e-05,53.608,3.885,3.4365
7884,stage2,5,0.15646710991859436,0.1575898379087448,0.0,0.15646710991859436,0.0001,1e-05,53.603,3.6838,1.1231
7885,stage2,5,0.12428677082061768,0.1606443226337433,0.0,0.12428677082061768,0.0001,1e-05,53.604,3.535,0.6684
7886,stage2,5,0.14609886705875397,0.15567083656787872,0.0,0.14609886705875397,0.0001,1e-05,53.607,3.926,0.6685
7887,stage2,5,0.1323021799325943,0.1544153094291687,0.0,0.1323021799325943,0.0001,1e-05,53.601,3.3601,0.6709
7888,stage2,5,0.1380416452884674,0.15694832801818848,0.0,0.1380416452884674,0.0001,1e-05,53.604,3.4153,0.6667
7889,stage2,5,0.1165606677532196,0.16013769805431366,0.0,0.1165606677532196,0.0001,1e-05,53.62,3.3784,1.6856
7890,stage2,5,0.1395748108625412,0.1403592824935913,0.0,0.1395748108625412,0.0001,1e-05,53.597,3.6183,0.6694
7891,stage2,5,0.1335923969745636,0.1464652419090271,0.0,0.1335923969745636,0.0001,1e-05,53.601,3.3687,4.1101
7892,stage2,5,0.12057796120643616,0.1688186675310135,0.0,0.12057796120643616,0.0001,1e-05,53.591,3.5354,0.6668
7893,stage2,5,0.11815234273672104,0.19184857606887817,0.0,0.11815234273672104,0.0001,1e-05,53.59,3.8743,0.6674
7894,stage2,5,0.09937179088592529,0.17013154923915863,0.0,0.09937179088592529,0.0001,1e-05,53.606,3.4635,0.6748
7895,stage2,5,0.11295676976442337,0.1747683584690094,0.0,0.11295676976442337,0.0001,1e-05,53.595,3.5368,0.662
7896,stage2,5,0.15308760106563568,0.14991354942321777,0.0,0.15308760106563568,0.0001,1e-05,53.613,2.93,0.6688
7897,stage2,5,0.13823240995407104,0.1859590858221054,0.0,0.13823240995407104,0.0001,1e-05,53.59,3.8487,1.2731
7898,stage2,5,0.1062479317188263,0.16630417108535767,0.0,0.1062479317188263,0.0001,1e-05,53.588,3.2045,0.6732
7899,stage2,5,0.1171891987323761,0.16078592836856842,0.0,0.1171891987323761,0.0001,1e-05,53.596,3.2973,4.5859
7900,stage2,5,0.10239798575639725,0.14990033209323883,0.0,0.10239798575639725,0.0001,1e-05,53.608,2.9419,0.6671
7901,stage2,5,0.1737319380044937,0.14623196423053741,0.0,0.1737319380044937,0.0001,1e-05,53.606,3.7242,0.6682
7902,stage2,5,0.11284885555505753,0.17621250450611115,0.0,0.11284885555505753,0.0001,1e-05,53.611,3.1637,0.6681
7903,stage2,5,0.12303437292575836,0.1708514541387558,0.0,0.12303437292575836,0.0001,1e-05,53.595,3.557,0.6684
7904,stage2,5,0.1262369453907013,0.1655762940645218,0.0,0.1262369453907013,0.0001,1e-05,53.593,4.5197,0.6693
7905,stage2,5,0.10357744991779327,0.19110481441020966,0.0,0.10357744991779327,0.0001,1e-05,53.6,3.2372,1.1467
7906,stage2,5,0.14571283757686615,0.1553187221288681,0.0,0.14571283757686615,0.0001,1e-05,53.6,3.3079,0.6696
7907,stage2,5,0.10250025242567062,0.19441768527030945,0.0,0.10250025242567062,0.0001,1e-05,53.6,3.5924,5.4366
7908,stage2,5,0.12073145061731339,0.1638842076063156,0.0,0.12073145061731339,0.0001,1e-05,53.605,3.6975,0.671
7909,stage2,5,0.10760637372732162,0.16946890950202942,0.0,0.10760637372732162,0.0001,1e-05,53.604,3.5144,0.667
7910,stage2,5,0.12094961106777191,0.15623773634433746,0.0,0.12094961106777191,0.0001,1e-05,53.602,3.8144,0.6672
7911,stage2,5,0.09675821661949158,0.17766645550727844,0.0,0.09675821661949158,0.0001,1e-05,53.601,3.8472,0.6683
7912,stage2,5,0.09785345941781998,0.16717831790447235,0.0,0.09785345941781998,0.0001,1e-05,53.587,3.3657,0.6749
7913,stage2,5,0.12050178647041321,0.19381876289844513,0.0,0.12050178647041321,0.0001,1e-05,53.598,4.0101,0.6685
7914,stage2,5,0.13767528533935547,0.1628158837556839,0.0,0.13767528533935547,0.0001,1e-05,53.586,3.9661,0.6687
7915,stage2,5,0.1253388673067093,0.15285784006118774,0.0,0.1253388673067093,0.0001,1e-05,53.596,3.552,5.2127
7916,stage2,5,0.12421626597642899,0.18047013878822327,0.0,0.12421626597642899,0.0001,1e-05,53.595,3.9449,0.6653
7917,stage2,5,0.09103484451770782,0.18981750309467316,0.0,0.09103484451770782,0.0001,1e-05,53.597,3.126,0.6658
7918,stage2,5,0.12925764918327332,0.15738365054130554,0.0,0.12925764918327332,0.0001,1e-05,53.604,3.1977,0.6669
7919,stage2,5,0.13427624106407166,0.14220355451107025,0.0,0.13427624106407166,0.0001,1e-05,53.612,3.825,0.6673
7920,stage2,5,0.13871292769908905,0.16322779655456543,0.0,0.13871292769908905,0.0001,1e-05,53.603,4.0543,0.6681
7921,stage2,5,0.11683384329080582,0.14957839250564575,0.0,0.11683384329080582,0.0001,1e-05,53.591,3.2623,0.6724
7922,stage2,5,0.12389309704303741,0.17598462104797363,0.0,0.12389309704303741,0.0001,1e-05,53.603,3.3031,0.6686
7923,stage2,5,0.1241438239812851,0.1635631024837494,0.0,0.1241438239812851,0.0001,1e-05,53.6,3.1114,5.348
7924,stage2,5,0.1088595911860466,0.15123552083969116,0.0,0.1088595911860466,0.0001,1e-05,53.611,2.678,0.6669
7925,stage2,5,0.09495732933282852,0.1673305183649063,0.0,0.09495732933282852,0.0001,1e-05,53.597,2.8185,0.6666
7926,stage2,5,0.1053936779499054,0.17746616899967194,0.0,0.1053936779499054,0.0001,1e-05,53.594,4.0474,0.6709
7927,stage2,5,0.13324026763439178,0.18041837215423584,0.0,0.13324026763439178,0.0001,1e-05,53.599,3.6212,0.6652
7928,stage2,5,0.12696582078933716,0.14555157721042633,0.0,0.12696582078933716,0.0001,1e-05,53.6,3.7999,0.6708
7929,stage2,5,0.13030016422271729,0.1593375951051712,0.0,0.13030016422271729,0.0001,1e-05,53.593,3.5684,0.6667
7930,stage2,5,0.11544511467218399,0.17340925335884094,0.0,0.11544511467218399,0.0001,1e-05,53.604,3.9759,0.6701
7931,stage2,5,0.12194428592920303,0.18569238483905792,0.0,0.12194428592920303,0.0001,1e-05,53.6,2.9284,5.4855
7932,stage2,5,0.17856493592262268,0.14571131765842438,0.0,0.17856493592262268,0.0001,1e-05,53.595,3.598,0.67
7933,stage2,5,0.10207047313451767,0.17130905389785767,0.0,0.10207047313451767,0.0001,1e-05,53.615,3.6268,0.6655
7934,stage2,5,0.13079610466957092,0.17410632967948914,0.0,0.13079610466957092,0.0001,1e-05,53.598,3.3204,0.6677
7935,stage2,5,0.12417977303266525,0.1754860132932663,0.0,0.12417977303266525,0.0001,1e-05,53.603,3.7461,0.6678
7936,stage2,5,0.09826041013002396,0.16074076294898987,0.0,0.09826041013002396,0.0001,1e-05,53.609,2.9791,0.6677
7937,stage2,5,0.11103472113609314,0.15039561688899994,0.0,0.11103472113609314,0.0001,1e-05,53.6,3.301,0.6693
7938,stage2,5,0.13188429176807404,0.16047103703022003,0.0,0.13188429176807404,0.0001,1e-05,53.598,3.5009,0.6688
7939,stage2,5,0.11935877799987793,0.16807293891906738,0.0,0.11935877799987793,0.0001,1e-05,53.608,4.695,5.807
7940,stage2,5,0.12116684764623642,0.15205462276935577,0.0,0.12116684764623642,0.0001,1e-05,53.605,3.3081,0.6661
7941,stage2,5,0.11412851512432098,0.16416141390800476,0.0,0.11412851512432098,0.0001,1e-05,53.61,3.7287,0.667
7942,stage2,5,0.11998368054628372,0.16765214502811432,0.0,0.11998368054628372,0.0001,1e-05,53.597,3.2435,0.6667
7943,stage2,5,0.1545192003250122,0.19471511244773865,0.0,0.1545192003250122,0.0001,1e-05,53.592,4.2728,0.6673
7944,stage2,5,0.13018453121185303,0.18483775854110718,0.0,0.13018453121185303,0.0001,1e-05,53.602,3.0572,0.6674
7945,stage2,5,0.12303400039672852,0.18926213681697845,0.0,0.12303400039672852,0.0001,1e-05,53.603,3.323,0.6683
7946,stage2,5,0.14884740114212036,0.18030332028865814,0.0,0.14884740114212036,0.0001,1e-05,53.596,2.8812,0.6686
7947,stage2,5,0.14286403357982635,0.15530237555503845,0.0,0.14286403357982635,0.0001,1e-05,53.602,3.3534,5.6455
7948,stage2,5,0.10720834881067276,0.18679796159267426,0.0,0.10720834881067276,0.0001,1e-05,53.609,3.4515,0.6653
7949,stage2,5,0.13707982003688812,0.16369011998176575,0.0,0.13707982003688812,0.0001,1e-05,53.599,3.7314,0.6664
7950,stage2,5,0.11589796841144562,0.17372462153434753,0.0,0.11589796841144562,0.0001,1e-05,53.598,3.1854,0.671
7951,stage2,5,0.12647147476673126,0.14891089498996735,0.0,0.12647147476673126,0.0001,1e-05,53.602,3.4033,0.6671
7952,stage2,5,0.14073915779590607,0.1593031883239746,0.0,0.14073915779590607,0.0001,1e-05,53.606,3.8246,0.6674
7953,stage2,5,0.11131161451339722,0.15025299787521362,0.0,0.11131161451339722,0.0001,1e-05,53.606,3.353,0.6681
7954,stage2,5,0.1161981001496315,0.1968197226524353,0.0,0.1161981001496315,0.0001,1e-05,53.598,3.5251,0.6675
7955,stage2,5,0.12806442379951477,0.1712682843208313,0.0,0.12806442379951477,0.0001,1e-05,53.604,2.9667,5.5761
7956,stage2,5,0.12965701520442963,0.170575350522995,0.0,0.12965701520442963,0.0001,1e-05,53.605,3.8191,0.6649
7957,stage2,5,0.09485603868961334,0.16567330062389374,0.0,0.09485603868961334,0.0001,1e-05,53.613,3.2469,0.666
7958,stage2,5,0.10970811545848846,0.16868065297603607,0.0,0.10970811545848846,0.0001,1e-05,53.604,3.2893,0.6663
7959,stage2,5,0.11592351645231247,0.15561814606189728,0.0,0.11592351645231247,0.0001,1e-05,53.602,3.4472,0.6676
7960,stage2,5,0.13091953098773956,0.16764037311077118,0.0,0.13091953098773956,0.0001,1e-05,53.59,3.5236,0.6676
7961,stage2,5,0.14492303133010864,0.17337781190872192,0.0,0.14492303133010864,0.0001,1e-05,53.604,4.2829,0.668
7962,stage2,5,0.1140865907073021,0.17117661237716675,0.0,0.1140865907073021,0.0001,1e-05,53.604,3.3218,0.6701
7963,stage2,5,0.1156422570347786,0.18693801760673523,0.0,0.1156422570347786,0.0001,1e-05,53.6,3.673,4.8945
7964,stage2,5,0.13544625043869019,0.1765628159046173,0.0,0.13544625043869019,0.0001,1e-05,53.6,4.5168,0.6654
7965,stage2,5,0.12167474627494812,0.16035285592079163,0.0,0.12167474627494812,0.0001,1e-05,53.608,3.6634,0.6661
7966,stage2,5,0.1332835853099823,0.17371879518032074,0.0,0.1332835853099823,0.0001,1e-05,53.601,2.9526,0.6669
7967,stage2,5,0.10425141453742981,0.1582581102848053,0.0,0.10425141453742981,0.0001,1e-05,53.602,3.452,0.6671
7968,stage2,5,0.11179934442043304,0.16882051527500153,0.0,0.11179934442043304,0.0001,1e-05,53.596,2.8711,0.668
7969,stage2,5,0.1387784779071808,0.18668079376220703,0.0,0.1387784779071808,0.0001,1e-05,53.615,3.5141,0.6692
7970,stage2,5,0.10422278940677643,0.16627347469329834,0.0,0.10422278940677643,0.0001,1e-05,53.601,2.9157,0.6738
7971,stage2,5,0.08361206203699112,0.17891249060630798,0.0,0.08361206203699112,0.0001,1e-05,53.599,4.2568,5.0644
7972,stage2,5,0.1331578642129898,0.14359332621097565,0.0,0.1331578642129898,0.0001,1e-05,53.6,3.1336,0.6665
7973,stage2,5,0.12334898114204407,0.14951373636722565,0.0,0.12334898114204407,0.0001,1e-05,53.608,3.1016,0.6671
7974,stage2,5,0.0925823524594307,0.1981186717748642,0.0,0.0925823524594307,0.0001,1e-05,53.601,2.8227,0.6682
7975,stage2,5,0.13542380928993225,0.16593454778194427,0.0,0.13542380928993225,0.0001,1e-05,53.602,3.4206,0.6683
7976,stage2,5,0.12142417579889297,0.19475899636745453,0.0,0.12142417579889297,0.0001,1e-05,53.6,3.7462,0.6679
7977,stage2,5,0.13343654572963715,0.14471159875392914,0.0,0.13343654572963715,0.0001,1e-05,53.607,3.2477,0.6687
7978,stage2,5,0.12807948887348175,0.17108000814914703,0.0,0.12807948887348175,0.0001,1e-05,53.596,3.1242,0.6691
7979,stage2,5,0.08791125565767288,0.16188521683216095,0.0,0.08791125565767288,0.0001,1e-05,53.615,2.8156,5.3421
7980,stage2,5,0.1291961371898651,0.15755324065685272,0.0,0.1291961371898651,0.0001,1e-05,53.603,3.7818,0.6666
7981,stage2,5,0.09993842244148254,0.1972646564245224,0.0,0.09993842244148254,0.0001,1e-05,53.606,3.3099,0.6672
7982,stage2,5,0.10384508222341537,0.1511772722005844,0.0,0.10384508222341537,0.0001,1e-05,53.607,2.9973,0.6675
7983,stage2,5,0.12883661687374115,0.13937848806381226,0.0,0.12883661687374115,0.0001,1e-05,53.618,3.1387,0.6684
7984,stage2,5,0.1628856211900711,0.15662948787212372,0.0,0.1628856211900711,0.0001,1e-05,53.603,2.9055,0.6683
7985,stage2,5,0.10449836403131485,0.16605675220489502,0.0,0.10449836403131485,0.0001,1e-05,53.604,2.9197,0.6694
7986,stage2,5,0.10063545405864716,0.16926373541355133,0.0,0.10063545405864716,0.0001,1e-05,53.595,2.6332,0.6693
7987,stage2,5,0.12749843299388885,0.16313934326171875,0.0,0.12749843299388885,0.0001,1e-05,53.602,3.4401,4.7394
7988,stage2,5,0.11125361174345016,0.17794601619243622,0.0,0.11125361174345016,0.0001,1e-05,53.602,3.8756,0.6672
7989,stage2,5,0.11572591215372086,0.17938993871212006,0.0,0.11572591215372086,0.0001,1e-05,53.597,3.4692,0.6673
7990,stage2,5,0.15090492367744446,0.1562127023935318,0.0,0.15090492367744446,0.0001,1e-05,53.605,3.3386,0.6673
7991,stage2,5,0.131658673286438,0.17320126295089722,0.0,0.131658673286438,0.0001,1e-05,53.602,3.6068,0.6687
7992,stage2,5,0.1258462369441986,0.18066982924938202,0.0,0.1258462369441986,0.0001,1e-05,53.6,3.5028,0.668
7993,stage2,5,0.1533532738685608,0.15600575506687164,0.0,0.1533532738685608,0.0001,1e-05,53.6,3.2942,0.6689
7994,stage2,5,0.09399889409542084,0.17054173350334167,0.0,0.09399889409542084,0.0001,1e-05,53.599,3.962,0.6748
7995,stage2,5,0.11781083047389984,0.14728982746601105,0.0,0.11781083047389984,0.0001,1e-05,53.598,2.7171,4.5733
7996,stage2,5,0.1276213675737381,0.16589432954788208,0.0,0.1276213675737381,0.0001,1e-05,53.598,3.6875,0.6673
7997,stage2,5,0.10363154858350754,0.16694626212120056,0.0,0.10363154858350754,0.0001,1e-05,53.589,3.3509,0.6677
7998,stage2,5,0.11213361471891403,0.15336650609970093,0.0,0.11213361471891403,0.0001,1e-05,53.605,3.0282,0.6681
7999,stage2,5,0.11452409625053406,0.16536420583724976,0.0,0.11452409625053406,0.0001,1e-05,53.601,3.3579,0.6681
8000,stage2,5,0.15253226459026337,0.14795200526714325,0.0,0.15253226459026337,0.0001,1e-05,53.59,3.5002,0.669
8001,stage2,5,0.10524951666593552,0.14099887013435364,0.0,0.10524951666593552,0.0001,1e-05,53.593,3.26,0.6689
8002,stage2,5,0.1135459840297699,0.13889820873737335,0.0,0.1135459840297699,0.0001,1e-05,53.598,2.8518,0.6698
8003,stage2,5,0.09805044531822205,0.19560790061950684,0.0,0.09805044531822205,0.0001,1e-05,53.61,2.7847,4.9831
8004,stage2,5,0.10259613394737244,0.159171000123024,0.0,0.10259613394737244,0.0001,1e-05,53.596,3.2812,0.6668
8005,stage2,5,0.14254669845104218,0.15436331927776337,0.0,0.14254669845104218,0.0001,1e-05,53.605,3.5804,0.6671
8006,stage2,5,0.12517040967941284,0.15481078624725342,0.0,0.12517040967941284,0.0001,1e-05,53.602,3.6705,0.6676
8007,stage2,5,0.12137395888566971,0.17195452749729156,0.0,0.12137395888566971,0.0001,1e-05,53.6,3.1504,0.6676
8008,stage2,5,0.08979859948158264,0.1781182885169983,0.0,0.08979859948158264,0.0001,1e-05,53.598,3.0172,0.6691
8009,stage2,5,0.11127349734306335,0.146946519613266,0.0,0.11127349734306335,0.0001,1e-05,53.595,3.7978,0.6679
8010,stage2,5,0.1013118103146553,0.1800045669078827,0.0,0.1013118103146553,0.0001,1e-05,53.617,3.041,0.6693
8011,stage2,5,0.10180827975273132,0.18458281457424164,0.0,0.10180827975273132,0.0001,1e-05,53.608,3.6054,4.8227
8012,stage2,5,0.10843941569328308,0.16435135900974274,0.0,0.10843941569328308,0.0001,1e-05,53.615,4.436,0.6669
8013,stage2,5,0.12206926196813583,0.16268306970596313,0.0,0.12206926196813583,0.0001,1e-05,53.604,2.8637,0.6686
8014,stage2,5,0.11494385451078415,0.1443081498146057,0.0,0.11494385451078415,0.0001,1e-05,53.597,3.1951,0.6682
8015,stage2,5,0.11207140237092972,0.17575231194496155,0.0,0.11207140237092972,0.0001,1e-05,53.604,3.3692,0.6694
8016,stage2,5,0.11185963451862335,0.15320730209350586,0.0,0.11185963451862335,0.0001,1e-05,53.595,4.6504,0.6745
8017,stage2,5,0.10814481973648071,0.15422473847866058,0.0,0.10814481973648071,0.0001,1e-05,53.604,4.1802,0.6697
8018,stage2,5,0.10721486061811447,0.15353283286094666,0.0,0.10721486061811447,0.0001,1e-05,53.612,3.0274,0.6691
8019,stage2,5,0.09537383913993835,0.18033549189567566,0.0,0.09537383913993835,0.0001,1e-05,53.602,3.9477,4.8092
8020,stage2,5,0.12022052705287933,0.15983955562114716,0.0,0.12022052705287933,0.0001,1e-05,53.61,3.7488,0.6675
8021,stage2,5,0.136238694190979,0.14795124530792236,0.0,0.136238694190979,0.0001,1e-05,53.61,3.5157,0.668
8022,stage2,5,0.11479367315769196,0.16754886507987976,0.0,0.11479367315769196,0.0001,1e-05,53.605,3.2534,0.6679
8023,stage2,5,0.14765337109565735,0.16084925830364227,0.0,0.14765337109565735,0.0001,1e-05,53.59,3.5254,0.668
8024,stage2,5,0.11715478450059891,0.16385985910892487,0.0,0.11715478450059891,0.0001,1e-05,53.599,3.2467,0.6687
8025,stage2,5,0.11572384834289551,0.18167009949684143,0.0,0.11572384834289551,0.0001,1e-05,53.606,2.9802,0.6694
8026,stage2,5,0.10972384363412857,0.19285307824611664,0.0,0.10972384363412857,0.0001,1e-05,53.606,3.4064,0.6693
8027,stage2,5,0.12443952262401581,0.1618586778640747,0.0,0.12443952262401581,0.0001,1e-05,53.602,3.8897,4.99
8028,stage2,5,0.13511887192726135,0.1606742888689041,0.0,0.13511887192726135,0.0001,1e-05,53.596,4.5076,0.6667
8029,stage2,5,0.17696599662303925,0.17801645398139954,0.0,0.17696599662303925,0.0001,1e-05,53.6,3.8351,0.6674
8030,stage2,5,0.1428835391998291,0.15840110182762146,0.0,0.1428835391998291,0.0001,1e-05,53.6,3.391,0.6688
8031,stage2,5,0.14070795476436615,0.15570080280303955,0.0,0.14070795476436615,0.0001,1e-05,53.603,5.0107,0.6689
8032,stage2,5,0.09276276081800461,0.184040367603302,0.0,0.09276276081800461,0.0001,1e-05,53.595,3.8265,0.6689
8033,stage2,5,0.12221229076385498,0.166411355137825,0.0,0.12221229076385498,0.0001,1e-05,53.614,3.6094,0.6696
8034,stage2,5,0.16294127702713013,0.16581106185913086,0.0,0.16294127702713013,0.0001,1e-05,53.6,3.5565,0.6698
8035,stage2,5,0.10110130161046982,0.15526078641414642,0.0,0.10110130161046982,0.0001,1e-05,53.605,2.7832,4.8611
8036,stage2,5,0.12173830717802048,0.15498660504817963,0.0,0.12173830717802048,0.0001,1e-05,53.597,3.3471,0.6671
8037,stage2,5,0.12488348037004471,0.165361225605011,0.0,0.12488348037004471,0.0001,1e-05,53.608,3.7068,0.6773
8038,stage2,5,0.1308610588312149,0.15518832206726074,0.0,0.1308610588312149,0.0001,1e-05,53.604,3.1298,0.6621
8039,stage2,5,0.11455006897449493,0.1607763022184372,0.0,0.11455006897449493,0.0001,1e-05,53.598,2.8652,0.6687
8040,stage2,5,0.12900887429714203,0.17007389664649963,0.0,0.12900887429714203,0.0001,1e-05,53.592,3.5964,0.6701
8041,stage2,5,0.10234317928552628,0.1766451895236969,0.0,0.10234317928552628,0.0001,1e-05,53.61,3.3198,0.6706
8042,stage2,5,0.12326110899448395,0.15762506425380707,0.0,0.12326110899448395,0.0001,1e-05,53.601,3.4422,0.6703
8043,stage2,5,0.11807604134082794,0.16651681065559387,0.0,0.11807604134082794,0.0001,1e-05,53.608,2.8675,5.454
8044,stage2,5,0.09341580420732498,0.21049420535564423,0.0,0.09341580420732498,0.0001,1e-05,53.605,3.4726,0.6678
8045,stage2,5,0.13121327757835388,0.1649322211742401,0.0,0.13121327757835388,0.0001,1e-05,53.597,3.1345,0.6669
8046,stage2,5,0.12447068095207214,0.16808359324932098,0.0,0.12447068095207214,0.0001,1e-05,53.589,2.7231,0.6674
8047,stage2,5,0.09316285699605942,0.18008887767791748,0.0,0.09316285699605942,0.0001,1e-05,53.594,2.9711,0.667
8048,stage2,5,0.11895506083965302,0.15925367176532745,0.0,0.11895506083965302,0.0001,1e-05,53.602,2.875,0.6681
8049,stage2,5,0.11514611542224884,0.17512375116348267,0.0,0.11514611542224884,0.0001,1e-05,53.596,3.0401,0.6683
8050,stage2,5,0.11461303383111954,0.16299407184123993,0.0,0.11461303383111954,0.0001,1e-05,53.616,3.6431,0.6691
8051,stage2,5,0.1087900847196579,0.15143685042858124,0.0,0.1087900847196579,0.0001,1e-05,53.605,2.9191,5.024
8052,stage2,5,0.09600111842155457,0.15971986949443817,0.0,0.09600111842155457,0.0001,1e-05,53.602,2.4953,0.6664
8053,stage2,5,0.11152422428131104,0.1525202840566635,0.0,0.11152422428131104,0.0001,1e-05,53.614,2.686,0.6668
8054,stage2,5,0.13704770803451538,0.15495514869689941,0.0,0.13704770803451538,0.0001,1e-05,53.609,3.108,0.6673
8055,stage2,5,0.1060228943824768,0.18440917134284973,0.0,0.1060228943824768,0.0001,1e-05,53.601,2.9115,0.6679
8056,stage2,5,0.1404193639755249,0.17329929769039154,0.0,0.1404193639755249,0.0001,1e-05,53.606,3.9686,0.6686
8057,stage2,5,0.11360827833414078,0.18437467515468597,0.0,0.11360827833414078,0.0001,1e-05,53.615,2.7993,0.669
8058,stage2,5,0.19463826715946198,0.1504509001970291,0.0,0.19463826715946198,0.0001,1e-05,53.608,3.8895,0.6698
8059,stage2,5,0.09900124371051788,0.15229491889476776,0.0,0.09900124371051788,0.0001,1e-05,53.599,2.7965,4.8514
8060,stage2,5,0.12020538002252579,0.15892557799816132,0.0,0.12020538002252579,0.0001,1e-05,53.611,4.1079,0.668
8061,stage2,5,0.10559850931167603,0.15352082252502441,0.0,0.10559850931167603,0.0001,1e-05,53.604,2.5903,0.6684
8062,stage2,5,0.09778674691915512,0.1709008365869522,0.0,0.09778674691915512,0.0001,1e-05,53.612,3.1216,0.6681
8063,stage2,5,0.1205122321844101,0.1714971661567688,0.0,0.1205122321844101,0.0001,1e-05,53.596,3.0204,0.6685
8064,stage2,5,0.12844140827655792,0.15810397267341614,0.0,0.12844140827655792,0.0001,1e-05,53.604,3.2514,0.6697
8065,stage2,5,0.11686841398477554,0.15900841355323792,0.0,0.11686841398477554,0.0001,1e-05,53.609,3.3059,0.67
8066,stage2,5,0.1296798586845398,0.16132782399654388,0.0,0.1296798586845398,0.0001,1e-05,53.603,2.8605,0.6723
8067,stage2,5,0.12512345612049103,0.1681576520204544,0.0,0.12512345612049103,0.0001,1e-05,53.596,3.7822,4.6441
8068,stage2,5,0.12560050189495087,0.16863924264907837,0.0,0.12560050189495087,0.0001,1e-05,53.597,3.7451,0.6673
8069,stage2,5,0.1469561755657196,0.15274064242839813,0.0,0.1469561755657196,0.0001,1e-05,53.598,2.4539,0.6684
8070,stage2,5,0.11649354547262192,0.18041516840457916,0.0,0.11649354547262192,0.0001,1e-05,53.599,2.5721,0.6684
8071,stage2,5,0.14369773864746094,0.14492495357990265,0.0,0.14369773864746094,0.0001,1e-05,53.602,2.6915,0.6687
8072,stage2,5,0.10774467140436172,0.19094930589199066,0.0,0.10774467140436172,0.0001,1e-05,53.607,3.1488,0.6694
8073,stage2,5,0.1340685486793518,0.19024915993213654,0.0,0.1340685486793518,0.0001,1e-05,53.601,3.9293,0.669
8074,stage2,5,0.13073979318141937,0.18363994359970093,0.0,0.13073979318141937,0.0001,1e-05,53.605,3.8229,0.6706
8075,stage2,5,0.1373196393251419,0.18052881956100464,0.0,0.1373196393251419,0.0001,1e-05,53.596,3.4498,4.8579
8076,stage2,5,0.09592047333717346,0.16323785483837128,0.0,0.09592047333717346,0.0001,1e-05,53.592,2.515,0.6705
8077,stage2,5,0.11995615810155869,0.15342558920383453,0.0,0.11995615810155869,0.0001,1e-05,53.604,3.2228,0.6691
8078,stage2,5,0.15573661029338837,0.16497217118740082,0.0,0.15573661029338837,0.0001,1e-05,53.609,4.2025,0.6684
8079,stage2,5,0.09371604770421982,0.18491853773593903,0.0,0.09371604770421982,0.0001,1e-05,53.614,3.3454,0.6703
8080,stage2,5,0.09833794087171555,0.17486883699893951,0.0,0.09833794087171555,0.0001,1e-05,53.599,3.5984,0.6693
8081,stage2,5,0.11296985298395157,0.18215373158454895,0.0,0.11296985298395157,0.0001,1e-05,53.602,3.4639,0.6704
8082,stage2,5,0.13241377472877502,0.1749681979417801,0.0,0.13241377472877502,0.0001,1e-05,53.603,3.7698,0.675
8083,stage2,5,0.14290286600589752,0.16776174306869507,0.0,0.14290286600589752,0.0001,1e-05,53.607,2.9834,5.0961
8084,stage2,5,0.11120903491973877,0.18647867441177368,0.0,0.11120903491973877,0.0001,1e-05,53.6,3.9072,0.6675
8085,stage2,5,0.11347384005784988,0.15476326644420624,0.0,0.11347384005784988,0.0001,1e-05,53.598,2.9559,0.6677
8086,stage2,5,0.11747071892023087,0.19345487654209137,0.0,0.11747071892023087,0.0001,1e-05,53.603,3.3156,0.6686
8087,stage2,5,0.15390412509441376,0.1486472338438034,0.0,0.15390412509441376,0.0001,1e-05,53.604,3.3497,0.6707
8088,stage2,5,0.11889835447072983,0.1726275086402893,0.0,0.11889835447072983,0.0001,1e-05,53.599,3.5806,0.6719
8089,stage2,5,0.10232283174991608,0.17951573431491852,0.0,0.10232283174991608,0.0001,1e-05,53.597,2.9852,0.6679
8090,stage2,5,0.11854631453752518,0.17301364243030548,0.0,0.11854631453752518,0.0001,1e-05,53.597,3.6513,0.6704
8091,stage2,5,0.13903656601905823,0.14872683584690094,0.0,0.13903656601905823,0.0001,1e-05,53.602,3.5514,4.6987
8092,stage2,5,0.13941115140914917,0.15759491920471191,0.0,0.13941115140914917,0.0001,1e-05,53.596,3.9828,0.6675
8093,stage2,5,0.11036241799592972,0.1896033138036728,0.0,0.11036241799592972,0.0001,1e-05,53.59,4.1507,0.668
8094,stage2,5,0.1021178588271141,0.16542546451091766,0.0,0.1021178588271141,0.0001,1e-05,53.596,3.3194,0.6684
8095,stage2,5,0.1295660138130188,0.15546177327632904,0.0,0.1295660138130188,0.0001,1e-05,53.601,2.9588,0.6725
8096,stage2,5,0.13378170132637024,0.16281911730766296,0.0,0.13378170132637024,0.0001,1e-05,53.598,3.2827,0.6684
8097,stage2,5,0.1411249339580536,0.18241430819034576,0.0,0.1411249339580536,0.0001,1e-05,53.601,4.2253,0.6708
8098,stage2,5,0.1625877469778061,0.18161185085773468,0.0,0.1625877469778061,0.0001,1e-05,53.605,3.6575,0.6699
8099,stage2,5,0.08799872547388077,0.16363586485385895,0.0,0.08799872547388077,0.0001,1e-05,53.607,2.9999,4.6462
8100,stage2,5,0.1005825400352478,0.17726393043994904,0.0,0.1005825400352478,0.0001,1e-05,53.611,2.6962,0.6681
8101,stage2,5,0.1075751855969429,0.15982118248939514,0.0,0.1075751855969429,0.0001,1e-05,53.598,2.4631,0.6684
8102,stage2,5,0.1191042810678482,0.14720875024795532,0.0,0.1191042810678482,0.0001,1e-05,53.595,3.6171,0.8415
8103,stage2,5,0.11011673510074615,0.2043890655040741,0.0,0.11011673510074615,0.0001,1e-05,53.604,3.5339,0.6689
8104,stage2,5,0.12000036239624023,0.16317972540855408,0.0,0.12000036239624023,0.0001,1e-05,53.611,3.7371,0.6704
8105,stage2,5,0.11804118752479553,0.19238807260990143,0.0,0.11804118752479553,0.0001,1e-05,53.602,3.5653,0.6715
8106,stage2,5,0.11430718004703522,0.1615496724843979,0.0,0.11430718004703522,0.0001,1e-05,53.588,3.6317,0.6708
8107,stage2,5,0.1236616000533104,0.17272889614105225,0.0,0.1236616000533104,0.0001,1e-05,53.607,2.8991,4.6866
8108,stage2,5,0.14161725342273712,0.17069554328918457,0.0,0.14161725342273712,0.0001,1e-05,53.601,3.528,0.6678
8109,stage2,5,0.09638713300228119,0.17098812758922577,0.0,0.09638713300228119,0.0001,1e-05,53.61,3.3789,0.6687
8110,stage2,5,0.11139003932476044,0.1489240974187851,0.0,0.11139003932476044,0.0001,1e-05,53.6,3.2591,1.2482
8111,stage2,5,0.10496830195188522,0.17704293131828308,0.0,0.10496830195188522,0.0001,1e-05,53.609,2.5677,0.6679
8112,stage2,5,0.10401652008295059,0.1654161661863327,0.0,0.10401652008295059,0.0001,1e-05,53.599,3.0422,0.6696
8113,stage2,5,0.09535983949899673,0.18518459796905518,0.0,0.09535983949899673,0.0001,1e-05,53.602,3.5678,0.6696
8114,stage2,5,0.09247834235429764,0.16845786571502686,0.0,0.09247834235429764,0.0001,1e-05,53.594,3.4141,0.67
8115,stage2,5,0.14365969598293304,0.16035041213035583,0.0,0.14365969598293304,0.0001,1e-05,53.608,2.9584,4.8961
8116,stage2,5,0.1402757614850998,0.1698923110961914,0.0,0.1402757614850998,0.0001,1e-05,53.607,3.61,0.6679
8117,stage2,5,0.11058778315782547,0.16639798879623413,0.0,0.11058778315782547,0.0001,1e-05,53.6,3.711,0.6673
8118,stage2,5,0.11102043092250824,0.18254394829273224,0.0,0.11102043092250824,0.0001,1e-05,53.61,3.3292,0.7536
8119,stage2,5,0.11557271331548691,0.17213501036167145,0.0,0.11557271331548691,0.0001,1e-05,53.597,4.0118,0.6678
8120,stage2,5,0.10239340364933014,0.1569095104932785,0.0,0.10239340364933014,0.0001,1e-05,53.601,2.735,0.6687
8121,stage2,5,0.11190736293792725,0.1788073182106018,0.0,0.11190736293792725,0.0001,1e-05,53.604,3.0123,0.6694
8122,stage2,5,0.10286194086074829,0.16255509853363037,0.0,0.10286194086074829,0.0001,1e-05,53.596,2.9113,0.6693
8123,stage2,5,0.08786934614181519,0.1886996328830719,0.0,0.08786934614181519,0.0001,1e-05,53.591,2.7762,4.8638
8124,stage2,5,0.14284078776836395,0.14907212555408478,0.0,0.14284078776836395,0.0001,1e-05,53.604,3.2592,0.6675
8125,stage2,5,0.13153770565986633,0.16415497660636902,0.0,0.13153770565986633,0.0001,1e-05,53.605,3.9171,0.6684
8126,stage2,5,0.12554028630256653,0.1684083193540573,0.0,0.12554028630256653,0.0001,1e-05,53.609,3.5894,0.9778
8127,stage2,5,0.13010752201080322,0.16567419469356537,0.0,0.13010752201080322,0.0001,1e-05,53.61,3.9572,0.6694
8128,stage2,5,0.12237842381000519,0.19339488446712494,0.0,0.12237842381000519,0.0001,1e-05,53.601,3.0554,0.6698
8129,stage2,5,0.13425999879837036,0.15976643562316895,0.0,0.13425999879837036,0.0001,1e-05,53.606,3.4181,0.6699
8130,stage2,5,0.13893739879131317,0.17305977642536163,0.0,0.13893739879131317,0.0001,1e-05,53.599,3.0864,0.6698
8131,stage2,5,0.12305005639791489,0.19311344623565674,0.0,0.12305005639791489,0.0001,1e-05,53.61,3.0084,4.9004
8132,stage2,5,0.11558926105499268,0.1758425086736679,0.0,0.11558926105499268,0.0001,1e-05,53.606,3.171,0.6679
8133,stage2,5,0.11069710552692413,0.14439170062541962,0.0,0.11069710552692413,0.0001,1e-05,53.596,3.1425,0.6676
8134,stage2,5,0.10207619518041611,0.1743004471063614,0.0,0.10207619518041611,0.0001,1e-05,53.593,2.759,0.9435
8135,stage2,5,0.1198638379573822,0.16951529681682587,0.0,0.1198638379573822,0.0001,1e-05,53.594,3.8985,0.6687
8136,stage2,5,0.12410993129014969,0.20634126663208008,0.0,0.12410993129014969,0.0001,1e-05,53.603,3.4817,0.6692
8137,stage2,5,0.12157276272773743,0.18326997756958008,0.0,0.12157276272773743,0.0001,1e-05,53.599,3.4717,0.6697
8138,stage2,5,0.11102230846881866,0.15344329178333282,0.0,0.11102230846881866,0.0001,1e-05,53.601,3.3558,0.669
8139,stage2,5,0.12567664682865143,0.1966865211725235,0.0,0.12567664682865143,0.0001,1e-05,53.598,4.2724,5.0601
8140,stage2,5,0.10051371157169342,0.15030719339847565,0.0,0.10051371157169342,0.0001,1e-05,53.598,3.2393,0.6673
8141,stage2,5,0.13435660302639008,0.15636636316776276,0.0,0.13435660302639008,0.0001,1e-05,53.603,2.9616,0.6684
8142,stage2,5,0.1291242390871048,0.16333754360675812,0.0,0.1291242390871048,0.0001,1e-05,53.603,3.3402,0.6683
8143,stage2,5,0.13278008997440338,0.15960268676280975,0.0,0.13278008997440338,0.0001,1e-05,53.606,3.4163,0.6686
8144,stage2,5,0.1100539118051529,0.16055259108543396,0.0,0.1100539118051529,0.0001,1e-05,53.602,3.2511,0.6691
8145,stage2,5,0.12557198107242584,0.15689077973365784,0.0,0.12557198107242584,0.0001,1e-05,53.607,4.4054,0.6696
8146,stage2,5,0.1173417717218399,0.16098374128341675,0.0,0.1173417717218399,0.0001,1e-05,53.612,2.5869,0.6697
8147,stage2,5,0.0912594199180603,0.18168000876903534,0.0,0.0912594199180603,0.0001,1e-05,53.604,3.0822,5.3528
8148,stage2,5,0.13469566404819489,0.17382553219795227,0.0,0.13469566404819489,0.0001,1e-05,53.607,4.3584,0.6676
8149,stage2,5,0.10603539645671844,0.160087451338768,0.0,0.10603539645671844,0.0001,1e-05,53.608,3.8973,0.6684
8150,stage2,5,0.141198992729187,0.15741270780563354,0.0,0.141198992729187,0.0001,1e-05,53.602,3.2799,0.6684
8151,stage2,5,0.1535535305738449,0.17579856514930725,0.0,0.1535535305738449,0.0001,1e-05,53.594,4.3292,0.6691
8152,stage2,5,0.1265343874692917,0.14546549320220947,0.0,0.1265343874692917,0.0001,1e-05,53.607,3.6752,0.6695
8153,stage2,5,0.11218347400426865,0.1693590134382248,0.0,0.11218347400426865,0.0001,1e-05,53.607,3.0589,0.6701
8154,stage2,5,0.14015798270702362,0.1693543940782547,0.0,0.14015798270702362,0.0001,1e-05,53.604,4.5427,0.6697
8155,stage2,5,0.13567647337913513,0.15809373557567596,0.0,0.13567647337913513,0.0001,1e-05,53.617,3.7459,4.98
8156,stage2,5,0.12911280989646912,0.1936020851135254,0.0,0.12911280989646912,0.0001,1e-05,53.6,3.8976,0.6673
8157,stage2,5,0.11116380244493484,0.1679188758134842,0.0,0.11116380244493484,0.0001,1e-05,53.605,3.3099,0.6681
8158,stage2,5,0.10892752557992935,0.17565158009529114,0.0,0.10892752557992935,0.0001,1e-05,53.606,3.1963,0.6688
8159,stage2,5,0.13223358988761902,0.15513628721237183,0.0,0.13223358988761902,0.0001,1e-05,53.619,3.8188,0.6693
8160,stage2,5,0.12666580080986023,0.15991662442684174,0.0,0.12666580080986023,0.0001,1e-05,53.604,3.2456,0.6697
8161,stage2,5,0.10701809823513031,0.1707225739955902,0.0,0.10701809823513031,0.0001,1e-05,53.604,3.6378,0.67
8162,stage2,5,0.11395056545734406,0.1699649840593338,0.0,0.11395056545734406,0.0001,1e-05,53.598,5.3255,0.6707
8163,stage2,5,0.1435946524143219,0.1491113007068634,0.0,0.1435946524143219,0.0001,1e-05,53.593,3.4511,4.5735
8164,stage2,5,0.12793691456317902,0.1465248465538025,0.0,0.12793691456317902,0.0001,1e-05,53.599,3.2493,0.6684
8165,stage2,5,0.0927397608757019,0.1789558082818985,0.0,0.0927397608757019,0.0001,1e-05,53.6,3.0693,0.675
8166,stage2,5,0.11234190315008163,0.15748217701911926,0.0,0.11234190315008163,0.0001,1e-05,53.599,3.84,0.6684
8167,stage2,5,0.1506122350692749,0.1431102305650711,0.0,0.1506122350692749,0.0001,1e-05,53.608,3.4527,0.6693
8168,stage2,5,0.1234806627035141,0.16148214042186737,0.0,0.1234806627035141,0.0001,1e-05,53.608,3.3193,0.67
8169,stage2,5,0.13538509607315063,0.16913174092769623,0.0,0.13538509607315063,0.0001,1e-05,53.603,2.9131,0.6697
8170,stage2,5,0.09609785676002502,0.18213079869747162,0.0,0.09609785676002502,0.0001,1e-05,53.607,2.9553,0.6706
8171,stage2,5,0.12244432419538498,0.18851344287395477,0.0,0.12244432419538498,0.0001,1e-05,53.6,5.3944,4.818
8172,stage2,5,0.1231733039021492,0.171617329120636,0.0,0.1231733039021492,0.0001,1e-05,53.597,3.8882,0.6706
8173,stage2,5,0.1323540061712265,0.1475536972284317,0.0,0.1323540061712265,0.0001,1e-05,53.613,2.9955,0.6665
8174,stage2,5,0.1178116500377655,0.16735398769378662,0.0,0.1178116500377655,0.0001,1e-05,53.622,4.5765,0.6698
8175,stage2,5,0.15029442310333252,0.2087264209985733,0.0,0.15029442310333252,0.0001,1e-05,53.598,5.9274,0.67
8176,stage2,5,0.12789560854434967,0.13717785477638245,0.0,0.12789560854434967,0.0001,1e-05,53.602,3.9411,0.6704
8177,stage2,5,0.14499029517173767,0.1418127864599228,0.0,0.14499029517173767,0.0001,1e-05,53.618,2.7536,0.6757
8178,stage2,5,0.14705872535705566,0.15733444690704346,0.0,0.14705872535705566,0.0001,1e-05,53.592,4.9972,0.6704
8179,stage2,5,0.13403595983982086,0.15141570568084717,0.0,0.13403595983982086,0.0001,1e-05,53.607,2.8423,5.0873
8180,stage2,5,0.11176266521215439,0.17568901181221008,0.0,0.11176266521215439,0.0001,1e-05,53.611,3.6115,0.6679
8181,stage2,5,0.131831094622612,0.1703173965215683,0.0,0.131831094622612,0.0001,1e-05,53.611,3.1647,0.6681
8182,stage2,5,0.12488618493080139,0.1709613800048828,0.0,0.12488618493080139,0.0001,1e-05,53.607,3.9151,0.6687
8183,stage2,5,0.13744783401489258,0.18232539296150208,0.0,0.13744783401489258,0.0001,1e-05,53.596,4.075,0.674
8184,stage2,5,0.14741840958595276,0.1829814463853836,0.0,0.14741840958595276,0.0001,1e-05,53.603,4.5715,0.6697
8185,stage2,5,0.11493907123804092,0.19351789355278015,0.0,0.11493907123804092,0.0001,1e-05,53.605,2.6995,0.6714
8186,stage2,5,0.11698690056800842,0.1887182593345642,0.0,0.11698690056800842,0.0001,1e-05,53.608,6.8362,0.6745
8187,stage2,5,0.11926694959402084,0.19488275051116943,0.0,0.11926694959402084,0.0001,1e-05,53.617,4.0595,4.5327
8188,stage2,5,0.11799843609333038,0.16284850239753723,0.0,0.11799843609333038,0.0001,1e-05,53.603,3.5054,0.668
8189,stage2,5,0.12709954380989075,0.1599065214395523,0.0,0.12709954380989075,0.0001,1e-05,53.609,4.0804,0.669
8190,stage2,5,0.09136869758367538,0.19781452417373657,0.0,0.09136869758367538,0.0001,1e-05,53.606,3.1317,0.8235
8191,stage2,5,0.11464878171682358,0.181596040725708,0.0,0.11464878171682358,0.0001,1e-05,53.613,3.5938,0.6697
8192,stage2,5,0.12162778526544571,0.18063697218894958,0.0,0.12162778526544571,0.0001,1e-05,53.607,2.6563,0.6696
8193,stage2,5,0.12665942311286926,0.1811375766992569,0.0,0.12665942311286926,0.0001,1e-05,53.612,3.4463,0.6701
8194,stage2,5,0.10523949563503265,0.1710074245929718,0.0,0.10523949563503265,0.0001,1e-05,53.611,2.9755,0.6708
8195,stage2,5,0.11603441834449768,0.18968915939331055,0.0,0.11603441834449768,0.0001,1e-05,53.608,2.6432,4.5613
8196,stage2,5,0.1275075078010559,0.15247134864330292,0.0,0.1275075078010559,0.0001,1e-05,53.611,2.9005,0.6686
8197,stage2,5,0.120974101126194,0.17616194486618042,0.0,0.120974101126194,0.0001,1e-05,53.605,3.2572,0.6708
8198,stage2,5,0.10773719847202301,0.16196413338184357,0.0,0.10773719847202301,0.0001,1e-05,53.606,2.9502,0.6698
8199,stage2,5,0.1212306097149849,0.15522125363349915,0.0,0.1212306097149849,0.0001,1e-05,53.603,2.6536,0.6696
8200,stage2,5,0.12438920885324478,0.16762198507785797,0.0,0.12438920885324478,0.0001,1e-05,53.6,3.4288,0.671
8201,stage2,5,0.11731351912021637,0.178424671292305,0.0,0.11731351912021637,0.0001,1e-05,53.594,2.9079,0.6706
8202,stage2,5,0.1345910280942917,0.15824584662914276,0.0,0.1345910280942917,0.0001,1e-05,53.607,3.5961,0.6709
8203,stage2,5,0.10692833364009857,0.19415347278118134,0.0,0.10692833364009857,0.0001,1e-05,53.604,2.4849,4.5061
8204,stage2,5,0.13258419930934906,0.15833447873592377,0.0,0.13258419930934906,0.0001,1e-05,53.607,3.5898,0.6687
8205,stage2,5,0.12800219655036926,0.14105306565761566,0.0,0.12800219655036926,0.0001,1e-05,53.604,3.6864,0.6689
8206,stage2,5,0.13771501183509827,0.20375680923461914,0.0,0.13771501183509827,0.0001,1e-05,53.6,3.4606,0.6694
8207,stage2,5,0.14261721074581146,0.17294509708881378,0.0,0.14261721074581146,0.0001,1e-05,53.597,3.8675,0.6705
8208,stage2,5,0.14341950416564941,0.15323378145694733,0.0,0.14341950416564941,0.0001,1e-05,53.595,3.0139,0.6709
8209,stage2,5,0.13461029529571533,0.14963482320308685,0.0,0.13461029529571533,0.0001,1e-05,53.594,3.9337,0.669
8210,stage2,5,0.10528767853975296,0.16300199925899506,0.0,0.10528767853975296,0.0001,1e-05,53.597,3.2056,0.6708
8211,stage2,5,0.13627707958221436,0.14935381710529327,0.0,0.13627707958221436,0.0001,1e-05,53.6,2.9479,4.6262
8212,stage2,5,0.10882249474525452,0.15605531632900238,0.0,0.10882249474525452,0.0001,1e-05,53.596,3.6698,0.6694
8213,stage2,5,0.12610384821891785,0.16329462826251984,0.0,0.12610384821891785,0.0001,1e-05,53.589,3.5299,0.6773
8214,stage2,5,0.12678338587284088,0.16534961760044098,0.0,0.12678338587284088,0.0001,1e-05,53.591,3.264,0.7954
8215,stage2,5,0.14891432225704193,0.13827741146087646,0.0,0.14891432225704193,0.0001,1e-05,53.596,3.4883,0.6693
8216,stage2,5,0.10151564329862595,0.18465301394462585,0.0,0.10151564329862595,0.0001,1e-05,53.598,3.4063,0.6699
8217,stage2,5,0.1538480818271637,0.15529221296310425,0.0,0.1538480818271637,0.0001,1e-05,53.597,3.8844,0.6704
8218,stage2,5,0.12252368777990341,0.1484760046005249,0.0,0.12252368777990341,0.0001,1e-05,53.596,3.9819,0.6707
8219,stage2,5,0.1038743183016777,0.16582658886909485,0.0,0.1038743183016777,0.0001,1e-05,53.603,3.0373,4.4119
8220,stage2,5,0.10726254433393478,0.1841249018907547,0.0,0.10726254433393478,0.0001,1e-05,53.595,3.7463,0.6684
8221,stage2,5,0.11609181761741638,0.1535036712884903,0.0,0.11609181761741638,0.0001,1e-05,53.594,3.2518,0.9045
8222,stage2,5,0.10327020287513733,0.1914547085762024,0.0,0.10327020287513733,0.0001,1e-05,53.592,3.0062,0.9451
8223,stage2,5,0.11142118275165558,0.1421576887369156,0.0,0.11142118275165558,0.0001,1e-05,53.609,2.9284,0.6688
8224,stage2,5,0.11963021010160446,0.15613776445388794,0.0,0.11963021010160446,0.0001,1e-05,53.604,3.3871,0.669
8225,stage2,5,0.09800451248884201,0.17209593951702118,0.0,0.09800451248884201,0.0001,1e-05,53.6,3.9692,0.6713
8226,stage2,5,0.1255393773317337,0.16408371925354004,0.0,0.1255393773317337,0.0001,1e-05,53.596,2.7279,0.6699
8227,stage2,5,0.10203465074300766,0.19407661259174347,0.0,0.10203465074300766,0.0001,1e-05,53.594,3.0808,3.7688
8228,stage2,5,0.10889847576618195,0.16076777875423431,0.0,0.10889847576618195,0.0001,1e-05,53.599,3.3617,0.6696
8229,stage2,5,0.12322434037923813,0.1688515841960907,0.0,0.12322434037923813,0.0001,1e-05,53.594,3.8969,1.6607
8230,stage2,5,0.14477768540382385,0.17534437775611877,0.0,0.14477768540382385,0.0001,1e-05,53.601,3.1761,0.7469
8231,stage2,5,0.10101518034934998,0.1649879664182663,0.0,0.10101518034934998,0.0001,1e-05,53.599,3.2331,0.669
8232,stage2,5,0.14895452558994293,0.14335483312606812,0.0,0.14895452558994293,0.0001,1e-05,53.602,3.6665,0.6697
8233,stage2,5,0.145004540681839,0.1441057324409485,0.0,0.145004540681839,0.0001,1e-05,53.592,3.5444,0.6701
8234,stage2,5,0.10129530727863312,0.17846184968948364,0.0,0.10129530727863312,0.0001,1e-05,53.596,3.2601,0.6703
8235,stage2,5,0.12210969626903534,0.18553277850151062,0.0,0.12210969626903534,0.0001,1e-05,53.594,5.0107,3.3772
8236,stage2,5,0.1149386614561081,0.1736888438463211,0.0,0.1149386614561081,0.0001,1e-05,53.594,2.8582,0.6686
8237,stage2,5,0.13755100965499878,0.15002325177192688,0.0,0.13755100965499878,0.0001,1e-05,53.599,3.9088,2.1393
8238,stage2,5,0.10829658061265945,0.1642419546842575,0.0,0.10829658061265945,0.0001,1e-05,53.599,2.9156,0.6684
8239,stage2,5,0.1316976398229599,0.17858044803142548,0.0,0.1316976398229599,0.0001,1e-05,53.597,3.7857,0.6688
8240,stage2,5,0.12553520500659943,0.16307750344276428,0.0,0.12553520500659943,0.0001,1e-05,53.6,3.5057,0.669
8241,stage2,5,0.1428602784872055,0.15958234667778015,0.0,0.1428602784872055,0.0001,1e-05,53.604,2.8189,0.6693
8242,stage2,5,0.10942354053258896,0.16038016974925995,0.0,0.10942354053258896,0.0001,1e-05,53.603,2.9376,0.6762
8243,stage2,5,0.10516941547393799,0.15815237164497375,0.0,0.10516941547393799,0.0001,1e-05,53.611,2.9761,2.9679
8244,stage2,5,0.10693741589784622,0.15733107924461365,0.0,0.10693741589784622,0.0001,1e-05,53.594,2.8969,0.6696
8245,stage2,5,0.138610377907753,0.1597474068403244,0.0,0.138610377907753,0.0001,1e-05,53.595,4.4064,2.1283
8246,stage2,5,0.140214204788208,0.15495289862155914,0.0,0.140214204788208,0.0001,1e-05,53.598,4.4989,0.6623
8247,stage2,5,0.1574513167142868,0.1385648399591446,0.0,0.1574513167142868,0.0001,1e-05,53.594,3.5608,0.669
8248,stage2,5,0.1342420130968094,0.1672317087650299,0.0,0.1342420130968094,0.0001,1e-05,53.595,3.3954,0.6699
8249,stage2,5,0.15118291974067688,0.17137357592582703,0.0,0.15118291974067688,0.0001,1e-05,53.603,2.7791,0.6695
8250,stage2,5,0.08493553102016449,0.19437694549560547,0.0,0.08493553102016449,0.0001,1e-05,53.595,2.9072,0.671
8251,stage2,5,0.12176679819822311,0.1821870058774948,0.0,0.12176679819822311,0.0001,1e-05,53.605,3.5279,3.0455
8252,stage2,5,0.14301158487796783,0.16179576516151428,0.0,0.14301158487796783,0.0001,1e-05,53.597,2.9616,0.6703
8253,stage2,5,0.10340824723243713,0.17114044725894928,0.0,0.10340824723243713,0.0001,1e-05,53.59,2.8353,2.2738
8254,stage2,5,0.11949535459280014,0.19076819717884064,0.0,0.11949535459280014,0.0001,1e-05,53.596,2.8911,1.013
8255,stage2,5,0.09001893550157547,0.15527312457561493,0.0,0.09001893550157547,0.0001,1e-05,53.592,3.2309,0.6692
8256,stage2,5,0.14942018687725067,0.13994695246219635,0.0,0.14942018687725067,0.0001,1e-05,53.591,3.729,0.6695
8257,stage2,5,0.11029195785522461,0.17881567776203156,0.0,0.11029195785522461,0.0001,1e-05,53.607,2.3,0.6702
8258,stage2,5,0.11760427057743073,0.1667763590812683,0.0,0.11760427057743073,0.0001,1e-05,53.598,3.5155,0.674
8259,stage2,5,0.11495015025138855,0.15998877584934235,0.0,0.11495015025138855,0.0001,1e-05,53.601,3.4183,3.4451
8260,stage2,5,0.11408863961696625,0.14848358929157257,0.0,0.11408863961696625,0.0001,1e-05,53.599,2.7769,0.6674
8261,stage2,5,0.09235277026891708,0.20180094242095947,0.0,0.09235277026891708,0.0001,1e-05,53.593,2.6916,1.4017
8262,stage2,5,0.1297508329153061,0.16762910783290863,0.0,0.1297508329153061,0.0001,1e-05,53.601,3.7041,1.1959
8263,stage2,5,0.09907826036214828,0.16928984224796295,0.0,0.09907826036214828,0.0001,1e-05,53.6,3.2751,0.6664
8264,stage2,5,0.12632127106189728,0.19241400063037872,0.0,0.12632127106189728,0.0001,1e-05,53.598,2.9906,0.6669
8265,stage2,5,0.10171724110841751,0.1798747479915619,0.0,0.10171724110841751,0.0001,1e-05,53.6,3.7666,0.6668
8266,stage2,5,0.17977838218212128,0.1439506560564041,0.0,0.17977838218212128,0.0001,1e-05,53.599,4.4611,0.6679
8267,stage2,5,0.11539170145988464,0.15818031132221222,0.0,0.11539170145988464,0.0001,1e-05,53.584,2.9845,3.0483
8268,stage2,6,0.144888773560524,0.15324874222278595,0.0,0.144888773560524,0.0001,1e-05,53.596,3.0457,11.3755
8269,stage2,6,0.12779028713703156,0.17547117173671722,0.0,0.12779028713703156,0.0001,1e-05,53.609,3.3303,0.6644
8270,stage2,6,0.11955279111862183,0.16783267259597778,0.0,0.11955279111862183,0.0001,1e-05,53.591,3.2739,0.6666
8271,stage2,6,0.12638241052627563,0.16259175539016724,0.0,0.12638241052627563,0.0001,1e-05,53.6,3.5787,0.6649
8272,stage2,6,0.12643250823020935,0.16493172943592072,0.0,0.12643250823020935,0.0001,1e-05,53.593,3.468,0.6658
8273,stage2,6,0.17274008691310883,0.15136167407035828,0.0,0.17274008691310883,0.0001,1e-05,53.594,3.0067,0.6661
8274,stage2,6,0.14661486446857452,0.14363229274749756,0.0,0.14661486446857452,0.0001,1e-05,53.594,2.6836,0.6659
8275,stage2,6,0.13020597398281097,0.15461185574531555,0.0,0.13020597398281097,0.0001,1e-05,53.592,3.5759,0.6668
8276,stage2,6,0.16217041015625,0.13950301706790924,0.0,0.16217041015625,0.0001,1e-05,53.587,3.6446,6.0138
8277,stage2,6,0.11832913011312485,0.16298341751098633,0.0,0.11832913011312485,0.0001,1e-05,53.586,2.9387,0.6644
8278,stage2,6,0.10170882940292358,0.14866265654563904,0.0,0.10170882940292358,0.0001,1e-05,53.597,2.5379,0.6651
8279,stage2,6,0.137931689620018,0.1646662801504135,0.0,0.137931689620018,0.0001,1e-05,53.606,3.3551,0.6651
8280,stage2,6,0.14872269332408905,0.14726486802101135,0.0,0.14872269332408905,0.0001,1e-05,53.597,3.1033,0.6652
8281,stage2,6,0.09206138551235199,0.15625247359275818,0.0,0.09206138551235199,0.0001,1e-05,53.594,3.3241,0.6653
8282,stage2,6,0.11370473355054855,0.17699243128299713,0.0,0.11370473355054855,0.0001,1e-05,53.606,5.1158,0.666
8283,stage2,6,0.11826583743095398,0.16968749463558197,0.0,0.11826583743095398,0.0001,1e-05,53.612,3.1939,0.6668
8284,stage2,6,0.15346570312976837,0.14740575850009918,0.0,0.15346570312976837,0.0001,1e-05,53.603,3.1118,5.6492
8285,stage2,6,0.1162877082824707,0.16596084833145142,0.0,0.1162877082824707,0.0001,1e-05,53.605,3.4407,0.6644
8286,stage2,6,0.1154438778758049,0.18156631290912628,0.0,0.1154438778758049,0.0001,1e-05,53.616,3.7615,0.665
8287,stage2,6,0.11160840839147568,0.1660325527191162,0.0,0.11160840839147568,0.0001,1e-05,53.597,2.7718,0.6655
8288,stage2,6,0.13383933901786804,0.15244609117507935,0.0,0.13383933901786804,0.0001,1e-05,53.6,4.1758,0.6663
8289,stage2,6,0.10629115253686905,0.17851945757865906,0.0,0.10629115253686905,0.0001,1e-05,53.599,3.3154,0.6662
8290,stage2,6,0.10502112656831741,0.16295485198497772,0.0,0.10502112656831741,0.0001,1e-05,53.606,3.1487,0.6664
8291,stage2,6,0.13714846968650818,0.14452965557575226,0.0,0.13714846968650818,0.0001,1e-05,53.613,3.5018,0.667
8292,stage2,6,0.09525563567876816,0.1657133549451828,0.0,0.09525563567876816,0.0001,1e-05,53.603,2.734,5.2777
8293,stage2,6,0.10411710292100906,0.16883693635463715,0.0,0.10411710292100906,0.0001,1e-05,53.607,2.8551,0.6653
8294,stage2,6,0.09089044481515884,0.19399312138557434,0.0,0.09089044481515884,0.0001,1e-05,53.606,3.646,0.6657
8295,stage2,6,0.14638221263885498,0.15248042345046997,0.0,0.14638221263885498,0.0001,1e-05,53.595,3.3695,0.6658
8296,stage2,6,0.12635500729084015,0.13276730477809906,0.0,0.12635500729084015,0.0001,1e-05,53.592,2.9842,0.6665
8297,stage2,6,0.12844514846801758,0.1425752192735672,0.0,0.12844514846801758,0.0001,1e-05,53.603,3.0439,0.6658
8298,stage2,6,0.11269646137952805,0.1651911735534668,0.0,0.11269646137952805,0.0001,1e-05,53.584,3.2871,0.6677
8299,stage2,6,0.12354987859725952,0.1514752209186554,0.0,0.12354987859725952,0.0001,1e-05,53.607,4.3811,0.6672
