global_step,stage,dataset_epoch,flow_matching_loss,l1_loss,ph_loss,total_loss,lr_head,lr_backbone,vram_gb,grad_norm,step_time_s
0,stage1,0,0.7108193635940552,0.7332448363304138,0.0,0.7108193635940552,0.0001,0.0,9.34,0.1959,10.2925
1,stage1,0,0.8742156028747559,0.783848226070404,0.0,0.8742156028747559,0.0001,0.0,9.469,0.1364,0.266
2,stage1,0,0.6886516213417053,0.7784917950630188,0.0,0.6886516213417053,0.0001,0.0,9.468,0.1141,0.2761
3,stage1,0,0.9307634234428406,0.8151442408561707,0.0,0.9307634234428406,0.0001,0.0,9.471,0.1345,0.2767
4,stage1,0,0.7984912395477295,0.7417165040969849,0.0,0.7984912395477295,0.0001,0.0,9.468,0.1407,0.2767
5,stage1,0,0.7305556535720825,0.7664556503295898,0.0,0.7305556535720825,0.0001,0.0,9.471,0.1436,0.274
6,stage1,0,0.9036998152732849,0.7916867733001709,0.0,0.9036998152732849,0.0001,0.0,9.47,0.1051,0.2875
7,stage1,0,0.7494581341743469,0.7837353348731995,0.0,0.7494581341743469,0.0001,0.0,9.472,0.1113,0.2897
8,stage1,0,0.6470143795013428,0.7515527606010437,0.0,0.6470143795013428,0.0001,0.0,9.469,0.0954,5.825
9,stage1,0,0.7958207130432129,0.7556650042533875,0.0,0.7958207130432129,0.0001,0.0,9.472,0.1846,0.2778
10,stage1,0,0.933620810508728,0.8109224438667297,0.0,0.933620810508728,0.0001,0.0,9.469,0.1502,0.3229
11,stage1,0,0.896564781665802,0.799809455871582,0.0,0.896564781665802,0.0001,0.0,9.472,0.1903,0.2865
12,stage1,0,0.8061445951461792,0.7889798283576965,0.0,0.8061445951461792,0.0001,0.0,9.469,0.1134,0.2769
13,stage1,0,0.8560481071472168,0.7671300172805786,0.0,0.8560481071472168,0.0001,0.0,9.472,0.1433,0.2747
14,stage1,0,0.6611268520355225,0.730843186378479,0.0,0.6611268520355225,0.0001,0.0,9.469,0.1417,0.2914
15,stage1,0,0.8181673884391785,0.7319804430007935,0.0,0.8181673884391785,0.0001,0.0,9.472,0.1875,0.2857
16,stage1,0,0.7851908206939697,0.7769478559494019,0.0,0.7851908206939697,0.0001,0.0,9.469,0.1146,6.527
17,stage1,0,0.8792930245399475,0.771162748336792,0.0,0.8792930245399475,0.0001,0.0,9.472,0.0659,0.2769
18,stage1,0,0.798395574092865,0.7727123498916626,0.0,0.798395574092865,0.0001,0.0,9.469,0.0986,0.2841
19,stage1,0,0.8442307114601135,0.7818426489830017,0.0,0.8442307114601135,0.0001,0.0,9.472,0.1275,0.2746
20,stage1,0,0.7628827691078186,0.7741568684577942,0.0,0.7628827691078186,0.0001,0.0,9.469,0.0987,0.2737
21,stage1,0,0.8440955281257629,0.7879358530044556,0.0,0.8440955281257629,0.0001,0.0,9.472,0.0934,0.3018
22,stage1,0,0.8005172610282898,0.7717673182487488,0.0,0.8005172610282898,0.0001,0.0,9.469,0.087,0.2785
23,stage1,0,0.7741646766662598,0.7532907128334045,0.0,0.7741646766662598,0.0001,0.0,9.472,0.0661,0.2745
24,stage1,0,0.8439840078353882,0.7504525184631348,0.0,0.8439840078353882,0.0001,0.0,9.469,0.1736,6.6667
25,stage1,0,0.8441420197486877,0.793258786201477,0.0,0.8441420197486877,0.0001,0.0,9.472,0.1055,0.2757
26,stage1,0,0.836629331111908,0.7490988969802856,0.0,0.836629331111908,0.0001,0.0,9.469,0.1618,0.2747
27,stage1,0,0.8088106513023376,0.7661575675010681,0.0,0.8088106513023376,0.0001,0.0,9.472,0.1306,0.3015
28,stage1,0,0.7539786100387573,0.7408442497253418,0.0,0.7539786100387573,0.0001,0.0,9.469,0.1152,0.2813
29,stage1,0,0.797996997833252,0.7595722675323486,0.0,0.797996997833252,0.0001,0.0,9.472,0.0863,0.2746
30,stage1,0,0.8905652165412903,0.784278392791748,0.0,0.8905652165412903,0.0001,0.0,9.469,0.0849,0.2751
31,stage1,0,0.7818601131439209,0.7449854612350464,0.0,0.7818601131439209,0.0001,0.0,9.472,0.0619,0.3027
32,stage1,0,0.7976438403129578,0.744417667388916,0.0,0.7976438403129578,0.0001,0.0,9.469,0.1313,6.6256
33,stage1,0,0.843808650970459,0.7616101503372192,0.0,0.843808650970459,0.0001,0.0,9.472,0.0599,0.3015
34,stage1,0,0.962428629398346,0.7827466726303101,0.0,0.962428629398346,0.0001,0.0,9.469,0.1101,0.2801
35,stage1,0,0.8070242404937744,0.7312459945678711,0.0,0.8070242404937744,0.0001,0.0,9.472,0.1197,0.275
36,stage1,0,0.7554104328155518,0.7297890186309814,0.0,0.7554104328155518,0.0001,0.0,9.469,0.0795,0.2893
37,stage1,0,0.791538417339325,0.7708846926689148,0.0,0.791538417339325,0.0001,0.0,9.472,0.175,0.29
38,stage1,0,0.7153788805007935,0.7495585680007935,0.0,0.7153788805007935,0.0001,0.0,9.469,0.1086,0.3432
39,stage1,0,0.7711143493652344,0.7625250816345215,0.0,0.7711143493652344,0.0001,0.0,9.472,0.1229,0.2718
40,stage1,0,0.7890781760215759,0.7430211901664734,0.0,0.7890781760215759,0.0001,0.0,9.469,0.1116,6.5094
41,stage1,0,0.8773694038391113,0.7670973539352417,0.0,0.8773694038391113,0.0001,0.0,9.472,0.0882,0.287
42,stage1,0,0.8552679419517517,0.7715147137641907,0.0,0.8552679419517517,0.0001,0.0,9.469,0.087,0.2912
43,stage1,0,0.7611083984375,0.7718935608863831,0.0,0.7611083984375,0.0001,0.0,9.472,0.11,0.2774
44,stage1,0,0.7016329765319824,0.7444878816604614,0.0,0.7016329765319824,0.0001,0.0,9.469,0.0859,0.2759
45,stage1,0,0.7628429532051086,0.7365091443061829,0.0,0.7628429532051086,0.0001,0.0,9.472,0.134,0.3025
46,stage1,0,0.9372228384017944,0.7984604835510254,0.0,0.9372228384017944,0.0001,0.0,9.469,0.1328,0.2802
47,stage1,0,0.7968059778213501,0.7687454223632812,0.0,0.7968059778213501,0.0001,0.0,9.472,0.1588,0.3373
48,stage1,0,0.7212401628494263,0.7330438494682312,0.0,0.7212401628494263,0.0001,0.0,9.469,0.1879,6.5676
49,stage1,0,0.841537594795227,0.7552939653396606,0.0,0.841537594795227,0.0001,0.0,9.472,0.1664,0.2784
50,stage1,0,0.8203127384185791,0.7658265233039856,0.0,0.8203127384185791,0.0001,0.0,9.469,0.0649,0.2795
51,stage1,0,0.9054538607597351,0.7746187448501587,0.0,0.9054538607597351,0.0001,0.0,9.472,0.1353,0.2798
52,stage1,0,0.8207025527954102,0.7487283945083618,0.0,0.8207025527954102,0.0001,0.0,9.469,0.1361,0.279
53,stage1,0,0.7696405053138733,0.770056962966919,0.0,0.7696405053138733,0.0001,0.0,9.472,0.1433,0.2807
54,stage1,0,0.7891013026237488,0.7466712594032288,0.0,0.7891013026237488,0.0001,0.0,9.469,0.1933,0.2796
55,stage1,0,0.8126512765884399,0.7613856792449951,0.0,0.8126512765884399,0.0001,0.0,9.472,0.1759,0.2786
56,stage1,0,0.8091028332710266,0.7300426959991455,0.0,0.8091028332710266,0.0001,0.0,9.469,0.2824,6.5798
57,stage1,0,0.8478966355323792,0.8006977438926697,0.0,0.8478966355323792,0.0001,0.0,9.472,0.3468,0.279
58,stage1,0,0.7961845397949219,0.7806238532066345,0.0,0.7961845397949219,0.0001,0.0,9.469,0.284,0.279
59,stage1,0,0.6804894208908081,0.7354893088340759,0.0,0.6804894208908081,0.0001,0.0,9.472,0.2004,0.2802
60,stage1,0,0.8816241025924683,0.7757447361946106,0.0,0.8816241025924683,0.0001,0.0,9.469,0.3234,0.2789
61,stage1,0,0.6952621340751648,0.7199885845184326,0.0,0.6952621340751648,0.0001,0.0,9.472,0.1389,0.279
62,stage1,0,0.7270640134811401,0.7273525595664978,0.0,0.7270640134811401,0.0001,0.0,9.469,0.1714,0.2784
63,stage1,0,0.7341424822807312,0.717565655708313,0.0,0.7341424822807312,0.0001,0.0,9.472,0.2728,0.2792
64,stage1,0,0.8085596561431885,0.7558761239051819,0.0,0.8085596561431885,0.0001,0.0,9.469,0.5131,6.6497
65,stage1,0,0.7423734068870544,0.7298312187194824,0.0,0.7423734068870544,0.0001,0.0,9.472,0.1719,0.2833
66,stage1,0,0.8766457438468933,0.7723981738090515,0.0,0.8766457438468933,0.0001,0.0,9.469,0.2047,0.2798
67,stage1,0,0.7899389863014221,0.7557454705238342,0.0,0.7899389863014221,0.0001,0.0,9.472,0.1426,0.2784
68,stage1,0,0.7473791241645813,0.7423784136772156,0.0,0.7473791241645813,0.0001,0.0,9.469,0.1829,0.3274
69,stage1,0,0.7557381391525269,0.7578855156898499,0.0,0.7557381391525269,0.0001,0.0,9.472,0.1603,0.2908
70,stage1,0,0.9387245178222656,0.8036726713180542,0.0,0.9387245178222656,0.0001,0.0,9.469,0.2325,0.2811
71,stage1,0,0.7684856057167053,0.7514291405677795,0.0,0.7684856057167053,0.0001,0.0,9.472,0.1818,0.279
72,stage1,0,0.8053319454193115,0.7571825981140137,0.0,0.8053319454193115,0.0001,0.0,9.469,0.2266,6.533
73,stage1,0,0.7691115736961365,0.7488243579864502,0.0,0.7691115736961365,0.0001,0.0,9.472,0.315,0.2781
74,stage1,0,0.7228040099143982,0.7251219749450684,0.0,0.7228040099143982,0.0001,0.0,9.469,0.2609,0.2794
75,stage1,0,0.7074780464172363,0.7287569642066956,0.0,0.7074780464172363,0.0001,0.0,9.472,0.178,0.2794
76,stage1,0,0.7511252760887146,0.7299410104751587,0.0,0.7511252760887146,0.0001,0.0,9.469,0.1269,0.2792
77,stage1,0,0.81295245885849,0.7199820876121521,0.0,0.81295245885849,0.0001,0.0,9.472,0.1797,0.2799
78,stage1,0,0.7371795177459717,0.7240514755249023,0.0,0.7371795177459717,0.0001,0.0,9.469,0.2873,0.2839
79,stage1,0,0.728107750415802,0.7271053194999695,0.0,0.728107750415802,0.0001,0.0,9.472,0.3047,0.2786
80,stage1,0,0.8737602233886719,0.7671670913696289,0.0,0.8737602233886719,0.0001,0.0,9.469,0.2844,6.5733
81,stage1,0,0.7949023246765137,0.7687785625457764,0.0,0.7949023246765137,0.0001,0.0,9.472,0.126,0.2781
82,stage1,0,0.6983821392059326,0.7220866680145264,0.0,0.6983821392059326,0.0001,0.0,9.469,0.1803,0.3372
83,stage1,0,0.7851300835609436,0.745041012763977,0.0,0.7851300835609436,0.0001,0.0,9.472,0.2296,0.2759
84,stage1,0,0.7794056534767151,0.7428231239318848,0.0,0.7794056534767151,0.0001,0.0,9.469,0.2391,0.2834
85,stage1,0,0.8226994276046753,0.7679274678230286,0.0,0.8226994276046753,0.0001,0.0,9.472,0.3644,0.2804
86,stage1,0,0.7377908825874329,0.7085288166999817,0.0,0.7377908825874329,0.0001,0.0,9.469,0.1824,0.2796
87,stage1,0,0.760329008102417,0.7970141768455505,0.0,0.760329008102417,0.0001,0.0,9.472,0.2053,0.2802
88,stage1,0,0.8070170283317566,0.7421324849128723,0.0,0.8070170283317566,0.0001,0.0,9.469,0.2417,6.4504
89,stage1,0,0.8096321225166321,0.7644668221473694,0.0,0.8096321225166321,0.0001,0.0,9.472,0.3115,0.279
90,stage1,0,0.6885465383529663,0.7271547317504883,0.0,0.6885465383529663,0.0001,0.0,9.469,0.4381,0.3144
91,stage1,0,0.7631719708442688,0.7212485074996948,0.0,0.7631719708442688,0.0001,0.0,9.472,0.257,0.2987
92,stage1,0,0.8106726408004761,0.7176594734191895,0.0,0.8106726408004761,0.0001,0.0,9.469,0.2367,0.2842
93,stage1,0,0.8469671010971069,0.7448877096176147,0.0,0.8469671010971069,0.0001,0.0,9.472,0.3185,0.2794
94,stage1,0,0.6233062744140625,0.6918429136276245,0.0,0.6233062744140625,0.0001,0.0,9.469,0.2727,0.2803
95,stage1,0,0.7317859530448914,0.7197636365890503,0.0,0.7317859530448914,0.0001,0.0,9.472,0.25,0.2797
96,stage1,0,0.6307255625724792,0.7044938206672668,0.0,0.6307255625724792,0.0001,0.0,9.469,0.3946,6.5815
97,stage1,0,0.6763830184936523,0.7259774804115295,0.0,0.6763830184936523,0.0001,0.0,9.472,0.2595,0.3258
98,stage1,0,0.7631303071975708,0.7286903858184814,0.0,0.7631303071975708,0.0001,0.0,9.469,0.4377,0.2882
99,stage1,0,0.8722187876701355,0.7442545294761658,0.0,0.8722187876701355,0.0001,0.0,9.472,0.4146,0.2832
100,stage1,0,0.8837863802909851,0.7542732954025269,0.0,0.8837863802909851,0.0001,0.0,9.469,0.2549,0.2901
101,stage1,0,0.7952302694320679,0.7372102737426758,0.0,0.7952302694320679,0.0001,0.0,9.472,0.3073,0.2827
102,stage1,0,0.7815811038017273,0.704067051410675,0.0,0.7815811038017273,0.0001,0.0,9.469,0.2369,0.3161
103,stage1,0,0.7356496453285217,0.7213013768196106,0.0,0.7356496453285217,0.0001,0.0,9.472,0.4133,0.3059
104,stage1,0,0.7418144345283508,0.7206624746322632,0.0,0.7418144345283508,0.0001,0.0,9.469,0.492,6.5921
105,stage1,0,0.6685089468955994,0.7039443850517273,0.0,0.6685089468955994,0.0001,0.0,9.472,0.2243,0.2958
106,stage1,0,0.8057340979576111,0.7294055223464966,0.0,0.8057340979576111,0.0001,0.0,9.469,0.3239,0.2797
107,stage1,0,0.699622392654419,0.711923360824585,0.0,0.699622392654419,0.0001,0.0,9.472,0.3603,0.276
108,stage1,0,0.7800289392471313,0.7332449555397034,0.0,0.7800289392471313,0.0001,0.0,9.469,1.0335,0.2986
109,stage1,0,0.7169246673583984,0.7011256814002991,0.0,0.7169246673583984,0.0001,0.0,9.472,0.2917,0.2845
110,stage1,0,0.7598087191581726,0.7238138318061829,0.0,0.7598087191581726,0.0001,0.0,9.469,0.7609,0.3421
111,stage1,0,0.6883421540260315,0.7136057019233704,0.0,0.6883421540260315,0.0001,0.0,9.472,0.9495,0.2817
112,stage1,0,0.7706022262573242,0.7382659316062927,0.0,0.7706022262573242,0.0001,0.0,9.469,0.3472,6.6565
113,stage1,0,0.7425418496131897,0.7016958594322205,0.0,0.7425418496131897,0.0001,0.0,9.472,0.9593,0.2819
114,stage1,0,0.7613169550895691,0.7136637568473816,0.0,0.7613169550895691,0.0001,0.0,9.469,0.8635,0.2883
115,stage1,0,0.7100428938865662,0.6853675842285156,0.0,0.7100428938865662,0.0001,0.0,9.472,0.4341,0.2835
116,stage1,0,0.748522937297821,0.7305217385292053,0.0,0.748522937297821,0.0001,0.0,9.469,0.7993,0.3364
117,stage1,0,0.692116916179657,0.6657025218009949,0.0,0.692116916179657,0.0001,0.0,9.472,0.8013,0.2835
118,stage1,0,0.6518141031265259,0.6851861476898193,0.0,0.6518141031265259,0.0001,0.0,9.469,0.3633,0.2853
119,stage1,0,0.7168393135070801,0.6874317526817322,0.0,0.7168393135070801,0.0001,0.0,9.472,0.3792,0.2847
120,stage1,0,0.7265793681144714,0.6989484429359436,0.0,0.7265793681144714,0.0001,0.0,9.469,0.5967,6.7758
121,stage1,0,0.700867235660553,0.7119683027267456,0.0,0.700867235660553,0.0001,0.0,9.472,0.4479,0.2812
122,stage1,0,0.6054513454437256,0.6403598785400391,0.0,0.6054513454437256,0.0001,0.0,9.469,0.5169,0.2767
123,stage1,0,0.7808493971824646,0.7197015881538391,0.0,0.7808493971824646,0.0001,0.0,9.472,0.4104,0.277
124,stage1,0,0.6809871196746826,0.6874802112579346,0.0,0.6809871196746826,0.0001,0.0,9.469,0.5077,0.305
125,stage1,0,0.7315809726715088,0.7074075937271118,0.0,0.7315809726715088,0.0001,0.0,9.472,0.5392,0.2801
126,stage1,0,0.7232051491737366,0.6732102036476135,0.0,0.7232051491737366,0.0001,0.0,9.469,0.4519,0.2766
127,stage1,0,0.6453569531440735,0.6597284078598022,0.0,0.6453569531440735,0.0001,0.0,9.472,0.5779,0.2936
128,stage1,0,0.6062830090522766,0.684759795665741,0.0,0.6062830090522766,0.0001,0.0,9.469,0.3324,6.9071
129,stage1,0,0.6918462514877319,0.6793060302734375,0.0,0.6918462514877319,0.0001,0.0,9.472,0.4918,0.2866
130,stage1,0,0.6088429093360901,0.6577401757240295,0.0,0.6088429093360901,0.0001,0.0,9.469,0.5637,0.2834
131,stage1,0,0.6573506593704224,0.6627597808837891,0.0,0.6573506593704224,0.0001,0.0,9.472,0.6045,0.2904
132,stage1,0,0.6519643068313599,0.6653847098350525,0.0,0.6519643068313599,0.0001,0.0,9.469,0.755,0.2844
133,stage1,0,0.6119935512542725,0.700527548789978,0.0,0.6119935512542725,0.0001,0.0,9.472,1.036,0.2764
134,stage1,0,0.7074271440505981,0.6803699731826782,0.0,0.7074271440505981,0.0001,0.0,9.469,0.9815,0.2772
135,stage1,0,0.6958032846450806,0.7040163278579712,0.0,0.6958032846450806,0.0001,0.0,9.472,0.9141,0.3012
136,stage1,0,0.6824713945388794,0.6970043182373047,0.0,0.6824713945388794,0.0001,0.0,9.469,0.4679,6.6007
137,stage1,0,0.7236131429672241,0.6682203412055969,0.0,0.7236131429672241,0.0001,0.0,9.472,0.6787,0.2885
138,stage1,0,0.702358067035675,0.6850053071975708,0.0,0.702358067035675,0.0001,0.0,9.469,0.6501,0.2911
139,stage1,0,0.6468735337257385,0.6831421256065369,0.0,0.6468735337257385,0.0001,0.0,9.472,0.5224,0.2863
140,stage1,0,0.6614434123039246,0.7111355066299438,0.0,0.6614434123039246,0.0001,0.0,9.469,0.4176,0.3194
141,stage1,0,0.6199580430984497,0.6675713062286377,0.0,0.6199580430984497,0.0001,0.0,9.472,0.6804,0.3031
142,stage1,0,0.6749294400215149,0.6772555112838745,0.0,0.6749294400215149,0.0001,0.0,9.469,0.6407,0.2888
143,stage1,0,0.6314825415611267,0.6646799445152283,0.0,0.6314825415611267,0.0001,0.0,9.472,0.8001,0.2844
144,stage1,0,0.7626627087593079,0.7094932794570923,0.0,0.7626627087593079,0.0001,0.0,9.469,1.4145,6.8366
145,stage1,0,0.8054741024971008,0.728930652141571,0.0,0.8054741024971008,0.0001,0.0,9.472,0.9115,0.2862
146,stage1,0,0.603504478931427,0.6507392525672913,0.0,0.603504478931427,0.0001,0.0,9.469,0.3502,0.2904
147,stage1,0,0.6422761678695679,0.6788216829299927,0.0,0.6422761678695679,0.0001,0.0,9.472,1.4834,0.2852
148,stage1,0,0.6580092906951904,0.646431028842926,0.0,0.6580092906951904,0.0001,0.0,9.469,0.95,0.2922
149,stage1,0,0.6619276404380798,0.6871733069419861,0.0,0.6619276404380798,0.0001,0.0,9.472,0.6535,0.3439
150,stage1,0,0.7771062254905701,0.6938003301620483,0.0,0.7771062254905701,0.0001,0.0,9.469,1.2915,0.2792
151,stage1,0,0.5694894790649414,0.6245977878570557,0.0,0.5694894790649414,0.0001,0.0,9.472,0.422,0.2891
152,stage1,0,0.7017959356307983,0.6972880363464355,0.0,0.7017959356307983,0.0001,0.0,9.469,0.4852,6.7337
153,stage1,0,0.6839969754219055,0.6732826232910156,0.0,0.6839969754219055,0.0001,0.0,9.472,1.2011,0.3325
154,stage1,0,0.6606346368789673,0.6747886538505554,0.0,0.6606346368789673,0.0001,0.0,9.469,1.2662,0.2881
155,stage1,0,0.6934394240379333,0.6486853361129761,0.0,0.6934394240379333,0.0001,0.0,9.472,0.826,0.2844
156,stage1,0,0.733104407787323,0.6944230198860168,0.0,0.733104407787323,0.0001,0.0,9.469,0.7654,0.2916
157,stage1,0,0.7739158272743225,0.6967810392379761,0.0,0.7739158272743225,0.0001,0.0,9.472,1.4336,0.2916
158,stage1,0,0.6102939248085022,0.6804172396659851,0.0,0.6102939248085022,0.0001,0.0,9.469,1.566,0.3416
159,stage1,0,0.5754470229148865,0.648220419883728,0.0,0.5754470229148865,0.0001,0.0,9.472,0.7112,0.2807
160,stage1,0,0.5753042101860046,0.649082362651825,0.0,0.5753042101860046,0.0001,0.0,9.469,0.9906,6.5675
161,stage1,0,0.650296688079834,0.6485322713851929,0.0,0.650296688079834,0.0001,0.0,9.472,1.637,0.2868
162,stage1,0,0.6556984782218933,0.6480157375335693,0.0,0.6556984782218933,0.0001,0.0,9.469,1.1597,0.3366
163,stage1,0,0.7518042922019958,0.7032550573348999,0.0,0.7518042922019958,0.0001,0.0,9.472,0.9314,0.2839
164,stage1,0,0.5969822406768799,0.6404957175254822,0.0,0.5969822406768799,0.0001,0.0,9.469,1.1548,0.2916
165,stage1,0,0.6282318234443665,0.6779443025588989,0.0,0.6282318234443665,0.0001,0.0,9.472,1.2685,0.4641
166,stage1,0,0.689576268196106,0.700532078742981,0.0,0.689576268196106,0.0001,0.0,9.469,1.6952,0.2799
167,stage1,0,0.6217522025108337,0.6625977754592896,0.0,0.6217522025108337,0.0001,0.0,9.472,0.7433,0.3221
168,stage1,0,0.5643599033355713,0.6322309374809265,0.0,0.5643599033355713,0.0001,0.0,9.469,1.1724,6.3923
169,stage1,0,0.7524756789207458,0.7072202563285828,0.0,0.7524756789207458,0.0001,0.0,9.472,1.8127,0.288
170,stage1,0,0.5676431059837341,0.6482378244400024,0.0,0.5676431059837341,0.0001,0.0,9.469,0.9549,0.2943
171,stage1,0,0.6149197220802307,0.6540579199790955,0.0,0.6149197220802307,0.0001,0.0,9.472,0.7662,0.3362
172,stage1,0,0.6430726051330566,0.6719633340835571,0.0,0.6430726051330566,0.0001,0.0,9.469,0.4414,0.2859
173,stage1,0,0.5515827536582947,0.6736094355583191,0.0,0.5515827536582947,0.0001,0.0,9.472,0.929,0.2913
174,stage1,0,0.5945795774459839,0.6412095427513123,0.0,0.5945795774459839,0.0001,0.0,9.469,0.7143,0.2862
175,stage1,0,0.6492692232131958,0.6734344959259033,0.0,0.6492692232131958,0.0001,0.0,9.472,0.818,0.286
176,stage1,0,0.6809676885604858,0.7053277492523193,0.0,0.6809676885604858,0.0001,0.0,9.469,0.8051,6.5721
177,stage1,0,0.5694892406463623,0.6603549718856812,0.0,0.5694892406463623,0.0001,0.0,9.472,0.6804,0.2848
178,stage1,0,0.6415011286735535,0.6517112851142883,0.0,0.6415011286735535,0.0001,0.0,9.469,0.7176,0.3173
179,stage1,0,0.6102479696273804,0.6318281292915344,0.0,0.6102479696273804,0.0001,0.0,9.472,1.1131,0.305
180,stage1,0,0.6501120328903198,0.64005446434021,0.0,0.6501120328903198,0.0001,0.0,9.469,1.1149,0.2862
181,stage1,0,0.6106006503105164,0.6748220324516296,0.0,0.6106006503105164,0.0001,0.0,9.472,0.7772,0.2861
182,stage1,0,0.6207035779953003,0.6554052829742432,0.0,0.6207035779953003,0.0001,0.0,9.469,1.7248,0.2842
183,stage1,0,0.5613586902618408,0.6272040009498596,0.0,0.5613586902618408,0.0001,0.0,9.472,0.9426,0.2772
184,stage1,0,0.5417280197143555,0.6256054043769836,0.0,0.5417280197143555,0.0001,0.0,9.469,1.0318,6.7059
185,stage1,0,0.6602199077606201,0.6563503742218018,0.0,0.6602199077606201,0.0001,0.0,9.472,1.5936,0.3408
186,stage1,0,0.6698639988899231,0.6521956324577332,0.0,0.6698639988899231,0.0001,0.0,9.469,1.2294,0.2828
187,stage1,0,0.5796071887016296,0.6054313778877258,0.0,0.5796071887016296,0.0001,0.0,9.472,0.7441,0.2957
188,stage1,0,0.6669822931289673,0.6594243049621582,0.0,0.6669822931289673,0.0001,0.0,9.469,1.3204,0.2918
189,stage1,0,0.6564809679985046,0.6713026762008667,0.0,0.6564809679985046,0.0001,0.0,9.472,1.8047,0.2868
190,stage1,0,0.5604465007781982,0.631873607635498,0.0,0.5604465007781982,0.0001,0.0,9.469,0.8108,0.3452
191,stage1,0,0.5551875233650208,0.6335166692733765,0.0,0.5551875233650208,0.0001,0.0,9.472,1.1708,0.2883
192,stage1,0,0.6004126071929932,0.6230612397193909,0.0,0.6004126071929932,0.0001,0.0,9.469,1.2789,6.6011
193,stage1,0,0.5473180413246155,0.6220606565475464,0.0,0.5473180413246155,0.0001,0.0,9.472,1.2239,0.2758
194,stage1,0,0.5929665565490723,0.644713282585144,0.0,0.5929665565490723,0.0001,0.0,9.469,0.835,0.3047
195,stage1,0,0.6225835680961609,0.6473003029823303,0.0,0.6225835680961609,0.0001,0.0,9.472,0.7512,0.3265
196,stage1,0,0.5882720351219177,0.6143175363540649,0.0,0.5882720351219177,0.0001,0.0,9.469,0.7288,0.2964
197,stage1,0,0.6244640946388245,0.6197246313095093,0.0,0.6244640946388245,0.0001,0.0,9.472,1.1596,0.2856
198,stage1,0,0.6615446209907532,0.7022731304168701,0.0,0.6615446209907532,0.0001,0.0,9.469,1.0994,0.2896
199,stage1,0,0.5978547930717468,0.6492199897766113,0.0,0.5978547930717468,0.0001,0.0,9.472,1.3138,0.291
200,stage1,0,0.5836881399154663,0.624049961566925,0.0,0.5836881399154663,0.0001,0.0,9.469,0.7579,6.6181
201,stage1,0,0.512411892414093,0.5926878452301025,0.0,0.512411892414093,0.0001,0.0,9.472,0.7111,0.2837
202,stage1,0,0.5099806785583496,0.5743475556373596,0.0,0.5099806785583496,0.0001,0.0,9.469,0.8608,0.328
203,stage1,0,0.5914086699485779,0.6089794039726257,0.0,0.5914086699485779,0.0001,0.0,9.472,1.1658,0.2944
204,stage1,0,0.6579344868659973,0.6467482447624207,0.0,0.6579344868659973,0.0001,0.0,9.469,1.0372,0.2915
205,stage1,0,0.5188490748405457,0.6366254091262817,0.0,0.5188490748405457,0.0001,0.0,9.472,1.0233,0.2885
206,stage1,0,0.5645607113838196,0.6175708174705505,0.0,0.5645607113838196,0.0001,0.0,9.469,1.2499,0.2877
207,stage1,0,0.5436773300170898,0.5719521045684814,0.0,0.5436773300170898,0.0001,0.0,9.472,0.8645,0.2866
208,stage1,0,0.5876203179359436,0.6410054564476013,0.0,0.5876203179359436,0.0001,0.0,9.469,1.5083,6.7376
209,stage1,0,0.5334393382072449,0.622395932674408,0.0,0.5334393382072449,0.0001,0.0,9.472,1.5908,0.2832
210,stage1,0,0.4756564795970917,0.5783393979072571,0.0,0.4756564795970917,0.0001,0.0,9.469,0.7003,0.2899
211,stage1,0,0.5652798414230347,0.6153109669685364,0.0,0.5652798414230347,0.0001,0.0,9.472,1.0678,0.285
212,stage1,0,0.5956792831420898,0.6111666560173035,0.0,0.5956792831420898,0.0001,0.0,9.469,1.0881,0.3469
213,stage1,0,0.5586859583854675,0.6322397589683533,0.0,0.5586859583854675,0.0001,0.0,9.472,0.7368,0.2803
214,stage1,0,0.5607408881187439,0.6344913840293884,0.0,0.5607408881187439,0.0001,0.0,9.469,0.643,0.2832
215,stage1,0,0.603822648525238,0.6157389283180237,0.0,0.603822648525238,0.0001,0.0,9.472,0.6736,0.2776
216,stage1,0,0.5377925038337708,0.5925159454345703,0.0,0.5377925038337708,0.0001,0.0,9.469,1.249,6.6501
217,stage1,0,0.4948095679283142,0.6082373857498169,0.0,0.4948095679283142,0.0001,0.0,9.472,0.9736,0.2841
218,stage1,0,0.5822100043296814,0.6059213876724243,0.0,0.5822100043296814,0.0001,0.0,9.469,0.6951,0.2856
219,stage1,0,0.5817930102348328,0.6340636610984802,0.0,0.5817930102348328,0.0001,0.0,9.472,1.5354,0.3392
220,stage1,0,0.5980127453804016,0.6223083734512329,0.0,0.5980127453804016,0.0001,0.0,9.469,1.9137,0.2905
221,stage1,0,0.6221921443939209,0.6342546939849854,0.0,0.6221921443939209,0.0001,0.0,9.472,1.4623,0.2861
222,stage1,0,0.4874929189682007,0.5936845541000366,0.0,0.4874929189682007,0.0001,0.0,9.469,0.7055,0.2862
223,stage1,0,0.5484124422073364,0.596464991569519,0.0,0.5484124422073364,0.0001,0.0,9.472,1.7532,0.287
224,stage1,0,0.5543152093887329,0.5895569324493408,0.0,0.5543152093887329,0.0001,0.0,9.469,1.3918,6.5764
225,stage1,0,0.5190752744674683,0.5899843573570251,0.0,0.5190752744674683,0.0001,0.0,9.472,0.9577,0.2895
226,stage1,0,0.5489413142204285,0.5928118228912354,0.0,0.5489413142204285,0.0001,0.0,9.469,0.717,0.2856
227,stage1,0,0.5606856346130371,0.6260898113250732,0.0,0.5606856346130371,0.0001,0.0,9.472,1.4179,0.2852
228,stage1,0,0.51817786693573,0.6256641745567322,0.0,0.51817786693573,0.0001,0.0,9.469,1.6468,0.2855
229,stage1,0,0.5276106595993042,0.5890644788742065,0.0,0.5276106595993042,0.0001,0.0,9.472,0.9697,0.3388
230,stage1,0,0.5782213807106018,0.6025751829147339,0.0,0.5782213807106018,0.0001,0.0,9.469,0.9325,0.2886
231,stage1,0,0.6282800436019897,0.6368716359138489,0.0,0.6282800436019897,0.0001,0.0,9.472,1.5163,0.2892
232,stage1,0,0.5697339177131653,0.5918927788734436,0.0,0.5697339177131653,0.0001,0.0,9.469,1.7669,6.5118
233,stage1,0,0.4852449893951416,0.5752743482589722,0.0,0.4852449893951416,0.0001,0.0,9.472,0.6009,0.2804
234,stage1,0,0.55422043800354,0.6185814142227173,0.0,0.55422043800354,0.0001,0.0,9.469,1.379,0.2801
235,stage1,0,0.47267740964889526,0.5854280591011047,0.0,0.47267740964889526,0.0001,0.0,9.472,1.4241,0.2803
236,stage1,0,0.5342267751693726,0.600583553314209,0.0,0.5342267751693726,0.0001,0.0,9.469,0.9107,0.2814
237,stage1,0,0.5004830360412598,0.5677214860916138,0.0,0.5004830360412598,0.0001,0.0,9.472,0.642,0.2814
238,stage1,0,0.49517518281936646,0.582343339920044,0.0,0.49517518281936646,0.0001,0.0,9.469,1.2125,0.2811
239,stage1,0,0.5486151576042175,0.5938252210617065,0.0,0.5486151576042175,0.0001,0.0,9.472,0.9858,0.2819
240,stage1,0,0.5209310054779053,0.5694734454154968,0.0,0.5209310054779053,0.0001,0.0,9.469,1.0526,6.5165
241,stage1,0,0.5204337239265442,0.5902602076530457,0.0,0.5204337239265442,0.0001,0.0,9.472,0.8448,0.2805
242,stage1,0,0.6074931621551514,0.6213427782058716,0.0,0.6074931621551514,0.0001,0.0,9.469,1.6029,0.296
243,stage1,0,0.5735170841217041,0.6085650324821472,0.0,0.5735170841217041,0.0001,0.0,9.472,0.7427,0.3207
244,stage1,0,0.516847550868988,0.5613494515419006,0.0,0.516847550868988,0.0001,0.0,9.469,1.2647,0.2804
245,stage1,0,0.49243244528770447,0.5455357432365417,0.0,0.49243244528770447,0.0001,0.0,9.472,0.8857,0.2814
246,stage1,0,0.5268239378929138,0.5943023562431335,0.0,0.5268239378929138,0.0001,0.0,9.469,1.1823,0.2817
247,stage1,0,0.5356119871139526,0.5882505774497986,0.0,0.5356119871139526,0.0001,0.0,9.472,1.3442,0.2822
248,stage1,0,0.48784250020980835,0.5970839262008667,0.0,0.48784250020980835,0.0001,0.0,9.469,0.7451,6.4086
249,stage1,0,0.5165848731994629,0.5710843205451965,0.0,0.5165848731994629,0.0001,0.0,9.472,1.3518,0.2797
250,stage1,0,0.5239524245262146,0.6183955073356628,0.0,0.5239524245262146,0.0001,0.0,9.469,1.3745,0.2811
251,stage1,0,0.4987829625606537,0.6056452393531799,0.0,0.4987829625606537,0.0001,0.0,9.472,1.5754,0.2811
252,stage1,0,0.5195415616035461,0.5775830149650574,0.0,0.5195415616035461,0.0001,0.0,9.469,1.5295,0.2815
253,stage1,0,0.4207534193992615,0.5346767902374268,0.0,0.4207534193992615,0.0001,0.0,9.472,0.8764,0.2809
254,stage1,0,0.48660945892333984,0.5859254002571106,0.0,0.48660945892333984,0.0001,0.0,9.469,1.3699,0.2806
255,stage1,0,0.46069061756134033,0.5632149577140808,0.0,0.46069061756134033,0.0001,0.0,9.472,1.4564,0.281
256,stage1,0,0.5594735741615295,0.6118175983428955,0.0,0.5594735741615295,0.0001,0.0,9.469,0.8852,6.5243
257,stage1,0,0.5080493092536926,0.586391031742096,0.0,0.5080493092536926,0.0001,0.0,9.472,1.2125,0.347
258,stage1,0,0.647115170955658,0.613995373249054,0.0,0.647115170955658,0.0001,0.0,9.469,1.6917,0.2728
259,stage1,0,0.5076968669891357,0.5720000267028809,0.0,0.5076968669891357,0.0001,0.0,9.472,0.9449,0.2809
260,stage1,0,0.3847162425518036,0.5393097400665283,0.0,0.3847162425518036,0.0001,0.0,9.469,1.1507,0.2815
261,stage1,0,0.5181735157966614,0.5578398704528809,0.0,0.5181735157966614,0.0001,0.0,9.472,1.2324,0.2806
262,stage1,0,0.49386706948280334,0.5624067783355713,0.0,0.49386706948280334,0.0001,0.0,9.469,0.8601,0.2817
263,stage1,0,0.5113574266433716,0.5610796809196472,0.0,0.5113574266433716,0.0001,0.0,9.472,1.4315,0.2857
264,stage1,0,0.5285424590110779,0.5731881260871887,0.0,0.5285424590110779,0.0001,0.0,9.469,1.4964,6.5076
265,stage1,0,0.4859510064125061,0.5391491055488586,0.0,0.4859510064125061,0.0001,0.0,9.472,1.2216,0.281
266,stage1,0,0.5726312398910522,0.587519645690918,0.0,0.5726312398910522,0.0001,0.0,9.469,1.4017,0.2811
267,stage1,0,0.39061737060546875,0.5405681729316711,0.0,0.39061737060546875,0.0001,0.0,9.472,0.6944,0.2801
268,stage1,0,0.5476231575012207,0.5723589658737183,0.0,0.5476231575012207,0.0001,0.0,9.469,2.7193,0.279
269,stage1,0,0.4475102424621582,0.5621626377105713,0.0,0.4475102424621582,0.0001,0.0,9.472,1.2681,0.2776
270,stage1,0,0.5205187201499939,0.5696912407875061,0.0,0.5205187201499939,0.0001,0.0,9.469,1.2236,0.3029
271,stage1,0,0.5280914902687073,0.5582506656646729,0.0,0.5280914902687073,0.0001,0.0,9.472,0.6853,0.2856
272,stage1,0,0.48295944929122925,0.5484459400177002,0.0,0.48295944929122925,0.0001,0.0,9.469,0.6597,6.4631
273,stage1,0,0.447218656539917,0.5623209476470947,0.0,0.447218656539917,0.0001,0.0,9.472,1.1545,0.2801
274,stage1,0,0.4849473237991333,0.5628041625022888,0.0,0.4849473237991333,0.0001,0.0,9.469,1.1533,0.282
275,stage1,0,0.4949003756046295,0.5667069554328918,0.0,0.4949003756046295,0.0001,0.0,9.472,1.4436,0.2806
276,stage1,0,0.5556130409240723,0.5876149535179138,0.0,0.5556130409240723,0.0001,0.0,9.469,1.174,0.2804
277,stage1,0,0.5845592617988586,0.6084619164466858,0.0,0.5845592617988586,0.0001,0.0,9.472,1.2611,0.2858
278,stage1,0,0.48540857434272766,0.553989052772522,0.0,0.48540857434272766,0.0001,0.0,9.469,1.5249,0.2871
279,stage1,0,0.4520668685436249,0.5441336035728455,0.0,0.4520668685436249,0.0001,0.0,9.472,1.6818,0.2816
280,stage1,0,0.43672823905944824,0.5202975273132324,0.0,0.43672823905944824,0.0001,0.0,9.469,0.7366,6.4577
281,stage1,0,0.4330958127975464,0.5546568036079407,0.0,0.4330958127975464,0.0001,0.0,9.472,1.3538,0.3122
282,stage1,0,0.45460784435272217,0.5359359383583069,0.0,0.45460784435272217,0.0001,0.0,9.469,1.5813,0.302
283,stage1,0,0.5214874744415283,0.5625117421150208,0.0,0.5214874744415283,0.0001,0.0,9.472,1.2371,0.2803
284,stage1,0,0.4586332440376282,0.5718057155609131,0.0,0.4586332440376282,0.0001,0.0,9.469,1.0799,0.2818
285,stage1,0,0.5156477689743042,0.5731456875801086,0.0,0.5156477689743042,0.0001,0.0,9.472,1.1705,0.281
286,stage1,0,0.3899044394493103,0.5376962423324585,0.0,0.3899044394493103,0.0001,0.0,9.469,0.9689,0.2814
287,stage1,0,0.47043153643608093,0.5778021216392517,0.0,0.47043153643608093,0.0001,0.0,9.472,0.9442,0.2819
288,stage1,0,0.4861166775226593,0.5527704358100891,0.0,0.4861166775226593,0.0001,0.0,9.469,1.7588,6.4261
289,stage1,0,0.45320284366607666,0.5367353558540344,0.0,0.45320284366607666,0.0001,0.0,9.472,0.7023,0.2805
290,stage1,0,0.5284720659255981,0.564970076084137,0.0,0.5284720659255981,0.0001,0.0,9.469,1.6106,0.2806
291,stage1,0,0.4924164116382599,0.570597767829895,0.0,0.4924164116382599,0.0001,0.0,9.472,1.6477,0.2802
292,stage1,0,0.570796012878418,0.5658597350120544,0.0,0.570796012878418,0.0001,0.0,9.469,2.0727,0.2856
293,stage1,0,0.4145667850971222,0.5318647623062134,0.0,0.4145667850971222,0.0001,0.0,9.472,1.0323,0.2809
294,stage1,0,0.5289785861968994,0.5573786497116089,0.0,0.5289785861968994,0.0001,0.0,9.469,1.0057,0.2861
295,stage1,0,0.39273908734321594,0.5327152013778687,0.0,0.39273908734321594,0.0001,0.0,9.472,1.4578,0.281
296,stage1,0,0.5126451849937439,0.5643913149833679,0.0,0.5126451849937439,0.0001,0.0,9.469,1.0332,6.4221
297,stage1,0,0.496419221162796,0.5597317814826965,0.0,0.496419221162796,0.0001,0.0,9.472,0.85,0.3404
298,stage1,0,0.5767010450363159,0.5860854983329773,0.0,0.5767010450363159,0.0001,0.0,9.469,1.5845,0.276
299,stage1,0,0.3879583477973938,0.5003944635391235,0.0,0.3879583477973938,0.0001,0.0,9.472,1.2915,0.2803
300,stage1,0,0.5940645933151245,0.5911698937416077,0.0,0.5940645933151245,0.0001,0.0,9.469,0.6065,0.2802
301,stage1,0,0.5254650712013245,0.5809847116470337,0.0,0.5254650712013245,0.0001,0.0,9.472,1.4538,0.2856
302,stage1,0,0.41309353709220886,0.5500016212463379,0.0,0.41309353709220886,0.0001,0.0,9.469,0.8117,0.2811
303,stage1,0,0.44622331857681274,0.5258999466896057,0.0,0.44622331857681274,0.0001,0.0,9.472,0.9557,0.2815
304,stage1,0,0.4866189658641815,0.5653089284896851,0.0,0.4866189658641815,0.0001,0.0,9.469,1.1617,6.5355
305,stage1,0,0.5008459091186523,0.5618688464164734,0.0,0.5008459091186523,0.0001,0.0,9.472,0.9725,0.2795
306,stage1,0,0.45695561170578003,0.5818992257118225,0.0,0.45695561170578003,0.0001,0.0,9.469,1.6482,0.2803
307,stage1,0,0.44372639060020447,0.5076616406440735,0.0,0.44372639060020447,0.0001,0.0,9.472,1.5771,0.2856
308,stage1,0,0.4229675531387329,0.5346394181251526,0.0,0.4229675531387329,0.0001,0.0,9.469,0.894,0.2798
309,stage1,0,0.5322996377944946,0.5724062323570251,0.0,0.5322996377944946,0.0001,0.0,9.472,1.2888,0.2805
310,stage1,0,0.4377603828907013,0.5875418186187744,0.0,0.4377603828907013,0.0001,0.0,9.469,1.0437,0.2821
311,stage1,0,0.4861721396446228,0.576394259929657,0.0,0.4861721396446228,0.0001,0.0,9.472,1.2828,0.3084
312,stage1,0,0.4665696322917938,0.5242125988006592,0.0,0.4665696322917938,0.0001,0.0,9.469,1.2705,6.5211
313,stage1,0,0.5389053225517273,0.5942360162734985,0.0,0.5389053225517273,0.0001,0.0,9.472,1.1391,0.2802
314,stage1,0,0.4739265441894531,0.5270659923553467,0.0,0.4739265441894531,0.0001,0.0,9.469,1.0358,0.2816
315,stage1,0,0.5125492811203003,0.5742729902267456,0.0,0.5125492811203003,0.0001,0.0,9.472,1.9162,0.2854
316,stage1,0,0.47382208704948425,0.5596211552619934,0.0,0.47382208704948425,0.0001,0.0,9.469,1.659,0.2804
317,stage1,0,0.41374173760414124,0.5076120495796204,0.0,0.41374173760414124,0.0001,0.0,9.472,0.7856,0.2808
318,stage1,0,0.4609888195991516,0.5441485643386841,0.0,0.4609888195991516,0.0001,0.0,9.469,0.8606,0.2844
319,stage1,0,0.48080193996429443,0.5658856630325317,0.0,0.48080193996429443,0.0001,0.0,9.472,1.2239,0.2815
320,stage1,0,0.5995845794677734,0.6214917898178101,0.0,0.5995845794677734,0.0001,0.0,9.469,2.015,6.519
321,stage1,0,0.46404364705085754,0.546565055847168,0.0,0.46404364705085754,0.0001,0.0,9.472,1.0905,0.2755
322,stage1,0,0.3755458891391754,0.4887204170227051,0.0,0.3755458891391754,0.0001,0.0,9.469,0.9184,0.2803
323,stage1,0,0.4972374737262726,0.5434238910675049,0.0,0.4972374737262726,0.0001,0.0,9.472,1.2233,0.3031
324,stage1,0,0.45045149326324463,0.5583990216255188,0.0,0.45045149326324463,0.0001,0.0,9.469,1.3626,0.3295
325,stage1,0,0.4312981367111206,0.5324556827545166,0.0,0.4312981367111206,0.0001,0.0,9.472,0.7861,0.2864
326,stage1,0,0.481842964887619,0.5389036536216736,0.0,0.481842964887619,0.0001,0.0,9.469,1.2884,0.2849
327,stage1,0,0.5409647226333618,0.5812390446662903,0.0,0.5409647226333618,0.0001,0.0,9.472,1.0533,0.2809
328,stage1,0,0.4300295114517212,0.5313860177993774,0.0,0.4300295114517212,0.0001,0.0,9.469,0.864,6.4605
329,stage1,0,0.48861995339393616,0.548599898815155,0.0,0.48861995339393616,0.0001,0.0,9.472,1.8063,0.2806
330,stage1,0,0.4131711721420288,0.5393074154853821,0.0,0.4131711721420288,0.0001,0.0,9.469,1.0071,0.2801
331,stage1,0,0.41327404975891113,0.5372598171234131,0.0,0.41327404975891113,0.0001,0.0,9.472,0.8654,0.2856
332,stage1,0,0.4112744629383087,0.5226004123687744,0.0,0.4112744629383087,0.0001,0.0,9.469,1.3257,0.2803
333,stage1,0,0.500062882900238,0.5486388206481934,0.0,0.500062882900238,0.0001,0.0,9.472,1.011,0.2763
334,stage1,0,0.47058314085006714,0.5368368625640869,0.0,0.47058314085006714,0.0001,0.0,9.469,1.7604,0.3012
335,stage1,0,0.504551351070404,0.5693415999412537,0.0,0.504551351070404,0.0001,0.0,9.472,0.9664,0.2841
336,stage1,0,0.429131418466568,0.5135742425918579,0.0,0.429131418466568,0.0001,0.0,9.469,1.114,6.4774
337,stage1,0,0.5098283886909485,0.5612902045249939,0.0,0.5098283886909485,0.0001,0.0,9.472,1.1553,0.2804
338,stage1,0,0.3929580748081207,0.5236184000968933,0.0,0.3929580748081207,0.0001,0.0,9.469,1.0311,0.281
339,stage1,0,0.47825726866722107,0.5593106746673584,0.0,0.47825726866722107,0.0001,0.0,9.472,1.2637,0.2808
340,stage1,0,0.36554744839668274,0.5026329755783081,0.0,0.36554744839668274,0.0001,0.0,9.469,0.8056,0.3412
341,stage1,0,0.5350432395935059,0.5698097348213196,0.0,0.5350432395935059,0.0001,0.0,9.472,0.7907,0.2754
342,stage1,0,0.5251008868217468,0.56144779920578,0.0,0.5251008868217468,0.0001,0.0,9.469,1.1648,0.2855
343,stage1,0,0.43118155002593994,0.5148173570632935,0.0,0.43118155002593994,0.0001,0.0,9.472,1.196,0.2814
344,stage1,0,0.528839111328125,0.5751680731773376,0.0,0.528839111328125,0.0001,0.0,9.469,1.818,6.5218
345,stage1,0,0.42382603883743286,0.4980223476886749,0.0,0.42382603883743286,0.0001,0.0,9.472,0.8927,0.2809
346,stage1,0,0.41241762042045593,0.524299144744873,0.0,0.41241762042045593,0.0001,0.0,9.469,1.184,0.2801
347,stage1,0,0.4265820384025574,0.5445653796195984,0.0,0.4265820384025574,0.0001,0.0,9.472,1.1657,0.2809
348,stage1,0,0.420479416847229,0.5503348708152771,0.0,0.420479416847229,0.0001,0.0,9.469,0.9677,0.2808
349,stage1,0,0.4472607672214508,0.5386306047439575,0.0,0.4472607672214508,0.0001,0.0,9.472,1.4014,0.2813
350,stage1,0,0.4712941646575928,0.5335944294929504,0.0,0.4712941646575928,0.0001,0.0,9.469,1.8446,0.2817
351,stage1,0,0.45648983120918274,0.5353216528892517,0.0,0.45648983120918274,0.0001,0.0,9.472,0.6346,0.3377
352,stage1,0,0.46917420625686646,0.5588607788085938,0.0,0.46917420625686646,0.0001,0.0,9.469,1.1144,6.4809
353,stage1,0,0.4697841703891754,0.5357843637466431,0.0,0.4697841703891754,0.0001,0.0,9.472,1.5489,0.2811
354,stage1,0,0.5102694630622864,0.6000971794128418,0.0,0.5102694630622864,0.0001,0.0,9.469,1.3583,0.3372
355,stage1,0,0.500845730304718,0.5658336877822876,0.0,0.500845730304718,0.0001,0.0,9.472,1.4591,0.2832
356,stage1,0,0.4325181543827057,0.5434464812278748,0.0,0.4325181543827057,0.0001,0.0,9.469,1.4147,0.282
357,stage1,0,0.4770034849643707,0.5554120540618896,0.0,0.4770034849643707,0.0001,0.0,9.472,1.1345,0.2813
358,stage1,0,0.4187644124031067,0.5101605653762817,0.0,0.4187644124031067,0.0001,0.0,9.469,0.5313,0.2823
359,stage1,0,0.4601982831954956,0.54232257604599,0.0,0.4601982831954956,0.0001,0.0,9.472,1.3811,0.2818
360,stage1,0,0.5122030377388,0.5611189603805542,0.0,0.5122030377388,0.0001,0.0,9.469,1.4532,6.4501
361,stage1,0,0.39587903022766113,0.5410141944885254,0.0,0.39587903022766113,0.0001,0.0,9.472,0.9957,0.2804
362,stage1,0,0.4814591407775879,0.5498783588409424,0.0,0.4814591407775879,0.0001,0.0,9.469,1.2495,0.2816
363,stage1,0,0.42722102999687195,0.5326336026191711,0.0,0.42722102999687195,0.0001,0.0,9.472,1.0817,0.2807
364,stage1,0,0.47780418395996094,0.5432322025299072,0.0,0.47780418395996094,0.0001,0.0,9.469,0.7499,0.2818
365,stage1,0,0.44527164101600647,0.5375052094459534,0.0,0.44527164101600647,0.0001,0.0,9.472,0.9503,0.3379
366,stage1,0,0.3932623863220215,0.5225962400436401,0.0,0.3932623863220215,0.0001,0.0,9.469,0.5416,0.279
367,stage1,0,0.5230100154876709,0.5677776336669922,0.0,0.5230100154876709,0.0001,0.0,9.472,1.2681,0.2806
368,stage1,0,0.5120930671691895,0.5418001413345337,0.0,0.5120930671691895,0.0001,0.0,9.469,1.1947,6.4615
369,stage1,0,0.4737262427806854,0.5618913769721985,0.0,0.4737262427806854,0.0001,0.0,9.472,0.9098,0.2804
370,stage1,0,0.4796905219554901,0.5588859915733337,0.0,0.4796905219554901,0.0001,0.0,9.469,0.8635,0.2803
371,stage1,0,0.44068509340286255,0.5333957672119141,0.0,0.44068509340286255,0.0001,0.0,9.472,1.0728,0.2825
372,stage1,0,0.5142002105712891,0.5611737370491028,0.0,0.5142002105712891,0.0001,0.0,9.469,1.1388,0.2803
373,stage1,0,0.38602253794670105,0.4939890205860138,0.0,0.38602253794670105,0.0001,0.0,9.472,0.7518,0.282
374,stage1,0,0.4211356043815613,0.5368371605873108,0.0,0.4211356043815613,0.0001,0.0,9.469,0.7017,0.2812
375,stage1,0,0.504671573638916,0.5417013764381409,0.0,0.504671573638916,0.0001,0.0,9.472,1.3888,0.2806
376,stage1,0,0.46196725964546204,0.5302420258522034,0.0,0.46196725964546204,0.0001,0.0,9.469,0.9852,6.4097
377,stage1,0,0.44594213366508484,0.5246971249580383,0.0,0.44594213366508484,0.0001,0.0,9.472,0.7562,0.2777
378,stage1,0,0.482331246137619,0.5650995969772339,0.0,0.482331246137619,0.0001,0.0,9.469,1.1425,0.2987
379,stage1,0,0.48167407512664795,0.5333205461502075,0.0,0.48167407512664795,0.0001,0.0,9.472,1.2703,0.286
380,stage1,0,0.40988704562187195,0.5170798897743225,0.0,0.40988704562187195,0.0001,0.0,9.469,1.547,0.3392
381,stage1,0,0.4976746141910553,0.5934553742408752,0.0,0.4976746141910553,0.0001,0.0,9.472,1.0233,0.277
382,stage1,0,0.3946622312068939,0.5202606320381165,0.0,0.3946622312068939,0.0001,0.0,9.469,1.3228,0.2818
383,stage1,0,0.4284529387950897,0.5401683449745178,0.0,0.4284529387950897,0.0001,0.0,9.472,0.8852,0.2816
384,stage1,0,0.487014502286911,0.5517309308052063,0.0,0.487014502286911,0.0001,0.0,9.469,0.9862,6.4014
385,stage1,0,0.3977408707141876,0.49212488532066345,0.0,0.3977408707141876,0.0001,0.0,9.472,0.7519,0.2797
386,stage1,0,0.49307385087013245,0.5637919306755066,0.0,0.49307385087013245,0.0001,0.0,9.469,0.971,0.2792
387,stage1,0,0.3960613012313843,0.5344734787940979,0.0,0.3960613012313843,0.0001,0.0,9.472,0.9377,0.2771
388,stage1,0,0.47877413034439087,0.5305586457252502,0.0,0.47877413034439087,0.0001,0.0,9.469,0.7726,0.3044
389,stage1,0,0.4309874475002289,0.5091838836669922,0.0,0.4309874475002289,0.0001,0.0,9.472,0.668,0.2838
390,stage1,0,0.4353586435317993,0.5294243097305298,0.0,0.4353586435317993,0.0001,0.0,9.469,1.2429,0.2771
391,stage1,0,0.40148672461509705,0.5287173390388489,0.0,0.40148672461509705,0.0001,0.0,9.472,1.022,0.2775
392,stage1,0,0.45253288745880127,0.5367766618728638,0.0,0.45253288745880127,0.0001,0.0,9.469,1.0431,6.6339
393,stage1,0,0.3860428035259247,0.5243783593177795,0.0,0.3860428035259247,0.0001,0.0,9.472,1.0707,0.3319
394,stage1,0,0.4555276930332184,0.5217691659927368,0.0,0.4555276930332184,0.0001,0.0,9.469,0.7409,0.2874
395,stage1,0,0.4408412575721741,0.5310328602790833,0.0,0.4408412575721741,0.0001,0.0,9.472,1.1505,0.2806
396,stage1,0,0.44825807213783264,0.5277261137962341,0.0,0.44825807213783264,0.0001,0.0,9.469,0.8419,0.2814
397,stage1,0,0.3736807107925415,0.4826396107673645,0.0,0.3736807107925415,0.0001,0.0,9.472,0.8369,0.2813
398,stage1,0,0.4646991193294525,0.5172883868217468,0.0,0.4646991193294525,0.0001,0.0,9.469,1.1,0.2813
399,stage1,0,0.43521279096603394,0.5298312902450562,0.0,0.43521279096603394,0.0001,0.0,9.472,0.8274,0.2776
400,stage1,0,0.4652870297431946,0.5251762270927429,0.0,0.4652870297431946,0.0001,0.0,9.469,0.833,6.4337
401,stage1,0,0.38454461097717285,0.525948166847229,0.0,0.38454461097717285,0.0001,0.0,9.472,1.4312,0.2809
402,stage1,0,0.4350840151309967,0.5301330089569092,0.0,0.4350840151309967,0.0001,0.0,9.469,1.2552,0.2798
403,stage1,0,0.4127631187438965,0.5188453197479248,0.0,0.4127631187438965,0.0001,0.0,9.472,1.3283,0.2816
404,stage1,0,0.4836440980434418,0.5175685882568359,0.0,0.4836440980434418,0.0001,0.0,9.469,1.03,0.2847
405,stage1,0,0.4349328279495239,0.5142050385475159,0.0,0.4349328279495239,0.0001,0.0,9.472,0.8967,0.318
406,stage1,0,0.30501243472099304,0.48697781562805176,0.0,0.30501243472099304,0.0001,0.0,9.469,0.6865,0.2999
407,stage1,0,0.4786330461502075,0.5331711173057556,0.0,0.4786330461502075,0.0001,0.0,9.472,0.8687,0.2799
408,stage1,0,0.41103050112724304,0.5155046582221985,0.0,0.41103050112724304,0.0001,0.0,9.469,0.8073,6.416
409,stage1,0,0.483751118183136,0.5291995406150818,0.0,0.483751118183136,0.0001,0.0,9.472,1.061,0.2808
410,stage1,0,0.4304317831993103,0.5103731155395508,0.0,0.4304317831993103,0.0001,0.0,9.469,1.2644,0.2804
411,stage1,0,0.4371291399002075,0.5342577695846558,0.0,0.4371291399002075,0.0001,0.0,9.472,1.1135,0.2807
412,stage1,0,0.441694974899292,0.5096235275268555,0.0,0.441694974899292,0.0001,0.0,9.469,0.7115,0.2797
413,stage1,0,0.3860136568546295,0.5012197494506836,0.0,0.3860136568546295,0.0001,0.0,9.472,0.7925,0.2829
414,stage1,0,0.4256522059440613,0.5169088840484619,0.0,0.4256522059440613,0.0001,0.0,9.469,1.1489,0.2854
415,stage1,0,0.4675832986831665,0.5416043400764465,0.0,0.4675832986831665,0.0001,0.0,9.472,1.6745,0.2814
416,stage1,0,0.4216407239437103,0.519649088382721,0.0,0.4216407239437103,0.0001,0.0,9.469,1.4019,6.5805
417,stage1,0,0.42312169075012207,0.53950434923172,0.0,0.42312169075012207,0.0001,0.0,9.472,0.8735,0.2804
418,stage1,0,0.4183550477027893,0.5072635412216187,0.0,0.4183550477027893,0.0001,0.0,9.469,1.2505,0.2801
419,stage1,0,0.3190464675426483,0.4769926369190216,0.0,0.3190464675426483,0.0001,0.0,9.472,0.5828,0.3397
420,stage1,0,0.5359326601028442,0.5475509166717529,0.0,0.5359326601028442,0.0001,0.0,9.469,1.6404,0.2774
421,stage1,0,0.43906691670417786,0.5087493062019348,0.0,0.43906691670417786,0.0001,0.0,9.472,1.5726,0.2818
422,stage1,0,0.41268375515937805,0.5074952244758606,0.0,0.41268375515937805,0.0001,0.0,9.469,1.0939,0.2808
423,stage1,0,0.44616687297821045,0.5480433106422424,0.0,0.44616687297821045,0.0001,0.0,9.472,0.7476,0.2803
424,stage1,0,0.43996474146842957,0.5307986736297607,0.0,0.43996474146842957,0.0001,0.0,9.469,1.0472,6.3792
425,stage1,0,0.4061313569545746,0.5460914373397827,0.0,0.4061313569545746,0.0001,0.0,9.472,1.0943,0.2794
426,stage1,0,0.3926207423210144,0.493486613035202,0.0,0.3926207423210144,0.0001,0.0,9.469,1.0679,0.28
427,stage1,0,0.4940842390060425,0.5511423349380493,0.0,0.4940842390060425,0.0001,0.0,9.472,0.7507,0.28
428,stage1,0,0.4480847716331482,0.5428343415260315,0.0,0.4480847716331482,0.0001,0.0,9.469,1.2618,0.2803
429,stage1,0,0.3946061432361603,0.510460615158081,0.0,0.3946061432361603,0.0001,0.0,9.472,0.9456,0.2807
430,stage1,0,0.3928394317626953,0.5036672353744507,0.0,0.3928394317626953,0.0001,0.0,9.469,1.6717,0.2795
431,stage1,0,0.4394911229610443,0.5253757238388062,0.0,0.4394911229610443,0.0001,0.0,9.472,0.8946,0.3367
432,stage1,0,0.605874240398407,0.5734650492668152,0.0,0.605874240398407,0.0001,0.0,9.469,1.6179,6.3499
433,stage1,0,0.3925304412841797,0.48351261019706726,0.0,0.3925304412841797,0.0001,0.0,9.472,1.3213,0.3017
434,stage1,0,0.4037829041481018,0.5073078274726868,0.0,0.4037829041481018,0.0001,0.0,9.469,0.9557,0.2824
435,stage1,0,0.438364714384079,0.5149965286254883,0.0,0.438364714384079,0.0001,0.0,9.472,1.0609,0.3367
436,stage1,0,0.40786176919937134,0.5094903707504272,0.0,0.40786176919937134,0.0001,0.0,9.469,1.0406,0.2777
437,stage1,0,0.4344542622566223,0.5154624581336975,0.0,0.4344542622566223,0.0001,0.0,9.472,1.3709,0.2802
438,stage1,0,0.4398219585418701,0.5135722756385803,0.0,0.4398219585418701,0.0001,0.0,9.469,0.7381,0.2802
439,stage1,0,0.4807896912097931,0.5254545211791992,0.0,0.4807896912097931,0.0001,0.0,9.472,1.055,0.2798
440,stage1,0,0.38306623697280884,0.5294240117073059,0.0,0.38306623697280884,0.0001,0.0,9.469,1.0528,6.3426
441,stage1,0,0.4887896478176117,0.5244994163513184,0.0,0.4887896478176117,0.0001,0.0,9.472,0.8082,0.2796
442,stage1,0,0.4381052851676941,0.5066076517105103,0.0,0.4381052851676941,0.0001,0.0,9.469,0.6582,0.2804
443,stage1,0,0.49652376770973206,0.5385330319404602,0.0,0.49652376770973206,0.0001,0.0,9.472,0.9434,0.2808
444,stage1,0,0.45226171612739563,0.540835440158844,0.0,0.45226171612739563,0.0001,0.0,9.469,1.0484,0.2803
445,stage1,0,0.43111735582351685,0.511757493019104,0.0,0.43111735582351685,0.0001,0.0,9.472,1.355,0.2857
446,stage1,0,0.33275124430656433,0.48524680733680725,0.0,0.33275124430656433,0.0001,0.0,9.469,0.797,0.3418
447,stage1,0,0.38895517587661743,0.49049490690231323,0.0,0.38895517587661743,0.0001,0.0,9.472,1.29,0.2755
448,stage1,0,0.441633939743042,0.5307472348213196,0.0,0.441633939743042,0.0001,0.0,9.469,0.7538,6.5023
449,stage1,0,0.3577457666397095,0.47474515438079834,0.0,0.3577457666397095,0.0001,0.0,9.472,0.7464,0.2804
450,stage1,0,0.3701859414577484,0.4930577874183655,0.0,0.3701859414577484,0.0001,0.0,9.469,0.8415,0.2796
451,stage1,0,0.45284348726272583,0.512820839881897,0.0,0.45284348726272583,0.0001,0.0,9.472,0.7852,0.2809
452,stage1,0,0.4081186056137085,0.5039612054824829,0.0,0.4081186056137085,0.0001,0.0,9.469,1.1063,0.2803
453,stage1,0,0.5259929895401001,0.5348679423332214,0.0,0.5259929895401001,0.0001,0.0,9.472,0.854,0.2859
454,stage1,0,0.5000685453414917,0.5312207937240601,0.0,0.5000685453414917,0.0001,0.0,9.469,1.2092,0.2815
455,stage1,0,0.46503299474716187,0.5183084011077881,0.0,0.46503299474716187,0.0001,0.0,9.472,1.0985,0.2811
456,stage1,0,0.41513124108314514,0.5131516456604004,0.0,0.41513124108314514,0.0001,0.0,9.469,0.8492,6.482
457,stage1,0,0.40330252051353455,0.5019822120666504,0.0,0.40330252051353455,0.0001,0.0,9.472,1.0544,0.288
458,stage1,0,0.48715800046920776,0.5478363633155823,0.0,0.48715800046920776,0.0001,0.0,9.469,1.3304,0.2809
459,stage1,0,0.41792380809783936,0.5433046221733093,0.0,0.41792380809783936,0.0001,0.0,9.472,1.2601,0.2803
460,stage1,0,0.44303107261657715,0.5197513699531555,0.0,0.44303107261657715,0.0001,0.0,9.469,1.3551,0.3465
461,stage1,0,0.4081881642341614,0.5324394702911377,0.0,0.4081881642341614,0.0001,0.0,9.472,1.0551,0.2741
462,stage1,0,0.4107585847377777,0.5035322308540344,0.0,0.4107585847377777,0.0001,0.0,9.469,1.4468,0.2811
463,stage1,0,0.4368298351764679,0.5062069296836853,0.0,0.4368298351764679,0.0001,0.0,9.472,1.0634,0.2821
464,stage1,0,0.4059975743293762,0.508795440196991,0.0,0.4059975743293762,0.0001,0.0,9.469,0.7112,6.3895
465,stage1,0,0.4378131031990051,0.5338079929351807,0.0,0.4378131031990051,0.0001,0.0,9.472,0.8506,0.2799
466,stage1,0,0.3702262341976166,0.4935036897659302,0.0,0.3702262341976166,0.0001,0.0,9.469,1.2172,0.2816
467,stage1,0,0.46705740690231323,0.5265440344810486,0.0,0.46705740690231323,0.0001,0.0,9.472,0.9318,0.2799
468,stage1,0,0.32993030548095703,0.48068875074386597,0.0,0.32993030548095703,0.0001,0.0,9.469,0.8683,0.2855
469,stage1,0,0.4136560261249542,0.5140171647071838,0.0,0.4136560261249542,0.0001,0.0,9.472,0.9257,0.2814
470,stage1,0,0.4472190737724304,0.5301200747489929,0.0,0.4472190737724304,0.0001,0.0,9.469,1.0419,0.281
471,stage1,0,0.458406001329422,0.5230616331100464,0.0,0.458406001329422,0.0001,0.0,9.472,1.0427,0.2851
472,stage1,0,0.39733532071113586,0.4948318898677826,0.0,0.39733532071113586,0.0001,0.0,9.469,0.7726,6.444
473,stage1,0,0.48096615076065063,0.5396040081977844,0.0,0.48096615076065063,0.0001,0.0,9.472,0.9281,0.2799
474,stage1,0,0.3898288905620575,0.5123838186264038,0.0,0.3898288905620575,0.0001,0.0,9.469,0.7876,0.286
475,stage1,0,0.41913020610809326,0.49986642599105835,0.0,0.41913020610809326,0.0001,0.0,9.472,1.0296,0.2881
476,stage1,0,0.4176119565963745,0.539303719997406,0.0,0.4176119565963745,0.0001,0.0,9.469,1.1585,0.3273
477,stage1,0,0.4472349286079407,0.5193751454353333,0.0,0.4472349286079407,0.0001,0.0,9.472,1.0389,0.2789
478,stage1,0,0.47666236758232117,0.509382963180542,0.0,0.47666236758232117,0.0001,0.0,9.469,0.9768,0.2813
479,stage1,0,0.392267644405365,0.5055840611457825,0.0,0.392267644405365,0.0001,0.0,9.472,0.965,0.281
480,stage1,0,0.3264821767807007,0.4602664113044739,0.0,0.3264821767807007,0.0001,0.0,9.469,0.8567,6.3753
481,stage1,0,0.47721967101097107,0.550116777420044,0.0,0.47721967101097107,0.0001,0.0,9.472,1.1277,0.2797
482,stage1,0,0.37650710344314575,0.48099231719970703,0.0,0.37650710344314575,0.0001,0.0,9.469,0.659,0.2814
483,stage1,0,0.4206264615058899,0.5230181813240051,0.0,0.4206264615058899,0.0001,0.0,9.472,0.6822,0.2807
484,stage1,0,0.4069772958755493,0.48533180356025696,0.0,0.4069772958755493,0.0001,0.0,9.469,1.1322,0.2806
485,stage1,0,0.36313244700431824,0.49472901225090027,0.0,0.36313244700431824,0.0001,0.0,9.472,0.625,0.2802
486,stage1,0,0.5057982802391052,0.5551504492759705,0.0,0.5057982802391052,0.0001,0.0,9.469,1.1913,0.2811
487,stage1,0,0.4387422800064087,0.5523673295974731,0.0,0.4387422800064087,0.0001,0.0,9.472,0.8303,0.2807
488,stage1,0,0.4114571809768677,0.504117488861084,0.0,0.4114571809768677,0.0001,0.0,9.469,0.807,6.4259
489,stage1,0,0.4261360764503479,0.5155671834945679,0.0,0.4261360764503479,0.0001,0.0,9.472,0.8675,0.2982
490,stage1,0,0.3495008647441864,0.4926888048648834,0.0,0.3495008647441864,0.0001,0.0,9.469,1.198,0.3346
491,stage1,0,0.42820242047309875,0.503520667552948,0.0,0.42820242047309875,0.0001,0.0,9.472,1.0774,0.2823
492,stage1,0,0.43133974075317383,0.49460703134536743,0.0,0.43133974075317383,0.0001,0.0,9.469,0.9924,0.2807
493,stage1,0,0.37124282121658325,0.48468244075775146,0.0,0.37124282121658325,0.0001,0.0,9.472,0.8031,0.2861
494,stage1,0,0.36378219723701477,0.5143663883209229,0.0,0.36378219723701477,0.0001,0.0,9.469,0.9721,0.2814
495,stage1,0,0.37318456172943115,0.489915132522583,0.0,0.37318456172943115,0.0001,0.0,9.472,0.9608,0.2812
496,stage1,0,0.4137703478336334,0.5031310319900513,0.0,0.4137703478336334,0.0001,0.0,9.469,0.9258,6.3915
497,stage1,0,0.4423125386238098,0.5281170010566711,0.0,0.4423125386238098,0.0001,0.0,9.472,1.3178,0.2847
498,stage1,0,0.425918310880661,0.5079853534698486,0.0,0.425918310880661,0.0001,0.0,9.469,0.8456,0.2812
499,stage1,0,0.43742939829826355,0.4943585991859436,0.0,0.43742939829826355,0.0001,0.0,9.472,0.9513,0.28
500,stage1,0,0.39843761920928955,0.5204275846481323,0.0,0.39843761920928955,0.0001,0.0,9.469,0.6333,0.2824
501,stage1,0,0.5140780806541443,0.5498092174530029,0.0,0.5140780806541443,0.0001,0.0,9.472,1.1276,0.3134
502,stage1,0,0.3730336129665375,0.4989527463912964,0.0,0.3730336129665375,0.0001,0.0,9.469,0.9305,0.3026
503,stage1,0,0.39594730734825134,0.523811399936676,0.0,0.39594730734825134,0.0001,0.0,9.472,0.5721,0.2808
504,stage1,0,0.4035409688949585,0.5125069618225098,0.0,0.4035409688949585,0.0001,0.0,9.469,0.7563,6.391
505,stage1,0,0.4301522970199585,0.5135599374771118,0.0,0.4301522970199585,0.0001,0.0,9.472,0.9298,0.2793
506,stage1,0,0.38830849528312683,0.4724538326263428,0.0,0.38830849528312683,0.0001,0.0,9.469,0.8307,0.2807
507,stage1,0,0.4343235492706299,0.5252342820167542,0.0,0.4343235492706299,0.0001,0.0,9.472,0.891,0.2806
508,stage1,0,0.42173027992248535,0.5209904909133911,0.0,0.42173027992248535,0.0001,0.0,9.469,0.898,0.2818
509,stage1,0,0.38358044624328613,0.49766111373901367,0.0,0.38358044624328613,0.0001,0.0,9.472,0.7271,0.2808
510,stage1,0,0.4805530905723572,0.5411360859870911,0.0,0.4805530905723572,0.0001,0.0,9.469,1.0683,0.2809
511,stage1,0,0.4049523174762726,0.49768275022506714,0.0,0.4049523174762726,0.0001,0.0,9.472,0.8335,0.2814
512,stage1,0,0.4374891221523285,0.5228842496871948,0.0,0.4374891221523285,0.0001,0.0,9.469,0.8402,6.4432
513,stage1,0,0.40955573320388794,0.5144608020782471,0.0,0.40955573320388794,0.0001,0.0,9.472,1.2419,0.2794
514,stage1,0,0.3856561779975891,0.5157119631767273,0.0,0.3856561779975891,0.0001,0.0,9.469,0.9685,0.2804
515,stage1,0,0.410444974899292,0.4931972026824951,0.0,0.410444974899292,0.0001,0.0,9.472,0.859,0.282
516,stage1,0,0.4013601541519165,0.5046132206916809,0.0,0.4013601541519165,0.0001,0.0,9.469,0.6901,0.3369
517,stage1,0,0.35073745250701904,0.48276546597480774,0.0,0.35073745250701904,0.0001,0.0,9.472,1.0363,0.2781
518,stage1,0,0.42205506563186646,0.5068310499191284,0.0,0.42205506563186646,0.0001,0.0,9.469,1.0986,0.2809
519,stage1,0,0.3948914706707001,0.5014594793319702,0.0,0.3948914706707001,0.0001,0.0,9.472,1.1547,0.2815
520,stage1,0,0.33369216322898865,0.4830067753791809,0.0,0.33369216322898865,0.0001,0.0,9.469,0.6219,6.4166
521,stage1,0,0.42493414878845215,0.507673442363739,0.0,0.42493414878845215,0.0001,0.0,9.472,1.0171,0.2792
522,stage1,0,0.3498624563217163,0.48098060488700867,0.0,0.3498624563217163,0.0001,0.0,9.469,0.8565,0.2807
523,stage1,0,0.41319960355758667,0.5257120728492737,0.0,0.41319960355758667,0.0001,0.0,9.472,0.7997,0.2806
524,stage1,0,0.33604133129119873,0.4748148024082184,0.0,0.33604133129119873,0.0001,0.0,9.469,0.8869,0.2809
525,stage1,0,0.3458985388278961,0.48943665623664856,0.0,0.3458985388278961,0.0001,0.0,9.472,0.9669,0.2803
526,stage1,0,0.41433238983154297,0.5110345482826233,0.0,0.41433238983154297,0.0001,0.0,9.469,0.9547,0.3362
527,stage1,0,0.36335915327072144,0.49889007210731506,0.0,0.36335915327072144,0.0001,0.0,9.472,1.0887,0.279
528,stage1,0,0.40108659863471985,0.5142968893051147,0.0,0.40108659863471985,0.0001,0.0,9.469,1.2982,6.4958
529,stage1,0,0.42035341262817383,0.5261622667312622,0.0,0.42035341262817383,0.0001,0.0,9.472,1.1386,0.2822
530,stage1,0,0.4195731580257416,0.503329336643219,0.0,0.4195731580257416,0.0001,0.0,9.469,1.044,0.2852
531,stage1,0,0.4167906641960144,0.5388575196266174,0.0,0.4167906641960144,0.0001,0.0,9.472,1.1848,0.2875
532,stage1,0,0.35000020265579224,0.4929223656654358,0.0,0.35000020265579224,0.0001,0.0,9.469,1.0535,0.286
533,stage1,0,0.3706025183200836,0.5130998492240906,0.0,0.3706025183200836,0.0001,0.0,9.472,0.8973,0.28
534,stage1,0,0.4106447100639343,0.5095517039299011,0.0,0.4106447100639343,0.0001,0.0,9.469,1.0392,0.2782
535,stage1,0,0.3917286992073059,0.48817509412765503,0.0,0.3917286992073059,0.0001,0.0,9.472,1.2472,0.3042
536,stage1,0,0.34893038868904114,0.47836658358573914,0.0,0.34893038868904114,0.0001,0.0,9.469,0.8662,6.5386
537,stage1,0,0.3624228537082672,0.48498308658599854,0.0,0.3624228537082672,0.0001,0.0,9.472,1.0693,0.3347
538,stage1,0,0.4230899512767792,0.48966971039772034,0.0,0.4230899512767792,0.0001,0.0,9.469,0.9057,0.2965
539,stage1,0,0.3987029194831848,0.5036132335662842,0.0,0.3987029194831848,0.0001,0.0,9.472,0.9303,0.2881
540,stage1,0,0.4884940981864929,0.5082337856292725,0.0,0.4884940981864929,0.0001,0.0,9.469,1.0184,0.2877
541,stage1,0,0.4002704620361328,0.493031769990921,0.0,0.4002704620361328,0.0001,0.0,9.472,1.0671,0.3105
542,stage1,0,0.4221872091293335,0.513126015663147,0.0,0.4221872091293335,0.0001,0.0,9.469,0.686,0.3202
543,stage1,0,0.40240222215652466,0.4845999479293823,0.0,0.40240222215652466,0.0001,0.0,9.472,0.9759,0.2919
544,stage1,0,0.37006789445877075,0.48114192485809326,0.0,0.37006789445877075,0.0001,0.0,9.469,1.0201,6.672
545,stage1,0,0.4250766932964325,0.49970290064811707,0.0,0.4250766932964325,0.0001,0.0,9.472,1.0823,0.2857
546,stage1,0,0.4446166455745697,0.5372102856636047,0.0,0.4446166455745697,0.0001,0.0,9.469,1.1578,0.2928
547,stage1,0,0.2954094111919403,0.4936867654323578,0.0,0.2954094111919403,0.0001,0.0,9.472,0.6146,0.3449
548,stage1,0,0.32059571146965027,0.4785836935043335,0.0,0.32059571146965027,0.0001,0.0,9.469,0.7509,0.2805
549,stage1,0,0.3872321546077728,0.49672600626945496,0.0,0.3872321546077728,0.0001,0.0,9.472,0.7719,0.2867
550,stage1,0,0.4577687084674835,0.505591094493866,0.0,0.4577687084674835,0.0001,0.0,9.469,1.4137,0.2877
551,stage1,0,0.39153704047203064,0.4846964478492737,0.0,0.39153704047203064,0.0001,0.0,9.472,0.976,0.2903
552,stage1,0,0.4220394492149353,0.48753970861434937,0.0,0.4220394492149353,0.0001,0.0,9.469,0.8229,6.6718
553,stage1,0,0.3775442838668823,0.5039041042327881,0.0,0.3775442838668823,0.0001,0.0,9.472,0.7762,0.3443
554,stage1,0,0.3846200108528137,0.5025160312652588,0.0,0.3846200108528137,0.0001,0.0,9.469,0.707,0.2809
555,stage1,0,0.4116346538066864,0.47932592034339905,0.0,0.4116346538066864,0.0001,0.0,9.472,0.9445,0.2866
556,stage1,0,0.3513156473636627,0.4519280195236206,0.0,0.3513156473636627,0.0001,0.0,9.469,0.9708,0.287
557,stage1,0,0.3194476068019867,0.4964122772216797,0.0,0.3194476068019867,0.0001,0.0,9.472,1.1537,0.3003
558,stage1,0,0.3711085617542267,0.5052135586738586,0.0,0.3711085617542267,0.0001,0.0,9.469,1.0422,0.3423
559,stage1,0,0.4753303527832031,0.5150911211967468,0.0,0.4753303527832031,0.0001,0.0,9.472,1.2946,0.2855
560,stage1,0,0.41600731015205383,0.5073307156562805,0.0,0.41600731015205383,0.0001,0.0,9.469,0.848,6.7197
561,stage1,0,0.4154985845088959,0.49827611446380615,0.0,0.4154985845088959,0.0001,0.0,9.472,0.9767,0.2867
562,stage1,0,0.27531641721725464,0.43811845779418945,0.0,0.27531641721725464,0.0001,0.0,9.469,0.6364,0.2968
563,stage1,0,0.4562849998474121,0.5167919993400574,0.0,0.4562849998474121,0.0001,0.0,9.472,0.7754,0.2877
564,stage1,0,0.37909024953842163,0.4680478572845459,0.0,0.37909024953842163,0.0001,0.0,9.469,0.9003,0.3403
565,stage1,0,0.39620837569236755,0.4915926158428192,0.0,0.39620837569236755,0.0001,0.0,9.472,1.4871,0.2904
566,stage1,0,0.4068649411201477,0.5125941038131714,0.0,0.4068649411201477,0.0001,0.0,9.469,0.8988,0.2865
567,stage1,0,0.4165670871734619,0.5016242265701294,0.0,0.4165670871734619,0.0001,0.0,9.472,1.0022,0.298
568,stage1,0,0.38458937406539917,0.4801238775253296,0.0,0.38458937406539917,0.0001,0.0,9.469,0.9384,6.6497
569,stage1,0,0.34826576709747314,0.481717050075531,0.0,0.34826576709747314,0.0001,0.0,9.472,0.9211,0.2853
570,stage1,0,0.34498512744903564,0.47741955518722534,0.0,0.34498512744903564,0.0001,0.0,9.469,0.8601,0.2928
571,stage1,0,0.3658851683139801,0.5038945078849792,0.0,0.3658851683139801,0.0001,0.0,9.472,0.8556,0.345
572,stage1,0,0.4547078609466553,0.5367559194564819,0.0,0.4547078609466553,0.0001,0.0,9.469,1.3656,0.2953
573,stage1,0,0.36685919761657715,0.49334558844566345,0.0,0.36685919761657715,0.0001,0.0,9.472,0.8857,0.2875
574,stage1,0,0.40907132625579834,0.5061519145965576,0.0,0.40907132625579834,0.0001,0.0,9.469,0.8369,0.2993
575,stage1,0,0.43832042813301086,0.4945972263813019,0.0,0.43832042813301086,0.0001,0.0,9.472,1.031,0.3006
576,stage1,0,0.36420437693595886,0.48158910870552063,0.0,0.36420437693595886,0.0001,0.0,9.469,0.8582,6.5634
577,stage1,0,0.3625243902206421,0.48567649722099304,0.0,0.3625243902206421,0.0001,0.0,9.472,0.994,0.2768
578,stage1,0,0.4038587510585785,0.511933445930481,0.0,0.4038587510585785,0.0001,0.0,9.469,1.1451,0.28
579,stage1,0,0.4154496192932129,0.49192243814468384,0.0,0.4154496192932129,0.0001,0.0,9.472,0.8284,0.3033
580,stage1,0,0.3728230893611908,0.4838554859161377,0.0,0.3728230893611908,0.0001,0.0,9.469,0.9561,0.3305
581,stage1,0,0.3864039182662964,0.49535131454467773,0.0,0.3864039182662964,0.0001,0.0,9.472,1.075,0.2935
582,stage1,0,0.38414329290390015,0.5336466431617737,0.0,0.38414329290390015,0.0001,0.0,9.469,1.2928,0.2878
583,stage1,0,0.3253503441810608,0.4953601658344269,0.0,0.3253503441810608,0.0001,0.0,9.472,0.7719,0.292
584,stage1,0,0.37066859006881714,0.4884975850582123,0.0,0.37066859006881714,0.0001,0.0,9.469,0.6883,6.6915
585,stage1,0,0.4465140104293823,0.5303157567977905,0.0,0.4465140104293823,0.0001,0.0,9.472,1.2,0.2767
586,stage1,0,0.3826299011707306,0.49673083424568176,0.0,0.3826299011707306,0.0001,0.0,9.469,0.8498,0.2793
587,stage1,0,0.3609386682510376,0.4818655550479889,0.0,0.3609386682510376,0.0001,0.0,9.472,0.9293,0.3035
588,stage1,0,0.3334882855415344,0.47013816237449646,0.0,0.3334882855415344,0.0001,0.0,9.469,1.3783,0.3435
589,stage1,0,0.34200215339660645,0.48799651861190796,0.0,0.34200215339660645,0.0001,0.0,9.472,0.6689,0.2878
590,stage1,0,0.37736406922340393,0.5386596918106079,0.0,0.37736406922340393,0.0001,0.0,9.469,0.6802,0.2962
591,stage1,0,0.4085142910480499,0.5181024074554443,0.0,0.4085142910480499,0.0001,0.0,9.472,0.9688,0.2869
592,stage1,0,0.42371901869773865,0.5400208234786987,0.0,0.42371901869773865,0.0001,0.0,9.469,0.8728,6.8008
593,stage1,0,0.37424716353416443,0.4963594377040863,0.0,0.37424716353416443,0.0001,0.0,9.472,1.2615,0.3021
594,stage1,0,0.3874184787273407,0.507640540599823,0.0,0.3874184787273407,0.0001,0.0,9.469,0.8114,0.2889
595,stage1,0,0.39422309398651123,0.4844907522201538,0.0,0.39422309398651123,0.0001,0.0,9.472,0.7466,0.3342
596,stage1,0,0.4091867208480835,0.4902600646018982,0.0,0.4091867208480835,0.0001,0.0,9.469,1.0856,0.2857
597,stage1,0,0.3797054588794708,0.47469568252563477,0.0,0.3797054588794708,0.0001,0.0,9.472,1.2141,0.2907
598,stage1,0,0.4049759805202484,0.5020027756690979,0.0,0.4049759805202484,0.0001,0.0,9.469,0.9737,0.2909
599,stage1,0,0.33553391695022583,0.49022191762924194,0.0,0.33553391695022583,0.0001,0.0,9.472,0.8371,0.3448
600,stage1,0,0.3900678753852844,0.48991575837135315,0.0,0.3900678753852844,0.0001,0.0,9.469,0.8747,6.688
601,stage1,0,0.3579033613204956,0.4462490677833557,0.0,0.3579033613204956,0.0001,0.0,9.472,1.2596,0.286
602,stage1,0,0.39521700143814087,0.47293177247047424,0.0,0.39521700143814087,0.0001,0.0,9.469,1.2582,0.2917
603,stage1,0,0.34659677743911743,0.499680757522583,0.0,0.34659677743911743,0.0001,0.0,9.472,0.8217,0.2865
604,stage1,0,0.39179089665412903,0.47643062472343445,0.0,0.39179089665412903,0.0001,0.0,9.469,0.8823,0.346
605,stage1,0,0.39247366786003113,0.4892730414867401,0.0,0.39247366786003113,0.0001,0.0,9.472,0.7837,0.2856
606,stage1,0,0.37314021587371826,0.5030758380889893,0.0,0.37314021587371826,0.0001,0.0,9.469,0.7495,0.2884
607,stage1,0,0.2874782681465149,0.46058791875839233,0.0,0.2874782681465149,0.0001,0.0,9.472,0.5142,0.3003
608,stage1,0,0.31180110573768616,0.4534318447113037,0.0,0.31180110573768616,0.0001,0.0,9.469,0.8352,6.705
609,stage1,0,0.33606189489364624,0.4890494644641876,0.0,0.33606189489364624,0.0001,0.0,9.472,0.6755,0.3181
610,stage1,0,0.44311028718948364,0.5114545822143555,0.0,0.44311028718948364,0.0001,0.0,9.469,0.9337,0.3044
611,stage1,0,0.3870653212070465,0.5171870589256287,0.0,0.3870653212070465,0.0001,0.0,9.472,0.6957,0.2849
612,stage1,0,0.4200427830219269,0.4939501881599426,0.0,0.4200427830219269,0.0001,0.0,9.469,1.1762,0.2918
613,stage1,0,0.38942059874534607,0.5092470049858093,0.0,0.38942059874534607,0.0001,0.0,9.472,0.7425,0.2842
614,stage1,0,0.3459547162055969,0.4898499548435211,0.0,0.3459547162055969,0.0001,0.0,9.469,0.6438,0.2912
615,stage1,0,0.3346889615058899,0.4702396094799042,0.0,0.3346889615058899,0.0001,0.0,9.472,0.693,0.3416
616,stage1,0,0.3725619614124298,0.48206040263175964,0.0,0.3725619614124298,0.0001,0.0,9.469,0.7387,6.627
617,stage1,0,0.3981400430202484,0.47262030839920044,0.0,0.3981400430202484,0.0001,0.0,9.472,0.8423,0.2849
618,stage1,0,0.40258246660232544,0.52708899974823,0.0,0.40258246660232544,0.0001,0.0,9.469,0.6499,0.2874
619,stage1,0,0.3372107446193695,0.4801329970359802,0.0,0.3372107446193695,0.0001,0.0,9.472,0.8353,0.3393
620,stage1,0,0.39329883456230164,0.49741652607917786,0.0,0.39329883456230164,0.0001,0.0,9.469,1.2076,0.2894
621,stage1,0,0.309309720993042,0.46526819467544556,0.0,0.309309720993042,0.0001,0.0,9.472,0.7629,0.2844
622,stage1,0,0.3831363320350647,0.4869062006473541,0.0,0.3831363320350647,0.0001,0.0,9.469,0.939,0.2922
623,stage1,0,0.28109049797058105,0.4630921483039856,0.0,0.28109049797058105,0.0001,0.0,9.472,0.6089,0.2853
624,stage1,0,0.3690515160560608,0.4739782512187958,0.0,0.3690515160560608,0.0001,0.0,9.469,0.738,6.821
625,stage1,0,0.39573055505752563,0.478515088558197,0.0,0.39573055505752563,0.0001,0.0,9.472,0.9949,0.341
626,stage1,0,0.35497912764549255,0.473723441362381,0.0,0.35497912764549255,0.0001,0.0,9.469,1.035,0.2873
627,stage1,0,0.39112943410873413,0.5097247958183289,0.0,0.39112943410873413,0.0001,0.0,9.472,0.9588,0.2851
628,stage1,0,0.378706157207489,0.4754861295223236,0.0,0.378706157207489,0.0001,0.0,9.469,0.8352,0.2855
629,stage1,0,0.38184139132499695,0.4930678606033325,0.0,0.38184139132499695,0.0001,0.0,9.472,0.8521,0.2916
630,stage1,0,0.315327525138855,0.4545527994632721,0.0,0.315327525138855,0.0001,0.0,9.469,0.7802,0.2813
631,stage1,0,0.35209524631500244,0.471064954996109,0.0,0.35209524631500244,0.0001,0.0,9.472,0.9216,0.2778
632,stage1,0,0.35567545890808105,0.478378027677536,0.0,0.35567545890808105,0.0001,0.0,9.469,0.7762,6.6283
633,stage1,0,0.3911980390548706,0.4958803653717041,0.0,0.3911980390548706,0.0001,0.0,9.472,0.8316,0.2933
634,stage1,0,0.36849862337112427,0.48421511054039,0.0,0.36849862337112427,0.0001,0.0,9.469,0.9801,0.2865
635,stage1,0,0.37024202942848206,0.5131345987319946,0.0,0.37024202942848206,0.0001,0.0,9.472,0.7627,0.2979
636,stage1,0,0.4062592387199402,0.5071550011634827,0.0,0.4062592387199402,0.0001,0.0,9.469,1.0145,0.3312
637,stage1,0,0.3966512680053711,0.4705592691898346,0.0,0.3966512680053711,0.0001,0.0,9.472,0.7337,0.2887
638,stage1,0,0.4476447105407715,0.523334264755249,0.0,0.4476447105407715,0.0001,0.0,9.469,1.187,0.2882
639,stage1,0,0.3357495367527008,0.4539158344268799,0.0,0.3357495367527008,0.0001,0.0,9.472,0.9384,0.2881
640,stage1,0,0.41902434825897217,0.49648988246917725,0.0,0.41902434825897217,0.0001,0.0,9.469,0.7934,6.6341
641,stage1,0,0.4075252115726471,0.49906301498413086,0.0,0.4075252115726471,0.0001,0.0,9.472,1.0697,0.2842
642,stage1,0,0.41906070709228516,0.506673276424408,0.0,0.41906070709228516,0.0001,0.0,9.469,1.1648,0.2935
643,stage1,0,0.33675363659858704,0.469040185213089,0.0,0.33675363659858704,0.0001,0.0,9.472,0.7009,0.3512
644,stage1,0,0.3617278039455414,0.4946482479572296,0.0,0.3617278039455414,0.0001,0.0,9.469,0.877,0.2867
645,stage1,0,0.334016352891922,0.4843136668205261,0.0,0.334016352891922,0.0001,0.0,9.472,0.9677,0.2939
646,stage1,0,0.4251578450202942,0.5000548958778381,0.0,0.4251578450202942,0.0001,0.0,9.469,0.7993,0.2881
647,stage1,0,0.33655843138694763,0.477140873670578,0.0,0.33655843138694763,0.0001,0.0,9.472,1.0865,0.2931
648,stage1,0,0.37025442719459534,0.4900795817375183,0.0,0.37025442719459534,0.0001,0.0,9.469,0.9189,6.6109
649,stage1,0,0.3686800003051758,0.48202332854270935,0.0,0.3686800003051758,0.0001,0.0,9.472,0.75,0.2857
650,stage1,0,0.31169769167900085,0.45012176036834717,0.0,0.31169769167900085,0.0001,0.0,9.469,0.8492,0.285
651,stage1,0,0.3348339796066284,0.49923619627952576,0.0,0.3348339796066284,0.0001,0.0,9.472,0.775,0.2859
652,stage1,0,0.36261776089668274,0.4916805028915405,0.0,0.36261776089668274,0.0001,0.0,9.469,1.1531,0.2864
653,stage1,0,0.38532593846321106,0.4968189001083374,0.0,0.38532593846321106,0.0001,0.0,9.472,0.8143,0.2786
654,stage1,0,0.42122089862823486,0.5172216296195984,0.0,0.42122089862823486,0.0001,0.0,9.469,0.9508,0.278
655,stage1,0,0.4092647135257721,0.4867926239967346,0.0,0.4092647135257721,0.0001,0.0,9.472,1.2897,0.3021
656,stage1,0,0.32054373621940613,0.4581100046634674,0.0,0.32054373621940613,0.0001,0.0,9.469,0.7767,6.7178
657,stage1,0,0.42658770084381104,0.5377388000488281,0.0,0.42658770084381104,0.0001,0.0,9.472,0.8476,0.2921
658,stage1,0,0.4635874629020691,0.5223625302314758,0.0,0.4635874629020691,0.0001,0.0,9.469,1.222,0.2859
659,stage1,0,0.45957064628601074,0.5027121305465698,0.0,0.45957064628601074,0.0001,0.0,9.472,0.9776,0.3467
660,stage1,0,0.3635070323944092,0.47552746534347534,0.0,0.3635070323944092,0.0001,0.0,9.469,1.0178,0.2844
661,stage1,0,0.332653284072876,0.4858807623386383,0.0,0.332653284072876,0.0001,0.0,9.472,1.0018,0.2865
662,stage1,0,0.3298460841178894,0.48427802324295044,0.0,0.3298460841178894,0.0001,0.0,9.469,0.7941,0.2933
663,stage1,0,0.35080018639564514,0.47693753242492676,0.0,0.35080018639564514,0.0001,0.0,9.472,0.984,0.2856
664,stage1,0,0.40667885541915894,0.5096198916435242,0.0,0.40667885541915894,0.0001,0.0,9.469,0.9015,6.3676
665,stage1,0,0.36405670642852783,0.5071653723716736,0.0,0.36405670642852783,0.0001,0.0,9.472,1.0394,0.2798
666,stage1,0,0.3574766218662262,0.4814184308052063,0.0,0.3574766218662262,0.0001,0.0,9.469,0.8648,0.2794
667,stage1,0,0.40451037883758545,0.5009291172027588,0.0,0.40451037883758545,0.0001,0.0,9.472,1.1741,0.2774
668,stage1,0,0.42856666445732117,0.5133158564567566,0.0,0.42856666445732117,0.0001,0.0,9.469,0.9867,0.3037
669,stage1,0,0.4090212881565094,0.5137935280799866,0.0,0.4090212881565094,0.0001,0.0,9.472,1.163,0.2828
670,stage1,0,0.44082650542259216,0.5069394707679749,0.0,0.44082650542259216,0.0001,0.0,9.469,0.8905,0.2775
671,stage1,0,0.37832555174827576,0.4779290556907654,0.0,0.37832555174827576,0.0001,0.0,9.472,0.9967,0.2779
672,stage1,0,0.4134558141231537,0.4854886531829834,0.0,0.4134558141231537,0.0001,0.0,9.469,0.978,6.4219
673,stage1,0,0.4307461678981781,0.49661073088645935,0.0,0.4307461678981781,0.0001,0.0,9.472,1.026,0.2786
674,stage1,0,0.4438793361186981,0.5281755328178406,0.0,0.4438793361186981,0.0001,0.0,9.469,0.9399,0.2818
675,stage1,0,0.44563615322113037,0.5247353911399841,0.0,0.44563615322113037,0.0001,0.0,9.472,1.2695,0.2803
676,stage1,0,0.3277401328086853,0.47258245944976807,0.0,0.3277401328086853,0.0001,0.0,9.469,0.7622,0.2819
677,stage1,0,0.4015650451183319,0.4965221583843231,0.0,0.4015650451183319,0.0001,0.0,9.472,1.1906,0.282
678,stage1,0,0.41215041279792786,0.5298889875411987,0.0,0.41215041279792786,0.0001,0.0,9.469,1.0576,0.2816
679,stage1,0,0.3312413990497589,0.5261131525039673,0.0,0.3312413990497589,0.0001,0.0,9.472,0.7057,0.2814
680,stage1,0,0.3861561417579651,0.5026695132255554,0.0,0.3861561417579651,0.0001,0.0,9.469,0.9073,6.3248
681,stage1,0,0.3158761262893677,0.46759119629859924,0.0,0.3158761262893677,0.0001,0.0,9.472,0.9334,0.28
682,stage1,0,0.38737109303474426,0.47527721524238586,0.0,0.38737109303474426,0.0001,0.0,9.469,0.741,0.2996
683,stage1,0,0.3764083981513977,0.485093891620636,0.0,0.3764083981513977,0.0001,0.0,9.472,0.8045,0.3168
684,stage1,0,0.35115721821784973,0.48552820086479187,0.0,0.35115721821784973,0.0001,0.0,9.469,0.6399,0.2786
685,stage1,0,0.3546280860900879,0.4643251895904541,0.0,0.3546280860900879,0.0001,0.0,9.472,1.0179,0.286
686,stage1,0,0.38312652707099915,0.47777074575424194,0.0,0.38312652707099915,0.0001,0.0,9.469,0.6846,0.2805
687,stage1,0,0.4751627445220947,0.49261415004730225,0.0,0.4751627445220947,0.0001,0.0,9.472,0.8306,0.2868
688,stage1,0,0.4297557771205902,0.5043376684188843,0.0,0.4297557771205902,0.0001,0.0,9.469,1.452,6.3488
689,stage1,0,0.3902610242366791,0.5065421462059021,0.0,0.3902610242366791,0.0001,0.0,9.472,0.9088,0.2805
690,stage1,0,0.3305214047431946,0.47503307461738586,0.0,0.3305214047431946,0.0001,0.0,9.469,0.6418,0.2805
691,stage1,0,0.38229799270629883,0.48303645849227905,0.0,0.38229799270629883,0.0001,0.0,9.472,1.0334,0.2812
692,stage1,0,0.4211041033267975,0.5278084874153137,0.0,0.4211041033267975,0.0001,0.0,9.469,0.966,0.2802
693,stage1,0,0.3444821536540985,0.472179651260376,0.0,0.3444821536540985,0.0001,0.0,9.472,1.1706,0.2812
694,stage1,0,0.35690629482269287,0.48444485664367676,0.0,0.35690629482269287,0.0001,0.0,9.469,0.6349,0.2813
695,stage1,0,0.4014338552951813,0.4872089922428131,0.0,0.4014338552951813,0.0001,0.0,9.472,1.2341,0.281
696,stage1,0,0.3509095311164856,0.4558383524417877,0.0,0.3509095311164856,0.0001,0.0,9.469,1.1182,6.4686
697,stage1,0,0.3696315884590149,0.4758894741535187,0.0,0.3696315884590149,0.0001,0.0,9.472,0.7453,0.3203
698,stage1,0,0.3867708146572113,0.48207348585128784,0.0,0.3867708146572113,0.0001,0.0,9.469,0.7658,0.2806
699,stage1,0,0.38114944100379944,0.5031461715698242,0.0,0.38114944100379944,0.0001,0.0,9.472,1.0141,0.281
700,stage1,0,0.36859118938446045,0.4678819179534912,0.0,0.36859118938446045,0.0001,0.0,9.469,0.8592,0.2816
701,stage1,0,0.36597439646720886,0.4668528437614441,0.0,0.36597439646720886,0.0001,0.0,9.472,0.8535,0.2886
702,stage1,0,0.37676024436950684,0.47510141134262085,0.0,0.37676024436950684,0.0001,0.0,9.469,0.7324,0.2808
703,stage1,0,0.4400661289691925,0.502571702003479,0.0,0.4400661289691925,0.0001,0.0,9.472,0.8185,0.282
704,stage1,0,0.3400494158267975,0.49011653661727905,0.0,0.3400494158267975,0.0001,0.0,9.469,0.9028,6.4878
705,stage1,0,0.42341816425323486,0.49170804023742676,0.0,0.42341816425323486,0.0001,0.0,9.472,1.0492,0.28
706,stage1,0,0.3660569190979004,0.4989575147628784,0.0,0.3660569190979004,0.0001,0.0,9.469,0.8596,0.2808
707,stage1,0,0.4111374616622925,0.4844924807548523,0.0,0.4111374616622925,0.0001,0.0,9.472,0.8165,0.2801
708,stage1,0,0.37479764223098755,0.47870782017707825,0.0,0.37479764223098755,0.0001,0.0,9.469,0.6629,0.2817
709,stage1,0,0.34604412317276,0.4723549783229828,0.0,0.34604412317276,0.0001,0.0,9.472,0.9578,0.2808
710,stage1,0,0.3997417986392975,0.5058653950691223,0.0,0.3997417986392975,0.0001,0.0,9.469,0.8929,0.3309
711,stage1,0,0.4014692008495331,0.5048015117645264,0.0,0.4014692008495331,0.0001,0.0,9.472,0.9254,0.2831
712,stage1,0,0.3823198080062866,0.4922749698162079,0.0,0.3823198080062866,0.0001,0.0,9.469,0.7961,6.436
713,stage1,0,0.322131484746933,0.4874841272830963,0.0,0.322131484746933,0.0001,0.0,9.472,0.8241,0.2801
714,stage1,0,0.42192068696022034,0.49967318773269653,0.0,0.42192068696022034,0.0001,0.0,9.469,0.8909,0.2812
715,stage1,0,0.31849509477615356,0.4588371217250824,0.0,0.31849509477615356,0.0001,0.0,9.472,0.9148,0.2811
716,stage1,0,0.3016631603240967,0.4716176688671112,0.0,0.3016631603240967,0.0001,0.0,9.469,0.8669,0.2819
717,stage1,0,0.37799519300460815,0.4876994788646698,0.0,0.37799519300460815,0.0001,0.0,9.472,0.8605,0.286
718,stage1,0,0.4247548282146454,0.49008306860923767,0.0,0.4247548282146454,0.0001,0.0,9.469,1.0141,0.2816
719,stage1,0,0.3998151421546936,0.4964841306209564,0.0,0.3998151421546936,0.0001,0.0,9.472,0.965,0.2856
720,stage1,0,0.42320460081100464,0.5096338391304016,0.0,0.42320460081100464,0.0001,0.0,9.469,0.9347,6.3599
721,stage1,0,0.3397338390350342,0.5019682049751282,0.0,0.3397338390350342,0.0001,0.0,9.472,1.0194,0.2778
722,stage1,0,0.33787181973457336,0.4790101647377014,0.0,0.33787181973457336,0.0001,0.0,9.469,0.7299,0.2773
723,stage1,0,0.390950083732605,0.46402254700660706,0.0,0.390950083732605,0.0001,0.0,9.472,1.1171,0.3017
724,stage1,0,0.4156380295753479,0.5059359669685364,0.0,0.4156380295753479,0.0001,0.0,9.469,0.905,0.2841
725,stage1,0,0.337007999420166,0.4644220471382141,0.0,0.337007999420166,0.0001,0.0,9.472,0.8314,0.3338
726,stage1,0,0.30087020993232727,0.47044864296913147,0.0,0.30087020993232727,0.0001,0.0,9.469,0.9764,0.2796
727,stage1,0,0.37945520877838135,0.49444881081581116,0.0,0.37945520877838135,0.0001,0.0,9.472,0.9952,0.2888
728,stage1,0,0.38285964727401733,0.5115850567817688,0.0,0.38285964727401733,0.0001,0.0,9.469,0.9063,6.3188
729,stage1,0,0.3457868695259094,0.4686712920665741,0.0,0.3457868695259094,0.0001,0.0,9.472,1.0147,0.3027
730,stage1,0,0.4107828736305237,0.5132148265838623,0.0,0.4107828736305237,0.0001,0.0,9.469,0.862,0.3241
731,stage1,0,0.3553755283355713,0.470546692609787,0.0,0.3553755283355713,0.0001,0.0,9.472,0.7857,0.2919
732,stage1,0,0.42699292302131653,0.4888162612915039,0.0,0.42699292302131653,0.0001,0.0,9.469,0.8174,0.2811
733,stage1,0,0.4013749063014984,0.5020394921302795,0.0,0.4013749063014984,0.0001,0.0,9.472,0.9053,0.2865
734,stage1,0,0.29548728466033936,0.4772084951400757,0.0,0.29548728466033936,0.0001,0.0,9.469,0.8383,0.2804
735,stage1,0,0.3194347321987152,0.4794774055480957,0.0,0.3194347321987152,0.0001,0.0,9.472,0.633,0.2824
736,stage1,0,0.3416626453399658,0.46672549843788147,0.0,0.3416626453399658,0.0001,0.0,9.469,0.8519,6.367
737,stage1,0,0.35924091935157776,0.45984315872192383,0.0,0.35924091935157776,0.0001,0.0,9.472,1.0637,0.2801
738,stage1,0,0.3870735466480255,0.49699142575263977,0.0,0.3870735466480255,0.0001,0.0,9.469,1.0043,0.2815
739,stage1,0,0.4010598659515381,0.49981608986854553,0.0,0.4010598659515381,0.0001,0.0,9.472,1.2337,0.2812
740,stage1,0,0.3483993113040924,0.47906580567359924,0.0,0.3483993113040924,0.0001,0.0,9.469,0.8523,0.2859
741,stage1,0,0.37693479657173157,0.4848445653915405,0.0,0.37693479657173157,0.0001,0.0,9.472,0.744,0.281
742,stage1,0,0.41322046518325806,0.48645055294036865,0.0,0.41322046518325806,0.0001,0.0,9.469,1.1274,0.3428
743,stage1,0,0.3501184284687042,0.5011853575706482,0.0,0.3501184284687042,0.0001,0.0,9.472,0.9528,0.2734
744,stage1,0,0.3807899057865143,0.5100559592247009,0.0,0.3807899057865143,0.0001,0.0,9.469,1.0174,6.4747
745,stage1,0,0.40463724732398987,0.4987967312335968,0.0,0.40463724732398987,0.0001,0.0,9.472,1.0553,0.2838
746,stage1,0,0.3278123140335083,0.4567137658596039,0.0,0.3278123140335083,0.0001,0.0,9.469,0.7688,0.281
747,stage1,0,0.29437318444252014,0.46119940280914307,0.0,0.29437318444252014,0.0001,0.0,9.472,0.8085,0.2809
748,stage1,0,0.3645726442337036,0.47771379351615906,0.0,0.3645726442337036,0.0001,0.0,9.469,0.8445,0.2815
749,stage1,0,0.3642469346523285,0.5034305453300476,0.0,0.3642469346523285,0.0001,0.0,9.472,0.9772,0.2778
750,stage1,0,0.35480907559394836,0.47796544432640076,0.0,0.35480907559394836,0.0001,0.0,9.469,0.8406,0.2932
751,stage1,0,0.4308059513568878,0.5472505688667297,0.0,0.4308059513568878,0.0001,0.0,9.472,0.9284,0.2916
752,stage1,0,0.3524797260761261,0.4620274007320404,0.0,0.3524797260761261,0.0001,0.0,9.469,0.8669,6.5194
753,stage1,0,0.3734087347984314,0.4887908101081848,0.0,0.3734087347984314,0.0001,0.0,9.472,1.0491,0.2765
754,stage1,0,0.3430089056491852,0.48277103900909424,0.0,0.3430089056491852,0.0001,0.0,9.469,0.8805,0.3006
755,stage1,0,0.373063325881958,0.471518874168396,0.0,0.373063325881958,0.0001,0.0,9.472,1.1024,0.2859
756,stage1,0,0.3945479094982147,0.4801247715950012,0.0,0.3945479094982147,0.0001,0.0,9.469,0.9018,0.2786
757,stage1,0,0.3385268449783325,0.43640947341918945,0.0,0.3385268449783325,0.0001,0.0,9.472,0.8828,0.2777
758,stage1,0,0.3389992415904999,0.4985593259334564,0.0,0.3389992415904999,0.0001,0.0,9.469,0.9047,0.3029
759,stage1,0,0.3882702887058258,0.502360463142395,0.0,0.3882702887058258,0.0001,0.0,9.472,1.2579,0.2855
760,stage1,0,0.38346225023269653,0.489198237657547,0.0,0.38346225023269653,0.0001,0.0,9.469,0.9071,6.4592
761,stage1,0,0.40680208802223206,0.5080616474151611,0.0,0.40680208802223206,0.0001,0.0,9.472,1.1194,0.2801
762,stage1,0,0.3799859285354614,0.49758514761924744,0.0,0.3799859285354614,0.0001,0.0,9.469,0.7004,0.2776
763,stage1,0,0.3320251405239105,0.44958117604255676,0.0,0.3320251405239105,0.0001,0.0,9.472,0.8283,0.2941
764,stage1,0,0.33315810561180115,0.46909260749816895,0.0,0.33315810561180115,0.0001,0.0,9.469,0.8218,0.2886
765,stage1,0,0.3447003960609436,0.5019101500511169,0.0,0.3447003960609436,0.0001,0.0,9.472,0.7094,0.3387
766,stage1,0,0.3969578146934509,0.49236926436424255,0.0,0.3969578146934509,0.0001,0.0,9.469,1.0323,0.2782
767,stage1,0,0.29865095019340515,0.42862436175346375,0.0,0.29865095019340515,0.0001,0.0,9.472,0.9899,0.2805
768,stage1,0,0.3539780080318451,0.49789607524871826,0.0,0.3539780080318451,0.0001,0.0,9.469,0.9452,6.3665
769,stage1,0,0.4262981116771698,0.48404043912887573,0.0,0.4262981116771698,0.0001,0.0,9.472,1.0289,0.2858
770,stage1,0,0.37006282806396484,0.49267345666885376,0.0,0.37006282806396484,0.0001,0.0,9.469,0.8638,0.2792
771,stage1,0,0.34291985630989075,0.48237907886505127,0.0,0.34291985630989075,0.0001,0.0,9.472,0.9896,0.2769
772,stage1,0,0.40909531712532043,0.5125352144241333,0.0,0.40909531712532043,0.0001,0.0,9.469,1.0669,0.302
773,stage1,0,0.3311418294906616,0.4424344301223755,0.0,0.3311418294906616,0.0001,0.0,9.472,0.9994,0.2846
774,stage1,0,0.3521977365016937,0.45836126804351807,0.0,0.3521977365016937,0.0001,0.0,9.469,0.8637,0.3361
775,stage1,0,0.37337180972099304,0.48972299695014954,0.0,0.37337180972099304,0.0001,0.0,9.472,0.9144,0.2802
776,stage1,0,0.3635782301425934,0.47315651178359985,0.0,0.3635782301425934,0.0001,0.0,9.469,0.9168,6.5312
777,stage1,0,0.3445862829685211,0.45693859457969666,0.0,0.3445862829685211,0.0001,0.0,9.472,0.7949,0.2803
778,stage1,0,0.3804849684238434,0.4969724714756012,0.0,0.3804849684238434,0.0001,0.0,9.469,1.1926,0.2777
779,stage1,0,0.31461772322654724,0.469566285610199,0.0,0.31461772322654724,0.0001,0.0,9.472,0.6718,0.2991
780,stage1,0,0.35336288809776306,0.46591663360595703,0.0,0.35336288809776306,0.0001,0.0,9.469,0.7229,0.2854
781,stage1,0,0.3419593274593353,0.44727736711502075,0.0,0.3419593274593353,0.0001,0.0,9.472,0.7517,0.3383
782,stage1,0,0.4210706055164337,0.5352630019187927,0.0,0.4210706055164337,0.0001,0.0,9.469,0.9329,0.2791
783,stage1,0,0.3533685505390167,0.4727941155433655,0.0,0.3533685505390167,0.0001,0.0,9.472,1.1351,0.2811
784,stage1,0,0.36075976490974426,0.49319231510162354,0.0,0.36075976490974426,0.0001,0.0,9.469,0.9952,6.3979
785,stage1,0,0.3631138503551483,0.47034430503845215,0.0,0.3631138503551483,0.0001,0.0,9.472,0.9052,0.2802
786,stage1,0,0.33340588212013245,0.4765220582485199,0.0,0.33340588212013245,0.0001,0.0,9.469,0.8667,0.2821
787,stage1,0,0.338603675365448,0.4883909225463867,0.0,0.338603675365448,0.0001,0.0,9.472,0.7907,0.2813
788,stage1,0,0.36012229323387146,0.4645331799983978,0.0,0.36012229323387146,0.0001,0.0,9.469,0.8609,0.286
789,stage1,0,0.4156050384044647,0.4781683683395386,0.0,0.4156050384044647,0.0001,0.0,9.472,0.9338,0.2816
790,stage1,0,0.3632223904132843,0.4762451946735382,0.0,0.3632223904132843,0.0001,0.0,9.469,0.8021,0.282
791,stage1,0,0.36221715807914734,0.4609105885028839,0.0,0.36221715807914734,0.0001,0.0,9.472,0.9801,0.2812
792,stage1,0,0.3550649881362915,0.4460718631744385,0.0,0.3550649881362915,0.0001,0.0,9.469,1.2112,6.4969
793,stage1,0,0.29162922501564026,0.4856759011745453,0.0,0.29162922501564026,0.0001,0.0,9.472,0.8417,0.2805
794,stage1,0,0.4498794376850128,0.5114705562591553,0.0,0.4498794376850128,0.0001,0.0,9.469,1.1166,0.2865
795,stage1,0,0.3110027313232422,0.47476625442504883,0.0,0.3110027313232422,0.0001,0.0,9.472,0.8008,0.2805
796,stage1,0,0.32823747396469116,0.4946190118789673,0.0,0.32823747396469116,0.0001,0.0,9.469,0.596,0.2817
797,stage1,0,0.3630438446998596,0.47029441595077515,0.0,0.3630438446998596,0.0001,0.0,9.472,1.0974,0.2811
798,stage1,0,0.3881288170814514,0.475524365901947,0.0,0.3881288170814514,0.0001,0.0,9.469,1.1716,0.2819
799,stage1,0,0.31023120880126953,0.4981665015220642,0.0,0.31023120880126953,0.0001,0.0,9.472,0.7102,0.2824
800,stage1,0,0.30041417479515076,0.4644470512866974,0.0,0.30041417479515076,0.0001,0.0,9.469,0.7228,6.5299
801,stage1,0,0.43553000688552856,0.4987685978412628,0.0,0.43553000688552856,0.0001,0.0,9.472,1.1145,0.2803
802,stage1,0,0.33580484986305237,0.4502858817577362,0.0,0.33580484986305237,0.0001,0.0,9.469,0.799,0.2859
803,stage1,0,0.38914400339126587,0.48786166310310364,0.0,0.38914400339126587,0.0001,0.0,9.472,1.0586,0.2811
804,stage1,0,0.2894873023033142,0.4363119602203369,0.0,0.2894873023033142,0.0001,0.0,9.469,0.7333,0.2847
805,stage1,0,0.2910551428794861,0.4658774137496948,0.0,0.2910551428794861,0.0001,0.0,9.472,0.6492,0.2778
806,stage1,0,0.30573034286499023,0.42396000027656555,0.0,0.30573034286499023,0.0001,0.0,9.469,0.8263,0.2945
807,stage1,0,0.3811566233634949,0.477449893951416,0.0,0.3811566233634949,0.0001,0.0,9.472,0.8447,0.2899
808,stage1,0,0.38093480467796326,0.48636823892593384,0.0,0.38093480467796326,0.0001,0.0,9.469,0.8789,6.5226
809,stage1,0,0.3236529529094696,0.4513477087020874,0.0,0.3236529529094696,0.0001,0.0,9.472,1.0223,0.2882
810,stage1,0,0.41903260350227356,0.49668827652931213,0.0,0.41903260350227356,0.0001,0.0,9.469,0.9351,0.3268
811,stage1,0,0.3881344497203827,0.5087803602218628,0.0,0.3881344497203827,0.0001,0.0,9.472,0.7952,0.2791
812,stage1,0,0.41239529848098755,0.47660836577415466,0.0,0.41239529848098755,0.0001,0.0,9.469,1.0506,0.2873
813,stage1,0,0.3610689342021942,0.4637356400489807,0.0,0.3610689342021942,0.0001,0.0,9.472,0.7794,0.2819
814,stage1,0,0.29819777607917786,0.46324288845062256,0.0,0.29819777607917786,0.0001,0.0,9.469,0.7808,0.2824
815,stage1,0,0.2761068046092987,0.4322763681411743,0.0,0.2761068046092987,0.0001,0.0,9.472,0.6615,0.2822
816,stage1,0,0.30412644147872925,0.4652342200279236,0.0,0.30412644147872925,0.0001,0.0,9.469,0.9245,6.4483
817,stage1,0,0.44307252764701843,0.53343665599823,0.0,0.44307252764701843,0.0001,0.0,9.472,0.8843,0.2861
818,stage1,0,0.4529808759689331,0.5224050283432007,0.0,0.4529808759689331,0.0001,0.0,9.469,1.2143,0.2871
819,stage1,0,0.36446115374565125,0.4760452210903168,0.0,0.36446115374565125,0.0001,0.0,9.472,1.0448,0.3322
820,stage1,0,0.3501861095428467,0.463334858417511,0.0,0.3501861095428467,0.0001,0.0,9.469,1.0944,0.28
821,stage1,0,0.4411661922931671,0.5016249418258667,0.0,0.4411661922931671,0.0001,0.0,9.472,1.0242,0.2876
822,stage1,0,0.31858572363853455,0.4681856334209442,0.0,0.31858572363853455,0.0001,0.0,9.469,0.8101,0.2821
823,stage1,0,0.3562113046646118,0.4843752384185791,0.0,0.3562113046646118,0.0001,0.0,9.472,0.9575,0.2825
824,stage1,0,0.3626171350479126,0.49126818776130676,0.0,0.3626171350479126,0.0001,0.0,9.469,1.0937,6.4009
825,stage1,0,0.28433430194854736,0.44423630833625793,0.0,0.28433430194854736,0.0001,0.0,9.472,1.0505,0.2802
826,stage1,0,0.33164262771606445,0.49113547801971436,0.0,0.33164262771606445,0.0001,0.0,9.469,0.676,0.2806
827,stage1,0,0.3333645164966583,0.4792705774307251,0.0,0.3333645164966583,0.0001,0.0,9.472,0.994,0.2806
828,stage1,0,0.3067813515663147,0.44771650433540344,0.0,0.3067813515663147,0.0001,0.0,9.469,0.8627,0.2808
829,stage1,0,0.4200058579444885,0.4869057834148407,0.0,0.4200058579444885,0.0001,0.0,9.472,1.3676,0.2814
830,stage1,0,0.3815845847129822,0.4952598214149475,0.0,0.3815845847129822,0.0001,0.0,9.469,0.8851,0.2819
831,stage1,0,0.46900075674057007,0.5174331068992615,0.0,0.46900075674057007,0.0001,0.0,9.472,0.9592,0.2812
832,stage1,0,0.3793744146823883,0.4790753424167633,0.0,0.3793744146823883,0.0001,0.0,9.469,0.9868,6.5301
833,stage1,0,0.43342041969299316,0.50730961561203,0.0,0.43342041969299316,0.0001,0.0,9.472,1.1287,0.2995
834,stage1,0,0.31189361214637756,0.48406097292900085,0.0,0.31189361214637756,0.0001,0.0,9.469,0.9278,0.2805
835,stage1,0,0.37305185198783875,0.48165613412857056,0.0,0.37305185198783875,0.0001,0.0,9.472,1.0103,0.2801
836,stage1,0,0.3691250681877136,0.46058157086372375,0.0,0.3691250681877136,0.0001,0.0,9.469,0.8612,0.2879
837,stage1,0,0.38650959730148315,0.470570832490921,0.0,0.38650959730148315,0.0001,0.0,9.472,0.7745,0.2806
838,stage1,0,0.30888131260871887,0.4548337459564209,0.0,0.30888131260871887,0.0001,0.0,9.469,0.9094,0.2825
839,stage1,0,0.35791781544685364,0.4827093183994293,0.0,0.35791781544685364,0.0001,0.0,9.472,0.9749,0.2821
840,stage1,0,0.3055028021335602,0.44621890783309937,0.0,0.3055028021335602,0.0001,0.0,9.469,0.8294,6.3903
841,stage1,0,0.3908621668815613,0.49725213646888733,0.0,0.3908621668815613,0.0001,0.0,9.472,0.8699,0.2811
842,stage1,0,0.4485813081264496,0.5082585215568542,0.0,0.4485813081264496,0.0001,0.0,9.469,0.9663,0.2809
843,stage1,0,0.4137684106826782,0.47155365347862244,0.0,0.4137684106826782,0.0001,0.0,9.472,1.2029,0.2814
844,stage1,0,0.37884876132011414,0.49245697259902954,0.0,0.37884876132011414,0.0001,0.0,9.469,0.831,0.2814
845,stage1,0,0.31234076619148254,0.46327611804008484,0.0,0.31234076619148254,0.0001,0.0,9.472,0.7885,0.2815
846,stage1,0,0.33582553267478943,0.5059353113174438,0.0,0.33582553267478943,0.0001,0.0,9.469,0.7805,0.3399
847,stage1,0,0.4008973240852356,0.4973010718822479,0.0,0.4008973240852356,0.0001,0.0,9.472,1.0962,0.2785
848,stage1,0,0.3383152186870575,0.4523906111717224,0.0,0.3383152186870575,0.0001,0.0,9.469,0.9297,6.4832
849,stage1,0,0.3019750416278839,0.4576389193534851,0.0,0.3019750416278839,0.0001,0.0,9.472,0.7885,0.2815
850,stage1,0,0.3786793053150177,0.48240935802459717,0.0,0.3786793053150177,0.0001,0.0,9.469,0.8238,0.2806
851,stage1,0,0.39671769738197327,0.4661599397659302,0.0,0.39671769738197327,0.0001,0.0,9.472,0.871,0.2818
852,stage1,0,0.34603285789489746,0.47555118799209595,0.0,0.34603285789489746,0.0001,0.0,9.469,0.9479,0.2859
853,stage1,0,0.31149744987487793,0.4812869727611542,0.0,0.31149744987487793,0.0001,0.0,9.472,0.8597,0.2807
854,stage1,0,0.36834415793418884,0.4773311913013458,0.0,0.36834415793418884,0.0001,0.0,9.469,0.9551,0.2815
855,stage1,0,0.43436911702156067,0.5219495892524719,0.0,0.43436911702156067,0.0001,0.0,9.472,1.2601,0.2824
856,stage1,0,0.3241029381752014,0.46712175011634827,0.0,0.3241029381752014,0.0001,0.0,9.469,0.8646,6.4472
857,stage1,0,0.3191222548484802,0.46249786019325256,0.0,0.3191222548484802,0.0001,0.0,9.472,0.7147,0.2952
858,stage1,0,0.42471590638160706,0.5022681951522827,0.0,0.42471590638160706,0.0001,0.0,9.469,1.0445,0.2875
859,stage1,0,0.326016902923584,0.461638480424881,0.0,0.326016902923584,0.0001,0.0,9.472,0.8918,0.3418
860,stage1,0,0.3386014997959137,0.4451157748699188,0.0,0.3386014997959137,0.0001,0.0,9.469,0.8876,0.2801
861,stage1,0,0.36987605690956116,0.49202102422714233,0.0,0.36987605690956116,0.0001,0.0,9.472,0.7215,0.282
862,stage1,0,0.36612215638160706,0.4653794765472412,0.0,0.36612215638160706,0.0001,0.0,9.469,0.9476,0.2822
863,stage1,0,0.44160372018814087,0.503736138343811,0.0,0.44160372018814087,0.0001,0.0,9.472,0.8249,0.282
864,stage1,0,0.4325752258300781,0.5019658803939819,0.0,0.4325752258300781,0.0001,0.0,9.469,1.2041,6.426
865,stage1,0,0.39077502489089966,0.49023598432540894,0.0,0.39077502489089966,0.0001,0.0,9.472,0.7888,0.2805
866,stage1,0,0.33312273025512695,0.48741525411605835,0.0,0.33312273025512695,0.0001,0.0,9.469,1.1153,0.2816
867,stage1,0,0.3425496816635132,0.47362616658210754,0.0,0.3425496816635132,0.0001,0.0,9.472,0.877,0.2821
868,stage1,0,0.38642221689224243,0.473494291305542,0.0,0.38642221689224243,0.0001,0.0,9.469,1.4619,0.2808
869,stage1,0,0.3928859233856201,0.51357501745224,0.0,0.3928859233856201,0.0001,0.0,9.472,1.1431,0.2999
870,stage1,0,0.36111658811569214,0.45232492685317993,0.0,0.36111658811569214,0.0001,0.0,9.469,1.0185,0.315
871,stage1,0,0.3639717698097229,0.48705047369003296,0.0,0.3639717698097229,0.0001,0.0,9.472,1.1461,0.2799
872,stage1,0,0.3970586657524109,0.49776673316955566,0.0,0.3970586657524109,0.0001,0.0,9.469,1.1156,6.437
873,stage1,0,0.3270130157470703,0.46858060359954834,0.0,0.3270130157470703,0.0001,0.0,9.472,0.862,0.2813
874,stage1,0,0.3106858432292938,0.465581476688385,0.0,0.3106858432292938,0.0001,0.0,9.469,0.8574,0.2806
875,stage1,0,0.4148983359336853,0.49134984612464905,0.0,0.4148983359336853,0.0001,0.0,9.472,1.0243,0.2815
876,stage1,0,0.3308905065059662,0.4882854223251343,0.0,0.3308905065059662,0.0001,0.0,9.469,0.979,0.2806
877,stage1,0,0.39125004410743713,0.4637879431247711,0.0,0.39125004410743713,0.0001,0.0,9.472,1.0077,0.2805
878,stage1,0,0.34131163358688354,0.46742165088653564,0.0,0.34131163358688354,0.0001,0.0,9.469,0.8337,0.2872
879,stage1,0,0.3131970763206482,0.46813884377479553,0.0,0.3131970763206482,0.0001,0.0,9.472,0.6075,0.2791
880,stage1,0,0.3561857044696808,0.454039603471756,0.0,0.3561857044696808,0.0001,0.0,9.469,1.0737,6.4248
881,stage1,0,0.29777899384498596,0.449746310710907,0.0,0.29777899384498596,0.0001,0.0,9.472,0.9961,0.3086
882,stage1,0,0.3025856614112854,0.423695832490921,0.0,0.3025856614112854,0.0001,0.0,9.469,0.774,0.3103
883,stage1,0,0.3792756497859955,0.4781721234321594,0.0,0.3792756497859955,0.0001,0.0,9.472,0.8706,0.2782
884,stage1,0,0.41167011857032776,0.512108325958252,0.0,0.41167011857032776,0.0001,0.0,9.469,1.0862,0.2854
885,stage1,0,0.32838064432144165,0.4480855464935303,0.0,0.32838064432144165,0.0001,0.0,9.472,0.9192,0.2823
886,stage1,0,0.4360530376434326,0.5041730403900146,0.0,0.4360530376434326,0.0001,0.0,9.469,1.1936,0.2817
887,stage1,0,0.419725626707077,0.4968317449092865,0.0,0.419725626707077,0.0001,0.0,9.472,1.2377,0.2819
888,stage1,0,0.3861759901046753,0.474098801612854,0.0,0.3861759901046753,0.0001,0.0,9.469,1.1301,6.3555
889,stage1,0,0.31400009989738464,0.47287917137145996,0.0,0.31400009989738464,0.0001,0.0,9.472,0.8658,0.2804
890,stage1,0,0.3555496335029602,0.4915938973426819,0.0,0.3555496335029602,0.0001,0.0,9.469,0.7593,0.2864
891,stage1,0,0.35291510820388794,0.48342064023017883,0.0,0.35291510820388794,0.0001,0.0,9.472,0.8277,0.293
892,stage1,0,0.3419862687587738,0.48512503504753113,0.0,0.3419862687587738,0.0001,0.0,9.469,0.9563,0.3231
893,stage1,0,0.3606013357639313,0.4608529806137085,0.0,0.3606013357639313,0.0001,0.0,9.472,0.9191,0.2812
894,stage1,0,0.3357935845851898,0.46622559428215027,0.0,0.3357935845851898,0.0001,0.0,9.469,1.0124,0.2804
895,stage1,0,0.30467039346694946,0.46786490082740784,0.0,0.30467039346694946,0.0001,0.0,9.472,0.7228,0.2866
896,stage1,0,0.3232141137123108,0.44587284326553345,0.0,0.3232141137123108,0.0001,0.0,9.469,0.6488,6.44
897,stage1,0,0.328694224357605,0.48205456137657166,0.0,0.328694224357605,0.0001,0.0,9.472,0.6758,0.2802
898,stage1,0,0.34837085008621216,0.4652625620365143,0.0,0.34837085008621216,0.0001,0.0,9.469,0.7363,0.2808
899,stage1,0,0.33720993995666504,0.4729369580745697,0.0,0.33720993995666504,0.0001,0.0,9.472,0.657,0.2819
900,stage1,0,0.3162941038608551,0.4923437535762787,0.0,0.3162941038608551,0.0001,0.0,9.469,0.8395,0.2809
901,stage1,0,0.2929980754852295,0.43771952390670776,0.0,0.2929980754852295,0.0001,0.0,9.472,1.0088,0.2866
902,stage1,0,0.34739986062049866,0.4550004005432129,0.0,0.34739986062049866,0.0001,0.0,9.469,0.8382,0.2821
903,stage1,0,0.3285020887851715,0.4721980094909668,0.0,0.3285020887851715,0.0001,0.0,9.472,0.8068,0.2884
904,stage1,0,0.3474223017692566,0.4493480324745178,0.0,0.3474223017692566,0.0001,0.0,9.469,1.0014,6.5196
905,stage1,0,0.2785465717315674,0.4327903091907501,0.0,0.2785465717315674,0.0001,0.0,9.472,0.9959,0.281
906,stage1,0,0.3389321565628052,0.45763328671455383,0.0,0.3389321565628052,0.0001,0.0,9.469,0.732,0.2807
907,stage1,0,0.29339274764060974,0.4382439851760864,0.0,0.29339274764060974,0.0001,0.0,9.472,0.7227,0.2862
908,stage1,0,0.330079585313797,0.4713349938392639,0.0,0.330079585313797,0.0001,0.0,9.469,0.8013,0.2818
909,stage1,0,0.29546695947647095,0.4573782682418823,0.0,0.29546695947647095,0.0001,0.0,9.472,0.8623,0.2821
910,stage1,0,0.342650443315506,0.4756048321723938,0.0,0.342650443315506,0.0001,0.0,9.469,0.8888,0.2822
911,stage1,0,0.32226061820983887,0.46250295639038086,0.0,0.32226061820983887,0.0001,0.0,9.472,0.7224,0.2826
912,stage1,0,0.3562891483306885,0.46157750487327576,0.0,0.3562891483306885,0.0001,0.0,9.469,0.9866,6.4453
913,stage1,0,0.3417646288871765,0.4506200850009918,0.0,0.3417646288871765,0.0001,0.0,9.472,0.7217,0.2808
914,stage1,0,0.32221320271492004,0.4540350139141083,0.0,0.32221320271492004,0.0001,0.0,9.469,0.6893,0.2815
915,stage1,0,0.42858362197875977,0.4933571517467499,0.0,0.42858362197875977,0.0001,0.0,9.472,0.7668,0.2829
916,stage1,0,0.3577824831008911,0.4758042097091675,0.0,0.3577824831008911,0.0001,0.0,9.469,0.8789,0.307
917,stage1,0,0.30096274614334106,0.453188419342041,0.0,0.30096274614334106,0.0001,0.0,9.472,0.7825,0.3061
918,stage1,0,0.41431355476379395,0.5063186883926392,0.0,0.41431355476379395,0.0001,0.0,9.469,0.9485,0.282
919,stage1,0,0.34491100907325745,0.4872868061065674,0.0,0.34491100907325745,0.0001,0.0,9.472,0.9186,0.2867
920,stage1,0,0.3508842885494232,0.5036764144897461,0.0,0.3508842885494232,0.0001,0.0,9.469,0.9246,6.3479
921,stage1,0,0.33079737424850464,0.49086180329322815,0.0,0.33079737424850464,0.0001,0.0,9.472,0.7994,0.2806
922,stage1,0,0.36983048915863037,0.48311349749565125,0.0,0.36983048915863037,0.0001,0.0,9.469,0.7835,0.2823
923,stage1,0,0.35544103384017944,0.46324893832206726,0.0,0.35544103384017944,0.0001,0.0,9.472,0.9422,0.2817
924,stage1,0,0.377737820148468,0.4872059226036072,0.0,0.377737820148468,0.0001,0.0,9.469,1.0416,0.2814
925,stage1,0,0.33997878432273865,0.4645369350910187,0.0,0.33997878432273865,0.0001,0.0,9.472,0.9796,0.2813
926,stage1,0,0.37690141797065735,0.4678283631801605,0.0,0.37690141797065735,0.0001,0.0,9.469,1.0516,0.2819
927,stage1,0,0.3375813663005829,0.48338982462882996,0.0,0.3375813663005829,0.0001,0.0,9.472,0.7462,0.2819
928,stage1,0,0.31001782417297363,0.4779365360736847,0.0,0.31001782417297363,0.0001,0.0,9.469,0.8181,6.6026
929,stage1,0,0.3257303833961487,0.4732653498649597,0.0,0.3257303833961487,0.0001,0.0,9.472,0.945,0.2845
930,stage1,0,0.3129054307937622,0.4705757200717926,0.0,0.3129054307937622,0.0001,0.0,9.469,0.8567,0.3387
931,stage1,0,0.3175269067287445,0.48441842198371887,0.0,0.3175269067287445,0.0001,0.0,9.472,0.838,0.278
932,stage1,0,0.33923521637916565,0.47054868936538696,0.0,0.33923521637916565,0.0001,0.0,9.469,1.1583,0.287
933,stage1,0,0.33358967304229736,0.4563490152359009,0.0,0.33358967304229736,0.0001,0.0,9.472,0.8912,0.2808
934,stage1,0,0.31570616364479065,0.443306028842926,0.0,0.31570616364479065,0.0001,0.0,9.469,0.9575,0.2829
935,stage1,0,0.36211541295051575,0.48548343777656555,0.0,0.36211541295051575,0.0001,0.0,9.472,1.0058,0.2823
936,stage1,0,0.33905476331710815,0.4994828701019287,0.0,0.33905476331710815,0.0001,0.0,9.469,0.8526,6.4254
937,stage1,0,0.3204120397567749,0.4831594228744507,0.0,0.3204120397567749,0.0001,0.0,9.472,0.7131,0.2812
938,stage1,0,0.46769750118255615,0.5111098885536194,0.0,0.46769750118255615,0.0001,0.0,9.469,1.1093,0.2866
939,stage1,0,0.33240798115730286,0.46395182609558105,0.0,0.33240798115730286,0.0001,0.0,9.472,1.0123,0.2812
940,stage1,0,0.3838236331939697,0.48333895206451416,0.0,0.3838236331939697,0.0001,0.0,9.469,1.1451,0.3376
941,stage1,0,0.3142610788345337,0.47050151228904724,0.0,0.3142610788345337,0.0001,0.0,9.472,0.7042,0.2813
942,stage1,0,0.316622257232666,0.4488877058029175,0.0,0.316622257232666,0.0001,0.0,9.469,1.0144,0.281
943,stage1,0,0.3403680622577667,0.4741978347301483,0.0,0.3403680622577667,0.0001,0.0,9.472,0.7653,0.2817
944,stage1,0,0.31458672881126404,0.446576863527298,0.0,0.31458672881126404,0.0001,0.0,9.469,0.7453,6.5223
945,stage1,0,0.41399869322776794,0.4940835237503052,0.0,0.41399869322776794,0.0001,0.0,9.472,0.9238,0.2802
946,stage1,0,0.3413926959037781,0.45841914415359497,0.0,0.3413926959037781,0.0001,0.0,9.469,0.8903,0.2816
947,stage1,0,0.29494038224220276,0.4659545123577118,0.0,0.29494038224220276,0.0001,0.0,9.472,0.6432,0.2811
948,stage1,0,0.3585687279701233,0.4508898854255676,0.0,0.3585687279701233,0.0001,0.0,9.469,0.8894,0.282
949,stage1,0,0.3366903066635132,0.4480748176574707,0.0,0.3366903066635132,0.0001,0.0,9.472,0.9668,0.2795
950,stage1,0,0.28822678327560425,0.42326194047927856,0.0,0.28822678327560425,0.0001,0.0,9.469,0.7585,0.2779
951,stage1,0,0.2911493182182312,0.5021950006484985,0.0,0.2911493182182312,0.0001,0.0,9.472,0.8068,0.3042
952,stage1,0,0.29483136534690857,0.4594617486000061,0.0,0.29483136534690857,0.0001,0.0,9.469,0.8814,6.5959
953,stage1,0,0.3343481421470642,0.4442864954471588,0.0,0.3343481421470642,0.0001,0.0,9.472,0.8835,0.2843
954,stage1,0,0.32432669401168823,0.47157022356987,0.0,0.32432669401168823,0.0001,0.0,9.469,0.7428,0.341
955,stage1,0,0.3112867772579193,0.43495991826057434,0.0,0.3112867772579193,0.0001,0.0,9.472,0.8119,0.2892
956,stage1,0,0.35584762692451477,0.46644631028175354,0.0,0.35584762692451477,0.0001,0.0,9.469,0.9607,0.2919
957,stage1,0,0.35804638266563416,0.4709742069244385,0.0,0.35804638266563416,0.0001,0.0,9.472,0.8208,0.2852
958,stage1,0,0.4130929708480835,0.5071452856063843,0.0,0.4130929708480835,0.0001,0.0,9.469,1.1443,0.2853
959,stage1,0,0.3976791501045227,0.48896321654319763,0.0,0.3976791501045227,0.0001,0.0,9.472,1.2759,0.3487
960,stage1,0,0.30122673511505127,0.4860139489173889,0.0,0.30122673511505127,0.0001,0.0,9.469,1.0919,6.5313
961,stage1,0,0.37717920541763306,0.47732698917388916,0.0,0.37717920541763306,0.0001,0.0,9.472,1.0546,0.2903
962,stage1,0,0.3331436514854431,0.44417718052864075,0.0,0.3331436514854431,0.0001,0.0,9.469,1.0326,0.2898
963,stage1,0,0.359027236700058,0.4975302815437317,0.0,0.359027236700058,0.0001,0.0,9.472,1.1153,0.2928
964,stage1,0,0.33454450964927673,0.48421838879585266,0.0,0.33454450964927673,0.0001,0.0,9.469,0.8201,0.3025
965,stage1,0,0.33370593190193176,0.4679045081138611,0.0,0.33370593190193176,0.0001,0.0,9.472,0.7516,0.3335
966,stage1,0,0.30590105056762695,0.49263858795166016,0.0,0.30590105056762695,0.0001,0.0,9.469,0.7387,0.2929
967,stage1,0,0.2932259440422058,0.449802428483963,0.0,0.2932259440422058,0.0001,0.0,9.472,0.8947,0.2939
968,stage1,0,0.313495397567749,0.4703083336353302,0.0,0.313495397567749,0.0001,0.0,9.469,0.7489,6.5558
969,stage1,0,0.33301809430122375,0.46469953656196594,0.0,0.33301809430122375,0.0001,0.0,9.472,1.4001,0.2908
970,stage1,0,0.36677443981170654,0.49644285440444946,0.0,0.36677443981170654,0.0001,0.0,9.469,1.0632,0.2913
971,stage1,0,0.4179838001728058,0.508758008480072,0.0,0.4179838001728058,0.0001,0.0,9.472,1.2175,0.3314
972,stage1,0,0.3447396159172058,0.466609388589859,0.0,0.3447396159172058,0.0001,0.0,9.469,0.8114,0.3053
973,stage1,0,0.34781044721603394,0.5012010335922241,0.0,0.34781044721603394,0.0001,0.0,9.472,0.9953,0.2905
974,stage1,0,0.2864701747894287,0.44878318905830383,0.0,0.2864701747894287,0.0001,0.0,9.469,0.7636,0.2925
975,stage1,0,0.36459797620773315,0.5230939388275146,0.0,0.36459797620773315,0.0001,0.0,9.472,1.2339,0.2855
976,stage1,0,0.3154757618904114,0.47491374611854553,0.0,0.3154757618904114,0.0001,0.0,9.469,0.7595,6.6383
977,stage1,0,0.2964082956314087,0.46120235323905945,0.0,0.2964082956314087,0.0001,0.0,9.472,0.9051,0.2775
978,stage1,0,0.2993950843811035,0.44286394119262695,0.0,0.2993950843811035,0.0001,0.0,9.469,0.9314,0.2778
979,stage1,0,0.3567221760749817,0.4711969792842865,0.0,0.3567221760749817,0.0001,0.0,9.472,0.8597,0.3026
980,stage1,0,0.35678401589393616,0.48767274618148804,0.0,0.35678401589393616,0.0001,0.0,9.469,0.7716,0.286
981,stage1,0,0.3607023060321808,0.47240909934043884,0.0,0.3607023060321808,0.0001,0.0,9.472,0.9524,0.2774
982,stage1,0,0.3658711612224579,0.4903378486633301,0.0,0.3658711612224579,0.0001,0.0,9.469,1.1793,0.2784
983,stage1,0,0.36071550846099854,0.49135467410087585,0.0,0.36071550846099854,0.0001,0.0,9.472,0.983,0.3062
984,stage1,0,0.32595789432525635,0.46634870767593384,0.0,0.32595789432525635,0.0001,0.0,9.469,0.6541,6.6605
985,stage1,0,0.4142884910106659,0.5069231390953064,0.0,0.4142884910106659,0.0001,0.0,9.472,1.6635,0.2846
986,stage1,0,0.3743179142475128,0.4744440019130707,0.0,0.3743179142475128,0.0001,0.0,9.469,1.1651,0.2925
987,stage1,0,0.33212271332740784,0.4606981575489044,0.0,0.33212271332740784,0.0001,0.0,9.472,0.8946,0.2894
988,stage1,0,0.29395246505737305,0.4465544819831848,0.0,0.29395246505737305,0.0001,0.0,9.469,0.7743,0.285
989,stage1,0,0.31883397698402405,0.44704851508140564,0.0,0.31883397698402405,0.0001,0.0,9.472,0.9519,0.34
990,stage1,0,0.34264394640922546,0.49427467584609985,0.0,0.34264394640922546,0.0001,0.0,9.469,1.2154,0.2911
991,stage1,0,0.38905590772628784,0.5073111057281494,0.0,0.38905590772628784,0.0001,0.0,9.472,1.2883,0.2786
992,stage1,0,0.3491705060005188,0.4914335012435913,0.0,0.3491705060005188,0.0001,0.0,9.469,0.9379,6.5542
993,stage1,0,0.2976972162723541,0.4345494508743286,0.0,0.2976972162723541,0.0001,0.0,9.472,0.9353,0.2799
994,stage1,0,0.2887323498725891,0.4683743119239807,0.0,0.2887323498725891,0.0001,0.0,9.469,0.7198,0.3397
995,stage1,0,0.37485677003860474,0.4677150249481201,0.0,0.37485677003860474,0.0001,0.0,9.472,0.9469,0.2879
996,stage1,0,0.38189244270324707,0.47758665680885315,0.0,0.38189244270324707,0.0001,0.0,9.469,1.2382,0.2876
997,stage1,0,0.4165113866329193,0.49247556924819946,0.0,0.4165113866329193,0.0001,0.0,9.472,0.8662,0.285
998,stage1,0,0.3022172152996063,0.46264636516571045,0.0,0.3022172152996063,0.0001,0.0,9.469,0.8199,0.2852
999,stage1,0,0.28575804829597473,0.4483757019042969,0.0,0.28575804829597473,0.0001,0.0,9.472,0.6446,0.343
1000,stage1,0,0.2937881648540497,0.4687294661998749,0.0,0.2937881648540497,0.0001,0.0,9.469,1.013,6.5279
1001,stage1,0,0.3291667699813843,0.4658302962779999,0.0,0.3291667699813843,0.0001,0.0,9.472,1.0653,0.2882
1002,stage1,0,0.3018147051334381,0.43339839577674866,0.0,0.3018147051334381,0.0001,0.0,9.469,0.7765,0.2849
1003,stage1,0,0.3329636752605438,0.46920979022979736,0.0,0.3329636752605438,0.0001,0.0,9.472,0.9575,0.2904
1004,stage1,0,0.3277895450592041,0.46184873580932617,0.0,0.3277895450592041,0.0001,0.0,9.469,0.9448,0.3526
1005,stage1,0,0.3049015700817108,0.4485056698322296,0.0,0.3049015700817108,0.0001,0.0,9.472,0.808,0.2792
1006,stage1,0,0.3443911373615265,0.49213728308677673,0.0,0.3443911373615265,0.0001,0.0,9.469,0.7076,0.2853
1007,stage1,0,0.30452340841293335,0.45234397053718567,0.0,0.30452340841293335,0.0001,0.0,9.472,1.0143,0.286
1008,stage1,0,0.3768489360809326,0.4886736571788788,0.0,0.3768489360809326,0.0001,0.0,9.469,0.9135,6.611
1009,stage1,0,0.401149719953537,0.474059522151947,0.0,0.401149719953537,0.0001,0.0,9.472,1.0089,0.3461
1010,stage1,0,0.35185372829437256,0.4685501754283905,0.0,0.35185372829437256,0.0001,0.0,9.469,1.4028,0.2829
1011,stage1,0,0.33048015832901,0.4702772796154022,0.0,0.33048015832901,0.0001,0.0,9.472,0.7876,0.2871
1012,stage1,0,0.3644081950187683,0.47724422812461853,0.0,0.3644081950187683,0.0001,0.0,9.469,1.22,0.2935
1013,stage1,0,0.3150324821472168,0.45934465527534485,0.0,0.3150324821472168,0.0001,0.0,9.472,0.8011,0.292
1014,stage1,0,0.31761154532432556,0.440223753452301,0.0,0.31761154532432556,0.0001,0.0,9.469,1.0599,0.341
1015,stage1,0,0.3751506507396698,0.48220184445381165,0.0,0.3751506507396698,0.0001,0.0,9.472,1.1846,0.2862
1016,stage1,0,0.3083444833755493,0.44129782915115356,0.0,0.3083444833755493,0.0001,0.0,9.469,0.8399,6.6509
1017,stage1,0,0.32413870096206665,0.43570849299430847,0.0,0.32413870096206665,0.0001,0.0,9.472,0.8422,0.3297
1018,stage1,0,0.3294336199760437,0.4663841426372528,0.0,0.3294336199760437,0.0001,0.0,9.469,0.9319,0.2894
1019,stage1,0,0.4126981496810913,0.4969792664051056,0.0,0.4126981496810913,0.0001,0.0,9.472,1.3029,0.2907
1020,stage1,0,0.2967231869697571,0.46965208649635315,0.0,0.2967231869697571,0.0001,0.0,9.469,0.7842,0.2872
1021,stage1,0,0.39227795600891113,0.490463525056839,0.0,0.39227795600891113,0.0001,0.0,9.472,0.94,0.2914
1022,stage1,0,0.3753412961959839,0.49713239073753357,0.0,0.3753412961959839,0.0001,0.0,9.469,1.0669,0.337
1023,stage1,0,0.3431439995765686,0.4483386278152466,0.0,0.3431439995765686,0.0001,0.0,9.472,0.903,0.2857
1024,stage1,0,0.44923684000968933,0.5004034638404846,0.0,0.44923684000968933,0.0001,0.0,9.469,0.9201,6.6768
1025,stage1,0,0.3331252932548523,0.5105465054512024,0.0,0.3331252932548523,0.0001,0.0,9.472,0.8474,0.2851
1026,stage1,0,0.35988926887512207,0.48222923278808594,0.0,0.35988926887512207,0.0001,0.0,9.469,0.8353,0.2982
1027,stage1,0,0.36294788122177124,0.4719018340110779,0.0,0.36294788122177124,0.0001,0.0,9.472,0.8897,0.2874
1028,stage1,0,0.3301602005958557,0.4925844073295593,0.0,0.3301602005958557,0.0001,0.0,9.469,0.946,0.2879
1029,stage1,0,0.4037412703037262,0.5093174576759338,0.0,0.4037412703037262,0.0001,0.0,9.472,0.8966,0.3441
1030,stage1,0,0.29713180661201477,0.4778501093387604,0.0,0.29713180661201477,0.0001,0.0,9.469,0.7581,0.2896
1031,stage1,0,0.35686779022216797,0.4686407148838043,0.0,0.35686779022216797,0.0001,0.0,9.472,0.8156,0.296
1032,stage1,0,0.32427552342414856,0.48237061500549316,0.0,0.32427552342414856,0.0001,0.0,9.469,0.7942,6.5828
1033,stage1,0,0.3374289274215698,0.48193082213401794,0.0,0.3374289274215698,0.0001,0.0,9.472,0.8936,0.3419
1034,stage1,0,0.3385854959487915,0.4547339379787445,0.0,0.3385854959487915,0.0001,0.0,9.469,0.8861,0.2874
1035,stage1,0,0.3972354531288147,0.46039655804634094,0.0,0.3972354531288147,0.0001,0.0,9.472,1.0676,0.2916
1036,stage1,0,0.2823725640773773,0.4544118344783783,0.0,0.2823725640773773,0.0001,0.0,9.469,0.7564,0.2927
1037,stage1,0,0.3542655110359192,0.46162551641464233,0.0,0.3542655110359192,0.0001,0.0,9.472,0.8959,0.3041
1038,stage1,0,0.28742432594299316,0.46111369132995605,0.0,0.28742432594299316,0.0001,0.0,9.469,1.0596,0.342
1039,stage1,0,0.37894564867019653,0.49020758271217346,0.0,0.37894564867019653,0.0001,0.0,9.472,1.2932,0.2829
1040,stage1,0,0.4097622036933899,0.5214109420776367,0.0,0.4097622036933899,0.0001,0.0,9.469,1.0898,6.6882
1041,stage1,0,0.37135758996009827,0.4626382291316986,0.0,0.37135758996009827,0.0001,0.0,9.472,1.0776,0.2822
1042,stage1,0,0.34183982014656067,0.4534212648868561,0.0,0.34183982014656067,0.0001,0.0,9.469,1.3428,0.2918
1043,stage1,0,0.32389989495277405,0.458985835313797,0.0,0.32389989495277405,0.0001,0.0,9.472,0.8425,0.2925
1044,stage1,0,0.34025314450263977,0.47211599349975586,0.0,0.34025314450263977,0.0001,0.0,9.469,0.9572,0.2908
1045,stage1,0,0.3341164290904999,0.45607924461364746,0.0,0.3341164290904999,0.0001,0.0,9.472,1.2313,0.3406
1046,stage1,0,0.3207854926586151,0.4628463387489319,0.0,0.3207854926586151,0.0001,0.0,9.469,0.9208,0.2799
1047,stage1,0,0.35458654165267944,0.5036044716835022,0.0,0.35458654165267944,0.0001,0.0,9.472,1.1241,0.286
1048,stage1,0,0.2817939221858978,0.44326505064964294,0.0,0.2817939221858978,0.0001,0.0,9.469,0.7201,6.6699
1049,stage1,0,0.318183034658432,0.4426576495170593,0.0,0.318183034658432,0.0001,0.0,9.472,0.6624,0.2914
1050,stage1,0,0.3009190261363983,0.4677770733833313,0.0,0.3009190261363983,0.0001,0.0,9.469,0.7788,0.2909
1051,stage1,0,0.35400477051734924,0.453980416059494,0.0,0.35400477051734924,0.0001,0.0,9.472,0.9339,0.2904
1052,stage1,0,0.333891361951828,0.4480036795139313,0.0,0.333891361951828,0.0001,0.0,9.469,0.8341,0.3448
1053,stage1,0,0.3266822397708893,0.47421616315841675,0.0,0.3266822397708893,0.0001,0.0,9.472,0.8724,0.2792
1054,stage1,0,0.2958388030529022,0.4582517743110657,0.0,0.2958388030529022,0.0001,0.0,9.469,0.6663,0.2852
1055,stage1,0,0.3325560688972473,0.4674636721611023,0.0,0.3325560688972473,0.0001,0.0,9.472,1.0149,0.2856
1056,stage1,0,0.32612594962120056,0.457903653383255,0.0,0.32612594962120056,0.0001,0.0,9.469,0.8344,6.7436
1057,stage1,0,0.34336429834365845,0.48218533396720886,0.0,0.34336429834365845,0.0001,0.0,9.472,1.0016,0.292
1058,stage1,0,0.36699172854423523,0.47073400020599365,0.0,0.36699172854423523,0.0001,0.0,9.469,0.7301,0.2822
1059,stage1,0,0.31708866357803345,0.45633503794670105,0.0,0.31708866357803345,0.0001,0.0,9.472,0.6889,0.2868
1060,stage1,0,0.35068055987358093,0.4569164514541626,0.0,0.35068055987358093,0.0001,0.0,9.469,0.9071,0.2858
1061,stage1,0,0.3195265233516693,0.495620459318161,0.0,0.3195265233516693,0.0001,0.0,9.472,0.8376,0.3402
1062,stage1,0,0.3408961296081543,0.45453864336013794,0.0,0.3408961296081543,0.0001,0.0,9.469,0.9952,0.2848
1063,stage1,0,0.39013293385505676,0.46616604924201965,0.0,0.39013293385505676,0.0001,0.0,9.472,0.966,0.2848
1064,stage1,0,0.3395242393016815,0.45745813846588135,0.0,0.3395242393016815,0.0001,0.0,9.469,0.7386,6.7812
1065,stage1,0,0.30042240023612976,0.44494226574897766,0.0,0.30042240023612976,0.0001,0.0,9.472,0.7867,0.2923
1066,stage1,0,0.34062743186950684,0.4841243624687195,0.0,0.34062743186950684,0.0001,0.0,9.469,1.0054,0.292
1067,stage1,0,0.3194741904735565,0.45083868503570557,0.0,0.3194741904735565,0.0001,0.0,9.472,0.8375,0.2925
1068,stage1,0,0.3136754333972931,0.45632776618003845,0.0,0.3136754333972931,0.0001,0.0,9.469,0.8292,0.3188
1069,stage1,0,0.33607399463653564,0.4713536500930786,0.0,0.33607399463653564,0.0001,0.0,9.472,0.7881,0.3058
1070,stage1,0,0.3483297526836395,0.49110931158065796,0.0,0.3483297526836395,0.0001,0.0,9.469,0.8792,0.2854
1071,stage1,0,0.3149622678756714,0.4389149248600006,0.0,0.3149622678756714,0.0001,0.0,9.472,0.7361,0.2877
1072,stage1,0,0.33713164925575256,0.48362651467323303,0.0,0.33713164925575256,0.0001,0.0,9.469,1.0045,6.7302
1073,stage1,0,0.34378865361213684,0.472279816865921,0.0,0.34378865361213684,0.0001,0.0,9.472,1.0555,0.2898
1074,stage1,0,0.32717081904411316,0.453510046005249,0.0,0.32717081904411316,0.0001,0.0,9.469,0.7191,0.2919
1075,stage1,0,0.3094571828842163,0.4754716753959656,0.0,0.3094571828842163,0.0001,0.0,9.472,0.9913,0.2918
1076,stage1,0,0.31823721528053284,0.4473015367984772,0.0,0.31823721528053284,0.0001,0.0,9.469,0.8016,0.2849
1077,stage1,0,0.29251351952552795,0.4845938980579376,0.0,0.29251351952552795,0.0001,0.0,9.472,0.6656,0.341
1078,stage1,0,0.3779844343662262,0.499342679977417,0.0,0.3779844343662262,0.0001,0.0,9.469,0.9383,0.2848
1079,stage1,0,0.37005069851875305,0.4860011041164398,0.0,0.37005069851875305,0.0001,0.0,9.472,0.9728,0.2873
1080,stage1,0,0.3751036524772644,0.4708321690559387,0.0,0.3751036524772644,0.0001,0.0,9.469,1.0896,6.6159
1081,stage1,0,0.37535974383354187,0.4587542414665222,0.0,0.37535974383354187,0.0001,0.0,9.472,0.8421,0.2797
1082,stage1,0,0.3515200614929199,0.4666670560836792,0.0,0.3515200614929199,0.0001,0.0,9.469,0.7782,0.2817
1083,stage1,0,0.34279635548591614,0.4486726224422455,0.0,0.34279635548591614,0.0001,0.0,9.472,0.8876,0.2814
1084,stage1,0,0.26856932044029236,0.4393494129180908,0.0,0.26856932044029236,0.0001,0.0,9.469,0.7596,0.2819
1085,stage1,0,0.2862481474876404,0.4310212731361389,0.0,0.2862481474876404,0.0001,0.0,9.472,0.7863,0.2822
1086,stage1,0,0.33611634373664856,0.4852093756198883,0.0,0.33611634373664856,0.0001,0.0,9.469,0.8811,0.2826
1087,stage1,0,0.389598548412323,0.48886603116989136,0.0,0.389598548412323,0.0001,0.0,9.472,0.8342,0.2822
1088,stage1,0,0.3454943895339966,0.46420803666114807,0.0,0.3454943895339966,0.0001,0.0,9.469,0.8189,6.4013
1089,stage1,0,0.30804046988487244,0.4537264406681061,0.0,0.30804046988487244,0.0001,0.0,9.472,0.7779,0.2814
1090,stage1,0,0.32561853528022766,0.4713031053543091,0.0,0.32561853528022766,0.0001,0.0,9.469,0.9948,0.282
1091,stage1,0,0.3110327124595642,0.4539661109447479,0.0,0.3110327124595642,0.0001,0.0,9.472,1.0729,0.3151
1092,stage1,0,0.33785369992256165,0.47399264574050903,0.0,0.33785369992256165,0.0001,0.0,9.469,0.8438,0.299
1093,stage1,0,0.2851155400276184,0.4457632899284363,0.0,0.2851155400276184,0.0001,0.0,9.472,0.7,0.2855
1094,stage1,0,0.3213255703449249,0.47129860520362854,0.0,0.3213255703449249,0.0001,0.0,9.469,0.7926,0.2816
1095,stage1,0,0.34785744547843933,0.4888765513896942,0.0,0.34785744547843933,0.0001,0.0,9.472,1.0465,0.2805
1096,stage1,0,0.2920973300933838,0.44079649448394775,0.0,0.2920973300933838,0.0001,0.0,9.469,0.7456,6.2569
1097,stage1,0,0.3494566082954407,0.4666711091995239,0.0,0.3494566082954407,0.0001,0.0,9.472,0.8177,0.2793
1098,stage1,0,0.3027043044567108,0.47714242339134216,0.0,0.3027043044567108,0.0001,0.0,9.469,0.9404,0.2796
1099,stage1,0,0.35047921538352966,0.4484976530075073,0.0,0.35047921538352966,0.0001,0.0,9.472,0.8029,0.2812
1100,stage1,0,0.34390789270401,0.46631285548210144,0.0,0.34390789270401,0.0001,0.0,9.469,0.9735,0.281
1101,stage1,0,0.3908102214336395,0.470093697309494,0.0,0.3908102214336395,0.0001,0.0,9.472,1.356,0.2782
1102,stage1,0,0.26048874855041504,0.4337084889411926,0.0,0.26048874855041504,0.0001,0.0,9.469,0.7276,0.2777
1103,stage1,1,0.3131767511367798,0.4350072741508484,0.0,0.3131767511367798,0.0001,0.0,9.472,0.8421,10.9331
1104,stage1,1,0.3002726137638092,0.453020840883255,0.0,0.3002726137638092,0.0001,0.0,9.469,0.8534,0.2805
1105,stage1,1,0.29618343710899353,0.4546698033809662,0.0,0.29618343710899353,0.0001,0.0,9.472,0.8674,0.2803
1106,stage1,1,0.3022163212299347,0.4427243769168854,0.0,0.3022163212299347,0.0001,0.0,9.469,0.9262,0.2817
1107,stage1,1,0.3261076509952545,0.4629739820957184,0.0,0.3261076509952545,0.0001,0.0,9.472,0.8186,0.2828
1108,stage1,1,0.2863772511482239,0.45847126841545105,0.0,0.2863772511482239,0.0001,0.0,9.469,0.9295,0.282
1109,stage1,1,0.34840166568756104,0.4694822430610657,0.0,0.34840166568756104,0.0001,0.0,9.472,0.8918,0.2817
1110,stage1,1,0.33264124393463135,0.45455992221832275,0.0,0.33264124393463135,0.0001,0.0,9.469,1.0865,0.2818
1111,stage1,1,0.3276800811290741,0.4526907205581665,0.0,0.3276800811290741,0.0001,0.0,9.472,0.7991,6.9458
1112,stage1,1,0.2872541844844818,0.41252702474594116,0.0,0.2872541844844818,0.0001,0.0,9.469,0.9623,0.3647
1113,stage1,1,0.32515889406204224,0.44475603103637695,0.0,0.32515889406204224,0.0001,0.0,9.472,0.8435,0.2802
1114,stage1,1,0.36435407400131226,0.48614177107810974,0.0,0.36435407400131226,0.0001,0.0,9.469,0.7253,0.2811
1115,stage1,1,0.35948851704597473,0.4616539776325226,0.0,0.35948851704597473,0.0001,0.0,9.472,1.0376,0.2811
1116,stage1,1,0.2916983366012573,0.4286046028137207,0.0,0.2916983366012573,0.0001,0.0,9.469,0.9536,0.2816
1117,stage1,1,0.34481653571128845,0.45081743597984314,0.0,0.34481653571128845,0.0001,0.0,9.472,0.7987,0.2821
1118,stage1,1,0.3473050892353058,0.45942503213882446,0.0,0.3473050892353058,0.0001,0.0,9.469,0.7233,0.2817
1119,stage1,1,0.30173856019973755,0.4358197748661041,0.0,0.30173856019973755,0.0001,0.0,9.472,0.7255,6.8737
1120,stage1,1,0.34431105852127075,0.43562963604927063,0.0,0.34431105852127075,0.0001,0.0,9.469,1.0636,0.4838
1121,stage1,1,0.3185766041278839,0.44585955142974854,0.0,0.3185766041278839,0.0001,0.0,9.472,0.7292,0.2828
1122,stage1,1,0.3524274528026581,0.4613158106803894,0.0,0.3524274528026581,0.0001,0.0,9.469,0.8932,0.2816
1123,stage1,1,0.31162184476852417,0.45850515365600586,0.0,0.31162184476852417,0.0001,0.0,9.472,1.0067,0.5681
1124,stage1,1,0.31482478976249695,0.4607340395450592,0.0,0.31482478976249695,0.0001,0.0,9.469,0.8971,0.2811
1125,stage1,1,0.34290987253189087,0.45652180910110474,0.0,0.34290987253189087,0.0001,0.0,9.472,0.8413,0.2802
1126,stage1,1,0.3325960040092468,0.46420857310295105,0.0,0.3325960040092468,0.0001,0.0,9.469,0.8875,0.2812
1127,stage1,1,0.36365097761154175,0.4771556258201599,0.0,0.36365097761154175,0.0001,0.0,9.472,1.0392,6.5807
1128,stage1,1,0.38619470596313477,0.4754506051540375,0.0,0.38619470596313477,0.0001,0.0,9.469,0.7757,0.3392
1129,stage1,1,0.3763252794742584,0.4819949269294739,0.0,0.3763252794742584,0.0001,0.0,9.472,0.9642,0.2775
1130,stage1,1,0.2931126058101654,0.4404377043247223,0.0,0.2931126058101654,0.0001,0.0,9.469,0.621,0.4828
1131,stage1,1,0.2838565409183502,0.4558078646659851,0.0,0.2838565409183502,0.0001,0.0,9.472,0.8731,0.6084
1132,stage1,1,0.3834332227706909,0.46658551692962646,0.0,0.3834332227706909,0.0001,0.0,9.469,1.0201,0.2775
1133,stage1,1,0.30934980511665344,0.45039045810699463,0.0,0.30934980511665344,0.0001,0.0,9.472,0.9551,0.2822
1134,stage1,1,0.325772762298584,0.45421484112739563,0.0,0.325772762298584,0.0001,0.0,9.469,0.7667,0.2818
1135,stage1,1,0.34778523445129395,0.4843024015426636,0.0,0.34778523445129395,0.0001,0.0,9.472,0.9431,6.3437
1136,stage1,1,0.29837796092033386,0.4386170208454132,0.0,0.29837796092033386,0.0001,0.0,9.469,0.6589,0.3971
1137,stage1,1,0.3019559681415558,0.4666576385498047,0.0,0.3019559681415558,0.0001,0.0,9.472,0.7759,0.2813
1138,stage1,1,0.2454521805047989,0.4536116421222687,0.0,0.2454521805047989,0.0001,0.0,9.469,0.7551,0.3924
1139,stage1,1,0.30544131994247437,0.45825380086898804,0.0,0.30544131994247437,0.0001,0.0,9.472,0.9963,0.7286
1140,stage1,1,0.38905778527259827,0.48122671246528625,0.0,0.38905778527259827,0.0001,0.0,9.469,1.1267,0.3427
1141,stage1,1,0.3544456958770752,0.48247045278549194,0.0,0.3544456958770752,0.0001,0.0,9.472,0.9123,0.275
1142,stage1,1,0.322373628616333,0.4443482458591461,0.0,0.322373628616333,0.0001,0.0,9.469,0.8098,0.2865
1143,stage1,1,0.35287442803382874,0.44748201966285706,0.0,0.35287442803382874,0.0001,0.0,9.472,0.8269,6.1165
1144,stage1,1,0.34423524141311646,0.4765840768814087,0.0,0.34423524141311646,0.0001,0.0,9.469,0.6853,0.5505
1145,stage1,1,0.320264995098114,0.4397102892398834,0.0,0.320264995098114,0.0001,0.0,9.472,0.8067,0.2809
1146,stage1,1,0.3647124469280243,0.49435940384864807,0.0,0.3647124469280243,0.0001,0.0,9.469,1.1067,0.4885
1147,stage1,1,0.317877858877182,0.4523092806339264,0.0,0.317877858877182,0.0001,0.0,9.472,0.9353,0.7176
1148,stage1,1,0.31151971220970154,0.4559016823768616,0.0,0.31151971220970154,0.0001,0.0,9.469,0.7569,0.2802
1149,stage1,1,0.26707297563552856,0.42980387806892395,0.0,0.26707297563552856,0.0001,0.0,9.472,0.6946,0.2771
1150,stage1,1,0.3595949113368988,0.47044968605041504,0.0,0.3595949113368988,0.0001,0.0,9.469,0.9401,0.2946
1151,stage1,1,0.3293185532093048,0.46833956241607666,0.0,0.3293185532093048,0.0001,0.0,9.472,1.0424,5.8466
1152,stage1,1,0.3425159752368927,0.4564737379550934,0.0,0.3425159752368927,0.0001,0.0,9.469,1.0965,0.6276
1153,stage1,1,0.3696824610233307,0.46268853545188904,0.0,0.3696824610233307,0.0001,0.0,9.472,0.9758,0.5313
1154,stage1,1,0.31897681951522827,0.44538256525993347,0.0,0.31897681951522827,0.0001,0.0,9.469,0.8878,0.5519
1155,stage1,1,0.30906203389167786,0.46487340331077576,0.0,0.30906203389167786,0.0001,0.0,9.472,0.8596,0.6482
1156,stage1,1,0.3007330596446991,0.44364017248153687,0.0,0.3007330596446991,0.0001,0.0,9.469,0.8861,0.3013
1157,stage1,1,0.31879690289497375,0.46858328580856323,0.0,0.31879690289497375,0.0001,0.0,9.472,0.8466,0.2856
1158,stage1,1,0.3273598551750183,0.48589974641799927,0.0,0.3273598551750183,0.0001,0.0,9.469,0.8935,0.2774
1159,stage1,1,0.3075166940689087,0.44891881942749023,0.0,0.3075166940689087,0.0001,0.0,9.472,0.8895,5.723
1160,stage1,1,0.36003533005714417,0.43210357427597046,0.0,0.36003533005714417,0.0001,0.0,9.469,1.0192,0.7044
1161,stage1,1,0.30042174458503723,0.4454241693019867,0.0,0.30042174458503723,0.0001,0.0,9.472,0.7439,0.7418
1162,stage1,1,0.34044405817985535,0.46002358198165894,0.0,0.34044405817985535,0.0001,0.0,9.469,0.8369,0.4968
1163,stage1,1,0.32485321164131165,0.43301618099212646,0.0,0.32485321164131165,0.0001,0.0,9.472,0.7706,0.3548
1164,stage1,1,0.3346734941005707,0.46809831261634827,0.0,0.3346734941005707,0.0001,0.0,9.469,0.9078,0.2802
1165,stage1,1,0.32685917615890503,0.43583425879478455,0.0,0.32685917615890503,0.0001,0.0,9.472,0.8957,0.2813
1166,stage1,1,0.3435373306274414,0.46637555956840515,0.0,0.3435373306274414,0.0001,0.0,9.469,0.9508,0.2811
1167,stage1,1,0.29784542322158813,0.4468923807144165,0.0,0.29784542322158813,0.0001,0.0,9.472,0.8088,5.6244
1168,stage1,1,0.2982358932495117,0.4322011470794678,0.0,0.2982358932495117,0.0001,0.0,9.469,0.8879,0.8731
1169,stage1,1,0.31662702560424805,0.446115642786026,0.0,0.31662702560424805,0.0001,0.0,9.472,0.8474,1.079
1170,stage1,1,0.3012818992137909,0.41557493805885315,0.0,0.3012818992137909,0.0001,0.0,9.469,0.8289,0.281
1171,stage1,1,0.2910916209220886,0.429005891084671,0.0,0.2910916209220886,0.0001,0.0,9.472,0.8225,0.2809
1172,stage1,1,0.2662906348705292,0.46575525403022766,0.0,0.2662906348705292,0.0001,0.0,9.469,0.9274,0.2811
1173,stage1,1,0.3509008586406708,0.44939348101615906,0.0,0.3509008586406708,0.0001,0.0,9.472,0.7491,0.2813
1174,stage1,1,0.3377203047275543,0.4697803854942322,0.0,0.3377203047275543,0.0001,0.0,9.469,0.8012,0.2811
1175,stage1,1,0.33960142731666565,0.4582226574420929,0.0,0.33960142731666565,0.0001,0.0,9.472,0.9624,5.5199
1176,stage1,1,0.3144177794456482,0.45569613575935364,0.0,0.3144177794456482,0.0001,0.0,9.469,0.8091,1.1196
1177,stage1,1,0.2917211949825287,0.42526429891586304,0.0,0.2917211949825287,0.0001,0.0,9.472,0.8178,1.1871
1178,stage1,1,0.31569164991378784,0.46294623613357544,0.0,0.31569164991378784,0.0001,0.0,9.469,1.2212,0.2808
1179,stage1,1,0.3419969081878662,0.4567129909992218,0.0,0.3419969081878662,0.0001,0.0,9.472,1.0067,0.3427
1180,stage1,1,0.39618611335754395,0.46771395206451416,0.0,0.39618611335754395,0.0001,0.0,9.469,1.0086,0.275
1181,stage1,1,0.285140722990036,0.4581124484539032,0.0,0.285140722990036,0.0001,0.0,9.472,0.8596,0.281
1182,stage1,1,0.3436338007450104,0.4531504511833191,0.0,0.3436338007450104,0.0001,0.0,9.469,0.9823,0.282
1183,stage1,1,0.3362963795661926,0.45488449931144714,0.0,0.3362963795661926,0.0001,0.0,9.472,0.7053,5.0135
1184,stage1,1,0.3346811532974243,0.4457811713218689,0.0,0.3346811532974243,0.0001,0.0,9.469,1.2899,0.8684
1185,stage1,1,0.31902456283569336,0.4436935782432556,0.0,0.31902456283569336,0.0001,0.0,9.472,0.7765,1.6035
1186,stage1,1,0.32656630873680115,0.4502551257610321,0.0,0.32656630873680115,0.0001,0.0,9.469,0.9505,0.2843
1187,stage1,1,0.3317241966724396,0.4803183972835541,0.0,0.3317241966724396,0.0001,0.0,9.472,1.1481,0.2858
1188,stage1,1,0.3114139139652252,0.4454635977745056,0.0,0.3114139139652252,0.0001,0.0,9.469,0.8291,0.3407
1189,stage1,1,0.3182850778102875,0.4503156244754791,0.0,0.3182850778102875,0.0001,0.0,9.472,0.804,0.276
1190,stage1,1,0.3472554087638855,0.4474687874317169,0.0,0.3472554087638855,0.0001,0.0,9.469,0.7452,0.2875
1191,stage1,1,0.31696581840515137,0.4624118506908417,0.0,0.31696581840515137,0.0001,0.0,9.472,0.7838,4.7512
1192,stage1,1,0.2929385006427765,0.45937731862068176,0.0,0.2929385006427765,0.0001,0.0,9.469,0.8279,0.8232
1193,stage1,1,0.2946469187736511,0.4526212513446808,0.0,0.2946469187736511,0.0001,0.0,9.472,0.7372,2.0051
1194,stage1,1,0.2912592887878418,0.4548320472240448,0.0,0.2912592887878418,0.0001,0.0,9.469,0.8016,0.2859
1195,stage1,1,0.2839250862598419,0.43557482957839966,0.0,0.2839250862598419,0.0001,0.0,9.472,0.8566,0.2818
1196,stage1,1,0.29709669947624207,0.43326976895332336,0.0,0.29709669947624207,0.0001,0.0,9.469,0.8781,0.2899
1197,stage1,1,0.2703308165073395,0.4403952956199646,0.0,0.2703308165073395,0.0001,0.0,9.472,0.7086,0.2818
1198,stage1,1,0.3318239748477936,0.45241600275039673,0.0,0.3318239748477936,0.0001,0.0,9.469,0.9569,0.2822
1199,stage1,1,0.37394654750823975,0.46893224120140076,0.0,0.37394654750823975,0.0001,0.0,9.472,0.89,4.5784
1200,stage1,1,0.3162233233451843,0.43545234203338623,0.0,0.3162233233451843,0.0001,0.0,9.469,0.8994,0.6454
1201,stage1,1,0.29531651735305786,0.4374963343143463,0.0,0.29531651735305786,0.0001,0.0,9.472,0.7534,2.2494
1202,stage1,1,0.23909635841846466,0.4174601137638092,0.0,0.23909635841846466,0.0001,0.0,9.469,0.8373,0.2807
1203,stage1,1,0.31127843260765076,0.43802550435066223,0.0,0.31127843260765076,0.0001,0.0,9.472,0.7536,0.286
1204,stage1,1,0.3549276292324066,0.4757273495197296,0.0,0.3549276292324066,0.0001,0.0,9.469,1.0586,0.2822
1205,stage1,1,0.3155202567577362,0.44856563210487366,0.0,0.3155202567577362,0.0001,0.0,9.472,0.8917,0.2864
1206,stage1,1,0.3069482147693634,0.4390430748462677,0.0,0.3069482147693634,0.0001,0.0,9.469,0.972,0.281
1207,stage1,1,0.30308985710144043,0.4325638711452484,0.0,0.30308985710144043,0.0001,0.0,9.472,0.9863,4.2145
1208,stage1,1,0.3704456686973572,0.46440377831459045,0.0,0.3704456686973572,0.0001,0.0,9.469,0.9717,0.7486
1209,stage1,1,0.32753270864486694,0.4473808705806732,0.0,0.32753270864486694,0.0001,0.0,9.472,1.1226,2.2639
1210,stage1,1,0.288524329662323,0.44017669558525085,0.0,0.288524329662323,0.0001,0.0,9.469,0.9182,0.4365
1211,stage1,1,0.3861721456050873,0.4685242474079132,0.0,0.3861721456050873,0.0001,0.0,9.472,0.9457,0.3243
1212,stage1,1,0.2964586913585663,0.46533912420272827,0.0,0.2964586913585663,0.0001,0.0,9.469,0.8224,0.2974
1213,stage1,1,0.3050174415111542,0.483797550201416,0.0,0.3050174415111542,0.0001,0.0,9.472,1.1754,0.2851
1214,stage1,1,0.34460505843162537,0.4733145534992218,0.0,0.34460505843162537,0.0001,0.0,9.469,1.0881,0.2815
1215,stage1,1,0.34536346793174744,0.4798222482204437,0.0,0.34536346793174744,0.0001,0.0,9.472,0.963,4.1683
1216,stage1,1,0.34244194626808167,0.46410295367240906,0.0,0.34244194626808167,0.0001,0.0,9.469,1.0869,0.6798
1217,stage1,1,0.3063828647136688,0.44755566120147705,0.0,0.3063828647136688,0.0001,0.0,9.472,0.9066,2.8972
1218,stage1,1,0.3837917745113373,0.4612850546836853,0.0,0.3837917745113373,0.0001,0.0,9.469,0.9816,0.2808
1219,stage1,1,0.38481566309928894,0.4635757505893707,0.0,0.38481566309928894,0.0001,0.0,9.472,1.4529,0.2809
1220,stage1,1,0.29493090510368347,0.44449254870414734,0.0,0.29493090510368347,0.0001,0.0,9.469,1.0099,0.2815
1221,stage1,1,0.34551671147346497,0.4469744563102722,0.0,0.34551671147346497,0.0001,0.0,9.472,1.0383,0.2809
1222,stage1,1,0.2790588438510895,0.44167816638946533,0.0,0.2790588438510895,0.0001,0.0,9.469,1.0876,0.3434
1223,stage1,1,0.32486075162887573,0.46473655104637146,0.0,0.32486075162887573,0.0001,0.0,9.472,0.8659,3.7544
1224,stage1,1,0.37396538257598877,0.4752366244792938,0.0,0.37396538257598877,0.0001,0.0,9.469,1.1386,0.9206
1225,stage1,1,0.3114379942417145,0.4478793442249298,0.0,0.3114379942417145,0.0001,0.0,9.472,0.946,3.3092
1226,stage1,1,0.31683099269866943,0.45551973581314087,0.0,0.31683099269866943,0.0001,0.0,9.469,0.7573,0.2792
1227,stage1,1,0.37956032156944275,0.4829927086830139,0.0,0.37956032156944275,0.0001,0.0,9.472,1.2137,0.2816
1228,stage1,1,0.30878928303718567,0.465904176235199,0.0,0.30878928303718567,0.0001,0.0,9.469,0.938,0.2815
1229,stage1,1,0.2873413860797882,0.46465441584587097,0.0,0.2873413860797882,0.0001,0.0,9.472,0.8683,0.3343
1230,stage1,1,0.3389829993247986,0.4615614712238312,0.0,0.3389829993247986,0.0001,0.0,9.469,1.0066,0.2812
1231,stage1,1,0.3544021546840668,0.4627613127231598,0.0,0.3544021546840668,0.0001,0.0,9.472,0.95,3.1409
1232,stage1,1,0.3616349399089813,0.4480268657207489,0.0,0.3616349399089813,0.0001,0.0,9.469,0.8895,1.1605
1233,stage1,1,0.31357496976852417,0.45424845814704895,0.0,0.31357496976852417,0.0001,0.0,9.472,0.8375,3.6492
1234,stage1,1,0.36512476205825806,0.4974104166030884,0.0,0.36512476205825806,0.0001,0.0,9.469,1.2176,0.2802
1235,stage1,1,0.3130754232406616,0.4465375542640686,0.0,0.3130754232406616,0.0001,0.0,9.472,0.8509,0.2819
1236,stage1,1,0.353507936000824,0.4673996567726135,0.0,0.353507936000824,0.0001,0.0,9.469,0.8467,0.2861
1237,stage1,1,0.285835325717926,0.43668031692504883,0.0,0.285835325717926,0.0001,0.0,9.472,0.8082,0.2821
1238,stage1,1,0.3208243250846863,0.4391978085041046,0.0,0.3208243250846863,0.0001,0.0,9.469,0.9492,0.2817
1239,stage1,1,0.3105326294898987,0.44270822405815125,0.0,0.3105326294898987,0.0001,0.0,9.472,0.9301,2.6794
1240,stage1,1,0.3260623514652252,0.48341408371925354,0.0,0.3260623514652252,0.0001,0.0,9.469,1.0069,1.1875
1241,stage1,1,0.34490421414375305,0.47777849435806274,0.0,0.34490421414375305,0.0001,0.0,9.472,1.1152,3.6511
1242,stage1,1,0.3041273057460785,0.4497138559818268,0.0,0.3041273057460785,0.0001,0.0,9.469,0.9646,0.2803
1243,stage1,1,0.2903008460998535,0.4275585412979126,0.0,0.2903008460998535,0.0001,0.0,9.472,0.9828,0.2855
1244,stage1,1,0.31707027554512024,0.47055134177207947,0.0,0.31707027554512024,0.0001,0.0,9.469,0.9541,0.287
1245,stage1,1,0.31940993666648865,0.4705475866794586,0.0,0.31940993666648865,0.0001,0.0,9.472,1.0059,0.2815
1246,stage1,1,0.36689120531082153,0.45556291937828064,0.0,0.36689120531082153,0.0001,0.0,9.469,1.3186,0.2863
1247,stage1,1,0.27593111991882324,0.4668213129043579,0.0,0.27593111991882324,0.0001,0.0,9.472,0.8002,2.6515
1248,stage1,1,0.3220718801021576,0.45880141854286194,0.0,0.3220718801021576,0.0001,0.0,9.469,0.8625,0.9992
1249,stage1,1,0.32970574498176575,0.4672355055809021,0.0,0.32970574498176575,0.0001,0.0,9.472,1.0705,3.9988
1250,stage1,1,0.36717167496681213,0.4928226172924042,0.0,0.36717167496681213,0.0001,0.0,9.469,1.0805,0.2807
1251,stage1,1,0.3377865254878998,0.4501574635505676,0.0,0.3377865254878998,0.0001,0.0,9.472,0.9063,0.281
1252,stage1,1,0.3199238181114197,0.46439051628112793,0.0,0.3199238181114197,0.0001,0.0,9.469,0.8549,0.2818
1253,stage1,1,0.3065759837627411,0.4289943277835846,0.0,0.3065759837627411,0.0001,0.0,9.472,1.5049,0.2819
1254,stage1,1,0.33301979303359985,0.44298696517944336,0.0,0.33301979303359985,0.0001,0.0,9.469,0.8128,0.2816
1255,stage1,1,0.32647258043289185,0.4596303105354309,0.0,0.32647258043289185,0.0001,0.0,9.472,0.8489,2.7168
1256,stage1,1,0.37643006443977356,0.48428791761398315,0.0,0.37643006443977356,0.0001,0.0,9.469,1.0485,1.1288
1257,stage1,1,0.32256877422332764,0.4614412486553192,0.0,0.32256877422332764,0.0001,0.0,9.472,0.8746,3.7321
1258,stage1,1,0.3580807149410248,0.46680426597595215,0.0,0.3580807149410248,0.0001,0.0,9.469,1.3969,0.3042
1259,stage1,1,0.354094535112381,0.4554271101951599,0.0,0.354094535112381,0.0001,0.0,9.472,1.0101,0.3245
1260,stage1,1,0.3726363182067871,0.45624756813049316,0.0,0.3726363182067871,0.0001,0.0,9.469,1.1517,0.296
1261,stage1,1,0.3380611538887024,0.44319024682044983,0.0,0.3380611538887024,0.0001,0.0,9.472,0.9077,0.2848
1262,stage1,1,0.2762674391269684,0.42250341176986694,0.0,0.2762674391269684,0.0001,0.0,9.469,0.7066,0.2809
1263,stage1,1,0.27724939584732056,0.4467940330505371,0.0,0.27724939584732056,0.0001,0.0,9.472,0.7795,2.4109
1264,stage1,1,0.31033721566200256,0.4420945644378662,0.0,0.31033721566200256,0.0001,0.0,9.469,0.9805,1.0167
1265,stage1,1,0.30485624074935913,0.45889177918434143,0.0,0.30485624074935913,0.0001,0.0,9.472,1.0844,4.1641
1266,stage1,1,0.3133949637413025,0.4597746729850769,0.0,0.3133949637413025,0.0001,0.0,9.469,0.9838,0.28
1267,stage1,1,0.3233400285243988,0.4643959701061249,0.0,0.3233400285243988,0.0001,0.0,9.472,0.8062,0.2809
1268,stage1,1,0.3297584652900696,0.429654985666275,0.0,0.3297584652900696,0.0001,0.0,9.469,0.8124,0.3429
1269,stage1,1,0.3139844238758087,0.4380817413330078,0.0,0.3139844238758087,0.0001,0.0,9.472,0.8836,0.2806
1270,stage1,1,0.33916226029396057,0.4778296947479248,0.0,0.33916226029396057,0.0001,0.0,9.469,0.7475,0.2808
1271,stage1,1,0.29584017395973206,0.443609356880188,0.0,0.29584017395973206,0.0001,0.0,9.472,0.8853,2.2032
1272,stage1,1,0.33591389656066895,0.44167110323905945,0.0,0.33591389656066895,0.0001,0.0,9.469,0.9108,1.0689
1273,stage1,1,0.32080304622650146,0.44297119975090027,0.0,0.32080304622650146,0.0001,0.0,9.472,0.8114,4.0195
1274,stage1,1,0.36164188385009766,0.45340481400489807,0.0,0.36164188385009766,0.0001,0.0,9.469,1.0633,0.2802
1275,stage1,1,0.2789919674396515,0.44375598430633545,0.0,0.2789919674396515,0.0001,0.0,9.472,0.8246,0.2861
1276,stage1,1,0.29997462034225464,0.4696570932865143,0.0,0.29997462034225464,0.0001,0.0,9.469,0.6941,0.2827
1277,stage1,1,0.2923794388771057,0.43642523884773254,0.0,0.2923794388771057,0.0001,0.0,9.472,0.8812,0.2774
1278,stage1,1,0.2985188066959381,0.42699021100997925,0.0,0.2985188066959381,0.0001,0.0,9.469,0.9536,0.278
1279,stage1,1,0.30344337224960327,0.44794026017189026,0.0,0.30344337224960327,0.0001,0.0,9.472,0.7516,2.3147
1280,stage1,1,0.3008750379085541,0.4719560742378235,0.0,0.3008750379085541,0.0001,0.0,9.469,0.7916,1.1018
1281,stage1,1,0.3083037734031677,0.4862862527370453,0.0,0.3083037734031677,0.0001,0.0,9.472,0.9254,3.7458
1282,stage1,1,0.3854006230831146,0.4815477430820465,0.0,0.3854006230831146,0.0001,0.0,9.469,0.9815,0.2816
1283,stage1,1,0.4275205433368683,0.48867303133010864,0.0,0.4275205433368683,0.0001,0.0,9.472,1.1117,0.2816
1284,stage1,1,0.34343940019607544,0.4539346992969513,0.0,0.34343940019607544,0.0001,0.0,9.469,0.8228,0.2855
1285,stage1,1,0.26439693570137024,0.42989954352378845,0.0,0.26439693570137024,0.0001,0.0,9.472,0.8987,0.2816
1286,stage1,1,0.2924818992614746,0.44606801867485046,0.0,0.2924818992614746,0.0001,0.0,9.469,1.0766,0.2775
1287,stage1,1,0.27164405584335327,0.4174503684043884,0.0,0.27164405584335327,0.0001,0.0,9.472,0.7736,2.4895
1288,stage1,1,0.31435927748680115,0.447605162858963,0.0,0.31435927748680115,0.0001,0.0,9.469,0.9089,0.7233
1289,stage1,1,0.3684120774269104,0.47313573956489563,0.0,0.3684120774269104,0.0001,0.0,9.472,1.1062,4.8485
1290,stage1,1,0.33601486682891846,0.4972746968269348,0.0,0.33601486682891846,0.0001,0.0,9.469,0.7935,0.2791
1291,stage1,1,0.32346469163894653,0.4354948103427887,0.0,0.32346469163894653,0.0001,0.0,9.472,0.8596,0.2849
1292,stage1,1,0.30094262957572937,0.4385627508163452,0.0,0.30094262957572937,0.0001,0.0,9.469,0.783,0.2818
1293,stage1,1,0.3118624985218048,0.4611947238445282,0.0,0.3118624985218048,0.0001,0.0,9.472,1.0705,0.281
1294,stage1,1,0.3250077962875366,0.467710942029953,0.0,0.3250077962875366,0.0001,0.0,9.469,0.8497,0.2816
1295,stage1,1,0.302412211894989,0.451070636510849,0.0,0.302412211894989,0.0001,0.0,9.472,1.0507,1.856
1296,stage1,1,0.3251669108867645,0.45217740535736084,0.0,0.3251669108867645,0.0001,0.0,9.469,0.8132,0.3543
1297,stage1,1,0.3297090530395508,0.4616973400115967,0.0,0.3297090530395508,0.0001,0.0,9.472,0.814,5.5044
1298,stage1,1,0.33858218789100647,0.4804707169532776,0.0,0.33858218789100647,0.0001,0.0,9.469,0.9661,0.2782
1299,stage1,1,0.32047778367996216,0.4464757740497589,0.0,0.32047778367996216,0.0001,0.0,9.472,1.0469,0.28
1300,stage1,1,0.34792694449424744,0.4650925397872925,0.0,0.34792694449424744,0.0001,0.0,9.469,0.7761,0.2816
1301,stage1,1,0.2790340781211853,0.4250980019569397,0.0,0.2790340781211853,0.0001,0.0,9.472,0.6757,0.2813
1302,stage1,1,0.34110555052757263,0.46638643741607666,0.0,0.34110555052757263,0.0001,0.0,9.469,1.1202,0.2809
1303,stage1,1,0.30520254373550415,0.43852004408836365,0.0,0.30520254373550415,0.0001,0.0,9.472,1.0704,1.641
1304,stage1,1,0.30771973729133606,0.4529963433742523,0.0,0.30771973729133606,0.0001,0.0,9.469,0.9383,0.2777
1305,stage1,1,0.31801220774650574,0.4502767026424408,0.0,0.31801220774650574,0.0001,0.0,9.472,0.8624,5.4976
1306,stage1,1,0.3365422487258911,0.4570799171924591,0.0,0.3365422487258911,0.0001,0.0,9.469,0.7745,0.2804
1307,stage1,1,0.2592010498046875,0.4270162582397461,0.0,0.2592010498046875,0.0001,0.0,9.472,0.7663,0.2849
1308,stage1,1,0.3177405297756195,0.4468306601047516,0.0,0.3177405297756195,0.0001,0.0,9.469,0.9544,0.2865
1309,stage1,1,0.2870730459690094,0.42658302187919617,0.0,0.2870730459690094,0.0001,0.0,9.472,0.8731,0.2813
1310,stage1,1,0.3105465769767761,0.4703098237514496,0.0,0.3105465769767761,0.0001,0.0,9.469,1.0689,0.3384
1311,stage1,1,0.2969783544540405,0.46301883459091187,0.0,0.2969783544540405,0.0001,0.0,9.472,0.799,1.3946
1312,stage1,1,0.3465021252632141,0.47337085008621216,0.0,0.3465021252632141,0.0001,0.0,9.469,0.8097,0.2816
1313,stage1,1,0.2872246503829956,0.4403611421585083,0.0,0.2872246503829956,0.0001,0.0,9.472,0.6618,6.0114
1314,stage1,1,0.34770503640174866,0.4602189064025879,0.0,0.34770503640174866,0.0001,0.0,9.469,0.8014,0.2805
1315,stage1,1,0.2973286211490631,0.4753783643245697,0.0,0.2973286211490631,0.0001,0.0,9.472,1.1155,0.2814
1316,stage1,1,0.26213663816452026,0.453497052192688,0.0,0.26213663816452026,0.0001,0.0,9.469,1.03,0.2867
1317,stage1,1,0.30209001898765564,0.43673038482666016,0.0,0.30209001898765564,0.0001,0.0,9.472,0.9327,0.2812
1318,stage1,1,0.305724561214447,0.4479890465736389,0.0,0.305724561214447,0.0001,0.0,9.469,0.9664,0.3107
1319,stage1,1,0.3290794789791107,0.4481900930404663,0.0,0.3290794789791107,0.0001,0.0,9.472,0.9389,1.0101
1320,stage1,1,0.28662699460983276,0.43110671639442444,0.0,0.28662699460983276,0.0001,0.0,9.469,1.0783,0.2815
1321,stage1,1,0.348202645778656,0.4445081055164337,0.0,0.348202645778656,0.0001,0.0,9.472,0.8914,6.0483
1322,stage1,1,0.3265932500362396,0.482985258102417,0.0,0.3265932500362396,0.0001,0.0,9.469,1.1091,0.2763
1323,stage1,1,0.3390010595321655,0.45797044038772583,0.0,0.3390010595321655,0.0001,0.0,9.472,1.0253,0.2815
1324,stage1,1,0.34674176573753357,0.463913232088089,0.0,0.34674176573753357,0.0001,0.0,9.469,1.18,0.2862
1325,stage1,1,0.2749573290348053,0.4517958164215088,0.0,0.2749573290348053,0.0001,0.0,9.472,0.8349,0.2802
1326,stage1,1,0.28697583079338074,0.412352591753006,0.0,0.28697583079338074,0.0001,0.0,9.469,0.7069,0.2812
1327,stage1,1,0.3267781436443329,0.4540795087814331,0.0,0.3267781436443329,0.0001,0.0,9.472,0.7884,1.4648
1328,stage1,1,0.2618507146835327,0.4369526505470276,0.0,0.2618507146835327,0.0001,0.0,9.469,0.7961,0.3363
1329,stage1,1,0.28972533345222473,0.45672956109046936,0.0,0.28972533345222473,0.0001,0.0,9.472,0.8998,5.521
1330,stage1,1,0.2978411614894867,0.4293586015701294,0.0,0.2978411614894867,0.0001,0.0,9.469,0.9336,0.5739
1331,stage1,1,0.34550803899765015,0.4832809567451477,0.0,0.34550803899765015,0.0001,0.0,9.472,0.8177,0.2805
1332,stage1,1,0.3251206576824188,0.47657662630081177,0.0,0.3251206576824188,0.0001,0.0,9.469,1.0018,0.3252
1333,stage1,1,0.3105494976043701,0.4717423915863037,0.0,0.3105494976043701,0.0001,0.0,9.472,0.9524,0.2924
1334,stage1,1,0.3290877938270569,0.4347051680088043,0.0,0.3290877938270569,0.0001,0.0,9.469,0.9125,0.2852
1335,stage1,1,0.32241514325141907,0.4360733926296234,0.0,0.32241514325141907,0.0001,0.0,9.472,1.0298,1.2533
1336,stage1,1,0.40301936864852905,0.4688263237476349,0.0,0.40301936864852905,0.0001,0.0,9.469,1.2289,0.2809
1337,stage1,1,0.31540361046791077,0.4331599771976471,0.0,0.31540361046791077,0.0001,0.0,9.472,0.7943,5.4026
1338,stage1,1,0.3024357557296753,0.45607635378837585,0.0,0.3024357557296753,0.0001,0.0,9.469,0.7439,0.7322
1339,stage1,1,0.30643007159233093,0.4376975893974304,0.0,0.30643007159233093,0.0001,0.0,9.472,0.9469,0.2816
1340,stage1,1,0.3339330852031708,0.47614431381225586,0.0,0.3339330852031708,0.0001,0.0,9.469,0.9315,0.2794
1341,stage1,1,0.2817656695842743,0.4404934048652649,0.0,0.2817656695842743,0.0001,0.0,9.472,0.6781,0.2824
1342,stage1,1,0.3026956021785736,0.45919299125671387,0.0,0.3026956021785736,0.0001,0.0,9.469,0.9717,0.282
1343,stage1,1,0.31611084938049316,0.4604252576828003,0.0,0.31611084938049316,0.0001,0.0,9.472,1.0914,1.3964
1344,stage1,1,0.302486389875412,0.4550364017486572,0.0,0.302486389875412,0.0001,0.0,9.469,0.8018,0.2819
1345,stage1,1,0.33949676156044006,0.473943829536438,0.0,0.33949676156044006,0.0001,0.0,9.472,0.8481,5.1599
1346,stage1,1,0.32326045632362366,0.4792751371860504,0.0,0.32326045632362366,0.0001,0.0,9.469,0.9523,0.9808
1347,stage1,1,0.2662363052368164,0.4067574739456177,0.0,0.2662363052368164,0.0001,0.0,9.472,0.7084,0.2805
1348,stage1,1,0.24938084185123444,0.4333188533782959,0.0,0.24938084185123444,0.0001,0.0,9.469,0.8251,0.2818
1349,stage1,1,0.3020022511482239,0.427953839302063,0.0,0.3020022511482239,0.0001,0.0,9.472,1.0411,0.2809
1350,stage1,1,0.319410502910614,0.4469912648200989,0.0,0.319410502910614,0.0001,0.0,9.469,1.0612,0.2818
1351,stage1,1,0.26654645800590515,0.4541412591934204,0.0,0.26654645800590515,0.0001,0.0,9.472,0.7424,1.1451
1352,stage1,1,0.3288993239402771,0.4493836462497711,0.0,0.3288993239402771,0.0001,0.0,9.469,0.9752,0.282
1353,stage1,1,0.2879273593425751,0.41697928309440613,0.0,0.2879273593425751,0.0001,0.0,9.472,0.7946,5.0121
1354,stage1,1,0.35729876160621643,0.4438795745372772,0.0,0.35729876160621643,0.0001,0.0,9.469,1.3929,1.4056
1355,stage1,1,0.3388289213180542,0.4595096707344055,0.0,0.3388289213180542,0.0001,0.0,9.472,0.9018,0.2815
1356,stage1,1,0.2691427171230316,0.4247738718986511,0.0,0.2691427171230316,0.0001,0.0,9.469,0.7431,0.2817
1357,stage1,1,0.38014477491378784,0.474098801612854,0.0,0.38014477491378784,0.0001,0.0,9.472,0.9566,0.2864
1358,stage1,1,0.35111597180366516,0.46386775374412537,0.0,0.35111597180366516,0.0001,0.0,9.469,1.2432,0.2812
1359,stage1,1,0.3569243252277374,0.4871481657028198,0.0,0.3569243252277374,0.0001,0.0,9.472,0.7876,0.987
1360,stage1,1,0.31826379895210266,0.4479418396949768,0.0,0.31826379895210266,0.0001,0.0,9.469,0.9462,0.2855
1361,stage1,1,0.3103250563144684,0.4753967225551605,0.0,0.3103250563144684,0.0001,0.0,9.472,1.0841,5.4701
1362,stage1,1,0.2971816956996918,0.4478580057621002,0.0,0.2971816956996918,0.0001,0.0,9.469,0.8708,1.0535
1363,stage1,1,0.26311779022216797,0.40570753812789917,0.0,0.26311779022216797,0.0001,0.0,9.472,0.8972,0.2773
1364,stage1,1,0.33091387152671814,0.4723285138607025,0.0,0.33091387152671814,0.0001,0.0,9.469,0.8748,0.2806
1365,stage1,1,0.38481369614601135,0.47442638874053955,0.0,0.38481369614601135,0.0001,0.0,9.472,1.1541,0.2818
1366,stage1,1,0.306478351354599,0.4395294487476349,0.0,0.306478351354599,0.0001,0.0,9.469,1.3038,0.2856
1367,stage1,1,0.36386919021606445,0.46333736181259155,0.0,0.36386919021606445,0.0001,0.0,9.472,1.0171,1.0892
1368,stage1,1,0.33329489827156067,0.43274757266044617,0.0,0.33329489827156067,0.0001,0.0,9.469,0.9811,0.2824
1369,stage1,1,0.2958969175815582,0.45042684674263,0.0,0.2958969175815582,0.0001,0.0,9.472,0.9606,5.3571
1370,stage1,1,0.31727179884910583,0.4483336806297302,0.0,0.31727179884910583,0.0001,0.0,9.469,0.9492,0.7865
1371,stage1,1,0.31635764241218567,0.4570346176624298,0.0,0.31635764241218567,0.0001,0.0,9.472,1.0455,0.2814
1372,stage1,1,0.270513653755188,0.4672548472881317,0.0,0.270513653755188,0.0001,0.0,9.469,0.9341,0.2785
1373,stage1,1,0.3375833034515381,0.4524441957473755,0.0,0.3375833034515381,0.0001,0.0,9.472,0.9541,0.2793
1374,stage1,1,0.2831030488014221,0.4316823184490204,0.0,0.2831030488014221,0.0001,0.0,9.469,0.8702,0.2776
1375,stage1,1,0.3222540616989136,0.45076242089271545,0.0,0.3222540616989136,0.0001,0.0,9.472,1.0681,1.2324
1376,stage1,1,0.34744739532470703,0.4649654030799866,0.0,0.34744739532470703,0.0001,0.0,9.469,0.8967,0.277
1377,stage1,1,0.33079764246940613,0.45808807015419006,0.0,0.33079764246940613,0.0001,0.0,9.472,0.9553,5.631
1378,stage1,1,0.26894548535346985,0.4070337414741516,0.0,0.26894548535346985,0.0001,0.0,9.469,1.2436,0.5663
1379,stage1,1,0.27829891443252563,0.42480799555778503,0.0,0.27829891443252563,0.0001,0.0,9.472,0.9771,0.277
1380,stage1,1,0.27316081523895264,0.4352205693721771,0.0,0.27316081523895264,0.0001,0.0,9.469,0.9177,0.2773
1381,stage1,1,0.302461177110672,0.4398289918899536,0.0,0.302461177110672,0.0001,0.0,9.472,0.8908,0.2781
1382,stage1,1,0.2457205355167389,0.42411085963249207,0.0,0.2457205355167389,0.0001,0.0,9.469,1.0762,0.2773
1383,stage1,1,0.2688266932964325,0.4277159571647644,0.0,0.2688266932964325,0.0001,0.0,9.472,0.8962,0.9753
1384,stage1,1,0.2937055826187134,0.4353119730949402,0.0,0.2937055826187134,0.0001,0.0,9.469,0.8868,0.2768
1385,stage1,1,0.32956668734550476,0.4759521484375,0.0,0.32956668734550476,0.0001,0.0,9.472,0.8874,5.954
1386,stage1,1,0.28815382719039917,0.4628354012966156,0.0,0.28815382719039917,0.0001,0.0,9.469,0.8815,0.3076
1387,stage1,1,0.3245311975479126,0.436908096075058,0.0,0.3245311975479126,0.0001,0.0,9.472,1.03,0.2765
1388,stage1,1,0.2887233793735504,0.44363364577293396,0.0,0.2887233793735504,0.0001,0.0,9.469,1.0239,0.2786
1389,stage1,1,0.3363119661808014,0.4277815818786621,0.0,0.3363119661808014,0.0001,0.0,9.472,1.1141,0.2824
1390,stage1,1,0.37708839774131775,0.4563892185688019,0.0,0.37708839774131775,0.0001,0.0,9.469,1.2505,0.2774
1391,stage1,1,0.3239099085330963,0.47124236822128296,0.0,0.3239099085330963,0.0001,0.0,9.472,1.0719,0.9453
1392,stage1,1,0.3211318254470825,0.4172973930835724,0.0,0.3211318254470825,0.0001,0.0,9.469,0.8618,0.2792
1393,stage1,1,0.27355387806892395,0.40607020258903503,0.0,0.27355387806892395,0.0001,0.0,9.472,0.7769,6.2445
1394,stage1,1,0.40542683005332947,0.5082706809043884,0.0,0.40542683005332947,0.0001,0.0,9.469,1.2134,0.333
1395,stage1,1,0.33944621682167053,0.4810163676738739,0.0,0.33944621682167053,0.0001,0.0,9.472,1.2108,0.3097
1396,stage1,1,0.2509501576423645,0.44232630729675293,0.0,0.2509501576423645,0.0001,0.0,9.469,0.9843,0.3141
1397,stage1,1,0.25953593850135803,0.4366857409477234,0.0,0.25953593850135803,0.0001,0.0,9.472,1.0103,0.2765
1398,stage1,1,0.3185698091983795,0.4486943185329437,0.0,0.3185698091983795,0.0001,0.0,9.469,0.7895,0.2781
1399,stage1,1,0.24971310794353485,0.4468611478805542,0.0,0.24971310794353485,0.0001,0.0,9.472,0.796,0.673
1400,stage1,1,0.3161008954048157,0.47336792945861816,0.0,0.3161008954048157,0.0001,0.0,9.469,1.0719,0.2893
1401,stage1,1,0.3076610267162323,0.44977888464927673,0.0,0.3076610267162323,0.0001,0.0,9.472,0.8543,6.263
1402,stage1,1,0.3006231486797333,0.4273013174533844,0.0,0.3006231486797333,0.0001,0.0,9.469,1.0032,0.3018
1403,stage1,1,0.26624760031700134,0.43038707971572876,0.0,0.26624760031700134,0.0001,0.0,9.472,0.9422,0.3047
1404,stage1,1,0.28673234581947327,0.45063936710357666,0.0,0.28673234581947327,0.0001,0.0,9.469,0.7516,0.3103
1405,stage1,1,0.33986756205558777,0.45920661091804504,0.0,0.33986756205558777,0.0001,0.0,9.472,0.7851,0.3096
1406,stage1,1,0.28887319564819336,0.427887886762619,0.0,0.28887319564819336,0.0001,0.0,9.469,0.8812,0.31
1407,stage1,1,0.3002595901489258,0.45516711473464966,0.0,0.3002595901489258,0.0001,0.0,9.472,0.9679,0.7772
1408,stage1,1,0.29880183935165405,0.41602247953414917,0.0,0.29880183935165405,0.0001,0.0,9.469,1.0049,0.2894
1409,stage1,1,0.28209394216537476,0.43527865409851074,0.0,0.28209394216537476,0.0001,0.0,9.472,0.7335,6.4009
1410,stage1,1,0.32921385765075684,0.4676341414451599,0.0,0.32921385765075684,0.0001,0.0,9.469,1.1292,0.3808
1411,stage1,1,0.25027209520339966,0.4344584345817566,0.0,0.25027209520339966,0.0001,0.0,9.472,0.6838,0.405
1412,stage1,1,0.35943102836608887,0.4544437825679779,0.0,0.35943102836608887,0.0001,0.0,9.469,1.1934,0.3913
1413,stage1,1,0.28679999709129333,0.4552316963672638,0.0,0.28679999709129333,0.0001,0.0,9.472,0.9719,0.3902
1414,stage1,1,0.26787295937538147,0.41832292079925537,0.0,0.26787295937538147,0.0001,0.0,9.469,0.7509,0.4101
1415,stage1,1,0.3666609525680542,0.4553838074207306,0.0,0.3666609525680542,0.0001,0.0,9.472,1.0635,0.4267
1416,stage1,1,0.3236101567745209,0.45948708057403564,0.0,0.3236101567745209,0.0001,0.0,9.469,0.9803,0.4199
1417,stage1,1,0.27714669704437256,0.4159905016422272,0.0,0.27714669704437256,0.0001,0.0,9.472,0.8852,6.1796
1418,stage1,1,0.35329076647758484,0.43991583585739136,0.0,0.35329076647758484,0.0001,0.0,9.469,1.1198,0.4167
1419,stage1,1,0.2754063308238983,0.4584721326828003,0.0,0.2754063308238983,0.0001,0.0,9.472,0.8583,0.4091
1420,stage1,1,0.29185253381729126,0.4500091075897217,0.0,0.29185253381729126,0.0001,0.0,9.469,0.8659,0.3948
1421,stage1,1,0.3330482542514801,0.4318023920059204,0.0,0.3330482542514801,0.0001,0.0,9.472,1.3678,0.415
1422,stage1,1,0.27216798067092896,0.42287424206733704,0.0,0.27216798067092896,0.0001,0.0,9.469,0.7591,0.4387
1423,stage1,1,0.3078882396221161,0.4479409158229828,0.0,0.3078882396221161,0.0001,0.0,9.472,0.8876,0.4494
1424,stage1,1,0.2922823131084442,0.44478651881217957,0.0,0.2922823131084442,0.0001,0.0,9.469,0.7714,0.3961
1425,stage1,1,0.31431707739830017,0.45553696155548096,0.0,0.31431707739830017,0.0001,0.0,9.472,1.0827,5.6108
1426,stage1,1,0.34551432728767395,0.4504995048046112,0.0,0.34551432728767395,0.0001,0.0,9.469,1.1349,0.3962
1427,stage1,1,0.30508872866630554,0.4516923427581787,0.0,0.30508872866630554,0.0001,0.0,9.472,1.0501,0.4398
1428,stage1,1,0.296216756105423,0.43970003724098206,0.0,0.296216756105423,0.0001,0.0,9.469,0.9697,0.4515
1429,stage1,1,0.30457353591918945,0.4713333547115326,0.0,0.30457353591918945,0.0001,0.0,9.472,0.8332,0.3954
1430,stage1,1,0.302500456571579,0.44501423835754395,0.0,0.302500456571579,0.0001,0.0,9.469,1.2188,0.4502
1431,stage1,1,0.3169657289981842,0.4278111457824707,0.0,0.3169657289981842,0.0001,0.0,9.472,0.9989,0.4385
1432,stage1,1,0.3311242163181305,0.4710451066493988,0.0,0.3311242163181305,0.0001,0.0,9.469,0.9331,0.4116
1433,stage1,1,0.3255934417247772,0.44320112466812134,0.0,0.3255934417247772,0.0001,0.0,9.472,0.9363,6.3629
1434,stage1,1,0.3481345474720001,0.45728734135627747,0.0,0.3481345474720001,0.0001,0.0,9.469,1.0875,0.3929
1435,stage1,1,0.31826862692832947,0.4721001386642456,0.0,0.31826862692832947,0.0001,0.0,9.472,0.8461,0.4481
1436,stage1,1,0.3325195908546448,0.46596071124076843,0.0,0.3325195908546448,0.0001,0.0,9.469,1.1329,0.3988
1437,stage1,1,0.318036824464798,0.43357089161872864,0.0,0.318036824464798,0.0001,0.0,9.472,1.0877,0.3974
1438,stage1,1,0.31852447986602783,0.49227362871170044,0.0,0.31852447986602783,0.0001,0.0,9.469,0.982,0.411
1439,stage1,1,0.29441016912460327,0.4373842179775238,0.0,0.29441016912460327,0.0001,0.0,9.472,0.957,0.4349
1440,stage1,1,0.2645301818847656,0.4303322732448578,0.0,0.2645301818847656,0.0001,0.0,9.469,0.8258,0.3985
1441,stage1,1,0.3064103126525879,0.45835018157958984,0.0,0.3064103126525879,0.0001,0.0,9.472,1.0727,6.1193
1442,stage1,1,0.301907479763031,0.445385217666626,0.0,0.301907479763031,0.0001,0.0,9.469,1.0388,0.4591
1443,stage1,1,0.28899118304252625,0.4459889531135559,0.0,0.28899118304252625,0.0001,0.0,9.472,0.9854,0.4318
1444,stage1,1,0.3032914698123932,0.43150636553764343,0.0,0.3032914698123932,0.0001,0.0,9.469,1.1432,0.4098
1445,stage1,1,0.2788489758968353,0.43933141231536865,0.0,0.2788489758968353,0.0001,0.0,9.472,0.8821,0.3984
1446,stage1,1,0.32584744691848755,0.4512891173362732,0.0,0.32584744691848755,0.0001,0.0,9.469,0.8691,0.3981
1447,stage1,1,0.2840608060359955,0.4449254870414734,0.0,0.2840608060359955,0.0001,0.0,9.472,0.8414,0.4138
1448,stage1,1,0.2967686653137207,0.4285821318626404,0.0,0.2967686653137207,0.0001,0.0,9.469,0.8133,0.397
1449,stage1,1,0.32062575221061707,0.4419231116771698,0.0,0.32062575221061707,0.0001,0.0,9.472,1.0022,5.9459
1450,stage1,1,0.30851054191589355,0.45436564087867737,0.0,0.30851054191589355,0.0001,0.0,9.469,1.0743,0.4201
1451,stage1,1,0.2982967495918274,0.45648252964019775,0.0,0.2982967495918274,0.0001,0.0,9.472,1.0647,0.4074
1452,stage1,1,0.3371400237083435,0.4565487802028656,0.0,0.3371400237083435,0.0001,0.0,9.469,1.1395,0.3969
1453,stage1,1,0.29378464818000793,0.42737677693367004,0.0,0.29378464818000793,0.0001,0.0,9.472,0.948,0.401
1454,stage1,1,0.30961230397224426,0.4534054100513458,0.0,0.30961230397224426,0.0001,0.0,9.469,1.0844,0.3961
1455,stage1,1,0.30822449922561646,0.43652111291885376,0.0,0.30822449922561646,0.0001,0.0,9.472,1.1887,0.4126
1456,stage1,1,0.3540288805961609,0.475382536649704,0.0,0.3540288805961609,0.0001,0.0,9.469,1.3104,0.397
1457,stage1,1,0.27606892585754395,0.4259639382362366,0.0,0.27606892585754395,0.0001,0.0,9.472,0.882,6.3118
1458,stage1,1,0.27914974093437195,0.462860643863678,0.0,0.27914974093437195,0.0001,0.0,9.469,0.9792,0.3971
1459,stage1,1,0.28961095213890076,0.43823230266571045,0.0,0.28961095213890076,0.0001,0.0,9.472,1.0439,0.4117
1460,stage1,1,0.32160279154777527,0.4811520576477051,0.0,0.32160279154777527,0.0001,0.0,9.469,1.0152,0.4408
1461,stage1,1,0.33514946699142456,0.4753398597240448,0.0,0.33514946699142456,0.0001,0.0,9.472,0.988,0.4143
1462,stage1,1,0.3269707262516022,0.45735493302345276,0.0,0.3269707262516022,0.0001,0.0,9.469,1.0752,0.439
1463,stage1,1,0.2572128474712372,0.41965383291244507,0.0,0.2572128474712372,0.0001,0.0,9.472,0.9149,0.3937
1464,stage1,1,0.30540135502815247,0.454314261674881,0.0,0.30540135502815247,0.0001,0.0,9.469,1.2639,0.4541
1465,stage1,1,0.3050718605518341,0.4574456810951233,0.0,0.3050718605518341,0.0001,0.0,9.472,0.9103,5.8637
1466,stage1,1,0.3304888606071472,0.4672814607620239,0.0,0.3304888606071472,0.0001,0.0,9.469,0.9251,0.4257
1467,stage1,1,0.3363087475299835,0.4544033408164978,0.0,0.3363087475299835,0.0001,0.0,9.472,1.0422,0.4122
1468,stage1,1,0.3148934543132782,0.4344099164009094,0.0,0.3148934543132782,0.0001,0.0,9.469,0.9529,0.4219
1469,stage1,1,0.3054908812046051,0.44387945532798767,0.0,0.3054908812046051,0.0001,0.0,9.472,0.856,0.4093
1470,stage1,1,0.2779342830181122,0.4368383288383484,0.0,0.2779342830181122,0.0001,0.0,9.469,1.0853,0.42
1471,stage1,1,0.3531927168369293,0.48515573143959045,0.0,0.3531927168369293,0.0001,0.0,9.472,0.9602,0.4331
1472,stage1,1,0.29923200607299805,0.4566355049610138,0.0,0.29923200607299805,0.0001,0.0,9.469,0.9115,0.402
1473,stage1,1,0.3006974756717682,0.47446686029434204,0.0,0.3006974756717682,0.0001,0.0,9.472,0.8693,6.3265
1474,stage1,1,0.3352348208427429,0.4746599495410919,0.0,0.3352348208427429,0.0001,0.0,9.469,1.0245,0.4069
1475,stage1,1,0.3752187490463257,0.4966996908187866,0.0,0.3752187490463257,0.0001,0.0,9.472,1.2214,0.4169
1476,stage1,1,0.3207376003265381,0.4431373178958893,0.0,0.3207376003265381,0.0001,0.0,9.469,1.0324,0.4478
1477,stage1,1,0.32139649987220764,0.469693660736084,0.0,0.32139649987220764,0.0001,0.0,9.472,1.0445,0.4449
1478,stage1,1,0.2669506371021271,0.42274588346481323,0.0,0.2669506371021271,0.0001,0.0,9.469,0.9426,0.4109
1479,stage1,1,0.3619770109653473,0.47430962324142456,0.0,0.3619770109653473,0.0001,0.0,9.472,0.9132,0.3994
1480,stage1,1,0.2652897238731384,0.44509968161582947,0.0,0.2652897238731384,0.0001,0.0,9.469,0.8946,0.4369
1481,stage1,1,0.32186365127563477,0.4595865309238434,0.0,0.32186365127563477,0.0001,0.0,9.472,1.1752,5.8207
1482,stage1,1,0.321074515581131,0.4561826288700104,0.0,0.321074515581131,0.0001,0.0,9.469,1.1446,0.4507
1483,stage1,1,0.26397913694381714,0.4142764210700989,0.0,0.26397913694381714,0.0001,0.0,9.472,0.8029,0.4219
1484,stage1,1,0.2330804169178009,0.4383438229560852,0.0,0.2330804169178009,0.0001,0.0,9.469,1.0459,0.3971
1485,stage1,1,0.2750062644481659,0.42395520210266113,0.0,0.2750062644481659,0.0001,0.0,9.472,0.8967,0.4549
1486,stage1,1,0.3102211654186249,0.4595778286457062,0.0,0.3102211654186249,0.0001,0.0,9.469,1.0648,0.4128
1487,stage1,1,0.31536784768104553,0.4666396975517273,0.0,0.31536784768104553,0.0001,0.0,9.472,1.1295,0.4433
1488,stage1,1,0.27679648995399475,0.4381974935531616,0.0,0.27679648995399475,0.0001,0.0,9.469,0.8618,0.3989
1489,stage1,1,0.36594802141189575,0.47058916091918945,0.0,0.36594802141189575,0.0001,0.0,9.472,0.8687,5.6155
1490,stage1,1,0.3356369137763977,0.4493598937988281,0.0,0.3356369137763977,0.0001,0.0,9.469,0.7853,0.4538
1491,stage1,1,0.26672857999801636,0.4192405939102173,0.0,0.26672857999801636,0.0001,0.0,9.472,0.9236,0.4127
1492,stage1,1,0.2863273620605469,0.43210458755493164,0.0,0.2863273620605469,0.0001,0.0,9.469,1.0864,0.4236
1493,stage1,1,0.3000170588493347,0.4355356991291046,0.0,0.3000170588493347,0.0001,0.0,9.472,0.8517,0.4199
1494,stage1,1,0.3458402752876282,0.44870424270629883,0.0,0.3458402752876282,0.0001,0.0,9.469,1.0145,0.4524
1495,stage1,1,0.31773972511291504,0.44757401943206787,0.0,0.31773972511291504,0.0001,0.0,9.472,0.9944,0.4004
1496,stage1,1,0.3024406433105469,0.4250090718269348,0.0,0.3024406433105469,0.0001,0.0,9.469,1.1084,0.4127
1497,stage1,1,0.3070593774318695,0.46498948335647583,0.0,0.3070593774318695,0.0001,0.0,9.472,0.7546,5.574
1498,stage1,1,0.31746599078178406,0.46045443415641785,0.0,0.31746599078178406,0.0001,0.0,9.469,1.1806,0.421
1499,stage1,1,0.3284274637699127,0.4767562448978424,0.0,0.3284274637699127,0.0001,0.0,9.472,0.8616,0.455
1500,stage1,1,0.32477515935897827,0.4583761990070343,0.0,0.32477515935897827,0.0001,0.0,9.469,1.4142,0.4429
1501,stage1,1,0.2949424386024475,0.4577891528606415,0.0,0.2949424386024475,0.0001,0.0,9.472,0.8655,0.4047
1502,stage1,1,0.29324227571487427,0.43559470772743225,0.0,0.29324227571487427,0.0001,0.0,9.469,0.8932,0.4612
1503,stage1,1,0.29043513536453247,0.43562838435173035,0.0,0.29043513536453247,0.0001,0.0,9.472,0.9565,0.4158
1504,stage1,1,0.2603648006916046,0.4392539858818054,0.0,0.2603648006916046,0.0001,0.0,9.469,0.7857,0.4381
1505,stage1,1,0.29613813757896423,0.4433055520057678,0.0,0.29613813757896423,0.0001,0.0,9.472,0.9336,5.5764
1506,stage1,1,0.30479535460472107,0.4599307179450989,0.0,0.30479535460472107,0.0001,0.0,9.469,0.9242,0.4379
1507,stage1,1,0.2531946301460266,0.4479253888130188,0.0,0.2531946301460266,0.0001,0.0,9.472,0.7768,0.4197
1508,stage1,1,0.31663933396339417,0.48201391100883484,0.0,0.31663933396339417,0.0001,0.0,9.469,1.0463,0.4482
1509,stage1,1,0.3480147421360016,0.4750913977622986,0.0,0.3480147421360016,0.0001,0.0,9.472,0.7221,0.3988
1510,stage1,1,0.30818113684654236,0.43642058968544006,0.0,0.30818113684654236,0.0001,0.0,9.469,1.0522,0.3981
1511,stage1,1,0.3119470775127411,0.42554616928100586,0.0,0.3119470775127411,0.0001,0.0,9.472,0.9347,0.4196
1512,stage1,1,0.29675382375717163,0.4400128424167633,0.0,0.29675382375717163,0.0001,0.0,9.469,0.9583,0.4279
1513,stage1,1,0.2865346670150757,0.43374109268188477,0.0,0.2865346670150757,0.0001,0.0,9.472,0.943,5.5401
1514,stage1,1,0.2915927767753601,0.4327581822872162,0.0,0.2915927767753601,0.0001,0.0,9.469,0.812,0.3994
1515,stage1,1,0.33086058497428894,0.42322707176208496,0.0,0.33086058497428894,0.0001,0.0,9.472,0.8987,0.4128
1516,stage1,1,0.28693926334381104,0.4486577808856964,0.0,0.28693926334381104,0.0001,0.0,9.469,1.3878,0.4255
1517,stage1,1,0.3894903361797333,0.4971999228000641,0.0,0.3894903361797333,0.0001,0.0,9.472,1.1272,0.4097
1518,stage1,1,0.3640183210372925,0.4660893380641937,0.0,0.3640183210372925,0.0001,0.0,9.469,1.0245,0.459
1519,stage1,1,0.34826573729515076,0.45514240860939026,0.0,0.34826573729515076,0.0001,0.0,9.472,0.9214,0.3995
1520,stage1,1,0.33442986011505127,0.46634671092033386,0.0,0.33442986011505127,0.0001,0.0,9.469,1.042,0.3975
1521,stage1,1,0.31458577513694763,0.46320125460624695,0.0,0.31458577513694763,0.0001,0.0,9.472,1.0861,5.8231
1522,stage1,1,0.3083428144454956,0.4428575336933136,0.0,0.3083428144454956,0.0001,0.0,9.469,0.813,0.4029
1523,stage1,1,0.2967592179775238,0.44486770033836365,0.0,0.2967592179775238,0.0001,0.0,9.472,0.8851,0.3989
1524,stage1,1,0.27474120259284973,0.4094909131526947,0.0,0.27474120259284973,0.0001,0.0,9.469,0.8621,0.4451
1525,stage1,1,0.3254743814468384,0.46322816610336304,0.0,0.3254743814468384,0.0001,0.0,9.472,0.8156,0.3969
1526,stage1,1,0.27368322014808655,0.4459596872329712,0.0,0.27368322014808655,0.0001,0.0,9.469,0.9748,0.3877
1527,stage1,1,0.2732548713684082,0.42577987909317017,0.0,0.2732548713684082,0.0001,0.0,9.472,0.7532,0.4382
1528,stage1,1,0.31985896825790405,0.4643922448158264,0.0,0.31985896825790405,0.0001,0.0,9.469,1.0424,0.4339
1529,stage1,1,0.28297773003578186,0.45082321763038635,0.0,0.28297773003578186,0.0001,0.0,9.472,1.0078,5.6281
1530,stage1,1,0.2772292196750641,0.4337063729763031,0.0,0.2772292196750641,0.0001,0.0,9.469,0.939,0.4069
1531,stage1,1,0.31528693437576294,0.4463016092777252,0.0,0.31528693437576294,0.0001,0.0,9.472,0.8966,0.4271
1532,stage1,1,0.29226765036582947,0.44015631079673767,0.0,0.29226765036582947,0.0001,0.0,9.469,0.7936,0.4216
1533,stage1,1,0.34519049525260925,0.4533771574497223,0.0,0.34519049525260925,0.0001,0.0,9.472,1.0581,0.3949
1534,stage1,1,0.3333616554737091,0.4661387503147125,0.0,0.3333616554737091,0.0001,0.0,9.469,0.9287,0.3991
1535,stage1,1,0.2663439214229584,0.4334298372268677,0.0,0.2663439214229584,0.0001,0.0,9.472,0.7013,0.4049
1536,stage1,1,0.29661840200424194,0.42520391941070557,0.0,0.29661840200424194,0.0001,0.0,9.469,1.0025,0.4128
1537,stage1,1,0.2765166461467743,0.4485090970993042,0.0,0.2765166461467743,0.0001,0.0,9.472,1.0459,5.7043
1538,stage1,1,0.286295086145401,0.41206094622612,0.0,0.286295086145401,0.0001,0.0,9.469,0.8967,0.3976
1539,stage1,1,0.283519446849823,0.4455612003803253,0.0,0.283519446849823,0.0001,0.0,9.472,1.0623,0.414
1540,stage1,1,0.2572425305843353,0.44024062156677246,0.0,0.2572425305843353,0.0001,0.0,9.469,0.9733,0.4338
1541,stage1,1,0.2954387664794922,0.45592862367630005,0.0,0.2954387664794922,0.0001,0.0,9.472,0.8617,0.3962
1542,stage1,1,0.3259058892726898,0.4680981934070587,0.0,0.3259058892726898,0.0001,0.0,9.469,1.19,0.4025
1543,stage1,1,0.2784966826438904,0.43376144766807556,0.0,0.2784966826438904,0.0001,0.0,9.472,0.8401,0.4245
1544,stage1,1,0.3322302997112274,0.44357526302337646,0.0,0.3322302997112274,0.0001,0.0,9.469,0.9528,0.444
1545,stage1,1,0.2935669422149658,0.4293939769268036,0.0,0.2935669422149658,0.0001,0.0,9.472,0.9181,5.6585
1546,stage1,1,0.24996250867843628,0.40608030557632446,0.0,0.24996250867843628,0.0001,0.0,9.469,0.7359,0.423
1547,stage1,1,0.25689393281936646,0.4179207980632782,0.0,0.25689393281936646,0.0001,0.0,9.472,0.7965,0.4205
1548,stage1,1,0.32053878903388977,0.42550715804100037,0.0,0.32053878903388977,0.0001,0.0,9.469,1.0303,0.4167
1549,stage1,1,0.3048766255378723,0.42935872077941895,0.0,0.3048766255378723,0.0001,0.0,9.472,0.8706,0.4361
1550,stage1,1,0.2786458730697632,0.44009557366371155,0.0,0.2786458730697632,0.0001,0.0,9.469,0.9674,0.4403
1551,stage1,1,0.28682810068130493,0.44099265336990356,0.0,0.28682810068130493,0.0001,0.0,9.472,0.8725,0.421
1552,stage1,1,0.25265607237815857,0.4138030707836151,0.0,0.25265607237815857,0.0001,0.0,9.469,0.8751,0.4165
1553,stage1,1,0.3323725759983063,0.444821298122406,0.0,0.3323725759983063,0.0001,0.0,9.472,1.0997,5.6489
1554,stage1,1,0.2949334383010864,0.45171716809272766,0.0,0.2949334383010864,0.0001,0.0,9.469,0.7238,0.3225
1555,stage1,1,0.2841041684150696,0.44046154618263245,0.0,0.2841041684150696,0.0001,0.0,9.472,0.6852,0.4192
1556,stage1,1,0.3107106685638428,0.45544537901878357,0.0,0.3107106685638428,0.0001,0.0,9.469,1.0034,0.3994
1557,stage1,1,0.3324485719203949,0.4532879889011383,0.0,0.3324485719203949,0.0001,0.0,9.472,1.1987,0.416
1558,stage1,1,0.26413029432296753,0.44094201922416687,0.0,0.26413029432296753,0.0001,0.0,9.469,0.911,0.4378
1559,stage1,1,0.30101528763771057,0.4653622508049011,0.0,0.30101528763771057,0.0001,0.0,9.472,0.9769,0.4032
1560,stage1,1,0.24536728858947754,0.39477428793907166,0.0,0.24536728858947754,0.0001,0.0,9.469,0.7782,0.4578
1561,stage1,1,0.3054334223270416,0.4615568518638611,0.0,0.3054334223270416,0.0001,0.0,9.472,1.0005,5.6301
1562,stage1,1,0.2559082508087158,0.4082571864128113,0.0,0.2559082508087158,0.0001,0.0,9.469,0.8638,0.4025
1563,stage1,1,0.3711059093475342,0.46426284313201904,0.0,0.3711059093475342,0.0001,0.0,9.472,1.2827,0.3986
1564,stage1,1,0.32560914754867554,0.4545988440513611,0.0,0.32560914754867554,0.0001,0.0,9.469,0.9841,0.4142
1565,stage1,1,0.2863709032535553,0.43099334836006165,0.0,0.2863709032535553,0.0001,0.0,9.472,0.94,0.443
1566,stage1,1,0.36986005306243896,0.47980716824531555,0.0,0.36986005306243896,0.0001,0.0,9.469,0.8228,0.3979
1567,stage1,1,0.28740978240966797,0.45570310950279236,0.0,0.28740978240966797,0.0001,0.0,9.472,0.9455,0.4543
1568,stage1,1,0.29029786586761475,0.4203360974788666,0.0,0.29029786586761475,0.0001,0.0,9.469,0.837,0.402
1569,stage1,1,0.27373892068862915,0.4368111789226532,0.0,0.27373892068862915,0.0001,0.0,9.472,0.9219,5.8647
1570,stage1,1,0.27657487988471985,0.45214030146598816,0.0,0.27657487988471985,0.0001,0.0,9.469,0.9716,0.4148
1571,stage1,1,0.2896963953971863,0.4290508031845093,0.0,0.2896963953971863,0.0001,0.0,9.472,0.8753,0.4267
1572,stage1,1,0.3047161102294922,0.4705047905445099,0.0,0.3047161102294922,0.0001,0.0,9.469,1.1217,0.4046
1573,stage1,1,0.3150250017642975,0.4390868842601776,0.0,0.3150250017642975,0.0001,0.0,9.472,0.9029,0.4139
1574,stage1,1,0.29507359862327576,0.4324463903903961,0.0,0.29507359862327576,0.0001,0.0,9.469,0.8268,0.4379
1575,stage1,1,0.29279589653015137,0.4570673406124115,0.0,0.29279589653015137,0.0001,0.0,9.472,0.8918,0.4017
1576,stage1,1,0.3119964301586151,0.4564276337623596,0.0,0.3119964301586151,0.0001,0.0,9.469,1.2187,0.4183
1577,stage1,1,0.2867102324962616,0.41939347982406616,0.0,0.2867102324962616,0.0001,0.0,9.472,1.2065,6.055
1578,stage1,1,0.2925527095794678,0.46507930755615234,0.0,0.2925527095794678,0.0001,0.0,9.469,0.9157,0.4515
1579,stage1,1,0.21564844250679016,0.4053308665752411,0.0,0.21564844250679016,0.0001,0.0,9.472,0.6672,0.4427
1580,stage1,1,0.27251461148262024,0.4320026636123657,0.0,0.27251461148262024,0.0001,0.0,9.469,0.9644,0.3998
1581,stage1,1,0.3055509924888611,0.4484098255634308,0.0,0.3055509924888611,0.0001,0.0,9.472,1.1286,0.415
1582,stage1,1,0.3313647508621216,0.46819671988487244,0.0,0.3313647508621216,0.0001,0.0,9.469,0.9907,0.4454
1583,stage1,1,0.32664451003074646,0.47149476408958435,0.0,0.32664451003074646,0.0001,0.0,9.472,1.0554,0.4262
1584,stage1,1,0.3033013343811035,0.4540955424308777,0.0,0.3033013343811035,0.0001,0.0,9.469,1.141,0.4161
1585,stage1,1,0.29834476113319397,0.4190014600753784,0.0,0.29834476113319397,0.0001,0.0,9.472,0.9721,5.7528
1586,stage1,1,0.32052189111709595,0.44227713346481323,0.0,0.32052189111709595,0.0001,0.0,9.469,0.8747,0.3981
1587,stage1,1,0.25370243191719055,0.4284439980983734,0.0,0.25370243191719055,0.0001,0.0,9.472,0.8365,0.3981
1588,stage1,1,0.3034037947654724,0.4285266101360321,0.0,0.3034037947654724,0.0001,0.0,9.469,0.9087,0.4005
1589,stage1,1,0.343936949968338,0.4496709406375885,0.0,0.343936949968338,0.0001,0.0,9.472,0.7638,0.4165
1590,stage1,1,0.32546308636665344,0.4436207711696625,0.0,0.32546308636665344,0.0001,0.0,9.469,0.9001,0.4341
1591,stage1,1,0.30490487813949585,0.44208887219429016,0.0,0.30490487813949585,0.0001,0.0,9.472,1.0999,0.4267
1592,stage1,1,0.2740286588668823,0.41434797644615173,0.0,0.2740286588668823,0.0001,0.0,9.469,0.9716,0.4193
1593,stage1,1,0.30031290650367737,0.42784440517425537,0.0,0.30031290650367737,0.0001,0.0,9.472,0.8088,5.7016
1594,stage1,1,0.25472015142440796,0.4570980668067932,0.0,0.25472015142440796,0.0001,0.0,9.469,0.8149,0.4542
1595,stage1,1,0.33597567677497864,0.4637053608894348,0.0,0.33597567677497864,0.0001,0.0,9.472,0.9533,0.416
1596,stage1,1,0.3033442497253418,0.4452916383743286,0.0,0.3033442497253418,0.0001,0.0,9.469,1.197,0.4447
1597,stage1,1,0.31949934363365173,0.4599011242389679,0.0,0.31949934363365173,0.0001,0.0,9.472,1.0685,0.3958
1598,stage1,1,0.23885789513587952,0.4556949734687805,0.0,0.23885789513587952,0.0001,0.0,9.469,0.6916,0.3999
1599,stage1,1,0.2941734790802002,0.4570330083370209,0.0,0.2941734790802002,0.0001,0.0,9.472,1.1156,0.427
1600,stage1,1,0.24783068895339966,0.43024080991744995,0.0,0.24783068895339966,0.0001,0.0,9.469,1.0033,0.4281
1601,stage1,1,0.2928231358528137,0.4456174969673157,0.0,0.2928231358528137,0.0001,0.0,9.472,0.763,5.5919
1602,stage1,1,0.29298844933509827,0.4695506691932678,0.0,0.29298844933509827,0.0001,0.0,9.469,0.796,0.4145
1603,stage1,1,0.26325544714927673,0.4128822982311249,0.0,0.26325544714927673,0.0001,0.0,9.472,0.9497,0.4423
1604,stage1,1,0.2843676805496216,0.44613832235336304,0.0,0.2843676805496216,0.0001,0.0,9.469,0.954,0.4272
1605,stage1,1,0.3078867793083191,0.4494602084159851,0.0,0.3078867793083191,0.0001,0.0,9.472,1.0215,0.415
1606,stage1,1,0.2911815643310547,0.44290891289711,0.0,0.2911815643310547,0.0001,0.0,9.469,1.0338,0.4064
1607,stage1,1,0.2746315896511078,0.44422972202301025,0.0,0.2746315896511078,0.0001,0.0,9.472,0.9248,0.4005
1608,stage1,1,0.27960148453712463,0.4519641697406769,0.0,0.27960148453712463,0.0001,0.0,9.469,0.9229,0.402
1609,stage1,1,0.327764630317688,0.44662341475486755,0.0,0.327764630317688,0.0001,0.0,9.472,0.9023,5.8258
1610,stage1,1,0.3103148937225342,0.4717516005039215,0.0,0.3103148937225342,0.0001,0.0,9.469,1.2501,0.438
1611,stage1,1,0.31599876284599304,0.46459633111953735,0.0,0.31599876284599304,0.0001,0.0,9.472,1.0362,0.4086
1612,stage1,1,0.2976791560649872,0.42416995763778687,0.0,0.2976791560649872,0.0001,0.0,9.469,1.0626,0.4508
1613,stage1,1,0.3339906632900238,0.4508611559867859,0.0,0.3339906632900238,0.0001,0.0,9.472,0.955,0.4119
1614,stage1,1,0.2734729051589966,0.41434982419013977,0.0,0.2734729051589966,0.0001,0.0,9.469,0.8723,0.407
1615,stage1,1,0.30978360772132874,0.45857754349708557,0.0,0.30978360772132874,0.0001,0.0,9.472,0.9556,0.3927
1616,stage1,1,0.26813122630119324,0.4384133517742157,0.0,0.26813122630119324,0.0001,0.0,9.469,0.9596,0.4272
1617,stage1,1,0.2771404981613159,0.4253835380077362,0.0,0.2771404981613159,0.0001,0.0,9.472,0.8265,5.7524
1618,stage1,1,0.2913932502269745,0.4392848014831543,0.0,0.2913932502269745,0.0001,0.0,9.469,0.9633,0.4166
1619,stage1,1,0.2895551323890686,0.42358434200286865,0.0,0.2895551323890686,0.0001,0.0,9.472,0.8397,0.4361
1620,stage1,1,0.244904026389122,0.4143148362636566,0.0,0.244904026389122,0.0001,0.0,9.469,0.8679,0.4006
1621,stage1,1,0.2817004919052124,0.4247938394546509,0.0,0.2817004919052124,0.0001,0.0,9.472,0.7995,0.397
1622,stage1,1,0.2572920620441437,0.4561997056007385,0.0,0.2572920620441437,0.0001,0.0,9.469,0.8375,0.4591
1623,stage1,1,0.3317083716392517,0.4478287100791931,0.0,0.3317083716392517,0.0001,0.0,9.472,1.0344,0.3993
1624,stage1,1,0.3329290449619293,0.4380946159362793,0.0,0.3329290449619293,0.0001,0.0,9.469,1.0179,0.4543
1625,stage1,1,0.2361479550600052,0.43707942962646484,0.0,0.2361479550600052,0.0001,0.0,9.472,0.7845,5.7362
1626,stage1,1,0.2705354690551758,0.4341106712818146,0.0,0.2705354690551758,0.0001,0.0,9.469,0.7947,0.4402
1627,stage1,1,0.2866275906562805,0.44503673911094666,0.0,0.2866275906562805,0.0001,0.0,9.472,0.8386,0.4023
1628,stage1,1,0.3299466073513031,0.4417644739151001,0.0,0.3299466073513031,0.0001,0.0,9.469,1.0094,0.4181
1629,stage1,1,0.328290730714798,0.4524012804031372,0.0,0.328290730714798,0.0001,0.0,9.472,0.9369,0.4092
1630,stage1,1,0.28909212350845337,0.4550110399723053,0.0,0.28909212350845337,0.0001,0.0,9.469,0.9709,0.4514
1631,stage1,1,0.3144146502017975,0.4354950487613678,0.0,0.3144146502017975,0.0001,0.0,9.472,1.1776,0.4254
1632,stage1,1,0.3303779363632202,0.45156407356262207,0.0,0.3303779363632202,0.0001,0.0,9.469,1.1625,0.4189
1633,stage1,1,0.276888370513916,0.4448505640029907,0.0,0.276888370513916,0.0001,0.0,9.472,0.6555,5.7004
1634,stage1,1,0.2698480486869812,0.4736521542072296,0.0,0.2698480486869812,0.0001,0.0,9.469,1.0857,0.4004
1635,stage1,1,0.28840187191963196,0.42711523175239563,0.0,0.28840187191963196,0.0001,0.0,9.472,1.1899,0.4001
1636,stage1,1,0.3382089138031006,0.4999268651008606,0.0,0.3382089138031006,0.0001,0.0,9.469,1.2488,0.4791
1637,stage1,1,0.30632856488227844,0.44389981031417847,0.0,0.30632856488227844,0.0001,0.0,9.472,0.8866,0.4175
1638,stage1,1,0.29577338695526123,0.44685861468315125,0.0,0.29577338695526123,0.0001,0.0,9.469,0.869,0.4385
1639,stage1,1,0.2672615051269531,0.4285035729408264,0.0,0.2672615051269531,0.0001,0.0,9.472,0.8139,0.4311
1640,stage1,1,0.2806699275970459,0.43741458654403687,0.0,0.2806699275970459,0.0001,0.0,9.469,0.8861,0.4222
1641,stage1,1,0.3003626763820648,0.47507259249687195,0.0,0.3003626763820648,0.0001,0.0,9.472,1.0522,5.7291
1642,stage1,1,0.33321860432624817,0.4569389224052429,0.0,0.33321860432624817,0.0001,0.0,9.469,1.0499,0.4506
1643,stage1,1,0.3205042779445648,0.471551775932312,0.0,0.3205042779445648,0.0001,0.0,9.472,1.0097,0.4191
1644,stage1,1,0.27512967586517334,0.46210339665412903,0.0,0.27512967586517334,0.0001,0.0,9.469,1.056,0.5535
1645,stage1,1,0.33758336305618286,0.44316568970680237,0.0,0.33758336305618286,0.0001,0.0,9.472,0.9197,0.4518
1646,stage1,1,0.35526028275489807,0.4874228835105896,0.0,0.35526028275489807,0.0001,0.0,9.469,0.9608,0.4512
1647,stage1,1,0.2950042188167572,0.445985347032547,0.0,0.2950042188167572,0.0001,0.0,9.472,0.8454,0.4558
1648,stage1,1,0.25085553526878357,0.4588333070278168,0.0,0.25085553526878357,0.0001,0.0,9.469,0.849,0.422
1649,stage1,1,0.3029182255268097,0.43118739128112793,0.0,0.3029182255268097,0.0001,0.0,9.472,1.1041,6.0263
1650,stage2,0,0.2715272307395935,0.4386364221572876,0.0,0.2715272307395935,0.0001,2e-08,48.396,3.1529,9.8326
1651,stage2,0,0.2697359323501587,0.4367540180683136,0.0,0.2697359323501587,0.0001,4e-08,50.326,2.7363,0.9245
1652,stage2,0,0.30273088812828064,0.4323260188102722,0.0,0.30273088812828064,0.0001,6.000000000000001e-08,50.337,4.1221,0.9001
1653,stage2,0,0.30061039328575134,0.47714677453041077,0.0,0.30061039328575134,0.0001,8e-08,50.329,4.9462,0.9095
1654,stage2,0,0.2605281174182892,0.4477199912071228,0.0,0.2605281174182892,0.0001,1.0000000000000001e-07,50.339,3.5834,0.9373
1655,stage2,0,0.2129165530204773,0.4853989779949188,0.0,0.2129165530204773,0.0001,1.2000000000000002e-07,50.337,2.7359,0.9523
1656,stage2,0,0.28980499505996704,0.4457416534423828,0.0,0.28980499505996704,0.0001,1.4e-07,50.333,3.4146,0.9553
1657,stage2,0,0.2524186670780182,0.42595812678337097,0.0,0.2524186670780182,0.0001,1.6e-07,50.339,2.2991,0.9352
1658,stage2,0,0.33328717947006226,0.46057459712028503,0.0,0.33328717947006226,0.0001,1.8e-07,50.335,3.1807,1.8651
1659,stage2,0,0.31191593408584595,0.4483455419540405,0.0,0.31191593408584595,0.0001,2.0000000000000002e-07,50.334,3.7817,0.9803
1660,stage2,0,0.31682348251342773,0.4351441562175751,0.0,0.31682348251342773,0.0001,2.2e-07,50.334,2.9694,0.9559
1661,stage2,0,0.3087518513202667,0.44059544801712036,0.0,0.3087518513202667,0.0001,2.4000000000000003e-07,50.335,3.4038,0.9318
1662,stage2,0,0.2877334952354431,0.4218307137489319,0.0,0.2877334952354431,0.0001,2.6e-07,50.333,3.044,0.9348
1663,stage2,0,0.2785089612007141,0.42242705821990967,0.0,0.2785089612007141,0.0001,2.8e-07,50.33,2.5441,0.9384
1664,stage2,0,0.30040210485458374,0.43775245547294617,0.0,0.30040210485458374,0.0001,3.0000000000000004e-07,50.338,3.2418,0.9259
1665,stage2,0,0.31812745332717896,0.4449384808540344,0.0,0.31812745332717896,0.0001,3.2e-07,50.335,3.1303,0.9414
1666,stage2,0,0.25716590881347656,0.40540099143981934,0.0,0.25716590881347656,0.0001,3.4000000000000003e-07,50.337,2.4971,1.7954
1667,stage2,0,0.29014793038368225,0.4288327693939209,0.0,0.29014793038368225,0.0001,3.6e-07,50.339,2.771,0.9621
1668,stage2,0,0.25791454315185547,0.4561440050601959,0.0,0.25791454315185547,0.0001,3.8e-07,50.33,3.4917,0.9454
1669,stage2,0,0.29787805676460266,0.45286160707473755,0.0,0.29787805676460266,0.0001,4.0000000000000003e-07,50.336,2.8126,0.9565
1670,stage2,0,0.2604381740093231,0.42978617548942566,0.0,0.2604381740093231,0.0001,4.2000000000000006e-07,50.338,2.9483,0.9848
1671,stage2,0,0.3539219796657562,0.4524146616458893,0.0,0.3539219796657562,0.0001,4.4e-07,50.339,3.8485,0.9446
1672,stage2,0,0.25846558809280396,0.436400830745697,0.0,0.25846558809280396,0.0001,4.6000000000000004e-07,50.338,3.1842,0.936
1673,stage2,0,0.33174625039100647,0.4917735159397125,0.0,0.33174625039100647,0.0001,4.800000000000001e-07,50.333,3.9913,0.9247
1674,stage2,0,0.2887919247150421,0.4503028690814972,0.0,0.2887919247150421,0.0001,5.000000000000001e-07,50.33,3.4302,1.6837
1675,stage2,0,0.35068604350090027,0.45702576637268066,0.0,0.35068604350090027,0.0001,5.2e-07,50.333,3.8232,0.9661
1676,stage2,0,0.3055765628814697,0.43419212102890015,0.0,0.3055765628814697,0.0001,5.4e-07,50.334,3.6014,0.9656
1677,stage2,0,0.3150978088378906,0.4340353012084961,0.0,0.3150978088378906,0.0001,5.6e-07,50.335,3.6754,0.9571
1678,stage2,0,0.291219025850296,0.4427180290222168,0.0,0.291219025850296,0.0001,5.800000000000001e-07,50.33,3.5392,0.9469
1679,stage2,0,0.3211117684841156,0.44711795449256897,0.0,0.3211117684841156,0.0001,6.000000000000001e-07,50.333,3.4958,0.9319
1680,stage2,0,0.31203147768974304,0.4233393669128418,0.0,0.31203147768974304,0.0001,6.200000000000001e-07,50.332,2.9119,0.9632
1681,stage2,0,0.28603729605674744,0.4430226981639862,0.0,0.28603729605674744,0.0001,6.4e-07,50.332,3.6263,0.9263
1682,stage2,0,0.21585111320018768,0.41575998067855835,0.0,0.21585111320018768,0.0001,6.6e-07,50.331,1.9272,1.7484
1683,stage2,0,0.32517385482788086,0.47184866666793823,0.0,0.32517385482788086,0.0001,6.800000000000001e-07,50.332,3.7403,0.9362
1684,stage2,0,0.24561865627765656,0.4528517425060272,0.0,0.24561865627765656,0.0001,7.000000000000001e-07,50.332,2.2865,0.9641
1685,stage2,0,0.28857022523880005,0.42021849751472473,0.0,0.28857022523880005,0.0001,7.2e-07,50.333,3.3157,0.9765
1686,stage2,0,0.25449109077453613,0.41970208287239075,0.0,0.25449109077453613,0.0001,7.4e-07,50.337,3.0549,0.9821
1687,stage2,0,0.29421475529670715,0.4337764084339142,0.0,0.29421475529670715,0.0001,7.6e-07,50.333,3.6212,0.9617
1688,stage2,0,0.3417285084724426,0.46344104409217834,0.0,0.3417285084724426,0.0001,7.8e-07,50.336,4.1489,0.9241
1689,stage2,0,0.2709449529647827,0.46456217765808105,0.0,0.2709449529647827,0.0001,8.000000000000001e-07,50.334,3.2677,0.9794
1690,stage2,0,0.28749170899391174,0.417310506105423,0.0,0.28749170899391174,0.0001,8.200000000000001e-07,50.333,3.2267,1.5157
1691,stage2,0,0.32423126697540283,0.4496779143810272,0.0,0.32423126697540283,0.0001,8.400000000000001e-07,50.336,3.1899,0.9365
1692,stage2,0,0.3352525234222412,0.429252564907074,0.0,0.3352525234222412,0.0001,8.6e-07,50.335,3.9845,0.9821
1693,stage2,0,0.2884620428085327,0.43877464532852173,0.0,0.2884620428085327,0.0001,8.8e-07,50.337,2.7544,0.9054
1694,stage2,0,0.2752998471260071,0.4354166090488434,0.0,0.2752998471260071,0.0001,9.000000000000001e-07,50.337,3.0695,0.9431
1695,stage2,0,0.3091655373573303,0.4435519576072693,0.0,0.3091655373573303,0.0001,9.200000000000001e-07,50.338,3.0535,0.9468
1696,stage2,0,0.28422996401786804,0.42581015825271606,0.0,0.28422996401786804,0.0001,9.400000000000001e-07,50.336,3.1651,0.9121
1697,stage2,0,0.25711438059806824,0.449277400970459,0.0,0.25711438059806824,0.0001,9.600000000000001e-07,50.33,3.0437,0.9513
1698,stage2,0,0.31241273880004883,0.4617728888988495,0.0,0.31241273880004883,0.0001,9.800000000000001e-07,50.332,2.8775,1.7368
1699,stage2,0,0.2620184123516083,0.4259509742259979,0.0,0.2620184123516083,0.0001,1.0000000000000002e-06,50.336,4.2177,0.9915
1700,stage2,0,0.31474268436431885,0.46475374698638916,0.0,0.31474268436431885,0.0001,1.02e-06,50.34,3.2829,0.9479
1701,stage2,0,0.27943113446235657,0.42527151107788086,0.0,0.27943113446235657,0.0001,1.04e-06,50.335,3.0035,0.9949
1702,stage2,0,0.3124054968357086,0.4588930010795593,0.0,0.3124054968357086,0.0001,1.06e-06,50.334,2.7657,1.005
1703,stage2,0,0.2584806978702545,0.41349467635154724,0.0,0.2584806978702545,0.0001,1.08e-06,50.341,3.1725,0.9835
1704,stage2,0,0.310793936252594,0.452166885137558,0.0,0.310793936252594,0.0001,1.1e-06,50.341,3.4684,0.949
1705,stage2,0,0.2817446291446686,0.42389705777168274,0.0,0.2817446291446686,0.0001,1.12e-06,50.336,3.3179,0.992
1706,stage2,0,0.26586171984672546,0.434824675321579,0.0,0.26586171984672546,0.0001,1.14e-06,50.339,2.6533,1.5125
1707,stage2,0,0.27121448516845703,0.4466909170150757,0.0,0.27121448516845703,0.0001,1.1600000000000001e-06,50.338,4.5275,0.9387
1708,stage2,0,0.3636586368083954,0.4901121258735657,0.0,0.3636586368083954,0.0001,1.1800000000000001e-06,50.341,5.9054,0.9962
1709,stage2,0,0.27866455912590027,0.43513569235801697,0.0,0.27866455912590027,0.0001,1.2000000000000002e-06,50.336,3.9621,0.9291
1710,stage2,0,0.3292621970176697,0.4582759737968445,0.0,0.3292621970176697,0.0001,1.2200000000000002e-06,50.334,3.269,0.9207
1711,stage2,0,0.33776313066482544,0.4390302896499634,0.0,0.33776313066482544,0.0001,1.2400000000000002e-06,50.336,2.4199,0.9804
1712,stage2,0,0.23115850985050201,0.4197443425655365,0.0,0.23115850985050201,0.0001,1.26e-06,50.337,3.0893,0.9492
1713,stage2,0,0.2880128026008606,0.43186381459236145,0.0,0.2880128026008606,0.0001,1.28e-06,50.344,4.1427,0.9348
1714,stage2,0,0.31965452432632446,0.4391621947288513,0.0,0.31965452432632446,0.0001,1.3e-06,50.34,3.4454,1.6755
1715,stage2,0,0.24403584003448486,0.3996487557888031,0.0,0.24403584003448486,0.0001,1.32e-06,50.333,2.675,0.9954
1716,stage2,0,0.26180627942085266,0.42494115233421326,0.0,0.26180627942085266,0.0001,1.34e-06,50.335,2.9709,0.9608
1717,stage2,0,0.2436693161725998,0.4497683644294739,0.0,0.2436693161725998,0.0001,1.3600000000000001e-06,50.341,3.2613,1.0144
1718,stage2,0,0.2547228932380676,0.4230700135231018,0.0,0.2547228932380676,0.0001,1.3800000000000001e-06,50.338,2.4518,0.9919
1719,stage2,0,0.29056209325790405,0.4460298717021942,0.0,0.29056209325790405,0.0001,1.4000000000000001e-06,50.334,3.8051,0.9519
1720,stage2,0,0.2742283344268799,0.4234248995780945,0.0,0.2742283344268799,0.0001,1.42e-06,50.344,3.7391,0.9786
1721,stage2,0,0.28523460030555725,0.43593159317970276,0.0,0.28523460030555725,0.0001,1.44e-06,50.34,2.928,0.9606
1722,stage2,0,0.2877187430858612,0.4676204025745392,0.0,0.2877187430858612,0.0001,1.46e-06,50.338,3.0325,1.4435
1723,stage2,0,0.2921959161758423,0.4395040273666382,0.0,0.2921959161758423,0.0001,1.48e-06,50.335,3.7909,0.9693
1724,stage2,0,0.27357718348503113,0.4162566363811493,0.0,0.27357718348503113,0.0001,1.5e-06,50.333,3.6626,0.9252
1725,stage2,0,0.3108888864517212,0.43070748448371887,0.0,0.3108888864517212,0.0001,1.52e-06,50.334,3.7295,0.9395
1726,stage2,0,0.2745615839958191,0.4325481951236725,0.0,0.2745615839958191,0.0001,1.54e-06,50.335,3.1913,0.9595
1727,stage2,0,0.3003627061843872,0.4809383153915405,0.0,0.3003627061843872,0.0001,1.56e-06,50.336,3.4557,0.9906
1728,stage2,0,0.27503642439842224,0.4307580590248108,0.0,0.27503642439842224,0.0001,1.5800000000000001e-06,50.338,3.7063,0.9613
1729,stage2,0,0.31697311997413635,0.45425134897232056,0.0,0.31697311997413635,0.0001,1.6000000000000001e-06,50.34,3.3916,0.9778
1730,stage2,0,0.29025745391845703,0.43650349974632263,0.0,0.29025745391845703,0.0001,1.6200000000000002e-06,50.332,3.3191,1.5535
1731,stage2,0,0.32173702120780945,0.4315151870250702,0.0,0.32173702120780945,0.0001,1.6400000000000002e-06,50.332,3.5904,0.9665
1732,stage2,0,0.27104055881500244,0.4266236424446106,0.0,0.27104055881500244,0.0001,1.6600000000000002e-06,50.338,3.1075,0.9304
1733,stage2,0,0.2512546479701996,0.43653038144111633,0.0,0.2512546479701996,0.0001,1.6800000000000002e-06,50.336,3.0516,0.9871
1734,stage2,0,0.246470108628273,0.4267007112503052,0.0,0.246470108628273,0.0001,1.7000000000000002e-06,50.337,2.9835,0.9498
1735,stage2,0,0.2964341938495636,0.4216708838939667,0.0,0.2964341938495636,0.0001,1.72e-06,50.337,2.9045,1.0025
1736,stage2,0,0.2797895669937134,0.43266862630844116,0.0,0.2797895669937134,0.0001,1.74e-06,50.333,4.3132,0.9755
1737,stage2,0,0.2588386833667755,0.40991511940956116,0.0,0.2588386833667755,0.0001,1.76e-06,50.332,3.1182,0.9642
1738,stage2,0,0.31560593843460083,0.4527495503425598,0.0,0.31560593843460083,0.0001,1.7800000000000001e-06,50.335,4.3787,1.5618
1739,stage2,0,0.31634822487831116,0.4234515130519867,0.0,0.31634822487831116,0.0001,1.8000000000000001e-06,50.334,3.6337,0.9596
1740,stage2,0,0.26795387268066406,0.4445515275001526,0.0,0.26795387268066406,0.0001,1.8200000000000002e-06,50.336,3.1118,0.9756
1741,stage2,0,0.3030273914337158,0.45665058493614197,0.0,0.3030273914337158,0.0001,1.8400000000000002e-06,50.342,3.9716,0.9536
1742,stage2,0,0.29407691955566406,0.42347243428230286,0.0,0.29407691955566406,0.0001,1.8600000000000002e-06,50.335,3.058,0.9588
1743,stage2,0,0.2739080488681793,0.4357488751411438,0.0,0.2739080488681793,0.0001,1.8800000000000002e-06,50.337,3.1824,0.9692
1744,stage2,0,0.27919650077819824,0.43944084644317627,0.0,0.27919650077819824,0.0001,1.9000000000000002e-06,50.332,2.769,0.9406
1745,stage2,0,0.25196370482444763,0.44418439269065857,0.0,0.25196370482444763,0.0001,1.9200000000000003e-06,50.336,3.5001,1.0055
1746,stage2,0,0.2445213943719864,0.41468220949172974,0.0,0.2445213943719864,0.0001,1.94e-06,50.338,3.1816,1.6096
1747,stage2,0,0.31207436323165894,0.4358309209346771,0.0,0.31207436323165894,0.0001,1.9600000000000003e-06,50.335,4.2594,0.9477
1748,stage2,0,0.31483346223831177,0.45726278424263,0.0,0.31483346223831177,0.0001,1.98e-06,50.338,4.1276,0.9608
1749,stage2,0,0.23281320929527283,0.4009231925010681,0.0,0.23281320929527283,0.0001,2.0000000000000003e-06,50.332,2.8492,0.9338
1750,stage2,0,0.28238141536712646,0.4254804253578186,0.0,0.28238141536712646,0.0001,2.02e-06,50.335,3.1575,1.0016
1751,stage2,0,0.36001238226890564,0.46028998494148254,0.0,0.36001238226890564,0.0001,2.04e-06,50.335,3.738,0.9611
1752,stage2,0,0.2714442014694214,0.4573947787284851,0.0,0.2714442014694214,0.0001,2.06e-06,50.331,3.2333,0.9891
1753,stage2,0,0.32262280583381653,0.4854485094547272,0.0,0.32262280583381653,0.0001,2.08e-06,50.337,4.116,1.0034
1754,stage2,0,0.25474005937576294,0.416332483291626,0.0,0.25474005937576294,0.0001,2.1000000000000002e-06,50.331,2.7151,1.5627
1755,stage2,0,0.27069249749183655,0.4338759183883667,0.0,0.27069249749183655,0.0001,2.12e-06,50.338,2.7715,0.9531
1756,stage2,0,0.3239537477493286,0.4787916839122772,0.0,0.3239537477493286,0.0001,2.1400000000000003e-06,50.329,3.9237,0.9783
1757,stage2,0,0.308642715215683,0.46206769347190857,0.0,0.308642715215683,0.0001,2.16e-06,50.336,3.4011,0.9742
1758,stage2,0,0.3324640095233917,0.46031928062438965,0.0,0.3324640095233917,0.0001,2.1800000000000003e-06,50.335,2.9926,0.9719
1759,stage2,0,0.25520628690719604,0.42097368836402893,0.0,0.25520628690719604,0.0001,2.2e-06,50.331,3.0445,1.0079
1760,stage2,0,0.26457491517066956,0.4288041889667511,0.0,0.26457491517066956,0.0001,2.2200000000000003e-06,50.334,3.2212,0.9423
1761,stage2,0,0.24907982349395752,0.40935954451560974,0.0,0.24907982349395752,0.0001,2.24e-06,50.33,2.8592,0.9566
1762,stage2,0,0.25187429785728455,0.41345012187957764,0.0,0.25187429785728455,0.0001,2.2600000000000004e-06,50.331,3.063,1.5754
1763,stage2,0,0.2402409464120865,0.3992804288864136,0.0,0.2402409464120865,0.0001,2.28e-06,50.328,2.6658,0.9423
1764,stage2,0,0.28846344351768494,0.41090506315231323,0.0,0.28846344351768494,0.0001,2.3000000000000004e-06,50.328,3.4811,0.9584
1765,stage2,0,0.2924032211303711,0.4167611002922058,0.0,0.2924032211303711,0.0001,2.3200000000000002e-06,50.33,3.6934,0.9767
1766,stage2,0,0.2976970970630646,0.4397011995315552,0.0,0.2976970970630646,0.0001,2.3400000000000005e-06,50.333,3.2731,0.9961
1767,stage2,0,0.24424098432064056,0.41973668336868286,0.0,0.24424098432064056,0.0001,2.3600000000000003e-06,50.333,3.0544,0.9355
1768,stage2,0,0.2527433931827545,0.3959542512893677,0.0,0.2527433931827545,0.0001,2.38e-06,50.328,3.1615,0.9785
1769,stage2,0,0.2877194285392761,0.4489257037639618,0.0,0.2877194285392761,0.0001,2.4000000000000003e-06,50.331,4.0076,1.0062
1770,stage2,0,0.261385053396225,0.4157333970069885,0.0,0.261385053396225,0.0001,2.42e-06,50.335,2.694,1.4802
1771,stage2,0,0.2783297300338745,0.48277005553245544,0.0,0.2783297300338745,0.0001,2.4400000000000004e-06,50.328,3.6435,0.9863
1772,stage2,0,0.29386433959007263,0.4637663960456848,0.0,0.29386433959007263,0.0001,2.46e-06,50.334,3.541,0.9492
1773,stage2,0,0.2885929048061371,0.42301154136657715,0.0,0.2885929048061371,0.0001,2.4800000000000004e-06,50.334,4.9399,0.9506
1774,stage2,0,0.2998203933238983,0.4211887717247009,0.0,0.2998203933238983,0.0001,2.5e-06,50.333,4.1409,0.953
1775,stage2,0,0.30800095200538635,0.4342935383319855,0.0,0.30800095200538635,0.0001,2.52e-06,50.331,3.3676,0.9875
1776,stage2,0,0.2911938428878784,0.41921281814575195,0.0,0.2911938428878784,0.0001,2.5400000000000002e-06,50.335,3.1979,0.9477
1777,stage2,0,0.28248053789138794,0.4167543351650238,0.0,0.28248053789138794,0.0001,2.56e-06,50.334,4.0599,0.972
1778,stage2,0,0.23619888722896576,0.45205485820770264,0.0,0.23619888722896576,0.0001,2.5800000000000003e-06,50.337,2.343,1.5901
1779,stage2,0,0.26680606603622437,0.418290376663208,0.0,0.26680606603622437,0.0001,2.6e-06,50.334,2.5326,0.9625
1780,stage2,0,0.28261491656303406,0.4305746257305145,0.0,0.28261491656303406,0.0001,2.6200000000000003e-06,50.336,3.2936,0.976
1781,stage2,0,0.2876257300376892,0.43971696496009827,0.0,0.2876257300376892,0.0001,2.64e-06,50.333,3.7643,0.954
1782,stage2,0,0.29203060269355774,0.455398827791214,0.0,0.29203060269355774,0.0001,2.6600000000000004e-06,50.337,3.5344,0.9689
1783,stage2,0,0.29388150572776794,0.43060407042503357,0.0,0.29388150572776794,0.0001,2.68e-06,50.334,3.8887,1.0116
1784,stage2,0,0.2778680920600891,0.4392872154712677,0.0,0.2778680920600891,0.0001,2.7000000000000004e-06,50.337,3.2002,0.9967
1785,stage2,0,0.3083548843860626,0.43977510929107666,0.0,0.3083548843860626,0.0001,2.7200000000000002e-06,50.331,3.5871,0.9362
1786,stage2,0,0.2698739767074585,0.4215497076511383,0.0,0.2698739767074585,0.0001,2.7400000000000004e-06,50.335,2.9773,1.664
1787,stage2,0,0.3169879615306854,0.4533558189868927,0.0,0.3169879615306854,0.0001,2.7600000000000003e-06,50.331,3.588,0.9728
1788,stage2,0,0.30067941546440125,0.43001365661621094,0.0,0.30067941546440125,0.0001,2.7800000000000005e-06,50.335,3.1224,0.9744
1789,stage2,0,0.2510809302330017,0.41465458273887634,0.0,0.2510809302330017,0.0001,2.8000000000000003e-06,50.329,4.0408,0.9725
1790,stage2,0,0.25571057200431824,0.43220841884613037,0.0,0.25571057200431824,0.0001,2.82e-06,50.334,4.1142,0.9647
1791,stage2,0,0.2554602026939392,0.429654598236084,0.0,0.2554602026939392,0.0001,2.84e-06,50.328,2.7028,0.9543
1792,stage2,0,0.31285154819488525,0.4479773938655853,0.0,0.31285154819488525,0.0001,2.86e-06,50.327,3.6716,0.9498
1793,stage2,0,0.29227450489997864,0.4343937337398529,0.0,0.29227450489997864,0.0001,2.88e-06,50.33,3.5209,0.9946
1794,stage2,0,0.29219484329223633,0.4559520483016968,0.0,0.29219484329223633,0.0001,2.9e-06,50.331,3.273,1.5412
1795,stage2,0,0.2709883451461792,0.4301421642303467,0.0,0.2709883451461792,0.0001,2.92e-06,50.329,3.3633,0.966
1796,stage2,0,0.2935086190700531,0.4751654267311096,0.0,0.2935086190700531,0.0001,2.9400000000000002e-06,50.335,3.9821,0.9603
1797,stage2,0,0.2864452004432678,0.43311822414398193,0.0,0.2864452004432678,0.0001,2.96e-06,50.332,3.999,0.9554
1798,stage2,0,0.2824803590774536,0.4632232189178467,0.0,0.2824803590774536,0.0001,2.9800000000000003e-06,50.33,3.4191,0.9525
1799,stage2,0,0.299763560295105,0.42214763164520264,0.0,0.299763560295105,0.0001,3e-06,50.331,3.1195,0.9864
1800,stage2,0,0.2687893211841583,0.407662957906723,0.0,0.2687893211841583,0.0001,3.0200000000000003e-06,50.33,3.0065,0.9523
1801,stage2,0,0.2873275876045227,0.427242636680603,0.0,0.2873275876045227,0.0001,3.04e-06,50.332,4.0836,0.9433
1802,stage2,0,0.2726086378097534,0.45231759548187256,0.0,0.2726086378097534,0.0001,3.0600000000000003e-06,50.329,3.5456,1.5282
1803,stage2,0,0.2612062990665436,0.41584512591362,0.0,0.2612062990665436,0.0001,3.08e-06,50.334,3.4574,0.9665
1804,stage2,0,0.2918030321598053,0.45793524384498596,0.0,0.2918030321598053,0.0001,3.1000000000000004e-06,50.333,4.4755,0.9391
1805,stage2,0,0.28665217757225037,0.39707890152931213,0.0,0.28665217757225037,0.0001,3.12e-06,50.334,3.4346,0.9539
1806,stage2,0,0.30021771788597107,0.42801329493522644,0.0,0.30021771788597107,0.0001,3.1400000000000004e-06,50.333,4.9125,0.9624
1807,stage2,0,0.30106598138809204,0.4299549460411072,0.0,0.30106598138809204,0.0001,3.1600000000000002e-06,50.328,5.2679,0.9679
1808,stage2,0,0.3002416789531708,0.4199991524219513,0.0,0.3002416789531708,0.0001,3.1800000000000005e-06,50.331,3.295,0.9865
1809,stage2,0,0.2739962339401245,0.44270527362823486,0.0,0.2739962339401245,0.0001,3.2000000000000003e-06,50.331,4.0741,0.9631
1810,stage2,0,0.2925490140914917,0.4574419856071472,0.0,0.2925490140914917,0.0001,3.2200000000000005e-06,50.329,3.3551,1.4535
1811,stage2,0,0.2736111283302307,0.4402388036251068,0.0,0.2736111283302307,0.0001,3.2400000000000003e-06,50.326,3.6015,0.9715
1812,stage2,0,0.2619716227054596,0.4355394244194031,0.0,0.2619716227054596,0.0001,3.2600000000000006e-06,50.336,4.0513,0.976
1813,stage2,0,0.2620893716812134,0.42183277010917664,0.0,0.2620893716812134,0.0001,3.2800000000000004e-06,50.337,3.4806,0.9577
1814,stage2,0,0.3037188947200775,0.42948997020721436,0.0,0.3037188947200775,0.0001,3.3000000000000006e-06,50.328,3.7198,0.9951
1815,stage2,0,0.2875571846961975,0.4119497537612915,0.0,0.2875571846961975,0.0001,3.3200000000000004e-06,50.333,3.3728,0.9532
1816,stage2,0,0.23964114487171173,0.41745734214782715,0.0,0.23964114487171173,0.0001,3.3400000000000006e-06,50.33,3.6568,0.9462
1817,stage2,0,0.32854241132736206,0.4301092326641083,0.0,0.32854241132736206,0.0001,3.3600000000000004e-06,50.332,3.9811,0.9811
1818,stage2,0,0.32483944296836853,0.43897566199302673,0.0,0.32483944296836853,0.0001,3.3800000000000007e-06,50.333,3.7329,1.6146
1819,stage2,0,0.34061935544013977,0.461715430021286,0.0,0.34061935544013977,0.0001,3.4000000000000005e-06,50.332,3.6838,0.9687
1820,stage2,0,0.25558850169181824,0.4061523973941803,0.0,0.25558850169181824,0.0001,3.4200000000000007e-06,50.335,3.1927,0.9376
1821,stage2,0,0.27373364567756653,0.40631550550460815,0.0,0.27373364567756653,0.0001,3.44e-06,50.337,3.1534,0.9898
1822,stage2,0,0.2762872278690338,0.44327670335769653,0.0,0.2762872278690338,0.0001,3.46e-06,50.334,3.6191,0.9572
1823,stage2,0,0.2526627480983734,0.42126771807670593,0.0,0.2526627480983734,0.0001,3.48e-06,50.335,3.091,0.9521
1824,stage2,0,0.3123358488082886,0.45984548330307007,0.0,0.3123358488082886,0.0001,3.5e-06,50.331,3.5061,0.9458
1825,stage2,0,0.266140341758728,0.4219520092010498,0.0,0.266140341758728,0.0001,3.52e-06,50.339,3.6524,0.9504
1826,stage2,0,0.27136358618736267,0.4258478581905365,0.0,0.27136358618736267,0.0001,3.54e-06,50.332,4.2391,1.6533
1827,stage2,0,0.28201985359191895,0.42182838916778564,0.0,0.28201985359191895,0.0001,3.5600000000000002e-06,50.339,3.5431,0.9746
1828,stage2,0,0.28441300988197327,0.43917596340179443,0.0,0.28441300988197327,0.0001,3.58e-06,50.338,3.0435,0.9376
1829,stage2,0,0.29027363657951355,0.4105498492717743,0.0,0.29027363657951355,0.0001,3.6000000000000003e-06,50.338,3.6647,0.9617
1830,stage2,0,0.270722895860672,0.42654556035995483,0.0,0.270722895860672,0.0001,3.62e-06,50.336,3.8159,1.0041
1831,stage2,0,0.3207903802394867,0.4211515486240387,0.0,0.3207903802394867,0.0001,3.6400000000000003e-06,50.337,4.2272,0.998
1832,stage2,0,0.3017392158508301,0.42744138836860657,0.0,0.3017392158508301,0.0001,3.66e-06,50.338,3.0703,0.9986
1833,stage2,0,0.30253493785858154,0.44048193097114563,0.0,0.30253493785858154,0.0001,3.6800000000000003e-06,50.337,3.0003,0.9578
1834,stage2,0,0.2503911554813385,0.4087406396865845,0.0,0.2503911554813385,0.0001,3.7e-06,50.338,2.7312,1.4567
1835,stage2,0,0.2277803122997284,0.40835487842559814,0.0,0.2277803122997284,0.0001,3.7200000000000004e-06,50.336,2.8218,0.8861
1836,stage2,0,0.26982223987579346,0.45387372374534607,0.0,0.26982223987579346,0.0001,3.74e-06,50.342,2.764,0.9503
1837,stage2,0,0.2797970473766327,0.44120946526527405,0.0,0.2797970473766327,0.0001,3.7600000000000004e-06,50.331,4.1569,0.9536
1838,stage2,0,0.2787555456161499,0.4612768292427063,0.0,0.2787555456161499,0.0001,3.7800000000000002e-06,50.332,3.0254,0.9836
1839,stage2,0,0.3014225661754608,0.44850096106529236,0.0,0.3014225661754608,0.0001,3.8000000000000005e-06,50.333,3.9911,0.9496
1840,stage2,0,0.25578102469444275,0.4182914197444916,0.0,0.25578102469444275,0.0001,3.820000000000001e-06,50.333,2.5611,1.0025
1841,stage2,0,0.2866699695587158,0.40823793411254883,0.0,0.2866699695587158,0.0001,3.8400000000000005e-06,50.331,3.2168,0.9525
1842,stage2,0,0.25098273158073425,0.4262091815471649,0.0,0.25098273158073425,0.0001,3.86e-06,50.331,3.0995,1.6682
1843,stage2,0,0.29795050621032715,0.4374372959136963,0.0,0.29795050621032715,0.0001,3.88e-06,50.333,3.5059,0.9573
1844,stage2,0,0.26636800169944763,0.4241439998149872,0.0,0.26636800169944763,0.0001,3.900000000000001e-06,50.329,4.3292,0.9517
1845,stage2,0,0.2866875231266022,0.4053567349910736,0.0,0.2866875231266022,0.0001,3.920000000000001e-06,50.332,3.6141,0.9323
1846,stage2,0,0.2640995979309082,0.4146454334259033,0.0,0.2640995979309082,0.0001,3.94e-06,50.331,2.8241,1.0079
1847,stage2,0,0.30577248334884644,0.43621447682380676,0.0,0.30577248334884644,0.0001,3.96e-06,50.33,4.0347,0.9779
1848,stage2,0,0.3031853437423706,0.41694027185440063,0.0,0.3031853437423706,0.0001,3.980000000000001e-06,50.335,4.1809,0.9708
1849,stage2,0,0.2812555134296417,0.42775437235832214,0.0,0.2812555134296417,0.0001,4.000000000000001e-06,50.333,3.3048,0.9555
1850,stage2,0,0.2660788893699646,0.4367296099662781,0.0,0.2660788893699646,0.0001,4.0200000000000005e-06,50.337,2.9959,1.4931
1851,stage2,0,0.2795848846435547,0.4301842749118805,0.0,0.2795848846435547,0.0001,4.04e-06,50.328,3.2701,1.0003
1852,stage2,0,0.2752799391746521,0.41962918639183044,0.0,0.2752799391746521,0.0001,4.060000000000001e-06,50.332,3.2822,0.9674
1853,stage2,0,0.29626038670539856,0.4259475767612457,0.0,0.29626038670539856,0.0001,4.08e-06,50.331,3.6288,0.9659
1854,stage2,0,0.29907888174057007,0.46375107765197754,0.0,0.29907888174057007,0.0001,4.1e-06,50.331,4.9966,0.9339
1855,stage2,0,0.27536740899086,0.420823335647583,0.0,0.27536740899086,0.0001,4.12e-06,50.331,2.7406,0.9391
1856,stage2,0,0.285532683134079,0.4380849301815033,0.0,0.285532683134079,0.0001,4.14e-06,50.333,3.3744,0.9595
1857,stage2,0,0.3356773555278778,0.43547165393829346,0.0,0.3356773555278778,0.0001,4.16e-06,50.33,3.9947,0.9999
1858,stage2,0,0.2765781283378601,0.4245738089084625,0.0,0.2765781283378601,0.0001,4.18e-06,50.333,2.8248,1.5574
1859,stage2,0,0.25232642889022827,0.39380523562431335,0.0,0.25232642889022827,0.0001,4.2000000000000004e-06,50.33,2.9303,0.9815
1860,stage2,0,0.24582333862781525,0.40446242690086365,0.0,0.24582333862781525,0.0001,4.22e-06,50.332,3.5145,0.9635
1861,stage2,0,0.29632070660591125,0.4385938048362732,0.0,0.29632070660591125,0.0001,4.24e-06,50.329,4.0792,0.9786
1862,stage2,0,0.25746890902519226,0.4352763295173645,0.0,0.25746890902519226,0.0001,4.26e-06,50.334,3.5432,0.9618
1863,stage2,0,0.3139857053756714,0.4424551725387573,0.0,0.3139857053756714,0.0001,4.2800000000000005e-06,50.331,3.6697,0.9441
1864,stage2,0,0.27761009335517883,0.40413376688957214,0.0,0.27761009335517883,0.0001,4.3e-06,50.333,4.0367,0.963
1865,stage2,0,0.2697453498840332,0.41059622168540955,0.0,0.2697453498840332,0.0001,4.32e-06,50.333,2.8267,0.9583
1866,stage2,0,0.25315824151039124,0.4080641269683838,0.0,0.25315824151039124,0.0001,4.34e-06,50.33,3.5424,1.6158
1867,stage2,0,0.22834740579128265,0.39878296852111816,0.0,0.22834740579128265,0.0001,4.360000000000001e-06,50.332,2.4824,0.9463
1868,stage2,0,0.26156407594680786,0.3972344696521759,0.0,0.26156407594680786,0.0001,4.38e-06,50.329,3.4715,0.9734
1869,stage2,0,0.24310779571533203,0.4111022353172302,0.0,0.24310779571533203,0.0001,4.4e-06,50.33,2.9804,0.9327
1870,stage2,0,0.296509712934494,0.4717593491077423,0.0,0.296509712934494,0.0001,4.42e-06,50.335,3.4481,0.9514
1871,stage2,0,0.24154317378997803,0.38940829038619995,0.0,0.24154317378997803,0.0001,4.440000000000001e-06,50.329,3.1171,0.9717
1872,stage2,0,0.33974793553352356,0.48925450444221497,0.0,0.33974793553352356,0.0001,4.4600000000000005e-06,50.331,3.9238,0.9717
1873,stage2,0,0.23634251952171326,0.41394203901290894,0.0,0.23634251952171326,0.0001,4.48e-06,50.328,3.3176,0.9851
1874,stage2,0,0.27607783675193787,0.4746358096599579,0.0,0.27607783675193787,0.0001,4.5e-06,50.327,3.2601,1.6438
1875,stage2,0,0.2860339879989624,0.4548160433769226,0.0,0.2860339879989624,0.0001,4.520000000000001e-06,50.331,4.1759,0.9715
1876,stage2,0,0.29808592796325684,0.4294075667858124,0.0,0.29808592796325684,0.0001,4.540000000000001e-06,50.332,3.7042,1.0058
1877,stage2,0,0.2152477502822876,0.43142980337142944,0.0,0.2152477502822876,0.0001,4.56e-06,50.33,3.1565,0.9434
1878,stage2,0,0.28614985942840576,0.41929391026496887,0.0,0.28614985942840576,0.0001,4.58e-06,50.328,3.651,0.9696
1879,stage2,0,0.25146716833114624,0.4621371626853943,0.0,0.25146716833114624,0.0001,4.600000000000001e-06,50.333,3.3644,0.979
1880,stage2,0,0.2554773986339569,0.4155651032924652,0.0,0.2554773986339569,0.0001,4.620000000000001e-06,50.333,3.1543,0.9516
1881,stage2,0,0.29532819986343384,0.4614364802837372,0.0,0.29532819986343384,0.0001,4.6400000000000005e-06,50.331,4.0446,0.9428
1882,stage2,0,0.2582615911960602,0.41041916608810425,0.0,0.2582615911960602,0.0001,4.66e-06,50.331,3.533,1.5839
1883,stage2,0,0.2868678569793701,0.4246256351470947,0.0,0.2868678569793701,0.0001,4.680000000000001e-06,50.325,3.8172,0.9383
1884,stage2,0,0.3213106393814087,0.4232865273952484,0.0,0.3213106393814087,0.0001,4.7e-06,50.331,5.2251,0.9558
1885,stage2,0,0.3030264675617218,0.4481452703475952,0.0,0.3030264675617218,0.0001,4.7200000000000005e-06,50.331,3.9026,0.9916
1886,stage2,0,0.2488316148519516,0.38623493909835815,0.0,0.2488316148519516,0.0001,4.74e-06,50.332,3.8365,0.9876
1887,stage2,0,0.344967782497406,0.44459715485572815,0.0,0.344967782497406,0.0001,4.76e-06,50.333,4.8392,0.9713
1888,stage2,0,0.2965230345726013,0.4378056824207306,0.0,0.2965230345726013,0.0001,4.78e-06,50.331,3.7402,0.9967
1889,stage2,0,0.2990351617336273,0.41798990964889526,0.0,0.2990351617336273,0.0001,4.800000000000001e-06,50.331,3.971,0.9488
1890,stage2,0,0.2617133855819702,0.4283880293369293,0.0,0.2617133855819702,0.0001,4.8200000000000004e-06,50.333,3.0164,1.6146
1891,stage2,0,0.3226725161075592,0.45465242862701416,0.0,0.3226725161075592,0.0001,4.84e-06,50.331,4.1243,0.9504
1892,stage2,0,0.29307064414024353,0.4270634353160858,0.0,0.29307064414024353,0.0001,4.86e-06,50.33,3.8396,0.9879
1893,stage2,0,0.23949755728244781,0.40381067991256714,0.0,0.23949755728244781,0.0001,4.880000000000001e-06,50.33,4.5085,0.9611
1894,stage2,0,0.29267531633377075,0.42079463601112366,0.0,0.29267531633377075,0.0001,4.9000000000000005e-06,50.33,3.2946,0.932
1895,stage2,0,0.2996785342693329,0.4440077245235443,0.0,0.2996785342693329,0.0001,4.92e-06,50.331,3.9852,0.9494
1896,stage2,0,0.24412257969379425,0.4303417503833771,0.0,0.24412257969379425,0.0001,4.94e-06,50.327,3.8024,0.9129
1897,stage2,0,0.2515545189380646,0.4250984787940979,0.0,0.2515545189380646,0.0001,4.960000000000001e-06,50.33,3.3744,0.9846
1898,stage2,0,0.2868717908859253,0.4454360604286194,0.0,0.2868717908859253,0.0001,4.980000000000001e-06,50.332,3.4007,1.7042
1899,stage2,0,0.2953967750072479,0.455046683549881,0.0,0.2953967750072479,0.0001,5e-06,50.33,3.9639,0.983
1900,stage2,0,0.2778986096382141,0.4155855178833008,0.0,0.2778986096382141,0.0001,5.02e-06,50.33,2.8623,0.9665
1901,stage2,0,0.27414730191230774,0.44130632281303406,0.0,0.27414730191230774,0.0001,5.04e-06,50.33,3.0991,0.9845
1902,stage2,0,0.29230380058288574,0.4364599585533142,0.0,0.29230380058288574,0.0001,5.060000000000001e-06,50.332,3.4234,0.9537
1903,stage2,0,0.2583938539028168,0.41831833124160767,0.0,0.2583938539028168,0.0001,5.0800000000000005e-06,50.331,3.2079,0.9425
1904,stage2,0,0.2528086006641388,0.41903549432754517,0.0,0.2528086006641388,0.0001,5.1e-06,50.332,2.8965,0.9105
1905,stage2,0,0.26913419365882874,0.414657860994339,0.0,0.26913419365882874,0.0001,5.12e-06,50.332,2.6721,0.985
1906,stage2,0,0.26290208101272583,0.44569283723831177,0.0,0.26290208101272583,0.0001,5.140000000000001e-06,50.328,2.9695,1.6682
1907,stage2,0,0.2711906433105469,0.4250982403755188,0.0,0.2711906433105469,0.0001,5.1600000000000006e-06,50.328,3.7496,0.9478
1908,stage2,0,0.28176677227020264,0.43472811579704285,0.0,0.28176677227020264,0.0001,5.18e-06,50.333,3.9146,0.9516
1909,stage2,0,0.3127654790878296,0.4705069959163666,0.0,0.3127654790878296,0.0001,5.2e-06,50.329,4.0024,0.985
1910,stage2,0,0.28631868958473206,0.41972407698631287,0.0,0.28631868958473206,0.0001,5.220000000000001e-06,50.332,4.0935,0.9567
1911,stage2,0,0.27002373337745667,0.4021662175655365,0.0,0.27002373337745667,0.0001,5.240000000000001e-06,50.331,3.3685,0.9493
1912,stage2,0,0.28730857372283936,0.46003150939941406,0.0,0.28730857372283936,0.0001,5.2600000000000005e-06,50.33,3.6712,0.9936
1913,stage2,0,0.27355334162712097,0.4472002387046814,0.0,0.27355334162712097,0.0001,5.28e-06,50.329,3.6667,0.9558
1914,stage2,0,0.24954961240291595,0.4202250838279724,0.0,0.24954961240291595,0.0001,5.300000000000001e-06,50.331,3.9046,1.5345
1915,stage2,0,0.2644427716732025,0.4285488426685333,0.0,0.2644427716732025,0.0001,5.320000000000001e-06,50.333,3.4322,0.9729
1916,stage2,0,0.284618079662323,0.4196630120277405,0.0,0.284618079662323,0.0001,5.3400000000000005e-06,50.327,3.5255,0.9758
1917,stage2,0,0.26834583282470703,0.4062621593475342,0.0,0.26834583282470703,0.0001,5.36e-06,50.334,3.521,0.9791
1918,stage2,0,0.26668626070022583,0.45049309730529785,0.0,0.26668626070022583,0.0001,5.380000000000001e-06,50.333,3.3328,0.9482
1919,stage2,0,0.23282860219478607,0.41468265652656555,0.0,0.23282860219478607,0.0001,5.400000000000001e-06,50.337,2.8446,0.9952
1920,stage2,0,0.3063001036643982,0.4494864046573639,0.0,0.3063001036643982,0.0001,5.420000000000001e-06,50.333,3.2214,0.9624
1921,stage2,0,0.27159085869789124,0.4115837514400482,0.0,0.27159085869789124,0.0001,5.4400000000000004e-06,50.331,3.5489,0.9773
1922,stage2,0,0.2708646357059479,0.4446236193180084,0.0,0.2708646357059479,0.0001,5.460000000000001e-06,50.329,3.3576,1.4993
1923,stage2,0,0.28367891907691956,0.4410717487335205,0.0,0.28367891907691956,0.0001,5.480000000000001e-06,50.329,3.4156,0.9684
1924,stage2,0,0.3167096674442291,0.41480085253715515,0.0,0.3167096674442291,0.0001,5.500000000000001e-06,50.329,3.3696,0.9409
1925,stage2,0,0.3332883417606354,0.44074538350105286,0.0,0.3332883417606354,0.0001,5.5200000000000005e-06,50.326,4.2994,0.978
1926,stage2,0,0.302767813205719,0.43575137853622437,0.0,0.302767813205719,0.0001,5.540000000000001e-06,50.331,3.9724,0.9337
1927,stage2,0,0.2845762372016907,0.4424261748790741,0.0,0.2845762372016907,0.0001,5.560000000000001e-06,50.331,4.1554,0.9879
1928,stage2,0,0.2775862514972687,0.40310418605804443,0.0,0.2775862514972687,0.0001,5.580000000000001e-06,50.332,3.2601,0.9877
1929,stage2,0,0.2976016700267792,0.4531773626804352,0.0,0.2976016700267792,0.0001,5.600000000000001e-06,50.331,4.6987,0.9538
1930,stage2,0,0.2201511561870575,0.41292253136634827,0.0,0.2201511561870575,0.0001,5.620000000000001e-06,50.329,2.9631,1.6099
1931,stage2,0,0.261458158493042,0.44537514448165894,0.0,0.261458158493042,0.0001,5.64e-06,50.331,3.0691,0.9032
1932,stage2,0,0.26693031191825867,0.40987125039100647,0.0,0.26693031191825867,0.0001,5.66e-06,50.33,3.4084,0.9785
1933,stage2,0,0.32854461669921875,0.4483497738838196,0.0,0.32854461669921875,0.0001,5.68e-06,50.33,4.5813,0.9626
1934,stage2,0,0.32533591985702515,0.4545295536518097,0.0,0.32533591985702515,0.0001,5.7e-06,50.33,4.3142,0.9393
1935,stage2,0,0.24547281861305237,0.4258214235305786,0.0,0.24547281861305237,0.0001,5.72e-06,50.336,3.2106,0.9432
1936,stage2,0,0.27540817856788635,0.4016989469528198,0.0,0.27540817856788635,0.0001,5.74e-06,50.334,3.8367,0.9567
1937,stage2,0,0.23197805881500244,0.4382941424846649,0.0,0.23197805881500244,0.0001,5.76e-06,50.334,3.2888,0.9399
1938,stage2,0,0.2546587288379669,0.4086169898509979,0.0,0.2546587288379669,0.0001,5.78e-06,50.333,3.4056,1.6844
1939,stage2,0,0.24723951518535614,0.4433023929595947,0.0,0.24723951518535614,0.0001,5.8e-06,50.335,3.3054,0.9719
1940,stage2,0,0.257138192653656,0.4213329553604126,0.0,0.257138192653656,0.0001,5.82e-06,50.33,4.8331,0.9367
1941,stage2,0,0.26884719729423523,0.4195747375488281,0.0,0.26884719729423523,0.0001,5.84e-06,50.332,3.8164,0.954
1942,stage2,0,0.24961930513381958,0.4211699068546295,0.0,0.24961930513381958,0.0001,5.86e-06,50.331,3.0804,0.9688
1943,stage2,0,0.2787802219390869,0.43115293979644775,0.0,0.2787802219390869,0.0001,5.8800000000000005e-06,50.328,3.8585,0.9265
1944,stage2,0,0.2917538285255432,0.4350340962409973,0.0,0.2917538285255432,0.0001,5.9e-06,50.33,3.4641,0.98
1945,stage2,0,0.2625046670436859,0.4210382103919983,0.0,0.2625046670436859,0.0001,5.92e-06,50.331,3.8761,0.955
1946,stage2,0,0.2840666174888611,0.42290812730789185,0.0,0.2840666174888611,0.0001,5.94e-06,50.333,3.933,1.8102
1947,stage2,0,0.30157187581062317,0.433823823928833,0.0,0.30157187581062317,0.0001,5.9600000000000005e-06,50.333,3.7699,0.9427
1948,stage2,0,0.25711682438850403,0.4206027388572693,0.0,0.25711682438850403,0.0001,5.98e-06,50.333,3.9705,0.9439
1949,stage2,0,0.24562186002731323,0.409599632024765,0.0,0.24562186002731323,0.0001,6e-06,50.334,3.2121,0.9211
1950,stage2,0,0.28986287117004395,0.46691596508026123,0.0,0.28986287117004395,0.0001,6.02e-06,50.331,4.3438,0.9402
1951,stage2,0,0.3473329246044159,0.47023138403892517,0.0,0.3473329246044159,0.0001,6.040000000000001e-06,50.331,5.8129,1.006
1952,stage2,0,0.2892325818538666,0.44272714853286743,0.0,0.2892325818538666,0.0001,6.0600000000000004e-06,50.328,3.9318,1.0123
1953,stage2,0,0.2949998080730438,0.43371838331222534,0.0,0.2949998080730438,0.0001,6.08e-06,50.335,3.7766,0.955
1954,stage2,0,0.26135602593421936,0.399612694978714,0.0,0.26135602593421936,0.0001,6.1e-06,50.328,3.6122,1.6296
1955,stage2,0,0.2795635759830475,0.46401023864746094,0.0,0.2795635759830475,0.0001,6.120000000000001e-06,50.329,3.5451,0.949
1956,stage2,0,0.2355947196483612,0.41807809472084045,0.0,0.2355947196483612,0.0001,6.1400000000000005e-06,50.329,3.1998,0.9558
1957,stage2,0,0.2963866591453552,0.43545421957969666,0.0,0.2963866591453552,0.0001,6.16e-06,50.334,3.1075,0.989
1958,stage2,0,0.3070692718029022,0.445782870054245,0.0,0.3070692718029022,0.0001,6.18e-06,50.334,3.9079,0.984
1959,stage2,0,0.27384963631629944,0.4370848834514618,0.0,0.27384963631629944,0.0001,6.200000000000001e-06,50.332,3.6809,0.9173
1960,stage2,0,0.30082374811172485,0.42032352089881897,0.0,0.30082374811172485,0.0001,6.220000000000001e-06,50.334,3.7226,0.985
1961,stage2,0,0.2515029013156891,0.4315081536769867,0.0,0.2515029013156891,0.0001,6.24e-06,50.333,3.2116,0.942
1962,stage2,0,0.25319328904151917,0.43488970398902893,0.0,0.25319328904151917,0.0001,6.26e-06,50.33,3.4207,1.6673
1963,stage2,0,0.288914293050766,0.4620415270328522,0.0,0.288914293050766,0.0001,6.280000000000001e-06,50.333,4.6095,0.9597
1964,stage2,0,0.2521759569644928,0.4129175841808319,0.0,0.2521759569644928,0.0001,6.300000000000001e-06,50.33,3.3308,0.9625
1965,stage2,0,0.2793937027454376,0.4506954550743103,0.0,0.2793937027454376,0.0001,6.3200000000000005e-06,50.331,3.3205,0.9738
1966,stage2,0,0.2351962924003601,0.42279163002967834,0.0,0.2351962924003601,0.0001,6.34e-06,50.328,3.1678,0.9427
1967,stage2,0,0.2325020581483841,0.44370535016059875,0.0,0.2325020581483841,0.0001,6.360000000000001e-06,50.332,3.6182,0.975
1968,stage2,0,0.32776954770088196,0.45552414655685425,0.0,0.32776954770088196,0.0001,6.380000000000001e-06,50.333,5.6273,0.9514
1969,stage2,0,0.27088916301727295,0.43146613240242004,0.0,0.27088916301727295,0.0001,6.4000000000000006e-06,50.333,3.9783,0.9835
1970,stage2,0,0.28074800968170166,0.42628365755081177,0.0,0.28074800968170166,0.0001,6.42e-06,50.328,3.5159,1.5292
1971,stage2,0,0.26743799448013306,0.42659398913383484,0.0,0.26743799448013306,0.0001,6.440000000000001e-06,50.333,2.7662,0.9565
1972,stage2,0,0.29940736293792725,0.4205408990383148,0.0,0.29940736293792725,0.0001,6.460000000000001e-06,50.333,3.613,0.9712
1973,stage2,0,0.2439059019088745,0.4385020136833191,0.0,0.2439059019088745,0.0001,6.480000000000001e-06,50.33,4.7579,0.9717
1974,stage2,0,0.30702999234199524,0.4191606640815735,0.0,0.30702999234199524,0.0001,6.5000000000000004e-06,50.333,3.804,0.9724
1975,stage2,0,0.2710854113101959,0.4088629484176636,0.0,0.2710854113101959,0.0001,6.520000000000001e-06,50.336,4.1428,0.9636
1976,stage2,0,0.3173118531703949,0.4330691993236542,0.0,0.3173118531703949,0.0001,6.540000000000001e-06,50.334,3.4963,0.983
1977,stage2,0,0.28452399373054504,0.42451074719429016,0.0,0.28452399373054504,0.0001,6.560000000000001e-06,50.331,3.3789,0.9581
1978,stage2,0,0.2881202697753906,0.44112077355384827,0.0,0.2881202697753906,0.0001,6.5800000000000005e-06,50.335,3.468,1.7198
1979,stage2,0,0.2517271637916565,0.4184058606624603,0.0,0.2517271637916565,0.0001,6.600000000000001e-06,50.329,3.9118,0.95
1980,stage2,0,0.2690057158470154,0.4617875814437866,0.0,0.2690057158470154,0.0001,6.620000000000001e-06,50.334,4.2832,0.972
1981,stage2,0,0.23877069354057312,0.39891791343688965,0.0,0.23877069354057312,0.0001,6.640000000000001e-06,50.338,3.4399,0.9716
1982,stage2,0,0.2590053081512451,0.4531126022338867,0.0,0.2590053081512451,0.0001,6.660000000000001e-06,50.332,3.8598,1.0076
1983,stage2,0,0.2777095139026642,0.4324316084384918,0.0,0.2777095139026642,0.0001,6.680000000000001e-06,50.326,3.6781,0.9419
1984,stage2,0,0.3156534731388092,0.4623928666114807,0.0,0.3156534731388092,0.0001,6.700000000000001e-06,50.329,4.1356,0.985
1985,stage2,0,0.2544502019882202,0.4467632472515106,0.0,0.2544502019882202,0.0001,6.720000000000001e-06,50.331,3.3363,0.9549
1986,stage2,0,0.2708418369293213,0.4207848310470581,0.0,0.2708418369293213,0.0001,6.740000000000001e-06,50.33,3.4908,1.5868
1987,stage2,0,0.23915983736515045,0.42003294825553894,0.0,0.23915983736515045,0.0001,6.760000000000001e-06,50.329,3.2948,0.978
1988,stage2,0,0.25660035014152527,0.4042527377605438,0.0,0.25660035014152527,0.0001,6.780000000000001e-06,50.33,3.6909,0.96
1989,stage2,0,0.29811081290245056,0.43363767862319946,0.0,0.29811081290245056,0.0001,6.800000000000001e-06,50.332,3.816,0.959
1990,stage2,0,0.31425371766090393,0.4320107698440552,0.0,0.31425371766090393,0.0001,6.820000000000001e-06,50.335,4.2703,0.9392
1991,stage2,0,0.34370163083076477,0.4312366843223572,0.0,0.34370163083076477,0.0001,6.8400000000000014e-06,50.328,5.5155,0.9706
1992,stage2,0,0.277047723531723,0.42466118931770325,0.0,0.277047723531723,0.0001,6.860000000000001e-06,50.332,3.9297,0.9671
1993,stage2,0,0.22588427364826202,0.41261664032936096,0.0,0.22588427364826202,0.0001,6.88e-06,50.329,3.4834,0.9424
1994,stage2,0,0.23911571502685547,0.4214411675930023,0.0,0.23911571502685547,0.0001,6.9e-06,50.328,2.6804,1.7815
1995,stage2,0,0.30430325865745544,0.4315982460975647,0.0,0.30430325865745544,0.0001,6.92e-06,50.329,4.3229,0.998
1996,stage2,0,0.22369448840618134,0.42332008481025696,0.0,0.22369448840618134,0.0001,6.9400000000000005e-06,50.332,3.7167,0.9731
1997,stage2,0,0.26615071296691895,0.4144348204135895,0.0,0.26615071296691895,0.0001,6.96e-06,50.328,4.9357,0.9937
1998,stage2,0,0.23719480633735657,0.41499918699264526,0.0,0.23719480633735657,0.0001,6.98e-06,50.334,3.1544,1.0051
1999,stage2,0,0.2621343731880188,0.42865946888923645,0.0,0.2621343731880188,0.0001,7e-06,50.328,3.4014,1.0
2000,stage2,0,0.31972482800483704,0.4607451558113098,0.0,0.31972482800483704,0.0001,7.0200000000000006e-06,50.33,3.8945,0.9028
2001,stage2,0,0.3043730854988098,0.4518361985683441,0.0,0.3043730854988098,0.0001,7.04e-06,50.33,4.2922,0.9541
2002,stage2,0,0.23582366108894348,0.407370388507843,0.0,0.23582366108894348,0.0001,7.06e-06,50.329,3.0591,1.5569
2003,stage2,0,0.27127546072006226,0.42927342653274536,0.0,0.27127546072006226,0.0001,7.08e-06,50.331,3.3286,0.9246
2004,stage2,0,0.3345516622066498,0.45439520478248596,0.0,0.3345516622066498,0.0001,7.100000000000001e-06,50.329,4.4353,0.9789
2005,stage2,0,0.24872912466526031,0.42262622714042664,0.0,0.24872912466526031,0.0001,7.1200000000000004e-06,50.329,3.4034,0.9513
2006,stage2,0,0.2650143504142761,0.42227721214294434,0.0,0.2650143504142761,0.0001,7.14e-06,50.325,3.3186,0.9377
2007,stage2,0,0.2308923304080963,0.4238983392715454,0.0,0.2308923304080963,0.0001,7.16e-06,50.333,3.1712,1.002
2008,stage2,0,0.27414101362228394,0.40568044781684875,0.0,0.27414101362228394,0.0001,7.180000000000001e-06,50.328,3.7002,0.9393
2009,stage2,0,0.26170113682746887,0.4144023060798645,0.0,0.26170113682746887,0.0001,7.2000000000000005e-06,50.327,3.1806,0.97
2010,stage2,0,0.26966172456741333,0.4250161051750183,0.0,0.26966172456741333,0.0001,7.22e-06,50.328,3.5738,1.828
2011,stage2,0,0.27443432807922363,0.44357946515083313,0.0,0.27443432807922363,0.0001,7.24e-06,50.331,2.9725,0.9808
2012,stage2,0,0.2646826207637787,0.42467355728149414,0.0,0.2646826207637787,0.0001,7.260000000000001e-06,50.332,3.8461,0.9178
2013,stage2,0,0.2808955907821655,0.4244734048843384,0.0,0.2808955907821655,0.0001,7.280000000000001e-06,50.328,3.998,0.9448
2014,stage2,0,0.20295198261737823,0.41258421540260315,0.0,0.20295198261737823,0.0001,7.3e-06,50.326,2.6392,0.9818
2015,stage2,0,0.29947802424430847,0.4354247450828552,0.0,0.29947802424430847,0.0001,7.32e-06,50.327,5.5886,1.0006
2016,stage2,0,0.2742203176021576,0.4194953143596649,0.0,0.2742203176021576,0.0001,7.340000000000001e-06,50.325,3.7876,0.9438
2017,stage2,0,0.26645076274871826,0.44865599274635315,0.0,0.26645076274871826,0.0001,7.360000000000001e-06,50.327,3.3488,0.9613
2018,stage2,0,0.27867868542671204,0.41968151926994324,0.0,0.27867868542671204,0.0001,7.3800000000000005e-06,50.329,3.7959,1.6553
2019,stage2,0,0.23995451629161835,0.42022350430488586,0.0,0.23995451629161835,0.0001,7.4e-06,50.326,2.8463,0.9668
2020,stage2,0,0.2814241647720337,0.43693190813064575,0.0,0.2814241647720337,0.0001,7.420000000000001e-06,50.326,3.3882,0.9499
2021,stage2,0,0.24140487611293793,0.4504185914993286,0.0,0.24140487611293793,0.0001,7.440000000000001e-06,50.332,3.3361,0.9437
2022,stage2,0,0.28680419921875,0.4239264130592346,0.0,0.28680419921875,0.0001,7.4600000000000006e-06,50.327,3.4161,0.9514
2023,stage2,0,0.2539443373680115,0.4065464735031128,0.0,0.2539443373680115,0.0001,7.48e-06,50.326,2.9124,0.999
2024,stage2,0,0.286735475063324,0.3984246253967285,0.0,0.286735475063324,0.0001,7.500000000000001e-06,50.328,4.7394,0.9907
2025,stage2,0,0.2854192852973938,0.4231994152069092,0.0,0.2854192852973938,0.0001,7.520000000000001e-06,50.327,3.0782,0.9633
2026,stage2,0,0.2530207931995392,0.4252524971961975,0.0,0.2530207931995392,0.0001,7.540000000000001e-06,50.327,3.468,1.4956
2027,stage2,0,0.3192260265350342,0.4466009736061096,0.0,0.3192260265350342,0.0001,7.5600000000000005e-06,50.323,3.9208,0.9491
2028,stage2,0,0.2364153116941452,0.40425729751586914,0.0,0.2364153116941452,0.0001,7.58e-06,50.33,2.735,0.942
2029,stage2,0,0.30038076639175415,0.4189935028553009,0.0,0.30038076639175415,0.0001,7.600000000000001e-06,50.327,4.013,0.9906
2030,stage2,0,0.24678222835063934,0.41789910197257996,0.0,0.24678222835063934,0.0001,7.620000000000001e-06,50.33,3.5516,0.9313
2031,stage2,0,0.26084595918655396,0.4280109107494354,0.0,0.26084595918655396,0.0001,7.640000000000001e-06,50.329,3.6098,0.9908
2032,stage2,0,0.29437708854675293,0.4478815793991089,0.0,0.29437708854675293,0.0001,7.660000000000001e-06,50.326,4.0697,0.9389
2033,stage2,0,0.2535420060157776,0.452109694480896,0.0,0.2535420060157776,0.0001,7.680000000000001e-06,50.328,2.921,0.9628
2034,stage2,0,0.2816865146160126,0.4228799343109131,0.0,0.2816865146160126,0.0001,7.7e-06,50.329,3.8171,1.6604
2035,stage2,0,0.31654927134513855,0.4456869065761566,0.0,0.31654927134513855,0.0001,7.72e-06,50.327,4.2439,0.9475
2036,stage2,0,0.28757840394973755,0.432300865650177,0.0,0.28757840394973755,0.0001,7.74e-06,50.324,3.533,0.9384
2037,stage2,0,0.29469969868659973,0.42978623509407043,0.0,0.29469969868659973,0.0001,7.76e-06,50.33,3.5498,0.947
2038,stage2,0,0.2607789635658264,0.44212356209754944,0.0,0.2607789635658264,0.0001,7.78e-06,50.328,4.0442,0.964
2039,stage2,0,0.25121718645095825,0.42367225885391235,0.0,0.25121718645095825,0.0001,7.800000000000002e-06,50.324,3.1724,0.9626
2040,stage2,0,0.30040422081947327,0.42713990807533264,0.0,0.30040422081947327,0.0001,7.820000000000001e-06,50.327,4.3149,0.9542
2041,stage2,0,0.23802372813224792,0.41523924469947815,0.0,0.23802372813224792,0.0001,7.840000000000001e-06,50.328,3.4295,0.9802
2042,stage2,0,0.2402777373790741,0.421646386384964,0.0,0.2402777373790741,0.0001,7.860000000000001e-06,50.332,3.2421,1.7165
2043,stage2,0,0.27222010493278503,0.4267307221889496,0.0,0.27222010493278503,0.0001,7.88e-06,50.328,3.8154,0.9861
2044,stage2,0,0.30757731199264526,0.44989269971847534,0.0,0.30757731199264526,0.0001,7.9e-06,50.33,5.3914,0.9533
2045,stage2,0,0.2911960482597351,0.43552225828170776,0.0,0.2911960482597351,0.0001,7.92e-06,50.328,3.8448,0.9491
2046,stage2,0,0.22848276793956757,0.40399622917175293,0.0,0.22848276793956757,0.0001,7.94e-06,50.327,3.6016,0.971
2047,stage2,0,0.285351037979126,0.44958916306495667,0.0,0.285351037979126,0.0001,7.960000000000002e-06,50.331,3.6614,0.9437
2048,stage2,0,0.2620323598384857,0.44359827041625977,0.0,0.2620323598384857,0.0001,7.980000000000002e-06,50.328,3.4547,0.9607
2049,stage2,0,0.25413817167282104,0.41564464569091797,0.0,0.25413817167282104,0.0001,8.000000000000001e-06,50.327,3.6367,0.9788
2050,stage2,0,0.23939399421215057,0.45189881324768066,0.0,0.23939399421215057,0.0001,8.020000000000001e-06,50.327,3.783,1.6116
2051,stage2,0,0.2274455577135086,0.40583252906799316,0.0,0.2274455577135086,0.0001,8.040000000000001e-06,50.329,2.8639,0.9465
2052,stage2,0,0.238943949341774,0.4463982880115509,0.0,0.238943949341774,0.0001,8.06e-06,50.325,3.8398,0.9389
2053,stage2,0,0.27782654762268066,0.4070698022842407,0.0,0.27782654762268066,0.0001,8.08e-06,50.332,3.6357,0.939
2054,stage2,0,0.27257809042930603,0.4168061912059784,0.0,0.27257809042930603,0.0001,8.1e-06,50.328,3.647,0.9889
2055,stage2,0,0.22510559856891632,0.42861267924308777,0.0,0.22510559856891632,0.0001,8.120000000000002e-06,50.329,2.4689,0.9559
2056,stage2,0,0.2690500020980835,0.4255577325820923,0.0,0.2690500020980835,0.0001,8.14e-06,50.327,4.0569,0.9373
2057,stage2,0,0.19773466885089874,0.4187079668045044,0.0,0.19773466885089874,0.0001,8.16e-06,50.33,3.1386,0.9534
2058,stage2,0,0.27393704652786255,0.41308823227882385,0.0,0.27393704652786255,0.0001,8.18e-06,50.332,3.9445,1.713
2059,stage2,0,0.3015245497226715,0.440075546503067,0.0,0.3015245497226715,0.0001,8.2e-06,50.335,3.2072,0.9206
2060,stage2,0,0.23965640366077423,0.41002047061920166,0.0,0.23965640366077423,0.0001,8.220000000000001e-06,50.329,3.7934,0.9559
2061,stage2,0,0.25784483551979065,0.44046589732170105,0.0,0.25784483551979065,0.0001,8.24e-06,50.325,4.2817,0.9154
2062,stage2,0,0.2874891757965088,0.45205065608024597,0.0,0.2874891757965088,0.0001,8.26e-06,50.328,3.6625,0.9828
2063,stage2,0,0.32756298780441284,0.4278333783149719,0.0,0.32756298780441284,0.0001,8.28e-06,50.321,4.5319,0.958
2064,stage2,0,0.27956533432006836,0.42776358127593994,0.0,0.27956533432006836,0.0001,8.3e-06,50.329,4.5298,0.9936
2065,stage2,0,0.24771611392498016,0.41720616817474365,0.0,0.24771611392498016,0.0001,8.32e-06,50.329,3.9345,0.982
2066,stage2,0,0.28187859058380127,0.4735402762889862,0.0,0.28187859058380127,0.0001,8.34e-06,50.327,3.9045,1.5639
2067,stage2,0,0.26310092210769653,0.4125666618347168,0.0,0.26310092210769653,0.0001,8.36e-06,50.33,3.7542,0.97
2068,stage2,0,0.24762165546417236,0.4046372175216675,0.0,0.24762165546417236,0.0001,8.380000000000001e-06,50.329,3.6915,0.9532
2069,stage2,0,0.2525499761104584,0.420421838760376,0.0,0.2525499761104584,0.0001,8.400000000000001e-06,50.328,3.8834,1.0012
2070,stage2,0,0.2783539891242981,0.41283077001571655,0.0,0.2783539891242981,0.0001,8.42e-06,50.327,3.6529,0.9367
2071,stage2,0,0.2844381332397461,0.42793038487434387,0.0,0.2844381332397461,0.0001,8.44e-06,50.33,4.7066,0.9628
2072,stage2,0,0.290314644575119,0.4219154715538025,0.0,0.290314644575119,0.0001,8.46e-06,50.33,3.6568,0.9889
2073,stage2,0,0.32894572615623474,0.457248717546463,0.0,0.32894572615623474,0.0001,8.48e-06,50.328,4.5233,0.9128
2074,stage2,0,0.2875894010066986,0.41968971490859985,0.0,0.2875894010066986,0.0001,8.5e-06,50.327,4.3306,1.6594
2075,stage2,0,0.2867717146873474,0.4304143786430359,0.0,0.2867717146873474,0.0001,8.52e-06,50.328,4.1995,0.9545
2076,stage2,0,0.2743147909641266,0.4177950620651245,0.0,0.2743147909641266,0.0001,8.540000000000001e-06,50.327,3.499,0.947
2077,stage2,0,0.294464111328125,0.4075013995170593,0.0,0.294464111328125,0.0001,8.560000000000001e-06,50.329,3.5582,0.9326
2078,stage2,0,0.26580604910850525,0.4403361678123474,0.0,0.26580604910850525,0.0001,8.580000000000001e-06,50.332,4.3558,0.955
2079,stage2,0,0.2814839780330658,0.41284826397895813,0.0,0.2814839780330658,0.0001,8.6e-06,50.33,3.8074,0.98
2080,stage2,0,0.2901243269443512,0.4413534700870514,0.0,0.2901243269443512,0.0001,8.62e-06,50.333,4.0173,0.9599
2081,stage2,0,0.27778345346450806,0.4286678433418274,0.0,0.27778345346450806,0.0001,8.64e-06,50.333,4.5125,0.9415
2082,stage2,0,0.29148924350738525,0.4270424544811249,0.0,0.29148924350738525,0.0001,8.66e-06,50.329,5.0289,1.6138
2083,stage2,0,0.289275199174881,0.43090540170669556,0.0,0.289275199174881,0.0001,8.68e-06,50.33,3.4981,0.9505
2084,stage2,0,0.25933709740638733,0.42451828718185425,0.0,0.25933709740638733,0.0001,8.700000000000001e-06,50.332,3.5758,0.9434
2085,stage2,0,0.23137816786766052,0.4120108485221863,0.0,0.23137816786766052,0.0001,8.720000000000001e-06,50.327,3.4451,1.0014
2086,stage2,0,0.20040419697761536,0.38287970423698425,0.0,0.20040419697761536,0.0001,8.740000000000001e-06,50.33,3.0207,0.9561
2087,stage2,0,0.28143084049224854,0.4026939868927002,0.0,0.28143084049224854,0.0001,8.76e-06,50.329,4.7874,0.9931
2088,stage2,0,0.27068600058555603,0.4092654585838318,0.0,0.27068600058555603,0.0001,8.78e-06,50.328,3.5159,1.0068
2089,stage2,0,0.2502158284187317,0.41497570276260376,0.0,0.2502158284187317,0.0001,8.8e-06,50.328,3.7996,0.9482
2090,stage2,0,0.27624884247779846,0.4188200831413269,0.0,0.27624884247779846,0.0001,8.82e-06,50.327,3.7547,1.4265
2091,stage2,0,0.23007582128047943,0.43535664677619934,0.0,0.23007582128047943,0.0001,8.84e-06,50.328,2.9409,0.9648
2092,stage2,0,0.2711747884750366,0.40739697217941284,0.0,0.2711747884750366,0.0001,8.860000000000002e-06,50.324,3.4054,0.9435
2093,stage2,0,0.2985790967941284,0.41921257972717285,0.0,0.2985790967941284,0.0001,8.880000000000001e-06,50.328,5.4205,0.9411
2094,stage2,0,0.26138409972190857,0.4225224256515503,0.0,0.26138409972190857,0.0001,8.900000000000001e-06,50.324,3.6408,1.0003
2095,stage2,0,0.28003522753715515,0.41316959261894226,0.0,0.28003522753715515,0.0001,8.920000000000001e-06,50.332,3.2016,0.9046
2096,stage2,0,0.27828434109687805,0.41338273882865906,0.0,0.27828434109687805,0.0001,8.94e-06,50.33,3.5735,0.9958
2097,stage2,0,0.2588005065917969,0.4249604642391205,0.0,0.2588005065917969,0.0001,8.96e-06,50.329,3.421,0.957
2098,stage2,0,0.26341763138771057,0.41660964488983154,0.0,0.26341763138771057,0.0001,8.98e-06,50.33,3.4745,1.5674
2099,stage2,0,0.28602853417396545,0.4398517310619354,0.0,0.28602853417396545,0.0001,9e-06,50.324,4.1527,0.9979
2100,stage2,0,0.28437161445617676,0.43296775221824646,0.0,0.28437161445617676,0.0001,9.020000000000002e-06,50.332,2.9411,0.9911
2101,stage2,0,0.2676561772823334,0.4343010187149048,0.0,0.2676561772823334,0.0001,9.040000000000002e-06,50.333,4.4361,0.9596
2102,stage2,0,0.2300039529800415,0.39584681391716003,0.0,0.2300039529800415,0.0001,9.060000000000001e-06,50.325,3.1378,0.9661
2103,stage2,0,0.22695207595825195,0.38024547696113586,0.0,0.22695207595825195,0.0001,9.080000000000001e-06,50.326,3.0868,0.9808
2104,stage2,0,0.22893889248371124,0.3904009759426117,0.0,0.22893889248371124,0.0001,9.100000000000001e-06,50.328,2.8459,0.9733
2105,stage2,0,0.27819129824638367,0.4108160436153412,0.0,0.27819129824638367,0.0001,9.12e-06,50.33,3.6842,0.9739
2106,stage2,0,0.2725735008716583,0.44072213768959045,0.0,0.2725735008716583,0.0001,9.14e-06,50.328,3.5457,1.5006
2107,stage2,0,0.27949059009552,0.43563008308410645,0.0,0.27949059009552,0.0001,9.16e-06,50.327,3.5654,0.7025
2108,stage2,0,0.27992430329322815,0.4263286292552948,0.0,0.27992430329322815,0.0001,9.180000000000002e-06,50.328,3.7087,0.6449
2109,stage2,0,0.29345789551734924,0.4165934920310974,0.0,0.29345789551734924,0.0001,9.200000000000002e-06,50.33,3.6019,0.6449
2110,stage2,0,0.27456891536712646,0.40662881731987,0.0,0.27456891536712646,0.0001,9.220000000000002e-06,50.33,4.937,0.6466
2111,stage2,0,0.22551146149635315,0.3852618634700775,0.0,0.22551146149635315,0.0001,9.240000000000001e-06,50.33,2.5956,0.6444
2112,stage2,0,0.2476349174976349,0.4278881251811981,0.0,0.2476349174976349,0.0001,9.260000000000001e-06,50.327,2.979,0.6451
2113,stage2,0,0.22717535495758057,0.4079636335372925,0.0,0.22717535495758057,0.0001,9.280000000000001e-06,50.326,2.7802,0.6454
2114,stage2,0,0.2991109788417816,0.43074166774749756,0.0,0.2991109788417816,0.0001,9.3e-06,50.324,3.8188,3.5933
2115,stage2,0,0.2190871387720108,0.40903395414352417,0.0,0.2190871387720108,0.0001,9.32e-06,50.332,2.8801,0.6428
2116,stage2,0,0.2633703649044037,0.421376496553421,0.0,0.2633703649044037,0.0001,9.340000000000002e-06,50.328,4.5695,0.643
2117,stage2,0,0.2301986664533615,0.4271560609340668,0.0,0.2301986664533615,0.0001,9.360000000000002e-06,50.33,2.7916,0.6431
2118,stage2,0,0.2698308527469635,0.4497976303100586,0.0,0.2698308527469635,0.0001,9.38e-06,50.327,3.3276,0.644
2119,stage2,0,0.300935834646225,0.42314133048057556,0.0,0.300935834646225,0.0001,9.4e-06,50.333,3.5595,0.6435
2120,stage2,0,0.3096597194671631,0.44620028138160706,0.0,0.3096597194671631,0.0001,9.42e-06,50.33,4.0011,0.6439
2121,stage2,0,0.2575346529483795,0.4095813035964966,0.0,0.2575346529483795,0.0001,9.440000000000001e-06,50.325,5.1246,0.643
2122,stage2,0,0.2405233234167099,0.3950520157814026,0.0,0.2405233234167099,0.0001,9.460000000000001e-06,50.326,2.8838,3.6979
2123,stage2,0,0.23907430469989777,0.41364163160324097,0.0,0.23907430469989777,0.0001,9.48e-06,50.332,3.639,0.6593
2124,stage2,0,0.2545073628425598,0.4233798384666443,0.0,0.2545073628425598,0.0001,9.5e-06,50.332,3.5237,0.6897
2125,stage2,0,0.2306877076625824,0.3831547200679779,0.0,0.2306877076625824,0.0001,9.52e-06,50.328,2.7512,0.6554
2126,stage2,0,0.26958635449409485,0.39423277974128723,0.0,0.26958635449409485,0.0001,9.54e-06,50.329,3.7226,0.641
2127,stage2,0,0.27923783659935,0.4086143374443054,0.0,0.27923783659935,0.0001,9.56e-06,50.327,2.9906,0.6509
2128,stage2,0,0.29125115275382996,0.4207344949245453,0.0,0.29125115275382996,0.0001,9.58e-06,50.327,5.953,0.6678
2129,stage2,0,0.2647123336791992,0.4308100640773773,0.0,0.2647123336791992,0.0001,9.600000000000001e-06,50.329,4.116,0.6584
2130,stage2,0,0.21059490740299225,0.36891403794288635,0.0,0.21059490740299225,0.0001,9.620000000000001e-06,50.329,2.8427,3.8551
2131,stage2,0,0.220625638961792,0.40240949392318726,0.0,0.220625638961792,0.0001,9.640000000000001e-06,50.331,3.0628,0.6585
2132,stage2,0,0.20191344618797302,0.3942766785621643,0.0,0.20191344618797302,0.0001,9.66e-06,50.33,3.4274,0.7176
2133,stage2,0,0.22887393832206726,0.4043988883495331,0.0,0.22887393832206726,0.0001,9.68e-06,50.327,3.8153,0.6584
2134,stage2,0,0.28532761335372925,0.4454401433467865,0.0,0.28532761335372925,0.0001,9.7e-06,50.33,4.4443,0.6621
2135,stage2,0,0.24028831720352173,0.42875853180885315,0.0,0.24028831720352173,0.0001,9.72e-06,50.331,3.6983,0.6506
2136,stage2,0,0.284317284822464,0.4171189069747925,0.0,0.284317284822464,0.0001,9.74e-06,50.333,4.2503,0.6638
2137,stage2,0,0.23354686796665192,0.39983636140823364,0.0,0.23354686796665192,0.0001,9.760000000000001e-06,50.327,4.1678,0.7173
2138,stage2,0,0.2687061131000519,0.4307610094547272,0.0,0.2687061131000519,0.0001,9.780000000000001e-06,50.331,3.5906,3.9331
2139,stage2,0,0.2709023356437683,0.40072745084762573,0.0,0.2709023356437683,0.0001,9.800000000000001e-06,50.329,4.0939,0.6623
2140,stage2,0,0.27871838212013245,0.45272064208984375,0.0,0.27871838212013245,0.0001,9.820000000000001e-06,50.328,4.5709,0.7175
2141,stage2,0,0.27894678711891174,0.42163586616516113,0.0,0.27894678711891174,0.0001,9.84e-06,50.328,4.1826,0.6563
2142,stage2,0,0.25890710949897766,0.4208482801914215,0.0,0.25890710949897766,0.0001,9.86e-06,50.331,3.8259,0.6627
2143,stage2,0,0.21755766868591309,0.41910138726234436,0.0,0.21755766868591309,0.0001,9.88e-06,50.329,2.8643,0.6461
2144,stage2,0,0.2200419157743454,0.3998773992061615,0.0,0.2200419157743454,0.0001,9.9e-06,50.329,3.3682,0.6744
2145,stage2,0,0.29650941491127014,0.45682013034820557,0.0,0.29650941491127014,0.0001,9.920000000000002e-06,50.328,3.879,0.7079
2146,stage2,0,0.24837152659893036,0.420516699552536,0.0,0.24837152659893036,0.0001,9.940000000000001e-06,50.327,4.2245,3.9165
2147,stage2,0,0.2836798131465912,0.4183962643146515,0.0,0.2836798131465912,0.0001,9.960000000000001e-06,50.329,3.9009,0.6651
2148,stage2,0,0.22580280900001526,0.3998774290084839,0.0,0.22580280900001526,0.0001,9.980000000000001e-06,50.33,2.6353,0.7149
2149,stage2,0,0.2908450663089752,0.4187203347682953,0.0,0.2908450663089752,0.0001,1e-05,50.332,4.3404,0.6607
2150,stage2,0,0.25848114490509033,0.46548569202423096,0.0,0.25848114490509033,0.0001,1e-05,50.328,3.6983,0.6958
2151,stage2,0,0.2737949788570404,0.43366917967796326,0.0,0.2737949788570404,0.0001,1e-05,50.331,3.9172,0.6823
2152,stage2,0,0.22401735186576843,0.445182740688324,0.0,0.22401735186576843,0.0001,1e-05,50.332,2.997,0.6799
2153,stage2,0,0.229871466755867,0.408552348613739,0.0,0.229871466755867,0.0001,1e-05,50.327,2.9554,0.7031
2154,stage2,0,0.24689380824565887,0.409129798412323,0.0,0.24689380824565887,0.0001,1e-05,50.326,3.1197,3.9237
2155,stage2,0,0.2744815945625305,0.4245951771736145,0.0,0.2744815945625305,0.0001,1e-05,50.329,3.9706,0.7073
2156,stage2,0,0.31799519062042236,0.4644297957420349,0.0,0.31799519062042236,0.0001,1e-05,50.334,4.9617,0.664
2157,stage2,0,0.3059099316596985,0.45763683319091797,0.0,0.3059099316596985,0.0001,1e-05,50.329,4.5462,0.7056
2158,stage2,0,0.2535773515701294,0.39744314551353455,0.0,0.2535773515701294,0.0001,1e-05,50.332,3.9616,0.6595
2159,stage2,0,0.2523482143878937,0.3944721817970276,0.0,0.2523482143878937,0.0001,1e-05,50.331,3.7731,0.6496
2160,stage2,0,0.27161094546318054,0.4134887754917145,0.0,0.27161094546318054,0.0001,1e-05,50.329,4.631,0.6688
2161,stage2,0,0.35566022992134094,0.4555291533470154,0.0,0.35566022992134094,0.0001,1e-05,50.325,5.2162,0.6376
2162,stage2,0,0.27268871665000916,0.4473091661930084,0.0,0.27268871665000916,0.0001,1e-05,50.327,3.7476,3.8522
2163,stage2,0,0.2710503041744232,0.4238743185997009,0.0,0.2710503041744232,0.0001,1e-05,50.327,3.3847,0.7329
2164,stage2,0,0.2863141596317291,0.43193525075912476,0.0,0.2863141596317291,0.0001,1e-05,50.329,4.1974,0.6557
2165,stage2,0,0.2771310806274414,0.43867048621177673,0.0,0.2771310806274414,0.0001,1e-05,50.327,3.1077,0.718
2166,stage2,0,0.3007781207561493,0.4199501872062683,0.0,0.3007781207561493,0.0001,1e-05,50.33,4.3297,0.6562
2167,stage2,0,0.27044016122817993,0.41932716965675354,0.0,0.27044016122817993,0.0001,1e-05,50.326,4.2495,0.6582
2168,stage2,0,0.2476319521665573,0.4343116581439972,0.0,0.2476319521665573,0.0001,1e-05,50.328,3.5659,0.7017
2169,stage2,0,0.2359846979379654,0.39411231875419617,0.0,0.2359846979379654,0.0001,1e-05,50.328,3.9237,0.6768
2170,stage2,0,0.29900819063186646,0.45210567116737366,0.0,0.29900819063186646,0.0001,1e-05,50.326,4.4872,3.8643
2171,stage2,0,0.24005116522312164,0.4224439561367035,0.0,0.24005116522312164,0.0001,1e-05,50.328,3.7551,0.6674
2172,stage2,0,0.23054111003875732,0.4178650975227356,0.0,0.23054111003875732,0.0001,1e-05,50.324,2.5307,0.7049
2173,stage2,0,0.3112669587135315,0.45897719264030457,0.0,0.3112669587135315,0.0001,1e-05,50.324,4.1995,0.6568
2174,stage2,0,0.28846970200538635,0.4379708170890808,0.0,0.28846970200538635,0.0001,1e-05,50.329,3.4741,0.7089
2175,stage2,0,0.24392834305763245,0.40732336044311523,0.0,0.24392834305763245,0.0001,1e-05,50.327,3.263,0.6616
2176,stage2,0,0.2136770784854889,0.3995676338672638,0.0,0.2136770784854889,0.0001,1e-05,50.326,3.073,0.7147
2177,stage2,0,0.251359760761261,0.4198291003704071,0.0,0.251359760761261,0.0001,1e-05,50.324,3.2367,0.6606
2178,stage2,0,0.2859434485435486,0.40720251202583313,0.0,0.2859434485435486,0.0001,1e-05,50.329,4.4516,3.9057
2179,stage2,0,0.24598795175552368,0.4371517598628998,0.0,0.24598795175552368,0.0001,1e-05,50.325,3.8787,0.6613
2180,stage2,0,0.26438668370246887,0.4431861340999603,0.0,0.26438668370246887,0.0001,1e-05,50.325,4.6339,0.7056
2181,stage2,0,0.23741522431373596,0.3956531882286072,0.0,0.23741522431373596,0.0001,1e-05,50.326,3.4408,0.6666
2182,stage2,0,0.23471803963184357,0.433200865983963,0.0,0.23471803963184357,0.0001,1e-05,50.329,3.4432,0.7155
2183,stage2,0,0.2624213397502899,0.4080135226249695,0.0,0.2624213397502899,0.0001,1e-05,50.328,4.1775,0.6519
2184,stage2,0,0.26622703671455383,0.4147476553916931,0.0,0.26622703671455383,0.0001,1e-05,50.331,4.5006,0.6597
2185,stage2,0,0.2696191370487213,0.4516434669494629,0.0,0.2696191370487213,0.0001,1e-05,50.331,4.7469,0.6458
2186,stage2,0,0.27133503556251526,0.4378293454647064,0.0,0.27133503556251526,0.0001,1e-05,50.33,3.7845,3.8396
2187,stage2,0,0.22823739051818848,0.4243403971195221,0.0,0.22823739051818848,0.0001,1e-05,50.328,3.4111,0.6647
2188,stage2,0,0.24638131260871887,0.40788933634757996,0.0,0.24638131260871887,0.0001,1e-05,50.33,3.9905,0.7053
2189,stage2,0,0.24836675822734833,0.40931233763694763,0.0,0.24836675822734833,0.0001,1e-05,50.333,3.4053,0.6581
2190,stage2,0,0.22783316671848297,0.45081403851509094,0.0,0.22783316671848297,0.0001,1e-05,50.332,3.6609,0.7078
2191,stage2,0,0.23123563826084137,0.4028507471084595,0.0,0.23123563826084137,0.0001,1e-05,50.331,3.2666,0.6519
2192,stage2,0,0.24392147362232208,0.3994932770729065,0.0,0.24392147362232208,0.0001,1e-05,50.332,4.6386,0.6389
2193,stage2,0,0.29949072003364563,0.43739229440689087,0.0,0.29949072003364563,0.0001,1e-05,50.332,5.1223,0.666
2194,stage2,0,0.2164578139781952,0.43313485383987427,0.0,0.2164578139781952,0.0001,1e-05,50.331,2.9051,3.8867
2195,stage2,0,0.24492959678173065,0.44195881485939026,0.0,0.24492959678173065,0.0001,1e-05,50.329,3.9155,0.6349
2196,stage2,0,0.2220240831375122,0.43660980463027954,0.0,0.2220240831375122,0.0001,1e-05,50.329,5.4948,0.7286
2197,stage2,0,0.25282853841781616,0.38918164372444153,0.0,0.25282853841781616,0.0001,1e-05,50.329,3.9713,0.6504
2198,stage2,0,0.2588675916194916,0.4304204285144806,0.0,0.2588675916194916,0.0001,1e-05,50.328,3.5592,0.6796
2199,stage2,0,0.2769111394882202,0.41650035977363586,0.0,0.2769111394882202,0.0001,1e-05,50.327,5.058,0.683
2200,stage2,0,0.2638496160507202,0.41556715965270996,0.0,0.2638496160507202,0.0001,1e-05,50.329,3.3058,0.663
2201,stage2,0,0.22752633690834045,0.41315698623657227,0.0,0.22752633690834045,0.0001,1e-05,50.33,3.7311,0.7089
2202,stage2,0,0.2268517017364502,0.4293025732040405,0.0,0.2268517017364502,0.0001,1e-05,50.332,3.5561,3.8307
2203,stage2,0,0.25266125798225403,0.416982501745224,0.0,0.25266125798225403,0.0001,1e-05,50.33,3.4197,0.6513
2204,stage2,0,0.2847030758857727,0.4083138704299927,0.0,0.2847030758857727,0.0001,1e-05,50.323,4.1627,0.658
2205,stage2,0,0.23969534039497375,0.39364537596702576,0.0,0.23969534039497375,0.0001,1e-05,50.329,4.113,0.7073
2206,stage2,0,0.2269814908504486,0.46030500531196594,0.0,0.2269814908504486,0.0001,1e-05,50.325,3.9276,0.6571
2207,stage2,0,0.23724262416362762,0.41212600469589233,0.0,0.23724262416362762,0.0001,1e-05,50.325,3.4378,0.7134
2208,stage2,0,0.2649615406990051,0.40283530950546265,0.0,0.2649615406990051,0.0001,1e-05,50.325,3.62,0.661
2209,stage2,0,0.27274012565612793,0.41936737298965454,0.0,0.27274012565612793,0.0001,1e-05,50.33,4.4923,0.7125
2210,stage2,0,0.22932668030261993,0.39548006653785706,0.0,0.22932668030261993,0.0001,1e-05,50.322,3.2399,3.9763
2211,stage2,0,0.27605491876602173,0.4197608530521393,0.0,0.27605491876602173,0.0001,1e-05,50.329,4.0268,0.6608
2212,stage2,0,0.2375202775001526,0.41325393319129944,0.0,0.2375202775001526,0.0001,1e-05,50.329,3.3935,0.7086
2213,stage2,0,0.3015383183956146,0.4241330623626709,0.0,0.3015383183956146,0.0001,1e-05,50.328,4.7706,0.6674
2214,stage2,0,0.22804893553256989,0.4181748628616333,0.0,0.22804893553256989,0.0001,1e-05,50.325,3.7109,0.7154
2215,stage2,0,0.2524227797985077,0.4531279504299164,0.0,0.2524227797985077,0.0001,1e-05,50.327,4.1116,0.6593
2216,stage2,0,0.2605753540992737,0.41551733016967773,0.0,0.2605753540992737,0.0001,1e-05,50.327,3.5602,0.7146
2217,stage2,0,0.2353961318731308,0.4010501801967621,0.0,0.2353961318731308,0.0001,1e-05,50.327,2.992,0.6695
2218,stage2,0,0.2896694540977478,0.41100093722343445,0.0,0.2896694540977478,0.0001,1e-05,50.325,3.5134,3.8922
2219,stage2,0,0.2814365327358246,0.43740618228912354,0.0,0.2814365327358246,0.0001,1e-05,50.325,4.2449,0.6483
2220,stage2,0,0.2387610375881195,0.4334471523761749,0.0,0.2387610375881195,0.0001,1e-05,50.329,3.9311,0.6565
2221,stage2,0,0.2625250816345215,0.39608800411224365,0.0,0.2625250816345215,0.0001,1e-05,50.33,3.2508,0.6442
2222,stage2,0,0.29230573773384094,0.41695719957351685,0.0,0.29230573773384094,0.0001,1e-05,50.327,3.4395,0.6636
2223,stage2,0,0.2779397666454315,0.4651842415332794,0.0,0.2779397666454315,0.0001,1e-05,50.328,3.0157,0.7065
2224,stage2,0,0.23660369217395782,0.4123110771179199,0.0,0.23660369217395782,0.0001,1e-05,50.33,3.1731,0.6582
2225,stage2,0,0.2533318102359772,0.4209161400794983,0.0,0.2533318102359772,0.0001,1e-05,50.33,4.9218,0.7214
2226,stage2,0,0.20603898167610168,0.416517972946167,0.0,0.20603898167610168,0.0001,1e-05,50.327,2.9889,3.8599
2227,stage2,0,0.2538849115371704,0.42140883207321167,0.0,0.2538849115371704,0.0001,1e-05,50.333,3.964,0.6552
2228,stage2,0,0.24465538561344147,0.4224151372909546,0.0,0.24465538561344147,0.0001,1e-05,50.325,3.4245,0.6366
2229,stage2,0,0.22180761396884918,0.4011090397834778,0.0,0.22180761396884918,0.0001,1e-05,50.331,3.1754,0.6652
2230,stage2,0,0.26720860600471497,0.41925179958343506,0.0,0.26720860600471497,0.0001,1e-05,50.329,3.5656,0.6586
2231,stage2,0,0.1981567144393921,0.40394607186317444,0.0,0.1981567144393921,0.0001,1e-05,50.328,3.0002,0.7094
2232,stage2,0,0.2572300434112549,0.4095580577850342,0.0,0.2572300434112549,0.0001,1e-05,50.329,3.6606,0.6574
2233,stage2,0,0.2846164405345917,0.42024222016334534,0.0,0.2846164405345917,0.0001,1e-05,50.33,3.8698,0.7079
2234,stage2,0,0.24096716940402985,0.3927522599697113,0.0,0.24096716940402985,0.0001,1e-05,50.328,3.9297,3.7867
2235,stage2,0,0.21070542931556702,0.4032972753047943,0.0,0.21070542931556702,0.0001,1e-05,50.329,3.8046,0.7353
2236,stage2,0,0.2307097166776657,0.43619880080223083,0.0,0.2307097166776657,0.0001,1e-05,50.325,3.6873,0.6493
2237,stage2,0,0.18863433599472046,0.4080507755279541,0.0,0.18863433599472046,0.0001,1e-05,50.326,3.0888,0.6966
2238,stage2,0,0.25547659397125244,0.4625456929206848,0.0,0.25547659397125244,0.0001,1e-05,50.327,4.0771,0.6415
2239,stage2,0,0.2674627900123596,0.461855411529541,0.0,0.2674627900123596,0.0001,1e-05,50.324,4.7395,0.6432
2240,stage2,0,0.29272082448005676,0.4204714298248291,0.0,0.29272082448005676,0.0001,1e-05,50.323,4.5659,0.6444
2241,stage2,0,0.23690098524093628,0.4068170189857483,0.0,0.23690098524093628,0.0001,1e-05,50.323,3.3481,0.6437
2242,stage2,0,0.24785469472408295,0.4144950211048126,0.0,0.24785469472408295,0.0001,1e-05,50.324,3.5094,3.8367
2243,stage2,0,0.24671624600887299,0.44832518696784973,0.0,0.24671624600887299,0.0001,1e-05,50.328,3.6434,0.8844
2244,stage2,0,0.2802497446537018,0.4187563955783844,0.0,0.2802497446537018,0.0001,1e-05,50.324,3.3356,0.643
2245,stage2,0,0.25096213817596436,0.39658334851264954,0.0,0.25096213817596436,0.0001,1e-05,50.326,3.9365,0.6422
2246,stage2,0,0.21216261386871338,0.3607359528541565,0.0,0.21216261386871338,0.0001,1e-05,50.329,4.5785,0.6927
2247,stage2,0,0.2628145217895508,0.3995548188686371,0.0,0.2628145217895508,0.0001,1e-05,50.327,3.8927,0.6426
2248,stage2,0,0.18551461398601532,0.38160404562950134,0.0,0.18551461398601532,0.0001,1e-05,50.325,4.0602,0.6437
2249,stage2,0,0.24561810493469238,0.3685997426509857,0.0,0.24561810493469238,0.0001,1e-05,50.329,3.6632,0.6484
2250,stage2,0,0.23167218267917633,0.4170914888381958,0.0,0.23167218267917633,0.0001,1e-05,50.33,3.2453,3.6825
2251,stage2,0,0.25249943137168884,0.42290636897087097,0.0,0.25249943137168884,0.0001,1e-05,50.33,3.741,0.9483
2252,stage2,0,0.26247438788414,0.415936142206192,0.0,0.26247438788414,0.0001,1e-05,50.328,3.4731,0.6973
2253,stage2,0,0.294560045003891,0.45099103450775146,0.0,0.294560045003891,0.0001,1e-05,50.323,4.1792,0.6422
2254,stage2,0,0.19168035686016083,0.4389490783214569,0.0,0.19168035686016083,0.0001,1e-05,50.321,2.4406,0.6472
2255,stage2,0,0.20496517419815063,0.42324161529541016,0.0,0.20496517419815063,0.0001,1e-05,50.327,4.2654,0.6433
2256,stage2,0,0.26458030939102173,0.4065975546836853,0.0,0.26458030939102173,0.0001,1e-05,50.329,3.9728,0.6421
2257,stage2,0,0.2814450263977051,0.4180711805820465,0.0,0.2814450263977051,0.0001,1e-05,50.323,3.7162,0.6971
2258,stage2,0,0.2899600565433502,0.4309444725513458,0.0,0.2899600565433502,0.0001,1e-05,50.325,3.7522,3.5593
2259,stage2,0,0.24524568021297455,0.4178042411804199,0.0,0.24524568021297455,0.0001,1e-05,50.33,3.5305,0.8868
2260,stage2,0,0.2689224183559418,0.40126392245292664,0.0,0.2689224183559418,0.0001,1e-05,50.331,3.8996,0.6423
2261,stage2,0,0.2326616793870926,0.41934436559677124,0.0,0.2326616793870926,0.0001,1e-05,50.328,3.9024,0.648
2262,stage2,0,0.2062845379114151,0.4257231056690216,0.0,0.2062845379114151,0.0001,1e-05,50.328,2.9492,0.6985
2263,stage2,0,0.28591588139533997,0.43737274408340454,0.0,0.28591588139533997,0.0001,1e-05,50.333,4.4713,0.6426
2264,stage2,0,0.287456214427948,0.4244237244129181,0.0,0.287456214427948,0.0001,1e-05,50.329,4.7031,0.6446
2265,stage2,0,0.28072109818458557,0.4339747428894043,0.0,0.28072109818458557,0.0001,1e-05,50.331,4.4943,0.644
2266,stage2,0,0.23326702415943146,0.4223646819591522,0.0,0.23326702415943146,0.0001,1e-05,50.328,3.1548,3.5759
2267,stage2,0,0.24876412749290466,0.43730422854423523,0.0,0.24876412749290466,0.0001,1e-05,50.331,4.0217,1.0351
2268,stage2,0,0.3437212407588959,0.45510512590408325,0.0,0.3437212407588959,0.0001,1e-05,50.329,5.2782,0.6428
2269,stage2,0,0.2964038550853729,0.43648600578308105,0.0,0.2964038550853729,0.0001,1e-05,50.328,4.0434,0.6431
2270,stage2,0,0.246522918343544,0.4283003509044647,0.0,0.246522918343544,0.0001,1e-05,50.324,3.4608,0.6485
2271,stage2,0,0.2463398426771164,0.41411054134368896,0.0,0.2463398426771164,0.0001,1e-05,50.326,3.4992,0.7031
2272,stage2,0,0.23814578354358673,0.44067052006721497,0.0,0.23814578354358673,0.0001,1e-05,50.325,3.3093,0.6432
2273,stage2,0,0.2783125340938568,0.4164051413536072,0.0,0.2783125340938568,0.0001,1e-05,50.329,3.9304,0.6436
2274,stage2,0,0.2822834253311157,0.445954829454422,0.0,0.2822834253311157,0.0001,1e-05,50.328,4.1534,3.5043
2275,stage2,0,0.26999416947364807,0.4283398687839508,0.0,0.26999416947364807,0.0001,1e-05,50.324,4.6055,0.9961
2276,stage2,0,0.2337569296360016,0.3866618275642395,0.0,0.2337569296360016,0.0001,1e-05,50.326,4.2865,0.6354
2277,stage2,0,0.32734134793281555,0.43380632996559143,0.0,0.32734134793281555,0.0001,1e-05,50.326,4.6785,0.731
2278,stage2,0,0.22264011204242706,0.4036598801612854,0.0,0.22264011204242706,0.0001,1e-05,50.328,3.0051,0.6344
2279,stage2,0,0.2038072794675827,0.407308429479599,0.0,0.2038072794675827,0.0001,1e-05,50.327,2.6286,0.6436
2280,stage2,0,0.28066447377204895,0.4388778805732727,0.0,0.28066447377204895,0.0001,1e-05,50.328,4.3526,0.6483
2281,stage2,0,0.2368551641702652,0.4131260812282562,0.0,0.2368551641702652,0.0001,1e-05,50.327,4.3416,0.6447
2282,stage2,0,0.23690076172351837,0.4191124141216278,0.0,0.23690076172351837,0.0001,1e-05,50.329,4.8487,3.4998
2283,stage2,0,0.24183043837547302,0.41796594858169556,0.0,0.24183043837547302,0.0001,1e-05,50.327,3.4607,0.9521
2284,stage2,0,0.249662384390831,0.406711220741272,0.0,0.249662384390831,0.0001,1e-05,50.325,3.2202,0.6478
2285,stage2,0,0.30032792687416077,0.43920624256134033,0.0,0.30032792687416077,0.0001,1e-05,50.324,4.304,0.6423
2286,stage2,0,0.23037411272525787,0.42321231961250305,0.0,0.23037411272525787,0.0001,1e-05,50.329,3.7683,0.6423
2287,stage2,0,0.23337863385677338,0.3932322561740875,0.0,0.23337863385677338,0.0001,1e-05,50.328,5.2417,0.6997
2288,stage2,0,0.24870622158050537,0.39673134684562683,0.0,0.24870622158050537,0.0001,1e-05,50.328,3.7982,0.6428
2289,stage2,0,0.2942838966846466,0.4170774817466736,0.0,0.2942838966846466,0.0001,1e-05,50.33,3.6573,0.6455
2290,stage2,0,0.21609818935394287,0.39677706360816956,0.0,0.21609818935394287,0.0001,1e-05,50.327,3.8086,3.6385
2291,stage2,0,0.21446701884269714,0.39959150552749634,0.0,0.21446701884269714,0.0001,1e-05,50.329,3.3465,1.0631
2292,stage2,0,0.28261616826057434,0.4038260579109192,0.0,0.28261616826057434,0.0001,1e-05,50.33,3.7771,0.6332
2293,stage2,0,0.24584509432315826,0.4025138318538666,0.0,0.24584509432315826,0.0001,1e-05,50.329,3.3435,0.6435
2294,stage2,0,0.2413022220134735,0.4091070294380188,0.0,0.2413022220134735,0.0001,1e-05,50.327,3.0533,0.6477
2295,stage2,0,0.24507983028888702,0.3956666588783264,0.0,0.24507983028888702,0.0001,1e-05,50.328,3.5854,0.6425
2296,stage2,0,0.2540821433067322,0.42893290519714355,0.0,0.2540821433067322,0.0001,1e-05,50.328,3.5033,0.6411
2297,stage2,0,0.2881925702095032,0.4200381636619568,0.0,0.2881925702095032,0.0001,1e-05,50.328,3.5311,0.6648
2298,stage2,0,0.30676427483558655,0.44752317667007446,0.0,0.30676427483558655,0.0001,1e-05,50.327,4.8887,3.5206
2299,stage2,0,0.23739777505397797,0.3934793770313263,0.0,0.23739777505397797,0.0001,1e-05,50.327,3.0265,0.9911
2300,stage2,0,0.24300266802310944,0.3800463378429413,0.0,0.24300266802310944,0.0001,1e-05,50.325,2.8479,0.6413
2301,stage2,0,0.26658523082733154,0.41740065813064575,0.0,0.26658523082733154,0.0001,1e-05,50.324,3.7394,0.6426
2302,stage2,0,0.2507212460041046,0.40392646193504333,0.0,0.2507212460041046,0.0001,1e-05,50.327,3.5497,0.7011
2303,stage2,0,0.24715346097946167,0.4062034487724304,0.0,0.24715346097946167,0.0001,1e-05,50.324,3.4896,0.6401
2304,stage2,0,0.2520264685153961,0.40342655777931213,0.0,0.2520264685153961,0.0001,1e-05,50.324,3.2256,0.6459
2305,stage2,0,0.2415974885225296,0.40186336636543274,0.0,0.2415974885225296,0.0001,1e-05,50.328,3.9456,0.6439
2306,stage2,0,0.28112509846687317,0.3980265259742737,0.0,0.28112509846687317,0.0001,1e-05,50.329,4.127,3.5102
2307,stage2,0,0.2893012464046478,0.4405524432659149,0.0,0.2893012464046478,0.0001,1e-05,50.324,3.2345,1.0677
2308,stage2,0,0.23715922236442566,0.4242478907108307,0.0,0.23715922236442566,0.0001,1e-05,50.324,3.354,0.6433
2309,stage2,0,0.24151477217674255,0.42767372727394104,0.0,0.24151477217674255,0.0001,1e-05,50.33,3.3385,0.6439
2310,stage2,0,0.27596357464790344,0.41621163487434387,0.0,0.27596357464790344,0.0001,1e-05,50.327,4.3188,0.6441
2311,stage2,0,0.2380700409412384,0.42732706665992737,0.0,0.2380700409412384,0.0001,1e-05,50.329,4.2326,0.7043
2312,stage2,0,0.31110525131225586,0.4675564169883728,0.0,0.31110525131225586,0.0001,1e-05,50.33,4.0669,0.6428
2313,stage2,0,0.23761723935604095,0.4020160436630249,0.0,0.23761723935604095,0.0001,1e-05,50.327,4.0171,0.6457
2314,stage2,0,0.26379820704460144,0.41654279828071594,0.0,0.26379820704460144,0.0001,1e-05,50.325,4.0849,3.3757
2315,stage2,0,0.24523977935314178,0.4281323254108429,0.0,0.24523977935314178,0.0001,1e-05,50.328,3.9828,1.2021
2316,stage2,0,0.2616691291332245,0.44035688042640686,0.0,0.2616691291332245,0.0001,1e-05,50.328,3.5512,0.6415
2317,stage2,0,0.2505436837673187,0.4258638918399811,0.0,0.2505436837673187,0.0001,1e-05,50.331,3.7569,0.6944
2318,stage2,0,0.1893063485622406,0.3764415681362152,0.0,0.1893063485622406,0.0001,1e-05,50.327,3.463,0.6428
2319,stage2,0,0.2752722203731537,0.4185023009777069,0.0,0.2752722203731537,0.0001,1e-05,50.328,3.3572,0.6386
2320,stage2,0,0.24149090051651,0.42931804060935974,0.0,0.24149090051651,0.0001,1e-05,50.325,4.1002,0.6656
2321,stage2,0,0.23216325044631958,0.40628039836883545,0.0,0.23216325044631958,0.0001,1e-05,50.328,3.8208,0.6387
2322,stage2,0,0.23551931977272034,0.43220049142837524,0.0,0.23551931977272034,0.0001,1e-05,50.324,3.8153,3.3975
2323,stage2,0,0.27450406551361084,0.4176134765148163,0.0,0.27450406551361084,0.0001,1e-05,50.329,4.5377,1.0757
2324,stage2,0,0.2551184594631195,0.3980346918106079,0.0,0.2551184594631195,0.0001,1e-05,50.329,4.5643,0.6417
2325,stage2,0,0.2141440510749817,0.40528959035873413,0.0,0.2141440510749817,0.0001,1e-05,50.324,3.8222,0.6426
2326,stage2,0,0.20744125545024872,0.3882264196872711,0.0,0.20744125545024872,0.0001,1e-05,50.327,2.6734,0.6432
2327,stage2,0,0.24845324456691742,0.4254603087902069,0.0,0.24845324456691742,0.0001,1e-05,50.329,3.3761,0.694
2328,stage2,0,0.22905847430229187,0.4027455747127533,0.0,0.22905847430229187,0.0001,1e-05,50.326,3.6441,0.6487
2329,stage2,0,0.2440824955701828,0.4291101098060608,0.0,0.2440824955701828,0.0001,1e-05,50.329,4.264,0.6512
2330,stage2,0,0.23121604323387146,0.41143956780433655,0.0,0.23121604323387146,0.0001,1e-05,50.327,4.1133,3.5036
2331,stage2,0,0.2330290824174881,0.43295255303382874,0.0,0.2330290824174881,0.0001,1e-05,50.327,3.5827,1.1147
2332,stage2,0,0.22987638413906097,0.3946918547153473,0.0,0.22987638413906097,0.0001,1e-05,50.326,2.6775,0.643
2333,stage2,0,0.25335264205932617,0.4140506684780121,0.0,0.25335264205932617,0.0001,1e-05,50.332,3.7693,0.6447
2334,stage2,0,0.25118619203567505,0.4004374146461487,0.0,0.25118619203567505,0.0001,1e-05,50.322,3.6099,0.6442
2335,stage2,0,0.22077946364879608,0.3900819718837738,0.0,0.22077946364879608,0.0001,1e-05,50.323,3.2405,0.6629
2336,stage2,0,0.22134557366371155,0.43588870763778687,0.0,0.22134557366371155,0.0001,1e-05,50.328,3.5639,0.6776
2337,stage2,0,0.23514695465564728,0.37571877241134644,0.0,0.23514695465564728,0.0001,1e-05,50.323,3.9421,0.6448
2338,stage2,0,0.25075477361679077,0.41205793619155884,0.0,0.25075477361679077,0.0001,1e-05,50.33,3.4675,3.3052
2339,stage2,0,0.2332727015018463,0.39736199378967285,0.0,0.2332727015018463,0.0001,1e-05,50.326,3.4265,1.16
2340,stage2,0,0.23455360531806946,0.42479023337364197,0.0,0.23455360531806946,0.0001,1e-05,50.327,4.8045,0.6425
2341,stage2,0,0.23485659062862396,0.42423582077026367,0.0,0.23485659062862396,0.0001,1e-05,50.323,4.2791,0.664
2342,stage2,0,0.2443520873785019,0.4104054570198059,0.0,0.2443520873785019,0.0001,1e-05,50.327,3.4374,0.6741
2343,stage2,0,0.24947386980056763,0.42927226424217224,0.0,0.24947386980056763,0.0001,1e-05,50.329,3.3047,0.6439
2344,stage2,0,0.23912400007247925,0.4219854474067688,0.0,0.23912400007247925,0.0001,1e-05,50.329,3.7086,0.6484
2345,stage2,0,0.2699024975299835,0.4298223555088043,0.0,0.2699024975299835,0.0001,1e-05,50.325,4.277,0.6455
2346,stage2,0,0.25544336438179016,0.4182316064834595,0.0,0.25544336438179016,0.0001,1e-05,50.327,4.718,3.3278
2347,stage2,0,0.22596608102321625,0.4225592613220215,0.0,0.22596608102321625,0.0001,1e-05,50.333,3.3196,1.3491
2348,stage2,0,0.24787108600139618,0.4002532958984375,0.0,0.24787108600139618,0.0001,1e-05,50.327,4.1478,0.6434
2349,stage2,0,0.2381071001291275,0.3984502851963043,0.0,0.2381071001291275,0.0001,1e-05,50.327,4.0822,0.6419
2350,stage2,0,0.2626207172870636,0.4211648404598236,0.0,0.2626207172870636,0.0001,1e-05,50.328,3.3257,0.6447
2351,stage2,0,0.28433161973953247,0.41342756152153015,0.0,0.28433161973953247,0.0001,1e-05,50.324,4.287,0.6983
2352,stage2,0,0.23234224319458008,0.38446956872940063,0.0,0.23234224319458008,0.0001,1e-05,50.327,3.6586,0.6437
2353,stage2,0,0.24277262389659882,0.4254571199417114,0.0,0.24277262389659882,0.0001,1e-05,50.33,3.4911,0.6459
2354,stage2,0,0.23020850121974945,0.3868865668773651,0.0,0.23020850121974945,0.0001,1e-05,50.328,3.9427,3.4495
2355,stage2,0,0.22921767830848694,0.3810521364212036,0.0,0.22921767830848694,0.0001,1e-05,50.327,3.7775,1.345
2356,stage2,0,0.2392691969871521,0.4294198751449585,0.0,0.2392691969871521,0.0001,1e-05,50.328,3.3746,0.7016
2357,stage2,0,0.21993951499462128,0.40192463994026184,0.0,0.21993951499462128,0.0001,1e-05,50.326,3.5279,0.6418
2358,stage2,0,0.32401564717292786,0.42605775594711304,0.0,0.32401564717292786,0.0001,1e-05,50.326,5.0302,0.6439
2359,stage2,0,0.2539063096046448,0.3918609321117401,0.0,0.2539063096046448,0.0001,1e-05,50.328,3.0647,0.6491
2360,stage2,0,0.23828807473182678,0.4059689939022064,0.0,0.23828807473182678,0.0001,1e-05,50.33,3.706,0.6501
2361,stage2,0,0.23839803040027618,0.4126676321029663,0.0,0.23839803040027618,0.0001,1e-05,50.328,4.0733,0.6991
2362,stage2,0,0.2504696249961853,0.4513162076473236,0.0,0.2504696249961853,0.0001,1e-05,50.328,4.2558,3.2245
2363,stage2,0,0.25054749846458435,0.41980230808258057,0.0,0.25054749846458435,0.0001,1e-05,50.332,4.204,1.1908
2364,stage2,0,0.2287888079881668,0.41541609168052673,0.0,0.2287888079881668,0.0001,1e-05,50.329,4.0846,0.6424
2365,stage2,0,0.27002856135368347,0.41603749990463257,0.0,0.27002856135368347,0.0001,1e-05,50.331,4.2362,0.6422
2366,stage2,0,0.23243430256843567,0.3977530300617218,0.0,0.23243430256843567,0.0001,1e-05,50.329,3.6074,0.6977
2367,stage2,0,0.2560289204120636,0.44183263182640076,0.0,0.2560289204120636,0.0001,1e-05,50.329,3.6243,0.6613
2368,stage2,0,0.21303358674049377,0.39036113023757935,0.0,0.21303358674049377,0.0001,1e-05,50.327,3.4254,0.6434
2369,stage2,0,0.22059045732021332,0.4117387533187866,0.0,0.22059045732021332,0.0001,1e-05,50.332,3.5589,0.6666
2370,stage2,0,0.2558628022670746,0.4082350432872772,0.0,0.2558628022670746,0.0001,1e-05,50.328,3.495,3.3538
2371,stage2,0,0.24724788963794708,0.43171727657318115,0.0,0.24724788963794708,0.0001,1e-05,50.328,4.1226,1.1844
2372,stage2,0,0.28044891357421875,0.4097076952457428,0.0,0.28044891357421875,0.0001,1e-05,50.331,3.9384,0.6377
2373,stage2,0,0.2205905318260193,0.41059261560440063,0.0,0.2205905318260193,0.0001,1e-05,50.331,3.2475,0.6663
2374,stage2,0,0.2241741269826889,0.4167409837245941,0.0,0.2241741269826889,0.0001,1e-05,50.329,3.558,0.6496
2375,stage2,0,0.1981772482395172,0.41400837898254395,0.0,0.1981772482395172,0.0001,1e-05,50.33,2.9324,0.7104
2376,stage2,0,0.25368791818618774,0.42116522789001465,0.0,0.25368791818618774,0.0001,1e-05,50.328,4.3361,0.6476
2377,stage2,0,0.2480677366256714,0.40391722321510315,0.0,0.2480677366256714,0.0001,1e-05,50.33,3.5739,0.6466
2378,stage2,0,0.23500990867614746,0.3884870111942291,0.0,0.23500990867614746,0.0001,1e-05,50.33,4.0055,3.2134
2379,stage2,0,0.2807762920856476,0.4189089238643646,0.0,0.2807762920856476,0.0001,1e-05,50.327,4.5765,1.3985
2380,stage2,0,0.2525956928730011,0.40503618121147156,0.0,0.2525956928730011,0.0001,1e-05,50.329,4.4496,0.6502
2381,stage2,0,0.21971166133880615,0.3868710398674011,0.0,0.21971166133880615,0.0001,1e-05,50.325,3.5634,0.6452
2382,stage2,0,0.21345561742782593,0.40618154406547546,0.0,0.21345561742782593,0.0001,1e-05,50.329,2.8099,0.6481
2383,stage2,0,0.32323625683784485,0.42104610800743103,0.0,0.32323625683784485,0.0001,1e-05,50.326,5.2875,0.6451
2384,stage2,0,0.2629837393760681,0.4360286593437195,0.0,0.2629837393760681,0.0001,1e-05,50.33,4.0406,0.7067
2385,stage2,0,0.2126254439353943,0.41797149181365967,0.0,0.2126254439353943,0.0001,1e-05,50.328,3.6981,0.6432
2386,stage2,0,0.2714390158653259,0.45091575384140015,0.0,0.2714390158653259,0.0001,1e-05,50.33,4.5274,3.1464
2387,stage2,0,0.24302992224693298,0.412548303604126,0.0,0.24302992224693298,0.0001,1e-05,50.329,3.6725,1.3165
2388,stage2,0,0.24432703852653503,0.39476466178894043,0.0,0.24432703852653503,0.0001,1e-05,50.327,4.4124,0.698
2389,stage2,0,0.23370963335037231,0.40827199816703796,0.0,0.23370963335037231,0.0001,1e-05,50.327,4.0284,0.6423
2390,stage2,0,0.21630719304084778,0.42203351855278015,0.0,0.21630719304084778,0.0001,1e-05,50.328,3.8513,0.644
2391,stage2,0,0.2523512840270996,0.4162992835044861,0.0,0.2523512840270996,0.0001,1e-05,50.328,5.5761,0.6438
2392,stage2,0,0.2093043476343155,0.3990674316883087,0.0,0.2093043476343155,0.0001,1e-05,50.327,3.6769,0.6453
2393,stage2,0,0.20121997594833374,0.39574098587036133,0.0,0.20121997594833374,0.0001,1e-05,50.327,3.2932,0.6465
2394,stage2,0,0.22486324608325958,0.40444692969322205,0.0,0.22486324608325958,0.0001,1e-05,50.333,3.4703,3.1197
2395,stage2,0,0.266146183013916,0.4200745224952698,0.0,0.266146183013916,0.0001,1e-05,50.327,4.259,1.4108
2396,stage2,0,0.2454078048467636,0.41359567642211914,0.0,0.2454078048467636,0.0001,1e-05,50.328,4.9351,0.6423
2397,stage2,0,0.23338018357753754,0.39618080854415894,0.0,0.23338018357753754,0.0001,1e-05,50.327,4.0911,0.643
2398,stage2,0,0.2669617235660553,0.4148141145706177,0.0,0.2669617235660553,0.0001,1e-05,50.33,3.7404,0.6485
2399,stage2,0,0.22125950455665588,0.44537219405174255,0.0,0.22125950455665588,0.0001,1e-05,50.329,3.7577,0.6387
2400,stage2,0,0.24413780868053436,0.39036890864372253,0.0,0.24413780868053436,0.0001,1e-05,50.33,3.8161,0.6657
2401,stage2,0,0.2574116289615631,0.40098679065704346,0.0,0.2574116289615631,0.0001,1e-05,50.325,4.5091,0.6371
2402,stage2,0,0.2469753921031952,0.4036186933517456,0.0,0.2469753921031952,0.0001,1e-05,50.327,3.6909,3.2048
2403,stage2,0,0.2394493669271469,0.3843195140361786,0.0,0.2394493669271469,0.0001,1e-05,50.332,3.8177,1.4329
2404,stage2,0,0.16819478571414948,0.37366223335266113,0.0,0.16819478571414948,0.0001,1e-05,50.329,3.0872,0.6424
2405,stage2,0,0.24787013232707977,0.4008294939994812,0.0,0.24787013232707977,0.0001,1e-05,50.333,3.507,0.6656
2406,stage2,0,0.23106911778450012,0.412822425365448,0.0,0.23106911778450012,0.0001,1e-05,50.331,3.5275,0.637
2407,stage2,0,0.27674874663352966,0.43200111389160156,0.0,0.27674874663352966,0.0001,1e-05,50.33,3.8126,0.7281
2408,stage2,0,0.24424487352371216,0.41537365317344666,0.0,0.24424487352371216,0.0001,1e-05,50.329,4.0733,0.6373
2409,stage2,0,0.19961021840572357,0.37043291330337524,0.0,0.19961021840572357,0.0001,1e-05,50.33,3.1146,0.6453
2410,stage2,0,0.21416541934013367,0.4035393297672272,0.0,0.21416541934013367,0.0001,1e-05,50.331,3.4769,3.0988
2411,stage2,0,0.23069225251674652,0.39917317032814026,0.0,0.23069225251674652,0.0001,1e-05,50.333,3.5022,1.434
2412,stage2,0,0.22581759095191956,0.3870462477207184,0.0,0.22581759095191956,0.0001,1e-05,50.329,4.5046,0.6979
2413,stage2,0,0.2327612191438675,0.3952586352825165,0.0,0.2327612191438675,0.0001,1e-05,50.334,4.1606,0.6476
2414,stage2,0,0.2034703493118286,0.3689931035041809,0.0,0.2034703493118286,0.0001,1e-05,50.331,2.8749,0.6443
2415,stage2,0,0.21756745874881744,0.41648778319358826,0.0,0.21756745874881744,0.0001,1e-05,50.332,3.2776,0.6504
2416,stage2,0,0.20677103102207184,0.37149012088775635,0.0,0.20677103102207184,0.0001,1e-05,50.331,3.1501,0.6449
2417,stage2,0,0.21053393185138702,0.38696059584617615,0.0,0.21053393185138702,0.0001,1e-05,50.333,3.7382,0.6989
2418,stage2,0,0.24186217784881592,0.4044421315193176,0.0,0.24186217784881592,0.0001,1e-05,50.328,4.5924,3.1001
2419,stage2,0,0.24447882175445557,0.39442533254623413,0.0,0.24447882175445557,0.0001,1e-05,50.325,4.0478,1.4305
2420,stage2,0,0.2224571853876114,0.414032906293869,0.0,0.2224571853876114,0.0001,1e-05,50.332,3.5413,0.643
2421,stage2,0,0.25344929099082947,0.4223770499229431,0.0,0.25344929099082947,0.0001,1e-05,50.331,4.4356,0.7035
2422,stage2,0,0.24652372300624847,0.44426023960113525,0.0,0.24652372300624847,0.0001,1e-05,50.332,3.3499,0.6494
2423,stage2,0,0.24195954203605652,0.39707300066947937,0.0,0.24195954203605652,0.0001,1e-05,50.332,5.0068,0.6447
2424,stage2,0,0.21943829953670502,0.4463506042957306,0.0,0.21943829953670502,0.0001,1e-05,50.33,4.0185,0.644
2425,stage2,0,0.24168530106544495,0.39762938022613525,0.0,0.24168530106544495,0.0001,1e-05,50.331,3.1546,0.6501
2426,stage2,0,0.20714068412780762,0.37929269671440125,0.0,0.20714068412780762,0.0001,1e-05,50.329,3.2086,3.1568
2427,stage2,0,0.24189847707748413,0.4110492765903473,0.0,0.24189847707748413,0.0001,1e-05,50.329,3.8674,1.387
2428,stage2,0,0.26089540123939514,0.3981626033782959,0.0,0.26089540123939514,0.0001,1e-05,50.331,3.555,0.642
2429,stage2,0,0.24226009845733643,0.4079321026802063,0.0,0.24226009845733643,0.0001,1e-05,50.329,4.0577,0.6442
2430,stage2,0,0.24883706867694855,0.44367870688438416,0.0,0.24883706867694855,0.0001,1e-05,50.331,4.1166,0.6443
2431,stage2,0,0.24705295264720917,0.3945695161819458,0.0,0.24705295264720917,0.0001,1e-05,50.329,3.8756,0.646
2432,stage2,0,0.2581874132156372,0.3989361822605133,0.0,0.2581874132156372,0.0001,1e-05,50.323,3.9883,0.7042
2433,stage2,0,0.20665335655212402,0.4085012674331665,0.0,0.20665335655212402,0.0001,1e-05,50.331,2.9067,0.6493
2434,stage2,0,0.22415968775749207,0.4015694558620453,0.0,0.22415968775749207,0.0001,1e-05,50.331,3.8821,3.2088
2435,stage2,0,0.2634563744068146,0.40863415598869324,0.0,0.2634563744068146,0.0001,1e-05,50.325,5.0986,1.3129
2436,stage2,0,0.19756676256656647,0.3867102265357971,0.0,0.19756676256656647,0.0001,1e-05,50.326,3.41,0.698
2437,stage2,0,0.23001277446746826,0.4200798273086548,0.0,0.23001277446746826,0.0001,1e-05,50.326,3.0469,0.6416
2438,stage2,0,0.242860808968544,0.3885394036769867,0.0,0.242860808968544,0.0001,1e-05,50.33,3.948,0.645
2439,stage2,0,0.2641916573047638,0.432182252407074,0.0,0.2641916573047638,0.0001,1e-05,50.329,4.7216,0.6449
2440,stage2,0,0.20220063626766205,0.4293942153453827,0.0,0.20220063626766205,0.0001,1e-05,50.325,3.5383,0.6446
2441,stage2,0,0.2247864305973053,0.395195871591568,0.0,0.2247864305973053,0.0001,1e-05,50.33,3.7764,0.7001
2442,stage2,0,0.23182886838912964,0.4032387435436249,0.0,0.23182886838912964,0.0001,1e-05,50.328,3.8079,3.1629
2443,stage2,0,0.21119791269302368,0.40292200446128845,0.0,0.21119791269302368,0.0001,1e-05,50.33,4.1404,1.2704
2444,stage2,0,0.19761760532855988,0.36966177821159363,0.0,0.19761760532855988,0.0001,1e-05,50.329,3.623,0.6439
2445,stage2,0,0.23681744933128357,0.40115177631378174,0.0,0.23681744933128357,0.0001,1e-05,50.328,4.023,0.645
2446,stage2,0,0.19931724667549133,0.4140816926956177,0.0,0.19931724667549133,0.0001,1e-05,50.327,3.5781,0.6439
2447,stage2,0,0.3091053366661072,0.4467847943305969,0.0,0.3091053366661072,0.0001,1e-05,50.334,4.9413,0.7001
2448,stage2,0,0.25348636507987976,0.4046391546726227,0.0,0.25348636507987976,0.0001,1e-05,50.327,3.8968,0.6436
2449,stage2,0,0.21678051352500916,0.4024999439716339,0.0,0.21678051352500916,0.0001,1e-05,50.33,3.3406,0.6445
2450,stage2,0,0.27572399377822876,0.43503424525260925,0.0,0.27572399377822876,0.0001,1e-05,50.332,3.7624,3.1964
2451,stage2,0,0.21031081676483154,0.4067675769329071,0.0,0.21031081676483154,0.0001,1e-05,50.325,3.9629,1.3565
2452,stage2,0,0.23069293797016144,0.4142962098121643,0.0,0.23069293797016144,0.0001,1e-05,50.327,4.1539,0.6434
2453,stage2,0,0.2269701212644577,0.42066285014152527,0.0,0.2269701212644577,0.0001,1e-05,50.328,4.2362,0.6976
2454,stage2,0,0.2263738065958023,0.40087077021598816,0.0,0.2263738065958023,0.0001,1e-05,50.329,3.7079,0.6433
2455,stage2,0,0.23462948203086853,0.42624151706695557,0.0,0.23462948203086853,0.0001,1e-05,50.323,4.2861,0.6439
2456,stage2,0,0.23231720924377441,0.40979060530662537,0.0,0.23231720924377441,0.0001,1e-05,50.327,4.4204,0.6436
2457,stage2,0,0.22147025167942047,0.38758736848831177,0.0,0.22147025167942047,0.0001,1e-05,50.327,4.4748,0.6607
2458,stage2,0,0.22613373398780823,0.39523938298225403,0.0,0.22613373398780823,0.0001,1e-05,50.327,3.217,3.1485
2459,stage2,0,0.248132586479187,0.42122337222099304,0.0,0.248132586479187,0.0001,1e-05,50.333,3.8164,1.4239
2460,stage2,0,0.25304433703422546,0.42438673973083496,0.0,0.25304433703422546,0.0001,1e-05,50.326,4.0516,0.6431
2461,stage2,0,0.22890737652778625,0.413889616727829,0.0,0.22890737652778625,0.0001,1e-05,50.328,4.3387,0.6436
2462,stage2,0,0.23299960792064667,0.41326627135276794,0.0,0.23299960792064667,0.0001,1e-05,50.327,3.7517,0.6433
2463,stage2,0,0.2544983923435211,0.38916638493537903,0.0,0.2544983923435211,0.0001,1e-05,50.331,4.784,0.6447
2464,stage2,0,0.28952109813690186,0.4280320107936859,0.0,0.28952109813690186,0.0001,1e-05,50.331,4.1854,0.7014
2465,stage2,0,0.2379848062992096,0.3999447226524353,0.0,0.2379848062992096,0.0001,1e-05,50.33,4.2237,0.6478
2466,stage2,0,0.22458577156066895,0.4024190604686737,0.0,0.22458577156066895,0.0001,1e-05,50.327,3.8236,3.1438
2467,stage2,0,0.1969831883907318,0.3820747137069702,0.0,0.1969831883907318,0.0001,1e-05,50.329,3.7323,1.4226
2468,stage2,0,0.2268819361925125,0.39866143465042114,0.0,0.2268819361925125,0.0001,1e-05,50.331,3.4538,0.6778
2469,stage2,0,0.3025960326194763,0.4281988739967346,0.0,0.3025960326194763,0.0001,1e-05,50.33,4.0375,0.668
2470,stage2,0,0.27160829305648804,0.41447073221206665,0.0,0.27160829305648804,0.0001,1e-05,50.329,4.5287,0.6541
2471,stage2,0,0.2274351716041565,0.4183809757232666,0.0,0.2274351716041565,0.0001,1e-05,50.33,4.5331,0.6447
2472,stage2,0,0.21289990842342377,0.4256956875324249,0.0,0.21289990842342377,0.0001,1e-05,50.328,3.435,0.6445
2473,stage2,0,0.2520909309387207,0.4116152822971344,0.0,0.2520909309387207,0.0001,1e-05,50.326,3.939,0.6902
2474,stage2,0,0.19373886287212372,0.36985862255096436,0.0,0.19373886287212372,0.0001,1e-05,50.331,3.1398,3.0912
2475,stage2,0,0.2074427306652069,0.3874397873878479,0.0,0.2074427306652069,0.0001,1e-05,50.332,3.6384,1.4137
2476,stage2,0,0.2801586389541626,0.4361959993839264,0.0,0.2801586389541626,0.0001,1e-05,50.333,3.7295,0.6446
2477,stage2,0,0.23062539100646973,0.4034472107887268,0.0,0.23062539100646973,0.0001,1e-05,50.331,3.7798,0.6444
2478,stage2,0,0.1713799089193344,0.3823571801185608,0.0,0.1713799089193344,0.0001,1e-05,50.328,2.8866,0.645
2479,stage2,0,0.23569664359092712,0.4013635814189911,0.0,0.23569664359092712,0.0001,1e-05,50.325,3.89,0.6794
2480,stage2,0,0.23968148231506348,0.4438250660896301,0.0,0.23968148231506348,0.0001,1e-05,50.327,4.8356,0.6635
2481,stage2,0,0.2222985178232193,0.405707985162735,0.0,0.2222985178232193,0.0001,1e-05,50.327,3.1484,0.6452
2482,stage2,0,0.21268720924854279,0.4062615633010864,0.0,0.21268720924854279,0.0001,1e-05,50.323,3.4372,3.1822
2483,stage2,0,0.19547396898269653,0.3777520954608917,0.0,0.19547396898269653,0.0001,1e-05,50.331,3.6583,1.275
2484,stage2,0,0.16490082442760468,0.3477805256843567,0.0,0.16490082442760468,0.0001,1e-05,50.327,2.8372,0.644
2485,stage2,0,0.21550603210926056,0.38636818528175354,0.0,0.21550603210926056,0.0001,1e-05,50.327,3.5065,0.6999
2486,stage2,0,0.20073367655277252,0.36448419094085693,0.0,0.20073367655277252,0.0001,1e-05,50.33,2.9105,0.6409
2487,stage2,0,0.2250722199678421,0.3733135759830475,0.0,0.2250722199678421,0.0001,1e-05,50.325,3.3698,0.6438
2488,stage2,0,0.2353426218032837,0.39087021350860596,0.0,0.2353426218032837,0.0001,1e-05,50.329,3.5645,0.6438
2489,stage2,0,0.2158089131116867,0.4003104269504547,0.0,0.2158089131116867,0.0001,1e-05,50.328,3.1606,0.6381
2490,stage2,0,0.22907023131847382,0.38116782903671265,0.0,0.22907023131847382,0.0001,1e-05,50.329,3.76,3.3311
2491,stage2,0,0.22782741487026215,0.3978499174118042,0.0,0.22782741487026215,0.0001,1e-05,50.328,3.9231,1.4257
2492,stage2,0,0.22197945415973663,0.3792889714241028,0.0,0.22197945415973663,0.0001,1e-05,50.328,3.1984,0.6599
2493,stage2,0,0.22855262458324432,0.4217212498188019,0.0,0.22855262458324432,0.0001,1e-05,50.325,3.7103,0.7124
2494,stage2,0,0.2527657151222229,0.40487727522850037,0.0,0.2527657151222229,0.0001,1e-05,50.325,3.6523,0.6354
2495,stage2,0,0.21510198712348938,0.39906981587409973,0.0,0.21510198712348938,0.0001,1e-05,50.323,3.7748,0.6662
2496,stage2,0,0.24902313947677612,0.4004259705543518,0.0,0.24902313947677612,0.0001,1e-05,50.325,4.1099,0.6642
2497,stage2,0,0.22912949323654175,0.38461560010910034,0.0,0.22912949323654175,0.0001,1e-05,50.328,3.5549,0.7071
2498,stage2,0,0.288526326417923,0.4389480948448181,0.0,0.288526326417923,0.0001,1e-05,50.327,3.8172,3.1389
2499,stage2,0,0.23165838420391083,0.4129302203655243,0.0,0.23165838420391083,0.0001,1e-05,50.327,4.3982,1.5186
2500,stage2,0,0.23490016162395477,0.3828052878379822,0.0,0.23490016162395477,0.0001,1e-05,50.328,3.619,0.658
2501,stage2,0,0.24835076928138733,0.41509318351745605,0.0,0.24835076928138733,0.0001,1e-05,50.328,4.0447,0.715
2502,stage2,0,0.26048544049263,0.40216702222824097,0.0,0.26048544049263,0.0001,1e-05,50.327,4.5804,0.6531
2503,stage2,0,0.21609830856323242,0.42377105355262756,0.0,0.21609830856323242,0.0001,1e-05,50.324,3.636,0.7173
2504,stage2,0,0.23722711205482483,0.408077597618103,0.0,0.23722711205482483,0.0001,1e-05,50.328,4.3889,0.6514
2505,stage2,0,0.22905266284942627,0.3861490786075592,0.0,0.22905266284942627,0.0001,1e-05,50.327,3.4641,0.6885
2506,stage2,0,0.2640256881713867,0.43422049283981323,0.0,0.2640256881713867,0.0001,1e-05,50.326,4.5074,3.1957
2507,stage2,0,0.23398740589618683,0.3951769471168518,0.0,0.23398740589618683,0.0001,1e-05,50.324,4.0453,1.5021
2508,stage2,0,0.21988049149513245,0.39525294303894043,0.0,0.21988049149513245,0.0001,1e-05,50.327,3.44,0.6535
2509,stage2,0,0.22603952884674072,0.3791009783744812,0.0,0.22603952884674072,0.0001,1e-05,50.328,4.3582,0.7108
2510,stage2,0,0.21890972554683685,0.40145954489707947,0.0,0.21890972554683685,0.0001,1e-05,50.328,3.5712,0.6546
2511,stage2,0,0.22755469381809235,0.4171043634414673,0.0,0.22755469381809235,0.0001,1e-05,50.326,3.457,0.6692
2512,stage2,0,0.2731194794178009,0.41810789704322815,0.0,0.2731194794178009,0.0001,1e-05,50.323,5.4483,0.6963
2513,stage2,0,0.25816911458969116,0.396454781293869,0.0,0.25816911458969116,0.0001,1e-05,50.33,3.9619,0.6515
2514,stage2,0,0.23745544254779816,0.4191843271255493,0.0,0.23745544254779816,0.0001,1e-05,50.33,4.3016,3.1202
2515,stage2,0,0.19547083973884583,0.4088713228702545,0.0,0.19547083973884583,0.0001,1e-05,50.326,4.3289,1.5428
2516,stage2,0,0.1814340353012085,0.40088319778442383,0.0,0.1814340353012085,0.0001,1e-05,50.323,2.9174,0.7096
2517,stage2,0,0.24986007809638977,0.409486323595047,0.0,0.24986007809638977,0.0001,1e-05,50.32,4.8713,0.6561
2518,stage2,0,0.21453459560871124,0.39888903498649597,0.0,0.21453459560871124,0.0001,1e-05,50.326,3.8149,0.7274
2519,stage2,0,0.25276467204093933,0.4343317449092865,0.0,0.25276467204093933,0.0001,1e-05,50.326,5.0817,0.6636
2520,stage2,0,0.2505154609680176,0.4154399633407593,0.0,0.2505154609680176,0.0001,1e-05,50.328,3.7785,0.7249
2521,stage2,0,0.20778466761112213,0.401400089263916,0.0,0.20778466761112213,0.0001,1e-05,50.326,3.7709,0.6596
2522,stage2,0,0.2199559509754181,0.4349951148033142,0.0,0.2199559509754181,0.0001,1e-05,50.324,4.0576,3.1102
2523,stage2,0,0.27725690603256226,0.43295085430145264,0.0,0.27725690603256226,0.0001,1e-05,50.327,4.5591,1.5164
2524,stage2,0,0.17583350837230682,0.372602641582489,0.0,0.17583350837230682,0.0001,1e-05,50.325,2.8283,0.6681
2525,stage2,0,0.22087131440639496,0.3880433142185211,0.0,0.22087131440639496,0.0001,1e-05,50.322,3.8233,0.6604
2526,stage2,0,0.21947014331817627,0.3965619206428528,0.0,0.21947014331817627,0.0001,1e-05,50.324,3.2145,0.7081
2527,stage2,0,0.22543799877166748,0.3831346333026886,0.0,0.22543799877166748,0.0001,1e-05,50.323,3.9587,0.6702
2528,stage2,0,0.2744258940219879,0.4138110876083374,0.0,0.2744258940219879,0.0001,1e-05,50.325,5.1549,0.7188
2529,stage2,0,0.25314757227897644,0.43382418155670166,0.0,0.25314757227897644,0.0001,1e-05,50.326,3.9982,0.66
2530,stage2,0,0.2551250755786896,0.43222302198410034,0.0,0.2551250755786896,0.0001,1e-05,50.322,4.5726,3.2169
2531,stage2,0,0.27068737149238586,0.4202342629432678,0.0,0.27068737149238586,0.0001,1e-05,50.323,4.5034,1.6268
2532,stage2,0,0.23514780402183533,0.4080333709716797,0.0,0.23514780402183533,0.0001,1e-05,50.327,4.0355,0.6582
2533,stage2,0,0.22723257541656494,0.4056611955165863,0.0,0.22723257541656494,0.0001,1e-05,50.322,4.5888,0.6388
2534,stage2,0,0.2286250740289688,0.4287595748901367,0.0,0.2286250740289688,0.0001,1e-05,50.323,4.2095,0.7255
2535,stage2,0,0.2314181923866272,0.3917457163333893,0.0,0.2314181923866272,0.0001,1e-05,50.326,3.3992,0.657
2536,stage2,0,0.2428058683872223,0.40950044989585876,0.0,0.2428058683872223,0.0001,1e-05,50.322,3.8905,0.7062
2537,stage2,0,0.2563173770904541,0.4063413739204407,0.0,0.2563173770904541,0.0001,1e-05,50.323,5.935,0.6655
2538,stage2,0,0.21779820322990417,0.3951609432697296,0.0,0.21779820322990417,0.0001,1e-05,50.327,3.7976,2.9915
2539,stage2,0,0.24981805682182312,0.4167245030403137,0.0,0.24981805682182312,0.0001,1e-05,50.327,4.2652,1.6568
2540,stage2,0,0.2212217152118683,0.40276429057121277,0.0,0.2212217152118683,0.0001,1e-05,50.324,4.6205,0.6544
2541,stage2,0,0.22732481360435486,0.42300155758857727,0.0,0.22732481360435486,0.0001,1e-05,50.327,5.4784,0.7176
2542,stage2,0,0.25715523958206177,0.40426141023635864,0.0,0.25715523958206177,0.0001,1e-05,50.328,4.0054,0.6541
2543,stage2,0,0.22480137646198273,0.3848409056663513,0.0,0.22480137646198273,0.0001,1e-05,50.327,3.661,0.6373
2544,stage2,0,0.26126033067703247,0.4179968237876892,0.0,0.26126033067703247,0.0001,1e-05,50.327,4.1954,0.6684
2545,stage2,0,0.23292382061481476,0.40048685669898987,0.0,0.23292382061481476,0.0001,1e-05,50.324,3.7308,0.6578
2546,stage2,0,0.2391287088394165,0.40609121322631836,0.0,0.2391287088394165,0.0001,1e-05,50.328,3.6719,3.0932
2547,stage2,0,0.21011891961097717,0.3923961818218231,0.0,0.21011891961097717,0.0001,1e-05,50.325,3.6926,1.4906
2548,stage2,0,0.22198233008384705,0.4013323485851288,0.0,0.22198233008384705,0.0001,1e-05,50.322,3.6386,0.6644
2549,stage2,0,0.26384618878364563,0.41150662302970886,0.0,0.26384618878364563,0.0001,1e-05,50.327,3.592,0.7087
2550,stage2,0,0.24274738132953644,0.41901499032974243,0.0,0.24274738132953644,0.0001,1e-05,50.324,4.1273,0.6596
2551,stage2,0,0.21814024448394775,0.4008091688156128,0.0,0.21814024448394775,0.0001,1e-05,50.325,3.4254,0.7059
2552,stage2,0,0.25332722067832947,0.4045674502849579,0.0,0.25332722067832947,0.0001,1e-05,50.327,3.256,0.6543
2553,stage2,0,0.2382623255252838,0.39472758769989014,0.0,0.2382623255252838,0.0001,1e-05,50.321,4.4728,0.7178
2554,stage2,0,0.20242111384868622,0.3716086447238922,0.0,0.20242111384868622,0.0001,1e-05,50.321,3.1317,2.9001
2555,stage2,0,0.22328485548496246,0.37535858154296875,0.0,0.22328485548496246,0.0001,1e-05,50.328,3.5401,1.5594
2556,stage2,0,0.22987547516822815,0.416487455368042,0.0,0.22987547516822815,0.0001,1e-05,50.33,4.2293,0.7132
2557,stage2,0,0.2541438341140747,0.4166196584701538,0.0,0.2541438341140747,0.0001,1e-05,50.324,4.0192,0.6357
2558,stage2,0,0.21331632137298584,0.3972182869911194,0.0,0.21331632137298584,0.0001,1e-05,50.325,4.067,0.6651
2559,stage2,0,0.24509835243225098,0.4335066080093384,0.0,0.24509835243225098,0.0001,1e-05,50.326,4.2614,0.6377
2560,stage2,0,0.19073569774627686,0.39126771688461304,0.0,0.19073569774627686,0.0001,1e-05,50.324,3.5319,0.7323
2561,stage2,0,0.2712983787059784,0.4599181115627289,0.0,0.2712983787059784,0.0001,1e-05,50.326,3.4219,0.6599
2562,stage2,0,0.21132983267307281,0.3994191586971283,0.0,0.21132983267307281,0.0001,1e-05,50.325,3.559,3.0596
2563,stage2,0,0.22571586072444916,0.40465572476387024,0.0,0.22571586072444916,0.0001,1e-05,50.323,5.0209,1.488
2564,stage2,0,0.21094904839992523,0.3808289170265198,0.0,0.21094904839992523,0.0001,1e-05,50.328,3.6675,0.6586
2565,stage2,0,0.2230714112520218,0.3749774098396301,0.0,0.2230714112520218,0.0001,1e-05,50.33,3.823,0.7101
2566,stage2,0,0.20676319301128387,0.4052068591117859,0.0,0.20676319301128387,0.0001,1e-05,50.324,3.7506,0.6559
2567,stage2,0,0.2609594762325287,0.40569669008255005,0.0,0.2609594762325287,0.0001,1e-05,50.326,3.8989,0.7172
2568,stage2,0,0.19829808175563812,0.42082712054252625,0.0,0.19829808175563812,0.0001,1e-05,50.326,3.3782,0.6356
2569,stage2,0,0.21772900223731995,0.4009368121623993,0.0,0.21772900223731995,0.0001,1e-05,50.324,3.699,0.6688
2570,stage2,0,0.2143392711877823,0.3928673565387726,0.0,0.2143392711877823,0.0001,1e-05,50.32,3.5295,3.0661
2571,stage2,0,0.2138020098209381,0.3998662531375885,0.0,0.2138020098209381,0.0001,1e-05,50.326,3.516,1.4716
2572,stage2,0,0.21419745683670044,0.4183504283428192,0.0,0.21419745683670044,0.0001,1e-05,50.327,3.0913,0.6689
2573,stage2,0,0.21028977632522583,0.39046695828437805,0.0,0.21028977632522583,0.0001,1e-05,50.325,3.7258,0.643
2574,stage2,0,0.23522643744945526,0.41171419620513916,0.0,0.23522643744945526,0.0001,1e-05,50.327,5.0751,0.7202
2575,stage2,0,0.21760036051273346,0.4221743941307068,0.0,0.21760036051273346,0.0001,1e-05,50.325,3.2502,0.6562
2576,stage2,0,0.20118199288845062,0.3986106514930725,0.0,0.20118199288845062,0.0001,1e-05,50.327,3.6767,0.7306
2577,stage2,0,0.22047503292560577,0.3875710070133209,0.0,0.22047503292560577,0.0001,1e-05,50.325,3.4834,0.6552
2578,stage2,0,0.24630513787269592,0.38982799649238586,0.0,0.24630513787269592,0.0001,1e-05,50.328,3.8348,3.0078
2579,stage2,0,0.22209621965885162,0.4375929832458496,0.0,0.22209621965885162,0.0001,1e-05,50.328,3.8847,1.6622
2580,stage2,0,0.19879339635372162,0.41132763028144836,0.0,0.19879339635372162,0.0001,1e-05,50.323,3.7026,0.6541
2581,stage2,0,0.19893455505371094,0.4332871735095978,0.0,0.19893455505371094,0.0001,1e-05,50.324,4.2237,0.7074
2582,stage2,0,0.23752020299434662,0.4142583906650543,0.0,0.23752020299434662,0.0001,1e-05,50.323,4.1144,0.6416
2583,stage2,0,0.24811816215515137,0.40310508012771606,0.0,0.24811816215515137,0.0001,1e-05,50.324,4.6311,0.6676
2584,stage2,0,0.20467427372932434,0.38288217782974243,0.0,0.20467427372932434,0.0001,1e-05,50.325,3.3826,0.6393
2585,stage2,0,0.20346719026565552,0.3806723654270172,0.0,0.20346719026565552,0.0001,1e-05,50.326,4.0084,0.7145
2586,stage2,0,0.24185986816883087,0.4080786406993866,0.0,0.24185986816883087,0.0001,1e-05,50.325,3.8967,3.046
2587,stage2,0,0.2459506392478943,0.39340588450431824,0.0,0.2459506392478943,0.0001,1e-05,50.326,4.7118,1.465
2588,stage2,0,0.20394651591777802,0.3835722506046295,0.0,0.20394651591777802,0.0001,1e-05,50.323,4.4863,0.71
2589,stage2,0,0.2499958723783493,0.3828250467777252,0.0,0.2499958723783493,0.0001,1e-05,50.326,4.1284,0.6563
2590,stage2,0,0.28066936135292053,0.42379796504974365,0.0,0.28066936135292053,0.0001,1e-05,50.326,4.7773,0.7225
2591,stage2,0,0.24924443662166595,0.4038756787776947,0.0,0.24924443662166595,0.0001,1e-05,50.324,4.6124,0.6758
2592,stage2,0,0.21659033000469208,0.38651564717292786,0.0,0.21659033000469208,0.0001,1e-05,50.324,4.3039,0.7224
2593,stage2,0,0.24820610880851746,0.3982301950454712,0.0,0.24820610880851746,0.0001,1e-05,50.327,4.8591,0.6605
2594,stage2,0,0.20317667722702026,0.3947586715221405,0.0,0.20317667722702026,0.0001,1e-05,50.328,4.0247,3.1571
2595,stage2,0,0.24602003395557404,0.39337435364723206,0.0,0.24602003395557404,0.0001,1e-05,50.326,4.1533,1.5546
2596,stage2,0,0.24518366158008575,0.4032093286514282,0.0,0.24518366158008575,0.0001,1e-05,50.326,5.1895,0.711
2597,stage2,0,0.23863528668880463,0.42647314071655273,0.0,0.23863528668880463,0.0001,1e-05,50.325,4.3481,0.6656
2598,stage2,0,0.21665841341018677,0.41321131587028503,0.0,0.21665841341018677,0.0001,1e-05,50.327,4.2163,0.7079
2599,stage2,0,0.2462920844554901,0.3987472653388977,0.0,0.2462920844554901,0.0001,1e-05,50.321,4.607,0.6633
2600,stage2,0,0.2203172892332077,0.3915160298347473,0.0,0.2203172892332077,0.0001,1e-05,50.328,3.2586,0.7141
2601,stage2,0,0.2307531237602234,0.39629870653152466,0.0,0.2307531237602234,0.0001,1e-05,50.323,3.54,0.6702
2602,stage2,0,0.30256083607673645,0.40856465697288513,0.0,0.30256083607673645,0.0001,1e-05,50.321,5.5168,2.9161
2603,stage2,0,0.19052942097187042,0.3761945366859436,0.0,0.19052942097187042,0.0001,1e-05,50.324,3.2759,1.6653
2604,stage2,0,0.2146022766828537,0.39639124274253845,0.0,0.2146022766828537,0.0001,1e-05,50.326,3.5402,0.7048
2605,stage2,0,0.2162778079509735,0.4115300476551056,0.0,0.2162778079509735,0.0001,1e-05,50.33,3.4678,0.6458
2606,stage2,0,0.1782396286725998,0.3784577548503876,0.0,0.1782396286725998,0.0001,1e-05,50.324,3.224,0.6449
2607,stage2,0,0.19411812722682953,0.39068326354026794,0.0,0.19411812722682953,0.0001,1e-05,50.325,3.3604,0.6455
2608,stage2,0,0.2034100741147995,0.39195770025253296,0.0,0.2034100741147995,0.0001,1e-05,50.327,3.3664,0.646
2609,stage2,0,0.22258254885673523,0.39875999093055725,0.0,0.22258254885673523,0.0001,1e-05,50.321,4.9986,0.6992
2610,stage2,0,0.2430354207754135,0.40880271792411804,0.0,0.2430354207754135,0.0001,1e-05,50.327,4.3927,2.8247
2611,stage2,0,0.20983096957206726,0.40399304032325745,0.0,0.20983096957206726,0.0001,1e-05,50.325,3.9758,1.6281
2612,stage2,0,0.20060189068317413,0.4048863351345062,0.0,0.20060189068317413,0.0001,1e-05,50.327,3.9522,0.6447
2613,stage2,0,0.21530252695083618,0.3919391334056854,0.0,0.21530252695083618,0.0001,1e-05,50.325,3.503,0.6447
2614,stage2,0,0.23540927469730377,0.38110119104385376,0.0,0.23540927469730377,0.0001,1e-05,50.328,3.3721,0.7014
2615,stage2,0,0.2109266221523285,0.40377283096313477,0.0,0.2109266221523285,0.0001,1e-05,50.324,3.7165,0.6524
2616,stage2,0,0.1907038688659668,0.4120374619960785,0.0,0.1907038688659668,0.0001,1e-05,50.326,3.8558,0.6457
2617,stage2,0,0.22489318251609802,0.4238207936286926,0.0,0.22489318251609802,0.0001,1e-05,50.326,3.6987,0.6476
2618,stage2,0,0.19908563792705536,0.39775192737579346,0.0,0.19908563792705536,0.0001,1e-05,50.323,3.6476,2.7527
2619,stage2,0,0.20707805454730988,0.4065893590450287,0.0,0.20707805454730988,0.0001,1e-05,50.327,3.5708,1.7881
2620,stage2,0,0.20812083780765533,0.413480669260025,0.0,0.20812083780765533,0.0001,1e-05,50.325,3.4381,0.645
2621,stage2,0,0.23496706783771515,0.3948555588722229,0.0,0.23496706783771515,0.0001,1e-05,50.326,3.1918,0.6464
2622,stage2,0,0.19082672894001007,0.40043196082115173,0.0,0.19082672894001007,0.0001,1e-05,50.325,3.3209,0.6463
2623,stage2,0,0.2577943801879883,0.3964010179042816,0.0,0.2577943801879883,0.0001,1e-05,50.326,5.4065,0.6386
2624,stage2,0,0.19627141952514648,0.3981938362121582,0.0,0.19627141952514648,0.0001,1e-05,50.328,3.2826,0.7188
2625,stage2,0,0.17364370822906494,0.38510367274284363,0.0,0.17364370822906494,0.0001,1e-05,50.327,3.405,0.6532
2626,stage2,0,0.18854732811450958,0.3845708668231964,0.0,0.18854732811450958,0.0001,1e-05,50.326,3.7819,2.7938
2627,stage2,0,0.2022315412759781,0.42723843455314636,0.0,0.2022315412759781,0.0001,1e-05,50.323,3.557,1.863
2628,stage2,0,0.19617913663387299,0.4001546800136566,0.0,0.19617913663387299,0.0001,1e-05,50.323,3.4929,0.6637
2629,stage2,0,0.24563853442668915,0.4093227982521057,0.0,0.24563853442668915,0.0001,1e-05,50.32,3.5294,0.6785
2630,stage2,0,0.23134596645832062,0.3992784321308136,0.0,0.23134596645832062,0.0001,1e-05,50.323,3.8245,0.6413
2631,stage2,0,0.18055318295955658,0.3863672912120819,0.0,0.18055318295955658,0.0001,1e-05,50.328,4.4428,0.6651
2632,stage2,0,0.20918036997318268,0.37438592314720154,0.0,0.20918036997318268,0.0001,1e-05,50.326,4.0488,0.6417
2633,stage2,0,0.1936909258365631,0.3922675848007202,0.0,0.1936909258365631,0.0001,1e-05,50.33,3.7923,0.6704
2634,stage2,0,0.22061966359615326,0.40612146258354187,0.0,0.22061966359615326,0.0001,1e-05,50.324,4.1794,2.5691
2635,stage2,0,0.20218630135059357,0.3730306625366211,0.0,0.20218630135059357,0.0001,1e-05,50.325,3.4154,1.9109
2636,stage2,0,0.22690702974796295,0.3925073742866516,0.0,0.22690702974796295,0.0001,1e-05,50.324,3.9449,0.6449
2637,stage2,0,0.22043119370937347,0.4314463138580322,0.0,0.22043119370937347,0.0001,1e-05,50.325,3.8716,0.6446
2638,stage2,0,0.195330411195755,0.39128100872039795,0.0,0.195330411195755,0.0001,1e-05,50.326,3.3374,0.702
2639,stage2,0,0.21881744265556335,0.38553303480148315,0.0,0.21881744265556335,0.0001,1e-05,50.325,3.7596,0.6415
2640,stage2,0,0.17902688682079315,0.403504341840744,0.0,0.17902688682079315,0.0001,1e-05,50.329,3.8474,0.6462
2641,stage2,0,0.25592902302742004,0.40362095832824707,0.0,0.25592902302742004,0.0001,1e-05,50.324,4.1562,0.6544
2642,stage2,0,0.19589878618717194,0.3888089060783386,0.0,0.19589878618717194,0.0001,1e-05,50.326,3.4897,2.5864
2643,stage2,0,0.20982863008975983,0.39303267002105713,0.0,0.20982863008975983,0.0001,1e-05,50.324,4.2387,1.9578
2644,stage2,0,0.18003693222999573,0.41538184881210327,0.0,0.18003693222999573,0.0001,1e-05,50.327,2.9898,0.6373
2645,stage2,0,0.23358096182346344,0.3878767490386963,0.0,0.23358096182346344,0.0001,1e-05,50.325,3.8018,0.645
2646,stage2,0,0.27209994196891785,0.41042396426200867,0.0,0.27209994196891785,0.0001,1e-05,50.323,4.2971,0.6433
2647,stage2,0,0.24694004654884338,0.39915692806243896,0.0,0.24694004654884338,0.0001,1e-05,50.324,4.1054,0.645
2648,stage2,0,0.2209995687007904,0.4313182830810547,0.0,0.2209995687007904,0.0001,1e-05,50.327,3.1882,0.6461
2649,stage2,0,0.24004513025283813,0.39119890332221985,0.0,0.24004513025283813,0.0001,1e-05,50.326,3.7804,0.7016
2650,stage2,0,0.2170887142419815,0.39838457107543945,0.0,0.2170887142419815,0.0001,1e-05,50.33,4.7284,2.5867
2651,stage2,0,0.2625909745693207,0.40888428688049316,0.0,0.2625909745693207,0.0001,1e-05,50.327,4.7133,1.8361
2652,stage2,0,0.26080042123794556,0.41319185495376587,0.0,0.26080042123794556,0.0001,1e-05,50.328,5.1146,0.645
2653,stage2,0,0.17831291258335114,0.37866640090942383,0.0,0.17831291258335114,0.0001,1e-05,50.328,2.9189,0.6981
2654,stage2,0,0.2072656899690628,0.37610751390457153,0.0,0.2072656899690628,0.0001,1e-05,50.328,3.5749,0.6478
2655,stage2,0,0.21761849522590637,0.4094909131526947,0.0,0.21761849522590637,0.0001,1e-05,50.322,5.3091,0.6437
2656,stage2,0,0.19372062385082245,0.4138219952583313,0.0,0.19372062385082245,0.0001,1e-05,50.326,5.0418,0.6462
2657,stage2,0,0.22145885229110718,0.4052458107471466,0.0,0.22145885229110718,0.0001,1e-05,50.326,4.4014,0.6461
2658,stage2,0,0.20737190544605255,0.4139236807823181,0.0,0.20737190544605255,0.0001,1e-05,50.325,3.8493,2.7077
2659,stage2,0,0.2266538441181183,0.39009973406791687,0.0,0.2266538441181183,0.0001,1e-05,50.323,4.6638,1.7965
2660,stage2,0,0.21437110006809235,0.392027348279953,0.0,0.21437110006809235,0.0001,1e-05,50.328,4.7404,0.6448
2661,stage2,0,0.19888977706432343,0.4107544720172882,0.0,0.19888977706432343,0.0001,1e-05,50.327,4.0682,0.668
2662,stage2,0,0.2024516761302948,0.37613189220428467,0.0,0.2024516761302948,0.0001,1e-05,50.324,4.3294,0.6734
2663,stage2,0,0.23721356689929962,0.3828306198120117,0.0,0.23721356689929962,0.0001,1e-05,50.327,3.7795,0.6635
2664,stage2,0,0.261125773191452,0.4038298726081848,0.0,0.261125773191452,0.0001,1e-05,50.327,5.1025,0.6392
2665,stage2,0,0.2236490696668625,0.3904286324977875,0.0,0.2236490696668625,0.0001,1e-05,50.326,4.9436,0.6464
2666,stage2,0,0.2215666025876999,0.4007336497306824,0.0,0.2215666025876999,0.0001,1e-05,50.322,4.9351,2.679
2667,stage2,0,0.19259785115718842,0.3966198265552521,0.0,0.19259785115718842,0.0001,1e-05,50.328,3.8488,1.8082
2668,stage2,0,0.20087692141532898,0.3812289237976074,0.0,0.20087692141532898,0.0001,1e-05,50.325,4.8101,0.6467
2669,stage2,0,0.24830345809459686,0.3848933279514313,0.0,0.24830345809459686,0.0001,1e-05,50.327,5.2004,0.6511
2670,stage2,0,0.20325496792793274,0.3828023672103882,0.0,0.20325496792793274,0.0001,1e-05,50.325,3.3504,0.6456
2671,stage2,0,0.2130793035030365,0.38483938574790955,0.0,0.2130793035030365,0.0001,1e-05,50.328,3.804,0.7016
2672,stage2,0,0.2352893054485321,0.39529895782470703,0.0,0.2352893054485321,0.0001,1e-05,50.328,4.1871,0.645
2673,stage2,0,0.2045089304447174,0.3788010776042938,0.0,0.2045089304447174,0.0001,1e-05,50.328,4.1923,0.6471
2674,stage2,0,0.2078811526298523,0.3897167444229126,0.0,0.2078811526298523,0.0001,1e-05,50.326,4.0023,2.6398
2675,stage2,0,0.22079956531524658,0.41729027032852173,0.0,0.22079956531524658,0.0001,1e-05,50.324,4.1846,1.8808
2676,stage2,0,0.27547797560691833,0.41923603415489197,0.0,0.27547797560691833,0.0001,1e-05,50.328,5.2754,0.6455
2677,stage2,0,0.2546296715736389,0.3993370234966278,0.0,0.2546296715736389,0.0001,1e-05,50.324,5.1052,0.6463
2678,stage2,0,0.1794438511133194,0.39444950222969055,0.0,0.1794438511133194,0.0001,1e-05,50.325,3.1912,0.6472
2679,stage2,0,0.23334473371505737,0.3791968524456024,0.0,0.23334473371505737,0.0001,1e-05,50.325,3.5132,0.6461
2680,stage2,0,0.18926596641540527,0.40922772884368896,0.0,0.18926596641540527,0.0001,1e-05,50.322,3.2385,0.7002
2681,stage2,0,0.2454189956188202,0.4093686640262604,0.0,0.2454189956188202,0.0001,1e-05,50.327,4.1951,0.6452
2682,stage2,0,0.19853956997394562,0.3807654082775116,0.0,0.19853956997394562,0.0001,1e-05,50.326,3.1859,2.6912
2683,stage2,0,0.21306245028972626,0.3980046808719635,0.0,0.21306245028972626,0.0001,1e-05,50.326,4.6075,1.7238
2684,stage2,0,0.2299649715423584,0.382551372051239,0.0,0.2299649715423584,0.0001,1e-05,50.326,4.2193,0.6416
2685,stage2,0,0.27078646421432495,0.4248831868171692,0.0,0.27078646421432495,0.0001,1e-05,50.327,5.4379,0.6692
2686,stage2,0,0.23062177002429962,0.39461424946784973,0.0,0.23062177002429962,0.0001,1e-05,50.325,4.6898,0.6944
2687,stage2,0,0.21720904111862183,0.3859241008758545,0.0,0.21720904111862183,0.0001,1e-05,50.328,3.8083,0.6513
2688,stage2,0,0.20530354976654053,0.39889368414878845,0.0,0.20530354976654053,0.0001,1e-05,50.326,4.3864,0.6465
2689,stage2,0,0.22743657231330872,0.39702409505844116,0.0,0.22743657231330872,0.0001,1e-05,50.327,4.1162,0.6468
2690,stage2,0,0.22402627766132355,0.40725627541542053,0.0,0.22402627766132355,0.0001,1e-05,50.327,5.0919,2.7891
2691,stage2,0,0.2344335913658142,0.3990577161312103,0.0,0.2344335913658142,0.0001,1e-05,50.324,4.6705,1.6996
2692,stage2,0,0.21031050384044647,0.38842475414276123,0.0,0.21031050384044647,0.0001,1e-05,50.324,5.0301,0.6452
2693,stage2,0,0.20895080268383026,0.3946959674358368,0.0,0.20895080268383026,0.0001,1e-05,50.326,4.8676,0.6454
2694,stage2,0,0.20722399652004242,0.3898325264453888,0.0,0.20722399652004242,0.0001,1e-05,50.325,4.4157,0.6504
2695,stage2,0,0.2215808779001236,0.4075067639350891,0.0,0.2215808779001236,0.0001,1e-05,50.329,5.0372,0.7014
2696,stage2,0,0.20679301023483276,0.38760271668434143,0.0,0.20679301023483276,0.0001,1e-05,50.324,4.462,0.646
2697,stage2,0,0.18609674274921417,0.37127843499183655,0.0,0.18609674274921417,0.0001,1e-05,50.326,3.7822,0.6475
2698,stage2,0,0.24282170832157135,0.4027478098869324,0.0,0.24282170832157135,0.0001,1e-05,50.322,4.4546,2.8088
2699,stage2,0,0.24025721848011017,0.38725554943084717,0.0,0.24025721848011017,0.0001,1e-05,50.326,4.9572,1.693
2700,stage2,0,0.17803864181041718,0.3901561498641968,0.0,0.17803864181041718,0.0001,1e-05,50.327,4.8822,0.6559
2701,stage2,0,0.19513364136219025,0.37247970700263977,0.0,0.19513364136219025,0.0001,1e-05,50.327,3.959,0.6501
2702,stage2,0,0.18416205048561096,0.38937923312187195,0.0,0.18416205048561096,0.0001,1e-05,50.324,4.0584,0.6523
2703,stage2,0,0.1965322196483612,0.3838947117328644,0.0,0.1965322196483612,0.0001,1e-05,50.325,3.2422,0.6458
2704,stage2,0,0.22965596616268158,0.3939365744590759,0.0,0.22965596616268158,0.0001,1e-05,50.321,3.8603,0.6438
2705,stage2,0,0.23008236289024353,0.39427268505096436,0.0,0.23008236289024353,0.0001,1e-05,50.324,4.5538,0.6651
2706,stage2,0,0.22107718884944916,0.3994752764701843,0.0,0.22107718884944916,0.0001,1e-05,50.324,5.2134,2.8711
2707,stage2,0,0.20896172523498535,0.38440218567848206,0.0,0.20896172523498535,0.0001,1e-05,50.327,4.7449,1.594
2708,stage2,0,0.19058477878570557,0.3773118555545807,0.0,0.19058477878570557,0.0001,1e-05,50.324,4.7585,0.6443
2709,stage2,0,0.21227149665355682,0.3782294988632202,0.0,0.21227149665355682,0.0001,1e-05,50.326,4.0132,0.6442
2710,stage2,0,0.2518842816352844,0.3962545692920685,0.0,0.2518842816352844,0.0001,1e-05,50.323,5.6737,0.6533
2711,stage2,0,0.22207476198673248,0.39465954899787903,0.0,0.22207476198673248,0.0001,1e-05,50.323,4.0263,0.6871
2712,stage2,0,0.18883858621120453,0.355941504240036,0.0,0.18883858621120453,0.0001,1e-05,50.326,3.6844,0.6654
2713,stage2,0,0.26081863045692444,0.415590763092041,0.0,0.26081863045692444,0.0001,1e-05,50.326,4.7739,0.6422
2714,stage2,0,0.20691408216953278,0.37247204780578613,0.0,0.20691408216953278,0.0001,1e-05,50.328,3.919,2.9474
2715,stage2,0,0.18999479711055756,0.38690173625946045,0.0,0.18999479711055756,0.0001,1e-05,50.326,3.7521,1.5366
2716,stage2,0,0.2059328705072403,0.39589861035346985,0.0,0.2059328705072403,0.0001,1e-05,50.323,2.925,0.6445
2717,stage2,0,0.2066890150308609,0.39000383019447327,0.0,0.2066890150308609,0.0001,1e-05,50.323,4.3582,0.6449
2718,stage2,0,0.21633264422416687,0.38432925939559937,0.0,0.21633264422416687,0.0001,1e-05,50.325,3.8836,0.6457
2719,stage2,0,0.19041314721107483,0.3866090476512909,0.0,0.19041314721107483,0.0001,1e-05,50.327,3.4565,0.7005
2720,stage2,0,0.18703900277614594,0.37477928400039673,0.0,0.18703900277614594,0.0001,1e-05,50.324,3.0911,0.6456
2721,stage2,0,0.23616212606430054,0.39738205075263977,0.0,0.23616212606430054,0.0001,1e-05,50.327,3.9835,0.6453
2722,stage2,0,0.21425391733646393,0.3634115755558014,0.0,0.21425391733646393,0.0001,1e-05,50.327,3.8076,3.0257
2723,stage2,0,0.2342454195022583,0.4067012071609497,0.0,0.2342454195022583,0.0001,1e-05,50.323,4.0784,1.6703
2724,stage2,0,0.24070802330970764,0.40377458930015564,0.0,0.24070802330970764,0.0001,1e-05,50.324,4.1325,0.6426
2725,stage2,0,0.2021256983280182,0.35487642884254456,0.0,0.2021256983280182,0.0001,1e-05,50.324,3.5568,0.646
2726,stage2,0,0.20306645333766937,0.4074794054031372,0.0,0.20306645333766937,0.0001,1e-05,50.322,4.1762,0.6452
2727,stage2,0,0.2062567174434662,0.40556642413139343,0.0,0.2062567174434662,0.0001,1e-05,50.322,3.6433,0.6465
2728,stage2,0,0.22578103840351105,0.3768058717250824,0.0,0.22578103840351105,0.0001,1e-05,50.322,4.1558,0.7003
2729,stage2,0,0.22596585750579834,0.38572943210601807,0.0,0.22596585750579834,0.0001,1e-05,50.325,4.8211,0.6466
2730,stage2,0,0.2448178231716156,0.3913373351097107,0.0,0.2448178231716156,0.0001,1e-05,50.323,3.6967,3.0452
2731,stage2,0,0.18365399539470673,0.389577716588974,0.0,0.18365399539470673,0.0001,1e-05,50.33,3.4711,1.552
2732,stage2,0,0.15753434598445892,0.3742242157459259,0.0,0.15753434598445892,0.0001,1e-05,50.325,2.9369,0.649
2733,stage2,0,0.27754920721054077,0.40648704767227173,0.0,0.27754920721054077,0.0001,1e-05,50.326,4.4522,0.6498
2734,stage2,0,0.23312708735466003,0.3817698359489441,0.0,0.23312708735466003,0.0001,1e-05,50.325,4.4911,0.7016
2735,stage2,0,0.2358803004026413,0.3914371728897095,0.0,0.2358803004026413,0.0001,1e-05,50.329,4.2212,0.6455
2736,stage2,0,0.2706182599067688,0.429142564535141,0.0,0.2706182599067688,0.0001,1e-05,50.325,4.4138,0.6479
2737,stage2,0,0.21187232434749603,0.3765901029109955,0.0,0.21187232434749603,0.0001,1e-05,50.322,3.8146,0.6478
2738,stage2,0,0.23549357056617737,0.4092629551887512,0.0,0.23549357056617737,0.0001,1e-05,50.325,3.9141,3.01
2739,stage2,0,0.20554955303668976,0.36622756719589233,0.0,0.20554955303668976,0.0001,1e-05,50.326,3.9541,1.5606
2740,stage2,0,0.222281351685524,0.3823434114456177,0.0,0.222281351685524,0.0001,1e-05,50.327,3.4977,0.6448
2741,stage2,0,0.2309076488018036,0.3964811861515045,0.0,0.2309076488018036,0.0001,1e-05,50.325,3.4262,0.6489
2742,stage2,0,0.23558612167835236,0.4027644693851471,0.0,0.23558612167835236,0.0001,1e-05,50.323,3.5939,0.6447
2743,stage2,0,0.24130427837371826,0.3886449635028839,0.0,0.24130427837371826,0.0001,1e-05,50.325,4.626,0.7005
2744,stage2,0,0.19621866941452026,0.3687748610973358,0.0,0.19621866941452026,0.0001,1e-05,50.324,3.3425,0.6463
2745,stage2,0,0.22918829321861267,0.3838426172733307,0.0,0.22918829321861267,0.0001,1e-05,50.325,4.2149,0.6466
2746,stage2,0,0.21361078321933746,0.40144094824790955,0.0,0.21361078321933746,0.0001,1e-05,50.323,4.4634,2.9557
2747,stage2,0,0.21654953062534332,0.3850613236427307,0.0,0.21654953062534332,0.0001,1e-05,50.326,4.1684,1.3995
2748,stage2,0,0.20774349570274353,0.40826889872550964,0.0,0.20774349570274353,0.0001,1e-05,50.319,3.8356,0.6633
2749,stage2,0,0.21312345564365387,0.37418466806411743,0.0,0.21312345564365387,0.0001,1e-05,50.325,4.0245,0.6975
2750,stage2,0,0.20735299587249756,0.4048675298690796,0.0,0.20735299587249756,0.0001,1e-05,50.324,3.2565,0.6439
2751,stage2,0,0.22795046865940094,0.4207194447517395,0.0,0.22795046865940094,0.0001,1e-05,50.321,4.4804,0.645
2752,stage2,0,0.2473296821117401,0.3854908347129822,0.0,0.2473296821117401,0.0001,1e-05,50.324,3.9578,0.644
2753,stage2,1,0.20227248966693878,0.3758469820022583,0.0,0.20227248966693878,0.0001,1e-05,50.325,3.9139,9.7303
2754,stage2,1,0.18285945057868958,0.3711314797401428,0.0,0.18285945057868958,0.0001,1e-05,50.325,3.6465,0.6397
2755,stage2,1,0.2398047149181366,0.40952539443969727,0.0,0.2398047149181366,0.0001,1e-05,50.324,4.2952,0.6419
2756,stage2,1,0.22902430593967438,0.4017181694507599,0.0,0.22902430593967438,0.0001,1e-05,50.324,3.7374,0.641
2757,stage2,1,0.21903596818447113,0.39458632469177246,0.0,0.21903596818447113,0.0001,1e-05,50.326,3.939,0.6472
2758,stage2,1,0.18894682824611664,0.3764522969722748,0.0,0.18894682824611664,0.0001,1e-05,50.326,2.9486,0.6986
2759,stage2,1,0.2063961625099182,0.39736050367355347,0.0,0.2063961625099182,0.0001,1e-05,50.322,3.7416,0.6425
2760,stage2,1,0.19358673691749573,0.3710583448410034,0.0,0.19358673691749573,0.0001,1e-05,50.323,3.5515,0.6454
2761,stage2,1,0.20969891548156738,0.3892611861228943,0.0,0.20969891548156738,0.0001,1e-05,50.326,4.6425,4.0467
2762,stage2,1,0.20183157920837402,0.3791610598564148,0.0,0.20183157920837402,0.0001,1e-05,50.324,3.9281,0.6413
2763,stage2,1,0.18823960423469543,0.39564090967178345,0.0,0.18823960423469543,0.0001,1e-05,50.324,3.2418,0.6426
2764,stage2,1,0.21788832545280457,0.3909089267253876,0.0,0.21788832545280457,0.0001,1e-05,50.326,3.3203,0.6942
2765,stage2,1,0.21548719704151154,0.40420717000961304,0.0,0.21548719704151154,0.0001,1e-05,50.322,3.676,0.6433
2766,stage2,1,0.24290034174919128,0.3882490396499634,0.0,0.24290034174919128,0.0001,1e-05,50.326,3.9966,0.6452
2767,stage2,1,0.2327355295419693,0.4082658886909485,0.0,0.2327355295419693,0.0001,1e-05,50.327,4.7572,0.6441
2768,stage2,1,0.23032410442829132,0.3822996914386749,0.0,0.23032410442829132,0.0001,1e-05,50.325,3.8025,0.6495
2769,stage2,1,0.22076907753944397,0.4008219540119171,0.0,0.22076907753944397,0.0001,1e-05,50.324,4.0665,3.9492
2770,stage2,1,0.20218831300735474,0.3790406286716461,0.0,0.20218831300735474,0.0001,1e-05,50.328,3.6591,0.6434
2771,stage2,1,0.18526381254196167,0.3708541691303253,0.0,0.18526381254196167,0.0001,1e-05,50.323,4.4929,0.643
2772,stage2,1,0.2240346521139145,0.41364607214927673,0.0,0.2240346521139145,0.0001,1e-05,50.328,4.5313,0.6444
2773,stage2,1,0.18451841175556183,0.36920642852783203,0.0,0.18451841175556183,0.0001,1e-05,50.324,3.7084,0.6986
2774,stage2,1,0.18545424938201904,0.3747027814388275,0.0,0.18545424938201904,0.0001,1e-05,50.325,3.4001,0.6426
2775,stage2,1,0.21064560115337372,0.3939840495586395,0.0,0.21064560115337372,0.0001,1e-05,50.329,3.8202,0.6458
2776,stage2,1,0.17071516811847687,0.36969485878944397,0.0,0.17071516811847687,0.0001,1e-05,50.328,3.2793,0.6449
2777,stage2,1,0.1709538847208023,0.36891892552375793,0.0,0.1709538847208023,0.0001,1e-05,50.329,2.9299,4.0464
2778,stage2,1,0.19499030709266663,0.3957764804363251,0.0,0.19499030709266663,0.0001,1e-05,50.324,3.2417,0.6656
2779,stage2,1,0.1890830397605896,0.3808039724826813,0.0,0.1890830397605896,0.0001,1e-05,50.325,3.7906,0.698
2780,stage2,1,0.20926998555660248,0.3895088732242584,0.0,0.20926998555660248,0.0001,1e-05,50.327,4.6312,0.6445
2781,stage2,1,0.21556107699871063,0.40335243940353394,0.0,0.21556107699871063,0.0001,1e-05,50.326,4.2838,0.6449
2782,stage2,1,0.2227892130613327,0.3752300441265106,0.0,0.2227892130613327,0.0001,1e-05,50.324,3.51,0.6445
2783,stage2,1,0.2235204130411148,0.3849601745605469,0.0,0.2235204130411148,0.0001,1e-05,50.327,4.4026,0.6697
2784,stage2,1,0.21343129873275757,0.3755939304828644,0.0,0.21343129873275757,0.0001,1e-05,50.324,3.721,0.6707
2785,stage2,1,0.20747491717338562,0.39118292927742004,0.0,0.20747491717338562,0.0001,1e-05,50.323,5.7251,3.9009
2786,stage2,1,0.19550421833992004,0.3916447162628174,0.0,0.19550421833992004,0.0001,1e-05,50.327,3.4144,0.7016
2787,stage2,1,0.15346461534500122,0.38172611594200134,0.0,0.15346461534500122,0.0001,1e-05,50.325,3.2923,0.6434
2788,stage2,1,0.17892636358737946,0.38677796721458435,0.0,0.17892636358737946,0.0001,1e-05,50.322,3.7494,0.6443
2789,stage2,1,0.21913431584835052,0.4115884304046631,0.0,0.21913431584835052,0.0001,1e-05,50.322,4.7551,0.6447
2790,stage2,1,0.19381986558437347,0.3878740966320038,0.0,0.19381986558437347,0.0001,1e-05,50.324,4.9632,0.6444
2791,stage2,1,0.19892728328704834,0.37404948472976685,0.0,0.19892728328704834,0.0001,1e-05,50.323,3.4474,0.6986
2792,stage2,1,0.20861220359802246,0.38331979513168335,0.0,0.20861220359802246,0.0001,1e-05,50.325,4.5085,0.6458
2793,stage2,1,0.18127579987049103,0.3971494138240814,0.0,0.18127579987049103,0.0001,1e-05,50.325,3.2239,3.8073
2794,stage2,1,0.2171620875597,0.36102402210235596,0.0,0.2171620875597,0.0001,1e-05,50.323,3.8158,0.6589
2795,stage2,1,0.24734735488891602,0.414887011051178,0.0,0.24734735488891602,0.0001,1e-05,50.327,4.7196,0.7041
2796,stage2,1,0.21863719820976257,0.3826545476913452,0.0,0.21863719820976257,0.0001,1e-05,50.325,4.3458,0.6448
2797,stage2,1,0.190328449010849,0.38112157583236694,0.0,0.190328449010849,0.0001,1e-05,50.323,3.1471,0.645
2798,stage2,1,0.1965446025133133,0.39500880241394043,0.0,0.1965446025133133,0.0001,1e-05,50.322,4.0197,0.6464
2799,stage2,1,0.21278341114521027,0.3908194601535797,0.0,0.21278341114521027,0.0001,1e-05,50.326,4.2714,0.6466
2800,stage2,1,0.16330432891845703,0.377612829208374,0.0,0.16330432891845703,0.0001,1e-05,50.326,3.5634,0.696
2801,stage2,1,0.19016988575458527,0.3673677146434784,0.0,0.19016988575458527,0.0001,1e-05,50.324,4.0091,3.8605
2802,stage2,1,0.20109038054943085,0.371096134185791,0.0,0.20109038054943085,0.0001,1e-05,50.324,4.1481,0.6442
2803,stage2,1,0.18763093650341034,0.3593904674053192,0.0,0.18763093650341034,0.0001,1e-05,50.325,3.7024,0.6451
2804,stage2,1,0.1831807792186737,0.39646580815315247,0.0,0.1831807792186737,0.0001,1e-05,50.321,3.7174,0.6449
2805,stage2,1,0.2008782923221588,0.37351399660110474,0.0,0.2008782923221588,0.0001,1e-05,50.321,3.725,0.6952
2806,stage2,1,0.20336280763149261,0.36799588799476624,0.0,0.20336280763149261,0.0001,1e-05,50.323,3.464,0.6464
2807,stage2,1,0.23365606367588043,0.39192673563957214,0.0,0.23365606367588043,0.0001,1e-05,50.322,5.0429,0.6456
2808,stage2,1,0.18276865780353546,0.3951452374458313,0.0,0.18276865780353546,0.0001,1e-05,50.32,3.9065,0.6467
2809,stage2,1,0.22413210570812225,0.3743498623371124,0.0,0.22413210570812225,0.0001,1e-05,50.32,4.6157,4.0314
2810,stage2,1,0.21637320518493652,0.3644389808177948,0.0,0.21637320518493652,0.0001,1e-05,50.325,3.8527,0.648
2811,stage2,1,0.19067823886871338,0.35592469573020935,0.0,0.19067823886871338,0.0001,1e-05,50.322,3.2475,0.6459
2812,stage2,1,0.19008247554302216,0.36903390288352966,0.0,0.19008247554302216,0.0001,1e-05,50.322,3.6459,0.6445
2813,stage2,1,0.21127104759216309,0.37591493129730225,0.0,0.21127104759216309,0.0001,1e-05,50.323,3.1123,0.6505
2814,stage2,1,0.21914614737033844,0.39759811758995056,0.0,0.21914614737033844,0.0001,1e-05,50.328,4.0021,0.6449
2815,stage2,1,0.17104588449001312,0.3565541207790375,0.0,0.17104588449001312,0.0001,1e-05,50.33,3.694,0.6687
2816,stage2,1,0.17521649599075317,0.37627336382865906,0.0,0.17521649599075317,0.0001,1e-05,50.325,3.225,0.6952
2817,stage2,1,0.2281540185213089,0.4243880808353424,0.0,0.2281540185213089,0.0001,1e-05,50.326,4.1436,3.9712
2818,stage2,1,0.2163318395614624,0.390211284160614,0.0,0.2163318395614624,0.0001,1e-05,50.326,3.3124,0.6442
2819,stage2,1,0.1870608776807785,0.3695316016674042,0.0,0.1870608776807785,0.0001,1e-05,50.324,3.8559,0.6452
2820,stage2,1,0.2062837779521942,0.3737967908382416,0.0,0.2062837779521942,0.0001,1e-05,50.321,4.4187,0.6942
2821,stage2,1,0.1838521957397461,0.366822749376297,0.0,0.1838521957397461,0.0001,1e-05,50.327,3.8763,0.6604
2822,stage2,1,0.16553951799869537,0.3727898895740509,0.0,0.16553951799869537,0.0001,1e-05,50.324,3.0045,0.6456
2823,stage2,1,0.17781499028205872,0.3609645366668701,0.0,0.17781499028205872,0.0001,1e-05,50.324,3.0452,0.6672
2824,stage2,1,0.2228059321641922,0.3851107358932495,0.0,0.2228059321641922,0.0001,1e-05,50.323,4.4176,0.6961
2825,stage2,1,0.18787406384944916,0.3707857131958008,0.0,0.18787406384944916,0.0001,1e-05,50.325,3.3748,3.9051
2826,stage2,1,0.20355911552906036,0.39144212007522583,0.0,0.20355911552906036,0.0001,1e-05,50.32,4.0367,0.649
2827,stage2,1,0.18656636774539948,0.37656062841415405,0.0,0.18656636774539948,0.0001,1e-05,50.32,3.278,0.6496
2828,stage2,1,0.21535101532936096,0.36098742485046387,0.0,0.21535101532936096,0.0001,1e-05,50.319,3.5826,0.6988
2829,stage2,1,0.19215920567512512,0.379287987947464,0.0,0.19215920567512512,0.0001,1e-05,50.322,4.218,0.6454
2830,stage2,1,0.16778694093227386,0.3929021656513214,0.0,0.16778694093227386,0.0001,1e-05,50.318,3.5887,0.645
2831,stage2,1,0.18463893234729767,0.36311590671539307,0.0,0.18463893234729767,0.0001,1e-05,50.325,3.0954,0.6456
2832,stage2,1,0.17696259915828705,0.38740506768226624,0.0,0.17696259915828705,0.0001,1e-05,50.328,3.7805,0.6506
2833,stage2,1,0.17605620622634888,0.3598780333995819,0.0,0.17605620622634888,0.0001,1e-05,50.324,3.198,4.1165
2834,stage2,1,0.1978936493396759,0.35694125294685364,0.0,0.1978936493396759,0.0001,1e-05,50.323,3.203,0.6442
2835,stage2,1,0.1841803342103958,0.3695451319217682,0.0,0.1841803342103958,0.0001,1e-05,50.324,2.9144,0.6444
2836,stage2,1,0.23111973702907562,0.3725370764732361,0.0,0.23111973702907562,0.0001,1e-05,50.325,4.6527,0.6499
2837,stage2,1,0.2099413126707077,0.3857085406780243,0.0,0.2099413126707077,0.0001,1e-05,50.323,4.198,0.6984
2838,stage2,1,0.19525329768657684,0.37709665298461914,0.0,0.19525329768657684,0.0001,1e-05,50.323,3.6491,0.6494
2839,stage2,1,0.16458652913570404,0.38690149784088135,0.0,0.16458652913570404,0.0001,1e-05,50.324,3.5466,0.6463
2840,stage2,1,0.20597873628139496,0.4279220700263977,0.0,0.20597873628139496,0.0001,1e-05,50.322,3.3369,0.6459
2841,stage2,1,0.19358621537685394,0.3661642074584961,0.0,0.19358621537685394,0.0001,1e-05,50.322,3.6925,3.9358
2842,stage2,1,0.2152179479598999,0.3873935639858246,0.0,0.2152179479598999,0.0001,1e-05,50.327,4.2048,0.6488
2843,stage2,1,0.17725518345832825,0.38537758588790894,0.0,0.17725518345832825,0.0001,1e-05,50.327,3.6411,0.6998
2844,stage2,1,0.20380520820617676,0.35450026392936707,0.0,0.20380520820617676,0.0001,1e-05,50.324,4.0106,0.645
2845,stage2,1,0.19888578355312347,0.3744809031486511,0.0,0.19888578355312347,0.0001,1e-05,50.319,3.3079,0.65
2846,stage2,1,0.2005363553762436,0.37133899331092834,0.0,0.2005363553762436,0.0001,1e-05,50.321,3.1445,0.6463
2847,stage2,1,0.1983521431684494,0.36938074231147766,0.0,0.1983521431684494,0.0001,1e-05,50.327,4.4444,0.6447
2848,stage2,1,0.192379429936409,0.36758506298065186,0.0,0.192379429936409,0.0001,1e-05,50.324,2.7658,0.701
2849,stage2,1,0.23954245448112488,0.4118753969669342,0.0,0.23954245448112488,0.0001,1e-05,50.323,3.4589,3.9063
2850,stage2,1,0.17689789831638336,0.3953673243522644,0.0,0.17689789831638336,0.0001,1e-05,50.323,3.1203,0.6452
2851,stage2,1,0.20282194018363953,0.4018542170524597,0.0,0.20282194018363953,0.0001,1e-05,50.32,4.2272,0.6494
2852,stage2,1,0.22921887040138245,0.42008376121520996,0.0,0.22921887040138245,0.0001,1e-05,50.323,3.7323,0.6979
2853,stage2,1,0.17274266481399536,0.36345168948173523,0.0,0.17274266481399536,0.0001,1e-05,50.326,3.2221,0.6464
2854,stage2,1,0.20088443160057068,0.3641154170036316,0.0,0.20088443160057068,0.0001,1e-05,50.324,4.5351,0.6462
2855,stage2,1,0.19590622186660767,0.39189374446868896,0.0,0.19590622186660767,0.0001,1e-05,50.324,3.4653,0.6469
2856,stage2,1,0.1939375251531601,0.3702486455440521,0.0,0.1939375251531601,0.0001,1e-05,50.322,4.5191,0.6581
2857,stage2,1,0.20318841934204102,0.37802258133888245,0.0,0.20318841934204102,0.0001,1e-05,50.323,3.6965,3.9442
2858,stage2,1,0.22944015264511108,0.405869722366333,0.0,0.22944015264511108,0.0001,1e-05,50.325,4.3117,0.6628
2859,stage2,1,0.1771143078804016,0.3756781220436096,0.0,0.1771143078804016,0.0001,1e-05,50.324,3.7799,0.6531
2860,stage2,1,0.186625137925148,0.3648909032344818,0.0,0.186625137925148,0.0001,1e-05,50.319,4.1043,0.7124
2861,stage2,1,0.1784355193376541,0.40378886461257935,0.0,0.1784355193376541,0.0001,1e-05,50.324,3.2472,0.6586
2862,stage2,1,0.1609022170305252,0.3435510993003845,0.0,0.1609022170305252,0.0001,1e-05,50.323,3.6928,0.7156
2863,stage2,1,0.17635542154312134,0.4272419512271881,0.0,0.17635542154312134,0.0001,1e-05,50.324,3.8312,0.6539
2864,stage2,1,0.18629467487335205,0.3919932246208191,0.0,0.18629467487335205,0.0001,1e-05,50.325,3.3029,0.6939
2865,stage2,1,0.1707705855369568,0.3804616928100586,0.0,0.1707705855369568,0.0001,1e-05,50.324,3.2453,3.8995
2866,stage2,1,0.18505610525608063,0.36665260791778564,0.0,0.18505610525608063,0.0001,1e-05,50.32,2.9468,0.6538
2867,stage2,1,0.20459617674350739,0.3597598969936371,0.0,0.20459617674350739,0.0001,1e-05,50.323,3.6891,0.7035
2868,stage2,1,0.17938761413097382,0.37493082880973816,0.0,0.17938761413097382,0.0001,1e-05,50.323,3.5929,0.6595
2869,stage2,1,0.17230857908725739,0.3802826702594757,0.0,0.17230857908725739,0.0001,1e-05,50.322,3.2624,0.6446
2870,stage2,1,0.19600602984428406,0.38295289874076843,0.0,0.19600602984428406,0.0001,1e-05,50.325,3.8227,0.6844
2871,stage2,1,0.22781667113304138,0.38939523696899414,0.0,0.22781667113304138,0.0001,1e-05,50.322,4.2445,0.6966
2872,stage2,1,0.21431878209114075,0.38641929626464844,0.0,0.21431878209114075,0.0001,1e-05,50.32,3.4272,0.6658
2873,stage2,1,0.20728401839733124,0.40933510661125183,0.0,0.20728401839733124,0.0001,1e-05,50.325,3.34,3.8554
2874,stage2,1,0.18220578134059906,0.35517582297325134,0.0,0.18220578134059906,0.0001,1e-05,50.322,4.0025,0.6667
2875,stage2,1,0.1662924587726593,0.34090182185173035,0.0,0.1662924587726593,0.0001,1e-05,50.325,3.2404,0.7055
2876,stage2,1,0.2066296637058258,0.363747775554657,0.0,0.2066296637058258,0.0001,1e-05,50.321,3.1942,0.6542
2877,stage2,1,0.2427304983139038,0.4040420949459076,0.0,0.2427304983139038,0.0001,1e-05,50.322,3.7828,0.7148
2878,stage2,1,0.2070043385028839,0.41396719217300415,0.0,0.2070043385028839,0.0001,1e-05,50.322,4.1981,0.6349
2879,stage2,1,0.17766737937927246,0.36503109335899353,0.0,0.17766737937927246,0.0001,1e-05,50.32,3.437,0.669
2880,stage2,1,0.17998671531677246,0.4167045056819916,0.0,0.17998671531677246,0.0001,1e-05,50.322,4.1219,0.6557
2881,stage2,1,0.1618359088897705,0.34624922275543213,0.0,0.1618359088897705,0.0001,1e-05,50.322,3.7301,3.873
2882,stage2,1,0.2015804946422577,0.3897436559200287,0.0,0.2015804946422577,0.0001,1e-05,50.32,3.6347,0.647
2883,stage2,1,0.20676325261592865,0.4009644091129303,0.0,0.20676325261592865,0.0001,1e-05,50.321,5.5893,0.6649
2884,stage2,1,0.1989859640598297,0.3740246891975403,0.0,0.1989859640598297,0.0001,1e-05,50.321,3.9662,0.7118
2885,stage2,1,0.1733028143644333,0.34966495633125305,0.0,0.1733028143644333,0.0001,1e-05,50.328,3.9401,0.6606
2886,stage2,1,0.18171535432338715,0.39161309599876404,0.0,0.18171535432338715,0.0001,1e-05,50.328,3.1636,0.7118
2887,stage2,1,0.2196832150220871,0.3666296899318695,0.0,0.2196832150220871,0.0001,1e-05,50.326,3.7265,0.6578
2888,stage2,1,0.1758994609117508,0.37479570508003235,0.0,0.1758994609117508,0.0001,1e-05,50.329,4.2888,0.7171
2889,stage2,1,0.18133190274238586,0.40960267186164856,0.0,0.18133190274238586,0.0001,1e-05,50.328,3.1998,3.8956
2890,stage2,1,0.1936761438846588,0.41030919551849365,0.0,0.1936761438846588,0.0001,1e-05,50.324,3.9666,0.6525
2891,stage2,1,0.20694272220134735,0.38467419147491455,0.0,0.20694272220134735,0.0001,1e-05,50.329,3.8874,0.7157
2892,stage2,1,0.18894131481647491,0.3739727735519409,0.0,0.18894131481647491,0.0001,1e-05,50.327,5.0303,0.6519
2893,stage2,1,0.17999958992004395,0.3878173530101776,0.0,0.17999958992004395,0.0001,1e-05,50.325,3.6704,0.6565
2894,stage2,1,0.19724664092063904,0.3497889041900635,0.0,0.19724664092063904,0.0001,1e-05,50.326,3.9687,0.706
2895,stage2,1,0.20785629749298096,0.3856257498264313,0.0,0.20785629749298096,0.0001,1e-05,50.323,3.5195,0.6555
2896,stage2,1,0.1969502717256546,0.36942747235298157,0.0,0.1969502717256546,0.0001,1e-05,50.326,3.2501,0.6774
2897,stage2,1,0.1812417209148407,0.37267786264419556,0.0,0.1812417209148407,0.0001,1e-05,50.323,2.9315,4.1212
2898,stage2,1,0.2147933542728424,0.37032902240753174,0.0,0.2147933542728424,0.0001,1e-05,50.324,3.981,0.6606
2899,stage2,1,0.22234968841075897,0.3902379274368286,0.0,0.22234968841075897,0.0001,1e-05,50.324,3.6516,0.7002
2900,stage2,1,0.20194661617279053,0.3573188781738281,0.0,0.20194661617279053,0.0001,1e-05,50.324,3.9497,0.6786
2901,stage2,1,0.1798507124185562,0.35729533433914185,0.0,0.1798507124185562,0.0001,1e-05,50.326,3.7645,0.6549
2902,stage2,1,0.20329615473747253,0.36398810148239136,0.0,0.20329615473747253,0.0001,1e-05,50.324,3.4669,0.7015
2903,stage2,1,0.18310000002384186,0.3558153510093689,0.0,0.18310000002384186,0.0001,1e-05,50.32,3.3831,0.6627
2904,stage2,1,0.19715815782546997,0.37499046325683594,0.0,0.19715815782546997,0.0001,1e-05,50.325,2.9904,0.6438
2905,stage2,1,0.194888174533844,0.38127201795578003,0.0,0.194888174533844,0.0001,1e-05,50.325,3.9711,3.9918
2906,stage2,1,0.22038987278938293,0.40642815828323364,0.0,0.22038987278938293,0.0001,1e-05,50.328,4.3313,0.6551
2907,stage2,1,0.18533778190612793,0.3555639684200287,0.0,0.18533778190612793,0.0001,1e-05,50.321,4.1116,0.7146
2908,stage2,1,0.17440862953662872,0.3778853416442871,0.0,0.17440862953662872,0.0001,1e-05,50.325,3.7135,0.6601
2909,stage2,1,0.2250235378742218,0.39560186862945557,0.0,0.2250235378742218,0.0001,1e-05,50.323,3.1825,0.6398
2910,stage2,1,0.23396803438663483,0.3862876296043396,0.0,0.23396803438663483,0.0001,1e-05,50.323,5.2302,0.664
2911,stage2,1,0.16438542306423187,0.35629311203956604,0.0,0.16438542306423187,0.0001,1e-05,50.324,3.1866,0.6649
2912,stage2,1,0.18998244404792786,0.40088894963264465,0.0,0.18998244404792786,0.0001,1e-05,50.323,4.2731,0.7098
2913,stage2,1,0.20151488482952118,0.3761425316333771,0.0,0.20151488482952118,0.0001,1e-05,50.324,3.5348,4.094
2914,stage2,1,0.18711601197719574,0.3566400408744812,0.0,0.18711601197719574,0.0001,1e-05,50.322,3.3759,0.6507
2915,stage2,1,0.1928657740354538,0.3912400007247925,0.0,0.1928657740354538,0.0001,1e-05,50.321,3.9016,0.7223
2916,stage2,1,0.2037566900253296,0.386768639087677,0.0,0.2037566900253296,0.0001,1e-05,50.326,3.5781,0.6496
2917,stage2,1,0.18734921514987946,0.3952835202217102,0.0,0.18734921514987946,0.0001,1e-05,50.325,3.4683,0.6625
2918,stage2,1,0.1826186627149582,0.38013139367103577,0.0,0.1826186627149582,0.0001,1e-05,50.325,3.5578,0.6461
2919,stage2,1,0.21215933561325073,0.36531034111976624,0.0,0.21215933561325073,0.0001,1e-05,50.326,3.8273,0.6673
2920,stage2,1,0.1887318640947342,0.40196654200553894,0.0,0.1887318640947342,0.0001,1e-05,50.322,3.61,0.6616
2921,stage2,1,0.20860353112220764,0.3924289047718048,0.0,0.20860353112220764,0.0001,1e-05,50.324,5.1643,3.8962
2922,stage2,1,0.18114760518074036,0.38276156783103943,0.0,0.18114760518074036,0.0001,1e-05,50.325,5.0604,0.6645
2923,stage2,1,0.19224466383457184,0.3983708322048187,0.0,0.19224466383457184,0.0001,1e-05,50.328,4.381,0.7106
2924,stage2,1,0.20171412825584412,0.3954326808452606,0.0,0.20171412825584412,0.0001,1e-05,50.327,4.1484,0.6566
2925,stage2,1,0.18026599287986755,0.3636211156845093,0.0,0.18026599287986755,0.0001,1e-05,50.329,3.3245,0.7134
2926,stage2,1,0.1600314974784851,0.36766141653060913,0.0,0.1600314974784851,0.0001,1e-05,50.324,2.9925,0.6585
2927,stage2,1,0.20488187670707703,0.3746907413005829,0.0,0.20488187670707703,0.0001,1e-05,50.326,4.3982,0.7126
2928,stage2,1,0.16958636045455933,0.3669838309288025,0.0,0.16958636045455933,0.0001,1e-05,50.327,3.6417,0.6624
2929,stage2,1,0.1835659295320511,0.380715012550354,0.0,0.1835659295320511,0.0001,1e-05,50.326,4.1544,4.0325
2930,stage2,1,0.2094830870628357,0.3832400441169739,0.0,0.2094830870628357,0.0001,1e-05,50.322,3.8291,0.6444
2931,stage2,1,0.17442630231380463,0.3555290400981903,0.0,0.17442630231380463,0.0001,1e-05,50.329,3.9593,0.7212
2932,stage2,1,0.1941121220588684,0.3699469268321991,0.0,0.1941121220588684,0.0001,1e-05,50.327,3.6398,0.6585
2933,stage2,1,0.19061653316020966,0.39810052514076233,0.0,0.19061653316020966,0.0001,1e-05,50.328,3.1637,0.7132
2934,stage2,1,0.18527819216251373,0.3906251788139343,0.0,0.18527819216251373,0.0001,1e-05,50.324,4.0256,0.6609
2935,stage2,1,0.1930423080921173,0.37467360496520996,0.0,0.1930423080921173,0.0001,1e-05,50.323,4.3922,0.6776
2936,stage2,1,0.1858564019203186,0.37305915355682373,0.0,0.1858564019203186,0.0001,1e-05,50.321,4.671,0.6758
2937,stage2,1,0.19789853692054749,0.34932151436805725,0.0,0.19789853692054749,0.0001,1e-05,50.324,4.231,3.9659
2938,stage2,1,0.18261200189590454,0.3928552567958832,0.0,0.18261200189590454,0.0001,1e-05,50.324,3.9843,0.7085
2939,stage2,1,0.19907771050930023,0.3697839379310608,0.0,0.19907771050930023,0.0001,1e-05,50.323,3.5285,0.6421
2940,stage2,1,0.20417603850364685,0.40901800990104675,0.0,0.20417603850364685,0.0001,1e-05,50.321,3.8132,0.6591
2941,stage2,1,0.17843405902385712,0.37097588181495667,0.0,0.17843405902385712,0.0001,1e-05,50.322,4.5516,0.6649
2942,stage2,1,0.173978790640831,0.35664647817611694,0.0,0.173978790640831,0.0001,1e-05,50.324,3.4569,0.7097
2943,stage2,1,0.17955106496810913,0.3773919343948364,0.0,0.17955106496810913,0.0001,1e-05,50.323,3.363,0.6689
2944,stage2,1,0.19946886599063873,0.3869229257106781,0.0,0.19946886599063873,0.0001,1e-05,50.325,5.2124,0.7104
2945,stage2,1,0.22143888473510742,0.37830886244773865,0.0,0.22143888473510742,0.0001,1e-05,50.327,4.6329,3.9404
2946,stage2,1,0.19562000036239624,0.36602941155433655,0.0,0.19562000036239624,0.0001,1e-05,50.323,3.9627,0.67
2947,stage2,1,0.1754966825246811,0.3884250521659851,0.0,0.1754966825246811,0.0001,1e-05,50.327,3.1463,0.703
2948,stage2,1,0.16976691782474518,0.3571149408817291,0.0,0.16976691782474518,0.0001,1e-05,50.321,3.3007,0.6628
2949,stage2,1,0.2518499493598938,0.3947255313396454,0.0,0.2518499493598938,0.0001,1e-05,50.327,4.8027,0.7144
2950,stage2,1,0.22165097296237946,0.42496025562286377,0.0,0.22165097296237946,0.0001,1e-05,50.323,4.8673,0.6497
2951,stage2,1,0.2019178420305252,0.3614875376224518,0.0,0.2019178420305252,0.0001,1e-05,50.322,4.2087,0.6556
2952,stage2,1,0.1938837766647339,0.3690306544303894,0.0,0.1938837766647339,0.0001,1e-05,50.32,3.6999,0.6649
2953,stage2,1,0.2066161036491394,0.3871532678604126,0.0,0.2066161036491394,0.0001,1e-05,50.322,4.3767,3.8757
2954,stage2,1,0.19739238917827606,0.4064315855503082,0.0,0.19739238917827606,0.0001,1e-05,50.323,3.8288,0.6735
2955,stage2,1,0.21269479393959045,0.396239697933197,0.0,0.21269479393959045,0.0001,1e-05,50.324,3.8163,0.7047
2956,stage2,1,0.16535508632659912,0.35889095067977905,0.0,0.16535508632659912,0.0001,1e-05,50.323,2.9461,0.6577
2957,stage2,1,0.182564839720726,0.35568684339523315,0.0,0.182564839720726,0.0001,1e-05,50.324,3.8043,0.7078
2958,stage2,1,0.22390864789485931,0.3848862648010254,0.0,0.22390864789485931,0.0001,1e-05,50.323,3.9038,0.6625
2959,stage2,1,0.16504040360450745,0.3753000497817993,0.0,0.16504040360450745,0.0001,1e-05,50.324,3.4162,0.6517
2960,stage2,1,0.18813520669937134,0.38524192571640015,0.0,0.18813520669937134,0.0001,1e-05,50.323,4.2765,0.6683
2961,stage2,1,0.21911346912384033,0.37913286685943604,0.0,0.21911346912384033,0.0001,1e-05,50.322,4.0751,4.029
2962,stage2,1,0.19372139871120453,0.3522297441959381,0.0,0.19372139871120453,0.0001,1e-05,50.322,3.904,0.6671
2963,stage2,1,0.164260134100914,0.36839842796325684,0.0,0.164260134100914,0.0001,1e-05,50.322,3.5269,0.6386
2964,stage2,1,0.18378442525863647,0.3552261292934418,0.0,0.18378442525863647,0.0001,1e-05,50.323,3.4722,0.7249
2965,stage2,1,0.20623089373111725,0.399535208940506,0.0,0.20623089373111725,0.0001,1e-05,50.321,4.7163,0.6472
2966,stage2,1,0.20339623093605042,0.38887709379196167,0.0,0.20339623093605042,0.0001,1e-05,50.321,3.9169,0.6473
2967,stage2,1,0.17077966034412384,0.3837495744228363,0.0,0.17077966034412384,0.0001,1e-05,50.323,4.2117,0.647
2968,stage2,1,0.21727913618087769,0.3737945556640625,0.0,0.21727913618087769,0.0001,1e-05,50.325,3.737,0.6466
2969,stage2,1,0.1647946536540985,0.38152337074279785,0.0,0.1647946536540985,0.0001,1e-05,50.319,3.0172,3.8309
2970,stage2,1,0.18099497258663177,0.3563673794269562,0.0,0.18099497258663177,0.0001,1e-05,50.323,3.5028,0.6693
2971,stage2,1,0.2079414576292038,0.37359029054641724,0.0,0.2079414576292038,0.0001,1e-05,50.327,3.419,0.6624
2972,stage2,1,0.21020101010799408,0.3726712465286255,0.0,0.21020101010799408,0.0001,1e-05,50.32,3.9766,0.7039
2973,stage2,1,0.16962498426437378,0.38350605964660645,0.0,0.16962498426437378,0.0001,1e-05,50.322,4.2675,0.6462
2974,stage2,1,0.18883390724658966,0.3675374388694763,0.0,0.18883390724658966,0.0001,1e-05,50.321,3.306,0.6532
2975,stage2,1,0.1871647983789444,0.38318923115730286,0.0,0.1871647983789444,0.0001,1e-05,50.32,3.5632,0.6476
2976,stage2,1,0.18014810979366302,0.3812723457813263,0.0,0.18014810979366302,0.0001,1e-05,50.321,3.91,0.6463
2977,stage2,1,0.1899711638689041,0.39711087942123413,0.0,0.1899711638689041,0.0001,1e-05,50.321,5.1958,3.951
2978,stage2,1,0.1979016661643982,0.38445475697517395,0.0,0.1979016661643982,0.0001,1e-05,50.322,4.3183,0.6454
2979,stage2,1,0.19906535744667053,0.38484838604927063,0.0,0.19906535744667053,0.0001,1e-05,50.324,3.8052,0.6455
2980,stage2,1,0.20476463437080383,0.36339643597602844,0.0,0.20476463437080383,0.0001,1e-05,50.322,3.6219,0.6459
2981,stage2,1,0.216464564204216,0.39257916808128357,0.0,0.216464564204216,0.0001,1e-05,50.321,3.9944,0.6461
2982,stage2,1,0.17157694697380066,0.39067503809928894,0.0,0.17157694697380066,0.0001,1e-05,50.322,3.8097,0.7036
2983,stage2,1,0.20256878435611725,0.3975346088409424,0.0,0.20256878435611725,0.0001,1e-05,50.327,3.7311,0.6459
2984,stage2,1,0.17170222103595734,0.3825530707836151,0.0,0.17170222103595734,0.0001,1e-05,50.323,3.2802,0.6515
2985,stage2,1,0.18603916466236115,0.3812302350997925,0.0,0.18603916466236115,0.0001,1e-05,50.326,3.4273,3.9209
2986,stage2,1,0.19753529131412506,0.37521064281463623,0.0,0.19753529131412506,0.0001,1e-05,50.323,3.5966,0.7247
2987,stage2,1,0.21544434130191803,0.3900591731071472,0.0,0.21544434130191803,0.0001,1e-05,50.321,3.7753,0.6781
2988,stage2,1,0.20525029301643372,0.3870193660259247,0.0,0.20525029301643372,0.0001,1e-05,50.324,4.6388,0.6507
2989,stage2,1,0.19291670620441437,0.36694270372390747,0.0,0.19291670620441437,0.0001,1e-05,50.322,4.0519,0.646
2990,stage2,1,0.2048468142747879,0.394828200340271,0.0,0.2048468142747879,0.0001,1e-05,50.326,3.9611,0.651
2991,stage2,1,0.22430606186389923,0.3682056665420532,0.0,0.22430606186389923,0.0001,1e-05,50.323,3.6095,0.6455
2992,stage2,1,0.19799458980560303,0.3896218538284302,0.0,0.19799458980560303,0.0001,1e-05,50.326,3.6571,0.6636
2993,stage2,1,0.19157011806964874,0.3776721656322479,0.0,0.19157011806964874,0.0001,1e-05,50.322,3.6421,3.854
2994,stage2,1,0.16523674130439758,0.3452441096305847,0.0,0.16523674130439758,0.0001,1e-05,50.324,3.7615,0.7396
2995,stage2,1,0.1552009880542755,0.3709178566932678,0.0,0.1552009880542755,0.0001,1e-05,50.327,3.4271,0.6453
2996,stage2,1,0.22038263082504272,0.3814055919647217,0.0,0.22038263082504272,0.0001,1e-05,50.324,3.8302,0.6461
2997,stage2,1,0.20136022567749023,0.3509806990623474,0.0,0.20136022567749023,0.0001,1e-05,50.324,4.6364,0.7084
2998,stage2,1,0.20695151388645172,0.39977365732192993,0.0,0.20695151388645172,0.0001,1e-05,50.322,3.6371,0.6354
2999,stage2,1,0.18438678979873657,0.378788024187088,0.0,0.18438678979873657,0.0001,1e-05,50.326,3.5728,0.6623
3000,stage2,1,0.19535736739635468,0.3666794002056122,0.0,0.19535736739635468,0.0001,1e-05,50.324,3.0459,0.6445
3001,stage2,1,0.2227170765399933,0.4008863568305969,0.0,0.2227170765399933,0.0001,1e-05,50.327,4.5552,3.8503
3002,stage2,1,0.19117926061153412,0.4092521071434021,0.0,0.19117926061153412,0.0001,1e-05,50.325,4.1302,0.7894
3003,stage2,1,0.19602224230766296,0.37338241934776306,0.0,0.19602224230766296,0.0001,1e-05,50.327,4.3616,0.6455
3004,stage2,1,0.18360430002212524,0.3673868179321289,0.0,0.18360430002212524,0.0001,1e-05,50.325,4.1134,0.65
3005,stage2,1,0.1692700833082199,0.35541611909866333,0.0,0.1692700833082199,0.0001,1e-05,50.326,3.8062,0.6456
3006,stage2,1,0.19417990744113922,0.38805443048477173,0.0,0.19417990744113922,0.0001,1e-05,50.325,3.6255,0.7104
3007,stage2,1,0.21071754395961761,0.38273459672927856,0.0,0.21071754395961761,0.0001,1e-05,50.326,4.6571,0.6353
3008,stage2,1,0.1776188462972641,0.37710607051849365,0.0,0.1776188462972641,0.0001,1e-05,50.323,3.8463,0.6462
3009,stage2,1,0.21038861572742462,0.3988226652145386,0.0,0.21038861572742462,0.0001,1e-05,50.325,4.1493,3.7625
3010,stage2,1,0.18655097484588623,0.37559616565704346,0.0,0.18655097484588623,0.0001,1e-05,50.324,3.9913,0.8654
3011,stage2,1,0.17417322099208832,0.35397589206695557,0.0,0.17417322099208832,0.0001,1e-05,50.323,2.7752,0.701
3012,stage2,1,0.16417044401168823,0.3497062623500824,0.0,0.16417044401168823,0.0001,1e-05,50.327,3.5835,0.6426
3013,stage2,1,0.19565296173095703,0.3787195086479187,0.0,0.19565296173095703,0.0001,1e-05,50.324,3.7069,0.6463
3014,stage2,1,0.20736928284168243,0.3716549277305603,0.0,0.20736928284168243,0.0001,1e-05,50.325,3.3681,0.6472
3015,stage2,1,0.22211289405822754,0.38970983028411865,0.0,0.22211289405822754,0.0001,1e-05,50.327,3.7942,0.6463
3016,stage2,1,0.20342202484607697,0.38881659507751465,0.0,0.20342202484607697,0.0001,1e-05,50.328,3.7876,0.709
3017,stage2,1,0.16399763524532318,0.37107375264167786,0.0,0.16399763524532318,0.0001,1e-05,50.324,3.1173,3.7001
3018,stage2,1,0.19655317068099976,0.373365193605423,0.0,0.19655317068099976,0.0001,1e-05,50.325,4.2149,0.8029
3019,stage2,1,0.1824026107788086,0.3481209874153137,0.0,0.1824026107788086,0.0001,1e-05,50.326,3.6496,0.6458
3020,stage2,1,0.19742783904075623,0.38291195034980774,0.0,0.19742783904075623,0.0001,1e-05,50.325,3.3799,0.6376
3021,stage2,1,0.17040298879146576,0.37175223231315613,0.0,0.17040298879146576,0.0001,1e-05,50.326,3.5509,0.6682
3022,stage2,1,0.16382406651973724,0.3478640615940094,0.0,0.16382406651973724,0.0001,1e-05,50.33,2.9234,0.662
3023,stage2,1,0.19931180775165558,0.39917391538619995,0.0,0.19931180775165558,0.0001,1e-05,50.324,3.8464,0.7038
3024,stage2,1,0.16910815238952637,0.3508734703063965,0.0,0.16910815238952637,0.0001,1e-05,50.327,3.2371,0.6467
3025,stage2,1,0.197230264544487,0.36159205436706543,0.0,0.197230264544487,0.0001,1e-05,50.328,3.7005,3.7992
3026,stage2,1,0.171722874045372,0.3861057460308075,0.0,0.171722874045372,0.0001,1e-05,50.329,3.3985,0.792
3027,stage2,1,0.18242788314819336,0.35274505615234375,0.0,0.18242788314819336,0.0001,1e-05,50.331,3.0962,0.6412
3028,stage2,1,0.19782191514968872,0.3837210536003113,0.0,0.19782191514968872,0.0001,1e-05,50.329,4.1257,0.6681
3029,stage2,1,0.1715330332517624,0.35884857177734375,0.0,0.1715330332517624,0.0001,1e-05,50.327,3.74,0.6405
3030,stage2,1,0.19541692733764648,0.3816595673561096,0.0,0.19541692733764648,0.0001,1e-05,50.328,3.7441,0.6949
3031,stage2,1,0.1921386420726776,0.34610211849212646,0.0,0.1921386420726776,0.0001,1e-05,50.328,3.3162,0.6751
3032,stage2,1,0.17935773730278015,0.3386552333831787,0.0,0.17935773730278015,0.0001,1e-05,50.326,4.3133,0.6468
3033,stage2,1,0.19284306466579437,0.40423157811164856,0.0,0.19284306466579437,0.0001,1e-05,50.325,3.3297,3.7948
3034,stage2,1,0.20614676177501678,0.3928648829460144,0.0,0.20614676177501678,0.0001,1e-05,50.325,3.9012,0.8245
3035,stage2,1,0.16811630129814148,0.3713407814502716,0.0,0.16811630129814148,0.0001,1e-05,50.324,2.9451,0.6926
3036,stage2,1,0.1826089769601822,0.3449648320674896,0.0,0.1826089769601822,0.0001,1e-05,50.326,4.0085,0.6456
3037,stage2,1,0.18679234385490417,0.3864465057849884,0.0,0.18679234385490417,0.0001,1e-05,50.326,3.7805,0.6465
3038,stage2,1,0.2067716121673584,0.3935468792915344,0.0,0.2067716121673584,0.0001,1e-05,50.322,4.132,0.6451
3039,stage2,1,0.1438218057155609,0.37001731991767883,0.0,0.1438218057155609,0.0001,1e-05,50.323,2.4715,0.6951
3040,stage2,1,0.17896191775798798,0.36015352606773376,0.0,0.17896191775798798,0.0001,1e-05,50.325,3.3129,0.6552
3041,stage2,1,0.19309936463832855,0.39839717745780945,0.0,0.19309936463832855,0.0001,1e-05,50.321,4.1281,3.7945
3042,stage2,1,0.16354164481163025,0.35842472314834595,0.0,0.16354164481163025,0.0001,1e-05,50.324,2.8716,0.7875
3043,stage2,1,0.1736341118812561,0.39181530475616455,0.0,0.1736341118812561,0.0001,1e-05,50.328,3.0549,0.6437
3044,stage2,1,0.1727394014596939,0.3838103115558624,0.0,0.1727394014596939,0.0001,1e-05,50.323,4.003,0.6975
3045,stage2,1,0.18447934091091156,0.370497465133667,0.0,0.18447934091091156,0.0001,1e-05,50.324,3.601,0.6503
3046,stage2,1,0.20042365789413452,0.3899371027946472,0.0,0.20042365789413452,0.0001,1e-05,50.323,3.5905,0.6459
3047,stage2,1,0.18394717574119568,0.3782060146331787,0.0,0.18394717574119568,0.0001,1e-05,50.326,3.875,0.6465
3048,stage2,1,0.1780129075050354,0.37838104367256165,0.0,0.1780129075050354,0.0001,1e-05,50.325,3.8715,0.6498
3049,stage2,1,0.17114685475826263,0.35565268993377686,0.0,0.17114685475826263,0.0001,1e-05,50.326,3.0147,4.0035
3050,stage2,1,0.2062171846628189,0.36035749316215515,0.0,0.2062171846628189,0.0001,1e-05,50.324,4.3526,0.7339
3051,stage2,1,0.1945604830980301,0.34456101059913635,0.0,0.1945604830980301,0.0001,1e-05,50.327,3.4154,0.6453
3052,stage2,1,0.18450111150741577,0.3551119863986969,0.0,0.18450111150741577,0.0001,1e-05,50.327,3.7295,0.6485
3053,stage2,1,0.20367440581321716,0.3643436133861542,0.0,0.20367440581321716,0.0001,1e-05,50.325,4.307,0.6456
3054,stage2,1,0.17733637988567352,0.34319859743118286,0.0,0.17733637988567352,0.0001,1e-05,50.326,3.7312,0.6436
3055,stage2,1,0.16918683052062988,0.35424572229385376,0.0,0.16918683052062988,0.0001,1e-05,50.327,3.2511,0.6613
3056,stage2,1,0.1694401353597641,0.3534103333950043,0.0,0.1694401353597641,0.0001,1e-05,50.32,3.5652,0.6453
3057,stage2,1,0.17236630618572235,0.3933022618293762,0.0,0.17236630618572235,0.0001,1e-05,50.325,3.237,4.047
3058,stage2,1,0.1755427122116089,0.37198641896247864,0.0,0.1755427122116089,0.0001,1e-05,50.324,3.7083,0.6542
3059,stage2,1,0.17602664232254028,0.37056952714920044,0.0,0.17602664232254028,0.0001,1e-05,50.321,3.3351,0.6448
3060,stage2,1,0.1814606636762619,0.36251336336135864,0.0,0.1814606636762619,0.0001,1e-05,50.327,3.3067,0.6435
3061,stage2,1,0.19987832009792328,0.37812379002571106,0.0,0.19987832009792328,0.0001,1e-05,50.327,3.9959,0.6459
3062,stage2,1,0.17826738953590393,0.3604079484939575,0.0,0.17826738953590393,0.0001,1e-05,50.325,3.794,0.7015
3063,stage2,1,0.1921861618757248,0.3781224489212036,0.0,0.1921861618757248,0.0001,1e-05,50.322,4.506,0.6441
3064,stage2,1,0.18921887874603271,0.39669597148895264,0.0,0.18921887874603271,0.0001,1e-05,50.325,3.7123,0.6394
3065,stage2,1,0.18583951890468597,0.3601025342941284,0.0,0.18583951890468597,0.0001,1e-05,50.323,3.1485,3.9669
3066,stage2,1,0.1873745322227478,0.3608079254627228,0.0,0.1873745322227478,0.0001,1e-05,50.324,3.7758,0.7078
3067,stage2,1,0.18825964629650116,0.3616447150707245,0.0,0.18825964629650116,0.0001,1e-05,50.325,4.0958,0.6416
3068,stage2,1,0.16338393092155457,0.3535589873790741,0.0,0.16338393092155457,0.0001,1e-05,50.323,3.3798,0.6441
3069,stage2,1,0.17606805264949799,0.3686605393886566,0.0,0.17606805264949799,0.0001,1e-05,50.321,3.0619,0.6445
3070,stage2,1,0.17768613994121552,0.38524481654167175,0.0,0.17768613994121552,0.0001,1e-05,50.324,3.806,0.6457
3071,stage2,1,0.17604194581508636,0.38613906502723694,0.0,0.17604194581508636,0.0001,1e-05,50.324,4.052,0.6845
3072,stage2,1,0.19708022475242615,0.36259737610816956,0.0,0.19708022475242615,0.0001,1e-05,50.322,3.5808,0.6528
3073,stage2,1,0.16597464680671692,0.3859485685825348,0.0,0.16597464680671692,0.0001,1e-05,50.322,3.9892,3.9474
3074,stage2,1,0.1552402675151825,0.37772175669670105,0.0,0.1552402675151825,0.0001,1e-05,50.325,3.254,0.7382
3075,stage2,1,0.17694921791553497,0.36449944972991943,0.0,0.17694921791553497,0.0001,1e-05,50.325,3.5192,0.6372
3076,stage2,1,0.1702590435743332,0.3656485974788666,0.0,0.1702590435743332,0.0001,1e-05,50.326,3.0381,0.6455
3077,stage2,1,0.18448778986930847,0.3609042465686798,0.0,0.18448778986930847,0.0001,1e-05,50.324,4.0604,0.6453
3078,stage2,1,0.19450534880161285,0.3730965256690979,0.0,0.19450534880161285,0.0001,1e-05,50.323,3.8268,0.6432
3079,stage2,1,0.17674627900123596,0.36007049679756165,0.0,0.17674627900123596,0.0001,1e-05,50.324,3.4606,0.6643
3080,stage2,1,0.17287731170654297,0.35234740376472473,0.0,0.17287731170654297,0.0001,1e-05,50.321,2.9605,0.6416
3081,stage2,1,0.16518810391426086,0.35417434573173523,0.0,0.16518810391426086,0.0001,1e-05,50.326,2.9722,3.9564
3082,stage2,1,0.17306549847126007,0.35974758863449097,0.0,0.17306549847126007,0.0001,1e-05,50.321,3.1264,0.6423
3083,stage2,1,0.18818624317646027,0.37667468190193176,0.0,0.18818624317646027,0.0001,1e-05,50.326,3.3374,0.6441
3084,stage2,1,0.17107217013835907,0.3428604006767273,0.0,0.17107217013835907,0.0001,1e-05,50.326,3.9568,0.6446
3085,stage2,1,0.18022051453590393,0.35128656029701233,0.0,0.18022051453590393,0.0001,1e-05,50.32,3.4041,0.649
3086,stage2,1,0.17144882678985596,0.3682442605495453,0.0,0.17144882678985596,0.0001,1e-05,50.322,3.3083,0.6443
3087,stage2,1,0.1895880252122879,0.3709576725959778,0.0,0.1895880252122879,0.0001,1e-05,50.324,4.5793,0.6699
3088,stage2,1,0.17794035375118256,0.38708627223968506,0.0,0.17794035375118256,0.0001,1e-05,50.321,3.7334,0.653
3089,stage2,1,0.18408551812171936,0.35376787185668945,0.0,0.18408551812171936,0.0001,1e-05,50.321,3.8455,4.0497
3090,stage2,1,0.1814100742340088,0.3722902238368988,0.0,0.1814100742340088,0.0001,1e-05,50.32,3.7485,0.6623
3091,stage2,1,0.1860022395849228,0.351911336183548,0.0,0.1860022395849228,0.0001,1e-05,50.32,3.9557,0.7247
3092,stage2,1,0.19575800001621246,0.35318222641944885,0.0,0.19575800001621246,0.0001,1e-05,50.325,3.8706,0.6493
3093,stage2,1,0.20098546147346497,0.3719545602798462,0.0,0.20098546147346497,0.0001,1e-05,50.323,4.0449,0.7001
3094,stage2,1,0.18624810874462128,0.3833748400211334,0.0,0.18624810874462128,0.0001,1e-05,50.325,3.1698,0.6435
3095,stage2,1,0.17524349689483643,0.35968586802482605,0.0,0.17524349689483643,0.0001,1e-05,50.324,3.282,0.6457
3096,stage2,1,0.15785101056098938,0.39176443219184875,0.0,0.15785101056098938,0.0001,1e-05,50.326,3.3512,0.6449
3097,stage2,1,0.163065105676651,0.3608458638191223,0.0,0.163065105676651,0.0001,1e-05,50.323,3.7066,3.8616
3098,stage2,1,0.20863932371139526,0.3753978908061981,0.0,0.20863932371139526,0.0001,1e-05,50.321,4.3413,0.6974
3099,stage2,1,0.18918515741825104,0.3898624777793884,0.0,0.18918515741825104,0.0001,1e-05,50.321,3.3895,0.8646
3100,stage2,1,0.17252476513385773,0.37374308705329895,0.0,0.17252476513385773,0.0001,1e-05,50.324,3.8583,0.645
3101,stage2,1,0.16535276174545288,0.3468330204486847,0.0,0.16535276174545288,0.0001,1e-05,50.324,3.6605,0.6496
3102,stage2,1,0.14072704315185547,0.3476780354976654,0.0,0.14072704315185547,0.0001,1e-05,50.322,3.3919,0.7104
3103,stage2,1,0.16715261340141296,0.3303835391998291,0.0,0.16715261340141296,0.0001,1e-05,50.325,2.9488,0.6362
3104,stage2,1,0.1954544186592102,0.3732055425643921,0.0,0.1954544186592102,0.0001,1e-05,50.321,4.4601,0.6457
3105,stage2,1,0.1759369969367981,0.38226744532585144,0.0,0.1759369969367981,0.0001,1e-05,50.323,3.9958,3.7443
3106,stage2,1,0.1649860441684723,0.35212117433547974,0.0,0.1649860441684723,0.0001,1e-05,50.321,3.0176,0.6498
3107,stage2,1,0.1535128802061081,0.3640657365322113,0.0,0.1535128802061081,0.0001,1e-05,50.319,3.501,1.0914
3108,stage2,1,0.19796444475650787,0.3850105106830597,0.0,0.19796444475650787,0.0001,1e-05,50.322,3.9815,0.6964
3109,stage2,1,0.19524693489074707,0.37875428795814514,0.0,0.19524693489074707,0.0001,1e-05,50.324,3.6077,0.6428
3110,stage2,1,0.20415374636650085,0.3585645258426666,0.0,0.20415374636650085,0.0001,1e-05,50.324,4.0072,0.6512
3111,stage2,1,0.16418097913265228,0.3784525990486145,0.0,0.16418097913265228,0.0001,1e-05,50.323,3.7456,0.6452
3112,stage2,1,0.18898384273052216,0.3808072805404663,0.0,0.18898384273052216,0.0001,1e-05,50.325,4.0467,0.6453
3113,stage2,1,0.1830490231513977,0.40402692556381226,0.0,0.1830490231513977,0.0001,1e-05,50.323,4.4792,3.5526
3114,stage2,1,0.20030659437179565,0.3868231475353241,0.0,0.20030659437179565,0.0001,1e-05,50.326,3.893,0.6419
3115,stage2,1,0.18577946722507477,0.3924387991428375,0.0,0.18577946722507477,0.0001,1e-05,50.327,3.694,1.1904
3116,stage2,1,0.18534530699253082,0.38454920053482056,0.0,0.18534530699253082,0.0001,1e-05,50.323,3.6232,0.6438
3117,stage2,1,0.17485009133815765,0.385758638381958,0.0,0.17485009133815765,0.0001,1e-05,50.325,4.0923,0.7004
3118,stage2,1,0.20387417078018188,0.3665544092655182,0.0,0.20387417078018188,0.0001,1e-05,50.326,4.252,0.6432
3119,stage2,1,0.16817891597747803,0.3606667220592499,0.0,0.16817891597747803,0.0001,1e-05,50.321,3.1449,0.644
3120,stage2,1,0.1818501055240631,0.3743838965892792,0.0,0.1818501055240631,0.0001,1e-05,50.322,3.9355,0.6437
3121,stage2,1,0.20071697235107422,0.3665081560611725,0.0,0.20071697235107422,0.0001,1e-05,50.322,3.7979,3.331
3122,stage2,1,0.14905203878879547,0.3793768584728241,0.0,0.14905203878879547,0.0001,1e-05,50.324,3.4927,0.6439
3123,stage2,1,0.21343252062797546,0.3775632977485657,0.0,0.21343252062797546,0.0001,1e-05,50.321,4.6564,1.4966
3124,stage2,1,0.19003048539161682,0.3611131012439728,0.0,0.19003048539161682,0.0001,1e-05,50.324,3.5685,0.6376
3125,stage2,1,0.17980113625526428,0.36222201585769653,0.0,0.17980113625526428,0.0001,1e-05,50.325,3.1789,0.6447
3126,stage2,1,0.18589821457862854,0.38631486892700195,0.0,0.18589821457862854,0.0001,1e-05,50.326,3.905,0.6493
3127,stage2,1,0.17243333160877228,0.3659409284591675,0.0,0.17243333160877228,0.0001,1e-05,50.323,3.1545,0.6458
3128,stage2,1,0.1549893319606781,0.38048312067985535,0.0,0.1549893319606781,0.0001,1e-05,50.324,3.4049,0.7055
3129,stage2,1,0.16897381842136383,0.37486532330513,0.0,0.16897381842136383,0.0001,1e-05,50.323,3.444,3.1594
3130,stage2,1,0.19314125180244446,0.3956909775733948,0.0,0.19314125180244446,0.0001,1e-05,50.325,3.2085,0.6624
3131,stage2,1,0.16990827023983002,0.36470144987106323,0.0,0.16990827023983002,0.0001,1e-05,50.324,3.2906,1.4217
3132,stage2,1,0.16529276967048645,0.3494320511817932,0.0,0.16529276967048645,0.0001,1e-05,50.325,4.3264,0.6438
3133,stage2,1,0.18126730620861053,0.34135299921035767,0.0,0.18126730620861053,0.0001,1e-05,50.324,3.6022,0.6454
3134,stage2,1,0.17090770602226257,0.3404492735862732,0.0,0.17090770602226257,0.0001,1e-05,50.323,3.4266,0.6451
3135,stage2,1,0.1869988739490509,0.3750405013561249,0.0,0.1869988739490509,0.0001,1e-05,50.324,3.4236,0.6498
3136,stage2,1,0.18251481652259827,0.3912788927555084,0.0,0.18251481652259827,0.0001,1e-05,50.326,3.3091,0.6973
3137,stage2,1,0.1936340034008026,0.38877400755882263,0.0,0.1936340034008026,0.0001,1e-05,50.326,4.3756,3.2021
3138,stage2,1,0.1708122342824936,0.3858000934123993,0.0,0.1708122342824936,0.0001,1e-05,50.325,4.1125,0.636
3139,stage2,1,0.2168695032596588,0.3899819254875183,0.0,0.2168695032596588,0.0001,1e-05,50.324,4.375,1.4521
3140,stage2,1,0.16815319657325745,0.37693941593170166,0.0,0.16815319657325745,0.0001,1e-05,50.322,3.3693,0.6989
3141,stage2,1,0.1686713546514511,0.3459692895412445,0.0,0.1686713546514511,0.0001,1e-05,50.32,3.1499,0.6447
3142,stage2,1,0.1732301115989685,0.3923525810241699,0.0,0.1732301115989685,0.0001,1e-05,50.325,4.6756,0.6502
3143,stage2,1,0.17360848188400269,0.36561399698257446,0.0,0.17360848188400269,0.0001,1e-05,50.324,3.6393,0.6458
3144,stage2,1,0.20932310819625854,0.3728553354740143,0.0,0.20932310819625854,0.0001,1e-05,50.322,4.2972,0.6455
3145,stage2,1,0.17767181992530823,0.3496089279651642,0.0,0.17767181992530823,0.0001,1e-05,50.321,3.2878,3.1294
3146,stage2,1,0.17803235352039337,0.38211721181869507,0.0,0.17803235352039337,0.0001,1e-05,50.319,3.8473,0.6446
3147,stage2,1,0.22713346779346466,0.3855447471141815,0.0,0.22713346779346466,0.0001,1e-05,50.322,4.8145,1.4375
3148,stage2,1,0.17775723338127136,0.3639351427555084,0.0,0.17775723338127136,0.0001,1e-05,50.325,3.6168,0.6443
3149,stage2,1,0.16021160781383514,0.4012701213359833,0.0,0.16021160781383514,0.0001,1e-05,50.324,3.2512,0.644
3150,stage2,1,0.18057407438755035,0.3860906660556793,0.0,0.18057407438755035,0.0001,1e-05,50.325,3.4844,0.6436
3151,stage2,1,0.14735394716262817,0.3197140097618103,0.0,0.14735394716262817,0.0001,1e-05,50.324,2.9149,0.7057
3152,stage2,1,0.15964683890342712,0.37077096104621887,0.0,0.15964683890342712,0.0001,1e-05,50.323,4.1212,0.643
3153,stage2,1,0.17242129147052765,0.3666433095932007,0.0,0.17242129147052765,0.0001,1e-05,50.323,3.5453,3.2098
3154,stage2,1,0.1677195280790329,0.4028472900390625,0.0,0.1677195280790329,0.0001,1e-05,50.323,3.8104,0.7093
3155,stage2,1,0.18832090497016907,0.3715962767601013,0.0,0.18832090497016907,0.0001,1e-05,50.323,4.1705,1.3094
3156,stage2,1,0.200972318649292,0.38440409302711487,0.0,0.200972318649292,0.0001,1e-05,50.322,4.454,0.6972
3157,stage2,1,0.18139556050300598,0.4015880823135376,0.0,0.18139556050300598,0.0001,1e-05,50.321,3.5628,0.6449
3158,stage2,1,0.19940675795078278,0.3728030025959015,0.0,0.19940675795078278,0.0001,1e-05,50.322,4.1756,0.6449
3159,stage2,1,0.15941740572452545,0.34721118211746216,0.0,0.15941740572452545,0.0001,1e-05,50.323,3.4788,0.6451
3160,stage2,1,0.1879785656929016,0.3870922029018402,0.0,0.1879785656929016,0.0001,1e-05,50.325,3.515,0.6453
3161,stage2,1,0.20426379144191742,0.4114837944507599,0.0,0.20426379144191742,0.0001,1e-05,50.321,3.7256,3.3815
3162,stage2,1,0.1727781742811203,0.3545653820037842,0.0,0.1727781742811203,0.0001,1e-05,50.326,4.5003,0.6425
3163,stage2,1,0.1745966076850891,0.3434484004974365,0.0,0.1745966076850891,0.0001,1e-05,50.324,3.7173,1.2658
3164,stage2,1,0.23348139226436615,0.36865943670272827,0.0,0.23348139226436615,0.0001,1e-05,50.325,4.5273,0.6436
3165,stage2,1,0.1850668489933014,0.3325801491737366,0.0,0.1850668489933014,0.0001,1e-05,50.324,3.237,0.6379
3166,stage2,1,0.15665462613105774,0.3542890250682831,0.0,0.15665462613105774,0.0001,1e-05,50.32,3.6468,0.6678
3167,stage2,1,0.17773325741291046,0.34874826669692993,0.0,0.17773325741291046,0.0001,1e-05,50.322,3.5917,0.6939
3168,stage2,1,0.16262021660804749,0.3696371614933014,0.0,0.16262021660804749,0.0001,1e-05,50.328,3.3079,0.6465
3169,stage2,1,0.14840994775295258,0.35552817583084106,0.0,0.14840994775295258,0.0001,1e-05,50.325,3.158,3.3212
3170,stage2,1,0.16460207104682922,0.34941986203193665,0.0,0.16460207104682922,0.0001,1e-05,50.322,3.4246,0.6486
3171,stage2,1,0.2052745670080185,0.3756004571914673,0.0,0.2052745670080185,0.0001,1e-05,50.323,4.42,1.3473
3172,stage2,1,0.17209358513355255,0.3571316599845886,0.0,0.17209358513355255,0.0001,1e-05,50.323,3.4515,0.6466
3173,stage2,1,0.18633800745010376,0.3511121869087219,0.0,0.18633800745010376,0.0001,1e-05,50.323,4.3102,0.6446
3174,stage2,1,0.18366152048110962,0.3705487549304962,0.0,0.18366152048110962,0.0001,1e-05,50.319,4.3167,0.6488
3175,stage2,1,0.16211077570915222,0.3604374825954437,0.0,0.16211077570915222,0.0001,1e-05,50.321,4.2427,0.6443
3176,stage2,1,0.15485815703868866,0.33921125531196594,0.0,0.15485815703868866,0.0001,1e-05,50.324,3.4324,0.6979
3177,stage2,1,0.15652358531951904,0.35955485701560974,0.0,0.15652358531951904,0.0001,1e-05,50.324,3.4069,3.2613
3178,stage2,1,0.18060581386089325,0.3663037121295929,0.0,0.18060581386089325,0.0001,1e-05,50.318,4.0267,0.6531
3179,stage2,1,0.21187260746955872,0.4042900800704956,0.0,0.21187260746955872,0.0001,1e-05,50.321,3.5601,1.3126
3180,stage2,1,0.18538860976696014,0.3618835508823395,0.0,0.18538860976696014,0.0001,1e-05,50.324,4.6897,0.6983
3181,stage2,1,0.15124517679214478,0.3866039514541626,0.0,0.15124517679214478,0.0001,1e-05,50.323,3.0795,0.6448
3182,stage2,1,0.1928243786096573,0.3914480209350586,0.0,0.1928243786096573,0.0001,1e-05,50.322,3.5327,0.6456
3183,stage2,1,0.19715455174446106,0.3548237383365631,0.0,0.19715455174446106,0.0001,1e-05,50.323,3.6784,0.6456
3184,stage2,1,0.1592787653207779,0.35983705520629883,0.0,0.1592787653207779,0.0001,1e-05,50.322,3.5044,0.6446
3185,stage2,1,0.147501602768898,0.35606420040130615,0.0,0.147501602768898,0.0001,1e-05,50.323,3.3183,3.426
3186,stage2,1,0.19326770305633545,0.34773609042167664,0.0,0.19326770305633545,0.0001,1e-05,50.325,3.6372,0.6414
3187,stage2,1,0.18220502138137817,0.3668338656425476,0.0,0.18220502138137817,0.0001,1e-05,50.324,3.9653,1.2334
3188,stage2,1,0.18911470472812653,0.39279940724372864,0.0,0.18911470472812653,0.0001,1e-05,50.326,3.4541,0.6495
3189,stage2,1,0.1618841141462326,0.36181721091270447,0.0,0.1618841141462326,0.0001,1e-05,50.324,3.2641,0.6979
3190,stage2,1,0.17236551642417908,0.3633691370487213,0.0,0.17236551642417908,0.0001,1e-05,50.325,3.6234,0.6431
3191,stage2,1,0.17161719501018524,0.37576332688331604,0.0,0.17161719501018524,0.0001,1e-05,50.325,4.5764,0.6446
3192,stage2,1,0.18679703772068024,0.3509407341480255,0.0,0.18679703772068024,0.0001,1e-05,50.324,4.4503,0.645
3193,stage2,1,0.19335004687309265,0.39737510681152344,0.0,0.19335004687309265,0.0001,1e-05,50.327,3.4517,3.3563
3194,stage2,1,0.20290449261665344,0.38615882396698,0.0,0.20290449261665344,0.0001,1e-05,50.323,4.7892,0.6492
3195,stage2,1,0.18145641684532166,0.36212435364723206,0.0,0.18145641684532166,0.0001,1e-05,50.327,3.6911,1.2436
3196,stage2,1,0.14333279430866241,0.32615697383880615,0.0,0.14333279430866241,0.0001,1e-05,50.322,2.9563,0.6589
3197,stage2,1,0.18619194626808167,0.3636504113674164,0.0,0.18619194626808167,0.0001,1e-05,50.324,4.1537,0.7074
3198,stage2,1,0.15933823585510254,0.35528647899627686,0.0,0.15933823585510254,0.0001,1e-05,50.325,4.192,0.6599
3199,stage2,1,0.1305018812417984,0.3569493293762207,0.0,0.1305018812417984,0.0001,1e-05,50.328,2.9449,0.7117
3200,stage2,1,0.18539783358573914,0.3553789556026459,0.0,0.18539783358573914,0.0001,1e-05,50.327,3.4737,0.658
3201,stage2,1,0.18127450346946716,0.3782535791397095,0.0,0.18127450346946716,0.0001,1e-05,50.322,3.9622,3.4563
3202,stage2,1,0.18162590265274048,0.3429684638977051,0.0,0.18162590265274048,0.0001,1e-05,50.327,2.9626,0.6612
3203,stage2,1,0.14429707825183868,0.3498821556568146,0.0,0.14429707825183868,0.0001,1e-05,50.326,2.741,1.2365
3204,stage2,1,0.1578872799873352,0.3538634777069092,0.0,0.1578872799873352,0.0001,1e-05,50.325,2.8734,0.6446
3205,stage2,1,0.2338257133960724,0.37792912125587463,0.0,0.2338257133960724,0.0001,1e-05,50.322,5.1608,0.6654
3206,stage2,1,0.1515493541955948,0.36624738574028015,0.0,0.1515493541955948,0.0001,1e-05,50.32,3.8932,0.7087
3207,stage2,1,0.18216529488563538,0.39063894748687744,0.0,0.18216529488563538,0.0001,1e-05,50.322,3.8487,0.6577
3208,stage2,1,0.185094952583313,0.35649460554122925,0.0,0.185094952583313,0.0001,1e-05,50.321,3.902,0.7154
3209,stage2,1,0.2049405872821808,0.3846936523914337,0.0,0.2049405872821808,0.0001,1e-05,50.323,5.0185,3.3534
3210,stage2,1,0.17000973224639893,0.3698757290840149,0.0,0.17000973224639893,0.0001,1e-05,50.323,3.4551,0.6533
3211,stage2,1,0.19087035953998566,0.38268914818763733,0.0,0.19087035953998566,0.0001,1e-05,50.324,3.6533,1.2373
3212,stage2,1,0.1769036203622818,0.366969496011734,0.0,0.1769036203622818,0.0001,1e-05,50.323,4.5935,0.6507
3213,stage2,1,0.18252457678318024,0.37541767954826355,0.0,0.18252457678318024,0.0001,1e-05,50.322,4.8609,0.6487
3214,stage2,1,0.21236440539360046,0.3884863257408142,0.0,0.21236440539360046,0.0001,1e-05,50.318,4.9759,0.6612
3215,stage2,1,0.1895141899585724,0.3534909188747406,0.0,0.1895141899585724,0.0001,1e-05,50.327,3.0864,0.7055
3216,stage2,1,0.18312014639377594,0.3673589825630188,0.0,0.18312014639377594,0.0001,1e-05,50.321,3.6066,0.6565
3217,stage2,1,0.17506301403045654,0.35176944732666016,0.0,0.17506301403045654,0.0001,1e-05,50.32,3.7163,3.4917
3218,stage2,1,0.1707242727279663,0.34560489654541016,0.0,0.1707242727279663,0.0001,1e-05,50.323,4.2613,0.6585
3219,stage2,1,0.1644466072320938,0.3410055637359619,0.0,0.1644466072320938,0.0001,1e-05,50.321,3.3018,1.2308
3220,stage2,1,0.17626897990703583,0.3610312342643738,0.0,0.17626897990703583,0.0001,1e-05,50.32,3.9416,0.6482
3221,stage2,1,0.166681170463562,0.3555218279361725,0.0,0.166681170463562,0.0001,1e-05,50.32,3.3272,0.6657
3222,stage2,1,0.19255784153938293,0.3777610659599304,0.0,0.19255784153938293,0.0001,1e-05,50.322,4.3656,0.6373
3223,stage2,1,0.1522068977355957,0.34851938486099243,0.0,0.1522068977355957,0.0001,1e-05,50.32,3.1802,0.7306
3224,stage2,1,0.20995277166366577,0.374394029378891,0.0,0.20995277166366577,0.0001,1e-05,50.322,3.4839,0.6524
3225,stage2,1,0.1864359825849533,0.40371593832969666,0.0,0.1864359825849533,0.0001,1e-05,50.323,3.9947,3.6488
3226,stage2,1,0.2163926512002945,0.3675292432308197,0.0,0.2163926512002945,0.0001,1e-05,50.323,4.5096,0.6517
3227,stage2,1,0.16680006682872772,0.352275550365448,0.0,0.16680006682872772,0.0001,1e-05,50.321,3.9746,1.1646
3228,stage2,1,0.15793804824352264,0.41001835465431213,0.0,0.15793804824352264,0.0001,1e-05,50.322,3.0201,0.7123
3229,stage2,1,0.18168488144874573,0.36729148030281067,0.0,0.18168488144874573,0.0001,1e-05,50.318,3.628,0.6601
3230,stage2,1,0.1898738592863083,0.37946340441703796,0.0,0.1898738592863083,0.0001,1e-05,50.32,4.2052,0.6607
3231,stage2,1,0.16553394496440887,0.3592485189437866,0.0,0.16553394496440887,0.0001,1e-05,50.324,3.2128,0.6637
3232,stage2,1,0.18301676213741302,0.3631851375102997,0.0,0.18301676213741302,0.0001,1e-05,50.323,4.1055,0.705
3233,stage2,1,0.1700877696275711,0.35389313101768494,0.0,0.1700877696275711,0.0001,1e-05,50.321,3.6542,3.6415
3234,stage2,1,0.1490839421749115,0.3645457923412323,0.0,0.1490839421749115,0.0001,1e-05,50.326,2.6357,0.6585
3235,stage2,1,0.18646906316280365,0.37536996603012085,0.0,0.18646906316280365,0.0001,1e-05,50.323,3.7964,1.1936
3236,stage2,1,0.19456475973129272,0.3450808823108673,0.0,0.19456475973129272,0.0001,1e-05,50.323,4.0128,0.6568
3237,stage2,1,0.1561601459980011,0.36246877908706665,0.0,0.1561601459980011,0.0001,1e-05,50.324,3.1976,0.7092
3238,stage2,1,0.17864809930324554,0.34177300333976746,0.0,0.17864809930324554,0.0001,1e-05,50.322,3.8648,0.6732
3239,stage2,1,0.17621834576129913,0.36699989438056946,0.0,0.17621834576129913,0.0001,1e-05,50.326,2.9817,0.6469
3240,stage2,1,0.1734432876110077,0.3760383427143097,0.0,0.1734432876110077,0.0001,1e-05,50.324,4.0434,0.7115
3241,stage2,1,0.16508366167545319,0.3429664671421051,0.0,0.16508366167545319,0.0001,1e-05,50.324,3.942,3.464
3242,stage2,1,0.139629527926445,0.3865169882774353,0.0,0.139629527926445,0.0001,1e-05,50.325,2.7577,0.6603
3243,stage2,1,0.15711835026741028,0.3555200397968292,0.0,0.15711835026741028,0.0001,1e-05,50.322,3.286,1.1953
3244,stage2,1,0.17518191039562225,0.3833167552947998,0.0,0.17518191039562225,0.0001,1e-05,50.324,4.7437,0.7187
3245,stage2,1,0.19066621363162994,0.3628543019294739,0.0,0.19066621363162994,0.0001,1e-05,50.322,4.2193,0.6545
3246,stage2,1,0.1689564734697342,0.34429046511650085,0.0,0.1689564734697342,0.0001,1e-05,50.326,4.4576,0.6541
3247,stage2,1,0.20669223368167877,0.37802013754844666,0.0,0.20669223368167877,0.0001,1e-05,50.321,3.7018,0.7084
3248,stage2,1,0.16520294547080994,0.3803538978099823,0.0,0.16520294547080994,0.0001,1e-05,50.323,3.8295,0.6629
3249,stage2,1,0.15678565204143524,0.3698228597640991,0.0,0.15678565204143524,0.0001,1e-05,50.327,3.6765,3.4802
3250,stage2,1,0.1612553745508194,0.3661514222621918,0.0,0.1612553745508194,0.0001,1e-05,50.324,3.3224,0.6525
3251,stage2,1,0.15262733399868011,0.33419889211654663,0.0,0.15262733399868011,0.0001,1e-05,50.321,3.2071,1.407
3252,stage2,1,0.160921111702919,0.3729594349861145,0.0,0.160921111702919,0.0001,1e-05,50.32,3.6054,0.6545
3253,stage2,1,0.15247276425361633,0.36720508337020874,0.0,0.15247276425361633,0.0001,1e-05,50.324,3.1748,0.714
3254,stage2,1,0.17235144972801208,0.35636359453201294,0.0,0.17235144972801208,0.0001,1e-05,50.326,3.6653,0.6515
3255,stage2,1,0.14794357120990753,0.3931965231895447,0.0,0.14794357120990753,0.0001,1e-05,50.319,3.1411,0.6493
3256,stage2,1,0.16931995749473572,0.371991902589798,0.0,0.16931995749473572,0.0001,1e-05,50.321,3.8455,0.6688
3257,stage2,1,0.18050768971443176,0.36505982279777527,0.0,0.18050768971443176,0.0001,1e-05,50.321,3.7519,3.328
3258,stage2,1,0.15976332128047943,0.36344239115715027,0.0,0.15976332128047943,0.0001,1e-05,50.325,3.4415,0.7075
3259,stage2,1,0.20738531649112701,0.38830965757369995,0.0,0.20738531649112701,0.0001,1e-05,50.323,4.2801,1.3313
3260,stage2,1,0.16657868027687073,0.363655686378479,0.0,0.16657868027687073,0.0001,1e-05,50.324,3.3051,0.6634
3261,stage2,1,0.179563507437706,0.3542274534702301,0.0,0.179563507437706,0.0001,1e-05,50.323,3.6807,0.7207
3262,stage2,1,0.15458640456199646,0.3790925443172455,0.0,0.15458640456199646,0.0001,1e-05,50.324,3.2024,0.6682
3263,stage2,1,0.16402004659175873,0.3667999804019928,0.0,0.16402004659175873,0.0001,1e-05,50.322,3.3996,0.7139
3264,stage2,1,0.16360700130462646,0.3643506169319153,0.0,0.16360700130462646,0.0001,1e-05,50.321,4.7408,0.6618
3265,stage2,1,0.18866853415966034,0.39713650941848755,0.0,0.18866853415966034,0.0001,1e-05,50.326,4.2477,3.4039
3266,stage2,1,0.1819658726453781,0.3753863573074341,0.0,0.1819658726453781,0.0001,1e-05,50.321,4.0195,0.646
3267,stage2,1,0.1669521927833557,0.3688699007034302,0.0,0.1669521927833557,0.0001,1e-05,50.321,3.7752,1.2236
3268,stage2,1,0.15265925228595734,0.3634052276611328,0.0,0.15265925228595734,0.0001,1e-05,50.323,3.4404,0.7145
3269,stage2,1,0.17195332050323486,0.3848494291305542,0.0,0.17195332050323486,0.0001,1e-05,50.322,3.9426,0.6644
3270,stage2,1,0.1626661866903305,0.41507968306541443,0.0,0.1626661866903305,0.0001,1e-05,50.325,4.1746,0.6569
3271,stage2,1,0.1671447455883026,0.35836246609687805,0.0,0.1671447455883026,0.0001,1e-05,50.325,3.4126,0.7084
3272,stage2,1,0.16915960609912872,0.38501057028770447,0.0,0.16915960609912872,0.0001,1e-05,50.323,3.4884,0.6562
3273,stage2,1,0.17018580436706543,0.36227431893348694,0.0,0.17018580436706543,0.0001,1e-05,50.322,3.521,3.5208
3274,stage2,1,0.17904981970787048,0.371369332075119,0.0,0.17904981970787048,0.0001,1e-05,50.324,5.0685,0.6458
3275,stage2,1,0.16638727486133575,0.38702672719955444,0.0,0.16638727486133575,0.0001,1e-05,50.323,3.4623,1.2473
3276,stage2,1,0.16761139035224915,0.3584364056587219,0.0,0.16761139035224915,0.0001,1e-05,50.322,4.0399,0.6704
3277,stage2,1,0.16224405169487,0.3608109652996063,0.0,0.16224405169487,0.0001,1e-05,50.323,3.8315,0.7144
3278,stage2,1,0.1835625171661377,0.37373942136764526,0.0,0.1835625171661377,0.0001,1e-05,50.322,4.3061,0.6707
3279,stage2,1,0.15233135223388672,0.38231509923934937,0.0,0.15233135223388672,0.0001,1e-05,50.322,2.9244,0.7069
3280,stage2,1,0.15482072532176971,0.3964250683784485,0.0,0.15482072532176971,0.0001,1e-05,50.323,3.4866,0.6614
3281,stage2,1,0.16357490420341492,0.36942359805107117,0.0,0.16357490420341492,0.0001,1e-05,50.324,3.9408,3.5518
3282,stage2,1,0.16580845415592194,0.37926921248435974,0.0,0.16580845415592194,0.0001,1e-05,50.324,4.0266,0.7049
3283,stage2,1,0.16612999141216278,0.3813323378562927,0.0,0.16612999141216278,0.0001,1e-05,50.326,3.8953,1.1678
3284,stage2,1,0.16882970929145813,0.3707728981971741,0.0,0.16882970929145813,0.0001,1e-05,50.326,3.6063,0.6598
3285,stage2,1,0.17258721590042114,0.38945823907852173,0.0,0.17258721590042114,0.0001,1e-05,50.322,4.6498,0.7182
3286,stage2,1,0.1956852525472641,0.35028889775276184,0.0,0.1956852525472641,0.0001,1e-05,50.323,4.1555,0.652
3287,stage2,1,0.19367071986198425,0.41785892844200134,0.0,0.19367071986198425,0.0001,1e-05,50.323,3.1162,0.665
3288,stage2,1,0.17189235985279083,0.4073198735713959,0.0,0.17189235985279083,0.0001,1e-05,50.324,4.3351,0.7004
3289,stage2,1,0.18520057201385498,0.372832328081131,0.0,0.18520057201385498,0.0001,1e-05,50.324,3.4283,3.5447
3290,stage2,1,0.1461949497461319,0.4050661027431488,0.0,0.1461949497461319,0.0001,1e-05,50.324,4.1186,0.6556
3291,stage2,1,0.17777560651302338,0.35652557015419006,0.0,0.17777560651302338,0.0001,1e-05,50.327,4.0626,1.1995
3292,stage2,1,0.17625464498996735,0.38864046335220337,0.0,0.17625464498996735,0.0001,1e-05,50.321,3.4251,0.7088
3293,stage2,1,0.15607964992523193,0.34498271346092224,0.0,0.15607964992523193,0.0001,1e-05,50.323,3.2943,0.6647
3294,stage2,1,0.17788882553577423,0.37011218070983887,0.0,0.17788882553577423,0.0001,1e-05,50.324,3.9071,0.7206
3295,stage2,1,0.1508888453245163,0.3422621786594391,0.0,0.1508888453245163,0.0001,1e-05,50.324,3.5897,0.659
3296,stage2,1,0.20158758759498596,0.3939264118671417,0.0,0.20158758759498596,0.0001,1e-05,50.323,4.079,0.7193
3297,stage2,1,0.15587745606899261,0.37329673767089844,0.0,0.15587745606899261,0.0001,1e-05,50.324,4.1012,3.4578
3298,stage2,1,0.15081730484962463,0.3628897964954376,0.0,0.15081730484962463,0.0001,1e-05,50.322,3.7763,0.6563
3299,stage2,1,0.13582730293273926,0.38048794865608215,0.0,0.13582730293273926,0.0001,1e-05,50.322,3.2444,1.2925
3300,stage2,1,0.15153390169143677,0.3636707067489624,0.0,0.15153390169143677,0.0001,1e-05,50.322,3.5499,0.6584
3301,stage2,1,0.1721983551979065,0.3519892394542694,0.0,0.1721983551979065,0.0001,1e-05,50.324,4.3806,0.7101
3302,stage2,1,0.1861075609922409,0.37792691588401794,0.0,0.1861075609922409,0.0001,1e-05,50.323,3.654,0.6609
3303,stage2,1,0.16413047909736633,0.34853696823120117,0.0,0.16413047909736633,0.0001,1e-05,50.325,3.7056,0.7081
3304,stage2,1,0.14917270839214325,0.3396572768688202,0.0,0.14917270839214325,0.0001,1e-05,50.326,4.0476,0.6685
3305,stage2,1,0.20993222296237946,0.360088586807251,0.0,0.20993222296237946,0.0001,1e-05,50.323,4.2336,3.3462
3306,stage2,1,0.1547749936580658,0.36564382910728455,0.0,0.1547749936580658,0.0001,1e-05,50.326,2.9449,0.7128
3307,stage2,1,0.1647719144821167,0.35743141174316406,0.0,0.1647719144821167,0.0001,1e-05,50.324,3.5139,1.5024
3308,stage2,1,0.17674359679222107,0.36554715037345886,0.0,0.17674359679222107,0.0001,1e-05,50.324,4.0511,0.6549
3309,stage2,1,0.21255609393119812,0.37096893787384033,0.0,0.21255609393119812,0.0001,1e-05,50.322,4.7081,0.7144
3310,stage2,1,0.14548039436340332,0.3730846643447876,0.0,0.14548039436340332,0.0001,1e-05,50.32,3.0359,0.6657
3311,stage2,1,0.16679568588733673,0.35998767614364624,0.0,0.16679568588733673,0.0001,1e-05,50.325,3.5276,0.72
3312,stage2,1,0.17058081924915314,0.38282474875450134,0.0,0.17058081924915314,0.0001,1e-05,50.323,4.5592,0.6547
3313,stage2,1,0.19680459797382355,0.3787631094455719,0.0,0.19680459797382355,0.0001,1e-05,50.326,3.7105,3.2123
3314,stage2,1,0.17374904453754425,0.37296250462532043,0.0,0.17374904453754425,0.0001,1e-05,50.321,3.6557,0.7349
3315,stage2,1,0.18993547558784485,0.3803805112838745,0.0,0.18993547558784485,0.0001,1e-05,50.323,4.172,1.4413
3316,stage2,1,0.16358064115047455,0.35017523169517517,0.0,0.16358064115047455,0.0001,1e-05,50.325,4.1194,0.7051
3317,stage2,1,0.1874695122241974,0.37407830357551575,0.0,0.1874695122241974,0.0001,1e-05,50.325,3.4864,0.652
3318,stage2,1,0.16427862644195557,0.38282501697540283,0.0,0.16427862644195557,0.0001,1e-05,50.321,3.4048,0.6607
3319,stage2,1,0.16334456205368042,0.3776453733444214,0.0,0.16334456205368042,0.0001,1e-05,50.323,3.7197,0.6411
3320,stage2,1,0.1493215262889862,0.3677120506763458,0.0,0.1493215262889862,0.0001,1e-05,50.325,3.6509,0.6815
3321,stage2,1,0.15341639518737793,0.34340763092041016,0.0,0.15341639518737793,0.0001,1e-05,50.326,3.4032,3.207
3322,stage2,1,0.14398415386676788,0.3355737328529358,0.0,0.14398415386676788,0.0001,1e-05,50.323,3.6383,0.7462
3323,stage2,1,0.1678295135498047,0.37602418661117554,0.0,0.1678295135498047,0.0001,1e-05,50.322,3.6379,1.402
3324,stage2,1,0.16305102407932281,0.37420931458473206,0.0,0.16305102407932281,0.0001,1e-05,50.322,3.5238,0.6441
3325,stage2,1,0.15282347798347473,0.352928102016449,0.0,0.15282347798347473,0.0001,1e-05,50.325,3.3803,0.6443
3326,stage2,1,0.2009068876504898,0.38555553555488586,0.0,0.2009068876504898,0.0001,1e-05,50.323,4.1314,0.6495
3327,stage2,1,0.1547519862651825,0.36671310663223267,0.0,0.1547519862651825,0.0001,1e-05,50.324,3.1441,0.7063
3328,stage2,1,0.17777778208255768,0.3489552438259125,0.0,0.17777778208255768,0.0001,1e-05,50.325,3.2406,0.6421
3329,stage2,1,0.1777193397283554,0.3816095292568207,0.0,0.1777193397283554,0.0001,1e-05,50.323,3.8395,3.0918
3330,stage2,1,0.1740504652261734,0.40413573384284973,0.0,0.1740504652261734,0.0001,1e-05,50.323,4.5189,0.7912
3331,stage2,1,0.1967431753873825,0.3744756281375885,0.0,0.1967431753873825,0.0001,1e-05,50.325,4.3941,1.4064
3332,stage2,1,0.17565171420574188,0.3903552293777466,0.0,0.17565171420574188,0.0001,1e-05,50.322,3.6042,0.6956
3333,stage2,1,0.14333687722682953,0.3804926574230194,0.0,0.14333687722682953,0.0001,1e-05,50.322,3.1484,0.6439
3334,stage2,1,0.1678520292043686,0.35975807905197144,0.0,0.1678520292043686,0.0001,1e-05,50.325,3.6188,0.6491
3335,stage2,1,0.15654252469539642,0.35960403084754944,0.0,0.15654252469539642,0.0001,1e-05,50.326,3.3998,0.6449
3336,stage2,1,0.1644889861345291,0.376478374004364,0.0,0.1644889861345291,0.0001,1e-05,50.326,3.6064,0.6504
3337,stage2,1,0.15072311460971832,0.3514493703842163,0.0,0.15072311460971832,0.0001,1e-05,50.321,3.0135,3.0787
3338,stage2,1,0.1717909723520279,0.3660013973712921,0.0,0.1717909723520279,0.0001,1e-05,50.324,3.4067,0.8299
3339,stage2,1,0.18819811940193176,0.3947981595993042,0.0,0.18819811940193176,0.0001,1e-05,50.324,3.4246,1.2895
3340,stage2,1,0.16747429966926575,0.3702789545059204,0.0,0.16747429966926575,0.0001,1e-05,50.323,3.2872,0.6429
3341,stage2,1,0.15897388756275177,0.38340261578559875,0.0,0.15897388756275177,0.0001,1e-05,50.322,2.8406,0.6437
3342,stage2,1,0.17143277823925018,0.34907522797584534,0.0,0.17143277823925018,0.0001,1e-05,50.319,3.5984,0.6432
3343,stage2,1,0.14360229671001434,0.359438419342041,0.0,0.14360229671001434,0.0001,1e-05,50.322,2.6412,0.7341
3344,stage2,1,0.16298386454582214,0.39731648564338684,0.0,0.16298386454582214,0.0001,1e-05,50.319,3.534,0.6376
3345,stage2,1,0.179547980427742,0.36089542508125305,0.0,0.179547980427742,0.0001,1e-05,50.32,3.4263,3.1069
3346,stage2,1,0.17003828287124634,0.3666306138038635,0.0,0.17003828287124634,0.0001,1e-05,50.318,3.902,0.8156
3347,stage2,1,0.1690186709165573,0.36550477147102356,0.0,0.1690186709165573,0.0001,1e-05,50.317,3.4976,1.3786
3348,stage2,1,0.18520234525203705,0.3493596017360687,0.0,0.18520234525203705,0.0001,1e-05,50.32,3.7592,0.6997
3349,stage2,1,0.1721254289150238,0.365264356136322,0.0,0.1721254289150238,0.0001,1e-05,50.322,3.3353,0.6439
3350,stage2,1,0.14926742017269135,0.3723001778125763,0.0,0.14926742017269135,0.0001,1e-05,50.321,3.1084,0.6447
3351,stage2,1,0.16909924149513245,0.3846338093280792,0.0,0.16909924149513245,0.0001,1e-05,50.324,3.4131,0.6453
3352,stage2,1,0.17612211406230927,0.4040623903274536,0.0,0.17612211406230927,0.0001,1e-05,50.323,4.2762,0.6451
3353,stage2,1,0.1940661519765854,0.39078593254089355,0.0,0.1940661519765854,0.0001,1e-05,50.321,3.7709,3.1062
3354,stage2,1,0.1715211719274521,0.37414881587028503,0.0,0.1715211719274521,0.0001,1e-05,50.323,4.4689,0.9091
3355,stage2,1,0.1899452656507492,0.36940646171569824,0.0,0.1899452656507492,0.0001,1e-05,50.321,4.3997,1.3734
3356,stage2,1,0.16694515943527222,0.35272425413131714,0.0,0.16694515943527222,0.0001,1e-05,50.323,3.7793,0.6443
3357,stage2,1,0.18547020852565765,0.35487043857574463,0.0,0.18547020852565765,0.0001,1e-05,50.322,4.2295,0.7042
3358,stage2,1,0.19115611910820007,0.35833504796028137,0.0,0.19115611910820007,0.0001,1e-05,50.325,3.7407,0.6453
3359,stage2,1,0.18121662735939026,0.38207289576530457,0.0,0.18121662735939026,0.0001,1e-05,50.32,3.4261,0.6444
3360,stage2,1,0.1559484601020813,0.3436861038208008,0.0,0.1559484601020813,0.0001,1e-05,50.325,3.7849,0.6449
3361,stage2,1,0.13070721924304962,0.35400471091270447,0.0,0.13070721924304962,0.0001,1e-05,50.326,2.9184,3.0129
3362,stage2,1,0.19212765991687775,0.3466690480709076,0.0,0.19212765991687775,0.0001,1e-05,50.323,3.8768,0.7968
3363,stage2,1,0.16688121855258942,0.37576955556869507,0.0,0.16688121855258942,0.0001,1e-05,50.319,3.5212,1.5153
3364,stage2,1,0.20438037812709808,0.4091726541519165,0.0,0.20438037812709808,0.0001,1e-05,50.325,4.0226,0.6411
3365,stage2,1,0.1544196605682373,0.3425773084163666,0.0,0.1544196605682373,0.0001,1e-05,50.326,3.3067,0.6451
3366,stage2,1,0.15870849788188934,0.35181358456611633,0.0,0.15870849788188934,0.0001,1e-05,50.323,3.3769,0.6468
3367,stage2,1,0.19519969820976257,0.35744616389274597,0.0,0.19519969820976257,0.0001,1e-05,50.323,3.6531,0.6636
3368,stage2,1,0.17162664234638214,0.36525991559028625,0.0,0.17162664234638214,0.0001,1e-05,50.328,3.8905,0.6401
3369,stage2,1,0.16142058372497559,0.370536208152771,0.0,0.16142058372497559,0.0001,1e-05,50.325,2.8124,2.8755
3370,stage2,1,0.19014038145542145,0.37197643518447876,0.0,0.19014038145542145,0.0001,1e-05,50.326,4.0749,0.9271
3371,stage2,1,0.17117510735988617,0.3769637942314148,0.0,0.17117510735988617,0.0001,1e-05,50.325,3.7903,1.4897
3372,stage2,1,0.17823223769664764,0.33783140778541565,0.0,0.17823223769664764,0.0001,1e-05,50.321,3.5262,0.6427
3373,stage2,1,0.16341139376163483,0.3515365421772003,0.0,0.16341139376163483,0.0001,1e-05,50.324,3.7528,0.6443
3374,stage2,1,0.1756131649017334,0.360011488199234,0.0,0.1756131649017334,0.0001,1e-05,50.323,3.3201,0.698
3375,stage2,1,0.1810779720544815,0.35028478503227234,0.0,0.1810779720544815,0.0001,1e-05,50.326,4.5426,0.6445
3376,stage2,1,0.17947666347026825,0.35242974758148193,0.0,0.17947666347026825,0.0001,1e-05,50.327,3.6245,0.6455
3377,stage2,1,0.17263002693653107,0.37512701749801636,0.0,0.17263002693653107,0.0001,1e-05,50.323,4.4611,2.8213
3378,stage2,1,0.16630405187606812,0.33976444602012634,0.0,0.16630405187606812,0.0001,1e-05,50.324,3.4589,0.9917
3379,stage2,1,0.18258559703826904,0.35744723677635193,0.0,0.18258559703826904,0.0001,1e-05,50.32,3.3823,1.514
3380,stage2,1,0.17625918984413147,0.3692031800746918,0.0,0.17625918984413147,0.0001,1e-05,50.324,3.8957,0.6435
3381,stage2,1,0.16806843876838684,0.35757458209991455,0.0,0.16806843876838684,0.0001,1e-05,50.323,3.6984,0.6447
3382,stage2,1,0.1447407305240631,0.3888189494609833,0.0,0.1447407305240631,0.0001,1e-05,50.322,3.2478,0.6451
3383,stage2,1,0.16188257932662964,0.3857717514038086,0.0,0.16188257932662964,0.0001,1e-05,50.322,3.506,0.702
3384,stage2,1,0.1750638484954834,0.3642500340938568,0.0,0.1750638484954834,0.0001,1e-05,50.324,3.0938,0.6421
3385,stage2,1,0.1564844399690628,0.3373194932937622,0.0,0.1564844399690628,0.0001,1e-05,50.323,4.0863,2.7489
3386,stage2,1,0.14621005952358246,0.370001882314682,0.0,0.14621005952358246,0.0001,1e-05,50.317,3.159,1.0861
3387,stage2,1,0.15774451196193695,0.35348623991012573,0.0,0.15774451196193695,0.0001,1e-05,50.324,3.5532,1.4574
3388,stage2,1,0.1653229147195816,0.38088658452033997,0.0,0.1653229147195816,0.0001,1e-05,50.321,4.8796,0.6443
3389,stage2,1,0.16053888201713562,0.35983240604400635,0.0,0.16053888201713562,0.0001,1e-05,50.322,3.531,0.7004
3390,stage2,1,0.1611793488264084,0.36934080719947815,0.0,0.1611793488264084,0.0001,1e-05,50.324,3.2708,0.6433
3391,stage2,1,0.16066686809062958,0.3400135338306427,0.0,0.16066686809062958,0.0001,1e-05,50.325,3.711,0.6451
3392,stage2,1,0.15656694769859314,0.3508347272872925,0.0,0.15656694769859314,0.0001,1e-05,50.325,4.3073,0.6457
3393,stage2,1,0.16356201469898224,0.35693755745887756,0.0,0.16356201469898224,0.0001,1e-05,50.325,3.2789,2.7397
3394,stage2,1,0.15563111007213593,0.3358655273914337,0.0,0.15563111007213593,0.0001,1e-05,50.324,3.3992,1.0496
3395,stage2,1,0.1740640103816986,0.3890989124774933,0.0,0.1740640103816986,0.0001,1e-05,50.324,3.6392,1.5757
3396,stage2,1,0.1523950845003128,0.3247253894805908,0.0,0.1523950845003128,0.0001,1e-05,50.327,2.8058,0.6443
3397,stage2,1,0.16771170496940613,0.34579768776893616,0.0,0.16771170496940613,0.0001,1e-05,50.323,3.5966,0.649
3398,stage2,1,0.17359435558319092,0.352358341217041,0.0,0.17359435558319092,0.0001,1e-05,50.32,3.064,0.6696
3399,stage2,1,0.1334095150232315,0.3914220631122589,0.0,0.1334095150232315,0.0001,1e-05,50.323,2.8116,0.6725
3400,stage2,1,0.20270200073719025,0.39109548926353455,0.0,0.20270200073719025,0.0001,1e-05,50.324,5.7587,0.6462
3401,stage2,1,0.1714165210723877,0.3422532379627228,0.0,0.1714165210723877,0.0001,1e-05,50.322,3.4818,2.6916
3402,stage2,1,0.21277162432670593,0.38239261507987976,0.0,0.21277162432670593,0.0001,1e-05,50.323,4.2148,1.05
3403,stage2,1,0.16300339996814728,0.3537287712097168,0.0,0.16300339996814728,0.0001,1e-05,50.323,3.6432,1.6372
3404,stage2,1,0.17703595757484436,0.35981664061546326,0.0,0.17703595757484436,0.0001,1e-05,50.32,4.8664,0.6986
3405,stage2,1,0.13910388946533203,0.33943572640419006,0.0,0.13910388946533203,0.0001,1e-05,50.323,3.3256,0.6496
3406,stage2,1,0.17851004004478455,0.35116004943847656,0.0,0.17851004004478455,0.0001,1e-05,50.324,3.5198,0.6443
3407,stage2,1,0.12894810736179352,0.36235082149505615,0.0,0.12894810736179352,0.0001,1e-05,50.321,3.4844,0.6472
3408,stage2,1,0.15976497530937195,0.37659162282943726,0.0,0.15976497530937195,0.0001,1e-05,50.324,3.4724,0.6498
3409,stage2,1,0.15588532388210297,0.3454835116863251,0.0,0.15588532388210297,0.0001,1e-05,50.322,3.4285,2.5164
3410,stage2,1,0.15698251128196716,0.35402193665504456,0.0,0.15698251128196716,0.0001,1e-05,50.325,3.4633,1.2006
3411,stage2,1,0.19399788975715637,0.3418375551700592,0.0,0.19399788975715637,0.0001,1e-05,50.322,3.4071,1.5838
3412,stage2,1,0.16598276793956757,0.3530230224132538,0.0,0.16598276793956757,0.0001,1e-05,50.325,3.9603,0.6434
3413,stage2,1,0.15726129710674286,0.34283870458602905,0.0,0.15726129710674286,0.0001,1e-05,50.322,3.6659,0.6437
3414,stage2,1,0.16158926486968994,0.3384937644004822,0.0,0.16158926486968994,0.0001,1e-05,50.324,3.7093,0.6982
3415,stage2,1,0.18089541792869568,0.3596842885017395,0.0,0.18089541792869568,0.0001,1e-05,50.322,4.0506,0.6449
3416,stage2,1,0.15100061893463135,0.3440610468387604,0.0,0.15100061893463135,0.0001,1e-05,50.324,3.4628,0.6448
3417,stage2,1,0.17555679380893707,0.3785029947757721,0.0,0.17555679380893707,0.0001,1e-05,50.323,3.6965,2.4678
3418,stage2,1,0.18742039799690247,0.34523022174835205,0.0,0.18742039799690247,0.0001,1e-05,50.323,4.2846,1.1798
3419,stage2,1,0.18003937602043152,0.3975595235824585,0.0,0.18003937602043152,0.0001,1e-05,50.324,3.7,1.74
3420,stage2,1,0.1490441858768463,0.34665119647979736,0.0,0.1490441858768463,0.0001,1e-05,50.322,2.9553,0.6426
3421,stage2,1,0.18552520871162415,0.37734776735305786,0.0,0.18552520871162415,0.0001,1e-05,50.32,4.2783,0.6433
3422,stage2,1,0.1671702116727829,0.36892789602279663,0.0,0.1671702116727829,0.0001,1e-05,50.321,3.1528,0.649
3423,stage2,1,0.15535952150821686,0.360482782125473,0.0,0.15535952150821686,0.0001,1e-05,50.323,3.6971,0.6452
3424,stage2,1,0.13703010976314545,0.36475569009780884,0.0,0.13703010976314545,0.0001,1e-05,50.32,2.7977,0.6689
3425,stage2,1,0.14986392855644226,0.3855908215045929,0.0,0.14986392855644226,0.0001,1e-05,50.323,3.1712,2.2843
3426,stage2,1,0.15254442393779755,0.3747207820415497,0.0,0.15254442393779755,0.0001,1e-05,50.319,2.9742,1.3651
3427,stage2,1,0.13988877832889557,0.3387126326560974,0.0,0.13988877832889557,0.0001,1e-05,50.322,2.9281,1.6422
3428,stage2,1,0.17391254007816315,0.3734300434589386,0.0,0.17391254007816315,0.0001,1e-05,50.315,3.7129,0.6427
3429,stage2,1,0.14342060685157776,0.3602215647697449,0.0,0.14342060685157776,0.0001,1e-05,50.323,2.8866,0.6986
3430,stage2,1,0.1537810117006302,0.34003373980522156,0.0,0.1537810117006302,0.0001,1e-05,50.323,2.8625,0.6433
3431,stage2,1,0.15795104205608368,0.3532426059246063,0.0,0.15795104205608368,0.0001,1e-05,50.322,3.6564,0.6497
3432,stage2,1,0.1691209226846695,0.35008707642555237,0.0,0.1691209226846695,0.0001,1e-05,50.322,2.9692,0.6454
3433,stage2,1,0.18147622048854828,0.36528000235557556,0.0,0.18147622048854828,0.0001,1e-05,50.322,4.0664,2.2132
3434,stage2,1,0.1698801964521408,0.3770594596862793,0.0,0.1698801964521408,0.0001,1e-05,50.317,3.4896,1.442
3435,stage2,1,0.17578501999378204,0.35158872604370117,0.0,0.17578501999378204,0.0001,1e-05,50.322,4.8049,1.6975
3436,stage2,1,0.17419619858264923,0.3823426067829132,0.0,0.17419619858264923,0.0001,1e-05,50.319,4.9329,0.6438
3437,stage2,1,0.16874746978282928,0.3436145484447479,0.0,0.16874746978282928,0.0001,1e-05,50.321,3.3849,0.6448
3438,stage2,1,0.1715950071811676,0.38904207944869995,0.0,0.1715950071811676,0.0001,1e-05,50.322,4.3114,0.6993
3439,stage2,1,0.17050902545452118,0.36001941561698914,0.0,0.17050902545452118,0.0001,1e-05,50.322,4.0352,0.6451
3440,stage2,1,0.14703702926635742,0.35742735862731934,0.0,0.14703702926635742,0.0001,1e-05,50.324,3.3101,0.6465
3441,stage2,1,0.15911541879177094,0.3601876497268677,0.0,0.15911541879177094,0.0001,1e-05,50.324,2.9179,2.1916
3442,stage2,1,0.15969088673591614,0.32349514961242676,0.0,0.15969088673591614,0.0001,1e-05,50.324,3.6161,1.3626
3443,stage2,1,0.16185735166072845,0.3652385473251343,0.0,0.16185735166072845,0.0001,1e-05,50.323,3.7609,1.8551
3444,stage2,1,0.1557670533657074,0.356217622756958,0.0,0.1557670533657074,0.0001,1e-05,50.324,3.2665,0.6971
3445,stage2,1,0.17075897753238678,0.3346131443977356,0.0,0.17075897753238678,0.0001,1e-05,50.324,4.9874,0.6435
3446,stage2,1,0.17373354732990265,0.38630831241607666,0.0,0.17373354732990265,0.0001,1e-05,50.323,3.2595,0.6454
3447,stage2,1,0.1595977544784546,0.34661632776260376,0.0,0.1595977544784546,0.0001,1e-05,50.323,4.0807,0.6439
3448,stage2,1,0.1855461746454239,0.37350401282310486,0.0,0.1855461746454239,0.0001,1e-05,50.322,4.0691,0.6447
3449,stage2,1,0.19033542275428772,0.36802998185157776,0.0,0.19033542275428772,0.0001,1e-05,50.324,4.2564,2.0107
3450,stage2,1,0.17971356213092804,0.36874568462371826,0.0,0.17971356213092804,0.0001,1e-05,50.323,4.7939,1.4517
3451,stage2,1,0.15605506300926208,0.3576543927192688,0.0,0.15605506300926208,0.0001,1e-05,50.323,3.6631,1.8322
3452,stage2,1,0.15023957192897797,0.33723852038383484,0.0,0.15023957192897797,0.0001,1e-05,50.326,3.4279,0.6483
3453,stage2,1,0.16333818435668945,0.37537115812301636,0.0,0.16333818435668945,0.0001,1e-05,50.323,3.5918,0.703
3454,stage2,1,0.16354098916053772,0.3538264036178589,0.0,0.16354098916053772,0.0001,1e-05,50.321,3.9397,0.6443
3455,stage2,1,0.16057977080345154,0.33294573426246643,0.0,0.16057977080345154,0.0001,1e-05,50.323,3.1705,0.6454
3456,stage2,1,0.15316644310951233,0.3744170665740967,0.0,0.15316644310951233,0.0001,1e-05,50.322,2.8761,0.6453
3457,stage2,1,0.16743315756320953,0.3396551311016083,0.0,0.16743315756320953,0.0001,1e-05,50.322,4.0033,1.936
3458,stage2,1,0.17157863080501556,0.35794761776924133,0.0,0.17157863080501556,0.0001,1e-05,50.323,3.707,1.4924
3459,stage2,1,0.1823352873325348,0.3706417381763458,0.0,0.1823352873325348,0.0001,1e-05,50.321,3.5783,1.9249
3460,stage2,1,0.15761151909828186,0.34323155879974365,0.0,0.15761151909828186,0.0001,1e-05,50.323,3.5099,0.6432
3461,stage2,1,0.1356125921010971,0.3719697892665863,0.0,0.1356125921010971,0.0001,1e-05,50.321,3.3695,0.6453
3462,stage2,1,0.13975833356380463,0.3637891709804535,0.0,0.13975833356380463,0.0001,1e-05,50.322,4.0624,0.6442
3463,stage2,1,0.17014995217323303,0.34038400650024414,0.0,0.17014995217323303,0.0001,1e-05,50.323,4.1006,0.6437
3464,stage2,1,0.16317903995513916,0.37254467606544495,0.0,0.16317903995513916,0.0001,1e-05,50.322,3.2599,0.7011
3465,stage2,1,0.17260046303272247,0.3650943338871002,0.0,0.17260046303272247,0.0001,1e-05,50.326,3.6255,1.9975
3466,stage2,1,0.15301884710788727,0.3772159814834595,0.0,0.15301884710788727,0.0001,1e-05,50.323,3.699,1.5887
3467,stage2,1,0.1645834743976593,0.3343767523765564,0.0,0.1645834743976593,0.0001,1e-05,50.323,4.6207,1.8389
3468,stage2,1,0.15696178376674652,0.3492752015590668,0.0,0.15696178376674652,0.0001,1e-05,50.323,3.8544,0.708
3469,stage2,1,0.17856353521347046,0.3977815806865692,0.0,0.17856353521347046,0.0001,1e-05,50.325,3.8791,0.6393
3470,stage2,1,0.15567857027053833,0.35756316781044006,0.0,0.15567857027053833,0.0001,1e-05,50.322,3.5801,0.6462
3471,stage2,1,0.18485206365585327,0.3697594702243805,0.0,0.18485206365585327,0.0001,1e-05,50.321,3.5913,0.6455
3472,stage2,1,0.15529438853263855,0.3651503622531891,0.0,0.15529438853263855,0.0001,1e-05,50.322,3.6835,0.6527
3473,stage2,1,0.16424131393432617,0.35968098044395447,0.0,0.16424131393432617,0.0001,1e-05,50.327,3.1383,1.8629
3474,stage2,1,0.16696062684059143,0.3379001021385193,0.0,0.16696062684059143,0.0001,1e-05,50.323,3.5595,1.5968
3475,stage2,1,0.16656681895256042,0.35837653279304504,0.0,0.16656681895256042,0.0001,1e-05,50.321,3.4363,1.8907
3476,stage2,1,0.18341681361198425,0.3953380584716797,0.0,0.18341681361198425,0.0001,1e-05,50.322,4.4433,0.6421
3477,stage2,1,0.15824507176876068,0.3444903790950775,0.0,0.15824507176876068,0.0001,1e-05,50.323,4.2806,0.6679
3478,stage2,1,0.164544016122818,0.36380866169929504,0.0,0.164544016122818,0.0001,1e-05,50.324,3.2468,0.6984
3479,stage2,1,0.17698171734809875,0.38493865728378296,0.0,0.17698171734809875,0.0001,1e-05,50.32,3.7126,0.6447
3480,stage2,1,0.18965677917003632,0.3713644742965698,0.0,0.18965677917003632,0.0001,1e-05,50.319,3.7618,0.6459
3481,stage2,1,0.1499030590057373,0.3428933322429657,0.0,0.1499030590057373,0.0001,1e-05,50.32,2.8242,1.8768
3482,stage2,1,0.18473893404006958,0.3622500002384186,0.0,0.18473893404006958,0.0001,1e-05,50.324,3.0206,1.5044
3483,stage2,1,0.17807744443416595,0.3676067888736725,0.0,0.17807744443416595,0.0001,1e-05,50.324,3.5623,1.9421
3484,stage2,1,0.16131842136383057,0.34141114354133606,0.0,0.16131842136383057,0.0001,1e-05,50.321,3.1974,0.7035
3485,stage2,1,0.1806465983390808,0.3889634311199188,0.0,0.1806465983390808,0.0001,1e-05,50.321,3.4981,0.6495
3486,stage2,1,0.19402101635932922,0.38556867837905884,0.0,0.19402101635932922,0.0001,1e-05,50.322,3.9608,0.6496
3487,stage2,1,0.16432532668113708,0.34161433577537537,0.0,0.16432532668113708,0.0001,1e-05,50.322,3.9246,0.6466
3488,stage2,1,0.17428794503211975,0.36540254950523376,0.0,0.17428794503211975,0.0001,1e-05,50.322,3.4678,0.6451
3489,stage2,1,0.15925650298595428,0.36936622858047485,0.0,0.15925650298595428,0.0001,1e-05,50.326,4.1228,1.812
3490,stage2,1,0.15543335676193237,0.36269018054008484,0.0,0.15543335676193237,0.0001,1e-05,50.323,3.1387,1.5859
3491,stage2,1,0.17137883603572845,0.34606799483299255,0.0,0.17137883603572845,0.0001,1e-05,50.326,4.0693,1.9837
3492,stage2,1,0.1914978325366974,0.3557348847389221,0.0,0.1914978325366974,0.0001,1e-05,50.326,4.0475,0.6445
3493,stage2,1,0.15448373556137085,0.3466764986515045,0.0,0.15448373556137085,0.0001,1e-05,50.323,3.7344,0.6949
3494,stage2,1,0.1827816516160965,0.3739214241504669,0.0,0.1827816516160965,0.0001,1e-05,50.322,4.5653,0.6468
3495,stage2,1,0.14823785424232483,0.36614319682121277,0.0,0.14823785424232483,0.0001,1e-05,50.326,3.5596,0.6453
3496,stage2,1,0.16134262084960938,0.3546471893787384,0.0,0.16134262084960938,0.0001,1e-05,50.322,3.6184,0.6498
3497,stage2,1,0.17837469279766083,0.3775983452796936,0.0,0.17837469279766083,0.0001,1e-05,50.323,4.6229,1.7607
3498,stage2,1,0.18615925312042236,0.36166927218437195,0.0,0.18615925312042236,0.0001,1e-05,50.323,3.6046,1.5474
3499,stage2,1,0.16819679737091064,0.3779774606227875,0.0,0.16819679737091064,0.0001,1e-05,50.32,3.803,2.0344
3500,stage2,1,0.17932872474193573,0.351287305355072,0.0,0.17932872474193573,0.0001,1e-05,50.321,3.5759,0.6479
3501,stage2,1,0.16091640293598175,0.3441866338253021,0.0,0.16091640293598175,0.0001,1e-05,50.322,3.756,0.6507
3502,stage2,1,0.1440863013267517,0.3514222204685211,0.0,0.1440863013267517,0.0001,1e-05,50.319,3.1368,0.6439
3503,stage2,1,0.1721917688846588,0.3403923511505127,0.0,0.1721917688846588,0.0001,1e-05,50.32,3.7857,0.6385
3504,stage2,1,0.14490239322185516,0.3792615234851837,0.0,0.14490239322185516,0.0001,1e-05,50.319,3.159,0.7164
3505,stage2,1,0.14798903465270996,0.3676169812679291,0.0,0.14798903465270996,0.0001,1e-05,50.319,3.272,1.7518
3506,stage2,1,0.1589505672454834,0.3744661509990692,0.0,0.1589505672454834,0.0001,1e-05,50.321,3.2754,1.6064
3507,stage2,1,0.17227032780647278,0.35098889470100403,0.0,0.17227032780647278,0.0001,1e-05,50.322,3.8382,1.9012
3508,stage2,1,0.16189303994178772,0.3617643713951111,0.0,0.16189303994178772,0.0001,1e-05,50.324,3.9728,0.6375
3509,stage2,1,0.16072708368301392,0.3368206024169922,0.0,0.16072708368301392,0.0001,1e-05,50.319,3.949,0.6637
3510,stage2,1,0.16679289937019348,0.37865403294563293,0.0,0.16679289937019348,0.0001,1e-05,50.321,3.5014,0.6597
3511,stage2,1,0.1707724928855896,0.37053948640823364,0.0,0.1707724928855896,0.0001,1e-05,50.322,3.7084,0.7033
3512,stage2,1,0.17197316884994507,0.3466050326824188,0.0,0.17197316884994507,0.0001,1e-05,50.32,3.8208,0.6442
3513,stage2,1,0.14776694774627686,0.34982165694236755,0.0,0.14776694774627686,0.0001,1e-05,50.321,3.5508,1.7384
3514,stage2,1,0.15755519270896912,0.35645633935928345,0.0,0.15755519270896912,0.0001,1e-05,50.324,4.3184,1.596
3515,stage2,1,0.1659335196018219,0.3585416376590729,0.0,0.1659335196018219,0.0001,1e-05,50.325,3.0603,1.9778
3516,stage2,1,0.18667791783809662,0.3517799973487854,0.0,0.18667791783809662,0.0001,1e-05,50.324,3.6034,0.6415
3517,stage2,1,0.21028119325637817,0.3590705692768097,0.0,0.21028119325637817,0.0001,1e-05,50.32,4.5638,0.6689
3518,stage2,1,0.1300477385520935,0.3755618929862976,0.0,0.1300477385520935,0.0001,1e-05,50.324,3.304,0.6945
3519,stage2,1,0.16655558347702026,0.3688608407974243,0.0,0.16655558347702026,0.0001,1e-05,50.324,3.4686,0.6437
3520,stage2,1,0.16052520275115967,0.33855485916137695,0.0,0.16052520275115967,0.0001,1e-05,50.324,3.5161,0.6444
3521,stage2,1,0.1666041761636734,0.3650188446044922,0.0,0.1666041761636734,0.0001,1e-05,50.323,3.5014,1.6704
3522,stage2,1,0.1843947172164917,0.3447142541408539,0.0,0.1843947172164917,0.0001,1e-05,50.32,4.0683,1.5853
3523,stage2,1,0.1597500890493393,0.35838964581489563,0.0,0.1597500890493393,0.0001,1e-05,50.325,4.1622,1.9041
3524,stage2,1,0.12569952011108398,0.3683815896511078,0.0,0.12569952011108398,0.0001,1e-05,50.324,2.9185,0.6446
3525,stage2,1,0.170772984623909,0.36434853076934814,0.0,0.170772984623909,0.0001,1e-05,50.323,3.2113,0.6435
3526,stage2,1,0.13796308636665344,0.3348519504070282,0.0,0.13796308636665344,0.0001,1e-05,50.324,3.5512,0.6438
3527,stage2,1,0.17377141118049622,0.3938532769680023,0.0,0.17377141118049622,0.0001,1e-05,50.323,3.6217,0.7073
3528,stage2,1,0.1592940390110016,0.3663831055164337,0.0,0.1592940390110016,0.0001,1e-05,50.324,3.3684,0.6388
3529,stage2,1,0.16350507736206055,0.3509329557418823,0.0,0.16350507736206055,0.0001,1e-05,50.326,4.4702,1.611
3530,stage2,1,0.16217142343521118,0.3386482000350952,0.0,0.16217142343521118,0.0001,1e-05,50.326,3.7106,1.8165
3531,stage2,1,0.15865014493465424,0.3529163599014282,0.0,0.15865014493465424,0.0001,1e-05,50.321,2.9233,1.7231
3532,stage2,1,0.16439947485923767,0.3582455515861511,0.0,0.16439947485923767,0.0001,1e-05,50.324,3.2635,0.6981
3533,stage2,1,0.1641041785478592,0.35843825340270996,0.0,0.1641041785478592,0.0001,1e-05,50.324,4.7723,0.6437
3534,stage2,1,0.16759639978408813,0.35383516550064087,0.0,0.16759639978408813,0.0001,1e-05,50.325,3.7058,0.644
3535,stage2,1,0.1598099172115326,0.36583009362220764,0.0,0.1598099172115326,0.0001,1e-05,50.32,3.7604,0.6477
3536,stage2,1,0.16024288535118103,0.38813644647598267,0.0,0.16024288535118103,0.0001,1e-05,50.32,4.6769,0.6455
3537,stage2,1,0.18583208322525024,0.3764355480670929,0.0,0.18583208322525024,0.0001,1e-05,50.322,3.8443,1.6845
3538,stage2,1,0.15184339880943298,0.3582901954650879,0.0,0.15184339880943298,0.0001,1e-05,50.323,3.8161,1.8294
3539,stage2,1,0.1619420200586319,0.3527044355869293,0.0,0.1619420200586319,0.0001,1e-05,50.321,3.046,1.6458
3540,stage2,1,0.14490275084972382,0.3520960807800293,0.0,0.14490275084972382,0.0001,1e-05,50.325,2.7405,0.6507
3541,stage2,1,0.1333151012659073,0.39778414368629456,0.0,0.1333151012659073,0.0001,1e-05,50.322,3.3277,0.6446
3542,stage2,1,0.1715441644191742,0.3512403964996338,0.0,0.1715441644191742,0.0001,1e-05,50.321,4.1984,0.6458
3543,stage2,1,0.1462610512971878,0.34669435024261475,0.0,0.1462610512971878,0.0001,1e-05,50.323,3.6257,0.7003
3544,stage2,1,0.15076588094234467,0.3340144157409668,0.0,0.15076588094234467,0.0001,1e-05,50.327,3.3326,0.6452
3545,stage2,1,0.15786072611808777,0.34980615973472595,0.0,0.15786072611808777,0.0001,1e-05,50.326,3.6948,1.6443
3546,stage2,1,0.16832676529884338,0.36997899413108826,0.0,0.16832676529884338,0.0001,1e-05,50.322,4.062,1.9981
3547,stage2,1,0.14311641454696655,0.3565933108329773,0.0,0.14311641454696655,0.0001,1e-05,50.322,3.1554,1.7063
3548,stage2,1,0.19467614591121674,0.3704628646373749,0.0,0.19467614591121674,0.0001,1e-05,50.322,3.6348,0.6533
3549,stage2,1,0.1712009608745575,0.36861979961395264,0.0,0.1712009608745575,0.0001,1e-05,50.324,3.3329,0.6447
3550,stage2,1,0.16210676729679108,0.36714866757392883,0.0,0.16210676729679108,0.0001,1e-05,50.326,3.6446,0.6447
3551,stage2,1,0.15738172829151154,0.3885849714279175,0.0,0.15738172829151154,0.0001,1e-05,50.323,3.4369,0.6475
3552,stage2,1,0.1573537141084671,0.3817744255065918,0.0,0.1573537141084671,0.0001,1e-05,50.324,3.7771,0.6527
3553,stage2,1,0.1926746666431427,0.37354323267936707,0.0,0.1926746666431427,0.0001,1e-05,50.32,4.0061,1.6239
3554,stage2,1,0.14674702286720276,0.339214026927948,0.0,0.14674702286720276,0.0001,1e-05,50.322,3.3616,2.0183
3555,stage2,1,0.17228642106056213,0.3541621267795563,0.0,0.17228642106056213,0.0001,1e-05,50.326,4.176,1.5814
3556,stage2,1,0.1865108609199524,0.36821913719177246,0.0,0.1865108609199524,0.0001,1e-05,50.322,3.8584,0.6477
3557,stage2,1,0.17171385884284973,0.35883015394210815,0.0,0.17171385884284973,0.0001,1e-05,50.323,3.5697,0.6455
3558,stage2,1,0.1692003309726715,0.39459675550460815,0.0,0.1692003309726715,0.0001,1e-05,50.324,3.2729,0.6451
3559,stage2,1,0.15413051843643188,0.3247149884700775,0.0,0.15413051843643188,0.0001,1e-05,50.324,3.1603,0.6986
3560,stage2,1,0.16821952164173126,0.36295586824417114,0.0,0.16821952164173126,0.0001,1e-05,50.322,3.4532,0.6468
3561,stage2,1,0.1505478024482727,0.35167786478996277,0.0,0.1505478024482727,0.0001,1e-05,50.322,3.5807,1.7073
3562,stage2,1,0.1547863781452179,0.3793472647666931,0.0,0.1547863781452179,0.0001,1e-05,50.321,3.7182,2.0293
3563,stage2,1,0.16227765381336212,0.3357015550136566,0.0,0.16227765381336212,0.0001,1e-05,50.32,3.4763,1.6188
3564,stage2,1,0.15708647668361664,0.35182228684425354,0.0,0.15708647668361664,0.0001,1e-05,50.325,2.7389,0.6397
3565,stage2,1,0.15682753920555115,0.36633968353271484,0.0,0.15682753920555115,0.0001,1e-05,50.324,3.2639,0.647
3566,stage2,1,0.172624871134758,0.34497925639152527,0.0,0.172624871134758,0.0001,1e-05,50.324,4.1584,0.6456
3567,stage2,1,0.1665540188550949,0.3479972183704376,0.0,0.1665540188550949,0.0001,1e-05,50.32,3.4845,0.6464
3568,stage2,1,0.16846886277198792,0.369642972946167,0.0,0.16846886277198792,0.0001,1e-05,50.325,3.7728,0.7071
3569,stage2,1,0.147846058011055,0.3449558913707733,0.0,0.147846058011055,0.0001,1e-05,50.323,3.003,1.6416
3570,stage2,1,0.17335182428359985,0.3581326901912689,0.0,0.17335182428359985,0.0001,1e-05,50.323,3.7127,2.0763
3571,stage2,1,0.14517414569854736,0.33797523379325867,0.0,0.14517414569854736,0.0001,1e-05,50.323,3.707,1.5732
3572,stage2,1,0.15443116426467896,0.3707959055900574,0.0,0.15443116426467896,0.0001,1e-05,50.322,3.6523,0.6437
3573,stage2,1,0.14525143802165985,0.33975252509117126,0.0,0.14525143802165985,0.0001,1e-05,50.325,3.8426,0.6381
3574,stage2,1,0.14873100817203522,0.36409062147140503,0.0,0.14873100817203522,0.0001,1e-05,50.322,3.1376,0.7093
3575,stage2,1,0.13740411400794983,0.3523615002632141,0.0,0.13740411400794983,0.0001,1e-05,50.325,3.4118,0.6601
3576,stage2,1,0.2014845758676529,0.3735412657260895,0.0,0.2014845758676529,0.0001,1e-05,50.321,3.8492,0.6457
3577,stage2,1,0.15288102626800537,0.3474058210849762,0.0,0.15288102626800537,0.0001,1e-05,50.325,3.7144,1.5797
3578,stage2,1,0.17008358240127563,0.3587133586406708,0.0,0.17008358240127563,0.0001,1e-05,50.323,4.3176,2.0991
3579,stage2,1,0.13672490417957306,0.35283446311950684,0.0,0.13672490417957306,0.0001,1e-05,50.327,3.8096,1.7227
3580,stage2,1,0.17139007151126862,0.35118210315704346,0.0,0.17139007151126862,0.0001,1e-05,50.323,3.8036,0.6443
3581,stage2,1,0.1835007518529892,0.3480471670627594,0.0,0.1835007518529892,0.0001,1e-05,50.326,4.2184,0.6447
3582,stage2,1,0.13171711564064026,0.3541434109210968,0.0,0.13171711564064026,0.0001,1e-05,50.323,2.9895,0.6441
3583,stage2,1,0.13535401225090027,0.36234378814697266,0.0,0.13535401225090027,0.0001,1e-05,50.324,3.0784,0.6459
3584,stage2,1,0.1638137549161911,0.3599252998828888,0.0,0.1638137549161911,0.0001,1e-05,50.324,4.7189,0.7004
3585,stage2,1,0.1568050980567932,0.36867430806159973,0.0,0.1568050980567932,0.0001,1e-05,50.324,4.0409,1.5344
3586,stage2,1,0.17165018618106842,0.36487072706222534,0.0,0.17165018618106842,0.0001,1e-05,50.327,3.6058,2.1048
3587,stage2,1,0.16548189520835876,0.34265944361686707,0.0,0.16548189520835876,0.0001,1e-05,50.324,3.9871,1.5982
3588,stage2,1,0.1273173689842224,0.3686193823814392,0.0,0.1273173689842224,0.0001,1e-05,50.321,2.1259,0.6546
3589,stage2,1,0.15368199348449707,0.33473366498947144,0.0,0.15368199348449707,0.0001,1e-05,50.322,3.5304,0.6869
3590,stage2,1,0.1522028148174286,0.3556177020072937,0.0,0.1522028148174286,0.0001,1e-05,50.323,3.0944,0.6457
3591,stage2,1,0.15626990795135498,0.365200400352478,0.0,0.15626990795135498,0.0001,1e-05,50.328,3.5651,0.6458
3592,stage2,1,0.14842358231544495,0.3589076101779938,0.0,0.14842358231544495,0.0001,1e-05,50.321,3.5151,0.6449
3593,stage2,1,0.1661907136440277,0.36943191289901733,0.0,0.1661907136440277,0.0001,1e-05,50.322,3.7895,1.5965
3594,stage2,1,0.17332486808300018,0.33342891931533813,0.0,0.17332486808300018,0.0001,1e-05,50.321,3.9789,2.0231
3595,stage2,1,0.16650409996509552,0.3479044437408447,0.0,0.16650409996509552,0.0001,1e-05,50.326,3.5633,1.6836
3596,stage2,1,0.13947783410549164,0.37258055806159973,0.0,0.13947783410549164,0.0001,1e-05,50.324,3.5129,0.643
3597,stage2,1,0.15929846465587616,0.3686806857585907,0.0,0.15929846465587616,0.0001,1e-05,50.322,4.844,0.6459
3598,stage2,1,0.17538732290267944,0.3571285903453827,0.0,0.17538732290267944,0.0001,1e-05,50.323,3.517,0.6482
3599,stage2,1,0.153514564037323,0.3793131709098816,0.0,0.153514564037323,0.0001,1e-05,50.323,3.7764,0.655
3600,stage2,1,0.16530513763427734,0.38670286536216736,0.0,0.16530513763427734,0.0001,1e-05,50.32,4.3598,0.6636
3601,stage2,1,0.16173744201660156,0.34645095467567444,0.0,0.16173744201660156,0.0001,1e-05,50.322,3.5622,1.5453
3602,stage2,1,0.15348857641220093,0.3369239270687103,0.0,0.15348857641220093,0.0001,1e-05,50.323,3.8288,2.0911
3603,stage2,1,0.16368696093559265,0.3829359710216522,0.0,0.16368696093559265,0.0001,1e-05,50.325,3.6009,1.5669
3604,stage2,1,0.17346785962581635,0.34408965706825256,0.0,0.17346785962581635,0.0001,1e-05,50.324,3.2894,0.6455
3605,stage2,1,0.13842186331748962,0.3711426556110382,0.0,0.13842186331748962,0.0001,1e-05,50.328,3.2142,0.6673
3606,stage2,1,0.15004484355449677,0.35031336545944214,0.0,0.15004484355449677,0.0001,1e-05,50.322,3.8441,0.6387
3607,stage2,1,0.14527447521686554,0.35028713941574097,0.0,0.14527447521686554,0.0001,1e-05,50.325,3.2326,0.7353
3608,stage2,1,0.16987162828445435,0.3598681390285492,0.0,0.16987162828445435,0.0001,1e-05,50.325,2.9233,0.6445
3609,stage2,1,0.15828874707221985,0.3739013373851776,0.0,0.15828874707221985,0.0001,1e-05,50.325,2.8151,1.5088
3610,stage2,1,0.15262968838214874,0.3328302800655365,0.0,0.15262968838214874,0.0001,1e-05,50.323,3.7172,1.9961
3611,stage2,1,0.15169657766819,0.36471980810165405,0.0,0.15169657766819,0.0001,1e-05,50.319,3.4337,1.7149
3612,stage2,1,0.21494433283805847,0.3730906546115875,0.0,0.21494433283805847,0.0001,1e-05,50.323,4.1419,0.6698
3613,stage2,1,0.16820216178894043,0.33305513858795166,0.0,0.16820216178894043,0.0001,1e-05,50.32,3.6972,0.6624
3614,stage2,1,0.15495334565639496,0.3312203586101532,0.0,0.15495334565639496,0.0001,1e-05,50.322,3.5113,0.6352
3615,stage2,1,0.17782531678676605,0.3564349412918091,0.0,0.17782531678676605,0.0001,1e-05,50.321,4.1339,0.6635
3616,stage2,1,0.15365126729011536,0.3512073755264282,0.0,0.15365126729011536,0.0001,1e-05,50.321,3.7883,0.6694
3617,stage2,1,0.14998961985111237,0.34604886174201965,0.0,0.14998961985111237,0.0001,1e-05,50.323,3.0984,1.4822
3618,stage2,1,0.16961105167865753,0.36048075556755066,0.0,0.16961105167865753,0.0001,1e-05,50.322,3.598,2.1796
3619,stage2,1,0.15732145309448242,0.35486820340156555,0.0,0.15732145309448242,0.0001,1e-05,50.32,3.907,1.7232
3620,stage2,1,0.17083629965782166,0.3592851459980011,0.0,0.17083629965782166,0.0001,1e-05,50.32,3.1617,0.7116
3621,stage2,1,0.14690107107162476,0.3482375741004944,0.0,0.14690107107162476,0.0001,1e-05,50.323,3.9763,0.6611
3622,stage2,1,0.1652437299489975,0.36697185039520264,0.0,0.1652437299489975,0.0001,1e-05,50.323,3.4624,0.7089
3623,stage2,1,0.13357986509799957,0.3360108435153961,0.0,0.13357986509799957,0.0001,1e-05,50.32,2.7811,0.6608
3624,stage2,1,0.16790731251239777,0.3768453598022461,0.0,0.16790731251239777,0.0001,1e-05,50.32,4.3864,0.6495
3625,stage2,1,0.17807437479496002,0.35901468992233276,0.0,0.17807437479496002,0.0001,1e-05,50.322,3.9348,1.5082
3626,stage2,1,0.16593186557292938,0.33966854214668274,0.0,0.16593186557292938,0.0001,1e-05,50.322,3.4942,2.326
3627,stage2,1,0.16917480528354645,0.37127676606178284,0.0,0.16917480528354645,0.0001,1e-05,50.322,3.3397,1.5984
3628,stage2,1,0.16082210838794708,0.36750638484954834,0.0,0.16082210838794708,0.0001,1e-05,50.322,3.6565,0.6572
3629,stage2,1,0.174678772687912,0.3642480969429016,0.0,0.174678772687912,0.0001,1e-05,50.327,3.845,0.7072
3630,stage2,1,0.18691252171993256,0.35434490442276,0.0,0.18691252171993256,0.0001,1e-05,50.325,4.1008,0.6604
3631,stage2,1,0.15961690247058868,0.3604481518268585,0.0,0.15961690247058868,0.0001,1e-05,50.323,3.3168,0.7093
3632,stage2,1,0.17511506378650665,0.35365575551986694,0.0,0.17511506378650665,0.0001,1e-05,50.322,3.0778,0.6626
3633,stage2,1,0.166164368391037,0.3604092299938202,0.0,0.166164368391037,0.0001,1e-05,50.319,3.5822,1.5094
3634,stage2,1,0.1847320795059204,0.35111355781555176,0.0,0.1847320795059204,0.0001,1e-05,50.321,4.0211,2.2926
3635,stage2,1,0.15823142230510712,0.3484193980693817,0.0,0.15823142230510712,0.0001,1e-05,50.328,3.2007,1.5838
3636,stage2,1,0.16623640060424805,0.3521467447280884,0.0,0.16623640060424805,0.0001,1e-05,50.323,3.6912,0.7108
3637,stage2,1,0.16650354862213135,0.37474343180656433,0.0,0.16650354862213135,0.0001,1e-05,50.325,3.4142,0.6644
3638,stage2,1,0.15269742906093597,0.3557484745979309,0.0,0.15269742906093597,0.0001,1e-05,50.325,3.0988,0.7141
3639,stage2,1,0.15117405354976654,0.35892850160598755,0.0,0.15117405354976654,0.0001,1e-05,50.322,3.2895,0.6703
3640,stage2,1,0.14325276017189026,0.3688073754310608,0.0,0.14325276017189026,0.0001,1e-05,50.323,3.2474,0.7097
3641,stage2,1,0.13655711710453033,0.3413689136505127,0.0,0.13655711710453033,0.0001,1e-05,50.321,3.2569,1.4707
3642,stage2,1,0.17439137399196625,0.35937371850013733,0.0,0.17439137399196625,0.0001,1e-05,50.323,3.5376,2.3948
3643,stage2,1,0.15717482566833496,0.33236265182495117,0.0,0.15717482566833496,0.0001,1e-05,50.319,3.4879,1.3478
3644,stage2,1,0.15089534223079681,0.33615827560424805,0.0,0.15089534223079681,0.0001,1e-05,50.326,3.1209,0.6413
3645,stage2,1,0.1901116967201233,0.36418214440345764,0.0,0.1901116967201233,0.0001,1e-05,50.322,3.4946,0.6678
3646,stage2,1,0.16935577988624573,0.33552926778793335,0.0,0.16935577988624573,0.0001,1e-05,50.322,4.3867,0.653
3647,stage2,1,0.1555311530828476,0.3568749725818634,0.0,0.1555311530828476,0.0001,1e-05,50.326,3.1681,0.7125
3648,stage2,1,0.17972645163536072,0.3496693968772888,0.0,0.17972645163536072,0.0001,1e-05,50.325,3.8846,0.6583
3649,stage2,1,0.14936614036560059,0.3228936493396759,0.0,0.14936614036560059,0.0001,1e-05,50.327,3.0321,1.586
3650,stage2,1,0.141945943236351,0.34834587574005127,0.0,0.141945943236351,0.0001,1e-05,50.328,3.4022,2.4841
3651,stage2,1,0.15641430020332336,0.3592880368232727,0.0,0.15641430020332336,0.0001,1e-05,50.322,3.709,1.2985
3652,stage2,1,0.1458471119403839,0.35462677478790283,0.0,0.1458471119403839,0.0001,1e-05,50.326,3.5017,0.6617
3653,stage2,1,0.16248758137226105,0.3528198003768921,0.0,0.16248758137226105,0.0001,1e-05,50.32,3.3317,0.7084
3654,stage2,1,0.13582202792167664,0.38098639249801636,0.0,0.13582202792167664,0.0001,1e-05,50.322,2.8611,0.6565
3655,stage2,1,0.13932712376117706,0.38439086079597473,0.0,0.13932712376117706,0.0001,1e-05,50.322,3.7164,0.7081
3656,stage2,1,0.15006719529628754,0.3335834741592407,0.0,0.15006719529628754,0.0001,1e-05,50.324,3.8149,0.6606
3657,stage2,1,0.19914494454860687,0.34913790225982666,0.0,0.19914494454860687,0.0001,1e-05,50.323,3.5196,1.5102
3658,stage2,1,0.159356489777565,0.34506040811538696,0.0,0.159356489777565,0.0001,1e-05,50.325,4.203,2.5343
3659,stage2,1,0.15662327408790588,0.3704741299152374,0.0,0.15662327408790588,0.0001,1e-05,50.322,2.681,1.314
3660,stage2,1,0.13098569214344025,0.3196779489517212,0.0,0.13098569214344025,0.0001,1e-05,50.322,3.6481,0.6466
3661,stage2,1,0.129983052611351,0.3528963029384613,0.0,0.129983052611351,0.0001,1e-05,50.324,2.8336,0.6656
3662,stage2,1,0.1452428549528122,0.33513498306274414,0.0,0.1452428549528122,0.0001,1e-05,50.327,3.2279,0.64
3663,stage2,1,0.15846367180347443,0.348995178937912,0.0,0.15846367180347443,0.0001,1e-05,50.324,3.7801,0.7139
3664,stage2,1,0.1743667721748352,0.33525094389915466,0.0,0.1743667721748352,0.0001,1e-05,50.323,3.5575,0.6743
3665,stage2,1,0.14791199564933777,0.3449433147907257,0.0,0.14791199564933777,0.0001,1e-05,50.324,2.8148,1.5459
3666,stage2,1,0.1486997753381729,0.3630061745643616,0.0,0.1486997753381729,0.0001,1e-05,50.324,3.6839,2.4581
3667,stage2,1,0.16243985295295715,0.35346388816833496,0.0,0.16243985295295715,0.0001,1e-05,50.322,2.9629,1.3652
3668,stage2,1,0.16497766971588135,0.3408307135105133,0.0,0.16497766971588135,0.0001,1e-05,50.321,3.4801,0.6531
3669,stage2,1,0.1405208557844162,0.3334738314151764,0.0,0.1405208557844162,0.0001,1e-05,50.323,2.8957,0.7042
3670,stage2,1,0.16181226074695587,0.3622398376464844,0.0,0.16181226074695587,0.0001,1e-05,50.323,2.8591,0.6587
3671,stage2,1,0.17837071418762207,0.3300246298313141,0.0,0.17837071418762207,0.0001,1e-05,50.321,3.6649,0.6533
3672,stage2,1,0.1599678248167038,0.35655736923217773,0.0,0.1599678248167038,0.0001,1e-05,50.318,3.875,0.6391
3673,stage2,1,0.1488214135169983,0.3486061692237854,0.0,0.1488214135169983,0.0001,1e-05,50.318,3.1365,1.5585
3674,stage2,1,0.1520555168390274,0.364020973443985,0.0,0.1520555168390274,0.0001,1e-05,50.321,3.8559,2.5808
3675,stage2,1,0.13681013882160187,0.33831971883773804,0.0,0.13681013882160187,0.0001,1e-05,50.316,3.1463,1.3575
3676,stage2,1,0.177413672208786,0.34857967495918274,0.0,0.177413672208786,0.0001,1e-05,50.32,3.4797,0.6663
3677,stage2,1,0.159905344247818,0.3694731593132019,0.0,0.159905344247818,0.0001,1e-05,50.321,4.2588,0.7087
3678,stage2,1,0.15594026446342468,0.3769778311252594,0.0,0.15594026446342468,0.0001,1e-05,50.322,4.3682,0.6562
3679,stage2,1,0.14415574073791504,0.3534190356731415,0.0,0.14415574073791504,0.0001,1e-05,50.321,3.8269,0.7125
3680,stage2,1,0.15900802612304688,0.3650359809398651,0.0,0.15900802612304688,0.0001,1e-05,50.323,3.6179,0.6566
3681,stage2,1,0.184362530708313,0.34759095311164856,0.0,0.184362530708313,0.0001,1e-05,50.318,4.5494,1.3573
3682,stage2,1,0.1368645578622818,0.34077125787734985,0.0,0.1368645578622818,0.0001,1e-05,50.318,3.1649,2.6314
3683,stage2,1,0.18704092502593994,0.3550414443016052,0.0,0.18704092502593994,0.0001,1e-05,50.324,3.8562,1.4697
3684,stage2,1,0.1607166826725006,0.3468748927116394,0.0,0.1607166826725006,0.0001,1e-05,50.321,4.0605,0.656
3685,stage2,1,0.12659220397472382,0.3518160283565521,0.0,0.12659220397472382,0.0001,1e-05,50.322,3.4319,0.6505
3686,stage2,1,0.14883652329444885,0.34293031692504883,0.0,0.14883652329444885,0.0001,1e-05,50.323,3.4338,0.7156
3687,stage2,1,0.14705190062522888,0.341996431350708,0.0,0.14705190062522888,0.0001,1e-05,50.325,3.6131,0.6549
3688,stage2,1,0.1575758308172226,0.3613069951534271,0.0,0.1575758308172226,0.0001,1e-05,50.322,3.7937,0.6784
3689,stage2,1,0.17022234201431274,0.3314000964164734,0.0,0.17022234201431274,0.0001,1e-05,50.326,3.5857,1.3143
3690,stage2,1,0.15858395397663116,0.3487665057182312,0.0,0.15858395397663116,0.0001,1e-05,50.324,3.411,2.6619
3691,stage2,1,0.16134198009967804,0.35578280687332153,0.0,0.16134198009967804,0.0001,1e-05,50.322,4.2931,1.4516
3692,stage2,1,0.14513006806373596,0.3229188323020935,0.0,0.14513006806373596,0.0001,1e-05,50.321,3.0072,0.7054
3693,stage2,1,0.1600245237350464,0.383994460105896,0.0,0.1600245237350464,0.0001,1e-05,50.321,3.4589,0.6565
3694,stage2,1,0.15479977428913116,0.36678826808929443,0.0,0.15479977428913116,0.0001,1e-05,50.32,3.2033,0.7167
3695,stage2,1,0.1354181468486786,0.3340480923652649,0.0,0.1354181468486786,0.0001,1e-05,50.325,2.8587,0.6498
3696,stage2,1,0.1811007559299469,0.3419240713119507,0.0,0.1811007559299469,0.0001,1e-05,50.32,3.2884,0.6609
3697,stage2,1,0.14907720685005188,0.3499152958393097,0.0,0.14907720685005188,0.0001,1e-05,50.318,3.0562,1.2904
3698,stage2,1,0.14211606979370117,0.34028318524360657,0.0,0.14211606979370117,0.0001,1e-05,50.322,3.3406,2.6624
3699,stage2,1,0.14217032492160797,0.36267438530921936,0.0,0.14217032492160797,0.0001,1e-05,50.321,4.0367,1.6205
3700,stage2,1,0.1645132601261139,0.3487972319126129,0.0,0.1645132601261139,0.0001,1e-05,50.321,3.8202,0.6537
3701,stage2,1,0.13599497079849243,0.3443371057510376,0.0,0.13599497079849243,0.0001,1e-05,50.323,2.5998,0.6644
3702,stage2,1,0.16590113937854767,0.34708690643310547,0.0,0.16590113937854767,0.0001,1e-05,50.327,3.4967,0.7016
3703,stage2,1,0.1862519234418869,0.3661247193813324,0.0,0.1862519234418869,0.0001,1e-05,50.322,5.5933,0.655
3704,stage2,1,0.14692890644073486,0.3370656669139862,0.0,0.14692890644073486,0.0001,1e-05,50.323,3.2356,0.7175
3705,stage2,1,0.15885299444198608,0.36106976866722107,0.0,0.15885299444198608,0.0001,1e-05,50.321,3.2649,1.0009
3706,stage2,1,0.1579333245754242,0.33971861004829407,0.0,0.1579333245754242,0.0001,1e-05,50.323,3.9472,2.684
3707,stage2,1,0.14071230590343475,0.342241495847702,0.0,0.14071230590343475,0.0001,1e-05,50.321,2.8498,1.6069
3708,stage2,1,0.17129047214984894,0.3750993609428406,0.0,0.17129047214984894,0.0001,1e-05,50.322,3.6846,0.7007
3709,stage2,1,0.1597888469696045,0.3374919295310974,0.0,0.1597888469696045,0.0001,1e-05,50.324,3.7838,0.662
3710,stage2,1,0.14991749823093414,0.32963430881500244,0.0,0.14991749823093414,0.0001,1e-05,50.328,3.3903,0.711
3711,stage2,1,0.15120916068553925,0.3313809633255005,0.0,0.15120916068553925,0.0001,1e-05,50.323,2.8446,0.6586
3712,stage2,1,0.1554991751909256,0.3539980947971344,0.0,0.1554991751909256,0.0001,1e-05,50.325,3.7661,0.7112
3713,stage2,1,0.1523507833480835,0.35796135663986206,0.0,0.1523507833480835,0.0001,1e-05,50.324,3.0423,1.1089
3714,stage2,1,0.13232192397117615,0.37875428795814514,0.0,0.13232192397117615,0.0001,1e-05,50.322,3.1871,2.7191
3715,stage2,1,0.16279566287994385,0.3733573257923126,0.0,0.16279566287994385,0.0001,1e-05,50.321,3.1458,1.6694
3716,stage2,1,0.1360114961862564,0.33897414803504944,0.0,0.1360114961862564,0.0001,1e-05,50.324,3.1911,0.6523
3717,stage2,1,0.1136031374335289,0.3401271104812622,0.0,0.1136031374335289,0.0001,1e-05,50.32,2.9071,0.7147
3718,stage2,1,0.13222795724868774,0.3567764461040497,0.0,0.13222795724868774,0.0001,1e-05,50.322,2.7253,0.6617
3719,stage2,1,0.13377897441387177,0.36100658774375916,0.0,0.13377897441387177,0.0001,1e-05,50.326,2.9175,0.7197
3720,stage2,1,0.14782318472862244,0.34888190031051636,0.0,0.14782318472862244,0.0001,1e-05,50.324,2.9345,0.6584
3721,stage2,1,0.163368821144104,0.37510621547698975,0.0,0.163368821144104,0.0001,1e-05,50.327,2.6233,1.0179
3722,stage2,1,0.16211844980716705,0.34995535016059875,0.0,0.16211844980716705,0.0001,1e-05,50.322,4.1408,2.5974
3723,stage2,1,0.154673770070076,0.3416818082332611,0.0,0.154673770070076,0.0001,1e-05,50.318,2.9385,1.7556
3724,stage2,1,0.14967131614685059,0.356611967086792,0.0,0.14967131614685059,0.0001,1e-05,50.323,3.0681,0.6586
3725,stage2,1,0.17849762737751007,0.34622839093208313,0.0,0.17849762737751007,0.0001,1e-05,50.325,4.0273,0.7128
3726,stage2,1,0.15889106690883636,0.35947492718696594,0.0,0.15889106690883636,0.0001,1e-05,50.319,2.7531,0.6558
3727,stage2,1,0.15677782893180847,0.3442056179046631,0.0,0.15677782893180847,0.0001,1e-05,50.317,3.8534,0.6833
3728,stage2,1,0.14871492981910706,0.3513079583644867,0.0,0.14871492981910706,0.0001,1e-05,50.32,3.0743,0.6906
3729,stage2,1,0.15110722184181213,0.31838637590408325,0.0,0.15110722184181213,0.0001,1e-05,50.319,3.7664,0.989
3730,stage2,1,0.15164363384246826,0.3636941909790039,0.0,0.15164363384246826,0.0001,1e-05,50.322,3.3916,2.5652
3731,stage2,1,0.14735785126686096,0.3583149015903473,0.0,0.14735785126686096,0.0001,1e-05,50.323,3.9308,1.8107
3732,stage2,1,0.1333691030740738,0.35256731510162354,0.0,0.1333691030740738,0.0001,1e-05,50.324,3.6927,0.7275
3733,stage2,1,0.13638520240783691,0.3506563901901245,0.0,0.13638520240783691,0.0001,1e-05,50.323,3.3387,0.6601
3734,stage2,1,0.15545015037059784,0.3546789586544037,0.0,0.15545015037059784,0.0001,1e-05,50.322,3.5893,0.6581
3735,stage2,1,0.14998120069503784,0.3137541711330414,0.0,0.14998120069503784,0.0001,1e-05,50.32,3.0322,0.7073
3736,stage2,1,0.1488884836435318,0.3486540913581848,0.0,0.1488884836435318,0.0001,1e-05,50.32,3.3629,0.6604
3737,stage2,1,0.16175168752670288,0.3542487919330597,0.0,0.16175168752670288,0.0001,1e-05,50.321,3.9849,1.0036
3738,stage2,1,0.12699009478092194,0.3348025381565094,0.0,0.12699009478092194,0.0001,1e-05,50.323,3.2708,2.4487
3739,stage2,1,0.1317320317029953,0.35445618629455566,0.0,0.1317320317029953,0.0001,1e-05,50.323,2.874,1.9943
3740,stage2,1,0.13064534962177277,0.33019864559173584,0.0,0.13064534962177277,0.0001,1e-05,50.322,2.9999,0.6879
3741,stage2,1,0.12462189793586731,0.3253810703754425,0.0,0.12462189793586731,0.0001,1e-05,50.322,2.4586,0.6746
3742,stage2,1,0.1371748000383377,0.3720187842845917,0.0,0.1371748000383377,0.0001,1e-05,50.321,2.7829,0.6576
3743,stage2,1,0.1458565890789032,0.3340248465538025,0.0,0.1458565890789032,0.0001,1e-05,50.323,3.3288,0.711
3744,stage2,1,0.1595100313425064,0.3449799418449402,0.0,0.1595100313425064,0.0001,1e-05,50.323,3.5918,0.6651
3745,stage2,1,0.14812903106212616,0.3536265790462494,0.0,0.14812903106212616,0.0001,1e-05,50.322,3.3363,0.9524
3746,stage2,1,0.13628990948200226,0.3400906026363373,0.0,0.13628990948200226,0.0001,1e-05,50.318,3.6658,2.4139
3747,stage2,1,0.1375003606081009,0.3782777190208435,0.0,0.1375003606081009,0.0001,1e-05,50.322,2.909,2.1386
3748,stage2,1,0.15604442358016968,0.3178389370441437,0.0,0.15604442358016968,0.0001,1e-05,50.32,3.6537,0.6985
3749,stage2,1,0.13844242691993713,0.32608336210250854,0.0,0.13844242691993713,0.0001,1e-05,50.318,2.5973,0.6616
3750,stage2,1,0.1733638048171997,0.3526761829853058,0.0,0.1733638048171997,0.0001,1e-05,50.319,4.1778,0.7096
3751,stage2,1,0.15204991400241852,0.3427864611148834,0.0,0.15204991400241852,0.0001,1e-05,50.322,3.9551,0.662
3752,stage2,1,0.19009187817573547,0.32883912324905396,0.0,0.19009187817573547,0.0001,1e-05,50.324,4.2809,0.7232
3753,stage2,1,0.13020950555801392,0.33909353613853455,0.0,0.13020950555801392,0.0001,1e-05,50.319,2.9555,0.6477
3754,stage2,1,0.14515303075313568,0.33998623490333557,0.0,0.14515303075313568,0.0001,1e-05,50.326,4.0633,2.634
3755,stage2,1,0.13987255096435547,0.3454269468784332,0.0,0.13987255096435547,0.0001,1e-05,50.323,3.0249,2.2725
3756,stage2,1,0.15421909093856812,0.3334718644618988,0.0,0.15421909093856812,0.0001,1e-05,50.322,3.5193,0.6565
3757,stage2,1,0.12722663581371307,0.36403727531433105,0.0,0.12722663581371307,0.0001,1e-05,50.32,3.813,0.7127
3758,stage2,1,0.1529892385005951,0.3641447424888611,0.0,0.1529892385005951,0.0001,1e-05,50.322,3.5599,0.6663
3759,stage2,1,0.16116516292095184,0.36224818229675293,0.0,0.16116516292095184,0.0001,1e-05,50.322,3.2575,0.6964
3760,stage2,1,0.15376847982406616,0.37044021487236023,0.0,0.15376847982406616,0.0001,1e-05,50.319,4.1253,0.6793
3761,stage2,1,0.14610949158668518,0.3625184893608093,0.0,0.14610949158668518,0.0001,1e-05,50.325,2.8991,0.6629
3762,stage2,1,0.15542787313461304,0.3879617750644684,0.0,0.15542787313461304,0.0001,1e-05,50.322,3.8803,2.3598
3763,stage2,1,0.16587229073047638,0.33721423149108887,0.0,0.16587229073047638,0.0001,1e-05,50.324,4.1321,2.35
3764,stage2,1,0.16497038304805756,0.3721619248390198,0.0,0.16497038304805756,0.0001,1e-05,50.322,3.6898,0.7047
3765,stage2,1,0.15456491708755493,0.34723591804504395,0.0,0.15456491708755493,0.0001,1e-05,50.325,3.2669,0.6452
3766,stage2,1,0.14829906821250916,0.35156571865081787,0.0,0.14829906821250916,0.0001,1e-05,50.327,3.0301,0.6506
3767,stage2,1,0.12498177587985992,0.3284291923046112,0.0,0.12498177587985992,0.0001,1e-05,50.322,2.8728,0.6456
3768,stage2,1,0.1413239985704422,0.3543289303779602,0.0,0.1413239985704422,0.0001,1e-05,50.323,3.1769,0.6473
3769,stage2,1,0.1673024743795395,0.35662707686424255,0.0,0.1673024743795395,0.0001,1e-05,50.325,3.5386,0.7013
3770,stage2,1,0.18083438277244568,0.37043946981430054,0.0,0.18083438277244568,0.0001,1e-05,50.324,3.9513,2.332
3771,stage2,1,0.1232670396566391,0.37718209624290466,0.0,0.1232670396566391,0.0001,1e-05,50.323,2.8775,2.2034
3772,stage2,1,0.14893801510334015,0.369770884513855,0.0,0.14893801510334015,0.0001,1e-05,50.326,3.3527,0.6416
3773,stage2,1,0.17235074937343597,0.36203131079673767,0.0,0.17235074937343597,0.0001,1e-05,50.326,3.3042,0.6675
3774,stage2,1,0.13603876531124115,0.36471298336982727,0.0,0.13603876531124115,0.0001,1e-05,50.322,3.0626,0.6387
3775,stage2,1,0.13127322494983673,0.3556649386882782,0.0,0.13127322494983673,0.0001,1e-05,50.323,3.1051,0.7339
3776,stage2,1,0.15483607351779938,0.33517584204673767,0.0,0.15483607351779938,0.0001,1e-05,50.324,3.6772,0.6374
3777,stage2,1,0.15416227281093597,0.3301052153110504,0.0,0.15416227281093597,0.0001,1e-05,50.325,3.3757,0.6462
3778,stage2,1,0.14162975549697876,0.31165266036987305,0.0,0.14162975549697876,0.0001,1e-05,50.323,3.3342,2.4361
3779,stage2,1,0.13864289224147797,0.32124626636505127,0.0,0.13864289224147797,0.0001,1e-05,50.322,3.1523,2.1503
3780,stage2,1,0.13217484951019287,0.3687751591205597,0.0,0.13217484951019287,0.0001,1e-05,50.321,3.1273,0.7
3781,stage2,1,0.16254818439483643,0.36118268966674805,0.0,0.16254818439483643,0.0001,1e-05,50.319,3.509,0.6443
3782,stage2,1,0.14715035259723663,0.3465643525123596,0.0,0.14715035259723663,0.0001,1e-05,50.319,3.6838,0.6459
3783,stage2,1,0.13763360679149628,0.33838170766830444,0.0,0.13763360679149628,0.0001,1e-05,50.322,3.2173,0.6446
3784,stage2,1,0.1536649912595749,0.3548000454902649,0.0,0.1536649912595749,0.0001,1e-05,50.322,3.774,0.6466
3785,stage2,1,0.15357229113578796,0.3714548945426941,0.0,0.15357229113578796,0.0001,1e-05,50.323,5.5381,0.702
3786,stage2,1,0.15224489569664001,0.3323470652103424,0.0,0.15224489569664001,0.0001,1e-05,50.325,3.5787,2.3285
3787,stage2,1,0.13749395310878754,0.3274163007736206,0.0,0.13749395310878754,0.0001,1e-05,50.322,3.1884,2.2393
3788,stage2,1,0.16052182018756866,0.36223384737968445,0.0,0.16052182018756866,0.0001,1e-05,50.323,3.6542,0.6453
3789,stage2,1,0.19080540537834167,0.35638585686683655,0.0,0.19080540537834167,0.0001,1e-05,50.325,3.5232,0.6508
3790,stage2,1,0.14482107758522034,0.3598392605781555,0.0,0.14482107758522034,0.0001,1e-05,50.326,4.3562,0.6951
3791,stage2,1,0.12868404388427734,0.35057947039604187,0.0,0.12868404388427734,0.0001,1e-05,50.321,2.6192,0.6463
3792,stage2,1,0.16081470251083374,0.34378886222839355,0.0,0.16081470251083374,0.0001,1e-05,50.321,3.1843,0.6528
3793,stage2,1,0.14248593151569366,0.3995743691921234,0.0,0.14248593151569366,0.0001,1e-05,50.321,2.8642,0.6474
3794,stage2,1,0.12829618155956268,0.3269422650337219,0.0,0.12829618155956268,0.0001,1e-05,50.317,3.2074,2.5121
3795,stage2,1,0.16853486001491547,0.36284130811691284,0.0,0.16853486001491547,0.0001,1e-05,50.324,5.0501,2.1644
3796,stage2,1,0.13397417962551117,0.3547227084636688,0.0,0.13397417962551117,0.0001,1e-05,50.32,3.435,0.7003
3797,stage2,1,0.17976509034633636,0.34672150015830994,0.0,0.17976509034633636,0.0001,1e-05,50.322,3.5519,0.6448
3798,stage2,1,0.16467894613742828,0.3428732752799988,0.0,0.16467894613742828,0.0001,1e-05,50.323,3.1683,0.6458
3799,stage2,1,0.1520851105451584,0.35779762268066406,0.0,0.1520851105451584,0.0001,1e-05,50.322,3.4622,0.6459
3800,stage2,1,0.15002265572547913,0.36047497391700745,0.0,0.15002265572547913,0.0001,1e-05,50.323,4.5626,0.6469
3801,stage2,1,0.16515493392944336,0.3297836184501648,0.0,0.16515493392944336,0.0001,1e-05,50.324,3.1258,0.7026
3802,stage2,1,0.15708841383457184,0.3535447120666504,0.0,0.15708841383457184,0.0001,1e-05,50.324,3.4036,2.4501
3803,stage2,1,0.14513568580150604,0.34710875153541565,0.0,0.14513568580150604,0.0001,1e-05,50.324,3.0407,2.18
3804,stage2,1,0.13799113035202026,0.3534867763519287,0.0,0.13799113035202026,0.0001,1e-05,50.322,2.8818,0.6444
3805,stage2,1,0.15063460171222687,0.3220606744289398,0.0,0.15063460171222687,0.0001,1e-05,50.32,2.7839,0.6443
3806,stage2,1,0.13786007463932037,0.3288477063179016,0.0,0.13786007463932037,0.0001,1e-05,50.32,2.9665,0.6995
3807,stage2,1,0.15496106445789337,0.33504900336265564,0.0,0.15496106445789337,0.0001,1e-05,50.32,3.4845,0.645
3808,stage2,1,0.15040329098701477,0.35251206159591675,0.0,0.15040329098701477,0.0001,1e-05,50.321,3.8123,0.6451
3809,stage2,1,0.14485226571559906,0.3515086770057678,0.0,0.14485226571559906,0.0001,1e-05,50.318,3.542,0.6512
3810,stage2,1,0.1493954360485077,0.35139334201812744,0.0,0.1493954360485077,0.0001,1e-05,50.323,3.8509,2.4223
3811,stage2,1,0.14920243620872498,0.35697615146636963,0.0,0.14920243620872498,0.0001,1e-05,50.321,3.1436,2.2885
3812,stage2,1,0.1412384957075119,0.34079042077064514,0.0,0.1412384957075119,0.0001,1e-05,50.32,3.457,0.7026
3813,stage2,1,0.14728404581546783,0.33624616265296936,0.0,0.14728404581546783,0.0001,1e-05,50.319,3.1119,0.6486
3814,stage2,1,0.16118375957012177,0.33503323793411255,0.0,0.16118375957012177,0.0001,1e-05,50.32,3.1726,0.6469
3815,stage2,1,0.1614435911178589,0.36767229437828064,0.0,0.1614435911178589,0.0001,1e-05,50.323,3.0845,0.6472
3816,stage2,1,0.16723240911960602,0.34850502014160156,0.0,0.16723240911960602,0.0001,1e-05,50.323,4.0778,0.6512
3817,stage2,1,0.14194658398628235,0.3570532500743866,0.0,0.14194658398628235,0.0001,1e-05,50.32,3.0727,0.7023
3818,stage2,1,0.13966865837574005,0.3665434718132019,0.0,0.13966865837574005,0.0001,1e-05,50.324,3.026,2.3181
3819,stage2,1,0.14158937335014343,0.35854417085647583,0.0,0.14158937335014343,0.0001,1e-05,50.323,3.3084,2.2596
3820,stage2,1,0.16242730617523193,0.34582650661468506,0.0,0.16242730617523193,0.0001,1e-05,50.321,3.491,0.6445
3821,stage2,1,0.147394061088562,0.3562120795249939,0.0,0.147394061088562,0.0001,1e-05,50.325,3.7012,0.6447
3822,stage2,1,0.15633870661258698,0.3314399719238281,0.0,0.15633870661258698,0.0001,1e-05,50.326,3.8407,0.6972
3823,stage2,1,0.1751863658428192,0.3807832598686218,0.0,0.1751863658428192,0.0001,1e-05,50.325,4.3445,0.6449
3824,stage2,1,0.14115071296691895,0.3622015714645386,0.0,0.14115071296691895,0.0001,1e-05,50.323,3.1577,0.6453
3825,stage2,1,0.14432983100414276,0.34249842166900635,0.0,0.14432983100414276,0.0001,1e-05,50.32,3.186,0.6515
3826,stage2,1,0.14365245401859283,0.37672486901283264,0.0,0.14365245401859283,0.0001,1e-05,50.321,2.8982,2.4203
3827,stage2,1,0.13964371383190155,0.3265009820461273,0.0,0.13964371383190155,0.0001,1e-05,50.318,3.0395,2.1921
3828,stage2,1,0.18313252925872803,0.3874634802341461,0.0,0.18313252925872803,0.0001,1e-05,50.322,4.2281,0.6449
3829,stage2,1,0.15534016489982605,0.36230018734931946,0.0,0.15534016489982605,0.0001,1e-05,50.32,3.73,0.6454
3830,stage2,1,0.14176426827907562,0.3416959047317505,0.0,0.14176426827907562,0.0001,1e-05,50.326,2.8079,0.6457
3831,stage2,1,0.14383567869663239,0.32510146498680115,0.0,0.14383567869663239,0.0001,1e-05,50.327,3.2993,0.6463
3832,stage2,1,0.15426287055015564,0.3263242542743683,0.0,0.15426287055015564,0.0001,1e-05,50.321,3.3405,0.6498
3833,stage2,1,0.1506834626197815,0.33755290508270264,0.0,0.1506834626197815,0.0001,1e-05,50.325,3.2578,0.7151
3834,stage2,1,0.14287063479423523,0.32869961857795715,0.0,0.14287063479423523,0.0001,1e-05,50.326,3.9307,2.3776
3835,stage2,1,0.16909641027450562,0.3534592390060425,0.0,0.16909641027450562,0.0001,1e-05,50.325,3.5927,2.2142
3836,stage2,1,0.1601938009262085,0.35414665937423706,0.0,0.1601938009262085,0.0001,1e-05,50.324,3.443,0.6434
3837,stage2,1,0.13859781622886658,0.3463795781135559,0.0,0.13859781622886658,0.0001,1e-05,50.322,3.0318,0.6435
3838,stage2,1,0.1288745105266571,0.3243542015552521,0.0,0.1288745105266571,0.0001,1e-05,50.321,3.7896,0.6995
3839,stage2,1,0.14322520792484283,0.3487613797187805,0.0,0.14322520792484283,0.0001,1e-05,50.325,3.4298,0.6477
3840,stage2,1,0.15236689150333405,0.3768933117389679,0.0,0.15236689150333405,0.0001,1e-05,50.322,3.5676,0.6464
3841,stage2,1,0.14965561032295227,0.3212640583515167,0.0,0.14965561032295227,0.0001,1e-05,50.321,3.2443,0.6452
3842,stage2,1,0.15946224331855774,0.34810423851013184,0.0,0.15946224331855774,0.0001,1e-05,50.323,3.3328,2.4729
3843,stage2,1,0.1553969532251358,0.3394191563129425,0.0,0.1553969532251358,0.0001,1e-05,50.323,3.407,2.3086
3844,stage2,1,0.16329431533813477,0.36679571866989136,0.0,0.16329431533813477,0.0001,1e-05,50.323,3.7431,0.64
3845,stage2,1,0.13155342638492584,0.3346857726573944,0.0,0.13155342638492584,0.0001,1e-05,50.327,2.8002,0.6441
3846,stage2,1,0.13190129399299622,0.32057711482048035,0.0,0.13190129399299622,0.0001,1e-05,50.323,2.8777,0.6481
3847,stage2,1,0.1518293023109436,0.33454832434654236,0.0,0.1518293023109436,0.0001,1e-05,50.323,3.3684,0.6451
3848,stage2,1,0.13598404824733734,0.3290717899799347,0.0,0.13598404824733734,0.0001,1e-05,50.321,3.3563,0.6999
3849,stage2,1,0.1681406944990158,0.3641825318336487,0.0,0.1681406944990158,0.0001,1e-05,50.325,2.6545,0.6433
3850,stage2,1,0.16160531342029572,0.3476833403110504,0.0,0.16160531342029572,0.0001,1e-05,50.32,5.0654,2.1821
3851,stage2,1,0.1277645081281662,0.3922470808029175,0.0,0.1277645081281662,0.0001,1e-05,50.323,2.9871,2.1254
3852,stage2,1,0.15420837700366974,0.36039239168167114,0.0,0.15420837700366974,0.0001,1e-05,50.321,4.0769,0.6415
3853,stage2,1,0.15976186096668243,0.33538782596588135,0.0,0.15976186096668243,0.0001,1e-05,50.323,3.9648,0.6562
3854,stage2,1,0.12487326562404633,0.3615056574344635,0.0,0.12487326562404633,0.0001,1e-05,50.32,3.8347,0.6817
3855,stage2,1,0.15193182229995728,0.33187708258628845,0.0,0.15193182229995728,0.0001,1e-05,50.322,3.6607,0.6424
3856,stage2,2,0.17948608100414276,0.35011026263237,0.0,0.17948608100414276,0.0001,1e-05,50.324,3.8014,9.707
3857,stage2,2,0.1312202662229538,0.3075754642486572,0.0,0.1312202662229538,0.0001,1e-05,50.32,3.8004,0.6398
3858,stage2,2,0.16458895802497864,0.347569078207016,0.0,0.16458895802497864,0.0001,1e-05,50.324,3.7506,0.6464
3859,stage2,2,0.15443280339241028,0.4049498736858368,0.0,0.15443280339241028,0.0001,1e-05,50.324,5.2771,0.6947
3860,stage2,2,0.14065411686897278,0.32853972911834717,0.0,0.14065411686897278,0.0001,1e-05,50.323,3.3472,0.6428
3861,stage2,2,0.12554079294204712,0.3560672402381897,0.0,0.12554079294204712,0.0001,1e-05,50.324,3.2563,0.6416
3862,stage2,2,0.1569238305091858,0.34157782793045044,0.0,0.1569238305091858,0.0001,1e-05,50.319,3.2554,0.6484
3863,stage2,2,0.15015877783298492,0.3481757342815399,0.0,0.15015877783298492,0.0001,1e-05,50.322,4.9252,0.6435
3864,stage2,2,0.1537402868270874,0.3162941038608551,0.0,0.1537402868270874,0.0001,1e-05,50.326,3.4866,3.9205
3865,stage2,2,0.13788418471813202,0.33436766266822815,0.0,0.13788418471813202,0.0001,1e-05,50.325,3.233,0.6961
3866,stage2,2,0.13530127704143524,0.3667598366737366,0.0,0.13530127704143524,0.0001,1e-05,50.323,3.2941,0.6403
3867,stage2,2,0.14422278106212616,0.32717153429985046,0.0,0.14422278106212616,0.0001,1e-05,50.322,3.4992,0.6465
3868,stage2,2,0.15964439511299133,0.32760271430015564,0.0,0.15964439511299133,0.0001,1e-05,50.328,3.4043,0.6425
3869,stage2,2,0.14159005880355835,0.34810754656791687,0.0,0.14159005880355835,0.0001,1e-05,50.321,2.694,0.6425
3870,stage2,2,0.15476855635643005,0.3411920964717865,0.0,0.15476855635643005,0.0001,1e-05,50.323,3.7829,0.7043
3871,stage2,2,0.1551566869020462,0.34792837500572205,0.0,0.1551566869020462,0.0001,1e-05,50.323,3.4216,0.6417
3872,stage2,2,0.14014743268489838,0.3619600832462311,0.0,0.14014743268489838,0.0001,1e-05,50.322,3.7327,4.0918
3873,stage2,2,0.15455399453639984,0.3472669720649719,0.0,0.15455399453639984,0.0001,1e-05,50.325,2.6643,0.6369
3874,stage2,2,0.1525106281042099,0.32662561535835266,0.0,0.1525106281042099,0.0001,1e-05,50.321,3.0317,0.6403
3875,stage2,2,0.13908424973487854,0.3211445212364197,0.0,0.13908424973487854,0.0001,1e-05,50.32,3.1521,0.6423
3876,stage2,2,0.11792910844087601,0.37940719723701477,0.0,0.11792910844087601,0.0001,1e-05,50.323,2.6925,0.6426
3877,stage2,2,0.12976543605327606,0.3303769826889038,0.0,0.12976543605327606,0.0001,1e-05,50.324,3.147,0.6852
3878,stage2,2,0.12025339901447296,0.3340083658695221,0.0,0.12025339901447296,0.0001,1e-05,50.321,3.8935,0.6543
3879,stage2,2,0.13196216523647308,0.32218417525291443,0.0,0.13196216523647308,0.0001,1e-05,50.324,2.7189,0.6436
3880,stage2,2,0.16396699845790863,0.35010865330696106,0.0,0.16396699845790863,0.0001,1e-05,50.321,3.5363,3.9327
3881,stage2,2,0.1396067887544632,0.31855446100234985,0.0,0.1396067887544632,0.0001,1e-05,50.323,2.7381,0.6436
3882,stage2,2,0.14848193526268005,0.3209986984729767,0.0,0.14848193526268005,0.0001,1e-05,50.32,3.5058,0.708
3883,stage2,2,0.12822361290454865,0.3457229435443878,0.0,0.12822361290454865,0.0001,1e-05,50.325,2.9798,0.6347
3884,stage2,2,0.14339466392993927,0.31806692481040955,0.0,0.14339466392993927,0.0001,1e-05,50.324,2.818,0.6431
3885,stage2,2,0.14403888583183289,0.32801347970962524,0.0,0.14403888583183289,0.0001,1e-05,50.324,2.5021,0.6435
3886,stage2,2,0.12402461469173431,0.32238414883613586,0.0,0.12402461469173431,0.0001,1e-05,50.324,2.6741,0.6432
3887,stage2,2,0.14933940768241882,0.34759393334388733,0.0,0.14933940768241882,0.0001,1e-05,50.321,3.1426,0.6575
3888,stage2,2,0.1150948628783226,0.35070666670799255,0.0,0.1150948628783226,0.0001,1e-05,50.322,3.0072,4.0405
3889,stage2,2,0.14537350833415985,0.31474626064300537,0.0,0.14537350833415985,0.0001,1e-05,50.324,3.343,0.6424
3890,stage2,2,0.1716727912425995,0.3448260724544525,0.0,0.1716727912425995,0.0001,1e-05,50.325,4.162,0.6411
3891,stage2,2,0.11721143871545792,0.33408668637275696,0.0,0.11721143871545792,0.0001,1e-05,50.323,3.2906,0.6431
3892,stage2,2,0.14685691893100739,0.32276642322540283,0.0,0.14685691893100739,0.0001,1e-05,50.318,3.395,0.6376
3893,stage2,2,0.1325111836194992,0.32241925597190857,0.0,0.1325111836194992,0.0001,1e-05,50.323,2.7184,0.6674
3894,stage2,2,0.14163905382156372,0.3071894645690918,0.0,0.14163905382156372,0.0001,1e-05,50.32,3.4123,0.6988
3895,stage2,2,0.16030485928058624,0.3554491698741913,0.0,0.16030485928058624,0.0001,1e-05,50.324,2.7275,0.6444
3896,stage2,2,0.15653873980045319,0.3224785327911377,0.0,0.15653873980045319,0.0001,1e-05,50.323,3.2618,3.928
3897,stage2,2,0.15871959924697876,0.35624000430107117,0.0,0.15871959924697876,0.0001,1e-05,50.321,2.765,0.6425
3898,stage2,2,0.12723712623119354,0.3559122085571289,0.0,0.12723712623119354,0.0001,1e-05,50.322,2.5342,0.6425
3899,stage2,2,0.11700174957513809,0.35978350043296814,0.0,0.11700174957513809,0.0001,1e-05,50.325,2.626,0.6976
3900,stage2,2,0.13575711846351624,0.3164498507976532,0.0,0.13575711846351624,0.0001,1e-05,50.321,3.9668,0.6436
3901,stage2,2,0.1349528282880783,0.3152061104774475,0.0,0.1349528282880783,0.0001,1e-05,50.323,3.2144,0.6439
3902,stage2,2,0.12190663814544678,0.3493897020816803,0.0,0.12190663814544678,0.0001,1e-05,50.325,2.388,0.6474
3903,stage2,2,0.13928234577178955,0.34217578172683716,0.0,0.13928234577178955,0.0001,1e-05,50.325,2.59,0.6426
3904,stage2,2,0.125003382563591,0.3387388288974762,0.0,0.125003382563591,0.0001,1e-05,50.321,3.1332,4.0136
3905,stage2,2,0.15372593700885773,0.3561243414878845,0.0,0.15372593700885773,0.0001,1e-05,50.326,3.3412,0.6748
3906,stage2,2,0.13603103160858154,0.35761454701423645,0.0,0.13603103160858154,0.0001,1e-05,50.321,3.445,0.6629
3907,stage2,2,0.1263675093650818,0.3438623249530792,0.0,0.1263675093650818,0.0001,1e-05,50.322,2.6292,0.6421
3908,stage2,2,0.1411699503660202,0.3795228600502014,0.0,0.1411699503660202,0.0001,1e-05,50.326,3.4851,0.6434
3909,stage2,2,0.12748800218105316,0.33245545625686646,0.0,0.12748800218105316,0.0001,1e-05,50.325,2.873,0.6427
3910,stage2,2,0.15524038672447205,0.35895711183547974,0.0,0.15524038672447205,0.0001,1e-05,50.323,2.8475,0.6437
3911,stage2,2,0.14230644702911377,0.36946892738342285,0.0,0.14230644702911377,0.0001,1e-05,50.322,3.2888,0.6974
3912,stage2,2,0.13631634414196014,0.34147703647613525,0.0,0.13631634414196014,0.0001,1e-05,50.324,2.6242,4.0035
3913,stage2,2,0.14435893297195435,0.3607815206050873,0.0,0.14435893297195435,0.0001,1e-05,50.322,3.0741,0.6457
3914,stage2,2,0.12780249118804932,0.31485286355018616,0.0,0.12780249118804932,0.0001,1e-05,50.321,2.7483,0.6431
3915,stage2,2,0.13006643950939178,0.3173069953918457,0.0,0.13006643950939178,0.0001,1e-05,50.322,2.9026,0.6509
3916,stage2,2,0.13205331563949585,0.3440794050693512,0.0,0.13205331563949585,0.0001,1e-05,50.322,2.9618,0.6436
3917,stage2,2,0.14211927354335785,0.35567033290863037,0.0,0.14211927354335785,0.0001,1e-05,50.322,4.1217,0.6982
3918,stage2,2,0.16708646714687347,0.3636375069618225,0.0,0.16708646714687347,0.0001,1e-05,50.32,4.2933,0.6426
3919,stage2,2,0.13568666577339172,0.32776305079460144,0.0,0.13568666577339172,0.0001,1e-05,50.322,2.6586,0.6443
3920,stage2,2,0.14715664088726044,0.3397405743598938,0.0,0.14715664088726044,0.0001,1e-05,50.325,3.6379,3.9139
3921,stage2,2,0.15040363371372223,0.32783713936805725,0.0,0.15040363371372223,0.0001,1e-05,50.319,3.7129,0.6416
3922,stage2,2,0.1154998391866684,0.3238905072212219,0.0,0.1154998391866684,0.0001,1e-05,50.323,2.7653,0.6996
3923,stage2,2,0.13556413352489471,0.37364816665649414,0.0,0.13556413352489471,0.0001,1e-05,50.322,3.2751,0.6449
3924,stage2,2,0.11905737221240997,0.3460475206375122,0.0,0.11905737221240997,0.0001,1e-05,50.325,3.1378,0.6439
3925,stage2,2,0.15097220242023468,0.3649916648864746,0.0,0.15097220242023468,0.0001,1e-05,50.325,3.3816,0.6433
3926,stage2,2,0.13448461890220642,0.34224510192871094,0.0,0.13448461890220642,0.0001,1e-05,50.317,2.9894,0.6441
3927,stage2,2,0.13129952549934387,0.3466188907623291,0.0,0.13129952549934387,0.0001,1e-05,50.322,2.6926,0.6986
3928,stage2,2,0.13879525661468506,0.34376075863838196,0.0,0.13879525661468506,0.0001,1e-05,50.322,3.0107,3.7747
3929,stage2,2,0.13703078031539917,0.3159288465976715,0.0,0.13703078031539917,0.0001,1e-05,50.323,3.008,0.6411
3930,stage2,2,0.13026508688926697,0.3420895040035248,0.0,0.13026508688926697,0.0001,1e-05,50.324,3.0735,0.6421
3931,stage2,2,0.11296864598989487,0.31325602531433105,0.0,0.11296864598989487,0.0001,1e-05,50.32,2.4899,0.6476
3932,stage2,2,0.1358443796634674,0.3570850193500519,0.0,0.1358443796634674,0.0001,1e-05,50.322,3.0099,0.641
3933,stage2,2,0.1292051523923874,0.34464094042778015,0.0,0.1292051523923874,0.0001,1e-05,50.323,2.8787,0.6645
3934,stage2,2,0.1629486232995987,0.3348122239112854,0.0,0.1629486232995987,0.0001,1e-05,50.32,3.719,0.6976
3935,stage2,2,0.14309349656105042,0.33870169520378113,0.0,0.14309349656105042,0.0001,1e-05,50.323,2.617,0.6439
3936,stage2,2,0.12161431461572647,0.33600375056266785,0.0,0.12161431461572647,0.0001,1e-05,50.32,2.8971,3.8702
3937,stage2,2,0.15985116362571716,0.3462306261062622,0.0,0.15985116362571716,0.0001,1e-05,50.321,3.8046,0.6434
3938,stage2,2,0.17607490718364716,0.36399319767951965,0.0,0.17607490718364716,0.0001,1e-05,50.319,3.1508,0.6491
3939,stage2,2,0.1252736747264862,0.3547554612159729,0.0,0.1252736747264862,0.0001,1e-05,50.315,2.4896,0.6957
3940,stage2,2,0.15928995609283447,0.33155980706214905,0.0,0.15928995609283447,0.0001,1e-05,50.322,3.542,0.644
3941,stage2,2,0.13579343259334564,0.30976632237434387,0.0,0.13579343259334564,0.0001,1e-05,50.322,3.0842,0.6442
3942,stage2,2,0.15392130613327026,0.36081740260124207,0.0,0.15392130613327026,0.0001,1e-05,50.321,2.5805,0.6447
3943,stage2,2,0.12907291948795319,0.38068506121635437,0.0,0.12907291948795319,0.0001,1e-05,50.324,3.0869,0.6457
3944,stage2,2,0.1267326921224594,0.34332409501075745,0.0,0.1267326921224594,0.0001,1e-05,50.321,3.6494,4.0623
3945,stage2,2,0.1630104035139084,0.37007936835289,0.0,0.1630104035139084,0.0001,1e-05,50.317,3.0646,0.6424
3946,stage2,2,0.1372012197971344,0.32143884897232056,0.0,0.1372012197971344,0.0001,1e-05,50.319,2.6515,0.643
3947,stage2,2,0.1534157246351242,0.3341416120529175,0.0,0.1534157246351242,0.0001,1e-05,50.324,3.1291,0.6437
3948,stage2,2,0.14330655336380005,0.33742237091064453,0.0,0.14330655336380005,0.0001,1e-05,50.321,2.8341,0.6439
3949,stage2,2,0.1360645294189453,0.36773577332496643,0.0,0.1360645294189453,0.0001,1e-05,50.325,3.7075,0.698
3950,stage2,2,0.1338379979133606,0.3519671857357025,0.0,0.1338379979133606,0.0001,1e-05,50.325,3.0029,0.6446
3951,stage2,2,0.13332484662532806,0.35672053694725037,0.0,0.13332484662532806,0.0001,1e-05,50.319,2.6518,0.6477
3952,stage2,2,0.15195174515247345,0.33513155579566956,0.0,0.15195174515247345,0.0001,1e-05,50.32,3.1642,3.9443
3953,stage2,2,0.1427416354417801,0.33856141567230225,0.0,0.1427416354417801,0.0001,1e-05,50.323,3.5192,0.6429
3954,stage2,2,0.1463625580072403,0.3641943633556366,0.0,0.1463625580072403,0.0001,1e-05,50.32,2.9263,0.6439
3955,stage2,2,0.15326689183712006,0.3716331124305725,0.0,0.15326689183712006,0.0001,1e-05,50.322,3.736,0.6984
3956,stage2,2,0.15296953916549683,0.3348604738712311,0.0,0.15296953916549683,0.0001,1e-05,50.325,3.0756,0.6475
3957,stage2,2,0.13302074372768402,0.3654097020626068,0.0,0.13302074372768402,0.0001,1e-05,50.322,3.0926,0.6445
3958,stage2,2,0.1594870388507843,0.3447568714618683,0.0,0.1594870388507843,0.0001,1e-05,50.323,3.4592,0.6455
3959,stage2,2,0.1603681892156601,0.3429885506629944,0.0,0.1603681892156601,0.0001,1e-05,50.32,3.6827,0.6449
3960,stage2,2,0.13283492624759674,0.3339416980743408,0.0,0.13283492624759674,0.0001,1e-05,50.327,3.4085,3.9132
3961,stage2,2,0.14775341749191284,0.34395095705986023,0.0,0.14775341749191284,0.0001,1e-05,50.321,3.6466,0.6839
3962,stage2,2,0.14500799775123596,0.3475557565689087,0.0,0.14500799775123596,0.0001,1e-05,50.32,2.9833,0.6784
3963,stage2,2,0.1591511219739914,0.3516901433467865,0.0,0.1591511219739914,0.0001,1e-05,50.323,3.3981,0.6485
3964,stage2,2,0.14898701012134552,0.34688836336135864,0.0,0.14898701012134552,0.0001,1e-05,50.322,2.9584,0.6433
3965,stage2,2,0.1580328494310379,0.33777227997779846,0.0,0.1580328494310379,0.0001,1e-05,50.322,3.4071,0.6447
3966,stage2,2,0.13036933541297913,0.35236886143684387,0.0,0.13036933541297913,0.0001,1e-05,50.322,2.8511,0.6447
3967,stage2,2,0.13210053741931915,0.33478984236717224,0.0,0.13210053741931915,0.0001,1e-05,50.324,2.91,0.6982
3968,stage2,2,0.11209315806627274,0.30910375714302063,0.0,0.11209315806627274,0.0001,1e-05,50.318,2.643,3.8531
3969,stage2,2,0.14391595125198364,0.3482671082019806,0.0,0.14391595125198364,0.0001,1e-05,50.32,2.7898,0.6467
3970,stage2,2,0.14502382278442383,0.3624490201473236,0.0,0.14502382278442383,0.0001,1e-05,50.325,2.988,0.6433
3971,stage2,2,0.14758290350437164,0.3557952046394348,0.0,0.14758290350437164,0.0001,1e-05,50.32,3.1542,0.6632
3972,stage2,2,0.16113948822021484,0.3565824329853058,0.0,0.16113948822021484,0.0001,1e-05,50.324,3.34,0.677
3973,stage2,2,0.14187604188919067,0.31696730852127075,0.0,0.14187604188919067,0.0001,1e-05,50.324,3.0414,0.6447
3974,stage2,2,0.12658022344112396,0.3665233254432678,0.0,0.12658022344112396,0.0001,1e-05,50.325,3.0897,0.6448
3975,stage2,2,0.14113713800907135,0.34853288531303406,0.0,0.14113713800907135,0.0001,1e-05,50.321,3.2162,0.645
3976,stage2,2,0.15998589992523193,0.34978723526000977,0.0,0.15998589992523193,0.0001,1e-05,50.322,3.6483,4.0904
3977,stage2,2,0.14613313972949982,0.30978521704673767,0.0,0.14613313972949982,0.0001,1e-05,50.325,3.32,0.6435
3978,stage2,2,0.12801751494407654,0.32094740867614746,0.0,0.12801751494407654,0.0001,1e-05,50.323,2.8071,0.6418
3979,stage2,2,0.1330287605524063,0.34313029050827026,0.0,0.1330287605524063,0.0001,1e-05,50.324,3.2661,0.6448
3980,stage2,2,0.13383997976779938,0.3228456377983093,0.0,0.13383997976779938,0.0001,1e-05,50.325,3.1137,0.6438
3981,stage2,2,0.1417495310306549,0.3351822793483734,0.0,0.1417495310306549,0.0001,1e-05,50.322,3.2265,0.6396
3982,stage2,2,0.15129947662353516,0.3414059579372406,0.0,0.15129947662353516,0.0001,1e-05,50.325,3.7102,0.7214
3983,stage2,2,0.12996256351470947,0.3215954005718231,0.0,0.12996256351470947,0.0001,1e-05,50.324,3.0185,0.6397
3984,stage2,2,0.14451070129871368,0.3379831612110138,0.0,0.14451070129871368,0.0001,1e-05,50.322,3.1156,3.9386
3985,stage2,2,0.10376808047294617,0.3654533922672272,0.0,0.10376808047294617,0.0001,1e-05,50.323,2.4525,0.6426
3986,stage2,2,0.12551350891590118,0.3198395073413849,0.0,0.12551350891590118,0.0001,1e-05,50.323,2.9243,0.6424
3987,stage2,2,0.11823005229234695,0.3331691026687622,0.0,0.11823005229234695,0.0001,1e-05,50.324,2.3094,0.7024
3988,stage2,2,0.12124327570199966,0.34903788566589355,0.0,0.12124327570199966,0.0001,1e-05,50.322,3.1374,0.6423
3989,stage2,2,0.15029457211494446,0.337410569190979,0.0,0.15029457211494446,0.0001,1e-05,50.323,3.231,0.6432
3990,stage2,2,0.13833804428577423,0.33268389105796814,0.0,0.13833804428577423,0.0001,1e-05,50.323,2.9289,0.6442
3991,stage2,2,0.13674600422382355,0.3524108827114105,0.0,0.13674600422382355,0.0001,1e-05,50.321,3.4527,0.6488
3992,stage2,2,0.12772667407989502,0.35054612159729004,0.0,0.12772667407989502,0.0001,1e-05,50.322,2.6245,4.0126
3993,stage2,2,0.141744926571846,0.35198307037353516,0.0,0.141744926571846,0.0001,1e-05,50.325,4.1003,0.6378
3994,stage2,2,0.1310162991285324,0.3571678102016449,0.0,0.1310162991285324,0.0001,1e-05,50.327,2.8095,0.6414
3995,stage2,2,0.14474032819271088,0.36392664909362793,0.0,0.14474032819271088,0.0001,1e-05,50.323,3.5853,0.6427
3996,stage2,2,0.13143299520015717,0.32315099239349365,0.0,0.13143299520015717,0.0001,1e-05,50.324,2.974,0.6442
3997,stage2,2,0.1445581018924713,0.33365413546562195,0.0,0.1445581018924713,0.0001,1e-05,50.322,3.06,0.7027
3998,stage2,2,0.14664912223815918,0.3434140086174011,0.0,0.14664912223815918,0.0001,1e-05,50.322,2.9209,0.6422
3999,stage2,2,0.122318796813488,0.34127795696258545,0.0,0.122318796813488,0.0001,1e-05,50.324,2.5221,0.6436
4000,stage2,2,0.13712111115455627,0.32207366824150085,0.0,0.13712111115455627,0.0001,1e-05,50.321,3.3328,3.8587
4001,stage2,2,0.13937661051750183,0.3142918050289154,0.0,0.13937661051750183,0.0001,1e-05,50.325,2.9731,0.6462
4002,stage2,2,0.15152747929096222,0.3372262418270111,0.0,0.15152747929096222,0.0001,1e-05,50.326,3.1143,0.6428
4003,stage2,2,0.14521025121212006,0.3338908553123474,0.0,0.14521025121212006,0.0001,1e-05,50.323,2.8469,0.6478
4004,stage2,2,0.16002969443798065,0.3665963411331177,0.0,0.16002969443798065,0.0001,1e-05,50.321,3.6389,0.6908
4005,stage2,2,0.19598987698554993,0.3506231904029846,0.0,0.19598987698554993,0.0001,1e-05,50.32,3.6767,0.6434
4006,stage2,2,0.1150868833065033,0.3475981652736664,0.0,0.1150868833065033,0.0001,1e-05,50.321,2.4847,0.6438
4007,stage2,2,0.1304231733083725,0.3507996201515198,0.0,0.1304231733083725,0.0001,1e-05,50.326,2.9742,0.6439
4008,stage2,2,0.15907076001167297,0.3703717291355133,0.0,0.15907076001167297,0.0001,1e-05,50.322,3.2723,3.9845
4009,stage2,2,0.14589032530784607,0.34431079030036926,0.0,0.14589032530784607,0.0001,1e-05,50.327,3.6047,0.6648
4010,stage2,2,0.13591128587722778,0.34271174669265747,0.0,0.13591128587722778,0.0001,1e-05,50.322,4.2809,0.6426
4011,stage2,2,0.1586153656244278,0.33485347032546997,0.0,0.1586153656244278,0.0001,1e-05,50.322,2.8985,0.643
4012,stage2,2,0.1363578885793686,0.31962698698043823,0.0,0.1363578885793686,0.0001,1e-05,50.324,3.1073,0.6426
4013,stage2,2,0.14833885431289673,0.34346887469291687,0.0,0.14833885431289673,0.0001,1e-05,50.322,3.746,0.6492
4014,stage2,2,0.1547757089138031,0.36062586307525635,0.0,0.1547757089138031,0.0001,1e-05,50.324,2.7601,0.698
4015,stage2,2,0.13166004419326782,0.3363006114959717,0.0,0.13166004419326782,0.0001,1e-05,50.321,2.9846,0.6435
4016,stage2,2,0.1448303461074829,0.34182873368263245,0.0,0.1448303461074829,0.0001,1e-05,50.322,3.321,3.9257
4017,stage2,2,0.14980410039424896,0.343148410320282,0.0,0.14980410039424896,0.0001,1e-05,50.324,3.3841,0.6458
4018,stage2,2,0.13886500895023346,0.3265760838985443,0.0,0.13886500895023346,0.0001,1e-05,50.325,3.5505,0.642
4019,stage2,2,0.126296728849411,0.3516427278518677,0.0,0.126296728849411,0.0001,1e-05,50.322,3.506,0.6613
4020,stage2,2,0.13819825649261475,0.3208042085170746,0.0,0.13819825649261475,0.0001,1e-05,50.325,3.3346,0.7005
4021,stage2,2,0.1445264220237732,0.33790796995162964,0.0,0.1445264220237732,0.0001,1e-05,50.319,3.9445,0.643
4022,stage2,2,0.14306233823299408,0.35574108362197876,0.0,0.14306233823299408,0.0001,1e-05,50.324,2.8007,0.6444
4023,stage2,2,0.12361299246549606,0.31529372930526733,0.0,0.12361299246549606,0.0001,1e-05,50.322,2.7408,0.6444
4024,stage2,2,0.1356353461742401,0.3319924771785736,0.0,0.1356353461742401,0.0001,1e-05,50.323,3.2046,3.9163
4025,stage2,2,0.13961704075336456,0.3438972234725952,0.0,0.13961704075336456,0.0001,1e-05,50.322,3.0508,0.6979
4026,stage2,2,0.1296551674604416,0.30974772572517395,0.0,0.1296551674604416,0.0001,1e-05,50.326,2.8213,0.6437
4027,stage2,2,0.12319856137037277,0.3282720148563385,0.0,0.12319856137037277,0.0001,1e-05,50.327,2.9561,0.6389
4028,stage2,2,0.15413621068000793,0.340180903673172,0.0,0.15413621068000793,0.0001,1e-05,50.33,3.1818,0.6672
4029,stage2,2,0.12965711951255798,0.32523617148399353,0.0,0.12965711951255798,0.0001,1e-05,50.323,2.4566,0.6364
4030,stage2,2,0.13704583048820496,0.3338162899017334,0.0,0.13704583048820496,0.0001,1e-05,50.325,2.6197,0.7304
4031,stage2,2,0.13049252331256866,0.3368358314037323,0.0,0.13049252331256866,0.0001,1e-05,50.325,3.3097,0.6461
4032,stage2,2,0.11710245907306671,0.31785380840301514,0.0,0.11710245907306671,0.0001,1e-05,50.322,2.5768,3.7225
4033,stage2,2,0.11251965165138245,0.3505111038684845,0.0,0.11251965165138245,0.0001,1e-05,50.325,2.8719,0.6434
4034,stage2,2,0.13355350494384766,0.32804715633392334,0.0,0.13355350494384766,0.0001,1e-05,50.322,3.0235,0.6482
4035,stage2,2,0.12601338326931,0.3535858690738678,0.0,0.12601338326931,0.0001,1e-05,50.322,2.7333,0.6715
4036,stage2,2,0.13888044655323029,0.3449310064315796,0.0,0.13888044655323029,0.0001,1e-05,50.32,2.9788,0.6713
4037,stage2,2,0.1506841778755188,0.32736286520957947,0.0,0.1506841778755188,0.0001,1e-05,50.321,3.4201,0.6455
4038,stage2,2,0.1355479657649994,0.3473679721355438,0.0,0.1355479657649994,0.0001,1e-05,50.321,2.6953,0.6442
4039,stage2,2,0.15050309896469116,0.31967100501060486,0.0,0.15050309896469116,0.0001,1e-05,50.318,2.9135,0.6435
4040,stage2,2,0.12257934361696243,0.33412179350852966,0.0,0.12257934361696243,0.0001,1e-05,50.32,2.9313,4.0688
4041,stage2,2,0.14225180447101593,0.32649391889572144,0.0,0.14225180447101593,0.0001,1e-05,50.322,3.4205,0.6413
4042,stage2,2,0.14190316200256348,0.3333165943622589,0.0,0.14190316200256348,0.0001,1e-05,50.32,3.1722,0.6434
4043,stage2,2,0.13049571216106415,0.3201887905597687,0.0,0.13049571216106415,0.0001,1e-05,50.318,3.03,0.6425
4044,stage2,2,0.14393283426761627,0.3210485577583313,0.0,0.14393283426761627,0.0001,1e-05,50.32,2.535,0.6437
4045,stage2,2,0.14926353096961975,0.34841179847717285,0.0,0.14926353096961975,0.0001,1e-05,50.321,3.9452,0.7061
4046,stage2,2,0.14232942461967468,0.3293333351612091,0.0,0.14232942461967468,0.0001,1e-05,50.321,3.2817,0.6413
4047,stage2,2,0.14903123676776886,0.3578553795814514,0.0,0.14903123676776886,0.0001,1e-05,50.32,3.4034,0.6439
4048,stage2,2,0.1340494155883789,0.32320672273635864,0.0,0.1340494155883789,0.0001,1e-05,50.317,3.379,3.9325
4049,stage2,2,0.13225620985031128,0.3062520921230316,0.0,0.13225620985031128,0.0001,1e-05,50.319,5.4104,0.6467
4050,stage2,2,0.13439981639385223,0.3534644842147827,0.0,0.13439981639385223,0.0001,1e-05,50.32,2.9781,0.6454
4051,stage2,2,0.11438822746276855,0.30175507068634033,0.0,0.11438822746276855,0.0001,1e-05,50.322,2.4542,0.6439
4052,stage2,2,0.12593097984790802,0.3489641547203064,0.0,0.12593097984790802,0.0001,1e-05,50.323,2.731,0.6958
4053,stage2,2,0.1539914458990097,0.35317718982696533,0.0,0.1539914458990097,0.0001,1e-05,50.321,3.0618,0.6431
4054,stage2,2,0.1129097044467926,0.3324020504951477,0.0,0.1129097044467926,0.0001,1e-05,50.316,2.8484,0.6472
4055,stage2,2,0.12138184905052185,0.33412566781044006,0.0,0.12138184905052185,0.0001,1e-05,50.319,2.3536,0.6429
4056,stage2,2,0.13206711411476135,0.30868658423423767,0.0,0.13206711411476135,0.0001,1e-05,50.322,2.8728,4.0488
4057,stage2,2,0.13707205653190613,0.3504014015197754,0.0,0.13707205653190613,0.0001,1e-05,50.322,3.0177,0.6365
4058,stage2,2,0.13736113905906677,0.36060652136802673,0.0,0.13736113905906677,0.0001,1e-05,50.318,3.9907,0.6416
4059,stage2,2,0.14551830291748047,0.3104367256164551,0.0,0.14551830291748047,0.0001,1e-05,50.319,3.2235,0.6436
4060,stage2,2,0.14470162987709045,0.329318642616272,0.0,0.14470162987709045,0.0001,1e-05,50.321,3.3529,0.6424
4061,stage2,2,0.13854190707206726,0.3233758211135864,0.0,0.13854190707206726,0.0001,1e-05,50.321,3.4449,0.706
4062,stage2,2,0.13841837644577026,0.3343123495578766,0.0,0.13841837644577026,0.0001,1e-05,50.324,3.216,0.6361
4063,stage2,2,0.12721313536167145,0.3639121651649475,0.0,0.12721313536167145,0.0001,1e-05,50.326,3.0602,0.6441
4064,stage2,2,0.15407848358154297,0.3617394268512726,0.0,0.15407848358154297,0.0001,1e-05,50.319,3.1097,3.925
4065,stage2,2,0.14169183373451233,0.35285383462905884,0.0,0.14169183373451233,0.0001,1e-05,50.317,2.9381,0.6365
4066,stage2,2,0.13763004541397095,0.354116290807724,0.0,0.13763004541397095,0.0001,1e-05,50.318,3.9869,0.6376
4067,stage2,2,0.11463902145624161,0.34959739446640015,0.0,0.11463902145624161,0.0001,1e-05,50.322,3.2034,0.6587
4068,stage2,2,0.15245622396469116,0.33636724948883057,0.0,0.15245622396469116,0.0001,1e-05,50.319,4.2092,0.6616
4069,stage2,2,0.14175234735012054,0.3432307243347168,0.0,0.14175234735012054,0.0001,1e-05,50.322,3.1749,0.6365
4070,stage2,2,0.13708899915218353,0.355471670627594,0.0,0.13708899915218353,0.0001,1e-05,50.323,2.5899,0.726
4071,stage2,2,0.1558084785938263,0.34876927733421326,0.0,0.1558084785938263,0.0001,1e-05,50.32,3.4647,0.655
4072,stage2,2,0.12479434162378311,0.31822189688682556,0.0,0.12479434162378311,0.0001,1e-05,50.321,3.5761,4.1255
4073,stage2,2,0.12378432601690292,0.3503834903240204,0.0,0.12378432601690292,0.0001,1e-05,50.32,3.2226,0.7074
4074,stage2,2,0.13676220178604126,0.3308156132698059,0.0,0.13676220178604126,0.0001,1e-05,50.323,3.3995,0.6518
4075,stage2,2,0.14031937718391418,0.31699636578559875,0.0,0.14031937718391418,0.0001,1e-05,50.32,2.9605,0.6949
4076,stage2,2,0.16325294971466064,0.3284183442592621,0.0,0.16325294971466064,0.0001,1e-05,50.321,3.5438,0.6682
4077,stage2,2,0.13257676362991333,0.32183972001075745,0.0,0.13257676362991333,0.0001,1e-05,50.323,3.0318,0.664
4078,stage2,2,0.13697420060634613,0.35207733511924744,0.0,0.13697420060634613,0.0001,1e-05,50.324,3.135,0.64
4079,stage2,2,0.12274426966905594,0.31751003861427307,0.0,0.12274426966905594,0.0001,1e-05,50.32,3.2948,0.7211
4080,stage2,2,0.11595523357391357,0.31019532680511475,0.0,0.11595523357391357,0.0001,1e-05,50.32,2.6446,3.9431
4081,stage2,2,0.13579563796520233,0.3519410789012909,0.0,0.13579563796520233,0.0001,1e-05,50.322,2.914,0.7113
4082,stage2,2,0.12241367995738983,0.3239433765411377,0.0,0.12241367995738983,0.0001,1e-05,50.319,2.8873,0.6689
4083,stage2,2,0.14089690148830414,0.3465111553668976,0.0,0.14089690148830414,0.0001,1e-05,50.323,3.2633,0.7107
4084,stage2,2,0.14334876835346222,0.3610260784626007,0.0,0.14334876835346222,0.0001,1e-05,50.322,3.7158,0.6584
4085,stage2,2,0.1490613967180252,0.32964619994163513,0.0,0.1490613967180252,0.0001,1e-05,50.321,3.2069,0.7177
4086,stage2,2,0.14889177680015564,0.37337589263916016,0.0,0.14889177680015564,0.0001,1e-05,50.322,2.6042,0.6589
4087,stage2,2,0.1295846402645111,0.3830944895744324,0.0,0.1295846402645111,0.0001,1e-05,50.321,2.6143,0.6496
4088,stage2,2,0.14082707464694977,0.36040058732032776,0.0,0.14082707464694977,0.0001,1e-05,50.321,3.7661,3.9635
4089,stage2,2,0.15599282085895538,0.35775890946388245,0.0,0.15599282085895538,0.0001,1e-05,50.318,2.8487,0.6914
4090,stage2,2,0.12702110409736633,0.3455398380756378,0.0,0.12702110409736633,0.0001,1e-05,50.322,2.9959,0.6795
4091,stage2,2,0.14278212189674377,0.3351815342903137,0.0,0.14278212189674377,0.0001,1e-05,50.321,3.3213,0.6601
4092,stage2,2,0.11792183667421341,0.3414286971092224,0.0,0.11792183667421341,0.0001,1e-05,50.321,2.7592,0.711
4093,stage2,2,0.13383395969867706,0.33380380272865295,0.0,0.13383395969867706,0.0001,1e-05,50.322,2.9936,0.6628
4094,stage2,2,0.14666804671287537,0.35347893834114075,0.0,0.14666804671287537,0.0001,1e-05,50.323,2.8571,0.7119
4095,stage2,2,0.1262243241071701,0.35616424679756165,0.0,0.1262243241071701,0.0001,1e-05,50.322,2.696,0.6611
4096,stage2,2,0.145904079079628,0.3372684121131897,0.0,0.145904079079628,0.0001,1e-05,50.325,3.7031,4.0661
4097,stage2,2,0.13284637033939362,0.3542366623878479,0.0,0.13284637033939362,0.0001,1e-05,50.325,3.0414,0.6527
4098,stage2,2,0.1524200141429901,0.3524104058742523,0.0,0.1524200141429901,0.0001,1e-05,50.321,3.4143,0.6838
4099,stage2,2,0.15177138149738312,0.3252140283584595,0.0,0.15177138149738312,0.0001,1e-05,50.326,3.7119,0.681
4100,stage2,2,0.1279146820306778,0.34949740767478943,0.0,0.1279146820306778,0.0001,1e-05,50.322,3.0317,0.6551
4101,stage2,2,0.12799875438213348,0.3542534410953522,0.0,0.12799875438213348,0.0001,1e-05,50.324,3.4648,0.7076
4102,stage2,2,0.13439130783081055,0.3444164991378784,0.0,0.13439130783081055,0.0001,1e-05,50.322,3.1557,0.663
4103,stage2,2,0.16093946993350983,0.3399368226528168,0.0,0.16093946993350983,0.0001,1e-05,50.323,3.1507,0.7092
4104,stage2,2,0.15275338292121887,0.3509087860584259,0.0,0.15275338292121887,0.0001,1e-05,50.323,3.5411,3.9367
4105,stage2,2,0.12672299146652222,0.3126101493835449,0.0,0.12672299146652222,0.0001,1e-05,50.324,2.3359,0.6636
4106,stage2,2,0.13211381435394287,0.3630635738372803,0.0,0.13211381435394287,0.0001,1e-05,50.321,2.8234,0.7079
4107,stage2,2,0.1345122754573822,0.3361020088195801,0.0,0.1345122754573822,0.0001,1e-05,50.325,2.6999,0.6557
4108,stage2,2,0.12816660106182098,0.35906198620796204,0.0,0.12816660106182098,0.0001,1e-05,50.326,3.1501,0.7018
4109,stage2,2,0.1447928249835968,0.33313998579978943,0.0,0.1447928249835968,0.0001,1e-05,50.321,3.0609,0.6602
4110,stage2,2,0.12286555767059326,0.306640625,0.0,0.12286555767059326,0.0001,1e-05,50.322,3.3376,0.71
4111,stage2,2,0.12860192358493805,0.3288780748844147,0.0,0.12860192358493805,0.0001,1e-05,50.324,3.3198,0.6624
4112,stage2,2,0.1443803757429123,0.35033369064331055,0.0,0.1443803757429123,0.0001,1e-05,50.324,3.1951,4.0316
4113,stage2,2,0.12936866283416748,0.3503704369068146,0.0,0.12936866283416748,0.0001,1e-05,50.321,2.8087,0.6522
4114,stage2,2,0.14341393113136292,0.34876319766044617,0.0,0.14341393113136292,0.0001,1e-05,50.322,3.3603,0.6555
4115,stage2,2,0.15114536881446838,0.3400506377220154,0.0,0.15114536881446838,0.0001,1e-05,50.326,2.7152,0.7078
4116,stage2,2,0.14010192453861237,0.33929431438446045,0.0,0.14010192453861237,0.0001,1e-05,50.323,3.0352,0.6662
4117,stage2,2,0.13299229741096497,0.2998077869415283,0.0,0.13299229741096497,0.0001,1e-05,50.324,3.6154,0.7172
4118,stage2,2,0.14920392632484436,0.34947410225868225,0.0,0.14920392632484436,0.0001,1e-05,50.327,3.4371,0.6659
4119,stage2,2,0.14101974666118622,0.3353748321533203,0.0,0.14101974666118622,0.0001,1e-05,50.322,3.2566,0.712
4120,stage2,2,0.1270032674074173,0.30996114015579224,0.0,0.1270032674074173,0.0001,1e-05,50.324,2.9123,4.0561
4121,stage2,2,0.15422195196151733,0.31499576568603516,0.0,0.15422195196151733,0.0001,1e-05,50.325,4.5988,0.7099
4122,stage2,2,0.1489427536725998,0.34156864881515503,0.0,0.1489427536725998,0.0001,1e-05,50.324,4.0952,0.6502
4123,stage2,2,0.13613635301589966,0.31518879532814026,0.0,0.13613635301589966,0.0001,1e-05,50.323,2.5821,0.6765
4124,stage2,2,0.1374977082014084,0.3596310615539551,0.0,0.1374977082014084,0.0001,1e-05,50.323,3.1909,0.6845
4125,stage2,2,0.14626118540763855,0.33706042170524597,0.0,0.14626118540763855,0.0001,1e-05,50.324,3.4656,0.6568
4126,stage2,2,0.13968075811862946,0.3440816402435303,0.0,0.13968075811862946,0.0001,1e-05,50.322,3.6566,0.7141
4127,stage2,2,0.14089497923851013,0.31852462887763977,0.0,0.14089497923851013,0.0001,1e-05,50.321,3.2085,0.6663
4128,stage2,2,0.14149163663387299,0.3089718818664551,0.0,0.14149163663387299,0.0001,1e-05,50.324,3.0143,4.0936
4129,stage2,2,0.1244468167424202,0.34763291478157043,0.0,0.1244468167424202,0.0001,1e-05,50.323,3.0822,0.6563
4130,stage2,2,0.12925034761428833,0.34125515818595886,0.0,0.12925034761428833,0.0001,1e-05,50.32,3.0087,0.7075
4131,stage2,2,0.15896128118038177,0.3394455015659332,0.0,0.15896128118038177,0.0001,1e-05,50.323,3.0468,0.6505
4132,stage2,2,0.13982084393501282,0.34691905975341797,0.0,0.13982084393501282,0.0001,1e-05,50.323,3.5232,0.6555
4133,stage2,2,0.14669230580329895,0.3207313120365143,0.0,0.14669230580329895,0.0001,1e-05,50.324,3.8394,0.6906
4134,stage2,2,0.13554242253303528,0.3433304727077484,0.0,0.13554242253303528,0.0001,1e-05,50.32,2.9828,0.6689
4135,stage2,2,0.14226767420768738,0.31137940287590027,0.0,0.14226767420768738,0.0001,1e-05,50.323,3.369,0.6422
4136,stage2,2,0.14413399994373322,0.37271666526794434,0.0,0.14413399994373322,0.0001,1e-05,50.324,3.3144,4.117
4137,stage2,2,0.13198356330394745,0.3507890999317169,0.0,0.13198356330394745,0.0001,1e-05,50.323,3.181,0.6456
4138,stage2,2,0.14631380140781403,0.339791476726532,0.0,0.14631380140781403,0.0001,1e-05,50.32,4.074,0.6654
4139,stage2,2,0.13547706604003906,0.32155969738960266,0.0,0.13547706604003906,0.0001,1e-05,50.323,3.6602,0.6483
4140,stage2,2,0.11611020565032959,0.3423009216785431,0.0,0.11611020565032959,0.0001,1e-05,50.322,2.6006,0.7144
4141,stage2,2,0.15200194716453552,0.32019999623298645,0.0,0.15200194716453552,0.0001,1e-05,50.321,3.1093,0.6552
4142,stage2,2,0.1254933774471283,0.32298803329467773,0.0,0.1254933774471283,0.0001,1e-05,50.321,2.7551,0.7201
4143,stage2,2,0.13994862139225006,0.3447630703449249,0.0,0.13994862139225006,0.0001,1e-05,50.322,4.1665,0.655
4144,stage2,2,0.14554151892662048,0.33541014790534973,0.0,0.14554151892662048,0.0001,1e-05,50.322,3.2334,4.0031
4145,stage2,2,0.14954987168312073,0.30539470911026,0.0,0.14954987168312073,0.0001,1e-05,50.325,2.9759,0.6604
4146,stage2,2,0.14411595463752747,0.3365366756916046,0.0,0.14411595463752747,0.0001,1e-05,50.318,3.1073,0.6585
4147,stage2,2,0.1550315022468567,0.3439849019050598,0.0,0.1550315022468567,0.0001,1e-05,50.323,3.8176,0.653
4148,stage2,2,0.13941998779773712,0.33169227838516235,0.0,0.13941998779773712,0.0001,1e-05,50.32,3.1608,0.7104
4149,stage2,2,0.12618789076805115,0.3340885043144226,0.0,0.12618789076805115,0.0001,1e-05,50.318,3.8884,0.6555
4150,stage2,2,0.13130949437618256,0.35490718483924866,0.0,0.13130949437618256,0.0001,1e-05,50.323,2.6059,0.682
4151,stage2,2,0.12814240157604218,0.3330799341201782,0.0,0.12814240157604218,0.0001,1e-05,50.317,2.8936,0.6751
4152,stage2,2,0.14557047188282013,0.3886926472187042,0.0,0.14557047188282013,0.0001,1e-05,50.323,3.6635,4.1303
4153,stage2,2,0.13907824456691742,0.33003664016723633,0.0,0.13907824456691742,0.0001,1e-05,50.324,3.4599,0.7126
4154,stage2,2,0.12462012469768524,0.32724398374557495,0.0,0.12462012469768524,0.0001,1e-05,50.323,2.5914,0.6569
4155,stage2,2,0.13522794842720032,0.3310921788215637,0.0,0.13522794842720032,0.0001,1e-05,50.32,2.5045,0.6387
4156,stage2,2,0.12894627451896667,0.3151937425136566,0.0,0.12894627451896667,0.0001,1e-05,50.321,3.1063,0.726
4157,stage2,2,0.14579781889915466,0.3662737011909485,0.0,0.14579781889915466,0.0001,1e-05,50.321,3.3326,0.6588
4158,stage2,2,0.12895849347114563,0.31045299768447876,0.0,0.12895849347114563,0.0001,1e-05,50.322,2.6098,0.6603
4159,stage2,2,0.15727677941322327,0.34956565499305725,0.0,0.15727677941322327,0.0001,1e-05,50.324,3.8441,0.7076
4160,stage2,2,0.13267430663108826,0.34627243876457214,0.0,0.13267430663108826,0.0001,1e-05,50.322,3.4143,4.0739
4161,stage2,2,0.14656855165958405,0.3134918510913849,0.0,0.14656855165958405,0.0001,1e-05,50.325,3.4799,0.6561
4162,stage2,2,0.1192435547709465,0.34408190846443176,0.0,0.1192435547709465,0.0001,1e-05,50.324,2.9591,0.7063
4163,stage2,2,0.13585425913333893,0.32949352264404297,0.0,0.13585425913333893,0.0001,1e-05,50.323,3.3451,0.6617
4164,stage2,2,0.1332172006368637,0.3523868918418884,0.0,0.1332172006368637,0.0001,1e-05,50.317,3.2026,0.6444
4165,stage2,2,0.1351529210805893,0.32531049847602844,0.0,0.1351529210805893,0.0001,1e-05,50.322,2.9908,0.6654
4166,stage2,2,0.14693096280097961,0.3166789412498474,0.0,0.14693096280097961,0.0001,1e-05,50.323,3.4062,0.7078
4167,stage2,2,0.13001610338687897,0.3288228213787079,0.0,0.13001610338687897,0.0001,1e-05,50.321,2.7659,0.6604
4168,stage2,2,0.1765565127134323,0.360860675573349,0.0,0.1765565127134323,0.0001,1e-05,50.322,4.2692,4.1941
4169,stage2,2,0.1366705596446991,0.35598763823509216,0.0,0.1366705596446991,0.0001,1e-05,50.321,3.4021,0.6569
4170,stage2,2,0.1250791698694229,0.32760924100875854,0.0,0.1250791698694229,0.0001,1e-05,50.325,2.9653,0.7112
4171,stage2,2,0.12257232517004013,0.3205510675907135,0.0,0.12257232517004013,0.0001,1e-05,50.322,3.9232,0.6586
4172,stage2,2,0.147841215133667,0.32630273699760437,0.0,0.147841215133667,0.0001,1e-05,50.322,3.1498,0.6471
4173,stage2,2,0.12981218099594116,0.30120739340782166,0.0,0.12981218099594116,0.0001,1e-05,50.324,3.0285,0.6794
4174,stage2,2,0.12065964192152023,0.32826969027519226,0.0,0.12065964192152023,0.0001,1e-05,50.321,3.2508,0.6923
4175,stage2,2,0.12773776054382324,0.3200402557849884,0.0,0.12773776054382324,0.0001,1e-05,50.322,3.607,0.6575
4176,stage2,2,0.15326450765132904,0.3173675537109375,0.0,0.15326450765132904,0.0001,1e-05,50.324,3.3438,3.9756
4177,stage2,2,0.12062512338161469,0.3626823425292969,0.0,0.12062512338161469,0.0001,1e-05,50.324,2.9333,0.7587
4178,stage2,2,0.13166207075119019,0.3620269000530243,0.0,0.13166207075119019,0.0001,1e-05,50.323,2.7303,0.6546
4179,stage2,2,0.1367521435022354,0.3315070867538452,0.0,0.1367521435022354,0.0001,1e-05,50.324,2.8769,0.7191
4180,stage2,2,0.1399046629667282,0.3061763346195221,0.0,0.1399046629667282,0.0001,1e-05,50.321,3.8616,0.659
4181,stage2,2,0.12757247686386108,0.3510039150714874,0.0,0.12757247686386108,0.0001,1e-05,50.321,2.6089,0.6494
4182,stage2,2,0.15348632633686066,0.33119645714759827,0.0,0.15348632633686066,0.0001,1e-05,50.321,3.9303,0.6658
4183,stage2,2,0.1768885999917984,0.36626169085502625,0.0,0.1768885999917984,0.0001,1e-05,50.323,3.1202,0.7083
4184,stage2,2,0.13430629670619965,0.3097761869430542,0.0,0.13430629670619965,0.0001,1e-05,50.325,4.8958,4.0144
4185,stage2,2,0.11421273648738861,0.30937477946281433,0.0,0.11421273648738861,0.0001,1e-05,50.32,2.7565,0.7167
4186,stage2,2,0.13654156029224396,0.3409908711910248,0.0,0.13654156029224396,0.0001,1e-05,50.318,3.0695,0.6602
4187,stage2,2,0.1472383588552475,0.3416369557380676,0.0,0.1472383588552475,0.0001,1e-05,50.32,2.9944,0.7154
4188,stage2,2,0.13085609674453735,0.33921879529953003,0.0,0.13085609674453735,0.0001,1e-05,50.327,2.5065,0.6536
4189,stage2,2,0.12951990962028503,0.3581138551235199,0.0,0.12951990962028503,0.0001,1e-05,50.327,3.1674,0.6533
4190,stage2,2,0.1351444125175476,0.33292022347450256,0.0,0.1351444125175476,0.0001,1e-05,50.324,2.7061,0.6609
4191,stage2,2,0.1216440349817276,0.3127972483634949,0.0,0.1216440349817276,0.0001,1e-05,50.325,2.6351,0.7055
4192,stage2,2,0.14201971888542175,0.3223353326320648,0.0,0.14201971888542175,0.0001,1e-05,50.321,2.8963,4.161
4193,stage2,2,0.1235412135720253,0.3146563470363617,0.0,0.1235412135720253,0.0001,1e-05,50.327,3.7201,0.6593
4194,stage2,2,0.11885901540517807,0.33400118350982666,0.0,0.11885901540517807,0.0001,1e-05,50.322,2.9399,0.7165
4195,stage2,2,0.12539547681808472,0.3057915270328522,0.0,0.12539547681808472,0.0001,1e-05,50.324,2.8144,0.6583
4196,stage2,2,0.1294003129005432,0.3239688575267792,0.0,0.1294003129005432,0.0001,1e-05,50.321,2.9782,0.7084
4197,stage2,2,0.1463998705148697,0.3563530445098877,0.0,0.1463998705148697,0.0001,1e-05,50.324,3.3578,0.6547
4198,stage2,2,0.13475975394248962,0.31488028168678284,0.0,0.13475975394248962,0.0001,1e-05,50.32,3.6464,0.6517
4199,stage2,2,0.12871471047401428,0.3413276672363281,0.0,0.12871471047401428,0.0001,1e-05,50.321,3.0346,0.6598
4200,stage2,2,0.15569618344306946,0.345944881439209,0.0,0.15569618344306946,0.0001,1e-05,50.325,3.5859,4.1546
4201,stage2,2,0.13634733855724335,0.31950581073760986,0.0,0.13634733855724335,0.0001,1e-05,50.321,3.412,0.6477
4202,stage2,2,0.1318133920431137,0.368990033864975,0.0,0.1318133920431137,0.0001,1e-05,50.318,3.0737,0.6755
4203,stage2,2,0.13489463925361633,0.3068241775035858,0.0,0.13489463925361633,0.0001,1e-05,50.322,3.3425,0.6939
4204,stage2,2,0.13860662281513214,0.3476317822933197,0.0,0.13860662281513214,0.0001,1e-05,50.318,3.6354,0.6631
4205,stage2,2,0.16420011222362518,0.3457878530025482,0.0,0.16420011222362518,0.0001,1e-05,50.316,4.4732,0.7048
4206,stage2,2,0.1352158635854721,0.33092138171195984,0.0,0.1352158635854721,0.0001,1e-05,50.317,3.0319,0.6654
4207,stage2,2,0.14709869027137756,0.33598122000694275,0.0,0.14709869027137756,0.0001,1e-05,50.321,3.5936,0.6421
4208,stage2,2,0.15073934197425842,0.33614304661750793,0.0,0.15073934197425842,0.0001,1e-05,50.324,3.717,4.1809
4209,stage2,2,0.13889750838279724,0.3199174106121063,0.0,0.13889750838279724,0.0001,1e-05,50.321,3.6554,0.711
4210,stage2,2,0.13731741905212402,0.34090226888656616,0.0,0.13731741905212402,0.0001,1e-05,50.32,3.2388,0.6591
4211,stage2,2,0.11338157206773758,0.3326931297779083,0.0,0.11338157206773758,0.0001,1e-05,50.321,2.9745,0.7181
4212,stage2,2,0.11996003985404968,0.34833601117134094,0.0,0.11996003985404968,0.0001,1e-05,50.319,3.6818,0.66
4213,stage2,2,0.11810629069805145,0.3221815526485443,0.0,0.11810629069805145,0.0001,1e-05,50.319,2.805,0.7146
4214,stage2,2,0.12533189356327057,0.3192833960056305,0.0,0.12533189356327057,0.0001,1e-05,50.321,3.0262,0.662
4215,stage2,2,0.13240984082221985,0.345609188079834,0.0,0.13240984082221985,0.0001,1e-05,50.319,3.1536,0.6436
4216,stage2,2,0.11229175329208374,0.3561941981315613,0.0,0.11229175329208374,0.0001,1e-05,50.322,2.4718,4.2206
4217,stage2,2,0.12371920794248581,0.33544307947158813,0.0,0.12371920794248581,0.0001,1e-05,50.321,3.3988,0.7085
4218,stage2,2,0.13252171874046326,0.33903905749320984,0.0,0.13252171874046326,0.0001,1e-05,50.322,3.5377,0.6595
4219,stage2,2,0.12897992134094238,0.32809293270111084,0.0,0.12897992134094238,0.0001,1e-05,50.318,3.1916,0.7103
4220,stage2,2,0.1203935444355011,0.3013812005519867,0.0,0.1203935444355011,0.0001,1e-05,50.322,2.7625,0.6675
4221,stage2,2,0.14335034787654877,0.3314613103866577,0.0,0.14335034787654877,0.0001,1e-05,50.315,3.0489,0.7086
4222,stage2,2,0.15447008609771729,0.3270877003669739,0.0,0.15447008609771729,0.0001,1e-05,50.322,3.8325,0.6603
4223,stage2,2,0.1371092051267624,0.32676610350608826,0.0,0.1371092051267624,0.0001,1e-05,50.321,3.6046,0.6389
4224,stage2,2,0.1308567225933075,0.34016355872154236,0.0,0.1308567225933075,0.0001,1e-05,50.322,3.0158,4.3732
4225,stage2,2,0.1578287035226822,0.3463134467601776,0.0,0.1578287035226822,0.0001,1e-05,50.318,3.4022,0.6672
4226,stage2,2,0.12481692433357239,0.3108861744403839,0.0,0.12481692433357239,0.0001,1e-05,50.321,2.7342,0.7105
4227,stage2,2,0.1475125402212143,0.30718687176704407,0.0,0.1475125402212143,0.0001,1e-05,50.322,3.2251,0.6706
4228,stage2,2,0.1226339116692543,0.34162724018096924,0.0,0.1226339116692543,0.0001,1e-05,50.32,3.6452,0.71
4229,stage2,2,0.14256219565868378,0.3177836239337921,0.0,0.14256219565868378,0.0001,1e-05,50.324,3.27,0.6631
4230,stage2,2,0.12515687942504883,0.3388685882091522,0.0,0.12515687942504883,0.0001,1e-05,50.318,2.9718,0.6614
4231,stage2,2,0.13964363932609558,0.3199482560157776,0.0,0.13964363932609558,0.0001,1e-05,50.319,3.2594,0.6553
4232,stage2,2,0.13069389760494232,0.33603179454803467,0.0,0.13069389760494232,0.0001,1e-05,50.32,2.9291,4.0378
4233,stage2,2,0.14349278807640076,0.33170750737190247,0.0,0.14349278807640076,0.0001,1e-05,50.318,3.7276,0.641
4234,stage2,2,0.13637763261795044,0.36261242628097534,0.0,0.13637763261795044,0.0001,1e-05,50.32,2.8733,0.6412
4235,stage2,2,0.13371466100215912,0.3056317865848541,0.0,0.13371466100215912,0.0001,1e-05,50.32,3.1473,0.6425
4236,stage2,2,0.11589730530977249,0.3231675922870636,0.0,0.11589730530977249,0.0001,1e-05,50.321,2.8454,0.6438
4237,stage2,2,0.12452584505081177,0.3390016257762909,0.0,0.12452584505081177,0.0001,1e-05,50.322,2.6762,0.699
4238,stage2,2,0.14382655918598175,0.38284116983413696,0.0,0.14382655918598175,0.0001,1e-05,50.32,3.4487,0.643
4239,stage2,2,0.12895144522190094,0.3124411106109619,0.0,0.12895144522190094,0.0001,1e-05,50.324,2.4965,0.6443
4240,stage2,2,0.137116476893425,0.30991095304489136,0.0,0.137116476893425,0.0001,1e-05,50.322,3.6391,3.9331
4241,stage2,2,0.14221280813217163,0.3461818993091583,0.0,0.14221280813217163,0.0001,1e-05,50.321,3.0373,0.6473
4242,stage2,2,0.1292809098958969,0.3310595154762268,0.0,0.1292809098958969,0.0001,1e-05,50.322,2.8193,0.7009
4243,stage2,2,0.14100301265716553,0.3459296226501465,0.0,0.14100301265716553,0.0001,1e-05,50.321,3.0442,0.648
4244,stage2,2,0.14215198159217834,0.38026487827301025,0.0,0.14215198159217834,0.0001,1e-05,50.321,3.0165,0.644
4245,stage2,2,0.13719844818115234,0.3020707070827484,0.0,0.13719844818115234,0.0001,1e-05,50.321,3.2737,0.6439
4246,stage2,2,0.12538740038871765,0.32129645347595215,0.0,0.12538740038871765,0.0001,1e-05,50.321,3.3968,0.6445
4247,stage2,2,0.12968182563781738,0.34939414262771606,0.0,0.12968182563781738,0.0001,1e-05,50.319,3.3258,0.6962
4248,stage2,2,0.14120744168758392,0.31714558601379395,0.0,0.14120744168758392,0.0001,1e-05,50.322,3.5121,3.9635
4249,stage2,2,0.15023088455200195,0.33894431591033936,0.0,0.15023088455200195,0.0001,1e-05,50.323,3.2902,0.6416
4250,stage2,2,0.12298214435577393,0.32692503929138184,0.0,0.12298214435577393,0.0001,1e-05,50.322,2.918,0.6443
4251,stage2,2,0.10956913232803345,0.3222728967666626,0.0,0.10956913232803345,0.0001,1e-05,50.322,2.8656,0.6432
4252,stage2,2,0.14193324744701385,0.31141096353530884,0.0,0.14193324744701385,0.0001,1e-05,50.322,3.1373,0.6439
4253,stage2,2,0.15511690080165863,0.3393985331058502,0.0,0.15511690080165863,0.0001,1e-05,50.32,3.0223,0.7061
4254,stage2,2,0.11636826395988464,0.3209455907344818,0.0,0.11636826395988464,0.0001,1e-05,50.323,2.8431,0.6417
4255,stage2,2,0.14189156889915466,0.3558056652545929,0.0,0.14189156889915466,0.0001,1e-05,50.322,3.0596,0.6455
4256,stage2,2,0.14786909520626068,0.3580598831176758,0.0,0.14786909520626068,0.0001,1e-05,50.321,3.8588,3.912
4257,stage2,2,0.15853440761566162,0.35018616914749146,0.0,0.15853440761566162,0.0001,1e-05,50.325,3.3945,0.6414
4258,stage2,2,0.12516064941883087,0.33775028586387634,0.0,0.12516064941883087,0.0001,1e-05,50.319,2.8964,0.6968
4259,stage2,2,0.14710290729999542,0.35930171608924866,0.0,0.14710290729999542,0.0001,1e-05,50.323,5.1035,0.642
4260,stage2,2,0.139625683426857,0.31406837701797485,0.0,0.139625683426857,0.0001,1e-05,50.325,2.947,0.6429
4261,stage2,2,0.14549818634986877,0.3184148669242859,0.0,0.14549818634986877,0.0001,1e-05,50.323,2.8657,0.6441
4262,stage2,2,0.123258575797081,0.3172891139984131,0.0,0.123258575797081,0.0001,1e-05,50.322,3.5477,0.6448
4263,stage2,2,0.14022499322891235,0.33234137296676636,0.0,0.14022499322891235,0.0001,1e-05,50.323,4.2022,0.7039
4264,stage2,2,0.14814703166484833,0.325897216796875,0.0,0.14814703166484833,0.0001,1e-05,50.322,3.8548,3.8688
4265,stage2,2,0.10916806012392044,0.3315381407737732,0.0,0.10916806012392044,0.0001,1e-05,50.322,2.3948,0.642
4266,stage2,2,0.12957681715488434,0.31137266755104065,0.0,0.12957681715488434,0.0001,1e-05,50.319,3.1151,0.6449
4267,stage2,2,0.15517275035381317,0.325286865234375,0.0,0.15517275035381317,0.0001,1e-05,50.322,2.801,0.646
4268,stage2,2,0.14019760489463806,0.3261861205101013,0.0,0.14019760489463806,0.0001,1e-05,50.323,3.0148,0.6616
4269,stage2,2,0.12281854450702667,0.3402319848537445,0.0,0.12281854450702667,0.0001,1e-05,50.32,2.7668,0.7013
4270,stage2,2,0.14187316596508026,0.3470076620578766,0.0,0.14187316596508026,0.0001,1e-05,50.323,2.7615,0.6449
4271,stage2,2,0.12994727492332458,0.3478533923625946,0.0,0.12994727492332458,0.0001,1e-05,50.322,2.6763,0.6452
4272,stage2,2,0.14558716118335724,0.33815649151802063,0.0,0.14558716118335724,0.0001,1e-05,50.323,2.713,3.9772
4273,stage2,2,0.10926500707864761,0.33846014738082886,0.0,0.10926500707864761,0.0001,1e-05,50.325,2.828,0.6477
4274,stage2,2,0.11620887368917465,0.3342534005641937,0.0,0.11620887368917465,0.0001,1e-05,50.321,2.8572,0.6975
4275,stage2,2,0.1299394816160202,0.34296715259552,0.0,0.1299394816160202,0.0001,1e-05,50.326,2.9734,0.65
4276,stage2,2,0.15719518065452576,0.31539079546928406,0.0,0.15719518065452576,0.0001,1e-05,50.323,3.5676,0.6444
4277,stage2,2,0.10820463299751282,0.3367588222026825,0.0,0.10820463299751282,0.0001,1e-05,50.321,3.0987,0.6442
4278,stage2,2,0.13155923783779144,0.34974274039268494,0.0,0.13155923783779144,0.0001,1e-05,50.322,3.1407,0.6456
4279,stage2,2,0.11860329657793045,0.3292863070964813,0.0,0.11860329657793045,0.0001,1e-05,50.323,2.7912,0.6937
4280,stage2,2,0.1408892571926117,0.32901546359062195,0.0,0.1408892571926117,0.0001,1e-05,50.324,2.8007,3.9056
4281,stage2,2,0.14870543777942657,0.33700764179229736,0.0,0.14870543777942657,0.0001,1e-05,50.329,3.4034,0.6429
4282,stage2,2,0.12960362434387207,0.3542807996273041,0.0,0.12960362434387207,0.0001,1e-05,50.326,3.1991,0.6427
4283,stage2,2,0.13610726594924927,0.3538040220737457,0.0,0.13610726594924927,0.0001,1e-05,50.322,2.8074,0.7056
4284,stage2,2,0.1214890256524086,0.32338371872901917,0.0,0.1214890256524086,0.0001,1e-05,50.321,3.1377,0.6465
4285,stage2,2,0.12471598386764526,0.3278054893016815,0.0,0.12471598386764526,0.0001,1e-05,50.32,2.9573,0.6498
4286,stage2,2,0.16451171040534973,0.34199097752571106,0.0,0.16451171040534973,0.0001,1e-05,50.324,3.6825,0.6442
4287,stage2,2,0.14445480704307556,0.3312029242515564,0.0,0.14445480704307556,0.0001,1e-05,50.324,3.1613,0.6517
4288,stage2,2,0.13347049057483673,0.3358803391456604,0.0,0.13347049057483673,0.0001,1e-05,50.325,3.5225,3.946
4289,stage2,2,0.13610918819904327,0.3158706724643707,0.0,0.13610918819904327,0.0001,1e-05,50.323,3.0399,0.695
4290,stage2,2,0.13224971294403076,0.33024874329566956,0.0,0.13224971294403076,0.0001,1e-05,50.321,2.8677,0.6424
4291,stage2,2,0.12853583693504333,0.3218269348144531,0.0,0.12853583693504333,0.0001,1e-05,50.323,3.2589,0.6472
4292,stage2,2,0.15139232575893402,0.3127118647098541,0.0,0.15139232575893402,0.0001,1e-05,50.321,3.4914,0.6436
4293,stage2,2,0.14648780226707458,0.34791940450668335,0.0,0.14648780226707458,0.0001,1e-05,50.321,3.4567,0.6478
4294,stage2,2,0.12978146970272064,0.34024715423583984,0.0,0.12978146970272064,0.0001,1e-05,50.324,2.5282,0.699
4295,stage2,2,0.12266357243061066,0.3389214873313904,0.0,0.12266357243061066,0.0001,1e-05,50.324,2.8952,0.6416
4296,stage2,2,0.13061659038066864,0.3295711576938629,0.0,0.13061659038066864,0.0001,1e-05,50.324,3.3466,3.9112
4297,stage2,2,0.13417942821979523,0.31574296951293945,0.0,0.13417942821979523,0.0001,1e-05,50.324,2.9592,0.6438
4298,stage2,2,0.12260422110557556,0.36271050572395325,0.0,0.12260422110557556,0.0001,1e-05,50.324,2.5236,0.6978
4299,stage2,2,0.1360277384519577,0.313248872756958,0.0,0.1360277384519577,0.0001,1e-05,50.32,2.8016,0.643
4300,stage2,2,0.13438069820404053,0.30494850873947144,0.0,0.13438069820404053,0.0001,1e-05,50.323,2.8066,0.643
4301,stage2,2,0.14708684384822845,0.3427015244960785,0.0,0.14708684384822845,0.0001,1e-05,50.322,3.1326,0.6432
4302,stage2,2,0.1061612218618393,0.3208949565887451,0.0,0.1061612218618393,0.0001,1e-05,50.32,2.3241,0.6508
4303,stage2,2,0.1355958729982376,0.3050874173641205,0.0,0.1355958729982376,0.0001,1e-05,50.323,2.9187,0.7006
4304,stage2,2,0.12579257786273956,0.3192576467990875,0.0,0.12579257786273956,0.0001,1e-05,50.322,3.1561,3.9291
4305,stage2,2,0.1503954976797104,0.3340420722961426,0.0,0.1503954976797104,0.0001,1e-05,50.324,2.99,0.6429
4306,stage2,2,0.1416608840227127,0.34824642539024353,0.0,0.1416608840227127,0.0001,1e-05,50.32,2.8087,0.6434
4307,stage2,2,0.14769306778907776,0.36757203936576843,0.0,0.14769306778907776,0.0001,1e-05,50.324,2.7374,0.6796
4308,stage2,2,0.1261012703180313,0.3385227620601654,0.0,0.1261012703180313,0.0001,1e-05,50.323,2.7881,0.6657
4309,stage2,2,0.13984768092632294,0.34441784024238586,0.0,0.13984768092632294,0.0001,1e-05,50.322,2.7609,0.6457
4310,stage2,2,0.13646133244037628,0.3398939073085785,0.0,0.13646133244037628,0.0001,1e-05,50.32,3.3077,0.6457
4311,stage2,2,0.14625237882137299,0.34417062997817993,0.0,0.14625237882137299,0.0001,1e-05,50.324,3.2543,0.6454
4312,stage2,2,0.11939803510904312,0.347036212682724,0.0,0.11939803510904312,0.0001,1e-05,50.321,2.7885,3.9272
4313,stage2,2,0.11781811714172363,0.31865426898002625,0.0,0.11781811714172363,0.0001,1e-05,50.323,2.7148,0.7221
4314,stage2,2,0.11119507253170013,0.31085309386253357,0.0,0.11119507253170013,0.0001,1e-05,50.322,2.5008,0.6389
4315,stage2,2,0.13407883048057556,0.32714831829071045,0.0,0.13407883048057556,0.0001,1e-05,50.323,2.5665,0.6475
4316,stage2,2,0.1304115206003189,0.3430600166320801,0.0,0.1304115206003189,0.0001,1e-05,50.323,2.7628,0.645
4317,stage2,2,0.1553974449634552,0.31911206245422363,0.0,0.1553974449634552,0.0001,1e-05,50.32,3.3639,0.6435
4318,stage2,2,0.12460806220769882,0.3173811435699463,0.0,0.12460806220769882,0.0001,1e-05,50.32,3.1877,0.707
4319,stage2,2,0.12431047856807709,0.2956204116344452,0.0,0.12431047856807709,0.0001,1e-05,50.322,2.8637,0.6375
4320,stage2,2,0.14130792021751404,0.3135536313056946,0.0,0.14130792021751404,0.0001,1e-05,50.321,2.6499,3.9019
4321,stage2,2,0.13615310192108154,0.32218921184539795,0.0,0.13615310192108154,0.0001,1e-05,50.322,2.8945,0.6478
4322,stage2,2,0.1385127305984497,0.3390965163707733,0.0,0.1385127305984497,0.0001,1e-05,50.324,2.7716,0.6426
4323,stage2,2,0.14652542769908905,0.3288118243217468,0.0,0.14652542769908905,0.0001,1e-05,50.318,3.3805,0.6881
4324,stage2,2,0.1163645088672638,0.31290188431739807,0.0,0.1163645088672638,0.0001,1e-05,50.321,3.1068,0.6517
4325,stage2,2,0.13403207063674927,0.33279865980148315,0.0,0.13403207063674927,0.0001,1e-05,50.326,3.0616,0.6442
4326,stage2,2,0.11776736378669739,0.3143300712108612,0.0,0.11776736378669739,0.0001,1e-05,50.319,3.1553,0.6466
4327,stage2,2,0.15679913759231567,0.3159272372722626,0.0,0.15679913759231567,0.0001,1e-05,50.319,3.363,0.6461
4328,stage2,2,0.15008535981178284,0.3310171067714691,0.0,0.15008535981178284,0.0001,1e-05,50.318,3.5478,3.9838
4329,stage2,2,0.12651625275611877,0.3128229081630707,0.0,0.12651625275611877,0.0001,1e-05,50.321,2.6322,0.6414
4330,stage2,2,0.1277078241109848,0.320780873298645,0.0,0.1277078241109848,0.0001,1e-05,50.32,2.6442,0.644
4331,stage2,2,0.13008327782154083,0.31581228971481323,0.0,0.13008327782154083,0.0001,1e-05,50.317,3.0607,0.6434
4332,stage2,2,0.12609851360321045,0.33611974120140076,0.0,0.12609851360321045,0.0001,1e-05,50.318,2.699,0.6447
4333,stage2,2,0.1286195069551468,0.3460269868373871,0.0,0.1286195069551468,0.0001,1e-05,50.319,2.7354,0.6424
4334,stage2,2,0.12717029452323914,0.3214036226272583,0.0,0.12717029452323914,0.0001,1e-05,50.317,2.5205,0.6619
4335,stage2,2,0.11363307386636734,0.3293231427669525,0.0,0.11363307386636734,0.0001,1e-05,50.32,2.6571,0.7007
4336,stage2,2,0.15076030790805817,0.32497918605804443,0.0,0.15076030790805817,0.0001,1e-05,50.322,3.2255,3.8598
4337,stage2,2,0.12345630675554276,0.33204489946365356,0.0,0.12345630675554276,0.0001,1e-05,50.32,2.9096,0.6452
4338,stage2,2,0.13710279762744904,0.3492810130119324,0.0,0.13710279762744904,0.0001,1e-05,50.315,2.7587,0.643
4339,stage2,2,0.15103375911712646,0.3177637755870819,0.0,0.15103375911712646,0.0001,1e-05,50.322,3.238,0.644
4340,stage2,2,0.1432987004518509,0.32636022567749023,0.0,0.1432987004518509,0.0001,1e-05,50.32,2.9369,0.694
4341,stage2,2,0.13163362443447113,0.31677234172821045,0.0,0.13163362443447113,0.0001,1e-05,50.318,2.8527,0.6442
4342,stage2,2,0.13320407271385193,0.31874531507492065,0.0,0.13320407271385193,0.0001,1e-05,50.321,2.825,0.6446
4343,stage2,2,0.1322251558303833,0.3208698332309723,0.0,0.1322251558303833,0.0001,1e-05,50.322,3.0506,0.6463
4344,stage2,2,0.13235251605510712,0.3320857584476471,0.0,0.13235251605510712,0.0001,1e-05,50.319,3.0195,4.0237
4345,stage2,2,0.13120540976524353,0.33528777956962585,0.0,0.13120540976524353,0.0001,1e-05,50.32,2.7245,0.6508
4346,stage2,2,0.15424859523773193,0.36505183577537537,0.0,0.15424859523773193,0.0001,1e-05,50.32,3.235,0.6434
4347,stage2,2,0.14121806621551514,0.3515598177909851,0.0,0.14121806621551514,0.0001,1e-05,50.323,3.3228,0.6448
4348,stage2,2,0.12283644825220108,0.3469509780406952,0.0,0.12283644825220108,0.0001,1e-05,50.32,3.2594,0.6458
4349,stage2,2,0.1320810616016388,0.31996914744377136,0.0,0.1320810616016388,0.0001,1e-05,50.321,3.1379,0.6977
4350,stage2,2,0.1383536458015442,0.3156166970729828,0.0,0.1383536458015442,0.0001,1e-05,50.317,2.9584,0.6459
4351,stage2,2,0.16531406342983246,0.3547609746456146,0.0,0.16531406342983246,0.0001,1e-05,50.32,3.8737,0.6466
4352,stage2,2,0.1199808418750763,0.3281891644001007,0.0,0.1199808418750763,0.0001,1e-05,50.321,2.5249,3.9434
4353,stage2,2,0.15346327424049377,0.3185845911502838,0.0,0.15346327424049377,0.0001,1e-05,50.317,3.3562,0.6434
4354,stage2,2,0.11631933599710464,0.3427199125289917,0.0,0.11631933599710464,0.0001,1e-05,50.32,2.591,0.6428
4355,stage2,2,0.13122913241386414,0.356857031583786,0.0,0.13122913241386414,0.0001,1e-05,50.318,2.6442,0.6995
4356,stage2,2,0.14051999151706696,0.34850549697875977,0.0,0.14051999151706696,0.0001,1e-05,50.32,3.015,0.6435
4357,stage2,2,0.12265431880950928,0.33238130807876587,0.0,0.12265431880950928,0.0001,1e-05,50.32,3.2181,0.649
4358,stage2,2,0.11924155056476593,0.3625837564468384,0.0,0.11924155056476593,0.0001,1e-05,50.321,2.6675,0.6454
4359,stage2,2,0.14020363986492157,0.3419764041900635,0.0,0.14020363986492157,0.0001,1e-05,50.319,3.4063,0.675
4360,stage2,2,0.13024494051933289,0.34090036153793335,0.0,0.13024494051933289,0.0001,1e-05,50.317,2.9398,4.0524
4361,stage2,2,0.12491612136363983,0.343425452709198,0.0,0.12491612136363983,0.0001,1e-05,50.318,3.3282,0.6433
4362,stage2,2,0.11389341950416565,0.3006068170070648,0.0,0.11389341950416565,0.0001,1e-05,50.321,3.3255,0.645
4363,stage2,2,0.12809261679649353,0.35163429379463196,0.0,0.12809261679649353,0.0001,1e-05,50.318,3.2682,0.7079
4364,stage2,2,0.13631975650787354,0.34670281410217285,0.0,0.13631975650787354,0.0001,1e-05,50.324,2.7217,0.6401
4365,stage2,2,0.11407652497291565,0.3287314474582672,0.0,0.11407652497291565,0.0001,1e-05,50.319,2.6575,0.6449
4366,stage2,2,0.12497003376483917,0.3359370231628418,0.0,0.12497003376483917,0.0001,1e-05,50.318,2.7357,0.6461
4367,stage2,2,0.1681772619485855,0.3838563859462738,0.0,0.1681772619485855,0.0001,1e-05,50.321,3.5685,0.6455
4368,stage2,2,0.13270264863967896,0.32381147146224976,0.0,0.13270264863967896,0.0001,1e-05,50.32,4.2924,4.0921
4369,stage2,2,0.11128278821706772,0.32857662439346313,0.0,0.11128278821706772,0.0001,1e-05,50.32,2.8551,0.6959
4370,stage2,2,0.13383503258228302,0.31772297620773315,0.0,0.13383503258228302,0.0001,1e-05,50.318,3.626,0.6442
4371,stage2,2,0.12565530836582184,0.3512558937072754,0.0,0.12565530836582184,0.0001,1e-05,50.318,2.9577,0.6426
4372,stage2,2,0.11426074802875519,0.3432692587375641,0.0,0.11426074802875519,0.0001,1e-05,50.32,2.6316,0.6433
4373,stage2,2,0.1382341980934143,0.3398667275905609,0.0,0.1382341980934143,0.0001,1e-05,50.323,3.5108,0.6434
4374,stage2,2,0.13503891229629517,0.3378176987171173,0.0,0.13503891229629517,0.0001,1e-05,50.321,2.9738,0.6987
4375,stage2,2,0.11681439727544785,0.31628307700157166,0.0,0.11681439727544785,0.0001,1e-05,50.323,2.8563,0.6435
4376,stage2,2,0.13830073177814484,0.33569788932800293,0.0,0.13830073177814484,0.0001,1e-05,50.319,3.0634,3.9333
4377,stage2,2,0.12992942333221436,0.33610671758651733,0.0,0.12992942333221436,0.0001,1e-05,50.322,3.0114,0.6421
4378,stage2,2,0.13019242882728577,0.3345712423324585,0.0,0.13019242882728577,0.0001,1e-05,50.319,2.8997,0.6437
4379,stage2,2,0.12293185293674469,0.30702120065689087,0.0,0.12293185293674469,0.0001,1e-05,50.324,3.5197,0.692
4380,stage2,2,0.14814095199108124,0.330400288105011,0.0,0.14814095199108124,0.0001,1e-05,50.32,3.4463,0.6448
4381,stage2,2,0.14736104011535645,0.3354972004890442,0.0,0.14736104011535645,0.0001,1e-05,50.326,2.8553,0.6441
4382,stage2,2,0.10853906720876694,0.3590291142463684,0.0,0.10853906720876694,0.0001,1e-05,50.323,2.4826,0.6453
4383,stage2,2,0.13150213658809662,0.3347780108451843,0.0,0.13150213658809662,0.0001,1e-05,50.323,3.3454,0.6714
4384,stage2,2,0.12183336913585663,0.3128580152988434,0.0,0.12183336913585663,0.0001,1e-05,50.32,2.7535,4.0363
4385,stage2,2,0.1262018084526062,0.3385050296783447,0.0,0.1262018084526062,0.0001,1e-05,50.322,3.0957,0.6416
4386,stage2,2,0.11040495336055756,0.3217284679412842,0.0,0.11040495336055756,0.0001,1e-05,50.327,2.6944,0.6421
4387,stage2,2,0.14797040820121765,0.33835405111312866,0.0,0.14797040820121765,0.0001,1e-05,50.324,3.8485,0.6442
4388,stage2,2,0.12062375247478485,0.3196059763431549,0.0,0.12062375247478485,0.0001,1e-05,50.325,2.9751,0.6392
4389,stage2,2,0.15407177805900574,0.3275096118450165,0.0,0.15407177805900574,0.0001,1e-05,50.326,3.0404,0.6671
4390,stage2,2,0.1436188966035843,0.3569526672363281,0.0,0.1436188966035843,0.0001,1e-05,50.324,2.9769,0.695
4391,stage2,2,0.10069883614778519,0.3399556577205658,0.0,0.10069883614778519,0.0001,1e-05,50.324,3.7897,0.6445
4392,stage2,2,0.12432752549648285,0.28688308596611023,0.0,0.12432752549648285,0.0001,1e-05,50.325,3.0142,3.8438
4393,stage2,2,0.1359022855758667,0.3378479778766632,0.0,0.1359022855758667,0.0001,1e-05,50.322,3.6066,0.6434
4394,stage2,2,0.1263573169708252,0.308357834815979,0.0,0.1263573169708252,0.0001,1e-05,50.322,3.0514,0.6764
4395,stage2,2,0.13619543612003326,0.3320390284061432,0.0,0.13619543612003326,0.0001,1e-05,50.324,3.5131,0.6644
4396,stage2,2,0.14432793855667114,0.3406047224998474,0.0,0.14432793855667114,0.0001,1e-05,50.326,4.1691,0.6442
4397,stage2,2,0.1556953340768814,0.3439851403236389,0.0,0.1556953340768814,0.0001,1e-05,50.322,3.6921,0.6452
4398,stage2,2,0.12762142717838287,0.3541393280029297,0.0,0.12762142717838287,0.0001,1e-05,50.321,3.059,0.6438
4399,stage2,2,0.12539951503276825,0.3087257444858551,0.0,0.12539951503276825,0.0001,1e-05,50.321,2.5964,0.6666
4400,stage2,2,0.13704805076122284,0.3212277889251709,0.0,0.13704805076122284,0.0001,1e-05,50.321,2.9504,3.9492
4401,stage2,2,0.1337355524301529,0.35427525639533997,0.0,0.1337355524301529,0.0001,1e-05,50.324,3.0653,0.645
4402,stage2,2,0.1638421267271042,0.3644096255302429,0.0,0.1638421267271042,0.0001,1e-05,50.318,4.4504,0.6426
4403,stage2,2,0.1265999674797058,0.3194109797477722,0.0,0.1265999674797058,0.0001,1e-05,50.32,3.7008,0.6436
4404,stage2,2,0.12587223947048187,0.3319713771343231,0.0,0.12587223947048187,0.0001,1e-05,50.325,2.8972,0.7038
4405,stage2,2,0.1264117807149887,0.3486442565917969,0.0,0.1264117807149887,0.0001,1e-05,50.324,3.1267,0.6434
4406,stage2,2,0.14011184871196747,0.32012420892715454,0.0,0.14011184871196747,0.0001,1e-05,50.322,3.2494,0.6444
4407,stage2,2,0.14933134615421295,0.3314567506313324,0.0,0.14933134615421295,0.0001,1e-05,50.321,3.8893,0.6449
4408,stage2,2,0.14657987654209137,0.32608386874198914,0.0,0.14657987654209137,0.0001,1e-05,50.319,3.6912,3.8822
4409,stage2,2,0.1446605622768402,0.3292097747325897,0.0,0.1446605622768402,0.0001,1e-05,50.323,3.1748,0.6426
4410,stage2,2,0.14992570877075195,0.33635520935058594,0.0,0.14992570877075195,0.0001,1e-05,50.319,3.8855,0.6475
4411,stage2,2,0.12953628599643707,0.3158858120441437,0.0,0.12953628599643707,0.0001,1e-05,50.319,2.8259,0.6892
4412,stage2,2,0.12632551789283752,0.3320242166519165,0.0,0.12632551789283752,0.0001,1e-05,50.323,3.4138,0.6444
4413,stage2,2,0.1111585944890976,0.3415432572364807,0.0,0.1111585944890976,0.0001,1e-05,50.321,2.2933,0.6445
4414,stage2,2,0.13277971744537354,0.3274570107460022,0.0,0.13277971744537354,0.0001,1e-05,50.322,3.5702,0.6445
4415,stage2,2,0.1360185146331787,0.3296460211277008,0.0,0.1360185146331787,0.0001,1e-05,50.319,3.5585,0.6492
4416,stage2,2,0.1421673744916916,0.3355191946029663,0.0,0.1421673744916916,0.0001,1e-05,50.322,3.4645,3.9984
4417,stage2,2,0.12281709164381027,0.3299594819545746,0.0,0.12281709164381027,0.0001,1e-05,50.323,3.3158,0.6427
4418,stage2,2,0.1495433747768402,0.3265012800693512,0.0,0.1495433747768402,0.0001,1e-05,50.325,2.5769,0.6433
4419,stage2,2,0.14358854293823242,0.3217938244342804,0.0,0.14358854293823242,0.0001,1e-05,50.321,2.554,0.6444
4420,stage2,2,0.1494116187095642,0.36114436388015747,0.0,0.1494116187095642,0.0001,1e-05,50.324,3.9811,0.7011
4421,stage2,2,0.13706782460212708,0.33663007616996765,0.0,0.13706782460212708,0.0001,1e-05,50.323,2.8335,0.6399
4422,stage2,2,0.13970227539539337,0.32215365767478943,0.0,0.13970227539539337,0.0001,1e-05,50.325,3.3116,0.6455
4423,stage2,2,0.11648384481668472,0.3396179676055908,0.0,0.11648384481668472,0.0001,1e-05,50.324,2.6384,0.6446
4424,stage2,2,0.14643119275569916,0.3352240324020386,0.0,0.14643119275569916,0.0001,1e-05,50.325,3.4966,4.0689
4425,stage2,2,0.12916037440299988,0.3314441442489624,0.0,0.12916037440299988,0.0001,1e-05,50.323,2.8537,0.653
4426,stage2,2,0.13138093054294586,0.312654048204422,0.0,0.13138093054294586,0.0001,1e-05,50.323,2.4836,0.7058
4427,stage2,2,0.15173576772212982,0.36521822214126587,0.0,0.15173576772212982,0.0001,1e-05,50.323,4.0084,0.6472
4428,stage2,2,0.12926383316516876,0.32834699749946594,0.0,0.12926383316516876,0.0001,1e-05,50.323,3.5016,0.6471
4429,stage2,2,0.121863953769207,0.31173160672187805,0.0,0.121863953769207,0.0001,1e-05,50.328,3.6275,0.6452
4430,stage2,2,0.13982942700386047,0.31270933151245117,0.0,0.13982942700386047,0.0001,1e-05,50.325,3.9585,0.6452
4431,stage2,2,0.11304603517055511,0.33629950881004333,0.0,0.11304603517055511,0.0001,1e-05,50.324,2.3513,0.7079
4432,stage2,2,0.12968717515468597,0.3065863251686096,0.0,0.12968717515468597,0.0001,1e-05,50.324,2.5981,3.8621
4433,stage2,2,0.12261178344488144,0.31981363892555237,0.0,0.12261178344488144,0.0001,1e-05,50.322,2.4555,0.6439
4434,stage2,2,0.14262259006500244,0.31688597798347473,0.0,0.14262259006500244,0.0001,1e-05,50.322,2.9649,0.6434
4435,stage2,2,0.14611589908599854,0.30484405159950256,0.0,0.14611589908599854,0.0001,1e-05,50.325,2.7796,0.6496
4436,stage2,2,0.13073991239070892,0.3287612795829773,0.0,0.13073991239070892,0.0001,1e-05,50.321,3.1395,0.6988
4437,stage2,2,0.14240571856498718,0.32929861545562744,0.0,0.14240571856498718,0.0001,1e-05,50.323,3.1229,0.6446
4438,stage2,2,0.15087732672691345,0.35135841369628906,0.0,0.15087732672691345,0.0001,1e-05,50.321,3.7447,0.6463
4439,stage2,2,0.10752005130052567,0.31510037183761597,0.0,0.10752005130052567,0.0001,1e-05,50.323,2.9355,0.6493
4440,stage2,2,0.13287745416164398,0.3374364674091339,0.0,0.13287745416164398,0.0001,1e-05,50.325,3.0633,3.9292
4441,stage2,2,0.11670085787773132,0.34432193636894226,0.0,0.11670085787773132,0.0001,1e-05,50.324,2.6253,0.6422
4442,stage2,2,0.13983982801437378,0.32422688603401184,0.0,0.13983982801437378,0.0001,1e-05,50.323,3.6279,0.6424
4443,stage2,2,0.13327500224113464,0.33003395795822144,0.0,0.13327500224113464,0.0001,1e-05,50.327,3.3363,0.6451
4444,stage2,2,0.12155575305223465,0.33127424120903015,0.0,0.12155575305223465,0.0001,1e-05,50.322,2.5385,0.6449
4445,stage2,2,0.16057367622852325,0.3680369257926941,0.0,0.16057367622852325,0.0001,1e-05,50.322,3.7523,0.6439
4446,stage2,2,0.11691246926784515,0.3625316321849823,0.0,0.11691246926784515,0.0001,1e-05,50.323,2.3297,0.6687
4447,stage2,2,0.12539178133010864,0.3505614697933197,0.0,0.12539178133010864,0.0001,1e-05,50.327,3.1572,0.6991
4448,stage2,2,0.13429205119609833,0.3191164433956146,0.0,0.13429205119609833,0.0001,1e-05,50.322,3.0115,3.7761
4449,stage2,2,0.12356631457805634,0.3489539325237274,0.0,0.12356631457805634,0.0001,1e-05,50.323,3.246,0.6481
4450,stage2,2,0.12263733148574829,0.3266550600528717,0.0,0.12263733148574829,0.0001,1e-05,50.326,3.0925,0.6444
4451,stage2,2,0.14117349684238434,0.32982486486434937,0.0,0.14117349684238434,0.0001,1e-05,50.323,2.879,0.6448
4452,stage2,2,0.12333790957927704,0.30626073479652405,0.0,0.12333790957927704,0.0001,1e-05,50.321,2.9081,0.7
4453,stage2,2,0.09945689886808395,0.29961884021759033,0.0,0.09945689886808395,0.0001,1e-05,50.32,2.6584,0.6436
4454,stage2,2,0.11254993081092834,0.33779969811439514,0.0,0.11254993081092834,0.0001,1e-05,50.32,2.4568,0.6461
4455,stage2,2,0.13129571080207825,0.33246082067489624,0.0,0.13129571080207825,0.0001,1e-05,50.319,3.6158,0.6458
4456,stage2,2,0.13637632131576538,0.34286069869995117,0.0,0.13637632131576538,0.0001,1e-05,50.317,3.5729,4.132
4457,stage2,2,0.125034898519516,0.31914347410202026,0.0,0.125034898519516,0.0001,1e-05,50.319,2.7447,0.6437
4458,stage2,2,0.11707497388124466,0.31502726674079895,0.0,0.11707497388124466,0.0001,1e-05,50.32,2.8519,0.6445
4459,stage2,2,0.14943024516105652,0.3423426151275635,0.0,0.14943024516105652,0.0001,1e-05,50.319,3.9193,0.6442
4460,stage2,2,0.13143539428710938,0.3208385705947876,0.0,0.13143539428710938,0.0001,1e-05,50.318,3.1244,0.648
4461,stage2,2,0.11082413047552109,0.3345373868942261,0.0,0.11082413047552109,0.0001,1e-05,50.317,2.5486,0.6924
4462,stage2,2,0.1438315510749817,0.3339628577232361,0.0,0.1438315510749817,0.0001,1e-05,50.315,3.01,0.6502
4463,stage2,2,0.12847739458084106,0.3207848370075226,0.0,0.12847739458084106,0.0001,1e-05,50.32,3.154,0.6469
4464,stage2,2,0.12318174540996552,0.3403836488723755,0.0,0.12318174540996552,0.0001,1e-05,50.319,3.07,3.9348
4465,stage2,2,0.1289099156856537,0.3106096386909485,0.0,0.1289099156856537,0.0001,1e-05,50.319,3.5291,0.644
4466,stage2,2,0.1492316871881485,0.3358457684516907,0.0,0.1492316871881485,0.0001,1e-05,50.32,2.9348,0.6474
4467,stage2,2,0.12448830902576447,0.3540937006473541,0.0,0.12448830902576447,0.0001,1e-05,50.318,3.3322,0.6902
4468,stage2,2,0.12055937945842743,0.37593400478363037,0.0,0.12055937945842743,0.0001,1e-05,50.32,4.1908,0.6499
4469,stage2,2,0.12828831374645233,0.33459439873695374,0.0,0.12828831374645233,0.0001,1e-05,50.319,3.0512,0.6486
4470,stage2,2,0.11667564511299133,0.30062776803970337,0.0,0.11667564511299133,0.0001,1e-05,50.325,2.8975,0.6453
4471,stage2,2,0.11787750571966171,0.32288283109664917,0.0,0.11787750571966171,0.0001,1e-05,50.324,2.7312,0.6455
4472,stage2,2,0.11404246091842651,0.34112855792045593,0.0,0.11404246091842651,0.0001,1e-05,50.315,2.8606,3.9426
4473,stage2,2,0.11166215687990189,0.3166946768760681,0.0,0.11166215687990189,0.0001,1e-05,50.315,2.7818,0.6479
4474,stage2,2,0.133569598197937,0.3044365346431732,0.0,0.133569598197937,0.0001,1e-05,50.317,3.1214,0.6448
4475,stage2,2,0.13127130270004272,0.31714490056037903,0.0,0.13127130270004272,0.0001,1e-05,50.321,2.8838,0.6445
4476,stage2,2,0.14202933013439178,0.32129746675491333,0.0,0.14202933013439178,0.0001,1e-05,50.32,3.6346,0.7116
4477,stage2,2,0.13172465562820435,0.33948734402656555,0.0,0.13172465562820435,0.0001,1e-05,50.319,3.5756,0.64
4478,stage2,2,0.105824314057827,0.3235890865325928,0.0,0.105824314057827,0.0001,1e-05,50.321,2.5127,0.6514
4479,stage2,2,0.12785722315311432,0.33030250668525696,0.0,0.12785722315311432,0.0001,1e-05,50.321,3.0571,0.6453
4480,stage2,2,0.12339477241039276,0.34244146943092346,0.0,0.12339477241039276,0.0001,1e-05,50.322,3.2516,4.0009
4481,stage2,2,0.11741684377193451,0.34592530131340027,0.0,0.11741684377193451,0.0001,1e-05,50.322,2.797,0.6643
4482,stage2,2,0.11334709078073502,0.3315545916557312,0.0,0.11334709078073502,0.0001,1e-05,50.325,2.687,0.701
4483,stage2,2,0.10653016716241837,0.3344627618789673,0.0,0.10653016716241837,0.0001,1e-05,50.325,2.5959,0.6432
4484,stage2,2,0.13965755701065063,0.3113694489002228,0.0,0.13965755701065063,0.0001,1e-05,50.325,3.0902,0.6464
4485,stage2,2,0.1367693990468979,0.30820804834365845,0.0,0.1367693990468979,0.0001,1e-05,50.326,3.0342,0.65
4486,stage2,2,0.12080968916416168,0.3546811640262604,0.0,0.12080968916416168,0.0001,1e-05,50.321,2.9041,0.6441
4487,stage2,2,0.12301255017518997,0.34089964628219604,0.0,0.12301255017518997,0.0001,1e-05,50.322,2.8242,0.7021
4488,stage2,2,0.13777433335781097,0.3409717381000519,0.0,0.13777433335781097,0.0001,1e-05,50.32,3.5326,3.8262
4489,stage2,2,0.11521667242050171,0.32639649510383606,0.0,0.11521667242050171,0.0001,1e-05,50.321,3.0853,0.645
4490,stage2,2,0.10922203212976456,0.35297608375549316,0.0,0.10922203212976456,0.0001,1e-05,50.327,2.1991,0.6435
4491,stage2,2,0.13880963623523712,0.35448533296585083,0.0,0.13880963623523712,0.0001,1e-05,50.321,3.0893,0.6444
4492,stage2,2,0.14245568215847015,0.3377540111541748,0.0,0.14245568215847015,0.0001,1e-05,50.322,3.176,0.6991
4493,stage2,2,0.12685194611549377,0.3450669050216675,0.0,0.12685194611549377,0.0001,1e-05,50.321,2.8141,0.6434
4494,stage2,2,0.13613083958625793,0.3334307074546814,0.0,0.13613083958625793,0.0001,1e-05,50.32,2.73,0.6502
4495,stage2,2,0.11006525158882141,0.3450128436088562,0.0,0.11006525158882141,0.0001,1e-05,50.326,2.47,0.6489
4496,stage2,2,0.1426544189453125,0.3379676938056946,0.0,0.1426544189453125,0.0001,1e-05,50.325,3.3638,3.8658
4497,stage2,2,0.12429671734571457,0.32742825150489807,0.0,0.12429671734571457,0.0001,1e-05,50.322,2.5541,0.6953
4498,stage2,2,0.1291961371898651,0.338007390499115,0.0,0.1291961371898651,0.0001,1e-05,50.323,3.5141,0.6439
4499,stage2,2,0.1310247927904129,0.35856950283050537,0.0,0.1310247927904129,0.0001,1e-05,50.327,2.6668,0.6492
4500,stage2,2,0.11524294316768646,0.3290714919567108,0.0,0.11524294316768646,0.0001,1e-05,50.324,3.0409,0.6456
4501,stage2,2,0.13429610431194305,0.3345363736152649,0.0,0.13429610431194305,0.0001,1e-05,50.323,2.9103,0.647
4502,stage2,2,0.1250089555978775,0.34788811206817627,0.0,0.1250089555978775,0.0001,1e-05,50.325,2.8273,0.6434
4503,stage2,2,0.12944495677947998,0.3344886302947998,0.0,0.12944495677947998,0.0001,1e-05,50.323,2.5329,0.6858
4504,stage2,2,0.12511976063251495,0.3114085793495178,0.0,0.12511976063251495,0.0001,1e-05,50.322,2.9597,3.8177
4505,stage2,2,0.13066184520721436,0.3387640714645386,0.0,0.13066184520721436,0.0001,1e-05,50.328,3.3554,0.6444
4506,stage2,2,0.13610082864761353,0.3316153883934021,0.0,0.13610082864761353,0.0001,1e-05,50.319,2.739,0.6434
4507,stage2,2,0.11718820780515671,0.34359970688819885,0.0,0.11718820780515671,0.0001,1e-05,50.321,2.5067,0.6434
4508,stage2,2,0.11732417345046997,0.32192009687423706,0.0,0.11732417345046997,0.0001,1e-05,50.325,3.1485,0.708
4509,stage2,2,0.13563527166843414,0.32380133867263794,0.0,0.13563527166843414,0.0001,1e-05,50.321,3.4537,0.6354
4510,stage2,2,0.13695985078811646,0.3274988532066345,0.0,0.13695985078811646,0.0001,1e-05,50.326,2.7198,0.6463
4511,stage2,2,0.14295554161071777,0.34050455689430237,0.0,0.14295554161071777,0.0001,1e-05,50.321,3.4824,0.6457
4512,stage2,2,0.14652682840824127,0.37801605463027954,0.0,0.14652682840824127,0.0001,1e-05,50.321,3.38,3.9528
4513,stage2,2,0.11888304352760315,0.33460724353790283,0.0,0.11888304352760315,0.0001,1e-05,50.322,2.8067,0.6955
4514,stage2,2,0.11787696182727814,0.3101940155029297,0.0,0.11787696182727814,0.0001,1e-05,50.321,2.9602,0.6429
4515,stage2,2,0.14161023497581482,0.33595848083496094,0.0,0.14161023497581482,0.0001,1e-05,50.323,2.8648,0.6487
4516,stage2,2,0.14321987330913544,0.31209316849708557,0.0,0.14321987330913544,0.0001,1e-05,50.322,3.5732,0.6438
4517,stage2,2,0.13397391140460968,0.3015773892402649,0.0,0.13397391140460968,0.0001,1e-05,50.323,2.8231,0.6441
4518,stage2,2,0.13014264404773712,0.35256311297416687,0.0,0.13014264404773712,0.0001,1e-05,50.323,2.8449,0.697
4519,stage2,2,0.13988915085792542,0.3256458044052124,0.0,0.13988915085792542,0.0001,1e-05,50.322,4.1023,0.6451
4520,stage2,2,0.141914501786232,0.3610045909881592,0.0,0.141914501786232,0.0001,1e-05,50.323,2.9874,3.9771
4521,stage2,2,0.11898510158061981,0.33128291368484497,0.0,0.11898510158061981,0.0001,1e-05,50.324,3.3338,0.644
4522,stage2,2,0.11689925193786621,0.31286993622779846,0.0,0.11689925193786621,0.0001,1e-05,50.325,2.9969,0.6437
4523,stage2,2,0.12486790120601654,0.3066727817058563,0.0,0.12486790120601654,0.0001,1e-05,50.326,2.787,0.6438
4524,stage2,2,0.13472987711429596,0.300563782453537,0.0,0.13472987711429596,0.0001,1e-05,50.324,2.783,0.6997
4525,stage2,2,0.128660649061203,0.3411376476287842,0.0,0.128660649061203,0.0001,1e-05,50.321,3.6597,0.6432
4526,stage2,2,0.13526692986488342,0.3011508882045746,0.0,0.13526692986488342,0.0001,1e-05,50.323,3.5022,0.6437
4527,stage2,2,0.11750151962041855,0.337775319814682,0.0,0.11750151962041855,0.0001,1e-05,50.319,2.6286,0.6455
4528,stage2,2,0.1147802323102951,0.31947511434555054,0.0,0.1147802323102951,0.0001,1e-05,50.32,2.5897,3.9724
4529,stage2,2,0.10947734117507935,0.37876221537590027,0.0,0.10947734117507935,0.0001,1e-05,50.317,2.6711,0.7006
4530,stage2,2,0.1260688155889511,0.3035444915294647,0.0,0.1260688155889511,0.0001,1e-05,50.321,2.9717,0.6455
4531,stage2,2,0.12644223868846893,0.3318719267845154,0.0,0.12644223868846893,0.0001,1e-05,50.318,3.1767,0.6524
4532,stage2,2,0.1446051299571991,0.31592726707458496,0.0,0.1446051299571991,0.0001,1e-05,50.318,3.6067,0.6445
4533,stage2,2,0.12169879674911499,0.34841760993003845,0.0,0.12169879674911499,0.0001,1e-05,50.32,3.3635,0.6448
4534,stage2,2,0.11915601044893265,0.32965853810310364,0.0,0.11915601044893265,0.0001,1e-05,50.321,2.9995,0.6972
4535,stage2,2,0.1287313550710678,0.3591180741786957,0.0,0.1287313550710678,0.0001,1e-05,50.319,2.8538,0.6452
4536,stage2,2,0.12396688014268875,0.3185041844844818,0.0,0.12396688014268875,0.0001,1e-05,50.327,2.9827,3.9221
4537,stage2,2,0.13220281898975372,0.3115619122982025,0.0,0.13220281898975372,0.0001,1e-05,50.323,2.9079,0.6477
4538,stage2,2,0.12780314683914185,0.32039809226989746,0.0,0.12780314683914185,0.0001,1e-05,50.322,3.037,0.6436
4539,stage2,2,0.14412559568881989,0.3394646942615509,0.0,0.14412559568881989,0.0001,1e-05,50.321,3.2697,0.6591
4540,stage2,2,0.13076287508010864,0.3131101131439209,0.0,0.13076287508010864,0.0001,1e-05,50.321,3.4576,0.7026
4541,stage2,2,0.12686139345169067,0.3296826183795929,0.0,0.12686139345169067,0.0001,1e-05,50.318,2.7444,0.6528
4542,stage2,2,0.12153696268796921,0.3043367564678192,0.0,0.12153696268796921,0.0001,1e-05,50.316,2.6551,0.6449
4543,stage2,2,0.11707431077957153,0.31660014390945435,0.0,0.11707431077957153,0.0001,1e-05,50.326,3.0024,0.647
4544,stage2,2,0.1187230572104454,0.3263568878173828,0.0,0.1187230572104454,0.0001,1e-05,50.325,4.0852,3.9857
4545,stage2,2,0.1188255324959755,0.32986292243003845,0.0,0.1188255324959755,0.0001,1e-05,50.319,2.7805,0.6806
4546,stage2,2,0.11204692721366882,0.32396402955055237,0.0,0.11204692721366882,0.0001,1e-05,50.319,2.657,0.6447
4547,stage2,2,0.1159849762916565,0.3217061460018158,0.0,0.1159849762916565,0.0001,1e-05,50.319,3.0225,0.6442
4548,stage2,2,0.15433819591999054,0.3245129883289337,0.0,0.15433819591999054,0.0001,1e-05,50.321,2.5109,0.6445
4549,stage2,2,0.14035411179065704,0.32672053575515747,0.0,0.14035411179065704,0.0001,1e-05,50.319,2.7985,0.6901
4550,stage2,2,0.11679636687040329,0.3306461572647095,0.0,0.11679636687040329,0.0001,1e-05,50.316,2.7793,0.6548
4551,stage2,2,0.11791833490133286,0.32095399498939514,0.0,0.11791833490133286,0.0001,1e-05,50.321,3.0008,0.6461
4552,stage2,2,0.1332821398973465,0.3204606771469116,0.0,0.1332821398973465,0.0001,1e-05,50.321,2.7841,3.8889
4553,stage2,2,0.12096089124679565,0.3371621370315552,0.0,0.12096089124679565,0.0001,1e-05,50.317,2.4635,0.6579
4554,stage2,2,0.14086416363716125,0.3277839422225952,0.0,0.14086416363716125,0.0001,1e-05,50.321,2.5279,0.6823
4555,stage2,2,0.1300353854894638,0.30587586760520935,0.0,0.1300353854894638,0.0001,1e-05,50.323,2.3984,0.6452
4556,stage2,2,0.1315164566040039,0.3143073320388794,0.0,0.1315164566040039,0.0001,1e-05,50.32,3.3059,0.6461
4557,stage2,2,0.12675008177757263,0.3262897729873657,0.0,0.12675008177757263,0.0001,1e-05,50.321,2.6043,0.6461
4558,stage2,2,0.1263159215450287,0.3482133746147156,0.0,0.1263159215450287,0.0001,1e-05,50.327,2.7812,0.6432
4559,stage2,2,0.12874281406402588,0.35399073362350464,0.0,0.12874281406402588,0.0001,1e-05,50.323,2.4396,0.6633
4560,stage2,2,0.1318206638097763,0.33282655477523804,0.0,0.1318206638097763,0.0001,1e-05,50.323,3.1848,3.9806
4561,stage2,2,0.11976578831672668,0.3146892189979553,0.0,0.11976578831672668,0.0001,1e-05,50.319,2.9544,0.6435
4562,stage2,2,0.11833368241786957,0.3164963126182556,0.0,0.11833368241786957,0.0001,1e-05,50.32,3.048,0.6442
4563,stage2,2,0.1181892603635788,0.331836074590683,0.0,0.1181892603635788,0.0001,1e-05,50.324,3.8353,0.6455
4564,stage2,2,0.1363525390625,0.32101014256477356,0.0,0.1363525390625,0.0001,1e-05,50.324,3.0116,0.7081
4565,stage2,2,0.12031025439500809,0.32223811745643616,0.0,0.12031025439500809,0.0001,1e-05,50.318,2.5453,0.6405
4566,stage2,2,0.14131967723369598,0.3681134581565857,0.0,0.14131967723369598,0.0001,1e-05,50.318,2.9647,0.6458
4567,stage2,2,0.1164352148771286,0.30075037479400635,0.0,0.1164352148771286,0.0001,1e-05,50.319,2.3792,0.6478
4568,stage2,2,0.13832303881645203,0.31647706031799316,0.0,0.13832303881645203,0.0001,1e-05,50.322,2.9594,4.0626
4569,stage2,2,0.13495315611362457,0.3331475555896759,0.0,0.13495315611362457,0.0001,1e-05,50.322,3.3098,0.6357
4570,stage2,2,0.1270177960395813,0.3229309618473053,0.0,0.1270177960395813,0.0001,1e-05,50.322,3.4076,0.6448
4571,stage2,2,0.11971807479858398,0.3262428939342499,0.0,0.11971807479858398,0.0001,1e-05,50.322,3.1746,0.6496
4572,stage2,2,0.13019484281539917,0.31253859400749207,0.0,0.13019484281539917,0.0001,1e-05,50.323,3.1132,0.645
4573,stage2,2,0.13036195933818817,0.3123033940792084,0.0,0.13036195933818817,0.0001,1e-05,50.321,3.2168,0.7058
4574,stage2,2,0.11187960207462311,0.3219325840473175,0.0,0.11187960207462311,0.0001,1e-05,50.318,2.8867,0.6454
4575,stage2,2,0.12747517228126526,0.33259156346321106,0.0,0.12747517228126526,0.0001,1e-05,50.321,3.0685,0.6462
4576,stage2,2,0.15720342099666595,0.34223395586013794,0.0,0.15720342099666595,0.0001,1e-05,50.321,3.6701,3.7943
4577,stage2,2,0.1157325804233551,0.3182764947414398,0.0,0.1157325804233551,0.0001,1e-05,50.321,2.5484,0.6435
4578,stage2,2,0.13889765739440918,0.30912598967552185,0.0,0.13889765739440918,0.0001,1e-05,50.317,3.3874,0.6425
4579,stage2,2,0.12061326950788498,0.33378639817237854,0.0,0.12061326950788498,0.0001,1e-05,50.315,3.3043,0.7074
4580,stage2,2,0.13252198696136475,0.3231169283390045,0.0,0.13252198696136475,0.0001,1e-05,50.321,3.2935,0.6349
4581,stage2,2,0.12310991436243057,0.3271481990814209,0.0,0.12310991436243057,0.0001,1e-05,50.322,2.7648,0.6444
4582,stage2,2,0.1150113120675087,0.33650192618370056,0.0,0.1150113120675087,0.0001,1e-05,50.321,2.8702,0.6455
4583,stage2,2,0.13566726446151733,0.3690606653690338,0.0,0.13566726446151733,0.0001,1e-05,50.323,2.8974,0.6454
4584,stage2,2,0.13162176311016083,0.33414411544799805,0.0,0.13162176311016083,0.0001,1e-05,50.325,3.1658,4.028
4585,stage2,2,0.11581511050462723,0.3233920931816101,0.0,0.11581511050462723,0.0001,1e-05,50.318,2.73,0.6442
4586,stage2,2,0.13779787719249725,0.3225875198841095,0.0,0.13779787719249725,0.0001,1e-05,50.314,3.4046,0.6494
4587,stage2,2,0.13641078770160675,0.3138807415962219,0.0,0.13641078770160675,0.0001,1e-05,50.322,3.0255,0.6447
4588,stage2,2,0.14663508534431458,0.3393569886684418,0.0,0.14663508534431458,0.0001,1e-05,50.32,3.556,0.6457
4589,stage2,2,0.13335545361042023,0.3331431448459625,0.0,0.13335545361042023,0.0001,1e-05,50.321,2.5162,0.6984
4590,stage2,2,0.14551393687725067,0.313393235206604,0.0,0.14551393687725067,0.0001,1e-05,50.321,3.5334,0.6489
4591,stage2,2,0.13445135951042175,0.3506627380847931,0.0,0.13445135951042175,0.0001,1e-05,50.323,3.3615,0.6465
4592,stage2,2,0.1466146856546402,0.32852527499198914,0.0,0.1466146856546402,0.0001,1e-05,50.319,3.4002,3.9338
4593,stage2,2,0.14692828059196472,0.3018012046813965,0.0,0.14692828059196472,0.0001,1e-05,50.324,3.3755,0.6375
4594,stage2,2,0.1303377002477646,0.32157865166664124,0.0,0.1303377002477646,0.0001,1e-05,50.325,3.0766,0.6586
4595,stage2,2,0.1170913428068161,0.30085378885269165,0.0,0.1170913428068161,0.0001,1e-05,50.323,3.0241,0.6627
4596,stage2,2,0.13370384275913239,0.3347664773464203,0.0,0.13370384275913239,0.0001,1e-05,50.322,2.5178,0.642
4597,stage2,2,0.1256115734577179,0.34148669242858887,0.0,0.1256115734577179,0.0001,1e-05,50.319,2.6797,0.7223
4598,stage2,2,0.1218939796090126,0.35258930921554565,0.0,0.1218939796090126,0.0001,1e-05,50.324,2.4222,0.6636
4599,stage2,2,0.10885993391275406,0.3126237988471985,0.0,0.10885993391275406,0.0001,1e-05,50.325,2.1532,0.7135
4600,stage2,2,0.15832801163196564,0.35339707136154175,0.0,0.15832801163196564,0.0001,1e-05,50.322,3.9784,4.0271
4601,stage2,2,0.11601895093917847,0.32381680607795715,0.0,0.11601895093917847,0.0001,1e-05,50.324,3.0418,0.6659
4602,stage2,2,0.1371029168367386,0.3482065498828888,0.0,0.1371029168367386,0.0001,1e-05,50.326,4.1548,0.7017
4603,stage2,2,0.12002744525671005,0.3317854404449463,0.0,0.12002744525671005,0.0001,1e-05,50.324,3.2328,0.6614
4604,stage2,2,0.14019152522087097,0.3216310739517212,0.0,0.14019152522087097,0.0001,1e-05,50.321,3.3871,0.6966
4605,stage2,2,0.10919409245252609,0.3605552017688751,0.0,0.10919409245252609,0.0001,1e-05,50.325,2.622,0.6673
4606,stage2,2,0.13506992161273956,0.31497424840927124,0.0,0.13506992161273956,0.0001,1e-05,50.325,3.1526,0.6398
4607,stage2,2,0.11008927971124649,0.3212428092956543,0.0,0.11008927971124649,0.0001,1e-05,50.323,3.0009,0.7362
4608,stage2,2,0.14336846768856049,0.3510667085647583,0.0,0.14336846768856049,0.0001,1e-05,50.327,3.2272,4.1952
4609,stage2,2,0.1287059634923935,0.33305320143699646,0.0,0.1287059634923935,0.0001,1e-05,50.322,3.2251,0.7223
4610,stage2,2,0.10936291515827179,0.303371399641037,0.0,0.10936291515827179,0.0001,1e-05,50.323,2.6045,0.6538
4611,stage2,2,0.12316098064184189,0.3400718569755554,0.0,0.12316098064184189,0.0001,1e-05,50.325,3.0905,0.7283
4612,stage2,2,0.1484794318675995,0.3076970875263214,0.0,0.1484794318675995,0.0001,1e-05,50.325,2.6484,0.6575
4613,stage2,2,0.1426926553249359,0.3506668508052826,0.0,0.1426926553249359,0.0001,1e-05,50.323,2.7299,0.6645
4614,stage2,2,0.1582452654838562,0.3368382155895233,0.0,0.1582452654838562,0.0001,1e-05,50.321,3.6661,0.6539
4615,stage2,2,0.12901291251182556,0.31494981050491333,0.0,0.12901291251182556,0.0001,1e-05,50.323,3.0067,0.7137
4616,stage2,2,0.11790194362401962,0.3608318269252777,0.0,0.11790194362401962,0.0001,1e-05,50.322,2.7869,4.0898
4617,stage2,2,0.13010826706886292,0.2971246540546417,0.0,0.13010826706886292,0.0001,1e-05,50.323,2.9844,0.6581
4618,stage2,2,0.12242639064788818,0.32417216897010803,0.0,0.12242639064788818,0.0001,1e-05,50.327,2.6703,0.7144
4619,stage2,2,0.09253610670566559,0.32174402475357056,0.0,0.09253610670566559,0.0001,1e-05,50.326,2.7172,0.6602
4620,stage2,2,0.141233891248703,0.30824506282806396,0.0,0.141233891248703,0.0001,1e-05,50.324,3.427,0.721
4621,stage2,2,0.13406187295913696,0.3186747133731842,0.0,0.13406187295913696,0.0001,1e-05,50.324,3.2181,0.6598
4622,stage2,2,0.1425783783197403,0.33005112409591675,0.0,0.1425783783197403,0.0001,1e-05,50.324,3.1223,0.6453
4623,stage2,2,0.1473667323589325,0.31252628564834595,0.0,0.1473667323589325,0.0001,1e-05,50.324,3.7806,0.6699
4624,stage2,2,0.12410289794206619,0.3225024938583374,0.0,0.12410289794206619,0.0001,1e-05,50.324,3.3115,4.0629
4625,stage2,2,0.13328711688518524,0.3359096646308899,0.0,0.13328711688518524,0.0001,1e-05,50.323,3.3291,0.6367
4626,stage2,2,0.13271503150463104,0.3141591250896454,0.0,0.13271503150463104,0.0001,1e-05,50.323,2.8615,0.7313
4627,stage2,2,0.1081245020031929,0.3209173083305359,0.0,0.1081245020031929,0.0001,1e-05,50.325,2.5496,0.6559
4628,stage2,2,0.11669812351465225,0.32427680492401123,0.0,0.11669812351465225,0.0001,1e-05,50.326,2.8348,0.7208
4629,stage2,2,0.12413240969181061,0.31721606850624084,0.0,0.12413240969181061,0.0001,1e-05,50.325,3.1013,0.6498
4630,stage2,2,0.11591891199350357,0.3212904632091522,0.0,0.11591891199350357,0.0001,1e-05,50.323,2.2103,0.6832
4631,stage2,2,0.11615914106369019,0.3018392026424408,0.0,0.11615914106369019,0.0001,1e-05,50.323,2.7594,0.685
4632,stage2,2,0.11835450679063797,0.31257545948028564,0.0,0.11835450679063797,0.0001,1e-05,50.325,2.4857,3.9756
4633,stage2,2,0.11759446561336517,0.36633655428886414,0.0,0.11759446561336517,0.0001,1e-05,50.324,3.0358,0.6378
4634,stage2,2,0.1269703507423401,0.3223033547401428,0.0,0.1269703507423401,0.0001,1e-05,50.322,2.6514,0.7319
4635,stage2,2,0.1299942582845688,0.3271360993385315,0.0,0.1299942582845688,0.0001,1e-05,50.323,2.9666,0.6642
4636,stage2,2,0.12140689045190811,0.3323061168193817,0.0,0.12140689045190811,0.0001,1e-05,50.324,2.6497,0.7208
4637,stage2,2,0.12503118813037872,0.3223072290420532,0.0,0.12503118813037872,0.0001,1e-05,50.321,3.1099,0.6575
4638,stage2,2,0.11658390611410141,0.3410685360431671,0.0,0.11658390611410141,0.0001,1e-05,50.319,3.5444,0.6598
4639,stage2,2,0.12911953032016754,0.3150635361671448,0.0,0.12911953032016754,0.0001,1e-05,50.324,2.6076,0.7026
4640,stage2,2,0.11693368852138519,0.34667184948921204,0.0,0.11693368852138519,0.0001,1e-05,50.322,3.2805,3.9768
4641,stage2,2,0.12836819887161255,0.3077374994754791,0.0,0.12836819887161255,0.0001,1e-05,50.322,2.6318,0.704
4642,stage2,2,0.10685417056083679,0.32572996616363525,0.0,0.10685417056083679,0.0001,1e-05,50.325,2.6465,0.6438
4643,stage2,2,0.14759127795696259,0.3362258970737457,0.0,0.14759127795696259,0.0001,1e-05,50.321,2.9156,0.6601
4644,stage2,2,0.11569207906723022,0.3157453238964081,0.0,0.11569207906723022,0.0001,1e-05,50.325,2.6065,0.6658
4645,stage2,2,0.12483441829681396,0.33703020215034485,0.0,0.12483441829681396,0.0001,1e-05,50.321,3.1024,0.71
4646,stage2,2,0.1287267655134201,0.3631168007850647,0.0,0.1287267655134201,0.0001,1e-05,50.32,2.5226,0.6625
4647,stage2,2,0.115797258913517,0.3211830258369446,0.0,0.115797258913517,0.0001,1e-05,50.322,3.66,0.7089
4648,stage2,2,0.10966000705957413,0.3217913508415222,0.0,0.10966000705957413,0.0001,1e-05,50.322,2.781,3.9615
4649,stage2,2,0.10414300858974457,0.3204474151134491,0.0,0.10414300858974457,0.0001,1e-05,50.322,2.8802,0.7067
4650,stage2,2,0.1371183842420578,0.31904494762420654,0.0,0.1371183842420578,0.0001,1e-05,50.323,3.1299,0.6668
4651,stage2,2,0.12465314567089081,0.3009830117225647,0.0,0.12465314567089081,0.0001,1e-05,50.324,2.6843,0.655
4652,stage2,2,0.11226896941661835,0.3459545969963074,0.0,0.11226896941661835,0.0001,1e-05,50.324,2.8101,0.7108
4653,stage2,2,0.12403295189142227,0.34307071566581726,0.0,0.12403295189142227,0.0001,1e-05,50.321,3.1386,0.6477
4654,stage2,2,0.11615533381700516,0.3099002242088318,0.0,0.11615533381700516,0.0001,1e-05,50.32,3.2972,0.6552
4655,stage2,2,0.10803273320198059,0.3107669949531555,0.0,0.10803273320198059,0.0001,1e-05,50.32,2.6457,0.6655
4656,stage2,2,0.1374427229166031,0.33951935172080994,0.0,0.1374427229166031,0.0001,1e-05,50.322,3.049,4.0925
4657,stage2,2,0.11751339584589005,0.35127174854278564,0.0,0.11751339584589005,0.0001,1e-05,50.322,3.0866,0.667
4658,stage2,2,0.12332890182733536,0.3422227203845978,0.0,0.12332890182733536,0.0001,1e-05,50.322,2.4134,0.71
4659,stage2,2,0.1287086009979248,0.3107737600803375,0.0,0.1287086009979248,0.0001,1e-05,50.324,3.4659,0.6594
4660,stage2,2,0.10979539901018143,0.3150520324707031,0.0,0.10979539901018143,0.0001,1e-05,50.321,2.646,0.7145
4661,stage2,2,0.12133295089006424,0.31908679008483887,0.0,0.12133295089006424,0.0001,1e-05,50.32,2.4451,0.6572
4662,stage2,2,0.12435773760080338,0.3540097773075104,0.0,0.12435773760080338,0.0001,1e-05,50.322,2.6117,0.7042
4663,stage2,2,0.12552644312381744,0.29334449768066406,0.0,0.12552644312381744,0.0001,1e-05,50.323,3.1449,0.6451
4664,stage2,2,0.12083855271339417,0.3177446722984314,0.0,0.12083855271339417,0.0001,1e-05,50.322,3.417,4.1144
4665,stage2,2,0.12556087970733643,0.32614195346832275,0.0,0.12556087970733643,0.0001,1e-05,50.321,3.086,0.6502
4666,stage2,2,0.11869285255670547,0.2898567020893097,0.0,0.11869285255670547,0.0001,1e-05,50.321,2.3162,0.7086
4667,stage2,2,0.12212205678224564,0.3359476625919342,0.0,0.12212205678224564,0.0001,1e-05,50.322,3.1343,0.6651
4668,stage2,2,0.12946325540542603,0.3263965845108032,0.0,0.12946325540542603,0.0001,1e-05,50.321,2.4124,0.6973
4669,stage2,2,0.11844474822282791,0.3159029185771942,0.0,0.11844474822282791,0.0001,1e-05,50.321,2.9047,0.6753
4670,stage2,2,0.14721694588661194,0.30542120337486267,0.0,0.14721694588661194,0.0001,1e-05,50.319,3.3817,0.6719
4671,stage2,2,0.10238956660032272,0.3587263524532318,0.0,0.10238956660032272,0.0001,1e-05,50.323,3.1685,0.7117
4672,stage2,2,0.13988572359085083,0.3514777421951294,0.0,0.13988572359085083,0.0001,1e-05,50.325,3.5474,4.087
4673,stage2,2,0.12235653400421143,0.31383273005485535,0.0,0.12235653400421143,0.0001,1e-05,50.324,2.4341,0.6617
4674,stage2,2,0.12386681139469147,0.3491137623786926,0.0,0.12386681139469147,0.0001,1e-05,50.323,2.9013,0.6402
4675,stage2,2,0.13834941387176514,0.3357638120651245,0.0,0.13834941387176514,0.0001,1e-05,50.321,3.0826,0.6672
4676,stage2,2,0.12255021929740906,0.3236192762851715,0.0,0.12255021929740906,0.0001,1e-05,50.322,3.2767,0.7115
4677,stage2,2,0.14282630383968353,0.3244395852088928,0.0,0.14282630383968353,0.0001,1e-05,50.32,2.8358,0.6616
4678,stage2,2,0.1410234421491623,0.3153313100337982,0.0,0.1410234421491623,0.0001,1e-05,50.322,3.3768,0.7115
4679,stage2,2,0.12485753744840622,0.33489808440208435,0.0,0.12485753744840622,0.0001,1e-05,50.323,3.8875,0.6666
4680,stage2,2,0.14391405880451202,0.32827648520469666,0.0,0.14391405880451202,0.0001,1e-05,50.324,3.7957,4.1987
4681,stage2,2,0.11872081458568573,0.3176707923412323,0.0,0.11872081458568573,0.0001,1e-05,50.322,2.4317,0.6638
4682,stage2,2,0.12057946622371674,0.3346027731895447,0.0,0.12057946622371674,0.0001,1e-05,50.323,2.8274,0.638
4683,stage2,2,0.12733854353427887,0.3252185583114624,0.0,0.12733854353427887,0.0001,1e-05,50.323,3.5941,0.7266
4684,stage2,2,0.1213577464222908,0.3168877363204956,0.0,0.1213577464222908,0.0001,1e-05,50.326,2.8297,0.6641
4685,stage2,2,0.11990488320589066,0.32739779353141785,0.0,0.11990488320589066,0.0001,1e-05,50.322,2.9698,0.7172
4686,stage2,2,0.1351059377193451,0.32046687602996826,0.0,0.1351059377193451,0.0001,1e-05,50.323,2.8042,0.6592
4687,stage2,2,0.12847301363945007,0.35050904750823975,0.0,0.12847301363945007,0.0001,1e-05,50.322,2.8326,0.6633
4688,stage2,2,0.12085855007171631,0.34156641364097595,0.0,0.12085855007171631,0.0001,1e-05,50.324,2.9166,4.0402
4689,stage2,2,0.1432310789823532,0.3308579623699188,0.0,0.1432310789823532,0.0001,1e-05,50.32,3.3237,0.6606
4690,stage2,2,0.11626042425632477,0.3227234482765198,0.0,0.11626042425632477,0.0001,1e-05,50.325,2.5989,0.7147
4691,stage2,2,0.1297462433576584,0.3013486862182617,0.0,0.1297462433576584,0.0001,1e-05,50.323,2.7774,0.6446
4692,stage2,2,0.12275128811597824,0.3328526020050049,0.0,0.12275128811597824,0.0001,1e-05,50.323,3.5544,0.6692
4693,stage2,2,0.11998088657855988,0.3006088137626648,0.0,0.11998088657855988,0.0001,1e-05,50.321,2.9379,0.6633
4694,stage2,2,0.11866400390863419,0.33908331394195557,0.0,0.11866400390863419,0.0001,1e-05,50.322,2.5756,0.7083
4695,stage2,2,0.1302766501903534,0.31847214698791504,0.0,0.1302766501903534,0.0001,1e-05,50.32,2.9035,0.6712
4696,stage2,2,0.11199027299880981,0.30850058794021606,0.0,0.11199027299880981,0.0001,1e-05,50.32,2.8518,3.9262
4697,stage2,2,0.13168735802173615,0.32530081272125244,0.0,0.13168735802173615,0.0001,1e-05,50.323,3.2621,0.708
4698,stage2,2,0.13020329177379608,0.3351021409034729,0.0,0.13020329177379608,0.0001,1e-05,50.32,3.3837,0.667
4699,stage2,2,0.14158309996128082,0.32689744234085083,0.0,0.14158309996128082,0.0001,1e-05,50.325,3.2217,0.7097
4700,stage2,2,0.14687177538871765,0.32934287190437317,0.0,0.14687177538871765,0.0001,1e-05,50.323,3.6342,0.6573
4701,stage2,2,0.1336703598499298,0.33195406198501587,0.0,0.1336703598499298,0.0001,1e-05,50.322,2.6795,0.7208
4702,stage2,2,0.12388523668050766,0.30608436465263367,0.0,0.12388523668050766,0.0001,1e-05,50.322,2.677,0.6511
4703,stage2,2,0.12124813348054886,0.2980335056781769,0.0,0.12124813348054886,0.0001,1e-05,50.323,2.7594,0.6686
4704,stage2,2,0.1269935667514801,0.32997041940689087,0.0,0.1269935667514801,0.0001,1e-05,50.324,2.7903,4.0158
4705,stage2,2,0.11532480269670486,0.3490925431251526,0.0,0.11532480269670486,0.0001,1e-05,50.323,2.87,0.6666
4706,stage2,2,0.12459411472082138,0.30695265531539917,0.0,0.12459411472082138,0.0001,1e-05,50.322,2.4918,0.6377
4707,stage2,2,0.13304688036441803,0.3295697867870331,0.0,0.13304688036441803,0.0001,1e-05,50.322,3.2124,0.7332
4708,stage2,2,0.13020704686641693,0.34325629472732544,0.0,0.13020704686641693,0.0001,1e-05,50.323,2.6759,0.6392
4709,stage2,2,0.11897030472755432,0.3313300907611847,0.0,0.11897030472755432,0.0001,1e-05,50.32,3.3141,0.6473
4710,stage2,2,0.12021799385547638,0.32881271839141846,0.0,0.12021799385547638,0.0001,1e-05,50.324,3.1538,0.6463
4711,stage2,2,0.10160350054502487,0.35307684540748596,0.0,0.10160350054502487,0.0001,1e-05,50.324,2.5379,0.6464
4712,stage2,2,0.12683942914009094,0.3142557442188263,0.0,0.12683942914009094,0.0001,1e-05,50.323,2.8279,3.8989
4713,stage2,2,0.11582458019256592,0.3410865068435669,0.0,0.11582458019256592,0.0001,1e-05,50.321,2.5659,0.6366
4714,stage2,2,0.10101986676454544,0.3175773620605469,0.0,0.10101986676454544,0.0001,1e-05,50.322,3.0506,0.6676
4715,stage2,2,0.12225895375013351,0.33343085646629333,0.0,0.12225895375013351,0.0001,1e-05,50.325,3.3327,0.6624
4716,stage2,2,0.12455549091100693,0.3000212013721466,0.0,0.12455549091100693,0.0001,1e-05,50.322,3.0711,0.7036
4717,stage2,2,0.11733784526586533,0.3448943793773651,0.0,0.11733784526586533,0.0001,1e-05,50.322,2.5307,0.6459
4718,stage2,2,0.11263784021139145,0.35467174649238586,0.0,0.11263784021139145,0.0001,1e-05,50.321,3.0335,0.6454
4719,stage2,2,0.12925919890403748,0.3534832000732422,0.0,0.12925919890403748,0.0001,1e-05,50.323,2.8824,0.6521
4720,stage2,2,0.14928272366523743,0.3451555669307709,0.0,0.14928272366523743,0.0001,1e-05,50.323,3.6374,3.8601
4721,stage2,2,0.1271018236875534,0.33709290623664856,0.0,0.1271018236875534,0.0001,1e-05,50.323,2.5038,0.6555
4722,stage2,2,0.119764044880867,0.35038235783576965,0.0,0.119764044880867,0.0001,1e-05,50.32,2.6386,0.6454
4723,stage2,2,0.14002226293087006,0.3345963954925537,0.0,0.14002226293087006,0.0001,1e-05,50.321,3.0034,0.6489
4724,stage2,2,0.12449415028095245,0.33634665608406067,0.0,0.12449415028095245,0.0001,1e-05,50.319,2.8321,0.6507
4725,stage2,2,0.10063711553812027,0.33161941170692444,0.0,0.10063711553812027,0.0001,1e-05,50.322,3.0783,0.7102
4726,stage2,2,0.12755204737186432,0.31250959634780884,0.0,0.12755204737186432,0.0001,1e-05,50.322,3.1917,0.6359
4727,stage2,2,0.13222050666809082,0.35507380962371826,0.0,0.13222050666809082,0.0001,1e-05,50.319,2.8027,0.645
4728,stage2,2,0.11572466045618057,0.3265531361103058,0.0,0.11572466045618057,0.0001,1e-05,50.32,2.5022,3.929
4729,stage2,2,0.11759422719478607,0.31682947278022766,0.0,0.11759422719478607,0.0001,1e-05,50.319,2.8563,0.6443
4730,stage2,2,0.09942293167114258,0.2795203626155853,0.0,0.09942293167114258,0.0001,1e-05,50.321,2.7797,0.6986
4731,stage2,2,0.13603515923023224,0.3066425919532776,0.0,0.13603515923023224,0.0001,1e-05,50.321,3.257,0.6452
4732,stage2,2,0.13178415596485138,0.32852134108543396,0.0,0.13178415596485138,0.0001,1e-05,50.32,3.1907,0.6467
4733,stage2,2,0.09937705099582672,0.3315502107143402,0.0,0.09937705099582672,0.0001,1e-05,50.32,2.535,0.6458
4734,stage2,2,0.12591026723384857,0.3059068024158478,0.0,0.12591026723384857,0.0001,1e-05,50.319,3.4241,0.7297
4735,stage2,2,0.10632581263780594,0.3420523703098297,0.0,0.10632581263780594,0.0001,1e-05,50.32,2.8663,0.6606
4736,stage2,2,0.1232643648982048,0.3314191997051239,0.0,0.1232643648982048,0.0001,1e-05,50.323,2.5332,3.929
4737,stage2,2,0.12807603180408478,0.325118750333786,0.0,0.12807603180408478,0.0001,1e-05,50.321,2.8292,0.6443
4738,stage2,2,0.13184186816215515,0.29854485392570496,0.0,0.13184186816215515,0.0001,1e-05,50.321,3.7555,0.6445
4739,stage2,2,0.11400052160024643,0.3275381028652191,0.0,0.11400052160024643,0.0001,1e-05,50.321,3.1518,0.6451
4740,stage2,2,0.10363104194402695,0.32316842675209045,0.0,0.10363104194402695,0.0001,1e-05,50.318,2.7688,0.7055
4741,stage2,2,0.14215821027755737,0.38308969140052795,0.0,0.14215821027755737,0.0001,1e-05,50.322,2.6794,0.644
4742,stage2,2,0.10401512682437897,0.34131118655204773,0.0,0.10401512682437897,0.0001,1e-05,50.321,2.5572,0.7153
4743,stage2,2,0.1374495029449463,0.3230593204498291,0.0,0.1374495029449463,0.0001,1e-05,50.321,2.631,0.6462
4744,stage2,2,0.13541056215763092,0.3485460877418518,0.0,0.13541056215763092,0.0001,1e-05,50.322,3.567,3.9348
4745,stage2,2,0.11611287295818329,0.2760143578052521,0.0,0.11611287295818329,0.0001,1e-05,50.319,2.6456,0.6653
4746,stage2,2,0.13563871383666992,0.340009868144989,0.0,0.13563871383666992,0.0001,1e-05,50.322,3.5164,0.6986
4747,stage2,2,0.12649451196193695,0.31455785036087036,0.0,0.12649451196193695,0.0001,1e-05,50.324,3.6535,0.6458
4748,stage2,2,0.10949436575174332,0.30181291699409485,0.0,0.10949436575174332,0.0001,1e-05,50.321,2.7308,0.6456
4749,stage2,2,0.11924804747104645,0.3113690912723541,0.0,0.11924804747104645,0.0001,1e-05,50.32,2.9967,0.6461
4750,stage2,2,0.12193318456411362,0.3303380012512207,0.0,0.12193318456411362,0.0001,1e-05,50.32,3.4491,0.6454
4751,stage2,2,0.10441908985376358,0.3327895402908325,0.0,0.10441908985376358,0.0001,1e-05,50.321,2.4872,0.7007
4752,stage2,2,0.12629836797714233,0.3104732930660248,0.0,0.12629836797714233,0.0001,1e-05,50.32,2.4321,3.8283
4753,stage2,2,0.14149357378482819,0.3070838153362274,0.0,0.14149357378482819,0.0001,1e-05,50.322,3.6881,0.6758
4754,stage2,2,0.10861356556415558,0.3260190188884735,0.0,0.10861356556415558,0.0001,1e-05,50.32,2.577,0.6866
4755,stage2,2,0.12884515523910522,0.3081211745738983,0.0,0.12884515523910522,0.0001,1e-05,50.325,3.1037,0.6442
4756,stage2,2,0.11863838136196136,0.32950958609580994,0.0,0.11863838136196136,0.0001,1e-05,50.32,2.7819,0.6448
4757,stage2,2,0.10251414030790329,0.3296208083629608,0.0,0.10251414030790329,0.0001,1e-05,50.319,2.3704,0.6471
4758,stage2,2,0.12675926089286804,0.32808154821395874,0.0,0.12675926089286804,0.0001,1e-05,50.32,2.9558,0.7507
4759,stage2,2,0.10280898213386536,0.35037946701049805,0.0,0.10280898213386536,0.0001,1e-05,50.319,2.3672,0.6398
4760,stage2,2,0.13967372477054596,0.32379597425460815,0.0,0.13967372477054596,0.0001,1e-05,50.322,3.2586,3.893
4761,stage2,2,0.13477277755737305,0.3254531919956207,0.0,0.13477277755737305,0.0001,1e-05,50.321,2.7005,0.6373
4762,stage2,2,0.12134038656949997,0.31853941082954407,0.0,0.12134038656949997,0.0001,1e-05,50.321,2.9449,0.7326
4763,stage2,2,0.1076376736164093,0.30460166931152344,0.0,0.1076376736164093,0.0001,1e-05,50.32,2.4523,0.6411
4764,stage2,2,0.12816855311393738,0.29201847314834595,0.0,0.12816855311393738,0.0001,1e-05,50.32,3.0683,0.6502
4765,stage2,2,0.11153150349855423,0.3220956027507782,0.0,0.11153150349855423,0.0001,1e-05,50.319,2.7085,0.6466
4766,stage2,2,0.12636320292949677,0.3032071888446808,0.0,0.12636320292949677,0.0001,1e-05,50.318,3.4367,0.6647
4767,stage2,2,0.11016784608364105,0.3453320264816284,0.0,0.11016784608364105,0.0001,1e-05,50.324,2.9245,0.7017
4768,stage2,2,0.12851108610630035,0.31422901153564453,0.0,0.12851108610630035,0.0001,1e-05,50.326,2.786,3.7791
4769,stage2,2,0.13210813701152802,0.33382323384284973,0.0,0.13210813701152802,0.0001,1e-05,50.322,3.1236,0.6432
4770,stage2,2,0.1271718442440033,0.319555401802063,0.0,0.1271718442440033,0.0001,1e-05,50.322,2.5469,0.6446
4771,stage2,2,0.12348221242427826,0.3557283580303192,0.0,0.12348221242427826,0.0001,1e-05,50.316,3.3126,0.6446
4772,stage2,2,0.1262308955192566,0.3185424506664276,0.0,0.1262308955192566,0.0001,1e-05,50.322,2.8983,0.7065
4773,stage2,2,0.13688889145851135,0.34420984983444214,0.0,0.13688889145851135,0.0001,1e-05,50.319,3.3848,0.6421
4774,stage2,2,0.15006838738918304,0.3245528042316437,0.0,0.15006838738918304,0.0001,1e-05,50.315,3.2323,0.8693
4775,stage2,2,0.1178329586982727,0.3087492883205414,0.0,0.1178329586982727,0.0001,1e-05,50.321,2.3772,0.6517
4776,stage2,2,0.10562704503536224,0.34937459230422974,0.0,0.10562704503536224,0.0001,1e-05,50.32,2.6287,3.7568
4777,stage2,2,0.13325664401054382,0.3126777410507202,0.0,0.13325664401054382,0.0001,1e-05,50.321,2.728,0.6834
4778,stage2,2,0.12290758639574051,0.3164072334766388,0.0,0.12290758639574051,0.0001,1e-05,50.32,2.8349,0.6459
4779,stage2,2,0.1208815947175026,0.3061824440956116,0.0,0.1208815947175026,0.0001,1e-05,50.32,2.7618,0.6503
4780,stage2,2,0.1042766347527504,0.3360249102115631,0.0,0.1042766347527504,0.0001,1e-05,50.317,2.4789,0.6462
4781,stage2,2,0.12379378080368042,0.311055451631546,0.0,0.12379378080368042,0.0001,1e-05,50.316,2.6232,0.6442
4782,stage2,2,0.11610418558120728,0.30931994318962097,0.0,0.11610418558120728,0.0001,1e-05,50.319,2.9179,0.9327
4783,stage2,2,0.11631213873624802,0.33030933141708374,0.0,0.11631213873624802,0.0001,1e-05,50.317,2.5475,0.7013
4784,stage2,2,0.11045672744512558,0.3257750868797302,0.0,0.11045672744512558,0.0001,1e-05,50.322,3.1408,3.608
4785,stage2,2,0.10464965552091599,0.30817532539367676,0.0,0.10464965552091599,0.0001,1e-05,50.319,2.6418,0.6438
4786,stage2,2,0.11542359739542007,0.33071979880332947,0.0,0.11542359739542007,0.0001,1e-05,50.316,3.5366,0.6466
4787,stage2,2,0.12112538516521454,0.3143998682498932,0.0,0.12112538516521454,0.0001,1e-05,50.32,2.8402,0.6494
4788,stage2,2,0.13464954495429993,0.31734246015548706,0.0,0.13464954495429993,0.0001,1e-05,50.321,2.7475,0.6909
4789,stage2,2,0.11055945605039597,0.36239826679229736,0.0,0.11055945605039597,0.0001,1e-05,50.32,2.5288,0.6661
4790,stage2,2,0.11878654360771179,0.30831098556518555,0.0,0.11878654360771179,0.0001,1e-05,50.318,2.6373,0.8759
4791,stage2,2,0.11697728931903839,0.3166448771953583,0.0,0.11697728931903839,0.0001,1e-05,50.316,2.7545,0.7048
4792,stage2,2,0.11908116191625595,0.3330799341201782,0.0,0.11908116191625595,0.0001,1e-05,50.32,2.8019,3.5591
4793,stage2,2,0.13349416851997375,0.3161286413669586,0.0,0.13349416851997375,0.0001,1e-05,50.316,2.9416,0.6447
4794,stage2,2,0.12039964646100998,0.3539844751358032,0.0,0.12039964646100998,0.0001,1e-05,50.317,2.577,0.6443
4795,stage2,2,0.11492030322551727,0.3210810124874115,0.0,0.11492030322551727,0.0001,1e-05,50.319,2.4502,0.6457
4796,stage2,2,0.12091542035341263,0.307464063167572,0.0,0.12091542035341263,0.0001,1e-05,50.32,2.6852,0.7008
4797,stage2,2,0.12586626410484314,0.3357597291469574,0.0,0.12586626410484314,0.0001,1e-05,50.322,2.7874,0.6502
4798,stage2,2,0.11616525799036026,0.33955472707748413,0.0,0.11616525799036026,0.0001,1e-05,50.322,2.7392,1.0792
4799,stage2,2,0.12671171128749847,0.3296685218811035,0.0,0.12671171128749847,0.0001,1e-05,50.323,2.3394,0.6468
4800,stage2,2,0.1280648112297058,0.3249067962169647,0.0,0.1280648112297058,0.0001,1e-05,50.324,2.7549,3.6703
4801,stage2,2,0.12169602513313293,0.32109642028808594,0.0,0.12169602513313293,0.0001,1e-05,50.319,4.6044,0.6443
4802,stage2,2,0.11921274662017822,0.32206282019615173,0.0,0.11921274662017822,0.0001,1e-05,50.324,3.0097,0.6448
4803,stage2,2,0.12348679453134537,0.34295257925987244,0.0,0.12348679453134537,0.0001,1e-05,50.323,3.3262,0.6465
4804,stage2,2,0.12183218449354172,0.37309354543685913,0.0,0.12183218449354172,0.0001,1e-05,50.323,3.414,0.6462
4805,stage2,2,0.12734857201576233,0.30301615595817566,0.0,0.12734857201576233,0.0001,1e-05,50.324,3.4104,0.7005
4806,stage2,2,0.1080152839422226,0.33533209562301636,0.0,0.1080152839422226,0.0001,1e-05,50.323,2.8995,1.1217
4807,stage2,2,0.1241886094212532,0.379802942276001,0.0,0.1241886094212532,0.0001,1e-05,50.321,3.3195,0.6481
4808,stage2,2,0.1250937432050705,0.3081566393375397,0.0,0.1250937432050705,0.0001,1e-05,50.325,2.6787,3.5242
4809,stage2,2,0.12434060126543045,0.3162957429885864,0.0,0.12434060126543045,0.0001,1e-05,50.322,2.8309,0.6455
4810,stage2,2,0.13706885278224945,0.3242166340351105,0.0,0.13706885278224945,0.0001,1e-05,50.321,3.5559,0.6458
4811,stage2,2,0.12424008548259735,0.3383861184120178,0.0,0.12424008548259735,0.0001,1e-05,50.319,2.6647,0.6982
4812,stage2,2,0.126881942152977,0.3027247488498688,0.0,0.126881942152977,0.0001,1e-05,50.324,2.6901,0.6465
4813,stage2,2,0.1368216723203659,0.3244633376598358,0.0,0.1368216723203659,0.0001,1e-05,50.322,3.5689,0.646
4814,stage2,2,0.11457818746566772,0.33336418867111206,0.0,0.11457818746566772,0.0001,1e-05,50.321,2.9698,1.2605
4815,stage2,2,0.11461970210075378,0.3304331600666046,0.0,0.11461970210075378,0.0001,1e-05,50.323,2.8333,0.6981
4816,stage2,2,0.11519584059715271,0.3183794319629669,0.0,0.11519584059715271,0.0001,1e-05,50.322,2.9584,3.4015
4817,stage2,2,0.11633147299289703,0.32097503542900085,0.0,0.11633147299289703,0.0001,1e-05,50.323,2.3981,0.6443
4818,stage2,2,0.12205419689416885,0.3431086540222168,0.0,0.12205419689416885,0.0001,1e-05,50.324,2.988,0.645
4819,stage2,2,0.13331638276576996,0.33725282549858093,0.0,0.13331638276576996,0.0001,1e-05,50.324,3.4562,0.6446
4820,stage2,2,0.10918229073286057,0.3206121027469635,0.0,0.10918229073286057,0.0001,1e-05,50.323,3.3119,0.7008
4821,stage2,2,0.11816426366567612,0.32877808809280396,0.0,0.11816426366567612,0.0001,1e-05,50.321,3.0433,0.6459
4822,stage2,2,0.15150940418243408,0.31554222106933594,0.0,0.15150940418243408,0.0001,1e-05,50.323,2.8967,1.249
4823,stage2,2,0.12463975697755814,0.3222041726112366,0.0,0.12463975697755814,0.0001,1e-05,50.322,2.6812,0.6496
4824,stage2,2,0.1123947873711586,0.2972879111766815,0.0,0.1123947873711586,0.0001,1e-05,50.324,2.2309,3.392
4825,stage2,2,0.1261151283979416,0.3203928768634796,0.0,0.1261151283979416,0.0001,1e-05,50.323,3.3365,0.665
4826,stage2,2,0.11629897356033325,0.3344859778881073,0.0,0.11629897356033325,0.0001,1e-05,50.322,2.5722,0.6995
4827,stage2,2,0.10906438529491425,0.3189757466316223,0.0,0.10906438529491425,0.0001,1e-05,50.324,2.6873,0.6449
4828,stage2,2,0.1088114008307457,0.3315335214138031,0.0,0.1088114008307457,0.0001,1e-05,50.321,2.7179,0.6461
4829,stage2,2,0.1082737073302269,0.31973567605018616,0.0,0.1082737073302269,0.0001,1e-05,50.323,2.3896,0.6466
4830,stage2,2,0.1293003112077713,0.29819098114967346,0.0,0.1293003112077713,0.0001,1e-05,50.322,2.8937,1.344
4831,stage2,2,0.14778932929039001,0.31299689412117004,0.0,0.14778932929039001,0.0001,1e-05,50.322,2.546,0.6463
4832,stage2,2,0.10578514635562897,0.3070538640022278,0.0,0.10578514635562897,0.0001,1e-05,50.324,2.0612,3.2617
4833,stage2,2,0.1279756724834442,0.31005755066871643,0.0,0.1279756724834442,0.0001,1e-05,50.323,2.8206,0.645
4834,stage2,2,0.11531825363636017,0.3354681134223938,0.0,0.11531825363636017,0.0001,1e-05,50.322,2.4989,0.6451
4835,stage2,2,0.13453255593776703,0.3229250907897949,0.0,0.13453255593776703,0.0001,1e-05,50.321,3.2458,0.6972
4836,stage2,2,0.09957098215818405,0.32536014914512634,0.0,0.09957098215818405,0.0001,1e-05,50.327,2.1998,0.6505
4837,stage2,2,0.12837523221969604,0.33138716220855713,0.0,0.12837523221969604,0.0001,1e-05,50.326,3.2872,0.6511
4838,stage2,2,0.1083933636546135,0.30899420380592346,0.0,0.1083933636546135,0.0001,1e-05,50.323,3.162,1.3412
4839,stage2,2,0.12929102778434753,0.3139674663543701,0.0,0.12929102778434753,0.0001,1e-05,50.324,2.9795,0.6994
4840,stage2,2,0.14258067309856415,0.3471895456314087,0.0,0.14258067309856415,0.0001,1e-05,50.326,4.2277,3.2235
4841,stage2,2,0.10672668367624283,0.34133321046829224,0.0,0.10672668367624283,0.0001,1e-05,50.324,2.8623,0.645
4842,stage2,2,0.11848914623260498,0.31708094477653503,0.0,0.11848914623260498,0.0001,1e-05,50.322,2.7934,0.645
4843,stage2,2,0.12228582054376602,0.340641587972641,0.0,0.12228582054376602,0.0001,1e-05,50.325,3.0251,0.646
4844,stage2,2,0.12410913407802582,0.3186366558074951,0.0,0.12410913407802582,0.0001,1e-05,50.327,3.1826,0.6399
4845,stage2,2,0.11879967898130417,0.29353436827659607,0.0,0.11879967898130417,0.0001,1e-05,50.325,2.8589,0.6748
4846,stage2,2,0.09821917861700058,0.33274561166763306,0.0,0.09821917861700058,0.0001,1e-05,50.327,2.5034,1.484
4847,stage2,2,0.12953755259513855,0.3420523405075073,0.0,0.12953755259513855,0.0001,1e-05,50.325,3.0678,0.6474
4848,stage2,2,0.1244749054312706,0.3573453724384308,0.0,0.1244749054312706,0.0001,1e-05,50.325,3.0412,3.0819
4849,stage2,2,0.1333431601524353,0.34844839572906494,0.0,0.1333431601524353,0.0001,1e-05,50.321,3.2989,0.6451
4850,stage2,2,0.12480535358190536,0.321379154920578,0.0,0.12480535358190536,0.0001,1e-05,50.323,2.9237,0.6976
4851,stage2,2,0.13331134617328644,0.32538387179374695,0.0,0.13331134617328644,0.0001,1e-05,50.323,3.2368,0.6459
4852,stage2,2,0.13602973520755768,0.3401181101799011,0.0,0.13602973520755768,0.0001,1e-05,50.323,2.7845,0.6524
4853,stage2,2,0.10812152177095413,0.3049337863922119,0.0,0.10812152177095413,0.0001,1e-05,50.323,2.9456,0.6467
4854,stage2,2,0.13961400091648102,0.3186631500720978,0.0,0.13961400091648102,0.0001,1e-05,50.324,3.4734,1.5114
4855,stage2,2,0.1261116862297058,0.3248230516910553,0.0,0.1261116862297058,0.0001,1e-05,50.323,2.8291,0.647
4856,stage2,2,0.11539389193058014,0.3087366223335266,0.0,0.11539389193058014,0.0001,1e-05,50.327,2.3151,2.9787
4857,stage2,2,0.12239345163106918,0.32484373450279236,0.0,0.12239345163106918,0.0001,1e-05,50.323,3.1517,0.6441
4858,stage2,2,0.11673039197921753,0.3200572729110718,0.0,0.11673039197921753,0.0001,1e-05,50.321,2.9724,0.6466
4859,stage2,2,0.11945699155330658,0.3297198712825775,0.0,0.11945699155330658,0.0001,1e-05,50.328,2.5255,0.7012
4860,stage2,2,0.1132073625922203,0.29567354917526245,0.0,0.1132073625922203,0.0001,1e-05,50.326,2.6594,0.6485
4861,stage2,2,0.12447544187307358,0.31353527307510376,0.0,0.12447544187307358,0.0001,1e-05,50.322,3.3283,0.6508
4862,stage2,2,0.12201526015996933,0.33506208658218384,0.0,0.12201526015996933,0.0001,1e-05,50.322,2.9232,1.6747
4863,stage2,2,0.13208745419979095,0.3153882622718811,0.0,0.13208745419979095,0.0001,1e-05,50.323,3.2334,0.6674
4864,stage2,2,0.11467836052179337,0.33129948377609253,0.0,0.11467836052179337,0.0001,1e-05,50.329,2.7215,2.8643
4865,stage2,2,0.13243359327316284,0.29407018423080444,0.0,0.13243359327316284,0.0001,1e-05,50.327,3.1315,0.6958
4866,stage2,2,0.117286816239357,0.3369191288948059,0.0,0.117286816239357,0.0001,1e-05,50.321,3.3172,0.6456
4867,stage2,2,0.11737827211618423,0.31774136424064636,0.0,0.11737827211618423,0.0001,1e-05,50.325,2.8111,0.6452
4868,stage2,2,0.11786402761936188,0.3042534589767456,0.0,0.11786402761936188,0.0001,1e-05,50.322,3.0199,0.6465
4869,stage2,2,0.13335484266281128,0.3059074580669403,0.0,0.13335484266281128,0.0001,1e-05,50.322,2.5004,0.6462
4870,stage2,2,0.13354770839214325,0.3285534977912903,0.0,0.13354770839214325,0.0001,1e-05,50.325,2.8179,1.6917
4871,stage2,2,0.15406177937984467,0.3271777331829071,0.0,0.15406177937984467,0.0001,1e-05,50.323,3.2506,0.667
4872,stage2,2,0.12180925160646439,0.3111988306045532,0.0,0.12180925160646439,0.0001,1e-05,50.321,2.5378,2.8632
4873,stage2,2,0.11624562740325928,0.2846331298351288,0.0,0.11624562740325928,0.0001,1e-05,50.324,2.4523,0.645
4874,stage2,2,0.11904450505971909,0.3242930471897125,0.0,0.11904450505971909,0.0001,1e-05,50.324,2.576,0.6622
4875,stage2,2,0.09891112893819809,0.305580735206604,0.0,0.09891112893819809,0.0001,1e-05,50.326,2.102,0.6804
4876,stage2,2,0.13333237171173096,0.30373162031173706,0.0,0.13333237171173096,0.0001,1e-05,50.326,3.6902,0.6452
4877,stage2,2,0.1259038746356964,0.32079851627349854,0.0,0.1259038746356964,0.0001,1e-05,50.322,3.3917,0.6538
4878,stage2,2,0.12747104465961456,0.35301750898361206,0.0,0.12747104465961456,0.0001,1e-05,50.321,2.3903,1.7905
4879,stage2,2,0.11830868571996689,0.34215980768203735,0.0,0.11830868571996689,0.0001,1e-05,50.323,3.0732,0.6461
4880,stage2,2,0.1212271898984909,0.31465011835098267,0.0,0.1212271898984909,0.0001,1e-05,50.324,3.0852,2.8016
4881,stage2,2,0.11078643798828125,0.30932775139808655,0.0,0.11078643798828125,0.0001,1e-05,50.325,2.9575,0.6463
4882,stage2,2,0.15349537134170532,0.32586145401000977,0.0,0.15349537134170532,0.0001,1e-05,50.325,3.2802,0.6456
4883,stage2,2,0.10642487555742264,0.32798582315444946,0.0,0.10642487555742264,0.0001,1e-05,50.322,2.3221,0.6615
4884,stage2,2,0.10742972046136856,0.30906975269317627,0.0,0.10742972046136856,0.0001,1e-05,50.325,2.3968,0.6903
4885,stage2,2,0.10879582166671753,0.3265167474746704,0.0,0.10879582166671753,0.0001,1e-05,50.323,2.4747,0.6486
4886,stage2,2,0.12176229804754257,0.32199597358703613,0.0,0.12176229804754257,0.0001,1e-05,50.324,2.8982,1.9044
4887,stage2,2,0.13209383189678192,0.31855514645576477,0.0,0.13209383189678192,0.0001,1e-05,50.325,3.5064,0.6437
4888,stage2,2,0.11620868742465973,0.29448625445365906,0.0,0.11620868742465973,0.0001,1e-05,50.322,2.6741,2.7144
4889,stage2,2,0.11574302613735199,0.3037179708480835,0.0,0.11574302613735199,0.0001,1e-05,50.328,2.9082,0.7
4890,stage2,2,0.1116226464509964,0.3273211121559143,0.0,0.1116226464509964,0.0001,1e-05,50.322,2.6822,0.6452
4891,stage2,2,0.11906177550554276,0.3016796410083771,0.0,0.11906177550554276,0.0001,1e-05,50.326,2.673,0.6517
4892,stage2,2,0.12784919142723083,0.3231147527694702,0.0,0.12784919142723083,0.0001,1e-05,50.322,3.1401,0.6513
4893,stage2,2,0.12028847634792328,0.3258419334888458,0.0,0.12028847634792328,0.0001,1e-05,50.322,2.8797,0.6477
4894,stage2,2,0.12629444897174835,0.3077336251735687,0.0,0.12629444897174835,0.0001,1e-05,50.324,2.5438,1.8652
4895,stage2,2,0.10911872237920761,0.30783164501190186,0.0,0.10911872237920761,0.0001,1e-05,50.324,2.6566,0.6524
4896,stage2,2,0.11251763999462128,0.30917084217071533,0.0,0.11251763999462128,0.0001,1e-05,50.324,2.9352,2.6922
4897,stage2,2,0.11615648865699768,0.27944737672805786,0.0,0.11615648865699768,0.0001,1e-05,50.322,2.7646,0.6921
4898,stage2,2,0.11828704923391342,0.3295693099498749,0.0,0.11828704923391342,0.0001,1e-05,50.327,2.7725,0.6727
4899,stage2,2,0.12481933832168579,0.31473156809806824,0.0,0.12481933832168579,0.0001,1e-05,50.323,2.6454,0.647
4900,stage2,2,0.1257275640964508,0.3028489053249359,0.0,0.1257275640964508,0.0001,1e-05,50.324,3.0824,0.6528
4901,stage2,2,0.10401592403650284,0.32606029510498047,0.0,0.10401592403650284,0.0001,1e-05,50.321,2.3211,0.647
4902,stage2,2,0.122520811855793,0.30762743949890137,0.0,0.122520811855793,0.0001,1e-05,50.325,2.8688,1.9673
4903,stage2,2,0.11381972581148148,0.3245454430580139,0.0,0.11381972581148148,0.0001,1e-05,50.322,2.7581,0.645
4904,stage2,2,0.11401394009590149,0.3222392797470093,0.0,0.11401394009590149,0.0001,1e-05,50.324,2.3151,2.5917
4905,stage2,2,0.10009229183197021,0.3318091034889221,0.0,0.10009229183197021,0.0001,1e-05,50.324,2.1547,0.6454
4906,stage2,2,0.11834616214036942,0.32135897874832153,0.0,0.11834616214036942,0.0001,1e-05,50.323,2.8673,0.6469
4907,stage2,2,0.13233259320259094,0.34626713395118713,0.0,0.13233259320259094,0.0001,1e-05,50.325,3.8441,0.6984
4908,stage2,2,0.12834088504314423,0.29688894748687744,0.0,0.12834088504314423,0.0001,1e-05,50.321,3.3904,0.6471
4909,stage2,2,0.13378705084323883,0.30374541878700256,0.0,0.13378705084323883,0.0001,1e-05,50.33,3.3753,0.6502
4910,stage2,2,0.14257484674453735,0.32312726974487305,0.0,0.14257484674453735,0.0001,1e-05,50.322,3.5585,2.0681
4911,stage2,2,0.11427325010299683,0.32653889060020447,0.0,0.11427325010299683,0.0001,1e-05,50.326,3.0942,0.6467
4912,stage2,2,0.09724591672420502,0.3324558734893799,0.0,0.09724591672420502,0.0001,1e-05,50.324,2.614,2.5793
4913,stage2,2,0.11299782246351242,0.31918865442276,0.0,0.11299782246351242,0.0001,1e-05,50.322,3.1683,0.6495
4914,stage2,2,0.12379167973995209,0.3365787863731384,0.0,0.12379167973995209,0.0001,1e-05,50.324,3.6536,0.646
4915,stage2,2,0.1102554127573967,0.3339824080467224,0.0,0.1102554127573967,0.0001,1e-05,50.321,2.8515,0.6457
4916,stage2,2,0.1142851784825325,0.3069516718387604,0.0,0.1142851784825325,0.0001,1e-05,50.323,2.4289,0.6383
4917,stage2,2,0.11182767897844315,0.30007418990135193,0.0,0.11182767897844315,0.0001,1e-05,50.325,2.6542,0.7317
4918,stage2,2,0.11568132787942886,0.3136201500892639,0.0,0.11568132787942886,0.0001,1e-05,50.325,2.6049,1.8564
4919,stage2,2,0.1268433779478073,0.3082055151462555,0.0,0.1268433779478073,0.0001,1e-05,50.323,3.2211,0.6469
4920,stage2,2,0.11648089438676834,0.3286866247653961,0.0,0.11648089438676834,0.0001,1e-05,50.322,2.9704,2.6877
4921,stage2,2,0.11579408496618271,0.30222976207733154,0.0,0.11579408496618271,0.0001,1e-05,50.324,2.6877,0.6438
4922,stage2,2,0.11038213968276978,0.31233352422714233,0.0,0.11038213968276978,0.0001,1e-05,50.325,2.5758,0.7001
4923,stage2,2,0.12185274064540863,0.3015423119068146,0.0,0.12185274064540863,0.0001,1e-05,50.325,2.6681,0.6465
4924,stage2,2,0.11582133173942566,0.31073135137557983,0.0,0.11582133173942566,0.0001,1e-05,50.323,2.4583,0.6449
4925,stage2,2,0.11128199845552444,0.3065357804298401,0.0,0.11128199845552444,0.0001,1e-05,50.323,3.1196,0.6467
4926,stage2,2,0.14744001626968384,0.3295391798019409,0.0,0.14744001626968384,0.0001,1e-05,50.323,3.6447,1.9044
4927,stage2,2,0.12165334075689316,0.30794602632522583,0.0,0.12165334075689316,0.0001,1e-05,50.325,2.7154,0.6548
4928,stage2,2,0.10733075439929962,0.340414822101593,0.0,0.10733075439929962,0.0001,1e-05,50.322,2.4899,2.7913
4929,stage2,2,0.11570557206869125,0.3499264419078827,0.0,0.11570557206869125,0.0001,1e-05,50.323,2.6863,0.645
4930,stage2,2,0.11265703290700912,0.3177221119403839,0.0,0.11265703290700912,0.0001,1e-05,50.322,2.4257,0.7013
4931,stage2,2,0.1242985874414444,0.3339877128601074,0.0,0.1242985874414444,0.0001,1e-05,50.325,2.8786,0.6472
4932,stage2,2,0.11922641843557358,0.30397850275039673,0.0,0.11922641843557358,0.0001,1e-05,50.322,3.024,0.6465
4933,stage2,2,0.13150042295455933,0.31151098012924194,0.0,0.13150042295455933,0.0001,1e-05,50.322,3.2633,0.6471
4934,stage2,2,0.1211189478635788,0.32312408089637756,0.0,0.1211189478635788,0.0001,1e-05,50.32,2.7214,1.8651
4935,stage2,2,0.11561653017997742,0.32833677530288696,0.0,0.11561653017997742,0.0001,1e-05,50.32,2.5356,0.6997
4936,stage2,2,0.0996684581041336,0.28968045115470886,0.0,0.0996684581041336,0.0001,1e-05,50.323,2.3036,2.7657
4937,stage2,2,0.11525756120681763,0.31891265511512756,0.0,0.11525756120681763,0.0001,1e-05,50.326,3.0985,0.6428
4938,stage2,2,0.10939301550388336,0.30645930767059326,0.0,0.10939301550388336,0.0001,1e-05,50.326,3.0624,0.6457
4939,stage2,2,0.12737271189689636,0.3343523144721985,0.0,0.12737271189689636,0.0001,1e-05,50.322,3.1574,0.6462
4940,stage2,2,0.10876616090536118,0.3654763698577881,0.0,0.10876616090536118,0.0001,1e-05,50.325,3.0578,0.6465
4941,stage2,2,0.10909710824489594,0.29252418875694275,0.0,0.10909710824489594,0.0001,1e-05,50.323,2.3228,0.6975
4942,stage2,2,0.10295375436544418,0.3189012110233307,0.0,0.10295375436544418,0.0001,1e-05,50.327,2.7712,1.7587
4943,stage2,2,0.12418119609355927,0.3095199763774872,0.0,0.12418119609355927,0.0001,1e-05,50.325,3.2978,0.6537
4944,stage2,2,0.1008467897772789,0.28190672397613525,0.0,0.1008467897772789,0.0001,1e-05,50.323,2.3062,2.7086
4945,stage2,2,0.11345026642084122,0.30750298500061035,0.0,0.11345026642084122,0.0001,1e-05,50.326,2.669,0.7032
4946,stage2,2,0.13878804445266724,0.32745349407196045,0.0,0.13878804445266724,0.0001,1e-05,50.322,2.7458,0.6408
4947,stage2,2,0.12713806331157684,0.32601791620254517,0.0,0.12713806331157684,0.0001,1e-05,50.321,3.0371,0.6445
4948,stage2,2,0.11493125557899475,0.3175944983959198,0.0,0.11493125557899475,0.0001,1e-05,50.323,3.1039,0.6456
4949,stage2,2,0.10990305989980698,0.3130647838115692,0.0,0.10990305989980698,0.0001,1e-05,50.326,2.9814,0.6461
4950,stage2,2,0.13818255066871643,0.3261156380176544,0.0,0.13818255066871643,0.0001,1e-05,50.323,3.4611,1.917
4951,stage2,2,0.11630375683307648,0.32343465089797974,0.0,0.11630375683307648,0.0001,1e-05,50.318,3.0432,0.6458
4952,stage2,2,0.11000852286815643,0.32668858766555786,0.0,0.11000852286815643,0.0001,1e-05,50.323,3.1034,2.5789
4953,stage2,2,0.12353862822055817,0.30914396047592163,0.0,0.12353862822055817,0.0001,1e-05,50.324,3.1596,0.6447
4954,stage2,2,0.11485692113637924,0.31282854080200195,0.0,0.11485692113637924,0.0001,1e-05,50.32,2.9261,0.6445
4955,stage2,2,0.11962851136922836,0.33622536063194275,0.0,0.11962851136922836,0.0001,1e-05,50.32,2.7585,0.6522
4956,stage2,2,0.13187086582183838,0.3368416130542755,0.0,0.13187086582183838,0.0001,1e-05,50.326,3.0064,0.6896
4957,stage2,2,0.12143492698669434,0.31292733550071716,0.0,0.12143492698669434,0.0001,1e-05,50.324,2.8702,0.6443
4958,stage2,2,0.09366597980260849,0.2964000403881073,0.0,0.09366597980260849,0.0001,1e-05,50.326,2.4723,1.7559
4959,stage2,3,0.11069156229496002,0.3306034505367279,0.0,0.11069156229496002,0.0001,1e-05,50.321,2.8966,9.8836
4960,stage2,3,0.1185094341635704,0.31114354729652405,0.0,0.1185094341635704,0.0001,1e-05,50.323,3.2218,0.6389
4961,stage2,3,0.12814906239509583,0.29906225204467773,0.0,0.12814906239509583,0.0001,1e-05,50.326,2.9655,0.6394
4962,stage2,3,0.10635045170783997,0.30783510208129883,0.0,0.10635045170783997,0.0001,1e-05,50.319,3.0554,0.6369
4963,stage2,3,0.12857776880264282,0.3178327977657318,0.0,0.12857776880264282,0.0001,1e-05,50.322,2.5089,0.665
4964,stage2,3,0.09975409507751465,0.32078853249549866,0.0,0.09975409507751465,0.0001,1e-05,50.319,2.6452,0.6958
4965,stage2,3,0.1267172396183014,0.3121452331542969,0.0,0.1267172396183014,0.0001,1e-05,50.319,2.9324,0.6472
4966,stage2,3,0.10132879763841629,0.33202123641967773,0.0,0.10132879763841629,0.0001,1e-05,50.32,2.5911,0.6498
4967,stage2,3,0.12360319495201111,0.3208965063095093,0.0,0.12360319495201111,0.0001,1e-05,50.321,2.8333,3.8673
4968,stage2,3,0.11116740107536316,0.31227245926856995,0.0,0.11116740107536316,0.0001,1e-05,50.319,2.3812,0.6948
4969,stage2,3,0.12307089567184448,0.3232840299606323,0.0,0.12307089567184448,0.0001,1e-05,50.319,2.5164,0.6399
4970,stage2,3,0.1348130851984024,0.3133833706378937,0.0,0.1348130851984024,0.0001,1e-05,50.318,3.1213,0.6574
4971,stage2,3,0.11690249294042587,0.3455990254878998,0.0,0.11690249294042587,0.0001,1e-05,50.32,2.743,0.6412
4972,stage2,3,0.12052322924137115,0.3111201822757721,0.0,0.12052322924137115,0.0001,1e-05,50.32,2.7146,0.6665
4973,stage2,3,0.10966253280639648,0.2820057272911072,0.0,0.10966253280639648,0.0001,1e-05,50.32,2.6039,0.6933
4974,stage2,3,0.10991483181715012,0.2878788411617279,0.0,0.10991483181715012,0.0001,1e-05,50.318,2.7049,0.644
4975,stage2,3,0.10958107560873032,0.2864883542060852,0.0,0.10958107560873032,0.0001,1e-05,50.319,2.9039,3.85
4976,stage2,3,0.12495861202478409,0.2892509996891022,0.0,0.12495861202478409,0.0001,1e-05,50.321,2.5365,0.6454
4977,stage2,3,0.1154583990573883,0.3023890554904938,0.0,0.1154583990573883,0.0001,1e-05,50.322,2.2942,0.6967
4978,stage2,3,0.1250719577074051,0.33482348918914795,0.0,0.1250719577074051,0.0001,1e-05,50.321,2.8874,0.6399
4979,stage2,3,0.1158355250954628,0.34374257922172546,0.0,0.1158355250954628,0.0001,1e-05,50.321,3.1331,0.6376
4980,stage2,3,0.1033230721950531,0.28999778628349304,0.0,0.1033230721950531,0.0001,1e-05,50.325,2.3114,0.6618
4981,stage2,3,0.11866436153650284,0.30613619089126587,0.0,0.11866436153650284,0.0001,1e-05,50.322,2.2539,0.6735
4982,stage2,3,0.10440603643655777,0.30551013350486755,0.0,0.10440603643655777,0.0001,1e-05,50.322,2.2072,0.649
4983,stage2,3,0.11259925365447998,0.34710246324539185,0.0,0.11259925365447998,0.0001,1e-05,50.321,2.5594,3.9812
4984,stage2,3,0.09700468182563782,0.28228312730789185,0.0,0.09700468182563782,0.0001,1e-05,50.325,2.2544,0.7008
4985,stage2,3,0.12122635543346405,0.3341740667819977,0.0,0.12122635543346405,0.0001,1e-05,50.324,2.6196,0.637
4986,stage2,3,0.12771083414554596,0.31197109818458557,0.0,0.12771083414554596,0.0001,1e-05,50.318,2.9021,0.6666
4987,stage2,3,0.12715590000152588,0.3177585005760193,0.0,0.12715590000152588,0.0001,1e-05,50.324,2.6971,0.6616
4988,stage2,3,0.12460602819919586,0.3045513331890106,0.0,0.12460602819919586,0.0001,1e-05,50.323,3.1023,0.7048
4989,stage2,3,0.1049671620130539,0.29310575127601624,0.0,0.1049671620130539,0.0001,1e-05,50.321,2.1842,0.6535
4990,stage2,3,0.12443307042121887,0.3011280298233032,0.0,0.12443307042121887,0.0001,1e-05,50.321,2.4181,0.7064
4991,stage2,3,0.11101680248975754,0.3097470700740814,0.0,0.11101680248975754,0.0001,1e-05,50.321,2.9088,3.893
4992,stage2,3,0.10306577384471893,0.323150634765625,0.0,0.10306577384471893,0.0001,1e-05,50.32,2.8471,0.7073
4993,stage2,3,0.12403956800699234,0.3012371063232422,0.0,0.12403956800699234,0.0001,1e-05,50.324,3.4191,0.6578
4994,stage2,3,0.1338193416595459,0.307513952255249,0.0,0.1338193416595459,0.0001,1e-05,50.328,3.0049,0.7046
4995,stage2,3,0.11372353881597519,0.3099629878997803,0.0,0.11372353881597519,0.0001,1e-05,50.321,2.7244,0.6557
4996,stage2,3,0.11938406527042389,0.3056822419166565,0.0,0.11938406527042389,0.0001,1e-05,50.324,3.0959,0.6833
4997,stage2,3,0.10503040254116058,0.3402419984340668,0.0,0.10503040254116058,0.0001,1e-05,50.323,2.2736,0.6812
4998,stage2,3,0.11101125180721283,0.30614063143730164,0.0,0.11101125180721283,0.0001,1e-05,50.324,2.5407,0.657
4999,stage2,3,0.13699151575565338,0.33128294348716736,0.0,0.13699151575565338,0.0001,1e-05,50.325,3.5876,4.0205
5000,stage2,3,0.10188348591327667,0.3160906732082367,0.0,0.10188348591327667,0.0001,1e-05,50.323,2.8869,0.6566
5001,stage2,3,0.11268777400255203,0.3059799075126648,0.0,0.11268777400255203,0.0001,1e-05,50.325,2.7452,0.7048
5002,stage2,3,0.12322845309972763,0.3163754343986511,0.0,0.12322845309972763,0.0001,1e-05,50.32,2.7213,0.6553
5003,stage2,3,0.1326289027929306,0.3198140859603882,0.0,0.1326289027929306,0.0001,1e-05,50.324,2.7714,0.7117
5004,stage2,3,0.11120551824569702,0.31739744544029236,0.0,0.11120551824569702,0.0001,1e-05,50.324,2.4387,0.6462
5005,stage2,3,0.10899651050567627,0.31931841373443604,0.0,0.10899651050567627,0.0001,1e-05,50.324,2.7888,0.6544
5006,stage2,3,0.1052485853433609,0.30211201310157776,0.0,0.1052485853433609,0.0001,1e-05,50.323,2.5481,0.7041
5007,stage2,3,0.10989724844694138,0.2990305423736572,0.0,0.10989724844694138,0.0001,1e-05,50.324,2.53,4.0147
5008,stage2,3,0.11488192528486252,0.3065677881240845,0.0,0.11488192528486252,0.0001,1e-05,50.326,2.5606,0.6553
5009,stage2,3,0.13055720925331116,0.3350529074668884,0.0,0.13055720925331116,0.0001,1e-05,50.322,2.9838,0.7136
5010,stage2,3,0.1081337109208107,0.3246343731880188,0.0,0.1081337109208107,0.0001,1e-05,50.323,3.1008,0.6514
5011,stage2,3,0.11789266020059586,0.31514617800712585,0.0,0.11789266020059586,0.0001,1e-05,50.323,2.572,0.6367
5012,stage2,3,0.11749797314405441,0.296338826417923,0.0,0.11749797314405441,0.0001,1e-05,50.324,2.957,0.6655
5013,stage2,3,0.09814375638961792,0.3211940824985504,0.0,0.09814375638961792,0.0001,1e-05,50.322,2.2425,0.6597
5014,stage2,3,0.12759408354759216,0.3132515549659729,0.0,0.12759408354759216,0.0001,1e-05,50.323,2.8607,0.7067
5015,stage2,3,0.10053988546133041,0.3015981614589691,0.0,0.10053988546133041,0.0001,1e-05,50.322,2.4949,4.0901
5016,stage2,3,0.11947396397590637,0.31045767664909363,0.0,0.11947396397590637,0.0001,1e-05,50.325,3.2233,0.6364
5017,stage2,3,0.1171250119805336,0.3200349807739258,0.0,0.1171250119805336,0.0001,1e-05,50.319,2.9254,0.7244
5018,stage2,3,0.09793384373188019,0.334701269865036,0.0,0.09793384373188019,0.0001,1e-05,50.324,2.4281,0.6566
5019,stage2,3,0.13103492558002472,0.2971288561820984,0.0,0.13103492558002472,0.0001,1e-05,50.32,2.7474,0.6629
5020,stage2,3,0.12316176295280457,0.3284875452518463,0.0,0.12316176295280457,0.0001,1e-05,50.326,3.0138,0.6952
5021,stage2,3,0.12075673788785934,0.3086807131767273,0.0,0.12075673788785934,0.0001,1e-05,50.323,2.9134,0.6537
5022,stage2,3,0.11176309734582901,0.3021925687789917,0.0,0.11176309734582901,0.0001,1e-05,50.322,2.799,0.7049
5023,stage2,3,0.1056169793009758,0.3365069031715393,0.0,0.1056169793009758,0.0001,1e-05,50.32,2.7546,3.9439
5024,stage2,3,0.11479947715997696,0.3253534138202667,0.0,0.11479947715997696,0.0001,1e-05,50.319,2.4214,0.6619
5025,stage2,3,0.12891700863838196,0.32143816351890564,0.0,0.12891700863838196,0.0001,1e-05,50.323,3.247,0.7053
5026,stage2,3,0.12017707526683807,0.3219563663005829,0.0,0.12017707526683807,0.0001,1e-05,50.327,2.6174,0.6579
5027,stage2,3,0.12583360075950623,0.31964412331581116,0.0,0.12583360075950623,0.0001,1e-05,50.329,2.4,0.7092
5028,stage2,3,0.1301775574684143,0.3263036012649536,0.0,0.1301775574684143,0.0001,1e-05,50.326,3.3705,0.6616
5029,stage2,3,0.11583766341209412,0.3081299364566803,0.0,0.11583766341209412,0.0001,1e-05,50.322,2.3408,0.7094
5030,stage2,3,0.11225467175245285,0.2906401753425598,0.0,0.11225467175245285,0.0001,1e-05,50.325,2.2893,0.6562
5031,stage2,3,0.09992276132106781,0.2947278320789337,0.0,0.09992276132106781,0.0001,1e-05,50.324,2.2718,3.9199
5032,stage2,3,0.1051187515258789,0.32684680819511414,0.0,0.1051187515258789,0.0001,1e-05,50.322,2.887,0.7013
5033,stage2,3,0.12464837729930878,0.3017914295196533,0.0,0.12464837729930878,0.0001,1e-05,50.324,3.1388,0.655
5034,stage2,3,0.11961624771356583,0.30623650550842285,0.0,0.11961624771356583,0.0001,1e-05,50.322,2.9462,0.7062
5035,stage2,3,0.10356692969799042,0.32517892122268677,0.0,0.10356692969799042,0.0001,1e-05,50.324,2.9181,0.655
5036,stage2,3,0.11258901655673981,0.3058686852455139,0.0,0.11258901655673981,0.0001,1e-05,50.323,2.7974,0.7124
5037,stage2,3,0.10346005111932755,0.2925906181335449,0.0,0.10346005111932755,0.0001,1e-05,50.323,2.3703,0.6528
5038,stage2,3,0.10545561462640762,0.30425652861595154,0.0,0.10545561462640762,0.0001,1e-05,50.324,2.8271,0.6573
5039,stage2,3,0.10173776745796204,0.31947463750839233,0.0,0.10173776745796204,0.0001,1e-05,50.323,2.8361,4.0379
5040,stage2,3,0.11263232678174973,0.3187994956970215,0.0,0.11263232678174973,0.0001,1e-05,50.323,2.6735,0.652
5041,stage2,3,0.1191292405128479,0.33709511160850525,0.0,0.1191292405128479,0.0001,1e-05,50.324,3.0051,0.6512
5042,stage2,3,0.10924161225557327,0.2955836057662964,0.0,0.10924161225557327,0.0001,1e-05,50.324,2.8735,0.7046
5043,stage2,3,0.09521745890378952,0.30181851983070374,0.0,0.09521745890378952,0.0001,1e-05,50.321,2.3974,0.6536
5044,stage2,3,0.11783630400896072,0.31935828924179077,0.0,0.11783630400896072,0.0001,1e-05,50.322,3.0374,0.7137
5045,stage2,3,0.09612087160348892,0.30813586711883545,0.0,0.09612087160348892,0.0001,1e-05,50.324,2.592,0.6574
5046,stage2,3,0.11691787838935852,0.3073967695236206,0.0,0.11691787838935852,0.0001,1e-05,50.327,2.7994,0.7235
5047,stage2,3,0.12771748006343842,0.33075082302093506,0.0,0.12771748006343842,0.0001,1e-05,50.321,2.8847,3.7448
5048,stage2,3,0.1172870621085167,0.3138284385204315,0.0,0.1172870621085167,0.0001,1e-05,50.319,2.6878,0.7076
5049,stage2,3,0.11105535179376602,0.3254885971546173,0.0,0.11105535179376602,0.0001,1e-05,50.316,2.7349,0.6499
5050,stage2,3,0.10859068483114243,0.3098244369029999,0.0,0.10859068483114243,0.0001,1e-05,50.32,3.2529,0.6531
5051,stage2,3,0.13356532156467438,0.33678409457206726,0.0,0.13356532156467438,0.0001,1e-05,50.32,3.187,0.7056
5052,stage2,3,0.11239205300807953,0.308438241481781,0.0,0.11239205300807953,0.0001,1e-05,50.32,2.9992,0.6528
5053,stage2,3,0.11237005144357681,0.34122124314308167,0.0,0.11237005144357681,0.0001,1e-05,50.325,2.8196,0.66
5054,stage2,3,0.10786543786525726,0.30142462253570557,0.0,0.10786543786525726,0.0001,1e-05,50.323,2.5422,0.6459
5055,stage2,3,0.13162775337696075,0.3083827793598175,0.0,0.13162775337696075,0.0001,1e-05,50.323,3.2858,3.9708
5056,stage2,3,0.09900262951850891,0.3014262020587921,0.0,0.09900262951850891,0.0001,1e-05,50.32,2.6851,0.6508
5057,stage2,3,0.12614887952804565,0.3059617877006531,0.0,0.12614887952804565,0.0001,1e-05,50.322,2.9834,0.7071
5058,stage2,3,0.09833335876464844,0.3066757619380951,0.0,0.09833335876464844,0.0001,1e-05,50.32,2.961,0.6644
5059,stage2,3,0.11037347465753555,0.29650798439979553,0.0,0.11037347465753555,0.0001,1e-05,50.322,3.3826,0.7075
5060,stage2,3,0.11824914813041687,0.29441213607788086,0.0,0.11824914813041687,0.0001,1e-05,50.324,3.3358,0.6592
5061,stage2,3,0.13002528250217438,0.31762030720710754,0.0,0.13002528250217438,0.0001,1e-05,50.324,2.7439,0.713
5062,stage2,3,0.10494441539049149,0.3412604033946991,0.0,0.10494441539049149,0.0001,1e-05,50.322,2.5996,0.659
5063,stage2,3,0.1336781233549118,0.29586899280548096,0.0,0.1336781233549118,0.0001,1e-05,50.324,3.9614,3.9253
5064,stage2,3,0.09567362070083618,0.3560083508491516,0.0,0.09567362070083618,0.0001,1e-05,50.326,3.0424,0.7109
5065,stage2,3,0.14046597480773926,0.3019120991230011,0.0,0.14046597480773926,0.0001,1e-05,50.324,2.7456,0.654
5066,stage2,3,0.12089630961418152,0.27894365787506104,0.0,0.12089630961418152,0.0001,1e-05,50.322,2.6403,0.7123
5067,stage2,3,0.11189498007297516,0.317259281873703,0.0,0.11189498007297516,0.0001,1e-05,50.323,2.4844,0.6594
5068,stage2,3,0.1341298371553421,0.32201945781707764,0.0,0.1341298371553421,0.0001,1e-05,50.325,3.2521,0.66
5069,stage2,3,0.11420963704586029,0.3196311891078949,0.0,0.11420963704586029,0.0001,1e-05,50.323,3.2732,0.7029
5070,stage2,3,0.11741620302200317,0.3237701654434204,0.0,0.11741620302200317,0.0001,1e-05,50.321,2.8529,0.6557
5071,stage2,3,0.10067237913608551,0.33288636803627014,0.0,0.10067237913608551,0.0001,1e-05,50.323,2.7021,3.951
5072,stage2,3,0.10945034772157669,0.2991999089717865,0.0,0.10945034772157669,0.0001,1e-05,50.32,2.4408,0.7031
5073,stage2,3,0.09493864327669144,0.31374818086624146,0.0,0.09493864327669144,0.0001,1e-05,50.323,2.2266,0.661
5074,stage2,3,0.08911227434873581,0.32497692108154297,0.0,0.08911227434873581,0.0001,1e-05,50.321,2.3222,0.7073
5075,stage2,3,0.11579111218452454,0.3154827654361725,0.0,0.11579111218452454,0.0001,1e-05,50.32,2.2663,0.644
5076,stage2,3,0.11635572463274002,0.3089919090270996,0.0,0.11635572463274002,0.0001,1e-05,50.323,2.5224,0.6686
5077,stage2,3,0.0906129777431488,0.31049904227256775,0.0,0.0906129777431488,0.0001,1e-05,50.325,2.2794,0.6612
5078,stage2,3,0.12242420017719269,0.30876678228378296,0.0,0.12242420017719269,0.0001,1e-05,50.321,2.9351,0.7058
5079,stage2,3,0.10385356843471527,0.26934394240379333,0.0,0.10385356843471527,0.0001,1e-05,50.326,2.5949,3.972
5080,stage2,3,0.11065276712179184,0.29073086380958557,0.0,0.11065276712179184,0.0001,1e-05,50.327,2.5439,0.6556
5081,stage2,3,0.10316737741231918,0.3098633885383606,0.0,0.10316737741231918,0.0001,1e-05,50.325,2.4915,0.6577
5082,stage2,3,0.10355528444051743,0.2995481789112091,0.0,0.10355528444051743,0.0001,1e-05,50.323,2.411,0.7056
5083,stage2,3,0.11417349427938461,0.30087020993232727,0.0,0.11417349427938461,0.0001,1e-05,50.324,2.5886,0.6578
5084,stage2,3,0.10598468780517578,0.29866519570350647,0.0,0.10598468780517578,0.0001,1e-05,50.323,3.2079,0.7075
5085,stage2,3,0.10737968236207962,0.30617785453796387,0.0,0.10737968236207962,0.0001,1e-05,50.321,2.3733,0.6571
5086,stage2,3,0.09499239921569824,0.31302839517593384,0.0,0.09499239921569824,0.0001,1e-05,50.322,2.775,0.6544
5087,stage2,3,0.11858002841472626,0.32517096400260925,0.0,0.11858002841472626,0.0001,1e-05,50.318,2.9266,4.0956
5088,stage2,3,0.1077750101685524,0.30869945883750916,0.0,0.1077750101685524,0.0001,1e-05,50.322,2.815,0.6611
5089,stage2,3,0.1324995458126068,0.3038354218006134,0.0,0.1324995458126068,0.0001,1e-05,50.319,2.6666,0.6411
5090,stage2,3,0.11981690675020218,0.33683615922927856,0.0,0.11981690675020218,0.0001,1e-05,50.321,2.8011,0.6664
5091,stage2,3,0.10150471329689026,0.3146763741970062,0.0,0.10150471329689026,0.0001,1e-05,50.316,2.7061,0.7101
5092,stage2,3,0.10798478871583939,0.30413034558296204,0.0,0.10798478871583939,0.0001,1e-05,50.32,2.7197,0.6545
5093,stage2,3,0.11389367282390594,0.2889261841773987,0.0,0.11389367282390594,0.0001,1e-05,50.319,2.5919,0.7132
5094,stage2,3,0.10916546732187271,0.3204379379749298,0.0,0.10916546732187271,0.0001,1e-05,50.317,2.6034,0.6587
5095,stage2,3,0.115601547062397,0.32045647501945496,0.0,0.115601547062397,0.0001,1e-05,50.318,3.282,3.929
5096,stage2,3,0.10768020153045654,0.30832767486572266,0.0,0.10768020153045654,0.0001,1e-05,50.318,3.099,0.6546
5097,stage2,3,0.10469688475131989,0.3219316601753235,0.0,0.10469688475131989,0.0001,1e-05,50.32,2.8544,0.7066
5098,stage2,3,0.10585641115903854,0.2830353379249573,0.0,0.10585641115903854,0.0001,1e-05,50.32,2.3887,0.6535
5099,stage2,3,0.11641007661819458,0.33330830931663513,0.0,0.11641007661819458,0.0001,1e-05,50.321,2.3707,0.71
5100,stage2,3,0.10749011486768723,0.2979939877986908,0.0,0.10749011486768723,0.0001,1e-05,50.323,3.0336,0.6564
5101,stage2,3,0.10640522837638855,0.31491798162460327,0.0,0.10640522837638855,0.0001,1e-05,50.317,2.6192,0.6627
5102,stage2,3,0.12535929679870605,0.30286288261413574,0.0,0.12535929679870605,0.0001,1e-05,50.317,3.0751,0.7149
5103,stage2,3,0.12139684706926346,0.2968079745769501,0.0,0.12139684706926346,0.0001,1e-05,50.319,2.8427,3.9416
5104,stage2,3,0.10447610169649124,0.3213897943496704,0.0,0.10447610169649124,0.0001,1e-05,50.32,2.3522,0.6565
5105,stage2,3,0.11487151682376862,0.2907167077064514,0.0,0.11487151682376862,0.0001,1e-05,50.321,2.4614,0.6688
5106,stage2,3,0.10712142288684845,0.2913922369480133,0.0,0.10712142288684845,0.0001,1e-05,50.321,2.2459,0.6934
5107,stage2,3,0.1120450347661972,0.3199160695075989,0.0,0.1120450347661972,0.0001,1e-05,50.317,2.7859,0.6562
5108,stage2,3,0.10545014590024948,0.29219114780426025,0.0,0.10545014590024948,0.0001,1e-05,50.321,2.3022,0.7065
5109,stage2,3,0.10339759290218353,0.3244328200817108,0.0,0.10339759290218353,0.0001,1e-05,50.322,2.3223,0.6645
5110,stage2,3,0.11953513324260712,0.326837956905365,0.0,0.11953513324260712,0.0001,1e-05,50.321,2.6647,0.6408
5111,stage2,3,0.10531410574913025,0.2765212953090668,0.0,0.10531410574913025,0.0001,1e-05,50.326,2.1702,3.9298
5112,stage2,3,0.11698650568723679,0.3571769893169403,0.0,0.11698650568723679,0.0001,1e-05,50.32,2.6349,0.7065
5113,stage2,3,0.10533875972032547,0.3532000482082367,0.0,0.10533875972032547,0.0001,1e-05,50.32,1.9995,0.6609
5114,stage2,3,0.11631549894809723,0.31621313095092773,0.0,0.11631549894809723,0.0001,1e-05,50.321,2.9998,0.6597
5115,stage2,3,0.12386181205511093,0.33580639958381653,0.0,0.12386181205511093,0.0001,1e-05,50.322,2.7,0.7088
5116,stage2,3,0.12008699029684067,0.29269856214523315,0.0,0.12008699029684067,0.0001,1e-05,50.321,2.6469,0.6562
5117,stage2,3,0.11309731751680374,0.3070521652698517,0.0,0.11309731751680374,0.0001,1e-05,50.323,2.5947,0.7062
5118,stage2,3,0.11843937635421753,0.3141259253025055,0.0,0.11843937635421753,0.0001,1e-05,50.324,2.5591,0.6591
5119,stage2,3,0.09969773143529892,0.30842989683151245,0.0,0.09969773143529892,0.0001,1e-05,50.321,2.3263,3.9754
5120,stage2,3,0.11394869536161423,0.3134849965572357,0.0,0.11394869536161423,0.0001,1e-05,50.325,2.5801,0.6987
5121,stage2,3,0.09324834495782852,0.2882230579853058,0.0,0.09324834495782852,0.0001,1e-05,50.323,2.3696,0.6424
5122,stage2,3,0.11928417533636093,0.32104426622390747,0.0,0.11928417533636093,0.0001,1e-05,50.321,2.5705,0.6451
5123,stage2,3,0.10202544927597046,0.31427302956581116,0.0,0.10202544927597046,0.0001,1e-05,50.324,2.4495,0.6445
5124,stage2,3,0.1241922453045845,0.33678579330444336,0.0,0.1241922453045845,0.0001,1e-05,50.321,2.7798,0.6456
5125,stage2,3,0.09782646596431732,0.3438659608364105,0.0,0.09782646596431732,0.0001,1e-05,50.319,2.5348,0.7029
5126,stage2,3,0.1038043200969696,0.3184126615524292,0.0,0.1038043200969696,0.0001,1e-05,50.321,2.7207,0.6414
5127,stage2,3,0.09777388721704483,0.3368161618709564,0.0,0.09777388721704483,0.0001,1e-05,50.322,2.2902,3.942
5128,stage2,3,0.11288712173700333,0.3314023017883301,0.0,0.11288712173700333,0.0001,1e-05,50.32,2.6395,0.6434
5129,stage2,3,0.09419585764408112,0.2960263788700104,0.0,0.09419585764408112,0.0001,1e-05,50.323,2.4577,0.6441
5130,stage2,3,0.12078606337308884,0.2907774746417999,0.0,0.12078606337308884,0.0001,1e-05,50.318,3.0769,0.6959
5131,stage2,3,0.09452202171087265,0.2919617295265198,0.0,0.09452202171087265,0.0001,1e-05,50.324,2.9529,0.6496
5132,stage2,3,0.09852540493011475,0.28852376341819763,0.0,0.09852540493011475,0.0001,1e-05,50.323,2.6094,0.6515
5133,stage2,3,0.10105398297309875,0.31541943550109863,0.0,0.10105398297309875,0.0001,1e-05,50.323,2.1935,0.6455
5134,stage2,3,0.11289866268634796,0.33482804894447327,0.0,0.11289866268634796,0.0001,1e-05,50.32,2.4349,0.6456
5135,stage2,3,0.10246432572603226,0.3073611855506897,0.0,0.10246432572603226,0.0001,1e-05,50.323,2.4581,4.0021
5136,stage2,3,0.11851268261671066,0.3068207800388336,0.0,0.11851268261671066,0.0001,1e-05,50.321,2.7683,0.6964
5137,stage2,3,0.09475570172071457,0.27650484442710876,0.0,0.09475570172071457,0.0001,1e-05,50.323,1.9653,0.6432
5138,stage2,3,0.09774041920900345,0.3350224792957306,0.0,0.09774041920900345,0.0001,1e-05,50.324,2.2154,0.6446
5139,stage2,3,0.10546431690454483,0.2827228903770447,0.0,0.10546431690454483,0.0001,1e-05,50.322,2.9645,0.645
5140,stage2,3,0.10786597430706024,0.33156946301460266,0.0,0.10786597430706024,0.0001,1e-05,50.324,2.5688,0.6441
5141,stage2,3,0.10738196223974228,0.28458553552627563,0.0,0.10738196223974228,0.0001,1e-05,50.322,2.7015,0.698
5142,stage2,3,0.10635729879140854,0.30188798904418945,0.0,0.10635729879140854,0.0001,1e-05,50.322,2.5325,0.6439
5143,stage2,3,0.10420051217079163,0.3032063841819763,0.0,0.10420051217079163,0.0001,1e-05,50.325,2.8722,3.8933
5144,stage2,3,0.12283721566200256,0.320447713136673,0.0,0.12283721566200256,0.0001,1e-05,50.324,3.1849,0.6418
5145,stage2,3,0.10453994572162628,0.3228829503059387,0.0,0.10453994572162628,0.0001,1e-05,50.322,2.6711,0.644
5146,stage2,3,0.11005426943302155,0.28152284026145935,0.0,0.11005426943302155,0.0001,1e-05,50.32,3.0485,0.6965
5147,stage2,3,0.12710702419281006,0.31448981165885925,0.0,0.12710702419281006,0.0001,1e-05,50.321,3.6051,0.6441
5148,stage2,3,0.10185138136148453,0.3271616995334625,0.0,0.10185138136148453,0.0001,1e-05,50.322,2.8366,0.6438
5149,stage2,3,0.10784325003623962,0.31146490573883057,0.0,0.10784325003623962,0.0001,1e-05,50.324,2.5653,0.6444
5150,stage2,3,0.11731864511966705,0.3162270784378052,0.0,0.11731864511966705,0.0001,1e-05,50.322,3.1915,0.6457
5151,stage2,3,0.11681821197271347,0.2851954400539398,0.0,0.11681821197271347,0.0001,1e-05,50.321,3.0217,3.9203
5152,stage2,3,0.11742392182350159,0.33321288228034973,0.0,0.11742392182350159,0.0001,1e-05,50.323,3.13,0.643
5153,stage2,3,0.1011665090918541,0.29900315403938293,0.0,0.1011665090918541,0.0001,1e-05,50.322,2.149,0.6438
5154,stage2,3,0.109717458486557,0.3106834292411804,0.0,0.109717458486557,0.0001,1e-05,50.323,2.1416,0.6436
5155,stage2,3,0.1113109290599823,0.3349286615848541,0.0,0.1113109290599823,0.0001,1e-05,50.322,2.5792,0.6481
5156,stage2,3,0.10818096995353699,0.3224130868911743,0.0,0.10818096995353699,0.0001,1e-05,50.324,2.8476,0.6648
5157,stage2,3,0.1192653551697731,0.3028111457824707,0.0,0.1192653551697731,0.0001,1e-05,50.321,2.6097,0.6984
5158,stage2,3,0.12182328850030899,0.31506383419036865,0.0,0.12182328850030899,0.0001,1e-05,50.321,3.0354,0.6457
5159,stage2,3,0.09860295057296753,0.32590383291244507,0.0,0.09860295057296753,0.0001,1e-05,50.321,2.3388,3.8653
5160,stage2,3,0.12312040477991104,0.30682483315467834,0.0,0.12312040477991104,0.0001,1e-05,50.323,2.9935,0.6525
5161,stage2,3,0.09029942005872726,0.328486829996109,0.0,0.09029942005872726,0.0001,1e-05,50.323,2.394,0.6416
5162,stage2,3,0.12740719318389893,0.3144705593585968,0.0,0.12740719318389893,0.0001,1e-05,50.318,3.002,0.698
5163,stage2,3,0.0991511419415474,0.2747669517993927,0.0,0.0991511419415474,0.0001,1e-05,50.322,2.0992,0.6439
5164,stage2,3,0.1146358922123909,0.346087247133255,0.0,0.1146358922123909,0.0001,1e-05,50.323,3.2075,0.6449
5165,stage2,3,0.11783334612846375,0.3256828784942627,0.0,0.11783334612846375,0.0001,1e-05,50.32,2.7173,0.6491
5166,stage2,3,0.11242782324552536,0.29718267917633057,0.0,0.11242782324552536,0.0001,1e-05,50.321,2.3738,0.6446
5167,stage2,3,0.10281398892402649,0.2991963326931,0.0,0.10281398892402649,0.0001,1e-05,50.321,2.2881,3.8627
5168,stage2,3,0.1080179437994957,0.3223446011543274,0.0,0.1080179437994957,0.0001,1e-05,50.318,2.935,0.6476
5169,stage2,3,0.13118058443069458,0.3108353018760681,0.0,0.13118058443069458,0.0001,1e-05,50.324,3.1779,0.6429
5170,stage2,3,0.12611813843250275,0.3279115557670593,0.0,0.12611813843250275,0.0001,1e-05,50.325,4.1854,0.6441
5171,stage2,3,0.10648085176944733,0.30177927017211914,0.0,0.10648085176944733,0.0001,1e-05,50.324,2.4638,0.7034
5172,stage2,3,0.11194191873073578,0.3113889694213867,0.0,0.11194191873073578,0.0001,1e-05,50.323,2.7739,0.6384
5173,stage2,3,0.11079860478639603,0.33056193590164185,0.0,0.11079860478639603,0.0001,1e-05,50.323,2.5616,0.644
5174,stage2,3,0.09470945596694946,0.3280734419822693,0.0,0.09470945596694946,0.0001,1e-05,50.322,2.7207,0.6446
5175,stage2,3,0.10496862232685089,0.323562353849411,0.0,0.10496862232685089,0.0001,1e-05,50.321,2.549,4.0029
5176,stage2,3,0.1091759204864502,0.3193810284137726,0.0,0.1091759204864502,0.0001,1e-05,50.322,2.4537,0.6537
5177,stage2,3,0.11664409935474396,0.3116905987262726,0.0,0.11664409935474396,0.0001,1e-05,50.319,2.7785,0.6345
5178,stage2,3,0.09882275015115738,0.3879081606864929,0.0,0.09882275015115738,0.0001,1e-05,50.32,2.5155,0.6916
5179,stage2,3,0.10118728876113892,0.31999367475509644,0.0,0.10118728876113892,0.0001,1e-05,50.318,2.601,0.6436
5180,stage2,3,0.09878185391426086,0.29186493158340454,0.0,0.09878185391426086,0.0001,1e-05,50.319,2.1971,0.6452
5181,stage2,3,0.12312188744544983,0.31296610832214355,0.0,0.12312188744544983,0.0001,1e-05,50.319,3.1258,0.6487
5182,stage2,3,0.10269887000322342,0.3203781843185425,0.0,0.10269887000322342,0.0001,1e-05,50.32,1.9137,0.645
5183,stage2,3,0.11706891655921936,0.30757248401641846,0.0,0.11706891655921936,0.0001,1e-05,50.322,2.633,3.962
5184,stage2,3,0.10730154067277908,0.2875174880027771,0.0,0.10730154067277908,0.0001,1e-05,50.319,2.3215,0.6986
5185,stage2,3,0.11457157880067825,0.3138805031776428,0.0,0.11457157880067825,0.0001,1e-05,50.323,2.3985,0.6446
5186,stage2,3,0.10808403044939041,0.32048270106315613,0.0,0.10808403044939041,0.0001,1e-05,50.323,2.4158,0.6426
5187,stage2,3,0.13121025264263153,0.31530076265335083,0.0,0.13121025264263153,0.0001,1e-05,50.324,3.0856,0.6444
5188,stage2,3,0.1323232352733612,0.32222774624824524,0.0,0.1323232352733612,0.0001,1e-05,50.319,3.0824,0.6472
5189,stage2,3,0.11157708615064621,0.2934684157371521,0.0,0.11157708615064621,0.0001,1e-05,50.318,2.8399,0.6963
5190,stage2,3,0.09902647137641907,0.2905941307544708,0.0,0.09902647137641907,0.0001,1e-05,50.322,2.1516,0.6486
5191,stage2,3,0.09920097887516022,0.32849255204200745,0.0,0.09920097887516022,0.0001,1e-05,50.32,2.4348,3.7958
5192,stage2,3,0.11683125793933868,0.30301326513290405,0.0,0.11683125793933868,0.0001,1e-05,50.32,3.0107,0.6618
5193,stage2,3,0.0965934544801712,0.3264097571372986,0.0,0.0965934544801712,0.0001,1e-05,50.321,2.2082,0.6377
5194,stage2,3,0.11641906201839447,0.3337550163269043,0.0,0.11641906201839447,0.0001,1e-05,50.318,2.8461,0.6654
5195,stage2,3,0.11889539659023285,0.3589985966682434,0.0,0.11889539659023285,0.0001,1e-05,50.32,3.4422,0.6986
5196,stage2,3,0.1084824949502945,0.32156407833099365,0.0,0.1084824949502945,0.0001,1e-05,50.32,3.0612,0.6445
5197,stage2,3,0.12663225829601288,0.2978062331676483,0.0,0.12663225829601288,0.0001,1e-05,50.322,2.9339,0.6448
5198,stage2,3,0.10254953801631927,0.33220720291137695,0.0,0.10254953801631927,0.0001,1e-05,50.323,2.4978,0.6432
5199,stage2,3,0.11251350492238998,0.32375508546829224,0.0,0.11251350492238998,0.0001,1e-05,50.319,3.2109,3.8446
5200,stage2,3,0.10849624127149582,0.31592026352882385,0.0,0.10849624127149582,0.0001,1e-05,50.322,3.1048,0.6977
5201,stage2,3,0.10612408071756363,0.31570470333099365,0.0,0.10612408071756363,0.0001,1e-05,50.322,2.8362,0.6423
5202,stage2,3,0.11466333270072937,0.32827258110046387,0.0,0.11466333270072937,0.0001,1e-05,50.322,2.7439,0.648
5203,stage2,3,0.09797415882349014,0.3081642985343933,0.0,0.09797415882349014,0.0001,1e-05,50.321,3.0242,0.6382
5204,stage2,3,0.1207689717411995,0.31234171986579895,0.0,0.1207689717411995,0.0001,1e-05,50.322,2.8499,0.665
5205,stage2,3,0.1100669875741005,0.3180367350578308,0.0,0.1100669875741005,0.0001,1e-05,50.322,2.8388,0.6642
5206,stage2,3,0.10801279544830322,0.3059765100479126,0.0,0.10801279544830322,0.0001,1e-05,50.321,2.9553,0.6969
5207,stage2,3,0.11864305287599564,0.31767308712005615,0.0,0.11864305287599564,0.0001,1e-05,50.324,2.4085,3.7474
5208,stage2,3,0.11885476112365723,0.3024880886077881,0.0,0.11885476112365723,0.0001,1e-05,50.324,2.6229,0.6432
5209,stage2,3,0.13303333520889282,0.2998717725276947,0.0,0.13303333520889282,0.0001,1e-05,50.321,2.962,0.6441
5210,stage2,3,0.11441703885793686,0.3128525912761688,0.0,0.11441703885793686,0.0001,1e-05,50.323,2.4309,0.6441
5211,stage2,3,0.11500181257724762,0.30382537841796875,0.0,0.11500181257724762,0.0001,1e-05,50.323,2.7437,0.6978
5212,stage2,3,0.12303970754146576,0.310076504945755,0.0,0.12303970754146576,0.0001,1e-05,50.323,3.8684,0.6441
5213,stage2,3,0.11805535852909088,0.34138578176498413,0.0,0.11805535852909088,0.0001,1e-05,50.322,3.3187,0.6457
5214,stage2,3,0.10769980400800705,0.3110978305339813,0.0,0.10769980400800705,0.0001,1e-05,50.32,2.3283,0.6451
5215,stage2,3,0.11713699251413345,0.2975097894668579,0.0,0.11713699251413345,0.0001,1e-05,50.318,2.7748,3.9894
5216,stage2,3,0.10924376547336578,0.3359083831310272,0.0,0.10924376547336578,0.0001,1e-05,50.323,2.9418,0.6362
5217,stage2,3,0.10209188610315323,0.3330812454223633,0.0,0.10209188610315323,0.0001,1e-05,50.323,2.4718,0.6443
5218,stage2,3,0.09993118792772293,0.3135942220687866,0.0,0.09993118792772293,0.0001,1e-05,50.32,2.4136,0.6434
5219,stage2,3,0.1254081130027771,0.34902098774909973,0.0,0.1254081130027771,0.0001,1e-05,50.318,2.8304,0.6451
5220,stage2,3,0.12256484478712082,0.3124520480632782,0.0,0.12256484478712082,0.0001,1e-05,50.321,3.0488,0.7064
5221,stage2,3,0.1121658980846405,0.28718432784080505,0.0,0.1121658980846405,0.0001,1e-05,50.324,2.741,0.6415
5222,stage2,3,0.11056945472955704,0.3176336884498596,0.0,0.11056945472955704,0.0001,1e-05,50.323,2.9273,0.6493
5223,stage2,3,0.10974062234163284,0.28251075744628906,0.0,0.10974062234163284,0.0001,1e-05,50.323,2.7651,3.8319
5224,stage2,3,0.09281770139932632,0.3333375155925751,0.0,0.09281770139932632,0.0001,1e-05,50.32,2.3637,0.6407
5225,stage2,3,0.12062046676874161,0.29079920053482056,0.0,0.12062046676874161,0.0001,1e-05,50.323,2.6869,0.6428
5226,stage2,3,0.11881133913993835,0.3377416729927063,0.0,0.11881133913993835,0.0001,1e-05,50.321,3.5033,0.6421
5227,stage2,3,0.11196671426296234,0.30240291357040405,0.0,0.11196671426296234,0.0001,1e-05,50.318,2.7413,0.6941
5228,stage2,3,0.09737560153007507,0.30520099401474,0.0,0.09737560153007507,0.0001,1e-05,50.321,2.5782,0.6441
5229,stage2,3,0.14134593307971954,0.31255799531936646,0.0,0.14134593307971954,0.0001,1e-05,50.32,2.9167,0.6444
5230,stage2,3,0.10786344856023788,0.32805517315864563,0.0,0.10786344856023788,0.0001,1e-05,50.32,2.2237,0.6443
5231,stage2,3,0.11408796906471252,0.30096790194511414,0.0,0.11408796906471252,0.0001,1e-05,50.32,2.6241,4.0417
5232,stage2,3,0.10508406907320023,0.33273205161094666,0.0,0.10508406907320023,0.0001,1e-05,50.322,2.5825,0.6605
5233,stage2,3,0.11073018610477448,0.31746917963027954,0.0,0.11073018610477448,0.0001,1e-05,50.32,2.7769,0.7029
5234,stage2,3,0.10716686397790909,0.33841216564178467,0.0,0.10716686397790909,0.0001,1e-05,50.323,2.9849,0.6411
5235,stage2,3,0.11112112551927567,0.2839588522911072,0.0,0.11112112551927567,0.0001,1e-05,50.324,2.5999,0.6451
5236,stage2,3,0.1276310235261917,0.2868729531764984,0.0,0.1276310235261917,0.0001,1e-05,50.323,2.9415,0.6436
5237,stage2,3,0.1178998127579689,0.2890031039714813,0.0,0.1178998127579689,0.0001,1e-05,50.319,2.91,0.6438
5238,stage2,3,0.11549071967601776,0.30316707491874695,0.0,0.11549071967601776,0.0001,1e-05,50.322,3.2781,0.6967
5239,stage2,3,0.10744539648294449,0.2926134169101715,0.0,0.10744539648294449,0.0001,1e-05,50.324,2.2495,3.8302
5240,stage2,3,0.11324816942214966,0.35367870330810547,0.0,0.11324816942214966,0.0001,1e-05,50.325,3.4015,0.6418
5241,stage2,3,0.10695817321538925,0.2894223630428314,0.0,0.10695817321538925,0.0001,1e-05,50.323,2.8114,0.6428
5242,stage2,3,0.11539106070995331,0.2864956557750702,0.0,0.11539106070995331,0.0001,1e-05,50.32,2.9692,0.6435
5243,stage2,3,0.10793111473321915,0.29267239570617676,0.0,0.10793111473321915,0.0001,1e-05,50.32,3.1304,0.6867
5244,stage2,3,0.10955145955085754,0.3101014792919159,0.0,0.10955145955085754,0.0001,1e-05,50.319,2.9904,0.6549
5245,stage2,3,0.11614109575748444,0.3376314043998718,0.0,0.11614109575748444,0.0001,1e-05,50.325,2.743,0.6497
5246,stage2,3,0.11470606923103333,0.3062605857849121,0.0,0.11470606923103333,0.0001,1e-05,50.322,2.851,0.6447
5247,stage2,3,0.10251779854297638,0.3650643527507782,0.0,0.10251779854297638,0.0001,1e-05,50.325,2.4915,4.0012
5248,stage2,3,0.10954000800848007,0.2919793426990509,0.0,0.10954000800848007,0.0001,1e-05,50.324,3.2832,0.6964
5249,stage2,3,0.12472014129161835,0.32235658168792725,0.0,0.12472014129161835,0.0001,1e-05,50.321,3.2416,0.6488
5250,stage2,3,0.12951348721981049,0.3066529333591461,0.0,0.12951348721981049,0.0001,1e-05,50.321,3.3147,0.6435
5251,stage2,3,0.12493085116147995,0.31554871797561646,0.0,0.12493085116147995,0.0001,1e-05,50.323,3.4002,0.6437
5252,stage2,3,0.12340287119150162,0.30010005831718445,0.0,0.12340287119150162,0.0001,1e-05,50.322,3.2218,0.6432
5253,stage2,3,0.11280995607376099,0.2921201288700104,0.0,0.11280995607376099,0.0001,1e-05,50.319,2.7062,0.6372
5254,stage2,3,0.12550844252109528,0.3078683018684387,0.0,0.12550844252109528,0.0001,1e-05,50.321,3.5915,0.7302
5255,stage2,3,0.10422901064157486,0.29077035188674927,0.0,0.10422901064157486,0.0001,1e-05,50.322,2.3898,3.8713
5256,stage2,3,0.12100181728601456,0.320138543844223,0.0,0.12100181728601456,0.0001,1e-05,50.325,2.9868,0.6431
5257,stage2,3,0.11583521962165833,0.2991354465484619,0.0,0.11583521962165833,0.0001,1e-05,50.323,2.5679,0.6437
5258,stage2,3,0.12047812342643738,0.3176555037498474,0.0,0.12047812342643738,0.0001,1e-05,50.326,3.0507,0.6489
5259,stage2,3,0.10551293939352036,0.3160216510295868,0.0,0.10551293939352036,0.0001,1e-05,50.325,2.8401,0.6768
5260,stage2,3,0.11810652911663055,0.31864601373672485,0.0,0.11810652911663055,0.0001,1e-05,50.326,2.7953,0.6624
5261,stage2,3,0.13650454580783844,0.32285091280937195,0.0,0.13650454580783844,0.0001,1e-05,50.325,2.7238,0.6449
5262,stage2,3,0.1360279619693756,0.30984124541282654,0.0,0.1360279619693756,0.0001,1e-05,50.323,3.4924,0.6435
5263,stage2,3,0.10585449635982513,0.3172425329685211,0.0,0.10585449635982513,0.0001,1e-05,50.325,3.0093,3.914
5264,stage2,3,0.14733146131038666,0.3432356119155884,0.0,0.14733146131038666,0.0001,1e-05,50.321,3.3693,0.6476
5265,stage2,3,0.12539510428905487,0.3174571990966797,0.0,0.12539510428905487,0.0001,1e-05,50.32,2.9483,0.642
5266,stage2,3,0.12409861385822296,0.3381267786026001,0.0,0.12409861385822296,0.0001,1e-05,50.321,2.6861,0.7027
5267,stage2,3,0.1101853996515274,0.30847036838531494,0.0,0.1101853996515274,0.0001,1e-05,50.32,3.0137,0.6429
5268,stage2,3,0.12718839943408966,0.3270414471626282,0.0,0.12718839943408966,0.0001,1e-05,50.319,3.8864,0.6432
5269,stage2,3,0.09889378398656845,0.2940235435962677,0.0,0.09889378398656845,0.0001,1e-05,50.322,2.3331,0.6491
5270,stage2,3,0.10136811435222626,0.291080504655838,0.0,0.10136811435222626,0.0001,1e-05,50.323,2.7034,0.6497
5271,stage2,3,0.1212153285741806,0.29002535343170166,0.0,0.1212153285741806,0.0001,1e-05,50.324,2.6413,3.9428
5272,stage2,3,0.10291953384876251,0.33263325691223145,0.0,0.10291953384876251,0.0001,1e-05,50.325,3.2333,0.6453
5273,stage2,3,0.11576004326343536,0.29423704743385315,0.0,0.11576004326343536,0.0001,1e-05,50.323,3.3314,0.6435
5274,stage2,3,0.10366715490818024,0.2826493978500366,0.0,0.10366715490818024,0.0001,1e-05,50.321,2.8489,0.6439
5275,stage2,3,0.11222966015338898,0.29041287302970886,0.0,0.11222966015338898,0.0001,1e-05,50.322,2.4285,0.6429
5276,stage2,3,0.1354120522737503,0.3200095593929291,0.0,0.1354120522737503,0.0001,1e-05,50.32,3.4259,0.6962
5277,stage2,3,0.11031446605920792,0.3238719403743744,0.0,0.11031446605920792,0.0001,1e-05,50.324,2.7889,0.6434
5278,stage2,3,0.1299535632133484,0.3301926255226135,0.0,0.1299535632133484,0.0001,1e-05,50.325,3.3889,0.6492
5279,stage2,3,0.12628406286239624,0.32769060134887695,0.0,0.12628406286239624,0.0001,1e-05,50.323,3.4761,3.8358
5280,stage2,3,0.09829524159431458,0.2940300405025482,0.0,0.09829524159431458,0.0001,1e-05,50.322,2.8707,0.6409
5281,stage2,3,0.11816560477018356,0.34225574135780334,0.0,0.11816560477018356,0.0001,1e-05,50.326,3.1778,0.637
5282,stage2,3,0.10107344388961792,0.3124065697193146,0.0,0.10107344388961792,0.0001,1e-05,50.323,2.3414,0.7252
5283,stage2,3,0.11283174157142639,0.32945317029953003,0.0,0.11283174157142639,0.0001,1e-05,50.327,2.2802,0.6374
5284,stage2,3,0.1029021367430687,0.28767862915992737,0.0,0.1029021367430687,0.0001,1e-05,50.329,2.3174,0.6448
5285,stage2,3,0.09717103093862534,0.3075529634952545,0.0,0.09717103093862534,0.0001,1e-05,50.326,2.5433,0.645
5286,stage2,3,0.10011661052703857,0.31862300634384155,0.0,0.10011661052703857,0.0001,1e-05,50.328,2.4494,0.6443
5287,stage2,3,0.10810784995555878,0.3079926669597626,0.0,0.10810784995555878,0.0001,1e-05,50.325,2.5138,3.993
5288,stage2,3,0.1167544275522232,0.3130378723144531,0.0,0.1167544275522232,0.0001,1e-05,50.326,2.3888,0.6336
5289,stage2,3,0.11810506135225296,0.3079190254211426,0.0,0.11810506135225296,0.0001,1e-05,50.324,2.8812,0.642
5290,stage2,3,0.1076771691441536,0.3146922290325165,0.0,0.1076771691441536,0.0001,1e-05,50.325,2.8241,0.6435
5291,stage2,3,0.12467177212238312,0.29672932624816895,0.0,0.12467177212238312,0.0001,1e-05,50.325,3.004,0.6399
5292,stage2,3,0.10669367760419846,0.2853398621082306,0.0,0.10669367760419846,0.0001,1e-05,50.324,2.6885,0.6658
5293,stage2,3,0.11513152718544006,0.28608033061027527,0.0,0.11513152718544006,0.0001,1e-05,50.32,2.9377,0.6377
5294,stage2,3,0.1074715182185173,0.38721442222595215,0.0,0.1074715182185173,0.0001,1e-05,50.324,3.0943,0.7255
5295,stage2,3,0.11762996017932892,0.29162877798080444,0.0,0.11762996017932892,0.0001,1e-05,50.324,2.5492,3.8861
5296,stage2,3,0.12970492243766785,0.32292410731315613,0.0,0.12970492243766785,0.0001,1e-05,50.324,2.623,0.6422
5297,stage2,3,0.1068616583943367,0.2853219211101532,0.0,0.1068616583943367,0.0001,1e-05,50.321,2.843,0.6509
5298,stage2,3,0.1269131898880005,0.30319690704345703,0.0,0.1269131898880005,0.0001,1e-05,50.325,2.8691,0.6427
5299,stage2,3,0.11856602877378464,0.288450688123703,0.0,0.11856602877378464,0.0001,1e-05,50.327,2.5597,0.7003
5300,stage2,3,0.09794259071350098,0.31538936495780945,0.0,0.09794259071350098,0.0001,1e-05,50.322,2.4345,0.642
5301,stage2,3,0.11087203025817871,0.335932195186615,0.0,0.11087203025817871,0.0001,1e-05,50.322,3.179,0.6444
5302,stage2,3,0.10727023333311081,0.31643956899642944,0.0,0.10727023333311081,0.0001,1e-05,50.324,2.8546,0.6435
5303,stage2,3,0.10829753428697586,0.3100159466266632,0.0,0.10829753428697586,0.0001,1e-05,50.323,3.1741,3.9031
5304,stage2,3,0.12806618213653564,0.3098946213722229,0.0,0.12806618213653564,0.0001,1e-05,50.322,2.9885,0.6405
5305,stage2,3,0.10360760986804962,0.3010515868663788,0.0,0.10360760986804962,0.0001,1e-05,50.324,2.3039,0.642
5306,stage2,3,0.12267982214689255,0.31852084398269653,0.0,0.12267982214689255,0.0001,1e-05,50.322,2.6504,0.6988
5307,stage2,3,0.10883395373821259,0.30120837688446045,0.0,0.10883395373821259,0.0001,1e-05,50.322,2.4777,0.6396
5308,stage2,3,0.10790995508432388,0.32524633407592773,0.0,0.10790995508432388,0.0001,1e-05,50.322,2.8674,0.6448
5309,stage2,3,0.11697740107774734,0.3370085060596466,0.0,0.11697740107774734,0.0001,1e-05,50.323,2.5022,0.6452
5310,stage2,3,0.12761393189430237,0.3024801015853882,0.0,0.12761393189430237,0.0001,1e-05,50.325,3.3731,0.6451
5311,stage2,3,0.11232369393110275,0.3053097128868103,0.0,0.11232369393110275,0.0001,1e-05,50.329,2.5948,3.9736
5312,stage2,3,0.09477649629116058,0.3064810037612915,0.0,0.09477649629116058,0.0001,1e-05,50.322,2.0483,0.7192
5313,stage2,3,0.10567214339971542,0.3175230026245117,0.0,0.10567214339971542,0.0001,1e-05,50.321,2.586,0.6398
5314,stage2,3,0.11949633061885834,0.3208482563495636,0.0,0.11949633061885834,0.0001,1e-05,50.324,2.6157,0.6434
5315,stage2,3,0.1216123029589653,0.3154274821281433,0.0,0.1216123029589653,0.0001,1e-05,50.324,3.4266,0.6427
5316,stage2,3,0.10314450412988663,0.2948073744773865,0.0,0.10314450412988663,0.0001,1e-05,50.327,2.3963,0.643
5317,stage2,3,0.11282388120889664,0.29275789856910706,0.0,0.11282388120889664,0.0001,1e-05,50.324,2.4207,0.6943
5318,stage2,3,0.10338162630796432,0.305306613445282,0.0,0.10338162630796432,0.0001,1e-05,50.325,2.3184,0.6518
5319,stage2,3,0.10396735370159149,0.32221660017967224,0.0,0.10396735370159149,0.0001,1e-05,50.322,2.3325,3.8959
5320,stage2,3,0.09129399061203003,0.3008732497692108,0.0,0.09129399061203003,0.0001,1e-05,50.324,2.1529,0.6597
5321,stage2,3,0.12667883932590485,0.3150961697101593,0.0,0.12667883932590485,0.0001,1e-05,50.32,3.3103,0.6424
5322,stage2,3,0.10136695206165314,0.3119383454322815,0.0,0.10136695206165314,0.0001,1e-05,50.325,2.1967,0.6665
5323,stage2,3,0.10757818073034286,0.3151682913303375,0.0,0.10757818073034286,0.0001,1e-05,50.323,3.1997,0.699
5324,stage2,3,0.09418713301420212,0.3276936709880829,0.0,0.09418713301420212,0.0001,1e-05,50.322,2.6807,0.6446
5325,stage2,3,0.12218044698238373,0.3190650939941406,0.0,0.12218044698238373,0.0001,1e-05,50.325,3.177,0.6447
5326,stage2,3,0.09970816224813461,0.33267658948898315,0.0,0.09970816224813461,0.0001,1e-05,50.322,3.1103,0.6444
5327,stage2,3,0.09910715371370316,0.31780174374580383,0.0,0.09910715371370316,0.0001,1e-05,50.325,1.8905,3.8687
5328,stage2,3,0.10323779284954071,0.35330113768577576,0.0,0.10323779284954071,0.0001,1e-05,50.328,3.0668,0.6947
5329,stage2,3,0.10366323590278625,0.3322744071483612,0.0,0.10366323590278625,0.0001,1e-05,50.324,2.3531,0.6473
5330,stage2,3,0.09217232465744019,0.3016153872013092,0.0,0.09217232465744019,0.0001,1e-05,50.326,2.6228,0.6442
5331,stage2,3,0.11921541392803192,0.3129861354827881,0.0,0.11921541392803192,0.0001,1e-05,50.326,3.0325,0.6431
5332,stage2,3,0.1023348867893219,0.3119053840637207,0.0,0.1023348867893219,0.0001,1e-05,50.321,2.9028,0.646
5333,stage2,3,0.14058610796928406,0.32510894536972046,0.0,0.14058610796928406,0.0001,1e-05,50.326,3.6548,0.7038
5334,stage2,3,0.10096528381109238,0.3201786279678345,0.0,0.10096528381109238,0.0001,1e-05,50.324,2.7293,0.6391
5335,stage2,3,0.12096460908651352,0.3200283646583557,0.0,0.12096460908651352,0.0001,1e-05,50.323,3.3733,4.0229
5336,stage2,3,0.11238520592451096,0.29598331451416016,0.0,0.11238520592451096,0.0001,1e-05,50.328,2.935,0.642
5337,stage2,3,0.10885705798864365,0.3191441297531128,0.0,0.10885705798864365,0.0001,1e-05,50.327,2.6125,0.6468
5338,stage2,3,0.12102874368429184,0.32786858081817627,0.0,0.12102874368429184,0.0001,1e-05,50.324,2.5075,0.698
5339,stage2,3,0.11376019567251205,0.3144124746322632,0.0,0.11376019567251205,0.0001,1e-05,50.326,2.747,0.6474
5340,stage2,3,0.12220104038715363,0.30166369676589966,0.0,0.12220104038715363,0.0001,1e-05,50.326,2.7648,0.6441
5341,stage2,3,0.1201002448797226,0.3237558603286743,0.0,0.1201002448797226,0.0001,1e-05,50.327,3.4117,0.6445
5342,stage2,3,0.11042036861181259,0.3269276022911072,0.0,0.11042036861181259,0.0001,1e-05,50.327,2.8534,0.6455
5343,stage2,3,0.1145864799618721,0.2911590337753296,0.0,0.1145864799618721,0.0001,1e-05,50.329,2.7811,3.9852
5344,stage2,3,0.10896333307027817,0.29779261350631714,0.0,0.10896333307027817,0.0001,1e-05,50.32,2.3817,0.7028
5345,stage2,3,0.1517261415719986,0.33350086212158203,0.0,0.1517261415719986,0.0001,1e-05,50.327,3.2718,0.6371
5346,stage2,3,0.10838212817907333,0.322612464427948,0.0,0.10838212817907333,0.0001,1e-05,50.324,2.3638,0.6437
5347,stage2,3,0.10763522982597351,0.3108399510383606,0.0,0.10763522982597351,0.0001,1e-05,50.325,2.4961,0.644
5348,stage2,3,0.11458583921194077,0.275404155254364,0.0,0.11458583921194077,0.0001,1e-05,50.321,2.9801,0.6451
5349,stage2,3,0.12989850342273712,0.3162161111831665,0.0,0.12989850342273712,0.0001,1e-05,50.325,3.1124,0.6736
5350,stage2,3,0.10759169608354568,0.27693015336990356,0.0,0.10759169608354568,0.0001,1e-05,50.326,2.9384,0.6679
5351,stage2,3,0.0880858525633812,0.30783626437187195,0.0,0.0880858525633812,0.0001,1e-05,50.323,2.1981,3.9595
5352,stage2,3,0.12074992060661316,0.31822288036346436,0.0,0.12074992060661316,0.0001,1e-05,50.327,2.9094,0.6414
5353,stage2,3,0.1082945466041565,0.3029317259788513,0.0,0.1082945466041565,0.0001,1e-05,50.327,2.7,0.6471
5354,stage2,3,0.10052947700023651,0.2854321599006653,0.0,0.10052947700023651,0.0001,1e-05,50.324,3.2927,0.6976
5355,stage2,3,0.10200771689414978,0.30419638752937317,0.0,0.10200771689414978,0.0001,1e-05,50.323,2.7393,0.6424
5356,stage2,3,0.10988695174455643,0.31640222668647766,0.0,0.10988695174455643,0.0001,1e-05,50.322,2.4839,0.6437
5357,stage2,3,0.10665643960237503,0.30199113488197327,0.0,0.10665643960237503,0.0001,1e-05,50.321,3.0371,0.6435
5358,stage2,3,0.11249632388353348,0.32264935970306396,0.0,0.11249632388353348,0.0001,1e-05,50.324,3.2326,0.6448
5359,stage2,3,0.11874024569988251,0.33455759286880493,0.0,0.11874024569988251,0.0001,1e-05,50.326,3.3112,3.9082
5360,stage2,3,0.116267129778862,0.33055588603019714,0.0,0.116267129778862,0.0001,1e-05,50.326,3.4228,0.6972
5361,stage2,3,0.10219446569681168,0.29622215032577515,0.0,0.10219446569681168,0.0001,1e-05,50.324,2.4531,0.6442
5362,stage2,3,0.11537674069404602,0.30288368463516235,0.0,0.11537674069404602,0.0001,1e-05,50.324,2.7085,0.6443
5363,stage2,3,0.10681826621294022,0.3271588981151581,0.0,0.10681826621294022,0.0001,1e-05,50.326,2.9717,0.6457
5364,stage2,3,0.12393176555633545,0.330030620098114,0.0,0.12393176555633545,0.0001,1e-05,50.326,2.9713,0.6452
5365,stage2,3,0.12588448822498322,0.30845874547958374,0.0,0.12588448822498322,0.0001,1e-05,50.326,3.4784,0.6982
5366,stage2,3,0.1170792430639267,0.2940465807914734,0.0,0.1170792430639267,0.0001,1e-05,50.325,2.6326,0.6502
5367,stage2,3,0.1056271642446518,0.3239944875240326,0.0,0.1056271642446518,0.0001,1e-05,50.323,2.9271,3.9146
5368,stage2,3,0.09941116720438004,0.2934495508670807,0.0,0.09941116720438004,0.0001,1e-05,50.321,2.4127,0.6408
5369,stage2,3,0.12471240758895874,0.2894480526447296,0.0,0.12471240758895874,0.0001,1e-05,50.325,2.8824,0.6664
5370,stage2,3,0.12524372339248657,0.28098082542419434,0.0,0.12524372339248657,0.0001,1e-05,50.326,3.1534,0.6984
5371,stage2,3,0.11073089390993118,0.28150007128715515,0.0,0.11073089390993118,0.0001,1e-05,50.323,2.8716,0.6438
5372,stage2,3,0.11106383055448532,0.3076721727848053,0.0,0.11106383055448532,0.0001,1e-05,50.317,3.0277,0.6447
5373,stage2,3,0.11555685847997665,0.3040848672389984,0.0,0.11555685847997665,0.0001,1e-05,50.322,2.8452,0.6444
5374,stage2,3,0.11725559830665588,0.31338608264923096,0.0,0.11725559830665588,0.0001,1e-05,50.323,3.0341,0.6438
5375,stage2,3,0.1105227917432785,0.3338266909122467,0.0,0.1105227917432785,0.0001,1e-05,50.322,2.6212,3.9955
5376,stage2,3,0.1196027472615242,0.3318147659301758,0.0,0.1196027472615242,0.0001,1e-05,50.322,2.7244,0.6446
5377,stage2,3,0.12492527067661285,0.3140302896499634,0.0,0.12492527067661285,0.0001,1e-05,50.324,3.174,0.639
5378,stage2,3,0.10643679648637772,0.32243382930755615,0.0,0.10643679648637772,0.0001,1e-05,50.324,2.9184,0.6645
5379,stage2,3,0.10810820758342743,0.30465152859687805,0.0,0.10810820758342743,0.0001,1e-05,50.322,2.7864,0.6378
5380,stage2,3,0.11665868759155273,0.3120312988758087,0.0,0.11665868759155273,0.0001,1e-05,50.32,2.8677,0.6607
5381,stage2,3,0.10131631046533585,0.30034470558166504,0.0,0.10131631046533585,0.0001,1e-05,50.327,2.4902,0.6628
5382,stage2,3,0.11285825073719025,0.28975969552993774,0.0,0.11285825073719025,0.0001,1e-05,50.326,2.7889,0.6639
5383,stage2,3,0.1099855825304985,0.29239413142204285,0.0,0.1099855825304985,0.0001,1e-05,50.325,2.7686,3.9889
5384,stage2,3,0.12606032192707062,0.3047153651714325,0.0,0.12606032192707062,0.0001,1e-05,50.32,3.1768,0.6621
5385,stage2,3,0.11379297077655792,0.2967805564403534,0.0,0.11379297077655792,0.0001,1e-05,50.325,2.889,0.7037
5386,stage2,3,0.12522007524967194,0.3094500005245209,0.0,0.12522007524967194,0.0001,1e-05,50.322,2.8112,0.6616
5387,stage2,3,0.11451774835586548,0.3163878619670868,0.0,0.11451774835586548,0.0001,1e-05,50.322,3.1717,0.7105
5388,stage2,3,0.10811840742826462,0.3282383978366852,0.0,0.10811840742826462,0.0001,1e-05,50.322,2.9649,0.6567
5389,stage2,3,0.10071666538715363,0.32432255148887634,0.0,0.10071666538715363,0.0001,1e-05,50.327,2.843,0.6927
5390,stage2,3,0.11361563950777054,0.3364626169204712,0.0,0.11361563950777054,0.0001,1e-05,50.323,3.0967,0.6758
5391,stage2,3,0.10901439934968948,0.3006359934806824,0.0,0.10901439934968948,0.0001,1e-05,50.322,2.9436,3.9922
5392,stage2,3,0.11371448636054993,0.30747929215431213,0.0,0.11371448636054993,0.0001,1e-05,50.325,2.8408,0.6531
5393,stage2,3,0.10931200534105301,0.3160046339035034,0.0,0.10931200534105301,0.0001,1e-05,50.322,2.7669,0.6594
5394,stage2,3,0.12033060938119888,0.3316017687320709,0.0,0.12033060938119888,0.0001,1e-05,50.325,2.6051,0.7111
5395,stage2,3,0.10653046518564224,0.2983405590057373,0.0,0.10653046518564224,0.0001,1e-05,50.322,2.4566,0.66
5396,stage2,3,0.1130821481347084,0.29938167333602905,0.0,0.1130821481347084,0.0001,1e-05,50.322,2.9586,0.7178
5397,stage2,3,0.11368672549724579,0.32036978006362915,0.0,0.11368672549724579,0.0001,1e-05,50.324,3.234,0.6574
5398,stage2,3,0.12177608162164688,0.3113865554332733,0.0,0.12177608162164688,0.0001,1e-05,50.323,2.3664,0.6528
5399,stage2,3,0.10266666859388351,0.305658757686615,0.0,0.10266666859388351,0.0001,1e-05,50.322,2.3048,4.0688
5400,stage2,3,0.1060890257358551,0.30796974897384644,0.0,0.1060890257358551,0.0001,1e-05,50.325,2.8359,0.7098
5401,stage2,3,0.11306523531675339,0.30701303482055664,0.0,0.11306523531675339,0.0001,1e-05,50.327,2.9957,0.6632
5402,stage2,3,0.09936431795358658,0.3373635411262512,0.0,0.09936431795358658,0.0001,1e-05,50.321,2.1066,0.7085
5403,stage2,3,0.12331622838973999,0.2991548180580139,0.0,0.12331622838973999,0.0001,1e-05,50.322,4.1366,0.6562
5404,stage2,3,0.09379173815250397,0.2838032841682434,0.0,0.09379173815250397,0.0001,1e-05,50.319,2.2328,0.7235
5405,stage2,3,0.12621377408504486,0.31820812821388245,0.0,0.12621377408504486,0.0001,1e-05,50.324,2.6639,0.6726
5406,stage2,3,0.1082378625869751,0.3324357569217682,0.0,0.1082378625869751,0.0001,1e-05,50.324,2.3393,0.7204
5407,stage2,3,0.11744918674230576,0.33090949058532715,0.0,0.11744918674230576,0.0001,1e-05,50.326,2.6863,3.8769
5408,stage2,3,0.1013786643743515,0.31658485531806946,0.0,0.1013786643743515,0.0001,1e-05,50.321,2.4366,0.7139
5409,stage2,3,0.11313456296920776,0.28063103556632996,0.0,0.11313456296920776,0.0001,1e-05,50.323,2.4335,0.6531
5410,stage2,3,0.10112632811069489,0.3894961476325989,0.0,0.10112632811069489,0.0001,1e-05,50.322,2.4211,0.7194
5411,stage2,3,0.11022505909204483,0.3100062310695648,0.0,0.11022505909204483,0.0001,1e-05,50.322,3.2891,0.6702
5412,stage2,3,0.11094345897436142,0.3049427568912506,0.0,0.11094345897436142,0.0001,1e-05,50.321,2.6304,0.7205
5413,stage2,3,0.09796393662691116,0.31565696001052856,0.0,0.09796393662691116,0.0001,1e-05,50.319,2.5551,0.668
5414,stage2,3,0.09726108610630035,0.3212202489376068,0.0,0.09726108610630035,0.0001,1e-05,50.319,2.2581,0.7284
5415,stage2,3,0.11596853286027908,0.31489139795303345,0.0,0.11596853286027908,0.0001,1e-05,50.322,2.7186,3.8899
5416,stage2,3,0.1126844584941864,0.3074662387371063,0.0,0.1126844584941864,0.0001,1e-05,50.321,2.5955,0.6987
5417,stage2,3,0.11009843647480011,0.3103477358818054,0.0,0.11009843647480011,0.0001,1e-05,50.32,3.0517,0.6657
5418,stage2,3,0.1107039526104927,0.32069718837738037,0.0,0.1107039526104927,0.0001,1e-05,50.32,2.4593,0.6861
5419,stage2,3,0.0904792845249176,0.3329308032989502,0.0,0.0904792845249176,0.0001,1e-05,50.324,2.7531,0.6828
5420,stage2,3,0.09839223325252533,0.28548476099967957,0.0,0.09839223325252533,0.0001,1e-05,50.324,2.3481,0.6732
5421,stage2,3,0.12862060964107513,0.3449013829231262,0.0,0.12862060964107513,0.0001,1e-05,50.32,2.8204,0.7025
5422,stage2,3,0.11657724529504776,0.32511579990386963,0.0,0.11657724529504776,0.0001,1e-05,50.321,2.964,0.6604
5423,stage2,3,0.08773519098758698,0.2854498624801636,0.0,0.08773519098758698,0.0001,1e-05,50.32,1.9161,3.9792
5424,stage2,3,0.10715297609567642,0.30844801664352417,0.0,0.10715297609567642,0.0001,1e-05,50.32,2.5431,0.6557
5425,stage2,3,0.1023159995675087,0.33063340187072754,0.0,0.1023159995675087,0.0001,1e-05,50.322,2.9126,0.7065
5426,stage2,3,0.10104445368051529,0.2815230190753937,0.0,0.10104445368051529,0.0001,1e-05,50.321,2.5496,0.6582
5427,stage2,3,0.10000506788492203,0.35641780495643616,0.0,0.10000506788492203,0.0001,1e-05,50.32,2.5368,0.7191
5428,stage2,3,0.11614270508289337,0.33086538314819336,0.0,0.11614270508289337,0.0001,1e-05,50.321,2.3835,0.6579
5429,stage2,3,0.11595852673053741,0.33664706349372864,0.0,0.11595852673053741,0.0001,1e-05,50.32,2.9989,0.731
5430,stage2,3,0.09738779813051224,0.30653610825538635,0.0,0.09738779813051224,0.0001,1e-05,50.321,2.4608,0.6575
5431,stage2,3,0.09445720911026001,0.3080856502056122,0.0,0.09445720911026001,0.0001,1e-05,50.322,2.4559,4.0586
5432,stage2,3,0.131146639585495,0.3151569664478302,0.0,0.131146639585495,0.0001,1e-05,50.322,3.2087,0.6579
5433,stage2,3,0.12322678416967392,0.29849517345428467,0.0,0.12322678416967392,0.0001,1e-05,50.321,2.5967,0.6517
5434,stage2,3,0.10581603646278381,0.29464778304100037,0.0,0.10581603646278381,0.0001,1e-05,50.322,2.7094,0.6636
5435,stage2,3,0.1079932227730751,0.30076003074645996,0.0,0.1079932227730751,0.0001,1e-05,50.322,2.712,0.6399
5436,stage2,3,0.09019627422094345,0.325609415769577,0.0,0.09019627422094345,0.0001,1e-05,50.319,2.3338,0.7078
5437,stage2,3,0.12441330403089523,0.3021179139614105,0.0,0.12441330403089523,0.0001,1e-05,50.318,2.6997,0.6802
5438,stage2,3,0.1282883584499359,0.3121660351753235,0.0,0.1282883584499359,0.0001,1e-05,50.32,2.8787,0.6812
5439,stage2,3,0.11176466941833496,0.30332207679748535,0.0,0.11176466941833496,0.0001,1e-05,50.321,3.2596,3.9793
5440,stage2,3,0.12839512526988983,0.2990334928035736,0.0,0.12839512526988983,0.0001,1e-05,50.318,3.4285,0.6797
5441,stage2,3,0.10232701897621155,0.33924517035484314,0.0,0.10232701897621155,0.0001,1e-05,50.318,2.4771,0.6631
5442,stage2,3,0.1327419877052307,0.3149051070213318,0.0,0.1327419877052307,0.0001,1e-05,50.318,4.5781,0.705
5443,stage2,3,0.10082767903804779,0.30444130301475525,0.0,0.10082767903804779,0.0001,1e-05,50.318,2.7214,0.6619
5444,stage2,3,0.10530693084001541,0.3183995485305786,0.0,0.10530693084001541,0.0001,1e-05,50.317,2.6511,0.6352
5445,stage2,3,0.11137942224740982,0.300904244184494,0.0,0.11137942224740982,0.0001,1e-05,50.321,3.0667,0.7323
5446,stage2,3,0.1035894975066185,0.3180515170097351,0.0,0.1035894975066185,0.0001,1e-05,50.319,2.7461,0.6549
5447,stage2,3,0.10369709134101868,0.29721376299858093,0.0,0.10369709134101868,0.0001,1e-05,50.321,2.7174,4.0605
5448,stage2,3,0.11996965855360031,0.30607834458351135,0.0,0.11996965855360031,0.0001,1e-05,50.318,3.0287,0.7138
5449,stage2,3,0.10882135480642319,0.307171493768692,0.0,0.10882135480642319,0.0001,1e-05,50.316,2.8223,0.6557
5450,stage2,3,0.09648892283439636,0.3035758435726166,0.0,0.09648892283439636,0.0001,1e-05,50.316,2.2591,0.7056
5451,stage2,3,0.12122569978237152,0.30065006017684937,0.0,0.12122569978237152,0.0001,1e-05,50.321,3.33,0.6688
5452,stage2,3,0.10371225327253342,0.310759574174881,0.0,0.10371225327253342,0.0001,1e-05,50.322,2.8639,0.6586
5453,stage2,3,0.08921587467193604,0.3167403042316437,0.0,0.08921587467193604,0.0001,1e-05,50.318,2.2023,0.6567
5454,stage2,3,0.11223804205656052,0.33220428228378296,0.0,0.11223804205656052,0.0001,1e-05,50.319,2.8182,0.7116
5455,stage2,3,0.1231272965669632,0.34316325187683105,0.0,0.1231272965669632,0.0001,1e-05,50.32,2.8088,3.997
5456,stage2,3,0.1170850545167923,0.29963091015815735,0.0,0.1170850545167923,0.0001,1e-05,50.318,2.5934,0.7056
5457,stage2,3,0.12219832837581635,0.3156760036945343,0.0,0.12219832837581635,0.0001,1e-05,50.317,2.6985,0.6713
5458,stage2,3,0.10305062681436539,0.3006170094013214,0.0,0.10305062681436539,0.0001,1e-05,50.318,2.4931,0.7121
5459,stage2,3,0.09725308418273926,0.3249327540397644,0.0,0.09725308418273926,0.0001,1e-05,50.321,2.0976,0.6595
5460,stage2,3,0.09184788167476654,0.33253809809684753,0.0,0.09184788167476654,0.0001,1e-05,50.318,2.3499,0.7086
5461,stage2,3,0.08833884447813034,0.31966710090637207,0.0,0.08833884447813034,0.0001,1e-05,50.32,2.2815,0.6596
5462,stage2,3,0.09733986109495163,0.3037067651748657,0.0,0.09733986109495163,0.0001,1e-05,50.322,2.4117,0.6457
5463,stage2,3,0.1070709377527237,0.3398474156856537,0.0,0.1070709377527237,0.0001,1e-05,50.322,2.478,3.9311
5464,stage2,3,0.11681658774614334,0.30786457657814026,0.0,0.11681658774614334,0.0001,1e-05,50.32,2.7378,0.642
5465,stage2,3,0.11556774377822876,0.3269861936569214,0.0,0.11556774377822876,0.0001,1e-05,50.322,2.6315,0.6712
5466,stage2,3,0.0885225459933281,0.3277609646320343,0.0,0.0885225459933281,0.0001,1e-05,50.325,1.9524,0.704
5467,stage2,3,0.11583796888589859,0.33505216240882874,0.0,0.11583796888589859,0.0001,1e-05,50.321,2.9864,0.6636
5468,stage2,3,0.11874943226575851,0.30394217371940613,0.0,0.11874943226575851,0.0001,1e-05,50.324,2.7679,0.7075
5469,stage2,3,0.09190674871206284,0.30767160654067993,0.0,0.09190674871206284,0.0001,1e-05,50.325,2.3294,0.6611
5470,stage2,3,0.10822954028844833,0.34689387679100037,0.0,0.10822954028844833,0.0001,1e-05,50.324,2.3966,0.7052
5471,stage2,3,0.11287378519773483,0.3035784065723419,0.0,0.11287378519773483,0.0001,1e-05,50.324,2.7372,3.9774
5472,stage2,3,0.10429342091083527,0.32281777262687683,0.0,0.10429342091083527,0.0001,1e-05,50.321,3.1513,0.6585
5473,stage2,3,0.1113765761256218,0.3111998736858368,0.0,0.1113765761256218,0.0001,1e-05,50.321,2.7825,0.7102
5474,stage2,3,0.11134766042232513,0.3262060880661011,0.0,0.11134766042232513,0.0001,1e-05,50.319,2.8235,0.6545
5475,stage2,3,0.11231536418199539,0.3276870548725128,0.0,0.11231536418199539,0.0001,1e-05,50.323,2.3365,0.7174
5476,stage2,3,0.13024361431598663,0.3052254021167755,0.0,0.13024361431598663,0.0001,1e-05,50.324,2.8092,0.6319
5477,stage2,3,0.11458193510770798,0.293038547039032,0.0,0.11458193510770798,0.0001,1e-05,50.323,3.2474,0.6672
5478,stage2,3,0.10320482403039932,0.31542205810546875,0.0,0.10320482403039932,0.0001,1e-05,50.321,2.3864,0.6642
5479,stage2,3,0.11473894119262695,0.3236546516418457,0.0,0.11473894119262695,0.0001,1e-05,50.326,3.7645,4.0048
5480,stage2,3,0.1007748395204544,0.32516026496887207,0.0,0.1007748395204544,0.0001,1e-05,50.326,2.5809,0.662
5481,stage2,3,0.09434681385755539,0.29719278216362,0.0,0.09434681385755539,0.0001,1e-05,50.324,2.1212,0.7118
5482,stage2,3,0.10389404743909836,0.3328663110733032,0.0,0.10389404743909836,0.0001,1e-05,50.323,2.3278,0.6586
5483,stage2,3,0.1042555645108223,0.3143473267555237,0.0,0.1042555645108223,0.0001,1e-05,50.321,2.836,0.7281
5484,stage2,3,0.10601059347391129,0.3025105595588684,0.0,0.10601059347391129,0.0001,1e-05,50.322,2.614,0.6538
5485,stage2,3,0.10525563359260559,0.31007736921310425,0.0,0.10525563359260559,0.0001,1e-05,50.319,2.8197,0.666
5486,stage2,3,0.10866271704435349,0.2989685833454132,0.0,0.10866271704435349,0.0001,1e-05,50.32,2.6543,0.6613
5487,stage2,3,0.10620665550231934,0.3015161156654358,0.0,0.10620665550231934,0.0001,1e-05,50.323,2.4494,4.0351
5488,stage2,3,0.11266684532165527,0.3099563419818878,0.0,0.11266684532165527,0.0001,1e-05,50.322,2.542,0.6712
5489,stage2,3,0.11888021975755692,0.3123919367790222,0.0,0.11888021975755692,0.0001,1e-05,50.325,2.7728,0.7044
5490,stage2,3,0.10099542886018753,0.3020585775375366,0.0,0.10099542886018753,0.0001,1e-05,50.329,3.0694,0.6601
5491,stage2,3,0.10777439177036285,0.30583372712135315,0.0,0.10777439177036285,0.0001,1e-05,50.325,3.1099,0.7078
5492,stage2,3,0.12518173456192017,0.28706663846969604,0.0,0.12518173456192017,0.0001,1e-05,50.322,2.9101,0.6611
5493,stage2,3,0.1298152059316635,0.3281872272491455,0.0,0.1298152059316635,0.0001,1e-05,50.322,2.4629,0.7072
5494,stage2,3,0.11575864255428314,0.31315794587135315,0.0,0.11575864255428314,0.0001,1e-05,50.322,3.06,0.6633
5495,stage2,3,0.10414328426122665,0.3408348560333252,0.0,0.10414328426122665,0.0001,1e-05,50.324,2.1228,3.9724
5496,stage2,3,0.09782911837100983,0.2959856390953064,0.0,0.09782911837100983,0.0001,1e-05,50.318,2.3644,0.6598
5497,stage2,3,0.10957144945859909,0.3313949406147003,0.0,0.10957144945859909,0.0001,1e-05,50.32,2.946,0.7266
5498,stage2,3,0.12211419641971588,0.2954925298690796,0.0,0.12211419641971588,0.0001,1e-05,50.321,2.81,0.6593
5499,stage2,3,0.11874813586473465,0.28858089447021484,0.0,0.11874813586473465,0.0001,1e-05,50.325,2.9467,0.7306
5500,stage2,3,0.10700364410877228,0.31878453493118286,0.0,0.10700364410877228,0.0001,1e-05,50.322,3.0992,0.6501
5501,stage2,3,0.117550328373909,0.34471580386161804,0.0,0.117550328373909,0.0001,1e-05,50.321,2.8775,0.6776
5502,stage2,3,0.10835486650466919,0.30316245555877686,0.0,0.10835486650466919,0.0001,1e-05,50.317,2.3841,0.6968
5503,stage2,3,0.10170059651136398,0.307206392288208,0.0,0.10170059651136398,0.0001,1e-05,50.321,2.409,3.8939
5504,stage2,3,0.14302165806293488,0.30880600214004517,0.0,0.14302165806293488,0.0001,1e-05,50.316,3.3715,0.6903
5505,stage2,3,0.10842987149953842,0.2801547050476074,0.0,0.10842987149953842,0.0001,1e-05,50.32,2.9438,0.6697
5506,stage2,3,0.11246339231729507,0.3096165359020233,0.0,0.11246339231729507,0.0001,1e-05,50.318,2.8608,0.7042
5507,stage2,3,0.09242736548185349,0.33779656887054443,0.0,0.09242736548185349,0.0001,1e-05,50.323,2.0971,0.6603
5508,stage2,3,0.1107775941491127,0.30642029643058777,0.0,0.1107775941491127,0.0001,1e-05,50.32,2.908,0.7156
5509,stage2,3,0.0904412716627121,0.33999723196029663,0.0,0.0904412716627121,0.0001,1e-05,50.321,2.2574,0.6701
5510,stage2,3,0.11988787353038788,0.3090754449367523,0.0,0.11988787353038788,0.0001,1e-05,50.323,2.6972,0.7107
5511,stage2,3,0.1203666478395462,0.31666091084480286,0.0,0.1203666478395462,0.0001,1e-05,50.318,3.0931,3.9075
5512,stage2,3,0.11027481406927109,0.2921234965324402,0.0,0.11027481406927109,0.0001,1e-05,50.319,2.4243,0.6699
5513,stage2,3,0.1074305847287178,0.31855759024620056,0.0,0.1074305847287178,0.0001,1e-05,50.323,2.6304,0.6703
5514,stage2,3,0.09893447160720825,0.3066348135471344,0.0,0.09893447160720825,0.0001,1e-05,50.323,2.3383,0.6456
5515,stage2,3,0.10951969772577286,0.3001764714717865,0.0,0.10951969772577286,0.0001,1e-05,50.323,3.3152,0.6456
5516,stage2,3,0.11678910255432129,0.3174392580986023,0.0,0.11678910255432129,0.0001,1e-05,50.325,2.6088,0.6454
5517,stage2,3,0.09987287223339081,0.3060383200645447,0.0,0.09987287223339081,0.0001,1e-05,50.324,2.3365,0.6652
5518,stage2,3,0.10736706107854843,0.29180747270584106,0.0,0.10736706107854843,0.0001,1e-05,50.323,2.6982,0.6839
5519,stage2,3,0.12606842815876007,0.33771443367004395,0.0,0.12606842815876007,0.0001,1e-05,50.322,3.1458,3.916
5520,stage2,3,0.11248289793729782,0.2803472876548767,0.0,0.11248289793729782,0.0001,1e-05,50.322,2.4849,0.6453
5521,stage2,3,0.10674726217985153,0.3135073184967041,0.0,0.10674726217985153,0.0001,1e-05,50.319,3.112,0.6458
5522,stage2,3,0.10434169322252274,0.3549346625804901,0.0,0.10434169322252274,0.0001,1e-05,50.32,2.6523,0.6977
5523,stage2,3,0.11399124562740326,0.3170003294944763,0.0,0.11399124562740326,0.0001,1e-05,50.32,2.4504,0.6457
5524,stage2,3,0.12076060473918915,0.3205726146697998,0.0,0.12076060473918915,0.0001,1e-05,50.325,2.6654,0.6456
5525,stage2,3,0.1279730647802353,0.3027001619338989,0.0,0.1279730647802353,0.0001,1e-05,50.322,3.2448,0.6453
5526,stage2,3,0.10474503040313721,0.2917325794696808,0.0,0.10474503040313721,0.0001,1e-05,50.322,3.7974,0.647
5527,stage2,3,0.10588390380144119,0.28534016013145447,0.0,0.10588390380144119,0.0001,1e-05,50.323,2.3825,3.9307
5528,stage2,3,0.09038948267698288,0.32994505763053894,0.0,0.09038948267698288,0.0001,1e-05,50.323,2.1383,0.6982
5529,stage2,3,0.11026940494775772,0.31822410225868225,0.0,0.11026940494775772,0.0001,1e-05,50.321,2.4464,0.6454
5530,stage2,3,0.0954386368393898,0.31162044405937195,0.0,0.0954386368393898,0.0001,1e-05,50.319,2.2327,0.6446
5531,stage2,3,0.11086500436067581,0.3137025833129883,0.0,0.11086500436067581,0.0001,1e-05,50.318,2.9299,0.6449
5532,stage2,3,0.11048190295696259,0.2979927062988281,0.0,0.11048190295696259,0.0001,1e-05,50.319,3.1252,0.6891
5533,stage2,3,0.1220010370016098,0.3313804864883423,0.0,0.1220010370016098,0.0001,1e-05,50.319,2.8411,0.6587
5534,stage2,3,0.10440442711114883,0.2953070402145386,0.0,0.10440442711114883,0.0001,1e-05,50.321,2.1335,0.6463
5535,stage2,3,0.11807247996330261,0.3048374056816101,0.0,0.11807247996330261,0.0001,1e-05,50.32,2.8984,3.8991
5536,stage2,3,0.10530634969472885,0.3086737096309662,0.0,0.10530634969472885,0.0001,1e-05,50.32,2.731,0.6931
5537,stage2,3,0.10854194313287735,0.3006868362426758,0.0,0.10854194313287735,0.0001,1e-05,50.319,3.1484,0.6467
5538,stage2,3,0.11144237220287323,0.2863729000091553,0.0,0.11144237220287323,0.0001,1e-05,50.322,2.3178,0.6453
5539,stage2,3,0.1089094877243042,0.2972521483898163,0.0,0.1089094877243042,0.0001,1e-05,50.323,2.6983,0.6452
5540,stage2,3,0.09469809383153915,0.29392996430397034,0.0,0.09469809383153915,0.0001,1e-05,50.321,2.5249,0.6861
5541,stage2,3,0.09513825923204422,0.28506919741630554,0.0,0.09513825923204422,0.0001,1e-05,50.322,2.6227,0.6577
5542,stage2,3,0.11857938766479492,0.3170482814311981,0.0,0.11857938766479492,0.0001,1e-05,50.32,2.7881,0.6457
5543,stage2,3,0.10212448984384537,0.30672207474708557,0.0,0.10212448984384537,0.0001,1e-05,50.319,2.845,4.0252
5544,stage2,3,0.12294818460941315,0.30795153975486755,0.0,0.12294818460941315,0.0001,1e-05,50.321,2.8036,0.6761
5545,stage2,3,0.10875280201435089,0.3244822919368744,0.0,0.10875280201435089,0.0001,1e-05,50.323,2.7832,0.6728
5546,stage2,3,0.11248989403247833,0.3112870156764984,0.0,0.11248989403247833,0.0001,1e-05,50.324,2.9264,0.646
5547,stage2,3,0.10912199318408966,0.2888098359107971,0.0,0.10912199318408966,0.0001,1e-05,50.318,2.5869,0.6468
5548,stage2,3,0.1260354369878769,0.3042581081390381,0.0,0.1260354369878769,0.0001,1e-05,50.319,2.8873,0.6449
5549,stage2,3,0.10117997974157333,0.28869885206222534,0.0,0.10117997974157333,0.0001,1e-05,50.323,2.2555,0.7065
5550,stage2,3,0.11412497609853745,0.3127496540546417,0.0,0.11412497609853745,0.0001,1e-05,50.319,3.1238,0.6407
5551,stage2,3,0.10484802722930908,0.3172166049480438,0.0,0.10484802722930908,0.0001,1e-05,50.322,2.3871,3.9411
5552,stage2,3,0.10558523237705231,0.3015166223049164,0.0,0.10558523237705231,0.0001,1e-05,50.323,2.7682,0.6444
5553,stage2,3,0.11397819966077805,0.28962719440460205,0.0,0.11397819966077805,0.0001,1e-05,50.321,2.5417,0.7062
5554,stage2,3,0.10911167412996292,0.30178263783454895,0.0,0.10911167412996292,0.0001,1e-05,50.321,2.8088,0.6656
5555,stage2,3,0.13006877899169922,0.2976258099079132,0.0,0.13006877899169922,0.0001,1e-05,50.321,2.8226,0.7026
5556,stage2,3,0.10243213176727295,0.30677008628845215,0.0,0.10243213176727295,0.0001,1e-05,50.323,2.5313,0.6451
5557,stage2,3,0.12418965250253677,0.3431622087955475,0.0,0.12418965250253677,0.0001,1e-05,50.319,2.8602,0.6455
5558,stage2,3,0.10603349655866623,0.30649444460868835,0.0,0.10603349655866623,0.0001,1e-05,50.319,3.5156,0.6466
5559,stage2,3,0.0895586907863617,0.2963968813419342,0.0,0.0895586907863617,0.0001,1e-05,50.319,2.3326,3.9802
5560,stage2,3,0.10153795778751373,0.32099300622940063,0.0,0.10153795778751373,0.0001,1e-05,50.32,2.6858,0.6684
5561,stage2,3,0.10188452899456024,0.27990981936454773,0.0,0.10188452899456024,0.0001,1e-05,50.322,2.4488,0.6383
5562,stage2,3,0.10055170208215714,0.30231788754463196,0.0,0.10055170208215714,0.0001,1e-05,50.319,2.607,0.726
5563,stage2,3,0.10875914245843887,0.3208071291446686,0.0,0.10875914245843887,0.0001,1e-05,50.319,2.3748,0.6412
5564,stage2,3,0.11751973628997803,0.31740203499794006,0.0,0.11751973628997803,0.0001,1e-05,50.321,2.8219,0.6453
5565,stage2,3,0.09733405709266663,0.29000839591026306,0.0,0.09733405709266663,0.0001,1e-05,50.318,2.1783,0.651
5566,stage2,3,0.11670380085706711,0.27564162015914917,0.0,0.11670380085706711,0.0001,1e-05,50.318,2.5203,0.6468
5567,stage2,3,0.11531592905521393,0.32040590047836304,0.0,0.11531592905521393,0.0001,1e-05,50.321,2.7125,3.9732
5568,stage2,3,0.1148725226521492,0.3104638159275055,0.0,0.1148725226521492,0.0001,1e-05,50.321,2.6444,0.6419
5569,stage2,3,0.11707098037004471,0.28949132561683655,0.0,0.11707098037004471,0.0001,1e-05,50.32,2.8572,0.6667
5570,stage2,3,0.11388697475194931,0.3126842975616455,0.0,0.11388697475194931,0.0001,1e-05,50.321,2.843,0.696
5571,stage2,3,0.10916374623775482,0.3081315755844116,0.0,0.10916374623775482,0.0001,1e-05,50.323,2.9027,0.6441
5572,stage2,3,0.11419259011745453,0.34322014451026917,0.0,0.11419259011745453,0.0001,1e-05,50.321,2.8355,0.6501
5573,stage2,3,0.12183453887701035,0.29545748233795166,0.0,0.12183453887701035,0.0001,1e-05,50.323,2.6468,0.6463
5574,stage2,3,0.1010429859161377,0.33314794301986694,0.0,0.1010429859161377,0.0001,1e-05,50.321,2.4915,0.7095
5575,stage2,3,0.10843366384506226,0.27937841415405273,0.0,0.10843366384506226,0.0001,1e-05,50.321,2.3511,3.8316
5576,stage2,3,0.11267748475074768,0.2903880476951599,0.0,0.11267748475074768,0.0001,1e-05,50.321,2.6783,0.6495
5577,stage2,3,0.10756679624319077,0.2947724163532257,0.0,0.10756679624319077,0.0001,1e-05,50.322,2.255,0.6386
5578,stage2,3,0.11069148778915405,0.3033841848373413,0.0,0.11069148778915405,0.0001,1e-05,50.32,2.4326,0.6453
5579,stage2,3,0.08748344331979752,0.29511240124702454,0.0,0.08748344331979752,0.0001,1e-05,50.319,1.8281,0.6994
5580,stage2,3,0.10239331424236298,0.28889375925064087,0.0,0.10239331424236298,0.0001,1e-05,50.324,2.3502,0.6442
5581,stage2,3,0.10685031861066818,0.29021236300468445,0.0,0.10685031861066818,0.0001,1e-05,50.323,2.1228,0.6458
5582,stage2,3,0.09263373911380768,0.286388635635376,0.0,0.09263373911380768,0.0001,1e-05,50.323,2.0311,0.6471
5583,stage2,3,0.13072748482227325,0.3235301077365875,0.0,0.13072748482227325,0.0001,1e-05,50.322,2.831,4.0844
5584,stage2,3,0.11160792410373688,0.30783307552337646,0.0,0.11160792410373688,0.0001,1e-05,50.326,2.9791,0.6415
5585,stage2,3,0.09029116481542587,0.3221883773803711,0.0,0.09029116481542587,0.0001,1e-05,50.323,2.2083,0.6437
5586,stage2,3,0.10781512409448624,0.27232521772384644,0.0,0.10781512409448624,0.0001,1e-05,50.319,2.6615,0.6451
5587,stage2,3,0.10739701241254807,0.2996063530445099,0.0,0.10739701241254807,0.0001,1e-05,50.324,2.5138,0.6448
5588,stage2,3,0.10146479308605194,0.29139602184295654,0.0,0.10146479308605194,0.0001,1e-05,50.323,2.7245,0.6422
5589,stage2,3,0.10039598494768143,0.3137468993663788,0.0,0.10039598494768143,0.0001,1e-05,50.319,2.4417,0.6601
5590,stage2,3,0.08966689556837082,0.2680632174015045,0.0,0.08966689556837082,0.0001,1e-05,50.319,2.1328,0.6992
5591,stage2,3,0.11084923148155212,0.333046019077301,0.0,0.11084923148155212,0.0001,1e-05,50.322,3.0002,3.84
5592,stage2,3,0.10040359199047089,0.3203791677951813,0.0,0.10040359199047089,0.0001,1e-05,50.323,2.9397,0.6431
5593,stage2,3,0.10077279061079025,0.29626384377479553,0.0,0.10077279061079025,0.0001,1e-05,50.321,2.3336,0.6603
5594,stage2,3,0.11387912184000015,0.29525214433670044,0.0,0.11387912184000015,0.0001,1e-05,50.317,2.4869,0.6429
5595,stage2,3,0.13299107551574707,0.30816650390625,0.0,0.13299107551574707,0.0001,1e-05,50.319,2.8901,0.6732
5596,stage2,3,0.0984867662191391,0.29402077198028564,0.0,0.0984867662191391,0.0001,1e-05,50.32,2.8414,0.6994
5597,stage2,3,0.10307867079973221,0.3036932051181793,0.0,0.10307867079973221,0.0001,1e-05,50.324,2.4301,0.6501
5598,stage2,3,0.09387500584125519,0.3188164234161377,0.0,0.09387500584125519,0.0001,1e-05,50.325,2.4199,0.6518
5599,stage2,3,0.11177701503038406,0.3052869141101837,0.0,0.11177701503038406,0.0001,1e-05,50.323,2.3467,3.9021
5600,stage2,3,0.12254433333873749,0.2972671687602997,0.0,0.12254433333873749,0.0001,1e-05,50.325,2.4738,0.7024
5601,stage2,3,0.107512928545475,0.2976914048194885,0.0,0.107512928545475,0.0001,1e-05,50.322,2.5455,0.6457
5602,stage2,3,0.09376993775367737,0.3080376386642456,0.0,0.09376993775367737,0.0001,1e-05,50.322,2.431,0.6447
5603,stage2,3,0.09267258644104004,0.2809351086616516,0.0,0.09267258644104004,0.0001,1e-05,50.322,2.3734,0.6467
5604,stage2,3,0.11027004569768906,0.31644660234451294,0.0,0.11027004569768906,0.0001,1e-05,50.322,2.903,0.6457
5605,stage2,3,0.10472825914621353,0.29732954502105713,0.0,0.10472825914621353,0.0001,1e-05,50.318,2.9294,0.7059
5606,stage2,3,0.09523557126522064,0.2991426885128021,0.0,0.09523557126522064,0.0001,1e-05,50.323,2.6502,0.6459
5607,stage2,3,0.1189543828368187,0.3419429659843445,0.0,0.1189543828368187,0.0001,1e-05,50.322,2.541,3.7961
5608,stage2,3,0.10443595051765442,0.32216745615005493,0.0,0.10443595051765442,0.0001,1e-05,50.322,2.2529,0.6507
5609,stage2,3,0.10453188419342041,0.35144954919815063,0.0,0.10453188419342041,0.0001,1e-05,50.323,2.6302,0.7132
5610,stage2,3,0.10168474912643433,0.3032267689704895,0.0,0.10168474912643433,0.0001,1e-05,50.32,2.3219,0.6836
5611,stage2,3,0.10430499911308289,0.31019505858421326,0.0,0.10430499911308289,0.0001,1e-05,50.321,2.4138,0.6452
5612,stage2,3,0.10846779495477676,0.34464576840400696,0.0,0.10846779495477676,0.0001,1e-05,50.323,2.5446,0.6463
5613,stage2,3,0.11356483399868011,0.27201327681541443,0.0,0.11356483399868011,0.0001,1e-05,50.321,3.4693,0.652
5614,stage2,3,0.09949394315481186,0.32052019238471985,0.0,0.09949394315481186,0.0001,1e-05,50.32,2.5714,0.6445
5615,stage2,3,0.11835845559835434,0.3105785548686981,0.0,0.11835845559835434,0.0001,1e-05,50.324,3.1973,3.9505
5616,stage2,3,0.10465821623802185,0.31627771258354187,0.0,0.10465821623802185,0.0001,1e-05,50.321,2.2641,0.6335
5617,stage2,3,0.11461067199707031,0.3093887269496918,0.0,0.11461067199707031,0.0001,1e-05,50.324,2.9238,0.6769
5618,stage2,3,0.11896159499883652,0.3176039755344391,0.0,0.11896159499883652,0.0001,1e-05,50.322,2.8303,0.6436
5619,stage2,3,0.10221739113330841,0.3372756838798523,0.0,0.10221739113330841,0.0001,1e-05,50.32,2.969,0.6484
5620,stage2,3,0.0937940925359726,0.31334275007247925,0.0,0.0937940925359726,0.0001,1e-05,50.323,2.4575,0.642
5621,stage2,3,0.11958210915327072,0.30493828654289246,0.0,0.11958210915327072,0.0001,1e-05,50.317,3.2363,0.6643
5622,stage2,3,0.12693937122821808,0.299265593290329,0.0,0.12693937122821808,0.0001,1e-05,50.321,3.5711,0.64
5623,stage2,3,0.09613686800003052,0.31994298100471497,0.0,0.09613686800003052,0.0001,1e-05,50.322,2.739,3.9104
5624,stage2,3,0.11911668628454208,0.3103148639202118,0.0,0.11911668628454208,0.0001,1e-05,50.32,2.729,0.648
5625,stage2,3,0.10960428416728973,0.2817060649394989,0.0,0.10960428416728973,0.0001,1e-05,50.319,2.9519,0.7167
5626,stage2,3,0.11186941713094711,0.3353846073150635,0.0,0.11186941713094711,0.0001,1e-05,50.32,2.9945,0.6456
5627,stage2,3,0.10158191621303558,0.33227410912513733,0.0,0.10158191621303558,0.0001,1e-05,50.322,2.5796,0.646
5628,stage2,3,0.09826583415269852,0.29449933767318726,0.0,0.09826583415269852,0.0001,1e-05,50.32,2.4909,0.6993
5629,stage2,3,0.11696241050958633,0.3057137727737427,0.0,0.11696241050958633,0.0001,1e-05,50.323,2.9217,0.6464
5630,stage2,3,0.11033441126346588,0.3090212345123291,0.0,0.11033441126346588,0.0001,1e-05,50.321,2.4827,0.6503
5631,stage2,3,0.09777414053678513,0.34239017963409424,0.0,0.09777414053678513,0.0001,1e-05,50.32,2.3084,3.8066
5632,stage2,3,0.10541591048240662,0.3055955171585083,0.0,0.10541591048240662,0.0001,1e-05,50.325,2.8301,0.7002
5633,stage2,3,0.11942532658576965,0.2991056442260742,0.0,0.11942532658576965,0.0001,1e-05,50.326,2.619,0.8203
5634,stage2,3,0.11069795489311218,0.3694308400154114,0.0,0.11069795489311218,0.0001,1e-05,50.321,3.335,0.645
5635,stage2,3,0.10523311048746109,0.3067600131034851,0.0,0.10523311048746109,0.0001,1e-05,50.323,2.4436,0.6449
5636,stage2,3,0.1077117770910263,0.29357630014419556,0.0,0.1077117770910263,0.0001,1e-05,50.324,2.6756,0.6506
5637,stage2,3,0.10310550034046173,0.3171314001083374,0.0,0.10310550034046173,0.0001,1e-05,50.32,2.5855,0.6987
5638,stage2,3,0.11480347812175751,0.33694806694984436,0.0,0.11480347812175751,0.0001,1e-05,50.322,3.1313,0.652
5639,stage2,3,0.10615459829568863,0.3044673204421997,0.0,0.10615459829568863,0.0001,1e-05,50.322,2.7026,3.6295
5640,stage2,3,0.10590454190969467,0.30660608410835266,0.0,0.10590454190969467,0.0001,1e-05,50.323,2.3593,0.644
5641,stage2,3,0.10174661874771118,0.29674509167671204,0.0,0.10174661874771118,0.0001,1e-05,50.321,2.4461,0.9421
5642,stage2,3,0.10588596761226654,0.3046836256980896,0.0,0.10588596761226654,0.0001,1e-05,50.322,2.3712,0.708
5643,stage2,3,0.12190543115139008,0.31064337491989136,0.0,0.12190543115139008,0.0001,1e-05,50.32,2.7319,0.6353
5644,stage2,3,0.10749666392803192,0.3049107491970062,0.0,0.10749666392803192,0.0001,1e-05,50.321,2.4196,0.6456
5645,stage2,3,0.09805181622505188,0.3405032455921173,0.0,0.09805181622505188,0.0001,1e-05,50.321,2.103,0.6455
5646,stage2,3,0.104063019156456,0.30305346846580505,0.0,0.104063019156456,0.0001,1e-05,50.324,2.4497,0.6455
5647,stage2,3,0.09237322211265564,0.3256683051586151,0.0,0.09237322211265564,0.0001,1e-05,50.323,2.7684,3.6843
5648,stage2,3,0.1009460836648941,0.2895907759666443,0.0,0.1009460836648941,0.0001,1e-05,50.323,2.8591,0.6423
5649,stage2,3,0.10600651055574417,0.30055442452430725,0.0,0.10600651055574417,0.0001,1e-05,50.32,2.6643,0.9015
5650,stage2,3,0.09146913141012192,0.3049647808074951,0.0,0.09146913141012192,0.0001,1e-05,50.321,1.9495,0.6982
5651,stage2,3,0.10847512632608414,0.3091784119606018,0.0,0.10847512632608414,0.0001,1e-05,50.319,2.4116,0.6525
5652,stage2,3,0.11335890740156174,0.344510555267334,0.0,0.11335890740156174,0.0001,1e-05,50.327,2.1922,0.6434
5653,stage2,3,0.09728530049324036,0.3269945979118347,0.0,0.09728530049324036,0.0001,1e-05,50.323,2.5341,0.646
5654,stage2,3,0.11286386847496033,0.2898222506046295,0.0,0.11286386847496033,0.0001,1e-05,50.323,3.1069,0.6449
5655,stage2,3,0.09164777398109436,0.2730315923690796,0.0,0.09164777398109436,0.0001,1e-05,50.32,2.4108,3.7807
5656,stage2,3,0.09728933870792389,0.3051756024360657,0.0,0.09728933870792389,0.0001,1e-05,50.32,2.9063,0.643
5657,stage2,3,0.09761638194322586,0.36096203327178955,0.0,0.09761638194322586,0.0001,1e-05,50.324,2.4626,0.8914
5658,stage2,3,0.11830652505159378,0.3282763659954071,0.0,0.11830652505159378,0.0001,1e-05,50.324,2.3705,0.6444
5659,stage2,3,0.09178811311721802,0.28613001108169556,0.0,0.09178811311721802,0.0001,1e-05,50.32,2.4428,0.6995
5660,stage2,3,0.09950064867734909,0.29223260283470154,0.0,0.09950064867734909,0.0001,1e-05,50.321,2.225,0.6479
5661,stage2,3,0.11011607944965363,0.29295089840888977,0.0,0.11011607944965363,0.0001,1e-05,50.324,2.3939,0.6467
5662,stage2,3,0.12630555033683777,0.29836612939834595,0.0,0.12630555033683777,0.0001,1e-05,50.323,2.6025,0.6454
5663,stage2,3,0.12802469730377197,0.3065158724784851,0.0,0.12802469730377197,0.0001,1e-05,50.322,2.9488,3.7603
5664,stage2,3,0.1096401959657669,0.32953161001205444,0.0,0.1096401959657669,0.0001,1e-05,50.32,2.3968,0.6713
5665,stage2,3,0.1054840236902237,0.30717238783836365,0.0,0.1054840236902237,0.0001,1e-05,50.321,2.7279,0.7867
5666,stage2,3,0.12100986391305923,0.3024751842021942,0.0,0.12100986391305923,0.0001,1e-05,50.321,2.5748,0.6439
5667,stage2,3,0.08999577909708023,0.32715827226638794,0.0,0.08999577909708023,0.0001,1e-05,50.321,2.1979,0.6486
5668,stage2,3,0.11064274609088898,0.32444003224372864,0.0,0.11064274609088898,0.0001,1e-05,50.321,2.6675,0.7148
5669,stage2,3,0.10035087913274765,0.30742159485816956,0.0,0.10035087913274765,0.0001,1e-05,50.32,2.4045,0.7043
5670,stage2,3,0.09629455208778381,0.30850714445114136,0.0,0.09629455208778381,0.0001,1e-05,50.319,2.143,0.6437
5671,stage2,3,0.10467639565467834,0.29535946249961853,0.0,0.10467639565467834,0.0001,1e-05,50.32,2.5779,3.7597
5672,stage2,3,0.09344485402107239,0.3058694899082184,0.0,0.09344485402107239,0.0001,1e-05,50.32,2.2173,0.649
5673,stage2,3,0.10082251578569412,0.30236390233039856,0.0,0.10082251578569412,0.0001,1e-05,50.32,2.2828,0.6797
5674,stage2,3,0.10186821222305298,0.2991292178630829,0.0,0.10186821222305298,0.0001,1e-05,50.325,2.4918,0.697
5675,stage2,3,0.11653119325637817,0.29313936829566956,0.0,0.11653119325637817,0.0001,1e-05,50.324,2.4679,0.6438
5676,stage2,3,0.12499559670686722,0.2979816198348999,0.0,0.12499559670686722,0.0001,1e-05,50.321,2.6863,0.7532
5677,stage2,3,0.11719910800457001,0.3005077838897705,0.0,0.11719910800457001,0.0001,1e-05,50.319,2.5418,0.6502
5678,stage2,3,0.10911989957094193,0.3080050051212311,0.0,0.10911989957094193,0.0001,1e-05,50.326,2.1406,0.645
5679,stage2,3,0.11522261798381805,0.3098485767841339,0.0,0.11522261798381805,0.0001,1e-05,50.322,2.6184,3.8375
5680,stage2,3,0.10287190973758698,0.3111405074596405,0.0,0.10287190973758698,0.0001,1e-05,50.321,2.4152,0.6476
5681,stage2,3,0.10784484446048737,0.3323381245136261,0.0,0.10784484446048737,0.0001,1e-05,50.321,2.6109,0.6495
5682,stage2,3,0.07477069646120071,0.3014536499977112,0.0,0.07477069646120071,0.0001,1e-05,50.32,2.2525,0.6438
5683,stage2,3,0.10481183975934982,0.2940756678581238,0.0,0.10481183975934982,0.0001,1e-05,50.322,2.5798,0.6431
5684,stage2,3,0.11423246562480927,0.3036859631538391,0.0,0.11423246562480927,0.0001,1e-05,50.321,2.7761,0.8573
5685,stage2,3,0.09452546387910843,0.3326660692691803,0.0,0.09452546387910843,0.0001,1e-05,50.322,2.4278,0.7257
5686,stage2,3,0.11638285964727402,0.31371134519577026,0.0,0.11638285964727402,0.0001,1e-05,50.32,2.8917,0.6449
5687,stage2,3,0.11327137053012848,0.3107111155986786,0.0,0.11327137053012848,0.0001,1e-05,50.322,2.7867,3.7125
5688,stage2,3,0.11503500491380692,0.30893567204475403,0.0,0.11503500491380692,0.0001,1e-05,50.322,2.8222,0.6445
5689,stage2,3,0.09200863540172577,0.3417375087738037,0.0,0.09200863540172577,0.0001,1e-05,50.322,2.195,0.7558
5690,stage2,3,0.09640717506408691,0.322199285030365,0.0,0.09640717506408691,0.0001,1e-05,50.322,2.1327,0.6343
5691,stage2,3,0.0992128849029541,0.28900137543678284,0.0,0.0992128849029541,0.0001,1e-05,50.321,2.4583,0.6669
5692,stage2,3,0.11917669326066971,0.30202481150627136,0.0,0.11917669326066971,0.0001,1e-05,50.321,2.7261,0.7779
5693,stage2,3,0.08615747094154358,0.321919709444046,0.0,0.08615747094154358,0.0001,1e-05,50.322,1.9367,0.7038
5694,stage2,3,0.10815147310495377,0.3097245693206787,0.0,0.10815147310495377,0.0001,1e-05,50.32,2.7295,0.6461
5695,stage2,3,0.10931923985481262,0.28863874077796936,0.0,0.10931923985481262,0.0001,1e-05,50.322,2.4907,3.5737
5696,stage2,3,0.10891056805849075,0.3104184567928314,0.0,0.10891056805849075,0.0001,1e-05,50.323,3.0223,0.6438
5697,stage2,3,0.09268076717853546,0.29587769508361816,0.0,0.09268076717853546,0.0001,1e-05,50.325,2.1001,0.8186
5698,stage2,3,0.097291000187397,0.3174498379230499,0.0,0.097291000187397,0.0001,1e-05,50.323,2.4022,0.6958
5699,stage2,3,0.08602249622344971,0.3053749203681946,0.0,0.08602249622344971,0.0001,1e-05,50.32,2.0495,0.6436
5700,stage2,3,0.11665263026952744,0.30061742663383484,0.0,0.11665263026952744,0.0001,1e-05,50.321,2.8796,0.7326
5701,stage2,3,0.11225167661905289,0.3086545467376709,0.0,0.11225167661905289,0.0001,1e-05,50.323,2.4055,0.756
5702,stage2,3,0.09050969779491425,0.29606568813323975,0.0,0.09050969779491425,0.0001,1e-05,50.322,2.0906,0.6468
5703,stage2,3,0.09490074962377548,0.29134637117385864,0.0,0.09490074962377548,0.0001,1e-05,50.324,2.1998,3.8745
5704,stage2,3,0.12148754298686981,0.32623955607414246,0.0,0.12148754298686981,0.0001,1e-05,50.322,2.6928,0.6445
5705,stage2,3,0.09439501166343689,0.31039589643478394,0.0,0.09439501166343689,0.0001,1e-05,50.325,2.2809,0.8008
5706,stage2,3,0.08402259647846222,0.3140924870967865,0.0,0.08402259647846222,0.0001,1e-05,50.321,2.2307,0.6458
5707,stage2,3,0.10996173322200775,0.29002925753593445,0.0,0.10996173322200775,0.0001,1e-05,50.321,2.8782,0.708
5708,stage2,3,0.09153321385383606,0.33926910161972046,0.0,0.09153321385383606,0.0001,1e-05,50.322,2.1987,0.6374
5709,stage2,3,0.09762202203273773,0.28245633840560913,0.0,0.09762202203273773,0.0001,1e-05,50.321,2.5026,0.7422
5710,stage2,3,0.1021045446395874,0.281401664018631,0.0,0.1021045446395874,0.0001,1e-05,50.32,2.1307,0.6463
5711,stage2,3,0.10222355276346207,0.3233932554721832,0.0,0.10222355276346207,0.0001,1e-05,50.321,2.8028,3.6723
5712,stage2,3,0.09786324948072433,0.3017331063747406,0.0,0.09786324948072433,0.0001,1e-05,50.32,2.3013,0.7002
5713,stage2,3,0.09341056644916534,0.2937874495983124,0.0,0.09341056644916534,0.0001,1e-05,50.322,2.5535,0.7677
5714,stage2,3,0.10186461359262466,0.3111319839954376,0.0,0.10186461359262466,0.0001,1e-05,50.321,3.1301,0.6452
5715,stage2,3,0.08233112841844559,0.3367631435394287,0.0,0.08233112841844559,0.0001,1e-05,50.32,2.2021,0.6519
5716,stage2,3,0.09822455793619156,0.3108859658241272,0.0,0.09822455793619156,0.0001,1e-05,50.319,3.0037,0.6392
5717,stage2,3,0.10392267256975174,0.3127869665622711,0.0,0.10392267256975174,0.0001,1e-05,50.321,2.8499,0.8133
5718,stage2,3,0.11033240705728531,0.29465633630752563,0.0,0.11033240705728531,0.0001,1e-05,50.32,3.2194,0.6462
5719,stage2,3,0.10502582788467407,0.31310588121414185,0.0,0.10502582788467407,0.0001,1e-05,50.324,2.8251,3.656
5720,stage2,3,0.08603586256504059,0.3370782732963562,0.0,0.08603586256504059,0.0001,1e-05,50.321,2.1899,0.6448
5721,stage2,3,0.11567936092615128,0.30040818452835083,0.0,0.11567936092615128,0.0001,1e-05,50.327,3.19,0.7897
5722,stage2,3,0.09044161438941956,0.3102523982524872,0.0,0.09044161438941956,0.0001,1e-05,50.324,2.3216,0.6593
5723,stage2,3,0.10450313985347748,0.3037031888961792,0.0,0.10450313985347748,0.0001,1e-05,50.321,2.3699,0.7037
5724,stage2,3,0.10866320133209229,0.32670003175735474,0.0,0.10866320133209229,0.0001,1e-05,50.321,2.5635,0.644
5725,stage2,3,0.10979891568422318,0.3224155902862549,0.0,0.10979891568422318,0.0001,1e-05,50.32,2.5789,0.6887
5726,stage2,3,0.10360430926084518,0.30235615372657776,0.0,0.10360430926084518,0.0001,1e-05,50.318,2.9852,0.6457
5727,stage2,3,0.10847675055265427,0.2743423879146576,0.0,0.10847675055265427,0.0001,1e-05,50.324,2.996,3.7187
5728,stage2,3,0.11346826702356339,0.32610663771629333,0.0,0.11346826702356339,0.0001,1e-05,50.324,2.944,0.6922
5729,stage2,3,0.09372904896736145,0.2915949821472168,0.0,0.09372904896736145,0.0001,1e-05,50.322,2.3903,0.8459
5730,stage2,3,0.10496117919683456,0.2958725094795227,0.0,0.10496117919683456,0.0001,1e-05,50.318,2.6034,0.6475
5731,stage2,3,0.0935775637626648,0.2887389659881592,0.0,0.0935775637626648,0.0001,1e-05,50.322,2.1523,0.646
5732,stage2,3,0.10066018253564835,0.2993157207965851,0.0,0.10066018253564835,0.0001,1e-05,50.322,2.4283,0.7136
5733,stage2,3,0.09835928678512573,0.2915033996105194,0.0,0.09835928678512573,0.0001,1e-05,50.324,2.4521,0.6656
5734,stage2,3,0.09641412645578384,0.2704789340496063,0.0,0.09641412645578384,0.0001,1e-05,50.324,2.5183,0.6466
5735,stage2,3,0.07968639582395554,0.30239880084991455,0.0,0.07968639582395554,0.0001,1e-05,50.325,2.0451,3.6689
5736,stage2,3,0.09945325553417206,0.3132905066013336,0.0,0.09945325553417206,0.0001,1e-05,50.322,2.2912,0.6486
5737,stage2,3,0.10189643502235413,0.307538777589798,0.0,0.10189643502235413,0.0001,1e-05,50.325,2.4542,0.8873
5738,stage2,3,0.10876625776290894,0.31034785509109497,0.0,0.10876625776290894,0.0001,1e-05,50.32,2.9304,0.6457
5739,stage2,3,0.09371205419301987,0.30777403712272644,0.0,0.09371205419301987,0.0001,1e-05,50.319,2.4822,0.6473
5740,stage2,3,0.10574121028184891,0.30366384983062744,0.0,0.10574121028184891,0.0001,1e-05,50.321,2.5899,0.643
5741,stage2,3,0.08626297116279602,0.3292604386806488,0.0,0.08626297116279602,0.0001,1e-05,50.32,2.2852,0.8446
5742,stage2,3,0.11443426460027695,0.33220174908638,0.0,0.11443426460027695,0.0001,1e-05,50.322,3.0896,0.668
5743,stage2,3,0.10670686513185501,0.2966931164264679,0.0,0.10670686513185501,0.0001,1e-05,50.318,2.3128,3.5322
5744,stage2,3,0.11364137381315231,0.31513506174087524,0.0,0.11364137381315231,0.0001,1e-05,50.321,2.4423,0.6443
5745,stage2,3,0.09332258254289627,0.29419979453086853,0.0,0.09332258254289627,0.0001,1e-05,50.322,2.525,0.8176
5746,stage2,3,0.09389276057481766,0.3221700191497803,0.0,0.09389276057481766,0.0001,1e-05,50.323,2.1781,0.6454
5747,stage2,3,0.09665387123823166,0.3045978546142578,0.0,0.09665387123823166,0.0001,1e-05,50.322,2.4954,0.7028
5748,stage2,3,0.1081027090549469,0.33316683769226074,0.0,0.1081027090549469,0.0001,1e-05,50.322,2.5076,0.7011
5749,stage2,3,0.11060340702533722,0.30304914712905884,0.0,0.11060340702533722,0.0001,1e-05,50.324,3.6508,0.824
5750,stage2,3,0.1156398206949234,0.275749534368515,0.0,0.1156398206949234,0.0001,1e-05,50.321,2.4495,0.6469
5751,stage2,3,0.1362440437078476,0.31224679946899414,0.0,0.1362440437078476,0.0001,1e-05,50.324,3.6148,3.4962
5752,stage2,3,0.1201692447066307,0.34293022751808167,0.0,0.1201692447066307,0.0001,1e-05,50.319,3.0067,0.6967
5753,stage2,3,0.11217888444662094,0.3017110228538513,0.0,0.11217888444662094,0.0001,1e-05,50.32,2.9037,0.8125
5754,stage2,3,0.10703759640455246,0.30503135919570923,0.0,0.10703759640455246,0.0001,1e-05,50.318,2.8215,0.6452
5755,stage2,3,0.08362087607383728,0.30858153104782104,0.0,0.08362087607383728,0.0001,1e-05,50.318,2.3069,0.6468
5756,stage2,3,0.09979784488677979,0.30997321009635925,0.0,0.09979784488677979,0.0001,1e-05,50.321,3.0404,0.8749
5757,stage2,3,0.11183097958564758,0.3058888614177704,0.0,0.11183097958564758,0.0001,1e-05,50.321,2.6797,0.6818
5758,stage2,3,0.12112630158662796,0.2984023690223694,0.0,0.12112630158662796,0.0001,1e-05,50.321,2.7002,0.6469
5759,stage2,3,0.09584058076143265,0.2970038652420044,0.0,0.09584058076143265,0.0001,1e-05,50.321,2.3709,3.5028
5760,stage2,3,0.09264849126338959,0.3269002437591553,0.0,0.09264849126338959,0.0001,1e-05,50.323,2.0013,0.6451
5761,stage2,3,0.11453750729560852,0.3020876348018646,0.0,0.11453750729560852,0.0001,1e-05,50.315,2.6846,0.9156
5762,stage2,3,0.10498929768800735,0.28848588466644287,0.0,0.10498929768800735,0.0001,1e-05,50.32,2.5339,0.7015
5763,stage2,3,0.12666034698486328,0.31804850697517395,0.0,0.12666034698486328,0.0001,1e-05,50.321,3.5234,0.6485
5764,stage2,3,0.10115606337785721,0.2838366627693176,0.0,0.10115606337785721,0.0001,1e-05,50.321,2.8199,0.7403
5765,stage2,3,0.0984184592962265,0.29544979333877563,0.0,0.0984184592962265,0.0001,1e-05,50.322,2.5082,0.7814
5766,stage2,3,0.10266543179750443,0.28568050265312195,0.0,0.10266543179750443,0.0001,1e-05,50.326,2.604,0.6503
5767,stage2,3,0.11522648483514786,0.2875928282737732,0.0,0.11522648483514786,0.0001,1e-05,50.321,2.2583,3.4985
5768,stage2,3,0.1235814094543457,0.29524552822113037,0.0,0.1235814094543457,0.0001,1e-05,50.322,3.8151,0.6468
5769,stage2,3,0.10051655024290085,0.26906120777130127,0.0,0.10051655024290085,0.0001,1e-05,50.321,2.2818,0.9537
5770,stage2,3,0.10360980033874512,0.3549864590167999,0.0,0.10360980033874512,0.0001,1e-05,50.324,2.7544,0.6446
5771,stage2,3,0.0901409462094307,0.2790129780769348,0.0,0.0901409462094307,0.0001,1e-05,50.319,2.0124,0.703
5772,stage2,3,0.10291449725627899,0.3044039011001587,0.0,0.10291449725627899,0.0001,1e-05,50.32,1.9178,0.6559
5773,stage2,3,0.11319378018379211,0.3452222943305969,0.0,0.11319378018379211,0.0001,1e-05,50.322,3.1383,0.8036
5774,stage2,3,0.10150738060474396,0.3018902540206909,0.0,0.10150738060474396,0.0001,1e-05,50.322,2.7464,0.6517
5775,stage2,3,0.11141348630189896,0.31364011764526367,0.0,0.11141348630189896,0.0001,1e-05,50.324,3.0398,3.3775
5776,stage2,3,0.1098446175456047,0.32402029633522034,0.0,0.1098446175456047,0.0001,1e-05,50.327,2.797,0.6454
5777,stage2,3,0.09949710965156555,0.28249725699424744,0.0,0.09949710965156555,0.0001,1e-05,50.324,2.5503,1.0476
5778,stage2,3,0.10433293133974075,0.2977811098098755,0.0,0.10433293133974075,0.0001,1e-05,50.32,3.1446,0.643
5779,stage2,3,0.08839400857686996,0.33942294120788574,0.0,0.08839400857686996,0.0001,1e-05,50.323,2.529,0.645
5780,stage2,3,0.10402196645736694,0.31333819031715393,0.0,0.10402196645736694,0.0001,1e-05,50.322,2.5364,0.7333
5781,stage2,3,0.1157170757651329,0.30734533071517944,0.0,0.1157170757651329,0.0001,1e-05,50.32,2.6878,0.7867
5782,stage2,3,0.1064067855477333,0.31190168857574463,0.0,0.1064067855477333,0.0001,1e-05,50.32,2.7251,0.6994
5783,stage2,3,0.1010066494345665,0.3175361454486847,0.0,0.1010066494345665,0.0001,1e-05,50.318,2.4045,3.3256
5784,stage2,3,0.10354559123516083,0.2912248969078064,0.0,0.10354559123516083,0.0001,1e-05,50.316,2.445,0.6434
5785,stage2,3,0.10315325111150742,0.2961474061012268,0.0,0.10315325111150742,0.0001,1e-05,50.323,2.373,0.8427
5786,stage2,3,0.11668925732374191,0.2885810136795044,0.0,0.11668925732374191,0.0001,1e-05,50.32,2.7851,0.6644
5787,stage2,3,0.11407553404569626,0.28223109245300293,0.0,0.11407553404569626,0.0001,1e-05,50.322,2.2688,0.678
5788,stage2,3,0.12536197900772095,0.28558653593063354,0.0,0.12536197900772095,0.0001,1e-05,50.323,3.5583,0.9182
5789,stage2,3,0.104268878698349,0.3162216246128082,0.0,0.104268878698349,0.0001,1e-05,50.321,2.5451,0.8253
5790,stage2,3,0.1057928279042244,0.31234681606292725,0.0,0.1057928279042244,0.0001,1e-05,50.319,2.17,0.6512
5791,stage2,3,0.08131315559148788,0.2802475392818451,0.0,0.08131315559148788,0.0001,1e-05,50.319,1.9347,3.4621
5792,stage2,3,0.09151211380958557,0.3092188537120819,0.0,0.09151211380958557,0.0001,1e-05,50.323,2.5064,0.6459
5793,stage2,3,0.11436084657907486,0.29477137327194214,0.0,0.11436084657907486,0.0001,1e-05,50.316,2.7868,0.6556
5794,stage2,3,0.10529031604528427,0.2944115400314331,0.0,0.10529031604528427,0.0001,1e-05,50.321,2.4376,0.6447
5795,stage2,3,0.0952642485499382,0.27118775248527527,0.0,0.0952642485499382,0.0001,1e-05,50.32,1.9544,0.6523
5796,stage2,3,0.10778584331274033,0.31641843914985657,0.0,0.10778584331274033,0.0001,1e-05,50.323,2.4749,1.0809
5797,stage2,3,0.11291956901550293,0.303415983915329,0.0,0.11291956901550293,0.0001,1e-05,50.324,2.6197,0.8493
5798,stage2,3,0.09957878291606903,0.3053743243217468,0.0,0.09957878291606903,0.0001,1e-05,50.322,2.2574,0.6614
5799,stage2,3,0.10838757455348969,0.28704261779785156,0.0,0.10838757455348969,0.0001,1e-05,50.325,2.4543,3.4079
5800,stage2,3,0.11829430609941483,0.31398698687553406,0.0,0.11829430609941483,0.0001,1e-05,50.32,3.079,0.6509
5801,stage2,3,0.10876520723104477,0.3023923337459564,0.0,0.10876520723104477,0.0001,1e-05,50.321,2.515,0.7269
5802,stage2,3,0.10189776867628098,0.289732962846756,0.0,0.10189776867628098,0.0001,1e-05,50.322,2.1115,0.6374
5803,stage2,3,0.09626342356204987,0.30095934867858887,0.0,0.09626342356204987,0.0001,1e-05,50.324,2.5429,0.7314
5804,stage2,3,0.10134270042181015,0.31149426102638245,0.0,0.10134270042181015,0.0001,1e-05,50.324,2.1886,1.0136
5805,stage2,3,0.10376599431037903,0.3000822961330414,0.0,0.10376599431037903,0.0001,1e-05,50.322,2.6522,0.8285
5806,stage2,3,0.10394363850355148,0.30361321568489075,0.0,0.10394363850355148,0.0001,1e-05,50.328,2.724,0.6621
5807,stage2,3,0.08739689737558365,0.3053572475910187,0.0,0.08739689737558365,0.0001,1e-05,50.325,2.3181,3.3977
5808,stage2,3,0.09843955188989639,0.2960963547229767,0.0,0.09843955188989639,0.0001,1e-05,50.325,2.3764,0.6598
5809,stage2,3,0.08664104342460632,0.2749505937099457,0.0,0.08664104342460632,0.0001,1e-05,50.323,2.2397,0.7137
5810,stage2,3,0.10526899248361588,0.30629053711891174,0.0,0.10526899248361588,0.0001,1e-05,50.32,2.436,0.6605
5811,stage2,3,0.10219527035951614,0.36417829990386963,0.0,0.10219527035951614,0.0001,1e-05,50.319,2.9526,0.7093
5812,stage2,3,0.10340801626443863,0.3274601697921753,0.0,0.10340801626443863,0.0001,1e-05,50.32,2.8054,1.256
5813,stage2,3,0.09946734458208084,0.3127392828464508,0.0,0.09946734458208084,0.0001,1e-05,50.322,2.5184,0.718
5814,stage2,3,0.10154905170202255,0.2813052535057068,0.0,0.10154905170202255,0.0001,1e-05,50.322,2.1844,0.7253
5815,stage2,3,0.07929482311010361,0.3091493248939514,0.0,0.07929482311010361,0.0001,1e-05,50.318,2.0651,3.4011
5816,stage2,3,0.11245519667863846,0.3140489459037781,0.0,0.11245519667863846,0.0001,1e-05,50.322,2.6468,0.6612
5817,stage2,3,0.09685959666967392,0.27407628297805786,0.0,0.09685959666967392,0.0001,1e-05,50.32,2.549,0.7241
5818,stage2,3,0.11860650777816772,0.30989113450050354,0.0,0.11860650777816772,0.0001,1e-05,50.322,2.8438,0.6464
5819,stage2,3,0.09209133684635162,0.2856418788433075,0.0,0.09209133684635162,0.0001,1e-05,50.324,2.1862,0.6579
5820,stage2,3,0.10776221752166748,0.30828404426574707,0.0,0.10776221752166748,0.0001,1e-05,50.321,2.4072,1.2343
5821,stage2,3,0.12441138923168182,0.2982034981250763,0.0,0.12441138923168182,0.0001,1e-05,50.323,2.4012,0.8026
5822,stage2,3,0.10760467499494553,0.32899466156959534,0.0,0.10760467499494553,0.0001,1e-05,50.321,3.0324,0.6637
5823,stage2,3,0.09971961379051208,0.29998576641082764,0.0,0.09971961379051208,0.0001,1e-05,50.323,2.6148,3.4295
5824,stage2,3,0.10710963606834412,0.32313215732574463,0.0,0.10710963606834412,0.0001,1e-05,50.323,2.3556,0.7074
5825,stage2,3,0.10522738099098206,0.3197260797023773,0.0,0.10522738099098206,0.0001,1e-05,50.322,2.2572,0.6585
5826,stage2,3,0.09229400753974915,0.2995855510234833,0.0,0.09229400753974915,0.0001,1e-05,50.322,2.395,0.7074
5827,stage2,3,0.11624784767627716,0.29095593094825745,0.0,0.11624784767627716,0.0001,1e-05,50.323,2.8765,0.6574
5828,stage2,3,0.08899188786745071,0.30768853425979614,0.0,0.08899188786745071,0.0001,1e-05,50.324,2.1712,1.2346
5829,stage2,3,0.0947345569729805,0.33468857407569885,0.0,0.0947345569729805,0.0001,1e-05,50.324,2.7323,0.7963
5830,stage2,3,0.09785647690296173,0.3482661247253418,0.0,0.09785647690296173,0.0001,1e-05,50.321,2.4777,0.639
5831,stage2,3,0.10394541919231415,0.2870090901851654,0.0,0.10394541919231415,0.0001,1e-05,50.321,2.4645,3.3154
5832,stage2,3,0.10599817335605621,0.3213540017604828,0.0,0.10599817335605621,0.0001,1e-05,50.321,2.7333,0.643
5833,stage2,3,0.09732396900653839,0.307313472032547,0.0,0.09732396900653839,0.0001,1e-05,50.32,2.4841,0.6673
5834,stage2,3,0.09940484166145325,0.3170861303806305,0.0,0.09940484166145325,0.0001,1e-05,50.322,2.4306,0.6384
5835,stage2,3,0.10167597979307175,0.31484487652778625,0.0,0.10167597979307175,0.0001,1e-05,50.321,2.4233,0.727
5836,stage2,3,0.10044972598552704,0.3043276071548462,0.0,0.10044972598552704,0.0001,1e-05,50.321,2.0584,1.3443
5837,stage2,3,0.11756297200918198,0.30317118763923645,0.0,0.11756297200918198,0.0001,1e-05,50.322,3.3103,0.6561
5838,stage2,3,0.10485786199569702,0.2924728989601135,0.0,0.10485786199569702,0.0001,1e-05,50.321,2.5489,0.6649
5839,stage2,3,0.10966428369283676,0.30147093534469604,0.0,0.10966428369283676,0.0001,1e-05,50.321,2.7328,3.366
5840,stage2,3,0.0953088328242302,0.30185815691947937,0.0,0.0953088328242302,0.0001,1e-05,50.323,2.9055,0.7264
5841,stage2,3,0.09264543652534485,0.3026825785636902,0.0,0.09264543652534485,0.0001,1e-05,50.323,2.3384,0.6417
5842,stage2,3,0.09808219224214554,0.3046681880950928,0.0,0.09808219224214554,0.0001,1e-05,50.323,2.3493,0.6588
5843,stage2,3,0.10988360643386841,0.2678719162940979,0.0,0.10988360643386841,0.0001,1e-05,50.319,3.0607,0.6387
5844,stage2,3,0.10524682700634003,0.2857028841972351,0.0,0.10524682700634003,0.0001,1e-05,50.321,2.9059,1.357
5845,stage2,3,0.07785885781049728,0.345817893743515,0.0,0.07785885781049728,0.0001,1e-05,50.32,2.0472,0.7798
5846,stage2,3,0.10903698205947876,0.2985835671424866,0.0,0.10903698205947876,0.0001,1e-05,50.318,2.7461,0.6598
5847,stage2,3,0.10697159171104431,0.3045029938220978,0.0,0.10697159171104431,0.0001,1e-05,50.317,2.4861,3.3261
5848,stage2,3,0.09238811582326889,0.32226380705833435,0.0,0.09238811582326889,0.0001,1e-05,50.32,2.3529,0.7094
5849,stage2,3,0.09816548228263855,0.3196895718574524,0.0,0.09816548228263855,0.0001,1e-05,50.322,2.1932,0.6556
5850,stage2,3,0.10561226308345795,0.2999226152896881,0.0,0.10561226308345795,0.0001,1e-05,50.317,2.4178,0.7124
5851,stage2,3,0.09205984324216843,0.2981320917606354,0.0,0.09205984324216843,0.0001,1e-05,50.323,2.3359,0.6625
5852,stage2,3,0.1090303286910057,0.3645941913127899,0.0,0.1090303286910057,0.0001,1e-05,50.324,3.305,1.1287
5853,stage2,3,0.11021062731742859,0.3257078230381012,0.0,0.11021062731742859,0.0001,1e-05,50.324,2.8651,0.777
5854,stage2,3,0.10294245928525925,0.2788345217704773,0.0,0.10294245928525925,0.0001,1e-05,50.326,2.8792,0.6435
5855,stage2,3,0.1134108453989029,0.2771553695201874,0.0,0.1134108453989029,0.0001,1e-05,50.322,2.7484,3.5549
5856,stage2,3,0.0962335541844368,0.30425769090652466,0.0,0.0962335541844368,0.0001,1e-05,50.326,1.7551,0.6531
5857,stage2,3,0.09917532652616501,0.27543455362319946,0.0,0.09917532652616501,0.0001,1e-05,50.322,2.1656,0.6698
5858,stage2,3,0.10412876307964325,0.3301904797554016,0.0,0.10412876307964325,0.0001,1e-05,50.324,2.7283,0.6947
5859,stage2,3,0.11509948968887329,0.28433355689048767,0.0,0.11509948968887329,0.0001,1e-05,50.323,3.0606,0.66
5860,stage2,3,0.1024521142244339,0.2885090708732605,0.0,0.1024521142244339,0.0001,1e-05,50.324,2.5184,1.0259
5861,stage2,3,0.11048733443021774,0.32019373774528503,0.0,0.11048733443021774,0.0001,1e-05,50.322,2.4311,0.9988
5862,stage2,3,0.1061641275882721,0.29417890310287476,0.0,0.1061641275882721,0.0001,1e-05,50.324,2.3623,0.6606
5863,stage2,3,0.11071650683879852,0.330929696559906,0.0,0.11071650683879852,0.0001,1e-05,50.324,2.4212,3.5009
5864,stage2,3,0.08368872851133347,0.31190720200538635,0.0,0.08368872851133347,0.0001,1e-05,50.323,2.3572,0.7123
5865,stage2,3,0.10741954296827316,0.3358086943626404,0.0,0.10741954296827316,0.0001,1e-05,50.322,2.5855,0.6434
5866,stage2,3,0.10940048843622208,0.31434670090675354,0.0,0.10940048843622208,0.0001,1e-05,50.319,3.6833,0.6669
5867,stage2,3,0.10256171971559525,0.3131704330444336,0.0,0.10256171971559525,0.0001,1e-05,50.323,2.283,0.6505
5868,stage2,3,0.11687386780977249,0.317766010761261,0.0,0.11687386780977249,0.0001,1e-05,50.32,3.1353,0.9419
5869,stage2,3,0.09612230211496353,0.2948338985443115,0.0,0.09612230211496353,0.0001,1e-05,50.319,2.8414,0.8199
5870,stage2,3,0.11658228188753128,0.28981325030326843,0.0,0.11658228188753128,0.0001,1e-05,50.325,2.9634,0.7117
5871,stage2,3,0.09770488739013672,0.28400737047195435,0.0,0.09770488739013672,0.0001,1e-05,50.324,2.6888,3.5473
5872,stage2,3,0.08687438815832138,0.31323567032814026,0.0,0.08687438815832138,0.0001,1e-05,50.321,2.2667,0.6614
5873,stage2,3,0.10804589837789536,0.294108122587204,0.0,0.10804589837789536,0.0001,1e-05,50.324,2.7521,0.7942
5874,stage2,3,0.07902634143829346,0.3097795248031616,0.0,0.07902634143829346,0.0001,1e-05,50.323,2.6346,0.6701
5875,stage2,3,0.08921591192483902,0.3057492673397064,0.0,0.08921591192483902,0.0001,1e-05,50.322,2.0463,0.6647
5876,stage2,3,0.09818616509437561,0.2976906895637512,0.0,0.09818616509437561,0.0001,1e-05,50.319,2.834,0.929
5877,stage2,3,0.08988359570503235,0.2850741744041443,0.0,0.08988359570503235,0.0001,1e-05,50.323,2.404,0.9047
5878,stage2,3,0.09122425317764282,0.3251385986804962,0.0,0.09122425317764282,0.0001,1e-05,50.323,2.5099,0.7202
5879,stage2,3,0.10421488434076309,0.2909785509109497,0.0,0.10421488434076309,0.0001,1e-05,50.323,2.7924,3.3446
5880,stage2,3,0.10874419659376144,0.30846741795539856,0.0,0.10874419659376144,0.0001,1e-05,50.323,3.3535,0.7096
5881,stage2,3,0.10343635082244873,0.313890665769577,0.0,0.10343635082244873,0.0001,1e-05,50.324,2.0066,0.654
5882,stage2,3,0.11834856122732162,0.31736066937446594,0.0,0.11834856122732162,0.0001,1e-05,50.323,2.323,0.7169
5883,stage2,3,0.10722658783197403,0.29093849658966064,0.0,0.10722658783197403,0.0001,1e-05,50.321,2.8812,0.658
5884,stage2,3,0.09920568764209747,0.30314671993255615,0.0,0.09920568764209747,0.0001,1e-05,50.322,2.5118,0.9061
5885,stage2,3,0.1198035255074501,0.3157350420951843,0.0,0.1198035255074501,0.0001,1e-05,50.321,3.0687,0.9588
5886,stage2,3,0.1261865496635437,0.3120671212673187,0.0,0.1261865496635437,0.0001,1e-05,50.321,3.0461,0.6661
5887,stage2,3,0.09641365706920624,0.3104311227798462,0.0,0.09641365706920624,0.0001,1e-05,50.324,2.4605,3.3427
5888,stage2,3,0.09623035043478012,0.31883326172828674,0.0,0.09623035043478012,0.0001,1e-05,50.323,2.9613,0.7091
5889,stage2,3,0.09941311925649643,0.30425363779067993,0.0,0.09941311925649643,0.0001,1e-05,50.324,2.5042,0.7055
5890,stage2,3,0.104915551841259,0.32382261753082275,0.0,0.104915551841259,0.0001,1e-05,50.321,3.1861,0.7164
5891,stage2,3,0.1071699857711792,0.33788982033729553,0.0,0.1071699857711792,0.0001,1e-05,50.32,3.0011,0.6574
5892,stage2,3,0.09083902835845947,0.31877297163009644,0.0,0.09083902835845947,0.0001,1e-05,50.324,2.3336,0.934
5893,stage2,3,0.08809435367584229,0.2799330949783325,0.0,0.08809435367584229,0.0001,1e-05,50.323,2.0137,0.8968
5894,stage2,3,0.1099705919623375,0.31157541275024414,0.0,0.1099705919623375,0.0001,1e-05,50.322,3.191,0.7073
5895,stage2,3,0.10191678255796432,0.2915131449699402,0.0,0.10191678255796432,0.0001,1e-05,50.32,2.5017,3.5558
5896,stage2,3,0.10155598819255829,0.28802838921546936,0.0,0.10155598819255829,0.0001,1e-05,50.324,2.4369,0.6569
5897,stage2,3,0.12904807925224304,0.2996051609516144,0.0,0.12904807925224304,0.0001,1e-05,50.325,3.2834,0.7636
5898,stage2,3,0.10155045241117477,0.2840045392513275,0.0,0.10155045241117477,0.0001,1e-05,50.325,2.5735,0.654
5899,stage2,3,0.11141212284564972,0.30841687321662903,0.0,0.11141212284564972,0.0001,1e-05,50.324,2.0505,0.7301
5900,stage2,3,0.09678078442811966,0.3112989366054535,0.0,0.09678078442811966,0.0001,1e-05,50.328,2.9172,0.7451
5901,stage2,3,0.10297303646802902,0.3015293776988983,0.0,0.10297303646802902,0.0001,1e-05,50.324,2.9377,1.1169
5902,stage2,3,0.09184995293617249,0.32550716400146484,0.0,0.09184995293617249,0.0001,1e-05,50.322,2.1905,0.6822
5903,stage2,3,0.11475828289985657,0.3100384473800659,0.0,0.11475828289985657,0.0001,1e-05,50.321,2.4597,3.3901
5904,stage2,3,0.1069037914276123,0.27651017904281616,0.0,0.1069037914276123,0.0001,1e-05,50.318,2.5376,0.7055
5905,stage2,3,0.12268179655075073,0.30622243881225586,0.0,0.12268179655075073,0.0001,1e-05,50.326,3.0326,0.7705
5906,stage2,3,0.10296875983476639,0.3134617507457733,0.0,0.10296875983476639,0.0001,1e-05,50.321,2.2349,0.745
5907,stage2,3,0.10870908945798874,0.29857924580574036,0.0,0.10870908945798874,0.0001,1e-05,50.324,2.4918,0.6625
5908,stage2,3,0.09948652237653732,0.29191872477531433,0.0,0.09948652237653732,0.0001,1e-05,50.323,2.9112,0.9344
5909,stage2,3,0.09540506452322006,0.2976943254470825,0.0,0.09540506452322006,0.0001,1e-05,50.323,2.3102,1.0907
5910,stage2,3,0.10227944701910019,0.2994953691959381,0.0,0.10227944701910019,0.0001,1e-05,50.32,2.5686,0.666
5911,stage2,3,0.11223471164703369,0.3177635073661804,0.0,0.11223471164703369,0.0001,1e-05,50.321,3.1379,3.1373
5912,stage2,3,0.106114462018013,0.2998408377170563,0.0,0.106114462018013,0.0001,1e-05,50.323,2.7726,0.6891
5913,stage2,3,0.09713130444288254,0.3162597715854645,0.0,0.09713130444288254,0.0001,1e-05,50.326,2.1602,0.8705
5914,stage2,3,0.09497615694999695,0.30526673793792725,0.0,0.09497615694999695,0.0001,1e-05,50.324,2.867,0.7988
5915,stage2,3,0.10768897831439972,0.2982028126716614,0.0,0.10768897831439972,0.0001,1e-05,50.324,2.8713,0.6564
5916,stage2,3,0.1182798519730568,0.3096092939376831,0.0,0.1182798519730568,0.0001,1e-05,50.326,2.5032,0.9913
5917,stage2,3,0.11938617378473282,0.29917776584625244,0.0,0.11938617378473282,0.0001,1e-05,50.322,2.5878,0.8903
5918,stage2,3,0.12199516594409943,0.3159070611000061,0.0,0.12199516594409943,0.0001,1e-05,50.322,2.89,0.7052
5919,stage2,3,0.11760009825229645,0.31633272767066956,0.0,0.11760009825229645,0.0001,1e-05,50.324,3.3355,3.1437
5920,stage2,3,0.10913388431072235,0.29700329899787903,0.0,0.10913388431072235,0.0001,1e-05,50.326,2.3918,0.6557
5921,stage2,3,0.1022552102804184,0.29747164249420166,0.0,0.1022552102804184,0.0001,1e-05,50.326,2.921,0.9829
5922,stage2,3,0.0957053005695343,0.340378075838089,0.0,0.0957053005695343,0.0001,1e-05,50.323,2.3603,0.7965
5923,stage2,3,0.09332676231861115,0.3022621273994446,0.0,0.09332676231861115,0.0001,1e-05,50.326,1.9387,0.7168
5924,stage2,3,0.10173060745000839,0.31506040692329407,0.0,0.10173060745000839,0.0001,1e-05,50.327,2.7278,0.9321
5925,stage2,3,0.1105048730969429,0.2916947901248932,0.0,0.1105048730969429,0.0001,1e-05,50.321,2.7022,0.8305
5926,stage2,3,0.11020977795124054,0.2752838432788849,0.0,0.11020977795124054,0.0001,1e-05,50.324,2.2934,0.6594
5927,stage2,3,0.11859714239835739,0.30035048723220825,0.0,0.11859714239835739,0.0001,1e-05,50.323,2.4908,2.988
5928,stage2,3,0.09672963619232178,0.28540927171707153,0.0,0.09672963619232178,0.0001,1e-05,50.322,2.6498,0.7339
5929,stage2,3,0.09568700939416885,0.2939757704734802,0.0,0.09568700939416885,0.0001,1e-05,50.324,2.328,0.9208
5930,stage2,3,0.1123691201210022,0.29879510402679443,0.0,0.1123691201210022,0.0001,1e-05,50.327,2.618,1.0366
5931,stage2,3,0.09541032463312149,0.3047289550304413,0.0,0.09541032463312149,0.0001,1e-05,50.322,2.0394,0.6573
5932,stage2,3,0.09299123287200928,0.33761289715766907,0.0,0.09299123287200928,0.0001,1e-05,50.323,2.3429,1.0167
5933,stage2,3,0.11085491627454758,0.3135365843772888,0.0,0.11085491627454758,0.0001,1e-05,50.321,3.1845,0.693
5934,stage2,3,0.10914222151041031,0.2949068248271942,0.0,0.10914222151041031,0.0001,1e-05,50.323,2.5726,0.6467
5935,stage2,3,0.11816982179880142,0.3396413326263428,0.0,0.11816982179880142,0.0001,1e-05,50.324,3.0218,2.9138
5936,stage2,3,0.10970640927553177,0.3276064097881317,0.0,0.10970640927553177,0.0001,1e-05,50.321,2.4674,0.6451
5937,stage2,3,0.0866452157497406,0.30539608001708984,0.0,0.0866452157497406,0.0001,1e-05,50.325,2.4224,0.9673
5938,stage2,3,0.10808522999286652,0.33152443170547485,0.0,0.10808522999286652,0.0001,1e-05,50.327,2.7041,1.1447
5939,stage2,3,0.10160468518733978,0.27911660075187683,0.0,0.10160468518733978,0.0001,1e-05,50.323,2.6462,0.646
5940,stage2,3,0.11716408282518387,0.29065483808517456,0.0,0.11716408282518387,0.0001,1e-05,50.323,2.4905,1.0193
5941,stage2,3,0.10348472744226456,0.3154638707637787,0.0,0.10348472744226456,0.0001,1e-05,50.323,2.3585,0.6433
5942,stage2,3,0.11967606097459793,0.29172655940055847,0.0,0.11967606097459793,0.0001,1e-05,50.322,2.7904,0.6461
5943,stage2,3,0.09052490442991257,0.3111352324485779,0.0,0.09052490442991257,0.0001,1e-05,50.319,2.1148,2.8336
5944,stage2,3,0.10505090653896332,0.3025587797164917,0.0,0.10505090653896332,0.0001,1e-05,50.32,2.7341,0.6503
5945,stage2,3,0.12201651185750961,0.3061714172363281,0.0,0.12201651185750961,0.0001,1e-05,50.321,3.2209,0.9721
5946,stage2,3,0.09614316374063492,0.2943914532661438,0.0,0.09614316374063492,0.0001,1e-05,50.32,2.6333,1.1778
5947,stage2,3,0.08650029450654984,0.3057604432106018,0.0,0.08650029450654984,0.0001,1e-05,50.321,2.1764,0.6529
5948,stage2,3,0.08700670301914215,0.3303300738334656,0.0,0.08700670301914215,0.0001,1e-05,50.324,2.1201,0.9274
5949,stage2,3,0.08159827440977097,0.29146072268486023,0.0,0.08159827440977097,0.0001,1e-05,50.322,2.1877,0.6459
5950,stage2,3,0.09863254427909851,0.2991982698440552,0.0,0.09863254427909851,0.0001,1e-05,50.32,2.8572,0.6949
5951,stage2,3,0.10050531476736069,0.3200238347053528,0.0,0.10050531476736069,0.0001,1e-05,50.321,2.9607,2.8447
5952,stage2,3,0.10255458205938339,0.29256272315979004,0.0,0.10255458205938339,0.0001,1e-05,50.325,2.3632,0.7248
5953,stage2,3,0.12075914442539215,0.29490792751312256,0.0,0.12075914442539215,0.0001,1e-05,50.319,2.2754,0.885
5954,stage2,3,0.09526846557855606,0.30224528908729553,0.0,0.09526846557855606,0.0001,1e-05,50.323,2.8729,1.1987
5955,stage2,3,0.09580352902412415,0.3052220940589905,0.0,0.09580352902412415,0.0001,1e-05,50.323,2.4566,0.6443
5956,stage2,3,0.11122222989797592,0.3237195312976837,0.0,0.11122222989797592,0.0001,1e-05,50.32,3.3782,0.8734
5957,stage2,3,0.09494985640048981,0.29892194271087646,0.0,0.09494985640048981,0.0001,1e-05,50.321,3.0168,0.6462
5958,stage2,3,0.0943823829293251,0.3000338673591614,0.0,0.0943823829293251,0.0001,1e-05,50.324,2.5806,0.6454
5959,stage2,3,0.11080721765756607,0.31721916794776917,0.0,0.11080721765756607,0.0001,1e-05,50.322,3.3317,2.8396
5960,stage2,3,0.09086091071367264,0.32025259733200073,0.0,0.09086091071367264,0.0001,1e-05,50.322,2.2459,0.6452
5961,stage2,3,0.1061624214053154,0.3110062777996063,0.0,0.1061624214053154,0.0001,1e-05,50.321,3.3431,1.1606
5962,stage2,3,0.10187964886426926,0.33283939957618713,0.0,0.10187964886426926,0.0001,1e-05,50.318,2.4034,1.0321
5963,stage2,3,0.1003338173031807,0.2889960706233978,0.0,0.1003338173031807,0.0001,1e-05,50.322,2.2887,0.6525
5964,stage2,3,0.11098447442054749,0.3166166841983795,0.0,0.11098447442054749,0.0001,1e-05,50.32,2.7019,0.8023
5965,stage2,3,0.09543319046497345,0.30477476119995117,0.0,0.09543319046497345,0.0001,1e-05,50.325,1.9645,0.7061
5966,stage2,3,0.09504476934671402,0.2852340638637543,0.0,0.09504476934671402,0.0001,1e-05,50.323,2.3453,0.6427
5967,stage2,3,0.09380820393562317,0.29159820079803467,0.0,0.09380820393562317,0.0001,1e-05,50.322,2.378,2.932
5968,stage2,3,0.1028517335653305,0.3422090411186218,0.0,0.1028517335653305,0.0001,1e-05,50.325,2.2974,0.6499
5969,stage2,3,0.09446387737989426,0.2882581949234009,0.0,0.09446387737989426,0.0001,1e-05,50.326,2.7056,1.0465
5970,stage2,3,0.09474338591098785,0.2761358618736267,0.0,0.09474338591098785,0.0001,1e-05,50.318,2.1596,1.0234
5971,stage2,3,0.09358270466327667,0.32041677832603455,0.0,0.09358270466327667,0.0001,1e-05,50.325,2.2552,0.6684
5972,stage2,3,0.12146344780921936,0.28359276056289673,0.0,0.12146344780921936,0.0001,1e-05,50.325,2.5472,0.8162
5973,stage2,3,0.10749127715826035,0.29312705993652344,0.0,0.10749127715826035,0.0001,1e-05,50.321,2.5445,0.7249
5974,stage2,3,0.08415056765079498,0.31047624349594116,0.0,0.08415056765079498,0.0001,1e-05,50.324,2.0054,0.647
5975,stage2,3,0.10675082355737686,0.3124280869960785,0.0,0.10675082355737686,0.0001,1e-05,50.322,2.6768,2.8223
5976,stage2,3,0.09346798807382584,0.3012232184410095,0.0,0.09346798807382584,0.0001,1e-05,50.325,2.3503,0.645
5977,stage2,3,0.11513487994670868,0.3108518719673157,0.0,0.11513487994670868,0.0001,1e-05,50.325,2.548,1.142
5978,stage2,3,0.12295246124267578,0.319559782743454,0.0,0.12295246124267578,0.0001,1e-05,50.325,3.2789,0.9109
5979,stage2,3,0.09362400323152542,0.3230033218860626,0.0,0.09362400323152542,0.0001,1e-05,50.326,2.3913,0.6459
5980,stage2,3,0.08478263765573502,0.3402893841266632,0.0,0.08478263765573502,0.0001,1e-05,50.325,2.3822,1.0296
5981,stage2,3,0.10316766798496246,0.28918784856796265,0.0,0.10316766798496246,0.0001,1e-05,50.321,2.4819,0.7047
5982,stage2,3,0.10823939740657806,0.2805667519569397,0.0,0.10823939740657806,0.0001,1e-05,50.321,2.3443,0.6431
5983,stage2,3,0.10024594515562057,0.3156796395778656,0.0,0.10024594515562057,0.0001,1e-05,50.321,2.4874,2.7699
5984,stage2,3,0.09754232317209244,0.278464674949646,0.0,0.09754232317209244,0.0001,1e-05,50.325,2.8142,0.646
5985,stage2,3,0.10500463098287582,0.3054293990135193,0.0,0.10500463098287582,0.0001,1e-05,50.323,2.5237,1.1579
5986,stage2,3,0.100761279463768,0.2995031177997589,0.0,0.100761279463768,0.0001,1e-05,50.32,2.4943,0.9732
5987,stage2,3,0.09150154888629913,0.29621466994285583,0.0,0.09150154888629913,0.0001,1e-05,50.323,2.1045,0.6455
5988,stage2,3,0.1033189594745636,0.29417502880096436,0.0,0.1033189594745636,0.0001,1e-05,50.323,2.4145,0.9524
5989,stage2,3,0.1020607203245163,0.2907962501049042,0.0,0.1020607203245163,0.0001,1e-05,50.322,2.629,0.7132
5990,stage2,3,0.0945621132850647,0.2969367802143097,0.0,0.0945621132850647,0.0001,1e-05,50.325,2.2827,0.6467
5991,stage2,3,0.09568455815315247,0.2981437146663666,0.0,0.09568455815315247,0.0001,1e-05,50.324,2.2631,2.7005
5992,stage2,3,0.10086216777563095,0.32485631108283997,0.0,0.10086216777563095,0.0001,1e-05,50.318,2.3579,0.6459
5993,stage2,3,0.10046383738517761,0.2907773554325104,0.0,0.10046383738517761,0.0001,1e-05,50.321,2.0585,1.2579
5994,stage2,3,0.11553658545017242,0.27572572231292725,0.0,0.11553658545017242,0.0001,1e-05,50.324,3.0103,0.8519
5995,stage2,3,0.10662936419248581,0.3076796233654022,0.0,0.10662936419248581,0.0001,1e-05,50.322,2.983,0.6464
5996,stage2,3,0.09585756808519363,0.31214314699172974,0.0,0.09585756808519363,0.0001,1e-05,50.324,2.1087,1.1308
5997,stage2,3,0.09748517721891403,0.33980700373649597,0.0,0.09748517721891403,0.0001,1e-05,50.321,2.363,0.6473
5998,stage2,3,0.10009346902370453,0.3245408236980438,0.0,0.10009346902370453,0.0001,1e-05,50.319,2.5052,0.6419
5999,stage2,3,0.09063155204057693,0.3094780445098877,0.0,0.09063155204057693,0.0001,1e-05,50.319,2.313,2.5542
6000,stage2,3,0.10353831946849823,0.2771279215812683,0.0,0.10353831946849823,0.0001,1e-05,50.318,2.4938,0.6452
6001,stage2,3,0.10718680173158646,0.3115527629852295,0.0,0.10718680173158646,0.0001,1e-05,50.325,2.4725,1.3615
6002,stage2,3,0.10083045810461044,0.2818514406681061,0.0,0.10083045810461044,0.0001,1e-05,50.317,2.5802,0.8816
6003,stage2,3,0.10760278254747391,0.29871872067451477,0.0,0.10760278254747391,0.0001,1e-05,50.323,2.4034,0.6443
6004,stage2,3,0.0993221253156662,0.3074648976325989,0.0,0.0993221253156662,0.0001,1e-05,50.325,2.5054,1.0851
6005,stage2,3,0.09962055087089539,0.3127211332321167,0.0,0.09962055087089539,0.0001,1e-05,50.324,2.5039,0.6822
6006,stage2,3,0.09210216253995895,0.29065385460853577,0.0,0.09210216253995895,0.0001,1e-05,50.322,2.1278,0.6986
6007,stage2,3,0.09387271106243134,0.348781019449234,0.0,0.09387271106243134,0.0001,1e-05,50.324,2.7509,2.5251
6008,stage2,3,0.12121330201625824,0.28302231431007385,0.0,0.12121330201625824,0.0001,1e-05,50.321,2.837,0.667
6009,stage2,3,0.09928873926401138,0.29724225401878357,0.0,0.09928873926401138,0.0001,1e-05,50.318,2.5514,1.3605
6010,stage2,3,0.09585262835025787,0.3266066610813141,0.0,0.09585262835025787,0.0001,1e-05,50.319,2.321,0.8596
6011,stage2,3,0.10634088516235352,0.30704954266548157,0.0,0.10634088516235352,0.0001,1e-05,50.32,2.5754,0.6455
6012,stage2,3,0.09351162612438202,0.2795409858226776,0.0,0.09351162612438202,0.0001,1e-05,50.322,2.7684,1.2119
6013,stage2,3,0.09513624757528305,0.3234919309616089,0.0,0.09513624757528305,0.0001,1e-05,50.321,2.3115,0.6454
6014,stage2,3,0.08779887855052948,0.31648653745651245,0.0,0.08779887855052948,0.0001,1e-05,50.322,2.2088,0.6463
6015,stage2,3,0.10418369621038437,0.29006263613700867,0.0,0.10418369621038437,0.0001,1e-05,50.323,2.5339,2.5041
6016,stage2,3,0.10108909755945206,0.2945520579814911,0.0,0.10108909755945206,0.0001,1e-05,50.322,2.6912,0.6461
6017,stage2,3,0.10748055577278137,0.3206511437892914,0.0,0.10748055577278137,0.0001,1e-05,50.323,2.5763,1.433
6018,stage2,3,0.09973768144845963,0.30462998151779175,0.0,0.09973768144845963,0.0001,1e-05,50.322,2.5168,0.7567
6019,stage2,3,0.0967167466878891,0.27574679255485535,0.0,0.0967167466878891,0.0001,1e-05,50.322,2.3549,0.6459
6020,stage2,3,0.09206011146306992,0.2964128255844116,0.0,0.09206011146306992,0.0001,1e-05,50.321,2.11,1.2288
6021,stage2,3,0.09343382716178894,0.3088511526584625,0.0,0.09343382716178894,0.0001,1e-05,50.322,2.3728,0.7751
6022,stage2,3,0.09392660856246948,0.295864999294281,0.0,0.09392660856246948,0.0001,1e-05,50.322,2.1381,0.6456
6023,stage2,3,0.10427338629961014,0.3106813132762909,0.0,0.10427338629961014,0.0001,1e-05,50.322,2.2447,2.3928
6024,stage2,3,0.08902174979448318,0.31480124592781067,0.0,0.08902174979448318,0.0001,1e-05,50.321,2.1424,0.6447
6025,stage2,3,0.10988464206457138,0.326341837644577,0.0,0.10988464206457138,0.0001,1e-05,50.321,3.0326,1.4201
6026,stage2,3,0.10071752220392227,0.29611676931381226,0.0,0.10071752220392227,0.0001,1e-05,50.32,2.3836,0.7512
6027,stage2,3,0.09975207597017288,0.2920657694339752,0.0,0.09975207597017288,0.0001,1e-05,50.319,2.653,0.6626
6028,stage2,3,0.11530547589063644,0.3183508813381195,0.0,0.11530547589063644,0.0001,1e-05,50.323,2.7843,1.1875
6029,stage2,3,0.10495620220899582,0.3036992847919464,0.0,0.10495620220899582,0.0001,1e-05,50.321,3.4755,0.7689
6030,stage2,3,0.10342340916395187,0.3182602524757385,0.0,0.10342340916395187,0.0001,1e-05,50.319,2.8963,0.6468
6031,stage2,3,0.0898657962679863,0.2974150776863098,0.0,0.0898657962679863,0.0001,1e-05,50.319,2.3613,2.3013
6032,stage2,3,0.08183302730321884,0.3250020742416382,0.0,0.08183302730321884,0.0001,1e-05,50.324,2.1896,0.6457
6033,stage2,3,0.09256579726934433,0.3173798620700836,0.0,0.09256579726934433,0.0001,1e-05,50.323,2.7045,1.5864
6034,stage2,3,0.10371487587690353,0.30629411339759827,0.0,0.10371487587690353,0.0001,1e-05,50.322,2.6329,0.6576
6035,stage2,3,0.1135072261095047,0.3310835659503937,0.0,0.1135072261095047,0.0001,1e-05,50.319,3.0498,0.6432
6036,stage2,3,0.09145656228065491,0.33372318744659424,0.0,0.09145656228065491,0.0001,1e-05,50.322,2.2339,1.2637
6037,stage2,3,0.11561109870672226,0.34640228748321533,0.0,0.11561109870672226,0.0001,1e-05,50.321,3.1906,0.8361
6038,stage2,3,0.12071949988603592,0.31606048345565796,0.0,0.12071949988603592,0.0001,1e-05,50.322,2.8887,0.6429
6039,stage2,3,0.11441343277692795,0.3208477199077606,0.0,0.11441343277692795,0.0001,1e-05,50.321,3.4836,2.3126
6040,stage2,3,0.10972579568624496,0.30160191655158997,0.0,0.10972579568624496,0.0001,1e-05,50.319,3.0359,0.6531
6041,stage2,3,0.11704938858747482,0.2835614085197449,0.0,0.11704938858747482,0.0001,1e-05,50.322,3.5339,1.3866
6042,stage2,3,0.09855927526950836,0.30284520983695984,0.0,0.09855927526950836,0.0001,1e-05,50.323,2.3517,0.7475
6043,stage2,3,0.10987624526023865,0.313066303730011,0.0,0.10987624526023865,0.0001,1e-05,50.322,3.1716,0.7039
6044,stage2,3,0.08094713091850281,0.3165789246559143,0.0,0.08094713091850281,0.0001,1e-05,50.321,2.3575,1.2742
6045,stage2,3,0.09708662331104279,0.28479257225990295,0.0,0.09708662331104279,0.0001,1e-05,50.321,2.395,0.6423
6046,stage2,3,0.10101785510778427,0.3112359941005707,0.0,0.10101785510778427,0.0001,1e-05,50.323,2.6209,0.6489
6047,stage2,3,0.09526010602712631,0.28415125608444214,0.0,0.09526010602712631,0.0001,1e-05,50.323,2.692,2.392
6048,stage2,3,0.11282206326723099,0.31587955355644226,0.0,0.11282206326723099,0.0001,1e-05,50.325,2.7773,0.6452
6049,stage2,3,0.1158703863620758,0.29777562618255615,0.0,0.1158703863620758,0.0001,1e-05,50.322,3.1758,1.4478
6050,stage2,3,0.09969919919967651,0.29248493909835815,0.0,0.09969919919967651,0.0001,1e-05,50.322,2.3306,0.7763
6051,stage2,3,0.08514533191919327,0.3302191495895386,0.0,0.08514533191919327,0.0001,1e-05,50.324,2.1196,0.6459
6052,stage2,3,0.09355071932077408,0.32288697361946106,0.0,0.09355071932077408,0.0001,1e-05,50.321,2.1587,1.3427
6053,stage2,3,0.10566907376050949,0.2855026125907898,0.0,0.10566907376050949,0.0001,1e-05,50.32,2.4232,0.6457
6054,stage2,3,0.09388286620378494,0.28887835144996643,0.0,0.09388286620378494,0.0001,1e-05,50.323,2.4191,0.6464
6055,stage2,3,0.11270862072706223,0.3177621066570282,0.0,0.11270862072706223,0.0001,1e-05,50.321,3.5795,2.3423
6056,stage2,3,0.10718344151973724,0.28574565052986145,0.0,0.10718344151973724,0.0001,1e-05,50.321,2.4025,0.6407
6057,stage2,3,0.09377279132604599,0.30642393231391907,0.0,0.09377279132604599,0.0001,1e-05,50.322,2.1312,1.3371
6058,stage2,3,0.10509177297353745,0.28016072511672974,0.0,0.10509177297353745,0.0001,1e-05,50.321,2.4323,0.7176
6059,stage2,3,0.09349481761455536,0.2907087206840515,0.0,0.09349481761455536,0.0001,1e-05,50.323,2.6153,0.697
6060,stage2,3,0.11410144716501236,0.3169316351413727,0.0,0.11410144716501236,0.0001,1e-05,50.323,2.972,1.2505
6061,stage2,3,0.0949677899479866,0.30614766478538513,0.0,0.0949677899479866,0.0001,1e-05,50.322,2.3413,0.6434
6062,stage2,4,0.09851008653640747,0.2780537009239197,0.0,0.09851008653640747,0.0001,1e-05,50.321,2.1558,9.7179
6063,stage2,4,0.08133076131343842,0.2849667966365814,0.0,0.08133076131343842,0.0001,1e-05,50.321,1.9585,0.6331
6064,stage2,4,0.1292129009962082,0.31486064195632935,0.0,0.1292129009962082,0.0001,1e-05,50.323,3.0935,0.6405
6065,stage2,4,0.10192528367042542,0.3057215213775635,0.0,0.10192528367042542,0.0001,1e-05,50.324,2.7098,0.6414
6066,stage2,4,0.10003616660833359,0.2838995158672333,0.0,0.10003616660833359,0.0001,1e-05,50.324,2.5438,0.64
6067,stage2,4,0.10140305012464523,0.3058848977088928,0.0,0.10140305012464523,0.0001,1e-05,50.322,2.6506,0.6391
6068,stage2,4,0.10384754091501236,0.2823568880558014,0.0,0.10384754091501236,0.0001,1e-05,50.324,2.1863,0.6574
6069,stage2,4,0.09264469146728516,0.29868417978286743,0.0,0.09264469146728516,0.0001,1e-05,50.322,2.2709,0.7009
6070,stage2,4,0.10141944885253906,0.2860139310359955,0.0,0.10141944885253906,0.0001,1e-05,50.325,2.6764,3.834
6071,stage2,4,0.09599487483501434,0.3004720211029053,0.0,0.09599487483501434,0.0001,1e-05,50.322,2.208,0.6433
6072,stage2,4,0.08381668478250504,0.2961452007293701,0.0,0.08381668478250504,0.0001,1e-05,50.323,2.0713,0.6404
6073,stage2,4,0.09952432662248611,0.31406593322753906,0.0,0.09952432662248611,0.0001,1e-05,50.322,2.6404,0.6417
6074,stage2,4,0.10188212245702744,0.2903243899345398,0.0,0.10188212245702744,0.0001,1e-05,50.324,2.7477,0.6905
6075,stage2,4,0.08870852738618851,0.29290932416915894,0.0,0.08870852738618851,0.0001,1e-05,50.32,2.1648,0.6467
6076,stage2,4,0.09973574429750443,0.30338698625564575,0.0,0.09973574429750443,0.0001,1e-05,50.322,2.3427,0.6422
6077,stage2,4,0.10321309417486191,0.2963058650493622,0.0,0.10321309417486191,0.0001,1e-05,50.324,2.2483,0.644
6078,stage2,4,0.08690743148326874,0.30005544424057007,0.0,0.08690743148326874,0.0001,1e-05,50.321,2.5179,4.0498
6079,stage2,4,0.10950032621622086,0.2880341410636902,0.0,0.10950032621622086,0.0001,1e-05,50.323,3.1273,0.6413
6080,stage2,4,0.08753955364227295,0.329819917678833,0.0,0.08753955364227295,0.0001,1e-05,50.323,2.8478,0.6422
6081,stage2,4,0.0984937846660614,0.3154863715171814,0.0,0.0984937846660614,0.0001,1e-05,50.323,2.3777,0.6426
6082,stage2,4,0.09686581790447235,0.3034161627292633,0.0,0.09686581790447235,0.0001,1e-05,50.323,2.1573,0.6784
6083,stage2,4,0.10192857682704926,0.3017536997795105,0.0,0.10192857682704926,0.0001,1e-05,50.324,2.6312,0.6615
6084,stage2,4,0.12388931959867477,0.28366631269454956,0.0,0.12388931959867477,0.0001,1e-05,50.324,2.5625,0.6435
6085,stage2,4,0.1057000607252121,0.3459303379058838,0.0,0.1057000607252121,0.0001,1e-05,50.318,2.5415,0.6442
6086,stage2,4,0.09706994891166687,0.3159794807434082,0.0,0.09706994891166687,0.0001,1e-05,50.322,2.1902,3.8718
6087,stage2,4,0.09249009937047958,0.2791975140571594,0.0,0.09249009937047958,0.0001,1e-05,50.319,2.1808,0.6462
6088,stage2,4,0.09915418177843094,0.3191399574279785,0.0,0.09915418177843094,0.0001,1e-05,50.316,2.2614,0.6752
6089,stage2,4,0.12486016750335693,0.2995368242263794,0.0,0.12486016750335693,0.0001,1e-05,50.32,2.9441,0.6627
6090,stage2,4,0.10754959285259247,0.3485777974128723,0.0,0.10754959285259247,0.0001,1e-05,50.322,2.4234,0.6429
6091,stage2,4,0.12948308885097504,0.3032631576061249,0.0,0.12948308885097504,0.0001,1e-05,50.325,3.3995,0.6483
6092,stage2,4,0.08189400285482407,0.2938815653324127,0.0,0.08189400285482407,0.0001,1e-05,50.325,2.0675,0.6433
6093,stage2,4,0.09762997180223465,0.3092252016067505,0.0,0.09762997180223465,0.0001,1e-05,50.324,2.374,0.6632
6094,stage2,4,0.09145545214414597,0.3078816831111908,0.0,0.09145545214414597,0.0001,1e-05,50.322,2.5764,3.9738
6095,stage2,4,0.08610013127326965,0.2808825671672821,0.0,0.08610013127326965,0.0001,1e-05,50.323,2.4383,0.642
6096,stage2,4,0.09746760129928589,0.3020296096801758,0.0,0.09746760129928589,0.0001,1e-05,50.325,2.8873,0.6426
6097,stage2,4,0.09449353069067001,0.32111409306526184,0.0,0.09449353069067001,0.0001,1e-05,50.327,2.5172,0.6429
6098,stage2,4,0.1007952019572258,0.2777000367641449,0.0,0.1007952019572258,0.0001,1e-05,50.324,2.4053,0.7006
6099,stage2,4,0.10513029992580414,0.2860196828842163,0.0,0.10513029992580414,0.0001,1e-05,50.325,2.2626,0.6429
6100,stage2,4,0.11466450989246368,0.29549941420555115,0.0,0.11466450989246368,0.0001,1e-05,50.32,2.4197,0.6437
6101,stage2,4,0.11069988459348679,0.31608861684799194,0.0,0.11069988459348679,0.0001,1e-05,50.323,2.2473,0.6486
6102,stage2,4,0.0886283591389656,0.2869458496570587,0.0,0.0886283591389656,0.0001,1e-05,50.325,2.5406,3.879
6103,stage2,4,0.09134287387132645,0.30320656299591064,0.0,0.09134287387132645,0.0001,1e-05,50.324,2.061,0.658
6104,stage2,4,0.08006087690591812,0.3135175406932831,0.0,0.08006087690591812,0.0001,1e-05,50.322,1.8356,0.6953
6105,stage2,4,0.09441884607076645,0.27651262283325195,0.0,0.09441884607076645,0.0001,1e-05,50.319,1.8928,0.643
6106,stage2,4,0.09232763200998306,0.2925008237361908,0.0,0.09232763200998306,0.0001,1e-05,50.323,2.0738,0.6444
6107,stage2,4,0.10673021525144577,0.3142685294151306,0.0,0.10673021525144577,0.0001,1e-05,50.319,2.5288,0.6427
6108,stage2,4,0.10287406295537949,0.3148091435432434,0.0,0.10287406295537949,0.0001,1e-05,50.327,2.2499,0.643
6109,stage2,4,0.09277548640966415,0.27655506134033203,0.0,0.09277548640966415,0.0001,1e-05,50.322,2.183,0.7001
6110,stage2,4,0.08853887766599655,0.2858985364437103,0.0,0.08853887766599655,0.0001,1e-05,50.324,2.3359,4.1116
6111,stage2,4,0.09894516319036484,0.30018240213394165,0.0,0.09894516319036484,0.0001,1e-05,50.324,2.5164,0.6409
6112,stage2,4,0.10527263581752777,0.30210188031196594,0.0,0.10527263581752777,0.0001,1e-05,50.323,2.2018,0.6425
6113,stage2,4,0.09518515318632126,0.29629284143447876,0.0,0.09518515318632126,0.0001,1e-05,50.323,2.3647,0.7014
6114,stage2,4,0.0973496064543724,0.29571372270584106,0.0,0.0973496064543724,0.0001,1e-05,50.321,2.6374,0.6431
6115,stage2,4,0.09992104768753052,0.29575514793395996,0.0,0.09992104768753052,0.0001,1e-05,50.327,2.3416,0.6433
6116,stage2,4,0.09903038293123245,0.2943480312824249,0.0,0.09903038293123245,0.0001,1e-05,50.326,2.191,0.6492
6117,stage2,4,0.08406282216310501,0.2723146975040436,0.0,0.08406282216310501,0.0001,1e-05,50.322,2.5419,0.6474
6118,stage2,4,0.08729685097932816,0.3613973557949066,0.0,0.08729685097932816,0.0001,1e-05,50.323,2.1695,4.0669
6119,stage2,4,0.09992119669914246,0.3063967227935791,0.0,0.09992119669914246,0.0001,1e-05,50.322,2.9823,0.642
6120,stage2,4,0.082623191177845,0.2931455075740814,0.0,0.082623191177845,0.0001,1e-05,50.324,1.9244,0.6433
6121,stage2,4,0.08966615051031113,0.303216814994812,0.0,0.08966615051031113,0.0001,1e-05,50.321,2.1513,0.6482
6122,stage2,4,0.1024010181427002,0.2971258759498596,0.0,0.1024010181427002,0.0001,1e-05,50.322,2.5169,0.639
6123,stage2,4,0.08065816015005112,0.27559012174606323,0.0,0.08065816015005112,0.0001,1e-05,50.322,2.5033,0.6663
6124,stage2,4,0.09578797966241837,0.30649229884147644,0.0,0.09578797966241837,0.0001,1e-05,50.325,2.5262,0.6982
6125,stage2,4,0.09658623486757278,0.28792649507522583,0.0,0.09658623486757278,0.0001,1e-05,50.322,2.7603,0.6447
6126,stage2,4,0.10194164514541626,0.2997419536113739,0.0,0.10194164514541626,0.0001,1e-05,50.319,2.4261,4.0575
6127,stage2,4,0.09090253710746765,0.27485978603363037,0.0,0.09090253710746765,0.0001,1e-05,50.321,1.9068,0.6433
6128,stage2,4,0.08624785393476486,0.2931871712207794,0.0,0.08624785393476486,0.0001,1e-05,50.324,2.2909,0.6962
6129,stage2,4,0.1069045215845108,0.2664954662322998,0.0,0.1069045215845108,0.0001,1e-05,50.321,2.6135,0.6407
6130,stage2,4,0.09378551691770554,0.28160926699638367,0.0,0.09378551691770554,0.0001,1e-05,50.32,2.5585,0.643
6131,stage2,4,0.09751617908477783,0.32806017994880676,0.0,0.09751617908477783,0.0001,1e-05,50.321,2.2799,0.6437
6132,stage2,4,0.09555678814649582,0.28645455837249756,0.0,0.09555678814649582,0.0001,1e-05,50.324,2.3935,0.6431
6133,stage2,4,0.10046715289354324,0.304058313369751,0.0,0.10046715289354324,0.0001,1e-05,50.326,2.3249,0.703
6134,stage2,4,0.0892929881811142,0.2705647349357605,0.0,0.0892929881811142,0.0001,1e-05,50.326,2.2798,3.8941
6135,stage2,4,0.08594594150781631,0.34209614992141724,0.0,0.08594594150781631,0.0001,1e-05,50.318,2.2891,0.6451
6136,stage2,4,0.11464063078165054,0.30768275260925293,0.0,0.11464063078165054,0.0001,1e-05,50.322,2.7596,0.6423
6137,stage2,4,0.09557192027568817,0.30685797333717346,0.0,0.09557192027568817,0.0001,1e-05,50.321,2.17,0.7047
6138,stage2,4,0.08820514380931854,0.3061077892780304,0.0,0.08820514380931854,0.0001,1e-05,50.324,2.243,0.6359
6139,stage2,4,0.10100917518138885,0.28880083560943604,0.0,0.10100917518138885,0.0001,1e-05,50.322,2.3903,0.6436
6140,stage2,4,0.09203263372182846,0.2704292833805084,0.0,0.09203263372182846,0.0001,1e-05,50.321,1.9781,0.6455
6141,stage2,4,0.11192845553159714,0.3266156315803528,0.0,0.11192845553159714,0.0001,1e-05,50.324,2.4149,0.6442
6142,stage2,4,0.0972534790635109,0.34001585841178894,0.0,0.0972534790635109,0.0001,1e-05,50.322,2.9517,4.0026
6143,stage2,4,0.08504851907491684,0.30059385299682617,0.0,0.08504851907491684,0.0001,1e-05,50.322,2.3799,0.7048
6144,stage2,4,0.11219316720962524,0.3104196786880493,0.0,0.11219316720962524,0.0001,1e-05,50.322,2.9648,0.6336
6145,stage2,4,0.09909764677286148,0.27235662937164307,0.0,0.09909764677286148,0.0001,1e-05,50.321,2.3968,0.6423
6146,stage2,4,0.08555635064840317,0.30191755294799805,0.0,0.08555635064840317,0.0001,1e-05,50.325,2.1876,0.6432
6147,stage2,4,0.09151793271303177,0.3005090057849884,0.0,0.09151793271303177,0.0001,1e-05,50.322,2.2058,0.6484
6148,stage2,4,0.0978107824921608,0.30824071168899536,0.0,0.0978107824921608,0.0001,1e-05,50.319,2.6811,0.6559
6149,stage2,4,0.10188604146242142,0.325579434633255,0.0,0.10188604146242142,0.0001,1e-05,50.326,3.0388,0.6862
6150,stage2,4,0.09540311992168427,0.28354501724243164,0.0,0.09540311992168427,0.0001,1e-05,50.329,2.5627,3.8038
6151,stage2,4,0.08123831450939178,0.31920692324638367,0.0,0.08123831450939178,0.0001,1e-05,50.324,2.1924,0.6472
6152,stage2,4,0.09800518304109573,0.3077823221683502,0.0,0.09800518304109573,0.0001,1e-05,50.326,2.2143,0.643
6153,stage2,4,0.10899084061384201,0.28198233246803284,0.0,0.10899084061384201,0.0001,1e-05,50.327,2.7399,0.643
6154,stage2,4,0.09786243736743927,0.2992221713066101,0.0,0.09786243736743927,0.0001,1e-05,50.324,2.1824,0.6953
6155,stage2,4,0.10493239760398865,0.3099898099899292,0.0,0.10493239760398865,0.0001,1e-05,50.325,2.8665,0.6438
6156,stage2,4,0.10285620391368866,0.27919986844062805,0.0,0.10285620391368866,0.0001,1e-05,50.324,2.6988,0.6437
6157,stage2,4,0.09106418490409851,0.28222548961639404,0.0,0.09106418490409851,0.0001,1e-05,50.324,2.2822,0.6443
6158,stage2,4,0.09888686239719391,0.33049237728118896,0.0,0.09888686239719391,0.0001,1e-05,50.322,2.5972,4.0437
6159,stage2,4,0.10658194869756699,0.2968443036079407,0.0,0.10658194869756699,0.0001,1e-05,50.323,3.137,0.6408
6160,stage2,4,0.1029292643070221,0.2832809090614319,0.0,0.1029292643070221,0.0001,1e-05,50.32,2.3697,0.6434
6161,stage2,4,0.08725261688232422,0.2837980091571808,0.0,0.08725261688232422,0.0001,1e-05,50.326,1.8203,0.6432
6162,stage2,4,0.09667938202619553,0.2718207836151123,0.0,0.09667938202619553,0.0001,1e-05,50.321,2.1602,0.6443
6163,stage2,4,0.09785281121730804,0.2907969355583191,0.0,0.09785281121730804,0.0001,1e-05,50.323,2.2264,0.6981
6164,stage2,4,0.1039680764079094,0.29031041264533997,0.0,0.1039680764079094,0.0001,1e-05,50.318,2.7487,0.644
6165,stage2,4,0.10036157816648483,0.3140381872653961,0.0,0.10036157816648483,0.0001,1e-05,50.324,2.457,0.6494
6166,stage2,4,0.09606478363275528,0.2977050840854645,0.0,0.09606478363275528,0.0001,1e-05,50.323,2.561,3.9937
6167,stage2,4,0.0899687260389328,0.263154000043869,0.0,0.0899687260389328,0.0001,1e-05,50.319,2.1687,0.6369
6168,stage2,4,0.09519261121749878,0.3018883764743805,0.0,0.09519261121749878,0.0001,1e-05,50.324,2.1156,0.6662
6169,stage2,4,0.11157945543527603,0.3028557002544403,0.0,0.11157945543527603,0.0001,1e-05,50.321,2.5108,0.6972
6170,stage2,4,0.09643568843603134,0.29598355293273926,0.0,0.09643568843603134,0.0001,1e-05,50.324,2.9565,0.6421
6171,stage2,4,0.10653449594974518,0.30181199312210083,0.0,0.10653449594974518,0.0001,1e-05,50.327,2.5556,0.6441
6172,stage2,4,0.09066757559776306,0.2733492851257324,0.0,0.09066757559776306,0.0001,1e-05,50.325,2.1598,0.6489
6173,stage2,4,0.103751040995121,0.2940608561038971,0.0,0.103751040995121,0.0001,1e-05,50.326,2.3207,0.6428
6174,stage2,4,0.09212280064821243,0.30715590715408325,0.0,0.09212280064821243,0.0001,1e-05,50.321,2.9085,3.9506
6175,stage2,4,0.0840800479054451,0.281173974275589,0.0,0.0840800479054451,0.0001,1e-05,50.323,2.3555,0.642
6176,stage2,4,0.09509079158306122,0.29832160472869873,0.0,0.09509079158306122,0.0001,1e-05,50.322,2.1011,0.6435
6177,stage2,4,0.08992338180541992,0.29604944586753845,0.0,0.08992338180541992,0.0001,1e-05,50.323,2.3878,0.6441
6178,stage2,4,0.09452370554208755,0.37183716893196106,0.0,0.09452370554208755,0.0001,1e-05,50.322,2.3861,0.7001
6179,stage2,4,0.09314919263124466,0.2988632321357727,0.0,0.09314919263124466,0.0001,1e-05,50.323,2.3278,0.6458
6180,stage2,4,0.09660410135984421,0.29498541355133057,0.0,0.09660410135984421,0.0001,1e-05,50.322,2.9404,0.6457
6181,stage2,4,0.09768577665090561,0.2757361829280853,0.0,0.09768577665090561,0.0001,1e-05,50.321,2.8065,0.6449
6182,stage2,4,0.09446390718221664,0.30531981587409973,0.0,0.09446390718221664,0.0001,1e-05,50.321,1.9929,4.0048
6183,stage2,4,0.08812230080366135,0.28507980704307556,0.0,0.08812230080366135,0.0001,1e-05,50.322,2.1832,0.6915
6184,stage2,4,0.09455358237028122,0.30741041898727417,0.0,0.09455358237028122,0.0001,1e-05,50.319,2.1246,0.6436
6185,stage2,4,0.0902339369058609,0.2838139832019806,0.0,0.0902339369058609,0.0001,1e-05,50.324,2.4787,0.6427
6186,stage2,4,0.09623154997825623,0.27838030457496643,0.0,0.09623154997825623,0.0001,1e-05,50.32,2.0983,0.6448
6187,stage2,4,0.09982310980558395,0.3075893819332123,0.0,0.09982310980558395,0.0001,1e-05,50.325,2.23,0.6453
6188,stage2,4,0.07912237197160721,0.279872328042984,0.0,0.07912237197160721,0.0001,1e-05,50.325,1.9541,0.6365
6189,stage2,4,0.08907296508550644,0.2809784412384033,0.0,0.08907296508550644,0.0001,1e-05,50.325,1.8784,0.7311
6190,stage2,4,0.086918905377388,0.2762824296951294,0.0,0.086918905377388,0.0001,1e-05,50.321,1.9308,3.8422
6191,stage2,4,0.0812893882393837,0.30170565843582153,0.0,0.0812893882393837,0.0001,1e-05,50.322,1.9619,0.6414
6192,stage2,4,0.10415540635585785,0.29655030369758606,0.0,0.10415540635585785,0.0001,1e-05,50.325,2.441,0.6421
6193,stage2,4,0.09757976233959198,0.288664311170578,0.0,0.09757976233959198,0.0001,1e-05,50.321,2.2043,0.6493
6194,stage2,4,0.10697271674871445,0.2685590088367462,0.0,0.10697271674871445,0.0001,1e-05,50.323,2.9311,0.6982
6195,stage2,4,0.10135846585035324,0.27611595392227173,0.0,0.10135846585035324,0.0001,1e-05,50.322,2.3655,0.6431
6196,stage2,4,0.09552790969610214,0.305068701505661,0.0,0.09552790969610214,0.0001,1e-05,50.322,2.7974,0.6463
6197,stage2,4,0.08663107454776764,0.2768312394618988,0.0,0.08663107454776764,0.0001,1e-05,50.32,2.2813,0.6616
6198,stage2,4,0.10468479245901108,0.2972753942012787,0.0,0.10468479245901108,0.0001,1e-05,50.325,2.0543,4.0225
6199,stage2,4,0.0799979716539383,0.3146277964115143,0.0,0.0799979716539383,0.0001,1e-05,50.321,2.1396,0.6907
6200,stage2,4,0.09041265398263931,0.28937190771102905,0.0,0.09041265398263931,0.0001,1e-05,50.327,2.4356,0.6422
6201,stage2,4,0.09259117394685745,0.2860397398471832,0.0,0.09259117394685745,0.0001,1e-05,50.323,2.7629,0.6419
6202,stage2,4,0.08609157055616379,0.2848392724990845,0.0,0.08609157055616379,0.0001,1e-05,50.322,2.4236,0.6428
6203,stage2,4,0.09747958928346634,0.2797967195510864,0.0,0.09747958928346634,0.0001,1e-05,50.324,2.5236,0.6477
6204,stage2,4,0.11392608284950256,0.31582072377204895,0.0,0.11392608284950256,0.0001,1e-05,50.327,2.2811,0.6995
6205,stage2,4,0.08411666750907898,0.2639075815677643,0.0,0.08411666750907898,0.0001,1e-05,50.323,2.2367,0.6473
6206,stage2,4,0.1104101836681366,0.32035520672798157,0.0,0.1104101836681366,0.0001,1e-05,50.325,2.206,3.8475
6207,stage2,4,0.09134969115257263,0.2789994776248932,0.0,0.09134969115257263,0.0001,1e-05,50.324,2.4415,0.6503
6208,stage2,4,0.10322218388319016,0.2761097550392151,0.0,0.10322218388319016,0.0001,1e-05,50.322,2.1475,0.6432
6209,stage2,4,0.09474233537912369,0.28120657801628113,0.0,0.09474233537912369,0.0001,1e-05,50.325,2.2481,0.7089
6210,stage2,4,0.09157770872116089,0.28648287057876587,0.0,0.09157770872116089,0.0001,1e-05,50.324,1.9426,0.6373
6211,stage2,4,0.1040424033999443,0.3099484145641327,0.0,0.1040424033999443,0.0001,1e-05,50.325,3.6372,0.6434
6212,stage2,4,0.1028742864727974,0.2753527760505676,0.0,0.1028742864727974,0.0001,1e-05,50.322,2.3752,0.6449
6213,stage2,4,0.09744053333997726,0.3122703433036804,0.0,0.09744053333997726,0.0001,1e-05,50.327,2.6142,0.648
6214,stage2,4,0.08439777791500092,0.2918602228164673,0.0,0.08439777791500092,0.0001,1e-05,50.321,1.8226,3.8598
6215,stage2,4,0.09178421646356583,0.32743802666664124,0.0,0.09178421646356583,0.0001,1e-05,50.32,2.3288,0.6524
6216,stage2,4,0.09839366376399994,0.3007611334323883,0.0,0.09839366376399994,0.0001,1e-05,50.321,2.2396,0.6471
6217,stage2,4,0.09935857355594635,0.31297898292541504,0.0,0.09935857355594635,0.0001,1e-05,50.321,2.528,0.6431
6218,stage2,4,0.099985770881176,0.2834169268608093,0.0,0.099985770881176,0.0001,1e-05,50.323,2.7967,0.6446
6219,stage2,4,0.0909494161605835,0.320202112197876,0.0,0.0909494161605835,0.0001,1e-05,50.324,1.9927,0.6944
6220,stage2,4,0.08742643892765045,0.27177003026008606,0.0,0.08742643892765045,0.0001,1e-05,50.324,2.2112,0.6447
6221,stage2,4,0.10721369832754135,0.3090585470199585,0.0,0.10721369832754135,0.0001,1e-05,50.318,3.2089,0.6488
6222,stage2,4,0.09958598762750626,0.2761962413787842,0.0,0.09958598762750626,0.0001,1e-05,50.322,2.7252,3.7987
6223,stage2,4,0.10604340583086014,0.28240618109703064,0.0,0.10604340583086014,0.0001,1e-05,50.324,2.3723,0.6337
6224,stage2,4,0.10413145273923874,0.2937444746494293,0.0,0.10413145273923874,0.0001,1e-05,50.319,2.3194,0.6584
6225,stage2,4,0.09301313012838364,0.3324374556541443,0.0,0.09301313012838364,0.0001,1e-05,50.322,2.195,0.6981
6226,stage2,4,0.10153905302286148,0.29756632447242737,0.0,0.10153905302286148,0.0001,1e-05,50.326,2.7098,0.6429
6227,stage2,4,0.10067550837993622,0.29838889837265015,0.0,0.10067550837993622,0.0001,1e-05,50.326,2.807,0.6435
6228,stage2,4,0.09724590927362442,0.2842717170715332,0.0,0.09724590927362442,0.0001,1e-05,50.324,2.1524,0.6489
6229,stage2,4,0.08541401475667953,0.275252103805542,0.0,0.08541401475667953,0.0001,1e-05,50.322,2.3972,0.6484
6230,stage2,4,0.08546341210603714,0.3045870065689087,0.0,0.08546341210603714,0.0001,1e-05,50.323,2.4659,3.8548
6231,stage2,4,0.10067472606897354,0.30029553174972534,0.0,0.10067472606897354,0.0001,1e-05,50.32,2.2015,0.6418
6232,stage2,4,0.08329761773347855,0.29447197914123535,0.0,0.08329761773347855,0.0001,1e-05,50.324,2.2946,0.6428
6233,stage2,4,0.09585706144571304,0.299527645111084,0.0,0.09585706144571304,0.0001,1e-05,50.324,2.4605,0.6464
6234,stage2,4,0.08661790937185287,0.31422701478004456,0.0,0.08661790937185287,0.0001,1e-05,50.325,2.0767,0.6432
6235,stage2,4,0.10468640923500061,0.2891886234283447,0.0,0.10468640923500061,0.0001,1e-05,50.322,2.2994,0.701
6236,stage2,4,0.09954845160245895,0.30146241188049316,0.0,0.09954845160245895,0.0001,1e-05,50.323,2.8793,0.6483
6237,stage2,4,0.10304032266139984,0.31809401512145996,0.0,0.10304032266139984,0.0001,1e-05,50.322,2.3488,0.6433
6238,stage2,4,0.1030631884932518,0.32451602816581726,0.0,0.1030631884932518,0.0001,1e-05,50.319,2.6568,3.8445
6239,stage2,4,0.10062596946954727,0.312314510345459,0.0,0.10062596946954727,0.0001,1e-05,50.324,2.405,0.649
6240,stage2,4,0.09504785388708115,0.3064401149749756,0.0,0.09504785388708115,0.0001,1e-05,50.322,2.1288,0.6871
6241,stage2,4,0.09213922172784805,0.3003261685371399,0.0,0.09213922172784805,0.0001,1e-05,50.322,2.0818,0.6434
6242,stage2,4,0.12187207490205765,0.2873457372188568,0.0,0.12187207490205765,0.0001,1e-05,50.319,2.7349,0.6433
6243,stage2,4,0.10560373961925507,0.26792433857917786,0.0,0.10560373961925507,0.0001,1e-05,50.322,2.4575,0.6537
6244,stage2,4,0.11765367537736893,0.29909753799438477,0.0,0.11765367537736893,0.0001,1e-05,50.321,2.6554,0.6441
6245,stage2,4,0.0866662859916687,0.30511409044265747,0.0,0.0866662859916687,0.0001,1e-05,50.321,2.1799,0.6342
6246,stage2,4,0.10109610110521317,0.3169385492801666,0.0,0.10109610110521317,0.0001,1e-05,50.322,2.4064,3.8771
6247,stage2,4,0.08957453817129135,0.2916673421859741,0.0,0.08957453817129135,0.0001,1e-05,50.321,2.075,0.6725
6248,stage2,4,0.10238123685121536,0.30206358432769775,0.0,0.10238123685121536,0.0001,1e-05,50.317,2.6301,0.6301
6249,stage2,4,0.09241925925016403,0.29987281560897827,0.0,0.09241925925016403,0.0001,1e-05,50.325,2.388,0.6384
6250,stage2,4,0.10261128097772598,0.30638980865478516,0.0,0.10261128097772598,0.0001,1e-05,50.323,2.9425,0.636
6251,stage2,4,0.09201983362436295,0.30319562554359436,0.0,0.09201983362436295,0.0001,1e-05,50.322,2.0759,0.634
6252,stage2,4,0.1000850573182106,0.2895876169204712,0.0,0.1000850573182106,0.0001,1e-05,50.322,2.9616,0.6345
6253,stage2,4,0.08351242542266846,0.3102930188179016,0.0,0.08351242542266846,0.0001,1e-05,50.321,1.7575,0.6351
6254,stage2,4,0.09442251920700073,0.2773825228214264,0.0,0.09442251920700073,0.0001,1e-05,50.322,2.5381,3.8337
6255,stage2,4,0.08825971186161041,0.29939255118370056,0.0,0.08825971186161041,0.0001,1e-05,50.321,2.2696,0.6353
6256,stage2,4,0.09620413184165955,0.303109735250473,0.0,0.09620413184165955,0.0001,1e-05,50.321,2.0448,0.6333
6257,stage2,4,0.09634403884410858,0.2950463593006134,0.0,0.09634403884410858,0.0001,1e-05,50.324,2.8448,0.633
6258,stage2,4,0.09287422895431519,0.2949003577232361,0.0,0.09287422895431519,0.0001,1e-05,50.32,2.5998,0.634
6259,stage2,4,0.10285193473100662,0.2859140634536743,0.0,0.10285193473100662,0.0001,1e-05,50.321,2.6356,0.6344
6260,stage2,4,0.09074754267930984,0.28012335300445557,0.0,0.09074754267930984,0.0001,1e-05,50.321,2.5224,0.6711
6261,stage2,4,0.09791749715805054,0.3065077066421509,0.0,0.09791749715805054,0.0001,1e-05,50.32,2.5843,0.6753
6262,stage2,4,0.08694209903478622,0.28961145877838135,0.0,0.08694209903478622,0.0001,1e-05,50.321,2.1287,3.9446
6263,stage2,4,0.08398992568254471,0.27130603790283203,0.0,0.08398992568254471,0.0001,1e-05,50.324,2.1108,0.7111
6264,stage2,4,0.09466580301523209,0.2648342251777649,0.0,0.09466580301523209,0.0001,1e-05,50.323,2.1465,0.6728
6265,stage2,4,0.10406055301427841,0.32169798016548157,0.0,0.10406055301427841,0.0001,1e-05,50.321,2.1879,0.6589
6266,stage2,4,0.08154299855232239,0.2871008813381195,0.0,0.08154299855232239,0.0001,1e-05,50.318,2.1467,0.635
6267,stage2,4,0.10382367670536041,0.3152710795402527,0.0,0.10382367670536041,0.0001,1e-05,50.324,2.246,0.6982
6268,stage2,4,0.09331738948822021,0.2856616675853729,0.0,0.09331738948822021,0.0001,1e-05,50.322,2.0564,0.7102
6269,stage2,4,0.08730272203683853,0.28846532106399536,0.0,0.08730272203683853,0.0001,1e-05,50.321,2.175,0.7059
6270,stage2,4,0.10210292041301727,0.319564551115036,0.0,0.10210292041301727,0.0001,1e-05,50.324,2.4687,3.6876
6271,stage2,4,0.10141751170158386,0.3033888339996338,0.0,0.10141751170158386,0.0001,1e-05,50.324,2.2617,0.6915
6272,stage2,4,0.09422679245471954,0.28298038244247437,0.0,0.09422679245471954,0.0001,1e-05,50.322,2.0957,0.7088
6273,stage2,4,0.09099170565605164,0.28590670228004456,0.0,0.09099170565605164,0.0001,1e-05,50.319,2.2323,0.6397
6274,stage2,4,0.113676056265831,0.310680091381073,0.0,0.113676056265831,0.0001,1e-05,50.322,2.5884,0.6595
6275,stage2,4,0.10173114389181137,0.31363314390182495,0.0,0.10173114389181137,0.0001,1e-05,50.322,2.4161,0.6803
6276,stage2,4,0.0973847433924675,0.3033798933029175,0.0,0.0973847433924675,0.0001,1e-05,50.322,2.546,0.7109
6277,stage2,4,0.08444704860448837,0.2708837389945984,0.0,0.08444704860448837,0.0001,1e-05,50.326,2.3256,0.7108
6278,stage2,4,0.08362472802400589,0.29381150007247925,0.0,0.08362472802400589,0.0001,1e-05,50.322,1.9763,3.5025
6279,stage2,4,0.09747712314128876,0.28873810172080994,0.0,0.09747712314128876,0.0001,1e-05,50.323,2.3107,0.823
6280,stage2,4,0.10135525465011597,0.2934070825576782,0.0,0.10135525465011597,0.0001,1e-05,50.324,2.1001,0.711
6281,stage2,4,0.08493781834840775,0.2619967758655548,0.0,0.08493781834840775,0.0001,1e-05,50.32,2.3501,0.6615
6282,stage2,4,0.09651394933462143,0.2697903513908386,0.0,0.09651394933462143,0.0001,1e-05,50.32,2.3148,0.6581
6283,stage2,4,0.09015585482120514,0.2672532796859741,0.0,0.09015585482120514,0.0001,1e-05,50.323,1.8075,0.6622
6284,stage2,4,0.08495232462882996,0.31663790345191956,0.0,0.08495232462882996,0.0001,1e-05,50.323,2.3117,0.7106
6285,stage2,4,0.08952995389699936,0.29337078332901,0.0,0.08952995389699936,0.0001,1e-05,50.324,2.6418,0.7111
6286,stage2,4,0.0946475937962532,0.29512014985084534,0.0,0.0946475937962532,0.0001,1e-05,50.324,2.2589,3.4474
6287,stage2,4,0.08679252862930298,0.2965603470802307,0.0,0.08679252862930298,0.0001,1e-05,50.325,2.2461,0.9192
6288,stage2,4,0.10000433027744293,0.2974538803100586,0.0,0.10000433027744293,0.0001,1e-05,50.319,2.2999,0.7109
6289,stage2,4,0.09708961099386215,0.2569577991962433,0.0,0.09708961099386215,0.0001,1e-05,50.322,2.582,0.6783
6290,stage2,4,0.10340537130832672,0.28088659048080444,0.0,0.10340537130832672,0.0001,1e-05,50.318,2.0426,0.6923
6291,stage2,4,0.09576280415058136,0.2856406569480896,0.0,0.09576280415058136,0.0001,1e-05,50.322,2.4759,0.8679
6292,stage2,4,0.1000305637717247,0.2991728186607361,0.0,0.1000305637717247,0.0001,1e-05,50.321,2.3629,0.9485
6293,stage2,4,0.09877312183380127,0.28903985023498535,0.0,0.09877312183380127,0.0001,1e-05,50.32,2.5516,0.9007
6294,stage2,4,0.0969383716583252,0.2906518280506134,0.0,0.0969383716583252,0.0001,1e-05,50.325,2.6925,2.9325
6295,stage2,4,0.08457225561141968,0.2980078458786011,0.0,0.08457225561141968,0.0001,1e-05,50.32,1.9579,0.9817
6296,stage2,4,0.08945651352405548,0.30655235052108765,0.0,0.08945651352405548,0.0001,1e-05,50.324,2.0682,0.9433
6297,stage2,4,0.10110647976398468,0.27491524815559387,0.0,0.10110647976398468,0.0001,1e-05,50.322,2.7404,0.9578
6298,stage2,4,0.10726074129343033,0.29310160875320435,0.0,0.10726074129343033,0.0001,1e-05,50.322,2.1587,0.9493
6299,stage2,4,0.09625664353370667,0.30833083391189575,0.0,0.09625664353370667,0.0001,1e-05,50.323,2.6077,0.9254
6300,stage2,4,0.09625658392906189,0.30441388487815857,0.0,0.09625658392906189,0.0001,1e-05,50.32,2.7548,0.9603
6301,stage2,4,0.09216311573982239,0.3091687560081482,0.0,0.09216311573982239,0.0001,1e-05,50.325,2.3753,1.0195
6302,stage2,4,0.09102511405944824,0.29386818408966064,0.0,0.09102511405944824,0.0001,1e-05,50.324,2.1365,1.5397
6303,stage2,4,0.10146256536245346,0.2635287642478943,0.0,0.10146256536245346,0.0001,1e-05,50.323,2.7913,0.9886
6304,stage2,4,0.08514747768640518,0.3054228127002716,0.0,0.08514747768640518,0.0001,1e-05,50.325,2.0741,0.9681
6305,stage2,4,0.10435401648283005,0.2941540479660034,0.0,0.10435401648283005,0.0001,1e-05,50.323,2.8075,0.9162
6306,stage2,4,0.09210409224033356,0.3093756437301636,0.0,0.09210409224033356,0.0001,1e-05,50.321,2.3768,0.9672
6307,stage2,4,0.08341740071773529,0.29964396357536316,0.0,0.08341740071773529,0.0001,1e-05,50.321,2.0028,0.96
6308,stage2,4,0.10431233048439026,0.30165380239486694,0.0,0.10431233048439026,0.0001,1e-05,50.323,2.4579,0.9189
6309,stage2,4,0.0901014432311058,0.2909143567085266,0.0,0.0901014432311058,0.0001,1e-05,50.321,2.2011,0.9316
6310,stage2,4,0.09205696731805801,0.3125424385070801,0.0,0.09205696731805801,0.0001,1e-05,50.324,2.1719,1.7323
6311,stage2,4,0.103406623005867,0.2889000177383423,0.0,0.103406623005867,0.0001,1e-05,50.322,2.6017,0.9429
6312,stage2,4,0.08711652457714081,0.27896222472190857,0.0,0.08711652457714081,0.0001,1e-05,50.326,2.3756,0.9457
6313,stage2,4,0.0896642878651619,0.3058725595474243,0.0,0.0896642878651619,0.0001,1e-05,50.324,2.2122,0.9862
6314,stage2,4,0.093363456428051,0.30776235461235046,0.0,0.093363456428051,0.0001,1e-05,50.324,2.2174,0.9464
6315,stage2,4,0.09870022535324097,0.29098254442214966,0.0,0.09870022535324097,0.0001,1e-05,50.323,2.9049,0.9207
6316,stage2,4,0.1105891764163971,0.3005147874355316,0.0,0.1105891764163971,0.0001,1e-05,50.321,3.3783,0.9485
6317,stage2,4,0.09849241375923157,0.2611882984638214,0.0,0.09849241375923157,0.0001,1e-05,50.32,2.4946,0.9451
6318,stage2,4,0.09330608695745468,0.28392815589904785,0.0,0.09330608695745468,0.0001,1e-05,50.32,2.2495,1.6667
6319,stage2,4,0.0877363532781601,0.2737171947956085,0.0,0.0877363532781601,0.0001,1e-05,50.325,2.063,0.9526
6320,stage2,4,0.09873267263174057,0.30924826860427856,0.0,0.09873267263174057,0.0001,1e-05,50.325,2.3487,0.9446
6321,stage2,4,0.09575816243886948,0.28016629815101624,0.0,0.09575816243886948,0.0001,1e-05,50.322,2.2549,0.94
6322,stage2,4,0.08866049349308014,0.30584821105003357,0.0,0.08866049349308014,0.0001,1e-05,50.323,2.0701,0.9306
6323,stage2,4,0.08720197528600693,0.26822444796562195,0.0,0.08720197528600693,0.0001,1e-05,50.32,2.1075,0.9769
6324,stage2,4,0.09111034870147705,0.31717756390571594,0.0,0.09111034870147705,0.0001,1e-05,50.318,2.2456,0.9716
6325,stage2,4,0.0893200933933258,0.29658976197242737,0.0,0.0893200933933258,0.0001,1e-05,50.322,2.0941,0.9456
6326,stage2,4,0.09409727901220322,0.28396257758140564,0.0,0.09409727901220322,0.0001,1e-05,50.323,2.4765,1.7462
6327,stage2,4,0.10062260180711746,0.32173046469688416,0.0,0.10062260180711746,0.0001,1e-05,50.321,2.4656,0.94
6328,stage2,4,0.09285245090723038,0.27819645404815674,0.0,0.09285245090723038,0.0001,1e-05,50.324,2.5937,0.9456
6329,stage2,4,0.09329631924629211,0.2826378345489502,0.0,0.09329631924629211,0.0001,1e-05,50.323,2.4534,0.9308
6330,stage2,4,0.09324447065591812,0.2947816848754883,0.0,0.09324447065591812,0.0001,1e-05,50.318,2.1413,0.9377
6331,stage2,4,0.09452062100172043,0.2937436103820801,0.0,0.09452062100172043,0.0001,1e-05,50.324,2.4741,0.9787
6332,stage2,4,0.09748157113790512,0.2797325551509857,0.0,0.09748157113790512,0.0001,1e-05,50.322,2.6826,0.9536
6333,stage2,4,0.08374036103487015,0.27833792567253113,0.0,0.08374036103487015,0.0001,1e-05,50.324,1.8175,0.948
6334,stage2,4,0.10365869849920273,0.29898974299430847,0.0,0.10365869849920273,0.0001,1e-05,50.323,2.5308,1.8033
6335,stage2,4,0.10731039941310883,0.30711692571640015,0.0,0.10731039941310883,0.0001,1e-05,50.319,3.1843,0.9711
6336,stage2,4,0.10022617876529694,0.2723532021045685,0.0,0.10022617876529694,0.0001,1e-05,50.323,2.2118,0.9603
6337,stage2,4,0.11835470795631409,0.2892788350582123,0.0,0.11835470795631409,0.0001,1e-05,50.324,2.6568,0.9723
6338,stage2,4,0.0795111358165741,0.2859453558921814,0.0,0.0795111358165741,0.0001,1e-05,50.322,2.2331,0.924
6339,stage2,4,0.09343976527452469,0.28494563698768616,0.0,0.09343976527452469,0.0001,1e-05,50.324,2.5062,0.9772
6340,stage2,4,0.09626290947198868,0.27635833621025085,0.0,0.09626290947198868,0.0001,1e-05,50.324,2.5503,0.9267
6341,stage2,4,0.09135647863149643,0.2637748718261719,0.0,0.09135647863149643,0.0001,1e-05,50.322,2.0105,0.9756
6342,stage2,4,0.08927644044160843,0.30887922644615173,0.0,0.08927644044160843,0.0001,1e-05,50.323,2.621,1.751
6343,stage2,4,0.08736006915569305,0.2908290922641754,0.0,0.08736006915569305,0.0001,1e-05,50.326,2.401,1.0001
6344,stage2,4,0.10451138019561768,0.32817140221595764,0.0,0.10451138019561768,0.0001,1e-05,50.323,3.2797,0.9629
6345,stage2,4,0.1042841300368309,0.2846844792366028,0.0,0.1042841300368309,0.0001,1e-05,50.323,2.2569,0.9437
6346,stage2,4,0.10006977617740631,0.3171868324279785,0.0,0.10006977617740631,0.0001,1e-05,50.324,2.3289,0.9264
6347,stage2,4,0.08375277370214462,0.2901765704154968,0.0,0.08375277370214462,0.0001,1e-05,50.322,2.3837,0.96
6348,stage2,4,0.08826090395450592,0.3145175874233246,0.0,0.08826090395450592,0.0001,1e-05,50.324,2.3323,0.9668
6349,stage2,4,0.08910264819860458,0.2769283354282379,0.0,0.08910264819860458,0.0001,1e-05,50.321,2.0601,0.96
6350,stage2,4,0.09211459010839462,0.29607394337654114,0.0,0.09211459010839462,0.0001,1e-05,50.324,1.955,1.6515
6351,stage2,4,0.08996850997209549,0.28152456879615784,0.0,0.08996850997209549,0.0001,1e-05,50.323,2.4067,0.9529
6352,stage2,4,0.0999753400683403,0.3045087456703186,0.0,0.0999753400683403,0.0001,1e-05,50.318,2.7746,0.979
6353,stage2,4,0.09742524474859238,0.2812764346599579,0.0,0.09742524474859238,0.0001,1e-05,50.321,2.2648,0.9564
6354,stage2,4,0.09343927353620529,0.30121511220932007,0.0,0.09343927353620529,0.0001,1e-05,50.323,2.749,0.9333
6355,stage2,4,0.09393198043107986,0.29865431785583496,0.0,0.09393198043107986,0.0001,1e-05,50.325,2.5487,1.0063
6356,stage2,4,0.10115887224674225,0.2992606461048126,0.0,0.10115887224674225,0.0001,1e-05,50.321,2.6678,0.9501
6357,stage2,4,0.10036604851484299,0.30725887417793274,0.0,0.10036604851484299,0.0001,1e-05,50.319,2.2731,0.961
6358,stage2,4,0.09623901546001434,0.26386186480522156,0.0,0.09623901546001434,0.0001,1e-05,50.32,2.576,1.7311
6359,stage2,4,0.09068729728460312,0.276181161403656,0.0,0.09068729728460312,0.0001,1e-05,50.322,2.7117,0.9003
6360,stage2,4,0.08386936783790588,0.31031933426856995,0.0,0.08386936783790588,0.0001,1e-05,50.323,2.4066,0.9349
6361,stage2,4,0.1055750921368599,0.32041433453559875,0.0,0.1055750921368599,0.0001,1e-05,50.324,3.703,0.9377
6362,stage2,4,0.09364864975214005,0.27383363246917725,0.0,0.09364864975214005,0.0001,1e-05,50.321,2.5237,0.9437
6363,stage2,4,0.11507613211870193,0.29441434144973755,0.0,0.11507613211870193,0.0001,1e-05,50.321,2.7974,0.951
6364,stage2,4,0.08778690546751022,0.26888296008110046,0.0,0.08778690546751022,0.0001,1e-05,50.32,2.0146,0.9705
6365,stage2,4,0.11042100191116333,0.2911410629749298,0.0,0.11042100191116333,0.0001,1e-05,50.326,3.4341,0.9681
6366,stage2,4,0.09630247950553894,0.2745594382286072,0.0,0.09630247950553894,0.0001,1e-05,50.322,2.0357,1.8901
6367,stage2,4,0.09451058506965637,0.29439812898635864,0.0,0.09451058506965637,0.0001,1e-05,50.323,2.8043,0.9592
6368,stage2,4,0.09862349927425385,0.27317094802856445,0.0,0.09862349927425385,0.0001,1e-05,50.319,2.4104,0.9471
6369,stage2,4,0.09299951046705246,0.27874529361724854,0.0,0.09299951046705246,0.0001,1e-05,50.326,1.9757,0.9505
6370,stage2,4,0.10028385370969772,0.28290075063705444,0.0,0.10028385370969772,0.0001,1e-05,50.32,2.6853,0.9868
6371,stage2,4,0.09914528578519821,0.28228020668029785,0.0,0.09914528578519821,0.0001,1e-05,50.318,2.6222,0.9488
6372,stage2,4,0.1003786250948906,0.3178968131542206,0.0,0.1003786250948906,0.0001,1e-05,50.325,3.3742,1.0006
6373,stage2,4,0.0864081084728241,0.2731421887874603,0.0,0.0864081084728241,0.0001,1e-05,50.322,2.3595,0.9782
6374,stage2,4,0.10566631704568863,0.28209343552589417,0.0,0.10566631704568863,0.0001,1e-05,50.321,2.891,1.7406
6375,stage2,4,0.09445188194513321,0.30084264278411865,0.0,0.09445188194513321,0.0001,1e-05,50.322,2.4401,0.9672
6376,stage2,4,0.09466862678527832,0.2929931581020355,0.0,0.09466862678527832,0.0001,1e-05,50.318,2.3636,0.9727
6377,stage2,4,0.11489695310592651,0.2972790598869324,0.0,0.11489695310592651,0.0001,1e-05,50.323,2.5256,0.9302
6378,stage2,4,0.10200221836566925,0.28802165389060974,0.0,0.10200221836566925,0.0001,1e-05,50.321,4.097,1.027
6379,stage2,4,0.09575366228818893,0.2974291443824768,0.0,0.09575366228818893,0.0001,1e-05,50.324,2.3516,0.9395
6380,stage2,4,0.1040540412068367,0.3181837797164917,0.0,0.1040540412068367,0.0001,1e-05,50.327,2.1625,0.9967
6381,stage2,4,0.08062996715307236,0.3102952539920807,0.0,0.08062996715307236,0.0001,1e-05,50.322,2.013,0.9743
6382,stage2,4,0.10717049241065979,0.29335471987724304,0.0,0.10717049241065979,0.0001,1e-05,50.316,2.8174,1.5973
6383,stage2,4,0.09912022948265076,0.28160056471824646,0.0,0.09912022948265076,0.0001,1e-05,50.323,2.2337,0.965
6384,stage2,4,0.08579700440168381,0.2962125539779663,0.0,0.08579700440168381,0.0001,1e-05,50.326,1.951,0.9654
6385,stage2,4,0.08954639732837677,0.28259697556495667,0.0,0.08954639732837677,0.0001,1e-05,50.322,2.074,0.9802
6386,stage2,4,0.08807426691055298,0.28327471017837524,0.0,0.08807426691055298,0.0001,1e-05,50.325,2.3592,0.942
6387,stage2,4,0.09366466850042343,0.299029678106308,0.0,0.09366466850042343,0.0001,1e-05,50.324,2.1891,0.9529
6388,stage2,4,0.08887524902820587,0.3071562647819519,0.0,0.08887524902820587,0.0001,1e-05,50.324,1.9977,0.9364
6389,stage2,4,0.09025917947292328,0.3055204153060913,0.0,0.09025917947292328,0.0001,1e-05,50.323,2.3285,0.9824
6390,stage2,4,0.12148793041706085,0.30819621682167053,0.0,0.12148793041706085,0.0001,1e-05,50.32,2.3016,1.7763
6391,stage2,4,0.08746384084224701,0.28775402903556824,0.0,0.08746384084224701,0.0001,1e-05,50.321,2.3896,0.9952
6392,stage2,4,0.10666276514530182,0.3068607747554779,0.0,0.10666276514530182,0.0001,1e-05,50.322,2.5685,0.9369
6393,stage2,4,0.10293862223625183,0.28391504287719727,0.0,0.10293862223625183,0.0001,1e-05,50.325,2.5776,0.9398
6394,stage2,4,0.0841715931892395,0.31154540181159973,0.0,0.0841715931892395,0.0001,1e-05,50.318,2.3198,0.9436
6395,stage2,4,0.09147081524133682,0.2843623459339142,0.0,0.09147081524133682,0.0001,1e-05,50.319,2.2933,0.9423
6396,stage2,4,0.10222747921943665,0.2910693287849426,0.0,0.10222747921943665,0.0001,1e-05,50.321,2.613,0.9423
6397,stage2,4,0.08937155455350876,0.31109583377838135,0.0,0.08937155455350876,0.0001,1e-05,50.317,1.9931,0.9457
6398,stage2,4,0.08565917611122131,0.2921677529811859,0.0,0.08565917611122131,0.0001,1e-05,50.317,2.2545,1.6374
6399,stage2,4,0.12373252958059311,0.3120189905166626,0.0,0.12373252958059311,0.0001,1e-05,50.318,3.223,0.9949
6400,stage2,4,0.1003793254494667,0.2936874032020569,0.0,0.1003793254494667,0.0001,1e-05,50.322,2.8267,0.9419
6401,stage2,4,0.10678684711456299,0.3006022572517395,0.0,0.10678684711456299,0.0001,1e-05,50.32,3.2002,0.9553
6402,stage2,4,0.09658709168434143,0.3083254098892212,0.0,0.09658709168434143,0.0001,1e-05,50.321,2.6761,0.9648
6403,stage2,4,0.08314719051122665,0.29738545417785645,0.0,0.08314719051122665,0.0001,1e-05,50.32,2.6768,0.9345
6404,stage2,4,0.0931982696056366,0.31179019808769226,0.0,0.0931982696056366,0.0001,1e-05,50.324,2.334,0.9321
6405,stage2,4,0.09762578457593918,0.32151368260383606,0.0,0.09762578457593918,0.0001,1e-05,50.321,2.4979,0.983
6406,stage2,4,0.10157743841409683,0.30784887075424194,0.0,0.10157743841409683,0.0001,1e-05,50.322,2.8724,1.7148
6407,stage2,4,0.10257883369922638,0.29172590374946594,0.0,0.10257883369922638,0.0001,1e-05,50.32,2.3589,0.9347
6408,stage2,4,0.11112786829471588,0.2818185091018677,0.0,0.11112786829471588,0.0001,1e-05,50.323,2.3577,0.9541
6409,stage2,4,0.08331191539764404,0.2906278371810913,0.0,0.08331191539764404,0.0001,1e-05,50.324,2.6814,0.94
6410,stage2,4,0.09877327084541321,0.3091611862182617,0.0,0.09877327084541321,0.0001,1e-05,50.321,2.3812,0.9357
6411,stage2,4,0.08793629705905914,0.3087991178035736,0.0,0.08793629705905914,0.0001,1e-05,50.324,2.145,0.9876
6412,stage2,4,0.08607102185487747,0.2758841812610626,0.0,0.08607102185487747,0.0001,1e-05,50.322,2.163,0.9303
6413,stage2,4,0.10849763453006744,0.30071431398391724,0.0,0.10849763453006744,0.0001,1e-05,50.318,2.7002,0.9614
6414,stage2,4,0.10151514410972595,0.29488298296928406,0.0,0.10151514410972595,0.0001,1e-05,50.318,2.7003,1.7538
6415,stage2,4,0.10155955702066422,0.32376885414123535,0.0,0.10155955702066422,0.0001,1e-05,50.324,2.1628,0.9519
6416,stage2,4,0.09471216052770615,0.29949650168418884,0.0,0.09471216052770615,0.0001,1e-05,50.322,2.4981,0.9929
6417,stage2,4,0.11032935976982117,0.3081090748310089,0.0,0.11032935976982117,0.0001,1e-05,50.317,2.8861,0.9633
6418,stage2,4,0.10950072854757309,0.2748771607875824,0.0,0.10950072854757309,0.0001,1e-05,50.321,2.2239,0.9598
6419,stage2,4,0.08365361392498016,0.28682222962379456,0.0,0.08365361392498016,0.0001,1e-05,50.324,2.5122,0.9482
6420,stage2,4,0.10023771226406097,0.31277620792388916,0.0,0.10023771226406097,0.0001,1e-05,50.318,2.2828,0.9389
6421,stage2,4,0.10600277781486511,0.3188948631286621,0.0,0.10600277781486511,0.0001,1e-05,50.319,3.309,0.955
6422,stage2,4,0.07989542186260223,0.3101798892021179,0.0,0.07989542186260223,0.0001,1e-05,50.321,2.0482,1.7885
6423,stage2,4,0.09233570098876953,0.29141461849212646,0.0,0.09233570098876953,0.0001,1e-05,50.318,2.5732,0.9755
6424,stage2,4,0.08974888175725937,0.2962781488895416,0.0,0.08974888175725937,0.0001,1e-05,50.323,2.454,0.9672
6425,stage2,4,0.10196308046579361,0.31795763969421387,0.0,0.10196308046579361,0.0001,1e-05,50.322,2.7158,0.976
6426,stage2,4,0.08717180788516998,0.29607245326042175,0.0,0.08717180788516998,0.0001,1e-05,50.321,2.0475,0.9736
6427,stage2,4,0.09039213508367538,0.3017093539237976,0.0,0.09039213508367538,0.0001,1e-05,50.32,3.2044,0.9507
6428,stage2,4,0.10473484545946121,0.2942706048488617,0.0,0.10473484545946121,0.0001,1e-05,50.32,2.5345,0.9845
6429,stage2,4,0.0938013345003128,0.2980012893676758,0.0,0.0938013345003128,0.0001,1e-05,50.321,1.8481,0.955
6430,stage2,4,0.08702052384614944,0.2724175751209259,0.0,0.08702052384614944,0.0001,1e-05,50.319,1.9635,1.6339
6431,stage2,4,0.10837579518556595,0.3001256585121155,0.0,0.10837579518556595,0.0001,1e-05,50.323,2.3944,0.942
6432,stage2,4,0.08182176947593689,0.2959144115447998,0.0,0.08182176947593689,0.0001,1e-05,50.318,2.0203,0.9377
6433,stage2,4,0.08964286744594574,0.2760065495967865,0.0,0.08964286744594574,0.0001,1e-05,50.322,2.3008,0.9506
6434,stage2,4,0.10518169403076172,0.27470359206199646,0.0,0.10518169403076172,0.0001,1e-05,50.321,2.1767,0.9635
6435,stage2,4,0.09535182267427444,0.2882143557071686,0.0,0.09535182267427444,0.0001,1e-05,50.323,2.5269,0.9399
6436,stage2,4,0.09278090298175812,0.29709163308143616,0.0,0.09278090298175812,0.0001,1e-05,50.32,2.2975,0.9694
6437,stage2,4,0.0937407985329628,0.33394718170166016,0.0,0.0937407985329628,0.0001,1e-05,50.322,2.3778,0.931
6438,stage2,4,0.1029471829533577,0.29848039150238037,0.0,0.1029471829533577,0.0001,1e-05,50.32,2.6472,1.7174
6439,stage2,4,0.09206464141607285,0.2756514549255371,0.0,0.09206464141607285,0.0001,1e-05,50.319,2.6712,0.9382
6440,stage2,4,0.09608597308397293,0.33485090732574463,0.0,0.09608597308397293,0.0001,1e-05,50.324,2.5456,1.0005
6441,stage2,4,0.112408347427845,0.31021809577941895,0.0,0.112408347427845,0.0001,1e-05,50.321,2.6829,0.9452
6442,stage2,4,0.10017815977334976,0.3315463960170746,0.0,0.10017815977334976,0.0001,1e-05,50.324,2.0411,0.9476
6443,stage2,4,0.090506412088871,0.2693308889865875,0.0,0.090506412088871,0.0001,1e-05,50.321,2.0406,0.9844
6444,stage2,4,0.09013639390468597,0.27803340554237366,0.0,0.09013639390468597,0.0001,1e-05,50.322,2.1701,0.9644
6445,stage2,4,0.10080817341804504,0.28402748703956604,0.0,0.10080817341804504,0.0001,1e-05,50.321,2.6122,0.9396
6446,stage2,4,0.0951746329665184,0.27134808897972107,0.0,0.0951746329665184,0.0001,1e-05,50.318,1.8322,1.6389
6447,stage2,4,0.08770907670259476,0.30363988876342773,0.0,0.08770907670259476,0.0001,1e-05,50.324,1.8211,1.0653
6448,stage2,4,0.09781350195407867,0.2787826657295227,0.0,0.09781350195407867,0.0001,1e-05,50.32,2.1432,0.9406
6449,stage2,4,0.08662164211273193,0.3149111270904541,0.0,0.08662164211273193,0.0001,1e-05,50.322,2.022,0.977
6450,stage2,4,0.08490651100873947,0.30491936206817627,0.0,0.08490651100873947,0.0001,1e-05,50.323,2.0616,0.9657
6451,stage2,4,0.10353527218103409,0.29074904322624207,0.0,0.10353527218103409,0.0001,1e-05,50.321,2.3786,0.9597
6452,stage2,4,0.08944419026374817,0.27440500259399414,0.0,0.08944419026374817,0.0001,1e-05,50.323,2.3448,0.9621
6453,stage2,4,0.08389779925346375,0.2937595248222351,0.0,0.08389779925346375,0.0001,1e-05,50.323,2.1614,0.937
6454,stage2,4,0.09108714759349823,0.29290464520454407,0.0,0.09108714759349823,0.0001,1e-05,50.322,2.5849,1.5747
6455,stage2,4,0.09688478708267212,0.3202019929885864,0.0,0.09688478708267212,0.0001,1e-05,50.324,2.536,1.1919
6456,stage2,4,0.09973273426294327,0.28905612230300903,0.0,0.09973273426294327,0.0001,1e-05,50.321,2.6838,0.9416
6457,stage2,4,0.08868489414453506,0.27012938261032104,0.0,0.08868489414453506,0.0001,1e-05,50.321,2.0165,1.0045
6458,stage2,4,0.0903160572052002,0.3005010187625885,0.0,0.0903160572052002,0.0001,1e-05,50.32,2.5621,0.9515
6459,stage2,4,0.08855126798152924,0.2713819146156311,0.0,0.08855126798152924,0.0001,1e-05,50.324,2.1524,0.9923
6460,stage2,4,0.08531761169433594,0.28417956829071045,0.0,0.08531761169433594,0.0001,1e-05,50.32,2.0884,0.9724
6461,stage2,4,0.09170712530612946,0.26648610830307007,0.0,0.09170712530612946,0.0001,1e-05,50.322,2.6247,0.9813
6462,stage2,4,0.10689733177423477,0.31213241815567017,0.0,0.10689733177423477,0.0001,1e-05,50.321,2.7233,1.3835
6463,stage2,4,0.09688092768192291,0.2903670072555542,0.0,0.09688092768192291,0.0001,1e-05,50.322,2.9587,1.2369
6464,stage2,4,0.09282524883747101,0.30349424481391907,0.0,0.09282524883747101,0.0001,1e-05,50.32,2.7512,0.9377
6465,stage2,4,0.1009090468287468,0.2868165671825409,0.0,0.1009090468287468,0.0001,1e-05,50.319,2.2543,0.9496
6466,stage2,4,0.09638308733701706,0.2942734956741333,0.0,0.09638308733701706,0.0001,1e-05,50.321,2.827,0.9515
6467,stage2,4,0.08353652060031891,0.2767930030822754,0.0,0.08353652060031891,0.0001,1e-05,50.32,2.1006,0.9795
6468,stage2,4,0.10705800354480743,0.2861082851886749,0.0,0.10705800354480743,0.0001,1e-05,50.32,2.6131,0.933
6469,stage2,4,0.08869077265262604,0.2454908937215805,0.0,0.08869077265262604,0.0001,1e-05,50.322,2.3815,0.971
6470,stage2,4,0.10083526372909546,0.2912273705005646,0.0,0.10083526372909546,0.0001,1e-05,50.32,2.8611,1.315
6471,stage2,4,0.10968270897865295,0.28526273369789124,0.0,0.10968270897865295,0.0001,1e-05,50.326,2.7299,1.3575
6472,stage2,4,0.10082446783781052,0.2902797758579254,0.0,0.10082446783781052,0.0001,1e-05,50.319,2.027,0.9384
6473,stage2,4,0.10975173115730286,0.30868518352508545,0.0,0.10975173115730286,0.0001,1e-05,50.322,2.8494,0.9601
6474,stage2,4,0.08332014083862305,0.30051174759864807,0.0,0.08332014083862305,0.0001,1e-05,50.319,2.145,0.9303
6475,stage2,4,0.0988159254193306,0.2774319350719452,0.0,0.0988159254193306,0.0001,1e-05,50.32,2.828,0.9472
6476,stage2,4,0.10242953151464462,0.3031138479709625,0.0,0.10242953151464462,0.0001,1e-05,50.323,2.3294,0.9962
6477,stage2,4,0.08029420673847198,0.3217645287513733,0.0,0.08029420673847198,0.0001,1e-05,50.325,1.7798,0.9872
6478,stage2,4,0.11581971496343613,0.302735835313797,0.0,0.11581971496343613,0.0001,1e-05,50.32,2.4806,1.2904
6479,stage2,4,0.105746328830719,0.2676556408405304,0.0,0.105746328830719,0.0001,1e-05,50.323,2.5051,1.3291
6480,stage2,4,0.09496992081403732,0.3064455986022949,0.0,0.09496992081403732,0.0001,1e-05,50.323,2.6111,0.9691
6481,stage2,4,0.07932566106319427,0.3205691874027252,0.0,0.07932566106319427,0.0001,1e-05,50.323,1.8713,0.8497
6482,stage2,4,0.09905402362346649,0.30492785573005676,0.0,0.09905402362346649,0.0001,1e-05,50.322,2.4026,0.9483
6483,stage2,4,0.09840764850378036,0.3030136823654175,0.0,0.09840764850378036,0.0001,1e-05,50.321,3.1454,0.9657
6484,stage2,4,0.0903187021613121,0.3110586404800415,0.0,0.0903187021613121,0.0001,1e-05,50.319,2.7356,0.9794
6485,stage2,4,0.09264616668224335,0.3002723157405853,0.0,0.09264616668224335,0.0001,1e-05,50.321,2.2245,0.9831
6486,stage2,4,0.09859663993120193,0.2682415544986725,0.0,0.09859663993120193,0.0001,1e-05,50.317,2.2202,1.4664
6487,stage2,4,0.09343133866786957,0.28274989128112793,0.0,0.09343133866786957,0.0001,1e-05,50.319,3.0098,1.2456
6488,stage2,4,0.08826891332864761,0.3145175874233246,0.0,0.08826891332864761,0.0001,1e-05,50.32,2.4185,0.9625
6489,stage2,4,0.08460194617509842,0.2978452444076538,0.0,0.08460194617509842,0.0001,1e-05,50.317,2.4531,0.9449
6490,stage2,4,0.09751798957586288,0.29651179909706116,0.0,0.09751798957586288,0.0001,1e-05,50.319,2.9993,0.9624
6491,stage2,4,0.09598629176616669,0.28235408663749695,0.0,0.09598629176616669,0.0001,1e-05,50.322,2.8171,1.0033
6492,stage2,4,0.08450473845005035,0.2862430214881897,0.0,0.08450473845005035,0.0001,1e-05,50.32,1.9987,0.9537
6493,stage2,4,0.09982616454362869,0.29073694348335266,0.0,0.09982616454362869,0.0001,1e-05,50.319,2.0792,0.9857
6494,stage2,4,0.0877922847867012,0.27501121163368225,0.0,0.0877922847867012,0.0001,1e-05,50.321,2.4235,1.3699
6495,stage2,4,0.11348496377468109,0.2881981134414673,0.0,0.11348496377468109,0.0001,1e-05,50.318,3.0581,1.1802
6496,stage2,4,0.09332576394081116,0.25830960273742676,0.0,0.09332576394081116,0.0001,1e-05,50.317,2.5633,1.002
6497,stage2,4,0.08995683491230011,0.2562556266784668,0.0,0.08995683491230011,0.0001,1e-05,50.32,2.3745,0.9402
6498,stage2,4,0.0978693887591362,0.2953098714351654,0.0,0.0978693887591362,0.0001,1e-05,50.317,2.5114,1.0064
6499,stage2,4,0.09223464131355286,0.31023523211479187,0.0,0.09223464131355286,0.0001,1e-05,50.32,2.5367,0.9589
6500,stage2,4,0.09619050472974777,0.2992233335971832,0.0,0.09619050472974777,0.0001,1e-05,50.323,2.5269,0.9282
6501,stage2,4,0.09925369918346405,0.31238776445388794,0.0,0.09925369918346405,0.0001,1e-05,50.32,2.6001,1.0023
6502,stage2,4,0.08963730186223984,0.3051956295967102,0.0,0.08963730186223984,0.0001,1e-05,50.319,2.0718,1.5175
6503,stage2,4,0.0978827103972435,0.2740033268928528,0.0,0.0978827103972435,0.0001,1e-05,50.319,2.1883,1.1104
6504,stage2,4,0.09569814056158066,0.28314754366874695,0.0,0.09569814056158066,0.0001,1e-05,50.321,2.3253,0.9641
6505,stage2,4,0.09694314002990723,0.28888586163520813,0.0,0.09694314002990723,0.0001,1e-05,50.316,2.7931,0.9679
6506,stage2,4,0.08742766082286835,0.28402572870254517,0.0,0.08742766082286835,0.0001,1e-05,50.32,2.0514,0.9589
6507,stage2,4,0.1092621386051178,0.27625808119773865,0.0,0.1092621386051178,0.0001,1e-05,50.321,2.1949,0.9444
6508,stage2,4,0.08886650204658508,0.35820022225379944,0.0,0.08886650204658508,0.0001,1e-05,50.319,1.9085,0.9855
6509,stage2,4,0.09649452567100525,0.2854956388473511,0.0,0.09649452567100525,0.0001,1e-05,50.321,2.1476,0.9631
6510,stage2,4,0.10968527942895889,0.2705458998680115,0.0,0.10968527942895889,0.0001,1e-05,50.32,2.3635,1.5218
6511,stage2,4,0.08292295783758163,0.2608163058757782,0.0,0.08292295783758163,0.0001,1e-05,50.322,2.3353,1.1064
6512,stage2,4,0.09057527035474777,0.29415902495384216,0.0,0.09057527035474777,0.0001,1e-05,50.323,2.4124,0.9631
6513,stage2,4,0.08975805342197418,0.33201876282691956,0.0,0.08975805342197418,0.0001,1e-05,50.321,2.6163,0.9893
6514,stage2,4,0.09132672846317291,0.30176717042922974,0.0,0.09132672846317291,0.0001,1e-05,50.319,2.4448,0.9431
6515,stage2,4,0.09734882414340973,0.3005385100841522,0.0,0.09734882414340973,0.0001,1e-05,50.319,2.3097,0.9216
6516,stage2,4,0.09777552634477615,0.3007130026817322,0.0,0.09777552634477615,0.0001,1e-05,50.322,2.5197,0.9642
6517,stage2,4,0.08515119552612305,0.31201568245887756,0.0,0.08515119552612305,0.0001,1e-05,50.322,2.4601,0.9687
6518,stage2,4,0.07494322210550308,0.29385167360305786,0.0,0.07494322210550308,0.0001,1e-05,50.321,1.8089,1.5694
6519,stage2,4,0.1001635417342186,0.3022901117801666,0.0,0.1001635417342186,0.0001,1e-05,50.319,2.3019,1.1066
6520,stage2,4,0.09167131036520004,0.30036619305610657,0.0,0.09167131036520004,0.0001,1e-05,50.318,2.1582,0.9354
6521,stage2,4,0.09728681296110153,0.2976874113082886,0.0,0.09728681296110153,0.0001,1e-05,50.32,2.6907,0.9318
6522,stage2,4,0.08957021683454514,0.28165221214294434,0.0,0.08957021683454514,0.0001,1e-05,50.321,2.5722,0.9611
6523,stage2,4,0.10425838083028793,0.30903714895248413,0.0,0.10425838083028793,0.0001,1e-05,50.32,2.5611,1.0057
6524,stage2,4,0.0879921168088913,0.2871459722518921,0.0,0.0879921168088913,0.0001,1e-05,50.323,1.9756,0.9599
6525,stage2,4,0.08204233646392822,0.29786941409111023,0.0,0.08204233646392822,0.0001,1e-05,50.318,1.9753,0.9763
6526,stage2,4,0.08660006523132324,0.2942517101764679,0.0,0.08660006523132324,0.0001,1e-05,50.324,2.6264,1.6806
6527,stage2,4,0.09772621840238571,0.32266607880592346,0.0,0.09772621840238571,0.0001,1e-05,50.321,2.2615,0.989
6528,stage2,4,0.10112116485834122,0.3002918064594269,0.0,0.10112116485834122,0.0001,1e-05,50.321,2.8956,0.9646
6529,stage2,4,0.09142167121171951,0.28031668066978455,0.0,0.09142167121171951,0.0001,1e-05,50.319,2.3674,0.9821
6530,stage2,4,0.0927269458770752,0.3115881383419037,0.0,0.0927269458770752,0.0001,1e-05,50.317,2.5612,0.9692
6531,stage2,4,0.08275255560874939,0.26883289217948914,0.0,0.08275255560874939,0.0001,1e-05,50.32,1.9657,0.9731
6532,stage2,4,0.08072569221258163,0.33415403962135315,0.0,0.08072569221258163,0.0001,1e-05,50.322,2.2619,0.9713
6533,stage2,4,0.09680543094873428,0.30573004484176636,0.0,0.09680543094873428,0.0001,1e-05,50.322,2.2698,0.971
6534,stage2,4,0.09380707144737244,0.26231682300567627,0.0,0.09380707144737244,0.0001,1e-05,50.318,2.5783,1.6954
6535,stage2,4,0.09528777748346329,0.3168729543685913,0.0,0.09528777748346329,0.0001,1e-05,50.323,2.034,0.9524
6536,stage2,4,0.08866964280605316,0.30920833349227905,0.0,0.08866964280605316,0.0001,1e-05,50.321,2.5021,0.9943
6537,stage2,4,0.10315167903900146,0.3196973204612732,0.0,0.10315167903900146,0.0001,1e-05,50.321,2.7704,0.9437
6538,stage2,4,0.10168705135583878,0.2850066125392914,0.0,0.10168705135583878,0.0001,1e-05,50.32,2.1914,0.905
6539,stage2,4,0.10138071328401566,0.3039003610610962,0.0,0.10138071328401566,0.0001,1e-05,50.321,2.8172,0.9674
6540,stage2,4,0.08883290737867355,0.32774773240089417,0.0,0.08883290737867355,0.0001,1e-05,50.323,2.0956,0.9629
6541,stage2,4,0.09217808395624161,0.3110978305339813,0.0,0.09217808395624161,0.0001,1e-05,50.32,2.4382,1.0053
6542,stage2,4,0.08399591594934464,0.3242984116077423,0.0,0.08399591594934464,0.0001,1e-05,50.318,2.2647,1.6415
6543,stage2,4,0.09830965846776962,0.30073752999305725,0.0,0.09830965846776962,0.0001,1e-05,50.32,2.6113,0.9611
6544,stage2,4,0.08974484354257584,0.33411815762519836,0.0,0.08974484354257584,0.0001,1e-05,50.321,2.6236,0.9907
6545,stage2,4,0.08527398854494095,0.2874126732349396,0.0,0.08527398854494095,0.0001,1e-05,50.321,2.0817,0.9607
6546,stage2,4,0.09999337047338486,0.3169156312942505,0.0,0.09999337047338486,0.0001,1e-05,50.321,3.1162,0.9596
6547,stage2,4,0.08859801292419434,0.31020233035087585,0.0,0.08859801292419434,0.0001,1e-05,50.319,2.1248,0.9876
6548,stage2,4,0.09517303109169006,0.292481929063797,0.0,0.09517303109169006,0.0001,1e-05,50.323,2.4119,0.9399
6549,stage2,4,0.08782703429460526,0.26501965522766113,0.0,0.08782703429460526,0.0001,1e-05,50.32,2.4002,0.9905
6550,stage2,4,0.09624563902616501,0.2895975708961487,0.0,0.09624563902616501,0.0001,1e-05,50.32,2.6842,1.4368
6551,stage2,4,0.08730807155370712,0.2933366894721985,0.0,0.08730807155370712,0.0001,1e-05,50.318,2.4528,0.9776
6552,stage2,4,0.09634488821029663,0.29768580198287964,0.0,0.09634488821029663,0.0001,1e-05,50.321,2.3115,0.9814
6553,stage2,4,0.11633891612291336,0.27906301617622375,0.0,0.11633891612291336,0.0001,1e-05,50.318,2.3553,0.939
6554,stage2,4,0.09689929336309433,0.2900184690952301,0.0,0.09689929336309433,0.0001,1e-05,50.317,2.0235,0.9858
6555,stage2,4,0.09771644324064255,0.29635700583457947,0.0,0.09771644324064255,0.0001,1e-05,50.32,2.3135,0.9885
6556,stage2,4,0.0985708087682724,0.270332932472229,0.0,0.0985708087682724,0.0001,1e-05,50.321,2.4441,0.9683
6557,stage2,4,0.11462902277708054,0.28442126512527466,0.0,0.11462902277708054,0.0001,1e-05,50.318,3.0945,0.9779
6558,stage2,4,0.09054321050643921,0.30162426829338074,0.0,0.09054321050643921,0.0001,1e-05,50.321,2.4338,1.5774
6559,stage2,4,0.10746686905622482,0.3006061017513275,0.0,0.10746686905622482,0.0001,1e-05,50.32,2.477,0.9559
6560,stage2,4,0.08388189971446991,0.2908444404602051,0.0,0.08388189971446991,0.0001,1e-05,50.321,2.1931,0.9897
6561,stage2,4,0.08862493187189102,0.2984476089477539,0.0,0.08862493187189102,0.0001,1e-05,50.325,2.6858,0.9657
6562,stage2,4,0.08569877594709396,0.3143464922904968,0.0,0.08569877594709396,0.0001,1e-05,50.32,1.9052,0.951
6563,stage2,4,0.0894540324807167,0.25500279664993286,0.0,0.0894540324807167,0.0001,1e-05,50.322,2.0734,1.0842
6564,stage2,4,0.09823718667030334,0.2975763976573944,0.0,0.09823718667030334,0.0001,1e-05,50.321,2.5308,0.9581
6565,stage2,4,0.09077085554599762,0.30947551131248474,0.0,0.09077085554599762,0.0001,1e-05,50.322,2.2394,1.0021
6566,stage2,4,0.085418701171875,0.305743932723999,0.0,0.085418701171875,0.0001,1e-05,50.321,2.4677,1.5089
6567,stage2,4,0.08819420635700226,0.3018639385700226,0.0,0.08819420635700226,0.0001,1e-05,50.318,2.1828,0.922
6568,stage2,4,0.08681792765855789,0.3042933940887451,0.0,0.08681792765855789,0.0001,1e-05,50.319,2.1763,0.9736
6569,stage2,4,0.11052725464105606,0.30860310792922974,0.0,0.11052725464105606,0.0001,1e-05,50.322,3.1361,0.9559
6570,stage2,4,0.10163889825344086,0.2730022966861725,0.0,0.10163889825344086,0.0001,1e-05,50.32,2.7278,0.9575
6571,stage2,4,0.09781096875667572,0.2962752878665924,0.0,0.09781096875667572,0.0001,1e-05,50.323,2.5469,1.2731
6572,stage2,4,0.09728341549634933,0.3070601224899292,0.0,0.09728341549634933,0.0001,1e-05,50.319,1.9631,1.0035
6573,stage2,4,0.10033448040485382,0.28532546758651733,0.0,0.10033448040485382,0.0001,1e-05,50.32,2.7776,0.945
6574,stage2,4,0.09224647283554077,0.25907737016677856,0.0,0.09224647283554077,0.0001,1e-05,50.32,2.5152,1.3285
6575,stage2,4,0.09215577691793442,0.3429014980792999,0.0,0.09215577691793442,0.0001,1e-05,50.321,2.7636,0.9662
6576,stage2,4,0.10042557120323181,0.33119240403175354,0.0,0.10042557120323181,0.0001,1e-05,50.321,2.2361,0.962
6577,stage2,4,0.0992758572101593,0.3240761160850525,0.0,0.0992758572101593,0.0001,1e-05,50.323,2.5752,0.9744
6578,stage2,4,0.09027381986379623,0.28687262535095215,0.0,0.09027381986379623,0.0001,1e-05,50.319,2.1765,0.9636
6579,stage2,4,0.09776835888624191,0.3181808888912201,0.0,0.09776835888624191,0.0001,1e-05,50.323,2.8096,1.3375
6580,stage2,4,0.08482934534549713,0.28895485401153564,0.0,0.08482934534549713,0.0001,1e-05,50.32,2.2935,0.96
6581,stage2,4,0.10353974997997284,0.3183889091014862,0.0,0.10353974997997284,0.0001,1e-05,50.323,2.1484,0.947
6582,stage2,4,0.08040006458759308,0.3020781874656677,0.0,0.08040006458759308,0.0001,1e-05,50.322,1.7265,1.3866
6583,stage2,4,0.09652277082204819,0.30636462569236755,0.0,0.09652277082204819,0.0001,1e-05,50.321,2.5107,0.9419
6584,stage2,4,0.08941381424665451,0.29351043701171875,0.0,0.08941381424665451,0.0001,1e-05,50.321,2.0804,0.9555
6585,stage2,4,0.08558640629053116,0.2908816337585449,0.0,0.08558640629053116,0.0001,1e-05,50.32,2.1654,0.9423
6586,stage2,4,0.08811016380786896,0.32357797026634216,0.0,0.08811016380786896,0.0001,1e-05,50.322,2.1259,1.1128
6587,stage2,4,0.09415752440690994,0.2972863018512726,0.0,0.09415752440690994,0.0001,1e-05,50.322,2.4926,1.2677
6588,stage2,4,0.08933994919061661,0.32702386379241943,0.0,0.08933994919061661,0.0001,1e-05,50.321,2.4552,0.9587
6589,stage2,4,0.09016385674476624,0.3197233974933624,0.0,0.09016385674476624,0.0001,1e-05,50.322,2.5298,0.946
6590,stage2,4,0.09308088570833206,0.2796073853969574,0.0,0.09308088570833206,0.0001,1e-05,50.321,2.6483,1.2709
6591,stage2,4,0.09400695562362671,0.3030003309249878,0.0,0.09400695562362671,0.0001,1e-05,50.322,2.1745,0.9718
6592,stage2,4,0.08719279617071152,0.2613247036933899,0.0,0.08719279617071152,0.0001,1e-05,50.318,2.0611,0.9277
6593,stage2,4,0.09696504473686218,0.3088798224925995,0.0,0.09696504473686218,0.0001,1e-05,50.319,2.0636,0.9492
6594,stage2,4,0.11244024336338043,0.2867754399776459,0.0,0.11244024336338043,0.0001,1e-05,50.326,2.3926,1.1985
6595,stage2,4,0.08156446367502213,0.26269134879112244,0.0,0.08156446367502213,0.0001,1e-05,50.325,2.3644,1.1241
6596,stage2,4,0.10302942246198654,0.32918626070022583,0.0,0.10302942246198654,0.0001,1e-05,50.318,2.9157,0.9596
6597,stage2,4,0.09549777209758759,0.27405792474746704,0.0,0.09549777209758759,0.0001,1e-05,50.321,2.3418,0.9667
6598,stage2,4,0.0913996547460556,0.3193531334400177,0.0,0.0913996547460556,0.0001,1e-05,50.322,2.6463,1.366
6599,stage2,4,0.0846841111779213,0.2732199728488922,0.0,0.0846841111779213,0.0001,1e-05,50.324,1.9297,0.978
6600,stage2,4,0.0922044888138771,0.2654617726802826,0.0,0.0922044888138771,0.0001,1e-05,50.322,2.0089,0.9681
6601,stage2,4,0.08156651258468628,0.30955857038497925,0.0,0.08156651258468628,0.0001,1e-05,50.322,1.9916,0.9492
6602,stage2,4,0.0940946415066719,0.2983807921409607,0.0,0.0940946415066719,0.0001,1e-05,50.32,2.4471,1.1016
6603,stage2,4,0.07512670755386353,0.2971281409263611,0.0,0.07512670755386353,0.0001,1e-05,50.32,2.1225,1.1821
6604,stage2,4,0.08683156967163086,0.27130746841430664,0.0,0.08683156967163086,0.0001,1e-05,50.324,2.2966,0.9668
6605,stage2,4,0.09771883487701416,0.26974916458129883,0.0,0.09771883487701416,0.0001,1e-05,50.322,2.3154,0.9703
6606,stage2,4,0.10314655303955078,0.2982695996761322,0.0,0.10314655303955078,0.0001,1e-05,50.32,2.5619,1.3214
6607,stage2,4,0.08614280819892883,0.30831408500671387,0.0,0.08614280819892883,0.0001,1e-05,50.318,2.0274,0.9634
6608,stage2,4,0.08080978691577911,0.2973121702671051,0.0,0.08080978691577911,0.0001,1e-05,50.325,2.1978,0.9555
6609,stage2,4,0.09463045746088028,0.33285218477249146,0.0,0.09463045746088028,0.0001,1e-05,50.32,2.0401,0.9582
6610,stage2,4,0.1080024465918541,0.3155418634414673,0.0,0.1080024465918541,0.0001,1e-05,50.323,2.1435,1.1047
6611,stage2,4,0.11127109825611115,0.2846211791038513,0.0,0.11127109825611115,0.0001,1e-05,50.32,3.5234,1.1836
6612,stage2,4,0.09890062361955643,0.259716659784317,0.0,0.09890062361955643,0.0001,1e-05,50.324,2.4525,0.9403
6613,stage2,4,0.10263749957084656,0.32081592082977295,0.0,0.10263749957084656,0.0001,1e-05,50.322,2.3991,0.9338
6614,stage2,4,0.08687665313482285,0.29675382375717163,0.0,0.08687665313482285,0.0001,1e-05,50.322,2.6127,1.3353
6615,stage2,4,0.10454320907592773,0.32861781120300293,0.0,0.10454320907592773,0.0001,1e-05,50.322,2.8339,0.9992
6616,stage2,4,0.08744407445192337,0.2925521433353424,0.0,0.08744407445192337,0.0001,1e-05,50.322,2.0741,0.9407
6617,stage2,4,0.09092294424772263,0.28052520751953125,0.0,0.09092294424772263,0.0001,1e-05,50.321,2.607,0.9735
6618,stage2,4,0.10367990285158157,0.3213249742984772,0.0,0.10367990285158157,0.0001,1e-05,50.323,2.6405,1.089
6619,stage2,4,0.10454141348600388,0.29788297414779663,0.0,0.10454141348600388,0.0001,1e-05,50.321,3.192,1.3223
6620,stage2,4,0.09490587562322617,0.2635926306247711,0.0,0.09490587562322617,0.0001,1e-05,50.323,3.0327,0.8891
6621,stage2,4,0.08963346481323242,0.294522225856781,0.0,0.08963346481323242,0.0001,1e-05,50.324,2.5833,0.9481
6622,stage2,4,0.0956641361117363,0.3019355535507202,0.0,0.0956641361117363,0.0001,1e-05,50.321,2.2118,1.254
6623,stage2,4,0.0972733423113823,0.3029395043849945,0.0,0.0972733423113823,0.0001,1e-05,50.321,2.5598,0.9524
6624,stage2,4,0.08180876821279526,0.2872731685638428,0.0,0.08180876821279526,0.0001,1e-05,50.323,2.2276,0.9386
6625,stage2,4,0.09370119869709015,0.32004040479660034,0.0,0.09370119869709015,0.0001,1e-05,50.32,2.8029,1.0007
6626,stage2,4,0.10384996235370636,0.279168039560318,0.0,0.10384996235370636,0.0001,1e-05,50.32,2.9794,1.0658
6627,stage2,4,0.09509208798408508,0.2934144139289856,0.0,0.09509208798408508,0.0001,1e-05,50.321,2.4045,1.3421
6628,stage2,4,0.08155506104230881,0.2918388843536377,0.0,0.08155506104230881,0.0001,1e-05,50.322,2.5827,0.9531
6629,stage2,4,0.09261919558048248,0.2971198856830597,0.0,0.09261919558048248,0.0001,1e-05,50.323,2.6437,0.9681
6630,stage2,4,0.09777925163507462,0.3128521740436554,0.0,0.09777925163507462,0.0001,1e-05,50.322,2.1953,1.2687
6631,stage2,4,0.09501002728939056,0.32723376154899597,0.0,0.09501002728939056,0.0001,1e-05,50.322,2.9782,0.9464
6632,stage2,4,0.09501238167285919,0.2792993187904358,0.0,0.09501238167285919,0.0001,1e-05,50.323,2.596,0.9544
6633,stage2,4,0.08822590857744217,0.28699734807014465,0.0,0.08822590857744217,0.0001,1e-05,50.32,2.3632,0.9866
6634,stage2,4,0.08968578279018402,0.26997292041778564,0.0,0.08968578279018402,0.0001,1e-05,50.321,2.4558,0.9854
6635,stage2,4,0.09274906665086746,0.28511911630630493,0.0,0.09274906665086746,0.0001,1e-05,50.321,2.2461,1.4214
6636,stage2,4,0.09343620389699936,0.29471394419670105,0.0,0.09343620389699936,0.0001,1e-05,50.32,2.196,0.9694
6637,stage2,4,0.08901958167552948,0.2676503658294678,0.0,0.08901958167552948,0.0001,1e-05,50.322,2.7174,0.9266
6638,stage2,4,0.09243305027484894,0.2989808917045593,0.0,0.09243305027484894,0.0001,1e-05,50.322,2.5058,1.264
6639,stage2,4,0.08246510475873947,0.2833491563796997,0.0,0.08246510475873947,0.0001,1e-05,50.321,2.1832,0.9824
6640,stage2,4,0.10013790428638458,0.31537818908691406,0.0,0.10013790428638458,0.0001,1e-05,50.322,2.9179,0.942
6641,stage2,4,0.08492927253246307,0.32887449860572815,0.0,0.08492927253246307,0.0001,1e-05,50.32,2.1388,0.9873
6642,stage2,4,0.11257495731115341,0.31505370140075684,0.0,0.11257495731115341,0.0001,1e-05,50.322,2.5816,0.921
6643,stage2,4,0.08527044951915741,0.2974766790866852,0.0,0.08527044951915741,0.0001,1e-05,50.317,2.5013,1.5497
6644,stage2,4,0.08965908735990524,0.30344828963279724,0.0,0.08965908735990524,0.0001,1e-05,50.32,2.2238,0.974
6645,stage2,4,0.10137885808944702,0.29237404465675354,0.0,0.10137885808944702,0.0001,1e-05,50.318,2.8512,0.949
6646,stage2,4,0.08292381465435028,0.3023250699043274,0.0,0.08292381465435028,0.0001,1e-05,50.322,2.3705,1.1854
6647,stage2,4,0.08620156347751617,0.29949066042900085,0.0,0.08620156347751617,0.0001,1e-05,50.32,2.4019,0.9406
6648,stage2,4,0.10606023669242859,0.2926115393638611,0.0,0.10606023669242859,0.0001,1e-05,50.319,2.6465,0.9939
6649,stage2,4,0.08717662841081619,0.28468766808509827,0.0,0.08717662841081619,0.0001,1e-05,50.322,2.2373,1.0114
6650,stage2,4,0.07511322945356369,0.31777888536453247,0.0,0.07511322945356369,0.0001,1e-05,50.318,2.1993,0.9427
6651,stage2,4,0.09560372680425644,0.29588592052459717,0.0,0.09560372680425644,0.0001,1e-05,50.32,3.1356,1.4679
6652,stage2,4,0.10172981023788452,0.28922519087791443,0.0,0.10172981023788452,0.0001,1e-05,50.322,2.7281,0.9705
6653,stage2,4,0.09168048948049545,0.2809484899044037,0.0,0.09168048948049545,0.0001,1e-05,50.318,2.4992,0.9577
6654,stage2,4,0.08484973758459091,0.27386197447776794,0.0,0.08484973758459091,0.0001,1e-05,50.323,1.8812,1.1244
6655,stage2,4,0.09527584910392761,0.29815739393234253,0.0,0.09527584910392761,0.0001,1e-05,50.323,2.4094,0.9925
6656,stage2,4,0.0841268002986908,0.2789994776248932,0.0,0.0841268002986908,0.0001,1e-05,50.323,2.8172,0.9514
6657,stage2,4,0.08868283033370972,0.2772032618522644,0.0,0.08868283033370972,0.0001,1e-05,50.323,2.4453,0.9572
6658,stage2,4,0.1129595935344696,0.2939571738243103,0.0,0.1129595935344696,0.0001,1e-05,50.32,2.9974,0.9893
6659,stage2,4,0.08567333221435547,0.3089127540588379,0.0,0.08567333221435547,0.0001,1e-05,50.319,2.2101,1.3439
6660,stage2,4,0.08847536146640778,0.30783700942993164,0.0,0.08847536146640778,0.0001,1e-05,50.32,1.9125,0.9919
6661,stage2,4,0.09547684341669083,0.3099147379398346,0.0,0.09547684341669083,0.0001,1e-05,50.323,2.47,1.0007
6662,stage2,4,0.08725845813751221,0.2729050815105438,0.0,0.08725845813751221,0.0001,1e-05,50.323,2.3095,1.0625
6663,stage2,4,0.09660935401916504,0.30418479442596436,0.0,0.09660935401916504,0.0001,1e-05,50.32,2.5354,0.9539
6664,stage2,4,0.09960319101810455,0.2578979432582855,0.0,0.09960319101810455,0.0001,1e-05,50.323,2.3335,0.9865
6665,stage2,4,0.08059893548488617,0.2845291495323181,0.0,0.08059893548488617,0.0001,1e-05,50.32,1.8233,0.9514
6666,stage2,4,0.09837817400693893,0.28891390562057495,0.0,0.09837817400693893,0.0001,1e-05,50.321,2.24,1.071
6667,stage2,4,0.10860955715179443,0.3084602355957031,0.0,0.10860955715179443,0.0001,1e-05,50.322,2.3558,1.4128
6668,stage2,4,0.09804657101631165,0.30477091670036316,0.0,0.09804657101631165,0.0001,1e-05,50.32,3.1259,1.0066
6669,stage2,4,0.08538883924484253,0.29644033312797546,0.0,0.08538883924484253,0.0001,1e-05,50.323,2.4933,0.9363
6670,stage2,4,0.09086538851261139,0.28187108039855957,0.0,0.09086538851261139,0.0001,1e-05,50.322,2.1998,1.0394
6671,stage2,4,0.09556720405817032,0.2949864864349365,0.0,0.09556720405817032,0.0001,1e-05,50.322,2.431,0.9778
6672,stage2,4,0.10015276074409485,0.31307095289230347,0.0,0.10015276074409485,0.0001,1e-05,50.32,2.3284,0.9429
6673,stage2,4,0.09594228118658066,0.2966427505016327,0.0,0.09594228118658066,0.0001,1e-05,50.321,2.4137,0.9994
6674,stage2,4,0.08036971837282181,0.3134404718875885,0.0,0.08036971837282181,0.0001,1e-05,50.32,2.3642,1.0856
6675,stage2,4,0.09544764459133148,0.285490483045578,0.0,0.09544764459133148,0.0001,1e-05,50.319,2.4077,1.4686
6676,stage2,4,0.10261337459087372,0.27354195713996887,0.0,0.10261337459087372,0.0001,1e-05,50.322,3.0915,0.9563
6677,stage2,4,0.09031570702791214,0.3084205985069275,0.0,0.09031570702791214,0.0001,1e-05,50.321,2.338,1.0012
6678,stage2,4,0.09390973299741745,0.2791439890861511,0.0,0.09390973299741745,0.0001,1e-05,50.32,2.3781,1.0154
6679,stage2,4,0.10986468940973282,0.3260362446308136,0.0,0.10986468940973282,0.0001,1e-05,50.321,3.4445,0.9829
6680,stage2,4,0.08483947813510895,0.28732457756996155,0.0,0.08483947813510895,0.0001,1e-05,50.322,2.2314,0.9928
6681,stage2,4,0.11463082581758499,0.3132880926132202,0.0,0.11463082581758499,0.0001,1e-05,50.322,2.2411,0.9931
6682,stage2,4,0.0951557606458664,0.2645261287689209,0.0,0.0951557606458664,0.0001,1e-05,50.321,2.6482,0.9613
6683,stage2,4,0.09672748297452927,0.3026198148727417,0.0,0.09672748297452927,0.0001,1e-05,50.32,2.1619,1.4998
6684,stage2,4,0.08458716422319412,0.2936410903930664,0.0,0.08458716422319412,0.0001,1e-05,50.323,2.2395,0.9702
6685,stage2,4,0.07883060723543167,0.3012857735157013,0.0,0.07883060723543167,0.0001,1e-05,50.32,2.053,0.9828
6686,stage2,4,0.09387768059968948,0.28049802780151367,0.0,0.09387768059968948,0.0001,1e-05,50.319,2.5392,1.0014
6687,stage2,4,0.09352526068687439,0.3185685873031616,0.0,0.09352526068687439,0.0001,1e-05,50.321,2.3674,0.9849
6688,stage2,4,0.0752396360039711,0.27077043056488037,0.0,0.0752396360039711,0.0001,1e-05,50.319,2.1341,0.975
6689,stage2,4,0.08687741309404373,0.2807011306285858,0.0,0.08687741309404373,0.0001,1e-05,50.319,2.3338,0.9888
6690,stage2,4,0.08476812392473221,0.2806231379508972,0.0,0.08476812392473221,0.0001,1e-05,50.323,2.0529,1.1207
6691,stage2,4,0.09798868745565414,0.304240345954895,0.0,0.09798868745565414,0.0001,1e-05,50.319,2.2082,1.4433
6692,stage2,4,0.08502999693155289,0.29370954632759094,0.0,0.08502999693155289,0.0001,1e-05,50.322,2.2274,0.9841
6693,stage2,4,0.09766411036252975,0.287629097700119,0.0,0.09766411036252975,0.0001,1e-05,50.317,2.1985,0.9601
6694,stage2,4,0.09944306313991547,0.2921782433986664,0.0,0.09944306313991547,0.0001,1e-05,50.32,2.4481,1.0052
6695,stage2,4,0.08476367592811584,0.26914405822753906,0.0,0.08476367592811584,0.0001,1e-05,50.318,2.2999,1.006
6696,stage2,4,0.09455892443656921,0.3168116509914398,0.0,0.09455892443656921,0.0001,1e-05,50.317,2.7056,0.9333
6697,stage2,4,0.08218052238225937,0.3043922483921051,0.0,0.08218052238225937,0.0001,1e-05,50.316,1.7702,0.9571
6698,stage2,4,0.08810882270336151,0.2872595191001892,0.0,0.08810882270336151,0.0001,1e-05,50.315,2.4401,1.1964
6699,stage2,4,0.07244113087654114,0.285498708486557,0.0,0.07244113087654114,0.0001,1e-05,50.317,2.0223,1.4696
6700,stage2,4,0.08774285018444061,0.3225613832473755,0.0,0.08774285018444061,0.0001,1e-05,50.317,2.8912,0.9414
6701,stage2,4,0.10280745476484299,0.32015669345855713,0.0,0.10280745476484299,0.0001,1e-05,50.321,2.6834,0.946
6702,stage2,4,0.09004583209753036,0.29619818925857544,0.0,0.09004583209753036,0.0001,1e-05,50.322,2.6311,0.9533
6703,stage2,4,0.11364968866109848,0.2928224503993988,0.0,0.11364968866109848,0.0001,1e-05,50.317,2.7873,1.0031
6704,stage2,4,0.10672012716531754,0.2996457517147064,0.0,0.10672012716531754,0.0001,1e-05,50.318,2.8925,0.9581
6705,stage2,4,0.09235012531280518,0.3251449167728424,0.0,0.09235012531280518,0.0001,1e-05,50.32,2.3113,0.966
6706,stage2,4,0.0858454629778862,0.32112252712249756,0.0,0.0858454629778862,0.0001,1e-05,50.319,2.6048,1.3133
6707,stage2,4,0.07778048515319824,0.29835179448127747,0.0,0.07778048515319824,0.0001,1e-05,50.32,2.6341,1.4707
6708,stage2,4,0.11580108106136322,0.31901970505714417,0.0,0.11580108106136322,0.0001,1e-05,50.322,3.1057,0.9463
6709,stage2,4,0.07991918921470642,0.2836189568042755,0.0,0.07991918921470642,0.0001,1e-05,50.323,2.5117,0.959
6710,stage2,4,0.09259530901908875,0.29069003462791443,0.0,0.09259530901908875,0.0001,1e-05,50.321,2.8151,0.9808
6711,stage2,4,0.09106173366308212,0.32808801531791687,0.0,0.09106173366308212,0.0001,1e-05,50.322,2.6564,0.9206
6712,stage2,4,0.08046004176139832,0.2869422435760498,0.0,0.08046004176139832,0.0001,1e-05,50.32,2.2588,0.9724
6713,stage2,4,0.11295962333679199,0.329386442899704,0.0,0.11295962333679199,0.0001,1e-05,50.321,3.8501,0.9889
6714,stage2,4,0.07328719645738602,0.3127141296863556,0.0,0.07328719645738602,0.0001,1e-05,50.318,2.1974,1.2039
6715,stage2,4,0.09026505053043365,0.29509422183036804,0.0,0.09026505053043365,0.0001,1e-05,50.323,2.4278,1.4197
6716,stage2,4,0.09212865680456161,0.31041985750198364,0.0,0.09212865680456161,0.0001,1e-05,50.321,2.2281,0.9523
6717,stage2,4,0.09892772138118744,0.3375319242477417,0.0,0.09892772138118744,0.0001,1e-05,50.32,2.3382,0.953
6718,stage2,4,0.08922943472862244,0.2998119592666626,0.0,0.08922943472862244,0.0001,1e-05,50.321,2.3596,0.9885
6719,stage2,4,0.10237737745046616,0.2769728899002075,0.0,0.10237737745046616,0.0001,1e-05,50.318,2.5223,0.9684
6720,stage2,4,0.09506835788488388,0.3032202124595642,0.0,0.09506835788488388,0.0001,1e-05,50.32,2.9061,0.9751
6721,stage2,4,0.08274569362401962,0.2644481360912323,0.0,0.08274569362401962,0.0001,1e-05,50.32,2.3304,0.9681
6722,stage2,4,0.08932790905237198,0.2840476930141449,0.0,0.08932790905237198,0.0001,1e-05,50.323,2.6038,1.245
6723,stage2,4,0.10188364237546921,0.2866878807544708,0.0,0.10188364237546921,0.0001,1e-05,50.319,2.2939,1.4023
6724,stage2,4,0.08038201928138733,0.30466166138648987,0.0,0.08038201928138733,0.0001,1e-05,50.32,2.0345,0.942
6725,stage2,4,0.1056428998708725,0.31035229563713074,0.0,0.1056428998708725,0.0001,1e-05,50.321,2.8282,0.9432
6726,stage2,4,0.09907403588294983,0.29943445324897766,0.0,0.09907403588294983,0.0001,1e-05,50.321,2.6422,0.9857
6727,stage2,4,0.10052191466093063,0.29671165347099304,0.0,0.10052191466093063,0.0001,1e-05,50.321,2.6282,0.9791
6728,stage2,4,0.09627892076969147,0.28858682513237,0.0,0.09627892076969147,0.0001,1e-05,50.32,2.6785,0.9638
6729,stage2,4,0.1125754788517952,0.29972052574157715,0.0,0.1125754788517952,0.0001,1e-05,50.321,2.2862,0.9849
6730,stage2,4,0.09570372104644775,0.2930772006511688,0.0,0.09570372104644775,0.0001,1e-05,50.32,2.0576,1.1729
6731,stage2,4,0.10011860728263855,0.2906399965286255,0.0,0.10011860728263855,0.0001,1e-05,50.321,2.5973,1.4021
6732,stage2,4,0.09235496819019318,0.2905826270580292,0.0,0.09235496819019318,0.0001,1e-05,50.321,2.4537,0.9516
6733,stage2,4,0.09407178312540054,0.2902517318725586,0.0,0.09407178312540054,0.0001,1e-05,50.323,2.2763,0.9368
6734,stage2,4,0.09918728470802307,0.275494247674942,0.0,0.09918728470802307,0.0001,1e-05,50.319,2.2317,0.9914
6735,stage2,4,0.08823259174823761,0.286301851272583,0.0,0.08823259174823761,0.0001,1e-05,50.319,2.0457,0.9869
6736,stage2,4,0.10352620482444763,0.29528146982192993,0.0,0.10352620482444763,0.0001,1e-05,50.32,2.631,0.9716
6737,stage2,4,0.10466841608285904,0.30594155192375183,0.0,0.10466841608285904,0.0001,1e-05,50.322,2.5947,0.9784
6738,stage2,4,0.09262125939130783,0.28445571660995483,0.0,0.09262125939130783,0.0001,1e-05,50.32,2.4828,1.1564
6739,stage2,4,0.09898914396762848,0.2807601988315582,0.0,0.09898914396762848,0.0001,1e-05,50.322,2.1929,1.4682
6740,stage2,4,0.0925544798374176,0.32814064621925354,0.0,0.0925544798374176,0.0001,1e-05,50.32,2.7476,0.9692
6741,stage2,4,0.07265374809503555,0.3426363170146942,0.0,0.07265374809503555,0.0001,1e-05,50.32,2.1749,0.9809
6742,stage2,4,0.08348723500967026,0.2828410863876343,0.0,0.08348723500967026,0.0001,1e-05,50.321,2.1475,0.9804
6743,stage2,4,0.10774373263120651,0.2947405278682709,0.0,0.10774373263120651,0.0001,1e-05,50.324,2.3793,0.9156
6744,stage2,4,0.08461271226406097,0.2689427435398102,0.0,0.08461271226406097,0.0001,1e-05,50.323,2.0931,0.9641
6745,stage2,4,0.10548783093690872,0.2893224060535431,0.0,0.10548783093690872,0.0001,1e-05,50.321,2.5289,0.9402
6746,stage2,4,0.09775339066982269,0.3261025846004486,0.0,0.09775339066982269,0.0001,1e-05,50.321,2.586,1.2495
6747,stage2,4,0.08682666718959808,0.3252676725387573,0.0,0.08682666718959808,0.0001,1e-05,50.321,2.2642,1.3564
6748,stage2,4,0.09737608581781387,0.3035782277584076,0.0,0.09737608581781387,0.0001,1e-05,50.32,2.8139,0.9993
6749,stage2,4,0.0864739641547203,0.3068758249282837,0.0,0.0864739641547203,0.0001,1e-05,50.322,2.2864,0.9827
6750,stage2,4,0.08026780188083649,0.33211779594421387,0.0,0.08026780188083649,0.0001,1e-05,50.32,1.8793,0.9622
6751,stage2,4,0.10045822709798813,0.3256237208843231,0.0,0.10045822709798813,0.0001,1e-05,50.321,2.7249,0.9461
6752,stage2,4,0.09438370168209076,0.2911982536315918,0.0,0.09438370168209076,0.0001,1e-05,50.32,2.4706,0.9407
6753,stage2,4,0.1064031571149826,0.30971580743789673,0.0,0.1064031571149826,0.0001,1e-05,50.321,2.72,0.9431
6754,stage2,4,0.09903668612241745,0.3109026253223419,0.0,0.09903668612241745,0.0001,1e-05,50.32,2.3257,1.3122
6755,stage2,4,0.09282973408699036,0.3221075236797333,0.0,0.09282973408699036,0.0001,1e-05,50.323,2.018,1.4389
6756,stage2,4,0.1125526875257492,0.2818329632282257,0.0,0.1125526875257492,0.0001,1e-05,50.321,3.166,0.94
6757,stage2,4,0.10078197717666626,0.3126310706138611,0.0,0.10078197717666626,0.0001,1e-05,50.323,2.7772,1.0022
6758,stage2,4,0.09703858941793442,0.27673083543777466,0.0,0.09703858941793442,0.0001,1e-05,50.32,2.0027,0.9472
6759,stage2,4,0.09584036469459534,0.2886880338191986,0.0,0.09584036469459534,0.0001,1e-05,50.319,2.2374,0.9422
6760,stage2,4,0.08536927402019501,0.30019035935401917,0.0,0.08536927402019501,0.0001,1e-05,50.318,2.2451,0.9965
6761,stage2,4,0.08916179090738297,0.3273947238922119,0.0,0.08916179090738297,0.0001,1e-05,50.32,2.4692,0.9742
6762,stage2,4,0.09824070334434509,0.3102656900882721,0.0,0.09824070334434509,0.0001,1e-05,50.322,2.4877,1.212
6763,stage2,4,0.10195909440517426,0.2820352613925934,0.0,0.10195909440517426,0.0001,1e-05,50.319,2.6427,1.2958
6764,stage2,4,0.09041406959295273,0.27185022830963135,0.0,0.09041406959295273,0.0001,1e-05,50.322,2.6115,0.9878
6765,stage2,4,0.10865325480699539,0.31643980741500854,0.0,0.10865325480699539,0.0001,1e-05,50.321,2.7911,0.9632
6766,stage2,4,0.08200089633464813,0.315807580947876,0.0,0.08200089633464813,0.0001,1e-05,50.32,2.25,0.9387
6767,stage2,4,0.0828811451792717,0.27754613757133484,0.0,0.0828811451792717,0.0001,1e-05,50.32,2.1899,0.9538
6768,stage2,4,0.09828055649995804,0.288614958524704,0.0,0.09828055649995804,0.0001,1e-05,50.319,2.3533,0.9864
6769,stage2,4,0.09173919260501862,0.2818329930305481,0.0,0.09173919260501862,0.0001,1e-05,50.322,1.9402,0.9599
6770,stage2,4,0.09928011149168015,0.316311776638031,0.0,0.09928011149168015,0.0001,1e-05,50.321,2.4481,1.3338
6771,stage2,4,0.08808733522891998,0.27256593108177185,0.0,0.08808733522891998,0.0001,1e-05,50.325,2.6873,1.2198
6772,stage2,4,0.09669031202793121,0.27934378385543823,0.0,0.09669031202793121,0.0001,1e-05,50.323,2.3802,0.9925
6773,stage2,4,0.08699467778205872,0.2854195237159729,0.0,0.08699467778205872,0.0001,1e-05,50.323,2.1699,0.9494
6774,stage2,4,0.10034354031085968,0.29311737418174744,0.0,0.10034354031085968,0.0001,1e-05,50.322,2.4529,1.0147
6775,stage2,4,0.09188442677259445,0.28393134474754333,0.0,0.09188442677259445,0.0001,1e-05,50.322,2.3657,0.9906
6776,stage2,4,0.09338882565498352,0.2980845272541046,0.0,0.09338882565498352,0.0001,1e-05,50.323,1.9426,0.9417
6777,stage2,4,0.09308375418186188,0.28522223234176636,0.0,0.09308375418186188,0.0001,1e-05,50.322,2.6095,0.9511
6778,stage2,4,0.07553904503583908,0.32063156366348267,0.0,0.07553904503583908,0.0001,1e-05,50.319,1.9678,1.4969
6779,stage2,4,0.09383445233106613,0.3205128610134125,0.0,0.09383445233106613,0.0001,1e-05,50.325,2.5518,1.1456
6780,stage2,4,0.0874953642487526,0.25852009654045105,0.0,0.0874953642487526,0.0001,1e-05,50.317,2.4283,0.9645
6781,stage2,4,0.0842314139008522,0.2886306047439575,0.0,0.0842314139008522,0.0001,1e-05,50.323,1.9239,0.976
6782,stage2,4,0.09701595455408096,0.2933398485183716,0.0,0.09701595455408096,0.0001,1e-05,50.322,2.3731,1.0034
6783,stage2,4,0.0907130315899849,0.3024822175502777,0.0,0.0907130315899849,0.0001,1e-05,50.321,2.1564,0.9758
6784,stage2,4,0.09626973420381546,0.2783685624599457,0.0,0.09626973420381546,0.0001,1e-05,50.324,2.306,0.98
6785,stage2,4,0.09884441643953323,0.31951069831848145,0.0,0.09884441643953323,0.0001,1e-05,50.324,2.5181,1.0136
6786,stage2,4,0.08207129687070847,0.28569111227989197,0.0,0.08207129687070847,0.0001,1e-05,50.32,2.1747,1.3571
6787,stage2,4,0.08350232988595963,0.3232553005218506,0.0,0.08350232988595963,0.0001,1e-05,50.322,1.9813,1.2423
6788,stage2,4,0.099879689514637,0.2704634666442871,0.0,0.099879689514637,0.0001,1e-05,50.326,2.1875,1.002
6789,stage2,4,0.07466204464435577,0.3128098249435425,0.0,0.07466204464435577,0.0001,1e-05,50.322,1.89,0.9506
6790,stage2,4,0.08284951746463776,0.30808699131011963,0.0,0.08284951746463776,0.0001,1e-05,50.321,2.2842,0.9632
6791,stage2,4,0.10148299485445023,0.3010854423046112,0.0,0.10148299485445023,0.0001,1e-05,50.32,2.8848,0.981
6792,stage2,4,0.09722830355167389,0.30882853269577026,0.0,0.09722830355167389,0.0001,1e-05,50.323,3.2827,0.9285
6793,stage2,4,0.09860362857580185,0.31239303946495056,0.0,0.09860362857580185,0.0001,1e-05,50.323,2.3722,0.9432
6794,stage2,4,0.08253688365221024,0.2932063639163971,0.0,0.08253688365221024,0.0001,1e-05,50.319,1.9852,1.4166
6795,stage2,4,0.09335655719041824,0.30669811367988586,0.0,0.09335655719041824,0.0001,1e-05,50.319,2.1467,1.2642
6796,stage2,4,0.0942901074886322,0.26953816413879395,0.0,0.0942901074886322,0.0001,1e-05,50.319,2.058,0.9514
6797,stage2,4,0.08640919625759125,0.3301362097263336,0.0,0.08640919625759125,0.0001,1e-05,50.322,2.5286,1.0013
6798,stage2,4,0.09732569754123688,0.2865053415298462,0.0,0.09732569754123688,0.0001,1e-05,50.323,2.2953,0.9523
6799,stage2,4,0.0933915302157402,0.28645408153533936,0.0,0.0933915302157402,0.0001,1e-05,50.322,2.1044,0.9367
6800,stage2,4,0.09248143434524536,0.2970590591430664,0.0,0.09248143434524536,0.0001,1e-05,50.319,2.2532,0.9856
6801,stage2,4,0.093641497194767,0.2921745181083679,0.0,0.093641497194767,0.0001,1e-05,50.322,3.0881,0.9522
6802,stage2,4,0.08110646158456802,0.2802652418613434,0.0,0.08110646158456802,0.0001,1e-05,50.322,2.0598,1.4341
6803,stage2,4,0.09434144198894501,0.313088595867157,0.0,0.09434144198894501,0.0001,1e-05,50.319,2.4376,1.2566
6804,stage2,4,0.09850871562957764,0.3346104919910431,0.0,0.09850871562957764,0.0001,1e-05,50.32,2.4898,0.9537
6805,stage2,4,0.09662578999996185,0.31299424171447754,0.0,0.09662578999996185,0.0001,1e-05,50.323,2.5008,0.9542
6806,stage2,4,0.09512625634670258,0.2831162214279175,0.0,0.09512625634670258,0.0001,1e-05,50.324,2.3264,0.9399
6807,stage2,4,0.08154746890068054,0.2783774435520172,0.0,0.08154746890068054,0.0001,1e-05,50.32,1.9971,0.9579
6808,stage2,4,0.09646036475896835,0.2963719069957733,0.0,0.09646036475896835,0.0001,1e-05,50.323,2.5075,0.9835
6809,stage2,4,0.09037388861179352,0.2603294849395752,0.0,0.09037388861179352,0.0001,1e-05,50.32,2.4354,0.9683
6810,stage2,4,0.0883217453956604,0.29110491275787354,0.0,0.0883217453956604,0.0001,1e-05,50.321,2.072,1.5307
6811,stage2,4,0.0852222666144371,0.2565907835960388,0.0,0.0852222666144371,0.0001,1e-05,50.323,2.5296,1.2198
6812,stage2,4,0.0845034271478653,0.3178223669528961,0.0,0.0845034271478653,0.0001,1e-05,50.323,2.9428,0.9399
6813,stage2,4,0.09261952340602875,0.2638475000858307,0.0,0.09261952340602875,0.0001,1e-05,50.319,2.1129,1.0116
6814,stage2,4,0.08074863255023956,0.28785809874534607,0.0,0.08074863255023956,0.0001,1e-05,50.321,1.8192,0.8835
6815,stage2,4,0.07713722437620163,0.3005698323249817,0.0,0.07713722437620163,0.0001,1e-05,50.319,1.6547,0.9641
6816,stage2,4,0.10082551091909409,0.28604939579963684,0.0,0.10082551091909409,0.0001,1e-05,50.319,3.1178,0.9414
6817,stage2,4,0.08640045672655106,0.30373087525367737,0.0,0.08640045672655106,0.0001,1e-05,50.321,2.3378,0.9684
6818,stage2,4,0.08964210003614426,0.29639554023742676,0.0,0.08964210003614426,0.0001,1e-05,50.317,2.9045,1.4555
6819,stage2,4,0.09208518266677856,0.2889963984489441,0.0,0.09208518266677856,0.0001,1e-05,50.323,2.0497,1.232
6820,stage2,4,0.10065429657697678,0.2811642587184906,0.0,0.10065429657697678,0.0001,1e-05,50.321,2.3507,0.95
6821,stage2,4,0.0885186642408371,0.2822836637496948,0.0,0.0885186642408371,0.0001,1e-05,50.322,2.6072,0.9503
6822,stage2,4,0.10403872281312943,0.32087427377700806,0.0,0.10403872281312943,0.0001,1e-05,50.321,2.8713,0.9879
6823,stage2,4,0.08197096735239029,0.29199182987213135,0.0,0.08197096735239029,0.0001,1e-05,50.322,2.1134,0.9556
6824,stage2,4,0.09538821876049042,0.31336167454719543,0.0,0.09538821876049042,0.0001,1e-05,50.32,2.6908,0.9817
6825,stage2,4,0.08590513467788696,0.28983399271965027,0.0,0.08590513467788696,0.0001,1e-05,50.318,2.3432,1.0135
6826,stage2,4,0.10684806108474731,0.2817491590976715,0.0,0.10684806108474731,0.0001,1e-05,50.325,2.4375,1.3165
6827,stage2,4,0.06863582134246826,0.29653987288475037,0.0,0.06863582134246826,0.0001,1e-05,50.317,2.0091,1.2617
6828,stage2,4,0.10204602777957916,0.3094539940357208,0.0,0.10204602777957916,0.0001,1e-05,50.323,2.7668,0.9686
6829,stage2,4,0.07861611992120743,0.30839410424232483,0.0,0.07861611992120743,0.0001,1e-05,50.323,1.9485,1.0048
6830,stage2,4,0.10199210047721863,0.3185177445411682,0.0,0.10199210047721863,0.0001,1e-05,50.316,2.8752,0.9216
6831,stage2,4,0.09699640423059464,0.3082043528556824,0.0,0.09699640423059464,0.0001,1e-05,50.325,2.682,0.9772
6832,stage2,4,0.09461842477321625,0.34108829498291016,0.0,0.09461842477321625,0.0001,1e-05,50.322,2.4237,0.9783
6833,stage2,4,0.08899997919797897,0.28335684537887573,0.0,0.08899997919797897,0.0001,1e-05,50.324,2.3879,0.9244
6834,stage2,4,0.10401339828968048,0.32673925161361694,0.0,0.10401339828968048,0.0001,1e-05,50.324,2.2925,1.3084
6835,stage2,4,0.10463730245828629,0.2859954833984375,0.0,0.10463730245828629,0.0001,1e-05,50.324,2.7562,1.2883
6836,stage2,4,0.10408087074756622,0.25786176323890686,0.0,0.10408087074756622,0.0001,1e-05,50.323,2.8458,0.9525
6837,stage2,4,0.08532492071390152,0.29897215962409973,0.0,0.08532492071390152,0.0001,1e-05,50.322,2.2591,0.9981
6838,stage2,4,0.09218519926071167,0.28640323877334595,0.0,0.09218519926071167,0.0001,1e-05,50.323,2.1443,0.9504
6839,stage2,4,0.09744741022586823,0.28926393389701843,0.0,0.09744741022586823,0.0001,1e-05,50.322,2.1808,0.9959
6840,stage2,4,0.08469077199697495,0.2847714424133301,0.0,0.08469077199697495,0.0001,1e-05,50.32,2.1262,0.9651
6841,stage2,4,0.10177876800298691,0.29404523968696594,0.0,0.10177876800298691,0.0001,1e-05,50.321,2.3286,0.9555
6842,stage2,4,0.10173514485359192,0.2886739671230316,0.0,0.10173514485359192,0.0001,1e-05,50.32,2.2714,1.3366
6843,stage2,4,0.10221938043832779,0.30096232891082764,0.0,0.10221938043832779,0.0001,1e-05,50.321,2.5805,1.2907
6844,stage2,4,0.07669168710708618,0.30623626708984375,0.0,0.07669168710708618,0.0001,1e-05,50.324,1.9059,0.9516
6845,stage2,4,0.0879783108830452,0.29225975275039673,0.0,0.0879783108830452,0.0001,1e-05,50.323,2.0862,0.9751
6846,stage2,4,0.09843815118074417,0.2848784029483795,0.0,0.09843815118074417,0.0001,1e-05,50.321,2.9924,0.9895
6847,stage2,4,0.08646712452173233,0.3059646487236023,0.0,0.08646712452173233,0.0001,1e-05,50.324,2.573,0.9458
6848,stage2,4,0.09627991914749146,0.30024251341819763,0.0,0.09627991914749146,0.0001,1e-05,50.325,2.5028,0.9897
6849,stage2,4,0.10694767534732819,0.3162479102611542,0.0,0.10694767534732819,0.0001,1e-05,50.327,2.4802,0.9424
6850,stage2,4,0.1091788187623024,0.29113122820854187,0.0,0.1091788187623024,0.0001,1e-05,50.322,2.4031,1.3581
6851,stage2,4,0.10183293372392654,0.2687617242336273,0.0,0.10183293372392654,0.0001,1e-05,50.322,2.1942,1.2264
6852,stage2,4,0.07966696470975876,0.3228970170021057,0.0,0.07966696470975876,0.0001,1e-05,50.325,2.1713,0.9159
6853,stage2,4,0.09691324830055237,0.2816791534423828,0.0,0.09691324830055237,0.0001,1e-05,50.323,2.2776,1.0034
6854,stage2,4,0.0909617468714714,0.31165799498558044,0.0,0.0909617468714714,0.0001,1e-05,50.32,2.5179,1.0021
6855,stage2,4,0.08350372314453125,0.2789016664028168,0.0,0.08350372314453125,0.0001,1e-05,50.321,2.0068,0.9632
6856,stage2,4,0.08197589218616486,0.28265902400016785,0.0,0.08197589218616486,0.0001,1e-05,50.324,1.9596,0.984
6857,stage2,4,0.08841853588819504,0.2888964116573334,0.0,0.08841853588819504,0.0001,1e-05,50.323,2.2189,0.9562
6858,stage2,4,0.09755562990903854,0.30091583728790283,0.0,0.09755562990903854,0.0001,1e-05,50.321,2.5676,1.4324
6859,stage2,4,0.09085392206907272,0.2964599132537842,0.0,0.09085392206907272,0.0001,1e-05,50.32,2.522,1.2347
6860,stage2,4,0.09568542242050171,0.28503748774528503,0.0,0.09568542242050171,0.0001,1e-05,50.319,2.1453,0.953
6861,stage2,4,0.08581989258527756,0.27703168988227844,0.0,0.08581989258527756,0.0001,1e-05,50.326,2.1693,0.9398
6862,stage2,4,0.08858118206262589,0.2746809124946594,0.0,0.08858118206262589,0.0001,1e-05,50.32,1.9586,1.0064
6863,stage2,4,0.0978059470653534,0.27041497826576233,0.0,0.0978059470653534,0.0001,1e-05,50.32,2.3439,0.9496
6864,stage2,4,0.07562243938446045,0.29596155881881714,0.0,0.07562243938446045,0.0001,1e-05,50.324,1.8393,0.9507
6865,stage2,4,0.08738180249929428,0.2797389626502991,0.0,0.08738180249929428,0.0001,1e-05,50.323,2.3511,0.9688
6866,stage2,4,0.08537215739488602,0.2966999113559723,0.0,0.08537215739488602,0.0001,1e-05,50.32,2.288,1.4265
6867,stage2,4,0.09491800516843796,0.29502204060554504,0.0,0.09491800516843796,0.0001,1e-05,50.32,2.3097,1.2486
6868,stage2,4,0.07526611536741257,0.2974861264228821,0.0,0.07526611536741257,0.0001,1e-05,50.321,2.1016,0.9468
6869,stage2,4,0.08550583571195602,0.29895278811454773,0.0,0.08550583571195602,0.0001,1e-05,50.323,2.4137,0.9603
6870,stage2,4,0.091557078063488,0.29729411005973816,0.0,0.091557078063488,0.0001,1e-05,50.319,2.1513,0.9483
6871,stage2,4,0.08099548518657684,0.281630277633667,0.0,0.08099548518657684,0.0001,1e-05,50.319,1.9086,0.934
6872,stage2,4,0.10074841976165771,0.29441291093826294,0.0,0.10074841976165771,0.0001,1e-05,50.319,2.3561,0.9785
6873,stage2,4,0.07791730016469955,0.29488861560821533,0.0,0.07791730016469955,0.0001,1e-05,50.32,2.0434,0.9714
6874,stage2,4,0.08859196305274963,0.29419922828674316,0.0,0.08859196305274963,0.0001,1e-05,50.322,2.1431,1.3995
6875,stage2,4,0.093891941010952,0.3077806532382965,0.0,0.093891941010952,0.0001,1e-05,50.32,2.3831,1.4335
6876,stage2,4,0.10629427433013916,0.29995426535606384,0.0,0.10629427433013916,0.0001,1e-05,50.323,2.424,0.9567
6877,stage2,4,0.08888417482376099,0.2822715640068054,0.0,0.08888417482376099,0.0001,1e-05,50.322,2.8092,1.0026
6878,stage2,4,0.10727381706237793,0.30106478929519653,0.0,0.10727381706237793,0.0001,1e-05,50.32,3.0354,0.9261
6879,stage2,4,0.10073085874319077,0.2770976424217224,0.0,0.10073085874319077,0.0001,1e-05,50.319,2.4514,0.9585
6880,stage2,4,0.0893772542476654,0.27654293179512024,0.0,0.0893772542476654,0.0001,1e-05,50.319,2.2178,0.9484
6881,stage2,4,0.0904913991689682,0.2811225354671478,0.0,0.0904913991689682,0.0001,1e-05,50.322,2.6043,0.9788
6882,stage2,4,0.09263013303279877,0.3143937587738037,0.0,0.09263013303279877,0.0001,1e-05,50.319,2.4133,1.2257
6883,stage2,4,0.09335178881883621,0.2779521346092224,0.0,0.09335178881883621,0.0001,1e-05,50.319,2.3212,1.4522
6884,stage2,4,0.08752726763486862,0.2778630554676056,0.0,0.08752726763486862,0.0001,1e-05,50.319,2.1688,0.9862
6885,stage2,4,0.09032423794269562,0.33892154693603516,0.0,0.09032423794269562,0.0001,1e-05,50.32,2.1932,0.9465
6886,stage2,4,0.093068927526474,0.2859429717063904,0.0,0.093068927526474,0.0001,1e-05,50.319,2.459,0.933
6887,stage2,4,0.07955426722764969,0.28903454542160034,0.0,0.07955426722764969,0.0001,1e-05,50.323,1.7428,1.0041
6888,stage2,4,0.09598013013601303,0.28554093837738037,0.0,0.09598013013601303,0.0001,1e-05,50.322,2.3215,0.9641
6889,stage2,4,0.1008329689502716,0.28366801142692566,0.0,0.1008329689502716,0.0001,1e-05,50.321,2.7592,0.9496
6890,stage2,4,0.10317395627498627,0.27859705686569214,0.0,0.10317395627498627,0.0001,1e-05,50.321,2.8146,1.1143
6891,stage2,4,0.09516812115907669,0.29014724493026733,0.0,0.09516812115907669,0.0001,1e-05,50.321,2.1704,1.496
6892,stage2,4,0.0861261636018753,0.2961520552635193,0.0,0.0861261636018753,0.0001,1e-05,50.321,2.3375,0.9856
6893,stage2,4,0.08395656198263168,0.28624245524406433,0.0,0.08395656198263168,0.0001,1e-05,50.318,2.1564,0.9267
6894,stage2,4,0.08752080798149109,0.28294938802719116,0.0,0.08752080798149109,0.0001,1e-05,50.321,2.0673,0.9873
6895,stage2,4,0.08432496339082718,0.33718448877334595,0.0,0.08432496339082718,0.0001,1e-05,50.32,2.0652,0.9482
6896,stage2,4,0.08226142078638077,0.3186270594596863,0.0,0.08226142078638077,0.0001,1e-05,50.321,2.2254,0.944
6897,stage2,4,0.08924241364002228,0.29901036620140076,0.0,0.08924241364002228,0.0001,1e-05,50.322,2.0714,0.9416
6898,stage2,4,0.09070392698049545,0.2781831920146942,0.0,0.09070392698049545,0.0001,1e-05,50.323,2.0666,1.4341
6899,stage2,4,0.09544782340526581,0.28642454743385315,0.0,0.09544782340526581,0.0001,1e-05,50.318,2.4904,1.4825
6900,stage2,4,0.08329557627439499,0.279989629983902,0.0,0.08329557627439499,0.0001,1e-05,50.321,2.0571,0.9588
6901,stage2,4,0.0919940397143364,0.3019338846206665,0.0,0.0919940397143364,0.0001,1e-05,50.32,2.0208,0.9696
6902,stage2,4,0.08891989290714264,0.28443801403045654,0.0,0.08891989290714264,0.0001,1e-05,50.321,2.6653,0.9438
6903,stage2,4,0.09514718502759933,0.2972296476364136,0.0,0.09514718502759933,0.0001,1e-05,50.318,2.502,0.9429
6904,stage2,4,0.08670325577259064,0.3008735775947571,0.0,0.08670325577259064,0.0001,1e-05,50.324,2.5533,1.0056
6905,stage2,4,0.10267547518014908,0.29009056091308594,0.0,0.10267547518014908,0.0001,1e-05,50.317,2.4016,0.9084
6906,stage2,4,0.08847265690565109,0.3039202392101288,0.0,0.08847265690565109,0.0001,1e-05,50.32,2.4584,1.2299
6907,stage2,4,0.08610750734806061,0.3073566257953644,0.0,0.08610750734806061,0.0001,1e-05,50.32,2.1199,1.5699
6908,stage2,4,0.09579135477542877,0.27999430894851685,0.0,0.09579135477542877,0.0001,1e-05,50.32,2.6705,0.9772
6909,stage2,4,0.10679005831480026,0.2993250787258148,0.0,0.10679005831480026,0.0001,1e-05,50.322,2.5247,0.9596
6910,stage2,4,0.09243997186422348,0.2739357054233551,0.0,0.09243997186422348,0.0001,1e-05,50.323,2.493,0.9467
6911,stage2,4,0.09828773885965347,0.2972134053707123,0.0,0.09828773885965347,0.0001,1e-05,50.32,2.4914,1.0059
6912,stage2,4,0.07973983138799667,0.32327067852020264,0.0,0.07973983138799667,0.0001,1e-05,50.324,1.9138,0.9392
6913,stage2,4,0.10559441149234772,0.29810428619384766,0.0,0.10559441149234772,0.0001,1e-05,50.325,3.7806,0.9996
6914,stage2,4,0.10613473504781723,0.2965620160102844,0.0,0.10613473504781723,0.0001,1e-05,50.32,3.1689,1.1689
6915,stage2,4,0.09130926430225372,0.3038424849510193,0.0,0.09130926430225372,0.0001,1e-05,50.32,2.0044,1.415
6916,stage2,4,0.08187764883041382,0.2813601493835449,0.0,0.08187764883041382,0.0001,1e-05,50.321,1.8624,0.9296
6917,stage2,4,0.08919807523488998,0.3069063425064087,0.0,0.08919807523488998,0.0001,1e-05,50.321,2.2957,0.9434
6918,stage2,4,0.08866114914417267,0.2882043719291687,0.0,0.08866114914417267,0.0001,1e-05,50.323,2.1758,0.9523
6919,stage2,4,0.08802596479654312,0.28062760829925537,0.0,0.08802596479654312,0.0001,1e-05,50.319,2.3333,0.9304
6920,stage2,4,0.08652842044830322,0.2872311770915985,0.0,0.08652842044830322,0.0001,1e-05,50.321,2.3861,0.9529
6921,stage2,4,0.09755467623472214,0.29936257004737854,0.0,0.09755467623472214,0.0001,1e-05,50.317,2.2995,0.9903
6922,stage2,4,0.11353667825460434,0.2987891137599945,0.0,0.11353667825460434,0.0001,1e-05,50.322,2.4494,1.3799
6923,stage2,4,0.09053917229175568,0.29597023129463196,0.0,0.09053917229175568,0.0001,1e-05,50.319,2.3812,1.4727
6924,stage2,4,0.10840519517660141,0.29206565022468567,0.0,0.10840519517660141,0.0001,1e-05,50.321,2.4446,0.9734
6925,stage2,4,0.09226461499929428,0.29063108563423157,0.0,0.09226461499929428,0.0001,1e-05,50.319,2.6266,0.9615
6926,stage2,4,0.08382544666528702,0.30678850412368774,0.0,0.08382544666528702,0.0001,1e-05,50.321,1.7229,0.9536
6927,stage2,4,0.08784326165914536,0.28807154297828674,0.0,0.08784326165914536,0.0001,1e-05,50.32,2.4129,0.9973
6928,stage2,4,0.09297008812427521,0.28173694014549255,0.0,0.09297008812427521,0.0001,1e-05,50.322,2.7564,0.9847
6929,stage2,4,0.09212101250886917,0.29363134503364563,0.0,0.09212101250886917,0.0001,1e-05,50.319,2.6234,0.954
6930,stage2,4,0.08981713652610779,0.2950025498867035,0.0,0.08981713652610779,0.0001,1e-05,50.317,2.6048,1.1298
6931,stage2,4,0.08108522742986679,0.2810990512371063,0.0,0.08108522742986679,0.0001,1e-05,50.319,2.1437,1.5015
6932,stage2,4,0.09828302264213562,0.3025209307670593,0.0,0.09828302264213562,0.0001,1e-05,50.318,2.259,0.9541
6933,stage2,4,0.07909376919269562,0.28323662281036377,0.0,0.07909376919269562,0.0001,1e-05,50.321,2.1608,0.9187
6934,stage2,4,0.08809312433004379,0.2918146848678589,0.0,0.08809312433004379,0.0001,1e-05,50.322,1.9211,0.9881
6935,stage2,4,0.0887267217040062,0.3128643333911896,0.0,0.0887267217040062,0.0001,1e-05,50.32,2.2478,0.9219
6936,stage2,4,0.09370026737451553,0.27199941873550415,0.0,0.09370026737451553,0.0001,1e-05,50.322,2.319,0.9339
6937,stage2,4,0.09297911077737808,0.2779124081134796,0.0,0.09297911077737808,0.0001,1e-05,50.32,2.1136,0.9584
6938,stage2,4,0.0885377824306488,0.3134689927101135,0.0,0.0885377824306488,0.0001,1e-05,50.319,1.9921,1.3494
6939,stage2,4,0.07710582762956619,0.2939979135990143,0.0,0.07710582762956619,0.0001,1e-05,50.322,2.0555,1.4752
6940,stage2,4,0.10568507015705109,0.2846664786338806,0.0,0.10568507015705109,0.0001,1e-05,50.324,2.0895,0.9468
6941,stage2,4,0.09423203021287918,0.3179379403591156,0.0,0.09423203021287918,0.0001,1e-05,50.32,2.9705,0.9384
6942,stage2,4,0.08730246871709824,0.2715704143047333,0.0,0.08730246871709824,0.0001,1e-05,50.32,2.2194,0.952
6943,stage2,4,0.08883050084114075,0.3258880376815796,0.0,0.08883050084114075,0.0001,1e-05,50.319,2.0027,0.9445
6944,stage2,4,0.10400015860795975,0.28088146448135376,0.0,0.10400015860795975,0.0001,1e-05,50.321,2.5163,0.9454
6945,stage2,4,0.09191384166479111,0.27239716053009033,0.0,0.09191384166479111,0.0001,1e-05,50.321,2.6067,0.9833
6946,stage2,4,0.09058702737092972,0.3325454592704773,0.0,0.09058702737092972,0.0001,1e-05,50.323,2.2835,1.2141
6947,stage2,4,0.08589596301317215,0.3039419651031494,0.0,0.08589596301317215,0.0001,1e-05,50.321,2.4635,1.5795
6948,stage2,4,0.07801420241594315,0.28819820284843445,0.0,0.07801420241594315,0.0001,1e-05,50.321,2.3196,0.9254
6949,stage2,4,0.09204498678445816,0.2691554129123688,0.0,0.09204498678445816,0.0001,1e-05,50.316,2.343,0.9699
6950,stage2,4,0.08566725254058838,0.28369536995887756,0.0,0.08566725254058838,0.0001,1e-05,50.32,2.2362,0.9862
6951,stage2,4,0.10197333991527557,0.29176846146583557,0.0,0.10197333991527557,0.0001,1e-05,50.32,2.5128,0.9617
6952,stage2,4,0.0836089700460434,0.2918013334274292,0.0,0.0836089700460434,0.0001,1e-05,50.321,2.0003,0.9554
6953,stage2,4,0.10853292047977448,0.2792821526527405,0.0,0.10853292047977448,0.0001,1e-05,50.321,2.6799,0.9438
6954,stage2,4,0.08735855668783188,0.282064825296402,0.0,0.08735855668783188,0.0001,1e-05,50.323,2.0695,1.1278
6955,stage2,4,0.09898947179317474,0.28266677260398865,0.0,0.09898947179317474,0.0001,1e-05,50.319,3.1144,1.6222
6956,stage2,4,0.08664761483669281,0.27215564250946045,0.0,0.08664761483669281,0.0001,1e-05,50.32,2.0842,0.935
6957,stage2,4,0.09224049746990204,0.2751668393611908,0.0,0.09224049746990204,0.0001,1e-05,50.32,2.2431,1.0095
6958,stage2,4,0.08795130252838135,0.27812954783439636,0.0,0.08795130252838135,0.0001,1e-05,50.318,2.573,0.9096
6959,stage2,4,0.09986985474824905,0.28951212763786316,0.0,0.09986985474824905,0.0001,1e-05,50.322,2.2868,0.9714
6960,stage2,4,0.09519246220588684,0.27997151017189026,0.0,0.09519246220588684,0.0001,1e-05,50.321,2.1685,0.9177
6961,stage2,4,0.09263446927070618,0.2867777943611145,0.0,0.09263446927070618,0.0001,1e-05,50.322,2.0388,0.9972
6962,stage2,4,0.07906240224838257,0.28012704849243164,0.0,0.07906240224838257,0.0001,1e-05,50.321,2.3023,1.0944
6963,stage2,4,0.09462116658687592,0.2726362645626068,0.0,0.09462116658687592,0.0001,1e-05,50.319,2.4469,1.6519
6964,stage2,4,0.09741456806659698,0.2939397990703583,0.0,0.09741456806659698,0.0001,1e-05,50.318,2.3183,0.9557
6965,stage2,4,0.08827432990074158,0.2930479645729065,0.0,0.08827432990074158,0.0001,1e-05,50.322,2.4508,0.9491
6966,stage2,4,0.09158569574356079,0.2956520617008209,0.0,0.09158569574356079,0.0001,1e-05,50.319,2.4797,0.9387
6967,stage2,4,0.08510255813598633,0.2993713319301605,0.0,0.08510255813598633,0.0001,1e-05,50.319,2.4555,0.996
6968,stage2,4,0.09682341665029526,0.3382716476917267,0.0,0.09682341665029526,0.0001,1e-05,50.322,2.6692,0.9234
6969,stage2,4,0.10096054524183273,0.2987273931503296,0.0,0.10096054524183273,0.0001,1e-05,50.32,2.656,0.967
6970,stage2,4,0.08954357355833054,0.30415797233581543,0.0,0.08954357355833054,0.0001,1e-05,50.32,2.298,1.2218
6971,stage2,4,0.08017236739397049,0.3052287995815277,0.0,0.08017236739397049,0.0001,1e-05,50.319,1.9207,1.5592
6972,stage2,4,0.0891534760594368,0.26012760400772095,0.0,0.0891534760594368,0.0001,1e-05,50.317,2.1758,1.0014
6973,stage2,4,0.08781643956899643,0.3003239631652832,0.0,0.08781643956899643,0.0001,1e-05,50.319,2.8623,0.9656
6974,stage2,4,0.08487553894519806,0.280475914478302,0.0,0.08487553894519806,0.0001,1e-05,50.322,2.4773,0.959
6975,stage2,4,0.09713102877140045,0.31194835901260376,0.0,0.09713102877140045,0.0001,1e-05,50.322,2.7527,0.9642
6976,stage2,4,0.09648997336626053,0.2934344708919525,0.0,0.09648997336626053,0.0001,1e-05,50.319,2.3866,0.9022
6977,stage2,4,0.09599585831165314,0.3018915057182312,0.0,0.09599585831165314,0.0001,1e-05,50.32,2.9713,0.9923
6978,stage2,4,0.09157714992761612,0.2891583740711212,0.0,0.09157714992761612,0.0001,1e-05,50.319,2.5179,0.9849
6979,stage2,4,0.09407800436019897,0.2973588705062866,0.0,0.09407800436019897,0.0001,1e-05,50.318,2.3825,1.6161
6980,stage2,4,0.10041968524456024,0.30090826749801636,0.0,0.10041968524456024,0.0001,1e-05,50.319,2.8861,1.0026
6981,stage2,4,0.08563995361328125,0.31189265847206116,0.0,0.08563995361328125,0.0001,1e-05,50.319,2.2008,0.9566
6982,stage2,4,0.08543572574853897,0.28995776176452637,0.0,0.08543572574853897,0.0001,1e-05,50.319,2.2211,0.9863
6983,stage2,4,0.08925420790910721,0.2971257269382477,0.0,0.08925420790910721,0.0001,1e-05,50.319,2.4802,0.9421
6984,stage2,4,0.08542272448539734,0.27411624789237976,0.0,0.08542272448539734,0.0001,1e-05,50.318,2.1497,0.986
6985,stage2,4,0.10387063026428223,0.31281378865242004,0.0,0.10387063026428223,0.0001,1e-05,50.32,3.7856,0.9678
6986,stage2,4,0.10619053244590759,0.29983463883399963,0.0,0.10619053244590759,0.0001,1e-05,50.32,2.5522,1.0217
6987,stage2,4,0.0854281634092331,0.27232626080513,0.0,0.0854281634092331,0.0001,1e-05,50.32,2.2825,1.5427
6988,stage2,4,0.10000433027744293,0.2832045257091522,0.0,0.10000433027744293,0.0001,1e-05,50.32,2.4734,0.9494
6989,stage2,4,0.09588361531496048,0.2920950949192047,0.0,0.09588361531496048,0.0001,1e-05,50.322,2.6796,0.9034
6990,stage2,4,0.08694592863321304,0.30517125129699707,0.0,0.08694592863321304,0.0001,1e-05,50.318,2.3855,0.9632
6991,stage2,4,0.09451310336589813,0.2749924957752228,0.0,0.09451310336589813,0.0001,1e-05,50.319,2.4958,0.9724
6992,stage2,4,0.09979914128780365,0.3033343255519867,0.0,0.09979914128780365,0.0001,1e-05,50.324,2.591,0.9493
6993,stage2,4,0.07239685207605362,0.28837496042251587,0.0,0.07239685207605362,0.0001,1e-05,50.322,1.9457,0.9292
6994,stage2,4,0.106507308781147,0.30790063738822937,0.0,0.106507308781147,0.0001,1e-05,50.32,2.6727,1.289
6995,stage2,4,0.09970315545797348,0.28734898567199707,0.0,0.09970315545797348,0.0001,1e-05,50.322,2.0638,1.499
6996,stage2,4,0.08643485605716705,0.2676678001880646,0.0,0.08643485605716705,0.0001,1e-05,50.32,2.2353,0.9756
6997,stage2,4,0.0865117684006691,0.3221989572048187,0.0,0.0865117684006691,0.0001,1e-05,50.32,1.9777,0.9661
6998,stage2,4,0.08374353498220444,0.30590441823005676,0.0,0.08374353498220444,0.0001,1e-05,50.32,1.9624,0.9467
6999,stage2,4,0.10571900755167007,0.3038703501224518,0.0,0.10571900755167007,0.0001,1e-05,50.322,2.5561,0.9503
7000,stage2,4,0.08780515193939209,0.2734870910644531,0.0,0.08780515193939209,0.0001,1e-05,50.323,2.3113,0.9773
7001,stage2,4,0.10563114285469055,0.29297295212745667,0.0,0.10563114285469055,0.0001,1e-05,50.324,3.0601,0.9734
7002,stage2,4,0.09344866126775742,0.27419042587280273,0.0,0.09344866126775742,0.0001,1e-05,50.322,2.1808,1.1169
7003,stage2,4,0.10236265510320663,0.28057652711868286,0.0,0.10236265510320663,0.0001,1e-05,50.321,2.8371,1.556
7004,stage2,4,0.09908045828342438,0.28249821066856384,0.0,0.09908045828342438,0.0001,1e-05,50.322,2.551,0.9397
7005,stage2,4,0.08111316710710526,0.31312206387519836,0.0,0.08111316710710526,0.0001,1e-05,50.318,1.9645,0.9461
7006,stage2,4,0.08951178938150406,0.27544695138931274,0.0,0.08951178938150406,0.0001,1e-05,50.317,2.8743,0.9938
7007,stage2,4,0.10672900080680847,0.3114345967769623,0.0,0.10672900080680847,0.0001,1e-05,50.323,2.3199,0.9283
7008,stage2,4,0.08037637174129486,0.27792319655418396,0.0,0.08037637174129486,0.0001,1e-05,50.322,2.1626,0.9135
7009,stage2,4,0.08352553844451904,0.32806262373924255,0.0,0.08352553844451904,0.0001,1e-05,50.32,2.2118,0.9951
7010,stage2,4,0.09035961329936981,0.2844425439834595,0.0,0.09035961329936981,0.0001,1e-05,50.319,2.2802,1.141
7011,stage2,4,0.09214237332344055,0.2665649354457855,0.0,0.09214237332344055,0.0001,1e-05,50.322,2.5257,1.5333
7012,stage2,4,0.08935865014791489,0.29361629486083984,0.0,0.08935865014791489,0.0001,1e-05,50.32,2.577,0.9429
7013,stage2,4,0.08961982280015945,0.2862170338630676,0.0,0.08961982280015945,0.0001,1e-05,50.319,2.2988,0.9357
7014,stage2,4,0.08323179930448532,0.2750101089477539,0.0,0.08323179930448532,0.0001,1e-05,50.322,2.1466,0.9718
7015,stage2,4,0.09337900578975677,0.31334590911865234,0.0,0.09337900578975677,0.0001,1e-05,50.318,2.6974,0.9581
7016,stage2,4,0.08244310319423676,0.29309162497520447,0.0,0.08244310319423676,0.0001,1e-05,50.32,2.6787,0.956
7017,stage2,4,0.07682793587446213,0.27631857991218567,0.0,0.07682793587446213,0.0001,1e-05,50.32,2.0045,0.9533
7018,stage2,4,0.08329835534095764,0.29538172483444214,0.0,0.08329835534095764,0.0001,1e-05,50.32,1.9231,1.0748
7019,stage2,4,0.08709079772233963,0.3179202675819397,0.0,0.08709079772233963,0.0001,1e-05,50.32,2.2631,1.5961
7020,stage2,4,0.08536317944526672,0.2883269786834717,0.0,0.08536317944526672,0.0001,1e-05,50.321,2.8586,0.9477
7021,stage2,4,0.09745754301548004,0.31891247630119324,0.0,0.09745754301548004,0.0001,1e-05,50.319,2.6649,0.9231
7022,stage2,4,0.09711869806051254,0.3080482482910156,0.0,0.09711869806051254,0.0001,1e-05,50.321,2.3341,0.9807
7023,stage2,4,0.0987931340932846,0.2940974831581116,0.0,0.0987931340932846,0.0001,1e-05,50.321,2.6361,0.9515
7024,stage2,4,0.09577436000108719,0.28401872515678406,0.0,0.09577436000108719,0.0001,1e-05,50.319,2.256,0.9206
7025,stage2,4,0.09990828484296799,0.28613048791885376,0.0,0.09990828484296799,0.0001,1e-05,50.319,2.8149,0.9785
7026,stage2,4,0.10770794004201889,0.27767786383628845,0.0,0.10770794004201889,0.0001,1e-05,50.32,2.6371,1.2719
7027,stage2,4,0.08259914070367813,0.2673766016960144,0.0,0.08259914070367813,0.0001,1e-05,50.323,2.0661,1.547
7028,stage2,4,0.09000101685523987,0.2923103868961334,0.0,0.09000101685523987,0.0001,1e-05,50.323,2.1952,0.9497
7029,stage2,4,0.08746524900197983,0.28833767771720886,0.0,0.08746524900197983,0.0001,1e-05,50.32,2.7195,0.9313
7030,stage2,4,0.07730361819267273,0.3068314492702484,0.0,0.07730361819267273,0.0001,1e-05,50.32,2.2698,0.9616
7031,stage2,4,0.08403141051530838,0.3054474890232086,0.0,0.08403141051530838,0.0001,1e-05,50.321,2.1861,0.9786
7032,stage2,4,0.08554704487323761,0.2940489649772644,0.0,0.08554704487323761,0.0001,1e-05,50.32,2.0995,0.9183
7033,stage2,4,0.08247926831245422,0.2888008654117584,0.0,0.08247926831245422,0.0001,1e-05,50.32,2.1644,1.0003
7034,stage2,4,0.09841636568307877,0.291487455368042,0.0,0.09841636568307877,0.0001,1e-05,50.315,2.2778,1.2667
7035,stage2,4,0.10620816797018051,0.27676650881767273,0.0,0.10620816797018051,0.0001,1e-05,50.32,3.256,1.4294
7036,stage2,4,0.08823895454406738,0.2878696322441101,0.0,0.08823895454406738,0.0001,1e-05,50.324,2.174,1.0233
7037,stage2,4,0.08227265626192093,0.2891746759414673,0.0,0.08227265626192093,0.0001,1e-05,50.324,2.3123,0.9368
7038,stage2,4,0.10872367024421692,0.2890501618385315,0.0,0.10872367024421692,0.0001,1e-05,50.32,2.6265,0.952
7039,stage2,4,0.0917089506983757,0.2950868606567383,0.0,0.0917089506983757,0.0001,1e-05,50.321,2.089,0.9957
7040,stage2,4,0.08460068702697754,0.26596325635910034,0.0,0.08460068702697754,0.0001,1e-05,50.322,2.1627,0.9411
7041,stage2,4,0.08220886439085007,0.293235719203949,0.0,0.08220886439085007,0.0001,1e-05,50.32,2.0514,0.9215
7042,stage2,4,0.09644079953432083,0.2751012444496155,0.0,0.09644079953432083,0.0001,1e-05,50.321,2.6531,1.2161
7043,stage2,4,0.08787021785974503,0.2912762761116028,0.0,0.08787021785974503,0.0001,1e-05,50.319,2.4312,1.5134
7044,stage2,4,0.08658835291862488,0.3015444874763489,0.0,0.08658835291862488,0.0001,1e-05,50.319,2.5538,0.9583
7045,stage2,4,0.10052427649497986,0.2783341407775879,0.0,0.10052427649497986,0.0001,1e-05,50.323,2.2763,0.9329
7046,stage2,4,0.0830339565873146,0.286868691444397,0.0,0.0830339565873146,0.0001,1e-05,50.318,1.9944,0.9485
7047,stage2,4,0.09434876590967178,0.30269694328308105,0.0,0.09434876590967178,0.0001,1e-05,50.323,2.6936,0.906
7048,stage2,4,0.07458687573671341,0.27187493443489075,0.0,0.07458687573671341,0.0001,1e-05,50.321,1.894,0.9435
7049,stage2,4,0.0800085961818695,0.3103422522544861,0.0,0.0800085961818695,0.0001,1e-05,50.318,2.0564,0.9424
7050,stage2,4,0.08669941127300262,0.27988773584365845,0.0,0.08669941127300262,0.0001,1e-05,50.317,1.9894,1.2888
7051,stage2,4,0.09651890397071838,0.29500919580459595,0.0,0.09651890397071838,0.0001,1e-05,50.318,2.6364,1.5569
7052,stage2,4,0.08459993451833725,0.31870806217193604,0.0,0.08459993451833725,0.0001,1e-05,50.319,1.9399,0.9226
7053,stage2,4,0.09404470026493073,0.2823021411895752,0.0,0.09404470026493073,0.0001,1e-05,50.323,2.3549,0.9673
7054,stage2,4,0.10571245104074478,0.28245216608047485,0.0,0.10571245104074478,0.0001,1e-05,50.32,2.5725,0.9699
7055,stage2,4,0.08708144724369049,0.28373000025749207,0.0,0.08708144724369049,0.0001,1e-05,50.32,1.9021,0.9624
7056,stage2,4,0.07829853892326355,0.3151399791240692,0.0,0.07829853892326355,0.0001,1e-05,50.322,1.9315,0.9163
7057,stage2,4,0.09636960178613663,0.2943078875541687,0.0,0.09636960178613663,0.0001,1e-05,50.319,2.2611,0.9311
7058,stage2,4,0.10097716748714447,0.2847961485385895,0.0,0.10097716748714447,0.0001,1e-05,50.32,2.6088,1.2285
7059,stage2,4,0.07583457976579666,0.3033362329006195,0.0,0.07583457976579666,0.0001,1e-05,50.322,1.7607,1.6778
7060,stage2,4,0.09002659469842911,0.2796778678894043,0.0,0.09002659469842911,0.0001,1e-05,50.319,1.9816,0.9317
7061,stage2,4,0.08601152896881104,0.31496769189834595,0.0,0.08601152896881104,0.0001,1e-05,50.321,1.8844,0.9635
7062,stage2,4,0.08576575666666031,0.28336837887763977,0.0,0.08576575666666031,0.0001,1e-05,50.321,2.0082,0.9827
7063,stage2,4,0.08281735330820084,0.3089921474456787,0.0,0.08281735330820084,0.0001,1e-05,50.323,1.9588,1.0057
7064,stage2,4,0.08671415597200394,0.29060137271881104,0.0,0.08671415597200394,0.0001,1e-05,50.32,2.1176,0.9116
7065,stage2,4,0.085349440574646,0.297635555267334,0.0,0.085349440574646,0.0001,1e-05,50.321,2.1824,0.9362
7066,stage2,4,0.10634297877550125,0.2748408913612366,0.0,0.10634297877550125,0.0001,1e-05,50.319,3.1867,0.9865
7067,stage2,4,0.08259635418653488,0.2885264754295349,0.0,0.08259635418653488,0.0001,1e-05,50.319,2.7023,1.7523
7068,stage2,4,0.09496593475341797,0.3009663224220276,0.0,0.09496593475341797,0.0001,1e-05,50.319,2.2662,0.9867
7069,stage2,4,0.08791866898536682,0.28532886505126953,0.0,0.08791866898536682,0.0001,1e-05,50.322,2.3826,0.9501
7070,stage2,4,0.08891256898641586,0.2822074890136719,0.0,0.08891256898641586,0.0001,1e-05,50.318,2.5378,0.9363
7071,stage2,4,0.0934111550450325,0.3126833140850067,0.0,0.0934111550450325,0.0001,1e-05,50.319,2.1285,0.953
7072,stage2,4,0.08673083782196045,0.2862694561481476,0.0,0.08673083782196045,0.0001,1e-05,50.318,2.0194,0.966
7073,stage2,4,0.0934787392616272,0.2951623499393463,0.0,0.0934787392616272,0.0001,1e-05,50.321,2.3833,0.9587
7074,stage2,4,0.09154751896858215,0.28662925958633423,0.0,0.09154751896858215,0.0001,1e-05,50.317,2.7995,0.9713
7075,stage2,4,0.09179175645112991,0.2874000072479248,0.0,0.09179175645112991,0.0001,1e-05,50.32,2.5429,1.7091
7076,stage2,4,0.0918055921792984,0.2870429754257202,0.0,0.0918055921792984,0.0001,1e-05,50.315,2.4022,0.9494
7077,stage2,4,0.08287154883146286,0.2754116654396057,0.0,0.08287154883146286,0.0001,1e-05,50.319,1.9345,0.9541
7078,stage2,4,0.09082397818565369,0.2865816056728363,0.0,0.09082397818565369,0.0001,1e-05,50.319,2.2157,0.9452
7079,stage2,4,0.08796563744544983,0.2962403893470764,0.0,0.08796563744544983,0.0001,1e-05,50.316,2.1082,0.9819
7080,stage2,4,0.08861175179481506,0.2664845585823059,0.0,0.08861175179481506,0.0001,1e-05,50.318,2.7511,0.9547
7081,stage2,4,0.0837540552020073,0.3364042639732361,0.0,0.0837540552020073,0.0001,1e-05,50.32,2.3343,0.8164
7082,stage2,4,0.09489703923463821,0.3003295361995697,0.0,0.09489703923463821,0.0001,1e-05,50.314,2.2228,0.673
7083,stage2,4,0.08840566128492355,0.2915385067462921,0.0,0.08840566128492355,0.0001,1e-05,50.319,2.1008,1.9052
7084,stage2,4,0.07984206825494766,0.3222431540489197,0.0,0.07984206825494766,0.0001,1e-05,50.319,2.1603,0.644
7085,stage2,4,0.09333004802465439,0.27865085005760193,0.0,0.09333004802465439,0.0001,1e-05,50.317,2.6532,0.6438
7086,stage2,4,0.0982118621468544,0.3310070037841797,0.0,0.0982118621468544,0.0001,1e-05,50.32,2.4976,0.6479
7087,stage2,4,0.09752298146486282,0.30360257625579834,0.0,0.09752298146486282,0.0001,1e-05,50.318,2.5952,0.6443
7088,stage2,4,0.09195856004953384,0.2830982506275177,0.0,0.09195856004953384,0.0001,1e-05,50.316,2.5016,0.6446
7089,stage2,4,0.09497478604316711,0.3242377042770386,0.0,0.09497478604316711,0.0001,1e-05,50.316,2.3356,0.6449
7090,stage2,4,0.08417569845914841,0.30550670623779297,0.0,0.08417569845914841,0.0001,1e-05,50.316,2.1958,2.7308
7091,stage2,4,0.07870807498693466,0.3082139194011688,0.0,0.07870807498693466,0.0001,1e-05,50.316,2.2401,1.8754
7092,stage2,4,0.09187757968902588,0.2849372327327728,0.0,0.09187757968902588,0.0001,1e-05,50.314,2.3656,0.6403
7093,stage2,4,0.09817805886268616,0.3155709505081177,0.0,0.09817805886268616,0.0001,1e-05,50.317,1.9876,0.6412
7094,stage2,4,0.09026391059160233,0.31088483333587646,0.0,0.09026391059160233,0.0001,1e-05,50.317,2.7368,0.6414
7095,stage2,4,0.09387911856174469,0.2939339876174927,0.0,0.09387911856174469,0.0001,1e-05,50.313,3.0166,0.6418
7096,stage2,4,0.0944974273443222,0.3090570569038391,0.0,0.0944974273443222,0.0001,1e-05,50.316,2.2382,0.6411
7097,stage2,4,0.09523685276508331,0.2859213352203369,0.0,0.09523685276508331,0.0001,1e-05,50.318,3.1196,0.6416
7098,stage2,4,0.09298884868621826,0.2889682948589325,0.0,0.09298884868621826,0.0001,1e-05,50.318,1.9836,2.6444
7099,stage2,4,0.0947924479842186,0.2980543076992035,0.0,0.0947924479842186,0.0001,1e-05,50.315,3.2108,1.8653
7100,stage2,4,0.07361792773008347,0.3332744240760803,0.0,0.07361792773008347,0.0001,1e-05,50.315,1.6976,0.6654
7101,stage2,4,0.08693062514066696,0.26784196496009827,0.0,0.08693062514066696,0.0001,1e-05,50.318,1.8515,0.6409
7102,stage2,4,0.08568219840526581,0.2531163990497589,0.0,0.08568219840526581,0.0001,1e-05,50.317,2.1109,0.6663
7103,stage2,4,0.09374957531690598,0.3256007432937622,0.0,0.09374957531690598,0.0001,1e-05,50.32,2.711,0.6638
7104,stage2,4,0.08513671159744263,0.2838364839553833,0.0,0.08513671159744263,0.0001,1e-05,50.316,2.4371,0.6694
7105,stage2,4,0.10327664017677307,0.2972269356250763,0.0,0.10327664017677307,0.0001,1e-05,50.321,2.6166,0.7171
7106,stage2,4,0.09726790338754654,0.261281818151474,0.0,0.09726790338754654,0.0001,1e-05,50.317,2.7131,2.6931
7107,stage2,4,0.08585014194250107,0.27672672271728516,0.0,0.08585014194250107,0.0001,1e-05,50.317,2.2897,2.0145
7108,stage2,4,0.10035677254199982,0.2810106873512268,0.0,0.10035677254199982,0.0001,1e-05,50.318,2.7996,0.6686
7109,stage2,4,0.08158770948648453,0.30329588055610657,0.0,0.08158770948648453,0.0001,1e-05,50.319,2.2811,0.7029
7110,stage2,4,0.0807020366191864,0.26689085364341736,0.0,0.0807020366191864,0.0001,1e-05,50.32,2.4094,0.6514
7111,stage2,4,0.09875960648059845,0.31139665842056274,0.0,0.09875960648059845,0.0001,1e-05,50.317,2.2043,0.6707
7112,stage2,4,0.08439504355192184,0.2746891379356384,0.0,0.08439504355192184,0.0001,1e-05,50.319,2.3939,0.6402
7113,stage2,4,0.09971192479133606,0.3094145655632019,0.0,0.09971192479133606,0.0001,1e-05,50.318,2.3118,0.7248
7114,stage2,4,0.1071108728647232,0.28586021065711975,0.0,0.1071108728647232,0.0001,1e-05,50.319,2.85,2.5934
7115,stage2,4,0.09787394106388092,0.3077608644962311,0.0,0.09787394106388092,0.0001,1e-05,50.319,2.5487,2.1224
7116,stage2,4,0.07428241521120071,0.3110709488391876,0.0,0.07428241521120071,0.0001,1e-05,50.32,2.2117,0.7184
7117,stage2,4,0.09485337883234024,0.294816255569458,0.0,0.09485337883234024,0.0001,1e-05,50.318,2.3323,0.6563
7118,stage2,4,0.0799892395734787,0.26762980222702026,0.0,0.0799892395734787,0.0001,1e-05,50.321,2.2047,0.6612
7119,stage2,4,0.07261260598897934,0.3048711121082306,0.0,0.07261260598897934,0.0001,1e-05,50.32,2.0907,0.6452
7120,stage2,4,0.09091595560312271,0.2814566493034363,0.0,0.09091595560312271,0.0001,1e-05,50.317,1.9024,0.6687
7121,stage2,4,0.08554268628358841,0.3061200976371765,0.0,0.08554268628358841,0.0001,1e-05,50.32,2.1929,0.713
7122,stage2,4,0.09581079334020615,0.29729098081588745,0.0,0.09581079334020615,0.0001,1e-05,50.318,2.8192,2.533
7123,stage2,4,0.08167640119791031,0.28652703762054443,0.0,0.08167640119791031,0.0001,1e-05,50.318,2.2842,2.201
7124,stage2,4,0.10475552082061768,0.2823055684566498,0.0,0.10475552082061768,0.0001,1e-05,50.318,2.4902,0.7062
7125,stage2,4,0.08404617756605148,0.3304019868373871,0.0,0.08404617756605148,0.0001,1e-05,50.318,2.0781,0.6528
7126,stage2,4,0.08770521730184555,0.2781048119068146,0.0,0.08770521730184555,0.0001,1e-05,50.316,2.2091,0.6666
7127,stage2,4,0.08253995329141617,0.29986128211021423,0.0,0.08253995329141617,0.0001,1e-05,50.318,1.9128,0.6372
7128,stage2,4,0.08440971374511719,0.2796441316604614,0.0,0.08440971374511719,0.0001,1e-05,50.318,1.8952,0.7331
7129,stage2,4,0.0967068150639534,0.29012078046798706,0.0,0.0967068150639534,0.0001,1e-05,50.319,2.2605,0.6562
7130,stage2,4,0.09437891095876694,0.30768680572509766,0.0,0.09437891095876694,0.0001,1e-05,50.319,2.3835,2.4826
7131,stage2,4,0.08990428596735,0.2819865643978119,0.0,0.08990428596735,0.0001,1e-05,50.319,2.5777,2.4516
7132,stage2,4,0.09144959598779678,0.2737654745578766,0.0,0.09144959598779678,0.0001,1e-05,50.315,2.2048,0.6582
7133,stage2,4,0.07721876353025436,0.29943186044692993,0.0,0.07721876353025436,0.0001,1e-05,50.317,2.2339,0.7145
7134,stage2,4,0.08519738912582397,0.2923424541950226,0.0,0.08519738912582397,0.0001,1e-05,50.317,1.8835,0.6707
7135,stage2,4,0.09267055243253708,0.2751852571964264,0.0,0.09267055243253708,0.0001,1e-05,50.319,2.1159,0.6411
7136,stage2,4,0.09167323261499405,0.3179306089878082,0.0,0.09167323261499405,0.0001,1e-05,50.317,2.0668,0.6704
7137,stage2,4,0.09188491106033325,0.28273308277130127,0.0,0.09188491106033325,0.0001,1e-05,50.319,2.1602,0.7046
7138,stage2,4,0.0825112983584404,0.30836039781570435,0.0,0.0825112983584404,0.0001,1e-05,50.319,2.4313,2.277
7139,stage2,4,0.08370426297187805,0.24553847312927246,0.0,0.08370426297187805,0.0001,1e-05,50.319,2.4622,2.5287
7140,stage2,4,0.07493434101343155,0.29519912600517273,0.0,0.07493434101343155,0.0001,1e-05,50.321,1.9388,0.6561
7141,stage2,4,0.07272832840681076,0.29273301362991333,0.0,0.07272832840681076,0.0001,1e-05,50.32,1.9006,0.705
7142,stage2,4,0.08471271395683289,0.2903270423412323,0.0,0.08471271395683289,0.0001,1e-05,50.316,2.2955,0.6672
7143,stage2,4,0.1040431410074234,0.310513973236084,0.0,0.1040431410074234,0.0001,1e-05,50.316,2.7897,0.6355
7144,stage2,4,0.09661553055047989,0.28217941522598267,0.0,0.09661553055047989,0.0001,1e-05,50.315,2.5726,0.7323
7145,stage2,4,0.09229294210672379,0.2655474841594696,0.0,0.09229294210672379,0.0001,1e-05,50.317,2.6591,0.6552
7146,stage2,4,0.09746553003787994,0.2922700345516205,0.0,0.09746553003787994,0.0001,1e-05,50.322,2.4632,2.2674
7147,stage2,4,0.09089348465204239,0.3107786178588867,0.0,0.09089348465204239,0.0001,1e-05,50.316,2.3399,2.5316
7148,stage2,4,0.08871019631624222,0.2736719250679016,0.0,0.08871019631624222,0.0001,1e-05,50.321,2.473,0.6517
7149,stage2,4,0.11110737919807434,0.28359466791152954,0.0,0.11110737919807434,0.0001,1e-05,50.32,2.6577,0.6584
7150,stage2,4,0.08503790199756622,0.26702943444252014,0.0,0.08503790199756622,0.0001,1e-05,50.319,2.1507,0.6924
7151,stage2,4,0.08614786714315414,0.28838905692100525,0.0,0.08614786714315414,0.0001,1e-05,50.318,2.2194,0.6567
7152,stage2,4,0.07756326347589493,0.31380701065063477,0.0,0.07756326347589493,0.0001,1e-05,50.317,1.9177,0.6406
7153,stage2,4,0.09313998371362686,0.2885414659976959,0.0,0.09313998371362686,0.0001,1e-05,50.316,2.8615,0.6667
7154,stage2,4,0.09861530363559723,0.292036235332489,0.0,0.09861530363559723,0.0001,1e-05,50.315,2.7225,2.0767
7155,stage2,4,0.09079308062791824,0.2655452489852905,0.0,0.09079308062791824,0.0001,1e-05,50.316,1.9374,2.5844
7156,stage2,4,0.08643292635679245,0.2771666944026947,0.0,0.08643292635679245,0.0001,1e-05,50.316,1.9275,0.6566
7157,stage2,4,0.08803713321685791,0.2764008045196533,0.0,0.08803713321685791,0.0001,1e-05,50.316,2.2715,0.7071
7158,stage2,4,0.10264090448617935,0.27884989976882935,0.0,0.10264090448617935,0.0001,1e-05,50.321,2.2778,0.6452
7159,stage2,4,0.102483369410038,0.28329554200172424,0.0,0.102483369410038,0.0001,1e-05,50.317,2.9502,0.6636
7160,stage2,4,0.08201596885919571,0.3047811985015869,0.0,0.08201596885919571,0.0001,1e-05,50.316,2.0358,0.6371
7161,stage2,4,0.10177154093980789,0.2890998423099518,0.0,0.10177154093980789,0.0001,1e-05,50.317,2.2805,0.725
7162,stage2,4,0.09136128425598145,0.28396257758140564,0.0,0.09136128425598145,0.0001,1e-05,50.317,1.9301,1.8561
7163,stage2,4,0.0991714745759964,0.2904216945171356,0.0,0.0991714745759964,0.0001,1e-05,50.321,2.2718,2.4913
7164,stage2,4,0.08136837184429169,0.32853934168815613,0.0,0.08136837184429169,0.0001,1e-05,50.318,2.1985,0.6535
7165,stage2,5,0.088963083922863,0.2730201184749603,0.0,0.088963083922863,0.0001,1e-05,50.318,2.3949,9.8409
7166,stage2,5,0.08965650200843811,0.29578012228012085,0.0,0.08965650200843811,0.0001,1e-05,50.317,2.3691,0.6586
7167,stage2,5,0.07780715078115463,0.2829340994358063,0.0,0.07780715078115463,0.0001,1e-05,50.319,2.1391,0.6992
7168,stage2,5,0.07243368029594421,0.28093478083610535,0.0,0.07243368029594421,0.0001,1e-05,50.318,1.8092,0.6549
7169,stage2,5,0.07710956782102585,0.287410706281662,0.0,0.07710956782102585,0.0001,1e-05,50.319,1.984,0.7064
7170,stage2,5,0.08849768340587616,0.2857434153556824,0.0,0.08849768340587616,0.0001,1e-05,50.317,2.2271,0.6495
7171,stage2,5,0.08751912415027618,0.29320773482322693,0.0,0.08751912415027618,0.0001,1e-05,50.321,2.734,0.6366
7172,stage2,5,0.09728016704320908,0.2892132103443146,0.0,0.09728016704320908,0.0001,1e-05,50.319,2.6586,0.6549
7173,stage2,5,0.07334678620100021,0.28221458196640015,0.0,0.07334678620100021,0.0001,1e-05,50.32,1.7853,3.9349
7174,stage2,5,0.08412078768014908,0.29941001534461975,0.0,0.08412078768014908,0.0001,1e-05,50.315,2.9609,0.6573
7175,stage2,5,0.06853722035884857,0.25748828053474426,0.0,0.06853722035884857,0.0001,1e-05,50.318,1.9032,0.7102
7176,stage2,5,0.09050417691469193,0.2745693325996399,0.0,0.09050417691469193,0.0001,1e-05,50.32,2.0653,0.6597
7177,stage2,5,0.09406677633523941,0.2983858287334442,0.0,0.09406677633523941,0.0001,1e-05,50.317,3.0117,0.7117
7178,stage2,5,0.08939576148986816,0.2605500817298889,0.0,0.08939576148986816,0.0001,1e-05,50.317,2.3818,0.653
7179,stage2,5,0.07563367486000061,0.2854299247264862,0.0,0.07563367486000061,0.0001,1e-05,50.32,1.7398,0.7116
7180,stage2,5,0.0808636024594307,0.29288044571876526,0.0,0.0808636024594307,0.0001,1e-05,50.32,2.0934,0.6541
7181,stage2,5,0.09863103926181793,0.2682638466358185,0.0,0.09863103926181793,0.0001,1e-05,50.321,2.6363,3.8623
7182,stage2,5,0.0875168889760971,0.33868634700775146,0.0,0.0875168889760971,0.0001,1e-05,50.319,2.503,0.6612
7183,stage2,5,0.07733125984668732,0.283466637134552,0.0,0.07733125984668732,0.0001,1e-05,50.319,1.8698,0.6303
7184,stage2,5,0.08577364683151245,0.30525949597358704,0.0,0.08577364683151245,0.0001,1e-05,50.32,2.592,0.7267
7185,stage2,5,0.08275267481803894,0.2698870897293091,0.0,0.08275267481803894,0.0001,1e-05,50.318,2.1811,0.6454
7186,stage2,5,0.09959078580141068,0.30146414041519165,0.0,0.09959078580141068,0.0001,1e-05,50.321,2.5277,0.6906
7187,stage2,5,0.08715618401765823,0.2780255973339081,0.0,0.08715618401765823,0.0001,1e-05,50.321,1.9577,0.6656
7188,stage2,5,0.09272101521492004,0.29816174507141113,0.0,0.09272101521492004,0.0001,1e-05,50.32,2.147,0.6501
7189,stage2,5,0.09757263958454132,0.27107423543930054,0.0,0.09757263958454132,0.0001,1e-05,50.32,2.668,3.8852
7190,stage2,5,0.08838608115911484,0.26560887694358826,0.0,0.08838608115911484,0.0001,1e-05,50.322,2.3566,0.6428
7191,stage2,5,0.09191874414682388,0.29176658391952515,0.0,0.09191874414682388,0.0001,1e-05,50.32,2.6537,0.6924
7192,stage2,5,0.08118587732315063,0.3156208097934723,0.0,0.08118587732315063,0.0001,1e-05,50.32,1.9876,0.6393
7193,stage2,5,0.09193463623523712,0.28226569294929504,0.0,0.09193463623523712,0.0001,1e-05,50.32,2.7837,0.6403
7194,stage2,5,0.08537417650222778,0.29134777188301086,0.0,0.08537417650222778,0.0001,1e-05,50.318,2.3234,0.6384
7195,stage2,5,0.08991367369890213,0.2913631796836853,0.0,0.08991367369890213,0.0001,1e-05,50.314,2.1076,0.6397
7196,stage2,5,0.08641356974840164,0.24810802936553955,0.0,0.08641356974840164,0.0001,1e-05,50.319,1.8074,0.7083
7197,stage2,5,0.09137003868818283,0.296663761138916,0.0,0.09137003868818283,0.0001,1e-05,50.319,2.2328,3.9059
7198,stage2,5,0.08686001598834991,0.24710340797901154,0.0,0.08686001598834991,0.0001,1e-05,50.319,2.0417,0.6391
7199,stage2,5,0.07699766755104065,0.28250953555107117,0.0,0.07699766755104065,0.0001,1e-05,50.322,2.0123,0.6393
7200,stage2,5,0.07184026390314102,0.3038541078567505,0.0,0.07184026390314102,0.0001,1e-05,50.32,1.8486,0.6647
7201,stage2,5,0.08566108345985413,0.2881051003932953,0.0,0.08566108345985413,0.0001,1e-05,50.319,2.1012,0.6717
7202,stage2,5,0.08051833510398865,0.27143967151641846,0.0,0.08051833510398865,0.0001,1e-05,50.32,1.7998,0.64
7203,stage2,5,0.07012341916561127,0.2697484791278839,0.0,0.07012341916561127,0.0001,1e-05,50.321,2.0873,0.6411
7204,stage2,5,0.09159760922193527,0.26806414127349854,0.0,0.09159760922193527,0.0001,1e-05,50.319,1.9606,0.6405
7205,stage2,5,0.08146385103464127,0.24375547468662262,0.0,0.08146385103464127,0.0001,1e-05,50.319,1.6939,3.9858
7206,stage2,5,0.09691779315471649,0.2670963406562805,0.0,0.09691779315471649,0.0001,1e-05,50.32,2.207,0.7209
7207,stage2,5,0.09039883315563202,0.31870827078819275,0.0,0.09039883315563202,0.0001,1e-05,50.318,1.9908,0.6307
7208,stage2,5,0.08594954758882523,0.27297815680503845,0.0,0.08594954758882523,0.0001,1e-05,50.319,1.9859,0.6388
7209,stage2,5,0.08177895098924637,0.3014644980430603,0.0,0.08177895098924637,0.0001,1e-05,50.317,2.3556,0.6402
7210,stage2,5,0.08490793406963348,0.2910490334033966,0.0,0.08490793406963348,0.0001,1e-05,50.319,1.6884,0.6404
7211,stage2,5,0.07792309671640396,0.30921706557273865,0.0,0.07792309671640396,0.0001,1e-05,50.315,1.619,0.699
7212,stage2,5,0.08235552906990051,0.3157380521297455,0.0,0.08235552906990051,0.0001,1e-05,50.317,2.0043,0.6367
7213,stage2,5,0.0875464677810669,0.3039831221103668,0.0,0.0875464677810669,0.0001,1e-05,50.319,2.2373,3.9583
7214,stage2,5,0.09548231959342957,0.2662666141986847,0.0,0.09548231959342957,0.0001,1e-05,50.314,2.6352,0.6611
7215,stage2,5,0.08450305461883545,0.27367252111434937,0.0,0.08450305461883545,0.0001,1e-05,50.318,2.1717,0.6318
7216,stage2,5,0.10063475370407104,0.2690909206867218,0.0,0.10063475370407104,0.0001,1e-05,50.317,2.5602,0.7146
7217,stage2,5,0.08693484216928482,0.2786628007888794,0.0,0.08693484216928482,0.0001,1e-05,50.316,1.8887,0.6438
7218,stage2,5,0.08028046786785126,0.3075765073299408,0.0,0.08028046786785126,0.0001,1e-05,50.316,1.9518,0.6407
7219,stage2,5,0.0882224291563034,0.2971743643283844,0.0,0.0882224291563034,0.0001,1e-05,50.321,2.255,0.6414
7220,stage2,5,0.08178546279668808,0.2737242579460144,0.0,0.08178546279668808,0.0001,1e-05,50.316,2.1255,0.6416
7221,stage2,5,0.07891501486301422,0.2739666700363159,0.0,0.07891501486301422,0.0001,1e-05,50.319,1.8705,4.0417
7222,stage2,5,0.09906527400016785,0.30425089597702026,0.0,0.09906527400016785,0.0001,1e-05,50.318,2.0628,0.6404
7223,stage2,5,0.08969055861234665,0.27462831139564514,0.0,0.08969055861234665,0.0001,1e-05,50.316,2.7277,0.641
7224,stage2,5,0.0861106589436531,0.2876449227333069,0.0,0.0861106589436531,0.0001,1e-05,50.319,2.3022,0.6418
7225,stage2,5,0.08922573179006577,0.3110763430595398,0.0,0.08922573179006577,0.0001,1e-05,50.319,2.2165,0.7049
7226,stage2,5,0.09023162722587585,0.29406872391700745,0.0,0.09023162722587585,0.0001,1e-05,50.317,2.3494,0.6326
7227,stage2,5,0.0919906422495842,0.285190224647522,0.0,0.0919906422495842,0.0001,1e-05,50.319,2.3066,0.642
7228,stage2,5,0.08877666294574738,0.2884843349456787,0.0,0.08877666294574738,0.0001,1e-05,50.317,2.6203,0.6419
7229,stage2,5,0.0885358527302742,0.265075147151947,0.0,0.0885358527302742,0.0001,1e-05,50.316,2.3188,3.9081
7230,stage2,5,0.08101075142621994,0.3079054355621338,0.0,0.08101075142621994,0.0001,1e-05,50.319,1.8869,0.6926
7231,stage2,5,0.08302779495716095,0.31479620933532715,0.0,0.08302779495716095,0.0001,1e-05,50.318,2.2249,0.6407
7232,stage2,5,0.07685894519090652,0.29090753197669983,0.0,0.07685894519090652,0.0001,1e-05,50.316,1.7744,0.6404
7233,stage2,5,0.09498071670532227,0.28761208057403564,0.0,0.09498071670532227,0.0001,1e-05,50.319,2.4096,0.6403
7234,stage2,5,0.08454208076000214,0.2748630940914154,0.0,0.08454208076000214,0.0001,1e-05,50.319,2.1949,0.6413
7235,stage2,5,0.08416175097227097,0.3267320990562439,0.0,0.08416175097227097,0.0001,1e-05,50.319,2.1793,0.6484
7236,stage2,5,0.08697240799665451,0.2940654754638672,0.0,0.08697240799665451,0.0001,1e-05,50.322,2.6921,0.7076
7237,stage2,5,0.07895942777395248,0.26059308648109436,0.0,0.07895942777395248,0.0001,1e-05,50.319,2.1173,3.9119
7238,stage2,5,0.09159410744905472,0.28173142671585083,0.0,0.09159410744905472,0.0001,1e-05,50.316,2.5442,0.6384
7239,stage2,5,0.10847096890211105,0.2998991310596466,0.0,0.10847096890211105,0.0001,1e-05,50.318,2.7142,0.6397
7240,stage2,5,0.08176930993795395,0.25802648067474365,0.0,0.08176930993795395,0.0001,1e-05,50.318,2.4439,0.6476
7241,stage2,5,0.0814354419708252,0.2697266638278961,0.0,0.0814354419708252,0.0001,1e-05,50.318,2.0749,0.6862
7242,stage2,5,0.09082004427909851,0.2622721195220947,0.0,0.09082004427909851,0.0001,1e-05,50.32,2.1705,0.6416
7243,stage2,5,0.07312097400426865,0.29381874203681946,0.0,0.07312097400426865,0.0001,1e-05,50.318,1.9359,0.6417
7244,stage2,5,0.08403945714235306,0.26279231905937195,0.0,0.08403945714235306,0.0001,1e-05,50.316,2.0261,0.6413
7245,stage2,5,0.08821087330579758,0.28621232509613037,0.0,0.08821087330579758,0.0001,1e-05,50.317,2.4323,4.0423
7246,stage2,5,0.0920337364077568,0.29743626713752747,0.0,0.0920337364077568,0.0001,1e-05,50.319,2.3896,0.6392
7247,stage2,5,0.08973589539527893,0.28658294677734375,0.0,0.08973589539527893,0.0001,1e-05,50.32,2.241,0.6443
7248,stage2,5,0.09125764667987823,0.28691738843917847,0.0,0.09125764667987823,0.0001,1e-05,50.316,2.0175,0.697
7249,stage2,5,0.08898618817329407,0.24619227647781372,0.0,0.08898618817329407,0.0001,1e-05,50.321,1.8582,0.6381
7250,stage2,5,0.08114885538816452,0.2990645170211792,0.0,0.08114885538816452,0.0001,1e-05,50.321,2.3356,0.6424
7251,stage2,5,0.08959297835826874,0.31115397810935974,0.0,0.08959297835826874,0.0001,1e-05,50.319,2.051,0.6355
7252,stage2,5,0.082825668156147,0.27892208099365234,0.0,0.082825668156147,0.0001,1e-05,50.318,1.6125,0.6642
7253,stage2,5,0.08395320177078247,0.28450673818588257,0.0,0.08395320177078247,0.0001,1e-05,50.319,2.3813,4.2501
7254,stage2,5,0.08079519867897034,0.3275085985660553,0.0,0.08079519867897034,0.0001,1e-05,50.316,1.8483,0.6421
7255,stage2,5,0.09199368208646774,0.2676837742328644,0.0,0.09199368208646774,0.0001,1e-05,50.319,2.7588,0.6402
7256,stage2,5,0.08430033177137375,0.25900799036026,0.0,0.08430033177137375,0.0001,1e-05,50.32,1.9846,0.6405
7257,stage2,5,0.08047948032617569,0.3163377046585083,0.0,0.08047948032617569,0.0001,1e-05,50.319,1.9412,0.6363
7258,stage2,5,0.09953095763921738,0.2855256497859955,0.0,0.09953095763921738,0.0001,1e-05,50.321,2.3341,0.6631
7259,stage2,5,0.08925371617078781,0.26704585552215576,0.0,0.08925371617078781,0.0001,1e-05,50.319,2.4945,0.6576
7260,stage2,5,0.09212003648281097,0.2735036015510559,0.0,0.09212003648281097,0.0001,1e-05,50.318,2.12,0.7
7261,stage2,5,0.10255125164985657,0.2624225318431854,0.0,0.10255125164985657,0.0001,1e-05,50.32,2.2863,3.8286
7262,stage2,5,0.0952824279665947,0.2628427743911743,0.0,0.0952824279665947,0.0001,1e-05,50.324,2.3679,0.6393
7263,stage2,5,0.08257059007883072,0.27236291766166687,0.0,0.08257059007883072,0.0001,1e-05,50.317,2.0936,0.6408
7264,stage2,5,0.07897208631038666,0.2893047332763672,0.0,0.07897208631038666,0.0001,1e-05,50.321,1.6319,0.7039
7265,stage2,5,0.07777850329875946,0.29076576232910156,0.0,0.07777850329875946,0.0001,1e-05,50.319,2.0207,0.638
7266,stage2,5,0.08794212341308594,0.28211450576782227,0.0,0.08794212341308594,0.0001,1e-05,50.318,1.9989,0.641
7267,stage2,5,0.08329808712005615,0.3224095404148102,0.0,0.08329808712005615,0.0001,1e-05,50.319,1.9568,0.6463
7268,stage2,5,0.08474291115999222,0.29463744163513184,0.0,0.08474291115999222,0.0001,1e-05,50.319,2.1032,0.6428
7269,stage2,5,0.07508102804422379,0.28420060873031616,0.0,0.07508102804422379,0.0001,1e-05,50.32,1.8603,4.0667
7270,stage2,5,0.08768641948699951,0.2587110996246338,0.0,0.08768641948699951,0.0001,1e-05,50.318,2.6102,0.6404
7271,stage2,5,0.08084230124950409,0.2904757261276245,0.0,0.08084230124950409,0.0001,1e-05,50.318,2.1232,0.6463
7272,stage2,5,0.08559674769639969,0.2728939950466156,0.0,0.08559674769639969,0.0001,1e-05,50.318,2.4026,0.6409
7273,stage2,5,0.09344518929719925,0.26662954688072205,0.0,0.09344518929719925,0.0001,1e-05,50.319,2.381,0.697
7274,stage2,5,0.075911745429039,0.295005202293396,0.0,0.075911745429039,0.0001,1e-05,50.321,1.7157,0.6416
7275,stage2,5,0.09400273114442825,0.29637613892555237,0.0,0.09400273114442825,0.0001,1e-05,50.319,2.6258,0.6418
7276,stage2,5,0.0776071771979332,0.2816351652145386,0.0,0.0776071771979332,0.0001,1e-05,50.319,2.3049,0.6432
7277,stage2,5,0.08225738257169724,0.2969088554382324,0.0,0.08225738257169724,0.0001,1e-05,50.319,2.3818,4.0083
7278,stage2,5,0.0902857631444931,0.2948687672615051,0.0,0.0902857631444931,0.0001,1e-05,50.316,2.1124,0.6398
7279,stage2,5,0.08647534996271133,0.2947922945022583,0.0,0.08647534996271133,0.0001,1e-05,50.32,2.53,0.6929
7280,stage2,5,0.07490655034780502,0.3317928612232208,0.0,0.07490655034780502,0.0001,1e-05,50.315,2.5423,0.6401
7281,stage2,5,0.09007899463176727,0.30180680751800537,0.0,0.09007899463176727,0.0001,1e-05,50.32,2.697,0.6383
7282,stage2,5,0.08279373496770859,0.30342331528663635,0.0,0.08279373496770859,0.0001,1e-05,50.321,1.9551,0.6612
7283,stage2,5,0.0974213182926178,0.27314141392707825,0.0,0.0974213182926178,0.0001,1e-05,50.319,2.3912,0.6375
7284,stage2,5,0.10509471595287323,0.28660276532173157,0.0,0.10509471595287323,0.0001,1e-05,50.318,2.8934,0.6722
7285,stage2,5,0.09674423933029175,0.287188321352005,0.0,0.09674423933029175,0.0001,1e-05,50.319,2.2817,3.908
7286,stage2,5,0.09366778284311295,0.3007536232471466,0.0,0.09366778284311295,0.0001,1e-05,50.318,2.1838,0.6463
7287,stage2,5,0.08776149153709412,0.29589375853538513,0.0,0.08776149153709412,0.0001,1e-05,50.319,2.3192,0.6397
7288,stage2,5,0.07908132672309875,0.31615886092185974,0.0,0.07908132672309875,0.0001,1e-05,50.324,2.1807,0.6476
7289,stage2,5,0.09093388170003891,0.3118453919887543,0.0,0.09093388170003891,0.0001,1e-05,50.319,2.0255,0.6965
7290,stage2,5,0.08980429172515869,0.27962827682495117,0.0,0.08980429172515869,0.0001,1e-05,50.319,1.9765,0.6413
7291,stage2,5,0.08504452556371689,0.2645523250102997,0.0,0.08504452556371689,0.0001,1e-05,50.32,1.8249,0.6418
7292,stage2,5,0.10014690458774567,0.30457451939582825,0.0,0.10014690458774567,0.0001,1e-05,50.317,2.6145,0.643
7293,stage2,5,0.10659349709749222,0.2717410922050476,0.0,0.10659349709749222,0.0001,1e-05,50.317,2.5002,4.0306
7294,stage2,5,0.08401796221733093,0.26511868834495544,0.0,0.08401796221733093,0.0001,1e-05,50.322,2.1237,0.6346
7295,stage2,5,0.08743966370820999,0.2941562533378601,0.0,0.08743966370820999,0.0001,1e-05,50.32,2.2493,0.6419
7296,stage2,5,0.09588871151208878,0.27343469858169556,0.0,0.09588871151208878,0.0001,1e-05,50.322,3.5203,0.6426
7297,stage2,5,0.07996057718992233,0.2934446930885315,0.0,0.07996057718992233,0.0001,1e-05,50.32,1.9371,0.6435
7298,stage2,5,0.10173310339450836,0.2793789207935333,0.0,0.10173310339450836,0.0001,1e-05,50.319,2.9471,0.7036
7299,stage2,5,0.11122430860996246,0.31115254759788513,0.0,0.11122430860996246,0.0001,1e-05,50.32,3.3794,0.6381
7300,stage2,5,0.08488252013921738,0.3188163638114929,0.0,0.08488252013921738,0.0001,1e-05,50.319,2.2939,0.6433
7301,stage2,5,0.08210136741399765,0.2640589475631714,0.0,0.08210136741399765,0.0001,1e-05,50.319,1.9582,3.8577
7302,stage2,5,0.09887253493070602,0.29086652398109436,0.0,0.09887253493070602,0.0001,1e-05,50.32,2.4507,0.643
7303,stage2,5,0.08791768550872803,0.2745836079120636,0.0,0.08791768550872803,0.0001,1e-05,50.321,3.4309,0.6424
7304,stage2,5,0.07226893305778503,0.3131599426269531,0.0,0.07226893305778503,0.0001,1e-05,50.322,1.8473,0.6986
7305,stage2,5,0.09162510186433792,0.2881834805011749,0.0,0.09162510186433792,0.0001,1e-05,50.319,2.1834,0.641
7306,stage2,5,0.0814543142914772,0.28521931171417236,0.0,0.0814543142914772,0.0001,1e-05,50.321,2.0021,0.6431
7307,stage2,5,0.07868411391973495,0.3031131327152252,0.0,0.07868411391973495,0.0001,1e-05,50.32,2.3869,0.6425
7308,stage2,5,0.0896732285618782,0.2831787168979645,0.0,0.0896732285618782,0.0001,1e-05,50.321,2.0043,0.6441
7309,stage2,5,0.07840476185083389,0.26942116022109985,0.0,0.07840476185083389,0.0001,1e-05,50.322,2.0485,3.9713
7310,stage2,5,0.09451346844434738,0.2789335250854492,0.0,0.09451346844434738,0.0001,1e-05,50.322,2.4226,0.6422
7311,stage2,5,0.08882634341716766,0.2774098515510559,0.0,0.08882634341716766,0.0001,1e-05,50.321,2.0073,0.6462
7312,stage2,5,0.0799664556980133,0.27638235688209534,0.0,0.0799664556980133,0.0001,1e-05,50.32,1.8282,0.6424
7313,stage2,5,0.08225482702255249,0.2725268304347992,0.0,0.08225482702255249,0.0001,1e-05,50.32,2.0447,0.6929
7314,stage2,5,0.08835425227880478,0.29892653226852417,0.0,0.08835425227880478,0.0001,1e-05,50.321,2.2294,0.6472
7315,stage2,5,0.0889352411031723,0.271896630525589,0.0,0.0889352411031723,0.0001,1e-05,50.317,2.241,0.6434
7316,stage2,5,0.08472758531570435,0.29154306650161743,0.0,0.08472758531570435,0.0001,1e-05,50.319,2.1851,0.648
7317,stage2,5,0.08573117852210999,0.31196165084838867,0.0,0.08573117852210999,0.0001,1e-05,50.318,2.3862,4.063
7318,stage2,5,0.0729808658361435,0.2935471534729004,0.0,0.0729808658361435,0.0001,1e-05,50.318,2.1115,0.6409
7319,stage2,5,0.08439736813306808,0.2712620198726654,0.0,0.08439736813306808,0.0001,1e-05,50.316,1.9262,0.6959
7320,stage2,5,0.082059845328331,0.29763346910476685,0.0,0.082059845328331,0.0001,1e-05,50.317,2.5794,0.642
7321,stage2,5,0.07516182959079742,0.29540276527404785,0.0,0.07516182959079742,0.0001,1e-05,50.319,1.9723,0.6497
7322,stage2,5,0.07819715142250061,0.3053954839706421,0.0,0.07819715142250061,0.0001,1e-05,50.319,1.8033,0.6432
7323,stage2,5,0.07560363411903381,0.3079712986946106,0.0,0.07560363411903381,0.0001,1e-05,50.323,2.0995,0.6437
7324,stage2,5,0.08946487307548523,0.28526273369789124,0.0,0.08946487307548523,0.0001,1e-05,50.32,2.4946,0.6967
7325,stage2,5,0.08396483957767487,0.2877486050128937,0.0,0.08396483957767487,0.0001,1e-05,50.321,2.5656,3.9186
7326,stage2,5,0.07616273313760757,0.30771246552467346,0.0,0.07616273313760757,0.0001,1e-05,50.32,1.9578,0.6412
7327,stage2,5,0.07995148748159409,0.31694716215133667,0.0,0.07995148748159409,0.0001,1e-05,50.321,2.0437,0.6415
7328,stage2,5,0.08634430915117264,0.279900461435318,0.0,0.08634430915117264,0.0001,1e-05,50.318,1.7895,0.6979
7329,stage2,5,0.07977203279733658,0.3096983730792999,0.0,0.07977203279733658,0.0001,1e-05,50.32,2.3101,0.6469
7330,stage2,5,0.09259028732776642,0.28937122225761414,0.0,0.09259028732776642,0.0001,1e-05,50.32,2.3922,0.6432
7331,stage2,5,0.0986870750784874,0.2826889753341675,0.0,0.0986870750784874,0.0001,1e-05,50.32,2.3976,0.6426
7332,stage2,5,0.07705357670783997,0.29748982191085815,0.0,0.07705357670783997,0.0001,1e-05,50.319,2.1648,0.645
7333,stage2,5,0.0889681801199913,0.28335538506507874,0.0,0.0889681801199913,0.0001,1e-05,50.319,1.8229,3.9361
7334,stage2,5,0.07328279316425323,0.29274678230285645,0.0,0.07328279316425323,0.0001,1e-05,50.318,1.9053,0.701
7335,stage2,5,0.10217049717903137,0.30647966265678406,0.0,0.10217049717903137,0.0001,1e-05,50.318,2.8745,0.6422
7336,stage2,5,0.0759621113538742,0.27072420716285706,0.0,0.0759621113538742,0.0001,1e-05,50.319,1.9389,0.6482
7337,stage2,5,0.08596488833427429,0.2763882875442505,0.0,0.08596488833427429,0.0001,1e-05,50.32,2.4688,0.6473
7338,stage2,5,0.09904095530509949,0.29312634468078613,0.0,0.09904095530509949,0.0001,1e-05,50.316,2.746,0.6478
7339,stage2,5,0.08465023338794708,0.282757043838501,0.0,0.08465023338794708,0.0001,1e-05,50.317,2.6003,0.6968
7340,stage2,5,0.08422739803791046,0.280223548412323,0.0,0.08422739803791046,0.0001,1e-05,50.318,1.9505,0.6435
7341,stage2,5,0.08572124689817429,0.29645615816116333,0.0,0.08572124689817429,0.0001,1e-05,50.32,2.4471,3.8812
7342,stage2,5,0.07784775644540787,0.3603065609931946,0.0,0.07784775644540787,0.0001,1e-05,50.324,2.1766,0.6464
7343,stage2,5,0.08382166922092438,0.2929844856262207,0.0,0.08382166922092438,0.0001,1e-05,50.319,2.2137,0.6429
7344,stage2,5,0.07400456815958023,0.3138026297092438,0.0,0.07400456815958023,0.0001,1e-05,50.32,2.1159,0.6488
7345,stage2,5,0.07891341298818588,0.27924367785453796,0.0,0.07891341298818588,0.0001,1e-05,50.32,2.8755,0.6419
7346,stage2,5,0.08777827769517899,0.29221510887145996,0.0,0.08777827769517899,0.0001,1e-05,50.32,2.6805,0.6967
7347,stage2,5,0.08812250196933746,0.2923804223537445,0.0,0.08812250196933746,0.0001,1e-05,50.321,3.0606,0.6432
7348,stage2,5,0.08345413953065872,0.28476062417030334,0.0,0.08345413953065872,0.0001,1e-05,50.321,1.8629,0.644
7349,stage2,5,0.08269226551055908,0.2932084798812866,0.0,0.08269226551055908,0.0001,1e-05,50.322,2.8178,3.9147
7350,stage2,5,0.09464679658412933,0.28678378462791443,0.0,0.09464679658412933,0.0001,1e-05,50.322,2.5627,0.6429
7351,stage2,5,0.09173843264579773,0.30100980401039124,0.0,0.09173843264579773,0.0001,1e-05,50.32,2.4622,0.6417
7352,stage2,5,0.09952333569526672,0.2781563997268677,0.0,0.09952333569526672,0.0001,1e-05,50.319,2.4313,0.6974
7353,stage2,5,0.10291743278503418,0.3191024363040924,0.0,0.10291743278503418,0.0001,1e-05,50.322,2.6163,0.6417
7354,stage2,5,0.08274576812982559,0.25719761848449707,0.0,0.08274576812982559,0.0001,1e-05,50.319,1.8825,0.6451
7355,stage2,5,0.07290099561214447,0.2959027886390686,0.0,0.07290099561214447,0.0001,1e-05,50.321,1.9326,0.6448
7356,stage2,5,0.0765577033162117,0.30378150939941406,0.0,0.0765577033162117,0.0001,1e-05,50.321,2.1108,0.6446
7357,stage2,5,0.08052034676074982,0.2789376378059387,0.0,0.08052034676074982,0.0001,1e-05,50.321,1.9085,3.9731
7358,stage2,5,0.08560167998075485,0.2827877402305603,0.0,0.08560167998075485,0.0001,1e-05,50.32,1.9739,0.6414
7359,stage2,5,0.0791836604475975,0.26404133439064026,0.0,0.0791836604475975,0.0001,1e-05,50.32,2.0339,0.6432
7360,stage2,5,0.06627890467643738,0.27897557616233826,0.0,0.06627890467643738,0.0001,1e-05,50.318,1.8318,0.6431
7361,stage2,5,0.08651874214410782,0.3110162615776062,0.0,0.08651874214410782,0.0001,1e-05,50.32,2.5191,0.7008
7362,stage2,5,0.08380012959241867,0.2883964478969574,0.0,0.08380012959241867,0.0001,1e-05,50.317,1.9493,0.6431
7363,stage2,5,0.0798739492893219,0.287830114364624,0.0,0.0798739492893219,0.0001,1e-05,50.32,1.6908,0.6442
7364,stage2,5,0.08452241867780685,0.28283625841140747,0.0,0.08452241867780685,0.0001,1e-05,50.321,2.393,0.6447
7365,stage2,5,0.08103744685649872,0.3021739423274994,0.0,0.08103744685649872,0.0001,1e-05,50.32,2.0435,4.0563
7366,stage2,5,0.07116033881902695,0.2851826548576355,0.0,0.07116033881902695,0.0001,1e-05,50.321,1.8204,0.6619
7367,stage2,5,0.08588265627622604,0.29318109154701233,0.0,0.08588265627622604,0.0001,1e-05,50.321,2.0248,0.6965
7368,stage2,5,0.08510394394397736,0.32446178793907166,0.0,0.08510394394397736,0.0001,1e-05,50.32,2.3461,0.6434
7369,stage2,5,0.08273594081401825,0.29365405440330505,0.0,0.08273594081401825,0.0001,1e-05,50.32,2.3042,0.6453
7370,stage2,5,0.08684145659208298,0.26823827624320984,0.0,0.08684145659208298,0.0001,1e-05,50.319,2.1035,0.6524
7371,stage2,5,0.08686771988868713,0.2924479842185974,0.0,0.08686771988868713,0.0001,1e-05,50.319,2.3666,0.6443
7372,stage2,5,0.07968118041753769,0.2630937099456787,0.0,0.07968118041753769,0.0001,1e-05,50.32,2.0203,0.6976
7373,stage2,5,0.08196354657411575,0.267971009016037,0.0,0.08196354657411575,0.0001,1e-05,50.321,2.0416,3.8984
7374,stage2,5,0.08998680859804153,0.25410348176956177,0.0,0.08998680859804153,0.0001,1e-05,50.32,2.2682,0.6482
7375,stage2,5,0.08077489584684372,0.25382712483406067,0.0,0.08077489584684372,0.0001,1e-05,50.316,2.0046,0.6432
7376,stage2,5,0.08258833736181259,0.2821005582809448,0.0,0.08258833736181259,0.0001,1e-05,50.321,2.1556,0.6442
7377,stage2,5,0.08357338607311249,0.2941106855869293,0.0,0.08357338607311249,0.0001,1e-05,50.321,2.2374,0.7014
7378,stage2,5,0.09014319628477097,0.3093632757663727,0.0,0.09014319628477097,0.0001,1e-05,50.321,2.5633,0.6413
7379,stage2,5,0.07958585023880005,0.282349556684494,0.0,0.07958585023880005,0.0001,1e-05,50.321,2.0023,0.6491
7380,stage2,5,0.08174512535333633,0.2774113416671753,0.0,0.08174512535333633,0.0001,1e-05,50.318,2.0294,0.645
7381,stage2,5,0.08474334329366684,0.2675841152667999,0.0,0.08474334329366684,0.0001,1e-05,50.318,2.3696,3.9614
7382,stage2,5,0.08288632333278656,0.30511289834976196,0.0,0.08288632333278656,0.0001,1e-05,50.32,1.7958,0.6442
7383,stage2,5,0.08208116888999939,0.2899760603904724,0.0,0.08208116888999939,0.0001,1e-05,50.32,1.9488,0.6432
7384,stage2,5,0.07388754934072495,0.2766271233558655,0.0,0.07388754934072495,0.0001,1e-05,50.318,1.9203,0.6963
7385,stage2,5,0.08415328711271286,0.30931341648101807,0.0,0.08415328711271286,0.0001,1e-05,50.319,1.9195,0.6441
7386,stage2,5,0.07003546506166458,0.2816633880138397,0.0,0.07003546506166458,0.0001,1e-05,50.319,1.8885,0.6433
7387,stage2,5,0.08505015075206757,0.273002028465271,0.0,0.08505015075206757,0.0001,1e-05,50.318,2.0128,0.6378
7388,stage2,5,0.08707686513662338,0.29606810212135315,0.0,0.08707686513662338,0.0001,1e-05,50.318,2.1664,0.6696
7389,stage2,5,0.07395724952220917,0.26287826895713806,0.0,0.07395724952220917,0.0001,1e-05,50.319,1.9201,3.8541
7390,stage2,5,0.08229763805866241,0.28336280584335327,0.0,0.08229763805866241,0.0001,1e-05,50.317,1.8879,0.6978
7391,stage2,5,0.08879571408033371,0.2615319788455963,0.0,0.08879571408033371,0.0001,1e-05,50.321,2.055,0.6476
7392,stage2,5,0.10002264380455017,0.2520405352115631,0.0,0.10002264380455017,0.0001,1e-05,50.32,2.6686,0.6441
7393,stage2,5,0.09073269367218018,0.276530921459198,0.0,0.09073269367218018,0.0001,1e-05,50.32,1.95,0.643
7394,stage2,5,0.08322490751743317,0.2801550328731537,0.0,0.08322490751743317,0.0001,1e-05,50.318,1.9377,0.6606
7395,stage2,5,0.07710681855678558,0.2862495183944702,0.0,0.07710681855678558,0.0001,1e-05,50.32,2.3399,0.6436
7396,stage2,5,0.07765047997236252,0.3154892921447754,0.0,0.07765047997236252,0.0001,1e-05,50.32,1.8248,0.6659
7397,stage2,5,0.07877076417207718,0.29042622447013855,0.0,0.07877076417207718,0.0001,1e-05,50.32,2.1104,3.8749
7398,stage2,5,0.06927869468927383,0.29713138937950134,0.0,0.06927869468927383,0.0001,1e-05,50.319,1.7753,0.6507
7399,stage2,5,0.0852147713303566,0.3110067844390869,0.0,0.0852147713303566,0.0001,1e-05,50.32,2.447,0.644
7400,stage2,5,0.08898186683654785,0.2798374891281128,0.0,0.08898186683654785,0.0001,1e-05,50.319,1.9865,0.6466
7401,stage2,5,0.07483252882957458,0.2954721450805664,0.0,0.07483252882957458,0.0001,1e-05,50.319,1.9295,0.6534
7402,stage2,5,0.08379597961902618,0.29954859614372253,0.0,0.08379597961902618,0.0001,1e-05,50.316,2.6399,0.6629
7403,stage2,5,0.08354682475328445,0.2844555675983429,0.0,0.08354682475328445,0.0001,1e-05,50.319,2.066,0.6436
7404,stage2,5,0.07950100302696228,0.28216272592544556,0.0,0.07950100302696228,0.0001,1e-05,50.317,1.8928,0.6514
7405,stage2,5,0.0840018019080162,0.2943868041038513,0.0,0.0840018019080162,0.0001,1e-05,50.32,2.1424,4.0745
7406,stage2,5,0.06745076179504395,0.2994978725910187,0.0,0.06745076179504395,0.0001,1e-05,50.317,1.7628,0.6405
7407,stage2,5,0.06745265424251556,0.30312633514404297,0.0,0.06745265424251556,0.0001,1e-05,50.319,2.0855,0.6656
7408,stage2,5,0.0803951844573021,0.26379793882369995,0.0,0.0803951844573021,0.0001,1e-05,50.32,2.0454,0.7099
7409,stage2,5,0.08933429419994354,0.2941928505897522,0.0,0.08933429419994354,0.0001,1e-05,50.322,2.2747,0.6585
7410,stage2,5,0.08424188196659088,0.26116883754730225,0.0,0.08424188196659088,0.0001,1e-05,50.32,2.2702,0.7137
7411,stage2,5,0.0783686488866806,0.29370036721229553,0.0,0.0783686488866806,0.0001,1e-05,50.318,1.9752,0.6586
7412,stage2,5,0.08757766336202621,0.28874579071998596,0.0,0.08757766336202621,0.0001,1e-05,50.322,2.1802,0.7089
7413,stage2,5,0.07125207036733627,0.284921795129776,0.0,0.07125207036733627,0.0001,1e-05,50.319,2.0048,3.9118
7414,stage2,5,0.08338611572980881,0.2645314335823059,0.0,0.08338611572980881,0.0001,1e-05,50.319,1.8653,0.653
7415,stage2,5,0.09109266102313995,0.27430111169815063,0.0,0.09109266102313995,0.0001,1e-05,50.32,2.5215,0.7079
7416,stage2,5,0.0775827169418335,0.3151577413082123,0.0,0.0775827169418335,0.0001,1e-05,50.321,2.1826,0.6371
7417,stage2,5,0.09250688552856445,0.25320062041282654,0.0,0.09250688552856445,0.0001,1e-05,50.318,2.4032,0.6656
7418,stage2,5,0.08319735527038574,0.2675037384033203,0.0,0.08319735527038574,0.0001,1e-05,50.321,2.0906,0.6614
7419,stage2,5,0.08273913711309433,0.2815380394458771,0.0,0.08273913711309433,0.0001,1e-05,50.319,2.204,0.7087
7420,stage2,5,0.09950222820043564,0.28432366251945496,0.0,0.09950222820043564,0.0001,1e-05,50.321,2.7167,0.6609
7421,stage2,5,0.07571592926979065,0.3097805976867676,0.0,0.07571592926979065,0.0001,1e-05,50.318,2.7104,3.9506
7422,stage2,5,0.09951334446668625,0.28705477714538574,0.0,0.09951334446668625,0.0001,1e-05,50.318,2.3201,0.7087
7423,stage2,5,0.08540977537631989,0.27958762645721436,0.0,0.08540977537631989,0.0001,1e-05,50.316,2.4766,0.6689
7424,stage2,5,0.08955986052751541,0.3083537220954895,0.0,0.08955986052751541,0.0001,1e-05,50.318,2.4311,0.7146
7425,stage2,5,0.09379817545413971,0.27823641896247864,0.0,0.09379817545413971,0.0001,1e-05,50.32,2.138,0.6635
7426,stage2,5,0.07588134706020355,0.28744837641716003,0.0,0.07588134706020355,0.0001,1e-05,50.32,1.8201,0.7057
7427,stage2,5,0.08408841490745544,0.2757708728313446,0.0,0.08408841490745544,0.0001,1e-05,50.321,2.7326,0.6406
7428,stage2,5,0.07710718363523483,0.29907989501953125,0.0,0.07710718363523483,0.0001,1e-05,50.32,1.8797,0.6679
7429,stage2,5,0.09249474108219147,0.2852937877178192,0.0,0.09249474108219147,0.0001,1e-05,50.317,2.7185,3.9765
7430,stage2,5,0.08610229194164276,0.2943638265132904,0.0,0.08610229194164276,0.0001,1e-05,50.317,2.2683,0.6647
7431,stage2,5,0.10220301896333694,0.27627986669540405,0.0,0.10220301896333694,0.0001,1e-05,50.321,2.7769,0.6379
7432,stage2,5,0.07592761516571045,0.27187812328338623,0.0,0.07592761516571045,0.0001,1e-05,50.32,2.1496,0.7328
7433,stage2,5,0.08582964539527893,0.2657853066921234,0.0,0.08582964539527893,0.0001,1e-05,50.321,2.1321,0.6551
7434,stage2,5,0.07798703014850616,0.2893105447292328,0.0,0.07798703014850616,0.0001,1e-05,50.319,1.7645,0.7062
7435,stage2,5,0.0777524933218956,0.29359281063079834,0.0,0.0777524933218956,0.0001,1e-05,50.318,2.7589,0.6671
7436,stage2,5,0.08241765946149826,0.27194836735725403,0.0,0.08241765946149826,0.0001,1e-05,50.32,2.3569,0.6576
7437,stage2,5,0.08716768026351929,0.28469064831733704,0.0,0.08716768026351929,0.0001,1e-05,50.318,1.8059,4.0154
7438,stage2,5,0.07965532690286636,0.2667272388935089,0.0,0.07965532690286636,0.0001,1e-05,50.32,1.9589,0.6585
7439,stage2,5,0.09331381320953369,0.3009103238582611,0.0,0.09331381320953369,0.0001,1e-05,50.318,2.2418,0.7167
7440,stage2,5,0.08213368058204651,0.2597885727882385,0.0,0.08213368058204651,0.0001,1e-05,50.317,2.0883,0.6404
7441,stage2,5,0.0874856561422348,0.284981906414032,0.0,0.0874856561422348,0.0001,1e-05,50.319,2.4568,0.6677
7442,stage2,5,0.09951937198638916,0.2893778085708618,0.0,0.09951937198638916,0.0001,1e-05,50.32,2.4842,0.639
7443,stage2,5,0.08515053242444992,0.29312849044799805,0.0,0.08515053242444992,0.0001,1e-05,50.325,2.0091,0.7295
7444,stage2,5,0.09252594411373138,0.25786495208740234,0.0,0.09252594411373138,0.0001,1e-05,50.318,2.4052,0.6666
7445,stage2,5,0.08629926294088364,0.27358728647232056,0.0,0.08629926294088364,0.0001,1e-05,50.322,2.0879,3.8399
7446,stage2,5,0.08440262824296951,0.2753632366657257,0.0,0.08440262824296951,0.0001,1e-05,50.32,2.1031,0.7285
7447,stage2,5,0.0737253725528717,0.2944367825984955,0.0,0.0737253725528717,0.0001,1e-05,50.319,1.9386,0.6644
7448,stage2,5,0.07635845243930817,0.292678564786911,0.0,0.07635845243930817,0.0001,1e-05,50.321,2.1994,0.7174
7449,stage2,5,0.08271476626396179,0.30703261494636536,0.0,0.08271476626396179,0.0001,1e-05,50.319,1.9551,0.6526
7450,stage2,5,0.07252338528633118,0.31134894490242004,0.0,0.07252338528633118,0.0001,1e-05,50.317,2.3321,0.6613
7451,stage2,5,0.07667226344347,0.27779871225357056,0.0,0.07667226344347,0.0001,1e-05,50.322,2.0195,0.7042
7452,stage2,5,0.08680474758148193,0.2970149517059326,0.0,0.08680474758148193,0.0001,1e-05,50.32,2.1619,0.6645
7453,stage2,5,0.09003876894712448,0.2852219343185425,0.0,0.09003876894712448,0.0001,1e-05,50.322,2.014,3.9381
7454,stage2,5,0.08908617496490479,0.29859891533851624,0.0,0.08908617496490479,0.0001,1e-05,50.32,2.5171,0.6414
7455,stage2,5,0.08260732144117355,0.2869015634059906,0.0,0.08260732144117355,0.0001,1e-05,50.322,2.1388,0.6655
7456,stage2,5,0.08525476604700089,0.2645614445209503,0.0,0.08525476604700089,0.0001,1e-05,50.319,2.2422,0.6608
7457,stage2,5,0.08388922363519669,0.2878948450088501,0.0,0.08388922363519669,0.0001,1e-05,50.318,2.5376,0.7172
7458,stage2,5,0.08787000179290771,0.2725174129009247,0.0,0.08787000179290771,0.0001,1e-05,50.32,2.2109,0.6628
7459,stage2,5,0.08765096217393875,0.28663870692253113,0.0,0.08765096217393875,0.0001,1e-05,50.321,2.0169,0.72
7460,stage2,5,0.08711466938257217,0.29849958419799805,0.0,0.08711466938257217,0.0001,1e-05,50.318,2.0801,0.6518
7461,stage2,5,0.07674016803503036,0.26512420177459717,0.0,0.07674016803503036,0.0001,1e-05,50.321,1.9477,3.9396
7462,stage2,5,0.1087421104311943,0.30300137400627136,0.0,0.1087421104311943,0.0001,1e-05,50.319,2.4358,0.703
7463,stage2,5,0.09453853219747543,0.3023757040500641,0.0,0.09453853219747543,0.0001,1e-05,50.317,2.3727,0.6588
7464,stage2,5,0.09392652660608292,0.30491170287132263,0.0,0.09392652660608292,0.0001,1e-05,50.319,2.6936,0.7257
7465,stage2,5,0.07217878103256226,0.2859450578689575,0.0,0.07217878103256226,0.0001,1e-05,50.32,2.0883,0.6697
7466,stage2,5,0.08229199796915054,0.2849219739437103,0.0,0.08229199796915054,0.0001,1e-05,50.319,2.3974,0.7195
7467,stage2,5,0.07832437008619308,0.2932807505130768,0.0,0.07832437008619308,0.0001,1e-05,50.32,1.9969,0.6675
7468,stage2,5,0.0848488062620163,0.2887343466281891,0.0,0.0848488062620163,0.0001,1e-05,50.319,2.2952,0.7258
7469,stage2,5,0.08545209467411041,0.3035239577293396,0.0,0.08545209467411041,0.0001,1e-05,50.319,2.1334,4.0084
7470,stage2,5,0.08218730241060257,0.2775835394859314,0.0,0.08218730241060257,0.0001,1e-05,50.321,2.0297,0.7184
7471,stage2,5,0.07664655894041061,0.28261688351631165,0.0,0.07664655894041061,0.0001,1e-05,50.32,2.088,0.6523
7472,stage2,5,0.08363010734319687,0.2753676772117615,0.0,0.08363010734319687,0.0001,1e-05,50.321,2.1517,0.6531
7473,stage2,5,0.0778978168964386,0.3156477212905884,0.0,0.0778978168964386,0.0001,1e-05,50.32,2.0473,0.7085
7474,stage2,5,0.08139871060848236,0.2764345705509186,0.0,0.08139871060848236,0.0001,1e-05,50.319,2.205,0.64
7475,stage2,5,0.08583743125200272,0.2645367681980133,0.0,0.08583743125200272,0.0001,1e-05,50.321,1.9562,0.667
7476,stage2,5,0.0785866528749466,0.28885769844055176,0.0,0.0785866528749466,0.0001,1e-05,50.32,2.0494,0.6622
7477,stage2,5,0.08732341974973679,0.28298336267471313,0.0,0.08732341974973679,0.0001,1e-05,50.318,1.9749,4.0412
7478,stage2,5,0.07579704374074936,0.2943395972251892,0.0,0.07579704374074936,0.0001,1e-05,50.32,1.749,0.6976
7479,stage2,5,0.09271351248025894,0.280826598405838,0.0,0.09271351248025894,0.0001,1e-05,50.318,2.4798,0.6595
7480,stage2,5,0.07622954994440079,0.2752898931503296,0.0,0.07622954994440079,0.0001,1e-05,50.317,1.8607,0.7181
7481,stage2,5,0.09677155315876007,0.26200276613235474,0.0,0.09677155315876007,0.0001,1e-05,50.322,1.9265,0.6613
7482,stage2,5,0.09848426282405853,0.30279937386512756,0.0,0.09848426282405853,0.0001,1e-05,50.321,2.4382,0.7123
7483,stage2,5,0.08602891862392426,0.3148406445980072,0.0,0.08602891862392426,0.0001,1e-05,50.319,2.0306,0.672
7484,stage2,5,0.09438203275203705,0.3040776550769806,0.0,0.09438203275203705,0.0001,1e-05,50.321,2.5229,0.6473
7485,stage2,5,0.08001064509153366,0.28224945068359375,0.0,0.08001064509153366,0.0001,1e-05,50.319,2.0278,4.0038
7486,stage2,5,0.08165545761585236,0.2749605178833008,0.0,0.08165545761585236,0.0001,1e-05,50.318,1.8858,0.6412
7487,stage2,5,0.08379095792770386,0.3002890944480896,0.0,0.08379095792770386,0.0001,1e-05,50.317,1.922,0.6657
7488,stage2,5,0.0787821039557457,0.2877286970615387,0.0,0.0787821039557457,0.0001,1e-05,50.321,2.0154,0.7123
7489,stage2,5,0.08498809486627579,0.27110299468040466,0.0,0.08498809486627579,0.0001,1e-05,50.318,2.0613,0.6672
7490,stage2,5,0.08284763246774673,0.2993452847003937,0.0,0.08284763246774673,0.0001,1e-05,50.321,2.2665,0.7155
7491,stage2,5,0.08302859961986542,0.25758782029151917,0.0,0.08302859961986542,0.0001,1e-05,50.324,2.3694,0.6647
7492,stage2,5,0.09075138717889786,0.25332704186439514,0.0,0.09075138717889786,0.0001,1e-05,50.319,1.8753,0.7158
7493,stage2,5,0.08489558845758438,0.33337292075157166,0.0,0.08489558845758438,0.0001,1e-05,50.318,2.5474,3.9117
7494,stage2,5,0.07422088086605072,0.27699387073516846,0.0,0.07422088086605072,0.0001,1e-05,50.321,1.9582,0.6631
7495,stage2,5,0.09282287210226059,0.30673718452453613,0.0,0.09282287210226059,0.0001,1e-05,50.322,2.0034,0.7065
7496,stage2,5,0.07587441056966782,0.2903352379798889,0.0,0.07587441056966782,0.0001,1e-05,50.32,2.2005,0.653
7497,stage2,5,0.09517861902713776,0.2638377845287323,0.0,0.09517861902713776,0.0001,1e-05,50.321,2.3145,0.6528
7498,stage2,5,0.10334490239620209,0.2900017499923706,0.0,0.10334490239620209,0.0001,1e-05,50.317,2.8877,0.6636
7499,stage2,5,0.0892987921833992,0.26204395294189453,0.0,0.0892987921833992,0.0001,1e-05,50.321,2.2638,0.709
7500,stage2,5,0.08632785081863403,0.2601621747016907,0.0,0.08632785081863403,0.0001,1e-05,50.318,2.4415,0.6622
7501,stage2,5,0.07614126801490784,0.29640933871269226,0.0,0.07614126801490784,0.0001,1e-05,50.323,1.9736,4.0828
7502,stage2,5,0.08721604198217392,0.2911651134490967,0.0,0.08721604198217392,0.0001,1e-05,50.319,2.5716,0.6544
7503,stage2,5,0.07727508991956711,0.28905239701271057,0.0,0.07727508991956711,0.0001,1e-05,50.323,2.1768,0.7145
7504,stage2,5,0.08762555569410324,0.2742406129837036,0.0,0.08762555569410324,0.0001,1e-05,50.32,2.8673,0.6668
7505,stage2,5,0.10080435872077942,0.2609732449054718,0.0,0.10080435872077942,0.0001,1e-05,50.319,2.7308,0.6579
7506,stage2,5,0.0770544707775116,0.27997949719429016,0.0,0.0770544707775116,0.0001,1e-05,50.318,1.9831,0.707
7507,stage2,5,0.0826185867190361,0.29636433720588684,0.0,0.0826185867190361,0.0001,1e-05,50.319,2.428,0.6581
7508,stage2,5,0.07495537400245667,0.3089078664779663,0.0,0.07495537400245667,0.0001,1e-05,50.319,2.357,0.7238
7509,stage2,5,0.08527147769927979,0.2574591636657715,0.0,0.08527147769927979,0.0001,1e-05,50.318,2.217,3.8812
7510,stage2,5,0.09154088795185089,0.28431105613708496,0.0,0.09154088795185089,0.0001,1e-05,50.319,2.676,0.8271
7511,stage2,5,0.08975563943386078,0.27922314405441284,0.0,0.08975563943386078,0.0001,1e-05,50.319,2.9225,0.6441
7512,stage2,5,0.07512421905994415,0.30476149916648865,0.0,0.07512421905994415,0.0001,1e-05,50.32,2.131,0.6459
7513,stage2,5,0.07747862488031387,0.2695903480052948,0.0,0.07747862488031387,0.0001,1e-05,50.32,2.567,0.6465
7514,stage2,5,0.097470723092556,0.2932766079902649,0.0,0.097470723092556,0.0001,1e-05,50.322,2.6475,0.6506
7515,stage2,5,0.09227776527404785,0.2951021194458008,0.0,0.09227776527404785,0.0001,1e-05,50.321,2.6459,0.6978
7516,stage2,5,0.11488690972328186,0.3143726587295532,0.0,0.11488690972328186,0.0001,1e-05,50.32,2.1945,0.646
7517,stage2,5,0.09137885272502899,0.3105904757976532,0.0,0.09137885272502899,0.0001,1e-05,50.321,2.1528,3.6689
7518,stage2,5,0.10109030455350876,0.27720052003860474,0.0,0.10109030455350876,0.0001,1e-05,50.316,3.2516,0.8119
7519,stage2,5,0.08784274756908417,0.28085899353027344,0.0,0.08784274756908417,0.0001,1e-05,50.319,2.8592,0.7004
7520,stage2,5,0.07541228830814362,0.28511855006217957,0.0,0.07541228830814362,0.0001,1e-05,50.321,1.8026,0.6443
7521,stage2,5,0.09356570988893509,0.29124730825424194,0.0,0.09356570988893509,0.0001,1e-05,50.322,2.9808,0.6452
7522,stage2,5,0.089866504073143,0.3006040155887604,0.0,0.089866504073143,0.0001,1e-05,50.318,2.7505,0.6472
7523,stage2,5,0.07472146302461624,0.2864336669445038,0.0,0.07472146302461624,0.0001,1e-05,50.319,1.8153,0.6475
7524,stage2,5,0.08103935420513153,0.29832926392555237,0.0,0.08103935420513153,0.0001,1e-05,50.322,2.0233,0.7001
7525,stage2,5,0.09809493273496628,0.30135202407836914,0.0,0.09809493273496628,0.0001,1e-05,50.322,2.5397,3.7459
7526,stage2,5,0.08492889255285263,0.2752474546432495,0.0,0.08492889255285263,0.0001,1e-05,50.321,1.9013,0.8247
7527,stage2,5,0.07059384882450104,0.29882875084877014,0.0,0.07059384882450104,0.0001,1e-05,50.319,1.7814,0.6496
7528,stage2,5,0.08390439301729202,0.30225685238838196,0.0,0.08390439301729202,0.0001,1e-05,50.319,1.8203,0.6437
7529,stage2,5,0.08440271019935608,0.2888132929801941,0.0,0.08440271019935608,0.0001,1e-05,50.317,2.0176,0.6617
7530,stage2,5,0.07196304202079773,0.3023185133934021,0.0,0.07196304202079773,0.0001,1e-05,50.319,2.0412,0.7053
7531,stage2,5,0.08298227936029434,0.2759499251842499,0.0,0.08298227936029434,0.0001,1e-05,50.322,2.1608,0.645
7532,stage2,5,0.08694294840097427,0.27701908349990845,0.0,0.08694294840097427,0.0001,1e-05,50.315,2.1529,0.6477
7533,stage2,5,0.0894622802734375,0.2914620041847229,0.0,0.0894622802734375,0.0001,1e-05,50.318,2.6992,3.7871
7534,stage2,5,0.09994365274906158,0.3003850281238556,0.0,0.09994365274906158,0.0001,1e-05,50.319,2.6323,0.7693
7535,stage2,5,0.07968094944953918,0.27736490964889526,0.0,0.07968094944953918,0.0001,1e-05,50.319,2.1511,0.6935
7536,stage2,5,0.09205421805381775,0.30695104598999023,0.0,0.09205421805381775,0.0001,1e-05,50.315,1.8868,0.6584
7537,stage2,5,0.09336742758750916,0.2723960280418396,0.0,0.09336742758750916,0.0001,1e-05,50.321,2.6013,0.6477
7538,stage2,5,0.09399833530187607,0.30201414227485657,0.0,0.09399833530187607,0.0001,1e-05,50.319,2.4317,0.6665
7539,stage2,5,0.07802575826644897,0.31708747148513794,0.0,0.07802575826644897,0.0001,1e-05,50.319,2.2326,0.7004
7540,stage2,5,0.08200067281723022,0.26064714789390564,0.0,0.08200067281723022,0.0001,1e-05,50.318,1.8802,0.6466
7541,stage2,5,0.08300399035215378,0.26610317826271057,0.0,0.08300399035215378,0.0001,1e-05,50.32,2.1883,3.8622
7542,stage2,5,0.08860290050506592,0.28306078910827637,0.0,0.08860290050506592,0.0001,1e-05,50.318,2.4229,0.7259
7543,stage2,5,0.08265119045972824,0.29652518033981323,0.0,0.08265119045972824,0.0001,1e-05,50.319,2.5264,0.7098
7544,stage2,5,0.09365097433328629,0.2920632064342499,0.0,0.09365097433328629,0.0001,1e-05,50.32,2.156,0.6316
7545,stage2,5,0.07964396476745605,0.29096439480781555,0.0,0.07964396476745605,0.0001,1e-05,50.321,1.9103,0.6661
7546,stage2,5,0.07231543213129044,0.27761900424957275,0.0,0.07231543213129044,0.0001,1e-05,50.319,1.8724,0.6384
7547,stage2,5,0.09362717717885971,0.28179875016212463,0.0,0.09362717717885971,0.0001,1e-05,50.317,2.2017,0.7338
7548,stage2,5,0.08026208728551865,0.2957811951637268,0.0,0.08026208728551865,0.0001,1e-05,50.32,1.96,0.6376
7549,stage2,5,0.08846838772296906,0.2859990894794464,0.0,0.08846838772296906,0.0001,1e-05,50.32,2.2485,3.7412
7550,stage2,5,0.08143291622400284,0.2813807725906372,0.0,0.08143291622400284,0.0001,1e-05,50.318,1.9967,0.6939
7551,stage2,5,0.08441311120986938,0.2851231098175049,0.0,0.08441311120986938,0.0001,1e-05,50.317,2.2117,0.6439
7552,stage2,5,0.0805744007229805,0.2990563213825226,0.0,0.0805744007229805,0.0001,1e-05,50.321,2.0483,0.7
7553,stage2,5,0.10125204920768738,0.2939349114894867,0.0,0.10125204920768738,0.0001,1e-05,50.319,2.6542,0.6424
7554,stage2,5,0.10272105038166046,0.2904502749443054,0.0,0.10272105038166046,0.0001,1e-05,50.321,2.8,0.6707
7555,stage2,5,0.08733762055635452,0.3061017692089081,0.0,0.08733762055635452,0.0001,1e-05,50.32,1.9817,0.6529
7556,stage2,5,0.0861196517944336,0.2875450551509857,0.0,0.0861196517944336,0.0001,1e-05,50.318,2.4655,0.7132
7557,stage2,5,0.08201948553323746,0.3030133545398712,0.0,0.08201948553323746,0.0001,1e-05,50.318,2.665,3.7873
7558,stage2,5,0.088198721408844,0.27731677889823914,0.0,0.088198721408844,0.0001,1e-05,50.318,2.6571,0.7325
7559,stage2,5,0.09388802200555801,0.2651483416557312,0.0,0.09388802200555801,0.0001,1e-05,50.317,2.402,0.6491
7560,stage2,5,0.09353146702051163,0.2825116813182831,0.0,0.09353146702051163,0.0001,1e-05,50.317,2.3616,0.6441
7561,stage2,5,0.088444285094738,0.2796209454536438,0.0,0.088444285094738,0.0001,1e-05,50.318,2.8925,0.701
7562,stage2,5,0.07487311214208603,0.2916010916233063,0.0,0.07487311214208603,0.0001,1e-05,50.318,2.1198,0.644
7563,stage2,5,0.08677167445421219,0.293302446603775,0.0,0.08677167445421219,0.0001,1e-05,50.322,2.6485,0.6453
7564,stage2,5,0.08096695691347122,0.2871139645576477,0.0,0.08096695691347122,0.0001,1e-05,50.32,2.2499,0.6482
7565,stage2,5,0.08201095461845398,0.2962493896484375,0.0,0.08201095461845398,0.0001,1e-05,50.318,2.118,3.9578
7566,stage2,5,0.08838803321123123,0.2811378538608551,0.0,0.08838803321123123,0.0001,1e-05,50.319,2.6717,0.7355
7567,stage2,5,0.07451397180557251,0.2870078384876251,0.0,0.07451397180557251,0.0001,1e-05,50.319,2.2284,0.6453
7568,stage2,5,0.0846114233136177,0.27848508954048157,0.0,0.0846114233136177,0.0001,1e-05,50.321,2.0599,0.6452
7569,stage2,5,0.08151031285524368,0.2804296016693115,0.0,0.08151031285524368,0.0001,1e-05,50.319,2.1735,0.6489
7570,stage2,5,0.0977223813533783,0.3071601390838623,0.0,0.0977223813533783,0.0001,1e-05,50.319,2.8084,0.7044
7571,stage2,5,0.08969088643789291,0.28872546553611755,0.0,0.08969088643789291,0.0001,1e-05,50.319,2.3896,0.6425
7572,stage2,5,0.07872340083122253,0.2941792905330658,0.0,0.07872340083122253,0.0001,1e-05,50.321,2.0954,0.6478
7573,stage2,5,0.09213495999574661,0.2764098346233368,0.0,0.09213495999574661,0.0001,1e-05,50.321,2.1237,3.8172
7574,stage2,5,0.06836854666471481,0.3123239576816559,0.0,0.06836854666471481,0.0001,1e-05,50.319,1.8785,0.8314
7575,stage2,5,0.08813189715147018,0.2498665302991867,0.0,0.08813189715147018,0.0001,1e-05,50.32,1.8996,0.6456
7576,stage2,5,0.08821722120046616,0.29425421357154846,0.0,0.08821722120046616,0.0001,1e-05,50.319,2.1159,0.7062
7577,stage2,5,0.08649714291095734,0.31355905532836914,0.0,0.08649714291095734,0.0001,1e-05,50.317,2.1017,0.6435
7578,stage2,5,0.08491414040327072,0.2850646674633026,0.0,0.08491414040327072,0.0001,1e-05,50.318,2.1735,0.6469
7579,stage2,5,0.09233426302671432,0.272940069437027,0.0,0.09233426302671432,0.0001,1e-05,50.318,2.5178,0.6467
7580,stage2,5,0.08546037971973419,0.28741082549095154,0.0,0.08546037971973419,0.0001,1e-05,50.316,2.4503,0.6472
7581,stage2,5,0.08011634647846222,0.2833157181739807,0.0,0.08011634647846222,0.0001,1e-05,50.32,1.9017,3.7789
7582,stage2,5,0.09422777593135834,0.27893784642219543,0.0,0.09422777593135834,0.0001,1e-05,50.321,2.4963,0.7681
7583,stage2,5,0.08176883310079575,0.28566592931747437,0.0,0.08176883310079575,0.0001,1e-05,50.318,1.8423,0.6456
7584,stage2,5,0.07480227202177048,0.3095475733280182,0.0,0.07480227202177048,0.0001,1e-05,50.318,1.9689,0.6457
7585,stage2,5,0.07994218915700912,0.252005010843277,0.0,0.07994218915700912,0.0001,1e-05,50.316,1.8523,0.7003
7586,stage2,5,0.07672067731618881,0.2812390625476837,0.0,0.07672067731618881,0.0001,1e-05,50.317,1.7451,0.6505
7587,stage2,5,0.10205382108688354,0.28289860486984253,0.0,0.10205382108688354,0.0001,1e-05,50.318,2.3444,0.6467
7588,stage2,5,0.09326756745576859,0.2672356069087982,0.0,0.09326756745576859,0.0001,1e-05,50.319,2.4214,0.6468
7589,stage2,5,0.08645781129598618,0.2609224319458008,0.0,0.08645781129598618,0.0001,1e-05,50.318,2.204,3.8926
7590,stage2,5,0.0781170204281807,0.29023781418800354,0.0,0.0781170204281807,0.0001,1e-05,50.318,2.047,0.6614
7591,stage2,5,0.0839933380484581,0.3214016258716583,0.0,0.0839933380484581,0.0001,1e-05,50.316,2.1109,0.6491
7592,stage2,5,0.08015487343072891,0.26113584637641907,0.0,0.08015487343072891,0.0001,1e-05,50.32,1.8957,0.6447
7593,stage2,5,0.07388446480035782,0.27874621748924255,0.0,0.07388446480035782,0.0001,1e-05,50.322,2.3018,0.7069
7594,stage2,5,0.08558912575244904,0.3025055229663849,0.0,0.08558912575244904,0.0001,1e-05,50.317,1.637,0.6374
7595,stage2,5,0.07109257578849792,0.29243436455726624,0.0,0.07109257578849792,0.0001,1e-05,50.318,2.1965,0.6453
7596,stage2,5,0.08488903194665909,0.26427385210990906,0.0,0.08488903194665909,0.0001,1e-05,50.319,1.974,0.6492
7597,stage2,5,0.07934197783470154,0.28755638003349304,0.0,0.07934197783470154,0.0001,1e-05,50.319,1.8207,3.883
7598,stage2,5,0.07552126795053482,0.2826354205608368,0.0,0.07552126795053482,0.0001,1e-05,50.321,1.9102,0.7308
7599,stage2,5,0.08358334004878998,0.2810615301132202,0.0,0.08358334004878998,0.0001,1e-05,50.321,2.2708,0.6376
7600,stage2,5,0.09011442214250565,0.28610584139823914,0.0,0.09011442214250565,0.0001,1e-05,50.321,2.2392,0.6439
7601,stage2,5,0.07889745384454727,0.2920531630516052,0.0,0.07889745384454727,0.0001,1e-05,50.32,2.232,0.6444
7602,stage2,5,0.06958909332752228,0.2932277023792267,0.0,0.06958909332752228,0.0001,1e-05,50.317,1.7445,0.6451
7603,stage2,5,0.08511510491371155,0.29344186186790466,0.0,0.08511510491371155,0.0001,1e-05,50.319,3.1803,0.7056
7604,stage2,5,0.08575510233640671,0.25612592697143555,0.0,0.08575510233640671,0.0001,1e-05,50.321,2.1464,0.645
7605,stage2,5,0.07482984662055969,0.2921580672264099,0.0,0.07482984662055969,0.0001,1e-05,50.317,2.1825,3.835
7606,stage2,5,0.0788574069738388,0.2903686761856079,0.0,0.0788574069738388,0.0001,1e-05,50.321,1.8827,0.6867
7607,stage2,5,0.07639443129301071,0.2793668508529663,0.0,0.07639443129301071,0.0001,1e-05,50.316,2.403,0.6457
7608,stage2,5,0.09873601794242859,0.2749181389808655,0.0,0.09873601794242859,0.0001,1e-05,50.319,2.694,0.6472
7609,stage2,5,0.0769851878285408,0.27418428659439087,0.0,0.0769851878285408,0.0001,1e-05,50.319,1.9231,0.7167
7610,stage2,5,0.08009280264377594,0.2811281979084015,0.0,0.08009280264377594,0.0001,1e-05,50.322,2.3186,0.6413
7611,stage2,5,0.09149255603551865,0.2852148413658142,0.0,0.09149255603551865,0.0001,1e-05,50.32,2.3168,0.6475
7612,stage2,5,0.07629229873418808,0.31007444858551025,0.0,0.07629229873418808,0.0001,1e-05,50.319,2.203,0.647
7613,stage2,5,0.09044826030731201,0.26685231924057007,0.0,0.09044826030731201,0.0001,1e-05,50.318,2.2992,3.8623
7614,stage2,5,0.08170945197343826,0.2725422978401184,0.0,0.08170945197343826,0.0001,1e-05,50.318,2.3152,0.7018
7615,stage2,5,0.08773284405469894,0.2693312168121338,0.0,0.08773284405469894,0.0001,1e-05,50.32,2.4284,0.638
7616,stage2,5,0.07786770164966583,0.2471436709165573,0.0,0.07786770164966583,0.0001,1e-05,50.323,1.8862,0.6671
7617,stage2,5,0.10297416895627975,0.2871861159801483,0.0,0.10297416895627975,0.0001,1e-05,50.322,2.9161,0.6473
7618,stage2,5,0.08902997523546219,0.28291282057762146,0.0,0.08902997523546219,0.0001,1e-05,50.32,1.9242,0.7167
7619,stage2,5,0.08636278659105301,0.3059099018573761,0.0,0.08636278659105301,0.0001,1e-05,50.317,2.0355,0.6432
7620,stage2,5,0.08367565274238586,0.2927677035331726,0.0,0.08367565274238586,0.0001,1e-05,50.319,2.2797,0.6473
7621,stage2,5,0.08438215404748917,0.27726536989212036,0.0,0.08438215404748917,0.0001,1e-05,50.316,2.4311,3.8839
7622,stage2,5,0.08954573422670364,0.285731703042984,0.0,0.08954573422670364,0.0001,1e-05,50.315,2.7063,0.6451
7623,stage2,5,0.09716086834669113,0.26508229970932007,0.0,0.09716086834669113,0.0001,1e-05,50.318,3.2784,0.6969
7624,stage2,5,0.07832369953393936,0.30505993962287903,0.0,0.07832369953393936,0.0001,1e-05,50.317,2.0436,0.6423
7625,stage2,5,0.09359029680490494,0.26729729771614075,0.0,0.09359029680490494,0.0001,1e-05,50.318,2.6179,0.662
7626,stage2,5,0.07791101187467575,0.3083183765411377,0.0,0.07791101187467575,0.0001,1e-05,50.318,2.5561,0.6449
7627,stage2,5,0.09713234752416611,0.3021988570690155,0.0,0.09713234752416611,0.0001,1e-05,50.319,2.1426,0.6679
7628,stage2,5,0.08095423877239227,0.3052971363067627,0.0,0.08095423877239227,0.0001,1e-05,50.318,2.1798,0.701
7629,stage2,5,0.0821351408958435,0.2653156518936157,0.0,0.0821351408958435,0.0001,1e-05,50.318,1.9253,3.8648
7630,stage2,5,0.09109127521514893,0.28613367676734924,0.0,0.09109127521514893,0.0001,1e-05,50.32,2.0032,0.6453
7631,stage2,5,0.08341000229120255,0.30844876170158386,0.0,0.08341000229120255,0.0001,1e-05,50.319,2.4754,0.6468
7632,stage2,5,0.09745099395513535,0.2942832112312317,0.0,0.09745099395513535,0.0001,1e-05,50.318,2.8331,0.7016
7633,stage2,5,0.08388363569974899,0.2573353052139282,0.0,0.08388363569974899,0.0001,1e-05,50.319,2.1249,0.6445
7634,stage2,5,0.09067198634147644,0.28781214356422424,0.0,0.09067198634147644,0.0001,1e-05,50.319,2.1372,0.6505
7635,stage2,5,0.08098701387643814,0.3108694851398468,0.0,0.08098701387643814,0.0001,1e-05,50.318,1.8633,0.6463
7636,stage2,5,0.08203330636024475,0.28564897179603577,0.0,0.08203330636024475,0.0001,1e-05,50.317,1.9746,0.6459
7637,stage2,5,0.09148567914962769,0.2755188047885895,0.0,0.09148567914962769,0.0001,1e-05,50.32,2.4866,3.9447
7638,stage2,5,0.08496194332838058,0.28731852769851685,0.0,0.08496194332838058,0.0001,1e-05,50.319,2.1009,0.6445
7639,stage2,5,0.08485741168260574,0.29316458106040955,0.0,0.08485741168260574,0.0001,1e-05,50.318,2.1925,0.645
7640,stage2,5,0.07452544569969177,0.2699877619743347,0.0,0.07452544569969177,0.0001,1e-05,50.318,2.0113,0.6506
7641,stage2,5,0.08566532284021378,0.27225106954574585,0.0,0.08566532284021378,0.0001,1e-05,50.318,2.5745,0.7076
7642,stage2,5,0.0800110325217247,0.25980672240257263,0.0,0.0800110325217247,0.0001,1e-05,50.317,2.0233,0.6397
7643,stage2,5,0.08515884727239609,0.2880339026451111,0.0,0.08515884727239609,0.0001,1e-05,50.319,2.26,0.6469
7644,stage2,5,0.08208539336919785,0.2641465365886688,0.0,0.08208539336919785,0.0001,1e-05,50.317,2.007,0.6466
7645,stage2,5,0.08413378894329071,0.3021114766597748,0.0,0.08413378894329071,0.0001,1e-05,50.318,2.4885,4.1351
7646,stage2,5,0.07709943503141403,0.25598835945129395,0.0,0.07709943503141403,0.0001,1e-05,50.32,2.0408,0.6457
7647,stage2,5,0.07718201726675034,0.2789194881916046,0.0,0.07718201726675034,0.0001,1e-05,50.32,2.1849,0.6969
7648,stage2,5,0.09296180307865143,0.27404364943504333,0.0,0.09296180307865143,0.0001,1e-05,50.318,2.2987,0.6447
7649,stage2,5,0.08530908077955246,0.3029942810535431,0.0,0.08530908077955246,0.0001,1e-05,50.318,2.2662,0.6458
7650,stage2,5,0.0857444629073143,0.30877017974853516,0.0,0.0857444629073143,0.0001,1e-05,50.319,2.003,0.6464
7651,stage2,5,0.09606068581342697,0.30173027515411377,0.0,0.09606068581342697,0.0001,1e-05,50.321,2.1543,0.6457
7652,stage2,5,0.10070395469665527,0.2863996922969818,0.0,0.10070395469665527,0.0001,1e-05,50.32,3.1154,0.7011
7653,stage2,5,0.08740167319774628,0.30259793996810913,0.0,0.08740167319774628,0.0001,1e-05,50.318,2.7442,3.9879
7654,stage2,5,0.06822603940963745,0.2982185482978821,0.0,0.06822603940963745,0.0001,1e-05,50.319,1.8543,0.6458
7655,stage2,5,0.08379490673542023,0.29028022289276123,0.0,0.08379490673542023,0.0001,1e-05,50.319,1.7991,0.6454
7656,stage2,5,0.0879584550857544,0.31591302156448364,0.0,0.0879584550857544,0.0001,1e-05,50.32,2.1956,0.7029
7657,stage2,5,0.09240453690290451,0.2791910171508789,0.0,0.09240453690290451,0.0001,1e-05,50.32,2.1887,0.6423
7658,stage2,5,0.09192167222499847,0.28182452917099,0.0,0.09192167222499847,0.0001,1e-05,50.32,2.4365,0.6464
7659,stage2,5,0.08361220359802246,0.25481078028678894,0.0,0.08361220359802246,0.0001,1e-05,50.32,2.3159,0.6457
7660,stage2,5,0.09915534406900406,0.30600056052207947,0.0,0.09915534406900406,0.0001,1e-05,50.318,2.6557,0.6462
7661,stage2,5,0.0835401639342308,0.2929075360298157,0.0,0.0835401639342308,0.0001,1e-05,50.322,2.2168,4.0823
7662,stage2,5,0.09219779074192047,0.2642672657966614,0.0,0.09219779074192047,0.0001,1e-05,50.314,1.9345,0.6441
7663,stage2,5,0.09303513914346695,0.28498220443725586,0.0,0.09303513914346695,0.0001,1e-05,50.317,2.2999,0.6449
7664,stage2,5,0.09247788041830063,0.29618722200393677,0.0,0.09247788041830063,0.0001,1e-05,50.317,2.1471,0.6458
7665,stage2,5,0.09436400234699249,0.31029999256134033,0.0,0.09436400234699249,0.0001,1e-05,50.319,2.4965,0.6505
7666,stage2,5,0.08302941173315048,0.2946458160877228,0.0,0.08302941173315048,0.0001,1e-05,50.319,2.3661,0.7
7667,stage2,5,0.07529912889003754,0.30648913979530334,0.0,0.07529912889003754,0.0001,1e-05,50.319,2.172,0.6456
7668,stage2,5,0.08722666651010513,0.28424766659736633,0.0,0.08722666651010513,0.0001,1e-05,50.319,2.0963,0.6462
7669,stage2,5,0.07895408570766449,0.27759188413619995,0.0,0.07895408570766449,0.0001,1e-05,50.317,1.989,3.8679
7670,stage2,5,0.08510476350784302,0.3159678876399994,0.0,0.08510476350784302,0.0001,1e-05,50.319,2.3968,0.6451
7671,stage2,5,0.08178587257862091,0.29090529680252075,0.0,0.08178587257862091,0.0001,1e-05,50.319,2.0709,0.6472
7672,stage2,5,0.07850122451782227,0.2917758822441101,0.0,0.07850122451782227,0.0001,1e-05,50.318,1.9897,0.7185
7673,stage2,5,0.08591049909591675,0.3154739737510681,0.0,0.08591049909591675,0.0001,1e-05,50.319,2.2682,0.6409
7674,stage2,5,0.09730885922908783,0.27388709783554077,0.0,0.09730885922908783,0.0001,1e-05,50.318,1.911,0.647
7675,stage2,5,0.06949060410261154,0.2850588858127594,0.0,0.06949060410261154,0.0001,1e-05,50.319,2.3335,0.6469
7676,stage2,5,0.08047599345445633,0.3129619061946869,0.0,0.08047599345445633,0.0001,1e-05,50.317,2.027,0.6508
7677,stage2,5,0.07917843759059906,0.2771240174770355,0.0,0.07917843759059906,0.0001,1e-05,50.318,2.016,3.9232
7678,stage2,5,0.07423723489046097,0.28409719467163086,0.0,0.07423723489046097,0.0001,1e-05,50.32,1.7186,0.6424
7679,stage2,5,0.07461477816104889,0.2922920286655426,0.0,0.07461477816104889,0.0001,1e-05,50.317,1.9014,0.6446
7680,stage2,5,0.09479085355997086,0.2596709728240967,0.0,0.09479085355997086,0.0001,1e-05,50.316,2.1356,0.6517
7681,stage2,5,0.07817789167165756,0.29728978872299194,0.0,0.07817789167165756,0.0001,1e-05,50.318,1.8107,0.653
7682,stage2,5,0.07782533019781113,0.2849961519241333,0.0,0.07782533019781113,0.0001,1e-05,50.319,2.0495,0.7061
7683,stage2,5,0.06951584666967392,0.27887827157974243,0.0,0.06951584666967392,0.0001,1e-05,50.318,1.9181,0.6425
7684,stage2,5,0.09714239090681076,0.29100075364112854,0.0,0.09714239090681076,0.0001,1e-05,50.319,1.977,0.6457
7685,stage2,5,0.08816543966531754,0.26831623911857605,0.0,0.08816543966531754,0.0001,1e-05,50.317,2.6689,3.9563
7686,stage2,5,0.08089812844991684,0.28962695598602295,0.0,0.08089812844991684,0.0001,1e-05,50.316,2.0465,0.6449
7687,stage2,5,0.0786769911646843,0.27415746450424194,0.0,0.0786769911646843,0.0001,1e-05,50.321,2.1108,0.6995
7688,stage2,5,0.09000487625598907,0.29052111506462097,0.0,0.09000487625598907,0.0001,1e-05,50.319,2.7223,0.6483
7689,stage2,5,0.09302252531051636,0.28199779987335205,0.0,0.09302252531051636,0.0001,1e-05,50.321,2.4344,0.6465
7690,stage2,5,0.0911962017416954,0.31098106503486633,0.0,0.0911962017416954,0.0001,1e-05,50.321,2.7322,0.651
7691,stage2,5,0.09503201395273209,0.2920542061328888,0.0,0.09503201395273209,0.0001,1e-05,50.32,2.7239,0.647
7692,stage2,5,0.07268992066383362,0.28097227215766907,0.0,0.07268992066383362,0.0001,1e-05,50.32,2.0142,0.6502
7693,stage2,5,0.0832129493355751,0.27244994044303894,0.0,0.0832129493355751,0.0001,1e-05,50.317,2.1382,4.0024
7694,stage2,5,0.0848352313041687,0.28309616446495056,0.0,0.0848352313041687,0.0001,1e-05,50.321,2.2998,0.644
7695,stage2,5,0.09241563826799393,0.2934960424900055,0.0,0.09241563826799393,0.0001,1e-05,50.317,2.8559,0.6443
7696,stage2,5,0.07392464578151703,0.29691922664642334,0.0,0.07392464578151703,0.0001,1e-05,50.319,2.0106,0.646
7697,stage2,5,0.08203510195016861,0.2790728807449341,0.0,0.08203510195016861,0.0001,1e-05,50.321,2.4382,0.6701
7698,stage2,5,0.07866750657558441,0.27148112654685974,0.0,0.07866750657558441,0.0001,1e-05,50.318,2.0488,0.6736
7699,stage2,5,0.08015109598636627,0.3025071322917938,0.0,0.08015109598636627,0.0001,1e-05,50.321,2.027,0.6676
7700,stage2,5,0.08694783598184586,0.27396970987319946,0.0,0.08694783598184586,0.0001,1e-05,50.32,2.5615,0.6405
7701,stage2,5,0.09520155191421509,0.27785107493400574,0.0,0.09520155191421509,0.0001,1e-05,50.32,2.2354,3.9681
7702,stage2,5,0.08083275705575943,0.27220073342323303,0.0,0.08083275705575943,0.0001,1e-05,50.32,1.7292,0.6481
7703,stage2,5,0.06459435075521469,0.2874118685722351,0.0,0.06459435075521469,0.0001,1e-05,50.318,1.7935,0.6441
7704,stage2,5,0.08459075540304184,0.29432955384254456,0.0,0.08459075540304184,0.0001,1e-05,50.318,2.1779,0.6452
7705,stage2,5,0.08420868963003159,0.31714358925819397,0.0,0.08420868963003159,0.0001,1e-05,50.32,2.5697,0.651
7706,stage2,5,0.07459776848554611,0.28870871663093567,0.0,0.07459776848554611,0.0001,1e-05,50.318,1.9073,0.6979
7707,stage2,5,0.0775146633386612,0.29159244894981384,0.0,0.0775146633386612,0.0001,1e-05,50.318,2.1117,0.6421
7708,stage2,5,0.09038559347391129,0.2923218011856079,0.0,0.09038559347391129,0.0001,1e-05,50.319,1.9638,0.667
7709,stage2,5,0.08550228923559189,0.2696024179458618,0.0,0.08550228923559189,0.0001,1e-05,50.318,2.2828,3.8546
7710,stage2,5,0.08306491374969482,0.28687742352485657,0.0,0.08306491374969482,0.0001,1e-05,50.32,2.2504,0.7014
7711,stage2,5,0.08784977346658707,0.28543367981910706,0.0,0.08784977346658707,0.0001,1e-05,50.318,2.5503,0.6444
7712,stage2,5,0.0816105306148529,0.3077680468559265,0.0,0.0816105306148529,0.0001,1e-05,50.318,2.0312,0.6453
7713,stage2,5,0.08888053894042969,0.2636420428752899,0.0,0.08888053894042969,0.0001,1e-05,50.319,1.8934,0.6462
7714,stage2,5,0.07575230300426483,0.2761893570423126,0.0,0.07575230300426483,0.0001,1e-05,50.316,1.9034,0.6461
7715,stage2,5,0.0730036050081253,0.27826231718063354,0.0,0.0730036050081253,0.0001,1e-05,50.319,2.0066,0.7052
7716,stage2,5,0.0770452693104744,0.28095078468322754,0.0,0.0770452693104744,0.0001,1e-05,50.319,1.7365,0.6428
7717,stage2,5,0.0788620114326477,0.25925976037979126,0.0,0.0788620114326477,0.0001,1e-05,50.319,2.5594,3.9244
7718,stage2,5,0.08039449155330658,0.28388625383377075,0.0,0.08039449155330658,0.0001,1e-05,50.318,2.0655,0.645
7719,stage2,5,0.08107313513755798,0.3051905035972595,0.0,0.08107313513755798,0.0001,1e-05,50.316,2.18,0.6454
7720,stage2,5,0.07512100785970688,0.2844652235507965,0.0,0.07512100785970688,0.0001,1e-05,50.32,2.1356,0.7015
7721,stage2,5,0.08792683482170105,0.28823140263557434,0.0,0.08792683482170105,0.0001,1e-05,50.319,2.8117,0.6455
7722,stage2,5,0.07776600122451782,0.2628082036972046,0.0,0.07776600122451782,0.0001,1e-05,50.317,1.9946,0.6474
7723,stage2,5,0.07208394259214401,0.28161802887916565,0.0,0.07208394259214401,0.0001,1e-05,50.317,2.0737,0.6466
7724,stage2,5,0.09043426811695099,0.3086196482181549,0.0,0.09043426811695099,0.0001,1e-05,50.32,2.0057,0.6481
7725,stage2,5,0.08772038668394089,0.2808198630809784,0.0,0.08772038668394089,0.0001,1e-05,50.32,2.1257,3.9703
7726,stage2,5,0.0979350209236145,0.27836737036705017,0.0,0.0979350209236145,0.0001,1e-05,50.317,2.2969,0.7302
7727,stage2,5,0.0950564444065094,0.2820345163345337,0.0,0.0950564444065094,0.0001,1e-05,50.32,1.9852,0.6423
7728,stage2,5,0.10822249203920364,0.27415627241134644,0.0,0.10822249203920364,0.0001,1e-05,50.315,2.4493,0.6522
7729,stage2,5,0.07604861259460449,0.2939208745956421,0.0,0.07604861259460449,0.0001,1e-05,50.317,1.8135,0.6458
7730,stage2,5,0.08458162844181061,0.2811805307865143,0.0,0.08458162844181061,0.0001,1e-05,50.32,2.1402,0.6527
7731,stage2,5,0.08126088231801987,0.2724111080169678,0.0,0.08126088231801987,0.0001,1e-05,50.322,1.9015,0.707
7732,stage2,5,0.0829792469739914,0.28628137707710266,0.0,0.0829792469739914,0.0001,1e-05,50.322,2.7287,0.6459
7733,stage2,5,0.0869828313589096,0.2803497612476349,0.0,0.0869828313589096,0.0001,1e-05,50.319,1.8898,3.9021
7734,stage2,5,0.09081297367811203,0.29524412751197815,0.0,0.09081297367811203,0.0001,1e-05,50.318,2.495,0.6447
7735,stage2,5,0.07798546552658081,0.29547423124313354,0.0,0.07798546552658081,0.0001,1e-05,50.317,1.995,0.6575
7736,stage2,5,0.08601420372724533,0.2989856004714966,0.0,0.08601420372724533,0.0001,1e-05,50.317,2.2197,0.6851
7737,stage2,5,0.09771225601434708,0.2712758183479309,0.0,0.09771225601434708,0.0001,1e-05,50.317,2.6263,0.6466
7738,stage2,5,0.08817404508590698,0.3213697373867035,0.0,0.08817404508590698,0.0001,1e-05,50.32,2.2195,0.6471
7739,stage2,5,0.08549968153238297,0.2930839955806732,0.0,0.08549968153238297,0.0001,1e-05,50.319,2.2739,0.6468
7740,stage2,5,0.08653808385133743,0.28276878595352173,0.0,0.08653808385133743,0.0001,1e-05,50.32,2.3519,0.7022
7741,stage2,5,0.08004407584667206,0.27022305130958557,0.0,0.08004407584667206,0.0001,1e-05,50.318,1.8234,3.9495
7742,stage2,5,0.08296821266412735,0.27864164113998413,0.0,0.08296821266412735,0.0001,1e-05,50.32,1.9725,0.6452
7743,stage2,5,0.08287032693624496,0.2654930651187897,0.0,0.08287032693624496,0.0001,1e-05,50.319,2.0654,0.6454
7744,stage2,5,0.08028344810009003,0.2889975607395172,0.0,0.08028344810009003,0.0001,1e-05,50.317,1.9524,0.647
7745,stage2,5,0.08152715861797333,0.2828231751918793,0.0,0.08152715861797333,0.0001,1e-05,50.319,1.9256,0.6397
7746,stage2,5,0.08534696698188782,0.30512452125549316,0.0,0.08534696698188782,0.0001,1e-05,50.32,2.0923,0.7326
7747,stage2,5,0.08770602196455002,0.2791401445865631,0.0,0.08770602196455002,0.0001,1e-05,50.32,2.1672,0.6383
7748,stage2,5,0.07048457860946655,0.28369930386543274,0.0,0.07048457860946655,0.0001,1e-05,50.319,1.864,0.6467
7749,stage2,5,0.08495552837848663,0.3032090365886688,0.0,0.08495552837848663,0.0001,1e-05,50.32,1.928,3.9185
7750,stage2,5,0.08643821626901627,0.28187260031700134,0.0,0.08643821626901627,0.0001,1e-05,50.319,1.7838,0.6438
7751,stage2,5,0.07487211376428604,0.2808077037334442,0.0,0.07487211376428604,0.0001,1e-05,50.32,1.8008,0.6976
7752,stage2,5,0.07521332055330276,0.269219309091568,0.0,0.07521332055330276,0.0001,1e-05,50.319,1.6615,0.6414
7753,stage2,5,0.08863526582717896,0.29584866762161255,0.0,0.08863526582717896,0.0001,1e-05,50.32,2.1493,0.6649
7754,stage2,5,0.08987663686275482,0.271131694316864,0.0,0.08987663686275482,0.0001,1e-05,50.319,2.1741,0.6403
7755,stage2,5,0.07547532021999359,0.2918243110179901,0.0,0.07547532021999359,0.0001,1e-05,50.32,2.0232,0.6767
7756,stage2,5,0.08642520755529404,0.30001071095466614,0.0,0.08642520755529404,0.0001,1e-05,50.319,2.2535,0.6938
7757,stage2,5,0.0873166173696518,0.27820807695388794,0.0,0.0873166173696518,0.0001,1e-05,50.32,2.3169,3.8851
7758,stage2,5,0.07065071910619736,0.27991554141044617,0.0,0.07065071910619736,0.0001,1e-05,50.319,1.7965,0.6453
7759,stage2,5,0.08739103376865387,0.30601221323013306,0.0,0.08739103376865387,0.0001,1e-05,50.32,2.1339,0.6449
7760,stage2,5,0.10891655832529068,0.30197229981422424,0.0,0.10891655832529068,0.0001,1e-05,50.319,2.7799,0.7073
7761,stage2,5,0.07724996656179428,0.2722475230693817,0.0,0.07724996656179428,0.0001,1e-05,50.32,1.8653,0.6442
7762,stage2,5,0.0798257365822792,0.2732101082801819,0.0,0.0798257365822792,0.0001,1e-05,50.319,2.3455,0.6468
7763,stage2,5,0.08812525868415833,0.2837357819080353,0.0,0.08812525868415833,0.0001,1e-05,50.32,1.9125,0.6468
7764,stage2,5,0.09341467171907425,0.2978140711784363,0.0,0.09341467171907425,0.0001,1e-05,50.319,2.7676,0.6476
7765,stage2,5,0.07653533667325974,0.31390151381492615,0.0,0.07653533667325974,0.0001,1e-05,50.32,2.2803,4.0498
7766,stage2,5,0.07849679887294769,0.2789841592311859,0.0,0.07849679887294769,0.0001,1e-05,50.319,1.8419,0.6429
7767,stage2,5,0.09230055660009384,0.26708051562309265,0.0,0.09230055660009384,0.0001,1e-05,50.32,2.6533,0.6436
7768,stage2,5,0.08818210661411285,0.2788759469985962,0.0,0.08818210661411285,0.0001,1e-05,50.319,2.565,0.645
7769,stage2,5,0.08044314384460449,0.30312103033065796,0.0,0.08044314384460449,0.0001,1e-05,50.32,1.8886,0.6452
7770,stage2,5,0.0688738003373146,0.28520667552948,0.0,0.0688738003373146,0.0001,1e-05,50.319,1.7715,0.6992
7771,stage2,5,0.08195705711841583,0.27713361382484436,0.0,0.08195705711841583,0.0001,1e-05,50.32,2.2301,0.6453
7772,stage2,5,0.08116591721773148,0.31169724464416504,0.0,0.08116591721773148,0.0001,1e-05,50.319,2.2033,0.6463
7773,stage2,5,0.07493136823177338,0.3093148171901703,0.0,0.07493136823177338,0.0001,1e-05,50.32,2.1421,3.9799
7774,stage2,5,0.08895531296730042,0.30081257224082947,0.0,0.08895531296730042,0.0001,1e-05,50.319,2.3555,0.6956
7775,stage2,5,0.08970367163419724,0.3225386142730713,0.0,0.08970367163419724,0.0001,1e-05,50.32,2.5149,0.6596
7776,stage2,5,0.08311868458986282,0.28179144859313965,0.0,0.08311868458986282,0.0001,1e-05,50.319,2.1534,0.7088
7777,stage2,5,0.07486790418624878,0.28082039952278137,0.0,0.07486790418624878,0.0001,1e-05,50.32,1.9874,0.6573
7778,stage2,5,0.09365245699882507,0.2991388440132141,0.0,0.09365245699882507,0.0001,1e-05,50.319,2.3685,0.7039
7779,stage2,5,0.09349780529737473,0.26744943857192993,0.0,0.09349780529737473,0.0001,1e-05,50.32,2.8814,0.6594
7780,stage2,5,0.08941677957773209,0.30230075120925903,0.0,0.08941677957773209,0.0001,1e-05,50.319,2.4998,0.6454
7781,stage2,5,0.08043938875198364,0.2957330644130707,0.0,0.08043938875198364,0.0001,1e-05,50.32,2.164,3.9401
7782,stage2,5,0.08313824981451035,0.26664793491363525,0.0,0.08313824981451035,0.0001,1e-05,50.319,2.8124,0.6636
7783,stage2,5,0.10078158974647522,0.2646820545196533,0.0,0.10078158974647522,0.0001,1e-05,50.32,2.6536,0.6405
7784,stage2,5,0.07965954393148422,0.29262107610702515,0.0,0.07965954393148422,0.0001,1e-05,50.319,2.4535,0.6994
7785,stage2,5,0.07755418121814728,0.2846478223800659,0.0,0.07755418121814728,0.0001,1e-05,50.32,2.1275,0.6822
7786,stage2,5,0.0790155753493309,0.27445024251937866,0.0,0.0790155753493309,0.0001,1e-05,50.319,1.9235,0.6603
7787,stage2,5,0.07145706564188004,0.278898686170578,0.0,0.07145706564188004,0.0001,1e-05,50.32,1.8413,0.7079
7788,stage2,5,0.07906793057918549,0.3283723294734955,0.0,0.07906793057918549,0.0001,1e-05,50.319,1.9894,0.6575
7789,stage2,5,0.08170758187770844,0.28859007358551025,0.0,0.08170758187770844,0.0001,1e-05,50.32,1.9799,3.9931
7790,stage2,5,0.07774356007575989,0.30962395668029785,0.0,0.07774356007575989,0.0001,1e-05,50.319,2.1264,0.6671
7791,stage2,5,0.10484464466571808,0.2910613417625427,0.0,0.10484464466571808,0.0001,1e-05,50.32,2.7345,0.7101
7792,stage2,5,0.08066891878843307,0.30364492535591125,0.0,0.08066891878843307,0.0001,1e-05,50.319,2.1025,0.6639
7793,stage2,5,0.07325103878974915,0.2662481963634491,0.0,0.07325103878974915,0.0001,1e-05,50.32,1.9831,0.711
7794,stage2,5,0.07889304310083389,0.2756904661655426,0.0,0.07889304310083389,0.0001,1e-05,50.319,2.172,0.6701
7795,stage2,5,0.07481168955564499,0.287325382232666,0.0,0.07481168955564499,0.0001,1e-05,50.32,2.0541,0.7071
7796,stage2,5,0.0887908935546875,0.3067482113838196,0.0,0.0887908935546875,0.0001,1e-05,50.319,2.5001,0.6725
7797,stage2,5,0.09114719927310944,0.28697019815444946,0.0,0.09114719927310944,0.0001,1e-05,50.32,2.172,4.1581
7798,stage2,5,0.07883956283330917,0.2768118977546692,0.0,0.07883956283330917,0.0001,1e-05,50.319,1.9455,0.6615
7799,stage2,5,0.08190849423408508,0.28531306982040405,0.0,0.08190849423408508,0.0001,1e-05,50.32,2.1083,0.6383
7800,stage2,5,0.08239948004484177,0.3062194883823395,0.0,0.08239948004484177,0.0001,1e-05,50.319,2.3247,0.6686
7801,stage2,5,0.07623399794101715,0.2731201648712158,0.0,0.07623399794101715,0.0001,1e-05,50.32,1.9607,0.6626
7802,stage2,5,0.07514495402574539,0.27671539783477783,0.0,0.07514495402574539,0.0001,1e-05,50.319,1.6381,0.707
7803,stage2,5,0.07910940796136856,0.318044513463974,0.0,0.07910940796136856,0.0001,1e-05,50.32,2.3119,0.6612
7804,stage2,5,0.10114575922489166,0.2679964601993561,0.0,0.10114575922489166,0.0001,1e-05,50.319,2.719,0.7225
7805,stage2,5,0.08513036370277405,0.27320966124534607,0.0,0.08513036370277405,0.0001,1e-05,50.32,2.3782,3.9677
7806,stage2,5,0.0748654156923294,0.30396002531051636,0.0,0.0748654156923294,0.0001,1e-05,50.319,2.0741,0.7103
7807,stage2,5,0.07847510278224945,0.30896908044815063,0.0,0.07847510278224945,0.0001,1e-05,50.32,2.2532,0.659
7808,stage2,5,0.07798397541046143,0.29740411043167114,0.0,0.07798397541046143,0.0001,1e-05,50.319,1.6839,0.7191
7809,stage2,5,0.07990998774766922,0.27461591362953186,0.0,0.07990998774766922,0.0001,1e-05,50.32,1.9732,0.6592
7810,stage2,5,0.07801228016614914,0.2694050967693329,0.0,0.07801228016614914,0.0001,1e-05,50.319,2.0857,0.7128
7811,stage2,5,0.08685315400362015,0.2822105586528778,0.0,0.08685315400362015,0.0001,1e-05,50.32,2.0362,0.6587
7812,stage2,5,0.07910184562206268,0.27541446685791016,0.0,0.07910184562206268,0.0001,1e-05,50.319,1.9725,0.7245
7813,stage2,5,0.08977655321359634,0.26995500922203064,0.0,0.08977655321359634,0.0001,1e-05,50.32,1.9654,4.0022
7814,stage2,5,0.06092663109302521,0.29917973279953003,0.0,0.06092663109302521,0.0001,1e-05,50.319,1.6263,0.7089
7815,stage2,5,0.10116919875144958,0.2826176881790161,0.0,0.10116919875144958,0.0001,1e-05,50.32,2.1489,0.655
7816,stage2,5,0.09783443063497543,0.2591380774974823,0.0,0.09783443063497543,0.0001,1e-05,50.319,2.0222,0.6627
7817,stage2,5,0.09257728606462479,0.26626279950141907,0.0,0.09257728606462479,0.0001,1e-05,50.32,2.0145,0.6963
7818,stage2,5,0.0807931050658226,0.2693764865398407,0.0,0.0807931050658226,0.0001,1e-05,50.319,1.7941,0.6617
7819,stage2,5,0.08157988637685776,0.30134424567222595,0.0,0.08157988637685776,0.0001,1e-05,50.32,2.1537,0.7157
7820,stage2,5,0.09327974915504456,0.2590804696083069,0.0,0.09327974915504456,0.0001,1e-05,50.319,2.161,0.6501
7821,stage2,5,0.07294779270887375,0.2872709035873413,0.0,0.07294779270887375,0.0001,1e-05,50.32,1.7605,4.0342
7822,stage2,5,0.08061389625072479,0.3070315420627594,0.0,0.08061389625072479,0.0001,1e-05,50.319,2.1057,0.6534
7823,stage2,5,0.061831723898649216,0.31852084398269653,0.0,0.061831723898649216,0.0001,1e-05,50.32,1.5202,0.7083
7824,stage2,5,0.07138995826244354,0.28318551182746887,0.0,0.07138995826244354,0.0001,1e-05,50.319,1.8002,0.6548
7825,stage2,5,0.0903412401676178,0.27052462100982666,0.0,0.0903412401676178,0.0001,1e-05,50.32,2.2797,0.6491
7826,stage2,5,0.08993492275476456,0.28337398171424866,0.0,0.08993492275476456,0.0001,1e-05,50.319,2.3331,0.6658
7827,stage2,5,0.09683895856142044,0.29658767580986023,0.0,0.09683895856142044,0.0001,1e-05,50.32,2.3232,0.7108
7828,stage2,5,0.08889889717102051,0.29619115591049194,0.0,0.08889889717102051,0.0001,1e-05,50.319,2.043,0.6611
7829,stage2,5,0.0842621847987175,0.2822199761867523,0.0,0.0842621847987175,0.0001,1e-05,50.32,2.1532,3.8885
7830,stage2,5,0.08593765646219254,0.28243446350097656,0.0,0.08593765646219254,0.0001,1e-05,50.319,2.3251,0.6689
7831,stage2,5,0.07518214732408524,0.31371191143989563,0.0,0.07518214732408524,0.0001,1e-05,50.32,2.0215,0.6883
7832,stage2,5,0.08073550462722778,0.28218039870262146,0.0,0.08073550462722778,0.0001,1e-05,50.319,2.3032,0.6786
7833,stage2,5,0.08335024863481522,0.2826528251171112,0.0,0.08335024863481522,0.0001,1e-05,50.32,2.2854,0.6555
7834,stage2,5,0.07966598868370056,0.2771548330783844,0.0,0.07966598868370056,0.0001,1e-05,50.319,2.1585,0.7074
7835,stage2,5,0.07619795203208923,0.30158868432044983,0.0,0.07619795203208923,0.0001,1e-05,50.32,2.054,0.6573
7836,stage2,5,0.07452066242694855,0.2881719768047333,0.0,0.07452066242694855,0.0001,1e-05,50.319,1.8322,0.7163
7837,stage2,5,0.08238174766302109,0.29420149326324463,0.0,0.08238174766302109,0.0001,1e-05,50.32,1.8997,3.9295
7838,stage2,5,0.087814562022686,0.27996549010276794,0.0,0.087814562022686,0.0001,1e-05,50.319,2.3146,0.6855
7839,stage2,5,0.06041305512189865,0.29153430461883545,0.0,0.06041305512189865,0.0001,1e-05,50.32,1.8031,0.6932
7840,stage2,5,0.08327782154083252,0.2628188133239746,0.0,0.08327782154083252,0.0001,1e-05,50.319,2.0626,0.6647
7841,stage2,5,0.08872900158166885,0.323740690946579,0.0,0.08872900158166885,0.0001,1e-05,50.32,1.8893,0.7134
7842,stage2,5,0.08285915106534958,0.2940635681152344,0.0,0.08285915106534958,0.0001,1e-05,50.319,1.9427,0.6644
7843,stage2,5,0.08226960152387619,0.2819077968597412,0.0,0.08226960152387619,0.0001,1e-05,50.32,2.0777,0.7152
7844,stage2,5,0.09854190796613693,0.2895852029323578,0.0,0.09854190796613693,0.0001,1e-05,50.319,2.1908,0.6637
7845,stage2,5,0.08609890937805176,0.27401360869407654,0.0,0.08609890937805176,0.0001,1e-05,50.32,2.2463,3.9628
7846,stage2,5,0.09003502130508423,0.27622514963150024,0.0,0.09003502130508423,0.0001,1e-05,50.319,1.9439,0.7385
7847,stage2,5,0.0820879265666008,0.26047518849372864,0.0,0.0820879265666008,0.0001,1e-05,50.32,1.7,0.7092
7848,stage2,5,0.08121343702077866,0.27118581533432007,0.0,0.08121343702077866,0.0001,1e-05,50.319,1.8985,0.661
7849,stage2,5,0.08253634721040726,0.27452078461647034,0.0,0.08253634721040726,0.0001,1e-05,50.32,2.077,0.7078
7850,stage2,5,0.07880712300539017,0.2882646918296814,0.0,0.07880712300539017,0.0001,1e-05,50.319,2.1394,0.6663
7851,stage2,5,0.08687897771596909,0.2586075961589813,0.0,0.08687897771596909,0.0001,1e-05,50.32,2.1867,0.7142
7852,stage2,5,0.08165141940116882,0.24984781444072723,0.0,0.08165141940116882,0.0001,1e-05,50.319,1.7959,0.6593
7853,stage2,5,0.07420071214437485,0.2616235911846161,0.0,0.07420071214437485,0.0001,1e-05,50.32,2.0766,3.966
7854,stage2,5,0.08575693517923355,0.26244091987609863,0.0,0.08575693517923355,0.0001,1e-05,50.319,2.336,0.8164
7855,stage2,5,0.08571913838386536,0.278635174036026,0.0,0.08571913838386536,0.0001,1e-05,50.32,2.1881,0.712
7856,stage2,5,0.07878060638904572,0.27716532349586487,0.0,0.07878060638904572,0.0001,1e-05,50.319,2.1009,0.6688
7857,stage2,5,0.0896739587187767,0.2867709696292877,0.0,0.0896739587187767,0.0001,1e-05,50.32,2.2836,0.7123
7858,stage2,5,0.08923178166151047,0.30778488516807556,0.0,0.08923178166151047,0.0001,1e-05,50.319,2.5603,0.6582
7859,stage2,5,0.07342507690191269,0.27403923869132996,0.0,0.07342507690191269,0.0001,1e-05,50.32,2.0286,0.639
7860,stage2,5,0.07861427217721939,0.24721470475196838,0.0,0.07861427217721939,0.0001,1e-05,50.319,1.8233,0.6707
7861,stage2,5,0.07529851794242859,0.30413317680358887,0.0,0.07529851794242859,0.0001,1e-05,50.32,1.9763,3.7426
7862,stage2,5,0.07643549144268036,0.2715882360935211,0.0,0.07643549144268036,0.0001,1e-05,50.319,1.9192,0.8718
7863,stage2,5,0.0756826400756836,0.30215099453926086,0.0,0.0756826400756836,0.0001,1e-05,50.32,2.0047,0.6725
7864,stage2,5,0.08393747359514236,0.2789132297039032,0.0,0.08393747359514236,0.0001,1e-05,50.319,2.1309,0.7112
7865,stage2,5,0.0933852568268776,0.26354843378067017,0.0,0.0933852568268776,0.0001,1e-05,50.32,2.6616,0.6642
7866,stage2,5,0.07594837248325348,0.26228246092796326,0.0,0.07594837248325348,0.0001,1e-05,50.319,2.1372,0.7136
7867,stage2,5,0.06448265165090561,0.2786763608455658,0.0,0.06448265165090561,0.0001,1e-05,50.32,2.088,0.6595
7868,stage2,5,0.08009634912014008,0.32505857944488525,0.0,0.08009634912014008,0.0001,1e-05,50.319,2.2035,0.6519
7869,stage2,5,0.08485700190067291,0.2513742744922638,0.0,0.08485700190067291,0.0001,1e-05,50.32,1.9366,3.7293
7870,stage2,5,0.09800630062818527,0.30994129180908203,0.0,0.09800630062818527,0.0001,1e-05,50.319,2.5051,0.8993
7871,stage2,5,0.08774835616350174,0.28938159346580505,0.0,0.08774835616350174,0.0001,1e-05,50.32,2.2152,0.6467
7872,stage2,5,0.09376177191734314,0.25775977969169617,0.0,0.09376177191734314,0.0001,1e-05,50.319,2.3438,0.6664
7873,stage2,5,0.07756680250167847,0.2650906443595886,0.0,0.07756680250167847,0.0001,1e-05,50.32,1.8719,0.6391
7874,stage2,5,0.08960189670324326,0.27942413091659546,0.0,0.08960189670324326,0.0001,1e-05,50.319,2.6296,0.7279
7875,stage2,5,0.08019395172595978,0.2658518850803375,0.0,0.08019395172595978,0.0001,1e-05,50.32,2.0709,0.663
7876,stage2,5,0.09070655703544617,0.289359450340271,0.0,0.09070655703544617,0.0001,1e-05,50.319,2.5949,0.7076
7877,stage2,5,0.08767715841531754,0.2952805757522583,0.0,0.08767715841531754,0.0001,1e-05,50.32,2.6458,3.656
7878,stage2,5,0.07961475849151611,0.27924644947052,0.0,0.07961475849151611,0.0001,1e-05,50.319,1.9839,0.8709
7879,stage2,5,0.09006333351135254,0.30238354206085205,0.0,0.09006333351135254,0.0001,1e-05,50.32,2.191,0.6567
7880,stage2,5,0.08988989889621735,0.27352219820022583,0.0,0.08988989889621735,0.0001,1e-05,50.319,2.4334,0.6556
7881,stage2,5,0.07631035894155502,0.29026782512664795,0.0,0.07631035894155502,0.0001,1e-05,50.32,1.9443,0.6391
7882,stage2,5,0.08783365786075592,0.2784033417701721,0.0,0.08783365786075592,0.0001,1e-05,50.319,2.5134,0.6669
7883,stage2,5,0.09819712489843369,0.3005353808403015,0.0,0.09819712489843369,0.0001,1e-05,50.32,2.6787,0.6622
7884,stage2,5,0.08812114596366882,0.26150622963905334,0.0,0.08812114596366882,0.0001,1e-05,50.319,2.6122,0.7108
7885,stage2,5,0.0775279775261879,0.28983548283576965,0.0,0.0775279775261879,0.0001,1e-05,50.32,2.009,3.8419
7886,stage2,5,0.07923577725887299,0.26557624340057373,0.0,0.07923577725887299,0.0001,1e-05,50.319,2.2224,0.8116
7887,stage2,5,0.07782169431447983,0.25718504190444946,0.0,0.07782169431447983,0.0001,1e-05,50.32,2.2104,0.704
7888,stage2,5,0.09429801255464554,0.2655949592590332,0.0,0.09429801255464554,0.0001,1e-05,50.319,2.1282,0.6445
7889,stage2,5,0.07624722272157669,0.2840765118598938,0.0,0.07624722272157669,0.0001,1e-05,50.32,1.9601,0.6461
7890,stage2,5,0.08086155354976654,0.2841678261756897,0.0,0.08086155354976654,0.0001,1e-05,50.319,2.3055,0.6467
7891,stage2,5,0.09418709576129913,0.2805478572845459,0.0,0.09418709576129913,0.0001,1e-05,50.32,2.3157,0.6501
7892,stage2,5,0.0840102881193161,0.29620757699012756,0.0,0.0840102881193161,0.0001,1e-05,50.319,1.8766,0.7018
7893,stage2,5,0.0879472941160202,0.2699245512485504,0.0,0.0879472941160202,0.0001,1e-05,50.32,2.2699,3.6001
7894,stage2,5,0.08360670506954193,0.2831398546695709,0.0,0.08360670506954193,0.0001,1e-05,50.319,2.1496,0.8693
7895,stage2,5,0.08873387426137924,0.27836543321609497,0.0,0.08873387426137924,0.0001,1e-05,50.32,2.1953,0.7258
7896,stage2,5,0.09989219158887863,0.26515018939971924,0.0,0.09989219158887863,0.0001,1e-05,50.319,2.5368,0.6365
7897,stage2,5,0.0740668773651123,0.2859138250350952,0.0,0.0740668773651123,0.0001,1e-05,50.32,2.0206,0.6515
7898,stage2,5,0.08901320397853851,0.29730555415153503,0.0,0.08901320397853851,0.0001,1e-05,50.319,2.2561,0.6462
7899,stage2,5,0.0792541429400444,0.2807707190513611,0.0,0.0792541429400444,0.0001,1e-05,50.32,2.5151,0.6519
7900,stage2,5,0.07486747950315475,0.27101418375968933,0.0,0.07486747950315475,0.0001,1e-05,50.319,2.0148,0.704
7901,stage2,5,0.08501700311899185,0.2878161668777466,0.0,0.08501700311899185,0.0001,1e-05,50.32,2.1983,3.6056
7902,stage2,5,0.06521958857774734,0.2988819479942322,0.0,0.06521958857774734,0.0001,1e-05,50.319,1.804,0.8707
7903,stage2,5,0.07897897064685822,0.29888445138931274,0.0,0.07897897064685822,0.0001,1e-05,50.32,2.1118,0.6975
7904,stage2,5,0.09652550518512726,0.2939940094947815,0.0,0.09652550518512726,0.0001,1e-05,50.319,2.6589,0.6463
7905,stage2,5,0.074061319231987,0.2961711287498474,0.0,0.074061319231987,0.0001,1e-05,50.32,1.987,0.6462
7906,stage2,5,0.0691302940249443,0.29473841190338135,0.0,0.0691302940249443,0.0001,1e-05,50.319,1.9538,0.6457
7907,stage2,5,0.07987154275178909,0.303648442029953,0.0,0.07987154275178909,0.0001,1e-05,50.32,2.2348,0.6454
7908,stage2,5,0.07662712037563324,0.30543845891952515,0.0,0.07662712037563324,0.0001,1e-05,50.319,1.887,0.6978
7909,stage2,5,0.08559955656528473,0.2578411400318146,0.0,0.08559955656528473,0.0001,1e-05,50.32,2.4797,3.5629
7910,stage2,5,0.08864281326532364,0.2856132686138153,0.0,0.08864281326532364,0.0001,1e-05,50.319,2.2426,1.0689
7911,stage2,5,0.08808209747076035,0.2844577729701996,0.0,0.08808209747076035,0.0001,1e-05,50.32,2.1116,0.6446
7912,stage2,5,0.07871801406145096,0.30346113443374634,0.0,0.07871801406145096,0.0001,1e-05,50.319,1.8465,0.6461
7913,stage2,5,0.0667838603258133,0.29963070154190063,0.0,0.0667838603258133,0.0001,1e-05,50.32,1.7972,0.6458
7914,stage2,5,0.08926762640476227,0.27792036533355713,0.0,0.08926762640476227,0.0001,1e-05,50.319,2.7052,0.6495
7915,stage2,5,0.07766177505254745,0.28223273158073425,0.0,0.07766177505254745,0.0001,1e-05,50.32,2.329,0.6972
7916,stage2,5,0.09050413966178894,0.2824448347091675,0.0,0.09050413966178894,0.0001,1e-05,50.319,2.135,0.6503
7917,stage2,5,0.08101227879524231,0.26554977893829346,0.0,0.08101227879524231,0.0001,1e-05,50.32,2.2806,3.5425
7918,stage2,5,0.0723552405834198,0.300802618265152,0.0,0.0723552405834198,0.0001,1e-05,50.319,1.9517,1.0531
7919,stage2,5,0.07474005967378616,0.30207398533821106,0.0,0.07474005967378616,0.0001,1e-05,50.32,1.7861,0.7087
7920,stage2,5,0.08387628942728043,0.26741647720336914,0.0,0.08387628942728043,0.0001,1e-05,50.319,2.6695,0.6392
7921,stage2,5,0.0846143290400505,0.29934796690940857,0.0,0.0846143290400505,0.0001,1e-05,50.32,2.3827,0.6459
7922,stage2,5,0.0793510377407074,0.29528582096099854,0.0,0.0793510377407074,0.0001,1e-05,50.319,2.0818,0.6464
7923,stage2,5,0.09314878284931183,0.2828035056591034,0.0,0.09314878284931183,0.0001,1e-05,50.32,2.6792,0.6459
7924,stage2,5,0.08200244605541229,0.26868584752082825,0.0,0.08200244605541229,0.0001,1e-05,50.319,2.051,0.6845
7925,stage2,5,0.09638530015945435,0.2716882526874542,0.0,0.09638530015945435,0.0001,1e-05,50.32,2.3104,3.4556
7926,stage2,5,0.08263681828975677,0.28109124302864075,0.0,0.08263681828975677,0.0001,1e-05,50.319,1.8527,1.0976
7927,stage2,5,0.08849542587995529,0.2671026289463043,0.0,0.08849542587995529,0.0001,1e-05,50.32,2.4557,0.644
7928,stage2,5,0.08140913397073746,0.26840493083000183,0.0,0.08140913397073746,0.0001,1e-05,50.319,2.4204,0.6439
7929,stage2,5,0.07824305444955826,0.285491943359375,0.0,0.07824305444955826,0.0001,1e-05,50.32,2.0001,0.6411
7930,stage2,5,0.07703591138124466,0.2869199216365814,0.0,0.07703591138124466,0.0001,1e-05,50.319,2.1653,0.6651
7931,stage2,5,0.08567553013563156,0.2964368462562561,0.0,0.08567553013563156,0.0001,1e-05,50.32,2.6469,0.6995
7932,stage2,5,0.07582197338342667,0.27401259541511536,0.0,0.07582197338342667,0.0001,1e-05,50.319,2.1325,0.6457
7933,stage2,5,0.09175173193216324,0.29349592328071594,0.0,0.09175173193216324,0.0001,1e-05,50.32,3.078,3.4183
7934,stage2,5,0.09131836146116257,0.26577168703079224,0.0,0.09131836146116257,0.0001,1e-05,50.319,2.3606,1.2474
7935,stage2,5,0.0813523679971695,0.29653650522232056,0.0,0.0813523679971695,0.0001,1e-05,50.32,1.7555,0.6613
7936,stage2,5,0.09187917411327362,0.25809231400489807,0.0,0.09187917411327362,0.0001,1e-05,50.319,2.9585,0.6415
7937,stage2,5,0.07283549755811691,0.30290770530700684,0.0,0.07283549755811691,0.0001,1e-05,50.32,2.2017,0.6682
7938,stage2,5,0.0839063823223114,0.27437707781791687,0.0,0.0839063823223114,0.0001,1e-05,50.319,2.6441,0.6999
7939,stage2,5,0.09542793035507202,0.305156409740448,0.0,0.09542793035507202,0.0001,1e-05,50.32,2.2529,0.6464
7940,stage2,5,0.0721660628914833,0.296617716550827,0.0,0.0721660628914833,0.0001,1e-05,50.319,2.3315,0.646
7941,stage2,5,0.0812501311302185,0.2763133645057678,0.0,0.0812501311302185,0.0001,1e-05,50.32,2.3309,3.3264
7942,stage2,5,0.09556913375854492,0.3143162429332733,0.0,0.09556913375854492,0.0001,1e-05,50.319,3.1467,1.1531
7943,stage2,5,0.07855299860239029,0.297073096036911,0.0,0.07855299860239029,0.0001,1e-05,50.32,1.8951,0.6613
7944,stage2,5,0.07919277995824814,0.28846117854118347,0.0,0.07919277995824814,0.0001,1e-05,50.319,1.8794,0.6425
7945,stage2,5,0.08473984897136688,0.28809890151023865,0.0,0.08473984897136688,0.0001,1e-05,50.32,2.4451,0.6676
7946,stage2,5,0.08187483996152878,0.2815142869949341,0.0,0.08187483996152878,0.0001,1e-05,50.319,2.0659,0.6995
7947,stage2,5,0.08712304383516312,0.28176194429397583,0.0,0.08712304383516312,0.0001,1e-05,50.32,2.8815,0.6468
7948,stage2,5,0.0832618921995163,0.280575156211853,0.0,0.0832618921995163,0.0001,1e-05,50.319,2.3783,0.646
7949,stage2,5,0.06837045401334763,0.2706982493400574,0.0,0.06837045401334763,0.0001,1e-05,50.32,2.1242,3.4107
7950,stage2,5,0.07502066344022751,0.28722697496414185,0.0,0.07502066344022751,0.0001,1e-05,50.319,2.3088,1.1823
7951,stage2,5,0.06975924223661423,0.3058415353298187,0.0,0.06975924223661423,0.0001,1e-05,50.32,1.8714,0.6439
7952,stage2,5,0.08493582904338837,0.26310524344444275,0.0,0.08493582904338837,0.0001,1e-05,50.319,2.0473,0.6443
7953,stage2,5,0.10493437945842743,0.29498693346977234,0.0,0.10493437945842743,0.0001,1e-05,50.32,3.0083,0.6451
7954,stage2,5,0.09184963256120682,0.26568862795829773,0.0,0.09184963256120682,0.0001,1e-05,50.319,2.0752,0.6447
7955,stage2,5,0.09681250900030136,0.28490182757377625,0.0,0.09681250900030136,0.0001,1e-05,50.32,2.5178,0.6968
7956,stage2,5,0.0889270007610321,0.26550930738449097,0.0,0.0889270007610321,0.0001,1e-05,50.319,1.9905,0.6506
7957,stage2,5,0.07722876965999603,0.28264757990837097,0.0,0.07722876965999603,0.0001,1e-05,50.32,1.9701,3.3875
7958,stage2,5,0.08357802778482437,0.2793249487876892,0.0,0.08357802778482437,0.0001,1e-05,50.319,2.2346,1.1626
7959,stage2,5,0.0835709273815155,0.28018510341644287,0.0,0.0835709273815155,0.0001,1e-05,50.32,2.2558,0.7006
7960,stage2,5,0.09331108629703522,0.2845629155635834,0.0,0.09331108629703522,0.0001,1e-05,50.319,2.4476,0.6426
7961,stage2,5,0.09347690641880035,0.28704512119293213,0.0,0.09347690641880035,0.0001,1e-05,50.32,2.2767,0.645
7962,stage2,5,0.08423985540866852,0.24674339592456818,0.0,0.08423985540866852,0.0001,1e-05,50.319,1.7858,0.645
7963,stage2,5,0.07504495978355408,0.28819143772125244,0.0,0.07504495978355408,0.0001,1e-05,50.32,2.0277,0.646
7964,stage2,5,0.0716952309012413,0.2983296811580658,0.0,0.0716952309012413,0.0001,1e-05,50.319,2.107,0.6425
7965,stage2,5,0.08240139484405518,0.3038356602191925,0.0,0.08240139484405518,0.0001,1e-05,50.32,1.7472,3.3885
7966,stage2,5,0.07530180364847183,0.28094586730003357,0.0,0.07530180364847183,0.0001,1e-05,50.319,2.1532,1.1873
7967,stage2,5,0.08440345525741577,0.288572758436203,0.0,0.08440345525741577,0.0001,1e-05,50.32,2.0715,0.6448
7968,stage2,5,0.0718211755156517,0.3893943428993225,0.0,0.0718211755156517,0.0001,1e-05,50.319,2.2798,0.6435
7969,stage2,5,0.07996059954166412,0.25266724824905396,0.0,0.07996059954166412,0.0001,1e-05,50.32,1.9511,0.6428
7970,stage2,5,0.08783813565969467,0.2736663520336151,0.0,0.08783813565969467,0.0001,1e-05,50.319,2.0161,0.6444
7971,stage2,5,0.08989538252353668,0.2739635705947876,0.0,0.08989538252353668,0.0001,1e-05,50.32,2.4187,0.6988
7972,stage2,5,0.0741063803434372,0.27833181619644165,0.0,0.0741063803434372,0.0001,1e-05,50.319,1.824,0.6521
7973,stage2,5,0.08533824235200882,0.2851146161556244,0.0,0.08533824235200882,0.0001,1e-05,50.32,2.0544,3.4055
7974,stage2,5,0.07859873026609421,0.3030270040035248,0.0,0.07859873026609421,0.0001,1e-05,50.319,2.263,1.2802
7975,stage2,5,0.07904881983995438,0.29567620158195496,0.0,0.07904881983995438,0.0001,1e-05,50.32,2.2264,0.6413
7976,stage2,5,0.08100033551454544,0.25571951270103455,0.0,0.08100033551454544,0.0001,1e-05,50.319,1.9881,0.645
7977,stage2,5,0.07831639051437378,0.2895289361476898,0.0,0.07831639051437378,0.0001,1e-05,50.32,1.8288,0.6449
7978,stage2,5,0.07904127985239029,0.24419450759887695,0.0,0.07904127985239029,0.0001,1e-05,50.319,1.8459,0.645
7979,stage2,5,0.0745629146695137,0.2746298909187317,0.0,0.0745629146695137,0.0001,1e-05,50.32,2.1066,0.7116
7980,stage2,5,0.07252690941095352,0.31190353631973267,0.0,0.07252690941095352,0.0001,1e-05,50.319,1.819,0.6332
7981,stage2,5,0.08400572091341019,0.27529874444007874,0.0,0.08400572091341019,0.0001,1e-05,50.32,2.0139,3.3248
7982,stage2,5,0.0918961614370346,0.3333284556865692,0.0,0.0918961614370346,0.0001,1e-05,50.319,2.0014,1.3025
7983,stage2,5,0.07399880886077881,0.2679207921028137,0.0,0.07399880886077881,0.0001,1e-05,50.32,1.9776,0.6907
7984,stage2,5,0.08544375747442245,0.2838258147239685,0.0,0.08544375747442245,0.0001,1e-05,50.319,2.4395,0.6448
7985,stage2,5,0.07848643511533737,0.30714499950408936,0.0,0.07848643511533737,0.0001,1e-05,50.32,1.942,0.6451
7986,stage2,5,0.08219823241233826,0.27654439210891724,0.0,0.08219823241233826,0.0001,1e-05,50.319,2.1699,0.6451
7987,stage2,5,0.07446572184562683,0.303577184677124,0.0,0.07446572184562683,0.0001,1e-05,50.32,1.981,0.6415
7988,stage2,5,0.07237430661916733,0.31313958764076233,0.0,0.07237430661916733,0.0001,1e-05,50.319,1.8233,0.6651
7989,stage2,5,0.07907341420650482,0.30790480971336365,0.0,0.07907341420650482,0.0001,1e-05,50.32,1.7566,3.3165
7990,stage2,5,0.08405930548906326,0.3190346360206604,0.0,0.08405930548906326,0.0001,1e-05,50.319,2.373,1.2941
7991,stage2,5,0.08687148243188858,0.27908259630203247,0.0,0.08687148243188858,0.0001,1e-05,50.32,2.0941,0.6438
7992,stage2,5,0.09716182202100754,0.2917124927043915,0.0,0.09716182202100754,0.0001,1e-05,50.319,3.0294,0.6451
7993,stage2,5,0.07650375366210938,0.2584725618362427,0.0,0.07650375366210938,0.0001,1e-05,50.32,2.1429,0.65
7994,stage2,5,0.09217296540737152,0.283530056476593,0.0,0.09217296540737152,0.0001,1e-05,50.319,2.2114,0.645
7995,stage2,5,0.08430752903223038,0.2846250534057617,0.0,0.08430752903223038,0.0001,1e-05,50.32,1.5989,0.6986
7996,stage2,5,0.08141648024320602,0.28178560733795166,0.0,0.08141648024320602,0.0001,1e-05,50.319,1.9226,0.6455
7997,stage2,5,0.07749338448047638,0.2820281386375427,0.0,0.07749338448047638,0.0001,1e-05,50.32,2.015,3.2821
7998,stage2,5,0.09057976305484772,0.25927141308784485,0.0,0.09057976305484772,0.0001,1e-05,50.319,2.3544,1.176
7999,stage2,5,0.07253094017505646,0.2791580855846405,0.0,0.07253094017505646,0.0001,1e-05,50.32,2.1198,0.7044
8000,stage2,5,0.0836767852306366,0.2930522859096527,0.0,0.0836767852306366,0.0001,1e-05,50.319,2.3759,0.6399
8001,stage2,5,0.08763609081506729,0.26282861828804016,0.0,0.08763609081506729,0.0001,1e-05,50.32,2.7689,0.6447
8002,stage2,5,0.08715599030256271,0.25837695598602295,0.0,0.08715599030256271,0.0001,1e-05,50.319,2.3192,0.645
8003,stage2,5,0.08901043236255646,0.2838037610054016,0.0,0.08901043236255646,0.0001,1e-05,50.32,2.4578,0.6493
8004,stage2,5,0.1036103218793869,0.257493257522583,0.0,0.1036103218793869,0.0001,1e-05,50.319,2.62,0.707
8005,stage2,5,0.08788276463747025,0.31846022605895996,0.0,0.08788276463747025,0.0001,1e-05,50.32,2.18,3.3837
8006,stage2,5,0.08228039741516113,0.24879801273345947,0.0,0.08228039741516113,0.0001,1e-05,50.319,2.741,1.1804
8007,stage2,5,0.0770791620016098,0.26827436685562134,0.0,0.0770791620016098,0.0001,1e-05,50.32,2.5787,0.6433
8008,stage2,5,0.08462774753570557,0.30745670199394226,0.0,0.08462774753570557,0.0001,1e-05,50.319,2.3815,0.649
8009,stage2,5,0.07302368432283401,0.3016536235809326,0.0,0.07302368432283401,0.0001,1e-05,50.32,1.8877,0.6437
8010,stage2,5,0.07728235423564911,0.2440623790025711,0.0,0.07728235423564911,0.0001,1e-05,50.319,1.9952,0.6439
8011,stage2,5,0.09144551306962967,0.29207974672317505,0.0,0.09144551306962967,0.0001,1e-05,50.32,2.2603,0.6995
8012,stage2,5,0.08618497848510742,0.295927494764328,0.0,0.08618497848510742,0.0001,1e-05,50.319,2.2004,0.6439
8013,stage2,5,0.09079116582870483,0.2705511152744293,0.0,0.09079116582870483,0.0001,1e-05,50.32,2.2409,3.474
8014,stage2,5,0.08382172882556915,0.25930675864219666,0.0,0.08382172882556915,0.0001,1e-05,50.319,1.991,1.084
8015,stage2,5,0.084361732006073,0.2922740578651428,0.0,0.084361732006073,0.0001,1e-05,50.32,1.9902,0.6985
8016,stage2,5,0.08633162826299667,0.25181135535240173,0.0,0.08633162826299667,0.0001,1e-05,50.319,2.4374,0.6452
8017,stage2,5,0.07763245701789856,0.28580978512763977,0.0,0.07763245701789856,0.0001,1e-05,50.32,1.9324,0.6459
8018,stage2,5,0.07500043511390686,0.2639462649822235,0.0,0.07500043511390686,0.0001,1e-05,50.319,1.6177,0.6454
8019,stage2,5,0.0881635993719101,0.29942411184310913,0.0,0.0881635993719101,0.0001,1e-05,50.32,2.0665,0.6455
8020,stage2,5,0.07025174051523209,0.30393660068511963,0.0,0.07025174051523209,0.0001,1e-05,50.319,1.6995,0.6995
8021,stage2,5,0.09031733870506287,0.28390753269195557,0.0,0.09031733870506287,0.0001,1e-05,50.32,2.194,3.5122
8022,stage2,5,0.0834352895617485,0.30222874879837036,0.0,0.0834352895617485,0.0001,1e-05,50.319,2.4547,1.0808
8023,stage2,5,0.09973924607038498,0.2952862083911896,0.0,0.09973924607038498,0.0001,1e-05,50.32,2.3243,0.6483
8024,stage2,5,0.08871851116418839,0.2701445519924164,0.0,0.08871851116418839,0.0001,1e-05,50.319,2.8779,0.6971
8025,stage2,5,0.08512479811906815,0.28746306896209717,0.0,0.08512479811906815,0.0001,1e-05,50.32,1.9968,0.6436
8026,stage2,5,0.07944929599761963,0.31320929527282715,0.0,0.07944929599761963,0.0001,1e-05,50.319,1.8924,0.6495
8027,stage2,5,0.08136658370494843,0.2472442239522934,0.0,0.08136658370494843,0.0001,1e-05,50.32,2.5601,0.6447
8028,stage2,5,0.09406951814889908,0.26175880432128906,0.0,0.09406951814889908,0.0001,1e-05,50.319,3.0693,0.646
8029,stage2,5,0.07265273481607437,0.32792818546295166,0.0,0.07265273481607437,0.0001,1e-05,50.32,1.9698,3.7133
8030,stage2,5,0.07207340747117996,0.27737393975257874,0.0,0.07207340747117996,0.0001,1e-05,50.319,2.0007,1.0396
8031,stage2,5,0.09564872086048126,0.2568119466304779,0.0,0.09564872086048126,0.0001,1e-05,50.32,2.2941,0.6462
8032,stage2,5,0.08343455195426941,0.2783944010734558,0.0,0.08343455195426941,0.0001,1e-05,50.319,2.2852,0.644
8033,stage2,5,0.08197108656167984,0.27524805068969727,0.0,0.08197108656167984,0.0001,1e-05,50.32,2.4171,0.6427
8034,stage2,5,0.07628016918897629,0.3047223389148712,0.0,0.07628016918897629,0.0001,1e-05,50.319,2.7674,0.6634
8035,stage2,5,0.08230040222406387,0.28113028407096863,0.0,0.08230040222406387,0.0001,1e-05,50.32,1.9674,0.7006
8036,stage2,5,0.08092445135116577,0.2929620146751404,0.0,0.08092445135116577,0.0001,1e-05,50.319,2.1263,0.6452
8037,stage2,5,0.08380365371704102,0.28350144624710083,0.0,0.08380365371704102,0.0001,1e-05,50.32,2.8452,3.6264
8038,stage2,5,0.07552116364240646,0.28078943490982056,0.0,0.07552116364240646,0.0001,1e-05,50.319,1.7722,1.1795
8039,stage2,5,0.0838356614112854,0.2857770025730133,0.0,0.0838356614112854,0.0001,1e-05,50.32,1.9836,0.7071
8040,stage2,5,0.07956445217132568,0.2771698832511902,0.0,0.07956445217132568,0.0001,1e-05,50.319,1.881,0.6317
8041,stage2,5,0.07578612118959427,0.3236282765865326,0.0,0.07578612118959427,0.0001,1e-05,50.32,2.2657,0.667
8042,stage2,5,0.07617033272981644,0.27484792470932007,0.0,0.07617033272981644,0.0001,1e-05,50.319,1.9596,0.6375
8043,stage2,5,0.09125557541847229,0.26759329438209534,0.0,0.09125557541847229,0.0001,1e-05,50.32,2.5538,0.731
8044,stage2,5,0.09624528884887695,0.3013802766799927,0.0,0.09624528884887695,0.0001,1e-05,50.319,2.5216,0.6376
8045,stage2,5,0.07602699100971222,0.2985001504421234,0.0,0.07602699100971222,0.0001,1e-05,50.32,2.2705,3.2864
8046,stage2,5,0.08808217197656631,0.29823580384254456,0.0,0.08808217197656631,0.0001,1e-05,50.319,2.3006,1.3003
8047,stage2,5,0.08418316394090652,0.2963467240333557,0.0,0.08418316394090652,0.0001,1e-05,50.32,2.0676,0.6478
8048,stage2,5,0.07466013729572296,0.31171339750289917,0.0,0.07466013729572296,0.0001,1e-05,50.319,1.678,0.6359
8049,stage2,5,0.06906258314847946,0.3395688533782959,0.0,0.06906258314847946,0.0001,1e-05,50.32,1.9694,0.6666
8050,stage2,5,0.07206359505653381,0.28146567940711975,0.0,0.07206359505653381,0.0001,1e-05,50.319,2.63,0.6513
8051,stage2,5,0.06612655520439148,0.2971051037311554,0.0,0.06612655520439148,0.0001,1e-05,50.32,2.1295,0.7085
8052,stage2,5,0.0825754776597023,0.30085116624832153,0.0,0.0825754776597023,0.0001,1e-05,50.319,2.2724,0.6438
8053,stage2,5,0.075481116771698,0.24884085357189178,0.0,0.075481116771698,0.0001,1e-05,50.32,2.0385,3.1857
8054,stage2,5,0.08923983573913574,0.3145962357521057,0.0,0.08923983573913574,0.0001,1e-05,50.319,2.5714,1.3656
8055,stage2,5,0.08232288062572479,0.283058762550354,0.0,0.08232288062572479,0.0001,1e-05,50.32,2.0377,0.7044
8056,stage2,5,0.07738899439573288,0.305431604385376,0.0,0.07738899439573288,0.0001,1e-05,50.319,1.988,0.6372
8057,stage2,5,0.08107219636440277,0.2768881320953369,0.0,0.08107219636440277,0.0001,1e-05,50.32,2.5527,0.6445
8058,stage2,5,0.08150457590818405,0.27692440152168274,0.0,0.08150457590818405,0.0001,1e-05,50.319,2.0434,0.6444
8059,stage2,5,0.07308333367109299,0.29207843542099,0.0,0.07308333367109299,0.0001,1e-05,50.32,1.9463,0.6453
8060,stage2,5,0.08705846965312958,0.2747839689254761,0.0,0.08705846965312958,0.0001,1e-05,50.319,2.4498,0.7004
8061,stage2,5,0.10104961693286896,0.27995991706848145,0.0,0.10104961693286896,0.0001,1e-05,50.32,2.3504,3.1916
8062,stage2,5,0.07946858555078506,0.27470314502716064,0.0,0.07946858555078506,0.0001,1e-05,50.319,2.0607,1.3744
8063,stage2,5,0.0715995728969574,0.2667100727558136,0.0,0.0715995728969574,0.0001,1e-05,50.32,1.468,0.6427
8064,stage2,5,0.07140649855136871,0.2631666660308838,0.0,0.07140649855136871,0.0001,1e-05,50.319,1.7349,0.649
8065,stage2,5,0.08360862731933594,0.2839341163635254,0.0,0.08360862731933594,0.0001,1e-05,50.32,2.6172,0.6951
8066,stage2,5,0.08231128007173538,0.2640935778617859,0.0,0.08231128007173538,0.0001,1e-05,50.319,2.5545,0.6453
8067,stage2,5,0.10031113028526306,0.27033209800720215,0.0,0.10031113028526306,0.0001,1e-05,50.32,3.5172,0.6449
8068,stage2,5,0.08081082254648209,0.28422677516937256,0.0,0.08081082254648209,0.0001,1e-05,50.319,1.7916,0.6457
8069,stage2,5,0.07882315665483475,0.28725165128707886,0.0,0.07882315665483475,0.0001,1e-05,50.32,2.0689,3.1635
8070,stage2,5,0.08306924998760223,0.2588697075843811,0.0,0.08306924998760223,0.0001,1e-05,50.319,2.3162,1.4946
8071,stage2,5,0.08332646638154984,0.29333725571632385,0.0,0.08332646638154984,0.0001,1e-05,50.32,2.2197,0.6415
8072,stage2,5,0.07288011908531189,0.30478206276893616,0.0,0.07288011908531189,0.0001,1e-05,50.319,2.1634,0.6441
8073,stage2,5,0.08317442238330841,0.2747909128665924,0.0,0.08317442238330841,0.0001,1e-05,50.32,1.9254,0.6432
8074,stage2,5,0.08028925210237503,0.2756085991859436,0.0,0.08028925210237503,0.0001,1e-05,50.319,1.7281,0.6455
8075,stage2,5,0.06921395659446716,0.3271481394767761,0.0,0.06921395659446716,0.0001,1e-05,50.32,2.0152,0.6448
8076,stage2,5,0.08595012128353119,0.2881358563899994,0.0,0.08595012128353119,0.0001,1e-05,50.319,2.3466,0.6995
8077,stage2,5,0.076614610850811,0.2578858435153961,0.0,0.076614610850811,0.0001,1e-05,50.32,2.367,3.1671
8078,stage2,5,0.08647016435861588,0.2920979857444763,0.0,0.08647016435861588,0.0001,1e-05,50.319,2.3342,1.412
8079,stage2,5,0.08782314509153366,0.2998264729976654,0.0,0.08782314509153366,0.0001,1e-05,50.32,2.3676,0.6435
8080,stage2,5,0.09867634624242783,0.26559150218963623,0.0,0.09867634624242783,0.0001,1e-05,50.319,2.8687,0.6435
8081,stage2,5,0.08576526492834091,0.26713135838508606,0.0,0.08576526492834091,0.0001,1e-05,50.32,2.1383,0.6986
8082,stage2,5,0.07741983234882355,0.2953045964241028,0.0,0.07741983234882355,0.0001,1e-05,50.319,2.6518,0.6447
8083,stage2,5,0.0743217021226883,0.30001991987228394,0.0,0.0743217021226883,0.0001,1e-05,50.32,1.6142,0.6507
8084,stage2,5,0.08697827905416489,0.2835322320461273,0.0,0.08697827905416489,0.0001,1e-05,50.319,2.0683,0.6451
8085,stage2,5,0.08133003860712051,0.27418655157089233,0.0,0.08133003860712051,0.0001,1e-05,50.32,2.3821,3.0977
8086,stage2,5,0.06535223126411438,0.3099299371242523,0.0,0.06535223126411438,0.0001,1e-05,50.319,2.0756,1.4331
8087,stage2,5,0.08750087022781372,0.25345778465270996,0.0,0.08750087022781372,0.0001,1e-05,50.32,1.6965,0.649
8088,stage2,5,0.09498987346887589,0.28390681743621826,0.0,0.09498987346887589,0.0001,1e-05,50.319,2.1513,0.704
8089,stage2,5,0.08767319470643997,0.299211710691452,0.0,0.08767319470643997,0.0001,1e-05,50.32,2.2375,0.6382
8090,stage2,5,0.08343489468097687,0.2931728661060333,0.0,0.08343489468097687,0.0001,1e-05,50.319,2.0746,0.6455
8091,stage2,5,0.08709169924259186,0.30054381489753723,0.0,0.08709169924259186,0.0001,1e-05,50.32,2.2564,0.6458
8092,stage2,5,0.07807685434818268,0.31840234994888306,0.0,0.07807685434818268,0.0001,1e-05,50.319,2.0109,0.6455
8093,stage2,5,0.07219692319631577,0.27408209443092346,0.0,0.07219692319631577,0.0001,1e-05,50.32,2.1193,3.0599
8094,stage2,5,0.08183420449495316,0.2871708869934082,0.0,0.08183420449495316,0.0001,1e-05,50.319,2.3327,1.3582
8095,stage2,5,0.08017677068710327,0.2769702076911926,0.0,0.08017677068710327,0.0001,1e-05,50.32,2.5517,0.6473
8096,stage2,5,0.08227270841598511,0.2982527017593384,0.0,0.08227270841598511,0.0001,1e-05,50.319,2.1522,0.6972
8097,stage2,5,0.07001597434282303,0.2910155653953552,0.0,0.07001597434282303,0.0001,1e-05,50.32,1.9926,0.6443
8098,stage2,5,0.08732990175485611,0.30932509899139404,0.0,0.08732990175485611,0.0001,1e-05,50.319,2.5958,0.6461
8099,stage2,5,0.0782751590013504,0.29505836963653564,0.0,0.0782751590013504,0.0001,1e-05,50.32,2.3191,0.6451
8100,stage2,5,0.08688704669475555,0.25225865840911865,0.0,0.08688704669475555,0.0001,1e-05,50.319,2.0626,0.6457
8101,stage2,5,0.08957426249980927,0.25807490944862366,0.0,0.08957426249980927,0.0001,1e-05,50.32,2.4185,3.4094
8102,stage2,5,0.08113594353199005,0.3090464472770691,0.0,0.08113594353199005,0.0001,1e-05,50.319,2.1994,1.2101
8103,stage2,5,0.08740902692079544,0.2607124447822571,0.0,0.08740902692079544,0.0001,1e-05,50.32,3.177,0.6452
8104,stage2,5,0.0815998911857605,0.2812693119049072,0.0,0.0815998911857605,0.0001,1e-05,50.319,2.339,0.6443
8105,stage2,5,0.071898452937603,0.2882096469402313,0.0,0.071898452937603,0.0001,1e-05,50.32,2.0959,0.6994
8106,stage2,5,0.07987464219331741,0.2754794657230377,0.0,0.07987464219331741,0.0001,1e-05,50.319,1.7948,0.6426
8107,stage2,5,0.08422212302684784,0.2669936418533325,0.0,0.08422212302684784,0.0001,1e-05,50.32,2.1827,0.6456
8108,stage2,5,0.08854946494102478,0.2913801670074463,0.0,0.08854946494102478,0.0001,1e-05,50.319,1.8828,0.6455
8109,stage2,5,0.08627110719680786,0.29529452323913574,0.0,0.08627110719680786,0.0001,1e-05,50.32,2.3903,3.3145
8110,stage2,5,0.07881791889667511,0.2934480607509613,0.0,0.07881791889667511,0.0001,1e-05,50.319,2.496,1.283
8111,stage2,5,0.07599882781505585,0.28123539686203003,0.0,0.07599882781505585,0.0001,1e-05,50.32,2.0673,0.6458
8112,stage2,5,0.09146831184625626,0.2696569561958313,0.0,0.09146831184625626,0.0001,1e-05,50.319,2.4185,0.6611
8113,stage2,5,0.08027350157499313,0.26995745301246643,0.0,0.08027350157499313,0.0001,1e-05,50.32,2.3181,0.6602
8114,stage2,5,0.08580712974071503,0.2724653482437134,0.0,0.08580712974071503,0.0001,1e-05,50.319,2.0897,0.7077
8115,stage2,5,0.08027651160955429,0.2895963788032532,0.0,0.08027651160955429,0.0001,1e-05,50.32,2.2751,0.6608
8116,stage2,5,0.08004626631736755,0.3041759431362152,0.0,0.08004626631736755,0.0001,1e-05,50.319,2.2288,0.7112
8117,stage2,5,0.07058844715356827,0.26804691553115845,0.0,0.07058844715356827,0.0001,1e-05,50.32,1.9768,3.3054
8118,stage2,5,0.08863478899002075,0.29712343215942383,0.0,0.08863478899002075,0.0001,1e-05,50.319,2.4998,1.3276
8119,stage2,5,0.06751888245344162,0.2670358419418335,0.0,0.06751888245344162,0.0001,1e-05,50.32,1.9037,0.7159
8120,stage2,5,0.09014313668012619,0.2519652545452118,0.0,0.09014313668012619,0.0001,1e-05,50.319,2.2017,0.6508
8121,stage2,5,0.0802699476480484,0.2634167969226837,0.0,0.0802699476480484,0.0001,1e-05,50.32,1.9577,0.6636
8122,stage2,5,0.08556979149580002,0.2642783224582672,0.0,0.08556979149580002,0.0001,1e-05,50.319,1.8337,0.6387
8123,stage2,5,0.07261041551828384,0.2949797809123993,0.0,0.07261041551828384,0.0001,1e-05,50.32,2.4392,0.7302
8124,stage2,5,0.08218160271644592,0.2938567101955414,0.0,0.08218160271644592,0.0001,1e-05,50.319,2.0544,0.652
8125,stage2,5,0.08789544552564621,0.2567339241504669,0.0,0.08789544552564621,0.0001,1e-05,50.32,2.2044,3.4024
8126,stage2,5,0.08697780221700668,0.2896089553833008,0.0,0.08697780221700668,0.0001,1e-05,50.319,2.3734,1.388
8127,stage2,5,0.08872292190790176,0.2712469696998596,0.0,0.08872292190790176,0.0001,1e-05,50.32,2.2866,0.6549
8128,stage2,5,0.08555828779935837,0.28245893120765686,0.0,0.08555828779935837,0.0001,1e-05,50.319,2.2811,0.712
8129,stage2,5,0.07202156633138657,0.29947012662887573,0.0,0.07202156633138657,0.0001,1e-05,50.32,2.1862,0.6577
8130,stage2,5,0.08685263246297836,0.30230775475502014,0.0,0.08685263246297836,0.0001,1e-05,50.319,2.249,0.6632
8131,stage2,5,0.07427893579006195,0.28331464529037476,0.0,0.07427893579006195,0.0001,1e-05,50.32,1.7832,0.6373
8132,stage2,5,0.08542922139167786,0.25518712401390076,0.0,0.08542922139167786,0.0001,1e-05,50.319,2.6649,0.7323
8133,stage2,5,0.07839986681938171,0.26780006289482117,0.0,0.07839986681938171,0.0001,1e-05,50.32,2.3083,3.1938
8134,stage2,5,0.0920010656118393,0.2526530623435974,0.0,0.0920010656118393,0.0001,1e-05,50.319,2.3356,1.4289
8135,stage2,5,0.0653407946228981,0.3420165479183197,0.0,0.0653407946228981,0.0001,1e-05,50.32,1.9436,0.6555
8136,stage2,5,0.08074026554822922,0.2546943128108978,0.0,0.08074026554822922,0.0001,1e-05,50.319,1.8669,0.7053
8137,stage2,5,0.10283150523900986,0.2900882661342621,0.0,0.10283150523900986,0.0001,1e-05,50.32,2.8499,0.6598
8138,stage2,5,0.07809223979711533,0.31067365407943726,0.0,0.07809223979711533,0.0001,1e-05,50.319,1.9466,0.7183
8139,stage2,5,0.08499966561794281,0.26941922307014465,0.0,0.08499966561794281,0.0001,1e-05,50.32,1.8493,0.662
8140,stage2,5,0.08560389280319214,0.29780468344688416,0.0,0.08560389280319214,0.0001,1e-05,50.319,2.4534,0.7209
8141,stage2,5,0.07271966338157654,0.3172779381275177,0.0,0.07271966338157654,0.0001,1e-05,50.32,1.7966,3.3143
8142,stage2,5,0.08107172697782516,0.29319679737091064,0.0,0.08107172697782516,0.0001,1e-05,50.319,2.0959,1.5203
8143,stage2,5,0.08809343725442886,0.3006046414375305,0.0,0.08809343725442886,0.0001,1e-05,50.32,2.8303,0.6512
8144,stage2,5,0.08538107573986053,0.2847180664539337,0.0,0.08538107573986053,0.0001,1e-05,50.319,3.1804,0.6618
8145,stage2,5,0.09964068233966827,0.26215967535972595,0.0,0.09964068233966827,0.0001,1e-05,50.32,2.3878,0.709
8146,stage2,5,0.06742174178361893,0.2972502112388611,0.0,0.06742174178361893,0.0001,1e-05,50.319,1.8384,0.6618
8147,stage2,5,0.09838695824146271,0.25571322441101074,0.0,0.09838695824146271,0.0001,1e-05,50.32,2.4931,0.7138
8148,stage2,5,0.07156260311603546,0.2976682186126709,0.0,0.07156260311603546,0.0001,1e-05,50.319,1.76,0.6608
8149,stage2,5,0.07370152324438095,0.2515125870704651,0.0,0.07370152324438095,0.0001,1e-05,50.32,1.8327,3.3794
8150,stage2,5,0.08926169574260712,0.2929907739162445,0.0,0.08926169574260712,0.0001,1e-05,50.319,2.7643,1.3204
8151,stage2,5,0.08833618462085724,0.2805197238922119,0.0,0.08833618462085724,0.0001,1e-05,50.32,2.2374,0.7194
8152,stage2,5,0.0741807147860527,0.29184436798095703,0.0,0.0741807147860527,0.0001,1e-05,50.319,2.2332,0.6585
8153,stage2,5,0.07716339826583862,0.2811574637889862,0.0,0.07716339826583862,0.0001,1e-05,50.32,1.9313,0.6598
8154,stage2,5,0.08916381746530533,0.261431485414505,0.0,0.08916381746530533,0.0001,1e-05,50.319,1.9458,0.7113
8155,stage2,5,0.08231861144304276,0.27876219153404236,0.0,0.08231861144304276,0.0001,1e-05,50.32,2.8389,0.6563
8156,stage2,5,0.08660273253917694,0.2961357831954956,0.0,0.08660273253917694,0.0001,1e-05,50.319,2.1243,0.6485
8157,stage2,5,0.0776452124118805,0.3084563612937927,0.0,0.0776452124118805,0.0001,1e-05,50.32,2.4545,3.2647
8158,stage2,5,0.0861034244298935,0.30284562706947327,0.0,0.0861034244298935,0.0001,1e-05,50.319,1.941,1.4355
8159,stage2,5,0.07419443875551224,0.28503841161727905,0.0,0.07419443875551224,0.0001,1e-05,50.32,1.931,0.6577
8160,stage2,5,0.0742306038737297,0.28828364610671997,0.0,0.0742306038737297,0.0001,1e-05,50.319,2.1249,0.7134
8161,stage2,5,0.08363363891839981,0.2790605425834656,0.0,0.08363363891839981,0.0001,1e-05,50.32,2.4093,0.6632
8162,stage2,5,0.08995352685451508,0.27476927638053894,0.0,0.08995352685451508,0.0001,1e-05,50.319,2.0405,0.721
8163,stage2,5,0.09106176346540451,0.2980096936225891,0.0,0.09106176346540451,0.0001,1e-05,50.32,2.265,0.6669
8164,stage2,5,0.08672456443309784,0.29967620968818665,0.0,0.08672456443309784,0.0001,1e-05,50.319,2.0852,0.7117
8165,stage2,5,0.08170785009860992,0.3173745572566986,0.0,0.08170785009860992,0.0001,1e-05,50.32,2.1537,3.1489
8166,stage2,5,0.08780040591955185,0.29948508739471436,0.0,0.08780040591955185,0.0001,1e-05,50.319,2.2812,1.4111
8167,stage2,5,0.08349298685789108,0.27588000893592834,0.0,0.08349298685789108,0.0001,1e-05,50.32,2.6009,0.6639
8168,stage2,5,0.07030031830072403,0.32291916012763977,0.0,0.07030031830072403,0.0001,1e-05,50.319,1.9386,0.6384
8169,stage2,5,0.0961526408791542,0.305339515209198,0.0,0.0961526408791542,0.0001,1e-05,50.32,2.1331,0.7339
8170,stage2,5,0.07636421173810959,0.27577927708625793,0.0,0.07636421173810959,0.0001,1e-05,50.319,1.9405,0.6535
8171,stage2,5,0.0772445872426033,0.27486613392829895,0.0,0.0772445872426033,0.0001,1e-05,50.32,1.868,0.6574
8172,stage2,5,0.09029160439968109,0.283589243888855,0.0,0.09029160439968109,0.0001,1e-05,50.319,2.1113,0.7055
8173,stage2,5,0.07626913487911224,0.30773210525512695,0.0,0.07626913487911224,0.0001,1e-05,50.32,1.9592,3.2513
8174,stage2,5,0.07388342171907425,0.2883356511592865,0.0,0.07388342171907425,0.0001,1e-05,50.319,1.8752,1.4036
8175,stage2,5,0.06903556734323502,0.2711217999458313,0.0,0.06903556734323502,0.0001,1e-05,50.32,2.0447,0.661
8176,stage2,5,0.09302137047052383,0.26319533586502075,0.0,0.09302137047052383,0.0001,1e-05,50.319,2.5646,0.7069
8177,stage2,5,0.08417590707540512,0.2907654047012329,0.0,0.08417590707540512,0.0001,1e-05,50.32,2.1357,0.6611
8178,stage2,5,0.08441925048828125,0.2721957564353943,0.0,0.08441925048828125,0.0001,1e-05,50.319,2.3819,0.7166
8179,stage2,5,0.08052526414394379,0.28567537665367126,0.0,0.08052526414394379,0.0001,1e-05,50.32,2.2482,0.6542
8180,stage2,5,0.07566232979297638,0.2729520797729492,0.0,0.07566232979297638,0.0001,1e-05,50.319,1.7543,0.7016
8181,stage2,5,0.08121272921562195,0.27370941638946533,0.0,0.08121272921562195,0.0001,1e-05,50.32,1.7728,3.4121
8182,stage2,5,0.09264840185642242,0.29251348972320557,0.0,0.09264840185642242,0.0001,1e-05,50.319,3.1716,1.2918
8183,stage2,5,0.0872756615281105,0.2612367570400238,0.0,0.0872756615281105,0.0001,1e-05,50.32,2.439,0.7097
8184,stage2,5,0.07516060024499893,0.33007416129112244,0.0,0.07516060024499893,0.0001,1e-05,50.319,2.006,0.6617
8185,stage2,5,0.08080655336380005,0.25932273268699646,0.0,0.08080655336380005,0.0001,1e-05,50.32,1.9638,0.7142
8186,stage2,5,0.09622173756361008,0.2962850034236908,0.0,0.09622173756361008,0.0001,1e-05,50.319,2.2421,0.669
8187,stage2,5,0.07669790089130402,0.27153512835502625,0.0,0.07669790089130402,0.0001,1e-05,50.32,1.7949,0.7191
8188,stage2,5,0.08598671853542328,0.28805872797966003,0.0,0.08598671853542328,0.0001,1e-05,50.319,1.9935,0.6724
8189,stage2,5,0.08289723843336105,0.32788217067718506,0.0,0.08289723843336105,0.0001,1e-05,50.32,2.069,3.3303
8190,stage2,5,0.0798637866973877,0.28474706411361694,0.0,0.0798637866973877,0.0001,1e-05,50.319,2.0834,1.3467
8191,stage2,5,0.08468091487884521,0.28274935483932495,0.0,0.08468091487884521,0.0001,1e-05,50.32,1.8535,0.7127
8192,stage2,5,0.08429785817861557,0.28022506833076477,0.0,0.08429785817861557,0.0001,1e-05,50.319,2.246,0.6537
8193,stage2,5,0.07645708322525024,0.29393813014030457,0.0,0.07645708322525024,0.0001,1e-05,50.32,1.9566,0.6497
8194,stage2,5,0.07938042283058167,0.2878289520740509,0.0,0.07938042283058167,0.0001,1e-05,50.319,1.9836,0.6578
8195,stage2,5,0.08250857889652252,0.27018046379089355,0.0,0.08250857889652252,0.0001,1e-05,50.32,2.1426,0.6457
8196,stage2,5,0.08661627024412155,0.26957592368125916,0.0,0.08661627024412155,0.0001,1e-05,50.319,1.8722,0.6664
8197,stage2,5,0.08483225107192993,0.25893568992614746,0.0,0.08483225107192993,0.0001,1e-05,50.32,1.8067,3.2939
8198,stage2,5,0.08395954221487045,0.2613285779953003,0.0,0.08395954221487045,0.0001,1e-05,50.319,2.4806,1.334
8199,stage2,5,0.08508755266666412,0.27361103892326355,0.0,0.08508755266666412,0.0001,1e-05,50.32,1.7804,0.6523
8200,stage2,5,0.0849272832274437,0.2688101828098297,0.0,0.0849272832274437,0.0001,1e-05,50.319,2.5249,0.6704
8201,stage2,5,0.09113623946905136,0.27223220467567444,0.0,0.09113623946905136,0.0001,1e-05,50.32,2.6772,0.6953
8202,stage2,5,0.07352157682180405,0.25910285115242004,0.0,0.07352157682180405,0.0001,1e-05,50.319,1.8119,0.6607
8203,stage2,5,0.08075152337551117,0.2601540684700012,0.0,0.08075152337551117,0.0001,1e-05,50.32,1.9459,0.6383
8204,stage2,5,0.08231694996356964,0.292536199092865,0.0,0.08231694996356964,0.0001,1e-05,50.319,2.2197,0.6703
8205,stage2,5,0.07554218173027039,0.2687244713306427,0.0,0.07554218173027039,0.0001,1e-05,50.32,2.018,3.3754
8206,stage2,5,0.08225191384553909,0.29889973998069763,0.0,0.08225191384553909,0.0001,1e-05,50.319,2.3068,1.1895
8207,stage2,5,0.08704554289579391,0.301080584526062,0.0,0.08704554289579391,0.0001,1e-05,50.32,2.406,0.666
8208,stage2,5,0.07701393961906433,0.2554124891757965,0.0,0.07701393961906433,0.0001,1e-05,50.319,2.0762,0.7082
8209,stage2,5,0.09139930456876755,0.2591193616390228,0.0,0.09139930456876755,0.0001,1e-05,50.32,1.8631,0.6619
8210,stage2,5,0.08743764460086823,0.2948702871799469,0.0,0.08743764460086823,0.0001,1e-05,50.319,2.7009,0.7071
8211,stage2,5,0.0802919790148735,0.28124597668647766,0.0,0.0802919790148735,0.0001,1e-05,50.32,2.1937,0.664
8212,stage2,5,0.07697201520204544,0.31691011786460876,0.0,0.07697201520204544,0.0001,1e-05,50.319,2.7146,0.6442
8213,stage2,5,0.08337530493736267,0.2552347183227539,0.0,0.08337530493736267,0.0001,1e-05,50.32,2.2169,3.429
8214,stage2,5,0.08577149361371994,0.29839783906936646,0.0,0.08577149361371994,0.0001,1e-05,50.319,2.5206,1.2222
8215,stage2,5,0.08872479200363159,0.29212477803230286,0.0,0.08872479200363159,0.0001,1e-05,50.32,2.5011,0.6604
8216,stage2,5,0.07433152943849564,0.2762773931026459,0.0,0.07433152943849564,0.0001,1e-05,50.319,1.9009,0.7157
8217,stage2,5,0.07759066671133041,0.30792462825775146,0.0,0.07759066671133041,0.0001,1e-05,50.32,2.4522,0.6653
8218,stage2,5,0.08595460653305054,0.26494577527046204,0.0,0.08595460653305054,0.0001,1e-05,50.319,2.3882,0.6605
8219,stage2,5,0.0976635068655014,0.27613356709480286,0.0,0.0976635068655014,0.0001,1e-05,50.32,2.8817,0.7097
8220,stage2,5,0.08143345266580582,0.2674644887447357,0.0,0.08143345266580582,0.0001,1e-05,50.319,2.4426,0.6635
8221,stage2,5,0.07625727355480194,0.2919618785381317,0.0,0.07625727355480194,0.0001,1e-05,50.32,2.0934,3.49
8222,stage2,5,0.09414902329444885,0.284401535987854,0.0,0.09414902329444885,0.0001,1e-05,50.319,2.7947,1.2025
8223,stage2,5,0.07382194697856903,0.29470041394233704,0.0,0.07382194697856903,0.0001,1e-05,50.32,1.888,0.6394
8224,stage2,5,0.09280572831630707,0.275003045797348,0.0,0.09280572831630707,0.0001,1e-05,50.319,2.1689,0.6688
8225,stage2,5,0.06276728957891464,0.2789247930049896,0.0,0.06276728957891464,0.0001,1e-05,50.32,1.7957,0.6593
8226,stage2,5,0.07122834771871567,0.2711886167526245,0.0,0.07122834771871567,0.0001,1e-05,50.319,2.1797,0.7102
8227,stage2,5,0.08118776232004166,0.3122303783893585,0.0,0.08118776232004166,0.0001,1e-05,50.32,2.0666,0.6617
8228,stage2,5,0.08675960451364517,0.2673225402832031,0.0,0.08675960451364517,0.0001,1e-05,50.319,2.0901,0.7066
8229,stage2,5,0.07629603892564774,0.30596524477005005,0.0,0.07629603892564774,0.0001,1e-05,50.32,1.8218,3.496
8230,stage2,5,0.07173360884189606,0.26590901613235474,0.0,0.07173360884189606,0.0001,1e-05,50.319,1.6881,1.0439
8231,stage2,5,0.0817301869392395,0.3051508367061615,0.0,0.0817301869392395,0.0001,1e-05,50.32,2.3194,0.6949
8232,stage2,5,0.07313895225524902,0.2678442895412445,0.0,0.07313895225524902,0.0001,1e-05,50.319,2.1093,0.6523
8233,stage2,5,0.08323214948177338,0.2702986001968384,0.0,0.08323214948177338,0.0001,1e-05,50.32,2.4204,0.661
8234,stage2,5,0.06617813557386398,0.29382050037384033,0.0,0.06617813557386398,0.0001,1e-05,50.319,1.6619,0.6455
8235,stage2,5,0.09955740720033646,0.27691370248794556,0.0,0.09955740720033646,0.0001,1e-05,50.32,1.925,0.6675
8236,stage2,5,0.09107691794633865,0.3275737762451172,0.0,0.09107691794633865,0.0001,1e-05,50.319,1.986,0.7017
8237,stage2,5,0.07206477224826813,0.2811397910118103,0.0,0.07206477224826813,0.0001,1e-05,50.32,1.6725,3.4561
8238,stage2,5,0.08099712431430817,0.27694177627563477,0.0,0.08099712431430817,0.0001,1e-05,50.319,2.5266,1.0585
8239,stage2,5,0.07836044579744339,0.2659454047679901,0.0,0.07836044579744339,0.0001,1e-05,50.32,2.1349,0.6469
8240,stage2,5,0.08587057888507843,0.28232988715171814,0.0,0.08587057888507843,0.0001,1e-05,50.319,2.4591,0.6554
8241,stage2,5,0.083873450756073,0.26186490058898926,0.0,0.083873450756073,0.0001,1e-05,50.32,2.1339,0.6609
8242,stage2,5,0.07210288196802139,0.2938276529312134,0.0,0.07210288196802139,0.0001,1e-05,50.319,1.9514,0.7052
8243,stage2,5,0.08183526992797852,0.27947136759757996,0.0,0.08183526992797852,0.0001,1e-05,50.32,2.1257,0.6449
8244,stage2,5,0.07735875993967056,0.25839754939079285,0.0,0.07735875993967056,0.0001,1e-05,50.319,2.0981,0.6467
8245,stage2,5,0.0787612572312355,0.2874302864074707,0.0,0.0787612572312355,0.0001,1e-05,50.32,2.1963,3.5688
8246,stage2,5,0.07897603511810303,0.26577845215797424,0.0,0.07897603511810303,0.0001,1e-05,50.319,2.3437,1.0322
8247,stage2,5,0.08641061931848526,0.2757026255130768,0.0,0.08641061931848526,0.0001,1e-05,50.32,2.2594,0.696
8248,stage2,5,0.07353077828884125,0.3135361671447754,0.0,0.07353077828884125,0.0001,1e-05,50.319,1.9288,0.6429
8249,stage2,5,0.08504559844732285,0.2654232084751129,0.0,0.08504559844732285,0.0001,1e-05,50.32,2.1195,0.6451
8250,stage2,5,0.08163145929574966,0.2749567925930023,0.0,0.08163145929574966,0.0001,1e-05,50.319,2.6899,0.6461
8251,stage2,5,0.08145572990179062,0.26678529381752014,0.0,0.08145572990179062,0.0001,1e-05,50.32,1.9586,0.6465
8252,stage2,5,0.069659523665905,0.2750363349914551,0.0,0.069659523665905,0.0001,1e-05,50.319,1.5849,0.703
8253,stage2,5,0.08632473647594452,0.2552482783794403,0.0,0.08632473647594452,0.0001,1e-05,50.32,2.0296,3.5722
8254,stage2,5,0.08840776979923248,0.2916540503501892,0.0,0.08840776979923248,0.0001,1e-05,50.319,2.9821,1.0224
8255,stage2,5,0.08972509205341339,0.31248795986175537,0.0,0.08972509205341339,0.0001,1e-05,50.32,2.8082,0.6454
8256,stage2,5,0.09129391610622406,0.27045509219169617,0.0,0.09129391610622406,0.0001,1e-05,50.319,2.0388,0.6931
8257,stage2,5,0.07458878308534622,0.24112969636917114,0.0,0.07458878308534622,0.0001,1e-05,50.32,2.0436,0.6488
8258,stage2,5,0.0757182314991951,0.29048797488212585,0.0,0.0757182314991951,0.0001,1e-05,50.319,2.0841,0.6466
8259,stage2,5,0.090916208922863,0.2966412603855133,0.0,0.090916208922863,0.0001,1e-05,50.32,2.2663,0.6459
8260,stage2,5,0.07951976358890533,0.2607163190841675,0.0,0.07951976358890533,0.0001,1e-05,50.319,2.1488,0.6459
8261,stage2,5,0.07134679704904556,0.27653977274894714,0.0,0.07134679704904556,0.0001,1e-05,50.32,1.8976,3.492
8262,stage2,5,0.08687568455934525,0.2740224003791809,0.0,0.08687568455934525,0.0001,1e-05,50.319,2.2458,1.0593
8263,stage2,5,0.07999499887228012,0.25762230157852173,0.0,0.07999499887228012,0.0001,1e-05,50.32,1.8967,0.6519
8264,stage2,5,0.07635105401277542,0.2763173282146454,0.0,0.07635105401277542,0.0001,1e-05,50.319,1.7901,0.6421
8265,stage2,5,0.08875048905611038,0.27980658411979675,0.0,0.08875048905611038,0.0001,1e-05,50.32,2.2801,0.6424
8266,stage2,5,0.0811215341091156,0.2791483402252197,0.0,0.0811215341091156,0.0001,1e-05,50.319,1.9008,0.6426
8267,stage2,5,0.08726128190755844,0.26232537627220154,0.0,0.08726128190755844,0.0001,1e-05,50.32,1.9878,0.7001
8268,stage2,6,0.07291383296251297,0.2541341483592987,0.0,0.07291383296251297,0.0001,1e-05,50.319,2.0435,9.8235
8269,stage2,6,0.07835289090871811,0.30673497915267944,0.0,0.07835289090871811,0.0001,1e-05,50.32,1.991,0.6439
8270,stage2,6,0.08038652688264847,0.26426124572753906,0.0,0.08038652688264847,0.0001,1e-05,50.319,2.1272,0.6462
8271,stage2,6,0.07560864835977554,0.2645244002342224,0.0,0.07560864835977554,0.0001,1e-05,50.32,1.8341,0.6413
8272,stage2,6,0.08037081360816956,0.2687040865421295,0.0,0.08037081360816956,0.0001,1e-05,50.319,2.1345,0.6347
8273,stage2,6,0.0782635360956192,0.25772127509117126,0.0,0.0782635360956192,0.0001,1e-05,50.32,2.4699,0.6881
8274,stage2,6,0.0918075367808342,0.2707812488079071,0.0,0.0918075367808342,0.0001,1e-05,50.319,2.0597,0.6735
8275,stage2,6,0.08935388922691345,0.284532755613327,0.0,0.08935388922691345,0.0001,1e-05,50.32,2.1484,0.6429
8276,stage2,6,0.0894705057144165,0.26398026943206787,0.0,0.0894705057144165,0.0001,1e-05,50.319,1.9835,3.8738
8277,stage2,6,0.06689218431711197,0.2826450765132904,0.0,0.06689218431711197,0.0001,1e-05,50.32,1.6376,0.6414
8278,stage2,6,0.08093313127756119,0.27852803468704224,0.0,0.08093313127756119,0.0001,1e-05,50.319,1.6802,0.6756
8279,stage2,6,0.09425924718379974,0.2732897400856018,0.0,0.09425924718379974,0.0001,1e-05,50.32,1.9374,0.6603
8280,stage2,6,0.07726190239191055,0.24542774260044098,0.0,0.07726190239191055,0.0001,1e-05,50.319,1.9144,0.6465
8281,stage2,6,0.09802915900945663,0.2892993688583374,0.0,0.09802915900945663,0.0001,1e-05,50.32,1.9911,0.6442
8282,stage2,6,0.07732755690813065,0.22724461555480957,0.0,0.07732755690813065,0.0001,1e-05,50.319,2.1749,0.6444
8283,stage2,6,0.0780886858701706,0.28374284505844116,0.0,0.0780886858701706,0.0001,1e-05,50.32,2.0981,0.644
8284,stage2,6,0.07916878908872604,0.3140753507614136,0.0,0.07916878908872604,0.0001,1e-05,50.319,2.079,3.9494
8285,stage2,6,0.077217698097229,0.25860026478767395,0.0,0.077217698097229,0.0001,1e-05,50.32,1.951,0.643
8286,stage2,6,0.07482993602752686,0.3028724789619446,0.0,0.07482993602752686,0.0001,1e-05,50.319,1.811,0.6437
8287,stage2,6,0.08105494827032089,0.24692393839359283,0.0,0.08105494827032089,0.0001,1e-05,50.32,1.9669,0.6428
8288,stage2,6,0.07188936322927475,0.2727819085121155,0.0,0.07188936322927475,0.0001,1e-05,50.319,1.7104,0.6993
8289,stage2,6,0.07253853976726532,0.2860090434551239,0.0,0.07253853976726532,0.0001,1e-05,50.32,2.0478,0.6418
8290,stage2,6,0.0823068618774414,0.2755126357078552,0.0,0.0823068618774414,0.0001,1e-05,50.319,2.327,0.6437
8291,stage2,6,0.0855230763554573,0.2873847782611847,0.0,0.0855230763554573,0.0001,1e-05,50.32,2.0057,0.645
8292,stage2,6,0.0803602933883667,0.2778887152671814,0.0,0.0803602933883667,0.0001,1e-05,50.319,2.1579,3.8981
8293,stage2,6,0.07601237297058105,0.2807486355304718,0.0,0.07601237297058105,0.0001,1e-05,50.32,1.7011,0.6426
8294,stage2,6,0.0820542424917221,0.28343093395233154,0.0,0.0820542424917221,0.0001,1e-05,50.319,1.8804,0.6815
8295,stage2,6,0.07939234375953674,0.3042672872543335,0.0,0.07939234375953674,0.0001,1e-05,50.32,2.2233,0.6622
8296,stage2,6,0.08747555315494537,0.28547796607017517,0.0,0.08747555315494537,0.0001,1e-05,50.319,2.2012,0.6443
8297,stage2,6,0.09647175669670105,0.27117934823036194,0.0,0.09647175669670105,0.0001,1e-05,50.32,2.1628,0.6442
8298,stage2,6,0.07303252816200256,0.271208256483078,0.0,0.07303252816200256,0.0001,1e-05,50.319,1.7427,0.6441
8299,stage2,6,0.06978312134742737,0.32285961508750916,0.0,0.06978312134742737,0.0001,1e-05,50.32,2.0089,0.6493
