global_step,stage,dataset_epoch,flow_matching_loss,l1_loss,ph_loss,total_loss,lr_head,lr_backbone,vram_gb,grad_norm,step_time_s
0,stage1,0,0.9953099489212036,0.824545681476593,0.0,0.9953099489212036,0.0001,0.0,9.342,0.1017,9.9411
1,stage1,0,0.726144015789032,0.746453583240509,0.0,0.726144015789032,0.0001,0.0,9.474,0.097,0.2623
2,stage1,0,0.8757604956626892,0.7735438942909241,0.0,0.8757604956626892,0.0001,0.0,9.473,0.1382,0.2738
3,stage1,0,0.7727480530738831,0.7582070827484131,0.0,0.7727480530738831,0.0001,0.0,9.476,0.1342,0.2754
4,stage1,0,0.9074776768684387,0.8012227416038513,0.0,0.9074776768684387,0.0001,0.0,9.473,0.1551,0.275
5,stage1,0,0.8465660810470581,0.7865096926689148,0.0,0.8465660810470581,0.0001,0.0,9.476,0.1527,0.2751
6,stage1,0,0.837038516998291,0.7635630965232849,0.0,0.837038516998291,0.0001,0.0,9.475,0.1544,0.2763
7,stage1,0,0.9843010306358337,0.8139440417289734,0.0,0.9843010306358337,0.0001,0.0,9.477,0.1414,0.2758
8,stage1,0,0.7936156988143921,0.7554126977920532,0.0,0.7936156988143921,0.0001,0.0,9.474,0.1477,5.4994
9,stage1,0,0.7874919772148132,0.7576757669448853,0.0,0.7874919772148132,0.0001,0.0,9.477,0.1391,0.2827
10,stage1,0,0.8149257898330688,0.780028760433197,0.0,0.8149257898330688,0.0001,0.0,9.474,0.0666,0.2818
11,stage1,0,0.7843686938285828,0.7649387717247009,0.0,0.7843686938285828,0.0001,0.0,9.477,0.149,0.2763
12,stage1,0,0.8868703842163086,0.7897638082504272,0.0,0.8868703842163086,0.0001,0.0,9.474,0.0751,0.279
13,stage1,0,0.8149027228355408,0.7715931534767151,0.0,0.8149027228355408,0.0001,0.0,9.477,0.1249,0.2788
14,stage1,0,0.8501594066619873,0.7823228240013123,0.0,0.8501594066619873,0.0001,0.0,9.474,0.08,0.2759
15,stage1,0,0.8342635035514832,0.7797232270240784,0.0,0.8342635035514832,0.0001,0.0,9.477,0.1002,0.2759
16,stage1,0,0.805922269821167,0.7974337339401245,0.0,0.805922269821167,0.0001,0.0,9.474,0.0557,6.3896
17,stage1,0,0.8483880758285522,0.7765263319015503,0.0,0.8483880758285522,0.0001,0.0,9.477,0.1514,0.2785
18,stage1,0,0.7858370542526245,0.7360405921936035,0.0,0.7858370542526245,0.0001,0.0,9.474,0.0869,0.2765
19,stage1,0,0.7597205638885498,0.7636209726333618,0.0,0.7597205638885498,0.0001,0.0,9.477,0.0626,0.2759
20,stage1,0,0.7582100033760071,0.7342278361320496,0.0,0.7582100033760071,0.0001,0.0,9.474,0.1007,0.2765
21,stage1,0,0.7082973122596741,0.725316047668457,0.0,0.7082973122596741,0.0001,0.0,9.477,0.0714,0.2776
22,stage1,0,0.80757737159729,0.7765611410140991,0.0,0.80757737159729,0.0001,0.0,9.474,0.0767,0.2778
23,stage1,0,0.6954283714294434,0.7587401270866394,0.0,0.6954283714294434,0.0001,0.0,9.477,0.0481,0.2768
24,stage1,0,0.8528764843940735,0.7869979739189148,0.0,0.8528764843940735,0.0001,0.0,9.474,0.0813,6.5251
25,stage1,0,0.944489061832428,0.7930430769920349,0.0,0.944489061832428,0.0001,0.0,9.477,0.0785,0.2763
26,stage1,0,0.7886509299278259,0.7394010424613953,0.0,0.7886509299278259,0.0001,0.0,9.474,0.0521,0.2802
27,stage1,0,0.8324020504951477,0.747148334980011,0.0,0.8324020504951477,0.0001,0.0,9.477,0.078,0.2781
28,stage1,0,0.7761037349700928,0.7362469434738159,0.0,0.7761037349700928,0.0001,0.0,9.474,0.0954,0.2818
29,stage1,0,0.873820424079895,0.7906316518783569,0.0,0.873820424079895,0.0001,0.0,9.477,0.1013,0.2849
30,stage1,0,0.7512792944908142,0.7630611658096313,0.0,0.7512792944908142,0.0001,0.0,9.474,0.075,0.286
31,stage1,0,0.7981090545654297,0.7886451482772827,0.0,0.7981090545654297,0.0001,0.0,9.477,0.0803,0.2791
32,stage1,0,0.9300727844238281,0.8037838339805603,0.0,0.9300727844238281,0.0001,0.0,9.474,0.0592,6.5131
33,stage1,0,0.9106194972991943,0.806553065776825,0.0,0.9106194972991943,0.0001,0.0,9.477,0.0538,0.2766
34,stage1,0,0.790912389755249,0.7581762671470642,0.0,0.790912389755249,0.0001,0.0,9.474,0.1038,0.2771
35,stage1,0,0.7718442678451538,0.7403786182403564,0.0,0.7718442678451538,0.0001,0.0,9.477,0.0828,0.2775
36,stage1,0,0.7194766402244568,0.7571426033973694,0.0,0.7194766402244568,0.0001,0.0,9.474,0.064,0.2759
37,stage1,0,0.7968807816505432,0.7676658630371094,0.0,0.7968807816505432,0.0001,0.0,9.477,0.0754,0.2775
38,stage1,0,0.8315966725349426,0.7555907964706421,0.0,0.8315966725349426,0.0001,0.0,9.474,0.074,0.2772
39,stage1,0,0.836653470993042,0.7805823087692261,0.0,0.836653470993042,0.0001,0.0,9.477,0.0896,0.2774
40,stage1,0,0.8185082674026489,0.7759644389152527,0.0,0.8185082674026489,0.0001,0.0,9.474,0.1163,6.3664
41,stage1,0,0.7964198589324951,0.7393772006034851,0.0,0.7964198589324951,0.0001,0.0,9.477,0.2012,0.2769
42,stage1,0,0.8454106450080872,0.7543182373046875,0.0,0.8454106450080872,0.0001,0.0,9.474,0.0724,0.2762
43,stage1,0,0.7701693177223206,0.7346022725105286,0.0,0.7701693177223206,0.0001,0.0,9.477,0.1255,0.2782
44,stage1,0,0.8462474346160889,0.7859965562820435,0.0,0.8462474346160889,0.0001,0.0,9.474,0.0801,0.2761
45,stage1,0,0.7958624958992004,0.749998152256012,0.0,0.7958624958992004,0.0001,0.0,9.477,0.1531,0.2781
46,stage1,0,0.7688984870910645,0.7295094728469849,0.0,0.7688984870910645,0.0001,0.0,9.474,0.077,0.28
47,stage1,0,0.8119539022445679,0.7549006342887878,0.0,0.8119539022445679,0.0001,0.0,9.477,0.0667,0.2787
48,stage1,0,0.8976746201515198,0.7941297888755798,0.0,0.8976746201515198,0.0001,0.0,9.474,0.2321,6.3388
49,stage1,0,0.7252017855644226,0.7391947507858276,0.0,0.7252017855644226,0.0001,0.0,9.477,0.1322,0.268
50,stage1,0,0.8566374778747559,0.7424892783164978,0.0,0.8566374778747559,0.0001,0.0,9.474,0.1141,0.2747
51,stage1,0,0.7866714000701904,0.759615957736969,0.0,0.7866714000701904,0.0001,0.0,9.477,0.0881,0.2747
52,stage1,0,0.7743317484855652,0.7510325908660889,0.0,0.7743317484855652,0.0001,0.0,9.474,0.1056,0.2749
53,stage1,0,0.6648531556129456,0.7256559133529663,0.0,0.6648531556129456,0.0001,0.0,9.477,0.1046,0.2754
54,stage1,0,0.7827561497688293,0.741959810256958,0.0,0.7827561497688293,0.0001,0.0,9.474,0.1639,0.2754
55,stage1,0,0.7493366003036499,0.7695855498313904,0.0,0.7493366003036499,0.0001,0.0,9.477,0.1039,0.2746
56,stage1,0,0.7665873765945435,0.7562984824180603,0.0,0.7665873765945435,0.0001,0.0,9.474,0.122,6.2447
57,stage1,0,0.8717500567436218,0.7929130792617798,0.0,0.8717500567436218,0.0001,0.0,9.477,0.1207,0.2742
58,stage1,0,0.8104273676872253,0.7702599763870239,0.0,0.8104273676872253,0.0001,0.0,9.474,0.15,0.2751
59,stage1,0,0.6854974627494812,0.7475551962852478,0.0,0.6854974627494812,0.0001,0.0,9.477,0.2061,0.2754
60,stage1,0,0.6975178718566895,0.7255337238311768,0.0,0.6975178718566895,0.0001,0.0,9.474,0.1096,0.2752
61,stage1,0,0.7022218704223633,0.7344598770141602,0.0,0.7022218704223633,0.0001,0.0,9.477,0.1431,0.2751
62,stage1,0,0.8661512732505798,0.7936321496963501,0.0,0.8661512732505798,0.0001,0.0,9.474,0.1807,0.2769
63,stage1,0,0.7103402018547058,0.7275065779685974,0.0,0.7103402018547058,0.0001,0.0,9.477,0.1937,0.276
64,stage1,0,0.8006998896598816,0.7626894116401672,0.0,0.8006998896598816,0.0001,0.0,9.474,0.1316,6.2829
65,stage1,0,0.7786985039710999,0.7606337070465088,0.0,0.7786985039710999,0.0001,0.0,9.477,0.1506,0.279
66,stage1,0,0.7425504326820374,0.7355915904045105,0.0,0.7425504326820374,0.0001,0.0,9.474,0.496,0.2758
67,stage1,0,0.7141537666320801,0.7627432942390442,0.0,0.7141537666320801,0.0001,0.0,9.477,0.0911,0.2756
68,stage1,0,0.7137627601623535,0.7602828741073608,0.0,0.7137627601623535,0.0001,0.0,9.474,0.1659,0.2758
69,stage1,0,0.8984239101409912,0.8213850855827332,0.0,0.8984239101409912,0.0001,0.0,9.477,0.2427,0.2759
70,stage1,0,0.9202211499214172,0.7764630913734436,0.0,0.9202211499214172,0.0001,0.0,9.474,0.2272,0.2767
71,stage1,0,0.6424559354782104,0.7285176515579224,0.0,0.6424559354782104,0.0001,0.0,9.477,0.4188,0.2762
72,stage1,0,0.7391923666000366,0.7518793940544128,0.0,0.7391923666000366,0.0001,0.0,9.474,0.1453,6.3091
73,stage1,0,0.669687807559967,0.741373598575592,0.0,0.669687807559967,0.0001,0.0,9.477,0.1359,0.2754
74,stage1,0,0.7304378151893616,0.7306512594223022,0.0,0.7304378151893616,0.0001,0.0,9.474,0.1166,0.2761
75,stage1,0,0.6993417143821716,0.7705943584442139,0.0,0.6993417143821716,0.0001,0.0,9.477,0.1754,0.2756
76,stage1,0,0.8408030867576599,0.793412446975708,0.0,0.8408030867576599,0.0001,0.0,9.474,0.5689,0.2757
77,stage1,0,0.7575578689575195,0.7416016459465027,0.0,0.7575578689575195,0.0001,0.0,9.477,0.1279,0.276
78,stage1,0,0.8088318705558777,0.7583820223808289,0.0,0.8088318705558777,0.0001,0.0,9.474,0.11,0.2765
79,stage1,0,0.7420482635498047,0.7384403944015503,0.0,0.7420482635498047,0.0001,0.0,9.477,0.1356,0.2759
80,stage1,0,0.7854619026184082,0.7315700054168701,0.0,0.7854619026184082,0.0001,0.0,9.474,0.1232,6.1484
81,stage1,0,0.7844935059547424,0.7387679219245911,0.0,0.7844935059547424,0.0001,0.0,9.477,0.1328,0.2757
82,stage1,0,0.738584578037262,0.7529610395431519,0.0,0.738584578037262,0.0001,0.0,9.474,0.0919,0.277
83,stage1,0,0.8243376612663269,0.7435092329978943,0.0,0.8243376612663269,0.0001,0.0,9.477,0.114,0.2759
84,stage1,0,0.7756564617156982,0.7328757643699646,0.0,0.7756564617156982,0.0001,0.0,9.474,0.1278,0.2762
85,stage1,0,0.714881181716919,0.7662153840065002,0.0,0.714881181716919,0.0001,0.0,9.477,0.1056,0.2769
86,stage1,0,0.7831049561500549,0.7567509412765503,0.0,0.7831049561500549,0.0001,0.0,9.474,0.0864,0.2764
87,stage1,0,0.7160696983337402,0.7178150415420532,0.0,0.7160696983337402,0.0001,0.0,9.477,0.0829,0.2772
88,stage1,0,0.7301570773124695,0.733417272567749,0.0,0.7301570773124695,0.0001,0.0,9.474,0.1706,6.263
89,stage1,0,0.7225997447967529,0.7505220770835876,0.0,0.7225997447967529,0.0001,0.0,9.477,0.0914,0.2769
90,stage1,0,0.8401049971580505,0.7610931992530823,0.0,0.8401049971580505,0.0001,0.0,9.474,0.1054,0.2761
91,stage1,0,0.6986468434333801,0.7678948044776917,0.0,0.6986468434333801,0.0001,0.0,9.477,0.1047,0.2764
92,stage1,0,0.6990973353385925,0.7227327823638916,0.0,0.6990973353385925,0.0001,0.0,9.474,0.1044,0.2764
93,stage1,0,0.759060263633728,0.7377421855926514,0.0,0.759060263633728,0.0001,0.0,9.477,0.192,0.2765
94,stage1,0,0.8410739898681641,0.7681570053100586,0.0,0.8410739898681641,0.0001,0.0,9.474,0.1595,0.2765
95,stage1,0,0.7611964344978333,0.755685567855835,0.0,0.7611964344978333,0.0001,0.0,9.477,0.2048,0.2759
96,stage1,0,0.7185357213020325,0.7491986751556396,0.0,0.7185357213020325,0.0001,0.0,9.474,0.1052,6.2836
97,stage1,0,0.8434339761734009,0.7670735716819763,0.0,0.8434339761734009,0.0001,0.0,9.477,0.1188,0.276
98,stage1,0,0.7741488814353943,0.7313187122344971,0.0,0.7741488814353943,0.0001,0.0,9.474,0.2058,0.2761
99,stage1,0,0.8393714427947998,0.771742582321167,0.0,0.8393714427947998,0.0001,0.0,9.477,0.4951,0.2771
100,stage1,0,0.7176116704940796,0.7426871657371521,0.0,0.7176116704940796,0.0001,0.0,9.474,0.1447,0.2762
101,stage1,0,0.7451039552688599,0.7363240122795105,0.0,0.7451039552688599,0.0001,0.0,9.477,0.1621,0.2771
102,stage1,0,0.7051494717597961,0.7022287845611572,0.0,0.7051494717597961,0.0001,0.0,9.474,0.1269,0.2765
103,stage1,0,0.7583419680595398,0.7226741313934326,0.0,0.7583419680595398,0.0001,0.0,9.477,0.1586,0.2761
104,stage1,0,0.7039406299591064,0.7260879278182983,0.0,0.7039406299591064,0.0001,0.0,9.474,0.3042,6.3275
105,stage1,0,0.7940207719802856,0.7548753619194031,0.0,0.7940207719802856,0.0001,0.0,9.477,0.1618,0.276
106,stage1,0,0.6116679906845093,0.7272950410842896,0.0,0.6116679906845093,0.0001,0.0,9.474,0.1374,0.2768
107,stage1,0,0.7637386918067932,0.712400496006012,0.0,0.7637386918067932,0.0001,0.0,9.477,0.1623,0.2764
108,stage1,0,0.7696443796157837,0.7375844120979309,0.0,0.7696443796157837,0.0001,0.0,9.474,0.1671,0.2764
109,stage1,0,0.8064137697219849,0.7344018816947937,0.0,0.8064137697219849,0.0001,0.0,9.477,0.282,0.2762
110,stage1,0,0.7352415919303894,0.7450360059738159,0.0,0.7352415919303894,0.0001,0.0,9.474,0.1874,0.2768
111,stage1,0,0.7152649164199829,0.7178158760070801,0.0,0.7152649164199829,0.0001,0.0,9.477,0.1615,0.2768
112,stage1,0,0.7598763108253479,0.7196279764175415,0.0,0.7598763108253479,0.0001,0.0,9.474,0.3301,6.236
113,stage1,0,0.7219005823135376,0.6979604959487915,0.0,0.7219005823135376,0.0001,0.0,9.477,0.2053,0.2753
114,stage1,0,0.6853317618370056,0.720129132270813,0.0,0.6853317618370056,0.0001,0.0,9.474,0.2552,0.2808
115,stage1,0,0.6607913374900818,0.7081428170204163,0.0,0.6607913374900818,0.0001,0.0,9.477,0.4808,0.2762
116,stage1,0,0.7379425764083862,0.7334161996841431,0.0,0.7379425764083862,0.0001,0.0,9.474,0.1681,0.2772
117,stage1,0,0.7626485228538513,0.738670825958252,0.0,0.7626485228538513,0.0001,0.0,9.477,0.2186,0.2764
118,stage1,0,0.7334438562393188,0.722187876701355,0.0,0.7334438562393188,0.0001,0.0,9.474,0.4026,0.277
119,stage1,0,0.7117627263069153,0.7086005806922913,0.0,0.7117627263069153,0.0001,0.0,9.477,0.179,0.2771
120,stage1,0,0.7397864460945129,0.6873481273651123,0.0,0.7397864460945129,0.0001,0.0,9.474,0.2674,6.2408
121,stage1,0,0.7371500134468079,0.706070601940155,0.0,0.7371500134468079,0.0001,0.0,9.477,0.1825,0.2812
122,stage1,0,0.7048487663269043,0.6908756494522095,0.0,0.7048487663269043,0.0001,0.0,9.474,0.6037,0.2711
123,stage1,0,0.7789788246154785,0.6832605600357056,0.0,0.7789788246154785,0.0001,0.0,9.477,0.2242,0.2767
124,stage1,0,0.7283788919448853,0.703450083732605,0.0,0.7283788919448853,0.0001,0.0,9.474,0.3067,0.2772
125,stage1,0,0.7733126282691956,0.6973637342453003,0.0,0.7733126282691956,0.0001,0.0,9.477,0.4721,0.2778
126,stage1,0,0.7319731712341309,0.7142918705940247,0.0,0.7319731712341309,0.0001,0.0,9.474,0.2279,0.277
127,stage1,0,0.8107202649116516,0.7307271361351013,0.0,0.8107202649116516,0.0001,0.0,9.477,0.233,0.2774
128,stage1,0,0.8077170252799988,0.7184276580810547,0.0,0.8077170252799988,0.0001,0.0,9.474,0.3616,6.1857
129,stage1,0,0.7221678495407104,0.6836245656013489,0.0,0.7221678495407104,0.0001,0.0,9.477,0.2593,0.2762
130,stage1,0,0.8100020885467529,0.7244012355804443,0.0,0.8100020885467529,0.0001,0.0,9.474,0.2077,0.2771
131,stage1,0,0.6626476049423218,0.6902611255645752,0.0,0.6626476049423218,0.0001,0.0,9.477,0.3686,0.2766
132,stage1,0,0.7100095152854919,0.6815831661224365,0.0,0.7100095152854919,0.0001,0.0,9.474,0.3114,0.2772
133,stage1,0,0.6873679161071777,0.6831625699996948,0.0,0.6873679161071777,0.0001,0.0,9.477,0.3025,0.2773
134,stage1,0,0.6708027124404907,0.7029257416725159,0.0,0.6708027124404907,0.0001,0.0,9.474,0.2797,0.2775
135,stage1,0,0.761181116104126,0.7143847346305847,0.0,0.761181116104126,0.0001,0.0,9.477,0.5527,0.2777
136,stage1,0,0.681198000907898,0.6919519305229187,0.0,0.681198000907898,0.0001,0.0,9.474,0.2749,6.2276
137,stage1,0,0.7173605561256409,0.7141156792640686,0.0,0.7173605561256409,0.0001,0.0,9.477,0.2993,0.2759
138,stage1,0,0.6474354267120361,0.6935737729072571,0.0,0.6474354267120361,0.0001,0.0,9.474,0.2527,0.2808
139,stage1,0,0.6945935487747192,0.6860010623931885,0.0,0.6945935487747192,0.0001,0.0,9.477,0.5803,0.2774
140,stage1,0,0.6126585602760315,0.6544265747070312,0.0,0.6126585602760315,0.0001,0.0,9.474,0.2133,0.2775
141,stage1,0,0.6400689482688904,0.6972398161888123,0.0,0.6400689482688904,0.0001,0.0,9.477,0.2422,0.2771
142,stage1,0,0.6931904554367065,0.6755635142326355,0.0,0.6931904554367065,0.0001,0.0,9.474,0.3057,0.2773
143,stage1,0,0.6735280752182007,0.6841426491737366,0.0,0.6735280752182007,0.0001,0.0,9.477,0.2244,0.2782
144,stage1,0,0.6678204536437988,0.6810828447341919,0.0,0.6678204536437988,0.0001,0.0,9.474,0.2038,6.0886
145,stage1,0,0.7157156467437744,0.6579781770706177,0.0,0.7157156467437744,0.0001,0.0,9.477,0.3706,0.2768
146,stage1,0,0.5958123803138733,0.6561809182167053,0.0,0.5958123803138733,0.0001,0.0,9.474,0.1508,0.2774
147,stage1,0,0.6515932083129883,0.6482684016227722,0.0,0.6515932083129883,0.0001,0.0,9.477,0.3525,0.2767
148,stage1,0,0.7330337762832642,0.6928086876869202,0.0,0.7330337762832642,0.0001,0.0,9.474,0.4335,0.2776
149,stage1,0,0.6864160895347595,0.7028849124908447,0.0,0.6864160895347595,0.0001,0.0,9.477,0.5842,0.2769
150,stage1,0,0.6722566485404968,0.6749652028083801,0.0,0.6722566485404968,0.0001,0.0,9.474,0.498,0.2778
151,stage1,0,0.7660917639732361,0.6853277087211609,0.0,0.7660917639732361,0.0001,0.0,9.477,1.5953,0.2775
152,stage1,0,0.666921854019165,0.6956230401992798,0.0,0.666921854019165,0.0001,0.0,9.474,0.5749,6.2572
153,stage1,0,0.658632218837738,0.6686742901802063,0.0,0.658632218837738,0.0001,0.0,9.477,1.0743,0.2767
154,stage1,0,0.6660631895065308,0.6708145141601562,0.0,0.6660631895065308,0.0001,0.0,9.474,0.8288,0.2769
155,stage1,0,0.5232499241828918,0.637457549571991,0.0,0.5232499241828918,0.0001,0.0,9.477,0.5145,0.2769
156,stage1,0,0.6763562560081482,0.6797415018081665,0.0,0.6763562560081482,0.0001,0.0,9.474,0.5493,0.2772
157,stage1,0,0.6755900979042053,0.6970247030258179,0.0,0.6755900979042053,0.0001,0.0,9.477,1.0578,0.2771
158,stage1,0,0.6976688504219055,0.688893735408783,0.0,0.6976688504219055,0.0001,0.0,9.474,0.6063,0.2779
159,stage1,0,0.6888980865478516,0.6550512909889221,0.0,0.6888980865478516,0.0001,0.0,9.477,0.3803,0.2777
160,stage1,0,0.6710002422332764,0.6788094639778137,0.0,0.6710002422332764,0.0001,0.0,9.474,0.7837,6.2595
161,stage1,0,0.5970430970191956,0.6782415509223938,0.0,0.5970430970191956,0.0001,0.0,9.477,0.6739,0.2764
162,stage1,0,0.6590635180473328,0.6449154615402222,0.0,0.6590635180473328,0.0001,0.0,9.474,0.1992,0.4478
163,stage1,0,0.668535053730011,0.7097761034965515,0.0,0.668535053730011,0.0001,0.0,9.477,0.6291,0.272
164,stage1,0,0.6128942370414734,0.646769106388092,0.0,0.6128942370414734,0.0001,0.0,9.474,0.4296,0.277
165,stage1,0,0.6097109317779541,0.6460991501808167,0.0,0.6097109317779541,0.0001,0.0,9.477,0.5007,0.2772
166,stage1,0,0.660134494304657,0.705554723739624,0.0,0.660134494304657,0.0001,0.0,9.474,0.2897,0.2781
167,stage1,0,0.7530620098114014,0.713704526424408,0.0,0.7530620098114014,0.0001,0.0,9.477,0.3227,0.2773
168,stage1,0,0.7561358213424683,0.6846972703933716,0.0,0.7561358213424683,0.0001,0.0,9.474,0.7488,6.0915
169,stage1,0,0.6144561171531677,0.6602490544319153,0.0,0.6144561171531677,0.0001,0.0,9.477,0.8619,0.2753
170,stage1,0,0.5693110227584839,0.6633020043373108,0.0,0.5693110227584839,0.0001,0.0,9.474,0.28,0.277
171,stage1,0,0.747940719127655,0.716343343257904,0.0,0.747940719127655,0.0001,0.0,9.477,0.3531,0.2768
172,stage1,0,0.7506553530693054,0.6842043399810791,0.0,0.7506553530693054,0.0001,0.0,9.474,0.3795,0.2775
173,stage1,0,0.5779202580451965,0.6347148418426514,0.0,0.5779202580451965,0.0001,0.0,9.477,0.4149,0.2776
174,stage1,0,0.6489806771278381,0.6703015565872192,0.0,0.6489806771278381,0.0001,0.0,9.474,0.676,0.2779
175,stage1,0,0.6921207308769226,0.6972389817237854,0.0,0.6921207308769226,0.0001,0.0,9.477,0.7346,0.2779
176,stage1,0,0.673736035823822,0.6618181467056274,0.0,0.673736035823822,0.0001,0.0,9.474,0.2794,6.2123
177,stage1,0,0.7070247530937195,0.6721622943878174,0.0,0.7070247530937195,0.0001,0.0,9.477,0.4972,0.2771
178,stage1,0,0.6833220720291138,0.6753066778182983,0.0,0.6833220720291138,0.0001,0.0,9.474,1.0678,0.2773
179,stage1,0,0.6195409893989563,0.6633585095405579,0.0,0.6195409893989563,0.0001,0.0,9.477,0.546,0.2774
180,stage1,0,0.5656854510307312,0.641166627407074,0.0,0.5656854510307312,0.0001,0.0,9.474,0.5423,0.2775
181,stage1,0,0.5786459445953369,0.6672008037567139,0.0,0.5786459445953369,0.0001,0.0,9.477,0.6377,0.2771
182,stage1,0,0.6316232681274414,0.6592151522636414,0.0,0.6316232681274414,0.0001,0.0,9.474,0.6515,0.2781
183,stage1,0,0.6383497714996338,0.6832581162452698,0.0,0.6383497714996338,0.0001,0.0,9.477,0.7403,0.2768
184,stage1,0,0.531044602394104,0.62143874168396,0.0,0.531044602394104,0.0001,0.0,9.474,1.1705,6.2385
185,stage1,0,0.6040439009666443,0.6584412455558777,0.0,0.6040439009666443,0.0001,0.0,9.477,0.9501,0.2768
186,stage1,0,0.5824168920516968,0.6341987252235413,0.0,0.5824168920516968,0.0001,0.0,9.474,0.8308,0.2773
187,stage1,0,0.6548280715942383,0.6606301069259644,0.0,0.6548280715942383,0.0001,0.0,9.477,0.5421,0.2776
188,stage1,0,0.5600737929344177,0.6442538499832153,0.0,0.5600737929344177,0.0001,0.0,9.474,0.6707,0.2772
189,stage1,0,0.5578727126121521,0.6063154339790344,0.0,0.5578727126121521,0.0001,0.0,9.477,0.9712,0.2778
190,stage1,0,0.5659788846969604,0.6362169981002808,0.0,0.5659788846969604,0.0001,0.0,9.474,0.9496,0.2772
191,stage1,0,0.6219598650932312,0.6558801531791687,0.0,0.6219598650932312,0.0001,0.0,9.477,0.3944,0.2776
192,stage1,0,0.6083458662033081,0.6481857895851135,0.0,0.6083458662033081,0.0001,0.0,9.474,0.8242,6.3004
193,stage1,0,0.6358343958854675,0.6347344517707825,0.0,0.6358343958854675,0.0001,0.0,9.477,0.5402,0.2761
194,stage1,0,0.6503951549530029,0.6349990367889404,0.0,0.6503951549530029,0.0001,0.0,9.474,1.02,0.2771
195,stage1,0,0.6381222605705261,0.6353582739830017,0.0,0.6381222605705261,0.0001,0.0,9.477,0.4781,0.2776
196,stage1,0,0.5929770469665527,0.6247662901878357,0.0,0.5929770469665527,0.0001,0.0,9.474,0.6918,0.2773
197,stage1,0,0.5260820984840393,0.6328396797180176,0.0,0.5260820984840393,0.0001,0.0,9.477,0.4089,0.2775
198,stage1,0,0.665471076965332,0.6660526394844055,0.0,0.665471076965332,0.0001,0.0,9.474,0.9338,0.2774
199,stage1,0,0.566986620426178,0.6230841875076294,0.0,0.566986620426178,0.0001,0.0,9.477,0.5634,0.2771
200,stage1,0,0.6124022006988525,0.6468416452407837,0.0,0.6124022006988525,0.0001,0.0,9.474,0.7997,6.1379
201,stage1,0,0.6318455934524536,0.6410509347915649,0.0,0.6318455934524536,0.0001,0.0,9.477,1.5591,0.2759
202,stage1,0,0.5625375509262085,0.6564920544624329,0.0,0.5625375509262085,0.0001,0.0,9.474,0.3238,0.2764
203,stage1,0,0.6064950823783875,0.607696533203125,0.0,0.6064950823783875,0.0001,0.0,9.477,1.5553,0.2767
204,stage1,0,0.5623632073402405,0.6325541734695435,0.0,0.5623632073402405,0.0001,0.0,9.474,0.9509,0.2766
205,stage1,0,0.5592328310012817,0.6482211947441101,0.0,0.5592328310012817,0.0001,0.0,9.477,0.9653,0.2767
206,stage1,0,0.5930339694023132,0.6391518712043762,0.0,0.5930339694023132,0.0001,0.0,9.474,1.2061,0.2772
207,stage1,0,0.5813543796539307,0.6120933294296265,0.0,0.5813543796539307,0.0001,0.0,9.477,0.6404,0.2769
208,stage1,0,0.6101148724555969,0.6241547465324402,0.0,0.6101148724555969,0.0001,0.0,9.474,0.8778,6.269
209,stage1,0,0.6103196144104004,0.6104683876037598,0.0,0.6103196144104004,0.0001,0.0,9.477,1.543,0.2758
210,stage1,0,0.43905767798423767,0.5511329174041748,0.0,0.43905767798423767,0.0001,0.0,9.474,0.8682,0.2813
211,stage1,0,0.6096104383468628,0.6176105737686157,0.0,0.6096104383468628,0.0001,0.0,9.477,2.1739,0.2764
212,stage1,0,0.5681672096252441,0.5998392105102539,0.0,0.5681672096252441,0.0001,0.0,9.474,1.7022,0.2767
213,stage1,0,0.5168653726577759,0.6001394391059875,0.0,0.5168653726577759,0.0001,0.0,9.477,0.9599,0.2774
214,stage1,0,0.584062933921814,0.6262704730033875,0.0,0.584062933921814,0.0001,0.0,9.474,1.4582,0.2766
215,stage1,0,0.7476948499679565,0.6720696687698364,0.0,0.7476948499679565,0.0001,0.0,9.477,1.2527,0.2767
216,stage1,0,0.6513212323188782,0.6310561299324036,0.0,0.6513212323188782,0.0001,0.0,9.474,1.2458,6.3667
217,stage1,0,0.5790575742721558,0.5932056307792664,0.0,0.5790575742721558,0.0001,0.0,9.477,1.1968,0.2757
218,stage1,0,0.4406704008579254,0.5745031237602234,0.0,0.4406704008579254,0.0001,0.0,9.474,1.0959,0.2767
219,stage1,0,0.6432371735572815,0.6211168766021729,0.0,0.6432371735572815,0.0001,0.0,9.477,1.8055,0.2767
220,stage1,0,0.6149609088897705,0.6042030453681946,0.0,0.6149609088897705,0.0001,0.0,9.474,1.2838,0.2763
221,stage1,0,0.5467584133148193,0.5947844386100769,0.0,0.5467584133148193,0.0001,0.0,9.477,0.9325,0.2768
222,stage1,0,0.5934132933616638,0.6337918639183044,0.0,0.5934132933616638,0.0001,0.0,9.474,1.9455,0.2768
223,stage1,0,0.56231689453125,0.5945857763290405,0.0,0.56231689453125,0.0001,0.0,9.477,1.4712,0.2768
224,stage1,0,0.5670126676559448,0.6036953926086426,0.0,0.5670126676559448,0.0001,0.0,9.474,0.6517,6.2855
225,stage1,0,0.5147316455841064,0.6135987043380737,0.0,0.5147316455841064,0.0001,0.0,9.477,0.8331,0.2765
226,stage1,0,0.5403621196746826,0.6088993549346924,0.0,0.5403621196746826,0.0001,0.0,9.474,0.8253,0.2774
227,stage1,0,0.5695880651473999,0.5761121511459351,0.0,0.5695880651473999,0.0001,0.0,9.477,1.046,0.2775
228,stage1,0,0.6252306699752808,0.6200565695762634,0.0,0.6252306699752808,0.0001,0.0,9.474,1.5382,0.2777
229,stage1,0,0.5930771827697754,0.6283966302871704,0.0,0.5930771827697754,0.0001,0.0,9.477,1.5151,0.2772
230,stage1,0,0.48642629384994507,0.5924898982048035,0.0,0.48642629384994507,0.0001,0.0,9.474,0.5732,0.2776
231,stage1,0,0.5681845545768738,0.6297356486320496,0.0,0.5681845545768738,0.0001,0.0,9.477,0.5135,0.2776
232,stage1,0,0.6230244636535645,0.6378787755966187,0.0,0.6230244636535645,0.0001,0.0,9.474,0.6247,6.2256
233,stage1,0,0.5450581312179565,0.587192714214325,0.0,0.5450581312179565,0.0001,0.0,9.477,0.821,0.2772
234,stage1,0,0.520857572555542,0.5977215766906738,0.0,0.520857572555542,0.0001,0.0,9.474,0.9084,0.2766
235,stage1,0,0.5491717457771301,0.5918012857437134,0.0,0.5491717457771301,0.0001,0.0,9.477,1.4988,0.2773
236,stage1,0,0.5339170694351196,0.6082211136817932,0.0,0.5339170694351196,0.0001,0.0,9.474,0.6258,0.2776
237,stage1,0,0.5046626329421997,0.6015701293945312,0.0,0.5046626329421997,0.0001,0.0,9.477,1.41,0.2763
238,stage1,0,0.6063425540924072,0.622880756855011,0.0,0.6063425540924072,0.0001,0.0,9.474,0.6628,0.2767
239,stage1,0,0.5541725754737854,0.6098038554191589,0.0,0.5541725754737854,0.0001,0.0,9.477,1.4329,0.2765
240,stage1,0,0.6619789004325867,0.6494889259338379,0.0,0.6619789004325867,0.0001,0.0,9.474,1.1425,6.2403
241,stage1,0,0.5401662588119507,0.591584324836731,0.0,0.5401662588119507,0.0001,0.0,9.477,1.1535,0.2784
242,stage1,0,0.5360122919082642,0.5925992727279663,0.0,0.5360122919082642,0.0001,0.0,9.474,0.8938,0.277
243,stage1,0,0.5826937556266785,0.592106819152832,0.0,0.5826937556266785,0.0001,0.0,9.477,0.6364,0.2768
244,stage1,0,0.5193665027618408,0.5859927535057068,0.0,0.5193665027618408,0.0001,0.0,9.474,1.7808,0.2768
245,stage1,0,0.488131046295166,0.5474933385848999,0.0,0.488131046295166,0.0001,0.0,9.477,1.9493,0.2774
246,stage1,0,0.4833966791629791,0.5779566764831543,0.0,0.4833966791629791,0.0001,0.0,9.474,1.1911,0.2775
247,stage1,0,0.5282934904098511,0.603086531162262,0.0,0.5282934904098511,0.0001,0.0,9.477,0.6396,0.2777
248,stage1,0,0.5747203230857849,0.6011201739311218,0.0,0.5747203230857849,0.0001,0.0,9.474,1.7525,6.2305
249,stage1,0,0.5195518136024475,0.5898715853691101,0.0,0.5195518136024475,0.0001,0.0,9.477,1.2277,0.2759
250,stage1,0,0.5524137020111084,0.5884497761726379,0.0,0.5524137020111084,0.0001,0.0,9.474,0.6975,0.2775
251,stage1,0,0.563163697719574,0.5930790305137634,0.0,0.563163697719574,0.0001,0.0,9.477,1.2574,0.2768
252,stage1,0,0.5803330540657043,0.5981283783912659,0.0,0.5803330540657043,0.0001,0.0,9.474,1.0159,0.2772
253,stage1,0,0.523085355758667,0.5878804922103882,0.0,0.523085355758667,0.0001,0.0,9.477,0.7251,0.2766
254,stage1,0,0.5611841082572937,0.5960562825202942,0.0,0.5611841082572937,0.0001,0.0,9.474,0.6969,0.2779
255,stage1,0,0.5841519236564636,0.5978919863700867,0.0,0.5841519236564636,0.0001,0.0,9.477,0.6293,0.2776
256,stage1,0,0.5018885731697083,0.5773924589157104,0.0,0.5018885731697083,0.0001,0.0,9.474,0.6335,6.2404
257,stage1,0,0.5397220253944397,0.5687484741210938,0.0,0.5397220253944397,0.0001,0.0,9.477,0.9073,0.2769
258,stage1,0,0.5726037621498108,0.5870482325553894,0.0,0.5726037621498108,0.0001,0.0,9.474,0.8478,0.2771
259,stage1,0,0.5516687631607056,0.6022939085960388,0.0,0.5516687631607056,0.0001,0.0,9.477,0.6417,0.2776
260,stage1,0,0.5267305970191956,0.5822954177856445,0.0,0.5267305970191956,0.0001,0.0,9.474,0.6912,0.2766
261,stage1,0,0.5539119243621826,0.6008483171463013,0.0,0.5539119243621826,0.0001,0.0,9.477,0.6447,0.2776
262,stage1,0,0.48719528317451477,0.5426013469696045,0.0,0.48719528317451477,0.0001,0.0,9.474,0.8293,0.2775
263,stage1,0,0.489788293838501,0.5608065724372864,0.0,0.489788293838501,0.0001,0.0,9.477,0.6632,0.2771
264,stage1,0,0.5306615233421326,0.5720133781433105,0.0,0.5306615233421326,0.0001,0.0,9.474,0.5818,6.2391
265,stage1,0,0.4929782748222351,0.5539180040359497,0.0,0.4929782748222351,0.0001,0.0,9.477,0.9517,0.2763
266,stage1,0,0.45794013142585754,0.5526032447814941,0.0,0.45794013142585754,0.0001,0.0,9.474,0.8861,0.2772
267,stage1,0,0.6318804621696472,0.6079889535903931,0.0,0.6318804621696472,0.0001,0.0,9.477,0.5487,0.277
268,stage1,0,0.5147480964660645,0.5604705810546875,0.0,0.5147480964660645,0.0001,0.0,9.474,1.1003,0.2777
269,stage1,0,0.5264951586723328,0.575678825378418,0.0,0.5264951586723328,0.0001,0.0,9.477,1.0729,0.2772
270,stage1,0,0.5411911606788635,0.5977128744125366,0.0,0.5411911606788635,0.0001,0.0,9.474,1.5373,0.2779
271,stage1,0,0.4593554139137268,0.5736324787139893,0.0,0.4593554139137268,0.0001,0.0,9.477,0.756,0.2775
272,stage1,0,0.5717443227767944,0.5927972793579102,0.0,0.5717443227767944,0.0001,0.0,9.474,0.9897,6.2372
273,stage1,0,0.5212817192077637,0.5720292925834656,0.0,0.5212817192077637,0.0001,0.0,9.477,0.705,0.2764
274,stage1,0,0.5147218108177185,0.5726342797279358,0.0,0.5147218108177185,0.0001,0.0,9.474,1.5104,0.2776
275,stage1,0,0.37517455220222473,0.5058109164237976,0.0,0.37517455220222473,0.0001,0.0,9.477,1.1474,0.2779
276,stage1,0,0.5573615431785583,0.5870134234428406,0.0,0.5573615431785583,0.0001,0.0,9.474,0.9254,0.2772
277,stage1,0,0.54163658618927,0.6272232532501221,0.0,0.54163658618927,0.0001,0.0,9.477,1.043,0.2774
278,stage1,0,0.4834178388118744,0.5351578593254089,0.0,0.4834178388118744,0.0001,0.0,9.474,0.9,0.2773
279,stage1,0,0.48172661662101746,0.5659335255622864,0.0,0.48172661662101746,0.0001,0.0,9.477,0.921,0.2779
280,stage1,0,0.5387434959411621,0.5582500696182251,0.0,0.5387434959411621,0.0001,0.0,9.474,1.1654,6.3097
281,stage1,0,0.5041704773902893,0.6004599332809448,0.0,0.5041704773902893,0.0001,0.0,9.477,0.9033,0.2765
282,stage1,0,0.5562186241149902,0.5981022715568542,0.0,0.5562186241149902,0.0001,0.0,9.474,0.894,0.2769
283,stage1,0,0.5305927991867065,0.5728529095649719,0.0,0.5305927991867065,0.0001,0.0,9.477,0.7481,0.277
284,stage1,0,0.5339068174362183,0.5856961607933044,0.0,0.5339068174362183,0.0001,0.0,9.474,0.861,0.2775
285,stage1,0,0.5076786875724792,0.5734660029411316,0.0,0.5076786875724792,0.0001,0.0,9.477,0.8922,0.2769
286,stage1,0,0.4344483017921448,0.5290032625198364,0.0,0.4344483017921448,0.0001,0.0,9.474,0.6843,0.2774
287,stage1,0,0.5090897083282471,0.5757002234458923,0.0,0.5090897083282471,0.0001,0.0,9.477,0.6092,0.2778
288,stage1,0,0.42384985089302063,0.5294082164764404,0.0,0.42384985089302063,0.0001,0.0,9.474,0.9882,6.209
289,stage1,0,0.5448020100593567,0.576943576335907,0.0,0.5448020100593567,0.0001,0.0,9.477,0.9557,0.2768
290,stage1,0,0.5363816022872925,0.6045085191726685,0.0,0.5363816022872925,0.0001,0.0,9.474,1.3841,0.2766
291,stage1,0,0.5381002426147461,0.5465736389160156,0.0,0.5381002426147461,0.0001,0.0,9.477,0.8794,0.2775
292,stage1,0,0.4838367700576782,0.5533766746520996,0.0,0.4838367700576782,0.0001,0.0,9.474,1.2444,0.2782
293,stage1,0,0.48999616503715515,0.5583885908126831,0.0,0.48999616503715515,0.0001,0.0,9.477,1.1681,0.2785
294,stage1,0,0.556992769241333,0.5528272390365601,0.0,0.556992769241333,0.0001,0.0,9.474,1.1585,0.2778
295,stage1,0,0.5317840576171875,0.5687364935874939,0.0,0.5317840576171875,0.0001,0.0,9.477,1.7072,0.2776
296,stage1,0,0.4993269741535187,0.5643349885940552,0.0,0.4993269741535187,0.0001,0.0,9.474,1.3204,6.2484
297,stage1,0,0.5107702016830444,0.5366990566253662,0.0,0.5107702016830444,0.0001,0.0,9.477,1.3266,0.2765
298,stage1,0,0.5543286800384521,0.5896910429000854,0.0,0.5543286800384521,0.0001,0.0,9.474,1.5131,0.2773
299,stage1,0,0.5482349395751953,0.5707916021347046,0.0,0.5482349395751953,0.0001,0.0,9.477,1.3967,0.2771
300,stage1,0,0.5310437679290771,0.5764331221580505,0.0,0.5310437679290771,0.0001,0.0,9.474,1.2558,0.2775
301,stage1,0,0.5380103588104248,0.6035117506980896,0.0,0.5380103588104248,0.0001,0.0,9.477,0.8776,0.2778
302,stage1,0,0.5024415254592896,0.5601219534873962,0.0,0.5024415254592896,0.0001,0.0,9.474,1.987,0.2778
303,stage1,0,0.4953726530075073,0.5544474124908447,0.0,0.4953726530075073,0.0001,0.0,9.477,1.152,0.2776
304,stage1,0,0.5873753428459167,0.5988540053367615,0.0,0.5873753428459167,0.0001,0.0,9.474,1.0438,6.2714
305,stage1,0,0.4441198408603668,0.5308212637901306,0.0,0.4441198408603668,0.0001,0.0,9.477,1.2926,0.2761
306,stage1,0,0.46175071597099304,0.5306899547576904,0.0,0.46175071597099304,0.0001,0.0,9.474,1.0295,0.2776
307,stage1,0,0.5722280144691467,0.5754384398460388,0.0,0.5722280144691467,0.0001,0.0,9.477,2.1769,0.2774
308,stage1,0,0.5155389904975891,0.5417424440383911,0.0,0.5155389904975891,0.0001,0.0,9.474,1.162,0.2773
309,stage1,0,0.4643658697605133,0.5469809770584106,0.0,0.4643658697605133,0.0001,0.0,9.477,0.8203,0.2779
310,stage1,0,0.5095912218093872,0.5721229910850525,0.0,0.5095912218093872,0.0001,0.0,9.474,1.2553,0.2778
311,stage1,0,0.44330984354019165,0.5266936421394348,0.0,0.44330984354019165,0.0001,0.0,9.477,0.907,0.278
312,stage1,0,0.5373011231422424,0.5538423657417297,0.0,0.5373011231422424,0.0001,0.0,9.474,0.9731,6.2737
313,stage1,0,0.5110042095184326,0.5719348788261414,0.0,0.5110042095184326,0.0001,0.0,9.477,1.2624,0.2768
314,stage1,0,0.5506027936935425,0.5724354386329651,0.0,0.5506027936935425,0.0001,0.0,9.474,1.0565,0.2773
315,stage1,0,0.49062561988830566,0.5718480348587036,0.0,0.49062561988830566,0.0001,0.0,9.477,1.4594,0.2774
316,stage1,0,0.4796486794948578,0.5696385502815247,0.0,0.4796486794948578,0.0001,0.0,9.474,1.0259,0.2773
317,stage1,0,0.5380969643592834,0.5806143879890442,0.0,0.5380969643592834,0.0001,0.0,9.477,1.8806,0.2774
318,stage1,0,0.5330947637557983,0.5623666048049927,0.0,0.5330947637557983,0.0001,0.0,9.474,1.5829,0.2782
319,stage1,0,0.5258679389953613,0.5660871863365173,0.0,0.5258679389953613,0.0001,0.0,9.477,2.1306,0.2781
320,stage1,0,0.5154944062232971,0.5864278674125671,0.0,0.5154944062232971,0.0001,0.0,9.474,0.9287,6.1905
321,stage1,0,0.43371737003326416,0.536021888256073,0.0,0.43371737003326416,0.0001,0.0,9.477,1.1055,0.2774
322,stage1,0,0.4666867256164551,0.5409353971481323,0.0,0.4666867256164551,0.0001,0.0,9.474,1.2014,0.2774
323,stage1,0,0.41456276178359985,0.540230393409729,0.0,0.41456276178359985,0.0001,0.0,9.477,1.1327,0.2778
324,stage1,0,0.42141038179397583,0.5236241817474365,0.0,0.42141038179397583,0.0001,0.0,9.474,0.7256,0.2778
325,stage1,0,0.5114534497261047,0.5847323536872864,0.0,0.5114534497261047,0.0001,0.0,9.477,1.4596,0.2778
326,stage1,0,0.4574897885322571,0.5562354326248169,0.0,0.4574897885322571,0.0001,0.0,9.474,1.0556,0.2776
327,stage1,0,0.4343348443508148,0.5204123854637146,0.0,0.4343348443508148,0.0001,0.0,9.477,0.9619,0.2775
328,stage1,0,0.4472852349281311,0.5260128378868103,0.0,0.4472852349281311,0.0001,0.0,9.474,0.5547,6.2411
329,stage1,0,0.5245347023010254,0.5849718451499939,0.0,0.5245347023010254,0.0001,0.0,9.477,0.7988,0.2764
330,stage1,0,0.5189654231071472,0.5571408867835999,0.0,0.5189654231071472,0.0001,0.0,9.474,0.6443,0.2784
331,stage1,0,0.4743688404560089,0.5548949241638184,0.0,0.4743688404560089,0.0001,0.0,9.477,0.6421,0.2763
332,stage1,0,0.5325207114219666,0.5627577900886536,0.0,0.5325207114219666,0.0001,0.0,9.474,0.8276,0.2779
333,stage1,0,0.4144761264324188,0.5059763193130493,0.0,0.4144761264324188,0.0001,0.0,9.477,0.627,0.2776
334,stage1,0,0.5120400786399841,0.5744305849075317,0.0,0.5120400786399841,0.0001,0.0,9.474,1.0038,0.2784
335,stage1,0,0.47957053780555725,0.5452307462692261,0.0,0.47957053780555725,0.0001,0.0,9.477,0.8741,0.2776
336,stage1,0,0.45656800270080566,0.5411652326583862,0.0,0.45656800270080566,0.0001,0.0,9.474,1.1055,6.2604
337,stage1,0,0.42681771516799927,0.5517637729644775,0.0,0.42681771516799927,0.0001,0.0,9.477,0.647,0.2773
338,stage1,0,0.4381442070007324,0.5201759934425354,0.0,0.4381442070007324,0.0001,0.0,9.474,1.0308,0.2777
339,stage1,0,0.39920711517333984,0.5308611392974854,0.0,0.39920711517333984,0.0001,0.0,9.477,0.962,0.2774
340,stage1,0,0.47823888063430786,0.5264460444450378,0.0,0.47823888063430786,0.0001,0.0,9.474,0.6661,0.2781
341,stage1,0,0.5326934456825256,0.5847266912460327,0.0,0.5326934456825256,0.0001,0.0,9.477,0.967,0.2781
342,stage1,0,0.4603399932384491,0.5630910396575928,0.0,0.4603399932384491,0.0001,0.0,9.474,0.5897,0.2778
343,stage1,0,0.37065353989601135,0.5094132423400879,0.0,0.37065353989601135,0.0001,0.0,9.477,1.1679,0.278
344,stage1,0,0.44884490966796875,0.5748559236526489,0.0,0.44884490966796875,0.0001,0.0,9.474,1.0689,6.2543
345,stage1,0,0.45776844024658203,0.5401797294616699,0.0,0.45776844024658203,0.0001,0.0,9.477,0.7065,0.2775
346,stage1,0,0.4664498269557953,0.5412486791610718,0.0,0.4664498269557953,0.0001,0.0,9.474,1.0217,0.2776
347,stage1,0,0.5243808031082153,0.5663313865661621,0.0,0.5243808031082153,0.0001,0.0,9.477,1.0034,0.2775
348,stage1,0,0.5135856866836548,0.5308552384376526,0.0,0.5135856866836548,0.0001,0.0,9.474,0.9843,0.2783
349,stage1,0,0.4510880410671234,0.5423526763916016,0.0,0.4510880410671234,0.0001,0.0,9.477,0.5368,0.2783
350,stage1,0,0.47938162088394165,0.5376959443092346,0.0,0.47938162088394165,0.0001,0.0,9.474,1.0051,0.2777
351,stage1,0,0.4907606542110443,0.5707699656486511,0.0,0.4907606542110443,0.0001,0.0,9.477,1.408,0.2785
352,stage1,0,0.4533114731311798,0.5492153763771057,0.0,0.4533114731311798,0.0001,0.0,9.474,0.7725,6.0724
353,stage1,0,0.47927621006965637,0.5385875105857849,0.0,0.47927621006965637,0.0001,0.0,9.477,0.8057,0.2772
354,stage1,0,0.40810129046440125,0.5061410665512085,0.0,0.40810129046440125,0.0001,0.0,9.474,1.3054,0.2776
355,stage1,0,0.44391119480133057,0.5185753703117371,0.0,0.44391119480133057,0.0001,0.0,9.477,0.7841,0.278
356,stage1,0,0.4846024513244629,0.5632569789886475,0.0,0.4846024513244629,0.0001,0.0,9.474,1.0021,0.278
357,stage1,0,0.4386335611343384,0.5216439962387085,0.0,0.4386335611343384,0.0001,0.0,9.477,1.449,0.2783
358,stage1,0,0.39999666810035706,0.4928731918334961,0.0,0.39999666810035706,0.0001,0.0,9.474,1.196,0.2777
359,stage1,0,0.4285884201526642,0.5344018340110779,0.0,0.4285884201526642,0.0001,0.0,9.477,0.8048,0.2785
360,stage1,0,0.4286147356033325,0.5126669406890869,0.0,0.4286147356033325,0.0001,0.0,9.474,1.0142,6.1194
361,stage1,0,0.47386813163757324,0.5702130198478699,0.0,0.47386813163757324,0.0001,0.0,9.477,0.8511,0.2776
362,stage1,0,0.5230255722999573,0.5273746848106384,0.0,0.5230255722999573,0.0001,0.0,9.474,1.0892,0.2777
363,stage1,0,0.44940686225891113,0.5249412059783936,0.0,0.44940686225891113,0.0001,0.0,9.477,1.1958,0.2778
364,stage1,0,0.3861585855484009,0.5255805850028992,0.0,0.3861585855484009,0.0001,0.0,9.474,1.0339,0.2785
365,stage1,0,0.44798144698143005,0.5675444602966309,0.0,0.44798144698143005,0.0001,0.0,9.477,1.0597,0.2774
366,stage1,0,0.47486740350723267,0.5392101407051086,0.0,0.47486740350723267,0.0001,0.0,9.474,0.6504,0.2777
367,stage1,0,0.4672132730484009,0.5279791951179504,0.0,0.4672132730484009,0.0001,0.0,9.477,1.0256,0.2781
368,stage1,0,0.5231646299362183,0.5464352965354919,0.0,0.5231646299362183,0.0001,0.0,9.474,1.0731,6.0722
369,stage1,0,0.4433116018772125,0.4997575879096985,0.0,0.4433116018772125,0.0001,0.0,9.477,1.1738,0.2771
370,stage1,0,0.5159562826156616,0.5713090300559998,0.0,0.5159562826156616,0.0001,0.0,9.474,1.7838,0.2777
371,stage1,0,0.36538299918174744,0.48704808950424194,0.0,0.36538299918174744,0.0001,0.0,9.477,1.2752,0.2782
372,stage1,0,0.4517110288143158,0.5263615846633911,0.0,0.4517110288143158,0.0001,0.0,9.474,0.8626,0.2782
373,stage1,0,0.48145243525505066,0.5370531678199768,0.0,0.48145243525505066,0.0001,0.0,9.477,1.5715,0.2781
374,stage1,0,0.42046985030174255,0.5115386843681335,0.0,0.42046985030174255,0.0001,0.0,9.474,0.954,0.278
375,stage1,0,0.5598008632659912,0.5754840970039368,0.0,0.5598008632659912,0.0001,0.0,9.477,1.4315,0.2776
376,stage1,0,0.447733610868454,0.5418211817741394,0.0,0.447733610868454,0.0001,0.0,9.474,0.9341,6.2217
377,stage1,0,0.41239872574806213,0.512050211429596,0.0,0.41239872574806213,0.0001,0.0,9.477,0.7616,0.2762
378,stage1,0,0.42253637313842773,0.5140578150749207,0.0,0.42253637313842773,0.0001,0.0,9.474,0.7324,0.2776
379,stage1,0,0.4309130609035492,0.5205870866775513,0.0,0.4309130609035492,0.0001,0.0,9.477,0.8839,0.2771
380,stage1,0,0.4584817886352539,0.5565222501754761,0.0,0.4584817886352539,0.0001,0.0,9.474,1.5792,0.2781
381,stage1,0,0.38496506214141846,0.5076923370361328,0.0,0.38496506214141846,0.0001,0.0,9.477,1.0628,0.277
382,stage1,0,0.5040715336799622,0.5400316119194031,0.0,0.5040715336799622,0.0001,0.0,9.474,0.9745,0.2779
383,stage1,0,0.42358827590942383,0.5479816198348999,0.0,0.42358827590942383,0.0001,0.0,9.477,0.8828,0.2773
384,stage1,0,0.4915676712989807,0.5307763814926147,0.0,0.4915676712989807,0.0001,0.0,9.474,0.8195,6.1865
385,stage1,0,0.47088202834129333,0.5130141377449036,0.0,0.47088202834129333,0.0001,0.0,9.477,0.768,0.277
386,stage1,0,0.4994174838066101,0.5751258134841919,0.0,0.4994174838066101,0.0001,0.0,9.474,1.0546,0.2772
387,stage1,0,0.43320223689079285,0.5103391408920288,0.0,0.43320223689079285,0.0001,0.0,9.477,1.1622,0.2776
388,stage1,0,0.40918684005737305,0.493793249130249,0.0,0.40918684005737305,0.0001,0.0,9.474,0.6855,0.2766
389,stage1,0,0.4385278820991516,0.5299053192138672,0.0,0.4385278820991516,0.0001,0.0,9.477,1.037,0.2782
390,stage1,0,0.4268297851085663,0.5374040603637695,0.0,0.4268297851085663,0.0001,0.0,9.474,0.9891,0.2775
391,stage1,0,0.48996615409851074,0.5508595108985901,0.0,0.48996615409851074,0.0001,0.0,9.477,1.3025,0.2771
392,stage1,0,0.43939706683158875,0.5015155673027039,0.0,0.43939706683158875,0.0001,0.0,9.474,1.1851,6.4441
393,stage1,0,0.4545115828514099,0.5179245471954346,0.0,0.4545115828514099,0.0001,0.0,9.477,1.3259,0.2768
394,stage1,0,0.5014368295669556,0.5674587488174438,0.0,0.5014368295669556,0.0001,0.0,9.474,1.062,0.2777
395,stage1,0,0.4262499511241913,0.5219560861587524,0.0,0.4262499511241913,0.0001,0.0,9.477,0.8703,0.2776
396,stage1,0,0.5167439579963684,0.5383983850479126,0.0,0.5167439579963684,0.0001,0.0,9.474,2.1368,0.2779
397,stage1,0,0.4773779809474945,0.5790146589279175,0.0,0.4773779809474945,0.0001,0.0,9.477,1.6874,0.2781
398,stage1,0,0.4344598650932312,0.5498998761177063,0.0,0.4344598650932312,0.0001,0.0,9.474,0.9586,0.278
399,stage1,0,0.5104572176933289,0.5651824474334717,0.0,0.5104572176933289,0.0001,0.0,9.477,0.972,0.278
400,stage1,0,0.48472562432289124,0.5396063327789307,0.0,0.48472562432289124,0.0001,0.0,9.474,1.2909,6.1487
401,stage1,0,0.47909465432167053,0.5484448075294495,0.0,0.47909465432167053,0.0001,0.0,9.477,1.1511,0.2768
402,stage1,0,0.4167650640010834,0.5429601669311523,0.0,0.4167650640010834,0.0001,0.0,9.474,0.9727,0.2778
403,stage1,0,0.4374133348464966,0.5422186255455017,0.0,0.4374133348464966,0.0001,0.0,9.477,0.9149,0.2779
404,stage1,0,0.4237440228462219,0.49298176169395447,0.0,0.4237440228462219,0.0001,0.0,9.474,1.1471,0.2777
405,stage1,0,0.3956087827682495,0.5205832719802856,0.0,0.3956087827682495,0.0001,0.0,9.477,0.6464,0.2779
406,stage1,0,0.40588581562042236,0.5128603577613831,0.0,0.40588581562042236,0.0001,0.0,9.474,0.7234,0.2773
407,stage1,0,0.42595481872558594,0.5216615200042725,0.0,0.42595481872558594,0.0001,0.0,9.477,0.9407,0.2778
408,stage1,0,0.49175095558166504,0.5412234663963318,0.0,0.49175095558166504,0.0001,0.0,9.474,1.0886,6.1779
409,stage1,0,0.48993080854415894,0.5410707592964172,0.0,0.48993080854415894,0.0001,0.0,9.477,0.7857,0.2758
410,stage1,0,0.42798250913619995,0.5229511260986328,0.0,0.42798250913619995,0.0001,0.0,9.474,1.0009,0.278
411,stage1,0,0.3420995771884918,0.4773274064064026,0.0,0.3420995771884918,0.0001,0.0,9.477,0.7892,0.2772
412,stage1,0,0.4655035436153412,0.5657418370246887,0.0,0.4655035436153412,0.0001,0.0,9.474,0.6747,0.2786
413,stage1,0,0.375667005777359,0.5368340611457825,0.0,0.375667005777359,0.0001,0.0,9.477,0.8805,0.278
414,stage1,0,0.47083228826522827,0.5469425916671753,0.0,0.47083228826522827,0.0001,0.0,9.474,1.1678,0.2782
415,stage1,0,0.41329967975616455,0.5203781723976135,0.0,0.41329967975616455,0.0001,0.0,9.477,0.7675,0.2777
416,stage1,0,0.4107053279876709,0.5308611392974854,0.0,0.4107053279876709,0.0001,0.0,9.474,0.9526,6.146
417,stage1,0,0.3839361071586609,0.5088725686073303,0.0,0.3839361071586609,0.0001,0.0,9.477,0.8341,0.2771
418,stage1,0,0.5074930787086487,0.5504214763641357,0.0,0.5074930787086487,0.0001,0.0,9.474,1.7666,0.2776
419,stage1,0,0.40313291549682617,0.5029329657554626,0.0,0.40313291549682617,0.0001,0.0,9.477,0.7037,0.2782
420,stage1,0,0.43091002106666565,0.5189163684844971,0.0,0.43091002106666565,0.0001,0.0,9.474,0.7293,0.2777
421,stage1,0,0.5152058601379395,0.5452731847763062,0.0,0.5152058601379395,0.0001,0.0,9.477,0.9033,0.2781
422,stage1,0,0.4749014973640442,0.5569047927856445,0.0,0.4749014973640442,0.0001,0.0,9.474,1.8256,0.2785
423,stage1,0,0.4330233931541443,0.525314450263977,0.0,0.4330233931541443,0.0001,0.0,9.477,1.1456,0.2778
424,stage1,0,0.41549742221832275,0.47881975769996643,0.0,0.41549742221832275,0.0001,0.0,9.474,1.5138,6.1576
425,stage1,0,0.4705040454864502,0.5482897162437439,0.0,0.4705040454864502,0.0001,0.0,9.477,1.3274,0.2774
426,stage1,0,0.4457840919494629,0.5041159391403198,0.0,0.4457840919494629,0.0001,0.0,9.474,0.9364,0.2778
427,stage1,0,0.4156252145767212,0.522897481918335,0.0,0.4156252145767212,0.0001,0.0,9.477,1.1043,0.2775
428,stage1,0,0.4491616189479828,0.5274203419685364,0.0,0.4491616189479828,0.0001,0.0,9.474,1.0341,0.2782
429,stage1,0,0.4336089491844177,0.5175538063049316,0.0,0.4336089491844177,0.0001,0.0,9.477,0.9496,0.2776
430,stage1,0,0.4065636098384857,0.5148775577545166,0.0,0.4065636098384857,0.0001,0.0,9.474,0.9185,0.2781
431,stage1,0,0.43849074840545654,0.507408857345581,0.0,0.43849074840545654,0.0001,0.0,9.477,1.2157,0.2783
432,stage1,0,0.4995654225349426,0.534582257270813,0.0,0.4995654225349426,0.0001,0.0,9.474,0.9326,6.0586
433,stage1,0,0.3941727578639984,0.4947155714035034,0.0,0.3941727578639984,0.0001,0.0,9.477,0.7408,0.2775
434,stage1,0,0.4156077206134796,0.494245320558548,0.0,0.4156077206134796,0.0001,0.0,9.474,1.227,0.2809
435,stage1,0,0.471953809261322,0.5162939429283142,0.0,0.471953809261322,0.0001,0.0,9.477,1.075,0.2778
436,stage1,0,0.44478273391723633,0.5086750984191895,0.0,0.44478273391723633,0.0001,0.0,9.474,1.6352,0.2784
437,stage1,0,0.40839123725891113,0.4909554123878479,0.0,0.40839123725891113,0.0001,0.0,9.477,1.5463,0.2773
438,stage1,0,0.4494306147098541,0.5079742074012756,0.0,0.4494306147098541,0.0001,0.0,9.474,0.6862,0.2779
439,stage1,0,0.3215204179286957,0.47359752655029297,0.0,0.3215204179286957,0.0001,0.0,9.477,1.1773,0.2779
440,stage1,0,0.34444066882133484,0.47364741563796997,0.0,0.34444066882133484,0.0001,0.0,9.474,0.8917,6.1736
441,stage1,0,0.38530802726745605,0.48983410000801086,0.0,0.38530802726745605,0.0001,0.0,9.477,1.1468,0.2775
442,stage1,0,0.42332708835601807,0.5249893069267273,0.0,0.42332708835601807,0.0001,0.0,9.474,1.0828,0.2811
443,stage1,0,0.38070735335350037,0.49820801615715027,0.0,0.38070735335350037,0.0001,0.0,9.477,0.933,0.2774
444,stage1,0,0.3935557007789612,0.5111889839172363,0.0,0.3935557007789612,0.0001,0.0,9.474,0.8157,0.2777
445,stage1,0,0.4576796293258667,0.5167988538742065,0.0,0.4576796293258667,0.0001,0.0,9.477,1.0375,0.278
446,stage1,0,0.4583450257778168,0.5203052759170532,0.0,0.4583450257778168,0.0001,0.0,9.474,0.7143,0.2776
447,stage1,0,0.447907418012619,0.5353317856788635,0.0,0.447907418012619,0.0001,0.0,9.477,0.7392,0.278
448,stage1,0,0.3343941271305084,0.49961692094802856,0.0,0.3343941271305084,0.0001,0.0,9.474,1.2601,6.223
449,stage1,0,0.4050126373767853,0.47725680470466614,0.0,0.4050126373767853,0.0001,0.0,9.477,1.1669,0.2767
450,stage1,0,0.5319637060165405,0.5515618920326233,0.0,0.5319637060165405,0.0001,0.0,9.474,0.9761,0.2774
451,stage1,0,0.4286256432533264,0.5124783515930176,0.0,0.4286256432533264,0.0001,0.0,9.477,0.7567,0.2779
452,stage1,0,0.45992541313171387,0.5028501749038696,0.0,0.45992541313171387,0.0001,0.0,9.474,1.0378,0.2779
453,stage1,0,0.4362165331840515,0.49394628405570984,0.0,0.4362165331840515,0.0001,0.0,9.477,1.1722,0.2779
454,stage1,0,0.4067939817905426,0.5142239332199097,0.0,0.4067939817905426,0.0001,0.0,9.474,1.3124,0.2783
455,stage1,0,0.4180319309234619,0.5217845439910889,0.0,0.4180319309234619,0.0001,0.0,9.477,0.7534,0.278
456,stage1,0,0.43761444091796875,0.49360954761505127,0.0,0.43761444091796875,0.0001,0.0,9.474,0.7094,6.0934
457,stage1,0,0.4317307770252228,0.5235865712165833,0.0,0.4317307770252228,0.0001,0.0,9.477,0.9294,0.2766
458,stage1,0,0.4514032006263733,0.5222553014755249,0.0,0.4514032006263733,0.0001,0.0,9.474,1.3045,0.2779
459,stage1,0,0.4169435203075409,0.5313594937324524,0.0,0.4169435203075409,0.0001,0.0,9.477,1.7246,0.2791
460,stage1,0,0.4252096712589264,0.5225955247879028,0.0,0.4252096712589264,0.0001,0.0,9.474,0.8069,0.2785
461,stage1,0,0.3946334421634674,0.5177435874938965,0.0,0.3946334421634674,0.0001,0.0,9.477,0.9951,0.2779
462,stage1,0,0.46821653842926025,0.5342369079589844,0.0,0.46821653842926025,0.0001,0.0,9.474,1.359,0.2776
463,stage1,0,0.4111558496952057,0.513637900352478,0.0,0.4111558496952057,0.0001,0.0,9.477,1.0707,0.2777
464,stage1,0,0.3783119320869446,0.48592609167099,0.0,0.3783119320869446,0.0001,0.0,9.474,1.3912,6.1701
465,stage1,0,0.42156127095222473,0.5466775894165039,0.0,0.42156127095222473,0.0001,0.0,9.477,1.0912,0.2768
466,stage1,0,0.38335713744163513,0.5361055731773376,0.0,0.38335713744163513,0.0001,0.0,9.474,1.0093,0.2771
467,stage1,0,0.41623520851135254,0.5271382927894592,0.0,0.41623520851135254,0.0001,0.0,9.477,0.6291,0.2774
468,stage1,0,0.5198377370834351,0.5569412708282471,0.0,0.5198377370834351,0.0001,0.0,9.474,1.4491,0.2773
469,stage1,0,0.45039844512939453,0.5409021377563477,0.0,0.45039844512939453,0.0001,0.0,9.477,1.2097,0.2772
470,stage1,0,0.3855963945388794,0.5175769925117493,0.0,0.3855963945388794,0.0001,0.0,9.474,1.411,0.2785
471,stage1,0,0.41825467348098755,0.4948885142803192,0.0,0.41825467348098755,0.0001,0.0,9.477,0.8386,0.2777
472,stage1,0,0.48805001378059387,0.5461130142211914,0.0,0.48805001378059387,0.0001,0.0,9.474,0.9462,6.1536
473,stage1,0,0.4751841723918915,0.5404357314109802,0.0,0.4751841723918915,0.0001,0.0,9.477,2.353,0.2762
474,stage1,0,0.3957211673259735,0.511297345161438,0.0,0.3957211673259735,0.0001,0.0,9.474,1.4161,0.2778
475,stage1,0,0.46027448773384094,0.5154457092285156,0.0,0.46027448773384094,0.0001,0.0,9.477,0.8958,0.2778
476,stage1,0,0.4533018171787262,0.49622437357902527,0.0,0.4533018171787262,0.0001,0.0,9.474,1.0108,0.2778
477,stage1,0,0.35877394676208496,0.4886683225631714,0.0,0.35877394676208496,0.0001,0.0,9.477,0.6403,0.2775
478,stage1,0,0.34534063935279846,0.49951112270355225,0.0,0.34534063935279846,0.0001,0.0,9.474,1.1808,0.2776
479,stage1,0,0.3919387757778168,0.5066453814506531,0.0,0.3919387757778168,0.0001,0.0,9.477,0.9171,0.2778
480,stage1,0,0.4326244294643402,0.5303089022636414,0.0,0.4326244294643402,0.0001,0.0,9.474,1.0735,6.1536
481,stage1,0,0.32614922523498535,0.47374823689460754,0.0,0.32614922523498535,0.0001,0.0,9.477,1.1678,0.2764
482,stage1,0,0.4112998843193054,0.49712803959846497,0.0,0.4112998843193054,0.0001,0.0,9.474,1.1515,0.2775
483,stage1,0,0.46573591232299805,0.5271003246307373,0.0,0.46573591232299805,0.0001,0.0,9.477,0.8099,0.2774
484,stage1,0,0.41412073373794556,0.5025180578231812,0.0,0.41412073373794556,0.0001,0.0,9.474,0.7411,0.2778
485,stage1,0,0.36974915862083435,0.5229883790016174,0.0,0.36974915862083435,0.0001,0.0,9.477,0.8238,0.277
486,stage1,0,0.40427473187446594,0.5061991214752197,0.0,0.40427473187446594,0.0001,0.0,9.474,1.0313,0.2779
487,stage1,0,0.3883953392505646,0.4909606873989105,0.0,0.3883953392505646,0.0001,0.0,9.477,0.6029,0.2774
488,stage1,0,0.4113520681858063,0.5143529772758484,0.0,0.4113520681858063,0.0001,0.0,9.474,0.9703,6.0657
489,stage1,0,0.4023314118385315,0.5225768685340881,0.0,0.4023314118385315,0.0001,0.0,9.477,1.3999,0.2772
490,stage1,0,0.4895622730255127,0.5180699825286865,0.0,0.4895622730255127,0.0001,0.0,9.474,0.9118,0.2804
491,stage1,0,0.44516104459762573,0.5319647192955017,0.0,0.44516104459762573,0.0001,0.0,9.477,1.1177,0.2776
492,stage1,0,0.45436814427375793,0.5264735817909241,0.0,0.45436814427375793,0.0001,0.0,9.474,1.264,0.2772
493,stage1,0,0.46111395955085754,0.5253860354423523,0.0,0.46111395955085754,0.0001,0.0,9.477,1.1884,0.2777
494,stage1,0,0.44028639793395996,0.5256873965263367,0.0,0.44028639793395996,0.0001,0.0,9.474,0.8188,0.2774
495,stage1,0,0.4090918302536011,0.4952605366706848,0.0,0.4090918302536011,0.0001,0.0,9.477,0.6864,0.2776
496,stage1,0,0.4603072702884674,0.5246204733848572,0.0,0.4603072702884674,0.0001,0.0,9.474,1.3082,6.1316
497,stage1,0,0.4083169996738434,0.4967082738876343,0.0,0.4083169996738434,0.0001,0.0,9.477,1.0122,0.2763
498,stage1,0,0.36253681778907776,0.497538298368454,0.0,0.36253681778907776,0.0001,0.0,9.474,0.8263,0.2798
499,stage1,0,0.41500023007392883,0.5279365181922913,0.0,0.41500023007392883,0.0001,0.0,9.477,0.8447,0.2767
500,stage1,0,0.48237335681915283,0.5347781777381897,0.0,0.48237335681915283,0.0001,0.0,9.474,0.867,0.2778
501,stage1,0,0.3765949308872223,0.4676398038864136,0.0,0.3765949308872223,0.0001,0.0,9.477,0.8447,0.277
502,stage1,0,0.44478562474250793,0.5574187636375427,0.0,0.44478562474250793,0.0001,0.0,9.474,0.6398,0.2776
503,stage1,0,0.4141934812068939,0.5249624252319336,0.0,0.4141934812068939,0.0001,0.0,9.477,0.7891,0.2778
504,stage1,0,0.4079191982746124,0.5209863185882568,0.0,0.4079191982746124,0.0001,0.0,9.474,0.9345,6.1682
505,stage1,0,0.4219798743724823,0.5110744833946228,0.0,0.4219798743724823,0.0001,0.0,9.477,0.9602,0.2769
506,stage1,0,0.39384904503822327,0.5168379545211792,0.0,0.39384904503822327,0.0001,0.0,9.474,0.8806,0.2771
507,stage1,0,0.4253751337528229,0.5064864158630371,0.0,0.4253751337528229,0.0001,0.0,9.477,0.8951,0.2768
508,stage1,0,0.4165607988834381,0.48026272654533386,0.0,0.4165607988834381,0.0001,0.0,9.474,0.6872,0.2773
509,stage1,0,0.400752454996109,0.49382853507995605,0.0,0.400752454996109,0.0001,0.0,9.477,0.7312,0.2774
510,stage1,0,0.3845498263835907,0.48887333273887634,0.0,0.3845498263835907,0.0001,0.0,9.474,0.9518,0.2774
511,stage1,0,0.40249890089035034,0.5053519010543823,0.0,0.40249890089035034,0.0001,0.0,9.477,0.5965,0.278
512,stage1,0,0.4509994685649872,0.5403348803520203,0.0,0.4509994685649872,0.0001,0.0,9.474,0.9461,6.1243
513,stage1,0,0.4271550476551056,0.5274023413658142,0.0,0.4271550476551056,0.0001,0.0,9.477,0.9795,0.2762
514,stage1,0,0.3424283266067505,0.5203814506530762,0.0,0.3424283266067505,0.0001,0.0,9.474,0.8469,0.2771
515,stage1,0,0.4046558439731598,0.5032510161399841,0.0,0.4046558439731598,0.0001,0.0,9.477,1.1703,0.278
516,stage1,0,0.35289865732192993,0.4936257302761078,0.0,0.35289865732192993,0.0001,0.0,9.474,0.9869,0.2777
517,stage1,0,0.3299229145050049,0.49956634640693665,0.0,0.3299229145050049,0.0001,0.0,9.477,0.8483,0.278
518,stage1,0,0.45713290572166443,0.5208582282066345,0.0,0.45713290572166443,0.0001,0.0,9.474,1.1528,0.2782
519,stage1,0,0.33509865403175354,0.4984336495399475,0.0,0.33509865403175354,0.0001,0.0,9.477,0.5246,0.2772
520,stage1,0,0.38821694254875183,0.49165618419647217,0.0,0.38821694254875183,0.0001,0.0,9.474,1.1386,6.2182
521,stage1,0,0.42021727561950684,0.5057194828987122,0.0,0.42021727561950684,0.0001,0.0,9.477,1.1231,0.277
522,stage1,0,0.42943429946899414,0.4863094985485077,0.0,0.42943429946899414,0.0001,0.0,9.474,0.8812,0.2776
523,stage1,0,0.5039594769477844,0.5215205550193787,0.0,0.5039594769477844,0.0001,0.0,9.477,0.6685,0.2778
524,stage1,0,0.36001870036125183,0.4883544147014618,0.0,0.36001870036125183,0.0001,0.0,9.474,0.9432,0.2776
525,stage1,0,0.49066707491874695,0.5449300408363342,0.0,0.49066707491874695,0.0001,0.0,9.477,1.0518,0.2773
526,stage1,0,0.4301203191280365,0.5006073713302612,0.0,0.4301203191280365,0.0001,0.0,9.474,0.8453,0.2781
527,stage1,0,0.47953367233276367,0.5442523956298828,0.0,0.47953367233276367,0.0001,0.0,9.477,0.994,0.2776
528,stage1,0,0.4029369354248047,0.48856765031814575,0.0,0.4029369354248047,0.0001,0.0,9.474,0.9314,6.1926
529,stage1,0,0.4993131458759308,0.5053642988204956,0.0,0.4993131458759308,0.0001,0.0,9.477,0.9928,0.2768
530,stage1,0,0.4211757183074951,0.486646443605423,0.0,0.4211757183074951,0.0001,0.0,9.474,1.7144,0.2769
531,stage1,0,0.4123392105102539,0.5069059133529663,0.0,0.4123392105102539,0.0001,0.0,9.477,0.6544,0.2774
532,stage1,0,0.50046306848526,0.55487060546875,0.0,0.50046306848526,0.0001,0.0,9.474,1.2419,0.2773
533,stage1,0,0.4561413824558258,0.5274074077606201,0.0,0.4561413824558258,0.0001,0.0,9.477,1.2706,0.2772
534,stage1,0,0.4015659689903259,0.4952239692211151,0.0,0.4015659689903259,0.0001,0.0,9.474,1.0168,0.2775
535,stage1,0,0.44079354405403137,0.5262739658355713,0.0,0.44079354405403137,0.0001,0.0,9.477,1.1798,0.2781
536,stage1,0,0.3709941506385803,0.48457860946655273,0.0,0.3709941506385803,0.0001,0.0,9.474,0.7019,6.2834
537,stage1,0,0.3864794075489044,0.48101165890693665,0.0,0.3864794075489044,0.0001,0.0,9.477,1.0649,0.2763
538,stage1,0,0.3966400921344757,0.5154711604118347,0.0,0.3966400921344757,0.0001,0.0,9.474,1.0388,0.2773
539,stage1,0,0.39693212509155273,0.5066009759902954,0.0,0.39693212509155273,0.0001,0.0,9.477,0.8508,0.2776
540,stage1,0,0.46234050393104553,0.5420474410057068,0.0,0.46234050393104553,0.0001,0.0,9.474,0.8662,0.2773
541,stage1,0,0.3602721095085144,0.48385584354400635,0.0,0.3602721095085144,0.0001,0.0,9.477,1.1971,0.2781
542,stage1,0,0.36565646529197693,0.4722849130630493,0.0,0.36565646529197693,0.0001,0.0,9.474,0.645,0.2776
543,stage1,0,0.34900981187820435,0.47774866223335266,0.0,0.34900981187820435,0.0001,0.0,9.477,1.5609,0.2778
544,stage1,0,0.4190143048763275,0.5212042927742004,0.0,0.4190143048763275,0.0001,0.0,9.474,0.972,6.3334
545,stage1,0,0.36449870467185974,0.5059602856636047,0.0,0.36449870467185974,0.0001,0.0,9.477,0.7762,0.2763
546,stage1,0,0.3571004867553711,0.4793352484703064,0.0,0.3571004867553711,0.0001,0.0,9.474,0.8896,0.2769
547,stage1,0,0.3737410306930542,0.5454891920089722,0.0,0.3737410306930542,0.0001,0.0,9.477,1.4423,0.2774
548,stage1,0,0.3865828514099121,0.5064409375190735,0.0,0.3865828514099121,0.0001,0.0,9.474,1.0972,0.2776
549,stage1,0,0.4283163547515869,0.5255681276321411,0.0,0.4283163547515869,0.0001,0.0,9.477,0.8371,0.2774
550,stage1,0,0.3817621171474457,0.47071853280067444,0.0,0.3817621171474457,0.0001,0.0,9.474,0.5945,0.2773
551,stage1,0,0.38795265555381775,0.49281075596809387,0.0,0.38795265555381775,0.0001,0.0,9.477,1.0796,0.278
552,stage1,0,0.4229389429092407,0.5278834104537964,0.0,0.4229389429092407,0.0001,0.0,9.474,1.4894,6.1065
553,stage1,0,0.388444185256958,0.47647541761398315,0.0,0.388444185256958,0.0001,0.0,9.477,0.7464,0.2769
554,stage1,0,0.40088701248168945,0.5017750263214111,0.0,0.40088701248168945,0.0001,0.0,9.474,0.9969,0.2776
555,stage1,0,0.4334697127342224,0.529304563999176,0.0,0.4334697127342224,0.0001,0.0,9.477,1.1675,0.2771
556,stage1,0,0.3587721586227417,0.5005211234092712,0.0,0.3587721586227417,0.0001,0.0,9.474,1.0719,0.2775
557,stage1,0,0.41634270548820496,0.5242958068847656,0.0,0.41634270548820496,0.0001,0.0,9.477,1.1782,0.2775
558,stage1,0,0.47298723459243774,0.5397323966026306,0.0,0.47298723459243774,0.0001,0.0,9.474,1.4999,0.2774
559,stage1,0,0.41361647844314575,0.49886637926101685,0.0,0.41361647844314575,0.0001,0.0,9.477,0.7405,0.2778
560,stage1,0,0.37832117080688477,0.4962865710258484,0.0,0.37832117080688477,0.0001,0.0,9.474,0.8613,6.2112
561,stage1,0,0.43281644582748413,0.5243093967437744,0.0,0.43281644582748413,0.0001,0.0,9.477,0.8331,0.2764
562,stage1,0,0.36686256527900696,0.4825551211833954,0.0,0.36686256527900696,0.0001,0.0,9.474,0.6724,0.2836
563,stage1,0,0.3874116837978363,0.5011105537414551,0.0,0.3874116837978363,0.0001,0.0,9.477,0.8992,0.2757
564,stage1,0,0.4192521870136261,0.511655867099762,0.0,0.4192521870136261,0.0001,0.0,9.474,1.0967,0.277
565,stage1,0,0.4371259808540344,0.494700163602829,0.0,0.4371259808540344,0.0001,0.0,9.477,0.8247,0.2779
566,stage1,0,0.3961573839187622,0.49080920219421387,0.0,0.3961573839187622,0.0001,0.0,9.474,0.8152,0.2777
567,stage1,0,0.37476015090942383,0.5155004858970642,0.0,0.37476015090942383,0.0001,0.0,9.477,0.5044,0.2781
568,stage1,0,0.3340265452861786,0.48781365156173706,0.0,0.3340265452861786,0.0001,0.0,9.474,1.0664,6.1679
569,stage1,0,0.4807860255241394,0.5255962610244751,0.0,0.4807860255241394,0.0001,0.0,9.477,1.2058,0.2765
570,stage1,0,0.39210379123687744,0.5005927681922913,0.0,0.39210379123687744,0.0001,0.0,9.474,1.017,0.2769
571,stage1,0,0.3500032126903534,0.48841702938079834,0.0,0.3500032126903534,0.0001,0.0,9.477,0.7008,0.2779
572,stage1,0,0.34407782554626465,0.4887988269329071,0.0,0.34407782554626465,0.0001,0.0,9.474,0.7597,0.2775
573,stage1,0,0.3952518701553345,0.5084617733955383,0.0,0.3952518701553345,0.0001,0.0,9.477,1.5667,0.2783
574,stage1,0,0.38420310616493225,0.48347753286361694,0.0,0.38420310616493225,0.0001,0.0,9.474,1.3241,0.2784
575,stage1,0,0.3632534444332123,0.49526187777519226,0.0,0.3632534444332123,0.0001,0.0,9.477,0.8164,0.2776
576,stage1,0,0.3926600217819214,0.4919620752334595,0.0,0.3926600217819214,0.0001,0.0,9.474,0.9558,6.1834
577,stage1,0,0.37481507658958435,0.4742051362991333,0.0,0.37481507658958435,0.0001,0.0,9.477,0.895,0.2748
578,stage1,0,0.38333064317703247,0.5237088799476624,0.0,0.38333064317703247,0.0001,0.0,9.474,1.143,0.2815
579,stage1,0,0.39957740902900696,0.525368869304657,0.0,0.39957740902900696,0.0001,0.0,9.477,1.2976,0.2732
580,stage1,0,0.4648256003856659,0.5239591598510742,0.0,0.4648256003856659,0.0001,0.0,9.474,1.1525,0.278
581,stage1,0,0.36758697032928467,0.5109907388687134,0.0,0.36758697032928467,0.0001,0.0,9.477,0.6843,0.2775
582,stage1,0,0.440346896648407,0.509418785572052,0.0,0.440346896648407,0.0001,0.0,9.474,1.0482,0.2779
583,stage1,0,0.38717934489250183,0.4832642078399658,0.0,0.38717934489250183,0.0001,0.0,9.477,0.8745,0.278
584,stage1,0,0.34818580746650696,0.46467480063438416,0.0,0.34818580746650696,0.0001,0.0,9.474,0.7093,6.2324
585,stage1,0,0.4338131844997406,0.5080985426902771,0.0,0.4338131844997406,0.0001,0.0,9.477,0.9821,0.2792
586,stage1,0,0.4454258382320404,0.517313539981842,0.0,0.4454258382320404,0.0001,0.0,9.474,0.8685,0.2835
587,stage1,0,0.3845626413822174,0.5109215378761292,0.0,0.3845626413822174,0.0001,0.0,9.477,1.0407,0.2758
588,stage1,0,0.4510782063007355,0.4961889684200287,0.0,0.4510782063007355,0.0001,0.0,9.474,1.015,0.2776
589,stage1,0,0.4047524929046631,0.49922117590904236,0.0,0.4047524929046631,0.0001,0.0,9.477,0.7817,0.2774
590,stage1,0,0.33230990171432495,0.45187437534332275,0.0,0.33230990171432495,0.0001,0.0,9.474,0.9017,0.2781
591,stage1,0,0.34148797392845154,0.4804031252861023,0.0,0.34148797392845154,0.0001,0.0,9.477,0.7393,0.2777
592,stage1,0,0.4399162530899048,0.5133037567138672,0.0,0.4399162530899048,0.0001,0.0,9.474,1.3428,6.1709
593,stage1,0,0.3257907032966614,0.46285587549209595,0.0,0.3257907032966614,0.0001,0.0,9.477,0.5441,0.2764
594,stage1,0,0.39587095379829407,0.4833827018737793,0.0,0.39587095379829407,0.0001,0.0,9.474,1.0064,0.2778
595,stage1,0,0.3672802746295929,0.5204060673713684,0.0,0.3672802746295929,0.0001,0.0,9.477,0.8317,0.2812
596,stage1,0,0.3695186972618103,0.4958799481391907,0.0,0.3695186972618103,0.0001,0.0,9.474,1.248,0.2777
597,stage1,0,0.3729068636894226,0.4661473333835602,0.0,0.3729068636894226,0.0001,0.0,9.477,1.0111,0.2773
598,stage1,0,0.3008616864681244,0.47586512565612793,0.0,0.3008616864681244,0.0001,0.0,9.474,0.8612,0.2782
599,stage1,0,0.3966478705406189,0.5207378268241882,0.0,0.3966478705406189,0.0001,0.0,9.477,0.7551,0.2781
600,stage1,0,0.4097548723220825,0.49127545952796936,0.0,0.4097548723220825,0.0001,0.0,9.474,0.8392,6.2105
601,stage1,0,0.4243367612361908,0.49054813385009766,0.0,0.4243367612361908,0.0001,0.0,9.477,0.9031,0.277
602,stage1,0,0.3944447338581085,0.48106253147125244,0.0,0.3944447338581085,0.0001,0.0,9.474,0.849,0.2823
603,stage1,0,0.4602002501487732,0.5271353125572205,0.0,0.4602002501487732,0.0001,0.0,9.477,0.8696,0.2762
604,stage1,0,0.34928956627845764,0.4693739414215088,0.0,0.34928956627845764,0.0001,0.0,9.474,0.7243,0.2776
605,stage1,0,0.3928771913051605,0.48268216848373413,0.0,0.3928771913051605,0.0001,0.0,9.477,0.5914,0.2776
606,stage1,0,0.39805370569229126,0.4997832775115967,0.0,0.39805370569229126,0.0001,0.0,9.474,0.6111,0.2774
607,stage1,0,0.3543975353240967,0.471926212310791,0.0,0.3543975353240967,0.0001,0.0,9.477,0.6575,0.2779
608,stage1,0,0.370981901884079,0.483076274394989,0.0,0.370981901884079,0.0001,0.0,9.474,0.6626,6.193
609,stage1,0,0.3709372580051422,0.4878592789173126,0.0,0.3709372580051422,0.0001,0.0,9.477,0.8002,0.2782
610,stage1,0,0.3588581085205078,0.4717092514038086,0.0,0.3588581085205078,0.0001,0.0,9.474,0.554,0.2773
611,stage1,0,0.3788939118385315,0.49880197644233704,0.0,0.3788939118385315,0.0001,0.0,9.477,0.773,0.2779
612,stage1,0,0.38028407096862793,0.48007968068122864,0.0,0.38028407096862793,0.0001,0.0,9.474,1.0089,0.2772
613,stage1,0,0.3527963161468506,0.5131829380989075,0.0,0.3527963161468506,0.0001,0.0,9.477,1.0408,0.2776
614,stage1,0,0.37756189703941345,0.47116538882255554,0.0,0.37756189703941345,0.0001,0.0,9.474,0.7571,0.2777
615,stage1,0,0.34239187836647034,0.4773062467575073,0.0,0.34239187836647034,0.0001,0.0,9.477,0.6446,0.2781
616,stage1,0,0.3751237988471985,0.5261402726173401,0.0,0.3751237988471985,0.0001,0.0,9.474,1.106,6.1779
617,stage1,0,0.3473995625972748,0.4938611388206482,0.0,0.3473995625972748,0.0001,0.0,9.477,0.8132,0.2763
618,stage1,0,0.4210599958896637,0.5209235548973083,0.0,0.4210599958896637,0.0001,0.0,9.474,0.6944,0.2774
619,stage1,0,0.40270742774009705,0.5196162462234497,0.0,0.40270742774009705,0.0001,0.0,9.477,0.585,0.2776
620,stage1,0,0.48176950216293335,0.5453860759735107,0.0,0.48176950216293335,0.0001,0.0,9.474,1.2924,0.2771
621,stage1,0,0.49027493596076965,0.5431457161903381,0.0,0.49027493596076965,0.0001,0.0,9.477,1.227,0.2773
622,stage1,0,0.3773104250431061,0.4887869656085968,0.0,0.3773104250431061,0.0001,0.0,9.474,0.7495,0.2774
623,stage1,0,0.38001546263694763,0.4890021085739136,0.0,0.38001546263694763,0.0001,0.0,9.477,0.9403,0.2777
624,stage1,0,0.43725094199180603,0.533768355846405,0.0,0.43725094199180603,0.0001,0.0,9.474,1.2072,6.2942
625,stage1,0,0.3867518901824951,0.5045897364616394,0.0,0.3867518901824951,0.0001,0.0,9.477,0.8988,0.2769
626,stage1,0,0.3354506194591522,0.4811097979545593,0.0,0.3354506194591522,0.0001,0.0,9.474,0.6445,0.2807
627,stage1,0,0.3755403459072113,0.47268927097320557,0.0,0.3755403459072113,0.0001,0.0,9.477,0.7192,0.2767
628,stage1,0,0.3647257387638092,0.48491373658180237,0.0,0.3647257387638092,0.0001,0.0,9.474,0.7783,0.2773
629,stage1,0,0.4430406391620636,0.47532403469085693,0.0,0.4430406391620636,0.0001,0.0,9.477,1.0413,0.2784
630,stage1,0,0.3579387068748474,0.4719439744949341,0.0,0.3579387068748474,0.0001,0.0,9.474,1.0994,0.2776
631,stage1,0,0.3789885938167572,0.4695952832698822,0.0,0.3789885938167572,0.0001,0.0,9.477,0.7101,0.2781
632,stage1,0,0.42006435990333557,0.5043061971664429,0.0,0.42006435990333557,0.0001,0.0,9.474,1.0435,6.1833
633,stage1,0,0.3268536925315857,0.4810406565666199,0.0,0.3268536925315857,0.0001,0.0,9.477,0.7636,0.2711
634,stage1,0,0.422652930021286,0.4849046766757965,0.0,0.422652930021286,0.0001,0.0,9.474,0.7937,0.2771
635,stage1,0,0.37789344787597656,0.5083604454994202,0.0,0.37789344787597656,0.0001,0.0,9.477,1.2522,0.2779
636,stage1,0,0.35146135091781616,0.47420206665992737,0.0,0.35146135091781616,0.0001,0.0,9.474,0.9278,0.2775
637,stage1,0,0.4225071370601654,0.4973013699054718,0.0,0.4225071370601654,0.0001,0.0,9.477,0.7834,0.2782
638,stage1,0,0.3897879719734192,0.4836769998073578,0.0,0.3897879719734192,0.0001,0.0,9.474,1.1072,0.2781
639,stage1,0,0.43823060393333435,0.49672815203666687,0.0,0.43823060393333435,0.0001,0.0,9.477,1.0744,0.2771
640,stage1,0,0.3944026529788971,0.5094485282897949,0.0,0.3944026529788971,0.0001,0.0,9.474,0.618,6.205
641,stage1,0,0.3300991654396057,0.4548501670360565,0.0,0.3300991654396057,0.0001,0.0,9.477,0.993,0.2769
642,stage1,0,0.37837323546409607,0.4816523492336273,0.0,0.37837323546409607,0.0001,0.0,9.474,0.5868,0.2772
643,stage1,0,0.34420567750930786,0.48354145884513855,0.0,0.34420567750930786,0.0001,0.0,9.477,0.8773,0.2782
644,stage1,0,0.3596869707107544,0.4837792217731476,0.0,0.3596869707107544,0.0001,0.0,9.474,0.7385,0.2778
645,stage1,0,0.3447820842266083,0.48314276337623596,0.0,0.3447820842266083,0.0001,0.0,9.477,0.6802,0.2777
646,stage1,0,0.27519354224205017,0.44770124554634094,0.0,0.27519354224205017,0.0001,0.0,9.474,0.6837,0.2768
647,stage1,0,0.38773635029792786,0.48325666785240173,0.0,0.38773635029792786,0.0001,0.0,9.477,0.8846,0.2782
648,stage1,0,0.447854220867157,0.5018305778503418,0.0,0.447854220867157,0.0001,0.0,9.474,0.9582,6.0824
649,stage1,0,0.36397308111190796,0.48261556029319763,0.0,0.36397308111190796,0.0001,0.0,9.477,0.7308,0.2765
650,stage1,0,0.3525698482990265,0.4569668471813202,0.0,0.3525698482990265,0.0001,0.0,9.474,0.8819,0.277
651,stage1,0,0.4027417302131653,0.4980607032775879,0.0,0.4027417302131653,0.0001,0.0,9.477,1.2359,0.2767
652,stage1,0,0.3999246060848236,0.5081468224525452,0.0,0.3999246060848236,0.0001,0.0,9.474,0.8237,0.2773
653,stage1,0,0.3630255460739136,0.49961429834365845,0.0,0.3630255460739136,0.0001,0.0,9.477,0.7585,0.277
654,stage1,0,0.3427523374557495,0.4588383138179779,0.0,0.3427523374557495,0.0001,0.0,9.474,0.7645,0.2777
655,stage1,0,0.46389806270599365,0.520609438419342,0.0,0.46389806270599365,0.0001,0.0,9.477,0.9968,0.278
656,stage1,0,0.3265814483165741,0.4909229576587677,0.0,0.3265814483165741,0.0001,0.0,9.474,1.3775,6.2049
657,stage1,0,0.32047802209854126,0.4679805338382721,0.0,0.32047802209854126,0.0001,0.0,9.477,0.6913,0.277
658,stage1,0,0.3582885265350342,0.4655626118183136,0.0,0.3582885265350342,0.0001,0.0,9.474,0.629,0.2798
659,stage1,0,0.428056001663208,0.5162642002105713,0.0,0.428056001663208,0.0001,0.0,9.477,0.7745,0.2762
660,stage1,0,0.4269885718822479,0.5049347877502441,0.0,0.4269885718822479,0.0001,0.0,9.474,0.8604,0.2772
661,stage1,0,0.3668842315673828,0.49648961424827576,0.0,0.3668842315673828,0.0001,0.0,9.477,1.1809,0.2782
662,stage1,0,0.4076594412326813,0.4976489245891571,0.0,0.4076594412326813,0.0001,0.0,9.474,1.4027,0.2775
663,stage1,0,0.3563077747821808,0.46945834159851074,0.0,0.3563077747821808,0.0001,0.0,9.477,0.7636,0.2776
664,stage1,0,0.33653467893600464,0.46841466426849365,0.0,0.33653467893600464,0.0001,0.0,9.474,0.5057,6.2837
665,stage1,0,0.32634207606315613,0.47581490874290466,0.0,0.32634207606315613,0.0001,0.0,9.477,0.7901,0.2776
666,stage1,0,0.399507999420166,0.5227815508842468,0.0,0.399507999420166,0.0001,0.0,9.474,1.2619,0.2774
667,stage1,0,0.48904553055763245,0.5166932940483093,0.0,0.48904553055763245,0.0001,0.0,9.477,1.1306,0.2768
668,stage1,0,0.33605730533599854,0.46013322472572327,0.0,0.33605730533599854,0.0001,0.0,9.474,0.8159,0.2781
669,stage1,0,0.3807148039340973,0.4801117777824402,0.0,0.3807148039340973,0.0001,0.0,9.477,0.8255,0.2772
670,stage1,0,0.3105390965938568,0.4425777196884155,0.0,0.3105390965938568,0.0001,0.0,9.474,0.559,0.2771
671,stage1,0,0.3822190463542938,0.5171087980270386,0.0,0.3822190463542938,0.0001,0.0,9.477,0.6822,0.2772
672,stage1,0,0.35764750838279724,0.46486297249794006,0.0,0.35764750838279724,0.0001,0.0,9.474,0.802,6.1442
673,stage1,0,0.3865221440792084,0.4689968228340149,0.0,0.3865221440792084,0.0001,0.0,9.477,1.1041,0.2775
674,stage1,0,0.3882903456687927,0.4953586459159851,0.0,0.3882903456687927,0.0001,0.0,9.474,1.0309,0.2768
675,stage1,0,0.37639421224594116,0.4908151924610138,0.0,0.37639421224594116,0.0001,0.0,9.477,0.7069,0.2769
676,stage1,0,0.4535459280014038,0.5097251534461975,0.0,0.4535459280014038,0.0001,0.0,9.474,1.0701,0.2782
677,stage1,0,0.4404934346675873,0.5279828310012817,0.0,0.4404934346675873,0.0001,0.0,9.477,1.3078,0.2774
678,stage1,0,0.30960047245025635,0.45300042629241943,0.0,0.30960047245025635,0.0001,0.0,9.474,0.6785,0.2777
679,stage1,0,0.4279598295688629,0.49730387330055237,0.0,0.4279598295688629,0.0001,0.0,9.477,1.2039,0.2782
680,stage1,0,0.3836735486984253,0.5035974383354187,0.0,0.3836735486984253,0.0001,0.0,9.474,0.8167,6.1356
681,stage1,0,0.3615723252296448,0.46383675932884216,0.0,0.3615723252296448,0.0001,0.0,9.477,0.819,0.2768
682,stage1,0,0.38478904962539673,0.4767801761627197,0.0,0.38478904962539673,0.0001,0.0,9.474,0.9588,0.2773
683,stage1,0,0.2940669059753418,0.4392499625682831,0.0,0.2940669059753418,0.0001,0.0,9.477,0.744,0.2773
684,stage1,0,0.3721688389778137,0.4885452091693878,0.0,0.3721688389778137,0.0001,0.0,9.474,0.8238,0.2775
685,stage1,0,0.34433406591415405,0.48925432562828064,0.0,0.34433406591415405,0.0001,0.0,9.477,0.9209,0.2775
686,stage1,0,0.37449944019317627,0.47833120822906494,0.0,0.37449944019317627,0.0001,0.0,9.474,0.8548,0.2775
687,stage1,0,0.3988061845302582,0.4937521517276764,0.0,0.3988061845302582,0.0001,0.0,9.477,0.7494,0.2779
688,stage1,0,0.46959733963012695,0.5491006374359131,0.0,0.46959733963012695,0.0001,0.0,9.474,1.3566,6.1692
689,stage1,0,0.40970560908317566,0.49706390500068665,0.0,0.40970560908317566,0.0001,0.0,9.477,0.8515,0.2763
690,stage1,0,0.3478843569755554,0.48502328991889954,0.0,0.3478843569755554,0.0001,0.0,9.474,0.7118,0.2807
691,stage1,0,0.39899367094039917,0.5305936336517334,0.0,0.39899367094039917,0.0001,0.0,9.477,0.7879,0.2762
692,stage1,0,0.34337514638900757,0.46045321226119995,0.0,0.34337514638900757,0.0001,0.0,9.474,0.9116,0.2763
693,stage1,0,0.3606662154197693,0.46026158332824707,0.0,0.3606662154197693,0.0001,0.0,9.477,0.9067,0.2765
694,stage1,0,0.27759405970573425,0.44843167066574097,0.0,0.27759405970573425,0.0001,0.0,9.474,0.5358,0.2766
695,stage1,0,0.36520346999168396,0.4719998836517334,0.0,0.36520346999168396,0.0001,0.0,9.477,0.686,0.2769
696,stage1,0,0.4082441031932831,0.4724358320236206,0.0,0.4082441031932831,0.0001,0.0,9.474,1.1484,6.1684
697,stage1,0,0.4457123875617981,0.49982786178588867,0.0,0.4457123875617981,0.0001,0.0,9.477,1.4179,0.2815
698,stage1,0,0.40495720505714417,0.522453248500824,0.0,0.40495720505714417,0.0001,0.0,9.474,0.9347,0.2756
699,stage1,0,0.4231480658054352,0.481507807970047,0.0,0.4231480658054352,0.0001,0.0,9.477,0.7831,0.2764
700,stage1,0,0.43151646852493286,0.499220609664917,0.0,0.43151646852493286,0.0001,0.0,9.474,0.9216,0.2776
701,stage1,0,0.41144245862960815,0.5156509280204773,0.0,0.41144245862960815,0.0001,0.0,9.477,0.8669,0.2777
702,stage1,0,0.41986408829689026,0.48158615827560425,0.0,0.41986408829689026,0.0001,0.0,9.474,0.8973,0.2774
703,stage1,0,0.36598435044288635,0.47459328174591064,0.0,0.36598435044288635,0.0001,0.0,9.477,0.741,0.2776
704,stage1,0,0.4195414185523987,0.48876243829727173,0.0,0.4195414185523987,0.0001,0.0,9.474,0.6282,6.2656
705,stage1,0,0.34855201840400696,0.47990337014198303,0.0,0.34855201840400696,0.0001,0.0,9.477,0.7611,0.2805
706,stage1,0,0.416756808757782,0.5017775893211365,0.0,0.416756808757782,0.0001,0.0,9.474,0.7039,0.2775
707,stage1,0,0.37866050004959106,0.48093873262405396,0.0,0.37866050004959106,0.0001,0.0,9.477,0.8075,0.2769
708,stage1,0,0.40845000743865967,0.5016832947731018,0.0,0.40845000743865967,0.0001,0.0,9.474,1.0088,0.2772
709,stage1,0,0.3652833104133606,0.5088250041007996,0.0,0.3652833104133606,0.0001,0.0,9.477,0.8906,0.2773
710,stage1,0,0.3680024743080139,0.4782579243183136,0.0,0.3680024743080139,0.0001,0.0,9.474,0.9045,0.2772
711,stage1,0,0.46682459115982056,0.4989539682865143,0.0,0.46682459115982056,0.0001,0.0,9.477,0.838,0.2775
712,stage1,0,0.3097430169582367,0.4377846121788025,0.0,0.3097430169582367,0.0001,0.0,9.474,0.782,6.2537
713,stage1,0,0.4210086464881897,0.4812813401222229,0.0,0.4210086464881897,0.0001,0.0,9.477,1.0241,0.2822
714,stage1,0,0.34924179315567017,0.4693804085254669,0.0,0.34924179315567017,0.0001,0.0,9.474,0.6163,0.2767
715,stage1,0,0.4064757823944092,0.4989260733127594,0.0,0.4064757823944092,0.0001,0.0,9.477,0.7273,0.2772
716,stage1,0,0.3685263693332672,0.4689784348011017,0.0,0.3685263693332672,0.0001,0.0,9.474,0.7827,0.2777
717,stage1,0,0.35153552889823914,0.49390333890914917,0.0,0.35153552889823914,0.0001,0.0,9.477,0.8566,0.2773
718,stage1,0,0.35612404346466064,0.4942505955696106,0.0,0.35612404346466064,0.0001,0.0,9.474,0.82,0.2772
719,stage1,0,0.3758307993412018,0.4732092320919037,0.0,0.3758307993412018,0.0001,0.0,9.477,0.9055,0.2784
720,stage1,0,0.3805517256259918,0.4730209410190582,0.0,0.3805517256259918,0.0001,0.0,9.474,0.8036,6.1882
721,stage1,0,0.32955560088157654,0.4788750410079956,0.0,0.32955560088157654,0.0001,0.0,9.477,0.7643,0.2764
722,stage1,0,0.32365623116493225,0.46657854318618774,0.0,0.32365623116493225,0.0001,0.0,9.474,0.6191,0.2771
723,stage1,0,0.37693527340888977,0.47500160336494446,0.0,0.37693527340888977,0.0001,0.0,9.477,1.2274,0.2773
724,stage1,0,0.3664967119693756,0.47768959403038025,0.0,0.3664967119693756,0.0001,0.0,9.474,0.9026,0.2774
725,stage1,0,0.42131543159484863,0.4859890639781952,0.0,0.42131543159484863,0.0001,0.0,9.477,1.0766,0.2779
726,stage1,0,0.3882582187652588,0.4796867072582245,0.0,0.3882582187652588,0.0001,0.0,9.474,1.1085,0.2769
727,stage1,0,0.3426649868488312,0.49085432291030884,0.0,0.3426649868488312,0.0001,0.0,9.477,1.3243,0.2772
728,stage1,0,0.2972695231437683,0.47774070501327515,0.0,0.2972695231437683,0.0001,0.0,9.474,0.7926,6.2205
729,stage1,0,0.31606224179267883,0.4566221237182617,0.0,0.31606224179267883,0.0001,0.0,9.477,0.6312,0.2797
730,stage1,0,0.34168875217437744,0.4506789445877075,0.0,0.34168875217437744,0.0001,0.0,9.474,0.6981,0.2768
731,stage1,0,0.30513063073158264,0.4502720832824707,0.0,0.30513063073158264,0.0001,0.0,9.477,0.8271,0.2769
732,stage1,0,0.3676123023033142,0.46916061639785767,0.0,0.3676123023033142,0.0001,0.0,9.474,0.9604,0.2768
733,stage1,0,0.2654581665992737,0.45908766984939575,0.0,0.2654581665992737,0.0001,0.0,9.477,0.4829,0.2775
734,stage1,0,0.354199081659317,0.4614238142967224,0.0,0.354199081659317,0.0001,0.0,9.474,0.8793,0.2773
735,stage1,0,0.38099968433380127,0.49182233214378357,0.0,0.38099968433380127,0.0001,0.0,9.477,0.7445,0.2781
736,stage1,0,0.3943376839160919,0.4894584119319916,0.0,0.3943376839160919,0.0001,0.0,9.474,0.8135,6.1529
737,stage1,0,0.36115363240242004,0.47226083278656006,0.0,0.36115363240242004,0.0001,0.0,9.477,0.7609,0.2767
738,stage1,0,0.4422954320907593,0.4954639673233032,0.0,0.4422954320907593,0.0001,0.0,9.474,1.1026,0.2775
739,stage1,0,0.35772469639778137,0.47514650225639343,0.0,0.35772469639778137,0.0001,0.0,9.477,1.0502,0.2795
740,stage1,0,0.36125490069389343,0.4741349518299103,0.0,0.36125490069389343,0.0001,0.0,9.474,0.8631,0.2772
741,stage1,0,0.3275851011276245,0.4626055359840393,0.0,0.3275851011276245,0.0001,0.0,9.477,0.5801,0.2772
742,stage1,0,0.2875893712043762,0.44257164001464844,0.0,0.2875893712043762,0.0001,0.0,9.474,0.7981,0.2776
743,stage1,0,0.3878501057624817,0.4699241518974304,0.0,0.3878501057624817,0.0001,0.0,9.477,0.9066,0.2779
744,stage1,0,0.3874836564064026,0.49840256571769714,0.0,0.3874836564064026,0.0001,0.0,9.474,0.8052,6.2202
745,stage1,0,0.37563851475715637,0.4664233922958374,0.0,0.37563851475715637,0.0001,0.0,9.477,1.0763,0.2762
746,stage1,0,0.3996649980545044,0.4902186691761017,0.0,0.3996649980545044,0.0001,0.0,9.474,0.7214,0.2767
747,stage1,0,0.38340696692466736,0.47504860162734985,0.0,0.38340696692466736,0.0001,0.0,9.477,0.6336,0.2773
748,stage1,0,0.37474325299263,0.4948754906654358,0.0,0.37474325299263,0.0001,0.0,9.474,0.5075,0.2779
749,stage1,0,0.44668713212013245,0.4928577244281769,0.0,0.44668713212013245,0.0001,0.0,9.477,0.9076,0.2771
750,stage1,0,0.3568400740623474,0.5164711475372314,0.0,0.3568400740623474,0.0001,0.0,9.474,0.9045,0.2784
751,stage1,0,0.3137655258178711,0.481935977935791,0.0,0.3137655258178711,0.0001,0.0,9.477,0.7165,0.2778
752,stage1,0,0.3708186745643616,0.4871223270893097,0.0,0.3708186745643616,0.0001,0.0,9.474,0.8271,6.2143
753,stage1,0,0.38785579800605774,0.5209101438522339,0.0,0.38785579800605774,0.0001,0.0,9.477,0.6362,0.2756
754,stage1,0,0.3203185498714447,0.45703935623168945,0.0,0.3203185498714447,0.0001,0.0,9.474,0.7575,0.2778
755,stage1,0,0.31939905881881714,0.459469199180603,0.0,0.31939905881881714,0.0001,0.0,9.477,0.9134,0.2774
756,stage1,0,0.39716097712516785,0.4961615800857544,0.0,0.39716097712516785,0.0001,0.0,9.474,1.3574,0.2772
757,stage1,0,0.3347519636154175,0.45229530334472656,0.0,0.3347519636154175,0.0001,0.0,9.477,0.7598,0.2772
758,stage1,0,0.3975854516029358,0.48688116669654846,0.0,0.3975854516029358,0.0001,0.0,9.474,0.855,0.2775
759,stage1,0,0.39964908361434937,0.47500619292259216,0.0,0.39964908361434937,0.0001,0.0,9.477,0.9922,0.2775
760,stage1,0,0.3445247411727905,0.484550416469574,0.0,0.3445247411727905,0.0001,0.0,9.474,0.8391,6.2113
761,stage1,0,0.330524742603302,0.4465422034263611,0.0,0.330524742603302,0.0001,0.0,9.477,0.8103,0.2816
762,stage1,0,0.4038551449775696,0.48322781920433044,0.0,0.4038551449775696,0.0001,0.0,9.474,1.3415,0.2777
763,stage1,0,0.39010944962501526,0.4870014190673828,0.0,0.39010944962501526,0.0001,0.0,9.477,1.0273,0.2817
764,stage1,0,0.39546188712120056,0.4879949688911438,0.0,0.39546188712120056,0.0001,0.0,9.474,0.7509,0.2773
765,stage1,0,0.4139746129512787,0.5146215558052063,0.0,0.4139746129512787,0.0001,0.0,9.477,0.6134,0.277
766,stage1,0,0.36950525641441345,0.5227249264717102,0.0,0.36950525641441345,0.0001,0.0,9.474,0.9339,0.2781
767,stage1,0,0.3415350615978241,0.4819313883781433,0.0,0.3415350615978241,0.0001,0.0,9.477,1.2035,0.2772
768,stage1,0,0.36333906650543213,0.4809163212776184,0.0,0.36333906650543213,0.0001,0.0,9.474,0.6205,6.1656
769,stage1,0,0.41329026222229004,0.4882839322090149,0.0,0.41329026222229004,0.0001,0.0,9.477,0.981,0.2782
770,stage1,0,0.3695470690727234,0.49257975816726685,0.0,0.3695470690727234,0.0001,0.0,9.474,0.7744,0.2771
771,stage1,0,0.41480085253715515,0.5035107731819153,0.0,0.41480085253715515,0.0001,0.0,9.477,0.8096,0.2772
772,stage1,0,0.3363018035888672,0.48186296224594116,0.0,0.3363018035888672,0.0001,0.0,9.474,0.8566,0.2774
773,stage1,0,0.45511049032211304,0.5174582600593567,0.0,0.45511049032211304,0.0001,0.0,9.477,1.1874,0.2781
774,stage1,0,0.35663092136383057,0.47786185145378113,0.0,0.35663092136383057,0.0001,0.0,9.474,1.2032,0.2774
775,stage1,0,0.3333810567855835,0.4734998345375061,0.0,0.3333810567855835,0.0001,0.0,9.477,0.7153,0.2774
776,stage1,0,0.38817012310028076,0.48670318722724915,0.0,0.38817012310028076,0.0001,0.0,9.474,1.0474,6.3578
777,stage1,0,0.39951086044311523,0.5145969390869141,0.0,0.39951086044311523,0.0001,0.0,9.477,0.8924,0.2738
778,stage1,0,0.3911277949810028,0.4944121241569519,0.0,0.3911277949810028,0.0001,0.0,9.474,0.8318,0.2769
779,stage1,0,0.333116739988327,0.4637112319469452,0.0,0.333116739988327,0.0001,0.0,9.477,1.127,0.2769
780,stage1,0,0.3364275395870209,0.46391451358795166,0.0,0.3364275395870209,0.0001,0.0,9.474,0.7657,0.2765
781,stage1,0,0.42474550008773804,0.5062965154647827,0.0,0.42474550008773804,0.0001,0.0,9.477,1.1557,0.2775
782,stage1,0,0.3443368673324585,0.4453144371509552,0.0,0.3443368673324585,0.0001,0.0,9.474,0.7264,0.2776
783,stage1,0,0.3809475600719452,0.4958947002887726,0.0,0.3809475600719452,0.0001,0.0,9.477,0.7226,0.2767
784,stage1,0,0.3465365767478943,0.4785211384296417,0.0,0.3465365767478943,0.0001,0.0,9.474,0.6822,6.1755
785,stage1,0,0.4303875267505646,0.4861520230770111,0.0,0.4303875267505646,0.0001,0.0,9.477,1.1128,0.2759
786,stage1,0,0.4161404073238373,0.5024685263633728,0.0,0.4161404073238373,0.0001,0.0,9.474,1.0456,0.2771
787,stage1,0,0.37689369916915894,0.4759344756603241,0.0,0.37689369916915894,0.0001,0.0,9.477,0.8763,0.2771
788,stage1,0,0.3164331018924713,0.4654529392719269,0.0,0.3164331018924713,0.0001,0.0,9.474,0.8924,0.2777
789,stage1,0,0.4046444296836853,0.4883438050746918,0.0,0.4046444296836853,0.0001,0.0,9.477,0.634,0.2769
790,stage1,0,0.36127546429634094,0.4705234169960022,0.0,0.36127546429634094,0.0001,0.0,9.474,1.0625,0.2776
791,stage1,0,0.3220895528793335,0.49864768981933594,0.0,0.3220895528793335,0.0001,0.0,9.477,0.9467,0.2771
792,stage1,0,0.43271270394325256,0.515444278717041,0.0,0.43271270394325256,0.0001,0.0,9.474,1.0604,6.1916
793,stage1,0,0.35180652141571045,0.49009642004966736,0.0,0.35180652141571045,0.0001,0.0,9.477,1.0227,0.2714
794,stage1,0,0.40762391686439514,0.48725324869155884,0.0,0.40762391686439514,0.0001,0.0,9.474,0.936,0.2771
795,stage1,0,0.3080667555332184,0.4666678011417389,0.0,0.3080667555332184,0.0001,0.0,9.477,0.9538,0.2771
796,stage1,0,0.38754475116729736,0.4767037332057953,0.0,0.38754475116729736,0.0001,0.0,9.474,1.3454,0.2773
797,stage1,0,0.364607036113739,0.4787036180496216,0.0,0.364607036113739,0.0001,0.0,9.477,0.8223,0.2775
798,stage1,0,0.3497938811779022,0.45382604002952576,0.0,0.3497938811779022,0.0001,0.0,9.474,1.0622,0.2772
799,stage1,0,0.3613818883895874,0.48784685134887695,0.0,0.3613818883895874,0.0001,0.0,9.477,0.7926,0.2767
800,stage1,0,0.4107261896133423,0.49740883708000183,0.0,0.4107261896133423,0.0001,0.0,9.474,0.879,6.2287
801,stage1,0,0.3104415833950043,0.4545104205608368,0.0,0.3104415833950043,0.0001,0.0,9.477,0.7986,0.275
802,stage1,0,0.3472122550010681,0.47697725892066956,0.0,0.3472122550010681,0.0001,0.0,9.474,0.6822,0.2767
803,stage1,0,0.4074529707431793,0.496247798204422,0.0,0.4074529707431793,0.0001,0.0,9.477,0.7825,0.2771
804,stage1,0,0.3196653425693512,0.4684661626815796,0.0,0.3196653425693512,0.0001,0.0,9.474,0.8304,0.2767
805,stage1,0,0.34419676661491394,0.4842328727245331,0.0,0.34419676661491394,0.0001,0.0,9.477,0.6473,0.2775
806,stage1,0,0.33960914611816406,0.47543054819107056,0.0,0.33960914611816406,0.0001,0.0,9.474,0.7864,0.2779
807,stage1,0,0.3493533134460449,0.4526364207267761,0.0,0.3493533134460449,0.0001,0.0,9.477,0.6738,0.2771
808,stage1,0,0.31322991847991943,0.44616690278053284,0.0,0.31322991847991943,0.0001,0.0,9.474,0.7072,6.2197
809,stage1,0,0.3912290632724762,0.5212854146957397,0.0,0.3912290632724762,0.0001,0.0,9.477,0.8893,0.2764
810,stage1,0,0.3403477668762207,0.4711354970932007,0.0,0.3403477668762207,0.0001,0.0,9.474,0.9619,0.277
811,stage1,0,0.33081960678100586,0.4928695261478424,0.0,0.33081960678100586,0.0001,0.0,9.477,0.6687,0.2771
812,stage1,0,0.3398761451244354,0.46610328555107117,0.0,0.3398761451244354,0.0001,0.0,9.474,0.6814,0.2775
813,stage1,0,0.36186811327934265,0.45863577723503113,0.0,0.36186811327934265,0.0001,0.0,9.477,0.872,0.2772
814,stage1,0,0.3832087516784668,0.47905460000038147,0.0,0.3832087516784668,0.0001,0.0,9.474,1.1737,0.2772
815,stage1,0,0.3725925087928772,0.5193182826042175,0.0,0.3725925087928772,0.0001,0.0,9.477,1.1116,0.2768
816,stage1,0,0.3125223219394684,0.45632922649383545,0.0,0.3125223219394684,0.0001,0.0,9.474,0.638,6.1948
817,stage1,0,0.37514621019363403,0.47989553213119507,0.0,0.37514621019363403,0.0001,0.0,9.477,0.8362,0.2764
818,stage1,0,0.3633335828781128,0.466979444026947,0.0,0.3633335828781128,0.0001,0.0,9.474,0.8419,0.2769
819,stage1,0,0.37656259536743164,0.49386927485466003,0.0,0.37656259536743164,0.0001,0.0,9.477,1.0524,0.2778
820,stage1,0,0.33949509263038635,0.4754840135574341,0.0,0.33949509263038635,0.0001,0.0,9.474,0.7004,0.2773
821,stage1,0,0.3614618182182312,0.4847094714641571,0.0,0.3614618182182312,0.0001,0.0,9.477,0.9562,0.2772
822,stage1,0,0.34516480565071106,0.462314248085022,0.0,0.34516480565071106,0.0001,0.0,9.474,0.5272,0.2777
823,stage1,0,0.3170788586139679,0.5049099922180176,0.0,0.3170788586139679,0.0001,0.0,9.477,0.833,0.2773
824,stage1,0,0.28464338183403015,0.4649416208267212,0.0,0.28464338183403015,0.0001,0.0,9.474,0.7842,6.2059
825,stage1,0,0.3932690918445587,0.47863489389419556,0.0,0.3932690918445587,0.0001,0.0,9.477,0.7321,0.2763
826,stage1,0,0.3023446500301361,0.46692824363708496,0.0,0.3023446500301361,0.0001,0.0,9.474,0.905,0.2768
827,stage1,0,0.3484324514865875,0.4898468852043152,0.0,0.3484324514865875,0.0001,0.0,9.477,1.1416,0.2771
828,stage1,0,0.38137537240982056,0.48927396535873413,0.0,0.38137537240982056,0.0001,0.0,9.474,0.7487,0.2771
829,stage1,0,0.37461191415786743,0.511317789554596,0.0,0.37461191415786743,0.0001,0.0,9.477,1.1774,0.2771
830,stage1,0,0.3683401942253113,0.4771000146865845,0.0,0.3683401942253113,0.0001,0.0,9.474,0.699,0.2773
831,stage1,0,0.35695335268974304,0.47954270243644714,0.0,0.35695335268974304,0.0001,0.0,9.477,1.0574,0.2774
832,stage1,0,0.2964598834514618,0.4509015381336212,0.0,0.2964598834514618,0.0001,0.0,9.474,0.8167,6.1567
833,stage1,0,0.3561517596244812,0.47868743538856506,0.0,0.3561517596244812,0.0001,0.0,9.477,0.7239,0.2769
834,stage1,0,0.328274667263031,0.47191402316093445,0.0,0.328274667263031,0.0001,0.0,9.474,0.7911,0.2764
835,stage1,0,0.35824301838874817,0.506577730178833,0.0,0.35824301838874817,0.0001,0.0,9.477,0.7684,0.2769
836,stage1,0,0.4145011901855469,0.4907192885875702,0.0,0.4145011901855469,0.0001,0.0,9.474,0.9799,0.2771
837,stage1,0,0.3172683119773865,0.4682193994522095,0.0,0.3172683119773865,0.0001,0.0,9.477,0.7954,0.278
838,stage1,0,0.37390196323394775,0.49430105090141296,0.0,0.37390196323394775,0.0001,0.0,9.474,1.1496,0.277
839,stage1,0,0.3719322979450226,0.4815649092197418,0.0,0.3719322979450226,0.0001,0.0,9.477,0.8994,0.2771
840,stage1,0,0.39760372042655945,0.48619621992111206,0.0,0.39760372042655945,0.0001,0.0,9.474,0.7601,6.2021
841,stage1,0,0.355330228805542,0.48590803146362305,0.0,0.355330228805542,0.0001,0.0,9.477,0.9657,0.2759
842,stage1,0,0.3632085621356964,0.46369391679763794,0.0,0.3632085621356964,0.0001,0.0,9.474,0.9313,0.2769
843,stage1,0,0.3110281229019165,0.43176692724227905,0.0,0.3110281229019165,0.0001,0.0,9.477,1.0237,0.2768
844,stage1,0,0.3859405219554901,0.4874812364578247,0.0,0.3859405219554901,0.0001,0.0,9.474,0.5958,0.2779
845,stage1,0,0.3232911229133606,0.45413097739219666,0.0,0.3232911229133606,0.0001,0.0,9.477,0.8431,0.2774
846,stage1,0,0.31252026557922363,0.443493515253067,0.0,0.31252026557922363,0.0001,0.0,9.474,1.0554,0.2771
847,stage1,0,0.3411717116832733,0.45145782828330994,0.0,0.3411717116832733,0.0001,0.0,9.477,0.7361,0.2767
848,stage1,0,0.3519634008407593,0.47401973605155945,0.0,0.3519634008407593,0.0001,0.0,9.474,0.8943,6.1626
849,stage1,0,0.3746965527534485,0.49428215622901917,0.0,0.3746965527534485,0.0001,0.0,9.477,1.1151,0.2762
850,stage1,0,0.36275988817214966,0.4789220094680786,0.0,0.36275988817214966,0.0001,0.0,9.474,0.9901,0.2768
851,stage1,0,0.42828017473220825,0.5088211297988892,0.0,0.42828017473220825,0.0001,0.0,9.477,0.917,0.2766
852,stage1,0,0.38394853472709656,0.4826727509498596,0.0,0.38394853472709656,0.0001,0.0,9.474,0.8852,0.2772
853,stage1,0,0.362259179353714,0.4717520475387573,0.0,0.362259179353714,0.0001,0.0,9.477,0.7176,0.2778
854,stage1,0,0.3478635251522064,0.45804139971733093,0.0,0.3478635251522064,0.0001,0.0,9.474,0.5588,0.2773
855,stage1,0,0.35430029034614563,0.4872937500476837,0.0,0.35430029034614563,0.0001,0.0,9.477,0.5472,0.2773
856,stage1,0,0.35757166147232056,0.4802784323692322,0.0,0.35757166147232056,0.0001,0.0,9.474,0.8082,6.092
857,stage1,0,0.391035795211792,0.46370330452919006,0.0,0.391035795211792,0.0001,0.0,9.477,1.1623,0.2757
858,stage1,0,0.4001272916793823,0.4952654242515564,0.0,0.4001272916793823,0.0001,0.0,9.474,0.8424,0.2771
859,stage1,0,0.3445967435836792,0.48684558272361755,0.0,0.3445967435836792,0.0001,0.0,9.477,0.5872,0.2766
860,stage1,0,0.3285885751247406,0.4515778422355652,0.0,0.3285885751247406,0.0001,0.0,9.474,0.8603,0.277
861,stage1,0,0.3804071247577667,0.4973699748516083,0.0,0.3804071247577667,0.0001,0.0,9.477,0.7686,0.2776
862,stage1,0,0.39115116000175476,0.4798547029495239,0.0,0.39115116000175476,0.0001,0.0,9.474,0.8561,0.2777
863,stage1,0,0.2980310022830963,0.44504034519195557,0.0,0.2980310022830963,0.0001,0.0,9.477,0.65,0.2774
864,stage1,0,0.3928891718387604,0.4848417341709137,0.0,0.3928891718387604,0.0001,0.0,9.474,0.6896,6.2187
865,stage1,0,0.38831737637519836,0.4935740828514099,0.0,0.38831737637519836,0.0001,0.0,9.477,0.8294,0.2754
866,stage1,0,0.3507629632949829,0.46127280592918396,0.0,0.3507629632949829,0.0001,0.0,9.474,0.9432,0.277
867,stage1,0,0.29266810417175293,0.42808663845062256,0.0,0.29266810417175293,0.0001,0.0,9.477,0.79,0.2766
868,stage1,0,0.3121652901172638,0.43450412154197693,0.0,0.3121652901172638,0.0001,0.0,9.474,0.548,0.2769
869,stage1,0,0.33623698353767395,0.4498135447502136,0.0,0.33623698353767395,0.0001,0.0,9.477,0.8229,0.2769
870,stage1,0,0.3261798024177551,0.45603492856025696,0.0,0.3261798024177551,0.0001,0.0,9.474,0.6626,0.2777
871,stage1,0,0.3377411663532257,0.47152888774871826,0.0,0.3377411663532257,0.0001,0.0,9.477,0.8461,0.277
872,stage1,0,0.3723991811275482,0.49427780508995056,0.0,0.3723991811275482,0.0001,0.0,9.474,0.8481,6.1874
873,stage1,0,0.3250057101249695,0.4546629786491394,0.0,0.3250057101249695,0.0001,0.0,9.477,0.8084,0.2757
874,stage1,0,0.2816711366176605,0.4389587938785553,0.0,0.2816711366176605,0.0001,0.0,9.474,0.6931,0.277
875,stage1,0,0.35085052251815796,0.4789244532585144,0.0,0.35085052251815796,0.0001,0.0,9.477,0.6388,0.2769
876,stage1,0,0.38429415225982666,0.49373674392700195,0.0,0.38429415225982666,0.0001,0.0,9.474,0.7129,0.2775
877,stage1,0,0.36511504650115967,0.4912296533584595,0.0,0.36511504650115967,0.0001,0.0,9.477,0.8319,0.2771
878,stage1,0,0.3006341755390167,0.4664991796016693,0.0,0.3006341755390167,0.0001,0.0,9.474,0.7593,0.278
879,stage1,0,0.37313175201416016,0.4747231602668762,0.0,0.37313175201416016,0.0001,0.0,9.477,0.8408,0.2771
880,stage1,0,0.36529141664505005,0.49515554308891296,0.0,0.36529141664505005,0.0001,0.0,9.474,0.7347,6.1251
881,stage1,0,0.31107231974601746,0.47603434324264526,0.0,0.31107231974601746,0.0001,0.0,9.477,0.8343,0.2758
882,stage1,0,0.3265323340892792,0.4920295476913452,0.0,0.3265323340892792,0.0001,0.0,9.474,0.7316,0.2765
883,stage1,0,0.2939401865005493,0.442892849445343,0.0,0.2939401865005493,0.0001,0.0,9.477,1.0909,0.2769
884,stage1,0,0.3077048063278198,0.4923880398273468,0.0,0.3077048063278198,0.0001,0.0,9.474,0.6941,0.2776
885,stage1,0,0.38158655166625977,0.47732415795326233,0.0,0.38158655166625977,0.0001,0.0,9.477,0.7977,0.2769
886,stage1,0,0.36482760310173035,0.48938924074172974,0.0,0.36482760310173035,0.0001,0.0,9.474,0.9268,0.2772
887,stage1,0,0.32661423087120056,0.46316587924957275,0.0,0.32661423087120056,0.0001,0.0,9.477,0.7421,0.2774
888,stage1,0,0.3839525282382965,0.4730728566646576,0.0,0.3839525282382965,0.0001,0.0,9.474,0.7677,6.1587
889,stage1,0,0.4276180565357208,0.4770188629627228,0.0,0.4276180565357208,0.0001,0.0,9.477,0.8408,0.2762
890,stage1,0,0.37761738896369934,0.502675473690033,0.0,0.37761738896369934,0.0001,0.0,9.474,0.8233,0.2769
891,stage1,0,0.3825162649154663,0.4740038812160492,0.0,0.3825162649154663,0.0001,0.0,9.477,1.0024,0.2769
892,stage1,0,0.3050121068954468,0.4528373181819916,0.0,0.3050121068954468,0.0001,0.0,9.474,0.6272,0.2773
893,stage1,0,0.3704841434955597,0.4778352379798889,0.0,0.3704841434955597,0.0001,0.0,9.477,0.7781,0.2764
894,stage1,0,0.4383234679698944,0.5059108734130859,0.0,0.4383234679698944,0.0001,0.0,9.474,0.9931,0.2778
895,stage1,0,0.3374619781970978,0.4743816554546356,0.0,0.3374619781970978,0.0001,0.0,9.477,0.7639,0.2769
896,stage1,0,0.3941749334335327,0.500017523765564,0.0,0.3941749334335327,0.0001,0.0,9.474,0.9557,6.0828
897,stage1,0,0.30578911304473877,0.44804394245147705,0.0,0.30578911304473877,0.0001,0.0,9.477,0.7206,0.2764
898,stage1,0,0.3220751881599426,0.4721989035606384,0.0,0.3220751881599426,0.0001,0.0,9.474,1.1664,0.2756
899,stage1,0,0.34326407313346863,0.484404057264328,0.0,0.34326407313346863,0.0001,0.0,9.477,0.6667,0.2769
900,stage1,0,0.313600093126297,0.4423389434814453,0.0,0.313600093126297,0.0001,0.0,9.474,0.6268,0.2772
901,stage1,0,0.34430569410324097,0.4483318030834198,0.0,0.34430569410324097,0.0001,0.0,9.477,0.891,0.2771
902,stage1,0,0.36670607328414917,0.46742165088653564,0.0,0.36670607328414917,0.0001,0.0,9.474,0.7485,0.2769
903,stage1,0,0.3785756230354309,0.49455857276916504,0.0,0.3785756230354309,0.0001,0.0,9.477,0.8648,0.2774
904,stage1,0,0.3900683522224426,0.4615996181964874,0.0,0.3900683522224426,0.0001,0.0,9.474,0.8891,6.1146
905,stage1,0,0.33155331015586853,0.48759540915489197,0.0,0.33155331015586853,0.0001,0.0,9.477,0.7867,0.2762
906,stage1,0,0.35254377126693726,0.4682633876800537,0.0,0.35254377126693726,0.0001,0.0,9.474,0.6883,0.2766
907,stage1,0,0.30693134665489197,0.4391826391220093,0.0,0.30693134665489197,0.0001,0.0,9.477,0.9172,0.2764
908,stage1,0,0.3680751323699951,0.4554716944694519,0.0,0.3680751323699951,0.0001,0.0,9.474,0.813,0.2771
909,stage1,0,0.27257633209228516,0.44737160205841064,0.0,0.27257633209228516,0.0001,0.0,9.477,0.7794,0.277
910,stage1,0,0.3723911643028259,0.49047771096229553,0.0,0.3723911643028259,0.0001,0.0,9.474,0.9315,0.2764
911,stage1,0,0.36382338404655457,0.45613449811935425,0.0,0.36382338404655457,0.0001,0.0,9.477,0.8593,0.2778
912,stage1,0,0.4031720757484436,0.4788069725036621,0.0,0.4031720757484436,0.0001,0.0,9.474,0.9514,6.0887
913,stage1,0,0.4223809540271759,0.48938778042793274,0.0,0.4223809540271759,0.0001,0.0,9.477,1.0401,0.286
914,stage1,0,0.3645595610141754,0.4566551446914673,0.0,0.3645595610141754,0.0001,0.0,9.474,0.8895,0.2702
915,stage1,0,0.4007199704647064,0.5067993402481079,0.0,0.4007199704647064,0.0001,0.0,9.477,0.8903,0.2767
916,stage1,0,0.39558205008506775,0.504156768321991,0.0,0.39558205008506775,0.0001,0.0,9.474,0.8012,0.2773
917,stage1,0,0.3676450848579407,0.46562039852142334,0.0,0.3676450848579407,0.0001,0.0,9.477,0.8403,0.2767
918,stage1,0,0.33176055550575256,0.5029690861701965,0.0,0.33176055550575256,0.0001,0.0,9.474,0.7758,0.2781
919,stage1,0,0.2954358160495758,0.4638710916042328,0.0,0.2954358160495758,0.0001,0.0,9.477,0.8301,0.2775
920,stage1,0,0.3960086703300476,0.5111343860626221,0.0,0.3960086703300476,0.0001,0.0,9.474,1.0184,6.1512
921,stage1,0,0.32579630613327026,0.4716726839542389,0.0,0.32579630613327026,0.0001,0.0,9.477,0.7113,0.2779
922,stage1,0,0.37612852454185486,0.48368775844573975,0.0,0.37612852454185486,0.0001,0.0,9.474,0.7534,0.2757
923,stage1,0,0.3817853629589081,0.4967718720436096,0.0,0.3817853629589081,0.0001,0.0,9.477,1.0479,0.2766
924,stage1,0,0.3722640573978424,0.47693127393722534,0.0,0.3722640573978424,0.0001,0.0,9.474,1.2352,0.2766
925,stage1,0,0.3624255061149597,0.493177205324173,0.0,0.3624255061149597,0.0001,0.0,9.477,1.2164,0.2763
926,stage1,0,0.3109257221221924,0.4870589077472687,0.0,0.3109257221221924,0.0001,0.0,9.474,0.9835,0.2769
927,stage1,0,0.33542928099632263,0.4594274163246155,0.0,0.33542928099632263,0.0001,0.0,9.477,0.9899,0.2761
928,stage1,0,0.3391248881816864,0.4978199303150177,0.0,0.3391248881816864,0.0001,0.0,9.474,1.0538,6.2184
929,stage1,0,0.4988468289375305,0.5270241498947144,0.0,0.4988468289375305,0.0001,0.0,9.477,1.5213,0.2775
930,stage1,0,0.466644287109375,0.5099568367004395,0.0,0.466644287109375,0.0001,0.0,9.474,1.2646,0.2761
931,stage1,0,0.3800916075706482,0.4867308437824249,0.0,0.3800916075706482,0.0001,0.0,9.477,0.9479,0.2766
932,stage1,0,0.3678484857082367,0.47374120354652405,0.0,0.3678484857082367,0.0001,0.0,9.474,1.0932,0.2811
933,stage1,0,0.29872238636016846,0.44833141565322876,0.0,0.29872238636016846,0.0001,0.0,9.477,0.7447,0.2759
934,stage1,0,0.319455623626709,0.4806784689426422,0.0,0.319455623626709,0.0001,0.0,9.474,1.0204,0.2773
935,stage1,0,0.4056382477283478,0.4706403911113739,0.0,0.4056382477283478,0.0001,0.0,9.477,1.6932,0.2772
936,stage1,0,0.37213489413261414,0.46755027770996094,0.0,0.37213489413261414,0.0001,0.0,9.474,0.8086,6.224
937,stage1,0,0.36244311928749084,0.47066378593444824,0.0,0.36244311928749084,0.0001,0.0,9.477,0.7442,0.2764
938,stage1,0,0.38560110330581665,0.4935380518436432,0.0,0.38560110330581665,0.0001,0.0,9.474,1.1883,0.2753
939,stage1,0,0.38908663392066956,0.47013431787490845,0.0,0.38908663392066956,0.0001,0.0,9.477,1.3545,0.2767
940,stage1,0,0.3737267851829529,0.5061072111129761,0.0,0.3737267851829529,0.0001,0.0,9.474,0.8867,0.2763
941,stage1,0,0.41396820545196533,0.478031724691391,0.0,0.41396820545196533,0.0001,0.0,9.477,0.9801,0.2765
942,stage1,0,0.3150860667228699,0.4474932849407196,0.0,0.3150860667228699,0.0001,0.0,9.474,0.7716,0.277
943,stage1,0,0.34940260648727417,0.46919405460357666,0.0,0.34940260648727417,0.0001,0.0,9.477,0.9676,0.2772
944,stage1,0,0.3660259544849396,0.4543091356754303,0.0,0.3660259544849396,0.0001,0.0,9.474,1.0795,6.1925
945,stage1,0,0.34667444229125977,0.4635140001773834,0.0,0.34667444229125977,0.0001,0.0,9.477,0.9816,0.2752
946,stage1,0,0.3159755766391754,0.4267134666442871,0.0,0.3159755766391754,0.0001,0.0,9.474,1.0309,0.2769
947,stage1,0,0.3415124714374542,0.4574336111545563,0.0,0.3415124714374542,0.0001,0.0,9.477,1.0433,0.2765
948,stage1,0,0.29830828309059143,0.4417063593864441,0.0,0.29830828309059143,0.0001,0.0,9.474,0.6406,0.2767
949,stage1,0,0.2859489917755127,0.4402458071708679,0.0,0.2859489917755127,0.0001,0.0,9.477,0.6381,0.2768
950,stage1,0,0.3873623013496399,0.4704752564430237,0.0,0.3873623013496399,0.0001,0.0,9.474,0.8622,0.2771
951,stage1,0,0.4222255349159241,0.5254597663879395,0.0,0.4222255349159241,0.0001,0.0,9.477,1.0517,0.2768
952,stage1,0,0.3460010886192322,0.48079848289489746,0.0,0.3460010886192322,0.0001,0.0,9.474,0.7262,6.2117
953,stage1,0,0.2771671414375305,0.4309234917163849,0.0,0.2771671414375305,0.0001,0.0,9.477,0.616,0.276
954,stage1,0,0.3319329619407654,0.4330956041812897,0.0,0.3319329619407654,0.0001,0.0,9.474,0.6427,0.2811
955,stage1,0,0.30488717555999756,0.4435483515262604,0.0,0.30488717555999756,0.0001,0.0,9.477,0.5334,0.2768
956,stage1,0,0.37748807668685913,0.4781200587749481,0.0,0.37748807668685913,0.0001,0.0,9.474,0.8537,0.277
957,stage1,0,0.3974386751651764,0.4617229104042053,0.0,0.3974386751651764,0.0001,0.0,9.477,0.7681,0.2766
958,stage1,0,0.35350945591926575,0.46698203682899475,0.0,0.35350945591926575,0.0001,0.0,9.474,0.9936,0.2772
959,stage1,0,0.3599139451980591,0.446866899728775,0.0,0.3599139451980591,0.0001,0.0,9.477,0.7608,0.2769
960,stage1,0,0.3171547055244446,0.4615086615085602,0.0,0.3171547055244446,0.0001,0.0,9.474,0.9878,6.2068
961,stage1,0,0.3898282051086426,0.4968813955783844,0.0,0.3898282051086426,0.0001,0.0,9.477,0.6876,0.2756
962,stage1,0,0.31713905930519104,0.465253084897995,0.0,0.31713905930519104,0.0001,0.0,9.474,0.785,0.2764
963,stage1,0,0.2980040907859802,0.44686824083328247,0.0,0.2980040907859802,0.0001,0.0,9.477,0.9778,0.2772
964,stage1,0,0.3333662450313568,0.49151912331581116,0.0,0.3333662450313568,0.0001,0.0,9.474,0.9963,0.2796
965,stage1,0,0.3159397542476654,0.4798904359340668,0.0,0.3159397542476654,0.0001,0.0,9.477,0.8939,0.2767
966,stage1,0,0.343204140663147,0.4740505814552307,0.0,0.343204140663147,0.0001,0.0,9.474,0.6523,0.2771
967,stage1,0,0.351432740688324,0.4417109191417694,0.0,0.351432740688324,0.0001,0.0,9.477,0.6245,0.2771
968,stage1,0,0.374208927154541,0.48344454169273376,0.0,0.374208927154541,0.0001,0.0,9.474,0.8593,6.2123
969,stage1,0,0.3018818199634552,0.490794837474823,0.0,0.3018818199634552,0.0001,0.0,9.477,1.0135,0.2761
970,stage1,0,0.37237945199012756,0.47059133648872375,0.0,0.37237945199012756,0.0001,0.0,9.474,1.1628,0.2762
971,stage1,0,0.34104952216148376,0.4682784676551819,0.0,0.34104952216148376,0.0001,0.0,9.477,0.8001,0.2815
972,stage1,0,0.31599628925323486,0.47108370065689087,0.0,0.31599628925323486,0.0001,0.0,9.474,1.2733,0.2753
973,stage1,0,0.4082893133163452,0.47803017497062683,0.0,0.4082893133163452,0.0001,0.0,9.477,0.8491,0.277
974,stage1,0,0.32610461115837097,0.48066383600234985,0.0,0.32610461115837097,0.0001,0.0,9.474,0.9192,0.2761
975,stage1,0,0.31144994497299194,0.48248907923698425,0.0,0.31144994497299194,0.0001,0.0,9.477,0.7249,0.2774
976,stage1,0,0.37728777527809143,0.4854899048805237,0.0,0.37728777527809143,0.0001,0.0,9.474,0.8467,6.1577
977,stage1,0,0.30099591612815857,0.42424705624580383,0.0,0.30099591612815857,0.0001,0.0,9.477,0.8104,0.276
978,stage1,0,0.3839474022388458,0.48414310812950134,0.0,0.3839474022388458,0.0001,0.0,9.474,0.7153,0.2765
979,stage1,0,0.31317222118377686,0.4447474479675293,0.0,0.31317222118377686,0.0001,0.0,9.477,0.5439,0.2761
980,stage1,0,0.3322735130786896,0.4618980288505554,0.0,0.3322735130786896,0.0001,0.0,9.474,0.8058,0.2766
981,stage1,0,0.3308539092540741,0.4709252417087555,0.0,0.3308539092540741,0.0001,0.0,9.477,0.944,0.2772
982,stage1,0,0.3559338450431824,0.44484248757362366,0.0,0.3559338450431824,0.0001,0.0,9.474,0.7359,0.2769
983,stage1,0,0.39002150297164917,0.4670325815677643,0.0,0.39002150297164917,0.0001,0.0,9.477,0.8303,0.2768
984,stage1,0,0.31999027729034424,0.4656373858451843,0.0,0.31999027729034424,0.0001,0.0,9.474,1.028,6.1088
985,stage1,0,0.3479664921760559,0.4824341833591461,0.0,0.3479664921760559,0.0001,0.0,9.477,0.7915,0.2759
986,stage1,0,0.372310072183609,0.4753613770008087,0.0,0.372310072183609,0.0001,0.0,9.474,0.8538,0.2776
987,stage1,0,0.3549400568008423,0.4752579629421234,0.0,0.3549400568008423,0.0001,0.0,9.477,0.8608,0.2777
988,stage1,0,0.3331451714038849,0.4606552720069885,0.0,0.3331451714038849,0.0001,0.0,9.474,0.8523,0.2767
989,stage1,0,0.36089104413986206,0.48478996753692627,0.0,0.36089104413986206,0.0001,0.0,9.477,0.7144,0.2768
990,stage1,0,0.3992432653903961,0.4656241238117218,0.0,0.3992432653903961,0.0001,0.0,9.474,0.6645,0.2773
991,stage1,0,0.36494842171669006,0.46133530139923096,0.0,0.36494842171669006,0.0001,0.0,9.477,0.8755,0.2771
992,stage1,0,0.3299237787723541,0.4456399381160736,0.0,0.3299237787723541,0.0001,0.0,9.474,0.9442,6.0726
993,stage1,0,0.41121217608451843,0.49397343397140503,0.0,0.41121217608451843,0.0001,0.0,9.477,0.9237,0.2759
994,stage1,0,0.3394638001918793,0.44891613721847534,0.0,0.3394638001918793,0.0001,0.0,9.474,0.9352,0.2769
995,stage1,0,0.32674768567085266,0.4365405738353729,0.0,0.32674768567085266,0.0001,0.0,9.477,0.8738,0.2772
996,stage1,0,0.38338303565979004,0.4714793562889099,0.0,0.38338303565979004,0.0001,0.0,9.474,0.7911,0.2766
997,stage1,0,0.31663548946380615,0.4558042585849762,0.0,0.31663548946380615,0.0001,0.0,9.477,0.9616,0.2772
998,stage1,0,0.31249088048934937,0.4393039643764496,0.0,0.31249088048934937,0.0001,0.0,9.474,0.7418,0.2772
999,stage1,0,0.29632243514060974,0.4373610019683838,0.0,0.29632243514060974,0.0001,0.0,9.477,0.8327,0.2769
1000,stage1,0,0.26734524965286255,0.40832966566085815,0.0,0.26734524965286255,0.0001,0.0,9.474,0.7103,6.1384
1001,stage1,0,0.3653048276901245,0.46108344197273254,0.0,0.3653048276901245,0.0001,0.0,9.477,0.7986,0.2762
1002,stage1,0,0.3684026896953583,0.4865412712097168,0.0,0.3684026896953583,0.0001,0.0,9.474,0.9299,0.2777
1003,stage1,0,0.3331697881221771,0.4593990743160248,0.0,0.3331697881221771,0.0001,0.0,9.477,0.8938,0.2834
1004,stage1,0,0.37432122230529785,0.46961885690689087,0.0,0.37432122230529785,0.0001,0.0,9.474,0.8266,0.2753
1005,stage1,0,0.30428457260131836,0.4726032316684723,0.0,0.30428457260131836,0.0001,0.0,9.477,0.6708,0.2769
1006,stage1,0,0.3149479925632477,0.44933974742889404,0.0,0.3149479925632477,0.0001,0.0,9.474,0.8215,0.278
1007,stage1,0,0.38224416971206665,0.47301551699638367,0.0,0.38224416971206665,0.0001,0.0,9.477,1.0012,0.277
1008,stage1,0,0.47116774320602417,0.5206153392791748,0.0,0.47116774320602417,0.0001,0.0,9.474,1.1679,6.1987
1009,stage1,0,0.3976418972015381,0.5027182698249817,0.0,0.3976418972015381,0.0001,0.0,9.477,0.9453,0.276
1010,stage1,0,0.35754695534706116,0.48724237084388733,0.0,0.35754695534706116,0.0001,0.0,9.474,0.9992,0.2759
1011,stage1,0,0.3285878002643585,0.45213425159454346,0.0,0.3285878002643585,0.0001,0.0,9.477,0.8783,0.28
1012,stage1,0,0.3606725335121155,0.4749062657356262,0.0,0.3606725335121155,0.0001,0.0,9.474,0.9005,0.2761
1013,stage1,0,0.3663821220397949,0.5112576484680176,0.0,0.3663821220397949,0.0001,0.0,9.477,1.2461,0.2764
1014,stage1,0,0.3743481934070587,0.513981819152832,0.0,0.3743481934070587,0.0001,0.0,9.474,0.8995,0.2776
1015,stage1,0,0.32682353258132935,0.45818254351615906,0.0,0.32682353258132935,0.0001,0.0,9.477,0.8178,0.2769
1016,stage1,0,0.34750768542289734,0.4894351065158844,0.0,0.34750768542289734,0.0001,0.0,9.474,0.8439,6.1451
1017,stage1,0,0.3418985903263092,0.4562017619609833,0.0,0.3418985903263092,0.0001,0.0,9.477,0.7673,0.2756
1018,stage1,0,0.31306156516075134,0.4611014127731323,0.0,0.31306156516075134,0.0001,0.0,9.474,0.8501,0.2774
1019,stage1,0,0.3379133641719818,0.48041102290153503,0.0,0.3379133641719818,0.0001,0.0,9.477,0.966,0.2819
1020,stage1,0,0.3048345744609833,0.47024691104888916,0.0,0.3048345744609833,0.0001,0.0,9.474,0.8499,0.2759
1021,stage1,0,0.317630410194397,0.4756237268447876,0.0,0.317630410194397,0.0001,0.0,9.477,0.837,0.2763
1022,stage1,0,0.33969172835350037,0.4730684459209442,0.0,0.33969172835350037,0.0001,0.0,9.474,0.9396,0.2776
1023,stage1,0,0.3679453134536743,0.4810006618499756,0.0,0.3679453134536743,0.0001,0.0,9.477,0.8318,0.2772
1024,stage1,0,0.30896732211112976,0.4378548562526703,0.0,0.30896732211112976,0.0001,0.0,9.474,0.7577,6.1286
1025,stage1,0,0.3313460350036621,0.4580509662628174,0.0,0.3313460350036621,0.0001,0.0,9.477,0.8783,0.2761
1026,stage1,0,0.3090936243534088,0.45766252279281616,0.0,0.3090936243534088,0.0001,0.0,9.474,0.737,0.2767
1027,stage1,0,0.3864170014858246,0.4918423295021057,0.0,0.3864170014858246,0.0001,0.0,9.477,1.0979,0.2771
1028,stage1,0,0.28688180446624756,0.4410339295864105,0.0,0.28688180446624756,0.0001,0.0,9.474,0.704,0.2767
1029,stage1,0,0.3359975516796112,0.48523813486099243,0.0,0.3359975516796112,0.0001,0.0,9.477,0.7771,0.2771
1030,stage1,0,0.3875482976436615,0.4771365225315094,0.0,0.3875482976436615,0.0001,0.0,9.474,0.8702,0.277
1031,stage1,0,0.298061341047287,0.4622567594051361,0.0,0.298061341047287,0.0001,0.0,9.477,0.592,0.2771
1032,stage1,0,0.3303869664669037,0.4684247374534607,0.0,0.3303869664669037,0.0001,0.0,9.474,0.9124,6.229
1033,stage1,0,0.3490900695323944,0.47315514087677,0.0,0.3490900695323944,0.0001,0.0,9.477,0.9632,0.2753
1034,stage1,0,0.3202059864997864,0.4603413939476013,0.0,0.3202059864997864,0.0001,0.0,9.474,0.7212,0.2775
1035,stage1,0,0.32317695021629333,0.4377659261226654,0.0,0.32317695021629333,0.0001,0.0,9.477,0.9779,0.2755
1036,stage1,0,0.38500112295150757,0.4822993874549866,0.0,0.38500112295150757,0.0001,0.0,9.474,0.9202,0.2771
1037,stage1,0,0.38628318905830383,0.46234777569770813,0.0,0.38628318905830383,0.0001,0.0,9.477,1.078,0.2767
1038,stage1,0,0.38945695757865906,0.48737284541130066,0.0,0.38945695757865906,0.0001,0.0,9.474,0.9844,0.277
1039,stage1,0,0.33553922176361084,0.4780099391937256,0.0,0.33553922176361084,0.0001,0.0,9.477,0.8071,0.2769
1040,stage1,0,0.293137788772583,0.4539908766746521,0.0,0.293137788772583,0.0001,0.0,9.474,0.807,6.1989
1041,stage1,0,0.33522552251815796,0.44266819953918457,0.0,0.33522552251815796,0.0001,0.0,9.477,1.1053,0.2764
1042,stage1,0,0.3469640016555786,0.4718559682369232,0.0,0.3469640016555786,0.0001,0.0,9.474,0.9845,0.2779
1043,stage1,0,0.32153013348579407,0.45217186212539673,0.0,0.32153013348579407,0.0001,0.0,9.477,0.7513,0.2763
1044,stage1,0,0.3743723928928375,0.47098737955093384,0.0,0.3743723928928375,0.0001,0.0,9.474,0.9737,0.2771
1045,stage1,0,0.31417137384414673,0.46318328380584717,0.0,0.31417137384414673,0.0001,0.0,9.477,0.7581,0.2771
1046,stage1,0,0.2727912366390228,0.4412406384944916,0.0,0.2727912366390228,0.0001,0.0,9.474,0.5494,0.277
1047,stage1,0,0.36466601490974426,0.4693319797515869,0.0,0.36466601490974426,0.0001,0.0,9.477,0.864,0.2779
1048,stage1,0,0.402240514755249,0.5180876851081848,0.0,0.402240514755249,0.0001,0.0,9.474,1.0141,6.2575
1049,stage1,0,0.35792312026023865,0.45703986287117004,0.0,0.35792312026023865,0.0001,0.0,9.477,1.3614,0.2833
1050,stage1,0,0.3445221185684204,0.474174439907074,0.0,0.3445221185684204,0.0001,0.0,9.474,1.2173,0.2706
1051,stage1,0,0.32513555884361267,0.476270467042923,0.0,0.32513555884361267,0.0001,0.0,9.477,0.7428,0.2768
1052,stage1,0,0.27129927277565,0.44569656252861023,0.0,0.27129927277565,0.0001,0.0,9.474,0.8138,0.2772
1053,stage1,0,0.3015557527542114,0.44337669014930725,0.0,0.3015557527542114,0.0001,0.0,9.477,0.8834,0.2772
1054,stage1,0,0.3619627058506012,0.4531046748161316,0.0,0.3619627058506012,0.0001,0.0,9.474,1.1288,0.2776
1055,stage1,0,0.35289865732192993,0.5009797811508179,0.0,0.35289865732192993,0.0001,0.0,9.477,0.7912,0.2772
1056,stage1,0,0.35520634055137634,0.46760669350624084,0.0,0.35520634055137634,0.0001,0.0,9.474,0.9176,6.2867
1057,stage1,0,0.38424137234687805,0.48752114176750183,0.0,0.38424137234687805,0.0001,0.0,9.477,0.8759,0.2762
1058,stage1,0,0.29655277729034424,0.4598962366580963,0.0,0.29655277729034424,0.0001,0.0,9.474,0.9065,0.2766
1059,stage1,0,0.36056503653526306,0.4717768728733063,0.0,0.36056503653526306,0.0001,0.0,9.477,0.9115,0.2769
1060,stage1,0,0.36103585362434387,0.45074132084846497,0.0,0.36103585362434387,0.0001,0.0,9.474,0.7795,0.2773
1061,stage1,0,0.2932879626750946,0.45673680305480957,0.0,0.2932879626750946,0.0001,0.0,9.477,0.6799,0.2768
1062,stage1,0,0.28643977642059326,0.4311657249927521,0.0,0.28643977642059326,0.0001,0.0,9.474,0.7413,0.2769
1063,stage1,0,0.3809722661972046,0.46636906266212463,0.0,0.3809722661972046,0.0001,0.0,9.477,0.836,0.2772
1064,stage1,0,0.27883684635162354,0.442992240190506,0.0,0.27883684635162354,0.0001,0.0,9.474,0.6306,6.1822
1065,stage1,0,0.36080068349838257,0.4581100046634674,0.0,0.36080068349838257,0.0001,0.0,9.477,0.9273,0.2769
1066,stage1,0,0.2821580171585083,0.4475134015083313,0.0,0.2821580171585083,0.0001,0.0,9.474,0.8184,0.2768
1067,stage1,0,0.4053204655647278,0.4791718125343323,0.0,0.4053204655647278,0.0001,0.0,9.477,0.7106,0.2765
1068,stage1,0,0.3652985095977783,0.4980197250843048,0.0,0.3652985095977783,0.0001,0.0,9.474,0.762,0.2778
1069,stage1,0,0.3005829453468323,0.42082229256629944,0.0,0.3005829453468323,0.0001,0.0,9.477,0.6688,0.2776
1070,stage1,0,0.31509608030319214,0.47778546810150146,0.0,0.31509608030319214,0.0001,0.0,9.474,0.9854,0.2772
1071,stage1,0,0.37890031933784485,0.44805335998535156,0.0,0.37890031933784485,0.0001,0.0,9.477,0.8565,0.2778
1072,stage1,0,0.3148777186870575,0.4450746774673462,0.0,0.3148777186870575,0.0001,0.0,9.474,0.8103,6.1726
1073,stage1,0,0.35633423924446106,0.4862993359565735,0.0,0.35633423924446106,0.0001,0.0,9.477,0.9455,0.2765
1074,stage1,0,0.30270352959632874,0.4522295892238617,0.0,0.30270352959632874,0.0001,0.0,9.474,0.8033,0.2763
1075,stage1,0,0.30885764956474304,0.4741698205471039,0.0,0.30885764956474304,0.0001,0.0,9.477,0.8098,0.2771
1076,stage1,0,0.386674165725708,0.49597248435020447,0.0,0.386674165725708,0.0001,0.0,9.474,0.8629,0.2768
1077,stage1,0,0.419387549161911,0.487321674823761,0.0,0.419387549161911,0.0001,0.0,9.477,1.2398,0.2769
1078,stage1,0,0.31203681230545044,0.44711044430732727,0.0,0.31203681230545044,0.0001,0.0,9.474,0.7995,0.2779
1079,stage1,0,0.3094424605369568,0.4521154761314392,0.0,0.3094424605369568,0.0001,0.0,9.477,0.792,0.2773
1080,stage1,0,0.3995671570301056,0.4702484905719757,0.0,0.3995671570301056,0.0001,0.0,9.474,0.6904,6.1784
1081,stage1,0,0.3722293972969055,0.4711209535598755,0.0,0.3722293972969055,0.0001,0.0,9.477,0.6379,0.2762
1082,stage1,0,0.3013473153114319,0.4723756015300751,0.0,0.3013473153114319,0.0001,0.0,9.474,0.9196,0.2771
1083,stage1,0,0.36499878764152527,0.4706611633300781,0.0,0.36499878764152527,0.0001,0.0,9.477,1.0684,0.2775
1084,stage1,0,0.3544810712337494,0.48970040678977966,0.0,0.3544810712337494,0.0001,0.0,9.474,1.0487,0.2772
1085,stage1,0,0.2895812690258026,0.4372849762439728,0.0,0.2895812690258026,0.0001,0.0,9.477,0.691,0.2764
1086,stage1,0,0.3488614857196808,0.47512421011924744,0.0,0.3488614857196808,0.0001,0.0,9.474,0.6322,0.2775
1087,stage1,0,0.332162082195282,0.4277161955833435,0.0,0.332162082195282,0.0001,0.0,9.477,0.8362,0.2781
1088,stage1,0,0.3091435730457306,0.4374936819076538,0.0,0.3091435730457306,0.0001,0.0,9.474,0.8495,6.1692
1089,stage1,0,0.3285181224346161,0.4761990010738373,0.0,0.3285181224346161,0.0001,0.0,9.477,0.7043,0.2765
1090,stage1,0,0.34151482582092285,0.4669640362262726,0.0,0.34151482582092285,0.0001,0.0,9.474,0.7503,0.2763
1091,stage1,0,0.320728600025177,0.4377438724040985,0.0,0.320728600025177,0.0001,0.0,9.477,0.6411,0.2763
1092,stage1,0,0.2587328851222992,0.4354430139064789,0.0,0.2587328851222992,0.0001,0.0,9.474,0.6769,0.2768
1093,stage1,0,0.3630143702030182,0.4668617844581604,0.0,0.3630143702030182,0.0001,0.0,9.477,0.9028,0.2769
1094,stage1,0,0.4199609160423279,0.512449324131012,0.0,0.4199609160423279,0.0001,0.0,9.474,1.1562,0.2773
1095,stage1,0,0.28350695967674255,0.44099903106689453,0.0,0.28350695967674255,0.0001,0.0,9.477,0.7942,0.2767
1096,stage1,0,0.34686702489852905,0.49730566143989563,0.0,0.34686702489852905,0.0001,0.0,9.474,0.7189,6.1412
1097,stage1,0,0.330230176448822,0.4503982365131378,0.0,0.330230176448822,0.0001,0.0,9.477,0.7601,0.2748
1098,stage1,0,0.3165373206138611,0.45384716987609863,0.0,0.3165373206138611,0.0001,0.0,9.474,0.6728,0.2745
1099,stage1,0,0.3450298607349396,0.4682580530643463,0.0,0.3450298607349396,0.0001,0.0,9.477,0.7373,0.2749
1100,stage1,0,0.34338852763175964,0.47689422965049744,0.0,0.34338852763175964,0.0001,0.0,9.474,1.1036,0.2754
1101,stage1,0,0.2828332483768463,0.42493942379951477,0.0,0.2828332483768463,0.0001,0.0,9.477,0.9278,0.2757
1102,stage1,0,0.29177209734916687,0.4276558458805084,0.0,0.29177209734916687,0.0001,0.0,9.474,0.8094,0.2755
1103,stage1,1,0.3006785213947296,0.4406372308731079,0.0,0.3006785213947296,0.0001,0.0,9.477,0.6206,10.3761
1104,stage1,1,0.3331953287124634,0.451314240694046,0.0,0.3331953287124634,0.0001,0.0,9.474,0.8711,0.2757
1105,stage1,1,0.3039250671863556,0.456522136926651,0.0,0.3039250671863556,0.0001,0.0,9.477,0.9862,0.2767
1106,stage1,1,0.3381151854991913,0.4395957291126251,0.0,0.3381151854991913,0.0001,0.0,9.474,0.7986,0.2765
1107,stage1,1,0.3096126317977905,0.4498445689678192,0.0,0.3096126317977905,0.0001,0.0,9.477,0.814,0.2765
1108,stage1,1,0.37090644240379333,0.4546040892601013,0.0,0.37090644240379333,0.0001,0.0,9.474,1.051,0.2773
1109,stage1,1,0.4008055329322815,0.488026887178421,0.0,0.4008055329322815,0.0001,0.0,9.477,1.0669,0.2767
1110,stage1,1,0.38071247935295105,0.48144009709358215,0.0,0.38071247935295105,0.0001,0.0,9.474,1.3163,0.2775
1111,stage1,1,0.34989726543426514,0.4577837288379669,0.0,0.34989726543426514,0.0001,0.0,9.477,1.0344,6.8855
1112,stage1,1,0.35870328545570374,0.46187058091163635,0.0,0.35870328545570374,0.0001,0.0,9.474,0.8467,0.2759
1113,stage1,1,0.32982611656188965,0.450835645198822,0.0,0.32982611656188965,0.0001,0.0,9.477,0.6996,0.2767
1114,stage1,1,0.3404346704483032,0.47892895340919495,0.0,0.3404346704483032,0.0001,0.0,9.474,0.6565,0.277
1115,stage1,1,0.3488249182701111,0.5049941539764404,0.0,0.3488249182701111,0.0001,0.0,9.477,0.8977,0.2762
1116,stage1,1,0.34080272912979126,0.4572410583496094,0.0,0.34080272912979126,0.0001,0.0,9.474,1.0166,0.2767
1117,stage1,1,0.3229430615901947,0.4681611955165863,0.0,0.3229430615901947,0.0001,0.0,9.477,0.8187,0.2776
1118,stage1,1,0.2847607135772705,0.44638821482658386,0.0,0.2847607135772705,0.0001,0.0,9.474,0.7959,0.277
1119,stage1,1,0.3920486867427826,0.5068775415420532,0.0,0.3920486867427826,0.0001,0.0,9.477,1.1367,6.9763
1120,stage1,1,0.3246456980705261,0.45080944895744324,0.0,0.3246456980705261,0.0001,0.0,9.474,0.7348,0.2766
1121,stage1,1,0.3286840319633484,0.4482611119747162,0.0,0.3286840319633484,0.0001,0.0,9.477,1.0323,0.2772
1122,stage1,1,0.3498803675174713,0.45169752836227417,0.0,0.3498803675174713,0.0001,0.0,9.474,0.9345,0.2774
1123,stage1,1,0.3046523332595825,0.4469010829925537,0.0,0.3046523332595825,0.0001,0.0,9.477,0.7645,0.2762
1124,stage1,1,0.32693737745285034,0.45445549488067627,0.0,0.32693737745285034,0.0001,0.0,9.474,0.8043,0.2778
1125,stage1,1,0.3897646963596344,0.45152848958969116,0.0,0.3897646963596344,0.0001,0.0,9.477,0.9022,0.2765
1126,stage1,1,0.3597988188266754,0.46049848198890686,0.0,0.3597988188266754,0.0001,0.0,9.474,0.9155,0.2774
1127,stage1,1,0.3182665705680847,0.4286516010761261,0.0,0.3182665705680847,0.0001,0.0,9.477,0.753,6.8323
1128,stage1,1,0.32289546728134155,0.44152355194091797,0.0,0.32289546728134155,0.0001,0.0,9.474,0.9866,0.2763
1129,stage1,1,0.35901638865470886,0.44633084535598755,0.0,0.35901638865470886,0.0001,0.0,9.477,0.7824,0.2761
1130,stage1,1,0.3356378674507141,0.48554152250289917,0.0,0.3356378674507141,0.0001,0.0,9.474,0.7884,0.2763
1131,stage1,1,0.35954463481903076,0.4929286241531372,0.0,0.35954463481903076,0.0001,0.0,9.477,1.0286,0.2768
1132,stage1,1,0.3202366530895233,0.46176907420158386,0.0,0.3202366530895233,0.0001,0.0,9.474,1.0121,0.2774
1133,stage1,1,0.3689882159233093,0.46449387073516846,0.0,0.3689882159233093,0.0001,0.0,9.477,1.0837,0.2764
1134,stage1,1,0.35860753059387207,0.47015631198883057,0.0,0.35860753059387207,0.0001,0.0,9.474,0.9737,0.2769
1135,stage1,1,0.34840530157089233,0.4829866290092468,0.0,0.34840530157089233,0.0001,0.0,9.477,0.6453,6.5058
1136,stage1,1,0.29516854882240295,0.4673008620738983,0.0,0.29516854882240295,0.0001,0.0,9.474,0.7558,0.2759
1137,stage1,1,0.30805355310440063,0.4475041925907135,0.0,0.30805355310440063,0.0001,0.0,9.477,0.7469,0.2765
1138,stage1,1,0.2994866669178009,0.4571124315261841,0.0,0.2994866669178009,0.0001,0.0,9.474,0.8762,0.2768
1139,stage1,1,0.38764211535453796,0.4794510304927826,0.0,0.38764211535453796,0.0001,0.0,9.477,1.0681,0.2766
1140,stage1,1,0.34291109442710876,0.47475239634513855,0.0,0.34291109442710876,0.0001,0.0,9.474,1.1579,0.2768
1141,stage1,1,0.31764066219329834,0.4765312671661377,0.0,0.31764066219329834,0.0001,0.0,9.477,0.7318,0.2767
1142,stage1,1,0.3373277485370636,0.4626491069793701,0.0,0.3373277485370636,0.0001,0.0,9.474,0.7719,0.2767
1143,stage1,1,0.36042946577072144,0.45103567838668823,0.0,0.36042946577072144,0.0001,0.0,9.477,0.8332,6.7016
1144,stage1,1,0.3108505308628082,0.43587762117385864,0.0,0.3108505308628082,0.0001,0.0,9.474,0.7405,0.2754
1145,stage1,1,0.32998979091644287,0.4416266679763794,0.0,0.32998979091644287,0.0001,0.0,9.477,1.0019,0.2766
1146,stage1,1,0.3930734395980835,0.4947092831134796,0.0,0.3930734395980835,0.0001,0.0,9.474,0.8718,0.2766
1147,stage1,1,0.3616803288459778,0.4691067039966583,0.0,0.3616803288459778,0.0001,0.0,9.477,0.857,0.2768
1148,stage1,1,0.35239696502685547,0.4725681245326996,0.0,0.35239696502685547,0.0001,0.0,9.474,0.9621,0.2767
1149,stage1,1,0.2743469178676605,0.4537273645401001,0.0,0.2743469178676605,0.0001,0.0,9.477,0.6714,0.2768
1150,stage1,1,0.3671096861362457,0.4691021144390106,0.0,0.3671096861362457,0.0001,0.0,9.474,0.9523,0.2763
1151,stage1,1,0.2714111804962158,0.4389263093471527,0.0,0.2714111804962158,0.0001,0.0,9.477,0.8848,6.6535
1152,stage1,1,0.2915754020214081,0.4519742727279663,0.0,0.2915754020214081,0.0001,0.0,9.474,0.9027,0.2758
1153,stage1,1,0.3678757846355438,0.5019831657409668,0.0,0.3678757846355438,0.0001,0.0,9.477,0.9903,0.2757
1154,stage1,1,0.32290056347846985,0.4758656620979309,0.0,0.32290056347846985,0.0001,0.0,9.474,0.7493,0.2759
1155,stage1,1,0.37014710903167725,0.492218941450119,0.0,0.37014710903167725,0.0001,0.0,9.477,1.3321,0.2764
1156,stage1,1,0.3101363778114319,0.4318453073501587,0.0,0.3101363778114319,0.0001,0.0,9.474,1.0139,0.2762
1157,stage1,1,0.3513927757740021,0.4800752103328705,0.0,0.3513927757740021,0.0001,0.0,9.477,0.7085,0.2771
1158,stage1,1,0.36098116636276245,0.4638598561286926,0.0,0.36098116636276245,0.0001,0.0,9.474,0.8123,0.2767
1159,stage1,1,0.29379794001579285,0.47532808780670166,0.0,0.29379794001579285,0.0001,0.0,9.477,0.6651,6.6032
1160,stage1,1,0.286149263381958,0.4445159137248993,0.0,0.286149263381958,0.0001,0.0,9.474,0.7484,0.2755
1161,stage1,1,0.2942018210887909,0.44835710525512695,0.0,0.2942018210887909,0.0001,0.0,9.477,0.7273,0.2763
1162,stage1,1,0.325618714094162,0.45493918657302856,0.0,0.325618714094162,0.0001,0.0,9.474,0.7075,0.2763
1163,stage1,1,0.31976860761642456,0.46860378980636597,0.0,0.31976860761642456,0.0001,0.0,9.477,0.7259,0.2768
1164,stage1,1,0.32638242840766907,0.4618881642818451,0.0,0.32638242840766907,0.0001,0.0,9.474,1.0111,0.2766
1165,stage1,1,0.3126499056816101,0.4417397975921631,0.0,0.3126499056816101,0.0001,0.0,9.477,0.866,0.2769
1166,stage1,1,0.3807867169380188,0.46828949451446533,0.0,0.3807867169380188,0.0001,0.0,9.474,0.9734,0.2769
1167,stage1,1,0.3039940893650055,0.46850430965423584,0.0,0.3039940893650055,0.0001,0.0,9.477,0.688,6.3123
1168,stage1,1,0.30306828022003174,0.44977521896362305,0.0,0.30306828022003174,0.0001,0.0,9.474,0.9319,0.277
1169,stage1,1,0.34888508915901184,0.4525941014289856,0.0,0.34888508915901184,0.0001,0.0,9.477,0.63,0.2749
1170,stage1,1,0.3304171860218048,0.4697535037994385,0.0,0.3304171860218048,0.0001,0.0,9.474,0.9524,0.2766
1171,stage1,1,0.2992073893547058,0.47849851846694946,0.0,0.2992073893547058,0.0001,0.0,9.477,0.952,0.2763
1172,stage1,1,0.29280683398246765,0.42779767513275146,0.0,0.29280683398246765,0.0001,0.0,9.474,0.821,0.2767
1173,stage1,1,0.3481732904911041,0.49608874320983887,0.0,0.3481732904911041,0.0001,0.0,9.477,0.9927,0.277
1174,stage1,1,0.2848651707172394,0.4432063698768616,0.0,0.2848651707172394,0.0001,0.0,9.474,0.9106,0.2765
1175,stage1,1,0.2955643832683563,0.4429614841938019,0.0,0.2955643832683563,0.0001,0.0,9.477,0.7583,6.1429
1176,stage1,1,0.2713630199432373,0.42163556814193726,0.0,0.2713630199432373,0.0001,0.0,9.474,0.6452,0.2761
1177,stage1,1,0.355358362197876,0.4709419012069702,0.0,0.355358362197876,0.0001,0.0,9.477,0.8156,0.2764
1178,stage1,1,0.3051391839981079,0.45731374621391296,0.0,0.3051391839981079,0.0001,0.0,9.474,0.8665,0.2769
1179,stage1,1,0.3265739679336548,0.42603975534439087,0.0,0.3265739679336548,0.0001,0.0,9.477,0.8208,0.2761
1180,stage1,1,0.32097160816192627,0.4592251777648926,0.0,0.32097160816192627,0.0001,0.0,9.474,0.7877,0.2769
1181,stage1,1,0.27904632687568665,0.4461023509502411,0.0,0.27904632687568665,0.0001,0.0,9.477,0.7309,0.2769
1182,stage1,1,0.3176732659339905,0.4521034359931946,0.0,0.3176732659339905,0.0001,0.0,9.474,0.7456,0.2773
1183,stage1,1,0.32464689016342163,0.47529539465904236,0.0,0.32464689016342163,0.0001,0.0,9.477,0.8042,6.1994
1184,stage1,1,0.3837863802909851,0.4588146507740021,0.0,0.3837863802909851,0.0001,0.0,9.474,0.8034,0.2759
1185,stage1,1,0.30021169781684875,0.4623337984085083,0.0,0.30021169781684875,0.0001,0.0,9.477,0.7498,0.277
1186,stage1,1,0.3682571053504944,0.49662092328071594,0.0,0.3682571053504944,0.0001,0.0,9.474,1.0519,0.2762
1187,stage1,1,0.34207844734191895,0.4561172425746918,0.0,0.34207844734191895,0.0001,0.0,9.477,1.1153,0.5997
1188,stage1,1,0.34913742542266846,0.4574432373046875,0.0,0.34913742542266846,0.0001,0.0,9.474,0.9493,0.2765
1189,stage1,1,0.2968694269657135,0.4338499903678894,0.0,0.2968694269657135,0.0001,0.0,9.477,1.0748,0.2774
1190,stage1,1,0.37072989344596863,0.481180876493454,0.0,0.37072989344596863,0.0001,0.0,9.474,0.7782,0.2777
1191,stage1,1,0.38470569252967834,0.4827044904232025,0.0,0.38470569252967834,0.0001,0.0,9.477,1.05,6.1132
1192,stage1,1,0.3605150878429413,0.4719332456588745,0.0,0.3605150878429413,0.0001,0.0,9.474,0.9775,0.2759
1193,stage1,1,0.3216892182826996,0.45429733395576477,0.0,0.3216892182826996,0.0001,0.0,9.477,1.0142,0.2767
1194,stage1,1,0.3114064931869507,0.451153963804245,0.0,0.3114064931869507,0.0001,0.0,9.474,1.1133,0.2772
1195,stage1,1,0.3071693480014801,0.4788101613521576,0.0,0.3071693480014801,0.0001,0.0,9.477,0.9567,0.8324
1196,stage1,1,0.3683789372444153,0.4644762873649597,0.0,0.3683789372444153,0.0001,0.0,9.474,1.0759,0.2762
1197,stage1,1,0.37722691893577576,0.4832935035228729,0.0,0.37722691893577576,0.0001,0.0,9.477,0.9961,0.2765
1198,stage1,1,0.3487154543399811,0.47577714920043945,0.0,0.3487154543399811,0.0001,0.0,9.474,0.8907,0.2775
1199,stage1,1,0.3225363790988922,0.4573160707950592,0.0,0.3225363790988922,0.0001,0.0,9.477,1.1426,5.7502
1200,stage1,1,0.3177123963832855,0.4638729393482208,0.0,0.3177123963832855,0.0001,0.0,9.474,1.2737,0.2757
1201,stage1,1,0.3578619062900543,0.46238043904304504,0.0,0.3578619062900543,0.0001,0.0,9.477,1.2543,0.2797
1202,stage1,1,0.31999725103378296,0.45603451132774353,0.0,0.31999725103378296,0.0001,0.0,9.474,1.1312,0.2767
1203,stage1,1,0.24793951213359833,0.4380073547363281,0.0,0.24793951213359833,0.0001,0.0,9.477,0.6228,1.1472
1204,stage1,1,0.3860330581665039,0.4664628207683563,0.0,0.3860330581665039,0.0001,0.0,9.474,1.0293,0.276
1205,stage1,1,0.32687273621559143,0.4466005861759186,0.0,0.32687273621559143,0.0001,0.0,9.477,0.9455,0.2763
1206,stage1,1,0.3354061543941498,0.46527349948883057,0.0,0.3354061543941498,0.0001,0.0,9.474,0.8097,0.2773
1207,stage1,1,0.32690539956092834,0.4636848270893097,0.0,0.32690539956092834,0.0001,0.0,9.477,1.2228,5.6373
1208,stage1,1,0.32946109771728516,0.45532894134521484,0.0,0.32946109771728516,0.0001,0.0,9.474,0.923,0.276
1209,stage1,1,0.363310307264328,0.47111424803733826,0.0,0.363310307264328,0.0001,0.0,9.477,0.9661,0.2761
1210,stage1,1,0.3079237639904022,0.4379432797431946,0.0,0.3079237639904022,0.0001,0.0,9.474,0.8229,0.276
1211,stage1,1,0.2829999029636383,0.4181767702102661,0.0,0.2829999029636383,0.0001,0.0,9.477,0.8451,1.3945
1212,stage1,1,0.38173192739486694,0.48805105686187744,0.0,0.38173192739486694,0.0001,0.0,9.474,1.2566,0.2763
1213,stage1,1,0.34080544114112854,0.4806613326072693,0.0,0.34080544114112854,0.0001,0.0,9.477,0.9971,0.2766
1214,stage1,1,0.3459067940711975,0.4516972601413727,0.0,0.3459067940711975,0.0001,0.0,9.474,0.8269,0.2776
1215,stage1,1,0.3337997794151306,0.4471631944179535,0.0,0.3337997794151306,0.0001,0.0,9.477,0.7259,5.1145
1216,stage1,1,0.39399489760398865,0.47148358821868896,0.0,0.39399489760398865,0.0001,0.0,9.474,1.0426,0.2686
1217,stage1,1,0.28886523842811584,0.43237218260765076,0.0,0.28886523842811584,0.0001,0.0,9.477,1.0178,0.2761
1218,stage1,1,0.30435100197792053,0.4478090703487396,0.0,0.30435100197792053,0.0001,0.0,9.474,1.0409,0.2769
1219,stage1,1,0.30294713377952576,0.44587206840515137,0.0,0.30294713377952576,0.0001,0.0,9.477,0.9941,1.5459
1220,stage1,1,0.30828657746315,0.479920893907547,0.0,0.30828657746315,0.0001,0.0,9.474,0.8707,0.276
1221,stage1,1,0.2921253442764282,0.46214964985847473,0.0,0.2921253442764282,0.0001,0.0,9.477,0.7763,0.2767
1222,stage1,1,0.3554663062095642,0.4469263255596161,0.0,0.3554663062095642,0.0001,0.0,9.474,0.9186,0.2771
1223,stage1,1,0.32840272784233093,0.4875923693180084,0.0,0.32840272784233093,0.0001,0.0,9.477,0.7755,5.0308
1224,stage1,1,0.29326707124710083,0.4180406630039215,0.0,0.29326707124710083,0.0001,0.0,9.474,0.8349,0.2813
1225,stage1,1,0.3495166599750519,0.4725343585014343,0.0,0.3495166599750519,0.0001,0.0,9.477,0.975,0.2818
1226,stage1,1,0.29179662466049194,0.4369690418243408,0.0,0.29179662466049194,0.0001,0.0,9.474,0.8589,0.4928
1227,stage1,1,0.3146422803401947,0.4852040410041809,0.0,0.3146422803401947,0.0001,0.0,9.477,0.8584,1.2808
1228,stage1,1,0.2991328835487366,0.4586363434791565,0.0,0.2991328835487366,0.0001,0.0,9.474,0.6981,0.2765
1229,stage1,1,0.35915207862854004,0.44629326462745667,0.0,0.35915207862854004,0.0001,0.0,9.477,0.944,0.2766
1230,stage1,1,0.3487474322319031,0.45180436968803406,0.0,0.3487474322319031,0.0001,0.0,9.474,0.6499,0.2771
1231,stage1,1,0.3327787220478058,0.45109665393829346,0.0,0.3327787220478058,0.0001,0.0,9.477,0.7579,5.0347
1232,stage1,1,0.3070434033870697,0.4368286728858948,0.0,0.3070434033870697,0.0001,0.0,9.474,0.813,0.2761
1233,stage1,1,0.3378196954727173,0.46093320846557617,0.0,0.3378196954727173,0.0001,0.0,9.477,1.0088,0.5624
1234,stage1,1,0.31251248717308044,0.46009641885757446,0.0,0.31251248717308044,0.0001,0.0,9.474,0.7704,0.872
1235,stage1,1,0.3455066978931427,0.4984566867351532,0.0,0.3455066978931427,0.0001,0.0,9.477,1.1059,0.6841
1236,stage1,1,0.278455525636673,0.4559899866580963,0.0,0.278455525636673,0.0001,0.0,9.474,0.8053,0.2769
1237,stage1,1,0.35249030590057373,0.4622493386268616,0.0,0.35249030590057373,0.0001,0.0,9.477,1.1938,0.2766
1238,stage1,1,0.34511125087738037,0.43400996923446655,0.0,0.34511125087738037,0.0001,0.0,9.474,1.058,0.2773
1239,stage1,1,0.30133387446403503,0.4363384246826172,0.0,0.30133387446403503,0.0001,0.0,9.477,0.6134,5.0933
1240,stage1,1,0.29729753732681274,0.42417654395103455,0.0,0.29729753732681274,0.0001,0.0,9.474,0.7331,0.2811
1241,stage1,1,0.3277042508125305,0.4719770550727844,0.0,0.3277042508125305,0.0001,0.0,9.477,0.9936,0.7659
1242,stage1,1,0.31807154417037964,0.46205049753189087,0.0,0.31807154417037964,0.0001,0.0,9.474,0.9296,1.4411
1243,stage1,1,0.32307395339012146,0.4481315016746521,0.0,0.32307395339012146,0.0001,0.0,9.477,1.0515,0.2761
1244,stage1,1,0.2925530672073364,0.4451591968536377,0.0,0.2925530672073364,0.0001,0.0,9.474,0.7585,0.277
1245,stage1,1,0.3141498565673828,0.43748921155929565,0.0,0.3141498565673828,0.0001,0.0,9.477,0.6121,0.2775
1246,stage1,1,0.2968748211860657,0.44437363743782043,0.0,0.2968748211860657,0.0001,0.0,9.474,1.1153,0.2774
1247,stage1,1,0.3091704547405243,0.4669642746448517,0.0,0.3091704547405243,0.0001,0.0,9.477,0.983,4.6402
1248,stage1,1,0.28496235609054565,0.4553523361682892,0.0,0.28496235609054565,0.0001,0.0,9.474,0.8535,0.2769
1249,stage1,1,0.28984534740448,0.46529045701026917,0.0,0.28984534740448,0.0001,0.0,9.477,0.7938,0.8625
1250,stage1,1,0.30896613001823425,0.43700000643730164,0.0,0.30896613001823425,0.0001,0.0,9.474,0.7933,1.7496
1251,stage1,1,0.3317115604877472,0.4406186640262604,0.0,0.3317115604877472,0.0001,0.0,9.477,0.6307,0.2759
1252,stage1,1,0.28904223442077637,0.4421831965446472,0.0,0.28904223442077637,0.0001,0.0,9.474,0.625,0.2766
1253,stage1,1,0.26778385043144226,0.4149819314479828,0.0,0.26778385043144226,0.0001,0.0,9.477,0.4903,0.2783
1254,stage1,1,0.367157906293869,0.46121856570243835,0.0,0.367157906293869,0.0001,0.0,9.474,1.2447,0.2762
1255,stage1,1,0.27432695031166077,0.4634086787700653,0.0,0.27432695031166077,0.0001,0.0,9.477,1.1149,4.3144
1256,stage1,1,0.2654198110103607,0.41404542326927185,0.0,0.2654198110103607,0.0001,0.0,9.474,0.7983,0.2758
1257,stage1,1,0.2732888162136078,0.4596399664878845,0.0,0.2732888162136078,0.0001,0.0,9.477,0.8785,1.2065
1258,stage1,1,0.2844243347644806,0.4320167303085327,0.0,0.2844243347644806,0.0001,0.0,9.474,0.7144,1.6953
1259,stage1,1,0.3228447139263153,0.4642880856990814,0.0,0.3228447139263153,0.0001,0.0,9.477,0.6604,0.276
1260,stage1,1,0.3838583528995514,0.48167112469673157,0.0,0.3838583528995514,0.0001,0.0,9.474,0.9003,0.2772
1261,stage1,1,0.2810366749763489,0.447590172290802,0.0,0.2810366749763489,0.0001,0.0,9.477,0.7915,0.277
1262,stage1,1,0.32733088731765747,0.4359723627567291,0.0,0.32733088731765747,0.0001,0.0,9.474,0.9169,0.2764
1263,stage1,1,0.33749836683273315,0.46886876225471497,0.0,0.33749836683273315,0.0001,0.0,9.477,0.7927,4.0029
1264,stage1,1,0.31789299845695496,0.4622334837913513,0.0,0.31789299845695496,0.0001,0.0,9.474,0.7788,0.2767
1265,stage1,1,0.3256402313709259,0.4531562030315399,0.0,0.3256402313709259,0.0001,0.0,9.477,0.9235,1.131
1266,stage1,1,0.25777190923690796,0.4281049966812134,0.0,0.25777190923690796,0.0001,0.0,9.474,0.8267,2.1284
1267,stage1,1,0.3969239294528961,0.4926850199699402,0.0,0.3969239294528961,0.0001,0.0,9.477,0.9548,0.2763
1268,stage1,1,0.33996814489364624,0.4643819034099579,0.0,0.33996814489364624,0.0001,0.0,9.474,0.9096,0.2768
1269,stage1,1,0.3046051263809204,0.45474478602409363,0.0,0.3046051263809204,0.0001,0.0,9.477,0.7982,0.2771
1270,stage1,1,0.32069817185401917,0.4518272280693054,0.0,0.32069817185401917,0.0001,0.0,9.474,0.7124,0.2773
1271,stage1,1,0.28269287943840027,0.4509204924106598,0.0,0.28269287943840027,0.0001,0.0,9.477,0.8476,3.679
1272,stage1,1,0.38772034645080566,0.47941941022872925,0.0,0.38772034645080566,0.0001,0.0,9.474,1.0379,0.2807
1273,stage1,1,0.3497101664543152,0.4324539601802826,0.0,0.3497101664543152,0.0001,0.0,9.477,1.0742,1.1313
1274,stage1,1,0.29275304079055786,0.4344020485877991,0.0,0.29275304079055786,0.0001,0.0,9.474,0.8067,2.2263
1275,stage1,1,0.3419087827205658,0.4784242510795593,0.0,0.3419087827205658,0.0001,0.0,9.477,1.0325,0.2758
1276,stage1,1,0.3262980580329895,0.46659132838249207,0.0,0.3262980580329895,0.0001,0.0,9.474,0.9763,0.2772
1277,stage1,1,0.2991519570350647,0.4652860164642334,0.0,0.2991519570350647,0.0001,0.0,9.477,0.7592,0.2767
1278,stage1,1,0.33893075585365295,0.46839451789855957,0.0,0.33893075585365295,0.0001,0.0,9.474,1.1492,0.2778
1279,stage1,1,0.2942918837070465,0.4394860863685608,0.0,0.2942918837070465,0.0001,0.0,9.477,0.8277,3.4653
1280,stage1,1,0.32613739371299744,0.4297027885913849,0.0,0.32613739371299744,0.0001,0.0,9.474,0.899,0.2767
1281,stage1,1,0.2777855396270752,0.47054487466812134,0.0,0.2777855396270752,0.0001,0.0,9.477,0.6793,1.3258
1282,stage1,1,0.4059894382953644,0.48780354857444763,0.0,0.4059894382953644,0.0001,0.0,9.474,0.9973,2.3992
1283,stage1,1,0.3822222948074341,0.4926304817199707,0.0,0.3822222948074341,0.0001,0.0,9.477,1.094,0.2763
1284,stage1,1,0.3410510718822479,0.47964605689048767,0.0,0.3410510718822479,0.0001,0.0,9.474,0.8618,0.2768
1285,stage1,1,0.3181702196598053,0.44628098607063293,0.0,0.3181702196598053,0.0001,0.0,9.477,0.7128,0.2772
1286,stage1,1,0.33583274483680725,0.4636765420436859,0.0,0.33583274483680725,0.0001,0.0,9.474,0.9001,0.2773
1287,stage1,1,0.3179199695587158,0.4465831220149994,0.0,0.3179199695587158,0.0001,0.0,9.477,0.8037,3.2541
1288,stage1,1,0.33486559987068176,0.4403253495693207,0.0,0.33486559987068176,0.0001,0.0,9.474,0.7537,0.2765
1289,stage1,1,0.31280145049095154,0.4672389328479767,0.0,0.31280145049095154,0.0001,0.0,9.477,1.1748,2.3329
1290,stage1,1,0.32967209815979004,0.467096209526062,0.0,0.32967209815979004,0.0001,0.0,9.474,0.9813,1.609
1291,stage1,1,0.33206337690353394,0.47378963232040405,0.0,0.33206337690353394,0.0001,0.0,9.477,0.8114,0.2759
1292,stage1,1,0.29593905806541443,0.45592260360717773,0.0,0.29593905806541443,0.0001,0.0,9.474,0.7138,0.2776
1293,stage1,1,0.25489190220832825,0.4586215913295746,0.0,0.25489190220832825,0.0001,0.0,9.477,0.9789,0.2768
1294,stage1,1,0.3248840570449829,0.4532301425933838,0.0,0.3248840570449829,0.0001,0.0,9.474,1.231,0.2769
1295,stage1,1,0.29971814155578613,0.45666927099227905,0.0,0.29971814155578613,0.0001,0.0,9.477,0.7302,3.2672
1296,stage1,1,0.32134202122688293,0.47618791460990906,0.0,0.32134202122688293,0.0001,0.0,9.474,0.7494,0.2766
1297,stage1,1,0.297745019197464,0.4314681589603424,0.0,0.297745019197464,0.0001,0.0,9.477,0.796,2.3772
1298,stage1,1,0.3049788475036621,0.45845165848731995,0.0,0.3049788475036621,0.0001,0.0,9.474,0.9919,1.5418
1299,stage1,1,0.306064248085022,0.41488832235336304,0.0,0.306064248085022,0.0001,0.0,9.477,0.8062,0.2767
1300,stage1,1,0.3429853916168213,0.4506303668022156,0.0,0.3429853916168213,0.0001,0.0,9.474,0.9805,0.2766
1301,stage1,1,0.3573957085609436,0.4674580693244934,0.0,0.3573957085609436,0.0001,0.0,9.477,0.8598,0.2767
1302,stage1,1,0.2788301110267639,0.4402410089969635,0.0,0.2788301110267639,0.0001,0.0,9.474,0.6208,0.2772
1303,stage1,1,0.2969394028186798,0.4526248276233673,0.0,0.2969394028186798,0.0001,0.0,9.477,0.9918,3.1361
1304,stage1,1,0.28199824690818787,0.46489760279655457,0.0,0.28199824690818787,0.0001,0.0,9.474,0.8458,0.2764
1305,stage1,1,0.3171452581882477,0.46347272396087646,0.0,0.3171452581882477,0.0001,0.0,9.477,0.7457,2.4687
1306,stage1,1,0.28056785464286804,0.44206270575523376,0.0,0.28056785464286804,0.0001,0.0,9.474,0.7972,1.3919
1307,stage1,1,0.3005596697330475,0.453531950712204,0.0,0.3005596697330475,0.0001,0.0,9.477,1.2835,0.2759
1308,stage1,1,0.38445353507995605,0.47292181849479675,0.0,0.38445353507995605,0.0001,0.0,9.474,1.1417,0.2762
1309,stage1,1,0.33967912197113037,0.5243643522262573,0.0,0.33967912197113037,0.0001,0.0,9.477,0.7555,0.2769
1310,stage1,1,0.34598374366760254,0.45279937982559204,0.0,0.34598374366760254,0.0001,0.0,9.474,1.0222,0.2774
1311,stage1,1,0.27570676803588867,0.454600989818573,0.0,0.27570676803588867,0.0001,0.0,9.477,0.8708,3.3863
1312,stage1,1,0.26941487193107605,0.45368319749832153,0.0,0.26941487193107605,0.0001,0.0,9.474,1.1754,0.276
1313,stage1,1,0.3446665108203888,0.45172980427742004,0.0,0.3446665108203888,0.0001,0.0,9.477,0.9572,2.3092
1314,stage1,1,0.2503529489040375,0.42809492349624634,0.0,0.2503529489040375,0.0001,0.0,9.474,0.707,1.3644
1315,stage1,1,0.2845246493816376,0.4358847141265869,0.0,0.2845246493816376,0.0001,0.0,9.477,0.7192,0.2767
1316,stage1,1,0.34073954820632935,0.4338218867778778,0.0,0.34073954820632935,0.0001,0.0,9.474,0.9256,0.2773
1317,stage1,1,0.27817094326019287,0.43896836042404175,0.0,0.27817094326019287,0.0001,0.0,9.477,0.9506,0.2767
1318,stage1,1,0.2765670418739319,0.4197341799736023,0.0,0.2765670418739319,0.0001,0.0,9.474,0.8637,0.2773
1319,stage1,1,0.3410171568393707,0.47948166728019714,0.0,0.3410171568393707,0.0001,0.0,9.477,1.106,3.5069
1320,stage1,1,0.2961381673812866,0.4409850537776947,0.0,0.2961381673812866,0.0001,0.0,9.474,0.7425,0.2766
1321,stage1,1,0.3452185392379761,0.4604600965976715,0.0,0.3452185392379761,0.0001,0.0,9.477,0.8811,2.271
1322,stage1,1,0.3094891905784607,0.479709655046463,0.0,0.3094891905784607,0.0001,0.0,9.474,0.9714,1.3053
1323,stage1,1,0.3290022313594818,0.44202104210853577,0.0,0.3290022313594818,0.0001,0.0,9.477,0.8059,0.2759
1324,stage1,1,0.28587856888771057,0.4403890073299408,0.0,0.28587856888771057,0.0001,0.0,9.474,0.8676,0.2775
1325,stage1,1,0.30551543831825256,0.45760616660118103,0.0,0.30551543831825256,0.0001,0.0,9.477,0.7798,0.277
1326,stage1,1,0.2933260202407837,0.47158709168434143,0.0,0.2933260202407837,0.0001,0.0,9.474,0.8,0.2774
1327,stage1,1,0.3055603504180908,0.4422532320022583,0.0,0.3055603504180908,0.0001,0.0,9.477,0.6372,3.6293
1328,stage1,1,0.31500306725502014,0.425296813249588,0.0,0.31500306725502014,0.0001,0.0,9.474,0.985,0.2763
1329,stage1,1,0.3998943567276001,0.4654029905796051,0.0,0.3998943567276001,0.0001,0.0,9.477,1.1315,2.371
1330,stage1,1,0.3346475660800934,0.451157808303833,0.0,0.3346475660800934,0.0001,0.0,9.474,0.7064,1.0074
1331,stage1,1,0.3600652515888214,0.4729222357273102,0.0,0.3600652515888214,0.0001,0.0,9.477,0.9288,0.2764
1332,stage1,1,0.31561341881752014,0.4550035893917084,0.0,0.31561341881752014,0.0001,0.0,9.474,0.7659,0.2766
1333,stage1,1,0.26919683814048767,0.41861841082572937,0.0,0.26919683814048767,0.0001,0.0,9.477,0.7199,0.2771
1334,stage1,1,0.24302560091018677,0.43553850054740906,0.0,0.24302560091018677,0.0001,0.0,9.474,0.8993,0.2771
1335,stage1,1,0.2744200527667999,0.45479074120521545,0.0,0.2744200527667999,0.0001,0.0,9.477,0.6475,3.7679
1336,stage1,1,0.3690337538719177,0.4624637961387634,0.0,0.3690337538719177,0.0001,0.0,9.474,1.0051,0.2766
1337,stage1,1,0.27539411187171936,0.44304367899894714,0.0,0.27539411187171936,0.0001,0.0,9.477,0.8034,2.4996
1338,stage1,1,0.3052853047847748,0.43173229694366455,0.0,0.3052853047847748,0.0001,0.0,9.474,0.6975,0.6739
1339,stage1,1,0.2943873703479767,0.449666291475296,0.0,0.2943873703479767,0.0001,0.0,9.477,0.7582,0.277
1340,stage1,1,0.2936771512031555,0.4270383417606354,0.0,0.2936771512031555,0.0001,0.0,9.474,0.7736,0.2778
1341,stage1,1,0.34988638758659363,0.4599263370037079,0.0,0.34988638758659363,0.0001,0.0,9.477,0.6425,0.2769
1342,stage1,1,0.22940947115421295,0.43997228145599365,0.0,0.22940947115421295,0.0001,0.0,9.474,0.742,0.2778
1343,stage1,1,0.34509921073913574,0.48013994097709656,0.0,0.34509921073913574,0.0001,0.0,9.477,0.8901,3.8979
1344,stage1,1,0.25562024116516113,0.4366987943649292,0.0,0.25562024116516113,0.0001,0.0,9.474,0.6995,0.2762
1345,stage1,1,0.32697418332099915,0.45650285482406616,0.0,0.32697418332099915,0.0001,0.0,9.477,0.8311,2.6103
1346,stage1,1,0.34235879778862,0.46320125460624695,0.0,0.34235879778862,0.0001,0.0,9.474,0.8705,0.5339
1347,stage1,1,0.3804005980491638,0.48090773820877075,0.0,0.3804005980491638,0.0001,0.0,9.477,0.9301,0.2763
1348,stage1,1,0.25849130749702454,0.4622463285923004,0.0,0.25849130749702454,0.0001,0.0,9.474,0.7834,0.2769
1349,stage1,1,0.34545838832855225,0.45231759548187256,0.0,0.34545838832855225,0.0001,0.0,9.477,1.1295,0.2773
1350,stage1,1,0.29467475414276123,0.4474756717681885,0.0,0.29467475414276123,0.0001,0.0,9.474,0.7873,0.2779
1351,stage1,1,0.32042115926742554,0.4340223968029022,0.0,0.32042115926742554,0.0001,0.0,9.477,0.8043,3.9944
1352,stage1,1,0.27067646384239197,0.42577850818634033,0.0,0.27067646384239197,0.0001,0.0,9.474,0.704,0.2769
1353,stage1,1,0.3171570897102356,0.46545520424842834,0.0,0.3171570897102356,0.0001,0.0,9.477,0.9914,2.6352
1354,stage1,1,0.30136969685554504,0.43236878514289856,0.0,0.30136969685554504,0.0001,0.0,9.474,0.7624,0.5475
1355,stage1,1,0.26755380630493164,0.42192837595939636,0.0,0.26755380630493164,0.0001,0.0,9.477,0.9529,0.2766
1356,stage1,1,0.3402358293533325,0.4536375403404236,0.0,0.3402358293533325,0.0001,0.0,9.474,0.8297,0.2767
1357,stage1,1,0.2869250774383545,0.4135258197784424,0.0,0.2869250774383545,0.0001,0.0,9.477,0.7497,0.277
1358,stage1,1,0.29318034648895264,0.4491111636161804,0.0,0.29318034648895264,0.0001,0.0,9.474,0.7817,0.2772
1359,stage1,1,0.289880633354187,0.4103549122810364,0.0,0.289880633354187,0.0001,0.0,9.477,0.8073,4.3804
1360,stage1,1,0.2561691105365753,0.4593868553638458,0.0,0.2561691105365753,0.0001,0.0,9.474,0.9824,0.2758
1361,stage1,1,0.318061888217926,0.4654804766178131,0.0,0.318061888217926,0.0001,0.0,9.477,0.9523,2.4841
1362,stage1,1,0.28370344638824463,0.42450591921806335,0.0,0.28370344638824463,0.0001,0.0,9.474,0.661,0.2767
1363,stage1,1,0.26460975408554077,0.4320797920227051,0.0,0.26460975408554077,0.0001,0.0,9.477,0.8053,0.2771
1364,stage1,1,0.3107355535030365,0.45709505677223206,0.0,0.3107355535030365,0.0001,0.0,9.474,0.8072,0.2778
1365,stage1,1,0.3102647066116333,0.43687278032302856,0.0,0.3102647066116333,0.0001,0.0,9.477,0.7651,0.2771
1366,stage1,1,0.32586053013801575,0.44089213013648987,0.0,0.32586053013801575,0.0001,0.0,9.474,1.106,0.2773
1367,stage1,1,0.3218919634819031,0.4464728832244873,0.0,0.3218919634819031,0.0001,0.0,9.477,0.9704,4.5699
1368,stage1,1,0.32098907232284546,0.46386799216270447,0.0,0.32098907232284546,0.0001,0.0,9.474,0.8352,0.2765
1369,stage1,1,0.32033854722976685,0.45991531014442444,0.0,0.32033854722976685,0.0001,0.0,9.477,0.8453,2.1583
1370,stage1,1,0.27859362959861755,0.43439820408821106,0.0,0.27859362959861755,0.0001,0.0,9.474,0.7593,0.2766
1371,stage1,1,0.3356179893016815,0.44891107082366943,0.0,0.3356179893016815,0.0001,0.0,9.477,0.9797,0.2766
1372,stage1,1,0.32084643840789795,0.49122175574302673,0.0,0.32084643840789795,0.0001,0.0,9.474,0.9862,0.2766
1373,stage1,1,0.3131054937839508,0.42574542760849,0.0,0.3131054937839508,0.0001,0.0,9.477,0.8252,0.2777
1374,stage1,1,0.3192407488822937,0.4543515741825104,0.0,0.3192407488822937,0.0001,0.0,9.474,0.9027,0.2771
1375,stage1,1,0.2970283329486847,0.4149716794490814,0.0,0.2970283329486847,0.0001,0.0,9.477,0.7423,4.8016
1376,stage1,1,0.300660103559494,0.48267677426338196,0.0,0.300660103559494,0.0001,0.0,9.474,1.0013,0.2804
1377,stage1,1,0.3047076165676117,0.4415193498134613,0.0,0.3047076165676117,0.0001,0.0,9.477,0.8663,1.775
1378,stage1,1,0.3683653771877289,0.47234854102134705,0.0,0.3683653771877289,0.0001,0.0,9.474,1.1128,0.2761
1379,stage1,1,0.34937965869903564,0.45731687545776367,0.0,0.34937965869903564,0.0001,0.0,9.477,0.8782,0.2766
1380,stage1,1,0.31639495491981506,0.4587438404560089,0.0,0.31639495491981506,0.0001,0.0,9.474,0.9678,0.2775
1381,stage1,1,0.324979305267334,0.4530894160270691,0.0,0.324979305267334,0.0001,0.0,9.477,0.7255,0.2779
1382,stage1,1,0.2919430732727051,0.42403924465179443,0.0,0.2919430732727051,0.0001,0.0,9.474,0.8388,0.2773
1383,stage1,1,0.33052361011505127,0.461472749710083,0.0,0.33052361011505127,0.0001,0.0,9.477,0.94,5.211
1384,stage1,1,0.36276882886886597,0.45286843180656433,0.0,0.36276882886886597,0.0001,0.0,9.474,1.014,0.2748
1385,stage1,1,0.33548474311828613,0.4623991847038269,0.0,0.33548474311828613,0.0001,0.0,9.477,1.0644,1.4931
1386,stage1,1,0.32144036889076233,0.45362842082977295,0.0,0.32144036889076233,0.0001,0.0,9.474,1.2602,0.3537
1387,stage1,1,0.35254982113838196,0.4372909665107727,0.0,0.35254982113838196,0.0001,0.0,9.477,1.1377,0.2753
1388,stage1,1,0.3662084937095642,0.47147101163864136,0.0,0.3662084937095642,0.0001,0.0,9.474,1.158,0.277
1389,stage1,1,0.28499147295951843,0.4299551844596863,0.0,0.28499147295951843,0.0001,0.0,9.477,0.9186,0.277
1390,stage1,1,0.2773974537849426,0.45218783617019653,0.0,0.2773974537849426,0.0001,0.0,9.474,0.9029,0.2776
1391,stage1,1,0.24902258813381195,0.4448055028915405,0.0,0.24902258813381195,0.0001,0.0,9.477,0.7689,5.3569
1392,stage1,1,0.2420363873243332,0.43729493021965027,0.0,0.2420363873243332,0.0001,0.0,9.474,0.821,0.2763
1393,stage1,1,0.3102213442325592,0.4362366497516632,0.0,0.3102213442325592,0.0001,0.0,9.477,0.7719,1.4333
1394,stage1,1,0.3088153004646301,0.42793455719947815,0.0,0.3088153004646301,0.0001,0.0,9.474,0.8919,0.277
1395,stage1,1,0.31633755564689636,0.4617362320423126,0.0,0.31633755564689636,0.0001,0.0,9.477,0.9425,0.277
1396,stage1,1,0.2682819366455078,0.4236389100551605,0.0,0.2682819366455078,0.0001,0.0,9.474,0.7228,0.2772
1397,stage1,1,0.3404332995414734,0.44467756152153015,0.0,0.3404332995414734,0.0001,0.0,9.477,0.8938,0.2772
1398,stage1,1,0.3428371548652649,0.47251471877098083,0.0,0.3428371548652649,0.0001,0.0,9.474,1.0073,0.2772
1399,stage1,1,0.3098093271255493,0.4456407427787781,0.0,0.3098093271255493,0.0001,0.0,9.477,0.7908,5.4959
1400,stage1,1,0.35216739773750305,0.4561554193496704,0.0,0.35216739773750305,0.0001,0.0,9.474,1.0641,0.2765
1401,stage1,1,0.3131560683250427,0.4421162009239197,0.0,0.3131560683250427,0.0001,0.0,9.477,0.831,1.3065
1402,stage1,1,0.3029610812664032,0.4440132677555084,0.0,0.3029610812664032,0.0001,0.0,9.474,0.7262,0.3588
1403,stage1,1,0.36287200450897217,0.4896214008331299,0.0,0.36287200450897217,0.0001,0.0,9.477,1.0441,0.2766
1404,stage1,1,0.26894432306289673,0.4448220729827881,0.0,0.26894432306289673,0.0001,0.0,9.474,1.0233,0.2768
1405,stage1,1,0.29374074935913086,0.4242967665195465,0.0,0.29374074935913086,0.0001,0.0,9.477,0.7473,0.2776
1406,stage1,1,0.3145488500595093,0.4509745240211487,0.0,0.3145488500595093,0.0001,0.0,9.474,0.7249,0.277
1407,stage1,1,0.30715638399124146,0.46222150325775146,0.0,0.30715638399124146,0.0001,0.0,9.477,0.7759,5.6061
1408,stage1,1,0.2999466061592102,0.4314975440502167,0.0,0.2999466061592102,0.0001,0.0,9.474,1.1718,0.276
1409,stage1,1,0.3459024429321289,0.4587116539478302,0.0,0.3459024429321289,0.0001,0.0,9.477,1.1145,1.1284
1410,stage1,1,0.26582005620002747,0.4332386553287506,0.0,0.26582005620002747,0.0001,0.0,9.474,0.6094,0.2756
1411,stage1,1,0.40356874465942383,0.4737940728664398,0.0,0.40356874465942383,0.0001,0.0,9.477,0.8274,0.2769
1412,stage1,1,0.3228467106819153,0.4573390483856201,0.0,0.3228467106819153,0.0001,0.0,9.474,0.6564,0.2772
1413,stage1,1,0.33884453773498535,0.46007585525512695,0.0,0.33884453773498535,0.0001,0.0,9.477,0.837,0.2771
1414,stage1,1,0.34119734168052673,0.4696137309074402,0.0,0.34119734168052673,0.0001,0.0,9.474,1.3409,0.2772
1415,stage1,1,0.29662904143333435,0.4424195885658264,0.0,0.29662904143333435,0.0001,0.0,9.477,0.8507,5.7175
1416,stage1,1,0.30488908290863037,0.4464126527309418,0.0,0.30488908290863037,0.0001,0.0,9.474,0.8035,0.2763
1417,stage1,1,0.36121365427970886,0.46034279465675354,0.0,0.36121365427970886,0.0001,0.0,9.477,1.0253,1.2509
1418,stage1,1,0.33866721391677856,0.4403253495693207,0.0,0.33866721391677856,0.0001,0.0,9.474,0.7959,0.2766
1419,stage1,1,0.3885875940322876,0.48933807015419006,0.0,0.3885875940322876,0.0001,0.0,9.477,0.8947,0.2767
1420,stage1,1,0.28883126378059387,0.41750216484069824,0.0,0.28883126378059387,0.0001,0.0,9.474,0.9528,0.2769
1421,stage1,1,0.3317001163959503,0.47764158248901367,0.0,0.3317001163959503,0.0001,0.0,9.477,0.7466,0.2773
1422,stage1,1,0.294638067483902,0.4399752914905548,0.0,0.294638067483902,0.0001,0.0,9.474,0.6526,0.2771
1423,stage1,1,0.28815585374832153,0.4245418310165405,0.0,0.28815585374832153,0.0001,0.0,9.477,0.809,5.6482
1424,stage1,1,0.31019604206085205,0.43896421790122986,0.0,0.31019604206085205,0.0001,0.0,9.474,0.8636,0.2767
1425,stage1,1,0.28946253657341003,0.4628247618675232,0.0,0.28946253657341003,0.0001,0.0,9.477,0.6689,1.2804
1426,stage1,1,0.33991119265556335,0.4678347706794739,0.0,0.33991119265556335,0.0001,0.0,9.474,1.0573,0.273
1427,stage1,1,0.3539966344833374,0.46054041385650635,0.0,0.3539966344833374,0.0001,0.0,9.477,1.0455,0.277
1428,stage1,1,0.2875043451786041,0.4291504919528961,0.0,0.2875043451786041,0.0001,0.0,9.474,0.8571,0.2773
1429,stage1,1,0.31418925523757935,0.48161908984184265,0.0,0.31418925523757935,0.0001,0.0,9.477,0.8652,0.2777
1430,stage1,1,0.3645969033241272,0.4705078899860382,0.0,0.3645969033241272,0.0001,0.0,9.474,0.9679,0.2772
1431,stage1,1,0.2999706566333771,0.4371824264526367,0.0,0.2999706566333771,0.0001,0.0,9.477,0.9994,5.3266
1432,stage1,1,0.24065591394901276,0.4089920222759247,0.0,0.24065591394901276,0.0001,0.0,9.474,0.6528,0.2757
1433,stage1,1,0.3486381769180298,0.46019256114959717,0.0,0.3486381769180298,0.0001,0.0,9.477,0.7199,1.7239
1434,stage1,1,0.3427446484565735,0.4479261338710785,0.0,0.3427446484565735,0.0001,0.0,9.474,1.3941,0.2761
1435,stage1,1,0.29533106088638306,0.4213988482952118,0.0,0.29533106088638306,0.0001,0.0,9.477,0.8531,0.277
1436,stage1,1,0.31003424525260925,0.4456159174442291,0.0,0.31003424525260925,0.0001,0.0,9.474,0.7182,0.2772
1437,stage1,1,0.28285646438598633,0.4548605978488922,0.0,0.28285646438598633,0.0001,0.0,9.477,0.7932,0.2774
1438,stage1,1,0.2545241117477417,0.41502323746681213,0.0,0.2545241117477417,0.0001,0.0,9.474,0.9171,0.2775
1439,stage1,1,0.34008631110191345,0.47747042775154114,0.0,0.34008631110191345,0.0001,0.0,9.477,0.835,4.8425
1440,stage1,1,0.2891688644886017,0.46719807386398315,0.0,0.2891688644886017,0.0001,0.0,9.474,0.8409,0.2769
1441,stage1,1,0.29978904128074646,0.44482100009918213,0.0,0.29978904128074646,0.0001,0.0,9.477,0.7465,2.1908
1442,stage1,1,0.3425574004650116,0.45956146717071533,0.0,0.3425574004650116,0.0001,0.0,9.474,0.8231,0.276
1443,stage1,1,0.26378175616264343,0.41918906569480896,0.0,0.26378175616264343,0.0001,0.0,9.477,0.7927,0.2773
1444,stage1,1,0.2875719666481018,0.45138663053512573,0.0,0.2875719666481018,0.0001,0.0,9.474,0.8513,0.2774
1445,stage1,1,0.2884152829647064,0.43780067563056946,0.0,0.2884152829647064,0.0001,0.0,9.477,0.8669,0.2775
1446,stage1,1,0.30810999870300293,0.4163212776184082,0.0,0.30810999870300293,0.0001,0.0,9.474,0.8048,0.2773
1447,stage1,1,0.28025496006011963,0.4337794780731201,0.0,0.28025496006011963,0.0001,0.0,9.477,0.8077,4.4181
1448,stage1,1,0.325232595205307,0.44192543625831604,0.0,0.325232595205307,0.0001,0.0,9.474,0.983,0.2768
1449,stage1,1,0.3862817883491516,0.4774966239929199,0.0,0.3862817883491516,0.0001,0.0,9.477,0.9163,2.3261
1450,stage1,1,0.28930315375328064,0.42182832956314087,0.0,0.28930315375328064,0.0001,0.0,9.474,0.7416,0.2743
1451,stage1,1,0.2892882823944092,0.4450382888317108,0.0,0.2892882823944092,0.0001,0.0,9.477,0.7244,0.2769
1452,stage1,1,0.3024396598339081,0.4353472590446472,0.0,0.3024396598339081,0.0001,0.0,9.474,0.9709,0.2768
1453,stage1,1,0.32113727927207947,0.4735400974750519,0.0,0.32113727927207947,0.0001,0.0,9.477,1.3347,0.2774
1454,stage1,1,0.3128356337547302,0.46790608763694763,0.0,0.3128356337547302,0.0001,0.0,9.474,0.7773,0.2766
1455,stage1,1,0.2988792359828949,0.46909910440444946,0.0,0.2988792359828949,0.0001,0.0,9.477,0.941,4.3121
1456,stage1,1,0.3166884481906891,0.46448850631713867,0.0,0.3166884481906891,0.0001,0.0,9.474,0.9818,0.2767
1457,stage1,1,0.29564544558525085,0.44527149200439453,0.0,0.29564544558525085,0.0001,0.0,9.477,1.0915,2.2984
1458,stage1,1,0.29478079080581665,0.44500672817230225,0.0,0.29478079080581665,0.0001,0.0,9.474,0.9204,0.2966
1459,stage1,1,0.3221771717071533,0.46505171060562134,0.0,0.3221771717071533,0.0001,0.0,9.477,0.9292,0.2767
1460,stage1,1,0.26540282368659973,0.4280356466770172,0.0,0.26540282368659973,0.0001,0.0,9.474,1.0118,0.2772
1461,stage1,1,0.3037106692790985,0.43668195605278015,0.0,0.3037106692790985,0.0001,0.0,9.477,0.8793,0.2776
1462,stage1,1,0.30215129256248474,0.4473858177661896,0.0,0.30215129256248474,0.0001,0.0,9.474,1.0165,0.2776
1463,stage1,1,0.2800210416316986,0.4428887367248535,0.0,0.2800210416316986,0.0001,0.0,9.477,0.9415,4.2042
1464,stage1,1,0.3401869237422943,0.45853191614151,0.0,0.3401869237422943,0.0001,0.0,9.474,0.9576,0.2759
1465,stage1,1,0.27735868096351624,0.4245651364326477,0.0,0.27735868096351624,0.0001,0.0,9.477,0.9311,2.3824
1466,stage1,1,0.32177484035491943,0.45042794942855835,0.0,0.32177484035491943,0.0001,0.0,9.474,0.9604,0.5936
1467,stage1,1,0.3307463824748993,0.47483640909194946,0.0,0.3307463824748993,0.0001,0.0,9.477,0.8227,0.2762
1468,stage1,1,0.3224014937877655,0.4490187466144562,0.0,0.3224014937877655,0.0001,0.0,9.474,0.864,0.2779
1469,stage1,1,0.2968329191207886,0.4417831599712372,0.0,0.2968329191207886,0.0001,0.0,9.477,0.9716,0.2765
1470,stage1,1,0.3580548167228699,0.4651430547237396,0.0,0.3580548167228699,0.0001,0.0,9.474,0.9041,0.2773
1471,stage1,1,0.31653931736946106,0.4781852662563324,0.0,0.31653931736946106,0.0001,0.0,9.477,0.8255,4.1728
1472,stage1,1,0.2884517312049866,0.4332927167415619,0.0,0.2884517312049866,0.0001,0.0,9.474,0.8502,0.276
1473,stage1,1,0.33507201075553894,0.46645745635032654,0.0,0.33507201075553894,0.0001,0.0,9.477,0.8875,2.3584
1474,stage1,1,0.27455464005470276,0.4166727066040039,0.0,0.27455464005470276,0.0001,0.0,9.474,0.7536,0.8065
1475,stage1,1,0.3000853359699249,0.4276599586009979,0.0,0.3000853359699249,0.0001,0.0,9.477,0.7468,0.276
1476,stage1,1,0.3196672201156616,0.46080195903778076,0.0,0.3196672201156616,0.0001,0.0,9.474,0.919,0.2772
1477,stage1,1,0.39267629384994507,0.46620941162109375,0.0,0.39267629384994507,0.0001,0.0,9.477,1.2521,0.2776
1478,stage1,1,0.26998430490493774,0.45170632004737854,0.0,0.26998430490493774,0.0001,0.0,9.474,0.7698,0.277
1479,stage1,1,0.30898043513298035,0.4381045699119568,0.0,0.30898043513298035,0.0001,0.0,9.477,0.9924,3.9047
1480,stage1,1,0.3167683184146881,0.45298415422439575,0.0,0.3167683184146881,0.0001,0.0,9.474,0.8634,0.2768
1481,stage1,1,0.2756359875202179,0.4425080120563507,0.0,0.2756359875202179,0.0001,0.0,9.477,1.1058,2.3336
1482,stage1,1,0.3140294849872589,0.4510815739631653,0.0,0.3140294849872589,0.0001,0.0,9.474,1.0902,0.7358
1483,stage1,1,0.29806849360466003,0.42974910140037537,0.0,0.29806849360466003,0.0001,0.0,9.477,0.8408,0.2765
1484,stage1,1,0.295850545167923,0.44425705075263977,0.0,0.295850545167923,0.0001,0.0,9.474,0.7759,0.2771
1485,stage1,1,0.33035215735435486,0.4482594430446625,0.0,0.33035215735435486,0.0001,0.0,9.477,1.0141,0.2772
1486,stage1,1,0.28248703479766846,0.4409351646900177,0.0,0.28248703479766846,0.0001,0.0,9.474,0.6471,0.2776
1487,stage1,1,0.2857086956501007,0.4365687072277069,0.0,0.2857086956501007,0.0001,0.0,9.477,0.6859,3.8924
1488,stage1,1,0.29658272862434387,0.43314486742019653,0.0,0.29658272862434387,0.0001,0.0,9.474,0.7611,0.2769
1489,stage1,1,0.35910409688949585,0.474711149930954,0.0,0.35910409688949585,0.0001,0.0,9.477,0.8719,2.3749
1490,stage1,1,0.3047558069229126,0.47160348296165466,0.0,0.3047558069229126,0.0001,0.0,9.474,0.9737,0.6306
1491,stage1,1,0.2757868468761444,0.415436714887619,0.0,0.2757868468761444,0.0001,0.0,9.477,0.9378,0.2765
1492,stage1,1,0.3185912072658539,0.4577428102493286,0.0,0.3185912072658539,0.0001,0.0,9.474,1.0742,0.2774
1493,stage1,1,0.29292944073677063,0.4382261633872986,0.0,0.29292944073677063,0.0001,0.0,9.477,0.9065,0.2788
1494,stage1,1,0.33950546383857727,0.4519021511077881,0.0,0.33950546383857727,0.0001,0.0,9.474,1.0294,0.2871
1495,stage1,1,0.2674011290073395,0.44120755791664124,0.0,0.2674011290073395,0.0001,0.0,9.477,0.8332,3.982
1496,stage1,1,0.2738470733165741,0.4236450791358948,0.0,0.2738470733165741,0.0001,0.0,9.474,0.9818,0.277
1497,stage1,1,0.33575114607810974,0.43712490797042847,0.0,0.33575114607810974,0.0001,0.0,9.477,1.0868,2.38
1498,stage1,1,0.2761220335960388,0.4222407639026642,0.0,0.2761220335960388,0.0001,0.0,9.474,0.8768,0.5774
1499,stage1,1,0.2971508800983429,0.43091005086898804,0.0,0.2971508800983429,0.0001,0.0,9.477,0.9433,0.276
1500,stage1,1,0.2978672981262207,0.41925421357154846,0.0,0.2978672981262207,0.0001,0.0,9.474,0.6611,0.277
1501,stage1,1,0.31021928787231445,0.46544042229652405,0.0,0.31021928787231445,0.0001,0.0,9.477,0.9312,0.2773
1502,stage1,1,0.33883950114250183,0.4531984031200409,0.0,0.33883950114250183,0.0001,0.0,9.474,0.7854,0.7023
1503,stage1,1,0.23794972896575928,0.41519418358802795,0.0,0.23794972896575928,0.0001,0.0,9.477,0.8088,4.2732
1504,stage1,1,0.31462562084198,0.4585575759410858,0.0,0.31462562084198,0.0001,0.0,9.474,1.0123,0.2766
1505,stage1,1,0.3025399446487427,0.451539009809494,0.0,0.3025399446487427,0.0001,0.0,9.477,1.0172,1.7015
1506,stage1,1,0.31612786650657654,0.4338695704936981,0.0,0.31612786650657654,0.0001,0.0,9.474,0.7974,0.9053
1507,stage1,1,0.2708979547023773,0.4164709448814392,0.0,0.2708979547023773,0.0001,0.0,9.477,0.7313,0.2765
1508,stage1,1,0.31454265117645264,0.4464857280254364,0.0,0.31454265117645264,0.0001,0.0,9.474,0.7769,0.2777
1509,stage1,1,0.25125598907470703,0.41081035137176514,0.0,0.25125598907470703,0.0001,0.0,9.477,0.7479,0.2776
1510,stage1,1,0.30939704179763794,0.4482688009738922,0.0,0.30939704179763794,0.0001,0.0,9.474,1.3604,0.4886
1511,stage1,1,0.3493150770664215,0.4725731313228607,0.0,0.3493150770664215,0.0001,0.0,9.477,1.0735,4.3865
1512,stage1,1,0.28579622507095337,0.45325782895088196,0.0,0.28579622507095337,0.0001,0.0,9.474,0.9383,0.2768
1513,stage1,1,0.2777634859085083,0.45178329944610596,0.0,0.2777634859085083,0.0001,0.0,9.477,0.8237,1.2959
1514,stage1,1,0.28342366218566895,0.4037664830684662,0.0,0.28342366218566895,0.0001,0.0,9.474,0.7022,1.0956
1515,stage1,1,0.2879834473133087,0.4292229413986206,0.0,0.2879834473133087,0.0001,0.0,9.477,1.0372,0.2769
1516,stage1,1,0.3394741117954254,0.45579299330711365,0.0,0.3394741117954254,0.0001,0.0,9.474,1.0918,0.2772
1517,stage1,1,0.3498077988624573,0.44389456510543823,0.0,0.3498077988624573,0.0001,0.0,9.477,0.8608,0.277
1518,stage1,1,0.3105567991733551,0.43700432777404785,0.0,0.3105567991733551,0.0001,0.0,9.474,1.1627,0.5012
1519,stage1,1,0.3243567943572998,0.45555582642555237,0.0,0.3243567943572998,0.0001,0.0,9.477,1.0571,4.6051
1520,stage1,1,0.3159565031528473,0.46612754464149475,0.0,0.3159565031528473,0.0001,0.0,9.474,0.8639,0.2759
1521,stage1,1,0.2531549632549286,0.42933809757232666,0.0,0.2531549632549286,0.0001,0.0,9.477,0.6915,0.883
1522,stage1,1,0.3150478005409241,0.462676465511322,0.0,0.3150478005409241,0.0001,0.0,9.474,0.79,1.4677
1523,stage1,1,0.3149890899658203,0.4657784104347229,0.0,0.3149890899658203,0.0001,0.0,9.477,0.6575,0.2756
1524,stage1,1,0.3099176585674286,0.5025143027305603,0.0,0.3099176585674286,0.0001,0.0,9.474,0.7681,0.2767
1525,stage1,1,0.34293434023857117,0.4393382668495178,0.0,0.34293434023857117,0.0001,0.0,9.477,0.9144,0.2773
1526,stage1,1,0.2824555039405823,0.449259877204895,0.0,0.2824555039405823,0.0001,0.0,9.474,0.8775,0.6839
1527,stage1,1,0.28160953521728516,0.4330403506755829,0.0,0.28160953521728516,0.0001,0.0,9.477,0.9734,4.5675
1528,stage1,1,0.3294750452041626,0.4620860517024994,0.0,0.3294750452041626,0.0001,0.0,9.474,0.9884,0.2759
1529,stage1,1,0.3214207887649536,0.42503803968429565,0.0,0.3214207887649536,0.0001,0.0,9.477,1.0061,0.5586
1530,stage1,1,0.2999959886074066,0.4354468882083893,0.0,0.2999959886074066,0.0001,0.0,9.474,0.7926,1.5469
1531,stage1,1,0.32882535457611084,0.46838605403900146,0.0,0.32882535457611084,0.0001,0.0,9.477,0.9467,0.2769
1532,stage1,1,0.2788359820842743,0.4032370150089264,0.0,0.2788359820842743,0.0001,0.0,9.474,0.7233,0.2775
1533,stage1,1,0.26429226994514465,0.4225347638130188,0.0,0.26429226994514465,0.0001,0.0,9.477,0.7947,0.2773
1534,stage1,1,0.285577654838562,0.44342419505119324,0.0,0.285577654838562,0.0001,0.0,9.474,0.9721,1.0035
1535,stage1,1,0.2942078411579132,0.4210914671421051,0.0,0.2942078411579132,0.0001,0.0,9.477,0.8499,4.245
1536,stage1,1,0.29364341497421265,0.4364670217037201,0.0,0.29364341497421265,0.0001,0.0,9.474,0.8445,0.2765
1537,stage1,1,0.32858923077583313,0.43823882937431335,0.0,0.32858923077583313,0.0001,0.0,9.477,0.8501,0.3489
1538,stage1,1,0.33545783162117004,0.4502944350242615,0.0,0.33545783162117004,0.0001,0.0,9.474,0.8845,1.8316
1539,stage1,1,0.2793920338153839,0.4330447316169739,0.0,0.2793920338153839,0.0001,0.0,9.477,0.7316,0.2784
1540,stage1,1,0.2914843261241913,0.4683152735233307,0.0,0.2914843261241913,0.0001,0.0,9.474,0.8427,0.276
1541,stage1,1,0.31056666374206543,0.42844653129577637,0.0,0.31056666374206543,0.0001,0.0,9.477,0.7174,0.2767
1542,stage1,1,0.3077065646648407,0.4280301332473755,0.0,0.3077065646648407,0.0001,0.0,9.474,0.9343,1.1388
1543,stage1,1,0.2818428575992584,0.42525604367256165,0.0,0.2818428575992584,0.0001,0.0,9.477,0.9104,4.1411
1544,stage1,1,0.283233106136322,0.4248421788215637,0.0,0.283233106136322,0.0001,0.0,9.474,0.9639,0.2796
1545,stage1,1,0.3293776214122772,0.4487770199775696,0.0,0.3293776214122772,0.0001,0.0,9.477,0.8343,0.2772
1546,stage1,1,0.33927351236343384,0.4802059829235077,0.0,0.33927351236343384,0.0001,0.0,9.474,0.953,2.0498
1547,stage1,1,0.30240076780319214,0.44435611367225647,0.0,0.30240076780319214,0.0001,0.0,9.477,0.9772,0.2766
1548,stage1,1,0.34529057145118713,0.4418643116950989,0.0,0.34529057145118713,0.0001,0.0,9.474,1.1326,0.2775
1549,stage1,1,0.2806561291217804,0.4439278542995453,0.0,0.2806561291217804,0.0001,0.0,9.477,0.7263,0.2774
1550,stage1,1,0.2821958065032959,0.4595421850681305,0.0,0.2821958065032959,0.0001,0.0,9.474,1.2045,1.1122
1551,stage1,1,0.34142884612083435,0.4379328787326813,0.0,0.34142884612083435,0.0001,0.0,9.477,0.8572,3.779
1552,stage1,1,0.24484100937843323,0.4345141053199768,0.0,0.24484100937843323,0.0001,0.0,9.474,0.7392,0.2767
1553,stage1,1,0.28577399253845215,0.4441681504249573,0.0,0.28577399253845215,0.0001,0.0,9.477,0.8947,0.2774
1554,stage1,1,0.3133465647697449,0.4355992078781128,0.0,0.3133465647697449,0.0001,0.0,9.474,0.9359,2.3515
1555,stage1,1,0.30398252606391907,0.434847354888916,0.0,0.30398252606391907,0.0001,0.0,9.477,0.8769,0.2756
1556,stage1,1,0.3190540373325348,0.4388372600078583,0.0,0.3190540373325348,0.0001,0.0,9.474,0.8175,0.2769
1557,stage1,1,0.32823416590690613,0.458130806684494,0.0,0.32823416590690613,0.0001,0.0,9.477,0.8538,0.2768
1558,stage1,1,0.3135391175746918,0.43292340636253357,0.0,0.3135391175746918,0.0001,0.0,9.474,1.1174,1.1247
1559,stage1,1,0.3442809581756592,0.45662379264831543,0.0,0.3442809581756592,0.0001,0.0,9.477,0.9448,3.7663
1560,stage1,1,0.2873539626598358,0.42923152446746826,0.0,0.2873539626598358,0.0001,0.0,9.474,0.7598,0.2768
1561,stage1,1,0.35145431756973267,0.44978535175323486,0.0,0.35145431756973267,0.0001,0.0,9.477,1.3947,0.2772
1562,stage1,1,0.3095836043357849,0.4569621980190277,0.0,0.3095836043357849,0.0001,0.0,9.474,0.8403,2.2983
1563,stage1,1,0.3046637177467346,0.43669989705085754,0.0,0.3046637177467346,0.0001,0.0,9.477,0.8659,0.28
1564,stage1,1,0.34352976083755493,0.435406893491745,0.0,0.34352976083755493,0.0001,0.0,9.474,1.1661,0.2775
1565,stage1,1,0.28538334369659424,0.4541192948818207,0.0,0.28538334369659424,0.0001,0.0,9.477,1.0434,0.2766
1566,stage1,1,0.3406466841697693,0.4425658583641052,0.0,0.3406466841697693,0.0001,0.0,9.474,1.0671,1.2495
1567,stage1,1,0.30728283524513245,0.4474633038043976,0.0,0.30728283524513245,0.0001,0.0,9.477,0.9214,3.7042
1568,stage1,1,0.3431752920150757,0.4690597951412201,0.0,0.3431752920150757,0.0001,0.0,9.474,0.9206,0.277
1569,stage1,1,0.2573360800743103,0.40392521023750305,0.0,0.2573360800743103,0.0001,0.0,9.477,0.7064,0.2835
1570,stage1,1,0.29818272590637207,0.4350830614566803,0.0,0.29818272590637207,0.0001,0.0,9.474,0.772,2.2107
1571,stage1,1,0.30882728099823,0.4585024118423462,0.0,0.30882728099823,0.0001,0.0,9.477,0.9907,0.2764
1572,stage1,1,0.33048346638679504,0.45865651965141296,0.0,0.33048346638679504,0.0001,0.0,9.474,0.8528,0.2771
1573,stage1,1,0.352582186460495,0.46083226799964905,0.0,0.352582186460495,0.0001,0.0,9.477,0.8061,0.277
1574,stage1,1,0.33507874608039856,0.4353146553039551,0.0,0.33507874608039856,0.0001,0.0,9.474,1.0381,1.1818
1575,stage1,1,0.3072097897529602,0.431863009929657,0.0,0.3072097897529602,0.0001,0.0,9.477,0.9538,3.3635
1576,stage1,1,0.2661697268486023,0.4455518126487732,0.0,0.2661697268486023,0.0001,0.0,9.474,0.7546,0.2766
1577,stage1,1,0.3229323625564575,0.4479514956474304,0.0,0.3229323625564575,0.0001,0.0,9.477,0.8384,0.2769
1578,stage1,1,0.28191882371902466,0.4036861062049866,0.0,0.28191882371902466,0.0001,0.0,9.474,0.8348,2.6281
1579,stage1,1,0.29677608609199524,0.4522337019443512,0.0,0.29677608609199524,0.0001,0.0,9.477,0.829,0.2774
1580,stage1,1,0.34385329484939575,0.4451119005680084,0.0,0.34385329484939575,0.0001,0.0,9.474,1.1515,0.277
1581,stage1,1,0.27971383929252625,0.4280501902103424,0.0,0.27971383929252625,0.0001,0.0,9.477,0.8558,0.2781
1582,stage1,1,0.2674720585346222,0.44014230370521545,0.0,0.2674720585346222,0.0001,0.0,9.474,0.7355,1.2433
1583,stage1,1,0.33868280053138733,0.4638312757015228,0.0,0.33868280053138733,0.0001,0.0,9.477,0.8851,2.9544
1584,stage1,1,0.3137379288673401,0.4643908739089966,0.0,0.3137379288673401,0.0001,0.0,9.474,0.7655,0.2766
1585,stage1,1,0.32147303223609924,0.4308948218822479,0.0,0.32147303223609924,0.0001,0.0,9.477,0.9418,0.2777
1586,stage1,1,0.2592172920703888,0.4229778051376343,0.0,0.2592172920703888,0.0001,0.0,9.474,0.9465,2.9901
1587,stage1,1,0.3001391291618347,0.4148721992969513,0.0,0.3001391291618347,0.0001,0.0,9.477,0.7398,0.2767
1588,stage1,1,0.31617918610572815,0.43061769008636475,0.0,0.31617918610572815,0.0001,0.0,9.474,0.9993,0.2774
1589,stage1,1,0.3220497965812683,0.4369751513004303,0.0,0.3220497965812683,0.0001,0.0,9.477,0.9279,0.277
1590,stage1,1,0.3058393597602844,0.46609142422676086,0.0,0.3058393597602844,0.0001,0.0,9.474,1.0539,1.4565
1591,stage1,1,0.31070399284362793,0.4491156339645386,0.0,0.31070399284362793,0.0001,0.0,9.477,1.2489,2.32
1592,stage1,1,0.3065543472766876,0.43948492407798767,0.0,0.3065543472766876,0.0001,0.0,9.474,0.7817,0.2762
1593,stage1,1,0.2538987398147583,0.4380115270614624,0.0,0.2538987398147583,0.0001,0.0,9.477,0.7637,0.3965
1594,stage1,1,0.2998236417770386,0.45070984959602356,0.0,0.2998236417770386,0.0001,0.0,9.474,0.8212,3.249
1595,stage1,1,0.27796298265457153,0.4143747091293335,0.0,0.27796298265457153,0.0001,0.0,9.477,0.9808,0.277
1596,stage1,1,0.28809377551078796,0.42584994435310364,0.0,0.28809377551078796,0.0001,0.0,9.474,0.795,0.277
1597,stage1,1,0.34054580330848694,0.46003034710884094,0.0,0.34054580330848694,0.0001,0.0,9.477,0.991,0.2775
1598,stage1,1,0.2456599920988083,0.4251987338066101,0.0,0.2456599920988083,0.0001,0.0,9.474,1.1004,1.3079
1599,stage1,1,0.28445735573768616,0.4551025331020355,0.0,0.28445735573768616,0.0001,0.0,9.477,0.9189,2.217
1600,stage1,1,0.26967594027519226,0.435841828584671,0.0,0.26967594027519226,0.0001,0.0,9.474,0.8062,0.277
1601,stage1,1,0.33290648460388184,0.4395830035209656,0.0,0.33290648460388184,0.0001,0.0,9.477,0.7312,0.7139
1602,stage1,1,0.2353992760181427,0.424294650554657,0.0,0.2353992760181427,0.0001,0.0,9.474,0.616,3.2254
1603,stage1,1,0.2887781262397766,0.4134916663169861,0.0,0.2887781262397766,0.0001,0.0,9.477,1.0137,0.2766
1604,stage1,1,0.31458479166030884,0.4299905300140381,0.0,0.31458479166030884,0.0001,0.0,9.474,1.0409,0.2779
1605,stage1,1,0.29615628719329834,0.43391910195350647,0.0,0.29615628719329834,0.0001,0.0,9.477,0.8661,0.2769
1606,stage1,1,0.27180880308151245,0.4231071174144745,0.0,0.27180880308151245,0.0001,0.0,9.474,0.7742,1.3343
1607,stage1,1,0.3176403045654297,0.4500303268432617,0.0,0.3176403045654297,0.0001,0.0,9.477,0.8221,1.8056
1608,stage1,1,0.29755905270576477,0.4437704086303711,0.0,0.29755905270576477,0.0001,0.0,9.474,0.865,0.2769
1609,stage1,1,0.26867249608039856,0.42769014835357666,0.0,0.26867249608039856,0.0001,0.0,9.477,0.9314,1.0399
1610,stage1,1,0.26308906078338623,0.41307303309440613,0.0,0.26308906078338623,0.0001,0.0,9.474,0.6753,3.304
1611,stage1,1,0.2760714292526245,0.40650179982185364,0.0,0.2760714292526245,0.0001,0.0,9.477,0.7359,0.2764
1612,stage1,1,0.2719751298427582,0.4481299817562103,0.0,0.2719751298427582,0.0001,0.0,9.474,0.7438,0.2775
1613,stage1,1,0.2680186927318573,0.4448772966861725,0.0,0.2680186927318573,0.0001,0.0,9.477,0.7824,0.2775
1614,stage1,1,0.3179078698158264,0.4367421567440033,0.0,0.3179078698158264,0.0001,0.0,9.474,0.9408,1.2346
1615,stage1,1,0.32016241550445557,0.44495224952697754,0.0,0.32016241550445557,0.0001,0.0,9.477,1.088,1.698
1616,stage1,1,0.328704297542572,0.4093973636627197,0.0,0.328704297542572,0.0001,0.0,9.474,0.9817,0.2766
1617,stage1,1,0.30594930052757263,0.44485172629356384,0.0,0.30594930052757263,0.0001,0.0,9.477,0.8137,1.3137
1618,stage1,1,0.24837520718574524,0.42052140831947327,0.0,0.24837520718574524,0.0001,0.0,9.474,0.9073,3.2833
1619,stage1,1,0.2640233039855957,0.4017060399055481,0.0,0.2640233039855957,0.0001,0.0,9.477,0.7798,0.2771
1620,stage1,1,0.2585291564464569,0.4050186276435852,0.0,0.2585291564464569,0.0001,0.0,9.474,0.7082,0.2769
1621,stage1,1,0.3251667022705078,0.4432794451713562,0.0,0.3251667022705078,0.0001,0.0,9.477,1.079,0.2771
1622,stage1,1,0.3368397653102875,0.46109282970428467,0.0,0.3368397653102875,0.0001,0.0,9.474,1.0466,1.2044
1623,stage1,1,0.2792772948741913,0.4289666414260864,0.0,0.2792772948741913,0.0001,0.0,9.477,0.8394,1.3651
1624,stage1,1,0.32269278168678284,0.41764333844184875,0.0,0.32269278168678284,0.0001,0.0,9.474,0.9053,0.2773
1625,stage1,1,0.2960186302661896,0.43299418687820435,0.0,0.2960186302661896,0.0001,0.0,9.477,0.6501,1.7629
1626,stage1,1,0.25812599062919617,0.4405473470687866,0.0,0.25812599062919617,0.0001,0.0,9.474,0.8977,3.1816
1627,stage1,1,0.3167004883289337,0.42865967750549316,0.0,0.3167004883289337,0.0001,0.0,9.477,0.8421,0.276
1628,stage1,1,0.2838989198207855,0.43204328417778015,0.0,0.2838989198207855,0.0001,0.0,9.474,1.0464,0.2773
1629,stage1,1,0.27131250500679016,0.45196112990379333,0.0,0.27131250500679016,0.0001,0.0,9.477,0.845,0.2778
1630,stage1,1,0.29291868209838867,0.44834384322166443,0.0,0.29291868209838867,0.0001,0.0,9.474,0.8428,1.1039
1631,stage1,1,0.3216422498226166,0.45001837611198425,0.0,0.3216422498226166,0.0001,0.0,9.477,0.973,1.1391
1632,stage1,1,0.3216240406036377,0.47756582498550415,0.0,0.3216240406036377,0.0001,0.0,9.474,0.8464,0.2771
1633,stage1,1,0.26566174626350403,0.4728277325630188,0.0,0.26566174626350403,0.0001,0.0,9.477,0.9443,2.0153
1634,stage1,1,0.31536486744880676,0.42798373103141785,0.0,0.31536486744880676,0.0001,0.0,9.474,1.0197,3.1433
1635,stage1,1,0.2688816785812378,0.42580267786979675,0.0,0.2688816785812378,0.0001,0.0,9.477,1.2326,0.2764
1636,stage1,1,0.2937956154346466,0.4243921935558319,0.0,0.2937956154346466,0.0001,0.0,9.474,0.9861,0.2775
1637,stage1,1,0.27435705065727234,0.4329468309879303,0.0,0.27435705065727234,0.0001,0.0,9.477,0.9353,0.2773
1638,stage1,1,0.32964518666267395,0.4460700750350952,0.0,0.32964518666267395,0.0001,0.0,9.474,1.0937,1.0801
1639,stage1,1,0.25328704714775085,0.4388706088066101,0.0,0.25328704714775085,0.0001,0.0,9.477,0.8099,0.9141
1640,stage1,1,0.2920433580875397,0.404680997133255,0.0,0.2920433580875397,0.0001,0.0,9.474,0.7813,0.2769
1641,stage1,1,0.2785334587097168,0.4409397542476654,0.0,0.2785334587097168,0.0001,0.0,9.477,0.8873,2.3676
1642,stage1,1,0.32035738229751587,0.44475090503692627,0.0,0.32035738229751587,0.0001,0.0,9.474,0.9425,2.9421
1643,stage1,1,0.28191399574279785,0.431913286447525,0.0,0.28191399574279785,0.0001,0.0,9.477,0.803,0.2768
1644,stage1,1,0.2646220922470093,0.4185450077056885,0.0,0.2646220922470093,0.0001,0.0,9.474,0.8847,0.2771
1645,stage1,1,0.26645851135253906,0.4269055724143982,0.0,0.26645851135253906,0.0001,0.0,9.477,0.9189,0.2773
1646,stage1,1,0.2709493041038513,0.4281845986843109,0.0,0.2709493041038513,0.0001,0.0,9.474,0.8156,1.1894
1647,stage1,1,0.29519787430763245,0.4418562650680542,0.0,0.29519787430763245,0.0001,0.0,9.477,0.9696,1.1963
1648,stage1,1,0.3422911465167999,0.45059818029403687,0.0,0.3422911465167999,0.0001,0.0,9.474,0.8945,0.2774
1649,stage1,1,0.25317639112472534,0.450443297624588,0.0,0.25317639112472534,0.0001,0.0,9.477,0.781,1.9428
1650,stage2,0,0.292984277009964,0.3991195559501648,0.0,0.292984277009964,0.0001,2e-08,48.398,3.4251,9.4984
1651,stage2,0,0.29331299662590027,0.4472430646419525,0.0,0.29331299662590027,0.0001,4e-08,50.33,3.9698,0.6211
1652,stage2,0,0.2763969898223877,0.4192621111869812,0.0,0.2763969898223877,0.0001,6.000000000000001e-08,50.342,3.5388,0.6232
1653,stage2,0,0.30535975098609924,0.45786476135253906,0.0,0.30535975098609924,0.0001,8e-08,50.334,4.2565,0.6237
1654,stage2,0,0.304616242647171,0.44649970531463623,0.0,0.304616242647171,0.0001,1.0000000000000001e-07,50.344,4.1531,0.6243
1655,stage2,0,0.2355594038963318,0.411988765001297,0.0,0.2355594038963318,0.0001,1.2000000000000002e-07,50.342,4.2684,0.6249
1656,stage2,0,0.30811789631843567,0.4592039883136749,0.0,0.30811789631843567,0.0001,1.4e-07,50.338,4.2476,0.625
1657,stage2,0,0.2511695325374603,0.43335261940956116,0.0,0.2511695325374603,0.0001,1.6e-07,50.344,3.0944,0.626
1658,stage2,0,0.28009992837905884,0.44200846552848816,0.0,0.28009992837905884,0.0001,1.8e-07,50.34,4.0885,3.7291
1659,stage2,0,0.26169759035110474,0.43788158893585205,0.0,0.26169759035110474,0.0001,2.0000000000000002e-07,50.339,3.169,0.6252
1660,stage2,0,0.27392542362213135,0.46974319219589233,0.0,0.27392542362213135,0.0001,2.2e-07,50.339,3.5702,0.6254
1661,stage2,0,0.2714478671550751,0.4512714147567749,0.0,0.2714478671550751,0.0001,2.4000000000000003e-07,50.34,3.5827,0.6254
1662,stage2,0,0.335814505815506,0.43687695264816284,0.0,0.335814505815506,0.0001,2.6e-07,50.338,4.8314,0.6255
1663,stage2,0,0.2993646562099457,0.4223060607910156,0.0,0.2993646562099457,0.0001,2.8e-07,50.34,3.4105,0.6265
1664,stage2,0,0.31078964471817017,0.4565330743789673,0.0,0.31078964471817017,0.0001,3.0000000000000004e-07,50.341,4.1793,0.6261
1665,stage2,0,0.2781012952327728,0.4361502528190613,0.0,0.2781012952327728,0.0001,3.2e-07,50.341,4.5948,0.6266
1666,stage2,0,0.323487251996994,0.4426937997341156,0.0,0.323487251996994,0.0001,3.4000000000000003e-07,50.342,4.016,3.8012
1667,stage2,0,0.241400808095932,0.40878114104270935,0.0,0.241400808095932,0.0001,3.6e-07,50.336,3.6054,0.626
1668,stage2,0,0.33911022543907166,0.4677346646785736,0.0,0.33911022543907166,0.0001,3.8e-07,50.337,5.6495,0.6267
1669,stage2,0,0.29577264189720154,0.4448009133338928,0.0,0.29577264189720154,0.0001,4.0000000000000003e-07,50.337,4.3042,0.6276
1670,stage2,0,0.2848731279373169,0.4303815960884094,0.0,0.2848731279373169,0.0001,4.2000000000000006e-07,50.337,4.3484,0.6286
1671,stage2,0,0.3068612217903137,0.4339427649974823,0.0,0.3068612217903137,0.0001,4.4e-07,50.338,4.2175,0.6284
1672,stage2,0,0.308745801448822,0.419376403093338,0.0,0.308745801448822,0.0001,4.6000000000000004e-07,50.336,2.7917,0.6288
1673,stage2,0,0.2778773307800293,0.4635523557662964,0.0,0.2778773307800293,0.0001,4.800000000000001e-07,50.344,3.6552,0.6289
1674,stage2,0,0.36158686876296997,0.4899463951587677,0.0,0.36158686876296997,0.0001,5.000000000000001e-07,50.338,4.5051,3.8189
1675,stage2,0,0.2709521949291229,0.45000016689300537,0.0,0.2709521949291229,0.0001,5.2e-07,50.335,3.3829,0.6272
1676,stage2,0,0.27885928750038147,0.44451355934143066,0.0,0.27885928750038147,0.0001,5.4e-07,50.336,3.4205,0.6283
1677,stage2,0,0.2664801776409149,0.447187602519989,0.0,0.2664801776409149,0.0001,5.6e-07,50.344,4.3686,0.6289
1678,stage2,0,0.29681676626205444,0.4313279390335083,0.0,0.29681676626205444,0.0001,5.800000000000001e-07,50.343,4.1121,0.6293
1679,stage2,0,0.3092699348926544,0.445319801568985,0.0,0.3092699348926544,0.0001,6.000000000000001e-07,50.337,3.8139,0.629
1680,stage2,0,0.3051060736179352,0.44287553429603577,0.0,0.3051060736179352,0.0001,6.200000000000001e-07,50.343,3.4447,0.6285
1681,stage2,0,0.27608785033226013,0.41838186979293823,0.0,0.27608785033226013,0.0001,6.4e-07,50.344,3.5633,0.6287
1682,stage2,0,0.27495601773262024,0.4144818186759949,0.0,0.27495601773262024,0.0001,6.6e-07,50.341,2.9109,3.7456
1683,stage2,0,0.26658183336257935,0.4308406412601471,0.0,0.26658183336257935,0.0001,6.800000000000001e-07,50.345,2.888,0.629
1684,stage2,0,0.267556369304657,0.436289519071579,0.0,0.267556369304657,0.0001,7.000000000000001e-07,50.346,3.0937,0.6279
1685,stage2,0,0.27881404757499695,0.4378862679004669,0.0,0.27881404757499695,0.0001,7.2e-07,50.34,3.7322,0.6285
1686,stage2,0,0.25226181745529175,0.39893266558647156,0.0,0.25226181745529175,0.0001,7.4e-07,50.341,3.6801,0.6288
1687,stage2,0,0.2610878348350525,0.42776021361351013,0.0,0.2610878348350525,0.0001,7.6e-07,50.339,3.0853,0.6296
1688,stage2,0,0.2583487331867218,0.43217623233795166,0.0,0.2583487331867218,0.0001,7.8e-07,50.338,2.7241,0.6294
1689,stage2,0,0.2447272539138794,0.42545074224472046,0.0,0.2447272539138794,0.0001,8.000000000000001e-07,50.338,3.24,0.6294
1690,stage2,0,0.30690494179725647,0.460366427898407,0.0,0.30690494179725647,0.0001,8.200000000000001e-07,50.34,3.4309,3.7215
1691,stage2,0,0.3045409619808197,0.4103480577468872,0.0,0.3045409619808197,0.0001,8.400000000000001e-07,50.338,4.7192,0.6303
1692,stage2,0,0.27943184971809387,0.43783146142959595,0.0,0.27943184971809387,0.0001,8.6e-07,50.344,3.5734,0.6287
1693,stage2,0,0.2651616632938385,0.44441378116607666,0.0,0.2651616632938385,0.0001,8.8e-07,50.341,4.8915,0.6293
1694,stage2,0,0.2706018090248108,0.4094633162021637,0.0,0.2706018090248108,0.0001,9.000000000000001e-07,50.342,2.6994,0.6302
1695,stage2,0,0.2715609669685364,0.4170418381690979,0.0,0.2715609669685364,0.0001,9.200000000000001e-07,50.34,3.0119,0.6301
1696,stage2,0,0.3181019723415375,0.438187837600708,0.0,0.3181019723415375,0.0001,9.400000000000001e-07,50.337,3.9307,0.6305
1697,stage2,0,0.2854984402656555,0.4530927836894989,0.0,0.2854984402656555,0.0001,9.600000000000001e-07,50.34,2.9525,0.6306
1698,stage2,0,0.3337247371673584,0.4237200617790222,0.0,0.3337247371673584,0.0001,9.800000000000001e-07,50.341,3.6199,3.6803
1699,stage2,0,0.3115187883377075,0.44132888317108154,0.0,0.3115187883377075,0.0001,1.0000000000000002e-06,50.334,2.9596,0.6293
1700,stage2,0,0.2840619385242462,0.4202496111392975,0.0,0.2840619385242462,0.0001,1.02e-06,50.336,3.9359,0.6293
1701,stage2,0,0.30278393626213074,0.45163673162460327,0.0,0.30278393626213074,0.0001,1.04e-06,50.334,3.1774,0.6298
1702,stage2,0,0.30294492840766907,0.4503161609172821,0.0,0.30294492840766907,0.0001,1.06e-06,50.338,3.4738,0.6302
1703,stage2,0,0.33869507908821106,0.445435494184494,0.0,0.33869507908821106,0.0001,1.08e-06,50.34,3.9997,0.6306
1704,stage2,0,0.2932665944099426,0.42515215277671814,0.0,0.2932665944099426,0.0001,1.1e-06,50.336,3.8074,0.631
1705,stage2,0,0.26730096340179443,0.42524462938308716,0.0,0.26730096340179443,0.0001,1.12e-06,50.34,3.0681,0.6305
1706,stage2,0,0.30116093158721924,0.45661893486976624,0.0,0.30116093158721924,0.0001,1.14e-06,50.339,3.0198,3.6951
1707,stage2,0,0.2550014853477478,0.40995460748672485,0.0,0.2550014853477478,0.0001,1.1600000000000001e-06,50.339,3.6545,0.6293
1708,stage2,0,0.2998575270175934,0.43428391218185425,0.0,0.2998575270175934,0.0001,1.1800000000000001e-06,50.337,4.5193,0.6299
1709,stage2,0,0.26922741532325745,0.4170530140399933,0.0,0.26922741532325745,0.0001,1.2000000000000002e-06,50.337,4.6149,0.6309
1710,stage2,0,0.31292176246643066,0.48080262541770935,0.0,0.31292176246643066,0.0001,1.2200000000000002e-06,50.345,4.5127,0.631
1711,stage2,0,0.3022594749927521,0.4608604311943054,0.0,0.3022594749927521,0.0001,1.2400000000000002e-06,50.338,3.4149,0.6315
1712,stage2,0,0.2982962429523468,0.4303662180900574,0.0,0.2982962429523468,0.0001,1.26e-06,50.336,2.6831,0.6316
1713,stage2,0,0.2443781942129135,0.41911569237709045,0.0,0.2443781942129135,0.0001,1.28e-06,50.337,3.0517,0.6324
1714,stage2,0,0.3432038128376007,0.47843754291534424,0.0,0.3432038128376007,0.0001,1.3e-06,50.337,4.2713,3.763
1715,stage2,0,0.28281331062316895,0.427315354347229,0.0,0.28281331062316895,0.0001,1.32e-06,50.339,3.7631,0.6301
1716,stage2,0,0.28994518518447876,0.4439520835876465,0.0,0.28994518518447876,0.0001,1.34e-06,50.336,4.0834,0.6308
1717,stage2,0,0.30362433195114136,0.42623403668403625,0.0,0.30362433195114136,0.0001,1.3600000000000001e-06,50.343,3.2967,0.6308
1718,stage2,0,0.28890201449394226,0.4550397992134094,0.0,0.28890201449394226,0.0001,1.3800000000000001e-06,50.337,3.914,0.6309
1719,stage2,0,0.274259090423584,0.42737117409706116,0.0,0.274259090423584,0.0001,1.4000000000000001e-06,50.342,3.1215,0.6321
1720,stage2,0,0.3044681251049042,0.44821232557296753,0.0,0.3044681251049042,0.0001,1.42e-06,50.342,3.4345,0.6327
1721,stage2,0,0.27517634630203247,0.4246937036514282,0.0,0.27517634630203247,0.0001,1.44e-06,50.34,3.6666,0.6325
1722,stage2,0,0.23889820277690887,0.40469688177108765,0.0,0.23889820277690887,0.0001,1.46e-06,50.337,2.7659,3.7497
1723,stage2,0,0.27173352241516113,0.40109941363334656,0.0,0.27173352241516113,0.0001,1.48e-06,50.339,3.7297,0.631
1724,stage2,0,0.30472323298454285,0.4339134395122528,0.0,0.30472323298454285,0.0001,1.5e-06,50.341,4.796,0.6312
1725,stage2,0,0.24991530179977417,0.43307703733444214,0.0,0.24991530179977417,0.0001,1.52e-06,50.339,2.718,0.6315
1726,stage2,0,0.3324221670627594,0.43101754784584045,0.0,0.3324221670627594,0.0001,1.54e-06,50.343,4.4099,0.6318
1727,stage2,0,0.2705529034137726,0.42071810364723206,0.0,0.2705529034137726,0.0001,1.56e-06,50.338,4.703,0.6328
1728,stage2,0,0.28462961316108704,0.42065778374671936,0.0,0.28462961316108704,0.0001,1.5800000000000001e-06,50.336,3.5988,0.6329
1729,stage2,0,0.26205751299858093,0.41638243198394775,0.0,0.26205751299858093,0.0001,1.6000000000000001e-06,50.339,2.8954,0.6335
1730,stage2,0,0.2547200322151184,0.39275234937667847,0.0,0.2547200322151184,0.0001,1.6200000000000002e-06,50.333,3.2117,3.6955
1731,stage2,0,0.27784350514411926,0.4414289593696594,0.0,0.27784350514411926,0.0001,1.6400000000000002e-06,50.336,3.5147,0.6312
1732,stage2,0,0.32506024837493896,0.4174879491329193,0.0,0.32506024837493896,0.0001,1.6600000000000002e-06,50.342,4.6028,0.6315
1733,stage2,0,0.3166188895702362,0.45215174555778503,0.0,0.3166188895702362,0.0001,1.6800000000000002e-06,50.339,4.2005,0.6324
1734,stage2,0,0.2741532027721405,0.4267275333404541,0.0,0.2741532027721405,0.0001,1.7000000000000002e-06,50.34,3.6056,0.6325
1735,stage2,0,0.2983241379261017,0.41679057478904724,0.0,0.2983241379261017,0.0001,1.72e-06,50.338,3.9489,0.6325
1736,stage2,0,0.2949645519256592,0.43271970748901367,0.0,0.2949645519256592,0.0001,1.74e-06,50.338,4.6168,0.6333
1737,stage2,0,0.24977952241897583,0.38860392570495605,0.0,0.24977952241897583,0.0001,1.76e-06,50.338,3.2446,0.6341
1738,stage2,0,0.2535601854324341,0.40178588032722473,0.0,0.2535601854324341,0.0001,1.7800000000000001e-06,50.337,3.2924,3.7334
1739,stage2,0,0.28751346468925476,0.44822561740875244,0.0,0.28751346468925476,0.0001,1.8000000000000001e-06,50.339,4.7408,0.6321
1740,stage2,0,0.278275728225708,0.42588987946510315,0.0,0.278275728225708,0.0001,1.8200000000000002e-06,50.333,3.9325,0.6328
1741,stage2,0,0.2640436291694641,0.43137603998184204,0.0,0.2640436291694641,0.0001,1.8400000000000002e-06,50.341,5.8244,0.633
1742,stage2,0,0.2977584898471832,0.44535207748413086,0.0,0.2977584898471832,0.0001,1.8600000000000002e-06,50.339,3.6975,0.6331
1743,stage2,0,0.29875388741493225,0.4524346590042114,0.0,0.29875388741493225,0.0001,1.8800000000000002e-06,50.338,4.433,0.634
1744,stage2,0,0.3118002712726593,0.4312070310115814,0.0,0.3118002712726593,0.0001,1.9000000000000002e-06,50.34,3.8825,0.6339
1745,stage2,0,0.26312318444252014,0.4349386990070343,0.0,0.26312318444252014,0.0001,1.9200000000000003e-06,50.335,3.835,0.6346
1746,stage2,0,0.2991238832473755,0.42971932888031006,0.0,0.2991238832473755,0.0001,1.94e-06,50.34,3.8221,3.6385
1747,stage2,0,0.28520292043685913,0.415115088224411,0.0,0.28520292043685913,0.0001,1.9600000000000003e-06,50.342,3.9274,0.6318
1748,stage2,0,0.23827674984931946,0.395237535238266,0.0,0.23827674984931946,0.0001,1.98e-06,50.338,2.6433,0.6329
1749,stage2,0,0.27636489272117615,0.4174497723579407,0.0,0.27636489272117615,0.0001,2.0000000000000003e-06,50.336,3.2892,0.6333
1750,stage2,0,0.24253731966018677,0.3964584469795227,0.0,0.24253731966018677,0.0001,2.02e-06,50.34,3.9285,0.6339
1751,stage2,0,0.263979434967041,0.4467061161994934,0.0,0.263979434967041,0.0001,2.04e-06,50.337,3.9357,0.6343
1752,stage2,0,0.27345049381256104,0.4366633892059326,0.0,0.27345049381256104,0.0001,2.06e-06,50.338,3.7889,0.6353
1753,stage2,0,0.28669485449790955,0.4282091557979584,0.0,0.28669485449790955,0.0001,2.08e-06,50.338,3.3373,0.6344
1754,stage2,0,0.2619107663631439,0.4149908423423767,0.0,0.2619107663631439,0.0001,2.1000000000000002e-06,50.339,3.7783,3.5871
1755,stage2,0,0.294842928647995,0.4263947904109955,0.0,0.294842928647995,0.0001,2.12e-06,50.338,3.9373,0.6327
1756,stage2,0,0.2807929813861847,0.45444899797439575,0.0,0.2807929813861847,0.0001,2.1400000000000003e-06,50.338,3.7712,0.6339
1757,stage2,0,0.23791678249835968,0.41318511962890625,0.0,0.23791678249835968,0.0001,2.16e-06,50.338,4.4911,0.6339
1758,stage2,0,0.2606918215751648,0.4321102797985077,0.0,0.2606918215751648,0.0001,2.1800000000000003e-06,50.341,3.945,0.6345
1759,stage2,0,0.33637750148773193,0.4259854853153229,0.0,0.33637750148773193,0.0001,2.2e-06,50.343,4.2701,0.635
1760,stage2,0,0.32616090774536133,0.4507528841495514,0.0,0.32616090774536133,0.0001,2.2200000000000003e-06,50.339,4.2659,0.6347
1761,stage2,0,0.29957741498947144,0.4326854646205902,0.0,0.29957741498947144,0.0001,2.24e-06,50.336,3.9255,0.6346
1762,stage2,0,0.2930826246738434,0.4554685652256012,0.0,0.2930826246738434,0.0001,2.2600000000000004e-06,50.344,3.8634,3.6801
1763,stage2,0,0.2941952645778656,0.4394581615924835,0.0,0.2941952645778656,0.0001,2.28e-06,50.339,4.2386,0.6331
1764,stage2,0,0.3446877598762512,0.47231629490852356,0.0,0.3446877598762512,0.0001,2.3000000000000004e-06,50.342,4.0495,0.6335
1765,stage2,0,0.3090295195579529,0.4333743751049042,0.0,0.3090295195579529,0.0001,2.3200000000000002e-06,50.345,4.3447,0.6342
1766,stage2,0,0.26887694001197815,0.4111860394477844,0.0,0.26887694001197815,0.0001,2.3400000000000005e-06,50.34,2.9261,0.6347
1767,stage2,0,0.26618826389312744,0.42292821407318115,0.0,0.26618826389312744,0.0001,2.3600000000000003e-06,50.345,4.2491,0.6352
1768,stage2,0,0.3376222550868988,0.4342765808105469,0.0,0.3376222550868988,0.0001,2.38e-06,50.342,4.6251,0.6353
1769,stage2,0,0.3045695424079895,0.44657835364341736,0.0,0.3045695424079895,0.0001,2.4000000000000003e-06,50.338,4.0226,0.6364
1770,stage2,0,0.27202460169792175,0.419295996427536,0.0,0.27202460169792175,0.0001,2.42e-06,50.344,3.2765,3.7166
1771,stage2,0,0.28104352951049805,0.4370418190956116,0.0,0.28104352951049805,0.0001,2.4400000000000004e-06,50.336,3.4615,0.6336
1772,stage2,0,0.264695942401886,0.44588321447372437,0.0,0.264695942401886,0.0001,2.46e-06,50.34,2.8844,0.6345
1773,stage2,0,0.26327216625213623,0.4417910575866699,0.0,0.26327216625213623,0.0001,2.4800000000000004e-06,50.335,3.4782,0.6348
1774,stage2,0,0.2628742754459381,0.4573630690574646,0.0,0.2628742754459381,0.0001,2.5e-06,50.339,3.309,0.6351
1775,stage2,0,0.26463955640792847,0.45120418071746826,0.0,0.26463955640792847,0.0001,2.52e-06,50.338,3.3753,0.6348
1776,stage2,0,0.2817491590976715,0.4392024874687195,0.0,0.2817491590976715,0.0001,2.5400000000000002e-06,50.335,3.6204,0.635
1777,stage2,0,0.28256213665008545,0.437514066696167,0.0,0.28256213665008545,0.0001,2.56e-06,50.338,3.3136,0.6354
1778,stage2,0,0.266276091337204,0.44263210892677307,0.0,0.266276091337204,0.0001,2.5800000000000003e-06,50.337,3.4265,3.5939
1779,stage2,0,0.2857930660247803,0.4362841546535492,0.0,0.2857930660247803,0.0001,2.6e-06,50.336,3.6476,0.6373
1780,stage2,0,0.2906930148601532,0.4575525224208832,0.0,0.2906930148601532,0.0001,2.6200000000000003e-06,50.333,3.4281,0.6346
1781,stage2,0,0.23479069769382477,0.42789411544799805,0.0,0.23479069769382477,0.0001,2.64e-06,50.335,3.7135,0.635
1782,stage2,0,0.28749212622642517,0.402762770652771,0.0,0.28749212622642517,0.0001,2.6600000000000004e-06,50.336,3.6892,0.6345
1783,stage2,0,0.27522337436676025,0.4313298165798187,0.0,0.27522337436676025,0.0001,2.68e-06,50.344,4.4672,0.6361
1784,stage2,0,0.2654796540737152,0.43489354848861694,0.0,0.2654796540737152,0.0001,2.7000000000000004e-06,50.341,4.1002,0.635
1785,stage2,0,0.23574616014957428,0.4070294499397278,0.0,0.23574616014957428,0.0001,2.7200000000000002e-06,50.337,2.8043,0.6356
1786,stage2,0,0.29861709475517273,0.4083590805530548,0.0,0.29861709475517273,0.0001,2.7400000000000004e-06,50.341,3.6701,3.6529
1787,stage2,0,0.27289441227912903,0.42394495010375977,0.0,0.27289441227912903,0.0001,2.7600000000000003e-06,50.337,4.6717,0.6374
1788,stage2,0,0.256854385137558,0.45498836040496826,0.0,0.256854385137558,0.0001,2.7800000000000005e-06,50.338,3.766,0.6348
1789,stage2,0,0.29150256514549255,0.42757704854011536,0.0,0.29150256514549255,0.0001,2.8000000000000003e-06,50.338,3.6934,0.6347
1790,stage2,0,0.2356225550174713,0.38587695360183716,0.0,0.2356225550174713,0.0001,2.82e-06,50.334,2.8891,0.6351
1791,stage2,0,0.2581157088279724,0.39884504675865173,0.0,0.2581157088279724,0.0001,2.84e-06,50.334,2.6939,0.6354
1792,stage2,0,0.2678825855255127,0.4068835973739624,0.0,0.2678825855255127,0.0001,2.86e-06,50.335,6.3657,0.6353
1793,stage2,0,0.3522748053073883,0.47090423107147217,0.0,0.3522748053073883,0.0001,2.88e-06,50.335,3.843,0.6367
1794,stage2,0,0.28186067938804626,0.43043410778045654,0.0,0.28186067938804626,0.0001,2.9e-06,50.338,2.7539,3.6423
1795,stage2,0,0.29521772265434265,0.4507737457752228,0.0,0.29521772265434265,0.0001,2.92e-06,50.337,3.2616,0.637
1796,stage2,0,0.2601901888847351,0.43867841362953186,0.0,0.2601901888847351,0.0001,2.9400000000000002e-06,50.339,4.3986,0.6344
1797,stage2,0,0.314250648021698,0.4422769546508789,0.0,0.314250648021698,0.0001,2.96e-06,50.335,4.2293,0.6349
1798,stage2,0,0.24588753283023834,0.4128984808921814,0.0,0.24588753283023834,0.0001,2.9800000000000003e-06,50.335,4.2504,0.6354
1799,stage2,0,0.2884739935398102,0.4434086084365845,0.0,0.2884739935398102,0.0001,3e-06,50.336,4.102,0.6356
1800,stage2,0,0.3013818860054016,0.44479018449783325,0.0,0.3013818860054016,0.0001,3.0200000000000003e-06,50.335,3.6656,0.6366
1801,stage2,0,0.32255759835243225,0.4387643039226532,0.0,0.32255759835243225,0.0001,3.04e-06,50.338,3.7669,0.6362
1802,stage2,0,0.3187471926212311,0.4358387291431427,0.0,0.3187471926212311,0.0001,3.0600000000000003e-06,50.336,3.5907,3.6504
1803,stage2,0,0.28440040349960327,0.4082346558570862,0.0,0.28440040349960327,0.0001,3.08e-06,50.333,2.807,0.6434
1804,stage2,0,0.2770756483078003,0.4115142524242401,0.0,0.2770756483078003,0.0001,3.1000000000000004e-06,50.334,3.3033,0.6356
1805,stage2,0,0.24068254232406616,0.4139532148838043,0.0,0.24068254232406616,0.0001,3.12e-06,50.339,3.6064,0.6355
1806,stage2,0,0.2678746283054352,0.40178054571151733,0.0,0.2678746283054352,0.0001,3.1400000000000004e-06,50.338,4.0146,0.6355
1807,stage2,0,0.34217628836631775,0.45224764943122864,0.0,0.34217628836631775,0.0001,3.1600000000000002e-06,50.338,4.8719,0.6362
1808,stage2,0,0.23938313126564026,0.4110659956932068,0.0,0.23938313126564026,0.0001,3.1800000000000005e-06,50.338,3.2628,0.6368
1809,stage2,0,0.30916038155555725,0.4397556185722351,0.0,0.30916038155555725,0.0001,3.2000000000000003e-06,50.335,7.007,0.6364
1810,stage2,0,0.26232340931892395,0.4455554783344269,0.0,0.26232340931892395,0.0001,3.2200000000000005e-06,50.342,4.1629,3.7007
1811,stage2,0,0.2591896951198578,0.41428250074386597,0.0,0.2591896951198578,0.0001,3.2400000000000003e-06,50.335,4.4467,0.6377
1812,stage2,0,0.25032132863998413,0.41915562748908997,0.0,0.25032132863998413,0.0001,3.2600000000000006e-06,50.339,3.2116,0.6366
1813,stage2,0,0.3068448603153229,0.4803732931613922,0.0,0.3068448603153229,0.0001,3.2800000000000004e-06,50.333,3.9326,0.6352
1814,stage2,0,0.3156052231788635,0.4535045027732849,0.0,0.3156052231788635,0.0001,3.3000000000000006e-06,50.339,4.0798,0.6353
1815,stage2,0,0.26790735125541687,0.4166070222854614,0.0,0.26790735125541687,0.0001,3.3200000000000004e-06,50.339,3.4137,0.6356
1816,stage2,0,0.2527830898761749,0.4366087019443512,0.0,0.2527830898761749,0.0001,3.3400000000000006e-06,50.339,3.4761,0.6372
1817,stage2,0,0.26376810669898987,0.431072860956192,0.0,0.26376810669898987,0.0001,3.3600000000000004e-06,50.346,2.763,0.6368
1818,stage2,0,0.289763867855072,0.4429582357406616,0.0,0.289763867855072,0.0001,3.3800000000000007e-06,50.345,4.5378,3.6966
1819,stage2,0,0.27924931049346924,0.4425930082798004,0.0,0.27924931049346924,0.0001,3.4000000000000005e-06,50.339,3.7951,0.6356
1820,stage2,0,0.2786562144756317,0.43732136487960815,0.0,0.2786562144756317,0.0001,3.4200000000000007e-06,50.337,4.0845,0.6345
1821,stage2,0,0.3025497496128082,0.44609200954437256,0.0,0.3025497496128082,0.0001,3.44e-06,50.336,3.4301,0.6352
1822,stage2,0,0.2982940375804901,0.43130555748939514,0.0,0.2982940375804901,0.0001,3.46e-06,50.342,4.5762,0.636
1823,stage2,0,0.25517502427101135,0.401610404253006,0.0,0.25517502427101135,0.0001,3.48e-06,50.34,4.3364,0.6355
1824,stage2,0,0.254917711019516,0.4369904398918152,0.0,0.254917711019516,0.0001,3.5e-06,50.336,3.7201,0.6363
1825,stage2,0,0.3712092936038971,0.4288124740123749,0.0,0.3712092936038971,0.0001,3.52e-06,50.341,3.2551,0.6365
1826,stage2,0,0.3323345482349396,0.43902575969696045,0.0,0.3323345482349396,0.0001,3.54e-06,50.338,4.3474,3.7155
1827,stage2,0,0.32212600111961365,0.42683354020118713,0.0,0.32212600111961365,0.0001,3.5600000000000002e-06,50.334,4.1795,0.637
1828,stage2,0,0.25649258494377136,0.399702787399292,0.0,0.25649258494377136,0.0001,3.58e-06,50.332,4.0133,0.6347
1829,stage2,0,0.2807469367980957,0.4465564489364624,0.0,0.2807469367980957,0.0001,3.6000000000000003e-06,50.334,3.6625,0.635
1830,stage2,0,0.2767617702484131,0.43103447556495667,0.0,0.2767617702484131,0.0001,3.62e-06,50.336,4.564,0.6355
1831,stage2,0,0.31039106845855713,0.4118306338787079,0.0,0.31039106845855713,0.0001,3.6400000000000003e-06,50.34,3.7678,0.636
1832,stage2,0,0.2715238630771637,0.4348367154598236,0.0,0.2715238630771637,0.0001,3.66e-06,50.336,3.9505,0.6366
1833,stage2,0,0.2900712192058563,0.41100260615348816,0.0,0.2900712192058563,0.0001,3.6800000000000003e-06,50.335,4.1293,0.6362
1834,stage2,0,0.23985281586647034,0.39603492617607117,0.0,0.23985281586647034,0.0001,3.7e-06,50.334,3.8697,3.7108
1835,stage2,0,0.2654625177383423,0.4089534282684326,0.0,0.2654625177383423,0.0001,3.7200000000000004e-06,50.341,4.0711,0.6372
1836,stage2,0,0.29664480686187744,0.42218464612960815,0.0,0.29664480686187744,0.0001,3.74e-06,50.339,3.1926,0.6359
1837,stage2,0,0.2864726185798645,0.4277479648590088,0.0,0.2864726185798645,0.0001,3.7600000000000004e-06,50.337,4.0736,0.6345
1838,stage2,0,0.2809986472129822,0.4227672517299652,0.0,0.2809986472129822,0.0001,3.7800000000000002e-06,50.337,3.5984,0.6356
1839,stage2,0,0.27287203073501587,0.47948578000068665,0.0,0.27287203073501587,0.0001,3.8000000000000005e-06,50.337,3.7024,0.6364
1840,stage2,0,0.28231894969940186,0.4376969337463379,0.0,0.28231894969940186,0.0001,3.820000000000001e-06,50.341,4.795,0.6363
1841,stage2,0,0.25405243039131165,0.4038088023662567,0.0,0.25405243039131165,0.0001,3.8400000000000005e-06,50.34,2.9882,0.6365
1842,stage2,0,0.25310230255126953,0.43092283606529236,0.0,0.25310230255126953,0.0001,3.86e-06,50.338,4.3384,3.706
1843,stage2,0,0.2959548234939575,0.4302047789096832,0.0,0.2959548234939575,0.0001,3.88e-06,50.342,3.5976,0.6349
1844,stage2,0,0.3201400935649872,0.42860135436058044,0.0,0.3201400935649872,0.0001,3.900000000000001e-06,50.339,4.402,0.6389
1845,stage2,0,0.27154526114463806,0.45411449670791626,0.0,0.27154526114463806,0.0001,3.920000000000001e-06,50.341,2.8287,0.6353
1846,stage2,0,0.27532467246055603,0.4381173849105835,0.0,0.27532467246055603,0.0001,3.94e-06,50.344,4.2381,0.6357
1847,stage2,0,0.27748405933380127,0.42418503761291504,0.0,0.27748405933380127,0.0001,3.96e-06,50.338,4.7424,0.6358
1848,stage2,0,0.288534015417099,0.42049211263656616,0.0,0.288534015417099,0.0001,3.980000000000001e-06,50.34,3.7505,0.6364
1849,stage2,0,0.28809434175491333,0.45968884229660034,0.0,0.28809434175491333,0.0001,4.000000000000001e-06,50.336,3.7762,0.6369
1850,stage2,0,0.2846883535385132,0.4241381883621216,0.0,0.2846883535385132,0.0001,4.0200000000000005e-06,50.345,3.9651,3.6385
1851,stage2,0,0.2765622138977051,0.4134330153465271,0.0,0.2765622138977051,0.0001,4.04e-06,50.339,3.317,0.6349
1852,stage2,0,0.3087438941001892,0.4272363483905792,0.0,0.3087438941001892,0.0001,4.060000000000001e-06,50.342,4.4298,0.6347
1853,stage2,0,0.3096628487110138,0.4452929198741913,0.0,0.3096628487110138,0.0001,4.08e-06,50.338,4.6446,0.6354
1854,stage2,0,0.2873063385486603,0.4441945552825928,0.0,0.2873063385486603,0.0001,4.1e-06,50.339,3.812,0.6354
1855,stage2,0,0.2885136902332306,0.4362310469150543,0.0,0.2885136902332306,0.0001,4.12e-06,50.344,4.7052,0.6364
1856,stage2,0,0.3184974491596222,0.44721296429634094,0.0,0.3184974491596222,0.0001,4.14e-06,50.34,5.2745,0.6359
1857,stage2,0,0.30357828736305237,0.44627997279167175,0.0,0.30357828736305237,0.0001,4.16e-06,50.336,3.0516,0.6368
1858,stage2,0,0.2851095199584961,0.41066840291023254,0.0,0.2851095199584961,0.0001,4.18e-06,50.337,3.7577,3.6676
1859,stage2,0,0.2880849540233612,0.44562122225761414,0.0,0.2880849540233612,0.0001,4.2000000000000004e-06,50.338,4.14,0.6353
1860,stage2,0,0.310225248336792,0.43419358134269714,0.0,0.310225248336792,0.0001,4.22e-06,50.34,5.3106,0.6361
1861,stage2,0,0.24390287697315216,0.42662540078163147,0.0,0.24390287697315216,0.0001,4.24e-06,50.338,3.2576,0.6353
1862,stage2,0,0.27873051166534424,0.4295647442340851,0.0,0.27873051166534424,0.0001,4.26e-06,50.341,3.2356,0.6352
1863,stage2,0,0.2781406342983246,0.43316376209259033,0.0,0.2781406342983246,0.0001,4.2800000000000005e-06,50.336,3.3878,0.6362
1864,stage2,0,0.25582006573677063,0.41339972615242004,0.0,0.25582006573677063,0.0001,4.3e-06,50.334,2.9972,0.6363
1865,stage2,0,0.2533873915672302,0.40991994738578796,0.0,0.2533873915672302,0.0001,4.32e-06,50.334,3.7027,0.6366
1866,stage2,0,0.2829778790473938,0.42029476165771484,0.0,0.2829778790473938,0.0001,4.34e-06,50.337,3.7266,3.6966
1867,stage2,0,0.28535014390945435,0.42673397064208984,0.0,0.28535014390945435,0.0001,4.360000000000001e-06,50.336,4.3621,0.6343
1868,stage2,0,0.28196480870246887,0.44346824288368225,0.0,0.28196480870246887,0.0001,4.38e-06,50.337,3.5444,0.6362
1869,stage2,0,0.2637627422809601,0.46189403533935547,0.0,0.2637627422809601,0.0001,4.4e-06,50.341,4.0328,0.6359
1870,stage2,0,0.30745527148246765,0.42914074659347534,0.0,0.30745527148246765,0.0001,4.42e-06,50.341,4.0027,0.6363
1871,stage2,0,0.29127708077430725,0.40735748410224915,0.0,0.29127708077430725,0.0001,4.440000000000001e-06,50.34,3.622,0.6364
1872,stage2,0,0.23361879587173462,0.42521825432777405,0.0,0.23361879587173462,0.0001,4.4600000000000005e-06,50.34,3.7499,0.6365
1873,stage2,0,0.29471153020858765,0.4129583537578583,0.0,0.29471153020858765,0.0001,4.48e-06,50.341,4.4459,0.6364
1874,stage2,0,0.28361570835113525,0.44246906042099,0.0,0.28361570835113525,0.0001,4.5e-06,50.339,3.5734,3.6027
1875,stage2,0,0.31848084926605225,0.4339255392551422,0.0,0.31848084926605225,0.0001,4.520000000000001e-06,50.337,3.4354,0.6351
1876,stage2,0,0.30471110343933105,0.47102048993110657,0.0,0.30471110343933105,0.0001,4.540000000000001e-06,50.337,4.2188,0.6353
1877,stage2,0,0.27642083168029785,0.445536345243454,0.0,0.27642083168029785,0.0001,4.56e-06,50.336,3.4698,0.6356
1878,stage2,0,0.277679443359375,0.43611451983451843,0.0,0.277679443359375,0.0001,4.58e-06,50.338,4.4023,0.6361
1879,stage2,0,0.23801276087760925,0.438324898481369,0.0,0.23801276087760925,0.0001,4.600000000000001e-06,50.338,3.2299,0.6361
1880,stage2,0,0.28888168931007385,0.42227160930633545,0.0,0.28888168931007385,0.0001,4.620000000000001e-06,50.336,3.4829,0.6365
1881,stage2,0,0.27777135372161865,0.4258567690849304,0.0,0.27777135372161865,0.0001,4.6400000000000005e-06,50.333,4.1811,0.6361
1882,stage2,0,0.20399193465709686,0.4037933647632599,0.0,0.20399193465709686,0.0001,4.66e-06,50.338,2.8945,3.6364
1883,stage2,0,0.30562302470207214,0.4339493215084076,0.0,0.30562302470207214,0.0001,4.680000000000001e-06,50.339,3.9882,0.6343
1884,stage2,0,0.2777444124221802,0.411273330450058,0.0,0.2777444124221802,0.0001,4.7e-06,50.336,3.0642,0.7045
1885,stage2,0,0.31688979268074036,0.4270651936531067,0.0,0.31688979268074036,0.0001,4.7200000000000005e-06,50.338,4.0438,0.6364
1886,stage2,0,0.2455064207315445,0.42035356163978577,0.0,0.2455064207315445,0.0001,4.74e-06,50.335,3.1694,0.6354
1887,stage2,0,0.2615993618965149,0.4152382016181946,0.0,0.2615993618965149,0.0001,4.76e-06,50.336,3.4971,0.6367
1888,stage2,0,0.2688803970813751,0.43986544013023376,0.0,0.2688803970813751,0.0001,4.78e-06,50.334,3.6007,0.6372
1889,stage2,0,0.3127807676792145,0.4203835427761078,0.0,0.3127807676792145,0.0001,4.800000000000001e-06,50.333,4.6745,0.6369
1890,stage2,0,0.2951340079307556,0.42839646339416504,0.0,0.2951340079307556,0.0001,4.8200000000000004e-06,50.34,3.9745,3.6078
1891,stage2,0,0.29087162017822266,0.4120115041732788,0.0,0.29087162017822266,0.0001,4.84e-06,50.335,4.7216,0.6402
1892,stage2,0,0.27147290110588074,0.4576663672924042,0.0,0.27147290110588074,0.0001,4.86e-06,50.334,4.3154,0.8395
1893,stage2,0,0.26628196239471436,0.4091331660747528,0.0,0.26628196239471436,0.0001,4.880000000000001e-06,50.336,4.6657,0.636
1894,stage2,0,0.25918781757354736,0.4477848708629608,0.0,0.25918781757354736,0.0001,4.9000000000000005e-06,50.34,3.4362,0.6361
1895,stage2,0,0.25898680090904236,0.41308850049972534,0.0,0.25898680090904236,0.0001,4.92e-06,50.335,3.285,0.6358
1896,stage2,0,0.2823275029659271,0.4510371685028076,0.0,0.2823275029659271,0.0001,4.94e-06,50.338,3.801,0.637
1897,stage2,0,0.3052765130996704,0.4161081612110138,0.0,0.3052765130996704,0.0001,4.960000000000001e-06,50.34,3.7737,0.637
1898,stage2,0,0.2989570200443268,0.4287542700767517,0.0,0.2989570200443268,0.0001,4.980000000000001e-06,50.341,4.8264,3.4447
1899,stage2,0,0.304332971572876,0.4314776062965393,0.0,0.304332971572876,0.0001,5e-06,50.34,4.6981,0.6349
1900,stage2,0,0.29057127237319946,0.46193933486938477,0.0,0.29057127237319946,0.0001,5.02e-06,50.34,4.6339,0.8607
1901,stage2,0,0.29268816113471985,0.4188975393772125,0.0,0.29268816113471985,0.0001,5.04e-06,50.341,4.0427,0.6356
1902,stage2,0,0.2619326710700989,0.4204670488834381,0.0,0.2619326710700989,0.0001,5.060000000000001e-06,50.339,4.1102,0.6361
1903,stage2,0,0.2858130633831024,0.4436074197292328,0.0,0.2858130633831024,0.0001,5.0800000000000005e-06,50.339,3.8925,0.636
1904,stage2,0,0.23753206431865692,0.4030463695526123,0.0,0.23753206431865692,0.0001,5.1e-06,50.339,4.2502,0.6366
1905,stage2,0,0.2767491042613983,0.4351036250591278,0.0,0.2767491042613983,0.0001,5.12e-06,50.345,3.8701,0.6365
1906,stage2,0,0.2762192189693451,0.4311177730560303,0.0,0.2762192189693451,0.0001,5.140000000000001e-06,50.347,3.8957,3.4802
1907,stage2,0,0.2422240823507309,0.40984612703323364,0.0,0.2422240823507309,0.0001,5.1600000000000006e-06,50.345,2.9763,0.6659
1908,stage2,0,0.3003464937210083,0.4300385117530823,0.0,0.3003464937210083,0.0001,5.18e-06,50.337,3.5853,0.8574
1909,stage2,0,0.2926137447357178,0.4114978611469269,0.0,0.2926137447357178,0.0001,5.2e-06,50.341,3.9634,0.636
1910,stage2,0,0.27770018577575684,0.4086917042732239,0.0,0.27770018577575684,0.0001,5.220000000000001e-06,50.34,6.1808,0.6367
1911,stage2,0,0.22000856697559357,0.4255724549293518,0.0,0.22000856697559357,0.0001,5.240000000000001e-06,50.335,3.8628,0.6364
1912,stage2,0,0.25751304626464844,0.43684661388397217,0.0,0.25751304626464844,0.0001,5.2600000000000005e-06,50.336,4.5002,0.636
1913,stage2,0,0.3027535378932953,0.4465026557445526,0.0,0.3027535378932953,0.0001,5.28e-06,50.338,4.4453,0.6364
1914,stage2,0,0.31555458903312683,0.4266650974750519,0.0,0.31555458903312683,0.0001,5.300000000000001e-06,50.339,4.1755,3.5086
1915,stage2,0,0.2504001259803772,0.40410906076431274,0.0,0.2504001259803772,0.0001,5.320000000000001e-06,50.338,3.3886,0.6412
1916,stage2,0,0.31588608026504517,0.42048513889312744,0.0,0.31588608026504517,0.0001,5.3400000000000005e-06,50.34,3.4725,0.7918
1917,stage2,0,0.254656046628952,0.4118884801864624,0.0,0.254656046628952,0.0001,5.36e-06,50.332,3.8356,0.6349
1918,stage2,0,0.29342180490493774,0.44026708602905273,0.0,0.29342180490493774,0.0001,5.380000000000001e-06,50.338,5.6505,0.6354
1919,stage2,0,0.2506900727748871,0.4007733464241028,0.0,0.2506900727748871,0.0001,5.400000000000001e-06,50.335,3.2905,0.6358
1920,stage2,0,0.2930985689163208,0.4131862223148346,0.0,0.2930985689163208,0.0001,5.420000000000001e-06,50.334,3.9407,0.6363
1921,stage2,0,0.2771589457988739,0.4314197897911072,0.0,0.2771589457988739,0.0001,5.4400000000000004e-06,50.339,5.1506,0.6358
1922,stage2,0,0.23071308434009552,0.38864386081695557,0.0,0.23071308434009552,0.0001,5.460000000000001e-06,50.335,3.5502,3.5076
1923,stage2,0,0.31706753373146057,0.4620577096939087,0.0,0.31706753373146057,0.0001,5.480000000000001e-06,50.338,6.6898,0.7123
1924,stage2,0,0.26450392603874207,0.42117029428482056,0.0,0.26450392603874207,0.0001,5.500000000000001e-06,50.339,4.6344,0.7089
1925,stage2,0,0.2799805700778961,0.4535953104496002,0.0,0.2799805700778961,0.0001,5.5200000000000005e-06,50.332,2.994,0.6354
1926,stage2,0,0.25463438034057617,0.41687050461769104,0.0,0.25463438034057617,0.0001,5.540000000000001e-06,50.336,4.1212,0.6353
1927,stage2,0,0.25518497824668884,0.4304971992969513,0.0,0.25518497824668884,0.0001,5.560000000000001e-06,50.338,5.1211,0.6355
1928,stage2,0,0.28707367181777954,0.4401448965072632,0.0,0.28707367181777954,0.0001,5.580000000000001e-06,50.332,4.5873,0.6356
1929,stage2,0,0.2651289701461792,0.44587746262550354,0.0,0.2651289701461792,0.0001,5.600000000000001e-06,50.336,2.8948,0.6367
1930,stage2,0,0.2671743631362915,0.43436121940612793,0.0,0.2671743631362915,0.0001,5.620000000000001e-06,50.338,3.4262,3.6113
1931,stage2,0,0.28475871682167053,0.4463410973548889,0.0,0.28475871682167053,0.0001,5.64e-06,50.334,5.0524,0.7403
1932,stage2,0,0.29856231808662415,0.4377419948577881,0.0,0.29856231808662415,0.0001,5.66e-06,50.338,3.7046,0.7007
1933,stage2,0,0.2929999530315399,0.4334399402141571,0.0,0.2929999530315399,0.0001,5.68e-06,50.337,4.1815,0.635
1934,stage2,0,0.27938777208328247,0.4486493170261383,0.0,0.27938777208328247,0.0001,5.7e-06,50.336,3.8631,0.6354
1935,stage2,0,0.2743585705757141,0.42034319043159485,0.0,0.2743585705757141,0.0001,5.72e-06,50.336,2.7717,0.6363
1936,stage2,0,0.3349418640136719,0.44886550307273865,0.0,0.3349418640136719,0.0001,5.74e-06,50.335,4.7284,0.6361
1937,stage2,0,0.2920101583003998,0.4536832571029663,0.0,0.2920101583003998,0.0001,5.76e-06,50.338,4.053,0.6364
1938,stage2,0,0.29913678765296936,0.40485212206840515,0.0,0.29913678765296936,0.0001,5.78e-06,50.339,4.5867,3.4462
1939,stage2,0,0.26965534687042236,0.4380822479724884,0.0,0.26965534687042236,0.0001,5.8e-06,50.336,3.7803,0.7623
1940,stage2,0,0.24763581156730652,0.41113635897636414,0.0,0.24763581156730652,0.0001,5.82e-06,50.335,4.9699,0.6977
1941,stage2,0,0.2693651616573334,0.41621720790863037,0.0,0.2693651616573334,0.0001,5.84e-06,50.337,3.1149,0.6349
1942,stage2,0,0.25163039565086365,0.4163416624069214,0.0,0.25163039565086365,0.0001,5.86e-06,50.338,3.3622,0.6353
1943,stage2,0,0.316933810710907,0.4606459438800812,0.0,0.316933810710907,0.0001,5.8800000000000005e-06,50.332,4.5756,0.6358
1944,stage2,0,0.2859475314617157,0.43036654591560364,0.0,0.2859475314617157,0.0001,5.9e-06,50.336,3.7654,0.6367
1945,stage2,0,0.28250744938850403,0.41966983675956726,0.0,0.28250744938850403,0.0001,5.92e-06,50.335,3.1362,0.6368
1946,stage2,0,0.22196483612060547,0.3910468816757202,0.0,0.22196483612060547,0.0001,5.94e-06,50.335,2.7855,3.6795
1947,stage2,0,0.22928419709205627,0.42240431904792786,0.0,0.22928419709205627,0.0001,5.9600000000000005e-06,50.333,3.3473,0.8137
1948,stage2,0,0.30325958132743835,0.481672465801239,0.0,0.30325958132743835,0.0001,5.98e-06,50.336,4.9883,0.6398
1949,stage2,0,0.26005351543426514,0.41735827922821045,0.0,0.26005351543426514,0.0001,6e-06,50.335,3.9185,0.6349
1950,stage2,0,0.2413158267736435,0.44760555028915405,0.0,0.2413158267736435,0.0001,6.02e-06,50.333,2.9354,0.6353
1951,stage2,0,0.26594409346580505,0.4533604681491852,0.0,0.26594409346580505,0.0001,6.040000000000001e-06,50.333,3.5483,0.6357
1952,stage2,0,0.26257696747779846,0.4128977060317993,0.0,0.26257696747779846,0.0001,6.0600000000000004e-06,50.337,3.5683,0.6357
1953,stage2,0,0.30858439207077026,0.4413391351699829,0.0,0.30858439207077026,0.0001,6.08e-06,50.341,4.9931,0.6364
1954,stage2,0,0.2607092559337616,0.429074227809906,0.0,0.2607092559337616,0.0001,6.1e-06,50.335,2.9924,3.6778
1955,stage2,0,0.303026020526886,0.4339809715747833,0.0,0.303026020526886,0.0001,6.120000000000001e-06,50.333,4.5664,0.8344
1956,stage2,0,0.2690485417842865,0.4137749969959259,0.0,0.2690485417842865,0.0001,6.1400000000000005e-06,50.332,3.8781,0.6345
1957,stage2,0,0.25302544236183167,0.41067183017730713,0.0,0.25302544236183167,0.0001,6.16e-06,50.335,3.7903,0.6346
1958,stage2,0,0.3023660182952881,0.420712411403656,0.0,0.3023660182952881,0.0001,6.18e-06,50.339,3.4588,0.6357
1959,stage2,0,0.25119659304618835,0.4142192006111145,0.0,0.25119659304618835,0.0001,6.200000000000001e-06,50.335,4.0991,0.6353
1960,stage2,0,0.25776198506355286,0.404758483171463,0.0,0.25776198506355286,0.0001,6.220000000000001e-06,50.339,3.2372,0.6358
1961,stage2,0,0.2450186014175415,0.43990471959114075,0.0,0.2450186014175415,0.0001,6.24e-06,50.336,3.0885,0.636
1962,stage2,0,0.2509521543979645,0.3968963921070099,0.0,0.2509521543979645,0.0001,6.26e-06,50.339,3.1603,3.5559
1963,stage2,0,0.2552588880062103,0.40611302852630615,0.0,0.2552588880062103,0.0001,6.280000000000001e-06,50.34,2.8198,0.7699
1964,stage2,0,0.289751797914505,0.4046767055988312,0.0,0.289751797914505,0.0001,6.300000000000001e-06,50.34,3.6746,0.6335
1965,stage2,0,0.24085600674152374,0.41887181997299194,0.0,0.24085600674152374,0.0001,6.3200000000000005e-06,50.333,2.8223,0.6343
1966,stage2,0,0.2564900517463684,0.4177820384502411,0.0,0.2564900517463684,0.0001,6.34e-06,50.337,3.1797,0.6344
1967,stage2,0,0.371502161026001,0.47321635484695435,0.0,0.371502161026001,0.0001,6.360000000000001e-06,50.336,4.8337,0.6344
1968,stage2,0,0.2575688362121582,0.42327895760536194,0.0,0.2575688362121582,0.0001,6.380000000000001e-06,50.335,3.6436,0.6352
1969,stage2,0,0.251983642578125,0.41078153252601624,0.0,0.251983642578125,0.0001,6.4000000000000006e-06,50.334,3.0737,0.6354
1970,stage2,0,0.28706249594688416,0.4502442479133606,0.0,0.28706249594688416,0.0001,6.42e-06,50.336,4.2301,3.5382
1971,stage2,0,0.2827341556549072,0.43774816393852234,0.0,0.2827341556549072,0.0001,6.440000000000001e-06,50.338,5.2506,0.8422
1972,stage2,0,0.2754974961280823,0.40550050139427185,0.0,0.2754974961280823,0.0001,6.460000000000001e-06,50.337,3.395,0.6338
1973,stage2,0,0.26227760314941406,0.40404078364372253,0.0,0.26227760314941406,0.0001,6.480000000000001e-06,50.336,3.4401,0.6345
1974,stage2,0,0.2313535511493683,0.40644386410713196,0.0,0.2313535511493683,0.0001,6.5000000000000004e-06,50.335,3.6749,0.6344
1975,stage2,0,0.26715874671936035,0.41094061732292175,0.0,0.26715874671936035,0.0001,6.520000000000001e-06,50.341,3.926,0.6347
1976,stage2,0,0.23027858138084412,0.40118420124053955,0.0,0.23027858138084412,0.0001,6.540000000000001e-06,50.332,2.8826,0.6345
1977,stage2,0,0.2880089581012726,0.4420798122882843,0.0,0.2880089581012726,0.0001,6.560000000000001e-06,50.337,4.3306,0.635
1978,stage2,0,0.28684768080711365,0.4431261420249939,0.0,0.28684768080711365,0.0001,6.5800000000000005e-06,50.339,4.1499,3.698
1979,stage2,0,0.2752854824066162,0.4285893440246582,0.0,0.2752854824066162,0.0001,6.600000000000001e-06,50.337,5.5752,0.9471
1980,stage2,0,0.2964071035385132,0.42785677313804626,0.0,0.2964071035385132,0.0001,6.620000000000001e-06,50.336,4.0393,0.6325
1981,stage2,0,0.25603628158569336,0.4149806499481201,0.0,0.25603628158569336,0.0001,6.640000000000001e-06,50.338,4.0184,0.6331
1982,stage2,0,0.2681964039802551,0.4319319427013397,0.0,0.2681964039802551,0.0001,6.660000000000001e-06,50.336,4.1863,0.6334
1983,stage2,0,0.26538029313087463,0.4503619074821472,0.0,0.26538029313087463,0.0001,6.680000000000001e-06,50.337,4.7329,0.6342
1984,stage2,0,0.2300151139497757,0.4030236005783081,0.0,0.2300151139497757,0.0001,6.700000000000001e-06,50.336,2.9661,0.6344
1985,stage2,0,0.3213924169540405,0.4412674307823181,0.0,0.3213924169540405,0.0001,6.720000000000001e-06,50.339,5.6594,0.6347
1986,stage2,0,0.3367614150047302,0.46139591932296753,0.0,0.3367614150047302,0.0001,6.740000000000001e-06,50.34,3.4585,3.4383
1987,stage2,0,0.2907818555831909,0.4234652817249298,0.0,0.2907818555831909,0.0001,6.760000000000001e-06,50.335,4.0386,0.9003
1988,stage2,0,0.2578573226928711,0.400640070438385,0.0,0.2578573226928711,0.0001,6.780000000000001e-06,50.334,3.2332,0.6336
1989,stage2,0,0.23656684160232544,0.41823509335517883,0.0,0.23656684160232544,0.0001,6.800000000000001e-06,50.336,3.2886,0.6341
1990,stage2,0,0.247843399643898,0.4087400734424591,0.0,0.247843399643898,0.0001,6.820000000000001e-06,50.331,3.0528,0.6347
1991,stage2,0,0.23222576081752777,0.38939327001571655,0.0,0.23222576081752777,0.0001,6.8400000000000014e-06,50.337,3.4233,0.6347
1992,stage2,0,0.26388391852378845,0.4359295964241028,0.0,0.26388391852378845,0.0001,6.860000000000001e-06,50.338,4.2646,0.6354
1993,stage2,0,0.23328697681427002,0.4264918565750122,0.0,0.23328697681427002,0.0001,6.88e-06,50.333,4.1665,0.6358
1994,stage2,0,0.27946925163269043,0.41155940294265747,0.0,0.27946925163269043,0.0001,6.9e-06,50.338,4.1488,3.4491
1995,stage2,0,0.2938416004180908,0.42323073744773865,0.0,0.2938416004180908,0.0001,6.92e-06,50.335,3.6491,0.8405
1996,stage2,0,0.24287432432174683,0.4037626385688782,0.0,0.24287432432174683,0.0001,6.9400000000000005e-06,50.335,2.8658,0.6572
1997,stage2,0,0.2500116527080536,0.4210582375526428,0.0,0.2500116527080536,0.0001,6.96e-06,50.335,3.0233,0.6353
1998,stage2,0,0.2839360535144806,0.4218473732471466,0.0,0.2839360535144806,0.0001,6.98e-06,50.339,4.3632,0.6349
1999,stage2,0,0.2872997522354126,0.41447097063064575,0.0,0.2872997522354126,0.0001,7e-06,50.338,4.0578,0.6351
2000,stage2,0,0.2322607934474945,0.4042282700538635,0.0,0.2322607934474945,0.0001,7.0200000000000006e-06,50.335,3.1455,0.6354
2001,stage2,0,0.26051732897758484,0.42687860131263733,0.0,0.26051732897758484,0.0001,7.04e-06,50.334,3.4572,0.6354
2002,stage2,0,0.24786600470542908,0.4104912579059601,0.0,0.24786600470542908,0.0001,7.06e-06,50.334,3.8962,3.4506
2003,stage2,0,0.24742484092712402,0.397225946187973,0.0,0.24742484092712402,0.0001,7.08e-06,50.344,4.5573,0.8051
2004,stage2,0,0.3614390194416046,0.4442339241504669,0.0,0.3614390194416046,0.0001,7.100000000000001e-06,50.338,4.3902,0.75
2005,stage2,0,0.2555357813835144,0.4214281141757965,0.0,0.2555357813835144,0.0001,7.1200000000000004e-06,50.34,4.3786,0.6341
2006,stage2,0,0.25115546584129333,0.4284467399120331,0.0,0.25115546584129333,0.0001,7.14e-06,50.334,4.8679,0.6342
2007,stage2,0,0.28894370794296265,0.4263811409473419,0.0,0.28894370794296265,0.0001,7.16e-06,50.336,4.1035,0.6346
2008,stage2,0,0.21676160395145416,0.40494662523269653,0.0,0.21676160395145416,0.0001,7.180000000000001e-06,50.337,3.4849,0.6349
2009,stage2,0,0.29763612151145935,0.4144536852836609,0.0,0.29763612151145935,0.0001,7.2000000000000005e-06,50.333,4.7865,0.6351
2010,stage2,0,0.275080144405365,0.43194544315338135,0.0,0.275080144405365,0.0001,7.22e-06,50.332,3.0262,3.4271
2011,stage2,0,0.30055272579193115,0.4503943622112274,0.0,0.30055272579193115,0.0001,7.24e-06,50.332,5.3366,0.7858
2012,stage2,0,0.32474958896636963,0.4384969472885132,0.0,0.32474958896636963,0.0001,7.260000000000001e-06,50.333,5.5848,0.7535
2013,stage2,0,0.2424554079771042,0.4222068786621094,0.0,0.2424554079771042,0.0001,7.280000000000001e-06,50.336,3.1702,0.6338
2014,stage2,0,0.24941307306289673,0.39305606484413147,0.0,0.24941307306289673,0.0001,7.3e-06,50.339,4.4779,0.634
2015,stage2,0,0.3255741596221924,0.4618956744670868,0.0,0.3255741596221924,0.0001,7.32e-06,50.339,5.1717,0.6338
2016,stage2,0,0.23809631168842316,0.39366787672042847,0.0,0.23809631168842316,0.0001,7.340000000000001e-06,50.331,4.212,0.635
2017,stage2,0,0.2786916494369507,0.4310845732688904,0.0,0.2786916494369507,0.0001,7.360000000000001e-06,50.336,3.5816,0.6348
2018,stage2,0,0.25954538583755493,0.4013524353504181,0.0,0.25954538583755493,0.0001,7.3800000000000005e-06,50.332,6.2294,3.5795
2019,stage2,0,0.3114861249923706,0.4330972135066986,0.0,0.3114861249923706,0.0001,7.4e-06,50.334,4.9004,0.6489
2020,stage2,0,0.27826088666915894,0.417685866355896,0.0,0.27826088666915894,0.0001,7.420000000000001e-06,50.334,5.0625,0.8035
2021,stage2,0,0.27524733543395996,0.42036932706832886,0.0,0.27524733543395996,0.0001,7.440000000000001e-06,50.332,4.3877,0.6347
2022,stage2,0,0.27335473895072937,0.4090019166469574,0.0,0.27335473895072937,0.0001,7.4600000000000006e-06,50.336,4.6861,0.6343
2023,stage2,0,0.29051709175109863,0.43848496675491333,0.0,0.29051709175109863,0.0001,7.48e-06,50.336,4.4255,0.6348
2024,stage2,0,0.2774104177951813,0.4321535527706146,0.0,0.2774104177951813,0.0001,7.500000000000001e-06,50.337,5.0992,0.6347
2025,stage2,0,0.24466334283351898,0.42645978927612305,0.0,0.24466334283351898,0.0001,7.520000000000001e-06,50.336,3.7808,0.6348
2026,stage2,0,0.28392618894577026,0.4007326364517212,0.0,0.28392618894577026,0.0001,7.540000000000001e-06,50.331,3.8459,3.5628
2027,stage2,0,0.2932741343975067,0.4494313895702362,0.0,0.2932741343975067,0.0001,7.5600000000000005e-06,50.334,3.97,0.6323
2028,stage2,0,0.23725073039531708,0.4076067805290222,0.0,0.23725073039531708,0.0001,7.58e-06,50.333,3.5563,0.8067
2029,stage2,0,0.25252795219421387,0.42961716651916504,0.0,0.25252795219421387,0.0001,7.600000000000001e-06,50.338,4.1443,0.633
2030,stage2,0,0.2824965715408325,0.41296809911727905,0.0,0.2824965715408325,0.0001,7.620000000000001e-06,50.335,3.9844,0.6334
2031,stage2,0,0.21644139289855957,0.39786088466644287,0.0,0.21644139289855957,0.0001,7.640000000000001e-06,50.332,3.5621,0.634
2032,stage2,0,0.2708972096443176,0.38821956515312195,0.0,0.2708972096443176,0.0001,7.660000000000001e-06,50.334,3.8177,0.6348
2033,stage2,0,0.2630804777145386,0.41523537039756775,0.0,0.2630804777145386,0.0001,7.680000000000001e-06,50.335,3.8943,0.6344
2034,stage2,0,0.3022138476371765,0.4293655753135681,0.0,0.3022138476371765,0.0001,7.7e-06,50.328,4.8342,3.6183
2035,stage2,0,0.2582872807979584,0.43793192505836487,0.0,0.2582872807979584,0.0001,7.72e-06,50.334,3.4341,0.6332
2036,stage2,0,0.3009631931781769,0.4744115471839905,0.0,0.3009631931781769,0.0001,7.74e-06,50.332,4.3827,0.8584
2037,stage2,0,0.32558566331863403,0.4481051564216614,0.0,0.32558566331863403,0.0001,7.76e-06,50.332,6.5995,0.6335
2038,stage2,0,0.2604084014892578,0.4038430452346802,0.0,0.2604084014892578,0.0001,7.78e-06,50.335,3.3432,0.634
2039,stage2,0,0.26713621616363525,0.4073169231414795,0.0,0.26713621616363525,0.0001,7.800000000000002e-06,50.332,3.0399,0.634
2040,stage2,0,0.2696520984172821,0.4081481397151947,0.0,0.2696520984172821,0.0001,7.820000000000001e-06,50.335,5.0456,0.634
2041,stage2,0,0.2834721505641937,0.44416746497154236,0.0,0.2834721505641937,0.0001,7.840000000000001e-06,50.333,3.7992,0.6345
2042,stage2,0,0.2534612715244293,0.4083002507686615,0.0,0.2534612715244293,0.0001,7.860000000000001e-06,50.334,2.7448,3.5224
2043,stage2,0,0.2673264145851135,0.43925291299819946,0.0,0.2673264145851135,0.0001,7.88e-06,50.334,3.4834,0.6328
2044,stage2,0,0.25503039360046387,0.4035007357597351,0.0,0.25503039360046387,0.0001,7.9e-06,50.335,4.2383,0.8833
2045,stage2,0,0.268503874540329,0.3880743384361267,0.0,0.268503874540329,0.0001,7.92e-06,50.335,4.1552,0.633
2046,stage2,0,0.27462059259414673,0.42180919647216797,0.0,0.27462059259414673,0.0001,7.94e-06,50.331,4.9808,0.6352
2047,stage2,0,0.262318879365921,0.41431787610054016,0.0,0.262318879365921,0.0001,7.960000000000002e-06,50.332,4.8486,0.6345
2048,stage2,0,0.26502928137779236,0.42549464106559753,0.0,0.26502928137779236,0.0001,7.980000000000002e-06,50.331,3.6303,0.6337
2049,stage2,0,0.3114440441131592,0.437423974275589,0.0,0.3114440441131592,0.0001,8.000000000000001e-06,50.336,5.2063,0.6346
2050,stage2,0,0.3055188059806824,0.49504777789115906,0.0,0.3055188059806824,0.0001,8.020000000000001e-06,50.331,5.2224,3.4502
2051,stage2,0,0.30247482657432556,0.41691458225250244,0.0,0.30247482657432556,0.0001,8.040000000000001e-06,50.331,4.4079,0.6326
2052,stage2,0,0.2267918735742569,0.40518292784690857,0.0,0.2267918735742569,0.0001,8.06e-06,50.335,3.8469,0.9656
2053,stage2,0,0.22761967778205872,0.4052627384662628,0.0,0.22761967778205872,0.0001,8.08e-06,50.332,4.3356,0.6334
2054,stage2,0,0.24713820219039917,0.4025948643684387,0.0,0.24713820219039917,0.0001,8.1e-06,50.329,5.087,0.6331
2055,stage2,0,0.23574860394001007,0.4236085116863251,0.0,0.23574860394001007,0.0001,8.120000000000002e-06,50.336,3.5657,0.6338
2056,stage2,0,0.28042072057724,0.4278063476085663,0.0,0.28042072057724,0.0001,8.14e-06,50.335,8.1516,0.6345
2057,stage2,0,0.262106716632843,0.4099661707878113,0.0,0.262106716632843,0.0001,8.16e-06,50.332,3.9203,0.6343
2058,stage2,0,0.26539355516433716,0.4159938097000122,0.0,0.26539355516433716,0.0001,8.18e-06,50.343,4.7623,3.3351
2059,stage2,0,0.2680497169494629,0.4253123998641968,0.0,0.2680497169494629,0.0001,8.2e-06,50.334,6.2284,0.6328
2060,stage2,0,0.26622024178504944,0.4332577586174011,0.0,0.26622024178504944,0.0001,8.220000000000001e-06,50.335,6.7615,1.1038
2061,stage2,0,0.23369596898555756,0.4227447807788849,0.0,0.23369596898555756,0.0001,8.24e-06,50.338,3.7758,0.6324
2062,stage2,0,0.25421178340911865,0.4075901210308075,0.0,0.25421178340911865,0.0001,8.26e-06,50.335,4.6779,0.6325
2063,stage2,0,0.27041590213775635,0.41842254996299744,0.0,0.27041590213775635,0.0001,8.28e-06,50.337,4.2595,0.633
2064,stage2,0,0.2482474148273468,0.3863469362258911,0.0,0.2482474148273468,0.0001,8.3e-06,50.335,4.2622,0.6331
2065,stage2,0,0.26454025506973267,0.417307585477829,0.0,0.26454025506973267,0.0001,8.32e-06,50.331,4.5454,0.6336
2066,stage2,0,0.25261190533638,0.40223929286003113,0.0,0.25261190533638,0.0001,8.34e-06,50.33,3.9389,3.3312
2067,stage2,0,0.28784576058387756,0.3978765904903412,0.0,0.28784576058387756,0.0001,8.36e-06,50.333,4.8514,0.6324
2068,stage2,0,0.2752503454685211,0.41109102964401245,0.0,0.2752503454685211,0.0001,8.380000000000001e-06,50.337,4.9514,1.0651
2069,stage2,0,0.2725431025028229,0.4244086444377899,0.0,0.2725431025028229,0.0001,8.400000000000001e-06,50.335,4.5135,0.6334
2070,stage2,0,0.241441011428833,0.4048866331577301,0.0,0.241441011428833,0.0001,8.42e-06,50.336,3.4987,0.6329
2071,stage2,0,0.28775879740715027,0.45468175411224365,0.0,0.28775879740715027,0.0001,8.44e-06,50.337,4.5042,0.6333
2072,stage2,0,0.30527129769325256,0.4274248480796814,0.0,0.30527129769325256,0.0001,8.46e-06,50.336,4.0118,0.6339
2073,stage2,0,0.2642096281051636,0.42805930972099304,0.0,0.2642096281051636,0.0001,8.48e-06,50.33,4.3221,0.6338
2074,stage2,0,0.26806533336639404,0.41837838292121887,0.0,0.26806533336639404,0.0001,8.5e-06,50.337,4.8663,3.3533
2075,stage2,0,0.25637897849082947,0.4221947491168976,0.0,0.25637897849082947,0.0001,8.52e-06,50.33,4.7446,0.6368
2076,stage2,0,0.2825215458869934,0.4101717174053192,0.0,0.2825215458869934,0.0001,8.540000000000001e-06,50.335,3.9699,1.1399
2077,stage2,0,0.29198694229125977,0.42470115423202515,0.0,0.29198694229125977,0.0001,8.560000000000001e-06,50.332,4.3114,0.6328
2078,stage2,0,0.29207202792167664,0.40746229887008667,0.0,0.29207202792167664,0.0001,8.580000000000001e-06,50.335,4.6921,0.6332
2079,stage2,0,0.2591712474822998,0.41782909631729126,0.0,0.2591712474822998,0.0001,8.6e-06,50.329,5.402,0.6336
2080,stage2,0,0.28860339522361755,0.41604456305503845,0.0,0.28860339522361755,0.0001,8.62e-06,50.331,4.1466,0.634
2081,stage2,0,0.2323044240474701,0.3948547840118408,0.0,0.2323044240474701,0.0001,8.64e-06,50.333,3.4682,0.6339
2082,stage2,0,0.274589478969574,0.4192763566970825,0.0,0.274589478969574,0.0001,8.66e-06,50.334,4.4194,3.1165
2083,stage2,0,0.25100862979888916,0.4510478377342224,0.0,0.25100862979888916,0.0001,8.68e-06,50.336,3.7593,0.6323
2084,stage2,0,0.2854306101799011,0.43568986654281616,0.0,0.2854306101799011,0.0001,8.700000000000001e-06,50.337,3.9432,1.2789
2085,stage2,0,0.22690989077091217,0.39810022711753845,0.0,0.22690989077091217,0.0001,8.720000000000001e-06,50.34,2.6467,0.6329
2086,stage2,0,0.2778055667877197,0.4380282163619995,0.0,0.2778055667877197,0.0001,8.740000000000001e-06,50.336,4.3318,0.6332
2087,stage2,0,0.25830042362213135,0.4131430983543396,0.0,0.25830042362213135,0.0001,8.76e-06,50.34,3.3899,0.6334
2088,stage2,0,0.242219477891922,0.41550350189208984,0.0,0.242219477891922,0.0001,8.78e-06,50.341,4.2185,0.6337
2089,stage2,0,0.23833434283733368,0.41725656390190125,0.0,0.23833434283733368,0.0001,8.8e-06,50.333,3.6353,0.6342
2090,stage2,0,0.23996497690677643,0.3963982164859772,0.0,0.23996497690677643,0.0001,8.82e-06,50.335,4.1224,3.0719
2091,stage2,0,0.256405770778656,0.40865060687065125,0.0,0.256405770778656,0.0001,8.84e-06,50.334,4.4858,0.6335
2092,stage2,0,0.2407989203929901,0.42646947503089905,0.0,0.2407989203929901,0.0001,8.860000000000002e-06,50.336,4.0359,1.3437
2093,stage2,0,0.2818813920021057,0.4299335181713104,0.0,0.2818813920021057,0.0001,8.880000000000001e-06,50.341,5.8384,0.6338
2094,stage2,0,0.25109240412712097,0.4333685040473938,0.0,0.25109240412712097,0.0001,8.900000000000001e-06,50.337,4.0945,0.6337
2095,stage2,0,0.3533073961734772,0.45637649297714233,0.0,0.3533073961734772,0.0001,8.920000000000001e-06,50.332,5.0053,0.6337
2096,stage2,0,0.21979421377182007,0.41137099266052246,0.0,0.21979421377182007,0.0001,8.94e-06,50.338,4.5117,0.6338
2097,stage2,0,0.25797519087791443,0.4097863733768463,0.0,0.25797519087791443,0.0001,8.96e-06,50.334,4.608,0.6344
2098,stage2,0,0.2409779578447342,0.39722248911857605,0.0,0.2409779578447342,0.0001,8.98e-06,50.332,3.4057,3.0129
2099,stage2,0,0.23737484216690063,0.38716813921928406,0.0,0.23737484216690063,0.0001,9e-06,50.334,3.1823,0.6325
2100,stage2,0,0.3198798894882202,0.44986891746520996,0.0,0.3198798894882202,0.0001,9.020000000000002e-06,50.333,5.3325,1.479
2101,stage2,0,0.2522584795951843,0.4126478135585785,0.0,0.2522584795951843,0.0001,9.040000000000002e-06,50.337,4.4533,0.633
2102,stage2,0,0.2928641438484192,0.4405389130115509,0.0,0.2928641438484192,0.0001,9.060000000000001e-06,50.333,3.1962,0.6335
2103,stage2,0,0.2543300986289978,0.394411563873291,0.0,0.2543300986289978,0.0001,9.080000000000001e-06,50.335,3.7056,0.6333
2104,stage2,0,0.2964900732040405,0.4212719798088074,0.0,0.2964900732040405,0.0001,9.100000000000001e-06,50.337,4.0177,0.6339
2105,stage2,0,0.24906043708324432,0.43606969714164734,0.0,0.24906043708324432,0.0001,9.12e-06,50.339,3.6708,0.6341
2106,stage2,0,0.25292328000068665,0.4297775626182556,0.0,0.25292328000068665,0.0001,9.14e-06,50.335,3.8691,2.8751
2107,stage2,0,0.2933078110218048,0.43722161650657654,0.0,0.2933078110218048,0.0001,9.16e-06,50.337,3.9529,0.6325
2108,stage2,0,0.23605726659297943,0.40815383195877075,0.0,0.23605726659297943,0.0001,9.180000000000002e-06,50.334,3.3251,1.5694
2109,stage2,0,0.2815247178077698,0.4196227192878723,0.0,0.2815247178077698,0.0001,9.200000000000002e-06,50.333,4.1969,0.6332
2110,stage2,0,0.24870575964450836,0.4044613838195801,0.0,0.24870575964450836,0.0001,9.220000000000002e-06,50.334,3.7825,0.6335
2111,stage2,0,0.28717151284217834,0.4110957682132721,0.0,0.28717151284217834,0.0001,9.240000000000001e-06,50.332,3.4538,0.6336
2112,stage2,0,0.26682424545288086,0.43777987360954285,0.0,0.26682424545288086,0.0001,9.260000000000001e-06,50.334,4.2589,0.6344
2113,stage2,0,0.2314976155757904,0.43391212821006775,0.0,0.2314976155757904,0.0001,9.280000000000001e-06,50.335,4.9472,0.6342
2114,stage2,0,0.28030160069465637,0.4599331021308899,0.0,0.28030160069465637,0.0001,9.3e-06,50.34,4.7447,2.7827
2115,stage2,0,0.2545415759086609,0.40399160981178284,0.0,0.2545415759086609,0.0001,9.32e-06,50.341,3.9798,0.6329
2116,stage2,0,0.25669291615486145,0.3910921812057495,0.0,0.25669291615486145,0.0001,9.340000000000002e-06,50.339,4.0245,1.6295
2117,stage2,0,0.2803528606891632,0.410094290971756,0.0,0.2803528606891632,0.0001,9.360000000000002e-06,50.331,5.0799,0.6328
2118,stage2,0,0.21563681960105896,0.39361798763275146,0.0,0.21563681960105896,0.0001,9.38e-06,50.332,3.162,0.6335
2119,stage2,0,0.24435290694236755,0.4049876034259796,0.0,0.24435290694236755,0.0001,9.4e-06,50.333,4.3443,0.6341
2120,stage2,0,0.2697639763355255,0.4321883022785187,0.0,0.2697639763355255,0.0001,9.42e-06,50.335,4.1192,0.6346
2121,stage2,0,0.2596798241138458,0.43458041548728943,0.0,0.2596798241138458,0.0001,9.440000000000001e-06,50.33,5.3395,0.6345
2122,stage2,0,0.2554548382759094,0.38427120447158813,0.0,0.2554548382759094,0.0001,9.460000000000001e-06,50.332,3.8566,2.6667
2123,stage2,0,0.2714698016643524,0.41669464111328125,0.0,0.2714698016643524,0.0001,9.48e-06,50.333,4.3302,0.6333
2124,stage2,0,0.30080530047416687,0.42729973793029785,0.0,0.30080530047416687,0.0001,9.5e-06,50.334,3.9431,1.7838
2125,stage2,0,0.23235782980918884,0.41243797540664673,0.0,0.23235782980918884,0.0001,9.52e-06,50.339,4.6026,0.633
2126,stage2,0,0.2688877284526825,0.4312088191509247,0.0,0.2688877284526825,0.0001,9.54e-06,50.339,4.6478,0.634
2127,stage2,0,0.28599125146865845,0.4217798411846161,0.0,0.28599125146865845,0.0001,9.56e-06,50.339,4.0865,0.6339
2128,stage2,0,0.2639395594596863,0.42558929324150085,0.0,0.2639395594596863,0.0001,9.58e-06,50.335,4.3732,0.6349
2129,stage2,0,0.25226691365242004,0.40909308195114136,0.0,0.25226691365242004,0.0001,9.600000000000001e-06,50.337,3.7222,0.6348
2130,stage2,0,0.23293443024158478,0.39777544140815735,0.0,0.23293443024158478,0.0001,9.620000000000001e-06,50.332,4.0067,2.5999
2131,stage2,0,0.2446659356355667,0.38772618770599365,0.0,0.2446659356355667,0.0001,9.640000000000001e-06,50.331,3.887,0.633
2132,stage2,0,0.258788138628006,0.41522738337516785,0.0,0.258788138628006,0.0001,9.66e-06,50.332,4.6333,1.902
2133,stage2,0,0.2723144590854645,0.39987120032310486,0.0,0.2723144590854645,0.0001,9.68e-06,50.335,4.0635,0.633
2134,stage2,0,0.3353615701198578,0.45232734084129333,0.0,0.3353615701198578,0.0001,9.7e-06,50.338,4.4941,0.6335
2135,stage2,0,0.2630157768726349,0.39120107889175415,0.0,0.2630157768726349,0.0001,9.72e-06,50.336,5.4087,0.6343
2136,stage2,0,0.26981428265571594,0.42239171266555786,0.0,0.26981428265571594,0.0001,9.74e-06,50.336,4.0311,0.6342
2137,stage2,0,0.25669464468955994,0.408372163772583,0.0,0.25669464468955994,0.0001,9.760000000000001e-06,50.335,4.3201,0.6345
2138,stage2,0,0.2639007866382599,0.4289301633834839,0.0,0.2639007866382599,0.0001,9.780000000000001e-06,50.335,4.2442,2.4468
2139,stage2,0,0.25225532054901123,0.44362959265708923,0.0,0.25225532054901123,0.0001,9.800000000000001e-06,50.335,3.5642,0.6333
2140,stage2,0,0.2552722692489624,0.4399247467517853,0.0,0.2552722692489624,0.0001,9.820000000000001e-06,50.332,4.7007,1.8731
2141,stage2,0,0.2132718861103058,0.3951096832752228,0.0,0.2132718861103058,0.0001,9.84e-06,50.332,3.6212,0.6328
2142,stage2,0,0.28107020258903503,0.4191202223300934,0.0,0.28107020258903503,0.0001,9.86e-06,50.336,3.8263,0.6331
2143,stage2,0,0.26949089765548706,0.4246894121170044,0.0,0.26949089765548706,0.0001,9.88e-06,50.33,4.0372,0.6335
2144,stage2,0,0.33750760555267334,0.4496414065361023,0.0,0.33750760555267334,0.0001,9.9e-06,50.332,4.7483,0.634
2145,stage2,0,0.23243537545204163,0.3975623548030853,0.0,0.23243537545204163,0.0001,9.920000000000002e-06,50.336,4.0793,0.6351
2146,stage2,0,0.2702423334121704,0.4268476963043213,0.0,0.2702423334121704,0.0001,9.940000000000001e-06,50.334,3.6076,2.4229
2147,stage2,0,0.31486374139785767,0.44378721714019775,0.0,0.31486374139785767,0.0001,9.960000000000001e-06,50.332,4.1681,0.6335
2148,stage2,0,0.26164835691452026,0.4097522795200348,0.0,0.26164835691452026,0.0001,9.980000000000001e-06,50.333,4.2344,1.9752
2149,stage2,0,0.27480846643447876,0.41306811571121216,0.0,0.27480846643447876,0.0001,1e-05,50.332,3.9977,0.633
2150,stage2,0,0.2708035707473755,0.4127115309238434,0.0,0.2708035707473755,0.0001,1e-05,50.329,3.9625,0.6333
2151,stage2,0,0.2618092894554138,0.39130517840385437,0.0,0.2618092894554138,0.0001,1e-05,50.335,3.1477,0.6335
2152,stage2,0,0.2545710802078247,0.43215808272361755,0.0,0.2545710802078247,0.0001,1e-05,50.333,3.6933,0.6345
2153,stage2,0,0.24684590101242065,0.40281638503074646,0.0,0.24684590101242065,0.0001,1e-05,50.33,3.9642,0.6343
2154,stage2,0,0.28324830532073975,0.41187936067581177,0.0,0.28324830532073975,0.0001,1e-05,50.332,3.5333,2.3186
2155,stage2,0,0.263094425201416,0.4562881290912628,0.0,0.263094425201416,0.0001,1e-05,50.332,5.1775,0.6336
2156,stage2,0,0.2389158457517624,0.3871859312057495,0.0,0.2389158457517624,0.0001,1e-05,50.331,4.4618,1.9839
2157,stage2,0,0.24132204055786133,0.3876975178718567,0.0,0.24132204055786133,0.0001,1e-05,50.327,3.5842,0.6331
2158,stage2,0,0.21925629675388336,0.41073891520500183,0.0,0.21925629675388336,0.0001,1e-05,50.334,4.1996,0.6331
2159,stage2,0,0.2346215546131134,0.43017277121543884,0.0,0.2346215546131134,0.0001,1e-05,50.331,4.4173,0.6331
2160,stage2,0,0.32592302560806274,0.4423326253890991,0.0,0.32592302560806274,0.0001,1e-05,50.332,5.7112,0.634
2161,stage2,0,0.266819030046463,0.4063310921192169,0.0,0.266819030046463,0.0001,1e-05,50.332,3.7447,0.6347
2162,stage2,0,0.26565882563591003,0.4099346995353699,0.0,0.26565882563591003,0.0001,1e-05,50.329,3.609,2.3346
2163,stage2,0,0.2728547751903534,0.4173867702484131,0.0,0.2728547751903534,0.0001,1e-05,50.333,4.1009,0.6335
2164,stage2,0,0.27995699644088745,0.44102975726127625,0.0,0.27995699644088745,0.0001,1e-05,50.333,5.3441,2.013
2165,stage2,0,0.24695494771003723,0.41817495226860046,0.0,0.24695494771003723,0.0001,1e-05,50.335,3.6871,0.6336
2166,stage2,0,0.282832533121109,0.4232824444770813,0.0,0.282832533121109,0.0001,1e-05,50.333,4.1043,0.6331
2167,stage2,0,0.2829076051712036,0.39970678091049194,0.0,0.2829076051712036,0.0001,1e-05,50.332,4.5753,0.6335
2168,stage2,0,0.25812047719955444,0.4043739438056946,0.0,0.25812047719955444,0.0001,1e-05,50.33,3.074,0.6341
2169,stage2,0,0.21754419803619385,0.42557385563850403,0.0,0.21754419803619385,0.0001,1e-05,50.335,3.1851,0.6345
2170,stage2,0,0.22784674167633057,0.4424487352371216,0.0,0.22784674167633057,0.0001,1e-05,50.33,3.591,2.3245
2171,stage2,0,0.29184725880622864,0.4139999449253082,0.0,0.29184725880622864,0.0001,1e-05,50.331,5.4671,0.633
2172,stage2,0,0.2170373648405075,0.43768274784088135,0.0,0.2170373648405075,0.0001,1e-05,50.33,4.0107,2.1407
2173,stage2,0,0.2332032024860382,0.4249616265296936,0.0,0.2332032024860382,0.0001,1e-05,50.33,4.698,0.6331
2174,stage2,0,0.26064586639404297,0.3958457112312317,0.0,0.26064586639404297,0.0001,1e-05,50.331,5.9215,0.6336
2175,stage2,0,0.28742972016334534,0.40766093134880066,0.0,0.28742972016334534,0.0001,1e-05,50.325,3.9182,0.6331
2176,stage2,0,0.2149895280599594,0.41263264417648315,0.0,0.2149895280599594,0.0001,1e-05,50.332,3.7021,0.6342
2177,stage2,0,0.24167172610759735,0.4042440950870514,0.0,0.24167172610759735,0.0001,1e-05,50.333,3.1478,0.6341
2178,stage2,0,0.23518286645412445,0.3865742087364197,0.0,0.23518286645412445,0.0001,1e-05,50.329,3.8277,2.2955
2179,stage2,0,0.28999435901641846,0.43083256483078003,0.0,0.28999435901641846,0.0001,1e-05,50.328,3.7315,0.6331
2180,stage2,0,0.22776663303375244,0.4056556224822998,0.0,0.22776663303375244,0.0001,1e-05,50.329,3.5104,2.1471
2181,stage2,0,0.23708373308181763,0.40822625160217285,0.0,0.23708373308181763,0.0001,1e-05,50.333,4.0608,0.6328
2182,stage2,0,0.2641910910606384,0.4136689007282257,0.0,0.2641910910606384,0.0001,1e-05,50.33,4.0087,0.6326
2183,stage2,0,0.26394617557525635,0.4042556583881378,0.0,0.26394617557525635,0.0001,1e-05,50.329,4.7814,0.633
2184,stage2,0,0.25380057096481323,0.4054417312145233,0.0,0.25380057096481323,0.0001,1e-05,50.331,4.125,0.633
2185,stage2,0,0.21455363929271698,0.3947913944721222,0.0,0.21455363929271698,0.0001,1e-05,50.333,3.2482,0.6334
2186,stage2,0,0.2763807773590088,0.4076988995075226,0.0,0.2763807773590088,0.0001,1e-05,50.333,5.2314,2.2842
2187,stage2,0,0.2755443751811981,0.4193591773509979,0.0,0.2755443751811981,0.0001,1e-05,50.331,4.7696,0.6332
2188,stage2,0,0.30335214734077454,0.40804523229599,0.0,0.30335214734077454,0.0001,1e-05,50.333,4.7096,2.1525
2189,stage2,0,0.22247718274593353,0.40168777108192444,0.0,0.22247718274593353,0.0001,1e-05,50.331,3.657,0.6327
2190,stage2,0,0.25959205627441406,0.42525023221969604,0.0,0.25959205627441406,0.0001,1e-05,50.332,3.8753,0.633
2191,stage2,0,0.22667236626148224,0.4015604853630066,0.0,0.22667236626148224,0.0001,1e-05,50.331,3.7571,0.6336
2192,stage2,0,0.24642610549926758,0.40284883975982666,0.0,0.24642610549926758,0.0001,1e-05,50.331,3.9682,0.6334
2193,stage2,0,0.2746354937553406,0.4266570806503296,0.0,0.2746354937553406,0.0001,1e-05,50.33,4.456,0.6344
2194,stage2,0,0.24094432592391968,0.395445317029953,0.0,0.24094432592391968,0.0001,1e-05,50.331,3.8712,2.3238
2195,stage2,0,0.2544250786304474,0.4319292902946472,0.0,0.2544250786304474,0.0001,1e-05,50.331,5.1518,0.6332
2196,stage2,0,0.3433111310005188,0.4489944279193878,0.0,0.3433111310005188,0.0001,1e-05,50.331,4.9621,2.0982
2197,stage2,0,0.2854442894458771,0.444220632314682,0.0,0.2854442894458771,0.0001,1e-05,50.331,4.1689,0.6319
2198,stage2,0,0.22198958694934845,0.4162853956222534,0.0,0.22198958694934845,0.0001,1e-05,50.33,3.5619,0.6331
2199,stage2,0,0.24325433373451233,0.4200359880924225,0.0,0.24325433373451233,0.0001,1e-05,50.33,4.8023,0.633
2200,stage2,0,0.2351715862751007,0.40507468581199646,0.0,0.2351715862751007,0.0001,1e-05,50.33,3.5754,0.6336
2201,stage2,0,0.24060508608818054,0.4101312458515167,0.0,0.24060508608818054,0.0001,1e-05,50.33,3.7827,0.6339
2202,stage2,0,0.1816112995147705,0.4064216613769531,0.0,0.1816112995147705,0.0001,1e-05,50.331,3.0119,2.3291
2203,stage2,0,0.2256946712732315,0.37818068265914917,0.0,0.2256946712732315,0.0001,1e-05,50.333,4.3946,0.6332
2204,stage2,0,0.2601681649684906,0.4294976592063904,0.0,0.2601681649684906,0.0001,1e-05,50.33,4.3705,2.0423
2205,stage2,0,0.31085970997810364,0.42796486616134644,0.0,0.31085970997810364,0.0001,1e-05,50.331,4.4132,0.633
2206,stage2,0,0.2379017174243927,0.39875853061676025,0.0,0.2379017174243927,0.0001,1e-05,50.333,4.4971,0.6331
2207,stage2,0,0.20342813432216644,0.42131951451301575,0.0,0.20342813432216644,0.0001,1e-05,50.331,3.0107,0.6337
2208,stage2,0,0.3023844063282013,0.41738665103912354,0.0,0.3023844063282013,0.0001,1e-05,50.333,3.2642,0.6337
2209,stage2,0,0.19820483028888702,0.3993850648403168,0.0,0.19820483028888702,0.0001,1e-05,50.33,4.0225,0.6343
2210,stage2,0,0.2844699025154114,0.40834885835647583,0.0,0.2844699025154114,0.0001,1e-05,50.33,4.8434,2.3032
2211,stage2,0,0.21263816952705383,0.41608744859695435,0.0,0.21263816952705383,0.0001,1e-05,50.33,3.4118,0.633
2212,stage2,0,0.2608281075954437,0.4121852219104767,0.0,0.2608281075954437,0.0001,1e-05,50.331,4.1166,2.0483
2213,stage2,0,0.2254139631986618,0.39069804549217224,0.0,0.2254139631986618,0.0001,1e-05,50.333,2.997,0.6328
2214,stage2,0,0.23047307133674622,0.3868979215621948,0.0,0.23047307133674622,0.0001,1e-05,50.327,3.4271,0.633
2215,stage2,0,0.27341586351394653,0.42892566323280334,0.0,0.27341586351394653,0.0001,1e-05,50.33,3.8554,0.6326
2216,stage2,0,0.23146727681159973,0.38587912917137146,0.0,0.23146727681159973,0.0001,1e-05,50.329,3.9439,0.6341
2217,stage2,0,0.28303319215774536,0.42442387342453003,0.0,0.28303319215774536,0.0001,1e-05,50.329,4.1806,0.6344
2218,stage2,0,0.22918564081192017,0.39996057748794556,0.0,0.22918564081192017,0.0001,1e-05,50.329,3.7522,2.276
2219,stage2,0,0.2338898479938507,0.41886836290359497,0.0,0.2338898479938507,0.0001,1e-05,50.333,3.4015,0.6331
2220,stage2,0,0.260786235332489,0.3996216356754303,0.0,0.260786235332489,0.0001,1e-05,50.334,3.6592,2.0113
2221,stage2,0,0.2584301233291626,0.4155486524105072,0.0,0.2584301233291626,0.0001,1e-05,50.329,6.3157,0.632
2222,stage2,0,0.20453272759914398,0.398298054933548,0.0,0.20453272759914398,0.0001,1e-05,50.333,3.22,0.6331
2223,stage2,0,0.28042569756507874,0.41343018412590027,0.0,0.28042569756507874,0.0001,1e-05,50.329,4.2283,0.6332
2224,stage2,0,0.23974676430225372,0.39283645153045654,0.0,0.23974676430225372,0.0001,1e-05,50.325,4.8793,0.6339
2225,stage2,0,0.2678062915802002,0.4062896966934204,0.0,0.2678062915802002,0.0001,1e-05,50.325,3.8677,0.6344
2226,stage2,0,0.2263670116662979,0.3879588544368744,0.0,0.2263670116662979,0.0001,1e-05,50.33,4.4139,2.2627
2227,stage2,0,0.25948864221572876,0.4270998239517212,0.0,0.25948864221572876,0.0001,1e-05,50.33,4.4899,0.6326
2228,stage2,0,0.257670134305954,0.41066375374794006,0.0,0.257670134305954,0.0001,1e-05,50.331,4.6074,2.02
2229,stage2,0,0.268539160490036,0.40331369638442993,0.0,0.268539160490036,0.0001,1e-05,50.332,3.5929,0.6322
2230,stage2,0,0.2814529836177826,0.39580968022346497,0.0,0.2814529836177826,0.0001,1e-05,50.332,4.5711,0.6331
2231,stage2,0,0.2848794460296631,0.4165476858615875,0.0,0.2848794460296631,0.0001,1e-05,50.331,4.4242,0.6335
2232,stage2,0,0.23353806138038635,0.4057319164276123,0.0,0.23353806138038635,0.0001,1e-05,50.329,3.2969,0.6336
2233,stage2,0,0.2783433198928833,0.39856550097465515,0.0,0.2783433198928833,0.0001,1e-05,50.332,4.0295,0.634
2234,stage2,0,0.25355294346809387,0.3985876441001892,0.0,0.25355294346809387,0.0001,1e-05,50.328,4.3215,2.2443
2235,stage2,0,0.22461573779582977,0.4195382297039032,0.0,0.22461573779582977,0.0001,1e-05,50.33,3.6654,0.6333
2236,stage2,0,0.2510935366153717,0.40052124857902527,0.0,0.2510935366153717,0.0001,1e-05,50.328,4.1252,2.0617
2237,stage2,0,0.2546943426132202,0.4172707498073578,0.0,0.2546943426132202,0.0001,1e-05,50.331,5.2627,0.6328
2238,stage2,0,0.2348390370607376,0.4090502858161926,0.0,0.2348390370607376,0.0001,1e-05,50.329,3.309,0.6335
2239,stage2,0,0.2408389449119568,0.3983575701713562,0.0,0.2408389449119568,0.0001,1e-05,50.33,3.7442,0.6336
2240,stage2,0,0.2569058835506439,0.43446895480155945,0.0,0.2569058835506439,0.0001,1e-05,50.334,3.9635,0.6339
2241,stage2,0,0.2656223773956299,0.40967437624931335,0.0,0.2656223773956299,0.0001,1e-05,50.327,5.073,0.6348
2242,stage2,0,0.2680589556694031,0.43300920724868774,0.0,0.2680589556694031,0.0001,1e-05,50.328,4.4763,2.2551
2243,stage2,0,0.27184754610061646,0.41530129313468933,0.0,0.27184754610061646,0.0001,1e-05,50.335,4.7247,0.6332
2244,stage2,0,0.245155468583107,0.3970232307910919,0.0,0.245155468583107,0.0001,1e-05,50.333,4.52,2.0104
2245,stage2,0,0.24944031238555908,0.4000541865825653,0.0,0.24944031238555908,0.0001,1e-05,50.334,3.555,0.6335
2246,stage2,0,0.2390030175447464,0.40118566155433655,0.0,0.2390030175447464,0.0001,1e-05,50.328,3.6022,0.6334
2247,stage2,0,0.2537915110588074,0.4214487671852112,0.0,0.2537915110588074,0.0001,1e-05,50.333,4.8293,0.6337
2248,stage2,0,0.21518172323703766,0.4268384873867035,0.0,0.21518172323703766,0.0001,1e-05,50.332,4.3999,0.6339
2249,stage2,0,0.24383719265460968,0.4160577058792114,0.0,0.24383719265460968,0.0001,1e-05,50.331,3.7697,0.6345
2250,stage2,0,0.25386032462120056,0.40620625019073486,0.0,0.25386032462120056,0.0001,1e-05,50.332,4.3699,2.3311
2251,stage2,0,0.2337089627981186,0.4224373996257782,0.0,0.2337089627981186,0.0001,1e-05,50.331,4.5803,0.6327
2252,stage2,0,0.28140711784362793,0.4095514714717865,0.0,0.28140711784362793,0.0001,1e-05,50.334,3.4983,1.9721
2253,stage2,0,0.22061938047409058,0.40215662121772766,0.0,0.22061938047409058,0.0001,1e-05,50.33,4.6859,0.632
2254,stage2,0,0.2711193561553955,0.4221697449684143,0.0,0.2711193561553955,0.0001,1e-05,50.333,5.493,0.633
2255,stage2,0,0.23956918716430664,0.39437487721443176,0.0,0.23956918716430664,0.0001,1e-05,50.333,3.3245,0.6325
2256,stage2,0,0.18334683775901794,0.4011777937412262,0.0,0.18334683775901794,0.0001,1e-05,50.332,3.835,0.6335
2257,stage2,0,0.24885694682598114,0.41091135144233704,0.0,0.24885694682598114,0.0001,1e-05,50.335,4.6057,0.634
2258,stage2,0,0.2247387319803238,0.38699015974998474,0.0,0.2247387319803238,0.0001,1e-05,50.333,4.8809,2.3896
2259,stage2,0,0.2339857518672943,0.37506288290023804,0.0,0.2339857518672943,0.0001,1e-05,50.33,4.1007,0.633
2260,stage2,0,0.2535169720649719,0.41876477003097534,0.0,0.2535169720649719,0.0001,1e-05,50.334,4.663,2.0073
2261,stage2,0,0.20467093586921692,0.39312484860420227,0.0,0.20467093586921692,0.0001,1e-05,50.331,3.4615,0.6333
2262,stage2,0,0.26076987385749817,0.42399337887763977,0.0,0.26076987385749817,0.0001,1e-05,50.331,4.496,0.6332
2263,stage2,0,0.231267049908638,0.37984588742256165,0.0,0.231267049908638,0.0001,1e-05,50.329,4.5864,0.6334
2264,stage2,0,0.22820588946342468,0.41094645857810974,0.0,0.22820588946342468,0.0001,1e-05,50.329,4.9692,0.6347
2265,stage2,0,0.24452932178974152,0.4024694263935089,0.0,0.24452932178974152,0.0001,1e-05,50.332,4.2917,0.6348
2266,stage2,0,0.25937461853027344,0.45011013746261597,0.0,0.25937461853027344,0.0001,1e-05,50.329,4.9487,2.382
2267,stage2,0,0.27073174715042114,0.4005570709705353,0.0,0.27073174715042114,0.0001,1e-05,50.331,4.1065,0.6335
2268,stage2,0,0.20480132102966309,0.3646923899650574,0.0,0.20480132102966309,0.0001,1e-05,50.33,3.2442,1.9553
2269,stage2,0,0.23475509881973267,0.41240718960762024,0.0,0.23475509881973267,0.0001,1e-05,50.332,3.959,0.6331
2270,stage2,0,0.2550029456615448,0.43672728538513184,0.0,0.2550029456615448,0.0001,1e-05,50.33,4.4516,0.6333
2271,stage2,0,0.28146636486053467,0.4043116271495819,0.0,0.28146636486053467,0.0001,1e-05,50.332,3.958,0.6337
2272,stage2,0,0.232014462351799,0.41236791014671326,0.0,0.232014462351799,0.0001,1e-05,50.329,3.2534,0.6337
2273,stage2,0,0.1848360151052475,0.41359269618988037,0.0,0.1848360151052475,0.0001,1e-05,50.329,2.5714,0.6344
2274,stage2,0,0.2575950622558594,0.4097459316253662,0.0,0.2575950622558594,0.0001,1e-05,50.331,4.5667,2.3534
2275,stage2,0,0.22467535734176636,0.4008084535598755,0.0,0.22467535734176636,0.0001,1e-05,50.328,2.7924,0.6335
2276,stage2,0,0.28741297125816345,0.40828996896743774,0.0,0.28741297125816345,0.0001,1e-05,50.327,4.4419,1.9976
2277,stage2,0,0.23949094116687775,0.4101977050304413,0.0,0.23949094116687775,0.0001,1e-05,50.331,4.634,0.6329
2278,stage2,0,0.21730084717273712,0.39160212874412537,0.0,0.21730084717273712,0.0001,1e-05,50.333,3.9373,0.633
2279,stage2,0,0.24429111182689667,0.383510559797287,0.0,0.24429111182689667,0.0001,1e-05,50.331,3.2657,0.6334
2280,stage2,0,0.25031429529190063,0.4162733554840088,0.0,0.25031429529190063,0.0001,1e-05,50.331,4.4436,0.6341
2281,stage2,0,0.24398954212665558,0.3741627037525177,0.0,0.24398954212665558,0.0001,1e-05,50.33,3.2068,0.6351
2282,stage2,0,0.2760644555091858,0.4193401038646698,0.0,0.2760644555091858,0.0001,1e-05,50.327,3.972,2.3148
2283,stage2,0,0.2781340777873993,0.4388049244880676,0.0,0.2781340777873993,0.0001,1e-05,50.329,5.9903,0.6331
2284,stage2,0,0.24411429464817047,0.43504637479782104,0.0,0.24411429464817047,0.0001,1e-05,50.333,3.8273,2.1098
2285,stage2,0,0.27299901843070984,0.4294658601284027,0.0,0.27299901843070984,0.0001,1e-05,50.328,3.9327,0.6331
2286,stage2,0,0.21128986775875092,0.4283607006072998,0.0,0.21128986775875092,0.0001,1e-05,50.329,3.6906,0.633
2287,stage2,0,0.23246003687381744,0.41399097442626953,0.0,0.23246003687381744,0.0001,1e-05,50.329,4.7897,0.6339
2288,stage2,0,0.2301325798034668,0.41553160548210144,0.0,0.2301325798034668,0.0001,1e-05,50.326,3.8888,0.6338
2289,stage2,0,0.260906457901001,0.42167508602142334,0.0,0.260906457901001,0.0001,1e-05,50.329,4.1594,0.6341
2290,stage2,0,0.22261863946914673,0.41570940613746643,0.0,0.22261863946914673,0.0001,1e-05,50.325,3.1132,2.2114
2291,stage2,0,0.20346534252166748,0.38784173130989075,0.0,0.20346534252166748,0.0001,1e-05,50.33,4.1924,0.6335
2292,stage2,0,0.23302651941776276,0.41542163491249084,0.0,0.23302651941776276,0.0001,1e-05,50.331,4.0816,2.1748
2293,stage2,0,0.27121517062187195,0.4307716488838196,0.0,0.27121517062187195,0.0001,1e-05,50.328,3.7675,0.6331
2294,stage2,0,0.22916914522647858,0.3871194124221802,0.0,0.22916914522647858,0.0001,1e-05,50.328,4.4502,0.634
2295,stage2,0,0.206382617354393,0.41094210743904114,0.0,0.206382617354393,0.0001,1e-05,50.329,3.4702,0.6337
2296,stage2,0,0.2321697175502777,0.4177617132663727,0.0,0.2321697175502777,0.0001,1e-05,50.33,3.7065,0.6338
2297,stage2,0,0.2418661117553711,0.39528709650039673,0.0,0.2418661117553711,0.0001,1e-05,50.329,3.6864,0.635
2298,stage2,0,0.26664987206459045,0.4202376902103424,0.0,0.26664987206459045,0.0001,1e-05,50.334,3.9616,2.1441
2299,stage2,0,0.21228249371051788,0.40670064091682434,0.0,0.21228249371051788,0.0001,1e-05,50.332,3.2086,0.6348
2300,stage2,0,0.25096654891967773,0.4309439957141876,0.0,0.25096654891967773,0.0001,1e-05,50.327,3.9997,2.2893
2301,stage2,0,0.24970057606697083,0.39818522334098816,0.0,0.24970057606697083,0.0001,1e-05,50.331,4.5078,0.6331
2302,stage2,0,0.2447708547115326,0.4268365204334259,0.0,0.2447708547115326,0.0001,1e-05,50.327,3.4378,0.6331
2303,stage2,0,0.23053228855133057,0.41665276885032654,0.0,0.23053228855133057,0.0001,1e-05,50.329,4.6887,0.6338
2304,stage2,0,0.2165503203868866,0.4027382731437683,0.0,0.2165503203868866,0.0001,1e-05,50.335,3.5978,0.6342
2305,stage2,0,0.27116987109184265,0.3987620174884796,0.0,0.27116987109184265,0.0001,1e-05,50.331,5.1069,0.6347
2306,stage2,0,0.22258882224559784,0.40853700041770935,0.0,0.22258882224559784,0.0001,1e-05,50.33,3.565,2.025
2307,stage2,0,0.24410653114318848,0.40479207038879395,0.0,0.24410653114318848,0.0001,1e-05,50.332,3.9397,0.6338
2308,stage2,0,0.27797502279281616,0.41521793603897095,0.0,0.27797502279281616,0.0001,1e-05,50.333,5.0726,2.3712
2309,stage2,0,0.21547208726406097,0.4061126112937927,0.0,0.21547208726406097,0.0001,1e-05,50.33,3.8433,0.6336
2310,stage2,0,0.22862835228443146,0.4094487428665161,0.0,0.22862835228443146,0.0001,1e-05,50.33,4.0903,0.6336
2311,stage2,0,0.27246055006980896,0.41411539912223816,0.0,0.27246055006980896,0.0001,1e-05,50.33,4.4324,0.6342
2312,stage2,0,0.22089263796806335,0.35773220658302307,0.0,0.22089263796806335,0.0001,1e-05,50.331,2.9553,0.6339
2313,stage2,0,0.24566085636615753,0.39698493480682373,0.0,0.24566085636615753,0.0001,1e-05,50.333,3.3261,0.6346
2314,stage2,0,0.2480493187904358,0.4149712920188904,0.0,0.2480493187904358,0.0001,1e-05,50.331,4.3141,1.9062
2315,stage2,0,0.21972359716892242,0.3858624994754791,0.0,0.21972359716892242,0.0001,1e-05,50.328,3.279,0.6337
2316,stage2,0,0.2788238525390625,0.41693413257598877,0.0,0.2788238525390625,0.0001,1e-05,50.33,4.3097,2.4473
2317,stage2,0,0.2465612143278122,0.38927483558654785,0.0,0.2465612143278122,0.0001,1e-05,50.33,3.2636,0.6336
2318,stage2,0,0.2373320311307907,0.40525227785110474,0.0,0.2373320311307907,0.0001,1e-05,50.334,3.9941,0.6329
2319,stage2,0,0.19694392383098602,0.36087262630462646,0.0,0.19694392383098602,0.0001,1e-05,50.33,2.7953,0.6335
2320,stage2,0,0.265445739030838,0.4189692437648773,0.0,0.265445739030838,0.0001,1e-05,50.332,4.1656,0.6339
2321,stage2,0,0.23970988392829895,0.4148551821708679,0.0,0.23970988392829895,0.0001,1e-05,50.329,4.8237,0.6348
2322,stage2,0,0.24855317175388336,0.415993869304657,0.0,0.24855317175388336,0.0001,1e-05,50.334,3.9106,1.8578
2323,stage2,0,0.2366689294576645,0.3952849209308624,0.0,0.2366689294576645,0.0001,1e-05,50.33,3.3668,0.6341
2324,stage2,0,0.25650855898857117,0.39957281947135925,0.0,0.25650855898857117,0.0001,1e-05,50.33,4.1822,2.4461
2325,stage2,0,0.26544660329818726,0.42213982343673706,0.0,0.26544660329818726,0.0001,1e-05,50.329,4.4099,0.6332
2326,stage2,0,0.29742687940597534,0.44627517461776733,0.0,0.29742687940597534,0.0001,1e-05,50.332,5.0853,0.6338
2327,stage2,0,0.21780042350292206,0.39430761337280273,0.0,0.21780042350292206,0.0001,1e-05,50.326,4.5422,0.6348
2328,stage2,0,0.1974184364080429,0.42516136169433594,0.0,0.1974184364080429,0.0001,1e-05,50.328,4.008,0.634
2329,stage2,0,0.2238466739654541,0.4174744784832001,0.0,0.2238466739654541,0.0001,1e-05,50.33,5.9559,0.6345
2330,stage2,0,0.24816742539405823,0.41340816020965576,0.0,0.24816742539405823,0.0001,1e-05,50.333,4.025,1.8646
2331,stage2,0,0.24239565432071686,0.4011997580528259,0.0,0.24239565432071686,0.0001,1e-05,50.327,4.5312,0.6341
2332,stage2,0,0.218300923705101,0.39617547392845154,0.0,0.218300923705101,0.0001,1e-05,50.329,4.1026,2.4438
2333,stage2,0,0.26289159059524536,0.413091242313385,0.0,0.26289159059524536,0.0001,1e-05,50.327,3.8566,0.6331
2334,stage2,0,0.2410888522863388,0.42533692717552185,0.0,0.2410888522863388,0.0001,1e-05,50.33,4.0486,0.6341
2335,stage2,0,0.24885256588459015,0.4344426989555359,0.0,0.24885256588459015,0.0001,1e-05,50.328,4.0936,0.6339
2336,stage2,0,0.1973801553249359,0.40759411454200745,0.0,0.1973801553249359,0.0001,1e-05,50.33,4.5485,0.6345
2337,stage2,0,0.2782840430736542,0.4205441474914551,0.0,0.2782840430736542,0.0001,1e-05,50.327,5.0896,0.6349
2338,stage2,0,0.22163639962673187,0.3977605700492859,0.0,0.22163639962673187,0.0001,1e-05,50.329,4.1795,1.8823
2339,stage2,0,0.23402342200279236,0.4262474775314331,0.0,0.23402342200279236,0.0001,1e-05,50.33,3.7824,0.6348
2340,stage2,0,0.2542489767074585,0.452147513628006,0.0,0.2542489767074585,0.0001,1e-05,50.329,4.3643,2.504
2341,stage2,0,0.2250577211380005,0.4521383047103882,0.0,0.2250577211380005,0.0001,1e-05,50.329,3.2105,0.6334
2342,stage2,0,0.26916927099227905,0.4152396023273468,0.0,0.26916927099227905,0.0001,1e-05,50.327,4.9914,0.6337
2343,stage2,0,0.27969351410865784,0.42964228987693787,0.0,0.27969351410865784,0.0001,1e-05,50.325,4.1683,0.6344
2344,stage2,0,0.25106069445610046,0.4086724817752838,0.0,0.25106069445610046,0.0001,1e-05,50.326,4.2663,0.6346
2345,stage2,0,0.22689633071422577,0.4372095763683319,0.0,0.22689633071422577,0.0001,1e-05,50.324,4.2736,0.6349
2346,stage2,0,0.21782052516937256,0.41145023703575134,0.0,0.21782052516937256,0.0001,1e-05,50.331,3.9245,2.0724
2347,stage2,0,0.27407965064048767,0.4440308213233948,0.0,0.27407965064048767,0.0001,1e-05,50.33,3.6038,0.6344
2348,stage2,0,0.2526935636997223,0.4117142856121063,0.0,0.2526935636997223,0.0001,1e-05,50.331,3.7858,2.3471
2349,stage2,0,0.2598562240600586,0.40300896763801575,0.0,0.2598562240600586,0.0001,1e-05,50.332,4.3825,0.6327
2350,stage2,0,0.2443130612373352,0.4163907766342163,0.0,0.2443130612373352,0.0001,1e-05,50.328,3.9611,0.6343
2351,stage2,0,0.23984050750732422,0.3974229693412781,0.0,0.23984050750732422,0.0001,1e-05,50.331,5.2459,0.6339
2352,stage2,0,0.21983946859836578,0.3856116235256195,0.0,0.21983946859836578,0.0001,1e-05,50.329,3.954,0.6344
2353,stage2,0,0.19902896881103516,0.3766985833644867,0.0,0.19902896881103516,0.0001,1e-05,50.33,3.3545,0.6359
2354,stage2,0,0.23450949788093567,0.42119380831718445,0.0,0.23450949788093567,0.0001,1e-05,50.327,3.7782,2.0966
2355,stage2,0,0.21594691276550293,0.38569650053977966,0.0,0.21594691276550293,0.0001,1e-05,50.327,3.5835,0.6347
2356,stage2,0,0.23623113334178925,0.4170478582382202,0.0,0.23623113334178925,0.0001,1e-05,50.335,4.3206,2.5445
2357,stage2,0,0.2125043272972107,0.39457300305366516,0.0,0.2125043272972107,0.0001,1e-05,50.331,4.3054,0.6338
2358,stage2,0,0.2700570225715637,0.40626558661460876,0.0,0.2700570225715637,0.0001,1e-05,50.331,4.9237,0.6343
2359,stage2,0,0.21766126155853271,0.3911176323890686,0.0,0.21766126155853271,0.0001,1e-05,50.334,3.9561,0.6344
2360,stage2,0,0.24025242030620575,0.377210795879364,0.0,0.24025242030620575,0.0001,1e-05,50.326,4.0657,0.6344
2361,stage2,0,0.24444103240966797,0.39157503843307495,0.0,0.24444103240966797,0.0001,1e-05,50.33,4.75,0.6355
2362,stage2,0,0.2627268135547638,0.3981468975543976,0.0,0.2627268135547638,0.0001,1e-05,50.329,5.1412,1.824
2363,stage2,0,0.25192543864250183,0.4292522966861725,0.0,0.25192543864250183,0.0001,1e-05,50.329,4.7623,0.6344
2364,stage2,0,0.23689010739326477,0.4079880118370056,0.0,0.23689010739326477,0.0001,1e-05,50.328,3.7111,2.5779
2365,stage2,0,0.23185794055461884,0.4001012444496155,0.0,0.23185794055461884,0.0001,1e-05,50.33,4.1557,0.6337
2366,stage2,0,0.18034148216247559,0.3754154443740845,0.0,0.18034148216247559,0.0001,1e-05,50.329,3.5995,0.6343
2367,stage2,0,0.2322654128074646,0.43990764021873474,0.0,0.2322654128074646,0.0001,1e-05,50.332,3.6223,0.6343
2368,stage2,0,0.23159657418727875,0.4066654145717621,0.0,0.23159657418727875,0.0001,1e-05,50.33,3.9343,0.6345
2369,stage2,0,0.252747118473053,0.39715775847435,0.0,0.252747118473053,0.0001,1e-05,50.329,3.6445,0.6348
2370,stage2,0,0.2508469223976135,0.4220488965511322,0.0,0.2508469223976135,0.0001,1e-05,50.333,3.8242,1.8016
2371,stage2,0,0.23849321901798248,0.4117172956466675,0.0,0.23849321901798248,0.0001,1e-05,50.333,3.7357,0.634
2372,stage2,0,0.24273626506328583,0.4085010588169098,0.0,0.24273626506328583,0.0001,1e-05,50.324,4.1421,2.6481
2373,stage2,0,0.25180941820144653,0.38241857290267944,0.0,0.25180941820144653,0.0001,1e-05,50.332,4.2424,0.633
2374,stage2,0,0.1872791200876236,0.39001592993736267,0.0,0.1872791200876236,0.0001,1e-05,50.333,3.9337,0.6342
2375,stage2,0,0.2375052124261856,0.4068150520324707,0.0,0.2375052124261856,0.0001,1e-05,50.333,3.6218,0.6337
2376,stage2,0,0.24177809059619904,0.39671269059181213,0.0,0.24177809059619904,0.0001,1e-05,50.328,4.4396,0.6339
2377,stage2,0,0.2681303322315216,0.434719055891037,0.0,0.2681303322315216,0.0001,1e-05,50.332,4.8168,0.635
2378,stage2,0,0.2110735923051834,0.3744947612285614,0.0,0.2110735923051834,0.0001,1e-05,50.333,3.0829,1.7419
2379,stage2,0,0.23867134749889374,0.4368691146373749,0.0,0.23867134749889374,0.0001,1e-05,50.332,5.3537,0.6345
2380,stage2,0,0.25896134972572327,0.411847323179245,0.0,0.25896134972572327,0.0001,1e-05,50.328,4.1714,2.6967
2381,stage2,0,0.1934804767370224,0.36901456117630005,0.0,0.1934804767370224,0.0001,1e-05,50.33,3.2436,0.6332
2382,stage2,0,0.23978698253631592,0.4092191457748413,0.0,0.23978698253631592,0.0001,1e-05,50.329,3.9516,0.6334
2383,stage2,0,0.19950439035892487,0.3859787881374359,0.0,0.19950439035892487,0.0001,1e-05,50.325,3.6023,0.6347
2384,stage2,0,0.23926818370819092,0.38401123881340027,0.0,0.23926818370819092,0.0001,1e-05,50.333,4.2191,0.6343
2385,stage2,0,0.23516471683979034,0.4026894271373749,0.0,0.23516471683979034,0.0001,1e-05,50.332,3.4404,0.635
2386,stage2,0,0.2383788526058197,0.4220929443836212,0.0,0.2383788526058197,0.0001,1e-05,50.332,3.7907,1.7461
2387,stage2,0,0.20488955080509186,0.394398033618927,0.0,0.20488955080509186,0.0001,1e-05,50.334,3.4583,0.6339
2388,stage2,0,0.24721354246139526,0.38550665974617004,0.0,0.24721354246139526,0.0001,1e-05,50.329,4.0104,2.7124
2389,stage2,0,0.2617567181587219,0.4128212034702301,0.0,0.2617567181587219,0.0001,1e-05,50.325,3.9063,0.6329
2390,stage2,0,0.24505040049552917,0.3913080394268036,0.0,0.24505040049552917,0.0001,1e-05,50.331,3.9865,0.6333
2391,stage2,0,0.21363992989063263,0.4099774956703186,0.0,0.21363992989063263,0.0001,1e-05,50.331,3.8691,0.6337
2392,stage2,0,0.2721579670906067,0.4480098485946655,0.0,0.2721579670906067,0.0001,1e-05,50.333,4.9169,0.6345
2393,stage2,0,0.20820391178131104,0.3890860378742218,0.0,0.20820391178131104,0.0001,1e-05,50.33,3.4078,0.6349
2394,stage2,0,0.2892918288707733,0.42046552896499634,0.0,0.2892918288707733,0.0001,1e-05,50.327,7.4181,1.6511
2395,stage2,0,0.20498423278331757,0.40068456530570984,0.0,0.20498423278331757,0.0001,1e-05,50.328,4.2163,0.6345
2396,stage2,0,0.27082884311676025,0.45641204714775085,0.0,0.27082884311676025,0.0001,1e-05,50.327,4.5797,2.7605
2397,stage2,0,0.28859850764274597,0.41433948278427124,0.0,0.28859850764274597,0.0001,1e-05,50.328,5.2146,0.6334
2398,stage2,0,0.21853283047676086,0.34973591566085815,0.0,0.21853283047676086,0.0001,1e-05,50.327,4.1296,0.6339
2399,stage2,0,0.19281935691833496,0.40034133195877075,0.0,0.19281935691833496,0.0001,1e-05,50.328,3.3825,0.6342
2400,stage2,0,0.26319506764411926,0.41256317496299744,0.0,0.26319506764411926,0.0001,1e-05,50.33,3.5735,0.6344
2401,stage2,0,0.2292388379573822,0.39212048053741455,0.0,0.2292388379573822,0.0001,1e-05,50.328,4.3488,0.6352
2402,stage2,0,0.2516631782054901,0.42189469933509827,0.0,0.2516631782054901,0.0001,1e-05,50.329,4.3788,1.6464
2403,stage2,0,0.21392418444156647,0.40036922693252563,0.0,0.21392418444156647,0.0001,1e-05,50.335,3.9721,0.6339
2404,stage2,0,0.215401291847229,0.39033475518226624,0.0,0.215401291847229,0.0001,1e-05,50.333,3.3708,2.7434
2405,stage2,0,0.24426016211509705,0.4050016403198242,0.0,0.24426016211509705,0.0001,1e-05,50.331,4.7302,0.6332
2406,stage2,0,0.24187834560871124,0.422454833984375,0.0,0.24187834560871124,0.0001,1e-05,50.33,5.1339,0.634
2407,stage2,0,0.19030874967575073,0.3682349622249603,0.0,0.19030874967575073,0.0001,1e-05,50.33,3.6859,0.6344
2408,stage2,0,0.24360163509845734,0.4173583984375,0.0,0.24360163509845734,0.0001,1e-05,50.331,4.0116,0.6344
2409,stage2,0,0.21969987452030182,0.4090006351470947,0.0,0.21969987452030182,0.0001,1e-05,50.329,3.8567,0.6351
2410,stage2,0,0.23455581068992615,0.4148767590522766,0.0,0.23455581068992615,0.0001,1e-05,50.333,5.1557,1.6704
2411,stage2,0,0.1850316822528839,0.3892553448677063,0.0,0.1850316822528839,0.0001,1e-05,50.329,2.5233,0.6341
2412,stage2,0,0.2222151756286621,0.384306401014328,0.0,0.2222151756286621,0.0001,1e-05,50.333,3.5628,2.744
2413,stage2,0,0.22772781550884247,0.4036688804626465,0.0,0.22772781550884247,0.0001,1e-05,50.33,5.2111,0.6334
2414,stage2,0,0.24405668675899506,0.4052528440952301,0.0,0.24405668675899506,0.0001,1e-05,50.331,4.2631,0.6335
2415,stage2,0,0.23261907696723938,0.3991696238517761,0.0,0.23261907696723938,0.0001,1e-05,50.333,4.8036,0.6342
2416,stage2,0,0.2878427803516388,0.4374932646751404,0.0,0.2878427803516388,0.0001,1e-05,50.333,3.9852,0.6348
2417,stage2,0,0.2370528131723404,0.40051525831222534,0.0,0.2370528131723404,0.0001,1e-05,50.332,4.2455,0.6352
2418,stage2,0,0.23993149399757385,0.39230877161026,0.0,0.23993149399757385,0.0001,1e-05,50.333,4.192,1.609
2419,stage2,0,0.2513970732688904,0.39583858847618103,0.0,0.2513970732688904,0.0001,1e-05,50.335,4.7046,0.6342
2420,stage2,0,0.24828656017780304,0.42711228132247925,0.0,0.24828656017780304,0.0001,1e-05,50.335,4.2736,2.8056
2421,stage2,0,0.18707560002803802,0.4036377966403961,0.0,0.18707560002803802,0.0001,1e-05,50.326,2.9933,0.6332
2422,stage2,0,0.2051248848438263,0.3961668312549591,0.0,0.2051248848438263,0.0001,1e-05,50.334,3.4602,0.6332
2423,stage2,0,0.1938357800245285,0.37898358702659607,0.0,0.1938357800245285,0.0001,1e-05,50.331,4.3802,0.6336
2424,stage2,0,0.2118651270866394,0.4088479280471802,0.0,0.2118651270866394,0.0001,1e-05,50.33,3.516,0.6344
2425,stage2,0,0.24037258327007294,0.4193374514579773,0.0,0.24037258327007294,0.0001,1e-05,50.33,4.0521,0.6346
2426,stage2,0,0.2354942113161087,0.3909662365913391,0.0,0.2354942113161087,0.0001,1e-05,50.331,3.5532,1.5086
2427,stage2,0,0.20264852046966553,0.39296606183052063,0.0,0.20264852046966553,0.0001,1e-05,50.331,3.3604,0.6349
2428,stage2,0,0.25930994749069214,0.41617801785469055,0.0,0.25930994749069214,0.0001,1e-05,50.333,5.961,2.8574
2429,stage2,0,0.2741260230541229,0.4110335409641266,0.0,0.2741260230541229,0.0001,1e-05,50.329,4.3944,0.6333
2430,stage2,0,0.24947811663150787,0.40421196818351746,0.0,0.24947811663150787,0.0001,1e-05,50.329,5.0084,0.6332
2431,stage2,0,0.258951872587204,0.3911976218223572,0.0,0.258951872587204,0.0001,1e-05,50.326,4.8539,0.634
2432,stage2,0,0.21288099884986877,0.3935571610927582,0.0,0.21288099884986877,0.0001,1e-05,50.329,4.2361,0.635
2433,stage2,0,0.1908015012741089,0.39336007833480835,0.0,0.1908015012741089,0.0001,1e-05,50.331,3.507,0.635
2434,stage2,0,0.2568076550960541,0.4030090570449829,0.0,0.2568076550960541,0.0001,1e-05,50.33,5.764,1.5181
2435,stage2,0,0.2149723321199417,0.3912164270877838,0.0,0.2149723321199417,0.0001,1e-05,50.331,4.357,0.634
2436,stage2,0,0.24871505796909332,0.41152262687683105,0.0,0.24871505796909332,0.0001,1e-05,50.332,3.7634,2.9007
2437,stage2,0,0.23382681608200073,0.40569230914115906,0.0,0.23382681608200073,0.0001,1e-05,50.331,3.7064,0.634
2438,stage2,0,0.2374667227268219,0.4378741681575775,0.0,0.2374667227268219,0.0001,1e-05,50.334,3.5607,0.6342
2439,stage2,0,0.2393442839384079,0.39625993371009827,0.0,0.2393442839384079,0.0001,1e-05,50.331,4.1727,0.634
2440,stage2,0,0.24259234964847565,0.42525514960289,0.0,0.24259234964847565,0.0001,1e-05,50.329,4.3043,0.6344
2441,stage2,0,0.23484501242637634,0.3904572129249573,0.0,0.23484501242637634,0.0001,1e-05,50.328,3.688,0.6356
2442,stage2,0,0.2237740308046341,0.3837291896343231,0.0,0.2237740308046341,0.0001,1e-05,50.332,4.3094,1.4581
2443,stage2,0,0.26954013109207153,0.4103584885597229,0.0,0.26954013109207153,0.0001,1e-05,50.329,3.869,0.6346
2444,stage2,0,0.23380176723003387,0.40968620777130127,0.0,0.23380176723003387,0.0001,1e-05,50.331,4.0696,2.9398
2445,stage2,0,0.22952976822853088,0.40387868881225586,0.0,0.22952976822853088,0.0001,1e-05,50.328,4.995,0.6333
2446,stage2,0,0.2540944516658783,0.40131038427352905,0.0,0.2540944516658783,0.0001,1e-05,50.333,4.6669,0.6332
2447,stage2,0,0.2892904281616211,0.41810673475265503,0.0,0.2892904281616211,0.0001,1e-05,50.334,5.2055,0.6338
2448,stage2,0,0.22953583300113678,0.4153307378292084,0.0,0.22953583300113678,0.0001,1e-05,50.335,3.4917,0.6349
2449,stage2,0,0.23998405039310455,0.41004765033721924,0.0,0.23998405039310455,0.0001,1e-05,50.333,4.5041,0.6354
2450,stage2,0,0.2639979124069214,0.39179179072380066,0.0,0.2639979124069214,0.0001,1e-05,50.333,4.7624,1.4244
2451,stage2,0,0.2146773338317871,0.4171895980834961,0.0,0.2146773338317871,0.0001,1e-05,50.334,4.6058,0.6347
2452,stage2,0,0.23234587907791138,0.4141789972782135,0.0,0.23234587907791138,0.0001,1e-05,50.33,4.1526,2.9864
2453,stage2,0,0.22589993476867676,0.37448909878730774,0.0,0.22589993476867676,0.0001,1e-05,50.329,3.5487,0.6337
2454,stage2,0,0.21258582174777985,0.38953420519828796,0.0,0.21258582174777985,0.0001,1e-05,50.333,3.6222,0.6343
2455,stage2,0,0.21713568270206451,0.42205578088760376,0.0,0.21713568270206451,0.0001,1e-05,50.332,4.4913,0.6347
2456,stage2,0,0.2129482626914978,0.38742178678512573,0.0,0.2129482626914978,0.0001,1e-05,50.332,3.6458,0.6358
2457,stage2,0,0.24088719487190247,0.44461026787757874,0.0,0.24088719487190247,0.0001,1e-05,50.331,3.6632,0.6358
2458,stage2,0,0.22327589988708496,0.403626024723053,0.0,0.22327589988708496,0.0001,1e-05,50.326,4.5579,1.2675
2459,stage2,0,0.24417538940906525,0.4170285761356354,0.0,0.24417538940906525,0.0001,1e-05,50.333,5.4396,0.6354
2460,stage2,0,0.2615658938884735,0.40228694677352905,0.0,0.2615658938884735,0.0001,1e-05,50.331,4.5494,3.1397
2461,stage2,0,0.22391560673713684,0.39338231086730957,0.0,0.22391560673713684,0.0001,1e-05,50.332,3.6689,0.6345
2462,stage2,0,0.24086213111877441,0.3987712562084198,0.0,0.24086213111877441,0.0001,1e-05,50.334,3.5398,0.6343
2463,stage2,0,0.20971083641052246,0.38504084944725037,0.0,0.20971083641052246,0.0001,1e-05,50.331,4.2719,0.6346
2464,stage2,0,0.16842518746852875,0.38125237822532654,0.0,0.16842518746852875,0.0001,1e-05,50.331,3.3914,0.6352
2465,stage2,0,0.20890505611896515,0.39218103885650635,0.0,0.20890505611896515,0.0001,1e-05,50.331,4.5927,0.636
2466,stage2,0,0.25955262780189514,0.4014523923397064,0.0,0.25955262780189514,0.0001,1e-05,50.334,5.34,1.101
2467,stage2,0,0.20145577192306519,0.3691059350967407,0.0,0.20145577192306519,0.0001,1e-05,50.328,3.9315,0.6363
2468,stage2,0,0.24560098350048065,0.4121120572090149,0.0,0.24560098350048065,0.0001,1e-05,50.33,3.8422,3.1934
2469,stage2,0,0.24104948341846466,0.42928460240364075,0.0,0.24104948341846466,0.0001,1e-05,50.331,3.9876,0.6346
2470,stage2,0,0.22628319263458252,0.40791794657707214,0.0,0.22628319263458252,0.0001,1e-05,50.327,3.7487,0.6346
2471,stage2,0,0.23935221135616302,0.39740636944770813,0.0,0.23935221135616302,0.0001,1e-05,50.328,5.2019,0.6351
2472,stage2,0,0.2211061269044876,0.4174289405345917,0.0,0.2211061269044876,0.0001,1e-05,50.329,4.1649,0.6352
2473,stage2,0,0.24768850207328796,0.4121849834918976,0.0,0.24768850207328796,0.0001,1e-05,50.334,4.008,0.6357
2474,stage2,0,0.2046777307987213,0.4286053776741028,0.0,0.2046777307987213,0.0001,1e-05,50.33,4.3021,1.1114
2475,stage2,0,0.26226386427879333,0.4148031175136566,0.0,0.26226386427879333,0.0001,1e-05,50.331,4.7715,0.6356
2476,stage2,0,0.24958205223083496,0.4129363000392914,0.0,0.24958205223083496,0.0001,1e-05,50.33,4.6877,3.1673
2477,stage2,0,0.20528686046600342,0.4158824384212494,0.0,0.20528686046600342,0.0001,1e-05,50.332,3.6167,0.6341
2478,stage2,0,0.22481918334960938,0.412049800157547,0.0,0.22481918334960938,0.0001,1e-05,50.333,3.794,0.6343
2479,stage2,0,0.23418328166007996,0.3962453007698059,0.0,0.23418328166007996,0.0001,1e-05,50.334,5.3752,0.6349
2480,stage2,0,0.2618814706802368,0.41920313239097595,0.0,0.2618814706802368,0.0001,1e-05,50.333,4.4603,0.6354
2481,stage2,0,0.30608832836151123,0.4213019609451294,0.0,0.30608832836151123,0.0001,1e-05,50.333,6.1884,0.6361
2482,stage2,0,0.2320196032524109,0.4111458361148834,0.0,0.2320196032524109,0.0001,1e-05,50.33,3.9248,1.1599
2483,stage2,0,0.2406153827905655,0.39304399490356445,0.0,0.2406153827905655,0.0001,1e-05,50.33,4.0071,0.6356
2484,stage2,0,0.22485123574733734,0.38288748264312744,0.0,0.22485123574733734,0.0001,1e-05,50.327,3.5333,3.1317
2485,stage2,0,0.2554188370704651,0.4290233254432678,0.0,0.2554188370704651,0.0001,1e-05,50.327,5.0303,0.6345
2486,stage2,0,0.2262101173400879,0.39988264441490173,0.0,0.2262101173400879,0.0001,1e-05,50.327,3.8724,0.6353
2487,stage2,0,0.30193063616752625,0.4203314483165741,0.0,0.30193063616752625,0.0001,1e-05,50.328,4.4614,0.635
2488,stage2,0,0.23081929981708527,0.3957425355911255,0.0,0.23081929981708527,0.0001,1e-05,50.329,5.8276,0.6357
2489,stage2,0,0.21155333518981934,0.39240047335624695,0.0,0.21155333518981934,0.0001,1e-05,50.33,4.1983,0.6362
2490,stage2,0,0.26864951848983765,0.41654229164123535,0.0,0.26864951848983765,0.0001,1e-05,50.334,5.3519,1.2051
2491,stage2,0,0.23586300015449524,0.41639429330825806,0.0,0.23586300015449524,0.0001,1e-05,50.337,3.3264,0.6358
2492,stage2,0,0.20969949662685394,0.3826691508293152,0.0,0.20969949662685394,0.0001,1e-05,50.329,4.1583,3.1636
2493,stage2,0,0.25266146659851074,0.4123086929321289,0.0,0.25266146659851074,0.0001,1e-05,50.332,4.1615,0.6347
2494,stage2,0,0.22587139904499054,0.3823198974132538,0.0,0.22587139904499054,0.0001,1e-05,50.332,3.6426,0.6349
2495,stage2,0,0.2594243288040161,0.4193198084831238,0.0,0.2594243288040161,0.0001,1e-05,50.33,4.8965,0.6357
2496,stage2,0,0.24263177812099457,0.40607649087905884,0.0,0.24263177812099457,0.0001,1e-05,50.332,5.6143,0.6364
2497,stage2,0,0.24518626928329468,0.4018627405166626,0.0,0.24518626928329468,0.0001,1e-05,50.331,3.9943,0.6361
2498,stage2,0,0.2145170122385025,0.4265994131565094,0.0,0.2145170122385025,0.0001,1e-05,50.33,4.2182,1.2986
2499,stage2,0,0.22443687915802002,0.3985609710216522,0.0,0.22443687915802002,0.0001,1e-05,50.33,3.7008,0.6363
2500,stage2,0,0.23982550203800201,0.38774174451828003,0.0,0.23982550203800201,0.0001,1e-05,50.33,4.0628,3.1113
2501,stage2,0,0.23544976115226746,0.41159185767173767,0.0,0.23544976115226746,0.0001,1e-05,50.327,4.283,0.6343
2502,stage2,0,0.23566047847270966,0.3826296925544739,0.0,0.23566047847270966,0.0001,1e-05,50.33,4.3789,0.6352
2503,stage2,0,0.2392580509185791,0.392871618270874,0.0,0.2392580509185791,0.0001,1e-05,50.331,4.3099,0.6354
2504,stage2,0,0.23033060133457184,0.3841882348060608,0.0,0.23033060133457184,0.0001,1e-05,50.33,4.277,0.6361
2505,stage2,0,0.20139460265636444,0.3999592661857605,0.0,0.20139460265636444,0.0001,1e-05,50.331,3.8329,0.6363
2506,stage2,0,0.21992848813533783,0.39516693353652954,0.0,0.21992848813533783,0.0001,1e-05,50.332,4.3916,1.3116
2507,stage2,0,0.19541849195957184,0.3950885832309723,0.0,0.19541849195957184,0.0001,1e-05,50.329,3.8674,0.6355
2508,stage2,0,0.2027270495891571,0.3870987892150879,0.0,0.2027270495891571,0.0001,1e-05,50.332,4.5884,3.0609
2509,stage2,0,0.2735845744609833,0.4131053686141968,0.0,0.2735845744609833,0.0001,1e-05,50.33,4.2839,0.6346
2510,stage2,0,0.20180664956569672,0.39941635727882385,0.0,0.20180664956569672,0.0001,1e-05,50.33,3.6747,0.635
2511,stage2,0,0.29430198669433594,0.4488826394081116,0.0,0.29430198669433594,0.0001,1e-05,50.329,4.524,0.6351
2512,stage2,0,0.213054820895195,0.386948823928833,0.0,0.213054820895195,0.0001,1e-05,50.33,3.6138,0.6353
2513,stage2,0,0.24301636219024658,0.39663010835647583,0.0,0.24301636219024658,0.0001,1e-05,50.332,3.7404,0.6357
2514,stage2,0,0.29775458574295044,0.41298961639404297,0.0,0.29775458574295044,0.0001,1e-05,50.33,5.0279,1.314
2515,stage2,0,0.18525399267673492,0.3886556923389435,0.0,0.18525399267673492,0.0001,1e-05,50.331,3.3368,0.6362
2516,stage2,0,0.18850159645080566,0.3993596136569977,0.0,0.18850159645080566,0.0001,1e-05,50.33,3.6133,2.9534
2517,stage2,0,0.25483566522598267,0.4002077579498291,0.0,0.25483566522598267,0.0001,1e-05,50.329,4.0863,0.6342
2518,stage2,0,0.2207026183605194,0.4195803105831146,0.0,0.2207026183605194,0.0001,1e-05,50.332,3.7165,0.6347
2519,stage2,0,0.27107056975364685,0.38996249437332153,0.0,0.27107056975364685,0.0001,1e-05,50.329,4.8152,0.6355
2520,stage2,0,0.23909685015678406,0.41635289788246155,0.0,0.23909685015678406,0.0001,1e-05,50.33,4.0227,0.6358
2521,stage2,0,0.2541348338127136,0.42241615056991577,0.0,0.2541348338127136,0.0001,1e-05,50.334,5.0607,0.6356
2522,stage2,0,0.21109147369861603,0.43217507004737854,0.0,0.21109147369861603,0.0001,1e-05,50.329,3.9358,1.3599
2523,stage2,0,0.2548714280128479,0.4173683822154999,0.0,0.2548714280128479,0.0001,1e-05,50.329,4.2549,0.6355
2524,stage2,0,0.22822372615337372,0.41260242462158203,0.0,0.22822372615337372,0.0001,1e-05,50.33,5.2712,3.0096
2525,stage2,0,0.20195192098617554,0.3655933737754822,0.0,0.20195192098617554,0.0001,1e-05,50.33,3.6653,0.6342
2526,stage2,0,0.22473379969596863,0.4622481167316437,0.0,0.22473379969596863,0.0001,1e-05,50.33,4.5181,0.6348
2527,stage2,0,0.22130121290683746,0.3852173089981079,0.0,0.22130121290683746,0.0001,1e-05,50.33,4.1183,0.6351
2528,stage2,0,0.23272891342639923,0.3831772804260254,0.0,0.23272891342639923,0.0001,1e-05,50.33,5.0034,0.6349
2529,stage2,0,0.23367127776145935,0.37704572081565857,0.0,0.23367127776145935,0.0001,1e-05,50.326,3.7787,0.6357
2530,stage2,0,0.24011732637882233,0.4164133369922638,0.0,0.24011732637882233,0.0001,1e-05,50.333,3.4732,1.3779
2531,stage2,0,0.22768279910087585,0.4159514009952545,0.0,0.22768279910087585,0.0001,1e-05,50.331,4.5318,0.6356
2532,stage2,0,0.2510993182659149,0.4054858982563019,0.0,0.2510993182659149,0.0001,1e-05,50.333,4.1055,3.062
2533,stage2,0,0.22241440415382385,0.4300592839717865,0.0,0.22241440415382385,0.0001,1e-05,50.332,4.5043,0.6342
2534,stage2,0,0.23223857581615448,0.38640373945236206,0.0,0.23223857581615448,0.0001,1e-05,50.329,5.1761,0.6346
2535,stage2,0,0.2265152633190155,0.3847762942314148,0.0,0.2265152633190155,0.0001,1e-05,50.33,4.2587,0.6353
2536,stage2,0,0.204063281416893,0.42640048265457153,0.0,0.204063281416893,0.0001,1e-05,50.328,3.556,0.6354
2537,stage2,0,0.20702245831489563,0.4033135175704956,0.0,0.20702245831489563,0.0001,1e-05,50.331,4.93,0.6356
2538,stage2,0,0.23835265636444092,0.3926599621772766,0.0,0.23835265636444092,0.0001,1e-05,50.327,4.0523,1.3722
2539,stage2,0,0.2572690546512604,0.4287179708480835,0.0,0.2572690546512604,0.0001,1e-05,50.332,5.4288,0.6357
2540,stage2,0,0.22052623331546783,0.3782252073287964,0.0,0.22052623331546783,0.0001,1e-05,50.331,4.0582,3.0793
2541,stage2,0,0.19235731661319733,0.3664105534553528,0.0,0.19235731661319733,0.0001,1e-05,50.33,4.6342,0.634
2542,stage2,0,0.20118507742881775,0.39932286739349365,0.0,0.20118507742881775,0.0001,1e-05,50.331,3.6753,0.6341
2543,stage2,0,0.24300290644168854,0.4081346094608307,0.0,0.24300290644168854,0.0001,1e-05,50.329,3.4857,0.635
2544,stage2,0,0.19172120094299316,0.3838668167591095,0.0,0.19172120094299316,0.0001,1e-05,50.33,3.3295,0.6354
2545,stage2,0,0.19909843802452087,0.3576033413410187,0.0,0.19909843802452087,0.0001,1e-05,50.329,3.837,0.6353
2546,stage2,0,0.2090035378932953,0.37139201164245605,0.0,0.2090035378932953,0.0001,1e-05,50.327,4.297,1.4054
2547,stage2,0,0.20291538536548615,0.3718923330307007,0.0,0.20291538536548615,0.0001,1e-05,50.333,3.3946,0.6348
2548,stage2,0,0.26333093643188477,0.41162416338920593,0.0,0.26333093643188477,0.0001,1e-05,50.329,4.2426,2.9601
2549,stage2,0,0.21558678150177002,0.37337127327919006,0.0,0.21558678150177002,0.0001,1e-05,50.33,4.5722,0.6343
2550,stage2,0,0.18240292370319366,0.3626057505607605,0.0,0.18240292370319366,0.0001,1e-05,50.329,3.742,0.6347
2551,stage2,0,0.19926007091999054,0.3654930293560028,0.0,0.19926007091999054,0.0001,1e-05,50.336,3.7918,0.6357
2552,stage2,0,0.19168806076049805,0.3797764182090759,0.0,0.19168806076049805,0.0001,1e-05,50.335,3.9544,0.6356
2553,stage2,0,0.18758852779865265,0.37764084339141846,0.0,0.18758852779865265,0.0001,1e-05,50.337,3.2403,0.636
2554,stage2,0,0.218947634100914,0.3949371576309204,0.0,0.218947634100914,0.0001,1e-05,50.334,4.7416,1.4384
2555,stage2,0,0.24310322105884552,0.4153118431568146,0.0,0.24310322105884552,0.0001,1e-05,50.329,4.4687,0.6365
2556,stage2,0,0.269888699054718,0.4117901027202606,0.0,0.269888699054718,0.0001,1e-05,50.331,4.4418,2.9084
2557,stage2,0,0.22074514627456665,0.375135213136673,0.0,0.22074514627456665,0.0001,1e-05,50.33,4.174,0.635
2558,stage2,0,0.20430061221122742,0.41012248396873474,0.0,0.20430061221122742,0.0001,1e-05,50.33,4.1025,0.6345
2559,stage2,0,0.24392251670360565,0.38462600111961365,0.0,0.24392251670360565,0.0001,1e-05,50.33,4.4147,0.6352
2560,stage2,0,0.23708370327949524,0.38362908363342285,0.0,0.23708370327949524,0.0001,1e-05,50.332,4.7767,0.6352
2561,stage2,0,0.26494041085243225,0.3945687413215637,0.0,0.26494041085243225,0.0001,1e-05,50.329,5.631,0.6365
2562,stage2,0,0.24674955010414124,0.4006504416465759,0.0,0.24674955010414124,0.0001,1e-05,50.334,4.2963,1.5133
2563,stage2,0,0.20174306631088257,0.37331467866897583,0.0,0.20174306631088257,0.0001,1e-05,50.329,4.2803,0.6304
2564,stage2,0,0.23483805358409882,0.4051057994365692,0.0,0.23483805358409882,0.0001,1e-05,50.334,3.5386,2.9097
2565,stage2,0,0.22230009734630585,0.4162178635597229,0.0,0.22230009734630585,0.0001,1e-05,50.33,4.688,0.634
2566,stage2,0,0.22149740159511566,0.4204421043395996,0.0,0.22149740159511566,0.0001,1e-05,50.332,4.566,0.635
2567,stage2,0,0.2322550117969513,0.3835391402244568,0.0,0.2322550117969513,0.0001,1e-05,50.335,4.2331,0.6346
2568,stage2,0,0.1978294402360916,0.38570380210876465,0.0,0.1978294402360916,0.0001,1e-05,50.331,4.0476,0.6352
2569,stage2,0,0.24956052005290985,0.39651092886924744,0.0,0.24956052005290985,0.0001,1e-05,50.329,4.6949,0.6362
2570,stage2,0,0.2082676738500595,0.38922756910324097,0.0,0.2082676738500595,0.0001,1e-05,50.328,3.2503,1.4532
2571,stage2,0,0.2357051521539688,0.40869611501693726,0.0,0.2357051521539688,0.0001,1e-05,50.33,4.4525,0.6352
2572,stage2,0,0.2244255691766739,0.390178918838501,0.0,0.2244255691766739,0.0001,1e-05,50.331,4.3553,2.9712
2573,stage2,0,0.25621044635772705,0.432096928358078,0.0,0.25621044635772705,0.0001,1e-05,50.332,4.3293,0.6343
2574,stage2,0,0.23312431573867798,0.3825232982635498,0.0,0.23312431573867798,0.0001,1e-05,50.329,4.8098,0.6348
2575,stage2,0,0.2094677984714508,0.4149966239929199,0.0,0.2094677984714508,0.0001,1e-05,50.331,2.8975,0.6352
2576,stage2,0,0.19353334605693817,0.41536930203437805,0.0,0.19353334605693817,0.0001,1e-05,50.332,3.5229,0.6359
2577,stage2,0,0.23874498903751373,0.4598853290081024,0.0,0.23874498903751373,0.0001,1e-05,50.333,5.2201,0.6362
2578,stage2,0,0.2254464328289032,0.404556006193161,0.0,0.2254464328289032,0.0001,1e-05,50.33,4.3042,1.4383
2579,stage2,0,0.18961794674396515,0.37118691205978394,0.0,0.18961794674396515,0.0001,1e-05,50.335,4.3315,0.6357
2580,stage2,0,0.1953347623348236,0.3760433495044708,0.0,0.1953347623348236,0.0001,1e-05,50.329,3.4724,3.0368
2581,stage2,0,0.18928302824497223,0.4132477343082428,0.0,0.18928302824497223,0.0001,1e-05,50.333,3.8344,0.6344
2582,stage2,0,0.22023577988147736,0.3918904662132263,0.0,0.22023577988147736,0.0001,1e-05,50.333,5.0373,0.6346
2583,stage2,0,0.23559507727622986,0.40508517622947693,0.0,0.23559507727622986,0.0001,1e-05,50.333,4.0908,0.635
2584,stage2,0,0.21058031916618347,0.3886864483356476,0.0,0.21058031916618347,0.0001,1e-05,50.332,3.801,0.6352
2585,stage2,0,0.2042066901922226,0.4065887928009033,0.0,0.2042066901922226,0.0001,1e-05,50.328,4.0212,0.636
2586,stage2,0,0.2260231226682663,0.3815082311630249,0.0,0.2260231226682663,0.0001,1e-05,50.33,3.8482,1.3303
2587,stage2,0,0.19557207822799683,0.3873463273048401,0.0,0.19557207822799683,0.0001,1e-05,50.332,5.167,0.6352
2588,stage2,0,0.2287219613790512,0.4029162526130676,0.0,0.2287219613790512,0.0001,1e-05,50.331,4.7113,3.1463
2589,stage2,0,0.23814943432807922,0.3838704526424408,0.0,0.23814943432807922,0.0001,1e-05,50.334,4.8891,0.6339
2590,stage2,0,0.19769130647182465,0.3987254798412323,0.0,0.19769130647182465,0.0001,1e-05,50.331,3.2692,0.6347
2591,stage2,0,0.22101709246635437,0.3903484344482422,0.0,0.22101709246635437,0.0001,1e-05,50.331,4.7478,0.635
2592,stage2,0,0.24779976904392242,0.4193837642669678,0.0,0.24779976904392242,0.0001,1e-05,50.326,3.9302,0.6352
2593,stage2,0,0.1936330646276474,0.37044668197631836,0.0,0.1936330646276474,0.0001,1e-05,50.331,3.3698,0.6356
2594,stage2,0,0.24958083033561707,0.3776409327983856,0.0,0.24958083033561707,0.0001,1e-05,50.331,5.1615,1.1282
2595,stage2,0,0.20631112158298492,0.38652297854423523,0.0,0.20631112158298492,0.0001,1e-05,50.333,4.0038,0.6353
2596,stage2,0,0.20311886072158813,0.366152822971344,0.0,0.20311886072158813,0.0001,1e-05,50.331,3.549,3.2388
2597,stage2,0,0.1838289350271225,0.37806373834609985,0.0,0.1838289350271225,0.0001,1e-05,50.333,3.4818,0.634
2598,stage2,0,0.20628218352794647,0.385128378868103,0.0,0.20628218352794647,0.0001,1e-05,50.328,3.7382,0.6338
2599,stage2,0,0.22519588470458984,0.3956200182437897,0.0,0.22519588470458984,0.0001,1e-05,50.326,3.2726,0.635
2600,stage2,0,0.26223528385162354,0.42703092098236084,0.0,0.26223528385162354,0.0001,1e-05,50.331,5.1823,0.6397
2601,stage2,0,0.20924153923988342,0.3877851366996765,0.0,0.20924153923988342,0.0001,1e-05,50.332,4.5545,0.6354
2602,stage2,0,0.2604670524597168,0.3929319679737091,0.0,0.2604670524597168,0.0001,1e-05,50.331,5.924,1.1103
2603,stage2,0,0.1922072023153305,0.3849601745605469,0.0,0.1922072023153305,0.0001,1e-05,50.333,3.5652,0.6354
2604,stage2,0,0.20136284828186035,0.379893958568573,0.0,0.20136284828186035,0.0001,1e-05,50.331,3.5852,3.2949
2605,stage2,0,0.17796973884105682,0.35360443592071533,0.0,0.17796973884105682,0.0001,1e-05,50.333,3.1751,0.6348
2606,stage2,0,0.1918123960494995,0.3978828191757202,0.0,0.1918123960494995,0.0001,1e-05,50.332,4.1627,0.6346
2607,stage2,0,0.19578340649604797,0.40353140234947205,0.0,0.19578340649604797,0.0001,1e-05,50.331,3.6137,0.6349
2608,stage2,0,0.2442672848701477,0.3961845934391022,0.0,0.2442672848701477,0.0001,1e-05,50.332,3.8738,0.6351
2609,stage2,0,0.20732298493385315,0.40099841356277466,0.0,0.20732298493385315,0.0001,1e-05,50.332,4.2006,0.6355
2610,stage2,0,0.21911421418190002,0.38922515511512756,0.0,0.21911421418190002,0.0001,1e-05,50.328,4.0369,1.1546
2611,stage2,0,0.3013762831687927,0.424966037273407,0.0,0.3013762831687927,0.0001,1e-05,50.332,6.7504,0.6353
2612,stage2,0,0.20839469134807587,0.3830399811267853,0.0,0.20839469134807587,0.0001,1e-05,50.332,3.8912,3.1969
2613,stage2,0,0.1994917243719101,0.3764832615852356,0.0,0.1994917243719101,0.0001,1e-05,50.329,2.9732,0.6345
2614,stage2,0,0.2337847501039505,0.4068416357040405,0.0,0.2337847501039505,0.0001,1e-05,50.33,5.0207,0.6348
2615,stage2,0,0.19874529540538788,0.3790803551673889,0.0,0.19874529540538788,0.0001,1e-05,50.331,3.8731,0.6346
2616,stage2,0,0.18647417426109314,0.4038057327270508,0.0,0.18647417426109314,0.0001,1e-05,50.333,3.4208,0.6357
2617,stage2,0,0.2257625013589859,0.39289039373397827,0.0,0.2257625013589859,0.0001,1e-05,50.33,4.0238,0.6363
2618,stage2,0,0.21093308925628662,0.38113611936569214,0.0,0.21093308925628662,0.0001,1e-05,50.332,3.6568,1.1562
2619,stage2,0,0.21840299665927887,0.4034881889820099,0.0,0.21840299665927887,0.0001,1e-05,50.329,3.6113,0.6363
2620,stage2,0,0.2479812502861023,0.4148663282394409,0.0,0.2479812502861023,0.0001,1e-05,50.329,4.7969,3.2746
2621,stage2,0,0.21203157305717468,0.4076319932937622,0.0,0.21203157305717468,0.0001,1e-05,50.326,3.9932,0.634
2622,stage2,0,0.23165376484394073,0.3890751898288727,0.0,0.23165376484394073,0.0001,1e-05,50.331,4.3016,0.6343
2623,stage2,0,0.21814346313476562,0.3896400034427643,0.0,0.21814346313476562,0.0001,1e-05,50.33,3.9352,0.6344
2624,stage2,0,0.2160937786102295,0.38395729660987854,0.0,0.2160937786102295,0.0001,1e-05,50.33,3.0098,0.6356
2625,stage2,0,0.1954936534166336,0.3548855483531952,0.0,0.1954936534166336,0.0001,1e-05,50.33,3.8458,0.6353
2626,stage2,0,0.21079641580581665,0.3988596796989441,0.0,0.21079641580581665,0.0001,1e-05,50.329,3.8749,1.2003
2627,stage2,0,0.2157319039106369,0.39654412865638733,0.0,0.2157319039106369,0.0001,1e-05,50.332,4.521,0.6358
2628,stage2,0,0.1790284365415573,0.41318362951278687,0.0,0.1790284365415573,0.0001,1e-05,50.328,2.7223,3.2622
2629,stage2,0,0.22887980937957764,0.37704741954803467,0.0,0.22887980937957764,0.0001,1e-05,50.332,3.6286,0.6334
2630,stage2,0,0.22684969007968903,0.40072283148765564,0.0,0.22684969007968903,0.0001,1e-05,50.33,3.5503,0.6342
2631,stage2,0,0.21223174035549164,0.3902319371700287,0.0,0.21223174035549164,0.0001,1e-05,50.332,4.8008,0.635
2632,stage2,0,0.21426670253276825,0.38850799202919006,0.0,0.21426670253276825,0.0001,1e-05,50.33,3.9372,0.6358
2633,stage2,0,0.22402949631214142,0.3798421621322632,0.0,0.22402949631214142,0.0001,1e-05,50.331,4.7305,0.6352
2634,stage2,0,0.28632789850234985,0.4362296462059021,0.0,0.28632789850234985,0.0001,1e-05,50.333,5.9932,1.2048
2635,stage2,0,0.2438419610261917,0.4186711609363556,0.0,0.2438419610261917,0.0001,1e-05,50.333,4.3652,0.639
2636,stage2,0,0.19686099886894226,0.3722115755081177,0.0,0.19686099886894226,0.0001,1e-05,50.333,3.2102,3.1025
2637,stage2,0,0.19787244498729706,0.40104901790618896,0.0,0.19787244498729706,0.0001,1e-05,50.332,4.5302,0.6334
2638,stage2,0,0.20419937372207642,0.38760724663734436,0.0,0.20419937372207642,0.0001,1e-05,50.327,4.0935,0.6341
2639,stage2,0,0.22274519503116608,0.4028848707675934,0.0,0.22274519503116608,0.0001,1e-05,50.332,3.6392,0.6346
2640,stage2,0,0.21696828305721283,0.42137381434440613,0.0,0.21696828305721283,0.0001,1e-05,50.331,4.1991,0.6348
2641,stage2,0,0.22464552521705627,0.42850005626678467,0.0,0.22464552521705627,0.0001,1e-05,50.329,4.0713,0.6345
2642,stage2,0,0.18091663718223572,0.3871852159500122,0.0,0.18091663718223572,0.0001,1e-05,50.332,2.9128,1.2712
2643,stage2,0,0.1760738044977188,0.36176037788391113,0.0,0.1760738044977188,0.0001,1e-05,50.331,3.2887,0.6357
2644,stage2,0,0.1817813366651535,0.3696926236152649,0.0,0.1817813366651535,0.0001,1e-05,50.332,3.2267,3.072
2645,stage2,0,0.22406356036663055,0.40455162525177,0.0,0.22406356036663055,0.0001,1e-05,50.333,4.6753,0.6347
2646,stage2,0,0.23068292438983917,0.35326316952705383,0.0,0.23068292438983917,0.0001,1e-05,50.331,3.3952,0.6347
2647,stage2,0,0.1902751475572586,0.35793763399124146,0.0,0.1902751475572586,0.0001,1e-05,50.328,4.357,0.6398
2648,stage2,0,0.2927696704864502,0.4056340157985687,0.0,0.2927696704864502,0.0001,1e-05,50.327,4.7698,0.6307
2649,stage2,0,0.21626515686511993,0.4031023383140564,0.0,0.21626515686511993,0.0001,1e-05,50.332,5.3319,0.6365
2650,stage2,0,0.2267429232597351,0.3742730915546417,0.0,0.2267429232597351,0.0001,1e-05,50.335,3.8314,1.2844
2651,stage2,0,0.18712367117404938,0.3787209391593933,0.0,0.18712367117404938,0.0001,1e-05,50.332,3.5997,0.6358
2652,stage2,0,0.18738539516925812,0.38212552666664124,0.0,0.18738539516925812,0.0001,1e-05,50.331,3.4735,3.1483
2653,stage2,0,0.2069571614265442,0.39704233407974243,0.0,0.2069571614265442,0.0001,1e-05,50.332,3.8356,0.6342
2654,stage2,0,0.19029228389263153,0.36921757459640503,0.0,0.19029228389263153,0.0001,1e-05,50.333,3.7663,0.635
2655,stage2,0,0.24629248678684235,0.3998975157737732,0.0,0.24629248678684235,0.0001,1e-05,50.334,5.4881,0.6354
2656,stage2,0,0.20502787828445435,0.3771307170391083,0.0,0.20502787828445435,0.0001,1e-05,50.332,3.2536,0.6354
2657,stage2,0,0.226851686835289,0.38861700892448425,0.0,0.226851686835289,0.0001,1e-05,50.329,4.5729,0.6359
2658,stage2,0,0.2179098129272461,0.39388126134872437,0.0,0.2179098129272461,0.0001,1e-05,50.331,4.0147,1.3059
2659,stage2,0,0.21087518334388733,0.40042391419410706,0.0,0.21087518334388733,0.0001,1e-05,50.331,4.9295,0.6351
2660,stage2,0,0.17719876766204834,0.3916468024253845,0.0,0.17719876766204834,0.0001,1e-05,50.329,4.0104,3.203
2661,stage2,0,0.22592759132385254,0.39070525765419006,0.0,0.22592759132385254,0.0001,1e-05,50.33,5.202,0.6339
2662,stage2,0,0.1953093558549881,0.42396828532218933,0.0,0.1953093558549881,0.0001,1e-05,50.332,3.9643,0.6351
2663,stage2,0,0.22215402126312256,0.3759440779685974,0.0,0.22215402126312256,0.0001,1e-05,50.325,4.4296,0.6345
2664,stage2,0,0.24096307158470154,0.40912437438964844,0.0,0.24096307158470154,0.0001,1e-05,50.33,4.2996,0.6351
2665,stage2,0,0.2075067162513733,0.4035149812698364,0.0,0.2075067162513733,0.0001,1e-05,50.329,3.6964,0.6354
2666,stage2,0,0.2329472303390503,0.39324474334716797,0.0,0.2329472303390503,0.0001,1e-05,50.332,3.9643,1.2603
2667,stage2,0,0.2080487608909607,0.36761829257011414,0.0,0.2080487608909607,0.0001,1e-05,50.329,3.5995,0.6358
2668,stage2,0,0.23554788529872894,0.38181784749031067,0.0,0.23554788529872894,0.0001,1e-05,50.329,4.342,3.102
2669,stage2,0,0.20052260160446167,0.40128323435783386,0.0,0.20052260160446167,0.0001,1e-05,50.329,3.632,0.6337
2670,stage2,0,0.241292342543602,0.4034099280834198,0.0,0.241292342543602,0.0001,1e-05,50.328,4.0465,0.6345
2671,stage2,0,0.22142140567302704,0.4085547924041748,0.0,0.22142140567302704,0.0001,1e-05,50.333,4.2244,0.6346
2672,stage2,0,0.19143052399158478,0.3841007947921753,0.0,0.19143052399158478,0.0001,1e-05,50.33,4.1113,0.6349
2673,stage2,0,0.20702241361141205,0.35931476950645447,0.0,0.20702241361141205,0.0001,1e-05,50.326,3.4275,0.6359
2674,stage2,0,0.20767860114574432,0.3868096172809601,0.0,0.20767860114574432,0.0001,1e-05,50.329,4.5562,1.3055
2675,stage2,0,0.2242756336927414,0.3858264684677124,0.0,0.2242756336927414,0.0001,1e-05,50.335,4.6967,0.6323
2676,stage2,0,0.2261931449174881,0.3715863823890686,0.0,0.2261931449174881,0.0001,1e-05,50.332,4.9601,3.1265
2677,stage2,0,0.18586790561676025,0.34715548157691956,0.0,0.18586790561676025,0.0001,1e-05,50.327,3.4358,0.6337
2678,stage2,0,0.2155129462480545,0.3718299865722656,0.0,0.2155129462480545,0.0001,1e-05,50.331,4.2209,0.635
2679,stage2,0,0.21046632528305054,0.41536933183670044,0.0,0.21046632528305054,0.0001,1e-05,50.327,4.2884,0.6352
2680,stage2,0,0.2184782773256302,0.37120944261550903,0.0,0.2184782773256302,0.0001,1e-05,50.332,4.0692,0.6347
2681,stage2,0,0.20521146059036255,0.40217098593711853,0.0,0.20521146059036255,0.0001,1e-05,50.331,4.1515,0.6355
2682,stage2,0,0.24132321774959564,0.39723658561706543,0.0,0.24132321774959564,0.0001,1e-05,50.326,5.5415,1.2467
2683,stage2,0,0.18792670965194702,0.3545890748500824,0.0,0.18792670965194702,0.0001,1e-05,50.327,3.8325,0.6354
2684,stage2,0,0.23404856026172638,0.3936179578304291,0.0,0.23404856026172638,0.0001,1e-05,50.329,4.3263,3.1861
2685,stage2,0,0.2692428529262543,0.4259280264377594,0.0,0.2692428529262543,0.0001,1e-05,50.329,4.4053,0.6346
2686,stage2,0,0.2217709869146347,0.3790578544139862,0.0,0.2217709869146347,0.0001,1e-05,50.331,5.4055,0.6344
2687,stage2,0,0.21015113592147827,0.4061621129512787,0.0,0.21015113592147827,0.0001,1e-05,50.333,3.6237,0.6357
2688,stage2,0,0.20386718213558197,0.3932376205921173,0.0,0.20386718213558197,0.0001,1e-05,50.331,4.2245,0.6355
2689,stage2,0,0.18992513418197632,0.40580153465270996,0.0,0.18992513418197632,0.0001,1e-05,50.328,4.8317,0.636
2690,stage2,0,0.17361187934875488,0.3704264461994171,0.0,0.17361187934875488,0.0001,1e-05,50.33,3.1566,1.2667
2691,stage2,0,0.21812500059604645,0.3877982497215271,0.0,0.21812500059604645,0.0001,1e-05,50.331,4.0891,0.6362
2692,stage2,0,0.2154751569032669,0.39540284872055054,0.0,0.2154751569032669,0.0001,1e-05,50.33,3.6546,3.1658
2693,stage2,0,0.1993052363395691,0.40143030881881714,0.0,0.1993052363395691,0.0001,1e-05,50.332,4.3997,0.6346
2694,stage2,0,0.18929992616176605,0.37444931268692017,0.0,0.18929992616176605,0.0001,1e-05,50.33,4.2385,0.6341
2695,stage2,0,0.2136494368314743,0.3971310555934906,0.0,0.2136494368314743,0.0001,1e-05,50.328,3.3056,0.6355
2696,stage2,0,0.22805142402648926,0.3808422088623047,0.0,0.22805142402648926,0.0001,1e-05,50.333,4.4032,0.639
2697,stage2,0,0.18829414248466492,0.3951331377029419,0.0,0.18829414248466492,0.0001,1e-05,50.329,4.0418,0.6356
2698,stage2,0,0.20574067533016205,0.36276379227638245,0.0,0.20574067533016205,0.0001,1e-05,50.333,3.8313,1.237
2699,stage2,0,0.25705283880233765,0.43459758162498474,0.0,0.25705283880233765,0.0001,1e-05,50.33,5.9811,0.6357
2700,stage2,0,0.2077111452817917,0.37642261385917664,0.0,0.2077111452817917,0.0001,1e-05,50.332,3.5422,3.2194
2701,stage2,0,0.23594501614570618,0.3876568377017975,0.0,0.23594501614570618,0.0001,1e-05,50.329,5.2203,0.6342
2702,stage2,0,0.21135982871055603,0.390379399061203,0.0,0.21135982871055603,0.0001,1e-05,50.33,3.8406,0.6345
2703,stage2,0,0.18251988291740417,0.3715726435184479,0.0,0.18251988291740417,0.0001,1e-05,50.333,3.6802,0.6349
2704,stage2,0,0.20135560631752014,0.3929576575756073,0.0,0.20135560631752014,0.0001,1e-05,50.33,3.7753,0.6365
2705,stage2,0,0.18278078734874725,0.3872184753417969,0.0,0.18278078734874725,0.0001,1e-05,50.333,4.4241,0.6365
2706,stage2,0,0.1968717873096466,0.40265944600105286,0.0,0.1968717873096466,0.0001,1e-05,50.332,3.9686,1.1913
2707,stage2,0,0.18832434713840485,0.39570102095603943,0.0,0.18832434713840485,0.0001,1e-05,50.33,3.7093,0.6357
2708,stage2,0,0.20945942401885986,0.3873817026615143,0.0,0.20945942401885986,0.0001,1e-05,50.329,3.9613,3.2234
2709,stage2,0,0.25775545835494995,0.39269229769706726,0.0,0.25775545835494995,0.0001,1e-05,50.333,4.2221,0.6339
2710,stage2,0,0.2551085352897644,0.4028989374637604,0.0,0.2551085352897644,0.0001,1e-05,50.332,4.5729,0.6346
2711,stage2,0,0.2243943214416504,0.4048583507537842,0.0,0.2243943214416504,0.0001,1e-05,50.331,7.1057,0.6356
2712,stage2,0,0.21763251721858978,0.38454470038414,0.0,0.21763251721858978,0.0001,1e-05,50.331,3.8737,0.6358
2713,stage2,0,0.22275392711162567,0.3815028667449951,0.0,0.22275392711162567,0.0001,1e-05,50.331,4.7341,0.6361
2714,stage2,0,0.21538503468036652,0.36676666140556335,0.0,0.21538503468036652,0.0001,1e-05,50.333,4.5396,1.1098
2715,stage2,0,0.19028893113136292,0.3862273693084717,0.0,0.19028893113136292,0.0001,1e-05,50.332,5.2466,0.6361
2716,stage2,0,0.20243339240550995,0.3905470371246338,0.0,0.20243339240550995,0.0001,1e-05,50.329,3.8921,3.2869
2717,stage2,0,0.17793002724647522,0.3794782757759094,0.0,0.17793002724647522,0.0001,1e-05,50.331,3.3967,0.6349
2718,stage2,0,0.2169405072927475,0.39076095819473267,0.0,0.2169405072927475,0.0001,1e-05,50.329,3.6566,0.6353
2719,stage2,0,0.22875533998012543,0.38168177008628845,0.0,0.22875533998012543,0.0001,1e-05,50.328,5.4376,0.6359
2720,stage2,0,0.17830145359039307,0.3738515377044678,0.0,0.17830145359039307,0.0001,1e-05,50.333,3.672,0.6359
2721,stage2,0,0.18715718388557434,0.3807532787322998,0.0,0.18715718388557434,0.0001,1e-05,50.336,4.3059,0.637
2722,stage2,0,0.21514834463596344,0.384564608335495,0.0,0.21514834463596344,0.0001,1e-05,50.333,3.9317,1.2789
2723,stage2,0,0.21109509468078613,0.3980869650840759,0.0,0.21109509468078613,0.0001,1e-05,50.333,3.9736,0.6355
2724,stage2,0,0.24385707080364227,0.39329594373703003,0.0,0.24385707080364227,0.0001,1e-05,50.332,3.8952,3.2703
2725,stage2,0,0.18908606469631195,0.4185505509376526,0.0,0.18908606469631195,0.0001,1e-05,50.332,3.1013,0.6343
2726,stage2,0,0.18349158763885498,0.39331209659576416,0.0,0.18349158763885498,0.0001,1e-05,50.33,4.0955,0.6344
2727,stage2,0,0.2351175844669342,0.37333211302757263,0.0,0.2351175844669342,0.0001,1e-05,50.334,3.6346,0.635
2728,stage2,0,0.18828248977661133,0.40127459168434143,0.0,0.18828248977661133,0.0001,1e-05,50.332,2.8931,0.6352
2729,stage2,0,0.1976732462644577,0.394284725189209,0.0,0.1976732462644577,0.0001,1e-05,50.332,4.3103,0.6357
2730,stage2,0,0.20612676441669464,0.3720334470272064,0.0,0.20612676441669464,0.0001,1e-05,50.335,3.4511,1.0556
2731,stage2,0,0.2138519287109375,0.40068450570106506,0.0,0.2138519287109375,0.0001,1e-05,50.332,4.1742,0.6359
2732,stage2,0,0.2520897686481476,0.40579578280448914,0.0,0.2520897686481476,0.0001,1e-05,50.328,4.4108,3.3218
2733,stage2,0,0.2353804111480713,0.40892043709754944,0.0,0.2353804111480713,0.0001,1e-05,50.335,4.0946,0.6346
2734,stage2,0,0.24926193058490753,0.3828981816768646,0.0,0.24926193058490753,0.0001,1e-05,50.331,4.7078,0.6344
2735,stage2,0,0.2723270654678345,0.4300808012485504,0.0,0.2723270654678345,0.0001,1e-05,50.331,5.1108,0.6345
2736,stage2,0,0.1788879930973053,0.37594011425971985,0.0,0.1788879930973053,0.0001,1e-05,50.328,3.4616,0.6351
2737,stage2,0,0.24923066794872284,0.4081977307796478,0.0,0.24923066794872284,0.0001,1e-05,50.331,4.8933,0.6362
2738,stage2,0,0.21092548966407776,0.3839675486087799,0.0,0.21092548966407776,0.0001,1e-05,50.332,5.1086,1.0387
2739,stage2,0,0.19183452427387238,0.3579649031162262,0.0,0.19183452427387238,0.0001,1e-05,50.328,4.1725,0.6353
2740,stage2,0,0.20065532624721527,0.403158962726593,0.0,0.20065532624721527,0.0001,1e-05,50.33,4.0827,3.288
2741,stage2,0,0.22397997975349426,0.36871418356895447,0.0,0.22397997975349426,0.0001,1e-05,50.333,4.6631,0.6339
2742,stage2,0,0.1865372210741043,0.37609392404556274,0.0,0.1865372210741043,0.0001,1e-05,50.332,4.1522,0.6346
2743,stage2,0,0.21516108512878418,0.4051283299922943,0.0,0.21516108512878418,0.0001,1e-05,50.333,4.852,0.6349
2744,stage2,0,0.19094182550907135,0.3820853531360626,0.0,0.19094182550907135,0.0001,1e-05,50.334,3.8936,0.6346
2745,stage2,0,0.2173405885696411,0.38026100397109985,0.0,0.2173405885696411,0.0001,1e-05,50.33,4.5047,0.6355
2746,stage2,0,0.23748403787612915,0.40611696243286133,0.0,0.23748403787612915,0.0001,1e-05,50.332,4.3489,1.074
2747,stage2,0,0.20535743236541748,0.39678049087524414,0.0,0.20535743236541748,0.0001,1e-05,50.328,4.8899,0.635
2748,stage2,0,0.20468555390834808,0.3858150243759155,0.0,0.20468555390834808,0.0001,1e-05,50.328,3.6924,3.0599
2749,stage2,0,0.19375453889369965,0.4135196805000305,0.0,0.19375453889369965,0.0001,1e-05,50.331,4.6316,0.6323
2750,stage2,0,0.18700522184371948,0.3729543387889862,0.0,0.18700522184371948,0.0001,1e-05,50.331,4.6507,0.632
2751,stage2,0,0.17638307809829712,0.41953927278518677,0.0,0.17638307809829712,0.0001,1e-05,50.328,4.267,0.6328
2752,stage2,0,0.22330400347709656,0.40135759115219116,0.0,0.22330400347709656,0.0001,1e-05,50.329,4.2822,0.6334
2753,stage2,1,0.19987167418003082,0.36094313859939575,0.0,0.19987167418003082,0.0001,1e-05,50.327,3.1699,9.6477
2754,stage2,1,0.22296112775802612,0.400847852230072,0.0,0.22296112775802612,0.0001,1e-05,50.329,3.9069,0.6303
2755,stage2,1,0.19468042254447937,0.4106365144252777,0.0,0.19468042254447937,0.0001,1e-05,50.327,3.5309,0.6316
2756,stage2,1,0.20684535801410675,0.3730499744415283,0.0,0.20684535801410675,0.0001,1e-05,50.331,3.8756,0.6316
2757,stage2,1,0.20671990513801575,0.3840281367301941,0.0,0.20671990513801575,0.0001,1e-05,50.328,4.0463,0.6324
2758,stage2,1,0.2318950742483139,0.37451985478401184,0.0,0.2318950742483139,0.0001,1e-05,50.33,4.7481,0.6323
2759,stage2,1,0.19579647481441498,0.39914625883102417,0.0,0.19579647481441498,0.0001,1e-05,50.331,3.1949,0.6321
2760,stage2,1,0.1796981245279312,0.4038954973220825,0.0,0.1796981245279312,0.0001,1e-05,50.328,3.5647,0.6328
2761,stage2,1,0.18907180428504944,0.36271777749061584,0.0,0.18907180428504944,0.0001,1e-05,50.326,3.6103,3.694
2762,stage2,1,0.20408427715301514,0.3876669108867645,0.0,0.20408427715301514,0.0001,1e-05,50.328,3.7075,0.6309
2763,stage2,1,0.16648057103157043,0.36773258447647095,0.0,0.16648057103157043,0.0001,1e-05,50.33,3.4443,0.6308
2764,stage2,1,0.18619868159294128,0.3621405065059662,0.0,0.18619868159294128,0.0001,1e-05,50.329,3.9183,0.6317
2765,stage2,1,0.20930957794189453,0.3963507413864136,0.0,0.20930957794189453,0.0001,1e-05,50.33,3.3295,0.6325
2766,stage2,1,0.1826893538236618,0.3908523917198181,0.0,0.1826893538236618,0.0001,1e-05,50.328,3.5568,0.6323
2767,stage2,1,0.19320666790008545,0.37500718235969543,0.0,0.19320666790008545,0.0001,1e-05,50.329,3.8315,0.6336
2768,stage2,1,0.21231678128242493,0.36511319875717163,0.0,0.21231678128242493,0.0001,1e-05,50.329,4.8892,0.6331
2769,stage2,1,0.16633334755897522,0.3515084683895111,0.0,0.16633334755897522,0.0001,1e-05,50.33,3.2998,4.0158
2770,stage2,1,0.20786882936954498,0.37758150696754456,0.0,0.20786882936954498,0.0001,1e-05,50.329,3.9288,0.6318
2771,stage2,1,0.21121066808700562,0.38138505816459656,0.0,0.21121066808700562,0.0001,1e-05,50.331,4.7692,0.633
2772,stage2,1,0.20286104083061218,0.3730805814266205,0.0,0.20286104083061218,0.0001,1e-05,50.329,4.0391,0.6334
2773,stage2,1,0.17069202661514282,0.37038516998291016,0.0,0.17069202661514282,0.0001,1e-05,50.33,3.2235,0.6341
2774,stage2,1,0.18467973172664642,0.4026373624801636,0.0,0.18467973172664642,0.0001,1e-05,50.329,4.0633,0.6341
2775,stage2,1,0.18311575055122375,0.3815082907676697,0.0,0.18311575055122375,0.0001,1e-05,50.331,3.9743,0.634
2776,stage2,1,0.17885491251945496,0.3887684941291809,0.0,0.17885491251945496,0.0001,1e-05,50.328,3.4043,0.6343
2777,stage2,1,0.16726189851760864,0.3636428117752075,0.0,0.16726189851760864,0.0001,1e-05,50.328,3.6696,3.8522
2778,stage2,1,0.1858094334602356,0.35518747568130493,0.0,0.1858094334602356,0.0001,1e-05,50.33,3.8732,0.6316
2779,stage2,1,0.21218526363372803,0.37572798132896423,0.0,0.21218526363372803,0.0001,1e-05,50.333,3.4584,0.6325
2780,stage2,1,0.18324074149131775,0.3851621747016907,0.0,0.18324074149131775,0.0001,1e-05,50.329,3.5986,0.6326
2781,stage2,1,0.20738254487514496,0.4012014865875244,0.0,0.20738254487514496,0.0001,1e-05,50.329,4.6677,0.6326
2782,stage2,1,0.19375577569007874,0.410246878862381,0.0,0.19375577569007874,0.0001,1e-05,50.329,3.5138,0.633
2783,stage2,1,0.17236147820949554,0.3898604214191437,0.0,0.17236147820949554,0.0001,1e-05,50.326,3.2415,0.6338
2784,stage2,1,0.21979308128356934,0.3726932108402252,0.0,0.21979308128356934,0.0001,1e-05,50.332,3.9645,0.6336
2785,stage2,1,0.19547513127326965,0.38207095861434937,0.0,0.19547513127326965,0.0001,1e-05,50.33,3.4012,3.7236
2786,stage2,1,0.21882790327072144,0.386184424161911,0.0,0.21882790327072144,0.0001,1e-05,50.331,3.5048,0.6314
2787,stage2,1,0.2285171002149582,0.38358786702156067,0.0,0.2285171002149582,0.0001,1e-05,50.332,3.8711,0.6319
2788,stage2,1,0.1788223385810852,0.37685731053352356,0.0,0.1788223385810852,0.0001,1e-05,50.331,4.0748,0.6329
2789,stage2,1,0.2407311499118805,0.37948572635650635,0.0,0.2407311499118805,0.0001,1e-05,50.335,3.8288,0.6332
2790,stage2,1,0.23879089951515198,0.38959959149360657,0.0,0.23879089951515198,0.0001,1e-05,50.329,3.8274,0.6345
2791,stage2,1,0.18268533051013947,0.4146726727485657,0.0,0.18268533051013947,0.0001,1e-05,50.325,3.272,0.6337
2792,stage2,1,0.1527959406375885,0.3942459523677826,0.0,0.1527959406375885,0.0001,1e-05,50.33,3.4215,0.6341
2793,stage2,1,0.19594189524650574,0.4075967073440552,0.0,0.19594189524650574,0.0001,1e-05,50.33,3.9841,3.747
2794,stage2,1,0.21621352434158325,0.3761598467826843,0.0,0.21621352434158325,0.0001,1e-05,50.327,4.3249,0.632
2795,stage2,1,0.2123352736234665,0.3675784766674042,0.0,0.2123352736234665,0.0001,1e-05,50.33,4.2181,0.6329
2796,stage2,1,0.17683915793895721,0.3402477502822876,0.0,0.17683915793895721,0.0001,1e-05,50.33,3.6451,0.634
2797,stage2,1,0.18840906023979187,0.388478547334671,0.0,0.18840906023979187,0.0001,1e-05,50.333,3.4408,0.6342
2798,stage2,1,0.17382843792438507,0.3692396581172943,0.0,0.17382843792438507,0.0001,1e-05,50.331,3.4412,0.6342
2799,stage2,1,0.19555199146270752,0.3861147463321686,0.0,0.19555199146270752,0.0001,1e-05,50.336,4.5766,0.6343
2800,stage2,1,0.21262486279010773,0.37047624588012695,0.0,0.21262486279010773,0.0001,1e-05,50.329,3.3162,0.6346
2801,stage2,1,0.20015199482440948,0.3645457923412323,0.0,0.20015199482440948,0.0001,1e-05,50.33,3.5303,3.8033
2802,stage2,1,0.2162887305021286,0.3786827027797699,0.0,0.2162887305021286,0.0001,1e-05,50.326,4.6795,0.6334
2803,stage2,1,0.2127605378627777,0.3557913899421692,0.0,0.2127605378627777,0.0001,1e-05,50.327,3.5128,0.6335
2804,stage2,1,0.22791288793087006,0.36594197154045105,0.0,0.22791288793087006,0.0001,1e-05,50.328,3.7911,0.6328
2805,stage2,1,0.2048318088054657,0.39228343963623047,0.0,0.2048318088054657,0.0001,1e-05,50.328,4.3116,0.6345
2806,stage2,1,0.1806696206331253,0.3715849816799164,0.0,0.1806696206331253,0.0001,1e-05,50.332,3.0919,0.6349
2807,stage2,1,0.16858959197998047,0.37504851818084717,0.0,0.16858959197998047,0.0001,1e-05,50.335,4.7693,0.6348
2808,stage2,1,0.2327081263065338,0.39891526103019714,0.0,0.2327081263065338,0.0001,1e-05,50.333,4.7101,0.635
2809,stage2,1,0.1955004334449768,0.371608167886734,0.0,0.1955004334449768,0.0001,1e-05,50.333,4.2889,3.7078
2810,stage2,1,0.19680650532245636,0.38958895206451416,0.0,0.19680650532245636,0.0001,1e-05,50.334,4.1946,0.6336
2811,stage2,1,0.20652055740356445,0.4033505916595459,0.0,0.20652055740356445,0.0001,1e-05,50.334,3.3589,0.6342
2812,stage2,1,0.19507692754268646,0.4070608615875244,0.0,0.19507692754268646,0.0001,1e-05,50.332,4.5859,0.6347
2813,stage2,1,0.17962196469306946,0.3660604953765869,0.0,0.17962196469306946,0.0001,1e-05,50.332,4.1035,0.635
2814,stage2,1,0.22705978155136108,0.3826894164085388,0.0,0.22705978155136108,0.0001,1e-05,50.335,4.8408,0.6345
2815,stage2,1,0.19120439887046814,0.39528635144233704,0.0,0.19120439887046814,0.0001,1e-05,50.334,3.9741,0.6353
2816,stage2,1,0.1956128478050232,0.38687488436698914,0.0,0.1956128478050232,0.0001,1e-05,50.336,4.988,0.635
2817,stage2,1,0.19628575444221497,0.3773033320903778,0.0,0.19628575444221497,0.0001,1e-05,50.336,4.2361,3.7033
2818,stage2,1,0.17895403504371643,0.37305307388305664,0.0,0.17895403504371643,0.0001,1e-05,50.335,3.4074,0.6331
2819,stage2,1,0.1789538860321045,0.36655929684638977,0.0,0.1789538860321045,0.0001,1e-05,50.331,3.2914,0.6335
2820,stage2,1,0.17827069759368896,0.3799068033695221,0.0,0.17827069759368896,0.0001,1e-05,50.335,3.2966,0.6344
2821,stage2,1,0.18106289207935333,0.3810039460659027,0.0,0.18106289207935333,0.0001,1e-05,50.329,3.476,0.6346
2822,stage2,1,0.17123296856880188,0.3764578700065613,0.0,0.17123296856880188,0.0001,1e-05,50.327,3.5291,0.635
2823,stage2,1,0.17492815852165222,0.41307681798934937,0.0,0.17492815852165222,0.0001,1e-05,50.333,3.9287,0.635
2824,stage2,1,0.17402666807174683,0.375421941280365,0.0,0.17402666807174683,0.0001,1e-05,50.328,3.4341,0.6357
2825,stage2,1,0.2114000916481018,0.37796467542648315,0.0,0.2114000916481018,0.0001,1e-05,50.331,4.1405,3.8014
2826,stage2,1,0.1960419863462448,0.407930850982666,0.0,0.1960419863462448,0.0001,1e-05,50.326,3.577,0.634
2827,stage2,1,0.20750772953033447,0.3934771418571472,0.0,0.20750772953033447,0.0001,1e-05,50.333,4.5894,0.6344
2828,stage2,1,0.20120547711849213,0.38511231541633606,0.0,0.20120547711849213,0.0001,1e-05,50.331,4.4023,0.6345
2829,stage2,1,0.20073126256465912,0.3508530855178833,0.0,0.20073126256465912,0.0001,1e-05,50.329,4.9633,0.6349
2830,stage2,1,0.19578686356544495,0.34799423813819885,0.0,0.19578686356544495,0.0001,1e-05,50.337,3.9416,0.6352
2831,stage2,1,0.20677071809768677,0.38005301356315613,0.0,0.20677071809768677,0.0001,1e-05,50.328,3.8214,0.6356
2832,stage2,1,0.19419430196285248,0.38636812567710876,0.0,0.19419430196285248,0.0001,1e-05,50.332,5.3374,0.6361
2833,stage2,1,0.19073759019374847,0.39032959938049316,0.0,0.19073759019374847,0.0001,1e-05,50.329,3.4972,3.7803
2834,stage2,1,0.1966732144355774,0.3900439143180847,0.0,0.1966732144355774,0.0001,1e-05,50.327,3.5807,0.6329
2835,stage2,1,0.21613556146621704,0.38766229152679443,0.0,0.21613556146621704,0.0001,1e-05,50.334,4.7342,0.6339
2836,stage2,1,0.17683881521224976,0.4360772371292114,0.0,0.17683881521224976,0.0001,1e-05,50.332,4.0598,0.6345
2837,stage2,1,0.21418389678001404,0.37595924735069275,0.0,0.21418389678001404,0.0001,1e-05,50.328,4.5019,0.6345
2838,stage2,1,0.17594195902347565,0.3717586100101471,0.0,0.17594195902347565,0.0001,1e-05,50.331,4.1758,0.635
2839,stage2,1,0.1854201704263687,0.36109474301338196,0.0,0.1854201704263687,0.0001,1e-05,50.33,5.3481,0.6354
2840,stage2,1,0.17725570499897003,0.39080750942230225,0.0,0.17725570499897003,0.0001,1e-05,50.333,3.7888,0.6351
2841,stage2,1,0.18811802566051483,0.3773166537284851,0.0,0.18811802566051483,0.0001,1e-05,50.332,5.2949,3.721
2842,stage2,1,0.18517707288265228,0.3683479130268097,0.0,0.18517707288265228,0.0001,1e-05,50.337,4.2172,0.6334
2843,stage2,1,0.18089337646961212,0.3926689326763153,0.0,0.18089337646961212,0.0001,1e-05,50.332,4.4624,0.634
2844,stage2,1,0.23261192440986633,0.3712295889854431,0.0,0.23261192440986633,0.0001,1e-05,50.331,4.6881,0.6345
2845,stage2,1,0.18671706318855286,0.40039971470832825,0.0,0.18671706318855286,0.0001,1e-05,50.333,3.2689,0.635
2846,stage2,1,0.17851290106773376,0.34805038571357727,0.0,0.17851290106773376,0.0001,1e-05,50.335,4.9454,0.6348
2847,stage2,1,0.16315963864326477,0.3865756094455719,0.0,0.16315963864326477,0.0001,1e-05,50.333,3.1043,0.6356
2848,stage2,1,0.19665971398353577,0.36010298132896423,0.0,0.19665971398353577,0.0001,1e-05,50.328,3.6407,0.6359
2849,stage2,1,0.20123139023780823,0.3759581744670868,0.0,0.20123139023780823,0.0001,1e-05,50.332,4.3953,3.7372
2850,stage2,1,0.2023547738790512,0.39110690355300903,0.0,0.2023547738790512,0.0001,1e-05,50.337,4.078,0.6339
2851,stage2,1,0.1538890153169632,0.36161649227142334,0.0,0.1538890153169632,0.0001,1e-05,50.333,3.9053,0.6349
2852,stage2,1,0.16900204122066498,0.3772832453250885,0.0,0.16900204122066498,0.0001,1e-05,50.331,3.7047,0.6348
2853,stage2,1,0.19615864753723145,0.37189120054244995,0.0,0.19615864753723145,0.0001,1e-05,50.331,5.5735,0.6353
2854,stage2,1,0.18124796450138092,0.3790363073348999,0.0,0.18124796450138092,0.0001,1e-05,50.33,3.2584,0.6352
2855,stage2,1,0.23566490411758423,0.3820520341396332,0.0,0.23566490411758423,0.0001,1e-05,50.332,4.061,0.6357
2856,stage2,1,0.19999220967292786,0.3941270112991333,0.0,0.19999220967292786,0.0001,1e-05,50.332,4.6049,0.6361
2857,stage2,1,0.18528993427753448,0.36621853709220886,0.0,0.18528993427753448,0.0001,1e-05,50.328,4.8502,3.9144
2858,stage2,1,0.15212009847164154,0.3599185049533844,0.0,0.15212009847164154,0.0001,1e-05,50.33,3.1729,0.6393
2859,stage2,1,0.20196805894374847,0.4189084768295288,0.0,0.20196805894374847,0.0001,1e-05,50.329,4.1188,0.6342
2860,stage2,1,0.19869937002658844,0.3674851059913635,0.0,0.19869937002658844,0.0001,1e-05,50.335,3.7818,0.6344
2861,stage2,1,0.20490530133247375,0.3582192361354828,0.0,0.20490530133247375,0.0001,1e-05,50.33,4.078,0.6357
2862,stage2,1,0.18694362044334412,0.4039733409881592,0.0,0.18694362044334412,0.0001,1e-05,50.331,3.7502,0.6357
2863,stage2,1,0.1938478648662567,0.3490975499153137,0.0,0.1938478648662567,0.0001,1e-05,50.331,4.4831,0.6353
2864,stage2,1,0.19869346916675568,0.3687540590763092,0.0,0.19869346916675568,0.0001,1e-05,50.332,4.7994,0.6365
2865,stage2,1,0.2494903802871704,0.3950687646865845,0.0,0.2494903802871704,0.0001,1e-05,50.329,4.4766,3.8135
2866,stage2,1,0.15689460933208466,0.4034717082977295,0.0,0.15689460933208466,0.0001,1e-05,50.334,3.6192,0.6343
2867,stage2,1,0.16668303310871124,0.3468451201915741,0.0,0.16668303310871124,0.0001,1e-05,50.33,3.0897,0.6353
2868,stage2,1,0.20959880948066711,0.38637107610702515,0.0,0.20959880948066711,0.0001,1e-05,50.334,4.9407,0.6348
2869,stage2,1,0.18723250925540924,0.40049558877944946,0.0,0.18723250925540924,0.0001,1e-05,50.332,4.1288,0.635
2870,stage2,1,0.17720456421375275,0.3592543601989746,0.0,0.17720456421375275,0.0001,1e-05,50.331,4.6848,0.6361
2871,stage2,1,0.21098269522190094,0.39402034878730774,0.0,0.21098269522190094,0.0001,1e-05,50.333,4.5623,0.6362
2872,stage2,1,0.17652492225170135,0.37617599964141846,0.0,0.17652492225170135,0.0001,1e-05,50.333,3.9522,0.637
2873,stage2,1,0.187599778175354,0.37298527359962463,0.0,0.187599778175354,0.0001,1e-05,50.331,4.4504,3.7619
2874,stage2,1,0.1979636400938034,0.3712116777896881,0.0,0.1979636400938034,0.0001,1e-05,50.334,4.3582,0.6356
2875,stage2,1,0.21625728905200958,0.3864072263240814,0.0,0.21625728905200958,0.0001,1e-05,50.332,4.0075,0.6345
2876,stage2,1,0.17359299957752228,0.3678818643093109,0.0,0.17359299957752228,0.0001,1e-05,50.333,4.0439,0.6354
2877,stage2,1,0.18241824209690094,0.35497787594795227,0.0,0.18241824209690094,0.0001,1e-05,50.333,4.477,0.6359
2878,stage2,1,0.1939314901828766,0.3909962475299835,0.0,0.1939314901828766,0.0001,1e-05,50.333,4.509,0.6359
2879,stage2,1,0.2068762481212616,0.3997799754142761,0.0,0.2068762481212616,0.0001,1e-05,50.333,4.5691,0.6365
2880,stage2,1,0.17708720266819,0.38801562786102295,0.0,0.17708720266819,0.0001,1e-05,50.334,3.2528,0.6367
2881,stage2,1,0.21167504787445068,0.37870121002197266,0.0,0.21167504787445068,0.0001,1e-05,50.331,3.9338,3.8231
2882,stage2,1,0.20185261964797974,0.3950256407260895,0.0,0.20185261964797974,0.0001,1e-05,50.331,4.7028,0.6342
2883,stage2,1,0.16432863473892212,0.38351109623908997,0.0,0.16432863473892212,0.0001,1e-05,50.331,4.493,0.6633
2884,stage2,1,0.1680792272090912,0.33854547142982483,0.0,0.1680792272090912,0.0001,1e-05,50.333,3.506,0.6356
2885,stage2,1,0.2074308544397354,0.38800016045570374,0.0,0.2074308544397354,0.0001,1e-05,50.331,4.2456,0.6355
2886,stage2,1,0.2007509022951126,0.3843649923801422,0.0,0.2007509022951126,0.0001,1e-05,50.333,4.1839,0.6366
2887,stage2,1,0.19324135780334473,0.3732757866382599,0.0,0.19324135780334473,0.0001,1e-05,50.331,4.6382,0.6368
2888,stage2,1,0.23244884610176086,0.40825092792510986,0.0,0.23244884610176086,0.0001,1e-05,50.332,6.2878,0.6371
2889,stage2,1,0.2057533711194992,0.374285489320755,0.0,0.2057533711194992,0.0001,1e-05,50.331,3.594,3.848
2890,stage2,1,0.18606001138687134,0.3511292636394501,0.0,0.18606001138687134,0.0001,1e-05,50.332,4.7748,0.6348
2891,stage2,1,0.20689958333969116,0.38532254099845886,0.0,0.20689958333969116,0.0001,1e-05,50.333,4.1923,0.6781
2892,stage2,1,0.20204055309295654,0.42009004950523376,0.0,0.20204055309295654,0.0001,1e-05,50.329,3.8785,0.6353
2893,stage2,1,0.212974414229393,0.37461087107658386,0.0,0.212974414229393,0.0001,1e-05,50.329,4.4866,0.6359
2894,stage2,1,0.19064651429653168,0.38683977723121643,0.0,0.19064651429653168,0.0001,1e-05,50.329,3.6484,0.6365
2895,stage2,1,0.20526222884655,0.3786623477935791,0.0,0.20526222884655,0.0001,1e-05,50.334,4.1311,0.6362
2896,stage2,1,0.17922013998031616,0.3479504883289337,0.0,0.17922013998031616,0.0001,1e-05,50.333,3.3083,0.6367
2897,stage2,1,0.17212657630443573,0.35288387537002563,0.0,0.17212657630443573,0.0001,1e-05,50.33,3.381,3.6965
2898,stage2,1,0.19080524146556854,0.3661002814769745,0.0,0.19080524146556854,0.0001,1e-05,50.331,4.4214,0.6347
2899,stage2,1,0.17643392086029053,0.35859981179237366,0.0,0.17643392086029053,0.0001,1e-05,50.331,3.7582,0.8195
2900,stage2,1,0.20063208043575287,0.38378575444221497,0.0,0.20063208043575287,0.0001,1e-05,50.331,3.7367,0.6359
2901,stage2,1,0.17258796095848083,0.37263041734695435,0.0,0.17258796095848083,0.0001,1e-05,50.331,2.9049,0.6357
2902,stage2,1,0.19747258722782135,0.383544921875,0.0,0.19747258722782135,0.0001,1e-05,50.333,3.7783,0.6362
2903,stage2,1,0.18315976858139038,0.38637056946754456,0.0,0.18315976858139038,0.0001,1e-05,50.335,3.7169,0.6371
2904,stage2,1,0.17490702867507935,0.35648077726364136,0.0,0.17490702867507935,0.0001,1e-05,50.333,3.0952,0.637
2905,stage2,1,0.19222711026668549,0.360789954662323,0.0,0.19222711026668549,0.0001,1e-05,50.33,3.8604,3.5153
2906,stage2,1,0.18978199362754822,0.367497980594635,0.0,0.18978199362754822,0.0001,1e-05,50.337,3.2398,0.635
2907,stage2,1,0.19126135110855103,0.34896400570869446,0.0,0.19126135110855103,0.0001,1e-05,50.328,4.6774,0.9391
2908,stage2,1,0.21142688393592834,0.36756911873817444,0.0,0.21142688393592834,0.0001,1e-05,50.336,4.4255,0.6354
2909,stage2,1,0.17283648252487183,0.36931106448173523,0.0,0.17283648252487183,0.0001,1e-05,50.331,4.1906,0.6352
2910,stage2,1,0.16458651423454285,0.38145458698272705,0.0,0.16458651423454285,0.0001,1e-05,50.333,3.6946,0.6355
2911,stage2,1,0.19866181910037994,0.35626086592674255,0.0,0.19866181910037994,0.0001,1e-05,50.331,3.8437,0.6364
2912,stage2,1,0.22056326270103455,0.3803096413612366,0.0,0.22056326270103455,0.0001,1e-05,50.331,4.2334,0.6369
2913,stage2,1,0.19695420563220978,0.36660754680633545,0.0,0.19695420563220978,0.0001,1e-05,50.334,4.4989,3.4676
2914,stage2,1,0.17464733123779297,0.38064587116241455,0.0,0.17464733123779297,0.0001,1e-05,50.332,3.8477,0.6353
2915,stage2,1,0.1955946534872055,0.39815080165863037,0.0,0.1955946534872055,0.0001,1e-05,50.332,4.5972,1.0541
2916,stage2,1,0.18118739128112793,0.3873424232006073,0.0,0.18118739128112793,0.0001,1e-05,50.331,3.9443,0.6361
2917,stage2,1,0.2130739539861679,0.3831208050251007,0.0,0.2130739539861679,0.0001,1e-05,50.335,4.0928,0.6359
2918,stage2,1,0.18869948387145996,0.3727492392063141,0.0,0.18869948387145996,0.0001,1e-05,50.334,4.0102,0.6365
2919,stage2,1,0.15968014299869537,0.34124767780303955,0.0,0.15968014299869537,0.0001,1e-05,50.33,3.6999,0.6371
2920,stage2,1,0.18370282649993896,0.3699173629283905,0.0,0.18370282649993896,0.0001,1e-05,50.331,4.5668,0.6368
2921,stage2,1,0.19881483912467957,0.3678210973739624,0.0,0.19881483912467957,0.0001,1e-05,50.331,4.4384,3.4352
2922,stage2,1,0.17026129364967346,0.38297155499458313,0.0,0.17026129364967346,0.0001,1e-05,50.327,3.316,0.6354
2923,stage2,1,0.182313933968544,0.37574389576911926,0.0,0.182313933968544,0.0001,1e-05,50.332,3.448,1.197
2924,stage2,1,0.16818931698799133,0.3589680790901184,0.0,0.16818931698799133,0.0001,1e-05,50.329,4.2146,0.6353
2925,stage2,1,0.18229645490646362,0.3769115209579468,0.0,0.18229645490646362,0.0001,1e-05,50.333,3.2082,0.6358
2926,stage2,1,0.18634900450706482,0.3848167955875397,0.0,0.18634900450706482,0.0001,1e-05,50.334,4.9883,0.6367
2927,stage2,1,0.22635671496391296,0.3682613670825958,0.0,0.22635671496391296,0.0001,1e-05,50.332,4.7074,0.636
2928,stage2,1,0.17955400049686432,0.3533112406730652,0.0,0.17955400049686432,0.0001,1e-05,50.333,3.9677,0.637
2929,stage2,1,0.17178881168365479,0.3604145050048828,0.0,0.17178881168365479,0.0001,1e-05,50.334,3.3475,3.1999
2930,stage2,1,0.1687416136264801,0.3655198812484741,0.0,0.1687416136264801,0.0001,1e-05,50.336,3.8469,0.6354
2931,stage2,1,0.16189533472061157,0.3622356057167053,0.0,0.16189533472061157,0.0001,1e-05,50.327,3.7424,1.2925
2932,stage2,1,0.21533586084842682,0.3862871527671814,0.0,0.21533586084842682,0.0001,1e-05,50.331,4.358,0.6353
2933,stage2,1,0.1939122974872589,0.37765276432037354,0.0,0.1939122974872589,0.0001,1e-05,50.333,4.1264,0.6358
2934,stage2,1,0.1938227117061615,0.3561871647834778,0.0,0.1938227117061615,0.0001,1e-05,50.331,4.7721,0.6361
2935,stage2,1,0.19803762435913086,0.3898726999759674,0.0,0.19803762435913086,0.0001,1e-05,50.329,3.5336,0.6365
2936,stage2,1,0.2010539472103119,0.3737392723560333,0.0,0.2010539472103119,0.0001,1e-05,50.328,4.1796,0.6372
2937,stage2,1,0.20129640400409698,0.40101704001426697,0.0,0.20129640400409698,0.0001,1e-05,50.334,4.3997,3.146
2938,stage2,1,0.20307865738868713,0.36875253915786743,0.0,0.20307865738868713,0.0001,1e-05,50.331,4.1268,0.6355
2939,stage2,1,0.1751776933670044,0.37256184220314026,0.0,0.1751776933670044,0.0001,1e-05,50.331,4.1288,1.4152
2940,stage2,1,0.176311656832695,0.35768288373947144,0.0,0.176311656832695,0.0001,1e-05,50.332,5.0404,0.635
2941,stage2,1,0.1816110610961914,0.3779105842113495,0.0,0.1816110610961914,0.0001,1e-05,50.338,4.2091,0.6363
2942,stage2,1,0.1934777796268463,0.3821335732936859,0.0,0.1934777796268463,0.0001,1e-05,50.334,4.6478,0.6353
2943,stage2,1,0.19935287535190582,0.3498351573944092,0.0,0.19935287535190582,0.0001,1e-05,50.331,4.1334,0.6363
2944,stage2,1,0.1746029257774353,0.3689199686050415,0.0,0.1746029257774353,0.0001,1e-05,50.337,4.5301,0.6368
2945,stage2,1,0.2041092813014984,0.3904957175254822,0.0,0.2041092813014984,0.0001,1e-05,50.334,4.0771,2.9173
2946,stage2,1,0.19428406655788422,0.3676142990589142,0.0,0.19428406655788422,0.0001,1e-05,50.332,3.3265,0.6668
2947,stage2,1,0.16322951018810272,0.3696134388446808,0.0,0.16322951018810272,0.0001,1e-05,50.334,3.927,1.6065
2948,stage2,1,0.1846584975719452,0.36371779441833496,0.0,0.1846584975719452,0.0001,1e-05,50.333,3.5578,0.635
2949,stage2,1,0.20470991730690002,0.3959329128265381,0.0,0.20470991730690002,0.0001,1e-05,50.333,4.0865,0.6359
2950,stage2,1,0.17311972379684448,0.39264538884162903,0.0,0.17311972379684448,0.0001,1e-05,50.33,3.8958,0.6358
2951,stage2,1,0.17361466586589813,0.3923145532608032,0.0,0.17361466586589813,0.0001,1e-05,50.334,4.3176,0.6363
2952,stage2,1,0.1856837421655655,0.3758973479270935,0.0,0.1856837421655655,0.0001,1e-05,50.333,3.8361,0.6366
2953,stage2,1,0.19224750995635986,0.37395110726356506,0.0,0.19224750995635986,0.0001,1e-05,50.329,3.8137,2.925
2954,stage2,1,0.20622053742408752,0.3709630072116852,0.0,0.20622053742408752,0.0001,1e-05,50.333,4.3792,0.6787
2955,stage2,1,0.16559970378875732,0.3804156482219696,0.0,0.16559970378875732,0.0001,1e-05,50.327,2.9982,1.6579
2956,stage2,1,0.16144078969955444,0.3610660135746002,0.0,0.16144078969955444,0.0001,1e-05,50.332,2.9227,0.6352
2957,stage2,1,0.1662469357252121,0.3791322410106659,0.0,0.1662469357252121,0.0001,1e-05,50.333,3.9487,0.6356
2958,stage2,1,0.19575273990631104,0.35311123728752136,0.0,0.19575273990631104,0.0001,1e-05,50.332,4.0819,0.6356
2959,stage2,1,0.17758888006210327,0.3918152451515198,0.0,0.17758888006210327,0.0001,1e-05,50.337,3.8922,0.6366
2960,stage2,1,0.19290518760681152,0.3878518342971802,0.0,0.19290518760681152,0.0001,1e-05,50.332,4.2316,0.6363
2961,stage2,1,0.19685299694538116,0.39729195833206177,0.0,0.19685299694538116,0.0001,1e-05,50.334,4.3523,2.8027
2962,stage2,1,0.21544218063354492,0.3702634871006012,0.0,0.21544218063354492,0.0001,1e-05,50.33,5.1204,0.6784
2963,stage2,1,0.18274492025375366,0.3759526014328003,0.0,0.18274492025375366,0.0001,1e-05,50.331,3.6581,1.688
2964,stage2,1,0.21464328467845917,0.3974612355232239,0.0,0.21464328467845917,0.0001,1e-05,50.334,3.7394,0.6358
2965,stage2,1,0.18972574174404144,0.3720328211784363,0.0,0.18972574174404144,0.0001,1e-05,50.331,3.8045,0.6361
2966,stage2,1,0.15939933061599731,0.3446897268295288,0.0,0.15939933061599731,0.0001,1e-05,50.333,3.743,0.6362
2967,stage2,1,0.188232421875,0.36616992950439453,0.0,0.188232421875,0.0001,1e-05,50.331,4.1914,0.6364
2968,stage2,1,0.1829766035079956,0.3579307198524475,0.0,0.1829766035079956,0.0001,1e-05,50.327,4.769,0.6372
2969,stage2,1,0.18969976902008057,0.364654541015625,0.0,0.18969976902008057,0.0001,1e-05,50.326,5.2965,2.7598
2970,stage2,1,0.17427116632461548,0.3588489294052124,0.0,0.17427116632461548,0.0001,1e-05,50.33,3.7848,0.6551
2971,stage2,1,0.19368578493595123,0.36261799931526184,0.0,0.19368578493595123,0.0001,1e-05,50.331,3.6251,1.7999
2972,stage2,1,0.19862280786037445,0.3640521466732025,0.0,0.19862280786037445,0.0001,1e-05,50.325,4.2246,0.6358
2973,stage2,1,0.21592752635478973,0.3780686557292938,0.0,0.21592752635478973,0.0001,1e-05,50.328,5.0595,0.6364
2974,stage2,1,0.1585298329591751,0.40076887607574463,0.0,0.1585298329591751,0.0001,1e-05,50.328,3.634,0.6371
2975,stage2,1,0.20957326889038086,0.36834150552749634,0.0,0.20957326889038086,0.0001,1e-05,50.328,3.9791,0.6371
2976,stage2,1,0.227534681558609,0.38774171471595764,0.0,0.227534681558609,0.0001,1e-05,50.327,4.0069,0.637
2977,stage2,1,0.17911463975906372,0.3715874254703522,0.0,0.17911463975906372,0.0001,1e-05,50.329,4.0492,2.6215
2978,stage2,1,0.1936848759651184,0.3798409700393677,0.0,0.1936848759651184,0.0001,1e-05,50.329,4.2762,0.637
2979,stage2,1,0.17364346981048584,0.35706067085266113,0.0,0.17364346981048584,0.0001,1e-05,50.327,4.0688,1.79
2980,stage2,1,0.16768822073936462,0.402673602104187,0.0,0.16768822073936462,0.0001,1e-05,50.329,4.0825,0.6358
2981,stage2,1,0.17887939512729645,0.3693092465400696,0.0,0.17887939512729645,0.0001,1e-05,50.33,3.3215,0.6358
2982,stage2,1,0.17290306091308594,0.3783147931098938,0.0,0.17290306091308594,0.0001,1e-05,50.327,4.2793,0.6367
2983,stage2,1,0.19199903309345245,0.38917356729507446,0.0,0.19199903309345245,0.0001,1e-05,50.33,3.841,0.6373
2984,stage2,1,0.17086195945739746,0.375367671251297,0.0,0.17086195945739746,0.0001,1e-05,50.328,3.9502,0.6372
2985,stage2,1,0.17611649632453918,0.3499862253665924,0.0,0.17611649632453918,0.0001,1e-05,50.328,4.0033,2.6478
2986,stage2,1,0.16921058297157288,0.3859982490539551,0.0,0.16921058297157288,0.0001,1e-05,50.326,4.3557,0.6357
2987,stage2,1,0.1839848756790161,0.3900102376937866,0.0,0.1839848756790161,0.0001,1e-05,50.329,3.3077,1.8416
2988,stage2,1,0.18039631843566895,0.38851138949394226,0.0,0.18039631843566895,0.0001,1e-05,50.327,3.7451,0.6354
2989,stage2,1,0.16879694163799286,0.35284945368766785,0.0,0.16879694163799286,0.0001,1e-05,50.328,3.3136,0.6364
2990,stage2,1,0.175102099776268,0.3477247655391693,0.0,0.175102099776268,0.0001,1e-05,50.329,4.0666,0.636
2991,stage2,1,0.21080024540424347,0.4028942584991455,0.0,0.21080024540424347,0.0001,1e-05,50.327,4.1505,0.6361
2992,stage2,1,0.19990494847297668,0.3718664050102234,0.0,0.19990494847297668,0.0001,1e-05,50.326,4.0883,0.6364
2993,stage2,1,0.17949017882347107,0.36575761437416077,0.0,0.17949017882347107,0.0001,1e-05,50.331,3.946,2.4963
2994,stage2,1,0.18217630684375763,0.3817192316055298,0.0,0.18217630684375763,0.0001,1e-05,50.332,3.6502,0.6951
2995,stage2,1,0.171439990401268,0.38628634810447693,0.0,0.171439990401268,0.0001,1e-05,50.329,4.088,1.8373
2996,stage2,1,0.1696431189775467,0.3711150288581848,0.0,0.1696431189775467,0.0001,1e-05,50.332,3.3773,0.6355
2997,stage2,1,0.17418886721134186,0.34746864438056946,0.0,0.17418886721134186,0.0001,1e-05,50.332,3.6032,0.6361
2998,stage2,1,0.17699401080608368,0.3944050967693329,0.0,0.17699401080608368,0.0001,1e-05,50.329,4.0092,0.6365
2999,stage2,1,0.17438946664333344,0.376370906829834,0.0,0.17438946664333344,0.0001,1e-05,50.329,3.9343,0.6365
3000,stage2,1,0.1820545643568039,0.3421725630760193,0.0,0.1820545643568039,0.0001,1e-05,50.332,3.4979,0.6363
3001,stage2,1,0.17930664122104645,0.3810436725616455,0.0,0.17930664122104645,0.0001,1e-05,50.33,4.905,2.5306
3002,stage2,1,0.22213038802146912,0.3840917944908142,0.0,0.22213038802146912,0.0001,1e-05,50.33,4.1432,0.7211
3003,stage2,1,0.19529397785663605,0.39787545800209045,0.0,0.19529397785663605,0.0001,1e-05,50.329,4.0049,1.7938
3004,stage2,1,0.1479332596063614,0.3500235378742218,0.0,0.1479332596063614,0.0001,1e-05,50.33,2.7459,0.6361
3005,stage2,1,0.1444694846868515,0.3699602484703064,0.0,0.1444694846868515,0.0001,1e-05,50.333,3.3344,0.6367
3006,stage2,1,0.19774608314037323,0.3717840909957886,0.0,0.19774608314037323,0.0001,1e-05,50.33,5.2117,0.6369
3007,stage2,1,0.18317246437072754,0.3814306855201721,0.0,0.18317246437072754,0.0001,1e-05,50.328,4.3086,0.6376
3008,stage2,1,0.18226325511932373,0.35282841324806213,0.0,0.18226325511932373,0.0001,1e-05,50.329,4.2745,0.6373
3009,stage2,1,0.1998778134584427,0.385303258895874,0.0,0.1998778134584427,0.0001,1e-05,50.33,3.7867,2.561
3010,stage2,1,0.1840847134590149,0.38027283549308777,0.0,0.1840847134590149,0.0001,1e-05,50.33,5.2299,0.737
3011,stage2,1,0.19271236658096313,0.36615198850631714,0.0,0.19271236658096313,0.0001,1e-05,50.333,3.9536,1.8339
3012,stage2,1,0.17221787571907043,0.3456760346889496,0.0,0.17221787571907043,0.0001,1e-05,50.328,4.9218,0.6359
3013,stage2,1,0.18301214277744293,0.34471872448921204,0.0,0.18301214277744293,0.0001,1e-05,50.328,3.4889,0.6364
3014,stage2,1,0.16340218484401703,0.374590128660202,0.0,0.16340218484401703,0.0001,1e-05,50.328,3.6744,0.6363
3015,stage2,1,0.1517356038093567,0.3261015713214874,0.0,0.1517356038093567,0.0001,1e-05,50.332,3.8099,0.6366
3016,stage2,1,0.1876445859670639,0.3682253062725067,0.0,0.1876445859670639,0.0001,1e-05,50.332,4.7098,0.6368
3017,stage2,1,0.1731405407190323,0.3523852527141571,0.0,0.1731405407190323,0.0001,1e-05,50.33,4.0217,2.5083
3018,stage2,1,0.15180709958076477,0.3532721996307373,0.0,0.15180709958076477,0.0001,1e-05,50.331,3.3887,0.7809
3019,stage2,1,0.18892855942249298,0.36836937069892883,0.0,0.18892855942249298,0.0001,1e-05,50.33,3.9041,1.8383
3020,stage2,1,0.19765706360340118,0.35805466771125793,0.0,0.19765706360340118,0.0001,1e-05,50.332,4.0717,0.6358
3021,stage2,1,0.21992595493793488,0.3939058482646942,0.0,0.21992595493793488,0.0001,1e-05,50.33,5.4163,0.6364
3022,stage2,1,0.19229431450366974,0.3771882951259613,0.0,0.19229431450366974,0.0001,1e-05,50.331,3.9989,0.637
3023,stage2,1,0.21668602526187897,0.37954920530319214,0.0,0.21668602526187897,0.0001,1e-05,50.328,3.816,0.6366
3024,stage2,1,0.1886645257472992,0.3663058578968048,0.0,0.1886645257472992,0.0001,1e-05,50.328,3.8955,0.6376
3025,stage2,1,0.15944749116897583,0.367191344499588,0.0,0.15944749116897583,0.0001,1e-05,50.328,3.3441,2.356
3026,stage2,1,0.1929042488336563,0.36317458748817444,0.0,0.1929042488336563,0.0001,1e-05,50.333,4.5359,0.8567
3027,stage2,1,0.18249307572841644,0.37643158435821533,0.0,0.18249307572841644,0.0001,1e-05,50.329,3.9932,1.8958
3028,stage2,1,0.17477072775363922,0.36556121706962585,0.0,0.17477072775363922,0.0001,1e-05,50.327,3.8692,0.6358
3029,stage2,1,0.16186589002609253,0.3425470292568207,0.0,0.16186589002609253,0.0001,1e-05,50.332,3.2371,0.6361
3030,stage2,1,0.16497252881526947,0.36901769042015076,0.0,0.16497252881526947,0.0001,1e-05,50.332,4.1012,0.6366
3031,stage2,1,0.1980096399784088,0.3574601709842682,0.0,0.1980096399784088,0.0001,1e-05,50.33,4.1219,0.637
3032,stage2,1,0.15409277379512787,0.3901350796222687,0.0,0.15409277379512787,0.0001,1e-05,50.332,3.7062,0.6377
3033,stage2,1,0.18251895904541016,0.36718088388442993,0.0,0.18251895904541016,0.0001,1e-05,50.327,3.8527,2.3147
3034,stage2,1,0.18760843575000763,0.36208105087280273,0.0,0.18760843575000763,0.0001,1e-05,50.329,3.7947,0.8992
3035,stage2,1,0.19959425926208496,0.3544187545776367,0.0,0.19959425926208496,0.0001,1e-05,50.333,4.4999,1.8832
3036,stage2,1,0.21151944994926453,0.37003493309020996,0.0,0.21151944994926453,0.0001,1e-05,50.334,3.9129,0.6363
3037,stage2,1,0.20232239365577698,0.359925240278244,0.0,0.20232239365577698,0.0001,1e-05,50.329,3.7593,0.6366
3038,stage2,1,0.15432728826999664,0.3686332106590271,0.0,0.15432728826999664,0.0001,1e-05,50.331,3.0156,0.637
3039,stage2,1,0.15033560991287231,0.3342132270336151,0.0,0.15033560991287231,0.0001,1e-05,50.331,3.4952,0.6371
3040,stage2,1,0.16715197265148163,0.3579612672328949,0.0,0.16715197265148163,0.0001,1e-05,50.332,3.9206,0.6384
3041,stage2,1,0.17758630216121674,0.3625906705856323,0.0,0.17758630216121674,0.0001,1e-05,50.332,3.7347,2.2109
3042,stage2,1,0.1545933037996292,0.38379886746406555,0.0,0.1545933037996292,0.0001,1e-05,50.331,3.2632,0.9418
3043,stage2,1,0.19649232923984528,0.36238157749176025,0.0,0.19649232923984528,0.0001,1e-05,50.327,4.9517,1.9106
3044,stage2,1,0.1978135108947754,0.36617979407310486,0.0,0.1978135108947754,0.0001,1e-05,50.331,3.4822,0.6364
3045,stage2,1,0.17956678569316864,0.38077425956726074,0.0,0.17956678569316864,0.0001,1e-05,50.33,3.9491,0.6381
3046,stage2,1,0.1705903559923172,0.3741506338119507,0.0,0.1705903559923172,0.0001,1e-05,50.326,3.4839,0.6369
3047,stage2,1,0.1886027753353119,0.3629051446914673,0.0,0.1886027753353119,0.0001,1e-05,50.332,4.1684,0.6376
3048,stage2,1,0.17527459561824799,0.376567542552948,0.0,0.17527459561824799,0.0001,1e-05,50.33,3.7357,0.6389
3049,stage2,1,0.18984755873680115,0.39830252528190613,0.0,0.18984755873680115,0.0001,1e-05,50.333,3.6519,2.1707
3050,stage2,1,0.17800748348236084,0.36101680994033813,0.0,0.17800748348236084,0.0001,1e-05,50.326,4.2292,0.9676
3051,stage2,1,0.1699901670217514,0.33412840962409973,0.0,0.1699901670217514,0.0001,1e-05,50.327,3.3438,2.097
3052,stage2,1,0.17158374190330505,0.37613990902900696,0.0,0.17158374190330505,0.0001,1e-05,50.328,3.7973,0.6368
3053,stage2,1,0.18316198885440826,0.3445272743701935,0.0,0.18316198885440826,0.0001,1e-05,50.332,3.4304,0.6373
3054,stage2,1,0.18301831185817719,0.3755124509334564,0.0,0.18301831185817719,0.0001,1e-05,50.334,6.8625,0.6378
3055,stage2,1,0.16548795998096466,0.35843807458877563,0.0,0.16548795998096466,0.0001,1e-05,50.331,4.0329,0.6381
3056,stage2,1,0.1877061277627945,0.3672159016132355,0.0,0.1877061277627945,0.0001,1e-05,50.331,4.1965,0.6383
3057,stage2,1,0.17923404276371002,0.36564043164253235,0.0,0.17923404276371002,0.0001,1e-05,50.332,3.9424,2.0421
3058,stage2,1,0.2008005529642105,0.41114020347595215,0.0,0.2008005529642105,0.0001,1e-05,50.331,6.2946,1.0871
3059,stage2,1,0.17532852292060852,0.3758923411369324,0.0,0.17532852292060852,0.0001,1e-05,50.333,3.5396,2.0913
3060,stage2,1,0.1712290197610855,0.35796433687210083,0.0,0.1712290197610855,0.0001,1e-05,50.33,3.301,0.636
3061,stage2,1,0.1570543497800827,0.37890228629112244,0.0,0.1570543497800827,0.0001,1e-05,50.327,4.3922,0.6367
3062,stage2,1,0.1881943643093109,0.40351879596710205,0.0,0.1881943643093109,0.0001,1e-05,50.331,3.5253,0.6369
3063,stage2,1,0.1868675798177719,0.3728489577770233,0.0,0.1868675798177719,0.0001,1e-05,50.332,4.2488,0.6381
3064,stage2,1,0.1684045046567917,0.34430524706840515,0.0,0.1684045046567917,0.0001,1e-05,50.332,4.5714,0.6376
3065,stage2,1,0.1952994167804718,0.3768066465854645,0.0,0.1952994167804718,0.0001,1e-05,50.333,4.2477,1.8622
3066,stage2,1,0.17625591158866882,0.39640089869499207,0.0,0.17625591158866882,0.0001,1e-05,50.327,3.8639,1.2049
3067,stage2,1,0.20473240315914154,0.38721489906311035,0.0,0.20473240315914154,0.0001,1e-05,50.328,5.0319,2.0324
3068,stage2,1,0.1557835340499878,0.3482610881328583,0.0,0.1557835340499878,0.0001,1e-05,50.334,3.7672,0.6365
3069,stage2,1,0.17280970513820648,0.35026857256889343,0.0,0.17280970513820648,0.0001,1e-05,50.331,3.2724,0.6369
3070,stage2,1,0.17914393544197083,0.3500004708766937,0.0,0.17914393544197083,0.0001,1e-05,50.335,4.5368,0.6369
3071,stage2,1,0.19088463485240936,0.3660856783390045,0.0,0.19088463485240936,0.0001,1e-05,50.331,4.142,0.6373
3072,stage2,1,0.19399933516979218,0.37665632367134094,0.0,0.19399933516979218,0.0001,1e-05,50.334,3.8923,0.6379
3073,stage2,1,0.17512410879135132,0.3330634534358978,0.0,0.17512410879135132,0.0001,1e-05,50.332,3.723,1.7827
3074,stage2,1,0.22964201867580414,0.36847633123397827,0.0,0.22964201867580414,0.0001,1e-05,50.33,5.7764,1.2383
3075,stage2,1,0.19876058399677277,0.3647054135799408,0.0,0.19876058399677277,0.0001,1e-05,50.331,3.8534,2.112
3076,stage2,1,0.1416933685541153,0.3289974629878998,0.0,0.1416933685541153,0.0001,1e-05,50.334,3.9029,0.6366
3077,stage2,1,0.17566126585006714,0.3779427707195282,0.0,0.17566126585006714,0.0001,1e-05,50.335,3.4101,0.6368
3078,stage2,1,0.19888386130332947,0.36911043524742126,0.0,0.19888386130332947,0.0001,1e-05,50.332,4.0456,0.6367
3079,stage2,1,0.21210472285747528,0.41335731744766235,0.0,0.21210472285747528,0.0001,1e-05,50.33,5.3334,0.6374
3080,stage2,1,0.16967804729938507,0.3702235817909241,0.0,0.16967804729938507,0.0001,1e-05,50.329,3.71,0.6383
3081,stage2,1,0.1702786684036255,0.36344850063323975,0.0,0.1702786684036255,0.0001,1e-05,50.332,2.9922,1.7117
3082,stage2,1,0.18457674980163574,0.3879685699939728,0.0,0.18457674980163574,0.0001,1e-05,50.331,5.0044,1.3298
3083,stage2,1,0.17036394774913788,0.3453235328197479,0.0,0.17036394774913788,0.0001,1e-05,50.329,3.4735,2.0841
3084,stage2,1,0.16447363793849945,0.3685495853424072,0.0,0.16447363793849945,0.0001,1e-05,50.332,3.7849,0.6371
3085,stage2,1,0.16105501353740692,0.4227760434150696,0.0,0.16105501353740692,0.0001,1e-05,50.331,3.6564,0.6364
3086,stage2,1,0.1938643604516983,0.3646078109741211,0.0,0.1938643604516983,0.0001,1e-05,50.33,5.5711,0.6371
3087,stage2,1,0.16372309625148773,0.37466534972190857,0.0,0.16372309625148773,0.0001,1e-05,50.331,3.5525,0.6371
3088,stage2,1,0.20738033950328827,0.39000049233436584,0.0,0.20738033950328827,0.0001,1e-05,50.33,5.2252,0.6372
3089,stage2,1,0.16151706874370575,0.35873091220855713,0.0,0.16151706874370575,0.0001,1e-05,50.33,3.5899,2.0499
3090,stage2,1,0.18803665041923523,0.3737645745277405,0.0,0.18803665041923523,0.0001,1e-05,50.328,4.0928,1.1552
3091,stage2,1,0.17284877598285675,0.3680966794490814,0.0,0.17284877598285675,0.0001,1e-05,50.33,4.5541,2.0291
3092,stage2,1,0.22101570665836334,0.38713395595550537,0.0,0.22101570665836334,0.0001,1e-05,50.332,4.7894,0.6367
3093,stage2,1,0.1570141762495041,0.36128878593444824,0.0,0.1570141762495041,0.0001,1e-05,50.331,3.7521,0.6367
3094,stage2,1,0.18873921036720276,0.3730151057243347,0.0,0.18873921036720276,0.0001,1e-05,50.334,3.4621,0.6369
3095,stage2,1,0.1698867678642273,0.3667497932910919,0.0,0.1698867678642273,0.0001,1e-05,50.328,3.2539,0.6373
3096,stage2,1,0.16747936606407166,0.35356831550598145,0.0,0.16747936606407166,0.0001,1e-05,50.33,3.9486,0.6375
3097,stage2,1,0.16947056353092194,0.372501403093338,0.0,0.16947056353092194,0.0001,1e-05,50.332,3.1739,2.0133
3098,stage2,1,0.17774178087711334,0.3761386275291443,0.0,0.17774178087711334,0.0001,1e-05,50.327,4.8588,1.512
3099,stage2,1,0.1776970773935318,0.3292883336544037,0.0,0.1776970773935318,0.0001,1e-05,50.332,5.1203,1.9041
3100,stage2,1,0.172117218375206,0.3930497169494629,0.0,0.172117218375206,0.0001,1e-05,50.33,2.7725,0.636
3101,stage2,1,0.1869181990623474,0.39063987135887146,0.0,0.1869181990623474,0.0001,1e-05,50.328,4.1111,0.6362
3102,stage2,1,0.18207913637161255,0.4142896234989166,0.0,0.18207913637161255,0.0001,1e-05,50.33,5.0317,0.6378
3103,stage2,1,0.18466037511825562,0.3796336054801941,0.0,0.18466037511825562,0.0001,1e-05,50.329,5.7837,0.6375
3104,stage2,1,0.20549948513507843,0.3619621992111206,0.0,0.20549948513507843,0.0001,1e-05,50.331,4.9359,0.6373
3105,stage2,1,0.18156468868255615,0.3749937117099762,0.0,0.18156468868255615,0.0001,1e-05,50.333,3.3168,1.7354
3106,stage2,1,0.1717369258403778,0.387580007314682,0.0,0.1717369258403778,0.0001,1e-05,50.33,2.9993,1.5453
3107,stage2,1,0.21100562810897827,0.37241989374160767,0.0,0.21100562810897827,0.0001,1e-05,50.332,5.4244,1.9809
3108,stage2,1,0.17338724434375763,0.3665279746055603,0.0,0.17338724434375763,0.0001,1e-05,50.329,4.3385,0.6365
3109,stage2,1,0.1964878886938095,0.3676001727581024,0.0,0.1964878886938095,0.0001,1e-05,50.329,4.2386,0.6368
3110,stage2,1,0.1715153008699417,0.3671407699584961,0.0,0.1715153008699417,0.0001,1e-05,50.332,4.8577,0.6369
3111,stage2,1,0.20099227130413055,0.3653649091720581,0.0,0.20099227130413055,0.0001,1e-05,50.327,3.6381,0.6368
3112,stage2,1,0.17789320647716522,0.3518523871898651,0.0,0.17789320647716522,0.0001,1e-05,50.328,3.8989,0.6373
3113,stage2,1,0.1735677868127823,0.35290050506591797,0.0,0.1735677868127823,0.0001,1e-05,50.331,3.9368,1.623
3114,stage2,1,0.18271949887275696,0.35700762271881104,0.0,0.18271949887275696,0.0001,1e-05,50.33,5.1104,1.6188
3115,stage2,1,0.19882698357105255,0.372261106967926,0.0,0.19882698357105255,0.0001,1e-05,50.328,4.9947,1.9865
3116,stage2,1,0.16033847630023956,0.36800333857536316,0.0,0.16033847630023956,0.0001,1e-05,50.332,3.3912,0.6355
3117,stage2,1,0.1651928722858429,0.3635912537574768,0.0,0.1651928722858429,0.0001,1e-05,50.331,3.7182,0.6364
3118,stage2,1,0.15012669563293457,0.33979740738868713,0.0,0.15012669563293457,0.0001,1e-05,50.333,3.4936,0.6363
3119,stage2,1,0.1856832206249237,0.3455602526664734,0.0,0.1856832206249237,0.0001,1e-05,50.329,3.6172,0.6375
3120,stage2,1,0.1619836390018463,0.3659445643424988,0.0,0.1619836390018463,0.0001,1e-05,50.333,4.4365,0.6373
3121,stage2,1,0.18454685807228088,0.40077102184295654,0.0,0.18454685807228088,0.0001,1e-05,50.334,4.1274,1.5086
3122,stage2,1,0.13917331397533417,0.34901124238967896,0.0,0.13917331397533417,0.0001,1e-05,50.333,3.1333,1.7489
3123,stage2,1,0.18744125962257385,0.3702879548072815,0.0,0.18744125962257385,0.0001,1e-05,50.328,4.4428,1.9104
3124,stage2,1,0.16989362239837646,0.350933313369751,0.0,0.16989362239837646,0.0001,1e-05,50.332,3.8416,0.6355
3125,stage2,1,0.16797557473182678,0.3676297962665558,0.0,0.16797557473182678,0.0001,1e-05,50.334,3.7702,0.6354
3126,stage2,1,0.15623964369297028,0.37078362703323364,0.0,0.15623964369297028,0.0001,1e-05,50.332,3.1837,0.6363
3127,stage2,1,0.22908790409564972,0.40436965227127075,0.0,0.22908790409564972,0.0001,1e-05,50.331,5.056,0.6367
3128,stage2,1,0.13103030622005463,0.3889831006526947,0.0,0.13103030622005463,0.0001,1e-05,50.328,2.8299,0.6374
3129,stage2,1,0.15535123646259308,0.3531656861305237,0.0,0.15535123646259308,0.0001,1e-05,50.332,3.6002,1.3862
3130,stage2,1,0.1717531532049179,0.34935250878334045,0.0,0.1717531532049179,0.0001,1e-05,50.332,3.7736,1.8129
3131,stage2,1,0.1583976000547409,0.3728463351726532,0.0,0.1583976000547409,0.0001,1e-05,50.332,3.7247,1.9451
3132,stage2,1,0.1789298802614212,0.36962807178497314,0.0,0.1789298802614212,0.0001,1e-05,50.33,4.0996,0.6355
3133,stage2,1,0.16660510003566742,0.3701224625110626,0.0,0.16660510003566742,0.0001,1e-05,50.331,4.6227,0.6362
3134,stage2,1,0.1657949984073639,0.3609296679496765,0.0,0.1657949984073639,0.0001,1e-05,50.329,3.5973,0.6364
3135,stage2,1,0.1827293485403061,0.38551634550094604,0.0,0.1827293485403061,0.0001,1e-05,50.332,3.2491,0.637
3136,stage2,1,0.18806321918964386,0.3495557904243469,0.0,0.18806321918964386,0.0001,1e-05,50.332,4.0832,0.637
3137,stage2,1,0.1505359411239624,0.3473331928253174,0.0,0.1505359411239624,0.0001,1e-05,50.332,3.6164,1.1949
3138,stage2,1,0.15142972767353058,0.3709620237350464,0.0,0.15142972767353058,0.0001,1e-05,50.331,3.0158,2.0104
3139,stage2,1,0.19032616913318634,0.4067007005214691,0.0,0.19032616913318634,0.0001,1e-05,50.332,3.9666,1.9212
3140,stage2,1,0.17911940813064575,0.3511197566986084,0.0,0.17911940813064575,0.0001,1e-05,50.332,4.2424,0.6365
3141,stage2,1,0.16247530281543732,0.39001721143722534,0.0,0.16247530281543732,0.0001,1e-05,50.331,3.9597,0.6365
3142,stage2,1,0.1952710747718811,0.39618346095085144,0.0,0.1952710747718811,0.0001,1e-05,50.329,3.9139,0.6361
3143,stage2,1,0.19950386881828308,0.3833683431148529,0.0,0.19950386881828308,0.0001,1e-05,50.334,4.6769,0.6378
3144,stage2,1,0.16900068521499634,0.36266595125198364,0.0,0.16900068521499634,0.0001,1e-05,50.33,3.4986,0.6378
3145,stage2,1,0.18735887110233307,0.3679485321044922,0.0,0.18735887110233307,0.0001,1e-05,50.328,4.4743,1.1799
3146,stage2,1,0.17647221684455872,0.3613736033439636,0.0,0.17647221684455872,0.0001,1e-05,50.329,3.9784,2.134
3147,stage2,1,0.18376535177230835,0.3861643373966217,0.0,0.18376535177230835,0.0001,1e-05,50.331,3.5756,1.8964
3148,stage2,1,0.15603172779083252,0.3670097291469574,0.0,0.15603172779083252,0.0001,1e-05,50.33,3.3667,0.6358
3149,stage2,1,0.18226280808448792,0.3660246431827545,0.0,0.18226280808448792,0.0001,1e-05,50.331,3.753,0.6363
3150,stage2,1,0.17921997606754303,0.37001970410346985,0.0,0.17921997606754303,0.0001,1e-05,50.325,4.0344,0.6367
3151,stage2,1,0.1691044420003891,0.35823532938957214,0.0,0.1691044420003891,0.0001,1e-05,50.329,4.1373,0.6368
3152,stage2,1,0.1680225133895874,0.3560282289981842,0.0,0.1680225133895874,0.0001,1e-05,50.331,4.3282,0.6372
3153,stage2,1,0.18332922458648682,0.36364778876304626,0.0,0.18332922458648682,0.0001,1e-05,50.33,3.5693,1.0654
3154,stage2,1,0.2216372787952423,0.382241427898407,0.0,0.2216372787952423,0.0001,1e-05,50.334,3.9263,2.2072
3155,stage2,1,0.19527985155582428,0.3802797198295593,0.0,0.19527985155582428,0.0001,1e-05,50.332,4.013,1.805
3156,stage2,1,0.15657168626785278,0.3501841127872467,0.0,0.15657168626785278,0.0001,1e-05,50.328,2.6125,0.6355
3157,stage2,1,0.14280015230178833,0.3411283493041992,0.0,0.14280015230178833,0.0001,1e-05,50.326,3.227,0.6358
3158,stage2,1,0.14589209854602814,0.34988561272621155,0.0,0.14589209854602814,0.0001,1e-05,50.327,3.5649,0.6353
3159,stage2,1,0.20895296335220337,0.3520393967628479,0.0,0.20895296335220337,0.0001,1e-05,50.332,5.0766,0.6373
3160,stage2,1,0.17298464477062225,0.35648128390312195,0.0,0.17298464477062225,0.0001,1e-05,50.331,3.3909,0.637
3161,stage2,1,0.18466323614120483,0.3576629161834717,0.0,0.18466323614120483,0.0001,1e-05,50.329,3.9055,1.1448
3162,stage2,1,0.1314133107662201,0.3392334580421448,0.0,0.1314133107662201,0.0001,1e-05,50.331,3.8899,2.3245
3163,stage2,1,0.16273227334022522,0.3532825708389282,0.0,0.16273227334022522,0.0001,1e-05,50.328,3.5871,1.7216
3164,stage2,1,0.15024450421333313,0.37047648429870605,0.0,0.15024450421333313,0.0001,1e-05,50.332,3.6534,0.6352
3165,stage2,1,0.1645030528306961,0.3448554575443268,0.0,0.1645030528306961,0.0001,1e-05,50.332,3.2212,0.6358
3166,stage2,1,0.13747644424438477,0.39781200885772705,0.0,0.13747644424438477,0.0001,1e-05,50.331,2.7334,0.6362
3167,stage2,1,0.17815713584423065,0.35329899191856384,0.0,0.17815713584423065,0.0001,1e-05,50.332,3.856,0.6365
3168,stage2,1,0.1447787880897522,0.39045336842536926,0.0,0.1447787880897522,0.0001,1e-05,50.332,3.5344,0.6368
3169,stage2,1,0.1931338757276535,0.3735341727733612,0.0,0.1931338757276535,0.0001,1e-05,50.335,4.7753,1.098
3170,stage2,1,0.19846226274967194,0.38689330220222473,0.0,0.19846226274967194,0.0001,1e-05,50.332,4.1486,2.357
3171,stage2,1,0.18505807220935822,0.3707965910434723,0.0,0.18505807220935822,0.0001,1e-05,50.335,3.8467,1.7051
3172,stage2,1,0.1712484061717987,0.3518304228782654,0.0,0.1712484061717987,0.0001,1e-05,50.337,3.8015,0.6358
3173,stage2,1,0.17820587754249573,0.3633248507976532,0.0,0.17820587754249573,0.0001,1e-05,50.333,3.7662,0.6356
3174,stage2,1,0.16432160139083862,0.3838941752910614,0.0,0.16432160139083862,0.0001,1e-05,50.331,3.4016,0.6363
3175,stage2,1,0.1714169681072235,0.38351690769195557,0.0,0.1714169681072235,0.0001,1e-05,50.334,5.3037,0.6367
3176,stage2,1,0.17347648739814758,0.36539146304130554,0.0,0.17347648739814758,0.0001,1e-05,50.328,3.3235,0.6374
3177,stage2,1,0.19092528522014618,0.35657361149787903,0.0,0.19092528522014618,0.0001,1e-05,50.332,3.5798,1.0379
3178,stage2,1,0.1815219223499298,0.33097347617149353,0.0,0.1815219223499298,0.0001,1e-05,50.332,3.5566,2.41
3179,stage2,1,0.17690999805927277,0.33599817752838135,0.0,0.17690999805927277,0.0001,1e-05,50.331,5.4676,1.7804
3180,stage2,1,0.14517581462860107,0.40878620743751526,0.0,0.14517581462860107,0.0001,1e-05,50.332,3.4598,0.6352
3181,stage2,1,0.14670199155807495,0.37049543857574463,0.0,0.14670199155807495,0.0001,1e-05,50.328,3.5312,0.636
3182,stage2,1,0.17860476672649384,0.369385689496994,0.0,0.17860476672649384,0.0001,1e-05,50.329,4.6693,0.6362
3183,stage2,1,0.1570567637681961,0.33913931250572205,0.0,0.1570567637681961,0.0001,1e-05,50.335,3.6404,0.6369
3184,stage2,1,0.19271153211593628,0.34745097160339355,0.0,0.19271153211593628,0.0001,1e-05,50.335,3.5403,0.6369
3185,stage2,1,0.17212465405464172,0.35289016366004944,0.0,0.17212465405464172,0.0001,1e-05,50.335,3.6452,0.9515
3186,stage2,1,0.16955149173736572,0.3444341719150543,0.0,0.16955149173736572,0.0001,1e-05,50.335,3.2553,2.3774
3187,stage2,1,0.16877898573875427,0.35628873109817505,0.0,0.16877898573875427,0.0001,1e-05,50.334,3.6674,1.9779
3188,stage2,1,0.1455678939819336,0.34547415375709534,0.0,0.1455678939819336,0.0001,1e-05,50.331,3.8802,0.6349
3189,stage2,1,0.19656959176063538,0.37165433168411255,0.0,0.19656959176063538,0.0001,1e-05,50.334,4.1697,0.6353
3190,stage2,1,0.17598219215869904,0.38288766145706177,0.0,0.17598219215869904,0.0001,1e-05,50.333,3.7559,0.6357
3191,stage2,1,0.15249952673912048,0.34789830446243286,0.0,0.15249952673912048,0.0001,1e-05,50.329,4.6833,0.6358
3192,stage2,1,0.18236351013183594,0.357194185256958,0.0,0.18236351013183594,0.0001,1e-05,50.335,5.2823,0.6357
3193,stage2,1,0.1831701397895813,0.3774960935115814,0.0,0.1831701397895813,0.0001,1e-05,50.328,3.7279,0.7465
3194,stage2,1,0.20084546506404877,0.36634770035743713,0.0,0.20084546506404877,0.0001,1e-05,50.33,4.643,2.3741
3195,stage2,1,0.16580955684185028,0.4081237316131592,0.0,0.16580955684185028,0.0001,1e-05,50.331,3.7548,2.1084
3196,stage2,1,0.1972816437482834,0.3507560193538666,0.0,0.1972816437482834,0.0001,1e-05,50.332,3.9216,0.6348
3197,stage2,1,0.18517442047595978,0.37519320845603943,0.0,0.18517442047595978,0.0001,1e-05,50.334,3.935,0.6355
3198,stage2,1,0.18347348272800446,0.3433062434196472,0.0,0.18347348272800446,0.0001,1e-05,50.334,4.0819,0.6358
3199,stage2,1,0.18253333866596222,0.35571756958961487,0.0,0.18253333866596222,0.0001,1e-05,50.333,3.6643,0.6358
3200,stage2,1,0.19934433698654175,0.3647225797176361,0.0,0.19934433698654175,0.0001,1e-05,50.335,3.9464,0.6358
3201,stage2,1,0.16290199756622314,0.34522122144699097,0.0,0.16290199756622314,0.0001,1e-05,50.332,3.3361,0.6367
3202,stage2,1,0.18593141436576843,0.35992610454559326,0.0,0.18593141436576843,0.0001,1e-05,50.331,3.805,2.3314
3203,stage2,1,0.16869127750396729,0.36854684352874756,0.0,0.16869127750396729,0.0001,1e-05,50.336,4.7898,2.2994
3204,stage2,1,0.1818465143442154,0.3564636707305908,0.0,0.1818465143442154,0.0001,1e-05,50.331,5.2789,0.635
3205,stage2,1,0.18670301139354706,0.36690062284469604,0.0,0.18670301139354706,0.0001,1e-05,50.331,3.9991,0.635
3206,stage2,1,0.1843692660331726,0.3514063358306885,0.0,0.1843692660331726,0.0001,1e-05,50.332,3.82,0.6352
3207,stage2,1,0.15660616755485535,0.33714792132377625,0.0,0.15660616755485535,0.0001,1e-05,50.33,3.9087,0.6356
3208,stage2,1,0.1668386459350586,0.36046549677848816,0.0,0.1668386459350586,0.0001,1e-05,50.332,3.5955,0.636
3209,stage2,1,0.20936471223831177,0.35634440183639526,0.0,0.20936471223831177,0.0001,1e-05,50.33,5.738,0.6366
3210,stage2,1,0.18890386819839478,0.3761475086212158,0.0,0.18890386819839478,0.0001,1e-05,50.325,4.8613,2.2124
3211,stage2,1,0.17852884531021118,0.3608262240886688,0.0,0.17852884531021118,0.0001,1e-05,50.328,3.8789,2.401
3212,stage2,1,0.16061532497406006,0.3525099754333496,0.0,0.16061532497406006,0.0001,1e-05,50.332,3.6766,0.6347
3213,stage2,1,0.18718920648097992,0.35058900713920593,0.0,0.18718920648097992,0.0001,1e-05,50.331,4.2946,0.6354
3214,stage2,1,0.16667386889457703,0.3359372615814209,0.0,0.16667386889457703,0.0001,1e-05,50.329,3.7534,0.6358
3215,stage2,1,0.1773509681224823,0.33544450998306274,0.0,0.1773509681224823,0.0001,1e-05,50.332,3.8855,0.6357
3216,stage2,1,0.1727059781551361,0.3599322736263275,0.0,0.1727059781551361,0.0001,1e-05,50.332,4.0238,0.6357
3217,stage2,1,0.16757090389728546,0.3547273874282837,0.0,0.16757090389728546,0.0001,1e-05,50.33,3.6616,0.6369
3218,stage2,1,0.1531364470720291,0.3534012734889984,0.0,0.1531364470720291,0.0001,1e-05,50.329,3.0603,2.1351
3219,stage2,1,0.16908478736877441,0.3590330481529236,0.0,0.16908478736877441,0.0001,1e-05,50.331,3.7776,2.4529
3220,stage2,1,0.15980258584022522,0.34596386551856995,0.0,0.15980258584022522,0.0001,1e-05,50.331,4.3898,0.6347
3221,stage2,1,0.18915021419525146,0.3600512742996216,0.0,0.18915021419525146,0.0001,1e-05,50.33,4.0356,0.6355
3222,stage2,1,0.16079849004745483,0.3858427405357361,0.0,0.16079849004745483,0.0001,1e-05,50.336,4.2056,0.6362
3223,stage2,1,0.16806945204734802,0.36747562885284424,0.0,0.16806945204734802,0.0001,1e-05,50.332,3.8168,0.6365
3224,stage2,1,0.22828564047813416,0.3803246319293976,0.0,0.22828564047813416,0.0001,1e-05,50.333,4.4209,0.6355
3225,stage2,1,0.18977294862270355,0.3552059531211853,0.0,0.18977294862270355,0.0001,1e-05,50.331,4.836,0.6361
3226,stage2,1,0.19316451251506805,0.37067240476608276,0.0,0.19316451251506805,0.0001,1e-05,50.329,4.7341,2.0319
3227,stage2,1,0.17652612924575806,0.3840569853782654,0.0,0.17652612924575806,0.0001,1e-05,50.331,3.4412,2.5324
3228,stage2,1,0.17388422787189484,0.3898296058177948,0.0,0.17388422787189484,0.0001,1e-05,50.328,3.9126,0.6341
3229,stage2,1,0.15253116190433502,0.3748877942562103,0.0,0.15253116190433502,0.0001,1e-05,50.332,2.9118,0.6358
3230,stage2,1,0.1704079508781433,0.39808109402656555,0.0,0.1704079508781433,0.0001,1e-05,50.337,3.5809,0.6351
3231,stage2,1,0.16654528677463531,0.3849830627441406,0.0,0.16654528677463531,0.0001,1e-05,50.336,3.798,0.6356
3232,stage2,1,0.1699962466955185,0.3638288080692291,0.0,0.1699962466955185,0.0001,1e-05,50.334,3.5855,0.64
3233,stage2,1,0.17848363518714905,0.33065661787986755,0.0,0.17848363518714905,0.0001,1e-05,50.33,4.6049,0.6358
3234,stage2,1,0.16036345064640045,0.34552302956581116,0.0,0.16036345064640045,0.0001,1e-05,50.332,3.8081,1.8782
3235,stage2,1,0.20160730183124542,0.3816480338573456,0.0,0.20160730183124542,0.0001,1e-05,50.33,4.1856,2.711
3236,stage2,1,0.17170464992523193,0.34476837515830994,0.0,0.17170464992523193,0.0001,1e-05,50.332,3.6966,0.6337
3237,stage2,1,0.1762388050556183,0.37517598271369934,0.0,0.1762388050556183,0.0001,1e-05,50.332,4.7844,0.6345
3238,stage2,1,0.1849166452884674,0.35778680443763733,0.0,0.1849166452884674,0.0001,1e-05,50.33,4.9869,0.6351
3239,stage2,1,0.18363502621650696,0.36547350883483887,0.0,0.18363502621650696,0.0001,1e-05,50.33,4.1176,0.6352
3240,stage2,1,0.15092839300632477,0.3537127673625946,0.0,0.15092839300632477,0.0001,1e-05,50.326,3.3693,0.6358
3241,stage2,1,0.20780311524868011,0.3849962651729584,0.0,0.20780311524868011,0.0001,1e-05,50.331,5.3432,0.6357
3242,stage2,1,0.15999199450016022,0.3375891149044037,0.0,0.15999199450016022,0.0001,1e-05,50.331,4.6328,1.7147
3243,stage2,1,0.17704837024211884,0.3479447364807129,0.0,0.17704837024211884,0.0001,1e-05,50.33,4.2136,2.822
3244,stage2,1,0.18753044307231903,0.3685764968395233,0.0,0.18753044307231903,0.0001,1e-05,50.331,3.7657,0.6342
3245,stage2,1,0.17005519568920135,0.38971105217933655,0.0,0.17005519568920135,0.0001,1e-05,50.327,3.7584,0.6346
3246,stage2,1,0.18352527916431427,0.37942394614219666,0.0,0.18352527916431427,0.0001,1e-05,50.333,4.1104,0.635
3247,stage2,1,0.18310029804706573,0.37859007716178894,0.0,0.18310029804706573,0.0001,1e-05,50.327,4.439,0.6355
3248,stage2,1,0.16795429587364197,0.35356345772743225,0.0,0.16795429587364197,0.0001,1e-05,50.332,4.1127,0.6358
3249,stage2,1,0.17440344393253326,0.371060848236084,0.0,0.17440344393253326,0.0001,1e-05,50.33,4.0312,0.6361
3250,stage2,1,0.16256678104400635,0.3269496262073517,0.0,0.16256678104400635,0.0001,1e-05,50.331,3.528,1.6062
3251,stage2,1,0.1741916835308075,0.3747890591621399,0.0,0.1741916835308075,0.0001,1e-05,50.334,4.4855,2.9961
3252,stage2,1,0.15990498661994934,0.3589707612991333,0.0,0.15990498661994934,0.0001,1e-05,50.332,3.6999,0.6337
3253,stage2,1,0.16416023671627045,0.36476555466651917,0.0,0.16416023671627045,0.0001,1e-05,50.33,3.4993,0.6348
3254,stage2,1,0.19571538269519806,0.3839870095252991,0.0,0.19571538269519806,0.0001,1e-05,50.327,4.5229,0.6351
3255,stage2,1,0.17738603055477142,0.39849787950515747,0.0,0.17738603055477142,0.0001,1e-05,50.33,3.7693,0.6354
3256,stage2,1,0.1761806458234787,0.38062387704849243,0.0,0.1761806458234787,0.0001,1e-05,50.332,4.6691,0.6394
3257,stage2,1,0.1561511754989624,0.35879454016685486,0.0,0.1561511754989624,0.0001,1e-05,50.331,3.4082,0.6356
3258,stage2,1,0.16873718798160553,0.36338168382644653,0.0,0.16873718798160553,0.0001,1e-05,50.332,4.2216,1.4759
3259,stage2,1,0.16401050984859467,0.35203850269317627,0.0,0.16401050984859467,0.0001,1e-05,50.331,3.9717,3.0781
3260,stage2,1,0.17075957357883453,0.33787474036216736,0.0,0.17075957357883453,0.0001,1e-05,50.335,3.5942,0.6352
3261,stage2,1,0.1539439707994461,0.33097317814826965,0.0,0.1539439707994461,0.0001,1e-05,50.328,3.7835,0.6348
3262,stage2,1,0.14733682572841644,0.3434961140155792,0.0,0.14733682572841644,0.0001,1e-05,50.331,4.2528,0.6354
3263,stage2,1,0.17110443115234375,0.3695868253707886,0.0,0.17110443115234375,0.0001,1e-05,50.327,4.5309,0.6355
3264,stage2,1,0.16235223412513733,0.3350123167037964,0.0,0.16235223412513733,0.0001,1e-05,50.33,3.7436,0.6356
3265,stage2,1,0.16344526410102844,0.37158116698265076,0.0,0.16344526410102844,0.0001,1e-05,50.327,3.5291,0.6362
3266,stage2,1,0.17628416419029236,0.358763188123703,0.0,0.17628416419029236,0.0001,1e-05,50.332,4.3013,1.4047
3267,stage2,1,0.20118466019630432,0.3765866160392761,0.0,0.20118466019630432,0.0001,1e-05,50.33,5.3662,3.1171
3268,stage2,1,0.18519459664821625,0.39433538913726807,0.0,0.18519459664821625,0.0001,1e-05,50.332,4.681,0.6347
3269,stage2,1,0.19088433682918549,0.3859406113624573,0.0,0.19088433682918549,0.0001,1e-05,50.33,4.0658,0.6346
3270,stage2,1,0.1720283031463623,0.3622540235519409,0.0,0.1720283031463623,0.0001,1e-05,50.328,4.4885,0.6348
3271,stage2,1,0.18155403435230255,0.34012362360954285,0.0,0.18155403435230255,0.0001,1e-05,50.328,3.1725,0.6381
3272,stage2,1,0.1769760400056839,0.34697258472442627,0.0,0.1769760400056839,0.0001,1e-05,50.328,3.3103,0.6354
3273,stage2,1,0.14644768834114075,0.3546201288700104,0.0,0.14644768834114075,0.0001,1e-05,50.333,3.2642,0.6362
3274,stage2,1,0.16872912645339966,0.35303041338920593,0.0,0.16872912645339966,0.0001,1e-05,50.326,3.5987,1.4322
3275,stage2,1,0.15839803218841553,0.36761996150016785,0.0,0.15839803218841553,0.0001,1e-05,50.329,3.6018,3.1198
3276,stage2,1,0.14670121669769287,0.33867278695106506,0.0,0.14670121669769287,0.0001,1e-05,50.328,3.5868,0.6338
3277,stage2,1,0.1794893443584442,0.3670521080493927,0.0,0.1794893443584442,0.0001,1e-05,50.327,4.3415,0.6341
3278,stage2,1,0.1642160713672638,0.3492981195449829,0.0,0.1642160713672638,0.0001,1e-05,50.329,3.4122,0.6346
3279,stage2,1,0.15879464149475098,0.3676565885543823,0.0,0.15879464149475098,0.0001,1e-05,50.332,3.5696,0.6357
3280,stage2,1,0.1736024022102356,0.3741852045059204,0.0,0.1736024022102356,0.0001,1e-05,50.332,4.3334,0.636
3281,stage2,1,0.18184944987297058,0.3538341820240021,0.0,0.18184944987297058,0.0001,1e-05,50.332,4.0764,0.6374
3282,stage2,1,0.182169571518898,0.369946151971817,0.0,0.182169571518898,0.0001,1e-05,50.335,4.7401,1.4671
3283,stage2,1,0.16273052990436554,0.38151097297668457,0.0,0.16273052990436554,0.0001,1e-05,50.332,3.6191,3.0894
3284,stage2,1,0.16177403926849365,0.33571019768714905,0.0,0.16177403926849365,0.0001,1e-05,50.329,4.3579,0.6333
3285,stage2,1,0.16773101687431335,0.36188825964927673,0.0,0.16773101687431335,0.0001,1e-05,50.329,3.3815,0.6342
3286,stage2,1,0.16067613661289215,0.35967400670051575,0.0,0.16067613661289215,0.0001,1e-05,50.326,3.6508,0.6352
3287,stage2,1,0.15619131922721863,0.3630964457988739,0.0,0.15619131922721863,0.0001,1e-05,50.333,3.1169,0.6351
3288,stage2,1,0.1579243391752243,0.3419956862926483,0.0,0.1579243391752243,0.0001,1e-05,50.326,3.1716,0.6352
3289,stage2,1,0.1577378660440445,0.3758696913719177,0.0,0.1577378660440445,0.0001,1e-05,50.329,4.0041,0.6357
3290,stage2,1,0.16426248848438263,0.3560340702533722,0.0,0.16426248848438263,0.0001,1e-05,50.326,3.6801,1.3942
3291,stage2,1,0.17286019027233124,0.3476310074329376,0.0,0.17286019027233124,0.0001,1e-05,50.331,3.6245,3.1351
3292,stage2,1,0.13928118348121643,0.35673364996910095,0.0,0.13928118348121643,0.0001,1e-05,50.329,3.4774,0.6336
3293,stage2,1,0.16760678589344025,0.33969637751579285,0.0,0.16760678589344025,0.0001,1e-05,50.331,3.1272,0.6346
3294,stage2,1,0.18034197390079498,0.3623296916484833,0.0,0.18034197390079498,0.0001,1e-05,50.332,3.9779,0.6343
3295,stage2,1,0.17563846707344055,0.35724499821662903,0.0,0.17563846707344055,0.0001,1e-05,50.331,3.2071,0.6358
3296,stage2,1,0.15776434540748596,0.35227808356285095,0.0,0.15776434540748596,0.0001,1e-05,50.33,3.9177,0.6353
3297,stage2,1,0.14852356910705566,0.3563127815723419,0.0,0.14852356910705566,0.0001,1e-05,50.331,3.3026,0.6349
3298,stage2,1,0.1814916580915451,0.35645273327827454,0.0,0.1814916580915451,0.0001,1e-05,50.33,3.7514,1.2991
3299,stage2,1,0.15246239304542542,0.33889085054397583,0.0,0.15246239304542542,0.0001,1e-05,50.331,3.0577,3.3082
3300,stage2,1,0.17754597961902618,0.33283376693725586,0.0,0.17754597961902618,0.0001,1e-05,50.329,4.0338,0.6337
3301,stage2,1,0.13489501178264618,0.35432296991348267,0.0,0.13489501178264618,0.0001,1e-05,50.331,3.5439,0.6341
3302,stage2,1,0.18237271904945374,0.3834415078163147,0.0,0.18237271904945374,0.0001,1e-05,50.33,4.0943,0.635
3303,stage2,1,0.1846272349357605,0.35201141238212585,0.0,0.1846272349357605,0.0001,1e-05,50.332,3.6915,0.6356
3304,stage2,1,0.16200971603393555,0.35121291875839233,0.0,0.16200971603393555,0.0001,1e-05,50.331,3.8005,0.6349
3305,stage2,1,0.17655543982982635,0.36862272024154663,0.0,0.17655543982982635,0.0001,1e-05,50.334,3.752,0.6354
3306,stage2,1,0.16686084866523743,0.3415166735649109,0.0,0.16686084866523743,0.0001,1e-05,50.33,3.1052,1.1277
3307,stage2,1,0.17305943369865417,0.37473544478416443,0.0,0.17305943369865417,0.0001,1e-05,50.331,3.5568,3.3662
3308,stage2,1,0.1508423537015915,0.3305973708629608,0.0,0.1508423537015915,0.0001,1e-05,50.332,3.2877,0.6339
3309,stage2,1,0.17195016145706177,0.35383883118629456,0.0,0.17195016145706177,0.0001,1e-05,50.329,4.0046,0.6341
3310,stage2,1,0.17650994658470154,0.3508753478527069,0.0,0.17650994658470154,0.0001,1e-05,50.329,3.9361,0.6345
3311,stage2,1,0.17140436172485352,0.34094953536987305,0.0,0.17140436172485352,0.0001,1e-05,50.329,4.1387,0.6347
3312,stage2,1,0.18621988594532013,0.3589673340320587,0.0,0.18621988594532013,0.0001,1e-05,50.332,4.7357,0.6355
3313,stage2,1,0.17623956501483917,0.34180396795272827,0.0,0.17623956501483917,0.0001,1e-05,50.333,4.3215,0.6357
3314,stage2,1,0.1620170623064041,0.38006842136383057,0.0,0.1620170623064041,0.0001,1e-05,50.329,3.2754,1.027
3315,stage2,1,0.1392870843410492,0.3462067246437073,0.0,0.1392870843410492,0.0001,1e-05,50.328,3.7012,3.4666
3316,stage2,1,0.15893371403217316,0.31749215722084045,0.0,0.15893371403217316,0.0001,1e-05,50.329,3.2558,0.6335
3317,stage2,1,0.17217408120632172,0.36737295985221863,0.0,0.17217408120632172,0.0001,1e-05,50.33,3.973,0.6339
3318,stage2,1,0.18472234904766083,0.3769676685333252,0.0,0.18472234904766083,0.0001,1e-05,50.327,3.9581,0.6357
3319,stage2,1,0.16611972451210022,0.3514893352985382,0.0,0.16611972451210022,0.0001,1e-05,50.331,4.0616,0.6354
3320,stage2,1,0.17792372405529022,0.36177220940589905,0.0,0.17792372405529022,0.0001,1e-05,50.329,4.7246,0.6353
3321,stage2,1,0.15705403685569763,0.3440990149974823,0.0,0.15705403685569763,0.0001,1e-05,50.335,3.2791,0.6361
3322,stage2,1,0.16547605395317078,0.3563999533653259,0.0,0.16547605395317078,0.0001,1e-05,50.334,3.5895,1.005
3323,stage2,1,0.14996527135372162,0.367003470659256,0.0,0.14996527135372162,0.0001,1e-05,50.33,3.6036,3.5201
3324,stage2,1,0.17764538526535034,0.3465634882450104,0.0,0.17764538526535034,0.0001,1e-05,50.33,3.7057,0.6341
3325,stage2,1,0.1440095454454422,0.3281135857105255,0.0,0.1440095454454422,0.0001,1e-05,50.334,2.9276,0.6346
3326,stage2,1,0.16917984187602997,0.33579784631729126,0.0,0.16917984187602997,0.0001,1e-05,50.331,3.6246,0.64
3327,stage2,1,0.15560708940029144,0.33157768845558167,0.0,0.15560708940029144,0.0001,1e-05,50.33,3.7078,0.6346
3328,stage2,1,0.17610403895378113,0.37626442313194275,0.0,0.17610403895378113,0.0001,1e-05,50.33,4.4425,0.6346
3329,stage2,1,0.1512126475572586,0.36562952399253845,0.0,0.1512126475572586,0.0001,1e-05,50.329,3.8462,0.6355
3330,stage2,1,0.13779935240745544,0.31166723370552063,0.0,0.13779935240745544,0.0001,1e-05,50.33,3.7797,0.929
3331,stage2,1,0.13331086933612823,0.3542586863040924,0.0,0.13331086933612823,0.0001,1e-05,50.331,3.77,3.5645
3332,stage2,1,0.19093090295791626,0.36932572722435,0.0,0.19093090295791626,0.0001,1e-05,50.33,4.2664,0.6343
3333,stage2,1,0.1761949360370636,0.3415287137031555,0.0,0.1761949360370636,0.0001,1e-05,50.331,4.8145,0.6343
3334,stage2,1,0.15084883570671082,0.3661447763442993,0.0,0.15084883570671082,0.0001,1e-05,50.331,3.2244,0.638
3335,stage2,1,0.17823615670204163,0.356231153011322,0.0,0.17823615670204163,0.0001,1e-05,50.331,3.9862,0.6354
3336,stage2,1,0.18401382863521576,0.3753396272659302,0.0,0.18401382863521576,0.0001,1e-05,50.329,3.8369,0.6353
3337,stage2,1,0.1699301302433014,0.3793802261352539,0.0,0.1699301302433014,0.0001,1e-05,50.329,4.6916,0.6359
3338,stage2,1,0.1853708028793335,0.3718567490577698,0.0,0.1853708028793335,0.0001,1e-05,50.334,4.9022,0.9123
3339,stage2,1,0.17093665897846222,0.3758862018585205,0.0,0.17093665897846222,0.0001,1e-05,50.331,3.7748,3.7586
3340,stage2,1,0.15600785613059998,0.3153453469276428,0.0,0.15600785613059998,0.0001,1e-05,50.332,3.0012,0.6335
3341,stage2,1,0.1462254822254181,0.37180861830711365,0.0,0.1462254822254181,0.0001,1e-05,50.33,3.8891,0.6349
3342,stage2,1,0.16963128745555878,0.3822868764400482,0.0,0.16963128745555878,0.0001,1e-05,50.332,3.7847,0.6348
3343,stage2,1,0.18322359025478363,0.3430802524089813,0.0,0.18322359025478363,0.0001,1e-05,50.329,5.0817,0.6356
3344,stage2,1,0.1745174378156662,0.3653755486011505,0.0,0.1745174378156662,0.0001,1e-05,50.329,3.6206,0.6349
3345,stage2,1,0.16565412282943726,0.37172746658325195,0.0,0.16565412282943726,0.0001,1e-05,50.33,3.3837,0.6355
3346,stage2,1,0.1801673173904419,0.363398015499115,0.0,0.1801673173904419,0.0001,1e-05,50.331,3.9249,0.756
3347,stage2,1,0.16126804053783417,0.35208049416542053,0.0,0.16126804053783417,0.0001,1e-05,50.324,3.6112,3.8968
3348,stage2,1,0.17016886174678802,0.3658832013607025,0.0,0.17016886174678802,0.0001,1e-05,50.329,3.5285,0.6349
3349,stage2,1,0.13901901245117188,0.3216129541397095,0.0,0.13901901245117188,0.0001,1e-05,50.328,3.5884,0.6348
3350,stage2,1,0.1586991846561432,0.3519424796104431,0.0,0.1586991846561432,0.0001,1e-05,50.33,3.5143,0.6348
3351,stage2,1,0.15297706425189972,0.37626639008522034,0.0,0.15297706425189972,0.0001,1e-05,50.326,4.1641,0.635
3352,stage2,1,0.16985172033309937,0.3560159206390381,0.0,0.16985172033309937,0.0001,1e-05,50.333,3.8234,0.6357
3353,stage2,1,0.1605631560087204,0.3626773953437805,0.0,0.1605631560087204,0.0001,1e-05,50.332,4.2139,0.6354
3354,stage2,1,0.15489153563976288,0.37780988216400146,0.0,0.15489153563976288,0.0001,1e-05,50.33,3.9823,0.6888
3355,stage2,1,0.14138512313365936,0.38210782408714294,0.0,0.14138512313365936,0.0001,1e-05,50.328,3.7553,3.8365
3356,stage2,1,0.16987279057502747,0.35802626609802246,0.0,0.16987279057502747,0.0001,1e-05,50.331,4.3709,0.6333
3357,stage2,1,0.17302849888801575,0.365080326795578,0.0,0.17302849888801575,0.0001,1e-05,50.328,4.4023,0.6341
3358,stage2,1,0.15185420215129852,0.35478389263153076,0.0,0.15185420215129852,0.0001,1e-05,50.326,3.669,0.6391
3359,stage2,1,0.17073175311088562,0.3757988512516022,0.0,0.17073175311088562,0.0001,1e-05,50.327,3.727,0.6348
3360,stage2,1,0.14323391020298004,0.33900803327560425,0.0,0.14323391020298004,0.0001,1e-05,50.329,3.94,0.6353
3361,stage2,1,0.1736104041337967,0.37191933393478394,0.0,0.1736104041337967,0.0001,1e-05,50.328,3.6404,0.636
3362,stage2,1,0.1673237681388855,0.36872684955596924,0.0,0.1673237681388855,0.0001,1e-05,50.329,3.8368,0.6508
3363,stage2,1,0.16103903949260712,0.32670366764068604,0.0,0.16103903949260712,0.0001,1e-05,50.331,3.6628,3.7805
3364,stage2,1,0.17750225961208344,0.35962024331092834,0.0,0.17750225961208344,0.0001,1e-05,50.33,3.5054,0.6336
3365,stage2,1,0.15690602362155914,0.3442800045013428,0.0,0.15690602362155914,0.0001,1e-05,50.331,3.9322,0.6341
3366,stage2,1,0.16271863877773285,0.38116374611854553,0.0,0.16271863877773285,0.0001,1e-05,50.327,3.9387,0.6385
3367,stage2,1,0.1886640042066574,0.36483433842658997,0.0,0.1886640042066574,0.0001,1e-05,50.331,4.6816,0.6352
3368,stage2,1,0.15464754402637482,0.3548130691051483,0.0,0.15464754402637482,0.0001,1e-05,50.331,4.1662,0.6359
3369,stage2,1,0.1712619513273239,0.35887667536735535,0.0,0.1712619513273239,0.0001,1e-05,50.327,3.3471,0.6358
3370,stage2,1,0.13256032764911652,0.3685815632343292,0.0,0.13256032764911652,0.0001,1e-05,50.329,3.4102,0.6902
3371,stage2,1,0.20266185700893402,0.37960126996040344,0.0,0.20266185700893402,0.0001,1e-05,50.332,3.8458,3.7897
3372,stage2,1,0.1405055969953537,0.3684385418891907,0.0,0.1405055969953537,0.0001,1e-05,50.332,4.1499,0.6344
3373,stage2,1,0.16406503319740295,0.3599577248096466,0.0,0.16406503319740295,0.0001,1e-05,50.33,4.072,0.6347
3374,stage2,1,0.17161700129508972,0.359356552362442,0.0,0.17161700129508972,0.0001,1e-05,50.33,4.8333,0.6346
3375,stage2,1,0.18199539184570312,0.3464497923851013,0.0,0.18199539184570312,0.0001,1e-05,50.332,4.127,0.6348
3376,stage2,1,0.1382216215133667,0.3501773476600647,0.0,0.1382216215133667,0.0001,1e-05,50.331,3.3321,0.6345
3377,stage2,1,0.17498081922531128,0.3795766532421112,0.0,0.17498081922531128,0.0001,1e-05,50.332,3.7277,0.6363
3378,stage2,1,0.16845810413360596,0.37049350142478943,0.0,0.16845810413360596,0.0001,1e-05,50.326,5.6505,0.7199
3379,stage2,1,0.17156819999217987,0.36414197087287903,0.0,0.17156819999217987,0.0001,1e-05,50.325,3.8901,3.8662
3380,stage2,1,0.1829424500465393,0.3477551341056824,0.0,0.1829424500465393,0.0001,1e-05,50.331,5.4504,0.6335
3381,stage2,1,0.13900962471961975,0.3310651481151581,0.0,0.13900962471961975,0.0001,1e-05,50.331,3.2535,0.6343
3382,stage2,1,0.1535731852054596,0.3776257634162903,0.0,0.1535731852054596,0.0001,1e-05,50.329,2.9411,0.6386
3383,stage2,1,0.18877753615379333,0.37435171008110046,0.0,0.18877753615379333,0.0001,1e-05,50.331,5.4272,0.6353
3384,stage2,1,0.16520757973194122,0.35779625177383423,0.0,0.16520757973194122,0.0001,1e-05,50.33,4.057,0.6354
3385,stage2,1,0.16802605986595154,0.34492793679237366,0.0,0.16802605986595154,0.0001,1e-05,50.329,3.8462,0.6362
3386,stage2,1,0.18782939016819,0.34784597158432007,0.0,0.18782939016819,0.0001,1e-05,50.328,5.5459,0.6751
3387,stage2,1,0.15100786089897156,0.35468384623527527,0.0,0.15100786089897156,0.0001,1e-05,50.329,3.3903,4.0083
3388,stage2,1,0.17366890609264374,0.35794684290885925,0.0,0.17366890609264374,0.0001,1e-05,50.329,4.1932,0.6333
3389,stage2,1,0.18484769761562347,0.3511822521686554,0.0,0.18484769761562347,0.0001,1e-05,50.33,4.4813,0.6342
3390,stage2,1,0.17980703711509705,0.37978509068489075,0.0,0.17980703711509705,0.0001,1e-05,50.33,5.4341,0.6345
3391,stage2,1,0.15601103007793427,0.3634861409664154,0.0,0.15601103007793427,0.0001,1e-05,50.328,3.643,0.6346
3392,stage2,1,0.1672874242067337,0.34856483340263367,0.0,0.1672874242067337,0.0001,1e-05,50.331,4.3861,0.6351
3393,stage2,1,0.16373103857040405,0.3457249104976654,0.0,0.16373103857040405,0.0001,1e-05,50.333,3.3958,0.6374
3394,stage2,1,0.16233494877815247,0.3452058434486389,0.0,0.16233494877815247,0.0001,1e-05,50.331,4.2677,0.6357
3395,stage2,1,0.1573071926832199,0.37030917406082153,0.0,0.1573071926832199,0.0001,1e-05,50.329,4.215,3.9934
3396,stage2,1,0.18410830199718475,0.37435558438301086,0.0,0.18410830199718475,0.0001,1e-05,50.331,4.1632,0.6333
3397,stage2,1,0.13685107231140137,0.3404122591018677,0.0,0.13685107231140137,0.0001,1e-05,50.331,3.5623,0.6345
3398,stage2,1,0.19183504581451416,0.3718504011631012,0.0,0.19183504581451416,0.0001,1e-05,50.33,4.7675,0.6346
3399,stage2,1,0.12232138216495514,0.3717837333679199,0.0,0.12232138216495514,0.0001,1e-05,50.327,3.1573,0.6358
3400,stage2,1,0.19699658453464508,0.3839929699897766,0.0,0.19699658453464508,0.0001,1e-05,50.33,3.7847,0.6369
3401,stage2,1,0.1625354140996933,0.3519924283027649,0.0,0.1625354140996933,0.0001,1e-05,50.332,4.3462,0.634
3402,stage2,1,0.17065756022930145,0.350656121969223,0.0,0.17065756022930145,0.0001,1e-05,50.331,3.9859,0.6366
3403,stage2,1,0.17194370925426483,0.3658587336540222,0.0,0.17194370925426483,0.0001,1e-05,50.331,4.59,3.947
3404,stage2,1,0.13836556673049927,0.3748190402984619,0.0,0.13836556673049927,0.0001,1e-05,50.328,2.9668,0.6337
3405,stage2,1,0.13530460000038147,0.3536113500595093,0.0,0.13530460000038147,0.0001,1e-05,50.329,3.4181,0.6341
3406,stage2,1,0.17259840667247772,0.35407882928848267,0.0,0.17259840667247772,0.0001,1e-05,50.33,4.0506,0.6357
3407,stage2,1,0.18126444518566132,0.38301849365234375,0.0,0.18126444518566132,0.0001,1e-05,50.325,4.1453,0.6349
3408,stage2,1,0.1786324381828308,0.36905357241630554,0.0,0.1786324381828308,0.0001,1e-05,50.331,4.2566,0.6421
3409,stage2,1,0.18300870060920715,0.3762049973011017,0.0,0.18300870060920715,0.0001,1e-05,50.33,4.7289,0.6297
3410,stage2,1,0.15758390724658966,0.3616933226585388,0.0,0.15758390724658966,0.0001,1e-05,50.33,4.0324,0.6361
3411,stage2,1,0.16970978677272797,0.3888419270515442,0.0,0.16970978677272797,0.0001,1e-05,50.33,3.8661,3.8809
3412,stage2,1,0.15446320176124573,0.32256820797920227,0.0,0.15446320176124573,0.0001,1e-05,50.33,3.5349,0.6333
3413,stage2,1,0.16201452910900116,0.32039177417755127,0.0,0.16201452910900116,0.0001,1e-05,50.328,3.7053,0.6379
3414,stage2,1,0.14110548794269562,0.35363689064979553,0.0,0.14110548794269562,0.0001,1e-05,50.33,3.9855,0.6345
3415,stage2,1,0.15954764187335968,0.36312538385391235,0.0,0.15954764187335968,0.0001,1e-05,50.33,4.0523,0.6351
3416,stage2,1,0.14358612895011902,0.3951089680194855,0.0,0.14358612895011902,0.0001,1e-05,50.332,3.5854,0.6354
3417,stage2,1,0.16390573978424072,0.35364392399787903,0.0,0.16390573978424072,0.0001,1e-05,50.33,4.1354,0.6357
3418,stage2,1,0.15160879492759705,0.335003137588501,0.0,0.15160879492759705,0.0001,1e-05,50.327,3.5962,0.6358
3419,stage2,1,0.15084664523601532,0.3534832000732422,0.0,0.15084664523601532,0.0001,1e-05,50.336,3.99,3.9412
3420,stage2,1,0.1933274269104004,0.38065922260284424,0.0,0.1933274269104004,0.0001,1e-05,50.329,3.8972,0.6338
3421,stage2,1,0.15947602689266205,0.3221074640750885,0.0,0.15947602689266205,0.0001,1e-05,50.326,3.7262,0.6342
3422,stage2,1,0.14990127086639404,0.3471516966819763,0.0,0.14990127086639404,0.0001,1e-05,50.33,3.386,0.6346
3423,stage2,1,0.1387338638305664,0.3731895685195923,0.0,0.1387338638305664,0.0001,1e-05,50.331,3.5703,0.6348
3424,stage2,1,0.18563735485076904,0.3498489260673523,0.0,0.18563735485076904,0.0001,1e-05,50.328,4.3604,0.6353
3425,stage2,1,0.14227643609046936,0.33250686526298523,0.0,0.14227643609046936,0.0001,1e-05,50.329,3.3189,0.6354
3426,stage2,1,0.17708760499954224,0.3530508875846863,0.0,0.17708760499954224,0.0001,1e-05,50.333,3.8658,0.6361
3427,stage2,1,0.15346194803714752,0.34308332204818726,0.0,0.15346194803714752,0.0001,1e-05,50.332,3.4376,3.9328
3428,stage2,1,0.15213266015052795,0.3547128438949585,0.0,0.15213266015052795,0.0001,1e-05,50.33,3.5054,0.6326
3429,stage2,1,0.1768576055765152,0.3343571424484253,0.0,0.1768576055765152,0.0001,1e-05,50.332,3.708,0.6347
3430,stage2,1,0.18355751037597656,0.34498998522758484,0.0,0.18355751037597656,0.0001,1e-05,50.33,4.344,0.634
3431,stage2,1,0.14632508158683777,0.3586811423301697,0.0,0.14632508158683777,0.0001,1e-05,50.33,4.2705,0.6347
3432,stage2,1,0.19315288960933685,0.38221779465675354,0.0,0.19315288960933685,0.0001,1e-05,50.333,4.7638,0.6358
3433,stage2,1,0.16621652245521545,0.34886887669563293,0.0,0.16621652245521545,0.0001,1e-05,50.331,2.9811,0.6395
3434,stage2,1,0.17902632057666779,0.3674018979072571,0.0,0.17902632057666779,0.0001,1e-05,50.329,4.4317,0.6353
3435,stage2,1,0.1491203010082245,0.3396542966365814,0.0,0.1491203010082245,0.0001,1e-05,50.333,3.4931,3.9207
3436,stage2,1,0.15013855695724487,0.37256404757499695,0.0,0.15013855695724487,0.0001,1e-05,50.333,3.6221,0.6332
3437,stage2,1,0.15107296407222748,0.3514730930328369,0.0,0.15107296407222748,0.0001,1e-05,50.333,3.7158,0.6367
3438,stage2,1,0.17862734198570251,0.3550134301185608,0.0,0.17862734198570251,0.0001,1e-05,50.331,4.6943,0.634
3439,stage2,1,0.1670045107603073,0.36562904715538025,0.0,0.1670045107603073,0.0001,1e-05,50.334,3.7647,0.6348
3440,stage2,1,0.17518796026706696,0.36915069818496704,0.0,0.17518796026706696,0.0001,1e-05,50.332,4.4753,0.6349
3441,stage2,1,0.16119201481342316,0.3717668652534485,0.0,0.16119201481342316,0.0001,1e-05,50.332,3.9589,0.6355
3442,stage2,1,0.15383829176425934,0.37117844820022583,0.0,0.15383829176425934,0.0001,1e-05,50.329,4.5089,0.6357
3443,stage2,1,0.15101905167102814,0.35218262672424316,0.0,0.15101905167102814,0.0001,1e-05,50.331,4.1419,3.824
3444,stage2,1,0.17445798218250275,0.34753745794296265,0.0,0.17445798218250275,0.0001,1e-05,50.336,4.1735,0.6339
3445,stage2,1,0.18440043926239014,0.36559754610061646,0.0,0.18440043926239014,0.0001,1e-05,50.328,4.143,0.6339
3446,stage2,1,0.17697055637836456,0.36959001421928406,0.0,0.17697055637836456,0.0001,1e-05,50.332,3.6337,0.6344
3447,stage2,1,0.1569742113351822,0.35270988941192627,0.0,0.1569742113351822,0.0001,1e-05,50.332,3.8458,0.6346
3448,stage2,1,0.1763923615217209,0.33792874217033386,0.0,0.1763923615217209,0.0001,1e-05,50.331,4.4705,0.6398
3449,stage2,1,0.1552301049232483,0.376785546541214,0.0,0.1552301049232483,0.0001,1e-05,50.328,3.8702,0.6351
3450,stage2,1,0.19222283363342285,0.3777290880680084,0.0,0.19222283363342285,0.0001,1e-05,50.332,4.1234,0.6354
3451,stage2,1,0.1411314755678177,0.36230969429016113,0.0,0.1411314755678177,0.0001,1e-05,50.328,3.5673,3.921
3452,stage2,1,0.14482638239860535,0.3626551330089569,0.0,0.14482638239860535,0.0001,1e-05,50.333,4.0186,0.6336
3453,stage2,1,0.19351208209991455,0.3648889660835266,0.0,0.19351208209991455,0.0001,1e-05,50.333,4.6637,0.6339
3454,stage2,1,0.15400375425815582,0.36692318320274353,0.0,0.15400375425815582,0.0001,1e-05,50.332,3.3167,0.6342
3455,stage2,1,0.16916325688362122,0.3378959894180298,0.0,0.16916325688362122,0.0001,1e-05,50.331,4.3832,0.6345
3456,stage2,1,0.1426977962255478,0.3380812108516693,0.0,0.1426977962255478,0.0001,1e-05,50.336,3.2595,0.6348
3457,stage2,1,0.14755573868751526,0.33522653579711914,0.0,0.14755573868751526,0.0001,1e-05,50.332,3.6802,0.6355
3458,stage2,1,0.16704146564006805,0.3457503914833069,0.0,0.16704146564006805,0.0001,1e-05,50.331,3.9219,0.635
3459,stage2,1,0.18312644958496094,0.3894420862197876,0.0,0.18312644958496094,0.0001,1e-05,50.33,5.0385,3.983
3460,stage2,1,0.15483756363391876,0.37204501032829285,0.0,0.15483756363391876,0.0001,1e-05,50.329,3.4836,0.6367
3461,stage2,1,0.1718049794435501,0.34107932448387146,0.0,0.1718049794435501,0.0001,1e-05,50.331,4.8448,0.6341
3462,stage2,1,0.1380644142627716,0.3820927143096924,0.0,0.1380644142627716,0.0001,1e-05,50.331,2.9274,0.634
3463,stage2,1,0.14790625870227814,0.3541055917739868,0.0,0.14790625870227814,0.0001,1e-05,50.33,3.028,0.6348
3464,stage2,1,0.18105188012123108,0.34433379769325256,0.0,0.18105188012123108,0.0001,1e-05,50.331,5.7123,0.6352
3465,stage2,1,0.15191017091274261,0.3448162078857422,0.0,0.15191017091274261,0.0001,1e-05,50.332,3.9444,0.6395
3466,stage2,1,0.16570578515529633,0.34386539459228516,0.0,0.16570578515529633,0.0001,1e-05,50.33,4.1387,0.6324
3467,stage2,1,0.1594989001750946,0.3460594415664673,0.0,0.1594989001750946,0.0001,1e-05,50.336,3.7138,4.1362
3468,stage2,1,0.17411142587661743,0.35474893450737,0.0,0.17411142587661743,0.0001,1e-05,50.332,4.018,0.6327
3469,stage2,1,0.15317320823669434,0.3670390844345093,0.0,0.15317320823669434,0.0001,1e-05,50.331,3.9788,0.6334
3470,stage2,1,0.19357611238956451,0.35258549451828003,0.0,0.19357611238956451,0.0001,1e-05,50.332,5.3446,0.6338
3471,stage2,1,0.13850611448287964,0.37482643127441406,0.0,0.13850611448287964,0.0001,1e-05,50.333,3.2289,0.6343
3472,stage2,1,0.16037054359912872,0.3471668064594269,0.0,0.16037054359912872,0.0001,1e-05,50.329,4.1692,0.6344
3473,stage2,1,0.17229662835597992,0.35545462369918823,0.0,0.17229662835597992,0.0001,1e-05,50.332,4.5063,0.6351
3474,stage2,1,0.15853919088840485,0.35285988450050354,0.0,0.15853919088840485,0.0001,1e-05,50.332,4.1555,0.6356
3475,stage2,1,0.1579519510269165,0.3809950053691864,0.0,0.1579519510269165,0.0001,1e-05,50.33,3.1779,3.9777
3476,stage2,1,0.16025285422801971,0.3404056131839752,0.0,0.16025285422801971,0.0001,1e-05,50.333,4.7319,0.633
3477,stage2,1,0.17564432322978973,0.36679452657699585,0.0,0.17564432322978973,0.0001,1e-05,50.328,4.9562,0.6338
3478,stage2,1,0.13999488949775696,0.3487341105937958,0.0,0.13999488949775696,0.0001,1e-05,50.332,3.3728,0.634
3479,stage2,1,0.16440263390541077,0.35962802171707153,0.0,0.16440263390541077,0.0001,1e-05,50.331,5.1641,0.6344
3480,stage2,1,0.15583957731723785,0.3454776406288147,0.0,0.15583957731723785,0.0001,1e-05,50.331,4.9814,0.6358
3481,stage2,1,0.1270519644021988,0.3380114436149597,0.0,0.1270519644021988,0.0001,1e-05,50.333,3.9212,0.6353
3482,stage2,1,0.17683377861976624,0.3398587703704834,0.0,0.17683377861976624,0.0001,1e-05,50.331,3.7889,0.6354
3483,stage2,1,0.15004976093769073,0.3531557023525238,0.0,0.15004976093769073,0.0001,1e-05,50.33,3.6373,3.9307
3484,stage2,1,0.1593872606754303,0.3695621192455292,0.0,0.1593872606754303,0.0001,1e-05,50.329,3.6842,0.6334
3485,stage2,1,0.15445305407047272,0.34872832894325256,0.0,0.15445305407047272,0.0001,1e-05,50.336,3.6574,0.6343
3486,stage2,1,0.17634393274784088,0.33844679594039917,0.0,0.17634393274784088,0.0001,1e-05,50.331,4.434,0.6346
3487,stage2,1,0.16313764452934265,0.35505741834640503,0.0,0.16313764452934265,0.0001,1e-05,50.332,3.8468,0.635
3488,stage2,1,0.1584072709083557,0.38275569677352905,0.0,0.1584072709083557,0.0001,1e-05,50.332,3.9369,0.6366
3489,stage2,1,0.17604577541351318,0.36616164445877075,0.0,0.17604577541351318,0.0001,1e-05,50.331,4.3904,0.6354
3490,stage2,1,0.1647699922323227,0.34427300095558167,0.0,0.1647699922323227,0.0001,1e-05,50.332,3.8804,0.6352
3491,stage2,1,0.16609106957912445,0.36598727107048035,0.0,0.16609106957912445,0.0001,1e-05,50.331,3.1852,3.8312
3492,stage2,1,0.142633318901062,0.3771809935569763,0.0,0.142633318901062,0.0001,1e-05,50.334,4.053,0.6335
3493,stage2,1,0.15142299234867096,0.34812891483306885,0.0,0.15142299234867096,0.0001,1e-05,50.331,3.7899,0.6342
3494,stage2,1,0.16396884620189667,0.36777815222740173,0.0,0.16396884620189667,0.0001,1e-05,50.332,4.4278,0.6343
3495,stage2,1,0.14626216888427734,0.30697712302207947,0.0,0.14626216888427734,0.0001,1e-05,50.329,4.1661,0.6344
3496,stage2,1,0.15794560313224792,0.33514368534088135,0.0,0.15794560313224792,0.0001,1e-05,50.326,3.7429,0.6348
3497,stage2,1,0.15404292941093445,0.36424732208251953,0.0,0.15404292941093445,0.0001,1e-05,50.331,3.7216,0.6342
3498,stage2,1,0.14411607384681702,0.3456103503704071,0.0,0.14411607384681702,0.0001,1e-05,50.335,3.8432,0.6347
3499,stage2,1,0.1613483875989914,0.3540046811103821,0.0,0.1613483875989914,0.0001,1e-05,50.333,3.5939,3.794
3500,stage2,1,0.14599572122097015,0.37572529911994934,0.0,0.14599572122097015,0.0001,1e-05,50.332,3.4557,0.6335
3501,stage2,1,0.1593066304922104,0.32611340284347534,0.0,0.1593066304922104,0.0001,1e-05,50.332,4.8418,0.6334
3502,stage2,1,0.17170219123363495,0.3436111807823181,0.0,0.17170219123363495,0.0001,1e-05,50.331,4.0343,0.6343
3503,stage2,1,0.1428753137588501,0.3494921922683716,0.0,0.1428753137588501,0.0001,1e-05,50.333,3.0762,0.6337
3504,stage2,1,0.15691077709197998,0.33903366327285767,0.0,0.15691077709197998,0.0001,1e-05,50.329,3.2061,0.6349
3505,stage2,1,0.15350137650966644,0.37004294991493225,0.0,0.15350137650966644,0.0001,1e-05,50.329,3.7162,0.6347
3506,stage2,1,0.17188428342342377,0.3430042564868927,0.0,0.17188428342342377,0.0001,1e-05,50.333,4.5572,0.635
3507,stage2,1,0.1432887464761734,0.34810400009155273,0.0,0.1432887464761734,0.0001,1e-05,50.333,3.968,3.9006
3508,stage2,1,0.16995921730995178,0.33542969822883606,0.0,0.16995921730995178,0.0001,1e-05,50.332,3.451,0.6325
3509,stage2,1,0.1643168330192566,0.3355162441730499,0.0,0.1643168330192566,0.0001,1e-05,50.331,4.9469,0.6332
3510,stage2,1,0.13975855708122253,0.3350496292114258,0.0,0.13975855708122253,0.0001,1e-05,50.331,3.8353,0.6337
3511,stage2,1,0.15123477578163147,0.35867905616760254,0.0,0.15123477578163147,0.0001,1e-05,50.333,3.685,0.6343
3512,stage2,1,0.13310155272483826,0.3338652551174164,0.0,0.13310155272483826,0.0001,1e-05,50.33,2.7582,0.6379
3513,stage2,1,0.1705440878868103,0.3662688434123993,0.0,0.1705440878868103,0.0001,1e-05,50.333,3.5379,0.6325
3514,stage2,1,0.16912969946861267,0.3380766212940216,0.0,0.16912969946861267,0.0001,1e-05,50.33,3.3401,0.6357
3515,stage2,1,0.14590930938720703,0.3249250650405884,0.0,0.14590930938720703,0.0001,1e-05,50.331,3.6281,3.9707
3516,stage2,1,0.14392255246639252,0.34599584341049194,0.0,0.14392255246639252,0.0001,1e-05,50.334,3.847,0.6325
3517,stage2,1,0.1419689953327179,0.3489457070827484,0.0,0.1419689953327179,0.0001,1e-05,50.331,3.2154,0.6338
3518,stage2,1,0.152057945728302,0.33662551641464233,0.0,0.152057945728302,0.0001,1e-05,50.332,3.1993,0.634
3519,stage2,1,0.16244617104530334,0.3337208926677704,0.0,0.16244617104530334,0.0001,1e-05,50.33,3.5885,0.6345
3520,stage2,1,0.14389261603355408,0.3479316532611847,0.0,0.14389261603355408,0.0001,1e-05,50.331,3.6172,0.6347
3521,stage2,1,0.15173916518688202,0.36112990975379944,0.0,0.15173916518688202,0.0001,1e-05,50.329,4.5533,0.6348
3522,stage2,1,0.16219066083431244,0.33071792125701904,0.0,0.16219066083431244,0.0001,1e-05,50.333,3.6964,0.6357
3523,stage2,1,0.1493881195783615,0.37420904636383057,0.0,0.1493881195783615,0.0001,1e-05,50.332,4.1458,4.0081
3524,stage2,1,0.13486072421073914,0.33996185660362244,0.0,0.13486072421073914,0.0001,1e-05,50.335,2.8702,0.6326
3525,stage2,1,0.1872783750295639,0.3643202483654022,0.0,0.1872783750295639,0.0001,1e-05,50.331,4.5072,0.634
3526,stage2,1,0.14810676872730255,0.3681527376174927,0.0,0.14810676872730255,0.0001,1e-05,50.33,3.5547,0.6337
3527,stage2,1,0.15051664412021637,0.3415546417236328,0.0,0.15051664412021637,0.0001,1e-05,50.332,3.7342,0.6347
3528,stage2,1,0.18717442452907562,0.3550146818161011,0.0,0.18717442452907562,0.0001,1e-05,50.331,5.3726,0.6351
3529,stage2,1,0.1723194271326065,0.3435840606689453,0.0,0.1723194271326065,0.0001,1e-05,50.335,3.3166,0.6354
3530,stage2,1,0.16453978419303894,0.32850050926208496,0.0,0.16453978419303894,0.0001,1e-05,50.331,5.0131,0.636
3531,stage2,1,0.14301691949367523,0.3643089830875397,0.0,0.14301691949367523,0.0001,1e-05,50.333,3.9186,3.92
3532,stage2,1,0.1712752878665924,0.35509729385375977,0.0,0.1712752878665924,0.0001,1e-05,50.33,4.1764,0.6334
3533,stage2,1,0.1563597470521927,0.35765746235847473,0.0,0.1563597470521927,0.0001,1e-05,50.329,4.1459,0.6338
3534,stage2,1,0.14179447293281555,0.3390493392944336,0.0,0.14179447293281555,0.0001,1e-05,50.331,3.5432,0.6335
3535,stage2,1,0.15325240790843964,0.3319644033908844,0.0,0.15325240790843964,0.0001,1e-05,50.331,4.0687,0.6345
3536,stage2,1,0.16738305985927582,0.34986916184425354,0.0,0.16738305985927582,0.0001,1e-05,50.333,3.9346,0.6354
3537,stage2,1,0.1538855880498886,0.34738093614578247,0.0,0.1538855880498886,0.0001,1e-05,50.334,4.2052,0.6353
3538,stage2,1,0.17158083617687225,0.35354310274124146,0.0,0.17158083617687225,0.0001,1e-05,50.331,4.5336,0.6349
3539,stage2,1,0.13602828979492188,0.3374544382095337,0.0,0.13602828979492188,0.0001,1e-05,50.332,3.1301,3.9268
3540,stage2,1,0.17712926864624023,0.33855676651000977,0.0,0.17712926864624023,0.0001,1e-05,50.334,4.0116,0.6324
3541,stage2,1,0.15783128142356873,0.35558420419692993,0.0,0.15783128142356873,0.0001,1e-05,50.333,4.7693,0.633
3542,stage2,1,0.16300401091575623,0.32501932978630066,0.0,0.16300401091575623,0.0001,1e-05,50.33,4.8177,0.6345
3543,stage2,1,0.1687893271446228,0.35929951071739197,0.0,0.1687893271446228,0.0001,1e-05,50.333,4.0884,0.6344
3544,stage2,1,0.15272256731987,0.33048057556152344,0.0,0.15272256731987,0.0001,1e-05,50.328,4.0908,0.6351
3545,stage2,1,0.1422574818134308,0.3356747627258301,0.0,0.1422574818134308,0.0001,1e-05,50.336,4.5015,0.6356
3546,stage2,1,0.19601519405841827,0.4037586748600006,0.0,0.19601519405841827,0.0001,1e-05,50.333,4.8846,0.6354
3547,stage2,1,0.16353462636470795,0.35049498081207275,0.0,0.16353462636470795,0.0001,1e-05,50.333,3.7121,3.9417
3548,stage2,1,0.14284856617450714,0.33920538425445557,0.0,0.14284856617450714,0.0001,1e-05,50.332,3.9431,0.6328
3549,stage2,1,0.15062624216079712,0.35615047812461853,0.0,0.15062624216079712,0.0001,1e-05,50.334,3.9646,0.6338
3550,stage2,1,0.12666858732700348,0.32558926939964294,0.0,0.12666858732700348,0.0001,1e-05,50.331,3.8234,0.6343
3551,stage2,1,0.12861165404319763,0.3606918454170227,0.0,0.12861165404319763,0.0001,1e-05,50.334,3.7811,0.6352
3552,stage2,1,0.15387387573719025,0.3539510667324066,0.0,0.15387387573719025,0.0001,1e-05,50.332,3.8061,0.6349
3553,stage2,1,0.15078459680080414,0.3659517168998718,0.0,0.15078459680080414,0.0001,1e-05,50.331,4.6019,0.6353
3554,stage2,1,0.1797293871641159,0.3525830805301666,0.0,0.1797293871641159,0.0001,1e-05,50.331,3.5132,0.6356
3555,stage2,1,0.15762168169021606,0.37228697538375854,0.0,0.15762168169021606,0.0001,1e-05,50.334,3.446,3.9188
3556,stage2,1,0.15083667635917664,0.39942219853401184,0.0,0.15083667635917664,0.0001,1e-05,50.333,3.6132,0.633
3557,stage2,1,0.14251042902469635,0.3769753575325012,0.0,0.14251042902469635,0.0001,1e-05,50.333,3.8399,0.6338
3558,stage2,1,0.1662035882472992,0.38416787981987,0.0,0.1662035882472992,0.0001,1e-05,50.332,4.1058,0.6343
3559,stage2,1,0.14420342445373535,0.3338274359703064,0.0,0.14420342445373535,0.0001,1e-05,50.332,4.0589,0.6346
3560,stage2,1,0.13229642808437347,0.33258968591690063,0.0,0.13229642808437347,0.0001,1e-05,50.335,3.8293,0.6369
3561,stage2,1,0.12968386709690094,0.33226478099823,0.0,0.12968386709690094,0.0001,1e-05,50.333,3.3027,0.6355
3562,stage2,1,0.18361017107963562,0.3679252862930298,0.0,0.18361017107963562,0.0001,1e-05,50.333,5.0373,0.6357
3563,stage2,1,0.16573134064674377,0.3540264666080475,0.0,0.16573134064674377,0.0001,1e-05,50.332,4.8804,3.8919
3564,stage2,1,0.1677853912115097,0.33370575308799744,0.0,0.1677853912115097,0.0001,1e-05,50.328,3.8815,0.6341
3565,stage2,1,0.15066421031951904,0.33817559480667114,0.0,0.15066421031951904,0.0001,1e-05,50.332,3.2401,0.6343
3566,stage2,1,0.17417030036449432,0.36794358491897583,0.0,0.17417030036449432,0.0001,1e-05,50.333,3.8843,0.6341
3567,stage2,1,0.14978741109371185,0.33980730175971985,0.0,0.14978741109371185,0.0001,1e-05,50.33,3.8229,0.6347
3568,stage2,1,0.14054198563098907,0.3903753459453583,0.0,0.14054198563098907,0.0001,1e-05,50.331,4.7633,0.6358
3569,stage2,1,0.13809700310230255,0.3322666585445404,0.0,0.13809700310230255,0.0001,1e-05,50.337,3.8365,0.6348
3570,stage2,1,0.1613825261592865,0.3308399021625519,0.0,0.1613825261592865,0.0001,1e-05,50.334,3.4986,0.6349
3571,stage2,1,0.1507759541273117,0.34479451179504395,0.0,0.1507759541273117,0.0001,1e-05,50.332,3.9016,3.8808
3572,stage2,1,0.13812214136123657,0.3213389217853546,0.0,0.13812214136123657,0.0001,1e-05,50.333,3.9728,0.6335
3573,stage2,1,0.15689030289649963,0.3538418114185333,0.0,0.15689030289649963,0.0001,1e-05,50.333,3.2523,0.6336
3574,stage2,1,0.15238623321056366,0.3484172224998474,0.0,0.15238623321056366,0.0001,1e-05,50.333,3.5298,0.6342
3575,stage2,1,0.14282122254371643,0.33917367458343506,0.0,0.14282122254371643,0.0001,1e-05,50.339,3.8288,0.6354
3576,stage2,1,0.1600814014673233,0.3435750901699066,0.0,0.1600814014673233,0.0001,1e-05,50.336,3.8706,0.6351
3577,stage2,1,0.15819242596626282,0.35850632190704346,0.0,0.15819242596626282,0.0001,1e-05,50.335,5.4212,0.6353
3578,stage2,1,0.14260989427566528,0.3556334972381592,0.0,0.14260989427566528,0.0001,1e-05,50.334,4.3699,0.6359
3579,stage2,1,0.1317927986383438,0.330274760723114,0.0,0.1317927986383438,0.0001,1e-05,50.336,3.3886,3.935
3580,stage2,1,0.1497471183538437,0.36878180503845215,0.0,0.1497471183538437,0.0001,1e-05,50.33,4.0704,0.6334
3581,stage2,1,0.16165189445018768,0.3464319407939911,0.0,0.16165189445018768,0.0001,1e-05,50.332,3.9652,0.6338
3582,stage2,1,0.15106560289859772,0.33978918194770813,0.0,0.15106560289859772,0.0001,1e-05,50.334,3.972,0.6338
3583,stage2,1,0.14667005836963654,0.3255755603313446,0.0,0.14667005836963654,0.0001,1e-05,50.335,3.343,0.6346
3584,stage2,1,0.15290836989879608,0.35423076152801514,0.0,0.15290836989879608,0.0001,1e-05,50.334,3.4615,0.6354
3585,stage2,1,0.16609491407871246,0.3637966811656952,0.0,0.16609491407871246,0.0001,1e-05,50.332,4.6215,0.6356
3586,stage2,1,0.14787010848522186,0.372084379196167,0.0,0.14787010848522186,0.0001,1e-05,50.331,4.2598,0.636
3587,stage2,1,0.13098908960819244,0.35266315937042236,0.0,0.13098908960819244,0.0001,1e-05,50.333,3.214,3.8166
3588,stage2,1,0.16466496884822845,0.3251687288284302,0.0,0.16466496884822845,0.0001,1e-05,50.332,3.8538,0.6343
3589,stage2,1,0.1905232071876526,0.37455543875694275,0.0,0.1905232071876526,0.0001,1e-05,50.331,3.9121,0.6335
3590,stage2,1,0.14734908938407898,0.3990788161754608,0.0,0.14734908938407898,0.0001,1e-05,50.332,3.5518,0.6342
3591,stage2,1,0.1423591822385788,0.37384033203125,0.0,0.1423591822385788,0.0001,1e-05,50.332,3.3439,0.6347
3592,stage2,1,0.13077540695667267,0.341243177652359,0.0,0.13077540695667267,0.0001,1e-05,50.332,3.0065,0.6351
3593,stage2,1,0.1647338569164276,0.36282971501350403,0.0,0.1647338569164276,0.0001,1e-05,50.333,4.0032,0.6354
3594,stage2,1,0.16286219656467438,0.37535491585731506,0.0,0.16286219656467438,0.0001,1e-05,50.332,4.0158,0.6361
3595,stage2,1,0.13091948628425598,0.33336976170539856,0.0,0.13091948628425598,0.0001,1e-05,50.33,3.3941,3.7907
3596,stage2,1,0.14244866371154785,0.35695213079452515,0.0,0.14244866371154785,0.0001,1e-05,50.332,3.5014,0.6334
3597,stage2,1,0.15401363372802734,0.35062870383262634,0.0,0.15401363372802734,0.0001,1e-05,50.33,3.7699,0.6348
3598,stage2,1,0.15706202387809753,0.3514042794704437,0.0,0.15706202387809753,0.0001,1e-05,50.331,3.8037,0.635
3599,stage2,1,0.13617286086082458,0.3258940577507019,0.0,0.13617286086082458,0.0001,1e-05,50.332,3.2283,0.6352
3600,stage2,1,0.16029095649719238,0.3415510952472687,0.0,0.16029095649719238,0.0001,1e-05,50.334,3.2502,0.6368
3601,stage2,1,0.13856610655784607,0.3503820300102234,0.0,0.13856610655784607,0.0001,1e-05,50.334,3.8129,0.636
3602,stage2,1,0.12896214425563812,0.34597525000572205,0.0,0.12896214425563812,0.0001,1e-05,50.331,2.7374,0.6366
3603,stage2,1,0.15190494060516357,0.34468206763267517,0.0,0.15190494060516357,0.0001,1e-05,50.331,3.0541,3.8217
3604,stage2,1,0.16048812866210938,0.33762845396995544,0.0,0.16048812866210938,0.0001,1e-05,50.328,3.6834,0.6339
3605,stage2,1,0.14444617927074432,0.3726041615009308,0.0,0.14444617927074432,0.0001,1e-05,50.333,3.8621,0.6344
3606,stage2,1,0.18565209209918976,0.35697081685066223,0.0,0.18565209209918976,0.0001,1e-05,50.333,3.5683,0.6349
3607,stage2,1,0.1694178432226181,0.3466050922870636,0.0,0.1694178432226181,0.0001,1e-05,50.335,4.2941,0.6358
3608,stage2,1,0.16344253718852997,0.32751819491386414,0.0,0.16344253718852997,0.0001,1e-05,50.327,3.9932,0.6394
3609,stage2,1,0.1636817455291748,0.3543137013912201,0.0,0.1636817455291748,0.0001,1e-05,50.327,3.8585,0.6352
3610,stage2,1,0.14995241165161133,0.3609989881515503,0.0,0.14995241165161133,0.0001,1e-05,50.331,3.7621,0.6359
3611,stage2,1,0.17782682180404663,0.33130282163619995,0.0,0.17782682180404663,0.0001,1e-05,50.33,5.2,3.8818
3612,stage2,1,0.1641816943883896,0.3449634909629822,0.0,0.1641816943883896,0.0001,1e-05,50.328,3.1584,0.6401
3613,stage2,1,0.16956523060798645,0.3385589122772217,0.0,0.16956523060798645,0.0001,1e-05,50.333,3.9466,0.6284
3614,stage2,1,0.1257554441690445,0.33117467164993286,0.0,0.1257554441690445,0.0001,1e-05,50.333,2.9187,0.6345
3615,stage2,1,0.14432834088802338,0.35296154022216797,0.0,0.14432834088802338,0.0001,1e-05,50.336,3.0484,0.635
3616,stage2,1,0.16969263553619385,0.3407622277736664,0.0,0.16969263553619385,0.0001,1e-05,50.328,3.6688,0.636
3617,stage2,1,0.1549794226884842,0.332734614610672,0.0,0.1549794226884842,0.0001,1e-05,50.332,3.9034,0.6362
3618,stage2,1,0.163224995136261,0.3474730849266052,0.0,0.163224995136261,0.0001,1e-05,50.331,3.8068,0.636
3619,stage2,1,0.1557963341474533,0.34436944127082825,0.0,0.1557963341474533,0.0001,1e-05,50.332,3.4872,3.8442
3620,stage2,1,0.14097249507904053,0.32159337401390076,0.0,0.14097249507904053,0.0001,1e-05,50.331,2.8115,0.6392
3621,stage2,1,0.12604716420173645,0.3541989326477051,0.0,0.12604716420173645,0.0001,1e-05,50.329,3.1136,0.6301
3622,stage2,1,0.16095887124538422,0.35990530252456665,0.0,0.16095887124538422,0.0001,1e-05,50.331,4.1855,0.6344
3623,stage2,1,0.15144827961921692,0.3610716760158539,0.0,0.15144827961921692,0.0001,1e-05,50.335,3.5257,0.6359
3624,stage2,1,0.1388176828622818,0.33323153853416443,0.0,0.1388176828622818,0.0001,1e-05,50.33,3.1397,0.6353
3625,stage2,1,0.18416151404380798,0.35539737343788147,0.0,0.18416151404380798,0.0001,1e-05,50.33,3.3273,0.6358
3626,stage2,1,0.15484800934791565,0.33903932571411133,0.0,0.15484800934791565,0.0001,1e-05,50.332,4.0205,0.6359
3627,stage2,1,0.15789654850959778,0.3745604157447815,0.0,0.15789654850959778,0.0001,1e-05,50.331,3.4981,3.8033
3628,stage2,1,0.16212640702724457,0.3441700339317322,0.0,0.16212640702724457,0.0001,1e-05,50.332,3.3494,0.634
3629,stage2,1,0.15391676127910614,0.3574296534061432,0.0,0.15391676127910614,0.0001,1e-05,50.33,3.5967,0.6347
3630,stage2,1,0.15716861188411713,0.3505061864852905,0.0,0.15716861188411713,0.0001,1e-05,50.332,3.6267,0.6355
3631,stage2,1,0.13405293226242065,0.36124539375305176,0.0,0.13405293226242065,0.0001,1e-05,50.329,3.6827,0.6354
3632,stage2,1,0.13771043717861176,0.3307304084300995,0.0,0.13771043717861176,0.0001,1e-05,50.329,3.0766,0.6361
3633,stage2,1,0.1921480894088745,0.347855806350708,0.0,0.1921480894088745,0.0001,1e-05,50.332,5.0054,0.6361
3634,stage2,1,0.17568454146385193,0.36446109414100647,0.0,0.17568454146385193,0.0001,1e-05,50.33,5.8006,0.6359
3635,stage2,1,0.1380361169576645,0.3642919957637787,0.0,0.1380361169576645,0.0001,1e-05,50.329,3.4562,3.7892
3636,stage2,1,0.15863771736621857,0.3558245301246643,0.0,0.15863771736621857,0.0001,1e-05,50.33,4.6101,0.6342
3637,stage2,1,0.17082685232162476,0.36601871252059937,0.0,0.17082685232162476,0.0001,1e-05,50.332,6.2287,0.6346
3638,stage2,1,0.13808199763298035,0.3433663845062256,0.0,0.13808199763298035,0.0001,1e-05,50.331,3.7083,0.635
3639,stage2,1,0.15702232718467712,0.35771000385284424,0.0,0.15702232718467712,0.0001,1e-05,50.33,4.9653,0.6354
3640,stage2,1,0.1491760015487671,0.33870649337768555,0.0,0.1491760015487671,0.0001,1e-05,50.329,3.5136,0.6357
3641,stage2,1,0.16349078714847565,0.3296946585178375,0.0,0.16349078714847565,0.0001,1e-05,50.328,4.3257,0.6359
3642,stage2,1,0.1783437877893448,0.3608568012714386,0.0,0.1783437877893448,0.0001,1e-05,50.331,4.0649,0.6371
3643,stage2,1,0.16474369168281555,0.35923007130622864,0.0,0.16474369168281555,0.0001,1e-05,50.331,4.0798,3.8346
3644,stage2,1,0.13480418920516968,0.3804449439048767,0.0,0.13480418920516968,0.0001,1e-05,50.33,3.4785,0.6331
3645,stage2,1,0.14391979575157166,0.3750501573085785,0.0,0.14391979575157166,0.0001,1e-05,50.329,3.9587,0.6345
3646,stage2,1,0.13754312694072723,0.3511984348297119,0.0,0.13754312694072723,0.0001,1e-05,50.33,3.274,0.6347
3647,stage2,1,0.1699129194021225,0.3640597462654114,0.0,0.1699129194021225,0.0001,1e-05,50.329,3.9147,0.6352
3648,stage2,1,0.14044877886772156,0.34322574734687805,0.0,0.14044877886772156,0.0001,1e-05,50.333,4.037,0.6354
3649,stage2,1,0.14580217003822327,0.3318634331226349,0.0,0.14580217003822327,0.0001,1e-05,50.331,3.5748,0.636
3650,stage2,1,0.1555492877960205,0.3671146631240845,0.0,0.1555492877960205,0.0001,1e-05,50.333,4.3265,0.6366
3651,stage2,1,0.13901852071285248,0.34869152307510376,0.0,0.13901852071285248,0.0001,1e-05,50.333,3.6648,3.9072
3652,stage2,1,0.14805631339550018,0.34767845273017883,0.0,0.14805631339550018,0.0001,1e-05,50.331,3.5837,0.6335
3653,stage2,1,0.15156878530979156,0.33285120129585266,0.0,0.15156878530979156,0.0001,1e-05,50.331,3.8573,0.6347
3654,stage2,1,0.1369161754846573,0.3724706470966339,0.0,0.1369161754846573,0.0001,1e-05,50.331,4.0818,0.635
3655,stage2,1,0.1609330177307129,0.33774814009666443,0.0,0.1609330177307129,0.0001,1e-05,50.328,4.4741,0.635
3656,stage2,1,0.13874779641628265,0.3137592375278473,0.0,0.13874779641628265,0.0001,1e-05,50.332,3.3568,0.6352
3657,stage2,1,0.15653319656848907,0.35430943965911865,0.0,0.15653319656848907,0.0001,1e-05,50.331,5.689,0.639
3658,stage2,1,0.15825483202934265,0.3484340012073517,0.0,0.15825483202934265,0.0001,1e-05,50.329,3.8854,0.6366
3659,stage2,1,0.1454629749059677,0.35937777161598206,0.0,0.1454629749059677,0.0001,1e-05,50.331,3.2072,3.8641
3660,stage2,1,0.1465534269809723,0.3609265685081482,0.0,0.1465534269809723,0.0001,1e-05,50.332,3.7223,0.6336
3661,stage2,1,0.170065775513649,0.3569481670856476,0.0,0.170065775513649,0.0001,1e-05,50.336,4.2832,0.6353
3662,stage2,1,0.15573185682296753,0.3342406153678894,0.0,0.15573185682296753,0.0001,1e-05,50.331,4.3248,0.6353
3663,stage2,1,0.17512910068035126,0.3489331007003784,0.0,0.17512910068035126,0.0001,1e-05,50.33,3.6929,0.6357
3664,stage2,1,0.13585275411605835,0.31708118319511414,0.0,0.13585275411605835,0.0001,1e-05,50.332,3.0938,0.6355
3665,stage2,1,0.15161104500293732,0.36010631918907166,0.0,0.15161104500293732,0.0001,1e-05,50.333,4.5675,0.636
3666,stage2,1,0.14299792051315308,0.37365320324897766,0.0,0.14299792051315308,0.0001,1e-05,50.33,3.5367,0.6366
3667,stage2,1,0.132876455783844,0.34194299578666687,0.0,0.132876455783844,0.0001,1e-05,50.332,3.8903,3.863
3668,stage2,1,0.15614688396453857,0.3758586049079895,0.0,0.15614688396453857,0.0001,1e-05,50.331,4.8155,0.6343
3669,stage2,1,0.1561940312385559,0.35415366291999817,0.0,0.1561940312385559,0.0001,1e-05,50.335,4.0944,0.6342
3670,stage2,1,0.1593925505876541,0.33161813020706177,0.0,0.1593925505876541,0.0001,1e-05,50.335,3.6921,0.6355
3671,stage2,1,0.15860937535762787,0.32691121101379395,0.0,0.15860937535762787,0.0001,1e-05,50.332,3.6807,0.6356
3672,stage2,1,0.16291576623916626,0.3502819836139679,0.0,0.16291576623916626,0.0001,1e-05,50.334,5.4931,0.6357
3673,stage2,1,0.1439143866300583,0.3358602225780487,0.0,0.1439143866300583,0.0001,1e-05,50.333,4.0958,0.636
3674,stage2,1,0.13242849707603455,0.32839304208755493,0.0,0.13242849707603455,0.0001,1e-05,50.329,3.4476,0.6359
3675,stage2,1,0.15433397889137268,0.35227692127227783,0.0,0.15433397889137268,0.0001,1e-05,50.334,4.1985,3.875
3676,stage2,1,0.14921127259731293,0.3373667597770691,0.0,0.14921127259731293,0.0001,1e-05,50.333,3.7055,0.6342
3677,stage2,1,0.1507682204246521,0.3342154920101166,0.0,0.1507682204246521,0.0001,1e-05,50.331,3.3931,0.6342
3678,stage2,1,0.15677672624588013,0.3157365322113037,0.0,0.15677672624588013,0.0001,1e-05,50.333,3.526,0.6355
3679,stage2,1,0.14528270065784454,0.34759166836738586,0.0,0.14528270065784454,0.0001,1e-05,50.329,3.7664,0.6355
3680,stage2,1,0.13775044679641724,0.341441810131073,0.0,0.13775044679641724,0.0001,1e-05,50.335,3.3715,0.6359
3681,stage2,1,0.14633788168430328,0.33112648129463196,0.0,0.14633788168430328,0.0001,1e-05,50.334,3.8987,0.636
3682,stage2,1,0.15839259326457977,0.3561688959598541,0.0,0.15839259326457977,0.0001,1e-05,50.333,4.1722,0.6361
3683,stage2,1,0.13574448227882385,0.334947794675827,0.0,0.13574448227882385,0.0001,1e-05,50.332,3.8445,3.9638
3684,stage2,1,0.14403171837329865,0.34747231006622314,0.0,0.14403171837329865,0.0001,1e-05,50.333,3.9167,0.6341
3685,stage2,1,0.16818435490131378,0.3804021179676056,0.0,0.16818435490131378,0.0001,1e-05,50.334,5.2496,0.6351
3686,stage2,1,0.15858599543571472,0.336716890335083,0.0,0.15858599543571472,0.0001,1e-05,50.332,3.8516,0.6352
3687,stage2,1,0.14030490815639496,0.3635989725589752,0.0,0.14030490815639496,0.0001,1e-05,50.333,3.8889,0.6355
3688,stage2,1,0.12319356203079224,0.2983455955982208,0.0,0.12319356203079224,0.0001,1e-05,50.332,2.76,0.6357
3689,stage2,1,0.16899868845939636,0.3594633638858795,0.0,0.16899868845939636,0.0001,1e-05,50.329,4.138,0.6389
3690,stage2,1,0.1636553555727005,0.34131789207458496,0.0,0.1636553555727005,0.0001,1e-05,50.333,3.7568,0.6361
3691,stage2,1,0.15387029945850372,0.35111039876937866,0.0,0.15387029945850372,0.0001,1e-05,50.332,3.4819,3.9107
3692,stage2,1,0.16828653216362,0.3725965917110443,0.0,0.16828653216362,0.0001,1e-05,50.332,5.273,0.6338
3693,stage2,1,0.16290143132209778,0.365003764629364,0.0,0.16290143132209778,0.0001,1e-05,50.332,5.0859,0.6346
3694,stage2,1,0.13586725294589996,0.33961349725723267,0.0,0.13586725294589996,0.0001,1e-05,50.33,3.5304,0.6357
3695,stage2,1,0.15528815984725952,0.35002779960632324,0.0,0.15528815984725952,0.0001,1e-05,50.33,3.5955,0.6358
3696,stage2,1,0.15663616359233856,0.35470181703567505,0.0,0.15663616359233856,0.0001,1e-05,50.335,3.4227,0.6353
3697,stage2,1,0.1361105889081955,0.34807178378105164,0.0,0.1361105889081955,0.0001,1e-05,50.332,3.4185,0.6368
3698,stage2,1,0.15256091952323914,0.35551658272743225,0.0,0.15256091952323914,0.0001,1e-05,50.329,4.7555,0.6369
3699,stage2,1,0.18216386437416077,0.3964710533618927,0.0,0.18216386437416077,0.0001,1e-05,50.332,4.2906,3.8691
3700,stage2,1,0.16703994572162628,0.35013115406036377,0.0,0.16703994572162628,0.0001,1e-05,50.334,5.1586,0.6336
3701,stage2,1,0.16051314771175385,0.34926965832710266,0.0,0.16051314771175385,0.0001,1e-05,50.332,3.8624,0.6338
3702,stage2,1,0.16620993614196777,0.35711950063705444,0.0,0.16620993614196777,0.0001,1e-05,50.332,4.3202,0.6351
3703,stage2,1,0.13410714268684387,0.36094456911087036,0.0,0.13410714268684387,0.0001,1e-05,50.334,3.9628,0.635
3704,stage2,1,0.1426788568496704,0.35499951243400574,0.0,0.1426788568496704,0.0001,1e-05,50.334,3.1681,0.636
3705,stage2,1,0.14922533929347992,0.3290015757083893,0.0,0.14922533929347992,0.0001,1e-05,50.333,3.3244,0.6359
3706,stage2,1,0.13752658665180206,0.3397572934627533,0.0,0.13752658665180206,0.0001,1e-05,50.329,3.6615,0.6364
3707,stage2,1,0.13391266763210297,0.32528576254844666,0.0,0.13391266763210297,0.0001,1e-05,50.332,3.5239,3.8415
3708,stage2,1,0.13793236017227173,0.3359445333480835,0.0,0.13793236017227173,0.0001,1e-05,50.332,3.0055,0.6341
3709,stage2,1,0.15479102730751038,0.34716784954071045,0.0,0.15479102730751038,0.0001,1e-05,50.337,4.0116,0.6347
3710,stage2,1,0.15792077779769897,0.32224562764167786,0.0,0.15792077779769897,0.0001,1e-05,50.33,3.6453,0.6351
3711,stage2,1,0.19844047725200653,0.36232835054397583,0.0,0.19844047725200653,0.0001,1e-05,50.33,4.2365,0.6356
3712,stage2,1,0.152360200881958,0.3345910608768463,0.0,0.152360200881958,0.0001,1e-05,50.332,3.3729,0.6361
3713,stage2,1,0.1309732347726822,0.32328590750694275,0.0,0.1309732347726822,0.0001,1e-05,50.337,2.812,0.6358
3714,stage2,1,0.15731275081634521,0.36983826756477356,0.0,0.15731275081634521,0.0001,1e-05,50.331,3.5791,0.6365
3715,stage2,1,0.14016830921173096,0.3404289186000824,0.0,0.14016830921173096,0.0001,1e-05,50.331,2.871,3.9255
3716,stage2,1,0.14017874002456665,0.3295218348503113,0.0,0.14017874002456665,0.0001,1e-05,50.333,3.0068,0.6339
3717,stage2,1,0.1410028636455536,0.3265022039413452,0.0,0.1410028636455536,0.0001,1e-05,50.328,2.9787,0.6353
3718,stage2,1,0.13925319910049438,0.3089888393878937,0.0,0.13925319910049438,0.0001,1e-05,50.329,3.5747,0.6338
3719,stage2,1,0.13193370401859283,0.3196049630641937,0.0,0.13193370401859283,0.0001,1e-05,50.329,2.6651,0.6359
3720,stage2,1,0.15018191933631897,0.3463391363620758,0.0,0.15018191933631897,0.0001,1e-05,50.33,3.7106,0.6358
3721,stage2,1,0.1501976102590561,0.36134225130081177,0.0,0.1501976102590561,0.0001,1e-05,50.327,4.7323,0.6354
3722,stage2,1,0.1642894297838211,0.35694247484207153,0.0,0.1642894297838211,0.0001,1e-05,50.334,3.8532,0.6358
3723,stage2,1,0.13581988215446472,0.3423652648925781,0.0,0.13581988215446472,0.0001,1e-05,50.331,3.4529,3.8699
3724,stage2,1,0.14192472398281097,0.3336600065231323,0.0,0.14192472398281097,0.0001,1e-05,50.329,3.7483,0.6334
3725,stage2,1,0.1548323780298233,0.3534143269062042,0.0,0.1548323780298233,0.0001,1e-05,50.329,3.5498,0.6346
3726,stage2,1,0.15060782432556152,0.3221541941165924,0.0,0.15060782432556152,0.0001,1e-05,50.332,4.2683,0.6345
3727,stage2,1,0.14401328563690186,0.3602353036403656,0.0,0.14401328563690186,0.0001,1e-05,50.33,3.2636,0.635
3728,stage2,1,0.15857110917568207,0.3297191262245178,0.0,0.15857110917568207,0.0001,1e-05,50.33,3.4201,0.6356
3729,stage2,1,0.15535171329975128,0.3712835907936096,0.0,0.15535171329975128,0.0001,1e-05,50.331,4.34,0.636
3730,stage2,1,0.16285614669322968,0.33890339732170105,0.0,0.16285614669322968,0.0001,1e-05,50.33,4.1382,0.6402
3731,stage2,1,0.1252717822790146,0.31740638613700867,0.0,0.1252717822790146,0.0001,1e-05,50.33,3.5083,3.8583
3732,stage2,1,0.1629488319158554,0.3527381420135498,0.0,0.1629488319158554,0.0001,1e-05,50.331,3.6971,0.6346
3733,stage2,1,0.12880349159240723,0.32664182782173157,0.0,0.12880349159240723,0.0001,1e-05,50.331,3.3998,0.6362
3734,stage2,1,0.15509864687919617,0.3804425895214081,0.0,0.15509864687919617,0.0001,1e-05,50.333,3.7661,0.6342
3735,stage2,1,0.13641150295734406,0.31625550985336304,0.0,0.13641150295734406,0.0001,1e-05,50.335,3.4734,0.6363
3736,stage2,1,0.16627992689609528,0.32782185077667236,0.0,0.16627992689609528,0.0001,1e-05,50.328,3.4223,0.6363
3737,stage2,1,0.13444405794143677,0.35535067319869995,0.0,0.13444405794143677,0.0001,1e-05,50.331,3.8138,0.6364
3738,stage2,1,0.12259843945503235,0.3414582908153534,0.0,0.12259843945503235,0.0001,1e-05,50.331,3.2216,0.6373
3739,stage2,1,0.12757672369480133,0.3444136381149292,0.0,0.12757672369480133,0.0001,1e-05,50.331,3.5392,3.9117
3740,stage2,1,0.13567717373371124,0.33991947770118713,0.0,0.13567717373371124,0.0001,1e-05,50.327,3.9809,0.6351
3741,stage2,1,0.1385193169116974,0.39834174513816833,0.0,0.1385193169116974,0.0001,1e-05,50.33,3.4401,0.6348
3742,stage2,1,0.12816129624843597,0.33642858266830444,0.0,0.12816129624843597,0.0001,1e-05,50.329,3.1533,0.6353
3743,stage2,1,0.1425151377916336,0.33196642994880676,0.0,0.1425151377916336,0.0001,1e-05,50.332,3.6766,0.6359
3744,stage2,1,0.15059825778007507,0.325689435005188,0.0,0.15059825778007507,0.0001,1e-05,50.332,5.008,0.6413
3745,stage2,1,0.15735720098018646,0.3416917622089386,0.0,0.15735720098018646,0.0001,1e-05,50.329,4.1682,0.6367
3746,stage2,1,0.13516898453235626,0.3419705629348755,0.0,0.13516898453235626,0.0001,1e-05,50.33,3.4214,0.6382
3747,stage2,1,0.13840988278388977,0.33547770977020264,0.0,0.13840988278388977,0.0001,1e-05,50.328,3.455,3.827
3748,stage2,1,0.15512940287590027,0.347533643245697,0.0,0.15512940287590027,0.0001,1e-05,50.324,4.5128,0.6351
3749,stage2,1,0.16334237158298492,0.3561067581176758,0.0,0.16334237158298492,0.0001,1e-05,50.331,3.7378,0.6352
3750,stage2,1,0.15361212193965912,0.3535120189189911,0.0,0.15361212193965912,0.0001,1e-05,50.33,5.1412,0.6356
3751,stage2,1,0.15611258149147034,0.3322131931781769,0.0,0.15611258149147034,0.0001,1e-05,50.329,3.2821,0.6355
3752,stage2,1,0.15836602449417114,0.33171573281288147,0.0,0.15836602449417114,0.0001,1e-05,50.329,4.3288,0.6373
3753,stage2,1,0.1764305680990219,0.34916165471076965,0.0,0.1764305680990219,0.0001,1e-05,50.331,4.7014,0.6371
3754,stage2,1,0.1647123247385025,0.35537415742874146,0.0,0.1647123247385025,0.0001,1e-05,50.331,4.0093,0.6371
3755,stage2,1,0.1690065711736679,0.3589951694011688,0.0,0.1690065711736679,0.0001,1e-05,50.331,4.9079,3.8744
3756,stage2,1,0.14336125552654266,0.34660518169403076,0.0,0.14336125552654266,0.0001,1e-05,50.33,3.7257,0.6349
3757,stage2,1,0.13930009305477142,0.3262985348701477,0.0,0.13930009305477142,0.0001,1e-05,50.332,4.3699,0.6349
3758,stage2,1,0.16221430897712708,0.31855735182762146,0.0,0.16221430897712708,0.0001,1e-05,50.333,3.9585,0.6358
3759,stage2,1,0.12691280245780945,0.34321144223213196,0.0,0.12691280245780945,0.0001,1e-05,50.331,4.5247,0.6365
3760,stage2,1,0.18259763717651367,0.34529536962509155,0.0,0.18259763717651367,0.0001,1e-05,50.328,4.3314,0.6365
3761,stage2,1,0.15357670187950134,0.34456050395965576,0.0,0.15357670187950134,0.0001,1e-05,50.331,3.7919,0.6374
3762,stage2,1,0.14480137825012207,0.3202868700027466,0.0,0.14480137825012207,0.0001,1e-05,50.332,3.7308,0.637
3763,stage2,1,0.13517577946186066,0.33330026268959045,0.0,0.13517577946186066,0.0001,1e-05,50.33,4.3243,3.8718
3764,stage2,1,0.14948643743991852,0.35596027970314026,0.0,0.14948643743991852,0.0001,1e-05,50.327,4.2164,0.6343
3765,stage2,1,0.1457206755876541,0.33938008546829224,0.0,0.1457206755876541,0.0001,1e-05,50.333,3.9745,0.6348
3766,stage2,1,0.1298201084136963,0.32139506936073303,0.0,0.1298201084136963,0.0001,1e-05,50.329,3.1603,0.636
3767,stage2,1,0.14315688610076904,0.32371261715888977,0.0,0.14315688610076904,0.0001,1e-05,50.328,4.1485,0.6359
3768,stage2,1,0.1456151306629181,0.3420065939426422,0.0,0.1456151306629181,0.0001,1e-05,50.33,3.855,0.636
3769,stage2,1,0.1414959877729416,0.34715890884399414,0.0,0.1414959877729416,0.0001,1e-05,50.329,3.9654,0.6362
3770,stage2,1,0.1421869546175003,0.3483756482601166,0.0,0.1421869546175003,0.0001,1e-05,50.331,3.0045,0.6371
3771,stage2,1,0.13845375180244446,0.36149343848228455,0.0,0.13845375180244446,0.0001,1e-05,50.329,4.1566,3.848
3772,stage2,1,0.15895013511180878,0.35053834319114685,0.0,0.15895013511180878,0.0001,1e-05,50.333,3.3952,0.6344
3773,stage2,1,0.14473457634449005,0.32786333560943604,0.0,0.14473457634449005,0.0001,1e-05,50.331,3.1609,0.6371
3774,stage2,1,0.13439078629016876,0.3424948751926422,0.0,0.13439078629016876,0.0001,1e-05,50.33,3.4346,0.6361
3775,stage2,1,0.15436869859695435,0.36874160170555115,0.0,0.15436869859695435,0.0001,1e-05,50.331,3.701,0.635
3776,stage2,1,0.15178048610687256,0.3395453691482544,0.0,0.15178048610687256,0.0001,1e-05,50.33,3.199,0.6364
3777,stage2,1,0.1430068165063858,0.3412323296070099,0.0,0.1430068165063858,0.0001,1e-05,50.33,4.2542,0.6363
3778,stage2,1,0.1490245908498764,0.34423771500587463,0.0,0.1490245908498764,0.0001,1e-05,50.33,4.1332,0.6366
3779,stage2,1,0.13326790928840637,0.36771008372306824,0.0,0.13326790928840637,0.0001,1e-05,50.331,3.3364,3.8991
3780,stage2,1,0.1567426174879074,0.31579187512397766,0.0,0.1567426174879074,0.0001,1e-05,50.33,4.3922,0.6339
3781,stage2,1,0.14327198266983032,0.3588692247867584,0.0,0.14327198266983032,0.0001,1e-05,50.329,4.0585,0.6352
3782,stage2,1,0.1369539350271225,0.33292317390441895,0.0,0.1369539350271225,0.0001,1e-05,50.331,3.3297,0.6382
3783,stage2,1,0.1623445451259613,0.3094363212585449,0.0,0.1623445451259613,0.0001,1e-05,50.327,3.775,0.6352
3784,stage2,1,0.13409598171710968,0.3452608287334442,0.0,0.13409598171710968,0.0001,1e-05,50.33,3.5489,0.6364
3785,stage2,1,0.1518857330083847,0.3835270404815674,0.0,0.1518857330083847,0.0001,1e-05,50.331,4.0091,0.6364
3786,stage2,1,0.1454615443944931,0.3340264558792114,0.0,0.1454615443944931,0.0001,1e-05,50.33,3.6097,0.6367
3787,stage2,1,0.1618727296590805,0.3423754870891571,0.0,0.1618727296590805,0.0001,1e-05,50.331,3.8841,3.8388
3788,stage2,1,0.14787957072257996,0.34907370805740356,0.0,0.14787957072257996,0.0001,1e-05,50.331,3.8296,0.6348
3789,stage2,1,0.15573059022426605,0.3479822874069214,0.0,0.15573059022426605,0.0001,1e-05,50.33,3.5251,0.6352
3790,stage2,1,0.1459769904613495,0.3521464765071869,0.0,0.1459769904613495,0.0001,1e-05,50.333,3.1234,0.6353
3791,stage2,1,0.13619866967201233,0.35334789752960205,0.0,0.13619866967201233,0.0001,1e-05,50.331,3.3253,0.636
3792,stage2,1,0.12583525478839874,0.33948129415512085,0.0,0.12583525478839874,0.0001,1e-05,50.333,3.0141,0.6356
3793,stage2,1,0.14122651517391205,0.34156957268714905,0.0,0.14122651517391205,0.0001,1e-05,50.333,3.3238,0.6363
3794,stage2,1,0.14952822029590607,0.3478255271911621,0.0,0.14952822029590607,0.0001,1e-05,50.332,3.756,0.6366
3795,stage2,1,0.1527371108531952,0.32036522030830383,0.0,0.1527371108531952,0.0001,1e-05,50.33,3.9352,3.8662
3796,stage2,1,0.14950883388519287,0.3494267165660858,0.0,0.14950883388519287,0.0001,1e-05,50.33,3.4958,0.635
3797,stage2,1,0.14769160747528076,0.32698488235473633,0.0,0.14769160747528076,0.0001,1e-05,50.329,3.4981,0.6364
3798,stage2,1,0.14314734935760498,0.33575451374053955,0.0,0.14314734935760498,0.0001,1e-05,50.329,3.6943,0.6342
3799,stage2,1,0.13673104345798492,0.32894396781921387,0.0,0.13673104345798492,0.0001,1e-05,50.33,2.629,0.6358
3800,stage2,1,0.1328355222940445,0.30546775460243225,0.0,0.1328355222940445,0.0001,1e-05,50.334,3.1559,0.6399
3801,stage2,1,0.14226996898651123,0.3337644636631012,0.0,0.14226996898651123,0.0001,1e-05,50.332,3.2761,0.6365
3802,stage2,1,0.1596439629793167,0.361659973859787,0.0,0.1596439629793167,0.0001,1e-05,50.334,3.5834,0.6372
3803,stage2,1,0.14502209424972534,0.3597630560398102,0.0,0.14502209424972534,0.0001,1e-05,50.334,3.9025,3.8581
3804,stage2,1,0.14561723172664642,0.3469611406326294,0.0,0.14561723172664642,0.0001,1e-05,50.331,3.6217,0.635
3805,stage2,1,0.133705735206604,0.32748088240623474,0.0,0.133705735206604,0.0001,1e-05,50.33,3.5464,0.6359
3806,stage2,1,0.14855453372001648,0.36607626080513,0.0,0.14855453372001648,0.0001,1e-05,50.331,3.1729,0.6362
3807,stage2,1,0.15946967899799347,0.34267857670783997,0.0,0.15946967899799347,0.0001,1e-05,50.332,3.7406,0.6367
3808,stage2,1,0.14293241500854492,0.3453686833381653,0.0,0.14293241500854492,0.0001,1e-05,50.329,3.2974,0.6401
3809,stage2,1,0.14154976606369019,0.3583463430404663,0.0,0.14154976606369019,0.0001,1e-05,50.327,3.5331,0.6368
3810,stage2,1,0.16082362830638885,0.3367539942264557,0.0,0.16082362830638885,0.0001,1e-05,50.328,4.2388,0.637
3811,stage2,1,0.1355219930410385,0.3333497941493988,0.0,0.1355219930410385,0.0001,1e-05,50.329,3.2995,3.8938
3812,stage2,1,0.13325202465057373,0.33688244223594666,0.0,0.13325202465057373,0.0001,1e-05,50.327,5.2025,0.6351
3813,stage2,1,0.1340181976556778,0.3280055522918701,0.0,0.1340181976556778,0.0001,1e-05,50.328,3.1262,0.6358
3814,stage2,1,0.14552123844623566,0.33827874064445496,0.0,0.14552123844623566,0.0001,1e-05,50.331,3.4567,0.6365
3815,stage2,1,0.14654015004634857,0.35104548931121826,0.0,0.14654015004634857,0.0001,1e-05,50.328,3.9585,0.6362
3816,stage2,1,0.15779973566532135,0.338466078042984,0.0,0.15779973566532135,0.0001,1e-05,50.328,3.2644,0.6359
3817,stage2,1,0.16285033524036407,0.3642634451389313,0.0,0.16285033524036407,0.0001,1e-05,50.328,4.0497,0.6366
3818,stage2,1,0.12913505733013153,0.32542338967323303,0.0,0.12913505733013153,0.0001,1e-05,50.328,3.5087,0.6376
3819,stage2,1,0.16289998590946198,0.36110031604766846,0.0,0.16289998590946198,0.0001,1e-05,50.328,4.1393,3.9039
3820,stage2,1,0.12344296276569366,0.32906675338745117,0.0,0.12344296276569366,0.0001,1e-05,50.331,3.1848,0.6352
3821,stage2,1,0.14080451428890228,0.33475759625434875,0.0,0.14080451428890228,0.0001,1e-05,50.331,4.6799,0.6364
3822,stage2,1,0.1375468522310257,0.34349361062049866,0.0,0.1375468522310257,0.0001,1e-05,50.33,4.4151,0.634
3823,stage2,1,0.13038954138755798,0.3296072483062744,0.0,0.13038954138755798,0.0001,1e-05,50.329,3.6622,0.6359
3824,stage2,1,0.1366105079650879,0.3498022258281708,0.0,0.1366105079650879,0.0001,1e-05,50.333,3.5598,0.6363
3825,stage2,1,0.1351405829191208,0.3300338685512543,0.0,0.1351405829191208,0.0001,1e-05,50.333,4.0043,0.6369
3826,stage2,1,0.15151189267635345,0.3430383801460266,0.0,0.15151189267635345,0.0001,1e-05,50.329,3.3094,0.6373
3827,stage2,1,0.11257278919219971,0.322094202041626,0.0,0.11257278919219971,0.0001,1e-05,50.328,2.7265,3.9453
3828,stage2,1,0.16894088685512543,0.3435051143169403,0.0,0.16894088685512543,0.0001,1e-05,50.328,4.1489,0.6348
3829,stage2,1,0.14210984110832214,0.31742456555366516,0.0,0.14210984110832214,0.0001,1e-05,50.331,4.1552,0.6357
3830,stage2,1,0.13157851994037628,0.3489532172679901,0.0,0.13157851994037628,0.0001,1e-05,50.332,2.9217,0.6357
3831,stage2,1,0.15403079986572266,0.32172444462776184,0.0,0.15403079986572266,0.0001,1e-05,50.331,3.5566,0.636
3832,stage2,1,0.14169517159461975,0.33629080653190613,0.0,0.14169517159461975,0.0001,1e-05,50.331,3.1218,0.6373
3833,stage2,1,0.1346767097711563,0.3248766362667084,0.0,0.1346767097711563,0.0001,1e-05,50.331,3.3874,0.6366
3834,stage2,1,0.14498299360275269,0.3253231942653656,0.0,0.14498299360275269,0.0001,1e-05,50.33,3.5742,0.6371
3835,stage2,1,0.1451195478439331,0.32866042852401733,0.0,0.1451195478439331,0.0001,1e-05,50.333,3.572,3.956
3836,stage2,1,0.13858173787593842,0.3415055274963379,0.0,0.13858173787593842,0.0001,1e-05,50.33,3.1977,0.6355
3837,stage2,1,0.1758357137441635,0.32766687870025635,0.0,0.1758357137441635,0.0001,1e-05,50.331,3.871,0.6386
3838,stage2,1,0.14591814577579498,0.2934112548828125,0.0,0.14591814577579498,0.0001,1e-05,50.332,4.6538,0.6358
3839,stage2,1,0.15395376086235046,0.3414190709590912,0.0,0.15395376086235046,0.0001,1e-05,50.332,4.0571,0.6435
3840,stage2,1,0.13778521120548248,0.3556366562843323,0.0,0.13778521120548248,0.0001,1e-05,50.328,3.6955,0.6324
3841,stage2,1,0.13160021603107452,0.30698299407958984,0.0,0.13160021603107452,0.0001,1e-05,50.329,3.7372,0.6413
3842,stage2,1,0.13059337437152863,0.3808048367500305,0.0,0.13059337437152863,0.0001,1e-05,50.332,2.9034,0.6323
3843,stage2,1,0.16225163638591766,0.3642599880695343,0.0,0.16225163638591766,0.0001,1e-05,50.33,4.7608,4.0358
3844,stage2,1,0.14026756584644318,0.38415372371673584,0.0,0.14026756584644318,0.0001,1e-05,50.329,4.1465,0.634
3845,stage2,1,0.14362548291683197,0.3224380612373352,0.0,0.14362548291683197,0.0001,1e-05,50.329,3.5347,0.6352
3846,stage2,1,0.16596831381320953,0.3626573383808136,0.0,0.16596831381320953,0.0001,1e-05,50.331,4.1978,0.6355
3847,stage2,1,0.14630326628684998,0.336773157119751,0.0,0.14630326628684998,0.0001,1e-05,50.329,4.4411,0.6345
3848,stage2,1,0.12965191900730133,0.3274632692337036,0.0,0.12965191900730133,0.0001,1e-05,50.331,3.5437,0.6342
3849,stage2,1,0.15075671672821045,0.3184681534767151,0.0,0.15075671672821045,0.0001,1e-05,50.33,3.9936,0.6351
3850,stage2,1,0.12836892902851105,0.3258536756038666,0.0,0.12836892902851105,0.0001,1e-05,50.329,2.8053,0.6359
3851,stage2,1,0.16718782484531403,0.3626082241535187,0.0,0.16718782484531403,0.0001,1e-05,50.332,4.2205,3.3991
3852,stage2,1,0.15642088651657104,0.34601446986198425,0.0,0.15642088651657104,0.0001,1e-05,50.33,4.1628,0.6323
3853,stage2,1,0.16049018502235413,0.3432774245738983,0.0,0.16049018502235413,0.0001,1e-05,50.331,3.7747,0.6327
3854,stage2,1,0.13151706755161285,0.3629446029663086,0.0,0.13151706755161285,0.0001,1e-05,50.331,3.3796,0.6338
3855,stage2,1,0.141164168715477,0.3663782477378845,0.0,0.141164168715477,0.0001,1e-05,50.331,3.6833,0.6345
3856,stage2,2,0.14856374263763428,0.3195066452026367,0.0,0.14856374263763428,0.0001,1e-05,50.331,4.0401,9.7296
3857,stage2,2,0.1333497166633606,0.3176517188549042,0.0,0.1333497166633606,0.0001,1e-05,50.331,3.3497,0.631
3858,stage2,2,0.13969410955905914,0.3364168405532837,0.0,0.13969410955905914,0.0001,1e-05,50.329,4.0686,0.6323
3859,stage2,2,0.12931875884532928,0.3407032787799835,0.0,0.12931875884532928,0.0001,1e-05,50.333,3.4746,0.6333
3860,stage2,2,0.13183122873306274,0.3478423058986664,0.0,0.13183122873306274,0.0001,1e-05,50.331,4.0259,0.6329
3861,stage2,2,0.12986133992671967,0.34672942757606506,0.0,0.12986133992671967,0.0001,1e-05,50.33,3.4571,0.634
3862,stage2,2,0.13669191300868988,0.324171245098114,0.0,0.13669191300868988,0.0001,1e-05,50.33,3.4726,0.6339
3863,stage2,2,0.12313127517700195,0.3279658257961273,0.0,0.12313127517700195,0.0001,1e-05,50.331,2.735,0.6337
3864,stage2,2,0.12924335896968842,0.3205913305282593,0.0,0.12924335896968842,0.0001,1e-05,50.33,3.0166,3.8949
3865,stage2,2,0.13412466645240784,0.3668529689311981,0.0,0.13412466645240784,0.0001,1e-05,50.331,2.8425,0.6324
3866,stage2,2,0.12184074521064758,0.3237573206424713,0.0,0.12184074521064758,0.0001,1e-05,50.334,3.0332,0.6328
3867,stage2,2,0.12389453500509262,0.298385351896286,0.0,0.12389453500509262,0.0001,1e-05,50.33,3.1216,0.6336
3868,stage2,2,0.12696820497512817,0.3306087255477905,0.0,0.12696820497512817,0.0001,1e-05,50.328,3.0499,0.6342
3869,stage2,2,0.14637035131454468,0.3230590224266052,0.0,0.14637035131454468,0.0001,1e-05,50.332,3.7427,0.6563
3870,stage2,2,0.1463957577943802,0.366883248090744,0.0,0.1463957577943802,0.0001,1e-05,50.331,3.6841,0.6275
3871,stage2,2,0.1421784907579422,0.31952154636383057,0.0,0.1421784907579422,0.0001,1e-05,50.332,4.1002,0.6347
3872,stage2,2,0.13770629465579987,0.336245596408844,0.0,0.13770629465579987,0.0001,1e-05,50.33,3.4238,3.9449
3873,stage2,2,0.12577703595161438,0.3401298224925995,0.0,0.12577703595161438,0.0001,1e-05,50.332,3.1156,0.6325
3874,stage2,2,0.13373929262161255,0.34572821855545044,0.0,0.13373929262161255,0.0001,1e-05,50.331,3.2385,0.6332
3875,stage2,2,0.14890605211257935,0.3168984651565552,0.0,0.14890605211257935,0.0001,1e-05,50.335,3.291,0.6338
3876,stage2,2,0.10837662220001221,0.3441520929336548,0.0,0.10837662220001221,0.0001,1e-05,50.332,3.3755,0.6342
3877,stage2,2,0.1245410144329071,0.2885982096195221,0.0,0.1245410144329071,0.0001,1e-05,50.334,3.6848,0.6344
3878,stage2,2,0.14884912967681885,0.3304138779640198,0.0,0.14884912967681885,0.0001,1e-05,50.33,3.1112,0.6346
3879,stage2,2,0.15347521007061005,0.3181375563144684,0.0,0.15347521007061005,0.0001,1e-05,50.331,3.5527,0.6354
3880,stage2,2,0.11615364998579025,0.31231576204299927,0.0,0.11615364998579025,0.0001,1e-05,50.331,2.9472,3.8126
3881,stage2,2,0.150746688246727,0.33430731296539307,0.0,0.150746688246727,0.0001,1e-05,50.335,3.2771,0.6327
3882,stage2,2,0.11939931660890579,0.3388000428676605,0.0,0.11939931660890579,0.0001,1e-05,50.331,2.9378,0.6335
3883,stage2,2,0.1293834000825882,0.3412192165851593,0.0,0.1293834000825882,0.0001,1e-05,50.327,3.3818,0.6339
3884,stage2,2,0.12882374227046967,0.3695381283760071,0.0,0.12882374227046967,0.0001,1e-05,50.328,3.5126,0.6343
3885,stage2,2,0.1519441157579422,0.37096500396728516,0.0,0.1519441157579422,0.0001,1e-05,50.331,2.9799,0.6349
3886,stage2,2,0.1449480652809143,0.34625244140625,0.0,0.1449480652809143,0.0001,1e-05,50.329,3.8875,0.6354
3887,stage2,2,0.11263404786586761,0.327503502368927,0.0,0.11263404786586761,0.0001,1e-05,50.33,2.9785,0.6351
3888,stage2,2,0.14097760617733002,0.3465442955493927,0.0,0.14097760617733002,0.0001,1e-05,50.329,3.1705,3.8853
3889,stage2,2,0.11483132094144821,0.3423382639884949,0.0,0.11483132094144821,0.0001,1e-05,50.329,3.9924,0.6342
3890,stage2,2,0.135863795876503,0.34456443786621094,0.0,0.135863795876503,0.0001,1e-05,50.332,2.8387,0.6338
3891,stage2,2,0.1358850598335266,0.3354417681694031,0.0,0.1358850598335266,0.0001,1e-05,50.329,3.7056,0.6353
3892,stage2,2,0.12238644063472748,0.30893993377685547,0.0,0.12238644063472748,0.0001,1e-05,50.331,3.3394,0.6356
3893,stage2,2,0.12378423660993576,0.33295899629592896,0.0,0.12378423660993576,0.0001,1e-05,50.333,2.9656,0.6348
3894,stage2,2,0.157542884349823,0.33986467123031616,0.0,0.157542884349823,0.0001,1e-05,50.33,3.7532,0.6354
3895,stage2,2,0.13937966525554657,0.34880930185317993,0.0,0.13937966525554657,0.0001,1e-05,50.332,3.4208,0.6354
3896,stage2,2,0.1261211782693863,0.31380632519721985,0.0,0.1261211782693863,0.0001,1e-05,50.326,3.0852,3.8603
3897,stage2,2,0.13427165150642395,0.29449915885925293,0.0,0.13427165150642395,0.0001,1e-05,50.33,3.3525,0.6336
3898,stage2,2,0.1303991973400116,0.33048731088638306,0.0,0.1303991973400116,0.0001,1e-05,50.332,2.9087,0.6333
3899,stage2,2,0.12436123937368393,0.326079785823822,0.0,0.12436123937368393,0.0001,1e-05,50.331,3.0675,0.6342
3900,stage2,2,0.13090071082115173,0.321145236492157,0.0,0.13090071082115173,0.0001,1e-05,50.328,3.9046,0.6345
3901,stage2,2,0.14082425832748413,0.32962772250175476,0.0,0.14082425832748413,0.0001,1e-05,50.331,4.4131,0.6345
3902,stage2,2,0.12744081020355225,0.3463016450405121,0.0,0.12744081020355225,0.0001,1e-05,50.333,2.9417,0.635
3903,stage2,2,0.14185062050819397,0.3266836106777191,0.0,0.14185062050819397,0.0001,1e-05,50.329,3.9216,0.6358
3904,stage2,2,0.13973966240882874,0.3283662796020508,0.0,0.13973966240882874,0.0001,1e-05,50.334,3.8714,3.8914
3905,stage2,2,0.1379815638065338,0.3260633051395416,0.0,0.1379815638065338,0.0001,1e-05,50.337,3.0557,0.6335
3906,stage2,2,0.13381795585155487,0.3457795977592468,0.0,0.13381795585155487,0.0001,1e-05,50.332,3.6103,0.634
3907,stage2,2,0.11710276454687119,0.33756929636001587,0.0,0.11710276454687119,0.0001,1e-05,50.33,3.3877,0.6347
3908,stage2,2,0.11628584563732147,0.3155764639377594,0.0,0.11628584563732147,0.0001,1e-05,50.331,3.0116,0.635
3909,stage2,2,0.13441024720668793,0.35015106201171875,0.0,0.13441024720668793,0.0001,1e-05,50.332,4.407,0.6349
3910,stage2,2,0.13627348840236664,0.31167325377464294,0.0,0.13627348840236664,0.0001,1e-05,50.332,3.0735,0.6348
3911,stage2,2,0.12772853672504425,0.3285568654537201,0.0,0.12772853672504425,0.0001,1e-05,50.328,3.0942,0.6354
3912,stage2,2,0.1241203099489212,0.34096670150756836,0.0,0.1241203099489212,0.0001,1e-05,50.33,2.7365,3.8509
3913,stage2,2,0.13791386783123016,0.3562360405921936,0.0,0.13791386783123016,0.0001,1e-05,50.332,4.2908,0.6341
3914,stage2,2,0.12106945365667343,0.3309861123561859,0.0,0.12106945365667343,0.0001,1e-05,50.329,3.1541,0.6343
3915,stage2,2,0.15182626247406006,0.37743768095970154,0.0,0.15182626247406006,0.0001,1e-05,50.33,3.4788,0.6353
3916,stage2,2,0.12436885386705399,0.33508816361427307,0.0,0.12436885386705399,0.0001,1e-05,50.326,2.6404,0.6355
3917,stage2,2,0.13638359308242798,0.31391194462776184,0.0,0.13638359308242798,0.0001,1e-05,50.331,3.4347,0.6355
3918,stage2,2,0.12138108164072037,0.3264022469520569,0.0,0.12138108164072037,0.0001,1e-05,50.329,3.4192,0.6363
3919,stage2,2,0.14710620045661926,0.3365297019481659,0.0,0.14710620045661926,0.0001,1e-05,50.334,3.3322,0.6369
3920,stage2,2,0.13963459432125092,0.3225114941596985,0.0,0.13963459432125092,0.0001,1e-05,50.331,4.1755,3.7838
3921,stage2,2,0.13856755197048187,0.35941046476364136,0.0,0.13856755197048187,0.0001,1e-05,50.33,3.4221,0.6913
3922,stage2,2,0.14397132396697998,0.3015996515750885,0.0,0.14397132396697998,0.0001,1e-05,50.33,4.0447,0.635
3923,stage2,2,0.12957516312599182,0.33836448192596436,0.0,0.12957516312599182,0.0001,1e-05,50.331,3.281,0.6358
3924,stage2,2,0.12081637233495712,0.3255266547203064,0.0,0.12081637233495712,0.0001,1e-05,50.332,3.484,0.6362
3925,stage2,2,0.1402052491903305,0.36032649874687195,0.0,0.1402052491903305,0.0001,1e-05,50.33,3.682,0.6366
3926,stage2,2,0.13383769989013672,0.2944357693195343,0.0,0.13383769989013672,0.0001,1e-05,50.332,3.8047,0.6364
3927,stage2,2,0.11953087151050568,0.34662166237831116,0.0,0.11953087151050568,0.0001,1e-05,50.332,3.2635,0.6367
3928,stage2,2,0.14302845299243927,0.3767675459384918,0.0,0.14302845299243927,0.0001,1e-05,50.332,4.2241,3.7466
3929,stage2,2,0.12344954907894135,0.31623703241348267,0.0,0.12344954907894135,0.0001,1e-05,50.331,2.7902,0.725
3930,stage2,2,0.11728957295417786,0.3307652771472931,0.0,0.11728957295417786,0.0001,1e-05,50.33,2.9919,0.6348
3931,stage2,2,0.1187327429652214,0.3561210632324219,0.0,0.1187327429652214,0.0001,1e-05,50.328,3.8476,0.6356
3932,stage2,2,0.12945470213890076,0.30737748742103577,0.0,0.12945470213890076,0.0001,1e-05,50.329,3.4163,0.6355
3933,stage2,2,0.1379719376564026,0.3040054738521576,0.0,0.1379719376564026,0.0001,1e-05,50.33,3.4426,0.636
3934,stage2,2,0.12864258885383606,0.3439303934574127,0.0,0.12864258885383606,0.0001,1e-05,50.333,3.9246,0.6366
3935,stage2,2,0.14090201258659363,0.2929322421550751,0.0,0.14090201258659363,0.0001,1e-05,50.329,3.4778,0.636
3936,stage2,2,0.12109827995300293,0.3404090404510498,0.0,0.12109827995300293,0.0001,1e-05,50.331,4.4785,3.6576
3937,stage2,2,0.14031362533569336,0.318798691034317,0.0,0.14031362533569336,0.0001,1e-05,50.33,3.5679,0.7764
3938,stage2,2,0.1560802310705185,0.3202988803386688,0.0,0.1560802310705185,0.0001,1e-05,50.331,4.5814,0.6352
3939,stage2,2,0.14988797903060913,0.3520570695400238,0.0,0.14988797903060913,0.0001,1e-05,50.329,3.6556,0.6351
3940,stage2,2,0.14578256011009216,0.3266998529434204,0.0,0.14578256011009216,0.0001,1e-05,50.331,3.5315,0.6357
3941,stage2,2,0.12221889942884445,0.33118703961372375,0.0,0.12221889942884445,0.0001,1e-05,50.334,2.3483,0.6366
3942,stage2,2,0.12660697102546692,0.3096166253089905,0.0,0.12660697102546692,0.0001,1e-05,50.333,3.3632,0.637
3943,stage2,2,0.1143324226140976,0.36336565017700195,0.0,0.1143324226140976,0.0001,1e-05,50.334,3.0141,0.6363
3944,stage2,2,0.11821424216032028,0.325990229845047,0.0,0.11821424216032028,0.0001,1e-05,50.334,2.5053,3.6842
3945,stage2,2,0.1344943642616272,0.33519527316093445,0.0,0.1344943642616272,0.0001,1e-05,50.329,4.5264,0.7539
3946,stage2,2,0.1356915980577469,0.33154571056365967,0.0,0.1356915980577469,0.0001,1e-05,50.333,3.3622,0.6353
3947,stage2,2,0.13074393570423126,0.32181379199028015,0.0,0.13074393570423126,0.0001,1e-05,50.334,3.5562,0.6355
3948,stage2,2,0.11885399371385574,0.35456588864326477,0.0,0.11885399371385574,0.0001,1e-05,50.332,3.657,0.6362
3949,stage2,2,0.12050472944974899,0.3508094847202301,0.0,0.12050472944974899,0.0001,1e-05,50.33,3.259,0.6361
3950,stage2,2,0.12565888464450836,0.33527639508247375,0.0,0.12565888464450836,0.0001,1e-05,50.328,3.8199,0.6369
3951,stage2,2,0.12283825129270554,0.34661951661109924,0.0,0.12283825129270554,0.0001,1e-05,50.331,3.2518,0.6368
3952,stage2,2,0.1393527239561081,0.3650064766407013,0.0,0.1393527239561081,0.0001,1e-05,50.329,3.8563,3.7316
3953,stage2,2,0.14688453078269958,0.33405283093452454,0.0,0.14688453078269958,0.0001,1e-05,50.326,3.3854,0.7389
3954,stage2,2,0.15633812546730042,0.32541197538375854,0.0,0.15633812546730042,0.0001,1e-05,50.329,3.1209,0.6345
3955,stage2,2,0.14559003710746765,0.3361365795135498,0.0,0.14559003710746765,0.0001,1e-05,50.33,3.9372,0.6356
3956,stage2,2,0.1195281594991684,0.33985182642936707,0.0,0.1195281594991684,0.0001,1e-05,50.329,2.987,0.6359
3957,stage2,2,0.13690394163131714,0.33474865555763245,0.0,0.13690394163131714,0.0001,1e-05,50.331,3.2106,0.6361
3958,stage2,2,0.14987072348594666,0.34805458784103394,0.0,0.14987072348594666,0.0001,1e-05,50.33,3.2969,0.6367
3959,stage2,2,0.13418817520141602,0.3428092300891876,0.0,0.13418817520141602,0.0001,1e-05,50.33,3.4385,0.6368
3960,stage2,2,0.12778116762638092,0.3155551552772522,0.0,0.12778116762638092,0.0001,1e-05,50.327,3.3057,3.6469
3961,stage2,2,0.13923335075378418,0.3228082060813904,0.0,0.13923335075378418,0.0001,1e-05,50.33,3.5878,0.8065
3962,stage2,2,0.1483835130929947,0.33870425820350647,0.0,0.1483835130929947,0.0001,1e-05,50.32,3.5912,0.6354
3963,stage2,2,0.13510729372501373,0.34027355909347534,0.0,0.13510729372501373,0.0001,1e-05,50.325,3.5665,0.6363
3964,stage2,2,0.15514419972896576,0.34524133801460266,0.0,0.15514419972896576,0.0001,1e-05,50.325,4.7592,0.636
3965,stage2,2,0.11682134866714478,0.3604598641395569,0.0,0.11682134866714478,0.0001,1e-05,50.326,3.2327,0.6365
3966,stage2,2,0.12091245502233505,0.3092834949493408,0.0,0.12091245502233505,0.0001,1e-05,50.325,2.8563,0.6365
3967,stage2,2,0.1438795030117035,0.3248654901981354,0.0,0.1438795030117035,0.0001,1e-05,50.325,3.6737,0.6366
3968,stage2,2,0.12169867008924484,0.33737805485725403,0.0,0.12169867008924484,0.0001,1e-05,50.328,3.0943,3.5892
3969,stage2,2,0.16615062952041626,0.33429741859436035,0.0,0.16615062952041626,0.0001,1e-05,50.325,3.3245,0.8854
3970,stage2,2,0.14044444262981415,0.33640217781066895,0.0,0.14044444262981415,0.0001,1e-05,50.326,3.7865,0.6348
3971,stage2,2,0.13885147869586945,0.3546146750450134,0.0,0.13885147869586945,0.0001,1e-05,50.327,3.6537,0.6359
3972,stage2,2,0.15146687626838684,0.31839480996131897,0.0,0.15146687626838684,0.0001,1e-05,50.325,3.4117,0.6363
3973,stage2,2,0.1155061423778534,0.351712703704834,0.0,0.1155061423778534,0.0001,1e-05,50.333,3.0356,0.6371
3974,stage2,2,0.1368195116519928,0.32698553800582886,0.0,0.1368195116519928,0.0001,1e-05,50.331,3.4416,0.637
3975,stage2,2,0.12973524630069733,0.31567034125328064,0.0,0.12973524630069733,0.0001,1e-05,50.325,2.5879,0.6377
3976,stage2,2,0.13620774447917938,0.3131762146949768,0.0,0.13620774447917938,0.0001,1e-05,50.328,3.3816,3.4946
3977,stage2,2,0.11473728716373444,0.3193954527378082,0.0,0.11473728716373444,0.0001,1e-05,50.331,3.224,0.9205
3978,stage2,2,0.1052304059267044,0.31527039408683777,0.0,0.1052304059267044,0.0001,1e-05,50.332,3.2689,0.6358
3979,stage2,2,0.11940473318099976,0.31275954842567444,0.0,0.11940473318099976,0.0001,1e-05,50.325,2.9207,0.6361
3980,stage2,2,0.1241295337677002,0.30476027727127075,0.0,0.1241295337677002,0.0001,1e-05,50.328,3.3485,0.6363
3981,stage2,2,0.1251489818096161,0.3539821207523346,0.0,0.1251489818096161,0.0001,1e-05,50.327,3.8733,0.637
3982,stage2,2,0.14691606163978577,0.34267526865005493,0.0,0.14691606163978577,0.0001,1e-05,50.33,4.2856,0.6372
3983,stage2,2,0.1100371852517128,0.3287201523780823,0.0,0.1100371852517128,0.0001,1e-05,50.33,3.6632,0.6371
3984,stage2,2,0.12709608674049377,0.29539787769317627,0.0,0.12709608674049377,0.0001,1e-05,50.328,3.8572,3.5039
3985,stage2,2,0.12245152145624161,0.3347363770008087,0.0,0.12245152145624161,0.0001,1e-05,50.326,2.9775,0.9931
3986,stage2,2,0.13830304145812988,0.32223865389823914,0.0,0.13830304145812988,0.0001,1e-05,50.327,3.5085,0.6354
3987,stage2,2,0.12418610602617264,0.3410806655883789,0.0,0.12418610602617264,0.0001,1e-05,50.326,3.3205,0.6362
3988,stage2,2,0.11856932938098907,0.3323482871055603,0.0,0.11856932938098907,0.0001,1e-05,50.328,3.1942,0.6357
3989,stage2,2,0.14763495326042175,0.31637293100357056,0.0,0.14763495326042175,0.0001,1e-05,50.328,3.7781,0.6364
3990,stage2,2,0.12881623208522797,0.36671292781829834,0.0,0.12881623208522797,0.0001,1e-05,50.326,3.0817,0.6363
3991,stage2,2,0.13237103819847107,0.31776177883148193,0.0,0.13237103819847107,0.0001,1e-05,50.327,4.6946,0.6368
3992,stage2,2,0.13482442498207092,0.3245844542980194,0.0,0.13482442498207092,0.0001,1e-05,50.328,3.136,3.465
3993,stage2,2,0.1389155238866806,0.3080010414123535,0.0,0.1389155238866806,0.0001,1e-05,50.327,3.0832,1.0957
3994,stage2,2,0.1413426399230957,0.36414220929145813,0.0,0.1413426399230957,0.0001,1e-05,50.327,4.211,0.6345
3995,stage2,2,0.1316429227590561,0.3320797383785248,0.0,0.1316429227590561,0.0001,1e-05,50.325,3.1022,0.6357
3996,stage2,2,0.1325923353433609,0.3647080659866333,0.0,0.1325923353433609,0.0001,1e-05,50.33,3.3399,0.6357
3997,stage2,2,0.14846359193325043,0.3360964059829712,0.0,0.14846359193325043,0.0001,1e-05,50.33,4.6655,0.6364
3998,stage2,2,0.13163433969020844,0.33522021770477295,0.0,0.13163433969020844,0.0001,1e-05,50.33,3.3787,0.6367
3999,stage2,2,0.14099633693695068,0.34648066759109497,0.0,0.14099633693695068,0.0001,1e-05,50.322,2.9672,0.6372
4000,stage2,2,0.12214997410774231,0.3157060146331787,0.0,0.12214997410774231,0.0001,1e-05,50.329,3.0865,3.3467
4001,stage2,2,0.1358223259449005,0.31873199343681335,0.0,0.1358223259449005,0.0001,1e-05,50.324,3.9596,1.0607
4002,stage2,2,0.13278773427009583,0.3521665036678314,0.0,0.13278773427009583,0.0001,1e-05,50.324,4.1512,0.6351
4003,stage2,2,0.15750187635421753,0.3346236050128937,0.0,0.15750187635421753,0.0001,1e-05,50.32,3.4955,0.6358
4004,stage2,2,0.1488705277442932,0.33548784255981445,0.0,0.1488705277442932,0.0001,1e-05,50.324,3.7859,0.6358
4005,stage2,2,0.12116928398609161,0.3061944246292114,0.0,0.12116928398609161,0.0001,1e-05,50.326,3.0885,0.6369
4006,stage2,2,0.13829655945301056,0.3376759886741638,0.0,0.13829655945301056,0.0001,1e-05,50.325,3.8158,0.6372
4007,stage2,2,0.13393808901309967,0.31724682450294495,0.0,0.13393808901309967,0.0001,1e-05,50.327,3.1209,0.6369
4008,stage2,2,0.15488402545452118,0.3398019075393677,0.0,0.15488402545452118,0.0001,1e-05,50.325,3.3055,3.2897
4009,stage2,2,0.13175490498542786,0.3308773934841156,0.0,0.13175490498542786,0.0001,1e-05,50.329,5.7086,1.1365
4010,stage2,2,0.13341879844665527,0.32469236850738525,0.0,0.13341879844665527,0.0001,1e-05,50.326,3.6185,0.6354
4011,stage2,2,0.11493886262178421,0.345752090215683,0.0,0.11493886262178421,0.0001,1e-05,50.325,3.3201,0.6361
4012,stage2,2,0.11110897362232208,0.3541518449783325,0.0,0.11110897362232208,0.0001,1e-05,50.327,3.1482,0.6364
4013,stage2,2,0.1277662217617035,0.38161906599998474,0.0,0.1277662217617035,0.0001,1e-05,50.329,3.0372,0.6372
4014,stage2,2,0.1433829963207245,0.32982033491134644,0.0,0.1433829963207245,0.0001,1e-05,50.328,4.2845,0.6371
4015,stage2,2,0.15673965215682983,0.3361761271953583,0.0,0.15673965215682983,0.0001,1e-05,50.327,4.383,0.6377
4016,stage2,2,0.12043546885251999,0.38391032814979553,0.0,0.12043546885251999,0.0001,1e-05,50.324,3.8237,3.237
4017,stage2,2,0.11744150519371033,0.3686559200286865,0.0,0.11744150519371033,0.0001,1e-05,50.327,3.2843,1.2463
4018,stage2,2,0.12885405123233795,0.32393550872802734,0.0,0.12885405123233795,0.0001,1e-05,50.329,3.6977,0.6357
4019,stage2,2,0.11654623597860336,0.31579163670539856,0.0,0.11654623597860336,0.0001,1e-05,50.328,3.7092,0.6358
4020,stage2,2,0.12668924033641815,0.34757569432258606,0.0,0.12668924033641815,0.0001,1e-05,50.328,3.3247,0.6367
4021,stage2,2,0.1443658471107483,0.36215442419052124,0.0,0.1443658471107483,0.0001,1e-05,50.33,3.6189,0.6369
4022,stage2,2,0.12728562951087952,0.3370753526687622,0.0,0.12728562951087952,0.0001,1e-05,50.328,3.6047,0.6366
4023,stage2,2,0.151515930891037,0.33525750041007996,0.0,0.151515930891037,0.0001,1e-05,50.328,4.3176,0.6376
4024,stage2,2,0.13319243490695953,0.3199802339076996,0.0,0.13319243490695953,0.0001,1e-05,50.329,3.0896,3.241
4025,stage2,2,0.14828525483608246,0.3487623333930969,0.0,0.14828525483608246,0.0001,1e-05,50.328,3.7382,1.3859
4026,stage2,2,0.13117609918117523,0.31585338711738586,0.0,0.13117609918117523,0.0001,1e-05,50.33,3.3721,0.6346
4027,stage2,2,0.13061444461345673,0.3163771331310272,0.0,0.13061444461345673,0.0001,1e-05,50.326,3.0845,0.6351
4028,stage2,2,0.14322614669799805,0.32617753744125366,0.0,0.14322614669799805,0.0001,1e-05,50.329,3.1037,0.6358
4029,stage2,2,0.13794562220573425,0.34563377499580383,0.0,0.13794562220573425,0.0001,1e-05,50.327,6.8443,0.6362
4030,stage2,2,0.1356753408908844,0.3182242214679718,0.0,0.1356753408908844,0.0001,1e-05,50.329,2.9105,0.6367
4031,stage2,2,0.1260189712047577,0.29926207661628723,0.0,0.1260189712047577,0.0001,1e-05,50.327,2.8041,0.6372
4032,stage2,2,0.12999525666236877,0.3803290128707886,0.0,0.12999525666236877,0.0001,1e-05,50.329,3.336,3.2458
4033,stage2,2,0.12100712209939957,0.3271356523036957,0.0,0.12100712209939957,0.0001,1e-05,50.331,2.7995,1.3106
4034,stage2,2,0.1301296502351761,0.3240869343280792,0.0,0.1301296502351761,0.0001,1e-05,50.326,3.135,0.6352
4035,stage2,2,0.13209250569343567,0.3332800269126892,0.0,0.13209250569343567,0.0001,1e-05,50.33,3.5757,0.6352
4036,stage2,2,0.11753357201814651,0.30572882294654846,0.0,0.11753357201814651,0.0001,1e-05,50.329,3.1659,0.6358
4037,stage2,2,0.13363713026046753,0.3518233895301819,0.0,0.13363713026046753,0.0001,1e-05,50.328,3.2181,0.6365
4038,stage2,2,0.12760695815086365,0.35339629650115967,0.0,0.12760695815086365,0.0001,1e-05,50.33,3.38,0.6362
4039,stage2,2,0.14174947142601013,0.3130870461463928,0.0,0.14174947142601013,0.0001,1e-05,50.33,3.6001,0.6372
4040,stage2,2,0.12402840703725815,0.3318464457988739,0.0,0.12402840703725815,0.0001,1e-05,50.32,3.0545,3.2018
4041,stage2,2,0.1268758922815323,0.3343104124069214,0.0,0.1268758922815323,0.0001,1e-05,50.329,3.3413,1.3656
4042,stage2,2,0.11945530027151108,0.346441388130188,0.0,0.11945530027151108,0.0001,1e-05,50.329,2.9937,0.6353
4043,stage2,2,0.13429932296276093,0.2916249930858612,0.0,0.13429932296276093,0.0001,1e-05,50.327,3.3788,0.6342
4044,stage2,2,0.13129188120365143,0.3426254391670227,0.0,0.13129188120365143,0.0001,1e-05,50.328,3.2926,0.6358
4045,stage2,2,0.1266174614429474,0.33408820629119873,0.0,0.1266174614429474,0.0001,1e-05,50.324,3.1935,0.6362
4046,stage2,2,0.1499273031949997,0.3145153820514679,0.0,0.1499273031949997,0.0001,1e-05,50.329,3.8675,0.6361
4047,stage2,2,0.12582489848136902,0.3282719552516937,0.0,0.12582489848136902,0.0001,1e-05,50.332,3.0462,0.6366
4048,stage2,2,0.14310920238494873,0.3210430145263672,0.0,0.14310920238494873,0.0001,1e-05,50.328,3.4601,3.2354
4049,stage2,2,0.1454879641532898,0.334111750125885,0.0,0.1454879641532898,0.0001,1e-05,50.329,3.1015,1.3964
4050,stage2,2,0.1269068866968155,0.33559882640838623,0.0,0.1269068866968155,0.0001,1e-05,50.328,2.8766,0.6341
4051,stage2,2,0.15230131149291992,0.3393131494522095,0.0,0.15230131149291992,0.0001,1e-05,50.33,3.9337,0.6352
4052,stage2,2,0.13339437544345856,0.3049057424068451,0.0,0.13339437544345856,0.0001,1e-05,50.328,3.5125,0.6352
4053,stage2,2,0.1240752562880516,0.3444233536720276,0.0,0.1240752562880516,0.0001,1e-05,50.324,3.1948,0.6356
4054,stage2,2,0.14004841446876526,0.3609773814678192,0.0,0.14004841446876526,0.0001,1e-05,50.328,3.8498,0.6356
4055,stage2,2,0.14712472259998322,0.3328222632408142,0.0,0.14712472259998322,0.0001,1e-05,50.323,4.02,0.6363
4056,stage2,2,0.14112001657485962,0.32197049260139465,0.0,0.14112001657485962,0.0001,1e-05,50.331,3.4553,3.1046
4057,stage2,2,0.10773801058530807,0.3784356415271759,0.0,0.10773801058530807,0.0001,1e-05,50.328,2.7228,1.46
4058,stage2,2,0.13390494883060455,0.3132636547088623,0.0,0.13390494883060455,0.0001,1e-05,50.333,3.0921,0.6346
4059,stage2,2,0.11603359878063202,0.29998645186424255,0.0,0.11603359878063202,0.0001,1e-05,50.328,3.0916,0.6348
4060,stage2,2,0.11954889446496964,0.32522425055503845,0.0,0.11954889446496964,0.0001,1e-05,50.325,3.6391,0.6356
4061,stage2,2,0.12551705539226532,0.3319062888622284,0.0,0.12551705539226532,0.0001,1e-05,50.327,3.0801,0.6364
4062,stage2,2,0.10516250133514404,0.32743170857429504,0.0,0.10516250133514404,0.0001,1e-05,50.328,2.9574,0.6359
4063,stage2,2,0.13508687913417816,0.3453930914402008,0.0,0.13508687913417816,0.0001,1e-05,50.323,3.8654,0.6369
4064,stage2,2,0.12419626861810684,0.320527046918869,0.0,0.12419626861810684,0.0001,1e-05,50.325,4.0992,3.0662
4065,stage2,2,0.11935164779424667,0.3291443884372711,0.0,0.11935164779424667,0.0001,1e-05,50.328,3.1163,1.5487
4066,stage2,2,0.13332535326480865,0.3193305730819702,0.0,0.13332535326480865,0.0001,1e-05,50.33,4.2406,0.6343
4067,stage2,2,0.1247602179646492,0.32920852303504944,0.0,0.1247602179646492,0.0001,1e-05,50.332,3.4214,0.6351
4068,stage2,2,0.11054019629955292,0.319320946931839,0.0,0.11054019629955292,0.0001,1e-05,50.324,2.8969,0.6358
4069,stage2,2,0.12717556953430176,0.31495675444602966,0.0,0.12717556953430176,0.0001,1e-05,50.325,3.3649,0.6363
4070,stage2,2,0.12353707104921341,0.3396214246749878,0.0,0.12353707104921341,0.0001,1e-05,50.326,2.9356,0.6366
4071,stage2,2,0.11266826093196869,0.37518107891082764,0.0,0.11266826093196869,0.0001,1e-05,50.328,3.1121,0.6374
4072,stage2,2,0.13629208505153656,0.33608701825141907,0.0,0.13629208505153656,0.0001,1e-05,50.326,5.046,2.9851
4073,stage2,2,0.13861851394176483,0.3266648054122925,0.0,0.13861851394176483,0.0001,1e-05,50.327,4.3035,1.6247
4074,stage2,2,0.12962040305137634,0.32517048716545105,0.0,0.12962040305137634,0.0001,1e-05,50.326,3.3931,0.6348
4075,stage2,2,0.13665960729122162,0.331189900636673,0.0,0.13665960729122162,0.0001,1e-05,50.328,3.02,0.6351
4076,stage2,2,0.11910010874271393,0.3069504201412201,0.0,0.11910010874271393,0.0001,1e-05,50.33,2.9614,0.6355
4077,stage2,2,0.11518990248441696,0.31817683577537537,0.0,0.11518990248441696,0.0001,1e-05,50.327,3.4049,0.6359
4078,stage2,2,0.1335037648677826,0.33133259415626526,0.0,0.1335037648677826,0.0001,1e-05,50.328,3.6004,0.636
4079,stage2,2,0.1526816189289093,0.33501923084259033,0.0,0.1526816189289093,0.0001,1e-05,50.331,3.7773,0.6361
4080,stage2,2,0.10802474617958069,0.36475807428359985,0.0,0.10802474617958069,0.0001,1e-05,50.327,2.634,2.9907
4081,stage2,2,0.13960260152816772,0.31807541847229004,0.0,0.13960260152816772,0.0001,1e-05,50.325,3.8991,1.6356
4082,stage2,2,0.11847557127475739,0.32075735926628113,0.0,0.11847557127475739,0.0001,1e-05,50.328,3.6636,0.6347
4083,stage2,2,0.1493217647075653,0.315978467464447,0.0,0.1493217647075653,0.0001,1e-05,50.326,4.0366,0.6349
4084,stage2,2,0.13319282233715057,0.3257025480270386,0.0,0.13319282233715057,0.0001,1e-05,50.33,2.655,0.6349
4085,stage2,2,0.11245892941951752,0.29120510816574097,0.0,0.11245892941951752,0.0001,1e-05,50.324,2.371,0.6364
4086,stage2,2,0.12445607036352158,0.32411161065101624,0.0,0.12445607036352158,0.0001,1e-05,50.329,3.1135,0.6365
4087,stage2,2,0.12066243588924408,0.3363662660121918,0.0,0.12066243588924408,0.0001,1e-05,50.326,3.102,0.6363
4088,stage2,2,0.11885364353656769,0.37590891122817993,0.0,0.11885364353656769,0.0001,1e-05,50.326,3.1862,2.95
4089,stage2,2,0.14042390882968903,0.3110113739967346,0.0,0.14042390882968903,0.0001,1e-05,50.325,2.9369,1.6284
4090,stage2,2,0.12275419384241104,0.35024693608283997,0.0,0.12275419384241104,0.0001,1e-05,50.329,3.5647,0.6349
4091,stage2,2,0.1279228776693344,0.31623098254203796,0.0,0.1279228776693344,0.0001,1e-05,50.325,2.8843,0.6357
4092,stage2,2,0.13732057809829712,0.35121119022369385,0.0,0.13732057809829712,0.0001,1e-05,50.324,3.7239,0.6351
4093,stage2,2,0.11538224667310715,0.35572049021720886,0.0,0.11538224667310715,0.0001,1e-05,50.328,3.0125,0.6359
4094,stage2,2,0.12228745222091675,0.3189651370048523,0.0,0.12228745222091675,0.0001,1e-05,50.324,3.2102,0.6362
4095,stage2,2,0.13725216686725616,0.3183106482028961,0.0,0.13725216686725616,0.0001,1e-05,50.323,4.6143,0.636
4096,stage2,2,0.14200499653816223,0.3126923739910126,0.0,0.14200499653816223,0.0001,1e-05,50.324,3.5498,2.8945
4097,stage2,2,0.13273893296718597,0.316037654876709,0.0,0.13273893296718597,0.0001,1e-05,50.325,4.0052,1.6787
4098,stage2,2,0.11701938509941101,0.3509216606616974,0.0,0.11701938509941101,0.0001,1e-05,50.328,3.858,0.6343
4099,stage2,2,0.14996327459812164,0.3089088201522827,0.0,0.14996327459812164,0.0001,1e-05,50.326,3.6938,0.6352
4100,stage2,2,0.13489846885204315,0.33296671509742737,0.0,0.13489846885204315,0.0001,1e-05,50.327,3.3355,0.6353
4101,stage2,2,0.13292916119098663,0.3277372121810913,0.0,0.13292916119098663,0.0001,1e-05,50.33,4.2567,0.6364
4102,stage2,2,0.13824515044689178,0.31268763542175293,0.0,0.13824515044689178,0.0001,1e-05,50.326,3.5943,0.6359
4103,stage2,2,0.14969560503959656,0.33192992210388184,0.0,0.14969560503959656,0.0001,1e-05,50.329,3.8078,0.6359
4104,stage2,2,0.12537212669849396,0.3186923861503601,0.0,0.12537212669849396,0.0001,1e-05,50.328,3.3739,2.8321
4105,stage2,2,0.16536784172058105,0.324692040681839,0.0,0.16536784172058105,0.0001,1e-05,50.324,3.8784,1.7187
4106,stage2,2,0.13346317410469055,0.32065051794052124,0.0,0.13346317410469055,0.0001,1e-05,50.33,4.4638,0.6344
4107,stage2,2,0.130086287856102,0.32368943095207214,0.0,0.130086287856102,0.0001,1e-05,50.325,3.5018,0.6344
4108,stage2,2,0.12483429908752441,0.31728723645210266,0.0,0.12483429908752441,0.0001,1e-05,50.327,3.7123,0.635
4109,stage2,2,0.1436336785554886,0.3384277820587158,0.0,0.1436336785554886,0.0001,1e-05,50.33,3.3185,0.6361
4110,stage2,2,0.1358475685119629,0.33674362301826477,0.0,0.1358475685119629,0.0001,1e-05,50.327,3.3995,0.6356
4111,stage2,2,0.11584945768117905,0.33551326394081116,0.0,0.11584945768117905,0.0001,1e-05,50.323,3.7961,0.6359
4112,stage2,2,0.13740287721157074,0.32293248176574707,0.0,0.13740287721157074,0.0001,1e-05,50.33,3.3749,2.7902
4113,stage2,2,0.1370316445827484,0.3713059723377228,0.0,0.1370316445827484,0.0001,1e-05,50.326,3.355,1.7624
4114,stage2,2,0.13551916182041168,0.3205701410770416,0.0,0.13551916182041168,0.0001,1e-05,50.326,3.194,0.6346
4115,stage2,2,0.1380932480096817,0.31699472665786743,0.0,0.1380932480096817,0.0001,1e-05,50.328,3.6654,0.6352
4116,stage2,2,0.14245404303073883,0.3654673397541046,0.0,0.14245404303073883,0.0001,1e-05,50.329,4.1975,0.6353
4117,stage2,2,0.1211225613951683,0.3384702205657959,0.0,0.1211225613951683,0.0001,1e-05,50.328,2.8943,0.6362
4118,stage2,2,0.1500779539346695,0.32117098569869995,0.0,0.1500779539346695,0.0001,1e-05,50.329,3.2228,0.6366
4119,stage2,2,0.13551196455955505,0.31821295619010925,0.0,0.13551196455955505,0.0001,1e-05,50.327,3.5419,0.6367
4120,stage2,2,0.13318154215812683,0.3311651945114136,0.0,0.13318154215812683,0.0001,1e-05,50.329,3.8103,2.7085
4121,stage2,2,0.1453399956226349,0.3219623565673828,0.0,0.1453399956226349,0.0001,1e-05,50.327,3.9357,1.801
4122,stage2,2,0.11349136382341385,0.33178359270095825,0.0,0.11349136382341385,0.0001,1e-05,50.326,3.9961,0.6345
4123,stage2,2,0.11477085202932358,0.3394835591316223,0.0,0.11477085202932358,0.0001,1e-05,50.328,2.936,0.6351
4124,stage2,2,0.10435178875923157,0.30873504281044006,0.0,0.10435178875923157,0.0001,1e-05,50.328,2.8484,0.6355
4125,stage2,2,0.12545308470726013,0.33401280641555786,0.0,0.12545308470726013,0.0001,1e-05,50.328,3.6697,0.6361
4126,stage2,2,0.12484674155712128,0.3190044164657593,0.0,0.12484674155712128,0.0001,1e-05,50.328,3.36,0.6363
4127,stage2,2,0.15501335263252258,0.3106251060962677,0.0,0.15501335263252258,0.0001,1e-05,50.329,4.1338,0.6366
4128,stage2,2,0.15474852919578552,0.3518480062484741,0.0,0.15474852919578552,0.0001,1e-05,50.329,3.976,2.6512
4129,stage2,2,0.14821919798851013,0.3245326280593872,0.0,0.14821919798851013,0.0001,1e-05,50.33,3.7231,1.8388
4130,stage2,2,0.12060151249170303,0.3390861451625824,0.0,0.12060151249170303,0.0001,1e-05,50.327,3.5151,0.6348
4131,stage2,2,0.13954560458660126,0.3379533588886261,0.0,0.13954560458660126,0.0001,1e-05,50.328,4.1163,0.6353
4132,stage2,2,0.1182156428694725,0.33494213223457336,0.0,0.1182156428694725,0.0001,1e-05,50.326,3.0448,0.636
4133,stage2,2,0.14906926453113556,0.33821457624435425,0.0,0.14906926453113556,0.0001,1e-05,50.327,3.5594,0.6366
4134,stage2,2,0.10115859657526016,0.3426070809364319,0.0,0.10115859657526016,0.0001,1e-05,50.329,2.4823,0.6359
4135,stage2,2,0.14562459290027618,0.3427608907222748,0.0,0.14562459290027618,0.0001,1e-05,50.327,3.7922,0.6364
4136,stage2,2,0.1422584503889084,0.3268139958381653,0.0,0.1422584503889084,0.0001,1e-05,50.328,3.6142,2.6881
4137,stage2,2,0.14729031920433044,0.3242732882499695,0.0,0.14729031920433044,0.0001,1e-05,50.328,3.9182,1.8601
4138,stage2,2,0.14477968215942383,0.3399461805820465,0.0,0.14477968215942383,0.0001,1e-05,50.33,2.9683,0.635
4139,stage2,2,0.11157867312431335,0.33170706033706665,0.0,0.11157867312431335,0.0001,1e-05,50.327,3.2605,0.635
4140,stage2,2,0.12125076353549957,0.36083000898361206,0.0,0.12125076353549957,0.0001,1e-05,50.33,3.6682,0.6351
4141,stage2,2,0.13997317850589752,0.3212953507900238,0.0,0.13997317850589752,0.0001,1e-05,50.331,3.8325,0.6356
4142,stage2,2,0.13591311872005463,0.3376685678958893,0.0,0.13591311872005463,0.0001,1e-05,50.33,2.6506,0.6366
4143,stage2,2,0.13341331481933594,0.3218611180782318,0.0,0.13341331481933594,0.0001,1e-05,50.327,3.1883,0.6365
4144,stage2,2,0.13205403089523315,0.3520847260951996,0.0,0.13205403089523315,0.0001,1e-05,50.328,2.9499,2.6482
4145,stage2,2,0.12645801901817322,0.3144058585166931,0.0,0.12645801901817322,0.0001,1e-05,50.331,3.4884,1.7942
4146,stage2,2,0.1334654837846756,0.3323150873184204,0.0,0.1334654837846756,0.0001,1e-05,50.329,3.3246,0.6345
4147,stage2,2,0.13784159719944,0.3268682360649109,0.0,0.13784159719944,0.0001,1e-05,50.333,3.5631,0.6351
4148,stage2,2,0.1257767677307129,0.3072510361671448,0.0,0.1257767677307129,0.0001,1e-05,50.328,3.5861,0.6349
4149,stage2,2,0.1325708031654358,0.32689157128334045,0.0,0.1325708031654358,0.0001,1e-05,50.332,3.0643,0.6359
4150,stage2,2,0.13294729590415955,0.319823682308197,0.0,0.13294729590415955,0.0001,1e-05,50.329,3.6743,0.6364
4151,stage2,2,0.1281762421131134,0.3147408962249756,0.0,0.1281762421131134,0.0001,1e-05,50.329,3.1461,0.6355
4152,stage2,2,0.11481698602437973,0.3534544110298157,0.0,0.11481698602437973,0.0001,1e-05,50.327,2.6537,2.6785
4153,stage2,2,0.12275271117687225,0.30078789591789246,0.0,0.12275271117687225,0.0001,1e-05,50.328,3.1642,1.7255
4154,stage2,2,0.11468261480331421,0.3375648558139801,0.0,0.11468261480331421,0.0001,1e-05,50.329,2.7163,0.6343
4155,stage2,2,0.1202448382973671,0.3291597366333008,0.0,0.1202448382973671,0.0001,1e-05,50.327,2.883,0.6349
4156,stage2,2,0.1065540686249733,0.32714349031448364,0.0,0.1065540686249733,0.0001,1e-05,50.326,2.9026,0.6346
4157,stage2,2,0.11749694496393204,0.31066378951072693,0.0,0.11749694496393204,0.0001,1e-05,50.33,2.9587,0.6362
4158,stage2,2,0.11962730437517166,0.3324727416038513,0.0,0.11962730437517166,0.0001,1e-05,50.329,3.1953,0.6359
4159,stage2,2,0.14070916175842285,0.3013733923435211,0.0,0.14070916175842285,0.0001,1e-05,50.327,3.9603,0.6357
4160,stage2,2,0.12357813864946365,0.32475441694259644,0.0,0.12357813864946365,0.0001,1e-05,50.326,3.7367,2.7781
4161,stage2,2,0.11232005804777145,0.29585373401641846,0.0,0.11232005804777145,0.0001,1e-05,50.329,2.9485,1.6959
4162,stage2,2,0.12963241338729858,0.31637150049209595,0.0,0.12963241338729858,0.0001,1e-05,50.336,3.637,0.6344
4163,stage2,2,0.12353060394525528,0.3446493148803711,0.0,0.12353060394525528,0.0001,1e-05,50.331,2.7682,0.6346
4164,stage2,2,0.13009850680828094,0.29819628596305847,0.0,0.13009850680828094,0.0001,1e-05,50.33,3.7704,0.6352
4165,stage2,2,0.1339554488658905,0.3208165764808655,0.0,0.1339554488658905,0.0001,1e-05,50.33,3.3295,0.6351
4166,stage2,2,0.13469965755939484,0.33167514204978943,0.0,0.13469965755939484,0.0001,1e-05,50.33,3.247,0.6356
4167,stage2,2,0.1480572521686554,0.3231308162212372,0.0,0.1480572521686554,0.0001,1e-05,50.331,3.8727,0.6358
4168,stage2,2,0.1299133598804474,0.32160910964012146,0.0,0.1299133598804474,0.0001,1e-05,50.326,3.716,2.8455
4169,stage2,2,0.13400110602378845,0.351704865694046,0.0,0.13400110602378845,0.0001,1e-05,50.327,3.4212,1.678
4170,stage2,2,0.12028205394744873,0.31534406542778015,0.0,0.12028205394744873,0.0001,1e-05,50.328,3.3427,0.6346
4171,stage2,2,0.14570730924606323,0.3243895173072815,0.0,0.14570730924606323,0.0001,1e-05,50.329,4.2751,0.6341
4172,stage2,2,0.15039660036563873,0.3621959686279297,0.0,0.15039660036563873,0.0001,1e-05,50.33,3.6306,0.6342
4173,stage2,2,0.14172585308551788,0.3156723976135254,0.0,0.14172585308551788,0.0001,1e-05,50.331,3.7276,0.6355
4174,stage2,2,0.11914969235658646,0.35765060782432556,0.0,0.11914969235658646,0.0001,1e-05,50.328,2.9208,0.6351
4175,stage2,2,0.1206778809428215,0.31599801778793335,0.0,0.1206778809428215,0.0001,1e-05,50.332,3.5771,0.6364
4176,stage2,2,0.12378726154565811,0.33385151624679565,0.0,0.12378726154565811,0.0001,1e-05,50.33,3.2789,2.7228
4177,stage2,2,0.12081097811460495,0.3227071166038513,0.0,0.12081097811460495,0.0001,1e-05,50.322,3.9912,1.8383
4178,stage2,2,0.12185849994421005,0.31075114011764526,0.0,0.12185849994421005,0.0001,1e-05,50.331,3.2829,0.6336
4179,stage2,2,0.12518928945064545,0.2892071306705475,0.0,0.12518928945064545,0.0001,1e-05,50.329,3.8609,0.6344
4180,stage2,2,0.12990731000900269,0.3467136323451996,0.0,0.12990731000900269,0.0001,1e-05,50.328,3.749,0.6347
4181,stage2,2,0.13384152948856354,0.31484389305114746,0.0,0.13384152948856354,0.0001,1e-05,50.329,3.9099,0.6353
4182,stage2,2,0.12051048874855042,0.3274436593055725,0.0,0.12051048874855042,0.0001,1e-05,50.325,4.1562,0.6354
4183,stage2,2,0.11982987076044083,0.33119088411331177,0.0,0.11982987076044083,0.0001,1e-05,50.326,3.4195,0.6359
4184,stage2,2,0.13999968767166138,0.3347400724887848,0.0,0.13999968767166138,0.0001,1e-05,50.327,4.1616,2.5401
4185,stage2,2,0.1403190940618515,0.349409818649292,0.0,0.1403190940618515,0.0001,1e-05,50.329,3.3029,1.9613
4186,stage2,2,0.1325386017560959,0.33376407623291016,0.0,0.1325386017560959,0.0001,1e-05,50.329,3.4804,0.634
4187,stage2,2,0.1413753777742386,0.3360627591609955,0.0,0.1413753777742386,0.0001,1e-05,50.325,4.5672,0.6345
4188,stage2,2,0.13118889927864075,0.30140891671180725,0.0,0.13118889927864075,0.0001,1e-05,50.326,3.5822,0.6346
4189,stage2,2,0.13994771242141724,0.32016292214393616,0.0,0.13994771242141724,0.0001,1e-05,50.328,4.2133,0.635
4190,stage2,2,0.1195477843284607,0.29045191407203674,0.0,0.1195477843284607,0.0001,1e-05,50.327,3.4431,0.6355
4191,stage2,2,0.11683051288127899,0.3901161849498749,0.0,0.11683051288127899,0.0001,1e-05,50.329,3.2592,0.6358
4192,stage2,2,0.14414821565151215,0.3417809009552002,0.0,0.14414821565151215,0.0001,1e-05,50.332,4.0795,2.5022
4193,stage2,2,0.12940283119678497,0.31744545698165894,0.0,0.12940283119678497,0.0001,1e-05,50.328,3.1159,1.9014
4194,stage2,2,0.14753133058547974,0.34345656633377075,0.0,0.14753133058547974,0.0001,1e-05,50.329,3.9824,0.6334
4195,stage2,2,0.1381818950176239,0.3378555178642273,0.0,0.1381818950176239,0.0001,1e-05,50.331,4.835,0.6342
4196,stage2,2,0.12813062965869904,0.33073997497558594,0.0,0.12813062965869904,0.0001,1e-05,50.326,3.2331,0.6347
4197,stage2,2,0.12909339368343353,0.31818604469299316,0.0,0.12909339368343353,0.0001,1e-05,50.328,3.2366,0.6341
4198,stage2,2,0.11506591737270355,0.3093295395374298,0.0,0.11506591737270355,0.0001,1e-05,50.33,3.1558,0.6349
4199,stage2,2,0.137489914894104,0.34056320786476135,0.0,0.137489914894104,0.0001,1e-05,50.327,3.6929,0.6356
4200,stage2,2,0.1662987619638443,0.31609857082366943,0.0,0.1662987619638443,0.0001,1e-05,50.326,3.7173,2.4992
4201,stage2,2,0.1269039362668991,0.33022621273994446,0.0,0.1269039362668991,0.0001,1e-05,50.329,2.7935,1.9702
4202,stage2,2,0.14524079859256744,0.314069926738739,0.0,0.14524079859256744,0.0001,1e-05,50.329,3.7467,0.6342
4203,stage2,2,0.10074054449796677,0.3112349212169647,0.0,0.10074054449796677,0.0001,1e-05,50.328,3.0995,0.6347
4204,stage2,2,0.11860637366771698,0.33199000358581543,0.0,0.11860637366771698,0.0001,1e-05,50.329,3.1101,0.6351
4205,stage2,2,0.10421217978000641,0.2926868498325348,0.0,0.10421217978000641,0.0001,1e-05,50.329,2.5785,0.6351
4206,stage2,2,0.12454037368297577,0.3120670020580292,0.0,0.12454037368297577,0.0001,1e-05,50.324,3.3139,0.6355
4207,stage2,2,0.11034715920686722,0.31305861473083496,0.0,0.11034715920686722,0.0001,1e-05,50.33,3.3003,0.6355
4208,stage2,2,0.11353380233049393,0.29738864302635193,0.0,0.11353380233049393,0.0001,1e-05,50.331,3.1325,2.4656
4209,stage2,2,0.12355382740497589,0.34612277150154114,0.0,0.12355382740497589,0.0001,1e-05,50.327,2.9564,2.005
4210,stage2,2,0.1246471256017685,0.3282511532306671,0.0,0.1246471256017685,0.0001,1e-05,50.326,3.2767,0.6334
4211,stage2,2,0.12871000170707703,0.3432214856147766,0.0,0.12871000170707703,0.0001,1e-05,50.324,3.9986,0.6343
4212,stage2,2,0.1054353341460228,0.3210078179836273,0.0,0.1054353341460228,0.0001,1e-05,50.324,2.8026,0.6348
4213,stage2,2,0.11549197137355804,0.3356386125087738,0.0,0.11549197137355804,0.0001,1e-05,50.323,2.6424,0.6348
4214,stage2,2,0.10372654348611832,0.32176047563552856,0.0,0.10372654348611832,0.0001,1e-05,50.326,2.6073,0.6355
4215,stage2,2,0.10588524490594864,0.3251948952674866,0.0,0.10588524490594864,0.0001,1e-05,50.329,2.7349,0.6357
4216,stage2,2,0.12991535663604736,0.31439778208732605,0.0,0.12991535663604736,0.0001,1e-05,50.327,3.2773,2.3862
4217,stage2,2,0.12649570405483246,0.3243542015552521,0.0,0.12649570405483246,0.0001,1e-05,50.327,2.9848,2.0655
4218,stage2,2,0.11649047583341599,0.3433534502983093,0.0,0.11649047583341599,0.0001,1e-05,50.327,2.7144,0.6333
4219,stage2,2,0.1206318587064743,0.315562903881073,0.0,0.1206318587064743,0.0001,1e-05,50.327,3.4915,0.6343
4220,stage2,2,0.13781999051570892,0.3224043548107147,0.0,0.13781999051570892,0.0001,1e-05,50.33,4.4594,0.6342
4221,stage2,2,0.12177842110395432,0.31027987599372864,0.0,0.12177842110395432,0.0001,1e-05,50.327,3.285,0.6347
4222,stage2,2,0.12104476243257523,0.3415169417858124,0.0,0.12104476243257523,0.0001,1e-05,50.331,3.2415,0.6354
4223,stage2,2,0.11129879951477051,0.3033052086830139,0.0,0.11129879951477051,0.0001,1e-05,50.325,3.3753,0.6357
4224,stage2,2,0.14131510257720947,0.3157931864261627,0.0,0.14131510257720947,0.0001,1e-05,50.332,5.4212,2.3684
4225,stage2,2,0.1251567006111145,0.33045950531959534,0.0,0.1251567006111145,0.0001,1e-05,50.328,3.5078,2.0933
4226,stage2,2,0.11526093631982803,0.3061690926551819,0.0,0.11526093631982803,0.0001,1e-05,50.329,2.9773,0.6341
4227,stage2,2,0.142602801322937,0.33796724677085876,0.0,0.142602801322937,0.0001,1e-05,50.327,3.4856,0.6345
4228,stage2,2,0.1426696628332138,0.3236840069293976,0.0,0.1426696628332138,0.0001,1e-05,50.327,3.3039,0.6347
4229,stage2,2,0.1440509557723999,0.3285153806209564,0.0,0.1440509557723999,0.0001,1e-05,50.329,3.3155,0.6346
4230,stage2,2,0.13618046045303345,0.2868163287639618,0.0,0.13618046045303345,0.0001,1e-05,50.329,3.0269,0.6354
4231,stage2,2,0.1352822184562683,0.33619987964630127,0.0,0.1352822184562683,0.0001,1e-05,50.329,3.1333,0.6357
4232,stage2,2,0.1288553923368454,0.3460750877857208,0.0,0.1288553923368454,0.0001,1e-05,50.33,3.3014,2.3304
4233,stage2,2,0.1295650750398636,0.3202868700027466,0.0,0.1295650750398636,0.0001,1e-05,50.326,3.2131,2.0359
4234,stage2,2,0.11843626946210861,0.3260016143321991,0.0,0.11843626946210861,0.0001,1e-05,50.326,2.8173,0.6347
4235,stage2,2,0.12417525053024292,0.3671191334724426,0.0,0.12417525053024292,0.0001,1e-05,50.328,4.3216,0.6344
4236,stage2,2,0.11127544939517975,0.33743566274642944,0.0,0.11127544939517975,0.0001,1e-05,50.326,3.118,0.6354
4237,stage2,2,0.10454504191875458,0.2952564060688019,0.0,0.10454504191875458,0.0001,1e-05,50.329,3.0585,0.6353
4238,stage2,2,0.11446241289377213,0.3199152946472168,0.0,0.11446241289377213,0.0001,1e-05,50.329,4.1399,0.6358
4239,stage2,2,0.12269368022680283,0.326214075088501,0.0,0.12269368022680283,0.0001,1e-05,50.33,3.1767,0.6358
4240,stage2,2,0.12494587898254395,0.31620627641677856,0.0,0.12494587898254395,0.0001,1e-05,50.331,3.0984,2.4859
4241,stage2,2,0.11752482503652573,0.33399564027786255,0.0,0.11752482503652573,0.0001,1e-05,50.334,2.5469,1.9057
4242,stage2,2,0.12552867829799652,0.3358931243419647,0.0,0.12552867829799652,0.0001,1e-05,50.329,3.4984,0.6336
4243,stage2,2,0.10035907477140427,0.32528355717658997,0.0,0.10035907477140427,0.0001,1e-05,50.332,3.2662,0.6338
4244,stage2,2,0.12000822275876999,0.33748650550842285,0.0,0.12000822275876999,0.0001,1e-05,50.33,3.387,0.6345
4245,stage2,2,0.12107807397842407,0.30391979217529297,0.0,0.12107807397842407,0.0001,1e-05,50.326,2.6686,0.6354
4246,stage2,2,0.1109568178653717,0.3050774335861206,0.0,0.1109568178653717,0.0001,1e-05,50.328,3.1079,0.635
4247,stage2,2,0.15556888282299042,0.37161487340927124,0.0,0.15556888282299042,0.0001,1e-05,50.328,4.5568,0.6359
4248,stage2,2,0.12109025567770004,0.3363295793533325,0.0,0.12109025567770004,0.0001,1e-05,50.334,3.5274,2.7353
4249,stage2,2,0.13968302309513092,0.3044366240501404,0.0,0.13968302309513092,0.0001,1e-05,50.331,3.5931,1.8215
4250,stage2,2,0.1078873798251152,0.3284391462802887,0.0,0.1078873798251152,0.0001,1e-05,50.328,2.9231,0.6335
4251,stage2,2,0.1323249489068985,0.3080761134624481,0.0,0.1323249489068985,0.0001,1e-05,50.327,4.7558,0.6339
4252,stage2,2,0.12671515345573425,0.33085930347442627,0.0,0.12671515345573425,0.0001,1e-05,50.333,3.219,0.6346
4253,stage2,2,0.13841067254543304,0.3124941289424896,0.0,0.13841067254543304,0.0001,1e-05,50.331,5.0503,0.635
4254,stage2,2,0.10997585207223892,0.3416561484336853,0.0,0.10997585207223892,0.0001,1e-05,50.33,2.8308,0.6351
4255,stage2,2,0.12365926057100296,0.3456932306289673,0.0,0.12365926057100296,0.0001,1e-05,50.332,3.5272,0.6354
4256,stage2,2,0.12264549732208252,0.32486212253570557,0.0,0.12264549732208252,0.0001,1e-05,50.332,3.0706,2.7456
4257,stage2,2,0.1309785097837448,0.3464789092540741,0.0,0.1309785097837448,0.0001,1e-05,50.333,3.1552,1.8013
4258,stage2,2,0.12005747854709625,0.3323039412498474,0.0,0.12005747854709625,0.0001,1e-05,50.328,3.2312,0.6341
4259,stage2,2,0.14996816217899323,0.32471778988838196,0.0,0.14996816217899323,0.0001,1e-05,50.326,3.2754,0.6337
4260,stage2,2,0.12290588021278381,0.3235827088356018,0.0,0.12290588021278381,0.0001,1e-05,50.331,3.1916,0.6344
4261,stage2,2,0.14988873898983002,0.31229355931282043,0.0,0.14988873898983002,0.0001,1e-05,50.33,5.1942,0.6353
4262,stage2,2,0.1250694990158081,0.31454741954803467,0.0,0.1250694990158081,0.0001,1e-05,50.327,3.2997,0.635
4263,stage2,2,0.12986372411251068,0.2990588843822479,0.0,0.12986372411251068,0.0001,1e-05,50.329,3.4135,0.6355
4264,stage2,2,0.10636221617460251,0.30779749155044556,0.0,0.10636221617460251,0.0001,1e-05,50.329,3.1729,2.7517
4265,stage2,2,0.14463597536087036,0.3114565908908844,0.0,0.14463597536087036,0.0001,1e-05,50.329,4.0544,1.7603
4266,stage2,2,0.1500556915998459,0.34154558181762695,0.0,0.1500556915998459,0.0001,1e-05,50.33,3.6634,0.6325
4267,stage2,2,0.1274651736021042,0.35771673917770386,0.0,0.1274651736021042,0.0001,1e-05,50.333,3.1133,0.6338
4268,stage2,2,0.12819500267505646,0.3081027865409851,0.0,0.12819500267505646,0.0001,1e-05,50.331,3.5756,0.634
4269,stage2,2,0.12118954211473465,0.30861687660217285,0.0,0.12118954211473465,0.0001,1e-05,50.327,3.3846,0.6342
4270,stage2,2,0.12253197282552719,0.31730931997299194,0.0,0.12253197282552719,0.0001,1e-05,50.329,3.2934,0.635
4271,stage2,2,0.1337604969739914,0.32098668813705444,0.0,0.1337604969739914,0.0001,1e-05,50.334,3.4102,0.6349
4272,stage2,2,0.14650756120681763,0.3269622027873993,0.0,0.14650756120681763,0.0001,1e-05,50.328,3.9546,2.7753
4273,stage2,2,0.11120455712080002,0.3174348473548889,0.0,0.11120455712080002,0.0001,1e-05,50.333,3.2471,1.7154
4274,stage2,2,0.12770222127437592,0.3057093918323517,0.0,0.12770222127437592,0.0001,1e-05,50.334,4.1807,0.634
4275,stage2,2,0.11895612627267838,0.35448411107063293,0.0,0.11895612627267838,0.0001,1e-05,50.33,3.3461,0.6342
4276,stage2,2,0.1161625012755394,0.35033705830574036,0.0,0.1161625012755394,0.0001,1e-05,50.327,3.2889,0.6347
4277,stage2,2,0.12350606173276901,0.31099218130111694,0.0,0.12350606173276901,0.0001,1e-05,50.329,3.4102,0.6347
4278,stage2,2,0.1313311606645584,0.31419482827186584,0.0,0.1313311606645584,0.0001,1e-05,50.331,3.6059,0.6354
4279,stage2,2,0.1367603838443756,0.3469606041908264,0.0,0.1367603838443756,0.0001,1e-05,50.328,3.5421,0.6355
4280,stage2,2,0.1247464120388031,0.3245367705821991,0.0,0.1247464120388031,0.0001,1e-05,50.328,3.3942,2.8163
4281,stage2,2,0.12916576862335205,0.3457801342010498,0.0,0.12916576862335205,0.0001,1e-05,50.326,4.2427,1.7642
4282,stage2,2,0.13595488667488098,0.30188441276550293,0.0,0.13595488667488098,0.0001,1e-05,50.332,3.284,0.6337
4283,stage2,2,0.14669939875602722,0.31105491518974304,0.0,0.14669939875602722,0.0001,1e-05,50.331,3.4489,0.634
4284,stage2,2,0.1298622339963913,0.3360356092453003,0.0,0.1298622339963913,0.0001,1e-05,50.329,4.1044,0.6346
4285,stage2,2,0.11540938168764114,0.31066131591796875,0.0,0.11540938168764114,0.0001,1e-05,50.327,2.9697,0.6348
4286,stage2,2,0.10846438258886337,0.3112557530403137,0.0,0.10846438258886337,0.0001,1e-05,50.328,2.3574,0.6351
4287,stage2,2,0.12161730974912643,0.3317497968673706,0.0,0.12161730974912643,0.0001,1e-05,50.327,3.438,0.6359
4288,stage2,2,0.11074763536453247,0.3286946713924408,0.0,0.11074763536453247,0.0001,1e-05,50.329,3.1681,2.7853
4289,stage2,2,0.12485095858573914,0.3456040024757385,0.0,0.12485095858573914,0.0001,1e-05,50.327,2.947,1.6415
4290,stage2,2,0.13342778384685516,0.32448744773864746,0.0,0.13342778384685516,0.0001,1e-05,50.33,3.9186,0.634
4291,stage2,2,0.1106744259595871,0.3498125672340393,0.0,0.1106744259595871,0.0001,1e-05,50.331,2.9448,0.6344
4292,stage2,2,0.13524669408798218,0.34392833709716797,0.0,0.13524669408798218,0.0001,1e-05,50.326,3.7738,0.6345
4293,stage2,2,0.14182087779045105,0.3178641200065613,0.0,0.14182087779045105,0.0001,1e-05,50.325,3.0338,0.6349
4294,stage2,2,0.12292584776878357,0.3164619505405426,0.0,0.12292584776878357,0.0001,1e-05,50.328,3.4073,0.6351
4295,stage2,2,0.10835269838571548,0.33417096734046936,0.0,0.10835269838571548,0.0001,1e-05,50.325,2.5519,0.6361
4296,stage2,2,0.12413866072893143,0.3426711857318878,0.0,0.12413866072893143,0.0001,1e-05,50.326,3.4523,2.8864
4297,stage2,2,0.13119447231292725,0.3024187684059143,0.0,0.13119447231292725,0.0001,1e-05,50.329,3.4766,1.6048
4298,stage2,2,0.13053664565086365,0.33120205998420715,0.0,0.13053664565086365,0.0001,1e-05,50.326,3.8579,0.6338
4299,stage2,2,0.13107830286026,0.3322868049144745,0.0,0.13107830286026,0.0001,1e-05,50.328,3.1071,0.6384
4300,stage2,2,0.1290375292301178,0.30453214049339294,0.0,0.1290375292301178,0.0001,1e-05,50.329,3.513,0.6347
4301,stage2,2,0.1239866390824318,0.3185594379901886,0.0,0.1239866390824318,0.0001,1e-05,50.33,3.3938,0.635
4302,stage2,2,0.12582184374332428,0.302234411239624,0.0,0.12582184374332428,0.0001,1e-05,50.326,3.4513,0.6353
4303,stage2,2,0.14181776344776154,0.3166470229625702,0.0,0.14181776344776154,0.0001,1e-05,50.327,3.6553,0.6363
4304,stage2,2,0.12146889418363571,0.313700407743454,0.0,0.12146889418363571,0.0001,1e-05,50.329,3.5201,2.8738
4305,stage2,2,0.11928670108318329,0.3587965965270996,0.0,0.11928670108318329,0.0001,1e-05,50.327,3.7338,1.5462
4306,stage2,2,0.13471423089504242,0.32266634702682495,0.0,0.13471423089504242,0.0001,1e-05,50.33,3.5138,0.6339
4307,stage2,2,0.11211296170949936,0.314588725566864,0.0,0.11211296170949936,0.0001,1e-05,50.327,2.7466,0.6338
4308,stage2,2,0.13989652693271637,0.3300227224826813,0.0,0.13989652693271637,0.0001,1e-05,50.326,3.5581,0.6346
4309,stage2,2,0.13010738790035248,0.29710182547569275,0.0,0.13010738790035248,0.0001,1e-05,50.328,3.6843,0.6352
4310,stage2,2,0.15049457550048828,0.318546324968338,0.0,0.15049457550048828,0.0001,1e-05,50.324,3.4951,0.6353
4311,stage2,2,0.12990030646324158,0.3027467727661133,0.0,0.12990030646324158,0.0001,1e-05,50.326,3.2166,0.6356
4312,stage2,2,0.13378925621509552,0.32844722270965576,0.0,0.13378925621509552,0.0001,1e-05,50.326,3.7742,3.0073
4313,stage2,2,0.12681733071804047,0.3274470269680023,0.0,0.12681733071804047,0.0001,1e-05,50.325,3.4343,1.3686
4314,stage2,2,0.13215258717536926,0.31005778908729553,0.0,0.13215258717536926,0.0001,1e-05,50.326,3.2541,0.6341
4315,stage2,2,0.12169972062110901,0.3090197443962097,0.0,0.12169972062110901,0.0001,1e-05,50.327,4.1419,0.6343
4316,stage2,2,0.14529037475585938,0.3200039267539978,0.0,0.14529037475585938,0.0001,1e-05,50.325,3.331,0.6347
4317,stage2,2,0.10232565551996231,0.3212944269180298,0.0,0.10232565551996231,0.0001,1e-05,50.325,3.1629,0.6349
4318,stage2,2,0.10892483592033386,0.30415818095207214,0.0,0.10892483592033386,0.0001,1e-05,50.326,3.6108,0.6352
4319,stage2,2,0.13175812363624573,0.31327420473098755,0.0,0.13175812363624573,0.0001,1e-05,50.327,4.1994,0.6355
4320,stage2,2,0.12908805906772614,0.3379429578781128,0.0,0.12908805906772614,0.0001,1e-05,50.324,4.2369,3.0499
4321,stage2,2,0.12748919427394867,0.32613980770111084,0.0,0.12748919427394867,0.0001,1e-05,50.326,3.2019,1.4173
4322,stage2,2,0.12535597383975983,0.3247467577457428,0.0,0.12535597383975983,0.0001,1e-05,50.327,3.8911,0.6344
4323,stage2,2,0.13055095076560974,0.35027721524238586,0.0,0.13055095076560974,0.0001,1e-05,50.328,3.6853,0.6374
4324,stage2,2,0.12668472528457642,0.3268621265888214,0.0,0.12668472528457642,0.0001,1e-05,50.327,3.8566,0.6352
4325,stage2,2,0.149142786860466,0.3416404128074646,0.0,0.149142786860466,0.0001,1e-05,50.328,4.3164,0.6357
4326,stage2,2,0.12359226495027542,0.3110544979572296,0.0,0.12359226495027542,0.0001,1e-05,50.325,3.2267,0.6358
4327,stage2,2,0.1335853934288025,0.3092830777168274,0.0,0.1335853934288025,0.0001,1e-05,50.328,3.4871,0.6354
4328,stage2,2,0.14406223595142365,0.32333171367645264,0.0,0.14406223595142365,0.0001,1e-05,50.33,3.7573,3.1202
4329,stage2,2,0.11353529244661331,0.32945847511291504,0.0,0.11353529244661331,0.0001,1e-05,50.329,2.9278,1.2977
4330,stage2,2,0.11407043784856796,0.30783191323280334,0.0,0.11407043784856796,0.0001,1e-05,50.329,3.078,0.634
4331,stage2,2,0.13229958713054657,0.31412366032600403,0.0,0.13229958713054657,0.0001,1e-05,50.328,3.7445,0.6353
4332,stage2,2,0.12209068238735199,0.3164551854133606,0.0,0.12209068238735199,0.0001,1e-05,50.328,3.0653,0.635
4333,stage2,2,0.11772353202104568,0.29377439618110657,0.0,0.11772353202104568,0.0001,1e-05,50.331,3.7111,0.635
4334,stage2,2,0.13914866745471954,0.3044210970401764,0.0,0.13914866745471954,0.0001,1e-05,50.329,3.6516,0.6354
4335,stage2,2,0.12097351998090744,0.33594366908073425,0.0,0.12097351998090744,0.0001,1e-05,50.33,3.7996,0.6361
4336,stage2,2,0.1144450306892395,0.31684234738349915,0.0,0.1144450306892395,0.0001,1e-05,50.329,3.807,3.0924
4337,stage2,2,0.12942959368228912,0.3264697194099426,0.0,0.12942959368228912,0.0001,1e-05,50.328,3.7686,1.2767
4338,stage2,2,0.14415878057479858,0.3166508674621582,0.0,0.14415878057479858,0.0001,1e-05,50.324,4.0406,0.6346
4339,stage2,2,0.13511227071285248,0.29837316274642944,0.0,0.13511227071285248,0.0001,1e-05,50.327,3.9506,0.6346
4340,stage2,2,0.12966756522655487,0.31848084926605225,0.0,0.12966756522655487,0.0001,1e-05,50.324,3.1445,0.6354
4341,stage2,2,0.14425432682037354,0.3019901514053345,0.0,0.14425432682037354,0.0001,1e-05,50.327,4.414,0.6356
4342,stage2,2,0.1195969507098198,0.3072662651538849,0.0,0.1195969507098198,0.0001,1e-05,50.328,3.2127,0.636
4343,stage2,2,0.14314788579940796,0.33607369661331177,0.0,0.14314788579940796,0.0001,1e-05,50.325,3.1927,0.6361
4344,stage2,2,0.11552082002162933,0.31674543023109436,0.0,0.11552082002162933,0.0001,1e-05,50.328,3.4753,3.1782
4345,stage2,2,0.14341488480567932,0.31392624974250793,0.0,0.14341488480567932,0.0001,1e-05,50.324,3.811,1.2843
4346,stage2,2,0.12358049303293228,0.33861756324768066,0.0,0.12358049303293228,0.0001,1e-05,50.326,3.0399,0.6344
4347,stage2,2,0.12603497505187988,0.3275807201862335,0.0,0.12603497505187988,0.0001,1e-05,50.327,4.1894,0.6347
4348,stage2,2,0.12140915542840958,0.35922980308532715,0.0,0.12140915542840958,0.0001,1e-05,50.328,3.3179,0.6352
4349,stage2,2,0.14260506629943848,0.31789839267730713,0.0,0.14260506629943848,0.0001,1e-05,50.327,4.4899,0.6353
4350,stage2,2,0.12303372472524643,0.34882375597953796,0.0,0.12303372472524643,0.0001,1e-05,50.329,2.7756,0.636
4351,stage2,2,0.13391932845115662,0.32494059205055237,0.0,0.13391932845115662,0.0001,1e-05,50.328,3.2005,0.6355
4352,stage2,2,0.11532501131296158,0.31363630294799805,0.0,0.11532501131296158,0.0001,1e-05,50.327,3.207,3.2117
4353,stage2,2,0.1301538050174713,0.31063592433929443,0.0,0.1301538050174713,0.0001,1e-05,50.329,4.8236,1.172
4354,stage2,2,0.11911368370056152,0.3244561553001404,0.0,0.11911368370056152,0.0001,1e-05,50.327,3.1469,0.6343
4355,stage2,2,0.11946775764226913,0.29887810349464417,0.0,0.11946775764226913,0.0001,1e-05,50.326,3.975,0.6349
4356,stage2,2,0.13130010664463043,0.3243676424026489,0.0,0.13130010664463043,0.0001,1e-05,50.327,3.1337,0.635
4357,stage2,2,0.12365167587995529,0.3253055512905121,0.0,0.12365167587995529,0.0001,1e-05,50.329,3.6831,0.6355
4358,stage2,2,0.1290404498577118,0.3134815990924835,0.0,0.1290404498577118,0.0001,1e-05,50.326,4.1925,0.6358
4359,stage2,2,0.11466781049966812,0.362996369600296,0.0,0.11466781049966812,0.0001,1e-05,50.326,3.0778,0.6356
4360,stage2,2,0.12620317935943604,0.31493157148361206,0.0,0.12620317935943604,0.0001,1e-05,50.33,3.3669,3.2833
4361,stage2,2,0.1228269413113594,0.28565841913223267,0.0,0.1228269413113594,0.0001,1e-05,50.328,3.1466,1.1188
4362,stage2,2,0.1300574541091919,0.34339258074760437,0.0,0.1300574541091919,0.0001,1e-05,50.327,4.4473,0.6331
4363,stage2,2,0.12651056051254272,0.32332733273506165,0.0,0.12651056051254272,0.0001,1e-05,50.327,4.4241,0.634
4364,stage2,2,0.12967276573181152,0.30975067615509033,0.0,0.12967276573181152,0.0001,1e-05,50.329,3.7304,0.6343
4365,stage2,2,0.14257614314556122,0.34394967555999756,0.0,0.14257614314556122,0.0001,1e-05,50.328,3.7116,0.6345
4366,stage2,2,0.14196845889091492,0.3139536678791046,0.0,0.14196845889091492,0.0001,1e-05,50.327,5.3015,0.6366
4367,stage2,2,0.15039195120334625,0.3213514983654022,0.0,0.15039195120334625,0.0001,1e-05,50.325,3.4674,0.6358
4368,stage2,2,0.1153741329908371,0.3300167918205261,0.0,0.1153741329908371,0.0001,1e-05,50.323,2.7481,3.4846
4369,stage2,2,0.10311992466449738,0.3356079161167145,0.0,0.10311992466449738,0.0001,1e-05,50.324,2.864,1.0611
4370,stage2,2,0.14718197286128998,0.33861786127090454,0.0,0.14718197286128998,0.0001,1e-05,50.33,4.6563,0.6351
4371,stage2,2,0.10264819860458374,0.3692142963409424,0.0,0.10264819860458374,0.0001,1e-05,50.331,3.4948,0.6349
4372,stage2,2,0.12492848932743073,0.3610808849334717,0.0,0.12492848932743073,0.0001,1e-05,50.326,3.488,0.6352
4373,stage2,2,0.1265285164117813,0.33072301745414734,0.0,0.1265285164117813,0.0001,1e-05,50.329,3.7051,0.636
4374,stage2,2,0.12139885127544403,0.33195483684539795,0.0,0.12139885127544403,0.0001,1e-05,50.326,3.2029,0.636
4375,stage2,2,0.11290495097637177,0.33986181020736694,0.0,0.11290495097637177,0.0001,1e-05,50.325,3.3358,0.6368
4376,stage2,2,0.12247323244810104,0.31776583194732666,0.0,0.12247323244810104,0.0001,1e-05,50.324,2.9595,3.5585
4377,stage2,2,0.12611240148544312,0.31363147497177124,0.0,0.12611240148544312,0.0001,1e-05,50.329,3.2804,0.969
4378,stage2,2,0.13313406705856323,0.30120140314102173,0.0,0.13313406705856323,0.0001,1e-05,50.328,3.1363,0.6337
4379,stage2,2,0.1263376772403717,0.3286988437175751,0.0,0.1263376772403717,0.0001,1e-05,50.329,3.7081,0.6338
4380,stage2,2,0.12088685482740402,0.31395792961120605,0.0,0.12088685482740402,0.0001,1e-05,50.327,3.0041,0.6355
4381,stage2,2,0.11678004264831543,0.34932398796081543,0.0,0.11678004264831543,0.0001,1e-05,50.329,3.1361,0.6361
4382,stage2,2,0.12019612640142441,0.3185065984725952,0.0,0.12019612640142441,0.0001,1e-05,50.323,3.2817,0.6355
4383,stage2,2,0.13391821086406708,0.3368290364742279,0.0,0.13391821086406708,0.0001,1e-05,50.329,2.3612,0.6364
4384,stage2,2,0.11470967531204224,0.32208675146102905,0.0,0.11470967531204224,0.0001,1e-05,50.33,3.4546,3.5207
4385,stage2,2,0.12898316979408264,0.325920045375824,0.0,0.12898316979408264,0.0001,1e-05,50.326,3.253,0.9442
4386,stage2,2,0.11236108839511871,0.32708579301834106,0.0,0.11236108839511871,0.0001,1e-05,50.33,2.6505,0.6352
4387,stage2,2,0.1352253407239914,0.322494775056839,0.0,0.1352253407239914,0.0001,1e-05,50.328,4.8172,0.6372
4388,stage2,2,0.15049730241298676,0.3235253393650055,0.0,0.15049730241298676,0.0001,1e-05,50.332,5.7524,0.6353
4389,stage2,2,0.11603037267923355,0.3247206211090088,0.0,0.11603037267923355,0.0001,1e-05,50.327,2.9404,0.6355
4390,stage2,2,0.10982285439968109,0.3020575940608978,0.0,0.10982285439968109,0.0001,1e-05,50.329,2.6644,0.6363
4391,stage2,2,0.11770614981651306,0.33223778009414673,0.0,0.11770614981651306,0.0001,1e-05,50.326,3.2558,0.6364
4392,stage2,2,0.11994393914937973,0.3507591485977173,0.0,0.11994393914937973,0.0001,1e-05,50.328,3.306,3.5232
4393,stage2,2,0.11620746552944183,0.3187906742095947,0.0,0.11620746552944183,0.0001,1e-05,50.329,3.0803,0.9069
4394,stage2,2,0.11544199287891388,0.3261663615703583,0.0,0.11544199287891388,0.0001,1e-05,50.325,3.9108,0.6342
4395,stage2,2,0.14620012044906616,0.32247495651245117,0.0,0.14620012044906616,0.0001,1e-05,50.329,3.3167,0.635
4396,stage2,2,0.10132517665624619,0.33440446853637695,0.0,0.10132517665624619,0.0001,1e-05,50.329,2.6984,0.6355
4397,stage2,2,0.1427484154701233,0.33083483576774597,0.0,0.1427484154701233,0.0001,1e-05,50.328,3.2802,0.6353
4398,stage2,2,0.11777068674564362,0.3041538894176483,0.0,0.11777068674564362,0.0001,1e-05,50.328,3.3199,0.6354
4399,stage2,2,0.11567051708698273,0.2971394658088684,0.0,0.11567051708698273,0.0001,1e-05,50.33,2.5096,0.6364
4400,stage2,2,0.12376397848129272,0.30949461460113525,0.0,0.12376397848129272,0.0001,1e-05,50.328,3.0903,3.4803
4401,stage2,2,0.1328728199005127,0.3106899559497833,0.0,0.1328728199005127,0.0001,1e-05,50.327,3.0055,0.9387
4402,stage2,2,0.11174227297306061,0.29988107085227966,0.0,0.11174227297306061,0.0001,1e-05,50.328,2.8084,0.6411
4403,stage2,2,0.10275410860776901,0.3335000276565552,0.0,0.10275410860776901,0.0001,1e-05,50.325,2.9665,0.6279
4404,stage2,2,0.11031665652990341,0.3579750955104828,0.0,0.11031665652990341,0.0001,1e-05,50.33,2.2706,0.6345
4405,stage2,2,0.1168474555015564,0.31949976086616516,0.0,0.1168474555015564,0.0001,1e-05,50.326,2.5733,0.6347
4406,stage2,2,0.1143968403339386,0.37150564789772034,0.0,0.1143968403339386,0.0001,1e-05,50.331,2.5449,0.6351
4407,stage2,2,0.11498682200908661,0.3371306359767914,0.0,0.11498682200908661,0.0001,1e-05,50.331,3.0112,0.6357
4408,stage2,2,0.1265084147453308,0.3334163427352905,0.0,0.1265084147453308,0.0001,1e-05,50.327,3.3848,3.4905
4409,stage2,2,0.11089514940977097,0.31344717741012573,0.0,0.11089514940977097,0.0001,1e-05,50.328,2.8964,0.9113
4410,stage2,2,0.12169867753982544,0.31850290298461914,0.0,0.12169867753982544,0.0001,1e-05,50.328,2.9218,0.6349
4411,stage2,2,0.15507760643959045,0.3053015470504761,0.0,0.15507760643959045,0.0001,1e-05,50.326,3.4615,0.6353
4412,stage2,2,0.11361829191446304,0.3129790425300598,0.0,0.11361829191446304,0.0001,1e-05,50.328,2.7388,0.6351
4413,stage2,2,0.13112428784370422,0.30463263392448425,0.0,0.13112428784370422,0.0001,1e-05,50.332,3.9092,0.6362
4414,stage2,2,0.12394281476736069,0.320547878742218,0.0,0.12394281476736069,0.0001,1e-05,50.33,2.9698,0.6362
4415,stage2,2,0.12015306204557419,0.3041386306285858,0.0,0.12015306204557419,0.0001,1e-05,50.327,4.0473,0.6359
4416,stage2,2,0.10787645727396011,0.33082252740859985,0.0,0.10787645727396011,0.0001,1e-05,50.329,2.6797,3.5365
4417,stage2,2,0.10317671298980713,0.3487413823604584,0.0,0.10317671298980713,0.0001,1e-05,50.327,2.7188,0.8956
4418,stage2,2,0.1086057648062706,0.34003016352653503,0.0,0.1086057648062706,0.0001,1e-05,50.329,3.1009,0.6341
4419,stage2,2,0.11084658652544022,0.311829537153244,0.0,0.11084658652544022,0.0001,1e-05,50.328,3.1807,0.6347
4420,stage2,2,0.1112927496433258,0.32846638560295105,0.0,0.1112927496433258,0.0001,1e-05,50.329,2.7818,0.6364
4421,stage2,2,0.13286618888378143,0.3163197636604309,0.0,0.13286618888378143,0.0001,1e-05,50.329,4.7374,0.636
4422,stage2,2,0.09902165830135345,0.31313419342041016,0.0,0.09902165830135345,0.0001,1e-05,50.327,3.0127,0.6365
4423,stage2,2,0.11160548031330109,0.31241175532341003,0.0,0.11160548031330109,0.0001,1e-05,50.331,2.4454,0.6361
4424,stage2,2,0.11146115511655807,0.2965528964996338,0.0,0.11146115511655807,0.0001,1e-05,50.329,3.1889,3.6153
4425,stage2,2,0.11370401829481125,0.3128289580345154,0.0,0.11370401829481125,0.0001,1e-05,50.33,3.3358,0.8516
4426,stage2,2,0.12726446986198425,0.3532429039478302,0.0,0.12726446986198425,0.0001,1e-05,50.327,4.1135,0.6348
4427,stage2,2,0.12895047664642334,0.34035101532936096,0.0,0.12895047664642334,0.0001,1e-05,50.329,2.5866,0.6348
4428,stage2,2,0.12238465994596481,0.3165486752986908,0.0,0.12238465994596481,0.0001,1e-05,50.33,2.72,0.6351
4429,stage2,2,0.1423661857843399,0.32852962613105774,0.0,0.1423661857843399,0.0001,1e-05,50.325,3.7405,0.6364
4430,stage2,2,0.12704803049564362,0.32005774974823,0.0,0.12704803049564362,0.0001,1e-05,50.326,3.0951,0.6364
4431,stage2,2,0.12963354587554932,0.3224306106567383,0.0,0.12963354587554932,0.0001,1e-05,50.331,3.3684,0.6359
4432,stage2,2,0.12133972346782684,0.33247217535972595,0.0,0.12133972346782684,0.0001,1e-05,50.327,3.25,3.564
4433,stage2,2,0.13214842975139618,0.30780231952667236,0.0,0.13214842975139618,0.0001,1e-05,50.33,3.1497,0.9493
4434,stage2,2,0.11689015477895737,0.3331155478954315,0.0,0.11689015477895737,0.0001,1e-05,50.329,3.0059,0.6341
4435,stage2,2,0.13686101138591766,0.3366033434867859,0.0,0.13686101138591766,0.0001,1e-05,50.326,3.5057,0.6349
4436,stage2,2,0.13699865341186523,0.3015773594379425,0.0,0.13699865341186523,0.0001,1e-05,50.328,3.7993,0.6348
4437,stage2,2,0.13302597403526306,0.3155907392501831,0.0,0.13302597403526306,0.0001,1e-05,50.33,3.5936,0.6347
4438,stage2,2,0.11318676918745041,0.3393903374671936,0.0,0.11318676918745041,0.0001,1e-05,50.329,3.7295,0.6352
4439,stage2,2,0.1327427476644516,0.32385602593421936,0.0,0.1327427476644516,0.0001,1e-05,50.327,3.754,0.6356
4440,stage2,2,0.14109916985034943,0.3436967730522156,0.0,0.14109916985034943,0.0001,1e-05,50.327,4.19,3.5178
4441,stage2,2,0.11377353966236115,0.31888827681541443,0.0,0.11377353966236115,0.0001,1e-05,50.329,3.2788,0.9513
4442,stage2,2,0.12436290830373764,0.2999694347381592,0.0,0.12436290830373764,0.0001,1e-05,50.33,3.0616,0.6349
4443,stage2,2,0.11980976909399033,0.3260703682899475,0.0,0.11980976909399033,0.0001,1e-05,50.329,2.7837,0.6346
4444,stage2,2,0.10178995877504349,0.3234584331512451,0.0,0.10178995877504349,0.0001,1e-05,50.328,2.5866,0.6359
4445,stage2,2,0.11673055589199066,0.3078470230102539,0.0,0.11673055589199066,0.0001,1e-05,50.329,2.912,0.6358
4446,stage2,2,0.1083410233259201,0.3146773874759674,0.0,0.1083410233259201,0.0001,1e-05,50.328,3.4384,0.6356
4447,stage2,2,0.12359550595283508,0.34675630927085876,0.0,0.12359550595283508,0.0001,1e-05,50.329,3.5489,0.6363
4448,stage2,2,0.11228088289499283,0.29975736141204834,0.0,0.11228088289499283,0.0001,1e-05,50.328,3.0727,3.4756
4449,stage2,2,0.10771283507347107,0.3380770981311798,0.0,0.10771283507347107,0.0001,1e-05,50.327,2.9885,1.0203
4450,stage2,2,0.11957423388957977,0.3305565118789673,0.0,0.11957423388957977,0.0001,1e-05,50.328,4.1023,0.6344
4451,stage2,2,0.11093172430992126,0.34861212968826294,0.0,0.11093172430992126,0.0001,1e-05,50.326,2.7438,0.6349
4452,stage2,2,0.12184596806764603,0.318385511636734,0.0,0.12184596806764603,0.0001,1e-05,50.328,3.3892,0.6353
4453,stage2,2,0.11729678511619568,0.31357845664024353,0.0,0.11729678511619568,0.0001,1e-05,50.327,2.4521,0.6355
4454,stage2,2,0.12555371224880219,0.30311119556427,0.0,0.12555371224880219,0.0001,1e-05,50.324,3.6272,0.6361
4455,stage2,2,0.11661465466022491,0.30398765206336975,0.0,0.11661465466022491,0.0001,1e-05,50.325,2.764,0.6356
4456,stage2,2,0.13580361008644104,0.35646817088127136,0.0,0.13580361008644104,0.0001,1e-05,50.327,3.4231,3.4135
4457,stage2,2,0.11050768196582794,0.33966755867004395,0.0,0.11050768196582794,0.0001,1e-05,50.322,3.1826,1.025
4458,stage2,2,0.1268494874238968,0.3096226155757904,0.0,0.1268494874238968,0.0001,1e-05,50.325,3.4655,0.6337
4459,stage2,2,0.12465745955705643,0.30904579162597656,0.0,0.12465745955705643,0.0001,1e-05,50.326,3.7429,0.6349
4460,stage2,2,0.12200725823640823,0.3169874846935272,0.0,0.12200725823640823,0.0001,1e-05,50.324,3.0429,0.6351
4461,stage2,2,0.12551698088645935,0.2999381124973297,0.0,0.12551698088645935,0.0001,1e-05,50.325,3.3091,0.6355
4462,stage2,2,0.11638448387384415,0.30764979124069214,0.0,0.11638448387384415,0.0001,1e-05,50.329,3.8281,0.6358
4463,stage2,2,0.13647788763046265,0.30203118920326233,0.0,0.13647788763046265,0.0001,1e-05,50.325,3.85,0.636
4464,stage2,2,0.11734917014837265,0.28055518865585327,0.0,0.11734917014837265,0.0001,1e-05,50.328,3.0218,3.4777
4465,stage2,2,0.12222892791032791,0.33421263098716736,0.0,0.12222892791032791,0.0001,1e-05,50.331,3.4281,1.025
4466,stage2,2,0.1640479415655136,0.33719560503959656,0.0,0.1640479415655136,0.0001,1e-05,50.325,3.779,0.6346
4467,stage2,2,0.1424870640039444,0.33395254611968994,0.0,0.1424870640039444,0.0001,1e-05,50.326,3.5095,0.6349
4468,stage2,2,0.11701030284166336,0.3152247369289398,0.0,0.11701030284166336,0.0001,1e-05,50.325,3.5689,0.6356
4469,stage2,2,0.1162465363740921,0.31937748193740845,0.0,0.1162465363740921,0.0001,1e-05,50.323,2.9745,0.6352
4470,stage2,2,0.10597944259643555,0.30011963844299316,0.0,0.10597944259643555,0.0001,1e-05,50.329,4.0439,0.6357
4471,stage2,2,0.11907868087291718,0.3450126051902771,0.0,0.11907868087291718,0.0001,1e-05,50.327,3.0814,0.6362
4472,stage2,2,0.1162455677986145,0.363111287355423,0.0,0.1162455677986145,0.0001,1e-05,50.331,3.1639,3.4588
4473,stage2,2,0.11370010673999786,0.2853896915912628,0.0,0.11370010673999786,0.0001,1e-05,50.327,3.2047,0.9968
4474,stage2,2,0.12191830575466156,0.32148370146751404,0.0,0.12191830575466156,0.0001,1e-05,50.328,4.5209,0.6347
4475,stage2,2,0.09614827483892441,0.28656893968582153,0.0,0.09614827483892441,0.0001,1e-05,50.327,2.7178,0.6353
4476,stage2,2,0.11129564046859741,0.3684437870979309,0.0,0.11129564046859741,0.0001,1e-05,50.33,3.7458,0.6354
4477,stage2,2,0.10131725668907166,0.30455806851387024,0.0,0.10131725668907166,0.0001,1e-05,50.325,2.7984,0.6358
4478,stage2,2,0.11752715706825256,0.3213629126548767,0.0,0.11752715706825256,0.0001,1e-05,50.329,3.3924,0.6357
4479,stage2,2,0.10347731411457062,0.3198067843914032,0.0,0.10347731411457062,0.0001,1e-05,50.327,2.5905,0.6361
4480,stage2,2,0.10415401309728622,0.3388706147670746,0.0,0.10415401309728622,0.0001,1e-05,50.325,3.1773,3.4653
4481,stage2,2,0.13475416600704193,0.3276846706867218,0.0,0.13475416600704193,0.0001,1e-05,50.328,3.3095,1.0572
4482,stage2,2,0.10695917159318924,0.2921620011329651,0.0,0.10695917159318924,0.0001,1e-05,50.325,3.4973,0.6343
4483,stage2,2,0.12276928126811981,0.3425156772136688,0.0,0.12276928126811981,0.0001,1e-05,50.326,2.9245,0.6345
4484,stage2,2,0.10947614163160324,0.3161373436450958,0.0,0.10947614163160324,0.0001,1e-05,50.327,2.9095,0.6357
4485,stage2,2,0.11048638820648193,0.3247523009777069,0.0,0.11048638820648193,0.0001,1e-05,50.326,2.9929,0.6357
4486,stage2,2,0.12488147616386414,0.3127046227455139,0.0,0.12488147616386414,0.0001,1e-05,50.328,2.9311,0.6351
4487,stage2,2,0.12230631709098816,0.29693910479545593,0.0,0.12230631709098816,0.0001,1e-05,50.325,3.4067,0.6359
4488,stage2,2,0.12127090990543365,0.31458237767219543,0.0,0.12127090990543365,0.0001,1e-05,50.325,3.2742,3.4747
4489,stage2,2,0.10964462906122208,0.31742027401924133,0.0,0.10964462906122208,0.0001,1e-05,50.326,3.4934,1.0604
4490,stage2,2,0.11256473511457443,0.325086772441864,0.0,0.11256473511457443,0.0001,1e-05,50.327,3.5494,0.6351
4491,stage2,2,0.12381818145513535,0.29541537165641785,0.0,0.12381818145513535,0.0001,1e-05,50.324,2.8687,0.6356
4492,stage2,2,0.1130906343460083,0.32383212447166443,0.0,0.1130906343460083,0.0001,1e-05,50.332,2.5814,0.6356
4493,stage2,2,0.12190302461385727,0.3014833927154541,0.0,0.12190302461385727,0.0001,1e-05,50.328,3.5342,0.6356
4494,stage2,2,0.13043320178985596,0.3451150059700012,0.0,0.13043320178985596,0.0001,1e-05,50.326,3.2561,0.6362
4495,stage2,2,0.12046235799789429,0.3160827159881592,0.0,0.12046235799789429,0.0001,1e-05,50.332,3.187,0.636
4496,stage2,2,0.11034712940454483,0.30764636397361755,0.0,0.11034712940454483,0.0001,1e-05,50.33,2.5915,3.6206
4497,stage2,2,0.11347866803407669,0.31144240498542786,0.0,0.11347866803407669,0.0001,1e-05,50.329,2.8448,0.8428
4498,stage2,2,0.12175758183002472,0.32269760966300964,0.0,0.12175758183002472,0.0001,1e-05,50.33,3.163,0.6347
4499,stage2,2,0.10984305292367935,0.2918809652328491,0.0,0.10984305292367935,0.0001,1e-05,50.333,2.8014,0.6345
4500,stage2,2,0.10663766413927078,0.29103270173072815,0.0,0.10663766413927078,0.0001,1e-05,50.323,2.7039,0.6357
4501,stage2,2,0.12328187376260757,0.3210255801677704,0.0,0.12328187376260757,0.0001,1e-05,50.33,3.7738,0.6359
4502,stage2,2,0.10145244747400284,0.29741713404655457,0.0,0.10145244747400284,0.0001,1e-05,50.327,2.8112,0.636
4503,stage2,2,0.14904284477233887,0.3194824457168579,0.0,0.14904284477233887,0.0001,1e-05,50.331,3.4121,0.6364
4504,stage2,2,0.1412849873304367,0.3336818516254425,0.0,0.1412849873304367,0.0001,1e-05,50.326,3.2615,3.7023
4505,stage2,2,0.11599710583686829,0.32985880970954895,0.0,0.11599710583686829,0.0001,1e-05,50.329,3.6874,0.7937
4506,stage2,2,0.11894616484642029,0.3199858069419861,0.0,0.11894616484642029,0.0001,1e-05,50.329,3.7207,0.6342
4507,stage2,2,0.11962508410215378,0.2990777790546417,0.0,0.11962508410215378,0.0001,1e-05,50.328,3.0632,0.6387
4508,stage2,2,0.11091198027133942,0.30282163619995117,0.0,0.11091198027133942,0.0001,1e-05,50.329,2.9719,0.6351
4509,stage2,2,0.11008820682764053,0.30536943674087524,0.0,0.11008820682764053,0.0001,1e-05,50.328,3.121,0.6362
4510,stage2,2,0.11341036856174469,0.31361258029937744,0.0,0.11341036856174469,0.0001,1e-05,50.331,3.2175,0.6366
4511,stage2,2,0.11985063552856445,0.3291819095611572,0.0,0.11985063552856445,0.0001,1e-05,50.329,3.6426,0.6361
4512,stage2,2,0.12149520218372345,0.3073950707912445,0.0,0.12149520218372345,0.0001,1e-05,50.331,3.3416,3.6161
4513,stage2,2,0.13317984342575073,0.2922441065311432,0.0,0.13317984342575073,0.0001,1e-05,50.331,3.5175,0.748
4514,stage2,2,0.14291167259216309,0.32541027665138245,0.0,0.14291167259216309,0.0001,1e-05,50.328,3.7214,0.6386
4515,stage2,2,0.11726316809654236,0.3279534578323364,0.0,0.11726316809654236,0.0001,1e-05,50.333,3.2787,0.6365
4516,stage2,2,0.11312428116798401,0.3113098740577698,0.0,0.11312428116798401,0.0001,1e-05,50.333,2.7495,0.6349
4517,stage2,2,0.09604083001613617,0.32214826345443726,0.0,0.09604083001613617,0.0001,1e-05,50.328,3.1642,0.6351
4518,stage2,2,0.12149249017238617,0.3093516230583191,0.0,0.12149249017238617,0.0001,1e-05,50.328,4.0303,0.6356
4519,stage2,2,0.09051194787025452,0.3338686227798462,0.0,0.09051194787025452,0.0001,1e-05,50.327,2.7582,0.6354
4520,stage2,2,0.12651900947093964,0.30494052171707153,0.0,0.12651900947093964,0.0001,1e-05,50.333,3.0085,3.71
4521,stage2,2,0.11062458902597427,0.32489100098609924,0.0,0.11062458902597427,0.0001,1e-05,50.328,3.0516,0.7731
4522,stage2,2,0.13381466269493103,0.30982428789138794,0.0,0.13381466269493103,0.0001,1e-05,50.332,2.9868,0.6347
4523,stage2,2,0.1174759790301323,0.3260115087032318,0.0,0.1174759790301323,0.0001,1e-05,50.332,3.0185,0.6349
4524,stage2,2,0.1353490650653839,0.29589739441871643,0.0,0.1353490650653839,0.0001,1e-05,50.328,3.9171,0.6351
4525,stage2,2,0.10769151896238327,0.3169630169868469,0.0,0.10769151896238327,0.0001,1e-05,50.331,2.8994,0.6357
4526,stage2,2,0.11909560859203339,0.33385398983955383,0.0,0.11909560859203339,0.0001,1e-05,50.329,3.3177,0.6353
4527,stage2,2,0.1249341368675232,0.33178961277008057,0.0,0.1249341368675232,0.0001,1e-05,50.33,3.0583,0.6363
4528,stage2,2,0.13031092286109924,0.32966071367263794,0.0,0.13031092286109924,0.0001,1e-05,50.329,4.6046,3.7397
4529,stage2,2,0.09537848830223083,0.31284067034721375,0.0,0.09537848830223083,0.0001,1e-05,50.33,2.8877,0.8265
4530,stage2,2,0.11748113483190536,0.3126850724220276,0.0,0.11748113483190536,0.0001,1e-05,50.328,3.4589,0.6335
4531,stage2,2,0.1220027357339859,0.3142651319503784,0.0,0.1220027357339859,0.0001,1e-05,50.327,3.7512,0.6345
4532,stage2,2,0.13131080567836761,0.3232504725456238,0.0,0.13131080567836761,0.0001,1e-05,50.328,3.5465,0.6348
4533,stage2,2,0.11549701541662216,0.31003016233444214,0.0,0.11549701541662216,0.0001,1e-05,50.326,3.2234,0.6347
4534,stage2,2,0.12883254885673523,0.29406458139419556,0.0,0.12883254885673523,0.0001,1e-05,50.328,3.213,0.635
4535,stage2,2,0.1194828599691391,0.29778245091438293,0.0,0.1194828599691391,0.0001,1e-05,50.327,2.9761,0.6355
4536,stage2,2,0.14499767124652863,0.3168238401412964,0.0,0.14499767124652863,0.0001,1e-05,50.333,3.2521,3.6915
4537,stage2,2,0.12100369483232498,0.31257009506225586,0.0,0.12100369483232498,0.0001,1e-05,50.332,3.0059,0.8296
4538,stage2,2,0.12867946922779083,0.33458447456359863,0.0,0.12867946922779083,0.0001,1e-05,50.323,3.6918,0.6345
4539,stage2,2,0.10713544487953186,0.3369109630584717,0.0,0.10713544487953186,0.0001,1e-05,50.322,3.3816,0.6354
4540,stage2,2,0.13268126547336578,0.31234094500541687,0.0,0.13268126547336578,0.0001,1e-05,50.327,3.2726,0.635
4541,stage2,2,0.10356724262237549,0.3276043236255646,0.0,0.10356724262237549,0.0001,1e-05,50.329,2.8424,0.6363
4542,stage2,2,0.1349160373210907,0.32957106828689575,0.0,0.1349160373210907,0.0001,1e-05,50.327,3.1847,0.6356
4543,stage2,2,0.13880306482315063,0.34515440464019775,0.0,0.13880306482315063,0.0001,1e-05,50.326,3.827,0.6368
4544,stage2,2,0.1196608766913414,0.30706438422203064,0.0,0.1196608766913414,0.0001,1e-05,50.328,2.9084,3.6422
4545,stage2,2,0.11866139620542526,0.3090142607688904,0.0,0.11866139620542526,0.0001,1e-05,50.327,3.5197,0.8094
4546,stage2,2,0.12039710581302643,0.3122536242008209,0.0,0.12039710581302643,0.0001,1e-05,50.329,3.893,0.6384
4547,stage2,2,0.11774376034736633,0.314635306596756,0.0,0.11774376034736633,0.0001,1e-05,50.328,2.9766,0.6352
4548,stage2,2,0.09095597267150879,0.294764906167984,0.0,0.09095597267150879,0.0001,1e-05,50.334,2.8263,0.6354
4549,stage2,2,0.1145552396774292,0.31978264451026917,0.0,0.1145552396774292,0.0001,1e-05,50.333,3.9536,0.6358
4550,stage2,2,0.11564859747886658,0.3274310827255249,0.0,0.11564859747886658,0.0001,1e-05,50.331,3.0308,0.6358
4551,stage2,2,0.1366284042596817,0.32416975498199463,0.0,0.1366284042596817,0.0001,1e-05,50.327,4.1131,0.636
4552,stage2,2,0.12493661046028137,0.3504246473312378,0.0,0.12493661046028137,0.0001,1e-05,50.327,4.3296,3.6638
4553,stage2,2,0.11123579740524292,0.30421996116638184,0.0,0.11123579740524292,0.0001,1e-05,50.331,2.6911,0.8034
4554,stage2,2,0.1221771240234375,0.33778712153434753,0.0,0.1221771240234375,0.0001,1e-05,50.327,3.5669,0.639
4555,stage2,2,0.1150033101439476,0.3062344193458557,0.0,0.1150033101439476,0.0001,1e-05,50.33,3.3256,0.6349
4556,stage2,2,0.11289220303297043,0.3536612093448639,0.0,0.11289220303297043,0.0001,1e-05,50.328,3.2757,0.6356
4557,stage2,2,0.09509402513504028,0.3193274736404419,0.0,0.09509402513504028,0.0001,1e-05,50.328,2.9708,0.6357
4558,stage2,2,0.12150011956691742,0.30256137251853943,0.0,0.12150011956691742,0.0001,1e-05,50.33,3.2493,0.6362
4559,stage2,2,0.10474736243486404,0.3097284734249115,0.0,0.10474736243486404,0.0001,1e-05,50.328,2.9758,0.6362
4560,stage2,2,0.11955057829618454,0.3171323537826538,0.0,0.11955057829618454,0.0001,1e-05,50.326,3.1974,3.7314
4561,stage2,2,0.12073567509651184,0.304668664932251,0.0,0.12073567509651184,0.0001,1e-05,50.33,3.8501,0.8867
4562,stage2,2,0.10032813251018524,0.34300103783607483,0.0,0.10032813251018524,0.0001,1e-05,50.328,2.9786,0.6388
4563,stage2,2,0.13216711580753326,0.2987053394317627,0.0,0.13216711580753326,0.0001,1e-05,50.328,3.7958,0.6366
4564,stage2,2,0.10561007261276245,0.3435916602611542,0.0,0.10561007261276245,0.0001,1e-05,50.328,3.287,0.6353
4565,stage2,2,0.10185051709413528,0.30918797850608826,0.0,0.10185051709413528,0.0001,1e-05,50.333,3.1743,0.6357
4566,stage2,2,0.13727326691150665,0.301800936460495,0.0,0.13727326691150665,0.0001,1e-05,50.334,3.8247,0.6362
4567,stage2,2,0.1331700086593628,0.2954990565776825,0.0,0.1331700086593628,0.0001,1e-05,50.33,4.0797,0.6359
4568,stage2,2,0.1244729608297348,0.3355728089809418,0.0,0.1244729608297348,0.0001,1e-05,50.33,2.9863,3.6069
4569,stage2,2,0.13487613201141357,0.33045896887779236,0.0,0.13487613201141357,0.0001,1e-05,50.328,3.2418,0.866
4570,stage2,2,0.14072559773921967,0.301532119512558,0.0,0.14072559773921967,0.0001,1e-05,50.328,3.5586,0.6348
4571,stage2,2,0.12077956646680832,0.29922497272491455,0.0,0.12077956646680832,0.0001,1e-05,50.327,3.4338,0.6349
4572,stage2,2,0.11538603901863098,0.3227490782737732,0.0,0.11538603901863098,0.0001,1e-05,50.329,3.6561,0.6348
4573,stage2,2,0.11791258305311203,0.3301847577095032,0.0,0.11791258305311203,0.0001,1e-05,50.329,3.0406,0.6355
4574,stage2,2,0.12559562921524048,0.2939101457595825,0.0,0.12559562921524048,0.0001,1e-05,50.33,3.2289,0.6355
4575,stage2,2,0.12057773768901825,0.3194335997104645,0.0,0.12057773768901825,0.0001,1e-05,50.327,3.259,0.6365
4576,stage2,2,0.1276375651359558,0.3169499337673187,0.0,0.1276375651359558,0.0001,1e-05,50.327,3.1221,3.6224
4577,stage2,2,0.11981144547462463,0.3039640188217163,0.0,0.11981144547462463,0.0001,1e-05,50.327,3.7662,0.8088
4578,stage2,2,0.1210651770234108,0.3093026876449585,0.0,0.1210651770234108,0.0001,1e-05,50.328,4.257,0.6346
4579,stage2,2,0.13701941072940826,0.32084110379219055,0.0,0.13701941072940826,0.0001,1e-05,50.33,3.6876,0.6349
4580,stage2,2,0.12794870138168335,0.2901531755924225,0.0,0.12794870138168335,0.0001,1e-05,50.328,3.6138,0.6356
4581,stage2,2,0.12008430063724518,0.3300466239452362,0.0,0.12008430063724518,0.0001,1e-05,50.325,3.5193,0.6351
4582,stage2,2,0.13212579488754272,0.35145434737205505,0.0,0.13212579488754272,0.0001,1e-05,50.327,4.8289,0.6356
4583,stage2,2,0.12515638768672943,0.29826951026916504,0.0,0.12515638768672943,0.0001,1e-05,50.327,3.5551,0.6358
4584,stage2,2,0.12312444299459457,0.2961371839046478,0.0,0.12312444299459457,0.0001,1e-05,50.328,3.8855,3.6333
4585,stage2,2,0.12708090245723724,0.3352527916431427,0.0,0.12708090245723724,0.0001,1e-05,50.331,3.0772,0.7448
4586,stage2,2,0.11060372740030289,0.2841643989086151,0.0,0.11060372740030289,0.0001,1e-05,50.329,2.8799,0.635
4587,stage2,2,0.1141715943813324,0.33723947405815125,0.0,0.1141715943813324,0.0001,1e-05,50.328,3.5616,0.6355
4588,stage2,2,0.11920236051082611,0.3103262484073639,0.0,0.11920236051082611,0.0001,1e-05,50.33,3.0629,0.6357
4589,stage2,2,0.15342038869857788,0.2966812551021576,0.0,0.15342038869857788,0.0001,1e-05,50.324,3.5777,0.6359
4590,stage2,2,0.10501769930124283,0.3192450702190399,0.0,0.10501769930124283,0.0001,1e-05,50.33,2.6323,0.6363
4591,stage2,2,0.10437262803316116,0.33816665410995483,0.0,0.10437262803316116,0.0001,1e-05,50.331,3.014,0.6368
4592,stage2,2,0.10999368876218796,0.29864898324012756,0.0,0.10999368876218796,0.0001,1e-05,50.329,3.226,3.8041
4593,stage2,2,0.11132151633501053,0.3060792088508606,0.0,0.11132151633501053,0.0001,1e-05,50.33,3.2209,0.6974
4594,stage2,2,0.12148017436265945,0.31131118535995483,0.0,0.12148017436265945,0.0001,1e-05,50.327,3.6267,0.6354
4595,stage2,2,0.11696521937847137,0.30618539452552795,0.0,0.11696521937847137,0.0001,1e-05,50.33,3.0241,0.6402
4596,stage2,2,0.12082675099372864,0.3083537220954895,0.0,0.12082675099372864,0.0001,1e-05,50.33,3.273,0.6357
4597,stage2,2,0.1076226606965065,0.34283241629600525,0.0,0.1076226606965065,0.0001,1e-05,50.33,3.047,0.636
4598,stage2,2,0.12855398654937744,0.3030850887298584,0.0,0.12855398654937744,0.0001,1e-05,50.33,3.4442,0.6363
4599,stage2,2,0.10097433626651764,0.33068156242370605,0.0,0.10097433626651764,0.0001,1e-05,50.332,3.004,0.6363
4600,stage2,2,0.13437604904174805,0.3115219175815582,0.0,0.13437604904174805,0.0001,1e-05,50.329,4.1544,3.9074
4601,stage2,2,0.11092677712440491,0.31271907687187195,0.0,0.11092677712440491,0.0001,1e-05,50.328,3.3459,0.6894
4602,stage2,2,0.09941156208515167,0.3219381272792816,0.0,0.09941156208515167,0.0001,1e-05,50.329,3.0191,0.6346
4603,stage2,2,0.13309593498706818,0.3600001037120819,0.0,0.13309593498706818,0.0001,1e-05,50.329,3.6402,0.6351
4604,stage2,2,0.12718428671360016,0.2963121831417084,0.0,0.12718428671360016,0.0001,1e-05,50.33,3.9514,0.6353
4605,stage2,2,0.12633785605430603,0.3317784070968628,0.0,0.12633785605430603,0.0001,1e-05,50.329,3.3241,0.6362
4606,stage2,2,0.10912703722715378,0.3031921088695526,0.0,0.10912703722715378,0.0001,1e-05,50.331,2.4149,0.6358
4607,stage2,2,0.1300516128540039,0.3298436403274536,0.0,0.1300516128540039,0.0001,1e-05,50.327,3.7592,0.6362
4608,stage2,2,0.11848968267440796,0.3266719579696655,0.0,0.11848968267440796,0.0001,1e-05,50.331,4.1293,3.8499
4609,stage2,2,0.11742224544286728,0.3463263511657715,0.0,0.11742224544286728,0.0001,1e-05,50.329,3.9174,0.7534
4610,stage2,2,0.12150409072637558,0.35017943382263184,0.0,0.12150409072637558,0.0001,1e-05,50.328,3.2731,0.6349
4611,stage2,2,0.11714760959148407,0.30324798822402954,0.0,0.11714760959148407,0.0001,1e-05,50.326,3.073,0.6348
4612,stage2,2,0.11803185939788818,0.31989017128944397,0.0,0.11803185939788818,0.0001,1e-05,50.327,3.3294,0.6355
4613,stage2,2,0.10887404531240463,0.309237003326416,0.0,0.10887404531240463,0.0001,1e-05,50.326,3.3312,0.6363
4614,stage2,2,0.12372202426195145,0.302656352519989,0.0,0.12372202426195145,0.0001,1e-05,50.33,3.1962,0.6357
4615,stage2,2,0.10706169158220291,0.32201361656188965,0.0,0.10706169158220291,0.0001,1e-05,50.325,3.2308,0.6365
4616,stage2,2,0.11823621392250061,0.3188997209072113,0.0,0.11823621392250061,0.0001,1e-05,50.326,3.3793,3.7137
4617,stage2,2,0.1182587519288063,0.301395446062088,0.0,0.1182587519288063,0.0001,1e-05,50.331,3.5118,0.7802
4618,stage2,2,0.10746217519044876,0.3292742073535919,0.0,0.10746217519044876,0.0001,1e-05,50.333,2.663,0.6351
4619,stage2,2,0.1172528937458992,0.31827491521835327,0.0,0.1172528937458992,0.0001,1e-05,50.328,3.73,0.6349
4620,stage2,2,0.1312776356935501,0.30810943245887756,0.0,0.1312776356935501,0.0001,1e-05,50.333,4.2348,0.6352
4621,stage2,2,0.11702194809913635,0.2923835515975952,0.0,0.11702194809913635,0.0001,1e-05,50.324,3.0877,0.6355
4622,stage2,2,0.12771080434322357,0.31910383701324463,0.0,0.12771080434322357,0.0001,1e-05,50.33,3.4108,0.6364
4623,stage2,2,0.10701487958431244,0.30475670099258423,0.0,0.10701487958431244,0.0001,1e-05,50.331,2.6771,0.6367
4624,stage2,2,0.10107409209012985,0.29538494348526,0.0,0.10107409209012985,0.0001,1e-05,50.328,2.8716,3.6733
4625,stage2,2,0.12050791084766388,0.3056565821170807,0.0,0.12050791084766388,0.0001,1e-05,50.331,2.933,0.8436
4626,stage2,2,0.10823246091604233,0.3043873906135559,0.0,0.10823246091604233,0.0001,1e-05,50.33,3.0224,0.6356
4627,stage2,2,0.1186455562710762,0.2926112711429596,0.0,0.1186455562710762,0.0001,1e-05,50.327,3.0184,0.6356
4628,stage2,2,0.11427229642868042,0.3277876377105713,0.0,0.11427229642868042,0.0001,1e-05,50.329,2.7635,0.6352
4629,stage2,2,0.09800995886325836,0.32937535643577576,0.0,0.09800995886325836,0.0001,1e-05,50.329,3.1099,0.6358
4630,stage2,2,0.11186550557613373,0.3048110604286194,0.0,0.11186550557613373,0.0001,1e-05,50.328,3.6327,0.6365
4631,stage2,2,0.10438302159309387,0.35303187370300293,0.0,0.10438302159309387,0.0001,1e-05,50.329,2.6275,0.6367
4632,stage2,2,0.10311219841241837,0.31190311908721924,0.0,0.10311219841241837,0.0001,1e-05,50.327,3.1883,3.7811
4633,stage2,2,0.1132168099284172,0.3308226764202118,0.0,0.1132168099284172,0.0001,1e-05,50.328,3.4128,0.7842
4634,stage2,2,0.12089936435222626,0.3654526472091675,0.0,0.12089936435222626,0.0001,1e-05,50.326,3.6865,0.6338
4635,stage2,2,0.12029673904180527,0.2994435131549835,0.0,0.12029673904180527,0.0001,1e-05,50.327,4.6264,0.6354
4636,stage2,2,0.11582378298044205,0.3156975507736206,0.0,0.11582378298044205,0.0001,1e-05,50.323,3.3668,0.6355
4637,stage2,2,0.12460646778345108,0.3661865293979645,0.0,0.12460646778345108,0.0001,1e-05,50.326,3.8946,0.6361
4638,stage2,2,0.12155237048864365,0.295047402381897,0.0,0.12155237048864365,0.0001,1e-05,50.331,3.2991,0.6362
4639,stage2,2,0.10602615773677826,0.34051942825317383,0.0,0.10602615773677826,0.0001,1e-05,50.326,3.7057,0.6366
4640,stage2,2,0.09479400515556335,0.3096781075000763,0.0,0.09479400515556335,0.0001,1e-05,50.335,3.0171,3.6273
4641,stage2,2,0.10802697390317917,0.3043224513530731,0.0,0.10802697390317917,0.0001,1e-05,50.329,3.1376,1.0092
4642,stage2,2,0.14355608820915222,0.32362502813339233,0.0,0.14355608820915222,0.0001,1e-05,50.328,3.5206,0.6352
4643,stage2,2,0.10603602975606918,0.3218572735786438,0.0,0.10603602975606918,0.0001,1e-05,50.329,3.6578,0.638
4644,stage2,2,0.13099803030490875,0.3231848478317261,0.0,0.13099803030490875,0.0001,1e-05,50.329,3.7353,0.6355
4645,stage2,2,0.1045662984251976,0.30596381425857544,0.0,0.1045662984251976,0.0001,1e-05,50.327,3.3949,0.636
4646,stage2,2,0.13519033789634705,0.3325880169868469,0.0,0.13519033789634705,0.0001,1e-05,50.333,4.259,0.6366
4647,stage2,2,0.10034552961587906,0.3328346908092499,0.0,0.10034552961587906,0.0001,1e-05,50.331,2.9608,0.637
4648,stage2,2,0.11413731426000595,0.2977442741394043,0.0,0.11413731426000595,0.0001,1e-05,50.328,3.6499,3.4324
4649,stage2,2,0.10923480987548828,0.3462356626987457,0.0,0.10923480987548828,0.0001,1e-05,50.329,3.5667,1.0544
4650,stage2,2,0.11304347217082977,0.30073943734169006,0.0,0.11304347217082977,0.0001,1e-05,50.327,3.1354,1.6278
4651,stage2,2,0.10803302377462387,0.30058544874191284,0.0,0.10803302377462387,0.0001,1e-05,50.329,2.9282,0.6338
4652,stage2,2,0.1149270310997963,0.3234933614730835,0.0,0.1149270310997963,0.0001,1e-05,50.329,3.051,0.6344
4653,stage2,2,0.12832880020141602,0.3386273980140686,0.0,0.12832880020141602,0.0001,1e-05,50.33,3.9854,0.6406
4654,stage2,2,0.12987039983272552,0.3182757496833801,0.0,0.12987039983272552,0.0001,1e-05,50.331,4.0294,0.6358
4655,stage2,2,0.09921306371688843,0.3434412181377411,0.0,0.09921306371688843,0.0001,1e-05,50.33,3.4887,0.6367
4656,stage2,2,0.08921325951814651,0.3362276256084442,0.0,0.08921325951814651,0.0001,1e-05,50.329,2.244,2.4425
4657,stage2,2,0.11935361474752426,0.3082336187362671,0.0,0.11935361474752426,0.0001,1e-05,50.329,3.364,1.074
4658,stage2,2,0.12919247150421143,0.3475812077522278,0.0,0.12919247150421143,0.0001,1e-05,50.332,3.6336,0.6345
4659,stage2,2,0.12506672739982605,0.3527052402496338,0.0,0.12506672739982605,0.0001,1e-05,50.328,3.8285,0.6356
4660,stage2,2,0.1204734668135643,0.3308742642402649,0.0,0.1204734668135643,0.0001,1e-05,50.33,3.8595,0.6354
4661,stage2,2,0.11583514511585236,0.34151792526245117,0.0,0.11583514511585236,0.0001,1e-05,50.327,3.5562,0.6352
4662,stage2,2,0.10537338256835938,0.3324795663356781,0.0,0.10537338256835938,0.0001,1e-05,50.329,3.027,0.6364
4663,stage2,2,0.10183187574148178,0.31247469782829285,0.0,0.10183187574148178,0.0001,1e-05,50.326,3.1314,0.6366
4664,stage2,2,0.13187523186206818,0.3367454409599304,0.0,0.13187523186206818,0.0001,1e-05,50.327,3.7974,3.3553
4665,stage2,2,0.10675004124641418,0.3240700662136078,0.0,0.10675004124641418,0.0001,1e-05,50.331,3.3331,1.0576
4666,stage2,2,0.1265142858028412,0.31104329228401184,0.0,0.1265142858028412,0.0001,1e-05,50.325,3.6719,0.6351
4667,stage2,2,0.11655699461698532,0.3289482295513153,0.0,0.11655699461698532,0.0001,1e-05,50.332,3.3778,0.6359
4668,stage2,2,0.09933863580226898,0.2985609769821167,0.0,0.09933863580226898,0.0001,1e-05,50.33,2.8971,0.6356
4669,stage2,2,0.09732619673013687,0.3089693784713745,0.0,0.09732619673013687,0.0001,1e-05,50.329,3.7562,0.6364
4670,stage2,2,0.11638375371694565,0.3145568072795868,0.0,0.11638375371694565,0.0001,1e-05,50.331,3.4968,0.6361
4671,stage2,2,0.09485810250043869,0.2971634268760681,0.0,0.09485810250043869,0.0001,1e-05,50.326,3.0254,0.6365
4672,stage2,2,0.1046329140663147,0.29198020696640015,0.0,0.1046329140663147,0.0001,1e-05,50.33,2.714,3.3812
4673,stage2,2,0.12671075761318207,0.3005215525627136,0.0,0.12671075761318207,0.0001,1e-05,50.329,3.1148,1.0232
4674,stage2,2,0.1321452111005783,0.33196666836738586,0.0,0.1321452111005783,0.0001,1e-05,50.332,4.2481,0.638
4675,stage2,2,0.1307331621646881,0.29783883690834045,0.0,0.1307331621646881,0.0001,1e-05,50.331,3.9179,0.637
4676,stage2,2,0.1164761483669281,0.32232725620269775,0.0,0.1164761483669281,0.0001,1e-05,50.333,3.5123,0.6359
4677,stage2,2,0.1220104992389679,0.34464260935783386,0.0,0.1220104992389679,0.0001,1e-05,50.329,3.2014,0.6362
4678,stage2,2,0.13539151847362518,0.3063284754753113,0.0,0.13539151847362518,0.0001,1e-05,50.329,3.2381,0.6367
4679,stage2,2,0.12047760933637619,0.3182595372200012,0.0,0.12047760933637619,0.0001,1e-05,50.326,3.3068,0.6373
4680,stage2,2,0.116920605301857,0.3018060028553009,0.0,0.116920605301857,0.0001,1e-05,50.324,3.1661,3.3592
4681,stage2,2,0.10354164987802505,0.3392125964164734,0.0,0.10354164987802505,0.0001,1e-05,50.328,2.7942,1.0854
4682,stage2,2,0.12313153594732285,0.3318035304546356,0.0,0.12313153594732285,0.0001,1e-05,50.325,3.4722,0.6349
4683,stage2,2,0.13677702844142914,0.2945407032966614,0.0,0.13677702844142914,0.0001,1e-05,50.329,3.5997,0.6353
4684,stage2,2,0.12402430921792984,0.34403422474861145,0.0,0.12402430921792984,0.0001,1e-05,50.33,4.0133,0.6364
4685,stage2,2,0.11527934670448303,0.30727526545524597,0.0,0.11527934670448303,0.0001,1e-05,50.325,3.3952,0.636
4686,stage2,2,0.11494811624288559,0.29175078868865967,0.0,0.11494811624288559,0.0001,1e-05,50.331,3.5575,0.636
4687,stage2,2,0.11622939258813858,0.29961615800857544,0.0,0.11622939258813858,0.0001,1e-05,50.33,3.3417,0.637
4688,stage2,2,0.09905458986759186,0.30545297265052795,0.0,0.09905458986759186,0.0001,1e-05,50.329,3.305,3.4029
4689,stage2,2,0.13353058695793152,0.3139150142669678,0.0,0.13353058695793152,0.0001,1e-05,50.328,3.8243,1.0841
4690,stage2,2,0.11342746019363403,0.33573824167251587,0.0,0.11342746019363403,0.0001,1e-05,50.328,3.1808,0.6349
4691,stage2,2,0.12044017016887665,0.311957448720932,0.0,0.12044017016887665,0.0001,1e-05,50.328,3.7146,0.6359
4692,stage2,2,0.13099439442157745,0.30934181809425354,0.0,0.13099439442157745,0.0001,1e-05,50.326,3.4954,0.6352
4693,stage2,2,0.14784924685955048,0.32323020696640015,0.0,0.14784924685955048,0.0001,1e-05,50.331,4.0356,0.6364
4694,stage2,2,0.12639334797859192,0.3066236078739166,0.0,0.12639334797859192,0.0001,1e-05,50.333,4.2074,0.6357
4695,stage2,2,0.11505480110645294,0.3224986791610718,0.0,0.11505480110645294,0.0001,1e-05,50.323,2.9667,0.6357
4696,stage2,2,0.1519051045179367,0.308622807264328,0.0,0.1519051045179367,0.0001,1e-05,50.326,4.9975,3.4797
4697,stage2,2,0.11902250349521637,0.30766090750694275,0.0,0.11902250349521637,0.0001,1e-05,50.329,3.8522,1.092
4698,stage2,2,0.12538236379623413,0.30262815952301025,0.0,0.12538236379623413,0.0001,1e-05,50.328,3.192,0.6346
4699,stage2,2,0.1051049754023552,0.30056217312812805,0.0,0.1051049754023552,0.0001,1e-05,50.324,3.6033,0.6348
4700,stage2,2,0.11493569612503052,0.3317018747329712,0.0,0.11493569612503052,0.0001,1e-05,50.326,3.9205,0.635
4701,stage2,2,0.12185901403427124,0.3025095462799072,0.0,0.12185901403427124,0.0001,1e-05,50.328,3.4543,0.6358
4702,stage2,2,0.1242743656039238,0.3125377297401428,0.0,0.1242743656039238,0.0001,1e-05,50.326,3.8903,0.6355
4703,stage2,2,0.10989128053188324,0.2900749742984772,0.0,0.10989128053188324,0.0001,1e-05,50.328,3.2877,0.6363
4704,stage2,2,0.117045097053051,0.3169967830181122,0.0,0.117045097053051,0.0001,1e-05,50.331,3.033,3.4237
4705,stage2,2,0.10326841473579407,0.2940998375415802,0.0,0.10326841473579407,0.0001,1e-05,50.324,2.5944,1.045
4706,stage2,2,0.1035371944308281,0.3553360402584076,0.0,0.1035371944308281,0.0001,1e-05,50.329,2.9574,0.6348
4707,stage2,2,0.1224813237786293,0.32268980145454407,0.0,0.1224813237786293,0.0001,1e-05,50.332,3.143,0.6358
4708,stage2,2,0.1149013563990593,0.31592750549316406,0.0,0.1149013563990593,0.0001,1e-05,50.33,3.1717,0.6363
4709,stage2,2,0.12147320061922073,0.3337644636631012,0.0,0.12147320061922073,0.0001,1e-05,50.327,3.1902,0.6355
4710,stage2,2,0.11561945825815201,0.33614468574523926,0.0,0.11561945825815201,0.0001,1e-05,50.329,3.5993,0.6363
4711,stage2,2,0.11890707165002823,0.33260345458984375,0.0,0.11890707165002823,0.0001,1e-05,50.328,3.6672,0.6363
4712,stage2,2,0.1194520890712738,0.34675368666648865,0.0,0.1194520890712738,0.0001,1e-05,50.33,3.4281,3.4559
4713,stage2,2,0.12307342141866684,0.294730544090271,0.0,0.12307342141866684,0.0001,1e-05,50.327,2.7768,1.0625
4714,stage2,2,0.10750006884336472,0.33219051361083984,0.0,0.10750006884336472,0.0001,1e-05,50.327,2.9942,0.6343
4715,stage2,2,0.11805861443281174,0.36634644865989685,0.0,0.11805861443281174,0.0001,1e-05,50.331,3.0869,0.6387
4716,stage2,2,0.10846128314733505,0.3375172019004822,0.0,0.10846128314733505,0.0001,1e-05,50.325,2.8954,0.6356
4717,stage2,2,0.1060556024312973,0.31612157821655273,0.0,0.1060556024312973,0.0001,1e-05,50.328,2.5592,0.6364
4718,stage2,2,0.10519858449697495,0.28301483392715454,0.0,0.10519858449697495,0.0001,1e-05,50.334,2.7822,0.6364
4719,stage2,2,0.1302809864282608,0.3352660536766052,0.0,0.1302809864282608,0.0001,1e-05,50.326,3.6976,0.6368
4720,stage2,2,0.1242300271987915,0.30369746685028076,0.0,0.1242300271987915,0.0001,1e-05,50.329,3.2548,3.4459
4721,stage2,2,0.11225438863039017,0.31460314989089966,0.0,0.11225438863039017,0.0001,1e-05,50.326,2.982,1.1085
4722,stage2,2,0.09881661087274551,0.3076103627681732,0.0,0.09881661087274551,0.0001,1e-05,50.33,2.431,0.6349
4723,stage2,2,0.1133383959531784,0.32147979736328125,0.0,0.1133383959531784,0.0001,1e-05,50.331,3.2095,0.6349
4724,stage2,2,0.13118375837802887,0.3070337772369385,0.0,0.13118375837802887,0.0001,1e-05,50.329,3.3709,0.6361
4725,stage2,2,0.11336219310760498,0.325987309217453,0.0,0.11336219310760498,0.0001,1e-05,50.33,3.3327,0.6365
4726,stage2,2,0.11608550697565079,0.33087801933288574,0.0,0.11608550697565079,0.0001,1e-05,50.328,3.6346,0.6369
4727,stage2,2,0.10518602281808853,0.30711036920547485,0.0,0.10518602281808853,0.0001,1e-05,50.33,2.6619,0.6377
4728,stage2,2,0.11766397953033447,0.28933045268058777,0.0,0.11766397953033447,0.0001,1e-05,50.329,2.7019,3.3323
4729,stage2,2,0.12677167356014252,0.3162955641746521,0.0,0.12677167356014252,0.0001,1e-05,50.33,2.7627,1.2121
4730,stage2,2,0.11813365668058395,0.32124653458595276,0.0,0.11813365668058395,0.0001,1e-05,50.331,3.2809,0.6345
4731,stage2,2,0.10134408622980118,0.3088107407093048,0.0,0.10134408622980118,0.0001,1e-05,50.328,2.8688,0.6351
4732,stage2,2,0.12564608454704285,0.3041284680366516,0.0,0.12564608454704285,0.0001,1e-05,50.33,2.6603,0.6358
4733,stage2,2,0.09818085283041,0.3307046890258789,0.0,0.09818085283041,0.0001,1e-05,50.329,2.8939,0.637
4734,stage2,2,0.12184596061706543,0.3285607695579529,0.0,0.12184596061706543,0.0001,1e-05,50.329,3.4966,0.6364
4735,stage2,2,0.10844150930643082,0.34122219681739807,0.0,0.10844150930643082,0.0001,1e-05,50.327,3.2163,0.6374
4736,stage2,2,0.12331569194793701,0.3153527081012726,0.0,0.12331569194793701,0.0001,1e-05,50.328,2.6435,3.1599
4737,stage2,2,0.1472397893667221,0.3093690276145935,0.0,0.1472397893667221,0.0001,1e-05,50.33,3.4448,1.2133
4738,stage2,2,0.10554969310760498,0.327546626329422,0.0,0.10554969310760498,0.0001,1e-05,50.326,2.7171,0.6347
4739,stage2,2,0.11292044073343277,0.31513744592666626,0.0,0.11292044073343277,0.0001,1e-05,50.328,2.9719,0.6352
4740,stage2,2,0.10726898163557053,0.2900026738643646,0.0,0.10726898163557053,0.0001,1e-05,50.332,3.5674,0.6353
4741,stage2,2,0.11382333189249039,0.32677775621414185,0.0,0.11382333189249039,0.0001,1e-05,50.326,3.3754,0.6361
4742,stage2,2,0.11005053669214249,0.33492472767829895,0.0,0.11005053669214249,0.0001,1e-05,50.327,2.7478,0.6367
4743,stage2,2,0.11762700974941254,0.3286868929862976,0.0,0.11762700974941254,0.0001,1e-05,50.328,2.5965,0.6364
4744,stage2,2,0.11118553578853607,0.3081735372543335,0.0,0.11118553578853607,0.0001,1e-05,50.33,2.9532,3.2059
4745,stage2,2,0.11250422894954681,0.29221221804618835,0.0,0.11250422894954681,0.0001,1e-05,50.325,3.7212,1.1618
4746,stage2,2,0.129317045211792,0.33500874042510986,0.0,0.129317045211792,0.0001,1e-05,50.327,3.5542,0.6351
4747,stage2,2,0.10895015299320221,0.29275912046432495,0.0,0.10895015299320221,0.0001,1e-05,50.331,2.9132,0.6358
4748,stage2,2,0.12923023104667664,0.2885996103286743,0.0,0.12923023104667664,0.0001,1e-05,50.329,3.3383,0.6357
4749,stage2,2,0.1384407877922058,0.31038591265678406,0.0,0.1384407877922058,0.0001,1e-05,50.323,3.5401,0.6361
4750,stage2,2,0.10584143549203873,0.3133348524570465,0.0,0.10584143549203873,0.0001,1e-05,50.33,3.3535,0.6368
4751,stage2,2,0.1097840666770935,0.2667972147464752,0.0,0.1097840666770935,0.0001,1e-05,50.327,3.187,0.6366
4752,stage2,2,0.12952262163162231,0.31739240884780884,0.0,0.12952262163162231,0.0001,1e-05,50.331,3.4252,3.2271
4753,stage2,2,0.10212387144565582,0.28895705938339233,0.0,0.10212387144565582,0.0001,1e-05,50.328,2.8388,1.1795
4754,stage2,2,0.10319235920906067,0.3240804374217987,0.0,0.10319235920906067,0.0001,1e-05,50.331,3.0045,0.6358
4755,stage2,2,0.10536127537488937,0.3128449618816376,0.0,0.10536127537488937,0.0001,1e-05,50.33,3.1412,0.6348
4756,stage2,2,0.10840989649295807,0.30492839217185974,0.0,0.10840989649295807,0.0001,1e-05,50.323,3.0282,0.6355
4757,stage2,2,0.10926277190446854,0.35133621096611023,0.0,0.10926277190446854,0.0001,1e-05,50.332,3.504,0.6358
4758,stage2,2,0.11131633818149567,0.2899905741214752,0.0,0.11131633818149567,0.0001,1e-05,50.33,3.1914,0.6363
4759,stage2,2,0.11136535555124283,0.3243740200996399,0.0,0.11136535555124283,0.0001,1e-05,50.331,3.5363,0.6368
4760,stage2,2,0.11657160520553589,0.29435861110687256,0.0,0.11657160520553589,0.0001,1e-05,50.322,2.9796,3.2849
4761,stage2,2,0.09501790255308151,0.33825796842575073,0.0,0.09501790255308151,0.0001,1e-05,50.326,2.5793,1.2312
4762,stage2,2,0.10642969608306885,0.3197878301143646,0.0,0.10642969608306885,0.0001,1e-05,50.326,3.0064,0.6355
4763,stage2,2,0.10337004065513611,0.3293541371822357,0.0,0.10337004065513611,0.0001,1e-05,50.328,2.5438,0.6356
4764,stage2,2,0.1288284957408905,0.29590633511543274,0.0,0.1288284957408905,0.0001,1e-05,50.329,3.5054,0.6363
4765,stage2,2,0.12711483240127563,0.3739839494228363,0.0,0.12711483240127563,0.0001,1e-05,50.327,4.4196,0.6367
4766,stage2,2,0.11052624881267548,0.3365248441696167,0.0,0.11052624881267548,0.0001,1e-05,50.329,3.433,0.6364
4767,stage2,2,0.10725731402635574,0.2960527539253235,0.0,0.10725731402635574,0.0001,1e-05,50.328,3.1464,0.6367
4768,stage2,2,0.10060009360313416,0.3327328562736511,0.0,0.10060009360313416,0.0001,1e-05,50.329,2.5206,3.3296
4769,stage2,2,0.10148238390684128,0.2870676815509796,0.0,0.10148238390684128,0.0001,1e-05,50.33,2.5845,1.0959
4770,stage2,2,0.11655678600072861,0.2901664078235626,0.0,0.11655678600072861,0.0001,1e-05,50.33,3.3414,0.6357
4771,stage2,2,0.11715029925107956,0.3364875614643097,0.0,0.11715029925107956,0.0001,1e-05,50.329,3.8593,0.6359
4772,stage2,2,0.12494884431362152,0.32667073607444763,0.0,0.12494884431362152,0.0001,1e-05,50.327,3.7194,0.636
4773,stage2,2,0.11580979079008102,0.2845345437526703,0.0,0.11580979079008102,0.0001,1e-05,50.333,3.6203,0.6366
4774,stage2,2,0.11335315555334091,0.333755761384964,0.0,0.11335315555334091,0.0001,1e-05,50.33,2.9452,0.6369
4775,stage2,2,0.11767321079969406,0.3123902976512909,0.0,0.11767321079969406,0.0001,1e-05,50.331,3.4476,0.6372
4776,stage2,2,0.10802745074033737,0.3237243890762329,0.0,0.10802745074033737,0.0001,1e-05,50.331,3.954,3.3884
4777,stage2,2,0.12587501108646393,0.3139057159423828,0.0,0.12587501108646393,0.0001,1e-05,50.328,3.2288,1.089
4778,stage2,2,0.09668868035078049,0.29901325702667236,0.0,0.09668868035078049,0.0001,1e-05,50.332,2.7841,0.6348
4779,stage2,2,0.12045697867870331,0.3371216952800751,0.0,0.12045697867870331,0.0001,1e-05,50.325,3.5623,0.6358
4780,stage2,2,0.12702177464962006,0.3035157322883606,0.0,0.12702177464962006,0.0001,1e-05,50.329,3.6839,0.6361
4781,stage2,2,0.1284257024526596,0.2939206063747406,0.0,0.1284257024526596,0.0001,1e-05,50.328,3.2402,0.6359
4782,stage2,2,0.14791172742843628,0.337419331073761,0.0,0.14791172742843628,0.0001,1e-05,50.327,4.7439,0.6366
4783,stage2,2,0.1002388671040535,0.33163195848464966,0.0,0.1002388671040535,0.0001,1e-05,50.33,2.9169,0.637
4784,stage2,2,0.11184224486351013,0.31619134545326233,0.0,0.11184224486351013,0.0001,1e-05,50.324,2.8692,3.3171
4785,stage2,2,0.13809843361377716,0.32457083463668823,0.0,0.13809843361377716,0.0001,1e-05,50.325,3.4821,1.0671
4786,stage2,2,0.12240992486476898,0.324006050825119,0.0,0.12240992486476898,0.0001,1e-05,50.329,2.8572,0.6346
4787,stage2,2,0.0948476567864418,0.3183988034725189,0.0,0.0948476567864418,0.0001,1e-05,50.327,2.6732,0.6376
4788,stage2,2,0.10650509595870972,0.30456843972206116,0.0,0.10650509595870972,0.0001,1e-05,50.33,2.7183,0.6472
4789,stage2,2,0.11784525215625763,0.3153959810733795,0.0,0.11784525215625763,0.0001,1e-05,50.323,3.1983,0.6366
4790,stage2,2,0.12541192770004272,0.3248468339443207,0.0,0.12541192770004272,0.0001,1e-05,50.329,3.6173,0.6367
4791,stage2,2,0.15086659789085388,0.3281329572200775,0.0,0.15086659789085388,0.0001,1e-05,50.333,4.6714,0.6369
4792,stage2,2,0.11145035177469254,0.30553412437438965,0.0,0.11145035177469254,0.0001,1e-05,50.328,4.0498,3.2885
4793,stage2,2,0.10598569363355637,0.31017863750457764,0.0,0.10598569363355637,0.0001,1e-05,50.327,3.4,1.0724
4794,stage2,2,0.1183537095785141,0.30035266280174255,0.0,0.1183537095785141,0.0001,1e-05,50.329,3.205,0.6354
4795,stage2,2,0.12394670397043228,0.29332560300827026,0.0,0.12394670397043228,0.0001,1e-05,50.326,4.0908,0.636
4796,stage2,2,0.12334517389535904,0.3428669571876526,0.0,0.12334517389535904,0.0001,1e-05,50.327,2.9494,0.6878
4797,stage2,2,0.13494911789894104,0.33292901515960693,0.0,0.13494911789894104,0.0001,1e-05,50.327,3.639,0.6361
4798,stage2,2,0.12643395364284515,0.3106723129749298,0.0,0.12643395364284515,0.0001,1e-05,50.327,3.7313,0.6365
4799,stage2,2,0.11487144976854324,0.3182530999183655,0.0,0.11487144976854324,0.0001,1e-05,50.327,3.1388,0.637
4800,stage2,2,0.10419429838657379,0.32587331533432007,0.0,0.10419429838657379,0.0001,1e-05,50.327,3.2647,3.3133
4801,stage2,2,0.114148810505867,0.2835741639137268,0.0,0.114148810505867,0.0001,1e-05,50.328,3.7883,1.0015
4802,stage2,2,0.11453499644994736,0.32353726029396057,0.0,0.11453499644994736,0.0001,1e-05,50.329,3.8648,0.6349
4803,stage2,2,0.10582925379276276,0.2944677472114563,0.0,0.10582925379276276,0.0001,1e-05,50.326,3.0177,0.636
4804,stage2,2,0.1146870031952858,0.33993440866470337,0.0,0.1146870031952858,0.0001,1e-05,50.324,3.0057,0.8323
4805,stage2,2,0.10615988820791245,0.32047832012176514,0.0,0.10615988820791245,0.0001,1e-05,50.33,2.6423,0.6363
4806,stage2,2,0.1117590144276619,0.3308030366897583,0.0,0.1117590144276619,0.0001,1e-05,50.33,3.4063,0.6371
4807,stage2,2,0.10185848921537399,0.2944463789463043,0.0,0.10185848921537399,0.0001,1e-05,50.33,2.632,0.6368
4808,stage2,2,0.11901368945837021,0.34443944692611694,0.0,0.11901368945837021,0.0001,1e-05,50.33,3.526,3.2094
4809,stage2,2,0.11796707659959793,0.3084486722946167,0.0,0.11796707659959793,0.0001,1e-05,50.329,3.0649,1.0078
4810,stage2,2,0.13459940254688263,0.3030295670032501,0.0,0.13459940254688263,0.0001,1e-05,50.33,3.2055,0.6353
4811,stage2,2,0.1154533326625824,0.2965690493583679,0.0,0.1154533326625824,0.0001,1e-05,50.328,3.0729,0.6359
4812,stage2,2,0.115458644926548,0.31174904108047485,0.0,0.115458644926548,0.0001,1e-05,50.327,2.6216,0.8873
4813,stage2,2,0.1008390262722969,0.2994261384010315,0.0,0.1008390262722969,0.0001,1e-05,50.328,2.4865,0.6361
4814,stage2,2,0.11142594367265701,0.3160873055458069,0.0,0.11142594367265701,0.0001,1e-05,50.325,3.0406,0.6365
4815,stage2,2,0.11015520244836807,0.30639833211898804,0.0,0.11015520244836807,0.0001,1e-05,50.33,3.0347,0.6365
4816,stage2,2,0.12553457915782928,0.30559515953063965,0.0,0.12553457915782928,0.0001,1e-05,50.33,3.4822,3.1698
4817,stage2,2,0.11641409248113632,0.2960943877696991,0.0,0.11641409248113632,0.0001,1e-05,50.326,3.1532,1.0531
4818,stage2,2,0.09548625349998474,0.320761114358902,0.0,0.09548625349998474,0.0001,1e-05,50.329,2.6725,0.6391
4819,stage2,2,0.11346092075109482,0.3239293098449707,0.0,0.11346092075109482,0.0001,1e-05,50.328,4.0042,0.6364
4820,stage2,2,0.13198573887348175,0.3269333839416504,0.0,0.13198573887348175,0.0001,1e-05,50.327,4.0015,0.896
4821,stage2,2,0.10797316581010818,0.3093321621417999,0.0,0.10797316581010818,0.0001,1e-05,50.327,2.74,0.6365
4822,stage2,2,0.10064000636339188,0.31870484352111816,0.0,0.10064000636339188,0.0001,1e-05,50.33,2.3675,0.6366
4823,stage2,2,0.11577950417995453,0.3171434700489044,0.0,0.11577950417995453,0.0001,1e-05,50.328,2.8522,0.6373
4824,stage2,2,0.12169826030731201,0.30271247029304504,0.0,0.12169826030731201,0.0001,1e-05,50.327,3.5115,3.0944
4825,stage2,2,0.1111554428935051,0.3030220568180084,0.0,0.1111554428935051,0.0001,1e-05,50.328,3.1721,1.0689
4826,stage2,2,0.08059066534042358,0.3588757812976837,0.0,0.08059066534042358,0.0001,1e-05,50.329,2.818,0.6351
4827,stage2,2,0.13134288787841797,0.33252182602882385,0.0,0.13134288787841797,0.0001,1e-05,50.329,3.6556,0.636
4828,stage2,2,0.10065869987010956,0.33758094906806946,0.0,0.10065869987010956,0.0001,1e-05,50.327,2.9842,0.9455
4829,stage2,2,0.1075371652841568,0.3022979199886322,0.0,0.1075371652841568,0.0001,1e-05,50.333,2.8361,0.6359
4830,stage2,2,0.12475588917732239,0.3164871633052826,0.0,0.12475588917732239,0.0001,1e-05,50.331,3.7074,0.6372
4831,stage2,2,0.1341358870267868,0.29788845777511597,0.0,0.1341358870267868,0.0001,1e-05,50.334,3.6249,0.6369
4832,stage2,2,0.10624967515468597,0.3249703049659729,0.0,0.10624967515468597,0.0001,1e-05,50.329,2.656,3.1609
4833,stage2,2,0.11937151104211807,0.31596776843070984,0.0,0.11937151104211807,0.0001,1e-05,50.325,3.9605,1.0972
4834,stage2,2,0.09835907071828842,0.33053621649742126,0.0,0.09835907071828842,0.0001,1e-05,50.328,2.9669,0.6355
4835,stage2,2,0.11433324217796326,0.31398868560791016,0.0,0.11433324217796326,0.0001,1e-05,50.325,3.6406,0.6362
4836,stage2,2,0.12702800333499908,0.2906584143638611,0.0,0.12702800333499908,0.0001,1e-05,50.328,3.319,0.9175
4837,stage2,2,0.12303230911493301,0.32497942447662354,0.0,0.12303230911493301,0.0001,1e-05,50.327,3.4827,0.6365
4838,stage2,2,0.1034141257405281,0.31718459725379944,0.0,0.1034141257405281,0.0001,1e-05,50.327,2.786,0.6378
4839,stage2,2,0.09882974624633789,0.32316043972969055,0.0,0.09882974624633789,0.0001,1e-05,50.332,3.1697,0.6373
4840,stage2,2,0.109685979783535,0.31613126397132874,0.0,0.109685979783535,0.0001,1e-05,50.328,2.5904,3.1633
4841,stage2,2,0.09684910625219345,0.2910585105419159,0.0,0.09684910625219345,0.0001,1e-05,50.33,3.2684,1.1885
4842,stage2,2,0.11354630440473557,0.30528122186660767,0.0,0.11354630440473557,0.0001,1e-05,50.326,3.2875,0.6357
4843,stage2,2,0.09969928115606308,0.3305266499519348,0.0,0.09969928115606308,0.0001,1e-05,50.33,2.5608,0.6362
4844,stage2,2,0.1092497929930687,0.30344685912132263,0.0,0.1092497929930687,0.0001,1e-05,50.328,2.5521,0.7813
4845,stage2,2,0.11054620891809464,0.30824440717697144,0.0,0.11054620891809464,0.0001,1e-05,50.329,2.8743,0.6364
4846,stage2,2,0.09848205000162125,0.3258458971977234,0.0,0.09848205000162125,0.0001,1e-05,50.329,2.7937,0.636
4847,stage2,2,0.10014364868402481,0.3216812312602997,0.0,0.10014364868402481,0.0001,1e-05,50.331,2.9501,0.6363
4848,stage2,2,0.12005891650915146,0.3181637227535248,0.0,0.12005891650915146,0.0001,1e-05,50.33,3.3238,3.0991
4849,stage2,2,0.1051061823964119,0.314282089471817,0.0,0.1051061823964119,0.0001,1e-05,50.33,2.5705,1.1423
4850,stage2,2,0.13698691129684448,0.31481701135635376,0.0,0.13698691129684448,0.0001,1e-05,50.326,3.8468,0.6362
4851,stage2,2,0.10030005872249603,0.30863961577415466,0.0,0.10030005872249603,0.0001,1e-05,50.329,2.9234,0.6357
4852,stage2,2,0.10481753200292587,0.3033066987991333,0.0,0.10481753200292587,0.0001,1e-05,50.332,2.9967,0.8469
4853,stage2,2,0.12226120382547379,0.34850236773490906,0.0,0.12226120382547379,0.0001,1e-05,50.328,3.6372,0.6363
4854,stage2,2,0.1295471489429474,0.30584755539894104,0.0,0.1295471489429474,0.0001,1e-05,50.324,3.5621,0.6372
4855,stage2,2,0.11309456825256348,0.3128383755683899,0.0,0.11309456825256348,0.0001,1e-05,50.33,2.8073,0.637
4856,stage2,2,0.11366914957761765,0.31609442830085754,0.0,0.11366914957761765,0.0001,1e-05,50.332,3.236,3.1173
4857,stage2,2,0.08940280228853226,0.33296114206314087,0.0,0.08940280228853226,0.0001,1e-05,50.328,3.0868,1.1515
4858,stage2,2,0.10213600844144821,0.3135306239128113,0.0,0.10213600844144821,0.0001,1e-05,50.327,2.919,0.6354
4859,stage2,2,0.1132221594452858,0.3109913766384125,0.0,0.1132221594452858,0.0001,1e-05,50.327,3.7252,0.6371
4860,stage2,2,0.1106833815574646,0.3218171000480652,0.0,0.1106833815574646,0.0001,1e-05,50.33,2.9167,0.8961
4861,stage2,2,0.11043862253427505,0.3032277226448059,0.0,0.11043862253427505,0.0001,1e-05,50.324,2.7495,0.6358
4862,stage2,2,0.11477305740118027,0.2973439395427704,0.0,0.11477305740118027,0.0001,1e-05,50.328,3.4765,0.6371
4863,stage2,2,0.13400587439537048,0.3110842704772949,0.0,0.13400587439537048,0.0001,1e-05,50.328,3.7845,0.6371
4864,stage2,2,0.12516967952251434,0.2917436957359314,0.0,0.12516967952251434,0.0001,1e-05,50.326,3.3527,3.0148
4865,stage2,2,0.10309137403964996,0.33641111850738525,0.0,0.10309137403964996,0.0001,1e-05,50.331,2.8327,1.209
4866,stage2,2,0.11661936342716217,0.2911590337753296,0.0,0.11661936342716217,0.0001,1e-05,50.33,3.4766,0.6359
4867,stage2,2,0.11333141475915909,0.32911738753318787,0.0,0.11333141475915909,0.0001,1e-05,50.327,3.2052,0.6364
4868,stage2,2,0.12287776172161102,0.3284243643283844,0.0,0.12287776172161102,0.0001,1e-05,50.326,4.202,0.9244
4869,stage2,2,0.09259878844022751,0.3156012296676636,0.0,0.09259878844022751,0.0001,1e-05,50.327,2.226,0.6366
4870,stage2,2,0.11789045482873917,0.32856398820877075,0.0,0.11789045482873917,0.0001,1e-05,50.328,3.0708,0.6368
4871,stage2,2,0.11214538663625717,0.336806982755661,0.0,0.11214538663625717,0.0001,1e-05,50.326,3.1701,0.637
4872,stage2,2,0.10259146243333817,0.3004356622695923,0.0,0.10259146243333817,0.0001,1e-05,50.327,2.6217,2.9429
4873,stage2,2,0.11533555388450623,0.3099392056465149,0.0,0.11533555388450623,0.0001,1e-05,50.33,3.4491,1.2246
4874,stage2,2,0.11079419404268265,0.31247657537460327,0.0,0.11079419404268265,0.0001,1e-05,50.331,3.1468,0.6387
4875,stage2,2,0.12486732006072998,0.3403822183609009,0.0,0.12486732006072998,0.0001,1e-05,50.33,3.3151,0.6357
4876,stage2,2,0.09912175685167313,0.2954990267753601,0.0,0.09912175685167313,0.0001,1e-05,50.332,2.7562,1.0754
4877,stage2,2,0.12053988873958588,0.3170880973339081,0.0,0.12053988873958588,0.0001,1e-05,50.33,2.9668,0.6359
4878,stage2,2,0.12120787799358368,0.30580225586891174,0.0,0.12120787799358368,0.0001,1e-05,50.326,2.5935,0.6359
4879,stage2,2,0.11592921614646912,0.34444013237953186,0.0,0.11592921614646912,0.0001,1e-05,50.33,3.2146,0.6368
4880,stage2,2,0.1055680438876152,0.2844742238521576,0.0,0.1055680438876152,0.0001,1e-05,50.33,3.3117,2.9054
4881,stage2,2,0.11933828890323639,0.29692044854164124,0.0,0.11933828890323639,0.0001,1e-05,50.325,2.5295,1.1878
4882,stage2,2,0.11411593109369278,0.33843284845352173,0.0,0.11411593109369278,0.0001,1e-05,50.327,2.9387,0.6351
4883,stage2,2,0.12196294963359833,0.2924748659133911,0.0,0.12196294963359833,0.0001,1e-05,50.328,3.0109,0.6361
4884,stage2,2,0.12205024063587189,0.31950509548187256,0.0,0.12205024063587189,0.0001,1e-05,50.328,3.7021,1.112
4885,stage2,2,0.10678806900978088,0.3376261293888092,0.0,0.10678806900978088,0.0001,1e-05,50.326,2.8812,0.6367
4886,stage2,2,0.13186465203762054,0.31270211935043335,0.0,0.13186465203762054,0.0001,1e-05,50.328,3.7341,0.6371
4887,stage2,2,0.12396343052387238,0.28390684723854065,0.0,0.12396343052387238,0.0001,1e-05,50.324,2.8426,0.6372
4888,stage2,2,0.11654157191514969,0.31264397501945496,0.0,0.11654157191514969,0.0001,1e-05,50.33,3.0636,2.9161
4889,stage2,2,0.09511548280715942,0.3220962882041931,0.0,0.09511548280715942,0.0001,1e-05,50.323,2.5712,1.1125
4890,stage2,2,0.12197041511535645,0.3199024498462677,0.0,0.12197041511535645,0.0001,1e-05,50.328,3.482,0.6351
4891,stage2,2,0.12387046962976456,0.28869277238845825,0.0,0.12387046962976456,0.0001,1e-05,50.329,4.0956,0.636
4892,stage2,2,0.10398319363594055,0.3009023070335388,0.0,0.10398319363594055,0.0001,1e-05,50.329,2.6249,1.1282
4893,stage2,2,0.12412867695093155,0.3280707001686096,0.0,0.12412867695093155,0.0001,1e-05,50.331,2.917,0.6366
4894,stage2,2,0.127153217792511,0.3077811598777771,0.0,0.127153217792511,0.0001,1e-05,50.33,3.7984,0.6368
4895,stage2,2,0.10309706628322601,0.2970099449157715,0.0,0.10309706628322601,0.0001,1e-05,50.328,3.3478,0.6374
4896,stage2,2,0.11227235943078995,0.3105194866657257,0.0,0.11227235943078995,0.0001,1e-05,50.327,3.4918,2.8764
4897,stage2,2,0.11902127414941788,0.31948554515838623,0.0,0.11902127414941788,0.0001,1e-05,50.327,3.5589,1.0869
4898,stage2,2,0.10199234634637833,0.28774088621139526,0.0,0.10199234634637833,0.0001,1e-05,50.326,2.9524,0.6314
4899,stage2,2,0.11353418231010437,0.3178422451019287,0.0,0.11353418231010437,0.0001,1e-05,50.328,3.1882,0.6353
4900,stage2,2,0.10426069796085358,0.30886751413345337,0.0,0.10426069796085358,0.0001,1e-05,50.327,3.007,1.1636
4901,stage2,2,0.11287757754325867,0.2974485754966736,0.0,0.11287757754325867,0.0001,1e-05,50.328,3.0388,0.6366
4902,stage2,2,0.12236712872982025,0.29474329948425293,0.0,0.12236712872982025,0.0001,1e-05,50.325,3.6977,0.6368
4903,stage2,2,0.10846668481826782,0.32266706228256226,0.0,0.10846668481826782,0.0001,1e-05,50.325,3.3538,0.6374
4904,stage2,2,0.11378940939903259,0.2949041426181793,0.0,0.11378940939903259,0.0001,1e-05,50.325,3.4252,3.1064
4905,stage2,2,0.1065630316734314,0.32662785053253174,0.0,0.1065630316734314,0.0001,1e-05,50.331,3.6987,0.9053
4906,stage2,2,0.10324407368898392,0.2936263084411621,0.0,0.10324407368898392,0.0001,1e-05,50.329,3.1809,0.6358
4907,stage2,2,0.10861746221780777,0.3182215392589569,0.0,0.10861746221780777,0.0001,1e-05,50.328,3.3757,0.636
4908,stage2,2,0.11072444170713425,0.3364858627319336,0.0,0.11072444170713425,0.0001,1e-05,50.328,2.6851,1.1644
4909,stage2,2,0.09935061633586884,0.3139687776565552,0.0,0.09935061633586884,0.0001,1e-05,50.331,3.0582,0.6359
4910,stage2,2,0.11610739678144455,0.3028692901134491,0.0,0.11610739678144455,0.0001,1e-05,50.33,3.4908,0.6368
4911,stage2,2,0.11224967986345291,0.3149908483028412,0.0,0.11224967986345291,0.0001,1e-05,50.323,4.4394,0.6367
4912,stage2,2,0.10124784708023071,0.3255220055580139,0.0,0.10124784708023071,0.0001,1e-05,50.328,3.3311,3.1055
4913,stage2,2,0.11328538507223129,0.2653280794620514,0.0,0.11328538507223129,0.0001,1e-05,50.331,3.2678,0.801
4914,stage2,2,0.12908034026622772,0.2960691452026367,0.0,0.12908034026622772,0.0001,1e-05,50.329,3.5915,0.6354
4915,stage2,2,0.10790441185235977,0.32706138491630554,0.0,0.10790441185235977,0.0001,1e-05,50.327,2.9315,0.6362
4916,stage2,2,0.09867917746305466,0.28900885581970215,0.0,0.09867917746305466,0.0001,1e-05,50.327,2.9787,1.2071
4917,stage2,2,0.1054965928196907,0.31635376811027527,0.0,0.1054965928196907,0.0001,1e-05,50.334,2.583,0.6363
4918,stage2,2,0.11533603072166443,0.32368019223213196,0.0,0.11533603072166443,0.0001,1e-05,50.329,3.0612,0.637
4919,stage2,2,0.09843660145998001,0.32357361912727356,0.0,0.09843660145998001,0.0001,1e-05,50.327,2.8562,0.6376
4920,stage2,2,0.11780747771263123,0.2801470160484314,0.0,0.11780747771263123,0.0001,1e-05,50.326,3.2001,3.0949
4921,stage2,2,0.10172221064567566,0.33011120557785034,0.0,0.10172221064567566,0.0001,1e-05,50.325,2.7499,0.8694
4922,stage2,2,0.10025881975889206,0.2918541729450226,0.0,0.10025881975889206,0.0001,1e-05,50.329,2.4239,0.6355
4923,stage2,2,0.11389637738466263,0.2812950909137726,0.0,0.11389637738466263,0.0001,1e-05,50.324,3.5189,0.6357
4924,stage2,2,0.09493587166070938,0.31346219778060913,0.0,0.09493587166070938,0.0001,1e-05,50.33,2.9357,1.2165
4925,stage2,2,0.1102181151509285,0.3065178096294403,0.0,0.1102181151509285,0.0001,1e-05,50.326,3.2851,0.6362
4926,stage2,2,0.09743394702672958,0.32959333062171936,0.0,0.09743394702672958,0.0001,1e-05,50.329,3.1624,0.6359
4927,stage2,2,0.13030436635017395,0.30649030208587646,0.0,0.13030436635017395,0.0001,1e-05,50.332,3.4573,0.6383
4928,stage2,2,0.13899320363998413,0.3118601143360138,0.0,0.13899320363998413,0.0001,1e-05,50.327,4.998,3.0554
4929,stage2,2,0.13059721887111664,0.3172348141670227,0.0,0.13059721887111664,0.0001,1e-05,50.328,3.8656,0.8661
4930,stage2,2,0.10334897041320801,0.3210975229740143,0.0,0.10334897041320801,0.0001,1e-05,50.327,2.6597,0.6359
4931,stage2,2,0.12129485607147217,0.311024010181427,0.0,0.12129485607147217,0.0001,1e-05,50.329,3.9495,0.6387
4932,stage2,2,0.11387345939874649,0.3150068521499634,0.0,0.11387345939874649,0.0001,1e-05,50.328,3.3332,1.3404
4933,stage2,2,0.11609932035207748,0.32409167289733887,0.0,0.11609932035207748,0.0001,1e-05,50.329,3.4403,0.6363
4934,stage2,2,0.10572785884141922,0.3206857442855835,0.0,0.10572785884141922,0.0001,1e-05,50.33,3.4739,0.6366
4935,stage2,2,0.09993824362754822,0.3599129915237427,0.0,0.09993824362754822,0.0001,1e-05,50.327,2.7447,0.6368
4936,stage2,2,0.11537560075521469,0.31287017464637756,0.0,0.11537560075521469,0.0001,1e-05,50.333,2.4383,3.0937
4937,stage2,2,0.12127593904733658,0.3227028250694275,0.0,0.12127593904733658,0.0001,1e-05,50.326,3.7047,0.82
4938,stage2,2,0.1016901507973671,0.2815372049808502,0.0,0.1016901507973671,0.0001,1e-05,50.324,2.6315,0.6358
4939,stage2,2,0.12209521979093552,0.35261183977127075,0.0,0.12209521979093552,0.0001,1e-05,50.327,4.0665,0.6355
4940,stage2,2,0.10917659103870392,0.32131490111351013,0.0,0.10917659103870392,0.0001,1e-05,50.328,3.0676,1.3901
4941,stage2,2,0.13665710389614105,0.32711294293403625,0.0,0.13665710389614105,0.0001,1e-05,50.331,3.4455,0.6359
4942,stage2,2,0.0979413390159607,0.35120245814323425,0.0,0.0979413390159607,0.0001,1e-05,50.326,2.7032,0.637
4943,stage2,2,0.1017342135310173,0.30694830417633057,0.0,0.1017342135310173,0.0001,1e-05,50.326,3.0632,0.6384
4944,stage2,2,0.10205985605716705,0.3178378939628601,0.0,0.10205985605716705,0.0001,1e-05,50.328,2.6843,2.9182
4945,stage2,2,0.09937164187431335,0.2853691279888153,0.0,0.09937164187431335,0.0001,1e-05,50.331,3.0897,0.7847
4946,stage2,2,0.08541717380285263,0.311383455991745,0.0,0.08541717380285263,0.0001,1e-05,50.331,2.3672,0.6361
4947,stage2,2,0.11626172810792923,0.31283965706825256,0.0,0.11626172810792923,0.0001,1e-05,50.328,3.8239,0.636
4948,stage2,2,0.10215557366609573,0.35216784477233887,0.0,0.10215557366609573,0.0001,1e-05,50.328,4.0003,1.5246
4949,stage2,2,0.12659385800361633,0.31627196073532104,0.0,0.12659385800361633,0.0001,1e-05,50.324,4.0243,0.6363
4950,stage2,2,0.11372298002243042,0.30002376437187195,0.0,0.11372298002243042,0.0001,1e-05,50.327,3.5398,0.6361
4951,stage2,2,0.10947386175394058,0.32332363724708557,0.0,0.10947386175394058,0.0001,1e-05,50.331,2.6824,0.6361
4952,stage2,2,0.11250495165586472,0.295571506023407,0.0,0.11250495165586472,0.0001,1e-05,50.327,2.8631,2.7894
4953,stage2,2,0.10537139326334,0.2955823540687561,0.0,0.10537139326334,0.0001,1e-05,50.329,3.0004,0.7428
4954,stage2,2,0.12623421847820282,0.3100937008857727,0.0,0.12623421847820282,0.0001,1e-05,50.328,3.8671,0.6346
4955,stage2,2,0.1256394386291504,0.27577275037765503,0.0,0.1256394386291504,0.0001,1e-05,50.33,3.1337,0.6353
4956,stage2,2,0.1096021831035614,0.301631897687912,0.0,0.1096021831035614,0.0001,1e-05,50.325,2.9066,1.4904
4957,stage2,2,0.11210143566131592,0.31330105662345886,0.0,0.11210143566131592,0.0001,1e-05,50.328,3.5689,0.6328
4958,stage2,2,0.10217452049255371,0.31200963258743286,0.0,0.10217452049255371,0.0001,1e-05,50.327,2.4924,0.6334
4959,stage2,3,0.10546621680259705,0.31189626455307007,0.0,0.10546621680259705,0.0001,1e-05,50.33,2.8494,9.799
4960,stage2,3,0.09536441415548325,0.30768343806266785,0.0,0.09536441415548325,0.0001,1e-05,50.325,3.0838,0.6314
4961,stage2,3,0.1032005250453949,0.330399751663208,0.0,0.1032005250453949,0.0001,1e-05,50.323,3.5339,0.6318
4962,stage2,3,0.10784997791051865,0.31415021419525146,0.0,0.10784997791051865,0.0001,1e-05,50.329,3.5682,0.6326
4963,stage2,3,0.10236134380102158,0.31341785192489624,0.0,0.10236134380102158,0.0001,1e-05,50.33,3.0771,0.6334
4964,stage2,3,0.09148762375116348,0.32391029596328735,0.0,0.09148762375116348,0.0001,1e-05,50.332,2.491,0.6336
4965,stage2,3,0.12250534445047379,0.31418076157569885,0.0,0.12250534445047379,0.0001,1e-05,50.333,4.1366,0.6335
4966,stage2,3,0.12769576907157898,0.3175617754459381,0.0,0.12769576907157898,0.0001,1e-05,50.33,3.2733,0.6337
4967,stage2,3,0.10268504172563553,0.3520877957344055,0.0,0.10268504172563553,0.0001,1e-05,50.328,2.9036,3.8934
4968,stage2,3,0.11165072023868561,0.30800026655197144,0.0,0.11165072023868561,0.0001,1e-05,50.328,3.301,0.6328
4969,stage2,3,0.12383591383695602,0.33746176958084106,0.0,0.12383591383695602,0.0001,1e-05,50.324,3.4425,0.6335
4970,stage2,3,0.1062152236700058,0.2720295190811157,0.0,0.1062152236700058,0.0001,1e-05,50.327,2.9359,0.6339
4971,stage2,3,0.10475064069032669,0.2855784296989441,0.0,0.10475064069032669,0.0001,1e-05,50.33,3.2893,0.6342
4972,stage2,3,0.10379985719919205,0.3058948814868927,0.0,0.10379985719919205,0.0001,1e-05,50.329,2.8616,0.6342
4973,stage2,3,0.10865949094295502,0.30636075139045715,0.0,0.10865949094295502,0.0001,1e-05,50.329,3.0407,0.6353
4974,stage2,3,0.11117924004793167,0.29049065709114075,0.0,0.11117924004793167,0.0001,1e-05,50.329,2.8503,0.6352
4975,stage2,3,0.09340199828147888,0.3270125985145569,0.0,0.09340199828147888,0.0001,1e-05,50.329,2.6298,4.1232
4976,stage2,3,0.08336350321769714,0.3087438941001892,0.0,0.08336350321769714,0.0001,1e-05,50.33,2.3797,0.633
4977,stage2,3,0.10841526091098785,0.28681689500808716,0.0,0.10841526091098785,0.0001,1e-05,50.327,3.0014,0.6342
4978,stage2,3,0.10997831076383591,0.27791449427604675,0.0,0.10997831076383591,0.0001,1e-05,50.326,2.8862,0.6334
4979,stage2,3,0.10983873158693314,0.29271256923675537,0.0,0.10983873158693314,0.0001,1e-05,50.326,2.7433,0.6344
4980,stage2,3,0.10758697986602783,0.2892409563064575,0.0,0.10758697986602783,0.0001,1e-05,50.328,2.9442,0.6347
4981,stage2,3,0.10499712824821472,0.3040417432785034,0.0,0.10499712824821472,0.0001,1e-05,50.325,3.1081,0.6348
4982,stage2,3,0.09604333341121674,0.3083943724632263,0.0,0.09604333341121674,0.0001,1e-05,50.325,2.5253,0.6349
4983,stage2,3,0.10273079574108124,0.30753982067108154,0.0,0.10273079574108124,0.0001,1e-05,50.328,3.4772,3.9617
4984,stage2,3,0.08656260371208191,0.33261874318122864,0.0,0.08656260371208191,0.0001,1e-05,50.328,2.7863,0.6331
4985,stage2,3,0.09664642065763474,0.3123868703842163,0.0,0.09664642065763474,0.0001,1e-05,50.325,3.0656,0.634
4986,stage2,3,0.10268566757440567,0.2882120609283447,0.0,0.10268566757440567,0.0001,1e-05,50.331,2.9048,0.6341
4987,stage2,3,0.09814801067113876,0.28533127903938293,0.0,0.09814801067113876,0.0001,1e-05,50.329,2.7773,0.6343
4988,stage2,3,0.11183272302150726,0.3307385742664337,0.0,0.11183272302150726,0.0001,1e-05,50.326,3.9597,0.6355
4989,stage2,3,0.10489995032548904,0.2849878966808319,0.0,0.10489995032548904,0.0001,1e-05,50.324,2.3978,0.6355
4990,stage2,3,0.09419495612382889,0.28200435638427734,0.0,0.09419495612382889,0.0001,1e-05,50.331,2.595,0.6358
4991,stage2,3,0.10448966920375824,0.3147719204425812,0.0,0.10448966920375824,0.0001,1e-05,50.33,3.4482,3.9426
4992,stage2,3,0.11172367632389069,0.29608410596847534,0.0,0.11172367632389069,0.0001,1e-05,50.327,3.1593,0.6339
4993,stage2,3,0.09063165634870529,0.28315266966819763,0.0,0.09063165634870529,0.0001,1e-05,50.327,2.6584,0.6337
4994,stage2,3,0.10610508173704147,0.3392358422279358,0.0,0.10610508173704147,0.0001,1e-05,50.332,2.7917,0.6341
4995,stage2,3,0.11465124040842056,0.32960665225982666,0.0,0.11465124040842056,0.0001,1e-05,50.329,3.4067,0.6348
4996,stage2,3,0.11400405317544937,0.3180948793888092,0.0,0.11400405317544937,0.0001,1e-05,50.329,2.9294,0.6353
4997,stage2,3,0.10359149426221848,0.30036869645118713,0.0,0.10359149426221848,0.0001,1e-05,50.329,2.6559,0.6348
4998,stage2,3,0.10465038567781448,0.2783941924571991,0.0,0.10465038567781448,0.0001,1e-05,50.328,3.022,0.6361
4999,stage2,3,0.09965833276510239,0.2981263995170593,0.0,0.09965833276510239,0.0001,1e-05,50.331,2.8669,3.9506
5000,stage2,3,0.09726983308792114,0.32716214656829834,0.0,0.09726983308792114,0.0001,1e-05,50.331,2.9906,0.6336
5001,stage2,3,0.10202451795339584,0.2883625030517578,0.0,0.10202451795339584,0.0001,1e-05,50.324,3.551,0.6342
5002,stage2,3,0.1430317759513855,0.3290492296218872,0.0,0.1430317759513855,0.0001,1e-05,50.333,3.6783,0.6346
5003,stage2,3,0.10194901376962662,0.3089939057826996,0.0,0.10194901376962662,0.0001,1e-05,50.327,2.7495,0.6349
5004,stage2,3,0.10348408669233322,0.30464157462120056,0.0,0.10348408669233322,0.0001,1e-05,50.329,3.4478,0.6355
5005,stage2,3,0.10398178547620773,0.29485830664634705,0.0,0.10398178547620773,0.0001,1e-05,50.327,2.808,0.6356
5006,stage2,3,0.11068275570869446,0.3202286660671234,0.0,0.11068275570869446,0.0001,1e-05,50.327,3.7716,0.6358
5007,stage2,3,0.1027052104473114,0.2770024240016937,0.0,0.1027052104473114,0.0001,1e-05,50.326,2.4953,3.8051
5008,stage2,3,0.09916968643665314,0.3060871958732605,0.0,0.09916968643665314,0.0001,1e-05,50.327,3.672,0.6339
5009,stage2,3,0.10385442525148392,0.30686089396476746,0.0,0.10385442525148392,0.0001,1e-05,50.331,3.6484,0.6344
5010,stage2,3,0.09853186458349228,0.2968936562538147,0.0,0.09853186458349228,0.0001,1e-05,50.33,2.6735,0.6351
5011,stage2,3,0.09375862032175064,0.287672758102417,0.0,0.09375862032175064,0.0001,1e-05,50.326,2.9156,0.6356
5012,stage2,3,0.0993424504995346,0.32663896679878235,0.0,0.0993424504995346,0.0001,1e-05,50.327,2.4822,0.6353
5013,stage2,3,0.09816145896911621,0.30816224217414856,0.0,0.09816145896911621,0.0001,1e-05,50.328,3.0662,0.6358
5014,stage2,3,0.1009022668004036,0.31125351786613464,0.0,0.1009022668004036,0.0001,1e-05,50.328,2.8524,0.636
5015,stage2,3,0.09233570098876953,0.281617671251297,0.0,0.09233570098876953,0.0001,1e-05,50.329,2.7774,4.0113
5016,stage2,3,0.09034314751625061,0.3215681314468384,0.0,0.09034314751625061,0.0001,1e-05,50.326,2.2784,0.6338
5017,stage2,3,0.10546936094760895,0.3273264169692993,0.0,0.10546936094760895,0.0001,1e-05,50.328,4.1675,0.634
5018,stage2,3,0.09210648387670517,0.3220371901988983,0.0,0.09210648387670517,0.0001,1e-05,50.326,2.5751,0.6346
5019,stage2,3,0.11041118949651718,0.30326783657073975,0.0,0.11041118949651718,0.0001,1e-05,50.331,4.0726,0.635
5020,stage2,3,0.10111777484416962,0.2949641942977905,0.0,0.10111777484416962,0.0001,1e-05,50.329,3.1076,0.6347
5021,stage2,3,0.10161862522363663,0.3180151879787445,0.0,0.10161862522363663,0.0001,1e-05,50.33,2.887,0.6358
5022,stage2,3,0.11352802813053131,0.28632086515426636,0.0,0.11352802813053131,0.0001,1e-05,50.328,2.8506,0.6354
5023,stage2,3,0.09869320690631866,0.29367074370384216,0.0,0.09869320690631866,0.0001,1e-05,50.33,2.9195,3.971
5024,stage2,3,0.07662572711706161,0.32220789790153503,0.0,0.07662572711706161,0.0001,1e-05,50.329,2.3178,0.6337
5025,stage2,3,0.0957488939166069,0.3230670988559723,0.0,0.0957488939166069,0.0001,1e-05,50.33,3.0677,0.6343
5026,stage2,3,0.1193583756685257,0.3196123540401459,0.0,0.1193583756685257,0.0001,1e-05,50.33,2.8833,0.6352
5027,stage2,3,0.10874266922473907,0.3582468330860138,0.0,0.10874266922473907,0.0001,1e-05,50.328,2.7314,0.6346
5028,stage2,3,0.10662280768156052,0.3009902238845825,0.0,0.10662280768156052,0.0001,1e-05,50.331,3.1394,0.6353
5029,stage2,3,0.09866446256637573,0.31178081035614014,0.0,0.09866446256637573,0.0001,1e-05,50.329,3.0939,0.6355
5030,stage2,3,0.10929445922374725,0.2877943515777588,0.0,0.10929445922374725,0.0001,1e-05,50.327,3.4018,0.6366
5031,stage2,3,0.08923650532960892,0.30008938908576965,0.0,0.08923650532960892,0.0001,1e-05,50.33,2.8598,3.8867
5032,stage2,3,0.11664441227912903,0.29235830903053284,0.0,0.11664441227912903,0.0001,1e-05,50.329,3.2414,0.6565
5033,stage2,3,0.10322307795286179,0.2879682183265686,0.0,0.10322307795286179,0.0001,1e-05,50.329,2.6935,0.6266
5034,stage2,3,0.10203146934509277,0.3116011321544647,0.0,0.10203146934509277,0.0001,1e-05,50.329,3.2667,0.6341
5035,stage2,3,0.10141745209693909,0.29847800731658936,0.0,0.10141745209693909,0.0001,1e-05,50.326,2.4982,0.6349
5036,stage2,3,0.09825282543897629,0.3302840292453766,0.0,0.09825282543897629,0.0001,1e-05,50.329,3.06,0.6355
5037,stage2,3,0.12020627409219742,0.318996787071228,0.0,0.12020627409219742,0.0001,1e-05,50.327,4.1206,0.6356
5038,stage2,3,0.12616528570652008,0.3129598796367645,0.0,0.12616528570652008,0.0001,1e-05,50.323,4.1129,0.6359
5039,stage2,3,0.1073395237326622,0.3011503517627716,0.0,0.1073395237326622,0.0001,1e-05,50.324,2.9328,3.9022
5040,stage2,3,0.10900098085403442,0.2778729796409607,0.0,0.10900098085403442,0.0001,1e-05,50.332,3.1684,0.6339
5041,stage2,3,0.11643827706575394,0.3207574784755707,0.0,0.11643827706575394,0.0001,1e-05,50.324,3.8193,0.6342
5042,stage2,3,0.10490819066762924,0.28793638944625854,0.0,0.10490819066762924,0.0001,1e-05,50.327,3.3953,0.6348
5043,stage2,3,0.1029786765575409,0.3300240635871887,0.0,0.1029786765575409,0.0001,1e-05,50.328,2.8147,0.6359
5044,stage2,3,0.0990050733089447,0.30834415555000305,0.0,0.0990050733089447,0.0001,1e-05,50.327,3.0289,0.6359
5045,stage2,3,0.10557585209608078,0.2989463806152344,0.0,0.10557585209608078,0.0001,1e-05,50.327,2.7362,0.6353
5046,stage2,3,0.10381187498569489,0.2963012158870697,0.0,0.10381187498569489,0.0001,1e-05,50.329,2.814,0.636
5047,stage2,3,0.10841313749551773,0.3271245062351227,0.0,0.10841313749551773,0.0001,1e-05,50.329,3.486,3.995
5048,stage2,3,0.0958271399140358,0.2987406849861145,0.0,0.0958271399140358,0.0001,1e-05,50.328,2.473,0.6343
5049,stage2,3,0.11137942969799042,0.3096213638782501,0.0,0.11137942969799042,0.0001,1e-05,50.329,3.3487,0.6342
5050,stage2,3,0.09736068546772003,0.3136666417121887,0.0,0.09736068546772003,0.0001,1e-05,50.329,3.057,0.6356
5051,stage2,3,0.11238670349121094,0.3102731704711914,0.0,0.11238670349121094,0.0001,1e-05,50.33,3.4194,0.6356
5052,stage2,3,0.1041259765625,0.300525426864624,0.0,0.1041259765625,0.0001,1e-05,50.325,2.6732,0.6357
5053,stage2,3,0.09544450789690018,0.3154410123825073,0.0,0.09544450789690018,0.0001,1e-05,50.324,2.3727,0.6358
5054,stage2,3,0.10493702441453934,0.31006920337677,0.0,0.10493702441453934,0.0001,1e-05,50.327,2.7852,0.637
5055,stage2,3,0.10397663712501526,0.3007570803165436,0.0,0.10397663712501526,0.0001,1e-05,50.328,3.388,3.974
5056,stage2,3,0.11091054230928421,0.3166736960411072,0.0,0.11091054230928421,0.0001,1e-05,50.328,2.8224,0.6337
5057,stage2,3,0.1098194420337677,0.28912538290023804,0.0,0.1098194420337677,0.0001,1e-05,50.33,3.0233,0.6346
5058,stage2,3,0.1089276522397995,0.31486767530441284,0.0,0.1089276522397995,0.0001,1e-05,50.327,2.4468,0.6344
5059,stage2,3,0.09029541164636612,0.33043527603149414,0.0,0.09029541164636612,0.0001,1e-05,50.328,3.4683,0.6356
5060,stage2,3,0.11640077084302902,0.31872883439064026,0.0,0.11640077084302902,0.0001,1e-05,50.326,2.8988,0.6364
5061,stage2,3,0.1169372946023941,0.3087819516658783,0.0,0.1169372946023941,0.0001,1e-05,50.33,3.1676,0.6361
5062,stage2,3,0.10388237237930298,0.306824654340744,0.0,0.10388237237930298,0.0001,1e-05,50.328,2.7066,0.6366
5063,stage2,3,0.10045549273490906,0.2864798307418823,0.0,0.10045549273490906,0.0001,1e-05,50.326,2.9796,3.9527
5064,stage2,3,0.09607462584972382,0.297210156917572,0.0,0.09607462584972382,0.0001,1e-05,50.326,2.8321,0.6351
5065,stage2,3,0.10453640669584274,0.3003409802913666,0.0,0.10453640669584274,0.0001,1e-05,50.328,2.8134,0.6356
5066,stage2,3,0.09880097955465317,0.3391585350036621,0.0,0.09880097955465317,0.0001,1e-05,50.329,2.6031,0.6357
5067,stage2,3,0.12043013423681259,0.3009042739868164,0.0,0.12043013423681259,0.0001,1e-05,50.328,3.1709,0.6365
5068,stage2,3,0.07959741353988647,0.32627224922180176,0.0,0.07959741353988647,0.0001,1e-05,50.325,2.0823,0.6358
5069,stage2,3,0.09124112129211426,0.32935458421707153,0.0,0.09124112129211426,0.0001,1e-05,50.326,2.1468,0.6364
5070,stage2,3,0.10716111212968826,0.30149373412132263,0.0,0.10716111212968826,0.0001,1e-05,50.326,3.2097,0.6364
5071,stage2,3,0.09474834054708481,0.3555079996585846,0.0,0.09474834054708481,0.0001,1e-05,50.327,3.2214,3.9939
5072,stage2,3,0.12028593569993973,0.3267013132572174,0.0,0.12028593569993973,0.0001,1e-05,50.328,3.5939,0.6346
5073,stage2,3,0.09503360092639923,0.2944882810115814,0.0,0.09503360092639923,0.0001,1e-05,50.327,3.198,0.6352
5074,stage2,3,0.0988621860742569,0.2820548117160797,0.0,0.0988621860742569,0.0001,1e-05,50.329,3.0724,0.6357
5075,stage2,3,0.10099497437477112,0.3176462948322296,0.0,0.10099497437477112,0.0001,1e-05,50.328,2.9482,0.6359
5076,stage2,3,0.11567868292331696,0.28477755188941956,0.0,0.11567868292331696,0.0001,1e-05,50.327,3.6087,0.6359
5077,stage2,3,0.10541484504938126,0.29507943987846375,0.0,0.10541484504938126,0.0001,1e-05,50.326,2.7754,0.6365
5078,stage2,3,0.10046820342540741,0.283042848110199,0.0,0.10046820342540741,0.0001,1e-05,50.329,2.9006,0.6367
5079,stage2,3,0.10230088979005814,0.3360462486743927,0.0,0.10230088979005814,0.0001,1e-05,50.327,3.4783,3.9616
5080,stage2,3,0.0928957611322403,0.3361390233039856,0.0,0.0928957611322403,0.0001,1e-05,50.327,3.2076,0.6343
5081,stage2,3,0.09504975378513336,0.3065378665924072,0.0,0.09504975378513336,0.0001,1e-05,50.328,2.6563,0.6345
5082,stage2,3,0.12593849003314972,0.30026039481163025,0.0,0.12593849003314972,0.0001,1e-05,50.329,3.401,0.6352
5083,stage2,3,0.10535873472690582,0.29808369278907776,0.0,0.10535873472690582,0.0001,1e-05,50.326,2.8849,0.6353
5084,stage2,3,0.08916573226451874,0.32760125398635864,0.0,0.08916573226451874,0.0001,1e-05,50.327,2.6225,0.6358
5085,stage2,3,0.09017909318208694,0.3286890685558319,0.0,0.09017909318208694,0.0001,1e-05,50.329,2.8897,0.6368
5086,stage2,3,0.11644602566957474,0.30901190638542175,0.0,0.11644602566957474,0.0001,1e-05,50.328,3.5345,0.6362
5087,stage2,3,0.091668501496315,0.31115517020225525,0.0,0.091668501496315,0.0001,1e-05,50.329,2.9949,4.0156
5088,stage2,3,0.09557601809501648,0.3101995289325714,0.0,0.09557601809501648,0.0001,1e-05,50.324,2.8964,0.6335
5089,stage2,3,0.09184596687555313,0.3157581388950348,0.0,0.09184596687555313,0.0001,1e-05,50.329,3.2663,0.6343
5090,stage2,3,0.11557682603597641,0.321614533662796,0.0,0.11557682603597641,0.0001,1e-05,50.327,3.1959,0.6351
5091,stage2,3,0.11794304102659225,0.3147582411766052,0.0,0.11794304102659225,0.0001,1e-05,50.328,2.708,0.6358
5092,stage2,3,0.10517416149377823,0.3079460859298706,0.0,0.10517416149377823,0.0001,1e-05,50.327,3.1656,0.6361
5093,stage2,3,0.09077652543783188,0.3176422417163849,0.0,0.09077652543783188,0.0001,1e-05,50.328,3.6386,0.6362
5094,stage2,3,0.10790011286735535,0.31764858961105347,0.0,0.10790011286735535,0.0001,1e-05,50.325,2.762,0.6362
5095,stage2,3,0.11324373632669449,0.2996461093425751,0.0,0.11324373632669449,0.0001,1e-05,50.329,3.822,4.0162
5096,stage2,3,0.12246105074882507,0.28260424733161926,0.0,0.12246105074882507,0.0001,1e-05,50.329,3.7762,0.6344
5097,stage2,3,0.10649888962507248,0.27911433577537537,0.0,0.10649888962507248,0.0001,1e-05,50.326,2.5733,0.6348
5098,stage2,3,0.10875590890645981,0.2916068434715271,0.0,0.10875590890645981,0.0001,1e-05,50.329,2.479,0.6353
5099,stage2,3,0.08764726668596268,0.31274494528770447,0.0,0.08764726668596268,0.0001,1e-05,50.328,3.0343,0.6354
5100,stage2,3,0.08955822139978409,0.30101916193962097,0.0,0.08955822139978409,0.0001,1e-05,50.325,2.5653,0.6355
5101,stage2,3,0.1184232160449028,0.3271159529685974,0.0,0.1184232160449028,0.0001,1e-05,50.331,3.4628,0.6363
5102,stage2,3,0.10729116946458817,0.324753075838089,0.0,0.10729116946458817,0.0001,1e-05,50.328,2.6228,0.6366
5103,stage2,3,0.10726248472929001,0.3091435730457306,0.0,0.10726248472929001,0.0001,1e-05,50.328,2.9043,3.9055
5104,stage2,3,0.09634008258581161,0.33550384640693665,0.0,0.09634008258581161,0.0001,1e-05,50.33,2.4695,0.6337
5105,stage2,3,0.11909216642379761,0.2878490686416626,0.0,0.11909216642379761,0.0001,1e-05,50.33,3.3088,0.634
5106,stage2,3,0.10233787447214127,0.2913159728050232,0.0,0.10233787447214127,0.0001,1e-05,50.327,3.1413,0.6341
5107,stage2,3,0.0979732945561409,0.2977423071861267,0.0,0.0979732945561409,0.0001,1e-05,50.329,2.8724,0.6352
5108,stage2,3,0.10675684362649918,0.28391385078430176,0.0,0.10675684362649918,0.0001,1e-05,50.331,3.559,0.6354
5109,stage2,3,0.09978923946619034,0.3323957622051239,0.0,0.09978923946619034,0.0001,1e-05,50.332,3.2134,0.6352
5110,stage2,3,0.11330724507570267,0.3137388229370117,0.0,0.11330724507570267,0.0001,1e-05,50.331,3.1535,0.6357
5111,stage2,3,0.10964371263980865,0.32641369104385376,0.0,0.10964371263980865,0.0001,1e-05,50.331,3.4992,3.8311
5112,stage2,3,0.10426676273345947,0.3145242929458618,0.0,0.10426676273345947,0.0001,1e-05,50.328,2.849,0.6342
5113,stage2,3,0.11005338281393051,0.2942523956298828,0.0,0.11005338281393051,0.0001,1e-05,50.331,3.3313,0.6345
5114,stage2,3,0.09619756788015366,0.30165213346481323,0.0,0.09619756788015366,0.0001,1e-05,50.329,2.7185,0.6349
5115,stage2,3,0.12411071360111237,0.3169674873352051,0.0,0.12411071360111237,0.0001,1e-05,50.327,3.1197,0.6361
5116,stage2,3,0.11627741903066635,0.32083234190940857,0.0,0.11627741903066635,0.0001,1e-05,50.331,5.1815,0.6357
5117,stage2,3,0.1013798862695694,0.3381361961364746,0.0,0.1013798862695694,0.0001,1e-05,50.329,3.8068,0.6363
5118,stage2,3,0.09350021928548813,0.2935117185115814,0.0,0.09350021928548813,0.0001,1e-05,50.326,2.528,0.6369
5119,stage2,3,0.10929731279611588,0.3040410578250885,0.0,0.10929731279611588,0.0001,1e-05,50.329,3.7197,3.8865
5120,stage2,3,0.09376294165849686,0.3109777271747589,0.0,0.09376294165849686,0.0001,1e-05,50.326,3.4865,0.635
5121,stage2,3,0.10779319703578949,0.287419855594635,0.0,0.10779319703578949,0.0001,1e-05,50.332,3.4133,0.6358
5122,stage2,3,0.11727701872587204,0.3027336597442627,0.0,0.11727701872587204,0.0001,1e-05,50.329,3.4641,0.6356
5123,stage2,3,0.0927518829703331,0.3112100064754486,0.0,0.0927518829703331,0.0001,1e-05,50.328,2.9402,0.6357
5124,stage2,3,0.09762546420097351,0.324300080537796,0.0,0.09762546420097351,0.0001,1e-05,50.327,2.8189,0.6359
5125,stage2,3,0.094850555062294,0.3059605360031128,0.0,0.094850555062294,0.0001,1e-05,50.329,2.9325,0.6371
5126,stage2,3,0.11370041221380234,0.3239186406135559,0.0,0.11370041221380234,0.0001,1e-05,50.327,3.3569,0.6365
5127,stage2,3,0.09734482318162918,0.285727858543396,0.0,0.09734482318162918,0.0001,1e-05,50.329,3.1076,3.9159
5128,stage2,3,0.0872868150472641,0.28446486592292786,0.0,0.0872868150472641,0.0001,1e-05,50.328,2.4151,0.6343
5129,stage2,3,0.10593101382255554,0.3039191961288452,0.0,0.10593101382255554,0.0001,1e-05,50.325,3.2221,0.6351
5130,stage2,3,0.10107991099357605,0.28327393531799316,0.0,0.10107991099357605,0.0001,1e-05,50.33,2.7654,0.6354
5131,stage2,3,0.11351834237575531,0.3091069161891937,0.0,0.11351834237575531,0.0001,1e-05,50.328,3.9864,0.636
5132,stage2,3,0.11585106700658798,0.2866440415382385,0.0,0.11585106700658798,0.0001,1e-05,50.33,3.0127,0.636
5133,stage2,3,0.11060701310634613,0.2923944890499115,0.0,0.11060701310634613,0.0001,1e-05,50.331,3.5276,0.6367
5134,stage2,3,0.10489454865455627,0.25984835624694824,0.0,0.10489454865455627,0.0001,1e-05,50.33,3.3174,0.637
5135,stage2,3,0.10475070774555206,0.30006998777389526,0.0,0.10475070774555206,0.0001,1e-05,50.327,3.048,3.9288
5136,stage2,3,0.11183007806539536,0.2809589207172394,0.0,0.11183007806539536,0.0001,1e-05,50.33,3.4537,0.6347
5137,stage2,3,0.09833235293626785,0.28716716170310974,0.0,0.09833235293626785,0.0001,1e-05,50.327,3.0588,0.6351
5138,stage2,3,0.0981721431016922,0.2849397659301758,0.0,0.0981721431016922,0.0001,1e-05,50.329,2.561,0.6355
5139,stage2,3,0.09531248360872269,0.3035708963871002,0.0,0.09531248360872269,0.0001,1e-05,50.327,2.8219,0.6362
5140,stage2,3,0.09880150109529495,0.2973405718803406,0.0,0.09880150109529495,0.0001,1e-05,50.328,2.8963,0.6362
5141,stage2,3,0.1011362075805664,0.2917329967021942,0.0,0.1011362075805664,0.0001,1e-05,50.331,2.5603,0.6362
5142,stage2,3,0.1111314594745636,0.3067813515663147,0.0,0.1111314594745636,0.0001,1e-05,50.327,3.8294,0.6371
5143,stage2,3,0.09284628927707672,0.3076118230819702,0.0,0.09284628927707672,0.0001,1e-05,50.326,2.7743,3.9076
5144,stage2,3,0.1248386949300766,0.29134654998779297,0.0,0.1248386949300766,0.0001,1e-05,50.332,3.9362,0.6348
5145,stage2,3,0.10040929168462753,0.2775716781616211,0.0,0.10040929168462753,0.0001,1e-05,50.33,2.4404,0.6348
5146,stage2,3,0.11737190932035446,0.29352983832359314,0.0,0.11737190932035446,0.0001,1e-05,50.328,3.7009,0.6355
5147,stage2,3,0.10640141367912292,0.31296366453170776,0.0,0.10640141367912292,0.0001,1e-05,50.328,2.7082,0.6357
5148,stage2,3,0.1063590794801712,0.3271380364894867,0.0,0.1063590794801712,0.0001,1e-05,50.329,3.0044,0.6361
5149,stage2,3,0.11749076843261719,0.30506911873817444,0.0,0.11749076843261719,0.0001,1e-05,50.325,2.9783,0.6365
5150,stage2,3,0.11055038869380951,0.2855157256126404,0.0,0.11055038869380951,0.0001,1e-05,50.327,3.2163,0.6369
5151,stage2,3,0.12573876976966858,0.31675535440444946,0.0,0.12573876976966858,0.0001,1e-05,50.328,3.4647,3.8248
5152,stage2,3,0.08837763965129852,0.2919963002204895,0.0,0.08837763965129852,0.0001,1e-05,50.329,2.8012,0.6344
5153,stage2,3,0.10039875656366348,0.28538498282432556,0.0,0.10039875656366348,0.0001,1e-05,50.331,2.9148,0.6351
5154,stage2,3,0.11418116837739944,0.30468180775642395,0.0,0.11418116837739944,0.0001,1e-05,50.331,3.0565,0.635
5155,stage2,3,0.10342855006456375,0.31883710622787476,0.0,0.10342855006456375,0.0001,1e-05,50.333,3.0177,0.6354
5156,stage2,3,0.10712914913892746,0.3304671049118042,0.0,0.10712914913892746,0.0001,1e-05,50.333,2.6692,0.6361
5157,stage2,3,0.10565270483493805,0.33416905999183655,0.0,0.10565270483493805,0.0001,1e-05,50.327,3.2771,0.6361
5158,stage2,3,0.09165675938129425,0.2974138557910919,0.0,0.09165675938129425,0.0001,1e-05,50.328,2.5023,0.6369
5159,stage2,3,0.09597230702638626,0.31202802062034607,0.0,0.09597230702638626,0.0001,1e-05,50.331,2.4382,3.8749
5160,stage2,3,0.13115085661411285,0.30272939801216125,0.0,0.13115085661411285,0.0001,1e-05,50.325,3.2329,0.6338
5161,stage2,3,0.08665226399898529,0.3025292456150055,0.0,0.08665226399898529,0.0001,1e-05,50.327,2.4313,0.635
5162,stage2,3,0.10662283003330231,0.30224132537841797,0.0,0.10662283003330231,0.0001,1e-05,50.327,3.2121,0.6345
5163,stage2,3,0.10588474571704865,0.27905914187431335,0.0,0.10588474571704865,0.0001,1e-05,50.329,2.661,0.6355
5164,stage2,3,0.10586602985858917,0.2817806601524353,0.0,0.10586602985858917,0.0001,1e-05,50.326,2.6646,0.6356
5165,stage2,3,0.12230052798986435,0.344556599855423,0.0,0.12230052798986435,0.0001,1e-05,50.327,2.9871,0.6354
5166,stage2,3,0.09034605324268341,0.28504422307014465,0.0,0.09034605324268341,0.0001,1e-05,50.329,2.3432,0.6362
5167,stage2,3,0.09902884066104889,0.2821252942085266,0.0,0.09902884066104889,0.0001,1e-05,50.327,2.5363,3.8503
5168,stage2,3,0.11180492490530014,0.30338627099990845,0.0,0.11180492490530014,0.0001,1e-05,50.328,3.326,0.6365
5169,stage2,3,0.10663247853517532,0.31761881709098816,0.0,0.10663247853517532,0.0001,1e-05,50.328,2.8767,0.6346
5170,stage2,3,0.0949699729681015,0.28862130641937256,0.0,0.0949699729681015,0.0001,1e-05,50.327,2.9386,0.6349
5171,stage2,3,0.08382625877857208,0.32520169019699097,0.0,0.08382625877857208,0.0001,1e-05,50.325,2.1876,0.6348
5172,stage2,3,0.09703724086284637,0.3015449345111847,0.0,0.09703724086284637,0.0001,1e-05,50.328,2.9897,0.6364
5173,stage2,3,0.10649228096008301,0.2947443425655365,0.0,0.10649228096008301,0.0001,1e-05,50.327,2.6444,0.6366
5174,stage2,3,0.10079497843980789,0.3279816210269928,0.0,0.10079497843980789,0.0001,1e-05,50.325,2.4652,0.6405
5175,stage2,3,0.10930665582418442,0.3037598729133606,0.0,0.10930665582418442,0.0001,1e-05,50.328,3.4608,3.9386
5176,stage2,3,0.10420077294111252,0.29215696454048157,0.0,0.10420077294111252,0.0001,1e-05,50.332,3.113,0.634
5177,stage2,3,0.09938618540763855,0.2968751788139343,0.0,0.09938618540763855,0.0001,1e-05,50.331,2.2906,0.6342
5178,stage2,3,0.09215619415044785,0.30173084139823914,0.0,0.09215619415044785,0.0001,1e-05,50.329,2.0551,0.6346
5179,stage2,3,0.10848052054643631,0.27048322558403015,0.0,0.10848052054643631,0.0001,1e-05,50.331,3.4144,0.6349
5180,stage2,3,0.1459871381521225,0.293010950088501,0.0,0.1459871381521225,0.0001,1e-05,50.326,3.7691,0.6356
5181,stage2,3,0.1100078597664833,0.2731688320636749,0.0,0.1100078597664833,0.0001,1e-05,50.33,3.5081,0.6353
5182,stage2,3,0.1088525801897049,0.3056158125400543,0.0,0.1088525801897049,0.0001,1e-05,50.328,3.2745,0.6356
5183,stage2,3,0.09488465636968613,0.29367658495903015,0.0,0.09488465636968613,0.0001,1e-05,50.324,2.4956,3.9416
5184,stage2,3,0.12476613372564316,0.2947164475917816,0.0,0.12476613372564316,0.0001,1e-05,50.331,3.1856,0.6334
5185,stage2,3,0.1044452115893364,0.2906918525695801,0.0,0.1044452115893364,0.0001,1e-05,50.326,2.5159,0.634
5186,stage2,3,0.10372816771268845,0.2871323227882385,0.0,0.10372816771268845,0.0001,1e-05,50.326,3.5654,0.6342
5187,stage2,3,0.10209838300943375,0.27960145473480225,0.0,0.10209838300943375,0.0001,1e-05,50.327,2.9546,0.6353
5188,stage2,3,0.09618400782346725,0.31021222472190857,0.0,0.09618400782346725,0.0001,1e-05,50.329,2.7168,0.6354
5189,stage2,3,0.10251162946224213,0.2935566008090973,0.0,0.10251162946224213,0.0001,1e-05,50.327,2.8965,0.6356
5190,stage2,3,0.09970889985561371,0.2982701361179352,0.0,0.09970889985561371,0.0001,1e-05,50.327,3.0929,0.6361
5191,stage2,3,0.10862993448972702,0.28137844800949097,0.0,0.10862993448972702,0.0001,1e-05,50.332,3.2691,3.8453
5192,stage2,3,0.12565557658672333,0.2959149479866028,0.0,0.12565557658672333,0.0001,1e-05,50.324,3.6698,0.6338
5193,stage2,3,0.09783466160297394,0.29657062888145447,0.0,0.09783466160297394,0.0001,1e-05,50.329,2.4262,0.634
5194,stage2,3,0.10587048530578613,0.3075743019580841,0.0,0.10587048530578613,0.0001,1e-05,50.329,3.2167,0.6343
5195,stage2,3,0.09328185766935349,0.3209986984729767,0.0,0.09328185766935349,0.0001,1e-05,50.328,2.9431,0.635
5196,stage2,3,0.12574996054172516,0.29923731088638306,0.0,0.12574996054172516,0.0001,1e-05,50.33,3.4856,0.6356
5197,stage2,3,0.08765695989131927,0.3009701669216156,0.0,0.08765695989131927,0.0001,1e-05,50.33,2.6706,0.6355
5198,stage2,3,0.10597111284732819,0.3104626536369324,0.0,0.10597111284732819,0.0001,1e-05,50.326,3.3255,0.6356
5199,stage2,3,0.10473304241895676,0.27020856738090515,0.0,0.10473304241895676,0.0001,1e-05,50.329,2.8985,3.8679
5200,stage2,3,0.10193296521902084,0.3041880428791046,0.0,0.10193296521902084,0.0001,1e-05,50.327,3.2225,0.6334
5201,stage2,3,0.12288664281368256,0.30464041233062744,0.0,0.12288664281368256,0.0001,1e-05,50.33,3.4043,0.6335
5202,stage2,3,0.1054699495434761,0.2811526954174042,0.0,0.1054699495434761,0.0001,1e-05,50.327,2.8234,0.6346
5203,stage2,3,0.1030954122543335,0.35314038395881653,0.0,0.1030954122543335,0.0001,1e-05,50.327,3.2694,0.6341
5204,stage2,3,0.0918908417224884,0.3014600872993469,0.0,0.0918908417224884,0.0001,1e-05,50.329,2.8485,0.6347
5205,stage2,3,0.09451641142368317,0.28475266695022583,0.0,0.09451641142368317,0.0001,1e-05,50.325,3.0377,0.6349
5206,stage2,3,0.10549179464578629,0.3178102374076843,0.0,0.10549179464578629,0.0001,1e-05,50.328,2.97,0.635
5207,stage2,3,0.1055050864815712,0.29703488945961,0.0,0.1055050864815712,0.0001,1e-05,50.327,2.9558,3.9256
5208,stage2,3,0.10400182753801346,0.2970027029514313,0.0,0.10400182753801346,0.0001,1e-05,50.327,2.9735,0.6328
5209,stage2,3,0.09032397717237473,0.3174697756767273,0.0,0.09032397717237473,0.0001,1e-05,50.329,2.4256,0.6332
5210,stage2,3,0.09794853627681732,0.2751147449016571,0.0,0.09794853627681732,0.0001,1e-05,50.327,2.9867,0.6337
5211,stage2,3,0.09706629812717438,0.3048195540904999,0.0,0.09706629812717438,0.0001,1e-05,50.325,3.3376,0.6341
5212,stage2,3,0.09529774636030197,0.3106316328048706,0.0,0.09529774636030197,0.0001,1e-05,50.329,2.6344,0.634
5213,stage2,3,0.09743992239236832,0.3056202530860901,0.0,0.09743992239236832,0.0001,1e-05,50.326,3.4146,0.6346
5214,stage2,3,0.09861217439174652,0.30261653661727905,0.0,0.09861217439174652,0.0001,1e-05,50.328,3.0964,0.635
5215,stage2,3,0.12160470336675644,0.30759912729263306,0.0,0.12160470336675644,0.0001,1e-05,50.328,3.8402,3.8181
5216,stage2,3,0.10441066324710846,0.28550398349761963,0.0,0.10441066324710846,0.0001,1e-05,50.327,2.895,0.6329
5217,stage2,3,0.09837441146373749,0.2925557494163513,0.0,0.09837441146373749,0.0001,1e-05,50.331,2.7055,0.6333
5218,stage2,3,0.08899674564599991,0.282177209854126,0.0,0.08899674564599991,0.0001,1e-05,50.33,2.6418,0.6336
5219,stage2,3,0.11045332998037338,0.3200063109397888,0.0,0.11045332998037338,0.0001,1e-05,50.328,3.4402,0.6335
5220,stage2,3,0.10065894573926926,0.3009647727012634,0.0,0.10065894573926926,0.0001,1e-05,50.328,3.0249,0.6342
5221,stage2,3,0.09584982693195343,0.317412793636322,0.0,0.09584982693195343,0.0001,1e-05,50.325,3.1222,0.6345
5222,stage2,3,0.09932427108287811,0.3016605079174042,0.0,0.09932427108287811,0.0001,1e-05,50.325,3.8964,0.6349
5223,stage2,3,0.09555830806493759,0.29125356674194336,0.0,0.09555830806493759,0.0001,1e-05,50.328,2.285,3.9156
5224,stage2,3,0.08631880581378937,0.2863152027130127,0.0,0.08631880581378937,0.0001,1e-05,50.328,2.6849,0.6329
5225,stage2,3,0.10571777075529099,0.28289851546287537,0.0,0.10571777075529099,0.0001,1e-05,50.328,2.7914,0.6328
5226,stage2,3,0.09461857378482819,0.28383737802505493,0.0,0.09461857378482819,0.0001,1e-05,50.328,2.4399,0.6335
5227,stage2,3,0.11103992909193039,0.3037261962890625,0.0,0.11103992909193039,0.0001,1e-05,50.326,3.4775,0.6346
5228,stage2,3,0.09494110196828842,0.29052427411079407,0.0,0.09494110196828842,0.0001,1e-05,50.325,2.7117,0.6346
5229,stage2,3,0.10759386420249939,0.2968900799751282,0.0,0.10759386420249939,0.0001,1e-05,50.327,3.1407,0.6352
5230,stage2,3,0.0854303389787674,0.32441824674606323,0.0,0.0854303389787674,0.0001,1e-05,50.326,2.1738,0.635
5231,stage2,3,0.11227786540985107,0.28994041681289673,0.0,0.11227786540985107,0.0001,1e-05,50.326,3.016,3.9008
5232,stage2,3,0.10011950880289078,0.32319918274879456,0.0,0.10011950880289078,0.0001,1e-05,50.329,3.2987,0.6328
5233,stage2,3,0.10177289694547653,0.29833126068115234,0.0,0.10177289694547653,0.0001,1e-05,50.326,3.4413,0.6334
5234,stage2,3,0.09233035892248154,0.2771729528903961,0.0,0.09233035892248154,0.0001,1e-05,50.323,2.7096,0.6336
5235,stage2,3,0.1095430850982666,0.29149118065834045,0.0,0.1095430850982666,0.0001,1e-05,50.326,3.4664,0.6346
5236,stage2,3,0.0980473980307579,0.2556392252445221,0.0,0.0980473980307579,0.0001,1e-05,50.326,3.4043,0.6347
5237,stage2,3,0.09446579962968826,0.3048250377178192,0.0,0.09446579962968826,0.0001,1e-05,50.327,2.951,0.6352
5238,stage2,3,0.11559129506349564,0.28816843032836914,0.0,0.11559129506349564,0.0001,1e-05,50.328,3.3031,0.6353
5239,stage2,3,0.10450068861246109,0.30640584230422974,0.0,0.10450068861246109,0.0001,1e-05,50.328,2.7314,3.9842
5240,stage2,3,0.09014789015054703,0.30026790499687195,0.0,0.09014789015054703,0.0001,1e-05,50.329,3.1315,0.6331
5241,stage2,3,0.11385952681303024,0.29420873522758484,0.0,0.11385952681303024,0.0001,1e-05,50.325,3.2118,0.6333
5242,stage2,3,0.12796522676944733,0.313236266374588,0.0,0.12796522676944733,0.0001,1e-05,50.327,3.6906,0.6338
5243,stage2,3,0.09971795231103897,0.3228929042816162,0.0,0.09971795231103897,0.0001,1e-05,50.329,3.4272,0.6341
5244,stage2,3,0.10304190218448639,0.3094019591808319,0.0,0.10304190218448639,0.0001,1e-05,50.33,2.9486,0.6351
5245,stage2,3,0.10885860025882721,0.29167619347572327,0.0,0.10885860025882721,0.0001,1e-05,50.324,3.0379,0.6361
5246,stage2,3,0.10825472325086594,0.31387120485305786,0.0,0.10825472325086594,0.0001,1e-05,50.33,2.9242,0.6359
5247,stage2,3,0.09019921720027924,0.2989656627178192,0.0,0.09019921720027924,0.0001,1e-05,50.329,2.4935,3.8987
5248,stage2,3,0.09475129097700119,0.2821180820465088,0.0,0.09475129097700119,0.0001,1e-05,50.328,2.5121,0.634
5249,stage2,3,0.10647300630807877,0.28351736068725586,0.0,0.10647300630807877,0.0001,1e-05,50.329,3.0914,0.6332
5250,stage2,3,0.08261089771986008,0.31221824884414673,0.0,0.08261089771986008,0.0001,1e-05,50.328,2.4556,0.6348
5251,stage2,3,0.10290604084730148,0.32453733682632446,0.0,0.10290604084730148,0.0001,1e-05,50.33,3.396,0.6355
5252,stage2,3,0.09368181228637695,0.31274929642677307,0.0,0.09368181228637695,0.0001,1e-05,50.329,2.7265,0.6348
5253,stage2,3,0.09209703654050827,0.293717622756958,0.0,0.09209703654050827,0.0001,1e-05,50.329,2.5134,0.6363
5254,stage2,3,0.10615113377571106,0.3091817796230316,0.0,0.10615113377571106,0.0001,1e-05,50.328,3.207,0.6363
5255,stage2,3,0.1021956279873848,0.3129591643810272,0.0,0.1021956279873848,0.0001,1e-05,50.328,2.5585,3.9986
5256,stage2,3,0.0986873209476471,0.28539782762527466,0.0,0.0986873209476471,0.0001,1e-05,50.328,2.521,0.6333
5257,stage2,3,0.09899091720581055,0.29592007398605347,0.0,0.09899091720581055,0.0001,1e-05,50.324,2.985,0.6349
5258,stage2,3,0.09749309718608856,0.28906887769699097,0.0,0.09749309718608856,0.0001,1e-05,50.329,2.9483,0.6349
5259,stage2,3,0.09338515996932983,0.3310030400753021,0.0,0.09338515996932983,0.0001,1e-05,50.327,2.3408,0.6349
5260,stage2,3,0.10506711900234222,0.30250418186187744,0.0,0.10506711900234222,0.0001,1e-05,50.324,2.6828,0.6363
5261,stage2,3,0.09076634049415588,0.3166727125644684,0.0,0.09076634049415588,0.0001,1e-05,50.327,2.6313,0.6359
5262,stage2,3,0.08913488686084747,0.2907089293003082,0.0,0.08913488686084747,0.0001,1e-05,50.325,2.4364,0.6359
5263,stage2,3,0.11990118026733398,0.2969946265220642,0.0,0.11990118026733398,0.0001,1e-05,50.326,3.1155,3.8143
5264,stage2,3,0.08167571574449539,0.26954135298728943,0.0,0.08167571574449539,0.0001,1e-05,50.329,2.4724,0.6345
5265,stage2,3,0.11020302772521973,0.27247658371925354,0.0,0.11020302772521973,0.0001,1e-05,50.327,2.7581,0.6348
5266,stage2,3,0.1127648651599884,0.29967302083969116,0.0,0.1127648651599884,0.0001,1e-05,50.331,2.5128,0.6354
5267,stage2,3,0.10545692592859268,0.2718661427497864,0.0,0.10545692592859268,0.0001,1e-05,50.329,3.6173,0.6349
5268,stage2,3,0.09808401763439178,0.31919682025909424,0.0,0.09808401763439178,0.0001,1e-05,50.328,2.8498,0.6359
5269,stage2,3,0.10606121271848679,0.28294193744659424,0.0,0.10606121271848679,0.0001,1e-05,50.325,3.0359,0.6354
5270,stage2,3,0.09067843109369278,0.32761621475219727,0.0,0.09067843109369278,0.0001,1e-05,50.328,2.5563,0.6359
5271,stage2,3,0.10583949089050293,0.30631718039512634,0.0,0.10583949089050293,0.0001,1e-05,50.327,3.369,3.9592
5272,stage2,3,0.0945339947938919,0.29730984568595886,0.0,0.0945339947938919,0.0001,1e-05,50.332,2.6437,0.6341
5273,stage2,3,0.10683535784482956,0.29863354563713074,0.0,0.10683535784482956,0.0001,1e-05,50.327,3.2469,0.6341
5274,stage2,3,0.08441086113452911,0.334758996963501,0.0,0.08441086113452911,0.0001,1e-05,50.328,2.4867,0.6344
5275,stage2,3,0.10509047657251358,0.3125270903110504,0.0,0.10509047657251358,0.0001,1e-05,50.328,2.8087,0.6352
5276,stage2,3,0.11002978682518005,0.2995266020298004,0.0,0.11002978682518005,0.0001,1e-05,50.329,3.1893,0.6356
5277,stage2,3,0.12130972743034363,0.30288228392601013,0.0,0.12130972743034363,0.0001,1e-05,50.329,3.2566,0.6355
5278,stage2,3,0.11144375801086426,0.320893257856369,0.0,0.11144375801086426,0.0001,1e-05,50.327,3.3108,0.6365
5279,stage2,3,0.11325710266828537,0.32368600368499756,0.0,0.11325710266828537,0.0001,1e-05,50.326,3.8007,3.8959
5280,stage2,3,0.09019206464290619,0.2756076753139496,0.0,0.09019206464290619,0.0001,1e-05,50.327,2.9831,0.6337
5281,stage2,3,0.10904572904109955,0.2910892963409424,0.0,0.10904572904109955,0.0001,1e-05,50.326,2.9545,0.6343
5282,stage2,3,0.10277409106492996,0.32436734437942505,0.0,0.10277409106492996,0.0001,1e-05,50.326,2.9196,0.6347
5283,stage2,3,0.09953582286834717,0.2901090681552887,0.0,0.09953582286834717,0.0001,1e-05,50.324,3.3195,0.6357
5284,stage2,3,0.10027994215488434,0.3101993799209595,0.0,0.10027994215488434,0.0001,1e-05,50.324,2.9305,0.6354
5285,stage2,3,0.11336082965135574,0.3072679042816162,0.0,0.11336082965135574,0.0001,1e-05,50.325,4.346,0.6357
5286,stage2,3,0.09807522594928741,0.31459519267082214,0.0,0.09807522594928741,0.0001,1e-05,50.325,2.7634,0.6358
5287,stage2,3,0.0883151963353157,0.3063155710697174,0.0,0.0883151963353157,0.0001,1e-05,50.326,2.8699,3.9168
5288,stage2,3,0.11477291584014893,0.3087100684642792,0.0,0.11477291584014893,0.0001,1e-05,50.327,3.1518,0.6344
5289,stage2,3,0.09375721961259842,0.3146207928657532,0.0,0.09375721961259842,0.0001,1e-05,50.326,3.3696,0.6347
5290,stage2,3,0.10764922946691513,0.30370303988456726,0.0,0.10764922946691513,0.0001,1e-05,50.325,3.5847,0.6352
5291,stage2,3,0.0938234031200409,0.28351515531539917,0.0,0.0938234031200409,0.0001,1e-05,50.329,3.3565,0.6364
5292,stage2,3,0.11254364252090454,0.2761688530445099,0.0,0.11254364252090454,0.0001,1e-05,50.329,3.1196,0.6355
5293,stage2,3,0.10876680165529251,0.28857165575027466,0.0,0.10876680165529251,0.0001,1e-05,50.33,3.2567,0.6361
5294,stage2,3,0.10732914507389069,0.2836207151412964,0.0,0.10732914507389069,0.0001,1e-05,50.327,2.9855,0.636
5295,stage2,3,0.11602716147899628,0.32004034519195557,0.0,0.11602716147899628,0.0001,1e-05,50.328,4.1915,3.9471
5296,stage2,3,0.11440422385931015,0.29721155762672424,0.0,0.11440422385931015,0.0001,1e-05,50.326,3.6476,0.634
5297,stage2,3,0.10428721457719803,0.31473979353904724,0.0,0.10428721457719803,0.0001,1e-05,50.326,3.2649,0.635
5298,stage2,3,0.1254468709230423,0.32108956575393677,0.0,0.1254468709230423,0.0001,1e-05,50.328,3.8279,0.6355
5299,stage2,3,0.09775815159082413,0.3163539171218872,0.0,0.09775815159082413,0.0001,1e-05,50.326,3.1448,0.6361
5300,stage2,3,0.09324377030134201,0.2926560938358307,0.0,0.09324377030134201,0.0001,1e-05,50.327,3.689,0.636
5301,stage2,3,0.13031160831451416,0.29901260137557983,0.0,0.13031160831451416,0.0001,1e-05,50.327,4.4026,0.6361
5302,stage2,3,0.07653472572565079,0.28392988443374634,0.0,0.07653472572565079,0.0001,1e-05,50.324,2.4107,0.6366
5303,stage2,3,0.12067661434412003,0.29171422123908997,0.0,0.12067661434412003,0.0001,1e-05,50.327,3.4286,3.9359
5304,stage2,3,0.10484376549720764,0.31963518261909485,0.0,0.10484376549720764,0.0001,1e-05,50.323,3.2286,0.634
5305,stage2,3,0.09638739377260208,0.28725671768188477,0.0,0.09638739377260208,0.0001,1e-05,50.325,2.9584,0.6345
5306,stage2,3,0.0927826464176178,0.3091277778148651,0.0,0.0927826464176178,0.0001,1e-05,50.33,3.69,0.6344
5307,stage2,3,0.09863995760679245,0.2962191104888916,0.0,0.09863995760679245,0.0001,1e-05,50.329,2.6895,0.6347
5308,stage2,3,0.09671803563833237,0.30095595121383667,0.0,0.09671803563833237,0.0001,1e-05,50.329,2.5222,0.6353
5309,stage2,3,0.10889261960983276,0.3270559012889862,0.0,0.10889261960983276,0.0001,1e-05,50.331,3.1163,0.6352
5310,stage2,3,0.10216205567121506,0.29867058992385864,0.0,0.10216205567121506,0.0001,1e-05,50.327,3.4647,0.6357
5311,stage2,3,0.10618460178375244,0.2618715763092041,0.0,0.10618460178375244,0.0001,1e-05,50.325,3.0598,3.8777
5312,stage2,3,0.08914041519165039,0.30392009019851685,0.0,0.08914041519165039,0.0001,1e-05,50.328,2.2041,0.6335
5313,stage2,3,0.10160456597805023,0.3070237636566162,0.0,0.10160456597805023,0.0001,1e-05,50.325,2.6922,0.6343
5314,stage2,3,0.10883621126413345,0.30211979150772095,0.0,0.10883621126413345,0.0001,1e-05,50.331,3.4375,0.635
5315,stage2,3,0.09613880515098572,0.2931969463825226,0.0,0.09613880515098572,0.0001,1e-05,50.328,2.8359,0.6348
5316,stage2,3,0.10139802098274231,0.3238670527935028,0.0,0.10139802098274231,0.0001,1e-05,50.324,2.6419,0.6352
5317,stage2,3,0.09163104742765427,0.32719627022743225,0.0,0.09163104742765427,0.0001,1e-05,50.328,2.9296,0.6357
5318,stage2,3,0.10224668681621552,0.2808706760406494,0.0,0.10224668681621552,0.0001,1e-05,50.323,2.8634,0.6351
5319,stage2,3,0.10838804394006729,0.27878880500793457,0.0,0.10838804394006729,0.0001,1e-05,50.325,3.7543,3.8155
5320,stage2,3,0.10765567421913147,0.2923232316970825,0.0,0.10765567421913147,0.0001,1e-05,50.328,3.1575,0.6342
5321,stage2,3,0.10737878829240799,0.2812868654727936,0.0,0.10737878829240799,0.0001,1e-05,50.325,2.7586,0.6347
5322,stage2,3,0.09144983440637589,0.2798675298690796,0.0,0.09144983440637589,0.0001,1e-05,50.325,2.6864,0.6347
5323,stage2,3,0.09296353161334991,0.3064987361431122,0.0,0.09296353161334991,0.0001,1e-05,50.323,2.5903,0.6359
5324,stage2,3,0.10708684474229813,0.3002007305622101,0.0,0.10708684474229813,0.0001,1e-05,50.328,3.0884,0.636
5325,stage2,3,0.11473366618156433,0.33707165718078613,0.0,0.11473366618156433,0.0001,1e-05,50.328,4.4776,0.6362
5326,stage2,3,0.1097353994846344,0.3004542589187622,0.0,0.1097353994846344,0.0001,1e-05,50.324,3.3002,0.6365
5327,stage2,3,0.10715649276971817,0.3103313446044922,0.0,0.10715649276971817,0.0001,1e-05,50.328,2.8132,3.8878
5328,stage2,3,0.09208787977695465,0.29320812225341797,0.0,0.09208787977695465,0.0001,1e-05,50.323,2.4091,0.6341
5329,stage2,3,0.10243384540081024,0.28269442915916443,0.0,0.10243384540081024,0.0001,1e-05,50.325,3.0883,0.6347
5330,stage2,3,0.10704699158668518,0.3337077498435974,0.0,0.10704699158668518,0.0001,1e-05,50.329,3.5106,0.6346
5331,stage2,3,0.11548721045255661,0.3153475522994995,0.0,0.11548721045255661,0.0001,1e-05,50.328,2.9731,0.635
5332,stage2,3,0.10182477533817291,0.29980161786079407,0.0,0.10182477533817291,0.0001,1e-05,50.324,3.1266,0.6355
5333,stage2,3,0.10902341455221176,0.3116734027862549,0.0,0.10902341455221176,0.0001,1e-05,50.326,3.2303,0.6357
5334,stage2,3,0.09386418014764786,0.29722434282302856,0.0,0.09386418014764786,0.0001,1e-05,50.322,2.2124,0.6358
5335,stage2,3,0.08680367469787598,0.30370110273361206,0.0,0.08680367469787598,0.0001,1e-05,50.328,2.4181,3.8484
5336,stage2,3,0.10716784000396729,0.3178190588951111,0.0,0.10716784000396729,0.0001,1e-05,50.328,3.2851,0.6342
5337,stage2,3,0.09770099818706512,0.2942432761192322,0.0,0.09770099818706512,0.0001,1e-05,50.327,3.0887,0.6348
5338,stage2,3,0.10898341983556747,0.28564122319221497,0.0,0.10898341983556747,0.0001,1e-05,50.328,2.8467,0.6348
5339,stage2,3,0.11496119201183319,0.29421281814575195,0.0,0.11496119201183319,0.0001,1e-05,50.33,7.0813,0.6357
5340,stage2,3,0.10051058977842331,0.2863086462020874,0.0,0.10051058977842331,0.0001,1e-05,50.324,2.2521,0.6357
5341,stage2,3,0.09137208759784698,0.3324108123779297,0.0,0.09137208759784698,0.0001,1e-05,50.329,2.7059,0.6362
5342,stage2,3,0.1068343073129654,0.29067710041999817,0.0,0.1068343073129654,0.0001,1e-05,50.329,3.1397,0.6368
5343,stage2,3,0.10516347736120224,0.2965296506881714,0.0,0.10516347736120224,0.0001,1e-05,50.328,2.7159,3.861
5344,stage2,3,0.09051482379436493,0.3244730532169342,0.0,0.09051482379436493,0.0001,1e-05,50.328,2.7039,0.6348
5345,stage2,3,0.09904768317937851,0.3179071843624115,0.0,0.09904768317937851,0.0001,1e-05,50.327,2.9053,0.635
5346,stage2,3,0.08891414105892181,0.273104190826416,0.0,0.08891414105892181,0.0001,1e-05,50.328,2.4012,0.6351
5347,stage2,3,0.09560351073741913,0.30113059282302856,0.0,0.09560351073741913,0.0001,1e-05,50.323,2.696,0.6357
5348,stage2,3,0.09092804044485092,0.3253868520259857,0.0,0.09092804044485092,0.0001,1e-05,50.328,2.2619,0.6362
5349,stage2,3,0.09399434924125671,0.27781426906585693,0.0,0.09399434924125671,0.0001,1e-05,50.326,2.8734,0.6358
5350,stage2,3,0.09913881868124008,0.2999505400657654,0.0,0.09913881868124008,0.0001,1e-05,50.331,3.1326,0.6362
5351,stage2,3,0.09384125471115112,0.30491507053375244,0.0,0.09384125471115112,0.0001,1e-05,50.328,2.6906,3.7357
5352,stage2,3,0.09550280123949051,0.3107757866382599,0.0,0.09550280123949051,0.0001,1e-05,50.325,3.4361,0.6344
5353,stage2,3,0.11038653552532196,0.32079944014549255,0.0,0.11038653552532196,0.0001,1e-05,50.33,3.0507,0.6348
5354,stage2,3,0.09230510145425797,0.2780708074569702,0.0,0.09230510145425797,0.0001,1e-05,50.328,2.8476,0.6358
5355,stage2,3,0.09981516748666763,0.2992181181907654,0.0,0.09981516748666763,0.0001,1e-05,50.329,2.8465,0.6363
5356,stage2,3,0.10568735748529434,0.2987072765827179,0.0,0.10568735748529434,0.0001,1e-05,50.33,2.5133,0.6364
5357,stage2,3,0.11022146791219711,0.3134347200393677,0.0,0.11022146791219711,0.0001,1e-05,50.327,3.2514,0.636
5358,stage2,3,0.09181291610002518,0.3144743740558624,0.0,0.09181291610002518,0.0001,1e-05,50.328,2.6931,0.6369
5359,stage2,3,0.09724421799182892,0.3019763231277466,0.0,0.09724421799182892,0.0001,1e-05,50.327,2.8017,4.0279
5360,stage2,3,0.10990741103887558,0.29119327664375305,0.0,0.10990741103887558,0.0001,1e-05,50.328,2.9348,0.6339
5361,stage2,3,0.09416743367910385,0.2690342962741852,0.0,0.09416743367910385,0.0001,1e-05,50.326,2.4116,0.6338
5362,stage2,3,0.09408124536275864,0.30138933658599854,0.0,0.09408124536275864,0.0001,1e-05,50.329,2.6635,0.6345
5363,stage2,3,0.09576202183961868,0.3126900792121887,0.0,0.09576202183961868,0.0001,1e-05,50.327,2.8045,0.6356
5364,stage2,3,0.10589872300624847,0.27878624200820923,0.0,0.10589872300624847,0.0001,1e-05,50.33,3.1157,0.6359
5365,stage2,3,0.10196784883737564,0.3154759407043457,0.0,0.10196784883737564,0.0001,1e-05,50.331,2.9869,0.636
5366,stage2,3,0.09400799870491028,0.3266385793685913,0.0,0.09400799870491028,0.0001,1e-05,50.327,2.7404,0.6366
5367,stage2,3,0.08939748257398605,0.2848822772502899,0.0,0.08939748257398605,0.0001,1e-05,50.328,2.9502,3.9177
5368,stage2,3,0.09794516861438751,0.2977581024169922,0.0,0.09794516861438751,0.0001,1e-05,50.327,2.9902,0.6343
5369,stage2,3,0.08443441241979599,0.3041893243789673,0.0,0.08443441241979599,0.0001,1e-05,50.329,2.4664,0.6341
5370,stage2,3,0.08704602718353271,0.29986682534217834,0.0,0.08704602718353271,0.0001,1e-05,50.326,2.9606,0.6344
5371,stage2,3,0.09619906544685364,0.3043343722820282,0.0,0.09619906544685364,0.0001,1e-05,50.325,3.1619,0.6355
5372,stage2,3,0.10003957897424698,0.2708725929260254,0.0,0.10003957897424698,0.0001,1e-05,50.326,2.8509,0.6353
5373,stage2,3,0.09663016349077225,0.3000837564468384,0.0,0.09663016349077225,0.0001,1e-05,50.326,3.0287,0.6356
5374,stage2,3,0.10202310234308243,0.29511457681655884,0.0,0.10202310234308243,0.0001,1e-05,50.324,2.749,0.6358
5375,stage2,3,0.11058186739683151,0.2789464592933655,0.0,0.11058186739683151,0.0001,1e-05,50.329,3.2147,3.8712
5376,stage2,3,0.09024347364902496,0.28536051511764526,0.0,0.09024347364902496,0.0001,1e-05,50.326,2.8314,0.6338
5377,stage2,3,0.11323555558919907,0.28521254658699036,0.0,0.11323555558919907,0.0001,1e-05,50.327,4.2348,0.6338
5378,stage2,3,0.09056758135557175,0.31172043085098267,0.0,0.09056758135557175,0.0001,1e-05,50.326,2.6058,0.6348
5379,stage2,3,0.0965186208486557,0.3045930862426758,0.0,0.0965186208486557,0.0001,1e-05,50.327,3.1908,0.6361
5380,stage2,3,0.10006123781204224,0.2694248855113983,0.0,0.10006123781204224,0.0001,1e-05,50.327,3.0917,0.6358
5381,stage2,3,0.10544644296169281,0.2945151925086975,0.0,0.10544644296169281,0.0001,1e-05,50.327,2.5232,0.6358
5382,stage2,3,0.0947430208325386,0.30629512667655945,0.0,0.0947430208325386,0.0001,1e-05,50.326,2.573,0.6363
5383,stage2,3,0.09143997728824615,0.289363831281662,0.0,0.09143997728824615,0.0001,1e-05,50.324,2.5258,3.8638
5384,stage2,3,0.10076005011796951,0.30389589071273804,0.0,0.10076005011796951,0.0001,1e-05,50.328,3.3787,0.634
5385,stage2,3,0.09291716665029526,0.30294379591941833,0.0,0.09291716665029526,0.0001,1e-05,50.324,2.7231,0.6338
5386,stage2,3,0.10802751034498215,0.3144776523113251,0.0,0.10802751034498215,0.0001,1e-05,50.328,2.9269,0.6355
5387,stage2,3,0.10375547409057617,0.30766114592552185,0.0,0.10375547409057617,0.0001,1e-05,50.327,3.6085,0.6358
5388,stage2,3,0.09248311072587967,0.29363304376602173,0.0,0.09248311072587967,0.0001,1e-05,50.324,2.6342,0.6359
5389,stage2,3,0.10269325971603394,0.29340654611587524,0.0,0.10269325971603394,0.0001,1e-05,50.326,3.2933,0.636
5390,stage2,3,0.1000167578458786,0.2951839864253998,0.0,0.1000167578458786,0.0001,1e-05,50.324,2.8216,0.6365
5391,stage2,3,0.08862853050231934,0.2979886829853058,0.0,0.08862853050231934,0.0001,1e-05,50.325,2.5646,3.9343
5392,stage2,3,0.11161867529153824,0.2803974747657776,0.0,0.11161867529153824,0.0001,1e-05,50.325,3.5896,0.6342
5393,stage2,3,0.10072580724954605,0.3050825297832489,0.0,0.10072580724954605,0.0001,1e-05,50.326,3.5027,0.6343
5394,stage2,3,0.10471945255994797,0.27978357672691345,0.0,0.10471945255994797,0.0001,1e-05,50.325,3.2499,0.6349
5395,stage2,3,0.09718834608793259,0.2781202793121338,0.0,0.09718834608793259,0.0001,1e-05,50.326,2.6813,0.6351
5396,stage2,3,0.09558752179145813,0.3115319311618805,0.0,0.09558752179145813,0.0001,1e-05,50.327,2.838,0.6357
5397,stage2,3,0.09880543500185013,0.2745850682258606,0.0,0.09880543500185013,0.0001,1e-05,50.327,3.1915,0.636
5398,stage2,3,0.09984219074249268,0.2840174436569214,0.0,0.09984219074249268,0.0001,1e-05,50.328,2.7145,0.6364
5399,stage2,3,0.09499520808458328,0.30237600207328796,0.0,0.09499520808458328,0.0001,1e-05,50.323,2.6176,3.9315
5400,stage2,3,0.10833628475666046,0.3093715012073517,0.0,0.10833628475666046,0.0001,1e-05,50.327,2.9969,0.6348
5401,stage2,3,0.10027890652418137,0.2579302191734314,0.0,0.10027890652418137,0.0001,1e-05,50.329,3.0194,0.6348
5402,stage2,3,0.09763476997613907,0.27044469118118286,0.0,0.09763476997613907,0.0001,1e-05,50.326,2.642,0.6351
5403,stage2,3,0.08511869609355927,0.2922731637954712,0.0,0.08511869609355927,0.0001,1e-05,50.329,2.6966,0.6353
5404,stage2,3,0.10388129204511642,0.26511281728744507,0.0,0.10388129204511642,0.0001,1e-05,50.328,2.5752,0.6358
5405,stage2,3,0.09432465583086014,0.28970128297805786,0.0,0.09432465583086014,0.0001,1e-05,50.328,2.6376,0.6364
5406,stage2,3,0.1074942946434021,0.3140864670276642,0.0,0.1074942946434021,0.0001,1e-05,50.329,3.7459,0.6365
5407,stage2,3,0.09886755049228668,0.29034486413002014,0.0,0.09886755049228668,0.0001,1e-05,50.33,2.5653,4.0076
5408,stage2,3,0.08765862882137299,0.2801848351955414,0.0,0.08765862882137299,0.0001,1e-05,50.328,2.2122,0.6339
5409,stage2,3,0.09827098995447159,0.29139822721481323,0.0,0.09827098995447159,0.0001,1e-05,50.328,3.6134,0.6346
5410,stage2,3,0.09868406504392624,0.3102778494358063,0.0,0.09868406504392624,0.0001,1e-05,50.329,2.6976,0.6353
5411,stage2,3,0.11068317294120789,0.26344242691993713,0.0,0.11068317294120789,0.0001,1e-05,50.326,2.871,0.6349
5412,stage2,3,0.10513099282979965,0.3032161593437195,0.0,0.10513099282979965,0.0001,1e-05,50.33,3.4484,0.636
5413,stage2,3,0.10778418183326721,0.3136700689792633,0.0,0.10778418183326721,0.0001,1e-05,50.324,3.5398,0.6358
5414,stage2,3,0.09814940392971039,0.31199517846107483,0.0,0.09814940392971039,0.0001,1e-05,50.326,2.5485,0.6356
5415,stage2,3,0.10415646433830261,0.27636322379112244,0.0,0.10415646433830261,0.0001,1e-05,50.322,2.8413,3.8865
5416,stage2,3,0.11400758475065231,0.3069441616535187,0.0,0.11400758475065231,0.0001,1e-05,50.327,3.6632,0.6334
5417,stage2,3,0.10070653259754181,0.262567937374115,0.0,0.10070653259754181,0.0001,1e-05,50.325,3.1084,0.6334
5418,stage2,3,0.08337672799825668,0.32932788133621216,0.0,0.08337672799825668,0.0001,1e-05,50.328,2.634,0.6346
5419,stage2,3,0.1012304425239563,0.27860891819000244,0.0,0.1012304425239563,0.0001,1e-05,50.326,2.9925,0.6342
5420,stage2,3,0.0931229218840599,0.27586889266967773,0.0,0.0931229218840599,0.0001,1e-05,50.324,2.6986,0.6348
5421,stage2,3,0.10595381259918213,0.3023790121078491,0.0,0.10595381259918213,0.0001,1e-05,50.329,2.7336,0.6357
5422,stage2,3,0.09968098998069763,0.29122090339660645,0.0,0.09968098998069763,0.0001,1e-05,50.327,3.1356,0.6356
5423,stage2,3,0.09530562162399292,0.3015882968902588,0.0,0.09530562162399292,0.0001,1e-05,50.325,2.8214,3.9175
5424,stage2,3,0.1128748431801796,0.2999853491783142,0.0,0.1128748431801796,0.0001,1e-05,50.327,3.684,0.6347
5425,stage2,3,0.0965551882982254,0.295608788728714,0.0,0.0965551882982254,0.0001,1e-05,50.327,3.0584,0.6347
5426,stage2,3,0.09569647163152695,0.2913499176502228,0.0,0.09569647163152695,0.0001,1e-05,50.326,2.4948,0.6354
5427,stage2,3,0.08616095781326294,0.2804713547229767,0.0,0.08616095781326294,0.0001,1e-05,50.326,2.2266,0.636
5428,stage2,3,0.10356058925390244,0.32540363073349,0.0,0.10356058925390244,0.0001,1e-05,50.331,2.9756,0.6355
5429,stage2,3,0.0938291996717453,0.2886979579925537,0.0,0.0938291996717453,0.0001,1e-05,50.326,2.8969,0.6358
5430,stage2,3,0.10857047140598297,0.2935287058353424,0.0,0.10857047140598297,0.0001,1e-05,50.323,3.185,0.6364
5431,stage2,3,0.09614548087120056,0.2989315390586853,0.0,0.09614548087120056,0.0001,1e-05,50.328,2.8371,3.8001
5432,stage2,3,0.09895142167806625,0.3041493892669678,0.0,0.09895142167806625,0.0001,1e-05,50.327,3.3134,0.6338
5433,stage2,3,0.08356314152479172,0.26878729462623596,0.0,0.08356314152479172,0.0001,1e-05,50.329,2.4379,0.6343
5434,stage2,3,0.09494250267744064,0.31012585759162903,0.0,0.09494250267744064,0.0001,1e-05,50.326,2.5192,0.6347
5435,stage2,3,0.10713298618793488,0.2783871591091156,0.0,0.10713298618793488,0.0001,1e-05,50.324,2.9972,0.6353
5436,stage2,3,0.09914705902338028,0.3174867331981659,0.0,0.09914705902338028,0.0001,1e-05,50.326,3.3043,0.6352
5437,stage2,3,0.08914736658334732,0.3157806098461151,0.0,0.08914736658334732,0.0001,1e-05,50.329,2.8522,0.6354
5438,stage2,3,0.10141632705926895,0.3289097249507904,0.0,0.10141632705926895,0.0001,1e-05,50.332,3.3217,0.6361
5439,stage2,3,0.10626652836799622,0.28153419494628906,0.0,0.10626652836799622,0.0001,1e-05,50.326,3.2361,3.8793
5440,stage2,3,0.09098818898200989,0.29836058616638184,0.0,0.09098818898200989,0.0001,1e-05,50.328,2.8094,0.6343
5441,stage2,3,0.09436137974262238,0.2758282423019409,0.0,0.09436137974262238,0.0001,1e-05,50.328,2.864,0.6348
5442,stage2,3,0.09003876894712448,0.2807232141494751,0.0,0.09003876894712448,0.0001,1e-05,50.327,2.0668,0.635
5443,stage2,3,0.10889115929603577,0.30870628356933594,0.0,0.10889115929603577,0.0001,1e-05,50.324,3.0823,0.6354
5444,stage2,3,0.09607820212841034,0.28897330164909363,0.0,0.09607820212841034,0.0001,1e-05,50.324,2.9317,0.6356
5445,stage2,3,0.10656651109457016,0.2904601991176605,0.0,0.10656651109457016,0.0001,1e-05,50.328,3.6031,0.6357
5446,stage2,3,0.0900784283876419,0.27766144275665283,0.0,0.0900784283876419,0.0001,1e-05,50.325,2.6838,0.6368
5447,stage2,3,0.1058528944849968,0.3050849139690399,0.0,0.1058528944849968,0.0001,1e-05,50.329,2.9177,3.9098
5448,stage2,3,0.10228043794631958,0.2785774767398834,0.0,0.10228043794631958,0.0001,1e-05,50.327,2.8174,0.6344
5449,stage2,3,0.10785225033760071,0.3301168978214264,0.0,0.10785225033760071,0.0001,1e-05,50.326,3.3004,0.6344
5450,stage2,3,0.11283943057060242,0.29525601863861084,0.0,0.11283943057060242,0.0001,1e-05,50.326,3.2637,0.6344
5451,stage2,3,0.11397521942853928,0.3139750361442566,0.0,0.11397521942853928,0.0001,1e-05,50.323,3.2475,0.6353
5452,stage2,3,0.10886721312999725,0.30339881777763367,0.0,0.10886721312999725,0.0001,1e-05,50.327,3.1727,0.6356
5453,stage2,3,0.10240449756383896,0.2849958837032318,0.0,0.10240449756383896,0.0001,1e-05,50.323,3.3203,0.6357
5454,stage2,3,0.09473054111003876,0.3013765811920166,0.0,0.09473054111003876,0.0001,1e-05,50.324,2.7195,0.6361
5455,stage2,3,0.0841217115521431,0.27930763363838196,0.0,0.0841217115521431,0.0001,1e-05,50.327,2.7812,3.853
5456,stage2,3,0.10866913199424744,0.3018984794616699,0.0,0.10866913199424744,0.0001,1e-05,50.325,3.7561,0.6342
5457,stage2,3,0.09329918026924133,0.29332640767097473,0.0,0.09329918026924133,0.0001,1e-05,50.331,2.7362,0.6342
5458,stage2,3,0.09378032386302948,0.31255143880844116,0.0,0.09378032386302948,0.0001,1e-05,50.327,2.8344,0.6351
5459,stage2,3,0.0961933359503746,0.32345765829086304,0.0,0.0961933359503746,0.0001,1e-05,50.327,3.2098,0.6353
5460,stage2,3,0.10755163431167603,0.3004210293292999,0.0,0.10755163431167603,0.0001,1e-05,50.326,3.7221,0.6358
5461,stage2,3,0.10319282114505768,0.2886515259742737,0.0,0.10319282114505768,0.0001,1e-05,50.325,2.4512,0.6357
5462,stage2,3,0.10706984996795654,0.3208256959915161,0.0,0.10706984996795654,0.0001,1e-05,50.329,3.1084,0.6364
5463,stage2,3,0.1033538430929184,0.2953714430332184,0.0,0.1033538430929184,0.0001,1e-05,50.326,3.3403,3.8168
5464,stage2,3,0.09954719990491867,0.31880319118499756,0.0,0.09954719990491867,0.0001,1e-05,50.328,2.9508,0.6332
5465,stage2,3,0.09675563126802444,0.28245535492897034,0.0,0.09675563126802444,0.0001,1e-05,50.329,3.2379,0.6342
5466,stage2,3,0.11210320889949799,0.3065805733203888,0.0,0.11210320889949799,0.0001,1e-05,50.329,2.9026,0.6349
5467,stage2,3,0.0958707332611084,0.284551739692688,0.0,0.0958707332611084,0.0001,1e-05,50.325,3.539,0.6345
5468,stage2,3,0.09093400090932846,0.305858850479126,0.0,0.09093400090932846,0.0001,1e-05,50.328,3.2121,0.6352
5469,stage2,3,0.11122142523527145,0.30428346991539,0.0,0.11122142523527145,0.0001,1e-05,50.326,2.7553,0.6358
5470,stage2,3,0.08767174184322357,0.27464237809181213,0.0,0.08767174184322357,0.0001,1e-05,50.327,2.8537,0.6362
5471,stage2,3,0.09237063676118851,0.3062331974506378,0.0,0.09237063676118851,0.0001,1e-05,50.325,2.8806,3.9172
5472,stage2,3,0.11041107028722763,0.30841177701950073,0.0,0.11041107028722763,0.0001,1e-05,50.328,3.6603,0.634
5473,stage2,3,0.11040659993886948,0.27828747034072876,0.0,0.11040659993886948,0.0001,1e-05,50.325,3.2184,0.6339
5474,stage2,3,0.0915277823805809,0.29399484395980835,0.0,0.0915277823805809,0.0001,1e-05,50.33,2.8876,0.6343
5475,stage2,3,0.10460200160741806,0.28329139947891235,0.0,0.10460200160741806,0.0001,1e-05,50.33,2.5104,0.6351
5476,stage2,3,0.09615278989076614,0.30021902918815613,0.0,0.09615278989076614,0.0001,1e-05,50.328,3.0273,0.6351
5477,stage2,3,0.09022589027881622,0.30191028118133545,0.0,0.09022589027881622,0.0001,1e-05,50.327,4.2426,0.6354
5478,stage2,3,0.11938824504613876,0.3021451234817505,0.0,0.11938824504613876,0.0001,1e-05,50.327,2.9845,0.6361
5479,stage2,3,0.10495761036872864,0.3012511134147644,0.0,0.10495761036872864,0.0001,1e-05,50.325,3.5159,3.861
5480,stage2,3,0.11187120527029037,0.2826869487762451,0.0,0.11187120527029037,0.0001,1e-05,50.329,3.3072,0.637
5481,stage2,3,0.10190106928348541,0.2991414964199066,0.0,0.10190106928348541,0.0001,1e-05,50.323,2.9274,0.6349
5482,stage2,3,0.10035371035337448,0.29005059599876404,0.0,0.10035371035337448,0.0001,1e-05,50.327,3.7794,0.6349
5483,stage2,3,0.10540548712015152,0.3216775357723236,0.0,0.10540548712015152,0.0001,1e-05,50.326,3.1842,0.6347
5484,stage2,3,0.11440665274858475,0.2973024547100067,0.0,0.11440665274858475,0.0001,1e-05,50.328,3.5174,0.6351
5485,stage2,3,0.09311158955097198,0.31103023886680603,0.0,0.09311158955097198,0.0001,1e-05,50.324,2.9809,0.6364
5486,stage2,3,0.12006696313619614,0.306975781917572,0.0,0.12006696313619614,0.0001,1e-05,50.326,4.0059,0.6385
5487,stage2,3,0.11466974020004272,0.3034101128578186,0.0,0.11466974020004272,0.0001,1e-05,50.327,3.5691,3.844
5488,stage2,3,0.07691653072834015,0.310208797454834,0.0,0.07691653072834015,0.0001,1e-05,50.328,2.4376,0.6382
5489,stage2,3,0.10464923828840256,0.300949364900589,0.0,0.10464923828840256,0.0001,1e-05,50.325,3.3316,0.6343
5490,stage2,3,0.09614218026399612,0.3164324164390564,0.0,0.09614218026399612,0.0001,1e-05,50.324,2.8231,0.634
5491,stage2,3,0.09119750559329987,0.301817923784256,0.0,0.09119750559329987,0.0001,1e-05,50.33,3.105,0.6347
5492,stage2,3,0.12315608561038971,0.3150780200958252,0.0,0.12315608561038971,0.0001,1e-05,50.327,3.9535,0.6358
5493,stage2,3,0.1132311150431633,0.3085900843143463,0.0,0.1132311150431633,0.0001,1e-05,50.331,3.4714,0.6357
5494,stage2,3,0.10897382348775864,0.28252142667770386,0.0,0.10897382348775864,0.0001,1e-05,50.326,2.7269,0.6354
5495,stage2,3,0.10289498418569565,0.3529406189918518,0.0,0.10289498418569565,0.0001,1e-05,50.325,3.6405,3.8972
5496,stage2,3,0.11028941720724106,0.30531150102615356,0.0,0.11028941720724106,0.0001,1e-05,50.33,2.6941,0.6334
5497,stage2,3,0.09948419034481049,0.29184645414352417,0.0,0.09948419034481049,0.0001,1e-05,50.329,3.2522,0.6345
5498,stage2,3,0.09858871251344681,0.28493890166282654,0.0,0.09858871251344681,0.0001,1e-05,50.326,3.168,0.6341
5499,stage2,3,0.09192910045385361,0.2822558283805847,0.0,0.09192910045385361,0.0001,1e-05,50.327,2.3856,0.635
5500,stage2,3,0.09952852129936218,0.28039759397506714,0.0,0.09952852129936218,0.0001,1e-05,50.329,3.1915,0.6353
5501,stage2,3,0.11000064760446548,0.28520071506500244,0.0,0.11000064760446548,0.0001,1e-05,50.33,2.9111,0.6354
5502,stage2,3,0.10185110569000244,0.2915251851081848,0.0,0.10185110569000244,0.0001,1e-05,50.328,2.8064,0.6364
5503,stage2,3,0.11079104244709015,0.30491903424263,0.0,0.11079104244709015,0.0001,1e-05,50.329,3.4686,3.8772
5504,stage2,3,0.08547010272741318,0.3411758244037628,0.0,0.08547010272741318,0.0001,1e-05,50.328,3.0241,0.6335
5505,stage2,3,0.09315644949674606,0.3250358998775482,0.0,0.09315644949674606,0.0001,1e-05,50.329,2.6247,0.6341
5506,stage2,3,0.11254023760557175,0.307092547416687,0.0,0.11254023760557175,0.0001,1e-05,50.326,3.3616,0.6345
5507,stage2,3,0.1116769090294838,0.27467313408851624,0.0,0.1116769090294838,0.0001,1e-05,50.331,2.664,0.635
5508,stage2,3,0.10020875185728073,0.3014513850212097,0.0,0.10020875185728073,0.0001,1e-05,50.328,3.2581,0.6357
5509,stage2,3,0.10497591644525528,0.3133589029312134,0.0,0.10497591644525528,0.0001,1e-05,50.328,2.5925,0.6363
5510,stage2,3,0.10220716148614883,0.32737791538238525,0.0,0.10220716148614883,0.0001,1e-05,50.326,2.7128,0.6389
5511,stage2,3,0.09831635653972626,0.2690613567829132,0.0,0.09831635653972626,0.0001,1e-05,50.334,2.2605,3.8305
5512,stage2,3,0.09756592661142349,0.26616641879081726,0.0,0.09756592661142349,0.0001,1e-05,50.328,2.8055,0.6339
5513,stage2,3,0.10885598510503769,0.2927551865577698,0.0,0.10885598510503769,0.0001,1e-05,50.327,3.1914,0.6343
5514,stage2,3,0.0984615832567215,0.2803686857223511,0.0,0.0984615832567215,0.0001,1e-05,50.332,3.1118,0.6348
5515,stage2,3,0.10249212384223938,0.28478139638900757,0.0,0.10249212384223938,0.0001,1e-05,50.328,2.8647,0.6355
5516,stage2,3,0.09811259806156158,0.30895450711250305,0.0,0.09811259806156158,0.0001,1e-05,50.329,2.9376,0.6355
5517,stage2,3,0.09761331230401993,0.30346062779426575,0.0,0.09761331230401993,0.0001,1e-05,50.327,3.5463,0.6357
5518,stage2,3,0.09572839736938477,0.3226035535335541,0.0,0.09572839736938477,0.0001,1e-05,50.328,3.046,0.6375
5519,stage2,3,0.10762817412614822,0.31514492630958557,0.0,0.10762817412614822,0.0001,1e-05,50.331,2.5044,3.9324
5520,stage2,3,0.08610725402832031,0.2827587425708771,0.0,0.08610725402832031,0.0001,1e-05,50.332,2.4921,0.6342
5521,stage2,3,0.08386550843715668,0.29815489053726196,0.0,0.08386550843715668,0.0001,1e-05,50.327,2.5413,0.6344
5522,stage2,3,0.1024329736828804,0.3395404815673828,0.0,0.1024329736828804,0.0001,1e-05,50.328,3.1093,0.6351
5523,stage2,3,0.09404414147138596,0.28048980236053467,0.0,0.09404414147138596,0.0001,1e-05,50.327,2.4611,0.6349
5524,stage2,3,0.09869220107793808,0.2837027907371521,0.0,0.09869220107793808,0.0001,1e-05,50.329,3.0976,0.6357
5525,stage2,3,0.13195522129535675,0.2955290973186493,0.0,0.13195522129535675,0.0001,1e-05,50.329,3.8249,0.6366
5526,stage2,3,0.08881896734237671,0.2940389811992645,0.0,0.08881896734237671,0.0001,1e-05,50.325,2.6751,0.6363
5527,stage2,3,0.10326231271028519,0.2892765402793884,0.0,0.10326231271028519,0.0001,1e-05,50.328,3.4066,3.8717
5528,stage2,3,0.10042981803417206,0.28581225872039795,0.0,0.10042981803417206,0.0001,1e-05,50.328,3.1435,0.6338
5529,stage2,3,0.08761867135763168,0.29863759875297546,0.0,0.08761867135763168,0.0001,1e-05,50.329,2.8292,0.635
5530,stage2,3,0.0943554937839508,0.2933369278907776,0.0,0.0943554937839508,0.0001,1e-05,50.328,2.6025,0.6358
5531,stage2,3,0.10262609273195267,0.3121844530105591,0.0,0.10262609273195267,0.0001,1e-05,50.332,2.775,0.6356
5532,stage2,3,0.10292965173721313,0.30702951550483704,0.0,0.10292965173721313,0.0001,1e-05,50.327,2.9682,0.6354
5533,stage2,3,0.09536988288164139,0.29939842224121094,0.0,0.09536988288164139,0.0001,1e-05,50.332,2.8547,0.6362
5534,stage2,3,0.10838858038187027,0.3021546006202698,0.0,0.10838858038187027,0.0001,1e-05,50.327,2.8596,0.6403
5535,stage2,3,0.1180468425154686,0.3027300536632538,0.0,0.1180468425154686,0.0001,1e-05,50.33,3.4219,3.8689
5536,stage2,3,0.10539626330137253,0.2927455008029938,0.0,0.10539626330137253,0.0001,1e-05,50.326,3.8675,0.6338
5537,stage2,3,0.08036535233259201,0.3128719925880432,0.0,0.08036535233259201,0.0001,1e-05,50.329,2.3624,0.6349
5538,stage2,3,0.09931326657533646,0.2995157539844513,0.0,0.09931326657533646,0.0001,1e-05,50.331,2.8502,0.6352
5539,stage2,3,0.13234131038188934,0.31668466329574585,0.0,0.13234131038188934,0.0001,1e-05,50.328,4.0301,0.6352
5540,stage2,3,0.10320793092250824,0.2886996269226074,0.0,0.10320793092250824,0.0001,1e-05,50.328,2.9142,0.6351
5541,stage2,3,0.1149914488196373,0.3066492974758148,0.0,0.1149914488196373,0.0001,1e-05,50.327,3.9182,0.6359
5542,stage2,3,0.09108783304691315,0.33135688304901123,0.0,0.09108783304691315,0.0001,1e-05,50.33,2.9677,0.6365
5543,stage2,3,0.10781395435333252,0.31651344895362854,0.0,0.10781395435333252,0.0001,1e-05,50.327,3.1981,3.854
5544,stage2,3,0.09756200760602951,0.2881354093551636,0.0,0.09756200760602951,0.0001,1e-05,50.328,3.0528,0.6344
5545,stage2,3,0.09907585382461548,0.32151997089385986,0.0,0.09907585382461548,0.0001,1e-05,50.325,3.0707,0.6349
5546,stage2,3,0.09095066040754318,0.30457380414009094,0.0,0.09095066040754318,0.0001,1e-05,50.331,2.6495,0.635
5547,stage2,3,0.09937673807144165,0.3122621178627014,0.0,0.09937673807144165,0.0001,1e-05,50.329,3.4931,0.6358
5548,stage2,3,0.09995654970407486,0.28713616728782654,0.0,0.09995654970407486,0.0001,1e-05,50.33,2.675,0.6364
5549,stage2,3,0.10745435208082199,0.3204229176044464,0.0,0.10745435208082199,0.0001,1e-05,50.327,3.4484,0.6361
5550,stage2,3,0.0926705077290535,0.28254520893096924,0.0,0.0926705077290535,0.0001,1e-05,50.327,2.5627,0.6369
5551,stage2,3,0.0918661430478096,0.3066752552986145,0.0,0.0918661430478096,0.0001,1e-05,50.329,2.4319,3.8661
5552,stage2,3,0.10138820856809616,0.2868468165397644,0.0,0.10138820856809616,0.0001,1e-05,50.328,2.7649,0.6348
5553,stage2,3,0.09167177975177765,0.2911924421787262,0.0,0.09167177975177765,0.0001,1e-05,50.328,2.7067,0.6352
5554,stage2,3,0.08350341022014618,0.2980363368988037,0.0,0.08350341022014618,0.0001,1e-05,50.332,2.4934,0.6354
5555,stage2,3,0.09637147188186646,0.28204113245010376,0.0,0.09637147188186646,0.0001,1e-05,50.327,2.6501,0.6364
5556,stage2,3,0.10525887459516525,0.2807529866695404,0.0,0.10525887459516525,0.0001,1e-05,50.33,2.7936,0.6364
5557,stage2,3,0.1263282746076584,0.2876517176628113,0.0,0.1263282746076584,0.0001,1e-05,50.327,3.6966,0.6359
5558,stage2,3,0.08632367849349976,0.3172066807746887,0.0,0.08632367849349976,0.0001,1e-05,50.329,2.5507,0.6364
5559,stage2,3,0.09112349152565002,0.2776046693325043,0.0,0.09112349152565002,0.0001,1e-05,50.331,3.0706,3.8145
5560,stage2,3,0.0827668234705925,0.3196493685245514,0.0,0.0827668234705925,0.0001,1e-05,50.327,2.4205,0.6344
5561,stage2,3,0.10623104870319366,0.3322073221206665,0.0,0.10623104870319366,0.0001,1e-05,50.329,2.9817,0.635
5562,stage2,3,0.09287959337234497,0.27269861102104187,0.0,0.09287959337234497,0.0001,1e-05,50.331,2.7683,0.6347
5563,stage2,3,0.09767953306436539,0.30253347754478455,0.0,0.09767953306436539,0.0001,1e-05,50.326,2.9302,0.6353
5564,stage2,3,0.09802741557359695,0.2868732511997223,0.0,0.09802741557359695,0.0001,1e-05,50.329,4.0353,0.6358
5565,stage2,3,0.10230585187673569,0.28462278842926025,0.0,0.10230585187673569,0.0001,1e-05,50.331,3.177,0.6358
5566,stage2,3,0.08665391802787781,0.3074708878993988,0.0,0.08665391802787781,0.0001,1e-05,50.332,2.5819,0.6388
5567,stage2,3,0.09473804384469986,0.2929653227329254,0.0,0.09473804384469986,0.0001,1e-05,50.329,3.0048,3.7906
5568,stage2,3,0.08633644133806229,0.3133375346660614,0.0,0.08633644133806229,0.0001,1e-05,50.331,2.3185,0.6344
5569,stage2,3,0.09606294333934784,0.3419084846973419,0.0,0.09606294333934784,0.0001,1e-05,50.33,2.781,0.635
5570,stage2,3,0.09747150540351868,0.29126814007759094,0.0,0.09747150540351868,0.0001,1e-05,50.328,2.81,0.6348
5571,stage2,3,0.0964009016752243,0.30568480491638184,0.0,0.0964009016752243,0.0001,1e-05,50.328,2.9207,0.6351
5572,stage2,3,0.08588222414255142,0.2863674461841583,0.0,0.08588222414255142,0.0001,1e-05,50.326,2.4301,0.6356
5573,stage2,3,0.09105916321277618,0.28768640756607056,0.0,0.09105916321277618,0.0001,1e-05,50.329,2.2218,0.6362
5574,stage2,3,0.11071678251028061,0.3097395896911621,0.0,0.11071678251028061,0.0001,1e-05,50.331,3.0624,0.6369
5575,stage2,3,0.09734129905700684,0.2921755313873291,0.0,0.09734129905700684,0.0001,1e-05,50.329,2.3556,3.8477
5576,stage2,3,0.1017923429608345,0.29201674461364746,0.0,0.1017923429608345,0.0001,1e-05,50.328,2.7928,0.6337
5577,stage2,3,0.09243852645158768,0.2798748314380646,0.0,0.09243852645158768,0.0001,1e-05,50.327,2.2195,0.6334
5578,stage2,3,0.0879170298576355,0.27567750215530396,0.0,0.0879170298576355,0.0001,1e-05,50.329,2.4376,0.6346
5579,stage2,3,0.0825348049402237,0.29551631212234497,0.0,0.0825348049402237,0.0001,1e-05,50.327,2.5474,0.6354
5580,stage2,3,0.08414322137832642,0.29126906394958496,0.0,0.08414322137832642,0.0001,1e-05,50.328,2.2167,0.6356
5581,stage2,3,0.08428288251161575,0.2768825888633728,0.0,0.08428288251161575,0.0001,1e-05,50.328,2.2324,0.6353
5582,stage2,3,0.09744419157505035,0.29932743310928345,0.0,0.09744419157505035,0.0001,1e-05,50.328,2.6598,0.636
5583,stage2,3,0.09060408174991608,0.29776689410209656,0.0,0.09060408174991608,0.0001,1e-05,50.331,2.7174,3.8108
5584,stage2,3,0.08882694691419601,0.31372836232185364,0.0,0.08882694691419601,0.0001,1e-05,50.33,2.4454,0.6349
5585,stage2,3,0.08831696957349777,0.30328643321990967,0.0,0.08831696957349777,0.0001,1e-05,50.329,2.4803,0.6351
5586,stage2,3,0.08685579895973206,0.30649280548095703,0.0,0.08685579895973206,0.0001,1e-05,50.331,2.3337,0.6354
5587,stage2,3,0.08786413073539734,0.30330362915992737,0.0,0.08786413073539734,0.0001,1e-05,50.327,3.263,0.635
5588,stage2,3,0.08024345338344574,0.27166876196861267,0.0,0.08024345338344574,0.0001,1e-05,50.329,2.2346,0.6356
5589,stage2,3,0.09558925032615662,0.29044240713119507,0.0,0.09558925032615662,0.0001,1e-05,50.328,2.6275,0.6357
5590,stage2,3,0.09685920178890228,0.28006815910339355,0.0,0.09685920178890228,0.0001,1e-05,50.329,2.4724,0.6363
5591,stage2,3,0.09962966293096542,0.28552260994911194,0.0,0.09962966293096542,0.0001,1e-05,50.329,3.0626,3.8401
5592,stage2,3,0.09964071959257126,0.271232545375824,0.0,0.09964071959257126,0.0001,1e-05,50.33,3.6529,0.6341
5593,stage2,3,0.08619801700115204,0.3119829297065735,0.0,0.08619801700115204,0.0001,1e-05,50.331,2.2848,0.6344
5594,stage2,3,0.09744922816753387,0.32870766520500183,0.0,0.09744922816753387,0.0001,1e-05,50.326,3.0833,0.6347
5595,stage2,3,0.09222419559955597,0.2872155010700226,0.0,0.09222419559955597,0.0001,1e-05,50.327,2.6397,0.6352
5596,stage2,3,0.08597948402166367,0.29443901777267456,0.0,0.08597948402166367,0.0001,1e-05,50.328,3.13,0.6352
5597,stage2,3,0.09835340082645416,0.30781301856040955,0.0,0.09835340082645416,0.0001,1e-05,50.329,2.2995,0.6364
5598,stage2,3,0.10070746392011642,0.30544257164001465,0.0,0.10070746392011642,0.0001,1e-05,50.323,2.8232,0.6364
5599,stage2,3,0.08689963817596436,0.28984335064888,0.0,0.08689963817596436,0.0001,1e-05,50.328,2.6432,3.9164
5600,stage2,3,0.08706683665513992,0.276340126991272,0.0,0.08706683665513992,0.0001,1e-05,50.328,2.2665,0.6341
5601,stage2,3,0.08406170457601547,0.3137394189834595,0.0,0.08406170457601547,0.0001,1e-05,50.328,2.2473,0.6346
5602,stage2,3,0.09020235389471054,0.26922178268432617,0.0,0.09020235389471054,0.0001,1e-05,50.327,2.8101,0.6348
5603,stage2,3,0.08760949224233627,0.3173837959766388,0.0,0.08760949224233627,0.0001,1e-05,50.329,2.3312,0.6361
5604,stage2,3,0.11937534809112549,0.2937667965888977,0.0,0.11937534809112549,0.0001,1e-05,50.327,2.8695,0.6359
5605,stage2,3,0.10052509605884552,0.3104623258113861,0.0,0.10052509605884552,0.0001,1e-05,50.329,3.5028,0.6359
5606,stage2,3,0.08447088301181793,0.28277158737182617,0.0,0.08447088301181793,0.0001,1e-05,50.325,2.9274,0.6363
5607,stage2,3,0.10723994672298431,0.2875114381313324,0.0,0.10723994672298431,0.0001,1e-05,50.33,2.5938,3.9611
5608,stage2,3,0.09462356567382812,0.31484147906303406,0.0,0.09462356567382812,0.0001,1e-05,50.329,2.8184,0.6349
5609,stage2,3,0.10450205206871033,0.2966092526912689,0.0,0.10450205206871033,0.0001,1e-05,50.328,2.9497,0.6349
5610,stage2,3,0.09181906282901764,0.28491753339767456,0.0,0.09181906282901764,0.0001,1e-05,50.329,2.7991,0.6352
5611,stage2,3,0.08811548352241516,0.27683380246162415,0.0,0.08811548352241516,0.0001,1e-05,50.325,3.4645,0.6357
5612,stage2,3,0.08702674508094788,0.28918570280075073,0.0,0.08702674508094788,0.0001,1e-05,50.329,2.3384,0.636
5613,stage2,3,0.10685554146766663,0.28497594594955444,0.0,0.10685554146766663,0.0001,1e-05,50.325,2.8747,0.6363
5614,stage2,3,0.09831897169351578,0.3215261697769165,0.0,0.09831897169351578,0.0001,1e-05,50.325,3.4763,0.6366
5615,stage2,3,0.11188732087612152,0.30772513151168823,0.0,0.11188732087612152,0.0001,1e-05,50.327,3.2249,3.8526
5616,stage2,3,0.09151293337345123,0.28009945154190063,0.0,0.09151293337345123,0.0001,1e-05,50.327,2.6771,0.6378
5617,stage2,3,0.10893402993679047,0.30302152037620544,0.0,0.10893402993679047,0.0001,1e-05,50.33,3.6015,0.6349
5618,stage2,3,0.10077162086963654,0.280365914106369,0.0,0.10077162086963654,0.0001,1e-05,50.327,2.7519,0.6352
5619,stage2,3,0.09095495939254761,0.29660657048225403,0.0,0.09095495939254761,0.0001,1e-05,50.325,2.8774,0.6352
5620,stage2,3,0.09355885535478592,0.3103787302970886,0.0,0.09355885535478592,0.0001,1e-05,50.328,2.6908,0.6362
5621,stage2,3,0.08964789658784866,0.2819000780582428,0.0,0.08964789658784866,0.0001,1e-05,50.327,2.4845,0.6362
5622,stage2,3,0.0950002521276474,0.29838865995407104,0.0,0.0950002521276474,0.0001,1e-05,50.328,3.0201,0.6375
5623,stage2,3,0.10562030971050262,0.32407253980636597,0.0,0.10562030971050262,0.0001,1e-05,50.33,2.7457,3.832
5624,stage2,3,0.09233369678258896,0.30326172709465027,0.0,0.09233369678258896,0.0001,1e-05,50.326,2.7958,0.6354
5625,stage2,3,0.08717691898345947,0.28883010149002075,0.0,0.08717691898345947,0.0001,1e-05,50.327,2.6145,0.6352
5626,stage2,3,0.085577093064785,0.3000527620315552,0.0,0.085577093064785,0.0001,1e-05,50.331,3.1568,0.6357
5627,stage2,3,0.09399700164794922,0.32582125067710876,0.0,0.09399700164794922,0.0001,1e-05,50.329,2.4606,0.6364
5628,stage2,3,0.1050877720117569,0.32219451665878296,0.0,0.1050877720117569,0.0001,1e-05,50.331,2.5271,0.6363
5629,stage2,3,0.08966214209794998,0.29236817359924316,0.0,0.08966214209794998,0.0001,1e-05,50.331,3.4069,0.6369
5630,stage2,3,0.08027290552854538,0.28455421328544617,0.0,0.08027290552854538,0.0001,1e-05,50.332,2.6147,0.6367
5631,stage2,3,0.09730445593595505,0.29558825492858887,0.0,0.09730445593595505,0.0001,1e-05,50.328,3.0549,3.8652
5632,stage2,3,0.10149027407169342,0.3105054795742035,0.0,0.10149027407169342,0.0001,1e-05,50.327,3.2684,0.6367
5633,stage2,3,0.0901322141289711,0.3021269738674164,0.0,0.0901322141289711,0.0001,1e-05,50.329,2.4799,0.6347
5634,stage2,3,0.08039315044879913,0.30346912145614624,0.0,0.08039315044879913,0.0001,1e-05,50.327,2.1195,0.6357
5635,stage2,3,0.09747575968503952,0.3053186237812042,0.0,0.09747575968503952,0.0001,1e-05,50.329,2.7591,0.6359
5636,stage2,3,0.09031935781240463,0.2788037955760956,0.0,0.09031935781240463,0.0001,1e-05,50.329,2.1538,0.6358
5637,stage2,3,0.09871330857276917,0.285456120967865,0.0,0.09871330857276917,0.0001,1e-05,50.325,2.6458,0.6364
5638,stage2,3,0.10337933152914047,0.2916715741157532,0.0,0.10337933152914047,0.0001,1e-05,50.332,2.7955,0.6365
5639,stage2,3,0.09171567112207413,0.293149471282959,0.0,0.09171567112207413,0.0001,1e-05,50.327,2.8549,3.8255
5640,stage2,3,0.10229834914207458,0.3064185380935669,0.0,0.10229834914207458,0.0001,1e-05,50.328,3.6032,0.6348
5641,stage2,3,0.1010175570845604,0.2943361699581146,0.0,0.1010175570845604,0.0001,1e-05,50.324,2.6689,0.6352
5642,stage2,3,0.08247169107198715,0.3004671633243561,0.0,0.08247169107198715,0.0001,1e-05,50.329,2.4645,0.6351
5643,stage2,3,0.09414537996053696,0.2883155345916748,0.0,0.09414537996053696,0.0001,1e-05,50.332,2.6467,0.6362
5644,stage2,3,0.11172608286142349,0.2901917099952698,0.0,0.11172608286142349,0.0001,1e-05,50.329,3.4914,0.6355
5645,stage2,3,0.09785716980695724,0.29779016971588135,0.0,0.09785716980695724,0.0001,1e-05,50.329,3.4513,0.6357
5646,stage2,3,0.0994117483496666,0.3115551471710205,0.0,0.0994117483496666,0.0001,1e-05,50.327,2.6713,0.6368
5647,stage2,3,0.09060101956129074,0.27961936593055725,0.0,0.09060101956129074,0.0001,1e-05,50.331,2.0988,3.9232
5648,stage2,3,0.08427555859088898,0.2989937961101532,0.0,0.08427555859088898,0.0001,1e-05,50.327,2.3769,0.6335
5649,stage2,3,0.11257047206163406,0.3114841878414154,0.0,0.11257047206163406,0.0001,1e-05,50.329,3.4101,0.6347
5650,stage2,3,0.08060884475708008,0.33317604660987854,0.0,0.08060884475708008,0.0001,1e-05,50.329,2.3742,0.6354
5651,stage2,3,0.08466390520334244,0.2902640700340271,0.0,0.08466390520334244,0.0001,1e-05,50.33,2.7998,0.6356
5652,stage2,3,0.11274705827236176,0.28909051418304443,0.0,0.11274705827236176,0.0001,1e-05,50.324,3.597,0.6356
5653,stage2,3,0.09878772497177124,0.3081337809562683,0.0,0.09878772497177124,0.0001,1e-05,50.324,3.844,0.6364
5654,stage2,3,0.09205988049507141,0.30145302414894104,0.0,0.09205988049507141,0.0001,1e-05,50.331,2.5929,0.6372
5655,stage2,3,0.11146844178438187,0.27858856320381165,0.0,0.11146844178438187,0.0001,1e-05,50.326,2.9886,3.8873
5656,stage2,3,0.10452409088611603,0.28582578897476196,0.0,0.10452409088611603,0.0001,1e-05,50.327,3.5965,0.6343
5657,stage2,3,0.09541202336549759,0.28156745433807373,0.0,0.09541202336549759,0.0001,1e-05,50.33,2.9839,0.6346
5658,stage2,3,0.08735685795545578,0.27733951807022095,0.0,0.08735685795545578,0.0001,1e-05,50.325,2.2758,0.6356
5659,stage2,3,0.08797311037778854,0.3000744581222534,0.0,0.08797311037778854,0.0001,1e-05,50.33,2.4076,0.6363
5660,stage2,3,0.09480583667755127,0.313276082277298,0.0,0.09480583667755127,0.0001,1e-05,50.327,3.2152,0.6363
5661,stage2,3,0.08825760334730148,0.2934061586856842,0.0,0.08825760334730148,0.0001,1e-05,50.329,2.7203,0.6362
5662,stage2,3,0.09162718057632446,0.32296112179756165,0.0,0.09162718057632446,0.0001,1e-05,50.329,2.9786,0.6373
5663,stage2,3,0.09239014238119125,0.28909045457839966,0.0,0.09239014238119125,0.0001,1e-05,50.325,2.6665,3.994
5664,stage2,3,0.10228027403354645,0.3056228756904602,0.0,0.10228027403354645,0.0001,1e-05,50.327,2.7332,0.6353
5665,stage2,3,0.1126805767416954,0.28544697165489197,0.0,0.1126805767416954,0.0001,1e-05,50.328,2.7418,0.6356
5666,stage2,3,0.10016315430402756,0.2918183207511902,0.0,0.10016315430402756,0.0001,1e-05,50.328,3.8203,0.6364
5667,stage2,3,0.09107158333063126,0.32667362689971924,0.0,0.09107158333063126,0.0001,1e-05,50.33,2.7484,0.6363
5668,stage2,3,0.08835503458976746,0.3079386353492737,0.0,0.08835503458976746,0.0001,1e-05,50.328,2.5832,0.6366
5669,stage2,3,0.0981503278017044,0.3022618591785431,0.0,0.0981503278017044,0.0001,1e-05,50.33,2.8894,0.6368
5670,stage2,3,0.09027555584907532,0.288465291261673,0.0,0.09027555584907532,0.0001,1e-05,50.327,2.9292,0.638
5671,stage2,3,0.09200750291347504,0.2813222408294678,0.0,0.09200750291347504,0.0001,1e-05,50.327,3.0661,3.8501
5672,stage2,3,0.10661131888628006,0.2733038067817688,0.0,0.10661131888628006,0.0001,1e-05,50.33,3.5752,0.6373
5673,stage2,3,0.09461610019207001,0.2942933142185211,0.0,0.09461610019207001,0.0001,1e-05,50.33,2.8776,0.6353
5674,stage2,3,0.09175390005111694,0.31416934728622437,0.0,0.09175390005111694,0.0001,1e-05,50.332,2.4942,0.6359
5675,stage2,3,0.09768881648778915,0.29810047149658203,0.0,0.09768881648778915,0.0001,1e-05,50.329,3.2727,0.6361
5676,stage2,3,0.08310487121343613,0.3533378541469574,0.0,0.08310487121343613,0.0001,1e-05,50.33,2.8344,0.6371
5677,stage2,3,0.10673297941684723,0.28301742672920227,0.0,0.10673297941684723,0.0001,1e-05,50.327,2.9786,0.6371
5678,stage2,3,0.09342184662818909,0.28457361459732056,0.0,0.09342184662818909,0.0001,1e-05,50.328,3.9036,0.6369
5679,stage2,3,0.11204317957162857,0.27559781074523926,0.0,0.11204317957162857,0.0001,1e-05,50.329,3.4784,3.8807
5680,stage2,3,0.10148125141859055,0.31730717420578003,0.0,0.10148125141859055,0.0001,1e-05,50.331,2.7448,0.6348
5681,stage2,3,0.08854316174983978,0.28858938813209534,0.0,0.08854316174983978,0.0001,1e-05,50.33,2.6245,0.635
5682,stage2,3,0.09633290767669678,0.3213317394256592,0.0,0.09633290767669678,0.0001,1e-05,50.325,2.9415,0.6353
5683,stage2,3,0.08439354598522186,0.30207306146621704,0.0,0.08439354598522186,0.0001,1e-05,50.332,2.6158,0.6361
5684,stage2,3,0.10046310722827911,0.3041754364967346,0.0,0.10046310722827911,0.0001,1e-05,50.33,2.7832,0.6368
5685,stage2,3,0.09969665110111237,0.2728479504585266,0.0,0.09969665110111237,0.0001,1e-05,50.328,2.9602,0.6366
5686,stage2,3,0.10840021818876266,0.30380305647850037,0.0,0.10840021818876266,0.0001,1e-05,50.327,3.0789,0.6369
5687,stage2,3,0.08654136955738068,0.2897590696811676,0.0,0.08654136955738068,0.0001,1e-05,50.331,2.4983,3.8766
5688,stage2,3,0.09658319503068924,0.3054443299770355,0.0,0.09658319503068924,0.0001,1e-05,50.328,3.0464,0.6355
5689,stage2,3,0.09838678687810898,0.3096500039100647,0.0,0.09838678687810898,0.0001,1e-05,50.326,2.7456,0.6356
5690,stage2,3,0.09826391190290451,0.2932179272174835,0.0,0.09826391190290451,0.0001,1e-05,50.329,3.3266,0.6364
5691,stage2,3,0.08458919078111649,0.27800583839416504,0.0,0.08458919078111649,0.0001,1e-05,50.334,2.6651,0.6362
5692,stage2,3,0.09936092048883438,0.2846408188343048,0.0,0.09936092048883438,0.0001,1e-05,50.331,3.4202,0.6368
5693,stage2,3,0.1031845211982727,0.2995717525482178,0.0,0.1031845211982727,0.0001,1e-05,50.331,3.3551,0.6373
5694,stage2,3,0.09701202064752579,0.3053531348705292,0.0,0.09701202064752579,0.0001,1e-05,50.33,2.7451,0.6374
5695,stage2,3,0.08014867454767227,0.29368314146995544,0.0,0.08014867454767227,0.0001,1e-05,50.329,2.8564,3.8498
5696,stage2,3,0.09033665060997009,0.2919042110443115,0.0,0.09033665060997009,0.0001,1e-05,50.332,2.9901,0.6349
5697,stage2,3,0.08533577620983124,0.2975076735019684,0.0,0.08533577620983124,0.0001,1e-05,50.329,2.9119,0.6357
5698,stage2,3,0.08021556586027145,0.28976401686668396,0.0,0.08021556586027145,0.0001,1e-05,50.331,2.1828,0.6355
5699,stage2,3,0.09060649573802948,0.32066574692726135,0.0,0.09060649573802948,0.0001,1e-05,50.33,2.5647,0.6368
5700,stage2,3,0.09535577893257141,0.28666678071022034,0.0,0.09535577893257141,0.0001,1e-05,50.33,3.2585,0.6368
5701,stage2,3,0.08670078217983246,0.2729422450065613,0.0,0.08670078217983246,0.0001,1e-05,50.33,2.8163,0.637
5702,stage2,3,0.09140302985906601,0.31626442074775696,0.0,0.09140302985906601,0.0001,1e-05,50.33,2.5603,0.6369
5703,stage2,3,0.10043983161449432,0.27432873845100403,0.0,0.10043983161449432,0.0001,1e-05,50.327,2.6816,3.7988
5704,stage2,3,0.08980332314968109,0.3355123996734619,0.0,0.08980332314968109,0.0001,1e-05,50.331,2.741,0.6356
5705,stage2,3,0.10014461725950241,0.26476532220840454,0.0,0.10014461725950241,0.0001,1e-05,50.33,3.0206,0.6353
5706,stage2,3,0.09224933385848999,0.2983357608318329,0.0,0.09224933385848999,0.0001,1e-05,50.329,2.2707,0.6359
5707,stage2,3,0.08967530727386475,0.3136354684829712,0.0,0.08967530727386475,0.0001,1e-05,50.332,3.2901,0.6362
5708,stage2,3,0.08032172918319702,0.321036696434021,0.0,0.08032172918319702,0.0001,1e-05,50.33,1.9345,0.6363
5709,stage2,3,0.08223779499530792,0.2911292016506195,0.0,0.08223779499530792,0.0001,1e-05,50.329,2.6582,0.637
5710,stage2,3,0.09906148910522461,0.32188504934310913,0.0,0.09906148910522461,0.0001,1e-05,50.328,3.4584,0.6372
5711,stage2,3,0.09045375138521194,0.3177018165588379,0.0,0.09045375138521194,0.0001,1e-05,50.326,2.317,3.8547
5712,stage2,3,0.11394114047288895,0.285707950592041,0.0,0.11394114047288895,0.0001,1e-05,50.329,3.9114,0.6351
5713,stage2,3,0.09996234625577927,0.29979777336120605,0.0,0.09996234625577927,0.0001,1e-05,50.33,2.5781,0.6349
5714,stage2,3,0.10471917688846588,0.277357816696167,0.0,0.10471917688846588,0.0001,1e-05,50.33,4.116,0.636
5715,stage2,3,0.10671558231115341,0.2973098158836365,0.0,0.10671558231115341,0.0001,1e-05,50.329,2.9953,0.6363
5716,stage2,3,0.08906937390565872,0.3178224265575409,0.0,0.08906937390565872,0.0001,1e-05,50.328,2.379,0.6366
5717,stage2,3,0.0906943678855896,0.28694581985473633,0.0,0.0906943678855896,0.0001,1e-05,50.329,2.8019,0.6369
5718,stage2,3,0.11090034246444702,0.31753021478652954,0.0,0.11090034246444702,0.0001,1e-05,50.329,2.8474,0.6372
5719,stage2,3,0.08969983458518982,0.2921994626522064,0.0,0.08969983458518982,0.0001,1e-05,50.329,3.2455,3.9144
5720,stage2,3,0.08678998798131943,0.3094511330127716,0.0,0.08678998798131943,0.0001,1e-05,50.328,3.1927,0.6351
5721,stage2,3,0.09220270067453384,0.304004043340683,0.0,0.09220270067453384,0.0001,1e-05,50.326,3.2942,0.6356
5722,stage2,3,0.11085530370473862,0.3122212290763855,0.0,0.11085530370473862,0.0001,1e-05,50.328,2.8121,0.6359
5723,stage2,3,0.10523045063018799,0.3019448220729828,0.0,0.10523045063018799,0.0001,1e-05,50.332,2.9748,0.6361
5724,stage2,3,0.09173696488142014,0.3131401538848877,0.0,0.09173696488142014,0.0001,1e-05,50.329,2.7762,0.6366
5725,stage2,3,0.09614558517932892,0.2793665826320648,0.0,0.09614558517932892,0.0001,1e-05,50.33,2.5346,0.6368
5726,stage2,3,0.10079967230558395,0.30180805921554565,0.0,0.10079967230558395,0.0001,1e-05,50.327,2.9821,0.6371
5727,stage2,3,0.08198217302560806,0.32375285029411316,0.0,0.08198217302560806,0.0001,1e-05,50.328,2.2453,3.9747
5728,stage2,3,0.10029350221157074,0.28397998213768005,0.0,0.10029350221157074,0.0001,1e-05,50.326,3.1532,0.6353
5729,stage2,3,0.09814424067735672,0.27935680747032166,0.0,0.09814424067735672,0.0001,1e-05,50.329,2.5315,0.6352
5730,stage2,3,0.10798314213752747,0.2872593104839325,0.0,0.10798314213752747,0.0001,1e-05,50.324,3.2733,0.636
5731,stage2,3,0.10606421530246735,0.28392741084098816,0.0,0.10606421530246735,0.0001,1e-05,50.33,2.8847,0.6361
5732,stage2,3,0.08254074305295944,0.3207266628742218,0.0,0.08254074305295944,0.0001,1e-05,50.329,2.3588,0.6366
5733,stage2,3,0.08663700520992279,0.30397453904151917,0.0,0.08663700520992279,0.0001,1e-05,50.328,2.8096,0.637
5734,stage2,3,0.09723865240812302,0.31155237555503845,0.0,0.09723865240812302,0.0001,1e-05,50.328,2.8406,0.6365
5735,stage2,3,0.11074737459421158,0.2861679196357727,0.0,0.11074737459421158,0.0001,1e-05,50.327,3.2326,3.9989
5736,stage2,3,0.09530322998762131,0.30697137117385864,0.0,0.09530322998762131,0.0001,1e-05,50.329,2.9971,0.6349
5737,stage2,3,0.1023857444524765,0.3281949460506439,0.0,0.1023857444524765,0.0001,1e-05,50.328,3.0402,0.6356
5738,stage2,3,0.10351237654685974,0.29394659399986267,0.0,0.10351237654685974,0.0001,1e-05,50.328,3.1739,0.6358
5739,stage2,3,0.08667485415935516,0.32563403248786926,0.0,0.08667485415935516,0.0001,1e-05,50.328,2.4732,0.6362
5740,stage2,3,0.08324068039655685,0.30669286847114563,0.0,0.08324068039655685,0.0001,1e-05,50.328,3.3338,0.636
5741,stage2,3,0.08593235164880753,0.29309260845184326,0.0,0.08593235164880753,0.0001,1e-05,50.326,2.5441,0.6368
5742,stage2,3,0.09989733248949051,0.29624250531196594,0.0,0.09989733248949051,0.0001,1e-05,50.326,2.7779,0.6367
5743,stage2,3,0.08900832384824753,0.2746985852718353,0.0,0.08900832384824753,0.0001,1e-05,50.329,2.7688,4.1049
5744,stage2,3,0.10782550275325775,0.2898614704608917,0.0,0.10782550275325775,0.0001,1e-05,50.327,3.608,0.6347
5745,stage2,3,0.09474942088127136,0.2885730266571045,0.0,0.09474942088127136,0.0001,1e-05,50.329,3.1365,0.6352
5746,stage2,3,0.07968760281801224,0.29983624815940857,0.0,0.07968760281801224,0.0001,1e-05,50.328,2.2777,0.6358
5747,stage2,3,0.08785787969827652,0.27298396825790405,0.0,0.08785787969827652,0.0001,1e-05,50.327,2.9631,0.6356
5748,stage2,3,0.08373716473579407,0.27846404910087585,0.0,0.08373716473579407,0.0001,1e-05,50.328,2.7569,0.6358
5749,stage2,3,0.0972670465707779,0.3040933609008789,0.0,0.0972670465707779,0.0001,1e-05,50.326,3.6091,0.6369
5750,stage2,3,0.09654528647661209,0.29614001512527466,0.0,0.09654528647661209,0.0001,1e-05,50.333,2.6848,0.6365
5751,stage2,3,0.10643399506807327,0.29451313614845276,0.0,0.10643399506807327,0.0001,1e-05,50.328,3.9578,4.0389
5752,stage2,3,0.0809595137834549,0.35620003938674927,0.0,0.0809595137834549,0.0001,1e-05,50.327,2.7257,0.6333
5753,stage2,3,0.09775935113430023,0.2685645818710327,0.0,0.09775935113430023,0.0001,1e-05,50.326,2.6618,0.6337
5754,stage2,3,0.09336403012275696,0.28880199790000916,0.0,0.09336403012275696,0.0001,1e-05,50.326,2.8925,0.6347
5755,stage2,3,0.10774417966604233,0.28896641731262207,0.0,0.10774417966604233,0.0001,1e-05,50.329,3.3971,0.6349
5756,stage2,3,0.0935695692896843,0.31242477893829346,0.0,0.0935695692896843,0.0001,1e-05,50.33,2.9367,0.6354
5757,stage2,3,0.10623037815093994,0.29478713870048523,0.0,0.10623037815093994,0.0001,1e-05,50.325,5.0251,0.635
5758,stage2,3,0.09031050652265549,0.32193824648857117,0.0,0.09031050652265549,0.0001,1e-05,50.325,2.6891,0.6358
5759,stage2,3,0.10191196948289871,0.3194892704486847,0.0,0.10191196948289871,0.0001,1e-05,50.327,2.5993,4.0798
5760,stage2,3,0.0802568644285202,0.2621097266674042,0.0,0.0802568644285202,0.0001,1e-05,50.328,2.5298,0.6333
5761,stage2,3,0.08074653148651123,0.30538004636764526,0.0,0.08074653148651123,0.0001,1e-05,50.33,2.4024,0.634
5762,stage2,3,0.08890458941459656,0.3310995399951935,0.0,0.08890458941459656,0.0001,1e-05,50.328,2.7499,0.6344
5763,stage2,3,0.10204330086708069,0.30447840690612793,0.0,0.10204330086708069,0.0001,1e-05,50.327,3.0929,0.6347
5764,stage2,3,0.09270253032445908,0.2794483006000519,0.0,0.09270253032445908,0.0001,1e-05,50.331,2.3084,0.6349
5765,stage2,3,0.0883110985159874,0.3102668523788452,0.0,0.0883110985159874,0.0001,1e-05,50.33,3.37,0.6354
5766,stage2,3,0.09888634085655212,0.305113285779953,0.0,0.09888634085655212,0.0001,1e-05,50.325,2.7393,0.6358
5767,stage2,3,0.1117534190416336,0.310459166765213,0.0,0.1117534190416336,0.0001,1e-05,50.331,3.2698,3.971
5768,stage2,3,0.09778045862913132,0.30599117279052734,0.0,0.09778045862913132,0.0001,1e-05,50.33,2.9644,0.6351
5769,stage2,3,0.08635777235031128,0.3139626085758209,0.0,0.08635777235031128,0.0001,1e-05,50.328,2.9307,0.6348
5770,stage2,3,0.09540510922670364,0.2791157364845276,0.0,0.09540510922670364,0.0001,1e-05,50.326,3.0059,0.6357
5771,stage2,3,0.10923884809017181,0.3036484718322754,0.0,0.10923884809017181,0.0001,1e-05,50.329,3.4951,0.636
5772,stage2,3,0.09162749350070953,0.302752286195755,0.0,0.09162749350070953,0.0001,1e-05,50.326,3.4758,0.6363
5773,stage2,3,0.09895289689302444,0.2723194658756256,0.0,0.09895289689302444,0.0001,1e-05,50.33,3.5721,0.6425
5774,stage2,3,0.09776033461093903,0.29326775670051575,0.0,0.09776033461093903,0.0001,1e-05,50.329,3.7499,0.6312
5775,stage2,3,0.11116931587457657,0.3023502230644226,0.0,0.11116931587457657,0.0001,1e-05,50.327,3.3235,3.7607
5776,stage2,3,0.0931730717420578,0.27843910455703735,0.0,0.0931730717420578,0.0001,1e-05,50.325,3.6051,0.6352
5777,stage2,3,0.09087585657835007,0.3099154531955719,0.0,0.09087585657835007,0.0001,1e-05,50.33,2.4468,0.6356
5778,stage2,3,0.0904126688838005,0.3041571378707886,0.0,0.0904126688838005,0.0001,1e-05,50.329,2.8949,0.6352
5779,stage2,3,0.08397359400987625,0.32366275787353516,0.0,0.08397359400987625,0.0001,1e-05,50.329,2.5872,0.6367
5780,stage2,3,0.0943870022892952,0.30319997668266296,0.0,0.0943870022892952,0.0001,1e-05,50.329,2.7839,0.6368
5781,stage2,3,0.09391685575246811,0.30505967140197754,0.0,0.09391685575246811,0.0001,1e-05,50.329,2.9586,0.6367
5782,stage2,3,0.08810659497976303,0.30587634444236755,0.0,0.08810659497976303,0.0001,1e-05,50.332,2.296,0.6374
5783,stage2,3,0.08509178459644318,0.2862095534801483,0.0,0.08509178459644318,0.0001,1e-05,50.327,2.2079,3.8469
5784,stage2,3,0.08233873546123505,0.287294864654541,0.0,0.08233873546123505,0.0001,1e-05,50.328,2.5115,0.6349
5785,stage2,3,0.0992928072810173,0.29364728927612305,0.0,0.0992928072810173,0.0001,1e-05,50.329,3.5283,0.6354
5786,stage2,3,0.08640816062688828,0.2985762059688568,0.0,0.08640816062688828,0.0001,1e-05,50.329,2.7918,0.6364
5787,stage2,3,0.08496183156967163,0.31036368012428284,0.0,0.08496183156967163,0.0001,1e-05,50.33,2.7713,0.636
5788,stage2,3,0.09481246024370193,0.268739253282547,0.0,0.09481246024370193,0.0001,1e-05,50.329,2.6421,0.6364
5789,stage2,3,0.10559828579425812,0.31645140051841736,0.0,0.10559828579425812,0.0001,1e-05,50.328,3.4995,0.6366
5790,stage2,3,0.10894757509231567,0.3112584054470062,0.0,0.10894757509231567,0.0001,1e-05,50.327,4.5128,0.641
5791,stage2,3,0.11315460503101349,0.3025553226470947,0.0,0.11315460503101349,0.0001,1e-05,50.328,4.6079,3.8957
5792,stage2,3,0.08626812696456909,0.25619566440582275,0.0,0.08626812696456909,0.0001,1e-05,50.331,2.621,0.6342
5793,stage2,3,0.09919589012861252,0.29144659638404846,0.0,0.09919589012861252,0.0001,1e-05,50.326,3.5305,0.6348
5794,stage2,3,0.10429539531469345,0.3086329698562622,0.0,0.10429539531469345,0.0001,1e-05,50.328,3.3467,0.6353
5795,stage2,3,0.1064535602927208,0.311068058013916,0.0,0.1064535602927208,0.0001,1e-05,50.329,4.135,0.6361
5796,stage2,3,0.09606622159481049,0.24397940933704376,0.0,0.09606622159481049,0.0001,1e-05,50.326,2.7835,0.637
5797,stage2,3,0.11345132440328598,0.2771257758140564,0.0,0.11345132440328598,0.0001,1e-05,50.329,3.1712,0.6367
5798,stage2,3,0.0888851061463356,0.2856948971748352,0.0,0.0888851061463356,0.0001,1e-05,50.329,2.4628,0.6402
5799,stage2,3,0.09620365500450134,0.2909632623195648,0.0,0.09620365500450134,0.0001,1e-05,50.33,3.1071,3.8829
5800,stage2,3,0.0891265869140625,0.28165310621261597,0.0,0.0891265869140625,0.0001,1e-05,50.326,2.547,0.6346
5801,stage2,3,0.07416819781064987,0.3108384609222412,0.0,0.07416819781064987,0.0001,1e-05,50.328,2.4136,0.6354
5802,stage2,3,0.10743201524019241,0.2817098796367645,0.0,0.10743201524019241,0.0001,1e-05,50.331,2.4205,0.6358
5803,stage2,3,0.08772822469472885,0.2890787124633789,0.0,0.08772822469472885,0.0001,1e-05,50.331,2.7355,0.6366
5804,stage2,3,0.10927291214466095,0.2784903347492218,0.0,0.10927291214466095,0.0001,1e-05,50.327,2.9187,0.6369
5805,stage2,3,0.09971983730792999,0.2861979007720947,0.0,0.09971983730792999,0.0001,1e-05,50.33,3.4837,0.6368
5806,stage2,3,0.09010017663240433,0.27598196268081665,0.0,0.09010017663240433,0.0001,1e-05,50.328,2.6023,0.6378
5807,stage2,3,0.09678259491920471,0.28488850593566895,0.0,0.09678259491920471,0.0001,1e-05,50.329,2.538,3.9033
5808,stage2,3,0.0943351536989212,0.29764798283576965,0.0,0.0943351536989212,0.0001,1e-05,50.33,2.9531,0.6353
5809,stage2,3,0.09457694739103317,0.29257646203041077,0.0,0.09457694739103317,0.0001,1e-05,50.332,3.2672,0.6363
5810,stage2,3,0.0979309007525444,0.28153863549232483,0.0,0.0979309007525444,0.0001,1e-05,50.325,3.2022,0.6359
5811,stage2,3,0.11038341373205185,0.28763747215270996,0.0,0.11038341373205185,0.0001,1e-05,50.332,3.317,0.6361
5812,stage2,3,0.08263415843248367,0.27365514636039734,0.0,0.08263415843248367,0.0001,1e-05,50.327,2.32,0.6365
5813,stage2,3,0.09814131259918213,0.29640495777130127,0.0,0.09814131259918213,0.0001,1e-05,50.331,2.8268,0.6374
5814,stage2,3,0.08981055021286011,0.2758546471595764,0.0,0.08981055021286011,0.0001,1e-05,50.329,2.8283,0.638
5815,stage2,3,0.08445315062999725,0.29881900548934937,0.0,0.08445315062999725,0.0001,1e-05,50.325,2.981,3.8535
5816,stage2,3,0.096677266061306,0.30605003237724304,0.0,0.096677266061306,0.0001,1e-05,50.328,3.2094,0.6346
5817,stage2,3,0.10518637299537659,0.2865336537361145,0.0,0.10518637299537659,0.0001,1e-05,50.328,3.1986,0.6357
5818,stage2,3,0.08957981318235397,0.3231973648071289,0.0,0.08957981318235397,0.0001,1e-05,50.327,2.6573,0.6354
5819,stage2,3,0.09131655842065811,0.2773119807243347,0.0,0.09131655842065811,0.0001,1e-05,50.329,2.5793,0.6358
5820,stage2,3,0.08825024962425232,0.3064831495285034,0.0,0.08825024962425232,0.0001,1e-05,50.327,2.7443,0.6371
5821,stage2,3,0.08811604976654053,0.32005396485328674,0.0,0.08811604976654053,0.0001,1e-05,50.328,2.9533,0.6371
5822,stage2,3,0.08291236311197281,0.3076956570148468,0.0,0.08291236311197281,0.0001,1e-05,50.326,2.2567,0.6377
5823,stage2,3,0.10363772511482239,0.30354946851730347,0.0,0.10363772511482239,0.0001,1e-05,50.328,4.012,3.712
5824,stage2,3,0.09584732353687286,0.3035779893398285,0.0,0.09584732353687286,0.0001,1e-05,50.327,2.6928,0.635
5825,stage2,3,0.08614890277385712,0.29909777641296387,0.0,0.08614890277385712,0.0001,1e-05,50.33,2.3484,0.6357
5826,stage2,3,0.08310261368751526,0.3088931441307068,0.0,0.08310261368751526,0.0001,1e-05,50.326,2.4032,0.6366
5827,stage2,3,0.08931467682123184,0.29246947169303894,0.0,0.08931467682123184,0.0001,1e-05,50.33,2.7496,0.637
5828,stage2,3,0.10303343832492828,0.2793023884296417,0.0,0.10303343832492828,0.0001,1e-05,50.326,4.3477,0.6368
5829,stage2,3,0.09354862570762634,0.3038100004196167,0.0,0.09354862570762634,0.0001,1e-05,50.328,3.6903,0.637
5830,stage2,3,0.09651115536689758,0.29147717356681824,0.0,0.09651115536689758,0.0001,1e-05,50.327,2.9818,0.6404
5831,stage2,3,0.09489766508340836,0.314439982175827,0.0,0.09489766508340836,0.0001,1e-05,50.327,3.4161,3.8306
5832,stage2,3,0.09868059307336807,0.2599774897098541,0.0,0.09868059307336807,0.0001,1e-05,50.325,2.9342,0.6356
5833,stage2,3,0.0798582211136818,0.2910607159137726,0.0,0.0798582211136818,0.0001,1e-05,50.328,2.1655,0.636
5834,stage2,3,0.09846862405538559,0.2823060154914856,0.0,0.09846862405538559,0.0001,1e-05,50.326,2.6761,0.6358
5835,stage2,3,0.0884183943271637,0.2935682535171509,0.0,0.0884183943271637,0.0001,1e-05,50.329,2.5279,0.6375
5836,stage2,3,0.09205876290798187,0.28669804334640503,0.0,0.09205876290798187,0.0001,1e-05,50.326,2.676,0.6372
5837,stage2,3,0.09619837999343872,0.3120529353618622,0.0,0.09619837999343872,0.0001,1e-05,50.327,2.9129,0.6375
5838,stage2,3,0.1112438216805458,0.2855716049671173,0.0,0.1112438216805458,0.0001,1e-05,50.329,3.2085,0.6378
5839,stage2,3,0.10511697828769684,0.3042033016681671,0.0,0.10511697828769684,0.0001,1e-05,50.326,2.9719,4.0041
5840,stage2,3,0.10669159144163132,0.3012326657772064,0.0,0.10669159144163132,0.0001,1e-05,50.327,2.9078,0.636
5841,stage2,3,0.09653833508491516,0.29100918769836426,0.0,0.09653833508491516,0.0001,1e-05,50.331,2.7176,0.6358
5842,stage2,3,0.08941538631916046,0.270324170589447,0.0,0.08941538631916046,0.0001,1e-05,50.332,2.3738,0.6356
5843,stage2,3,0.09009931981563568,0.31850799918174744,0.0,0.09009931981563568,0.0001,1e-05,50.33,2.9539,0.6358
5844,stage2,3,0.08459107577800751,0.2650846838951111,0.0,0.08459107577800751,0.0001,1e-05,50.328,2.6072,0.6368
5845,stage2,3,0.09315583854913712,0.2888963222503662,0.0,0.09315583854913712,0.0001,1e-05,50.326,2.5169,0.6375
5846,stage2,3,0.09504574537277222,0.29200080037117004,0.0,0.09504574537277222,0.0001,1e-05,50.327,3.039,0.637
5847,stage2,3,0.09181332588195801,0.3044816553592682,0.0,0.09181332588195801,0.0001,1e-05,50.328,2.457,3.841
5848,stage2,3,0.08276121318340302,0.2773166000843048,0.0,0.08276121318340302,0.0001,1e-05,50.328,2.7096,0.6353
5849,stage2,3,0.09777750819921494,0.27748456597328186,0.0,0.09777750819921494,0.0001,1e-05,50.331,3.1898,0.6349
5850,stage2,3,0.09064020216464996,0.28972119092941284,0.0,0.09064020216464996,0.0001,1e-05,50.327,2.7902,0.6353
5851,stage2,3,0.0941455140709877,0.2918476164340973,0.0,0.0941455140709877,0.0001,1e-05,50.328,3.0136,0.6355
5852,stage2,3,0.0968567430973053,0.29176050424575806,0.0,0.0968567430973053,0.0001,1e-05,50.327,3.188,0.6365
5853,stage2,3,0.09274839609861374,0.2594859302043915,0.0,0.09274839609861374,0.0001,1e-05,50.328,2.382,0.636
5854,stage2,3,0.1043361946940422,0.2896405756473541,0.0,0.1043361946940422,0.0001,1e-05,50.328,2.6881,0.6383
5855,stage2,3,0.08953099697828293,0.28828269243240356,0.0,0.08953099697828293,0.0001,1e-05,50.327,2.6658,3.7467
5856,stage2,3,0.08022628724575043,0.286852091550827,0.0,0.08022628724575043,0.0001,1e-05,50.329,2.5745,0.6346
5857,stage2,3,0.10337316244840622,0.2679687440395355,0.0,0.10337316244840622,0.0001,1e-05,50.322,2.9193,0.6358
5858,stage2,3,0.09923844039440155,0.293975830078125,0.0,0.09923844039440155,0.0001,1e-05,50.327,2.4767,0.6369
5859,stage2,3,0.10017033666372299,0.2898290753364563,0.0,0.10017033666372299,0.0001,1e-05,50.325,3.2191,0.6365
5860,stage2,3,0.09183040261268616,0.26672154664993286,0.0,0.09183040261268616,0.0001,1e-05,50.328,2.8313,0.6371
5861,stage2,3,0.08440636843442917,0.28869739174842834,0.0,0.08440636843442917,0.0001,1e-05,50.328,2.3501,0.6372
5862,stage2,3,0.09567711502313614,0.2875687777996063,0.0,0.09567711502313614,0.0001,1e-05,50.326,3.2432,0.6369
5863,stage2,3,0.09133094549179077,0.31630563735961914,0.0,0.09133094549179077,0.0001,1e-05,50.33,2.6666,4.0547
5864,stage2,3,0.10346801578998566,0.2943732738494873,0.0,0.10346801578998566,0.0001,1e-05,50.327,3.9672,0.6352
5865,stage2,3,0.08622558414936066,0.3045561909675598,0.0,0.08622558414936066,0.0001,1e-05,50.33,2.7296,0.635
5866,stage2,3,0.08970919996500015,0.2832719385623932,0.0,0.08970919996500015,0.0001,1e-05,50.33,2.4997,0.6357
5867,stage2,3,0.07677892595529556,0.30255982279777527,0.0,0.07677892595529556,0.0001,1e-05,50.327,2.6483,0.6357
5868,stage2,3,0.09510422497987747,0.2751504182815552,0.0,0.09510422497987747,0.0001,1e-05,50.331,3.2548,0.6367
5869,stage2,3,0.08333612233400345,0.27158984541893005,0.0,0.08333612233400345,0.0001,1e-05,50.328,2.5333,0.6369
5870,stage2,3,0.094989113509655,0.30048927664756775,0.0,0.094989113509655,0.0001,1e-05,50.329,3.145,0.6371
5871,stage2,3,0.09824640303850174,0.31436529755592346,0.0,0.09824640303850174,0.0001,1e-05,50.327,3.3071,4.0619
5872,stage2,3,0.10871186852455139,0.3195204436779022,0.0,0.10871186852455139,0.0001,1e-05,50.328,2.8737,0.6345
5873,stage2,3,0.08930923789739609,0.27683693170547485,0.0,0.08930923789739609,0.0001,1e-05,50.327,2.7706,0.635
5874,stage2,3,0.09891698509454727,0.30013060569763184,0.0,0.09891698509454727,0.0001,1e-05,50.331,2.7852,0.6361
5875,stage2,3,0.09070168435573578,0.30567917227745056,0.0,0.09070168435573578,0.0001,1e-05,50.327,2.8668,0.6358
5876,stage2,3,0.11083879321813583,0.2884177267551422,0.0,0.11083879321813583,0.0001,1e-05,50.326,3.3559,0.6366
5877,stage2,3,0.10577738285064697,0.3095911741256714,0.0,0.10577738285064697,0.0001,1e-05,50.323,3.9156,0.6367
5878,stage2,3,0.09249170124530792,0.3398585319519043,0.0,0.09249170124530792,0.0001,1e-05,50.327,2.8942,0.6375
5879,stage2,3,0.0988844782114029,0.28630632162094116,0.0,0.0988844782114029,0.0001,1e-05,50.329,3.684,3.9139
5880,stage2,3,0.07740089297294617,0.28821277618408203,0.0,0.07740089297294617,0.0001,1e-05,50.328,2.2927,0.6344
5881,stage2,3,0.09737169742584229,0.29977333545684814,0.0,0.09737169742584229,0.0001,1e-05,50.325,2.8806,0.6352
5882,stage2,3,0.07817281037569046,0.27722296118736267,0.0,0.07817281037569046,0.0001,1e-05,50.324,2.6347,0.6358
5883,stage2,3,0.08618670701980591,0.2920853793621063,0.0,0.08618670701980591,0.0001,1e-05,50.328,2.8217,0.6356
5884,stage2,3,0.0969555526971817,0.31592226028442383,0.0,0.0969555526971817,0.0001,1e-05,50.328,3.0453,0.6369
5885,stage2,3,0.08859843760728836,0.2856508493423462,0.0,0.08859843760728836,0.0001,1e-05,50.327,2.877,0.6369
5886,stage2,3,0.09305977076292038,0.284329891204834,0.0,0.09305977076292038,0.0001,1e-05,50.327,3.3363,0.6374
5887,stage2,3,0.08231581002473831,0.2747882306575775,0.0,0.08231581002473831,0.0001,1e-05,50.333,3.1295,3.854
5888,stage2,3,0.09762846678495407,0.2888767123222351,0.0,0.09762846678495407,0.0001,1e-05,50.33,2.8843,0.6352
5889,stage2,3,0.0950453132390976,0.2892969846725464,0.0,0.0950453132390976,0.0001,1e-05,50.329,3.1596,0.6352
5890,stage2,3,0.09556783735752106,0.31148263812065125,0.0,0.09556783735752106,0.0001,1e-05,50.326,2.74,0.6359
5891,stage2,3,0.09420200437307358,0.2881005108356476,0.0,0.09420200437307358,0.0001,1e-05,50.325,3.0003,0.6363
5892,stage2,3,0.08625908195972443,0.2949821650981903,0.0,0.08625908195972443,0.0001,1e-05,50.328,2.4284,0.6364
5893,stage2,3,0.09692099690437317,0.2901744544506073,0.0,0.09692099690437317,0.0001,1e-05,50.326,2.6811,0.6368
5894,stage2,3,0.10347611457109451,0.29773953557014465,0.0,0.10347611457109451,0.0001,1e-05,50.328,2.9566,0.6374
5895,stage2,3,0.1041158139705658,0.29648348689079285,0.0,0.1041158139705658,0.0001,1e-05,50.33,3.0667,3.8345
5896,stage2,3,0.10461083054542542,0.2843802869319916,0.0,0.10461083054542542,0.0001,1e-05,50.328,4.1684,0.6346
5897,stage2,3,0.09521687775850296,0.281110554933548,0.0,0.09521687775850296,0.0001,1e-05,50.329,2.6366,0.6355
5898,stage2,3,0.09886051714420319,0.3149765133857727,0.0,0.09886051714420319,0.0001,1e-05,50.328,3.3062,0.6363
5899,stage2,3,0.09000326693058014,0.29095202684402466,0.0,0.09000326693058014,0.0001,1e-05,50.321,3.0555,0.6366
5900,stage2,3,0.07360168546438217,0.2969019412994385,0.0,0.07360168546438217,0.0001,1e-05,50.326,2.038,0.637
5901,stage2,3,0.08862713724374771,0.27821898460388184,0.0,0.08862713724374771,0.0001,1e-05,50.326,2.4827,0.637
5902,stage2,3,0.09520791471004486,0.33445829153060913,0.0,0.09520791471004486,0.0001,1e-05,50.327,3.203,0.6376
5903,stage2,3,0.0901598110795021,0.2730945944786072,0.0,0.0901598110795021,0.0001,1e-05,50.326,2.6884,3.795
5904,stage2,3,0.09629067778587341,0.2927413284778595,0.0,0.09629067778587341,0.0001,1e-05,50.326,3.2157,0.6352
5905,stage2,3,0.0951574519276619,0.3073597550392151,0.0,0.0951574519276619,0.0001,1e-05,50.327,2.8754,0.6357
5906,stage2,3,0.08017151802778244,0.2743123471736908,0.0,0.08017151802778244,0.0001,1e-05,50.328,2.7509,0.6406
5907,stage2,3,0.08272740989923477,0.2862476706504822,0.0,0.08272740989923477,0.0001,1e-05,50.326,2.4939,0.6374
5908,stage2,3,0.11396197974681854,0.2809354364871979,0.0,0.11396197974681854,0.0001,1e-05,50.329,3.3513,0.6366
5909,stage2,3,0.08881954848766327,0.26954618096351624,0.0,0.08881954848766327,0.0001,1e-05,50.325,2.4965,0.6372
5910,stage2,3,0.09591259062290192,0.28838127851486206,0.0,0.09591259062290192,0.0001,1e-05,50.324,2.3607,0.638
5911,stage2,3,0.08242709189653397,0.29326146841049194,0.0,0.08242709189653397,0.0001,1e-05,50.328,2.4244,3.8044
5912,stage2,3,0.11052696406841278,0.2682023048400879,0.0,0.11052696406841278,0.0001,1e-05,50.33,3.2675,0.6349
5913,stage2,3,0.09103133529424667,0.3078097999095917,0.0,0.09103133529424667,0.0001,1e-05,50.327,2.4221,0.6359
5914,stage2,3,0.08310805261135101,0.2784419357776642,0.0,0.08310805261135101,0.0001,1e-05,50.328,2.6511,0.6387
5915,stage2,3,0.10078222304582596,0.3034093677997589,0.0,0.10078222304582596,0.0001,1e-05,50.331,2.9417,0.6368
5916,stage2,3,0.0931677520275116,0.2949681878089905,0.0,0.0931677520275116,0.0001,1e-05,50.328,2.4024,0.6371
5917,stage2,3,0.09096190333366394,0.27871832251548767,0.0,0.09096190333366394,0.0001,1e-05,50.329,2.5289,0.6369
5918,stage2,3,0.10526441782712936,0.2542978525161743,0.0,0.10526441782712936,0.0001,1e-05,50.327,3.1826,0.6373
5919,stage2,3,0.11021366715431213,0.28991585969924927,0.0,0.11021366715431213,0.0001,1e-05,50.33,3.6988,3.8098
5920,stage2,3,0.10860135406255722,0.2991849184036255,0.0,0.10860135406255722,0.0001,1e-05,50.324,3.294,0.6348
5921,stage2,3,0.09851588308811188,0.2841607928276062,0.0,0.09851588308811188,0.0001,1e-05,50.327,2.5809,0.6352
5922,stage2,3,0.09659222513437271,0.29000842571258545,0.0,0.09659222513437271,0.0001,1e-05,50.33,2.3774,0.6363
5923,stage2,3,0.0964270606637001,0.29270464181900024,0.0,0.0964270606637001,0.0001,1e-05,50.33,2.7897,0.6362
5924,stage2,3,0.0893525555729866,0.29199865460395813,0.0,0.0893525555729866,0.0001,1e-05,50.328,2.6518,0.6363
5925,stage2,3,0.09135477244853973,0.2935342788696289,0.0,0.09135477244853973,0.0001,1e-05,50.331,2.7364,0.6368
5926,stage2,3,0.10195399075746536,0.27085447311401367,0.0,0.10195399075746536,0.0001,1e-05,50.326,3.5014,0.637
5927,stage2,3,0.08978897333145142,0.289315402507782,0.0,0.08978897333145142,0.0001,1e-05,50.328,2.8434,3.8137
5928,stage2,3,0.09330473095178604,0.28844499588012695,0.0,0.09330473095178604,0.0001,1e-05,50.327,2.7828,0.6357
5929,stage2,3,0.08911704272031784,0.26443278789520264,0.0,0.08911704272031784,0.0001,1e-05,50.327,2.6263,0.6367
5930,stage2,3,0.09121506661176682,0.28327858448028564,0.0,0.09121506661176682,0.0001,1e-05,50.332,2.3871,0.6369
5931,stage2,3,0.10956025868654251,0.27363070845603943,0.0,0.10956025868654251,0.0001,1e-05,50.326,4.104,0.6364
5932,stage2,3,0.08409847319126129,0.29765358567237854,0.0,0.08409847319126129,0.0001,1e-05,50.327,2.6795,0.6374
5933,stage2,3,0.09493520110845566,0.29894348978996277,0.0,0.09493520110845566,0.0001,1e-05,50.33,3.2294,0.6372
5934,stage2,3,0.0884944349527359,0.3171007037162781,0.0,0.0884944349527359,0.0001,1e-05,50.33,1.9987,0.6377
5935,stage2,3,0.08217979222536087,0.31154412031173706,0.0,0.08217979222536087,0.0001,1e-05,50.327,1.9541,3.8169
5936,stage2,3,0.09946382790803909,0.283890962600708,0.0,0.09946382790803909,0.0001,1e-05,50.328,3.1562,0.635
5937,stage2,3,0.08860716223716736,0.2969401180744171,0.0,0.08860716223716736,0.0001,1e-05,50.326,2.1128,0.6353
5938,stage2,3,0.10123318433761597,0.3018304109573364,0.0,0.10123318433761597,0.0001,1e-05,50.331,2.7832,0.636
5939,stage2,3,0.08230852335691452,0.2800179719924927,0.0,0.08230852335691452,0.0001,1e-05,50.326,2.3929,0.6367
5940,stage2,3,0.08444163203239441,0.29909366369247437,0.0,0.08444163203239441,0.0001,1e-05,50.325,2.4629,0.6368
5941,stage2,3,0.11081515997648239,0.289552241563797,0.0,0.11081515997648239,0.0001,1e-05,50.329,3.1793,0.6375
5942,stage2,3,0.08525997400283813,0.28582581877708435,0.0,0.08525997400283813,0.0001,1e-05,50.321,2.397,0.6376
5943,stage2,3,0.08895853906869888,0.3045462965965271,0.0,0.08895853906869888,0.0001,1e-05,50.327,2.9497,3.7026
5944,stage2,3,0.0958193764090538,0.3005068600177765,0.0,0.0958193764090538,0.0001,1e-05,50.328,3.015,0.6351
5945,stage2,3,0.09085509181022644,0.2970503568649292,0.0,0.09085509181022644,0.0001,1e-05,50.329,2.4303,0.636
5946,stage2,3,0.07548270374536514,0.31154361367225647,0.0,0.07548270374536514,0.0001,1e-05,50.328,2.8483,0.6404
5947,stage2,3,0.09284062683582306,0.29493266344070435,0.0,0.09284062683582306,0.0001,1e-05,50.328,2.953,0.6361
5948,stage2,3,0.1057123988866806,0.2924315631389618,0.0,0.1057123988866806,0.0001,1e-05,50.328,3.3519,0.6367
5949,stage2,3,0.08671747148036957,0.29173019528388977,0.0,0.08671747148036957,0.0001,1e-05,50.327,2.8437,0.6369
5950,stage2,3,0.09729616343975067,0.309571772813797,0.0,0.09729616343975067,0.0001,1e-05,50.324,2.802,0.6374
5951,stage2,3,0.10009528696537018,0.2886616289615631,0.0,0.10009528696537018,0.0001,1e-05,50.327,2.8801,3.7822
5952,stage2,3,0.12134791910648346,0.28747639060020447,0.0,0.12134791910648346,0.0001,1e-05,50.327,3.5158,0.6354
5953,stage2,3,0.0984828993678093,0.28261905908584595,0.0,0.0984828993678093,0.0001,1e-05,50.328,2.8257,0.6354
5954,stage2,3,0.09344413131475449,0.29616764187812805,0.0,0.09344413131475449,0.0001,1e-05,50.328,2.9068,0.6366
5955,stage2,3,0.08744200319051743,0.25978028774261475,0.0,0.08744200319051743,0.0001,1e-05,50.326,2.4747,0.6368
5956,stage2,3,0.10179372876882553,0.278191477060318,0.0,0.10179372876882553,0.0001,1e-05,50.327,2.6508,0.6365
5957,stage2,3,0.10512789338827133,0.2753593921661377,0.0,0.10512789338827133,0.0001,1e-05,50.329,3.3997,0.6368
5958,stage2,3,0.10218802094459534,0.3219071328639984,0.0,0.10218802094459534,0.0001,1e-05,50.329,3.0002,0.6374
5959,stage2,3,0.08985726535320282,0.28994256258010864,0.0,0.08985726535320282,0.0001,1e-05,50.33,2.5773,3.9631
5960,stage2,3,0.09734558314085007,0.27781036496162415,0.0,0.09734558314085007,0.0001,1e-05,50.333,2.879,0.6346
5961,stage2,3,0.10063233226537704,0.2795448303222656,0.0,0.10063233226537704,0.0001,1e-05,50.331,3.3044,0.6347
5962,stage2,3,0.08815570920705795,0.3003426194190979,0.0,0.08815570920705795,0.0001,1e-05,50.33,2.7465,0.6362
5963,stage2,3,0.10036732256412506,0.29584500193595886,0.0,0.10036732256412506,0.0001,1e-05,50.325,2.7719,0.6361
5964,stage2,3,0.09479204565286636,0.33274784684181213,0.0,0.09479204565286636,0.0001,1e-05,50.331,2.7888,0.636
5965,stage2,3,0.08422364294528961,0.3042968809604645,0.0,0.08422364294528961,0.0001,1e-05,50.33,2.5482,0.6367
5966,stage2,3,0.09753990173339844,0.2956676185131073,0.0,0.09753990173339844,0.0001,1e-05,50.327,2.7354,0.6377
5967,stage2,3,0.08295635133981705,0.28659215569496155,0.0,0.08295635133981705,0.0001,1e-05,50.327,2.0158,3.8859
5968,stage2,3,0.07236697524785995,0.272914856672287,0.0,0.07236697524785995,0.0001,1e-05,50.328,2.439,0.6345
5969,stage2,3,0.0837225690484047,0.31666991114616394,0.0,0.0837225690484047,0.0001,1e-05,50.33,2.5276,0.6348
5970,stage2,3,0.08674239367246628,0.2697172462940216,0.0,0.08674239367246628,0.0001,1e-05,50.33,2.3201,0.6357
5971,stage2,3,0.09474615007638931,0.28427278995513916,0.0,0.09474615007638931,0.0001,1e-05,50.332,2.7907,0.636
5972,stage2,3,0.0921589657664299,0.3001267611980438,0.0,0.0921589657664299,0.0001,1e-05,50.327,2.6042,0.6363
5973,stage2,3,0.08930414170026779,0.26309117674827576,0.0,0.08930414170026779,0.0001,1e-05,50.328,2.2925,0.6365
5974,stage2,3,0.08097706735134125,0.24971391260623932,0.0,0.08097706735134125,0.0001,1e-05,50.328,2.3475,0.636
5975,stage2,3,0.09840943664312363,0.33687540888786316,0.0,0.09840943664312363,0.0001,1e-05,50.331,2.7496,3.9001
5976,stage2,3,0.10051427781581879,0.2999042570590973,0.0,0.10051427781581879,0.0001,1e-05,50.328,3.2456,0.6346
5977,stage2,3,0.08991789817810059,0.2721019387245178,0.0,0.08991789817810059,0.0001,1e-05,50.328,3.0652,0.6355
5978,stage2,3,0.08171544969081879,0.2924022376537323,0.0,0.08171544969081879,0.0001,1e-05,50.331,2.4482,0.6387
5979,stage2,3,0.10428544878959656,0.3441590666770935,0.0,0.10428544878959656,0.0001,1e-05,50.331,3.32,0.636
5980,stage2,3,0.10194479674100876,0.2957618832588196,0.0,0.10194479674100876,0.0001,1e-05,50.331,3.1871,0.636
5981,stage2,3,0.10945722460746765,0.30001360177993774,0.0,0.10945722460746765,0.0001,1e-05,50.327,4.0805,0.6372
5982,stage2,3,0.07661984115839005,0.3027089536190033,0.0,0.07661984115839005,0.0001,1e-05,50.329,2.4492,0.6371
5983,stage2,3,0.10910472273826599,0.286023885011673,0.0,0.10910472273826599,0.0001,1e-05,50.334,3.4243,3.8952
5984,stage2,3,0.09637423604726791,0.2745739221572876,0.0,0.09637423604726791,0.0001,1e-05,50.33,3.1937,0.6345
5985,stage2,3,0.08417780697345734,0.3111909031867981,0.0,0.08417780697345734,0.0001,1e-05,50.329,2.8163,0.6355
5986,stage2,3,0.10383656620979309,0.2885482907295227,0.0,0.10383656620979309,0.0001,1e-05,50.33,4.0256,0.6356
5987,stage2,3,0.08734767138957977,0.28581053018569946,0.0,0.08734767138957977,0.0001,1e-05,50.329,2.8365,0.6355
5988,stage2,3,0.08338761329650879,0.31548601388931274,0.0,0.08338761329650879,0.0001,1e-05,50.328,2.6406,0.6354
5989,stage2,3,0.09034962207078934,0.2924785912036896,0.0,0.09034962207078934,0.0001,1e-05,50.33,2.7203,0.6368
5990,stage2,3,0.10310901701450348,0.3050712049007416,0.0,0.10310901701450348,0.0001,1e-05,50.33,3.1641,0.637
5991,stage2,3,0.07867735624313354,0.28049516677856445,0.0,0.07867735624313354,0.0001,1e-05,50.331,2.7752,3.9338
5992,stage2,3,0.08318722248077393,0.29157498478889465,0.0,0.08318722248077393,0.0001,1e-05,50.328,2.5886,0.634
5993,stage2,3,0.0914936438202858,0.28788742423057556,0.0,0.0914936438202858,0.0001,1e-05,50.327,2.9487,0.635
5994,stage2,3,0.09220618009567261,0.27800416946411133,0.0,0.09220618009567261,0.0001,1e-05,50.327,2.8454,0.6352
5995,stage2,3,0.09653221070766449,0.2915720045566559,0.0,0.09653221070766449,0.0001,1e-05,50.326,2.914,0.6355
5996,stage2,3,0.0931471586227417,0.3014764189720154,0.0,0.0931471586227417,0.0001,1e-05,50.329,2.5319,0.6353
5997,stage2,3,0.09797945618629456,0.27743107080459595,0.0,0.09797945618629456,0.0001,1e-05,50.329,3.0817,0.6363
5998,stage2,3,0.10612303763628006,0.27389299869537354,0.0,0.10612303763628006,0.0001,1e-05,50.33,3.6539,0.636
5999,stage2,3,0.09936664253473282,0.302476167678833,0.0,0.09936664253473282,0.0001,1e-05,50.329,3.6209,3.8252
6000,stage2,3,0.09424740076065063,0.2918989956378937,0.0,0.09424740076065063,0.0001,1e-05,50.325,3.2043,0.634
6001,stage2,3,0.09880810976028442,0.29585304856300354,0.0,0.09880810976028442,0.0001,1e-05,50.323,3.1662,0.635
6002,stage2,3,0.08315391093492508,0.26723894476890564,0.0,0.08315391093492508,0.0001,1e-05,50.33,2.8185,0.6352
6003,stage2,3,0.09981094300746918,0.28810128569602966,0.0,0.09981094300746918,0.0001,1e-05,50.324,3.048,0.6361
6004,stage2,3,0.0881449356675148,0.2650406062602997,0.0,0.0881449356675148,0.0001,1e-05,50.33,2.6374,0.6355
6005,stage2,3,0.06882733851671219,0.3054088056087494,0.0,0.06882733851671219,0.0001,1e-05,50.326,2.262,0.6394
6006,stage2,3,0.08905117958784103,0.26526734232902527,0.0,0.08905117958784103,0.0001,1e-05,50.328,2.7117,0.6321
6007,stage2,3,0.08622393012046814,0.2860853374004364,0.0,0.08622393012046814,0.0001,1e-05,50.325,3.024,3.8307
6008,stage2,3,0.09045522660017014,0.3033561110496521,0.0,0.09045522660017014,0.0001,1e-05,50.328,2.7247,0.6348
6009,stage2,3,0.09655117243528366,0.315024197101593,0.0,0.09655117243528366,0.0001,1e-05,50.33,2.7436,0.6348
6010,stage2,3,0.09195307642221451,0.32358962297439575,0.0,0.09195307642221451,0.0001,1e-05,50.329,3.4058,0.6353
6011,stage2,3,0.09463941305875778,0.29254150390625,0.0,0.09463941305875778,0.0001,1e-05,50.327,2.8199,0.6354
6012,stage2,3,0.07887784391641617,0.276926726102829,0.0,0.07887784391641617,0.0001,1e-05,50.33,2.7382,0.6363
6013,stage2,3,0.0948333889245987,0.2687946557998657,0.0,0.0948333889245987,0.0001,1e-05,50.329,2.856,0.6365
6014,stage2,3,0.09054801613092422,0.28509148955345154,0.0,0.09054801613092422,0.0001,1e-05,50.331,2.7808,0.6369
6015,stage2,3,0.09940647333860397,0.29237475991249084,0.0,0.09940647333860397,0.0001,1e-05,50.328,3.4135,3.8158
6016,stage2,3,0.08056822419166565,0.29907968640327454,0.0,0.08056822419166565,0.0001,1e-05,50.332,2.2629,0.6341
6017,stage2,3,0.09606589376926422,0.2849422097206116,0.0,0.09606589376926422,0.0001,1e-05,50.326,2.5901,0.6348
6018,stage2,3,0.09127224236726761,0.30463936924934387,0.0,0.09127224236726761,0.0001,1e-05,50.329,2.9951,0.6359
6019,stage2,3,0.09306607395410538,0.2695012390613556,0.0,0.09306607395410538,0.0001,1e-05,50.328,2.7763,0.6357
6020,stage2,3,0.09675639867782593,0.28395310044288635,0.0,0.09675639867782593,0.0001,1e-05,50.326,2.6935,0.6361
6021,stage2,3,0.08027949929237366,0.29159438610076904,0.0,0.08027949929237366,0.0001,1e-05,50.328,2.4137,0.6365
6022,stage2,3,0.09309571981430054,0.28143298625946045,0.0,0.09309571981430054,0.0001,1e-05,50.329,3.0631,0.6366
6023,stage2,3,0.10534127801656723,0.2925998568534851,0.0,0.10534127801656723,0.0001,1e-05,50.328,2.9914,3.9126
6024,stage2,3,0.08486703038215637,0.302541583776474,0.0,0.08486703038215637,0.0001,1e-05,50.329,2.6332,0.6341
6025,stage2,3,0.09564051777124405,0.31394287943840027,0.0,0.09564051777124405,0.0001,1e-05,50.326,2.939,0.6351
6026,stage2,3,0.09934684634208679,0.3104700744152069,0.0,0.09934684634208679,0.0001,1e-05,50.328,3.2037,0.6359
6027,stage2,3,0.08858149498701096,0.2618522047996521,0.0,0.08858149498701096,0.0001,1e-05,50.328,3.1795,0.6363
6028,stage2,3,0.10423383116722107,0.2760012447834015,0.0,0.10423383116722107,0.0001,1e-05,50.328,3.0614,0.6364
6029,stage2,3,0.08699099719524384,0.2820723354816437,0.0,0.08699099719524384,0.0001,1e-05,50.328,2.4267,0.6365
6030,stage2,3,0.08510972559452057,0.2944752871990204,0.0,0.08510972559452057,0.0001,1e-05,50.328,2.4638,0.6364
6031,stage2,3,0.09532485157251358,0.2772640287876129,0.0,0.09532485157251358,0.0001,1e-05,50.331,3.2488,3.7269
6032,stage2,3,0.09669147431850433,0.30457955598831177,0.0,0.09669147431850433,0.0001,1e-05,50.326,3.3855,0.6341
6033,stage2,3,0.09750618040561676,0.2798732817173004,0.0,0.09750618040561676,0.0001,1e-05,50.329,3.0094,0.6354
6034,stage2,3,0.09454550594091415,0.2742602527141571,0.0,0.09454550594091415,0.0001,1e-05,50.324,2.4381,0.6353
6035,stage2,3,0.07842578738927841,0.280058354139328,0.0,0.07842578738927841,0.0001,1e-05,50.329,2.534,0.6358
6036,stage2,3,0.08986146003007889,0.2714650630950928,0.0,0.08986146003007889,0.0001,1e-05,50.327,2.8139,0.6358
6037,stage2,3,0.09855622053146362,0.29049065709114075,0.0,0.09855622053146362,0.0001,1e-05,50.325,3.5933,0.6364
6038,stage2,3,0.08386485278606415,0.2676042318344116,0.0,0.08386485278606415,0.0001,1e-05,50.33,2.8933,0.6371
6039,stage2,3,0.09222029894590378,0.2783562242984772,0.0,0.09222029894590378,0.0001,1e-05,50.324,2.7048,3.7519
6040,stage2,3,0.09376978874206543,0.2823823392391205,0.0,0.09376978874206543,0.0001,1e-05,50.326,3.2967,0.6343
6041,stage2,3,0.07932154834270477,0.27958258986473083,0.0,0.07932154834270477,0.0001,1e-05,50.326,2.3295,0.6352
6042,stage2,3,0.08164553344249725,0.2899956703186035,0.0,0.08164553344249725,0.0001,1e-05,50.328,2.2118,0.6354
6043,stage2,3,0.09105295687913895,0.3105945289134979,0.0,0.09105295687913895,0.0001,1e-05,50.329,3.1214,0.6361
6044,stage2,3,0.09467635303735733,0.2879602611064911,0.0,0.09467635303735733,0.0001,1e-05,50.33,3.4302,0.636
6045,stage2,3,0.09608837217092514,0.30249565839767456,0.0,0.09608837217092514,0.0001,1e-05,50.33,3.2418,0.6359
6046,stage2,3,0.09884483367204666,0.2634178698062897,0.0,0.09884483367204666,0.0001,1e-05,50.328,2.9082,0.6387
6047,stage2,3,0.08254080265760422,0.27699780464172363,0.0,0.08254080265760422,0.0001,1e-05,50.331,2.8831,3.8144
6048,stage2,3,0.08171821385622025,0.3062761425971985,0.0,0.08171821385622025,0.0001,1e-05,50.33,2.7444,0.6348
6049,stage2,3,0.08040335774421692,0.3061094284057617,0.0,0.08040335774421692,0.0001,1e-05,50.325,2.1462,0.635
6050,stage2,3,0.09260249137878418,0.2711379826068878,0.0,0.09260249137878418,0.0001,1e-05,50.33,2.8919,0.6412
6051,stage2,3,0.08526874333620071,0.3102874457836151,0.0,0.08526874333620071,0.0001,1e-05,50.328,2.5638,0.6302
6052,stage2,3,0.09847775846719742,0.3065534234046936,0.0,0.09847775846719742,0.0001,1e-05,50.328,2.7593,0.6355
6053,stage2,3,0.0947207510471344,0.27384886145591736,0.0,0.0947207510471344,0.0001,1e-05,50.328,2.6409,0.6364
6054,stage2,3,0.08205311000347137,0.27497008442878723,0.0,0.08205311000347137,0.0001,1e-05,50.326,2.6377,0.6369
6055,stage2,3,0.0913865864276886,0.30571848154067993,0.0,0.0913865864276886,0.0001,1e-05,50.326,3.1035,3.5951
6056,stage2,3,0.09373026341199875,0.2754286527633667,0.0,0.09373026341199875,0.0001,1e-05,50.329,2.8252,0.6325
6057,stage2,3,0.09620320051908493,0.2891012132167816,0.0,0.09620320051908493,0.0001,1e-05,50.33,3.2231,0.6334
6058,stage2,3,0.0963345319032669,0.28562965989112854,0.0,0.0963345319032669,0.0001,1e-05,50.327,2.3408,0.6334
6059,stage2,3,0.08256633579730988,0.30568748712539673,0.0,0.08256633579730988,0.0001,1e-05,50.329,2.52,0.6339
6060,stage2,3,0.08571348339319229,0.3248647451400757,0.0,0.08571348339319229,0.0001,1e-05,50.331,2.5141,0.6332
6061,stage2,3,0.10833991318941116,0.2775908410549164,0.0,0.10833991318941116,0.0001,1e-05,50.33,2.821,0.6337
6062,stage2,4,0.09714380651712418,0.2637976109981537,0.0,0.09714380651712418,0.0001,1e-05,50.33,2.8984,9.5289
6063,stage2,4,0.09269654750823975,0.2874217629432678,0.0,0.09269654750823975,0.0001,1e-05,50.329,2.6805,0.6309
6064,stage2,4,0.09103144705295563,0.31665289402008057,0.0,0.09103144705295563,0.0001,1e-05,50.33,2.7535,0.6313
6065,stage2,4,0.08359785377979279,0.27920252084732056,0.0,0.08359785377979279,0.0001,1e-05,50.33,3.2257,0.6316
6066,stage2,4,0.08355820178985596,0.30354753136634827,0.0,0.08355820178985596,0.0001,1e-05,50.325,2.6776,0.6324
6067,stage2,4,0.08670026063919067,0.2837878465652466,0.0,0.08670026063919067,0.0001,1e-05,50.329,2.7651,0.6333
6068,stage2,4,0.07364894449710846,0.28586265444755554,0.0,0.07364894449710846,0.0001,1e-05,50.326,2.3522,0.6329
6069,stage2,4,0.08828102797269821,0.2830865979194641,0.0,0.08828102797269821,0.0001,1e-05,50.329,2.9132,0.6334
6070,stage2,4,0.0733276903629303,0.29131513833999634,0.0,0.0733276903629303,0.0001,1e-05,50.327,2.1306,3.8264
6071,stage2,4,0.0847332775592804,0.3061472177505493,0.0,0.0847332775592804,0.0001,1e-05,50.331,2.581,0.6318
6072,stage2,4,0.08955959975719452,0.28929653763771057,0.0,0.08955959975719452,0.0001,1e-05,50.327,2.8954,0.6325
6073,stage2,4,0.08829890936613083,0.29663845896720886,0.0,0.08829890936613083,0.0001,1e-05,50.331,2.4877,0.633
6074,stage2,4,0.07819423079490662,0.2969408333301544,0.0,0.07819423079490662,0.0001,1e-05,50.328,2.1458,0.6335
6075,stage2,4,0.08860369026660919,0.3024856448173523,0.0,0.08860369026660919,0.0001,1e-05,50.325,2.8932,0.6338
6076,stage2,4,0.07972133159637451,0.3012722134590149,0.0,0.07972133159637451,0.0001,1e-05,50.327,2.4884,0.6339
6077,stage2,4,0.07612932473421097,0.2933477759361267,0.0,0.07612932473421097,0.0001,1e-05,50.325,2.212,0.6347
6078,stage2,4,0.10145984590053558,0.28664126992225647,0.0,0.10145984590053558,0.0001,1e-05,50.329,3.0489,3.8248
6079,stage2,4,0.1030394583940506,0.3000800907611847,0.0,0.1030394583940506,0.0001,1e-05,50.329,3.224,0.6323
6080,stage2,4,0.09424987435340881,0.27567338943481445,0.0,0.09424987435340881,0.0001,1e-05,50.331,2.7182,0.6332
6081,stage2,4,0.09243139624595642,0.2742149233818054,0.0,0.09243139624595642,0.0001,1e-05,50.329,2.6231,0.6335
6082,stage2,4,0.08370978385210037,0.31128010153770447,0.0,0.08370978385210037,0.0001,1e-05,50.331,2.7272,0.6335
6083,stage2,4,0.08423098176717758,0.32099807262420654,0.0,0.08423098176717758,0.0001,1e-05,50.326,2.968,0.634
6084,stage2,4,0.0820654109120369,0.28727230429649353,0.0,0.0820654109120369,0.0001,1e-05,50.328,2.8568,0.6347
6085,stage2,4,0.08233284950256348,0.25424879789352417,0.0,0.08233284950256348,0.0001,1e-05,50.332,2.619,0.6347
6086,stage2,4,0.08325532078742981,0.2783583402633667,0.0,0.08325532078742981,0.0001,1e-05,50.328,2.8045,3.947
6087,stage2,4,0.08872401714324951,0.26587775349617004,0.0,0.08872401714324951,0.0001,1e-05,50.327,2.3865,0.6321
6088,stage2,4,0.09661725163459778,0.2972075045108795,0.0,0.09661725163459778,0.0001,1e-05,50.331,3.3754,0.6325
6089,stage2,4,0.07965152710676193,0.32127678394317627,0.0,0.07965152710676193,0.0001,1e-05,50.329,2.6924,0.6329
6090,stage2,4,0.10693324357271194,0.2808609902858734,0.0,0.10693324357271194,0.0001,1e-05,50.327,3.5767,0.6344
6091,stage2,4,0.10157766938209534,0.2946642339229584,0.0,0.10157766938209534,0.0001,1e-05,50.328,3.3496,0.634
6092,stage2,4,0.09167683124542236,0.29963088035583496,0.0,0.09167683124542236,0.0001,1e-05,50.331,2.8663,0.6343
6093,stage2,4,0.09306982159614563,0.26843440532684326,0.0,0.09306982159614563,0.0001,1e-05,50.328,2.802,0.6339
6094,stage2,4,0.08886586129665375,0.3220956027507782,0.0,0.08886586129665375,0.0001,1e-05,50.327,3.1755,4.2053
6095,stage2,4,0.07845117151737213,0.32266196608543396,0.0,0.07845117151737213,0.0001,1e-05,50.328,3.0849,0.6325
6096,stage2,4,0.07584067434072495,0.28126347064971924,0.0,0.07584067434072495,0.0001,1e-05,50.329,2.3467,0.633
6097,stage2,4,0.10241210460662842,0.27998313307762146,0.0,0.10241210460662842,0.0001,1e-05,50.33,2.7152,0.6331
6098,stage2,4,0.08661017566919327,0.28707194328308105,0.0,0.08661017566919327,0.0001,1e-05,50.327,2.6768,0.634
6099,stage2,4,0.08543361723423004,0.28634533286094666,0.0,0.08543361723423004,0.0001,1e-05,50.325,2.4734,0.634
6100,stage2,4,0.06359516829252243,0.30512097477912903,0.0,0.06359516829252243,0.0001,1e-05,50.323,1.9685,0.6338
6101,stage2,4,0.09069870412349701,0.26060763001441956,0.0,0.09069870412349701,0.0001,1e-05,50.332,2.4531,0.634
6102,stage2,4,0.07450561225414276,0.3035017251968384,0.0,0.07450561225414276,0.0001,1e-05,50.327,2.2811,3.8342
6103,stage2,4,0.08985001593828201,0.26240450143814087,0.0,0.08985001593828201,0.0001,1e-05,50.33,2.6977,0.6329
6104,stage2,4,0.0814390704035759,0.28632426261901855,0.0,0.0814390704035759,0.0001,1e-05,50.326,2.1953,0.6335
6105,stage2,4,0.0921352431178093,0.3060534596443176,0.0,0.0921352431178093,0.0001,1e-05,50.33,2.7418,0.6342
6106,stage2,4,0.10135958343744278,0.2917807698249817,0.0,0.10135958343744278,0.0001,1e-05,50.324,3.0835,0.6343
6107,stage2,4,0.09604082256555557,0.29297852516174316,0.0,0.09604082256555557,0.0001,1e-05,50.329,3.0915,0.6339
6108,stage2,4,0.07829006016254425,0.30325964093208313,0.0,0.07829006016254425,0.0001,1e-05,50.326,2.2191,0.6345
6109,stage2,4,0.08168913424015045,0.27966976165771484,0.0,0.08168913424015045,0.0001,1e-05,50.328,2.3208,0.6346
6110,stage2,4,0.09420671314001083,0.2744982838630676,0.0,0.09420671314001083,0.0001,1e-05,50.328,2.8661,3.8808
6111,stage2,4,0.09491462260484695,0.2960945665836334,0.0,0.09491462260484695,0.0001,1e-05,50.327,2.3817,0.6331
6112,stage2,4,0.08535195887088776,0.27891579270362854,0.0,0.08535195887088776,0.0001,1e-05,50.324,2.3697,0.6338
6113,stage2,4,0.0843501091003418,0.27323204278945923,0.0,0.0843501091003418,0.0001,1e-05,50.326,2.4612,0.6334
6114,stage2,4,0.08477408438920975,0.27451229095458984,0.0,0.08477408438920975,0.0001,1e-05,50.33,2.3746,0.6343
6115,stage2,4,0.10116782039403915,0.26012182235717773,0.0,0.10116782039403915,0.0001,1e-05,50.328,2.6823,0.6344
6116,stage2,4,0.0866432636976242,0.2994387149810791,0.0,0.0866432636976242,0.0001,1e-05,50.328,3.2507,0.635
6117,stage2,4,0.09433772414922714,0.27103352546691895,0.0,0.09433772414922714,0.0001,1e-05,50.328,2.9704,0.6347
6118,stage2,4,0.09010057896375656,0.29401469230651855,0.0,0.09010057896375656,0.0001,1e-05,50.329,2.8849,3.7834
6119,stage2,4,0.08054916560649872,0.2817496061325073,0.0,0.08054916560649872,0.0001,1e-05,50.328,2.3112,0.633
6120,stage2,4,0.09257171303033829,0.3161095678806305,0.0,0.09257171303033829,0.0001,1e-05,50.328,2.8855,0.6337
6121,stage2,4,0.09560522437095642,0.2880328893661499,0.0,0.09560522437095642,0.0001,1e-05,50.33,2.6755,0.6341
6122,stage2,4,0.0935143306851387,0.2784864902496338,0.0,0.0935143306851387,0.0001,1e-05,50.328,2.9057,0.6349
6123,stage2,4,0.09121744334697723,0.28721413016319275,0.0,0.09121744334697723,0.0001,1e-05,50.327,2.527,0.6345
6124,stage2,4,0.07639770954847336,0.29274576902389526,0.0,0.07639770954847336,0.0001,1e-05,50.334,2.1997,0.6356
6125,stage2,4,0.07801754027605057,0.2928089201450348,0.0,0.07801754027605057,0.0001,1e-05,50.329,2.4535,0.6354
6126,stage2,4,0.0956602543592453,0.2780141234397888,0.0,0.0956602543592453,0.0001,1e-05,50.326,3.0683,3.7691
6127,stage2,4,0.10132742673158646,0.2572917938232422,0.0,0.10132742673158646,0.0001,1e-05,50.33,3.4967,0.6336
6128,stage2,4,0.07827024906873703,0.2649742364883423,0.0,0.07827024906873703,0.0001,1e-05,50.332,2.6419,0.6335
6129,stage2,4,0.09862569719552994,0.27258381247520447,0.0,0.09862569719552994,0.0001,1e-05,50.325,2.8246,0.634
6130,stage2,4,0.09333087503910065,0.2893364429473877,0.0,0.09333087503910065,0.0001,1e-05,50.331,2.6691,0.6343
6131,stage2,4,0.09137195348739624,0.2851102650165558,0.0,0.09137195348739624,0.0001,1e-05,50.331,2.3109,0.6348
6132,stage2,4,0.09593815356492996,0.2717856168746948,0.0,0.09593815356492996,0.0001,1e-05,50.326,3.4047,0.6352
6133,stage2,4,0.09770088642835617,0.2834636867046356,0.0,0.09770088642835617,0.0001,1e-05,50.328,3.7288,0.6352
6134,stage2,4,0.0849209874868393,0.28986856341362,0.0,0.0849209874868393,0.0001,1e-05,50.325,2.3638,3.8523
6135,stage2,4,0.09388938546180725,0.28038910031318665,0.0,0.09388938546180725,0.0001,1e-05,50.329,3.2696,0.6328
6136,stage2,4,0.07870269566774368,0.2929477095603943,0.0,0.07870269566774368,0.0001,1e-05,50.331,2.3905,0.6338
6137,stage2,4,0.08840955793857574,0.29636329412460327,0.0,0.08840955793857574,0.0001,1e-05,50.329,3.2498,0.634
6138,stage2,4,0.07860048115253448,0.3221140503883362,0.0,0.07860048115253448,0.0001,1e-05,50.326,2.9849,0.6346
6139,stage2,4,0.09350886195898056,0.2830442190170288,0.0,0.09350886195898056,0.0001,1e-05,50.327,2.831,0.6353
6140,stage2,4,0.09059537947177887,0.30320900678634644,0.0,0.09059537947177887,0.0001,1e-05,50.327,2.5872,0.6348
6141,stage2,4,0.09444218128919601,0.28436046838760376,0.0,0.09444218128919601,0.0001,1e-05,50.325,2.8892,0.6352
6142,stage2,4,0.0852266252040863,0.2946873903274536,0.0,0.0852266252040863,0.0001,1e-05,50.329,2.9864,3.777
6143,stage2,4,0.07378222793340683,0.29382792115211487,0.0,0.07378222793340683,0.0001,1e-05,50.328,2.4834,0.6337
6144,stage2,4,0.09305355697870255,0.2688884139060974,0.0,0.09305355697870255,0.0001,1e-05,50.328,2.5304,0.6341
6145,stage2,4,0.09388633817434311,0.2915254831314087,0.0,0.09388633817434311,0.0001,1e-05,50.329,2.6914,0.6336
6146,stage2,4,0.0745852068066597,0.27958497405052185,0.0,0.0745852068066597,0.0001,1e-05,50.325,2.1491,0.6346
6147,stage2,4,0.09237878024578094,0.2681989371776581,0.0,0.09237878024578094,0.0001,1e-05,50.326,2.3319,0.6346
6148,stage2,4,0.08933638781309128,0.28932705521583557,0.0,0.08933638781309128,0.0001,1e-05,50.324,2.1172,0.635
6149,stage2,4,0.08227472007274628,0.2935175597667694,0.0,0.08227472007274628,0.0001,1e-05,50.327,2.4014,0.6357
6150,stage2,4,0.08624355494976044,0.2814793884754181,0.0,0.08624355494976044,0.0001,1e-05,50.332,3.0974,3.927
6151,stage2,4,0.07473478466272354,0.2695239782333374,0.0,0.07473478466272354,0.0001,1e-05,50.33,2.1348,0.6341
6152,stage2,4,0.08341147005558014,0.2661495506763458,0.0,0.08341147005558014,0.0001,1e-05,50.328,2.6573,0.6341
6153,stage2,4,0.0784379318356514,0.2970085144042969,0.0,0.0784379318356514,0.0001,1e-05,50.324,2.1932,0.634
6154,stage2,4,0.09396456927061081,0.2699255049228668,0.0,0.09396456927061081,0.0001,1e-05,50.327,3.0904,0.6348
6155,stage2,4,0.09142427146434784,0.27134525775909424,0.0,0.09142427146434784,0.0001,1e-05,50.325,3.0233,0.6348
6156,stage2,4,0.09177478402853012,0.29604703187942505,0.0,0.09177478402853012,0.0001,1e-05,50.326,3.0703,0.6346
6157,stage2,4,0.10591670125722885,0.28050339221954346,0.0,0.10591670125722885,0.0001,1e-05,50.327,3.1412,0.6368
6158,stage2,4,0.08684297651052475,0.27070918679237366,0.0,0.08684297651052475,0.0001,1e-05,50.329,2.7815,3.6968
6159,stage2,4,0.08740497380495071,0.27592048048973083,0.0,0.08740497380495071,0.0001,1e-05,50.329,2.4588,0.6336
6160,stage2,4,0.08862244337797165,0.29657575488090515,0.0,0.08862244337797165,0.0001,1e-05,50.328,2.9214,0.6348
6161,stage2,4,0.08920898288488388,0.2662159502506256,0.0,0.08920898288488388,0.0001,1e-05,50.33,2.6113,0.6345
6162,stage2,4,0.08620500564575195,0.2663210332393646,0.0,0.08620500564575195,0.0001,1e-05,50.326,2.3216,0.6349
6163,stage2,4,0.08561847358942032,0.28102782368659973,0.0,0.08561847358942032,0.0001,1e-05,50.326,3.0753,0.6349
6164,stage2,4,0.08126632124185562,0.27433857321739197,0.0,0.08126632124185562,0.0001,1e-05,50.324,2.5242,0.6352
6165,stage2,4,0.10634041577577591,0.31968826055526733,0.0,0.10634041577577591,0.0001,1e-05,50.332,3.4457,0.6361
6166,stage2,4,0.09123256057500839,0.2569081783294678,0.0,0.09123256057500839,0.0001,1e-05,50.33,2.43,3.7723
6167,stage2,4,0.0917636826634407,0.28047317266464233,0.0,0.0917636826634407,0.0001,1e-05,50.328,2.7962,0.6332
6168,stage2,4,0.08802088350057602,0.26630207896232605,0.0,0.08802088350057602,0.0001,1e-05,50.328,2.6834,0.634
6169,stage2,4,0.07955703139305115,0.2959413528442383,0.0,0.07955703139305115,0.0001,1e-05,50.327,2.482,0.6337
6170,stage2,4,0.087879478931427,0.2723610997200012,0.0,0.087879478931427,0.0001,1e-05,50.328,3.0666,0.6345
6171,stage2,4,0.08749870955944061,0.27253156900405884,0.0,0.08749870955944061,0.0001,1e-05,50.329,2.6507,0.6349
6172,stage2,4,0.09846045076847076,0.2938879728317261,0.0,0.09846045076847076,0.0001,1e-05,50.328,3.6831,0.6346
6173,stage2,4,0.08591500669717789,0.25519123673439026,0.0,0.08591500669717789,0.0001,1e-05,50.332,2.4047,0.6354
6174,stage2,4,0.08085298538208008,0.3006806969642639,0.0,0.08085298538208008,0.0001,1e-05,50.33,2.4943,3.8598
6175,stage2,4,0.08045844733715057,0.29243388772010803,0.0,0.08045844733715057,0.0001,1e-05,50.332,2.3755,0.633
6176,stage2,4,0.0908258855342865,0.2930888235569,0.0,0.0908258855342865,0.0001,1e-05,50.328,2.7677,0.6335
6177,stage2,4,0.08272121846675873,0.3060084283351898,0.0,0.08272121846675873,0.0001,1e-05,50.327,2.7579,0.6347
6178,stage2,4,0.08985672891139984,0.3238958716392517,0.0,0.08985672891139984,0.0001,1e-05,50.33,3.6937,0.6345
6179,stage2,4,0.08439495414495468,0.2729562520980835,0.0,0.08439495414495468,0.0001,1e-05,50.329,2.4503,0.6348
6180,stage2,4,0.08930013328790665,0.287136435508728,0.0,0.08930013328790665,0.0001,1e-05,50.331,2.4638,0.6352
6181,stage2,4,0.08805076777935028,0.284755676984787,0.0,0.08805076777935028,0.0001,1e-05,50.328,2.9,0.636
6182,stage2,4,0.09549136459827423,0.25847429037094116,0.0,0.09549136459827423,0.0001,1e-05,50.328,2.6742,3.8123
6183,stage2,4,0.07973279803991318,0.3061407208442688,0.0,0.07973279803991318,0.0001,1e-05,50.331,2.503,0.6266
6184,stage2,4,0.08515001833438873,0.2656297981739044,0.0,0.08515001833438873,0.0001,1e-05,50.327,2.5184,0.6344
6185,stage2,4,0.08097174763679504,0.3206281363964081,0.0,0.08097174763679504,0.0001,1e-05,50.332,2.2579,0.6345
6186,stage2,4,0.07371701300144196,0.2733568847179413,0.0,0.07371701300144196,0.0001,1e-05,50.329,2.2299,0.6356
6187,stage2,4,0.08641120791435242,0.27383115887641907,0.0,0.08641120791435242,0.0001,1e-05,50.33,2.4496,0.6356
6188,stage2,4,0.08144326508045197,0.2932618260383606,0.0,0.08144326508045197,0.0001,1e-05,50.329,2.7658,0.6356
6189,stage2,4,0.09097959846258163,0.28630974888801575,0.0,0.09097959846258163,0.0001,1e-05,50.325,2.6555,0.6365
6190,stage2,4,0.08791762590408325,0.2547483444213867,0.0,0.08791762590408325,0.0001,1e-05,50.329,2.445,3.7973
6191,stage2,4,0.09135407954454422,0.29000231623649597,0.0,0.09135407954454422,0.0001,1e-05,50.328,2.6533,0.6338
6192,stage2,4,0.07865394651889801,0.28397390246391296,0.0,0.07865394651889801,0.0001,1e-05,50.328,2.6287,0.6343
6193,stage2,4,0.09169977903366089,0.2905273139476776,0.0,0.09169977903366089,0.0001,1e-05,50.33,2.5416,0.6358
6194,stage2,4,0.09004335850477219,0.3010225296020508,0.0,0.09004335850477219,0.0001,1e-05,50.327,2.4123,0.6349
6195,stage2,4,0.09287947416305542,0.27478212118148804,0.0,0.09287947416305542,0.0001,1e-05,50.331,2.8688,0.6355
6196,stage2,4,0.09143152832984924,0.30967116355895996,0.0,0.09143152832984924,0.0001,1e-05,50.329,3.5462,0.6358
6197,stage2,4,0.08459416776895523,0.289864718914032,0.0,0.08459416776895523,0.0001,1e-05,50.324,2.2933,0.6362
6198,stage2,4,0.10269276797771454,0.2695537209510803,0.0,0.10269276797771454,0.0001,1e-05,50.329,2.7762,3.8437
6199,stage2,4,0.08652813732624054,0.28936854004859924,0.0,0.08652813732624054,0.0001,1e-05,50.331,2.7708,0.6344
6200,stage2,4,0.07812383025884628,0.28639331459999084,0.0,0.07812383025884628,0.0001,1e-05,50.328,2.5424,0.6344
6201,stage2,4,0.08047525584697723,0.2888425886631012,0.0,0.08047525584697723,0.0001,1e-05,50.329,2.6596,0.6345
6202,stage2,4,0.0741402730345726,0.295823335647583,0.0,0.0741402730345726,0.0001,1e-05,50.324,2.8635,0.6355
6203,stage2,4,0.0952611193060875,0.2950536012649536,0.0,0.0952611193060875,0.0001,1e-05,50.328,2.7799,0.6362
6204,stage2,4,0.08951964974403381,0.3003355860710144,0.0,0.08951964974403381,0.0001,1e-05,50.329,2.8217,0.6355
6205,stage2,4,0.08662234246730804,0.2885841727256775,0.0,0.08662234246730804,0.0001,1e-05,50.327,3.1476,0.6361
6206,stage2,4,0.09726438671350479,0.26362258195877075,0.0,0.09726438671350479,0.0001,1e-05,50.33,2.8661,3.8804
6207,stage2,4,0.07525380700826645,0.3151428699493408,0.0,0.07525380700826645,0.0001,1e-05,50.329,2.1013,0.6345
6208,stage2,4,0.07315512001514435,0.2831379473209381,0.0,0.07315512001514435,0.0001,1e-05,50.329,2.3106,0.6343
6209,stage2,4,0.0884925127029419,0.319172203540802,0.0,0.0884925127029419,0.0001,1e-05,50.328,2.475,0.635
6210,stage2,4,0.07594814151525497,0.29129648208618164,0.0,0.07594814151525497,0.0001,1e-05,50.328,2.5533,0.6348
6211,stage2,4,0.08968420326709747,0.28352904319763184,0.0,0.08968420326709747,0.0001,1e-05,50.329,3.2955,0.6351
6212,stage2,4,0.08354898542165756,0.292481392621994,0.0,0.08354898542165756,0.0001,1e-05,50.329,1.9513,0.6359
6213,stage2,4,0.072061687707901,0.2699566185474396,0.0,0.072061687707901,0.0001,1e-05,50.328,1.9411,0.6363
6214,stage2,4,0.0872310996055603,0.31613966822624207,0.0,0.0872310996055603,0.0001,1e-05,50.324,2.5073,3.8901
6215,stage2,4,0.07447901368141174,0.3276762366294861,0.0,0.07447901368141174,0.0001,1e-05,50.326,2.8061,0.6338
6216,stage2,4,0.08788621425628662,0.28040188550949097,0.0,0.08788621425628662,0.0001,1e-05,50.325,2.4267,0.635
6217,stage2,4,0.0810927003622055,0.24783214926719666,0.0,0.0810927003622055,0.0001,1e-05,50.33,2.2872,0.6349
6218,stage2,4,0.08493916690349579,0.24698683619499207,0.0,0.08493916690349579,0.0001,1e-05,50.329,2.4084,0.6353
6219,stage2,4,0.08117715269327164,0.3027079999446869,0.0,0.08117715269327164,0.0001,1e-05,50.33,2.4432,0.636
6220,stage2,4,0.08700652420520782,0.27518752217292786,0.0,0.08700652420520782,0.0001,1e-05,50.331,2.7637,0.6358
6221,stage2,4,0.08570203185081482,0.28018319606781006,0.0,0.08570203185081482,0.0001,1e-05,50.328,2.5637,0.636
6222,stage2,4,0.09611191600561142,0.2771044969558716,0.0,0.09611191600561142,0.0001,1e-05,50.329,2.6777,3.837
6223,stage2,4,0.08083372563123703,0.2705080807209015,0.0,0.08083372563123703,0.0001,1e-05,50.327,2.4215,0.6346
6224,stage2,4,0.08669983595609665,0.2741566598415375,0.0,0.08669983595609665,0.0001,1e-05,50.326,2.1269,0.634
6225,stage2,4,0.0946061834692955,0.2830461859703064,0.0,0.0946061834692955,0.0001,1e-05,50.327,2.522,0.6348
6226,stage2,4,0.07890482246875763,0.2791373133659363,0.0,0.07890482246875763,0.0001,1e-05,50.329,2.0554,0.635
6227,stage2,4,0.08605656772851944,0.3080962002277374,0.0,0.08605656772851944,0.0001,1e-05,50.325,3.4588,0.6356
6228,stage2,4,0.09027354419231415,0.3028169870376587,0.0,0.09027354419231415,0.0001,1e-05,50.328,3.037,0.6357
6229,stage2,4,0.083849236369133,0.27561089396476746,0.0,0.083849236369133,0.0001,1e-05,50.326,2.5734,0.6364
6230,stage2,4,0.08256235718727112,0.28972968459129333,0.0,0.08256235718727112,0.0001,1e-05,50.331,2.5482,3.8459
6231,stage2,4,0.0769486203789711,0.2789715528488159,0.0,0.0769486203789711,0.0001,1e-05,50.33,2.5519,0.6339
6232,stage2,4,0.0902647003531456,0.2721588909626007,0.0,0.0902647003531456,0.0001,1e-05,50.332,3.4403,0.6348
6233,stage2,4,0.08057497441768646,0.3113175928592682,0.0,0.08057497441768646,0.0001,1e-05,50.328,2.892,0.6346
6234,stage2,4,0.09521286934614182,0.28621041774749756,0.0,0.09521286934614182,0.0001,1e-05,50.326,3.3435,0.6347
6235,stage2,4,0.08876968920230865,0.26333731412887573,0.0,0.08876968920230865,0.0001,1e-05,50.329,2.6611,0.635
6236,stage2,4,0.09974025934934616,0.2846420407295227,0.0,0.09974025934934616,0.0001,1e-05,50.328,3.6152,0.6362
6237,stage2,4,0.10763314366340637,0.3078320324420929,0.0,0.10763314366340637,0.0001,1e-05,50.33,3.9896,0.6357
6238,stage2,4,0.09121548384428024,0.25012844800949097,0.0,0.09121548384428024,0.0001,1e-05,50.331,2.6895,3.6646
6239,stage2,4,0.07756920158863068,0.2774839401245117,0.0,0.07756920158863068,0.0001,1e-05,50.328,2.4952,0.6338
6240,stage2,4,0.08746951073408127,0.2779550850391388,0.0,0.08746951073408127,0.0001,1e-05,50.33,2.7377,0.6342
6241,stage2,4,0.09844120591878891,0.2946341037750244,0.0,0.09844120591878891,0.0001,1e-05,50.328,3.0279,0.6349
6242,stage2,4,0.08082390576601028,0.26260480284690857,0.0,0.08082390576601028,0.0001,1e-05,50.329,2.3945,0.6363
6243,stage2,4,0.09312845021486282,0.2825307548046112,0.0,0.09312845021486282,0.0001,1e-05,50.328,2.9351,0.6361
6244,stage2,4,0.08610256761312485,0.2760773301124573,0.0,0.08610256761312485,0.0001,1e-05,50.329,2.5505,0.636
6245,stage2,4,0.09207937866449356,0.29213884472846985,0.0,0.09207937866449356,0.0001,1e-05,50.329,2.9775,0.6361
6246,stage2,4,0.07660944014787674,0.2909078299999237,0.0,0.07660944014787674,0.0001,1e-05,50.331,2.8933,3.7255
6247,stage2,4,0.08276796340942383,0.2780124247074127,0.0,0.08276796340942383,0.0001,1e-05,50.33,2.7284,0.6342
6248,stage2,4,0.09129676222801208,0.26957857608795166,0.0,0.09129676222801208,0.0001,1e-05,50.329,2.7765,0.6341
6249,stage2,4,0.08286169171333313,0.3091789782047272,0.0,0.08286169171333313,0.0001,1e-05,50.329,2.4768,0.6356
6250,stage2,4,0.09282096475362778,0.26355084776878357,0.0,0.09282096475362778,0.0001,1e-05,50.324,2.5882,0.6348
6251,stage2,4,0.09681840986013412,0.27940550446510315,0.0,0.09681840986013412,0.0001,1e-05,50.331,2.8277,0.6361
6252,stage2,4,0.08295006304979324,0.2721022069454193,0.0,0.08295006304979324,0.0001,1e-05,50.323,2.5684,0.6366
6253,stage2,4,0.08195562660694122,0.24456751346588135,0.0,0.08195562660694122,0.0001,1e-05,50.33,2.4153,0.6364
6254,stage2,4,0.08421116322278976,0.2925475835800171,0.0,0.08421116322278976,0.0001,1e-05,50.328,2.7945,3.7718
6255,stage2,4,0.0976366251707077,0.2948182225227356,0.0,0.0976366251707077,0.0001,1e-05,50.326,3.0113,0.635
6256,stage2,4,0.08589683473110199,0.3112318813800812,0.0,0.08589683473110199,0.0001,1e-05,50.329,3.1204,0.635
6257,stage2,4,0.09288974851369858,0.2921593487262726,0.0,0.09288974851369858,0.0001,1e-05,50.325,2.7979,0.6357
6258,stage2,4,0.08400832116603851,0.27291080355644226,0.0,0.08400832116603851,0.0001,1e-05,50.329,2.3157,0.6359
6259,stage2,4,0.09425173699855804,0.2946048378944397,0.0,0.09425173699855804,0.0001,1e-05,50.329,2.3565,0.6364
6260,stage2,4,0.09228313714265823,0.27917560935020447,0.0,0.09228313714265823,0.0001,1e-05,50.329,2.7114,0.6366
6261,stage2,4,0.0934128612279892,0.2808419466018677,0.0,0.0934128612279892,0.0001,1e-05,50.33,3.3475,0.6367
6262,stage2,4,0.09479444473981857,0.30096563696861267,0.0,0.09479444473981857,0.0001,1e-05,50.326,2.5595,3.8958
6263,stage2,4,0.09179594367742538,0.2602306604385376,0.0,0.09179594367742538,0.0001,1e-05,50.331,3.156,0.6344
6264,stage2,4,0.08643985539674759,0.34823858737945557,0.0,0.08643985539674759,0.0001,1e-05,50.328,3.1686,0.6348
6265,stage2,4,0.09754589200019836,0.28109031915664673,0.0,0.09754589200019836,0.0001,1e-05,50.328,3.0805,0.636
6266,stage2,4,0.08433179557323456,0.2781713902950287,0.0,0.08433179557323456,0.0001,1e-05,50.33,2.4867,0.6361
6267,stage2,4,0.09342418611049652,0.2735312879085541,0.0,0.09342418611049652,0.0001,1e-05,50.328,2.8369,0.6365
6268,stage2,4,0.08678127825260162,0.3214282989501953,0.0,0.08678127825260162,0.0001,1e-05,50.323,2.8814,0.6366
6269,stage2,4,0.08273708820343018,0.30709248781204224,0.0,0.08273708820343018,0.0001,1e-05,50.325,2.5316,0.6371
6270,stage2,4,0.09771228581666946,0.30644071102142334,0.0,0.09771228581666946,0.0001,1e-05,50.326,2.6488,3.7273
6271,stage2,4,0.06770667433738708,0.27609822154045105,0.0,0.06770667433738708,0.0001,1e-05,50.329,2.1681,0.6352
6272,stage2,4,0.09402506053447723,0.2595072388648987,0.0,0.09402506053447723,0.0001,1e-05,50.329,2.4401,0.6351
6273,stage2,4,0.10997621715068817,0.3001236021518707,0.0,0.10997621715068817,0.0001,1e-05,50.326,4.8984,0.6356
6274,stage2,4,0.09034667909145355,0.269366979598999,0.0,0.09034667909145355,0.0001,1e-05,50.329,2.522,0.6359
6275,stage2,4,0.09158917516469955,0.27360403537750244,0.0,0.09158917516469955,0.0001,1e-05,50.329,2.8307,0.636
6276,stage2,4,0.09465590864419937,0.2774863839149475,0.0,0.09465590864419937,0.0001,1e-05,50.329,2.7839,0.6369
6277,stage2,4,0.10164767503738403,0.29135212302207947,0.0,0.10164767503738403,0.0001,1e-05,50.33,3.5833,0.6362
6278,stage2,4,0.07958661019802094,0.29815545678138733,0.0,0.07958661019802094,0.0001,1e-05,50.33,2.3933,3.7411
6279,stage2,4,0.07928918302059174,0.29686129093170166,0.0,0.07928918302059174,0.0001,1e-05,50.333,2.2495,0.6337
6280,stage2,4,0.09292825311422348,0.30569538474082947,0.0,0.09292825311422348,0.0001,1e-05,50.329,2.5096,0.6348
6281,stage2,4,0.08032137900590897,0.26605847477912903,0.0,0.08032137900590897,0.0001,1e-05,50.33,2.4119,0.6351
6282,stage2,4,0.07729678601026535,0.2861028015613556,0.0,0.07729678601026535,0.0001,1e-05,50.328,2.2947,0.6358
6283,stage2,4,0.07784051448106766,0.2902534008026123,0.0,0.07784051448106766,0.0001,1e-05,50.33,2.0768,0.6362
6284,stage2,4,0.09515146911144257,0.2886541485786438,0.0,0.09515146911144257,0.0001,1e-05,50.328,2.5008,0.6366
6285,stage2,4,0.09167404472827911,0.29011279344558716,0.0,0.09167404472827911,0.0001,1e-05,50.329,2.5022,0.6371
6286,stage2,4,0.08251135796308517,0.28164127469062805,0.0,0.08251135796308517,0.0001,1e-05,50.326,2.444,3.7424
6287,stage2,4,0.07726238667964935,0.28893375396728516,0.0,0.07726238667964935,0.0001,1e-05,50.328,1.9292,0.635
6288,stage2,4,0.07499668747186661,0.31667694449424744,0.0,0.07499668747186661,0.0001,1e-05,50.329,2.4526,0.6351
6289,stage2,4,0.08582096546888351,0.30993446707725525,0.0,0.08582096546888351,0.0001,1e-05,50.33,2.6616,0.6348
6290,stage2,4,0.07970467209815979,0.2602648437023163,0.0,0.07970467209815979,0.0001,1e-05,50.33,2.3732,0.6354
6291,stage2,4,0.1041627824306488,0.27810320258140564,0.0,0.1041627824306488,0.0001,1e-05,50.326,3.611,0.636
6292,stage2,4,0.08212999254465103,0.2828356921672821,0.0,0.08212999254465103,0.0001,1e-05,50.331,2.2109,0.636
6293,stage2,4,0.07794640958309174,0.2940961420536041,0.0,0.07794640958309174,0.0001,1e-05,50.331,2.4038,0.636
6294,stage2,4,0.09112013876438141,0.2796068787574768,0.0,0.09112013876438141,0.0001,1e-05,50.328,2.7403,3.895
6295,stage2,4,0.08769647777080536,0.2761043906211853,0.0,0.08769647777080536,0.0001,1e-05,50.329,2.4393,0.6342
6296,stage2,4,0.08185343444347382,0.2634621560573578,0.0,0.08185343444347382,0.0001,1e-05,50.326,3.0086,0.6344
6297,stage2,4,0.0955711305141449,0.27079448103904724,0.0,0.0955711305141449,0.0001,1e-05,50.329,2.5946,0.6347
6298,stage2,4,0.09503403306007385,0.25918030738830566,0.0,0.09503403306007385,0.0001,1e-05,50.332,2.5933,0.6351
6299,stage2,4,0.08266693353652954,0.28564947843551636,0.0,0.08266693353652954,0.0001,1e-05,50.329,2.5042,0.6353
6300,stage2,4,0.09247347712516785,0.26768308877944946,0.0,0.09247347712516785,0.0001,1e-05,50.328,2.9392,0.6354
6301,stage2,4,0.08345824480056763,0.2772538661956787,0.0,0.08345824480056763,0.0001,1e-05,50.33,2.4412,0.6359
6302,stage2,4,0.09280216693878174,0.28295889496803284,0.0,0.09280216693878174,0.0001,1e-05,50.33,2.7882,3.7898
6303,stage2,4,0.07832090556621552,0.26340657472610474,0.0,0.07832090556621552,0.0001,1e-05,50.33,2.4902,0.6345
6304,stage2,4,0.07739614695310593,0.2971905767917633,0.0,0.07739614695310593,0.0001,1e-05,50.328,2.3219,0.6352
6305,stage2,4,0.0866868793964386,0.2693779170513153,0.0,0.0866868793964386,0.0001,1e-05,50.327,2.4736,0.6353
6306,stage2,4,0.08368087559938431,0.27203744649887085,0.0,0.08368087559938431,0.0001,1e-05,50.331,2.6464,0.6354
6307,stage2,4,0.09315941482782364,0.27107709646224976,0.0,0.09315941482782364,0.0001,1e-05,50.327,2.7706,0.6349
6308,stage2,4,0.07785163074731827,0.2785244584083557,0.0,0.07785163074731827,0.0001,1e-05,50.327,2.3761,0.6358
6309,stage2,4,0.09167742729187012,0.2769569754600525,0.0,0.09167742729187012,0.0001,1e-05,50.328,2.9961,0.6361
6310,stage2,4,0.10692243278026581,0.27930936217308044,0.0,0.10692243278026581,0.0001,1e-05,50.325,3.5814,3.7437
6311,stage2,4,0.07004518061876297,0.29281339049339294,0.0,0.07004518061876297,0.0001,1e-05,50.331,2.2271,0.6289
6312,stage2,4,0.07397423684597015,0.2758818566799164,0.0,0.07397423684597015,0.0001,1e-05,50.328,2.0703,0.6348
6313,stage2,4,0.07653765380382538,0.28319063782691956,0.0,0.07653765380382538,0.0001,1e-05,50.328,2.4043,0.6361
6314,stage2,4,0.0693010464310646,0.283524751663208,0.0,0.0693010464310646,0.0001,1e-05,50.329,2.0415,0.6357
6315,stage2,4,0.08580784499645233,0.27233457565307617,0.0,0.08580784499645233,0.0001,1e-05,50.33,2.5728,0.6359
6316,stage2,4,0.08159766346216202,0.2738918960094452,0.0,0.08159766346216202,0.0001,1e-05,50.329,2.1787,0.637
6317,stage2,4,0.09285348653793335,0.31226685643196106,0.0,0.09285348653793335,0.0001,1e-05,50.327,3.4157,0.6364
6318,stage2,4,0.0899401381611824,0.2837572395801544,0.0,0.0899401381611824,0.0001,1e-05,50.327,2.5545,3.8752
6319,stage2,4,0.08023092895746231,0.2596264183521271,0.0,0.08023092895746231,0.0001,1e-05,50.334,2.4079,0.6333
6320,stage2,4,0.10416664928197861,0.2670864462852478,0.0,0.10416664928197861,0.0001,1e-05,50.325,3.2013,0.6339
6321,stage2,4,0.06552324444055557,0.29300186038017273,0.0,0.06552324444055557,0.0001,1e-05,50.326,2.153,0.6346
6322,stage2,4,0.0876559242606163,0.26672932505607605,0.0,0.0876559242606163,0.0001,1e-05,50.329,2.4174,0.6351
6323,stage2,4,0.08190261572599411,0.26816290616989136,0.0,0.08190261572599411,0.0001,1e-05,50.328,2.2162,0.6354
6324,stage2,4,0.09495005011558533,0.26366040110588074,0.0,0.09495005011558533,0.0001,1e-05,50.328,2.6289,0.6359
6325,stage2,4,0.07826125621795654,0.2799815237522125,0.0,0.07826125621795654,0.0001,1e-05,50.33,2.1395,0.636
6326,stage2,4,0.09211961925029755,0.2856074869632721,0.0,0.09211961925029755,0.0001,1e-05,50.328,2.4376,3.8433
6327,stage2,4,0.07527700811624527,0.2949172258377075,0.0,0.07527700811624527,0.0001,1e-05,50.329,2.2108,0.6339
6328,stage2,4,0.08071386069059372,0.32121285796165466,0.0,0.08071386069059372,0.0001,1e-05,50.329,2.6829,0.6343
6329,stage2,4,0.09329380840063095,0.27909934520721436,0.0,0.09329380840063095,0.0001,1e-05,50.329,2.7093,0.6348
6330,stage2,4,0.07300738990306854,0.2909352779388428,0.0,0.07300738990306854,0.0001,1e-05,50.324,2.1618,0.6351
6331,stage2,4,0.0981094241142273,0.2705027163028717,0.0,0.0981094241142273,0.0001,1e-05,50.329,2.7995,0.6357
6332,stage2,4,0.07603040337562561,0.26432809233665466,0.0,0.07603040337562561,0.0001,1e-05,50.327,2.3087,0.6358
6333,stage2,4,0.0958656296133995,0.29891952872276306,0.0,0.0958656296133995,0.0001,1e-05,50.33,3.2377,0.6358
6334,stage2,4,0.0818864032626152,0.2654171884059906,0.0,0.0818864032626152,0.0001,1e-05,50.327,2.2583,3.9159
6335,stage2,4,0.0837915912270546,0.271549254655838,0.0,0.0837915912270546,0.0001,1e-05,50.329,2.1816,0.6307
6336,stage2,4,0.07242469489574432,0.28137287497520447,0.0,0.07242469489574432,0.0001,1e-05,50.332,2.0391,0.6343
6337,stage2,4,0.09393297135829926,0.2962252199649811,0.0,0.09393297135829926,0.0001,1e-05,50.329,2.8739,0.6339
6338,stage2,4,0.07357308268547058,0.291874498128891,0.0,0.07357308268547058,0.0001,1e-05,50.328,2.2665,0.6343
6339,stage2,4,0.08267335593700409,0.2640649378299713,0.0,0.08267335593700409,0.0001,1e-05,50.328,2.9867,0.6354
6340,stage2,4,0.09573657065629959,0.2682512104511261,0.0,0.09573657065629959,0.0001,1e-05,50.33,2.8864,0.6351
6341,stage2,4,0.08431969583034515,0.3226267099380493,0.0,0.08431969583034515,0.0001,1e-05,50.327,2.8453,0.6349
6342,stage2,4,0.07813598215579987,0.2849422097206116,0.0,0.07813598215579987,0.0001,1e-05,50.329,2.407,3.8434
6343,stage2,4,0.08137671649456024,0.2849462032318115,0.0,0.08137671649456024,0.0001,1e-05,50.326,2.3884,0.6335
6344,stage2,4,0.06506079435348511,0.3148335814476013,0.0,0.06506079435348511,0.0001,1e-05,50.328,2.1517,0.6343
6345,stage2,4,0.07634958624839783,0.33049458265304565,0.0,0.07634958624839783,0.0001,1e-05,50.326,2.3346,0.6345
6346,stage2,4,0.07514391839504242,0.2946418523788452,0.0,0.07514391839504242,0.0001,1e-05,50.33,2.3447,0.6346
6347,stage2,4,0.06672611832618713,0.27208223938941956,0.0,0.06672611832618713,0.0001,1e-05,50.333,1.8935,0.6354
6348,stage2,4,0.09605148434638977,0.26527348160743713,0.0,0.09605148434638977,0.0001,1e-05,50.329,2.7497,0.6349
6349,stage2,4,0.08245859295129776,0.27601999044418335,0.0,0.08245859295129776,0.0001,1e-05,50.326,3.1865,0.6353
6350,stage2,4,0.07854032516479492,0.30067741870880127,0.0,0.07854032516479492,0.0001,1e-05,50.328,2.7156,3.9928
6351,stage2,4,0.08695901185274124,0.2816019058227539,0.0,0.08695901185274124,0.0001,1e-05,50.328,3.0894,0.6337
6352,stage2,4,0.09041891992092133,0.287760466337204,0.0,0.09041891992092133,0.0001,1e-05,50.325,2.8028,0.6337
6353,stage2,4,0.07738944888114929,0.2816174030303955,0.0,0.07738944888114929,0.0001,1e-05,50.326,2.6313,0.6346
6354,stage2,4,0.06993334740400314,0.3008597195148468,0.0,0.06993334740400314,0.0001,1e-05,50.327,2.5348,0.6347
6355,stage2,4,0.07634776830673218,0.27546823024749756,0.0,0.07634776830673218,0.0001,1e-05,50.328,1.839,0.635
6356,stage2,4,0.09208667278289795,0.27296334505081177,0.0,0.09208667278289795,0.0001,1e-05,50.327,3.1549,0.6355
6357,stage2,4,0.08209773153066635,0.320455938577652,0.0,0.08209773153066635,0.0001,1e-05,50.33,2.4432,0.636
6358,stage2,4,0.08979242295026779,0.2659458518028259,0.0,0.08979242295026779,0.0001,1e-05,50.328,3.0501,3.893
6359,stage2,4,0.08836579322814941,0.2966504395008087,0.0,0.08836579322814941,0.0001,1e-05,50.33,2.6545,0.6342
6360,stage2,4,0.08748187869787216,0.25596439838409424,0.0,0.08748187869787216,0.0001,1e-05,50.327,2.4878,0.6336
6361,stage2,4,0.09531354159116745,0.28261759877204895,0.0,0.09531354159116745,0.0001,1e-05,50.325,2.6671,0.6346
6362,stage2,4,0.09072955697774887,0.2858807146549225,0.0,0.09072955697774887,0.0001,1e-05,50.331,2.9948,0.6353
6363,stage2,4,0.08934693783521652,0.30418625473976135,0.0,0.08934693783521652,0.0001,1e-05,50.33,2.971,0.6354
6364,stage2,4,0.0828511118888855,0.289664626121521,0.0,0.0828511118888855,0.0001,1e-05,50.33,2.8478,0.6357
6365,stage2,4,0.09958019107580185,0.2915273904800415,0.0,0.09958019107580185,0.0001,1e-05,50.333,2.908,0.6357
6366,stage2,4,0.08284827321767807,0.30315983295440674,0.0,0.08284827321767807,0.0001,1e-05,50.328,2.8651,3.8121
6367,stage2,4,0.08276080340147018,0.2978542149066925,0.0,0.08276080340147018,0.0001,1e-05,50.33,2.7272,0.6337
6368,stage2,4,0.09089119732379913,0.2717316150665283,0.0,0.09089119732379913,0.0001,1e-05,50.328,2.8907,0.6347
6369,stage2,4,0.08224289864301682,0.2571941912174225,0.0,0.08224289864301682,0.0001,1e-05,50.327,2.4527,0.6348
6370,stage2,4,0.09342645853757858,0.2613281309604645,0.0,0.09342645853757858,0.0001,1e-05,50.325,3.1306,0.6347
6371,stage2,4,0.08419039100408554,0.28172940015792847,0.0,0.08419039100408554,0.0001,1e-05,50.325,2.4618,0.635
6372,stage2,4,0.08684432506561279,0.2859516739845276,0.0,0.08684432506561279,0.0001,1e-05,50.327,2.4549,0.6354
6373,stage2,4,0.07569830119609833,0.27096235752105713,0.0,0.07569830119609833,0.0001,1e-05,50.329,2.6552,0.6356
6374,stage2,4,0.08154520392417908,0.2992464303970337,0.0,0.08154520392417908,0.0001,1e-05,50.326,2.5379,3.8399
6375,stage2,4,0.075889952480793,0.276170939207077,0.0,0.075889952480793,0.0001,1e-05,50.33,2.3776,0.6344
6376,stage2,4,0.10571730881929398,0.29796302318573,0.0,0.10571730881929398,0.0001,1e-05,50.329,2.8069,0.6346
6377,stage2,4,0.0761011391878128,0.2986885905265808,0.0,0.0761011391878128,0.0001,1e-05,50.331,2.2326,0.6352
6378,stage2,4,0.07327232509851456,0.307679682970047,0.0,0.07327232509851456,0.0001,1e-05,50.329,2.3742,0.6353
6379,stage2,4,0.07204204797744751,0.2717014253139496,0.0,0.07204204797744751,0.0001,1e-05,50.329,2.4137,0.6353
6380,stage2,4,0.08241146802902222,0.2424589842557907,0.0,0.08241146802902222,0.0001,1e-05,50.328,2.5518,0.6357
6381,stage2,4,0.073964424431324,0.2905401885509491,0.0,0.073964424431324,0.0001,1e-05,50.327,2.6107,0.6354
6382,stage2,4,0.08710750192403793,0.2929989695549011,0.0,0.08710750192403793,0.0001,1e-05,50.328,2.7489,3.926
6383,stage2,4,0.09426619857549667,0.28774702548980713,0.0,0.09426619857549667,0.0001,1e-05,50.328,3.1637,0.6334
6384,stage2,4,0.07971842586994171,0.27608898282051086,0.0,0.07971842586994171,0.0001,1e-05,50.326,2.338,0.6346
6385,stage2,4,0.09044016897678375,0.2695003151893616,0.0,0.09044016897678375,0.0001,1e-05,50.331,2.7918,0.6343
6386,stage2,4,0.0750647708773613,0.27837806940078735,0.0,0.0750647708773613,0.0001,1e-05,50.327,2.6991,0.635
6387,stage2,4,0.09004005789756775,0.29043421149253845,0.0,0.09004005789756775,0.0001,1e-05,50.33,2.9296,0.6355
6388,stage2,4,0.08884752541780472,0.2732742130756378,0.0,0.08884752541780472,0.0001,1e-05,50.331,2.809,0.6357
6389,stage2,4,0.10522457957267761,0.2898772358894348,0.0,0.10522457957267761,0.0001,1e-05,50.328,2.7266,0.6367
6390,stage2,4,0.08801887184381485,0.3002501428127289,0.0,0.08801887184381485,0.0001,1e-05,50.329,3.6188,3.8269
6391,stage2,4,0.07743164896965027,0.2999466359615326,0.0,0.07743164896965027,0.0001,1e-05,50.326,2.5285,0.6295
6392,stage2,4,0.08292561769485474,0.27337801456451416,0.0,0.08292561769485474,0.0001,1e-05,50.328,2.7016,0.6348
6393,stage2,4,0.0710512027144432,0.2886216938495636,0.0,0.0710512027144432,0.0001,1e-05,50.329,1.9576,0.635
6394,stage2,4,0.07822354137897491,0.319034606218338,0.0,0.07822354137897491,0.0001,1e-05,50.328,2.1349,0.6352
6395,stage2,4,0.0700836107134819,0.2820014953613281,0.0,0.0700836107134819,0.0001,1e-05,50.329,2.0645,0.6362
6396,stage2,4,0.07800137996673584,0.27952757477760315,0.0,0.07800137996673584,0.0001,1e-05,50.328,2.4477,0.6363
6397,stage2,4,0.07117585837841034,0.29731571674346924,0.0,0.07117585837841034,0.0001,1e-05,50.325,1.9886,0.6364
6398,stage2,4,0.0698179081082344,0.2719907760620117,0.0,0.0698179081082344,0.0001,1e-05,50.33,2.3521,3.9011
6399,stage2,4,0.09720838069915771,0.3229868412017822,0.0,0.09720838069915771,0.0001,1e-05,50.327,3.0185,0.6344
6400,stage2,4,0.0770549401640892,0.2469840794801712,0.0,0.0770549401640892,0.0001,1e-05,50.329,2.2295,0.6345
6401,stage2,4,0.06970594078302383,0.2977108657360077,0.0,0.06970594078302383,0.0001,1e-05,50.329,2.1755,0.635
6402,stage2,4,0.08343782275915146,0.2773330509662628,0.0,0.08343782275915146,0.0001,1e-05,50.324,2.7343,0.6353
6403,stage2,4,0.07311875373125076,0.3016529083251953,0.0,0.07311875373125076,0.0001,1e-05,50.33,2.4051,0.636
6404,stage2,4,0.08373131603002548,0.28637751936912537,0.0,0.08373131603002548,0.0001,1e-05,50.328,2.1517,0.636
6405,stage2,4,0.07515331357717514,0.26950788497924805,0.0,0.07515331357717514,0.0001,1e-05,50.33,2.4215,0.6362
6406,stage2,4,0.09078517556190491,0.2768074572086334,0.0,0.09078517556190491,0.0001,1e-05,50.326,2.5989,3.9187
6407,stage2,4,0.0694122165441513,0.2890951633453369,0.0,0.0694122165441513,0.0001,1e-05,50.326,2.4203,0.6337
6408,stage2,4,0.08169837296009064,0.25525322556495667,0.0,0.08169837296009064,0.0001,1e-05,50.33,2.4718,0.6339
6409,stage2,4,0.0874156579375267,0.3122781217098236,0.0,0.0874156579375267,0.0001,1e-05,50.329,2.5335,0.6347
6410,stage2,4,0.06998945027589798,0.30872443318367004,0.0,0.06998945027589798,0.0001,1e-05,50.329,2.0477,0.6348
6411,stage2,4,0.0731177031993866,0.2763829231262207,0.0,0.0731177031993866,0.0001,1e-05,50.329,2.3266,0.6351
6412,stage2,4,0.08486848324537277,0.3080766201019287,0.0,0.08486848324537277,0.0001,1e-05,50.328,2.8349,0.636
6413,stage2,4,0.07237063348293304,0.31302693486213684,0.0,0.07237063348293304,0.0001,1e-05,50.33,1.962,0.636
6414,stage2,4,0.09107441455125809,0.2966301739215851,0.0,0.09107441455125809,0.0001,1e-05,50.333,2.9893,3.962
6415,stage2,4,0.08112484216690063,0.3030601441860199,0.0,0.08112484216690063,0.0001,1e-05,50.327,2.4902,0.6334
6416,stage2,4,0.08496955782175064,0.2738625109195709,0.0,0.08496955782175064,0.0001,1e-05,50.329,2.6364,0.6336
6417,stage2,4,0.0856233611702919,0.3119261562824249,0.0,0.0856233611702919,0.0001,1e-05,50.33,3.2706,0.6347
6418,stage2,4,0.09462764859199524,0.2491966336965561,0.0,0.09462764859199524,0.0001,1e-05,50.329,2.8205,0.6355
6419,stage2,4,0.08002039790153503,0.28596362471580505,0.0,0.08002039790153503,0.0001,1e-05,50.327,2.7097,0.6355
6420,stage2,4,0.08444391191005707,0.28122803568840027,0.0,0.08444391191005707,0.0001,1e-05,50.324,2.7229,0.6363
6421,stage2,4,0.08202123641967773,0.26856350898742676,0.0,0.08202123641967773,0.0001,1e-05,50.328,2.5708,0.6364
6422,stage2,4,0.1002759039402008,0.2717636227607727,0.0,0.1002759039402008,0.0001,1e-05,50.327,2.7797,3.9249
6423,stage2,4,0.09383517503738403,0.2770432233810425,0.0,0.09383517503738403,0.0001,1e-05,50.326,2.6622,0.6346
6424,stage2,4,0.08092458546161652,0.27767297625541687,0.0,0.08092458546161652,0.0001,1e-05,50.326,2.1909,0.6362
6425,stage2,4,0.08901691436767578,0.27134793996810913,0.0,0.08901691436767578,0.0001,1e-05,50.331,2.3717,0.6351
6426,stage2,4,0.0803634524345398,0.28325897455215454,0.0,0.0803634524345398,0.0001,1e-05,50.329,3.1173,0.6363
6427,stage2,4,0.07574154436588287,0.28328990936279297,0.0,0.07574154436588287,0.0001,1e-05,50.331,2.5379,0.6365
6428,stage2,4,0.0863155648112297,0.257005900144577,0.0,0.0863155648112297,0.0001,1e-05,50.33,3.1068,0.6362
6429,stage2,4,0.08560321480035782,0.26093271374702454,0.0,0.08560321480035782,0.0001,1e-05,50.328,2.9496,0.637
6430,stage2,4,0.0938229039311409,0.2744385600090027,0.0,0.0938229039311409,0.0001,1e-05,50.33,2.6615,3.8979
6431,stage2,4,0.08513747900724411,0.2888047993183136,0.0,0.08513747900724411,0.0001,1e-05,50.329,2.3429,0.634
6432,stage2,4,0.07474735379219055,0.29168078303337097,0.0,0.07474735379219055,0.0001,1e-05,50.327,2.127,0.6347
6433,stage2,4,0.0835069864988327,0.3094511032104492,0.0,0.0835069864988327,0.0001,1e-05,50.331,2.6486,0.6351
6434,stage2,4,0.07473757863044739,0.2568994462490082,0.0,0.07473757863044739,0.0001,1e-05,50.327,2.0745,0.6357
6435,stage2,4,0.08335573971271515,0.31560516357421875,0.0,0.08335573971271515,0.0001,1e-05,50.33,2.6985,0.6364
6436,stage2,4,0.0942506194114685,0.2797565162181854,0.0,0.0942506194114685,0.0001,1e-05,50.327,2.8592,0.6364
6437,stage2,4,0.09015204757452011,0.2786802351474762,0.0,0.09015204757452011,0.0001,1e-05,50.328,3.1074,0.6371
6438,stage2,4,0.09705866873264313,0.2694756090641022,0.0,0.09705866873264313,0.0001,1e-05,50.325,3.3816,3.974
6439,stage2,4,0.08284012973308563,0.2812786400318146,0.0,0.08284012973308563,0.0001,1e-05,50.33,3.2635,0.6388
6440,stage2,4,0.1006556823849678,0.2722686529159546,0.0,0.1006556823849678,0.0001,1e-05,50.329,2.9517,0.6353
6441,stage2,4,0.07788235694169998,0.2815251052379608,0.0,0.07788235694169998,0.0001,1e-05,50.328,2.5115,0.6347
6442,stage2,4,0.07311825454235077,0.29336240887641907,0.0,0.07311825454235077,0.0001,1e-05,50.33,2.2369,0.6355
6443,stage2,4,0.07214692234992981,0.29403138160705566,0.0,0.07214692234992981,0.0001,1e-05,50.328,2.0631,0.6359
6444,stage2,4,0.08666983246803284,0.2644951045513153,0.0,0.08666983246803284,0.0001,1e-05,50.328,2.4769,0.6359
6445,stage2,4,0.08291593939065933,0.30054372549057007,0.0,0.08291593939065933,0.0001,1e-05,50.328,2.7824,0.6368
6446,stage2,4,0.08904817700386047,0.2801892161369324,0.0,0.08904817700386047,0.0001,1e-05,50.33,3.0455,3.9113
6447,stage2,4,0.09130267798900604,0.29379165172576904,0.0,0.09130267798900604,0.0001,1e-05,50.326,2.8441,0.634
6448,stage2,4,0.09490873664617538,0.2993747591972351,0.0,0.09490873664617538,0.0001,1e-05,50.327,2.5132,0.6349
6449,stage2,4,0.09042951464653015,0.26424652338027954,0.0,0.09042951464653015,0.0001,1e-05,50.329,3.3017,0.6353
6450,stage2,4,0.08040811121463776,0.318563848733902,0.0,0.08040811121463776,0.0001,1e-05,50.331,2.4699,0.6365
6451,stage2,4,0.08004090934991837,0.2967243790626526,0.0,0.08004090934991837,0.0001,1e-05,50.33,2.6785,0.6364
6452,stage2,4,0.07730697095394135,0.25841543078422546,0.0,0.07730697095394135,0.0001,1e-05,50.329,2.2569,0.6364
6453,stage2,4,0.09967461228370667,0.2769201397895813,0.0,0.09967461228370667,0.0001,1e-05,50.326,3.3181,0.6367
6454,stage2,4,0.08924683928489685,0.3236841559410095,0.0,0.08924683928489685,0.0001,1e-05,50.327,3.3697,3.8127
6455,stage2,4,0.08514376729726791,0.28989750146865845,0.0,0.08514376729726791,0.0001,1e-05,50.33,3.1648,0.6348
6456,stage2,4,0.08118035644292831,0.2904583811759949,0.0,0.08118035644292831,0.0001,1e-05,50.327,2.7064,0.6355
6457,stage2,4,0.08188146352767944,0.27407726645469666,0.0,0.08188146352767944,0.0001,1e-05,50.33,2.3725,0.6356
6458,stage2,4,0.08685299754142761,0.27871668338775635,0.0,0.08685299754142761,0.0001,1e-05,50.329,2.3949,0.6359
6459,stage2,4,0.0713353157043457,0.31557825207710266,0.0,0.0713353157043457,0.0001,1e-05,50.328,2.7505,0.6358
6460,stage2,4,0.08586392551660538,0.2791904807090759,0.0,0.08586392551660538,0.0001,1e-05,50.331,2.5492,0.6363
6461,stage2,4,0.08785821497440338,0.27326470613479614,0.0,0.08785821497440338,0.0001,1e-05,50.325,2.8375,0.637
6462,stage2,4,0.09028179198503494,0.30269506573677063,0.0,0.09028179198503494,0.0001,1e-05,50.329,2.6587,3.8439
6463,stage2,4,0.08856988698244095,0.28021126985549927,0.0,0.08856988698244095,0.0001,1e-05,50.329,2.952,0.6344
6464,stage2,4,0.08689120411872864,0.2798826992511749,0.0,0.08689120411872864,0.0001,1e-05,50.335,2.4322,0.6353
6465,stage2,4,0.08549326658248901,0.28028687834739685,0.0,0.08549326658248901,0.0001,1e-05,50.329,2.7359,0.6358
6466,stage2,4,0.08607420325279236,0.301443874835968,0.0,0.08607420325279236,0.0001,1e-05,50.326,2.6745,0.6367
6467,stage2,4,0.08786297589540482,0.2859746515750885,0.0,0.08786297589540482,0.0001,1e-05,50.326,3.0778,0.6371
6468,stage2,4,0.08078677207231522,0.2598789930343628,0.0,0.08078677207231522,0.0001,1e-05,50.328,2.462,0.637
6469,stage2,4,0.07612159848213196,0.2670120894908905,0.0,0.07612159848213196,0.0001,1e-05,50.327,2.2892,0.6371
6470,stage2,4,0.07489576190710068,0.28337597846984863,0.0,0.07489576190710068,0.0001,1e-05,50.328,2.0758,3.9303
6471,stage2,4,0.08456717431545258,0.2652677297592163,0.0,0.08456717431545258,0.0001,1e-05,50.329,2.6341,0.6348
6472,stage2,4,0.07924073934555054,0.26842889189720154,0.0,0.07924073934555054,0.0001,1e-05,50.329,2.8461,0.6351
6473,stage2,4,0.0802326425909996,0.26821431517601013,0.0,0.0802326425909996,0.0001,1e-05,50.327,2.5329,0.6358
6474,stage2,4,0.08362285047769547,0.26924267411231995,0.0,0.08362285047769547,0.0001,1e-05,50.328,2.8497,0.6365
6475,stage2,4,0.0872005969285965,0.2525560259819031,0.0,0.0872005969285965,0.0001,1e-05,50.331,2.7295,0.6365
6476,stage2,4,0.08079483360052109,0.2809827923774719,0.0,0.08079483360052109,0.0001,1e-05,50.331,2.6733,0.6368
6477,stage2,4,0.09429889917373657,0.24553990364074707,0.0,0.09429889917373657,0.0001,1e-05,50.33,2.5814,0.6371
6478,stage2,4,0.08837293088436127,0.2772194445133209,0.0,0.08837293088436127,0.0001,1e-05,50.331,2.9053,3.8775
6479,stage2,4,0.07812639325857162,0.25581279397010803,0.0,0.07812639325857162,0.0001,1e-05,50.328,2.7688,0.6348
6480,stage2,4,0.079521544277668,0.30739787220954895,0.0,0.079521544277668,0.0001,1e-05,50.329,1.9496,0.6357
6481,stage2,4,0.08752752095460892,0.2818889617919922,0.0,0.08752752095460892,0.0001,1e-05,50.328,2.3682,0.6354
6482,stage2,4,0.08760438114404678,0.2692480981349945,0.0,0.08760438114404678,0.0001,1e-05,50.326,2.3862,0.6359
6483,stage2,4,0.07522808015346527,0.26171302795410156,0.0,0.07522808015346527,0.0001,1e-05,50.328,1.9107,0.6362
6484,stage2,4,0.09428269416093826,0.2642461359500885,0.0,0.09428269416093826,0.0001,1e-05,50.326,2.773,0.6365
6485,stage2,4,0.09596460312604904,0.3028494119644165,0.0,0.09596460312604904,0.0001,1e-05,50.331,3.0996,0.6374
6486,stage2,4,0.08480974286794662,0.3095070719718933,0.0,0.08480974286794662,0.0001,1e-05,50.321,2.8726,3.8918
6487,stage2,4,0.0817941427230835,0.26839256286621094,0.0,0.0817941427230835,0.0001,1e-05,50.326,2.2974,0.6348
6488,stage2,4,0.08665546029806137,0.2808243930339813,0.0,0.08665546029806137,0.0001,1e-05,50.324,2.6063,0.6349
6489,stage2,4,0.08039640635251999,0.29111048579216003,0.0,0.08039640635251999,0.0001,1e-05,50.331,2.5334,0.6358
6490,stage2,4,0.08963315188884735,0.28348371386528015,0.0,0.08963315188884735,0.0001,1e-05,50.32,2.8612,0.6364
6491,stage2,4,0.09794292598962784,0.3001819849014282,0.0,0.09794292598962784,0.0001,1e-05,50.33,2.7354,0.6362
6492,stage2,4,0.0912870392203331,0.2797550559043884,0.0,0.0912870392203331,0.0001,1e-05,50.329,3.3055,0.6366
6493,stage2,4,0.08808469772338867,0.24125082790851593,0.0,0.08808469772338867,0.0001,1e-05,50.325,2.5377,0.6373
6494,stage2,4,0.07475852966308594,0.31077367067337036,0.0,0.07475852966308594,0.0001,1e-05,50.325,2.4241,3.9167
6495,stage2,4,0.08797459304332733,0.27675408124923706,0.0,0.08797459304332733,0.0001,1e-05,50.326,2.2678,0.6351
6496,stage2,4,0.08223602175712585,0.28500887751579285,0.0,0.08223602175712585,0.0001,1e-05,50.325,2.6228,0.6345
6497,stage2,4,0.08514141291379929,0.2748503088951111,0.0,0.08514141291379929,0.0001,1e-05,50.33,2.2752,0.6354
6498,stage2,4,0.09328193962574005,0.2693760097026825,0.0,0.09328193962574005,0.0001,1e-05,50.328,2.65,0.636
6499,stage2,4,0.09927783906459808,0.2606704533100128,0.0,0.09927783906459808,0.0001,1e-05,50.325,3.3537,0.6368
6500,stage2,4,0.08347868174314499,0.24959193170070648,0.0,0.08347868174314499,0.0001,1e-05,50.33,3.2643,0.6362
6501,stage2,4,0.08266527205705643,0.27944186329841614,0.0,0.08266527205705643,0.0001,1e-05,50.329,2.7662,0.6364
6502,stage2,4,0.07166450470685959,0.2816418409347534,0.0,0.07166450470685959,0.0001,1e-05,50.327,2.1069,3.849
6503,stage2,4,0.0824025571346283,0.278840035200119,0.0,0.0824025571346283,0.0001,1e-05,50.327,2.4892,0.6344
6504,stage2,4,0.08706168085336685,0.28488555550575256,0.0,0.08706168085336685,0.0001,1e-05,50.325,2.4296,0.6349
6505,stage2,4,0.08426502346992493,0.28193357586860657,0.0,0.08426502346992493,0.0001,1e-05,50.327,2.6094,0.6349
6506,stage2,4,0.09563449770212173,0.28702959418296814,0.0,0.09563449770212173,0.0001,1e-05,50.329,2.6813,0.6359
6507,stage2,4,0.08468388020992279,0.2745017111301422,0.0,0.08468388020992279,0.0001,1e-05,50.328,2.6461,0.6361
6508,stage2,4,0.09167072176933289,0.2841989994049072,0.0,0.09167072176933289,0.0001,1e-05,50.324,3.1949,0.6357
6509,stage2,4,0.09046857804059982,0.2825562059879303,0.0,0.09046857804059982,0.0001,1e-05,50.329,2.9493,0.6361
6510,stage2,4,0.07746989279985428,0.2724582850933075,0.0,0.07746989279985428,0.0001,1e-05,50.33,1.9545,3.8561
6511,stage2,4,0.07820314168930054,0.2708328366279602,0.0,0.07820314168930054,0.0001,1e-05,50.329,1.9723,0.6356
6512,stage2,4,0.09573867917060852,0.27729159593582153,0.0,0.09573867917060852,0.0001,1e-05,50.328,3.0932,0.6349
6513,stage2,4,0.08001303672790527,0.27507445216178894,0.0,0.08001303672790527,0.0001,1e-05,50.33,2.5547,0.6356
6514,stage2,4,0.07900060713291168,0.27533796429634094,0.0,0.07900060713291168,0.0001,1e-05,50.325,2.3703,0.6362
6515,stage2,4,0.09671502560377121,0.2729434370994568,0.0,0.09671502560377121,0.0001,1e-05,50.327,2.8081,0.6363
6516,stage2,4,0.08758468925952911,0.2736831307411194,0.0,0.08758468925952911,0.0001,1e-05,50.328,2.8716,0.6366
6517,stage2,4,0.08373904228210449,0.2906828224658966,0.0,0.08373904228210449,0.0001,1e-05,50.329,2.8206,0.6374
6518,stage2,4,0.08669483661651611,0.2892919182777405,0.0,0.08669483661651611,0.0001,1e-05,50.326,2.9113,3.7559
6519,stage2,4,0.08716107904911041,0.2970044016838074,0.0,0.08716107904911041,0.0001,1e-05,50.326,2.9345,0.6352
6520,stage2,4,0.07355647534132004,0.3131137788295746,0.0,0.07355647534132004,0.0001,1e-05,50.327,2.7039,0.6359
6521,stage2,4,0.08967043459415436,0.31017670035362244,0.0,0.08967043459415436,0.0001,1e-05,50.326,2.4408,0.6358
6522,stage2,4,0.08247551321983337,0.2638087868690491,0.0,0.08247551321983337,0.0001,1e-05,50.326,2.6782,0.6362
6523,stage2,4,0.08376647531986237,0.2990638315677643,0.0,0.08376647531986237,0.0001,1e-05,50.329,2.2119,0.6364
6524,stage2,4,0.0849192887544632,0.2938023805618286,0.0,0.0849192887544632,0.0001,1e-05,50.326,2.9063,0.6371
6525,stage2,4,0.08254196494817734,0.28966623544692993,0.0,0.08254196494817734,0.0001,1e-05,50.327,2.2842,0.637
6526,stage2,4,0.0832032710313797,0.2732451558113098,0.0,0.0832032710313797,0.0001,1e-05,50.329,2.5599,3.6552
6527,stage2,4,0.08667819947004318,0.26911503076553345,0.0,0.08667819947004318,0.0001,1e-05,50.328,2.8955,0.6287
6528,stage2,4,0.07884040474891663,0.2840353548526764,0.0,0.07884040474891663,0.0001,1e-05,50.329,2.3644,0.6364
6529,stage2,4,0.10036072880029678,0.27788493037223816,0.0,0.10036072880029678,0.0001,1e-05,50.325,2.8106,0.6364
6530,stage2,4,0.08078618347644806,0.292789489030838,0.0,0.08078618347644806,0.0001,1e-05,50.329,2.3584,0.6364
6531,stage2,4,0.08379805088043213,0.2825794517993927,0.0,0.08379805088043213,0.0001,1e-05,50.326,2.6672,0.6372
6532,stage2,4,0.07828426361083984,0.28550365567207336,0.0,0.07828426361083984,0.0001,1e-05,50.324,2.242,0.637
6533,stage2,4,0.08532479405403137,0.29079166054725647,0.0,0.08532479405403137,0.0001,1e-05,50.327,3.0506,0.6373
6534,stage2,4,0.08264190703630447,0.30660882592201233,0.0,0.08264190703630447,0.0001,1e-05,50.327,2.2595,3.729
6535,stage2,4,0.07957394421100616,0.29523923993110657,0.0,0.07957394421100616,0.0001,1e-05,50.326,2.6033,0.6347
6536,stage2,4,0.07062055170536041,0.3206736147403717,0.0,0.07062055170536041,0.0001,1e-05,50.326,2.0231,0.6356
6537,stage2,4,0.08262784034013748,0.2829987108707428,0.0,0.08262784034013748,0.0001,1e-05,50.326,2.1566,0.6367
6538,stage2,4,0.08178539574146271,0.3160051703453064,0.0,0.08178539574146271,0.0001,1e-05,50.326,2.9088,0.6365
6539,stage2,4,0.09183519333600998,0.33322417736053467,0.0,0.09183519333600998,0.0001,1e-05,50.329,3.2272,0.6368
6540,stage2,4,0.08401256799697876,0.2994290590286255,0.0,0.08401256799697876,0.0001,1e-05,50.327,2.7214,0.6374
6541,stage2,4,0.09090929478406906,0.25813648104667664,0.0,0.09090929478406906,0.0001,1e-05,50.33,2.6178,0.6372
6542,stage2,4,0.08016390353441238,0.28113576769828796,0.0,0.08016390353441238,0.0001,1e-05,50.329,2.7619,3.6774
6543,stage2,4,0.07758921384811401,0.2810203433036804,0.0,0.07758921384811401,0.0001,1e-05,50.331,2.2586,0.6353
6544,stage2,4,0.0804549902677536,0.32237493991851807,0.0,0.0804549902677536,0.0001,1e-05,50.329,2.1408,0.6361
6545,stage2,4,0.07983020693063736,0.2699979245662689,0.0,0.07983020693063736,0.0001,1e-05,50.33,2.2436,0.6358
6546,stage2,4,0.07944565266370773,0.3117510974407196,0.0,0.07944565266370773,0.0001,1e-05,50.329,2.8278,0.6361
6547,stage2,4,0.08794054388999939,0.2988455891609192,0.0,0.08794054388999939,0.0001,1e-05,50.327,2.7758,0.6375
6548,stage2,4,0.09077530354261398,0.2655058205127716,0.0,0.09077530354261398,0.0001,1e-05,50.326,2.25,0.6366
6549,stage2,4,0.08070152252912521,0.2923235595226288,0.0,0.08070152252912521,0.0001,1e-05,50.328,2.1795,0.6378
6550,stage2,4,0.0906016007065773,0.2755283713340759,0.0,0.0906016007065773,0.0001,1e-05,50.328,2.6134,3.9022
6551,stage2,4,0.07572390884160995,0.3031267821788788,0.0,0.07572390884160995,0.0001,1e-05,50.328,2.1615,0.6347
6552,stage2,4,0.08896297961473465,0.29929396510124207,0.0,0.08896297961473465,0.0001,1e-05,50.324,2.8308,0.6352
6553,stage2,4,0.08326364308595657,0.2762071490287781,0.0,0.08326364308595657,0.0001,1e-05,50.327,2.5423,0.6359
6554,stage2,4,0.09520987421274185,0.2886017858982086,0.0,0.09520987421274185,0.0001,1e-05,50.327,3.0532,0.636
6555,stage2,4,0.07905589789152145,0.2897731065750122,0.0,0.07905589789152145,0.0001,1e-05,50.33,2.3285,0.6366
6556,stage2,4,0.06215943768620491,0.3026948571205139,0.0,0.06215943768620491,0.0001,1e-05,50.324,1.865,0.6362
6557,stage2,4,0.06866752356290817,0.27746570110321045,0.0,0.06866752356290817,0.0001,1e-05,50.329,1.9866,0.637
6558,stage2,4,0.09132073074579239,0.26275140047073364,0.0,0.09132073074579239,0.0001,1e-05,50.326,3.0129,3.8353
6559,stage2,4,0.08644628524780273,0.28455787897109985,0.0,0.08644628524780273,0.0001,1e-05,50.325,3.0046,0.6351
6560,stage2,4,0.08463209122419357,0.2792354226112366,0.0,0.08463209122419357,0.0001,1e-05,50.329,2.8788,0.6351
6561,stage2,4,0.07855691760778427,0.28769293427467346,0.0,0.07855691760778427,0.0001,1e-05,50.327,2.4659,0.637
6562,stage2,4,0.08942470699548721,0.31475773453712463,0.0,0.08942470699548721,0.0001,1e-05,50.331,2.9405,0.6367
6563,stage2,4,0.08754829317331314,0.2783869206905365,0.0,0.08754829317331314,0.0001,1e-05,50.33,2.8593,0.636
6564,stage2,4,0.0835622102022171,0.2850411534309387,0.0,0.0835622102022171,0.0001,1e-05,50.327,3.2213,0.6364
6565,stage2,4,0.09042078256607056,0.26741886138916016,0.0,0.09042078256607056,0.0001,1e-05,50.322,3.0508,0.6368
6566,stage2,4,0.0862320214509964,0.30770066380500793,0.0,0.0862320214509964,0.0001,1e-05,50.329,3.2271,3.6667
6567,stage2,4,0.08785611391067505,0.2917846441268921,0.0,0.08785611391067505,0.0001,1e-05,50.328,2.8404,0.668
6568,stage2,4,0.07744178175926208,0.31179535388946533,0.0,0.07744178175926208,0.0001,1e-05,50.331,1.9395,0.636
6569,stage2,4,0.0937187597155571,0.27866676449775696,0.0,0.0937187597155571,0.0001,1e-05,50.326,2.6209,0.6363
6570,stage2,4,0.0960717722773552,0.27855685353279114,0.0,0.0960717722773552,0.0001,1e-05,50.325,2.788,0.6365
6571,stage2,4,0.09257903695106506,0.27721863985061646,0.0,0.09257903695106506,0.0001,1e-05,50.33,3.1099,0.6373
6572,stage2,4,0.07103854417800903,0.3110358417034149,0.0,0.07103854417800903,0.0001,1e-05,50.327,2.6033,0.6372
6573,stage2,4,0.08685848861932755,0.30191144347190857,0.0,0.08685848861932755,0.0001,1e-05,50.327,3.1716,0.6374
6574,stage2,4,0.08337340503931046,0.2887882590293884,0.0,0.08337340503931046,0.0001,1e-05,50.327,4.1413,3.7846
6575,stage2,4,0.08802802860736847,0.28699353337287903,0.0,0.08802802860736847,0.0001,1e-05,50.327,2.7936,0.7431
6576,stage2,4,0.09321730583906174,0.2918347716331482,0.0,0.09321730583906174,0.0001,1e-05,50.33,3.0352,0.6355
6577,stage2,4,0.07895157486200333,0.28275471925735474,0.0,0.07895157486200333,0.0001,1e-05,50.329,2.3652,0.6353
6578,stage2,4,0.0914081335067749,0.29356396198272705,0.0,0.0914081335067749,0.0001,1e-05,50.326,3.5702,0.6362
6579,stage2,4,0.08016585558652878,0.2884063422679901,0.0,0.08016585558652878,0.0001,1e-05,50.328,2.9118,0.6364
6580,stage2,4,0.0761883407831192,0.29284825921058655,0.0,0.0761883407831192,0.0001,1e-05,50.331,2.1207,0.6367
6581,stage2,4,0.07997677475214005,0.2964537739753723,0.0,0.07997677475214005,0.0001,1e-05,50.329,2.8664,0.6371
6582,stage2,4,0.07296319305896759,0.29308557510375977,0.0,0.07296319305896759,0.0001,1e-05,50.327,2.2632,3.7553
6583,stage2,4,0.08391332626342773,0.25445154309272766,0.0,0.08391332626342773,0.0001,1e-05,50.328,2.533,0.7069
6584,stage2,4,0.08906290680170059,0.30437374114990234,0.0,0.08906290680170059,0.0001,1e-05,50.327,3.1357,0.636
6585,stage2,4,0.0843958705663681,0.2782042920589447,0.0,0.0843958705663681,0.0001,1e-05,50.328,2.4952,0.6357
6586,stage2,4,0.0750235840678215,0.30692145228385925,0.0,0.0750235840678215,0.0001,1e-05,50.33,2.2839,0.6357
6587,stage2,4,0.09523588418960571,0.27410146594047546,0.0,0.09523588418960571,0.0001,1e-05,50.332,2.7776,0.6369
6588,stage2,4,0.09361059218645096,0.28136810660362244,0.0,0.09361059218645096,0.0001,1e-05,50.327,2.4524,0.6362
6589,stage2,4,0.08341837674379349,0.28778815269470215,0.0,0.08341837674379349,0.0001,1e-05,50.331,2.8202,0.6365
6590,stage2,4,0.08241403847932816,0.29110071063041687,0.0,0.08241403847932816,0.0001,1e-05,50.328,2.5352,3.7332
6591,stage2,4,0.07677612453699112,0.28486600518226624,0.0,0.07677612453699112,0.0001,1e-05,50.329,2.3557,0.6978
6592,stage2,4,0.07422970980405807,0.292512446641922,0.0,0.07422970980405807,0.0001,1e-05,50.328,2.3382,0.6349
6593,stage2,4,0.08122583478689194,0.258788138628006,0.0,0.08122583478689194,0.0001,1e-05,50.329,2.4358,0.6353
6594,stage2,4,0.08563177287578583,0.30548015236854553,0.0,0.08563177287578583,0.0001,1e-05,50.327,2.7184,0.6357
6595,stage2,4,0.07815951108932495,0.28492358326911926,0.0,0.07815951108932495,0.0001,1e-05,50.329,2.3845,0.6364
6596,stage2,4,0.08413998037576675,0.28261157870292664,0.0,0.08413998037576675,0.0001,1e-05,50.329,2.4813,0.6368
6597,stage2,4,0.09068117290735245,0.2833782732486725,0.0,0.09068117290735245,0.0001,1e-05,50.329,3.0954,0.637
6598,stage2,4,0.08144614845514297,0.27459344267845154,0.0,0.08144614845514297,0.0001,1e-05,50.329,2.542,3.6908
6599,stage2,4,0.0712122991681099,0.3228036165237427,0.0,0.0712122991681099,0.0001,1e-05,50.327,2.0683,0.7296
6600,stage2,4,0.0855347067117691,0.2802782952785492,0.0,0.0855347067117691,0.0001,1e-05,50.325,2.2494,0.6364
6601,stage2,4,0.07850652933120728,0.29529353976249695,0.0,0.07850652933120728,0.0001,1e-05,50.332,2.6982,0.6354
6602,stage2,4,0.08585196733474731,0.31071415543556213,0.0,0.08585196733474731,0.0001,1e-05,50.324,2.6779,0.6364
6603,stage2,4,0.09382139146327972,0.2615368664264679,0.0,0.09382139146327972,0.0001,1e-05,50.327,2.4249,0.6372
6604,stage2,4,0.09065373986959457,0.2567794919013977,0.0,0.09065373986959457,0.0001,1e-05,50.329,2.584,0.6364
6605,stage2,4,0.06886409223079681,0.31628718972206116,0.0,0.06886409223079681,0.0001,1e-05,50.33,2.0409,0.6369
6606,stage2,4,0.09649746119976044,0.2784217596054077,0.0,0.09649746119976044,0.0001,1e-05,50.326,2.9076,3.6652
6607,stage2,4,0.08515110611915588,0.28526726365089417,0.0,0.08515110611915588,0.0001,1e-05,50.323,2.7987,0.7506
6608,stage2,4,0.07687506824731827,0.3228106200695038,0.0,0.07687506824731827,0.0001,1e-05,50.325,3.0982,0.6358
6609,stage2,4,0.09651162475347519,0.2648259103298187,0.0,0.09651162475347519,0.0001,1e-05,50.328,2.8539,0.6356
6610,stage2,4,0.07641236484050751,0.2805737853050232,0.0,0.07641236484050751,0.0001,1e-05,50.329,2.3625,0.6369
6611,stage2,4,0.08309317380189896,0.2814907133579254,0.0,0.08309317380189896,0.0001,1e-05,50.325,2.8361,0.6365
6612,stage2,4,0.07975000143051147,0.2652417719364166,0.0,0.07975000143051147,0.0001,1e-05,50.33,2.2381,0.6362
6613,stage2,4,0.07498147338628769,0.2583507001399994,0.0,0.07498147338628769,0.0001,1e-05,50.329,2.4538,0.6371
6614,stage2,4,0.07174711674451828,0.30459290742874146,0.0,0.07174711674451828,0.0001,1e-05,50.328,2.4985,3.6734
6615,stage2,4,0.09095649421215057,0.265433132648468,0.0,0.09095649421215057,0.0001,1e-05,50.326,2.6638,0.7841
6616,stage2,4,0.08482779562473297,0.312958300113678,0.0,0.08482779562473297,0.0001,1e-05,50.329,2.5628,0.6397
6617,stage2,4,0.07810388505458832,0.2614873945713043,0.0,0.07810388505458832,0.0001,1e-05,50.33,2.1946,0.6356
6618,stage2,4,0.08992613852024078,0.29573267698287964,0.0,0.08992613852024078,0.0001,1e-05,50.328,3.2173,0.6371
6619,stage2,4,0.0950198546051979,0.2700612545013428,0.0,0.0950198546051979,0.0001,1e-05,50.326,2.7096,0.6364
6620,stage2,4,0.07227238267660141,0.30057576298713684,0.0,0.07227238267660141,0.0001,1e-05,50.329,2.3902,0.6371
6621,stage2,4,0.07374248653650284,0.27387648820877075,0.0,0.07374248653650284,0.0001,1e-05,50.329,2.4477,0.6377
6622,stage2,4,0.07712314277887344,0.26566579937934875,0.0,0.07712314277887344,0.0001,1e-05,50.326,2.6614,3.6977
6623,stage2,4,0.09322468936443329,0.29842543601989746,0.0,0.09322468936443329,0.0001,1e-05,50.331,2.9897,0.8216
6624,stage2,4,0.08732421696186066,0.2702648341655731,0.0,0.08732421696186066,0.0001,1e-05,50.329,2.4611,0.6357
6625,stage2,4,0.08103447407484055,0.28923869132995605,0.0,0.08103447407484055,0.0001,1e-05,50.331,2.265,0.6353
6626,stage2,4,0.08542194962501526,0.2926255464553833,0.0,0.08542194962501526,0.0001,1e-05,50.329,2.9459,0.6362
6627,stage2,4,0.08211901783943176,0.27597329020500183,0.0,0.08211901783943176,0.0001,1e-05,50.325,2.308,0.6359
6628,stage2,4,0.08475921303033829,0.26551318168640137,0.0,0.08475921303033829,0.0001,1e-05,50.324,2.8414,0.6358
6629,stage2,4,0.08138550817966461,0.27445805072784424,0.0,0.08138550817966461,0.0001,1e-05,50.326,2.4199,0.6364
6630,stage2,4,0.07499715685844421,0.2806079685688019,0.0,0.07499715685844421,0.0001,1e-05,50.326,2.0578,3.5975
6631,stage2,4,0.0909581333398819,0.29178789258003235,0.0,0.0909581333398819,0.0001,1e-05,50.33,2.7358,0.8665
6632,stage2,4,0.07545773684978485,0.28599032759666443,0.0,0.07545773684978485,0.0001,1e-05,50.325,2.9722,0.6348
6633,stage2,4,0.09395003318786621,0.2616608142852783,0.0,0.09395003318786621,0.0001,1e-05,50.328,2.8731,0.6353
6634,stage2,4,0.08242854475975037,0.24488016963005066,0.0,0.08242854475975037,0.0001,1e-05,50.329,2.7232,0.6357
6635,stage2,4,0.07759920507669449,0.28822436928749084,0.0,0.07759920507669449,0.0001,1e-05,50.328,2.4945,0.6365
6636,stage2,4,0.08039722591638565,0.30962467193603516,0.0,0.08039722591638565,0.0001,1e-05,50.326,2.55,0.6365
6637,stage2,4,0.08544602990150452,0.3303977847099304,0.0,0.08544602990150452,0.0001,1e-05,50.324,2.9698,0.6364
6638,stage2,4,0.07302705198526382,0.2864817678928375,0.0,0.07302705198526382,0.0001,1e-05,50.328,2.2428,3.5164
6639,stage2,4,0.08025003969669342,0.2647876441478729,0.0,0.08025003969669342,0.0001,1e-05,50.324,2.7438,0.8716
6640,stage2,4,0.08182833343744278,0.30803102254867554,0.0,0.08182833343744278,0.0001,1e-05,50.328,2.7987,0.6348
6641,stage2,4,0.08538535982370377,0.26989108324050903,0.0,0.08538535982370377,0.0001,1e-05,50.325,2.7389,0.636
6642,stage2,4,0.07788845896720886,0.24968917667865753,0.0,0.07788845896720886,0.0001,1e-05,50.326,2.2919,0.6361
6643,stage2,4,0.08623183518648148,0.298277348279953,0.0,0.08623183518648148,0.0001,1e-05,50.325,2.511,0.6363
6644,stage2,4,0.0882524773478508,0.32588642835617065,0.0,0.0882524773478508,0.0001,1e-05,50.328,2.638,0.637
6645,stage2,4,0.07121353596448898,0.2930024564266205,0.0,0.07121353596448898,0.0001,1e-05,50.326,2.5538,0.6369
6646,stage2,4,0.09009778499603271,0.29372766613960266,0.0,0.09009778499603271,0.0001,1e-05,50.324,2.9105,3.6233
6647,stage2,4,0.09484723955392838,0.3190422058105469,0.0,0.09484723955392838,0.0001,1e-05,50.328,3.3277,0.8876
6648,stage2,4,0.07822924852371216,0.2607176899909973,0.0,0.07822924852371216,0.0001,1e-05,50.327,2.072,0.6356
6649,stage2,4,0.09038210660219193,0.26334553956985474,0.0,0.09038210660219193,0.0001,1e-05,50.325,2.5344,0.6357
6650,stage2,4,0.08757087588310242,0.27729305624961853,0.0,0.08757087588310242,0.0001,1e-05,50.325,2.2519,0.6364
6651,stage2,4,0.06824351102113724,0.2769240140914917,0.0,0.06824351102113724,0.0001,1e-05,50.328,2.0412,0.6366
6652,stage2,4,0.09238214045763016,0.3099691867828369,0.0,0.09238214045763016,0.0001,1e-05,50.326,3.2994,0.6363
6653,stage2,4,0.07997079193592072,0.28115251660346985,0.0,0.07997079193592072,0.0001,1e-05,50.326,2.467,0.6365
6654,stage2,4,0.08677192032337189,0.28515559434890747,0.0,0.08677192032337189,0.0001,1e-05,50.327,2.8145,3.5666
6655,stage2,4,0.08728965371847153,0.2870532274246216,0.0,0.08728965371847153,0.0001,1e-05,50.328,2.5802,0.8783
6656,stage2,4,0.0866057351231575,0.2978123724460602,0.0,0.0866057351231575,0.0001,1e-05,50.325,2.3045,0.6353
6657,stage2,4,0.07800553739070892,0.28801193833351135,0.0,0.07800553739070892,0.0001,1e-05,50.331,2.2859,0.6354
6658,stage2,4,0.08064030110836029,0.2585172653198242,0.0,0.08064030110836029,0.0001,1e-05,50.324,2.3827,0.6363
6659,stage2,4,0.06995098292827606,0.27233678102493286,0.0,0.06995098292827606,0.0001,1e-05,50.326,2.3656,0.6362
6660,stage2,4,0.07273343205451965,0.2926057279109955,0.0,0.07273343205451965,0.0001,1e-05,50.327,2.4553,0.6377
6661,stage2,4,0.08073172718286514,0.29693132638931274,0.0,0.08073172718286514,0.0001,1e-05,50.327,2.5503,0.6369
6662,stage2,4,0.0872783288359642,0.288409560918808,0.0,0.0872783288359642,0.0001,1e-05,50.324,2.3773,3.6492
6663,stage2,4,0.07575972378253937,0.268472820520401,0.0,0.07575972378253937,0.0001,1e-05,50.328,2.2336,0.9073
6664,stage2,4,0.08265290409326553,0.28698408603668213,0.0,0.08265290409326553,0.0001,1e-05,50.322,2.017,0.6405
6665,stage2,4,0.09280551970005035,0.2823784351348877,0.0,0.09280551970005035,0.0001,1e-05,50.327,2.7876,0.6302
6666,stage2,4,0.08299079537391663,0.3005371391773224,0.0,0.08299079537391663,0.0001,1e-05,50.327,2.8088,0.6355
6667,stage2,4,0.09047583490610123,0.291363388299942,0.0,0.09047583490610123,0.0001,1e-05,50.326,2.8902,0.6359
6668,stage2,4,0.08832113444805145,0.324806809425354,0.0,0.08832113444805145,0.0001,1e-05,50.327,2.6027,0.6366
6669,stage2,4,0.07740893214941025,0.25158050656318665,0.0,0.07740893214941025,0.0001,1e-05,50.327,2.7039,0.6366
6670,stage2,4,0.0674780085682869,0.2715882956981659,0.0,0.0674780085682869,0.0001,1e-05,50.325,2.2151,3.5714
6671,stage2,4,0.09055808931589127,0.28763240575790405,0.0,0.09055808931589127,0.0001,1e-05,50.325,2.3924,0.8938
6672,stage2,4,0.08186551928520203,0.26993778347969055,0.0,0.08186551928520203,0.0001,1e-05,50.324,2.7811,0.6349
6673,stage2,4,0.11660745739936829,0.3231852650642395,0.0,0.11660745739936829,0.0001,1e-05,50.325,3.8136,0.6352
6674,stage2,4,0.09447972476482391,0.3013356924057007,0.0,0.09447972476482391,0.0001,1e-05,50.325,2.6598,0.6363
6675,stage2,4,0.08206724375486374,0.2548464238643646,0.0,0.08206724375486374,0.0001,1e-05,50.325,2.4142,0.6365
6676,stage2,4,0.0727662444114685,0.2807190418243408,0.0,0.0727662444114685,0.0001,1e-05,50.325,2.0149,0.6364
6677,stage2,4,0.09709959477186203,0.2940225601196289,0.0,0.09709959477186203,0.0001,1e-05,50.328,3.0113,0.637
6678,stage2,4,0.08525288105010986,0.30378273129463196,0.0,0.08525288105010986,0.0001,1e-05,50.325,2.4307,3.6832
6679,stage2,4,0.08472086489200592,0.2781299948692322,0.0,0.08472086489200592,0.0001,1e-05,50.326,2.6141,0.8804
6680,stage2,4,0.0813419297337532,0.25441819429397583,0.0,0.0813419297337532,0.0001,1e-05,50.323,2.5484,0.6352
6681,stage2,4,0.08707545697689056,0.26563894748687744,0.0,0.08707545697689056,0.0001,1e-05,50.327,2.9874,0.6353
6682,stage2,4,0.07184474170207977,0.26583442091941833,0.0,0.07184474170207977,0.0001,1e-05,50.323,2.0219,0.6356
6683,stage2,4,0.07640224695205688,0.2738959491252899,0.0,0.07640224695205688,0.0001,1e-05,50.323,2.1484,0.6361
6684,stage2,4,0.07859617471694946,0.2813612222671509,0.0,0.07859617471694946,0.0001,1e-05,50.326,2.3784,0.6367
6685,stage2,4,0.08297089487314224,0.27672311663627625,0.0,0.08297089487314224,0.0001,1e-05,50.322,2.3238,0.636
6686,stage2,4,0.07875918596982956,0.2854670286178589,0.0,0.07875918596982956,0.0001,1e-05,50.325,1.7793,3.5358
6687,stage2,4,0.08769915252923965,0.2983621060848236,0.0,0.08769915252923965,0.0001,1e-05,50.324,2.6593,0.9194
6688,stage2,4,0.0774397999048233,0.29396024346351624,0.0,0.0774397999048233,0.0001,1e-05,50.324,2.6579,0.635
6689,stage2,4,0.09281716495752335,0.27588367462158203,0.0,0.09281716495752335,0.0001,1e-05,50.327,2.5516,0.6352
6690,stage2,4,0.08501946181058884,0.2901693284511566,0.0,0.08501946181058884,0.0001,1e-05,50.326,2.4153,0.6356
6691,stage2,4,0.08460722118616104,0.30107244849205017,0.0,0.08460722118616104,0.0001,1e-05,50.324,2.8845,0.6356
6692,stage2,4,0.08111700415611267,0.26115864515304565,0.0,0.08111700415611267,0.0001,1e-05,50.326,2.4684,0.636
6693,stage2,4,0.07708382606506348,0.278185099363327,0.0,0.07708382606506348,0.0001,1e-05,50.323,2.2146,0.6365
6694,stage2,4,0.06746320426464081,0.2851236164569855,0.0,0.06746320426464081,0.0001,1e-05,50.32,2.1334,3.4554
6695,stage2,4,0.08266236633062363,0.279228150844574,0.0,0.08266236633062363,0.0001,1e-05,50.328,2.3377,0.9425
6696,stage2,4,0.07622439414262772,0.25940513610839844,0.0,0.07622439414262772,0.0001,1e-05,50.325,2.1293,0.6346
6697,stage2,4,0.07642050832509995,0.2758933901786804,0.0,0.07642050832509995,0.0001,1e-05,50.324,2.4213,0.6409
6698,stage2,4,0.07583063095808029,0.2915629744529724,0.0,0.07583063095808029,0.0001,1e-05,50.327,1.9174,0.6356
6699,stage2,4,0.06679962575435638,0.257741242647171,0.0,0.06679962575435638,0.0001,1e-05,50.326,1.9448,0.6362
6700,stage2,4,0.08801436424255371,0.28129836916923523,0.0,0.08801436424255371,0.0001,1e-05,50.328,2.6234,0.6368
6701,stage2,4,0.07056152820587158,0.263597697019577,0.0,0.07056152820587158,0.0001,1e-05,50.325,2.2506,0.6376
6702,stage2,4,0.09369861334562302,0.3126349151134491,0.0,0.09369861334562302,0.0001,1e-05,50.328,3.287,3.5331
6703,stage2,4,0.07499204576015472,0.297646701335907,0.0,0.07499204576015472,0.0001,1e-05,50.325,2.6363,0.884
6704,stage2,4,0.08106988668441772,0.25584056973457336,0.0,0.08106988668441772,0.0001,1e-05,50.327,2.4669,0.6339
6705,stage2,4,0.08828659355640411,0.2745581865310669,0.0,0.08828659355640411,0.0001,1e-05,50.328,2.9405,0.6348
6706,stage2,4,0.07435150444507599,0.2592768669128418,0.0,0.07435150444507599,0.0001,1e-05,50.324,2.5149,0.6356
6707,stage2,4,0.08750967681407928,0.2756795883178711,0.0,0.08750967681407928,0.0001,1e-05,50.322,3.0914,0.6357
6708,stage2,4,0.07604323327541351,0.3091912567615509,0.0,0.07604323327541351,0.0001,1e-05,50.328,2.8223,0.6357
6709,stage2,4,0.0816510021686554,0.26425594091415405,0.0,0.0816510021686554,0.0001,1e-05,50.328,2.848,0.6361
6710,stage2,4,0.09288216382265091,0.29625430703163147,0.0,0.09288216382265091,0.0001,1e-05,50.325,3.4048,3.7145
6711,stage2,4,0.0851062461733818,0.2886911928653717,0.0,0.0851062461733818,0.0001,1e-05,50.327,2.8866,0.7989
6712,stage2,4,0.09360233694314957,0.25897088646888733,0.0,0.09360233694314957,0.0001,1e-05,50.328,2.8796,0.6341
6713,stage2,4,0.07123050838708878,0.2908622920513153,0.0,0.07123050838708878,0.0001,1e-05,50.326,2.29,0.6343
6714,stage2,4,0.09978120028972626,0.30222782492637634,0.0,0.09978120028972626,0.0001,1e-05,50.326,3.3488,0.6341
6715,stage2,4,0.07748354226350784,0.36716461181640625,0.0,0.07748354226350784,0.0001,1e-05,50.324,2.5661,0.6348
6716,stage2,4,0.08056963235139847,0.2881360352039337,0.0,0.08056963235139847,0.0001,1e-05,50.324,2.4207,0.6355
6717,stage2,4,0.08948179334402084,0.306546151638031,0.0,0.08948179334402084,0.0001,1e-05,50.329,2.5938,0.6356
6718,stage2,4,0.0994638204574585,0.2863881289958954,0.0,0.0994638204574585,0.0001,1e-05,50.324,3.8329,3.6661
6719,stage2,4,0.08152201026678085,0.28073182702064514,0.0,0.08152201026678085,0.0001,1e-05,50.329,2.6575,0.7258
6720,stage2,4,0.08442096412181854,0.25912103056907654,0.0,0.08442096412181854,0.0001,1e-05,50.327,2.8347,0.6336
6721,stage2,4,0.08448250591754913,0.2789791226387024,0.0,0.08448250591754913,0.0001,1e-05,50.325,2.7649,0.6375
6722,stage2,4,0.08187325298786163,0.26398152112960815,0.0,0.08187325298786163,0.0001,1e-05,50.325,2.2985,0.6345
6723,stage2,4,0.08210650831460953,0.30950602889060974,0.0,0.08210650831460953,0.0001,1e-05,50.324,2.9166,0.6355
6724,stage2,4,0.07591786980628967,0.2791329026222229,0.0,0.07591786980628967,0.0001,1e-05,50.326,2.3685,0.636
6725,stage2,4,0.07346145063638687,0.30769553780555725,0.0,0.07346145063638687,0.0001,1e-05,50.322,2.4214,0.6354
6726,stage2,4,0.09417024254798889,0.3111812174320221,0.0,0.09417024254798889,0.0001,1e-05,50.329,3.9788,3.8514
6727,stage2,4,0.09913691878318787,0.28567638993263245,0.0,0.09913691878318787,0.0001,1e-05,50.327,3.3626,0.6333
6728,stage2,4,0.06932566314935684,0.31832411885261536,0.0,0.06932566314935684,0.0001,1e-05,50.326,2.5957,0.6342
6729,stage2,4,0.09148270636796951,0.3006109297275543,0.0,0.09148270636796951,0.0001,1e-05,50.326,3.1192,0.6348
6730,stage2,4,0.08019327372312546,0.2732408046722412,0.0,0.08019327372312546,0.0001,1e-05,50.33,2.3019,0.635
6731,stage2,4,0.09700282663106918,0.2661644220352173,0.0,0.09700282663106918,0.0001,1e-05,50.327,3.46,0.6356
6732,stage2,4,0.07750385999679565,0.3068443834781647,0.0,0.07750385999679565,0.0001,1e-05,50.326,2.6214,0.6354
6733,stage2,4,0.0948583111166954,0.26514920592308044,0.0,0.0948583111166954,0.0001,1e-05,50.323,2.6366,0.636
6734,stage2,4,0.08463957160711288,0.2670363187789917,0.0,0.08463957160711288,0.0001,1e-05,50.323,2.3349,3.8866
6735,stage2,4,0.09255445003509521,0.2724950313568115,0.0,0.09255445003509521,0.0001,1e-05,50.323,3.5639,0.633
6736,stage2,4,0.08400414884090424,0.2793973982334137,0.0,0.08400414884090424,0.0001,1e-05,50.326,2.5615,0.6335
6737,stage2,4,0.09248443692922592,0.27566656470298767,0.0,0.09248443692922592,0.0001,1e-05,50.324,2.7789,0.6341
6738,stage2,4,0.07988011091947556,0.2720043659210205,0.0,0.07988011091947556,0.0001,1e-05,50.325,2.6289,0.6347
6739,stage2,4,0.07038211077451706,0.26856666803359985,0.0,0.07038211077451706,0.0001,1e-05,50.322,2.2567,0.6354
6740,stage2,4,0.10401823371648788,0.27863526344299316,0.0,0.10401823371648788,0.0001,1e-05,50.324,2.9012,0.6353
6741,stage2,4,0.07298222184181213,0.28370633721351624,0.0,0.07298222184181213,0.0001,1e-05,50.328,2.3596,0.6354
6742,stage2,4,0.08295303583145142,0.2872597575187683,0.0,0.08295303583145142,0.0001,1e-05,50.327,2.6286,3.9364
6743,stage2,4,0.06331382691860199,0.279615193605423,0.0,0.06331382691860199,0.0001,1e-05,50.326,2.2537,0.633
6744,stage2,4,0.0798366442322731,0.2602565586566925,0.0,0.0798366442322731,0.0001,1e-05,50.326,2.448,0.6335
6745,stage2,4,0.09326806664466858,0.269467830657959,0.0,0.09326806664466858,0.0001,1e-05,50.327,3.0116,0.6346
6746,stage2,4,0.08568449318408966,0.2563893795013428,0.0,0.08568449318408966,0.0001,1e-05,50.326,2.7954,0.6344
6747,stage2,4,0.09363891184329987,0.2688554525375366,0.0,0.09363891184329987,0.0001,1e-05,50.327,2.5493,0.6351
6748,stage2,4,0.07394895702600479,0.2832171618938446,0.0,0.07394895702600479,0.0001,1e-05,50.326,2.0262,0.6352
6749,stage2,4,0.07463356107473373,0.28648337721824646,0.0,0.07463356107473373,0.0001,1e-05,50.324,2.7129,0.6356
6750,stage2,4,0.09512604027986526,0.2694753408432007,0.0,0.09512604027986526,0.0001,1e-05,50.33,2.6392,3.8952
6751,stage2,4,0.07832091301679611,0.28280627727508545,0.0,0.07832091301679611,0.0001,1e-05,50.329,2.8484,0.6335
6752,stage2,4,0.0871678814291954,0.27536576986312866,0.0,0.0871678814291954,0.0001,1e-05,50.324,2.965,0.6342
6753,stage2,4,0.0781233012676239,0.29143810272216797,0.0,0.0781233012676239,0.0001,1e-05,50.326,2.5484,0.634
6754,stage2,4,0.08970451354980469,0.27249157428741455,0.0,0.08970451354980469,0.0001,1e-05,50.325,2.626,0.6347
6755,stage2,4,0.08461935073137283,0.30003538727760315,0.0,0.08461935073137283,0.0001,1e-05,50.326,3.4496,0.6348
6756,stage2,4,0.08975553512573242,0.2820550203323364,0.0,0.08975553512573242,0.0001,1e-05,50.33,2.9658,0.6352
6757,stage2,4,0.0907495990395546,0.27792203426361084,0.0,0.0907495990395546,0.0001,1e-05,50.327,2.4141,0.6357
6758,stage2,4,0.07709954679012299,0.2774168848991394,0.0,0.07709954679012299,0.0001,1e-05,50.33,2.5767,3.9572
6759,stage2,4,0.07820180058479309,0.26760333776474,0.0,0.07820180058479309,0.0001,1e-05,50.332,2.6183,0.6335
6760,stage2,4,0.08156361430883408,0.29332733154296875,0.0,0.08156361430883408,0.0001,1e-05,50.329,2.4914,0.6344
6761,stage2,4,0.08806800097227097,0.2740951180458069,0.0,0.08806800097227097,0.0001,1e-05,50.33,2.7798,0.6342
6762,stage2,4,0.08399856090545654,0.2943416237831116,0.0,0.08399856090545654,0.0001,1e-05,50.326,2.7137,0.6348
6763,stage2,4,0.07557680457830429,0.28829702734947205,0.0,0.07557680457830429,0.0001,1e-05,50.324,2.593,0.6349
6764,stage2,4,0.1055300161242485,0.28722167015075684,0.0,0.1055300161242485,0.0001,1e-05,50.325,3.7446,0.6352
6765,stage2,4,0.0814983993768692,0.30327585339546204,0.0,0.0814983993768692,0.0001,1e-05,50.329,2.2394,0.6353
6766,stage2,4,0.0798778235912323,0.2920839190483093,0.0,0.0798778235912323,0.0001,1e-05,50.33,3.05,3.8931
6767,stage2,4,0.08240330219268799,0.2999469041824341,0.0,0.08240330219268799,0.0001,1e-05,50.325,2.193,0.6351
6768,stage2,4,0.09241822361946106,0.29574111104011536,0.0,0.09241822361946106,0.0001,1e-05,50.329,2.2529,0.6345
6769,stage2,4,0.07704617083072662,0.26612532138824463,0.0,0.07704617083072662,0.0001,1e-05,50.328,1.8764,0.6349
6770,stage2,4,0.07130152732133865,0.2909582555294037,0.0,0.07130152732133865,0.0001,1e-05,50.33,2.3215,0.6361
6771,stage2,4,0.09160622954368591,0.2783683240413666,0.0,0.09160622954368591,0.0001,1e-05,50.33,2.4363,0.6362
6772,stage2,4,0.09296092391014099,0.28253430128097534,0.0,0.09296092391014099,0.0001,1e-05,50.328,3.341,0.6362
6773,stage2,4,0.08298855274915695,0.29697713255882263,0.0,0.08298855274915695,0.0001,1e-05,50.325,2.3397,0.6364
6774,stage2,4,0.08699937164783478,0.28402048349380493,0.0,0.08699937164783478,0.0001,1e-05,50.33,2.3797,3.8169
6775,stage2,4,0.09363777190446854,0.26530346274375916,0.0,0.09363777190446854,0.0001,1e-05,50.328,3.1146,0.6355
6776,stage2,4,0.08306620270013809,0.27067482471466064,0.0,0.08306620270013809,0.0001,1e-05,50.332,2.6012,0.6344
6777,stage2,4,0.08473095297813416,0.2768535614013672,0.0,0.08473095297813416,0.0001,1e-05,50.33,2.3601,0.6341
6778,stage2,4,0.08779264986515045,0.2838384509086609,0.0,0.08779264986515045,0.0001,1e-05,50.33,2.3844,0.6344
6779,stage2,4,0.08298492431640625,0.2675569951534271,0.0,0.08298492431640625,0.0001,1e-05,50.325,2.6165,0.6347
6780,stage2,4,0.10300400853157043,0.28175392746925354,0.0,0.10300400853157043,0.0001,1e-05,50.33,2.9616,0.6349
6781,stage2,4,0.08151737600564957,0.3368987739086151,0.0,0.08151737600564957,0.0001,1e-05,50.328,2.3594,0.6355
6782,stage2,4,0.08753488957881927,0.2847663164138794,0.0,0.08753488957881927,0.0001,1e-05,50.329,2.9614,3.8941
6783,stage2,4,0.08122172206640244,0.2710183262825012,0.0,0.08122172206640244,0.0001,1e-05,50.328,2.13,0.6335
6784,stage2,4,0.07926749438047409,0.2733689844608307,0.0,0.07926749438047409,0.0001,1e-05,50.329,2.4141,0.6336
6785,stage2,4,0.08419169485569,0.2628098130226135,0.0,0.08419169485569,0.0001,1e-05,50.326,2.8612,0.6343
6786,stage2,4,0.07952413707971573,0.2880004346370697,0.0,0.07952413707971573,0.0001,1e-05,50.329,2.6108,0.6347
6787,stage2,4,0.07719915360212326,0.2760896682739258,0.0,0.07719915360212326,0.0001,1e-05,50.324,2.2237,0.6353
6788,stage2,4,0.07609591633081436,0.2800600528717041,0.0,0.07609591633081436,0.0001,1e-05,50.327,2.6721,0.6359
6789,stage2,4,0.07699746638536453,0.2515204846858978,0.0,0.07699746638536453,0.0001,1e-05,50.327,2.2675,0.6359
6790,stage2,4,0.08353091776371002,0.2829529941082001,0.0,0.08353091776371002,0.0001,1e-05,50.326,2.8334,3.9462
6791,stage2,4,0.07743383198976517,0.3030425012111664,0.0,0.07743383198976517,0.0001,1e-05,50.324,2.486,0.6338
6792,stage2,4,0.08369899541139603,0.2597719728946686,0.0,0.08369899541139603,0.0001,1e-05,50.329,3.3231,0.6351
6793,stage2,4,0.08322339504957199,0.28866419196128845,0.0,0.08322339504957199,0.0001,1e-05,50.324,2.6906,0.6341
6794,stage2,4,0.07774229347705841,0.26534250378608704,0.0,0.07774229347705841,0.0001,1e-05,50.328,2.2842,0.6348
6795,stage2,4,0.0875534638762474,0.2693423330783844,0.0,0.0875534638762474,0.0001,1e-05,50.329,4.0862,0.6355
6796,stage2,4,0.0826743096113205,0.29448428750038147,0.0,0.0826743096113205,0.0001,1e-05,50.327,2.7556,0.6354
6797,stage2,4,0.08352977782487869,0.2584960460662842,0.0,0.08352977782487869,0.0001,1e-05,50.327,2.5818,0.6355
6798,stage2,4,0.07428955286741257,0.28622907400131226,0.0,0.07428955286741257,0.0001,1e-05,50.33,2.1586,3.8574
6799,stage2,4,0.0891198068857193,0.2756728231906891,0.0,0.0891198068857193,0.0001,1e-05,50.328,3.1542,0.6339
6800,stage2,4,0.09082335233688354,0.26271048188209534,0.0,0.09082335233688354,0.0001,1e-05,50.327,3.1404,0.6344
6801,stage2,4,0.08786724507808685,0.3141360282897949,0.0,0.08786724507808685,0.0001,1e-05,50.326,2.8088,0.6348
6802,stage2,4,0.08086021989583969,0.2756255269050598,0.0,0.08086021989583969,0.0001,1e-05,50.327,2.6562,0.6342
6803,stage2,4,0.07973411679267883,0.2553848922252655,0.0,0.07973411679267883,0.0001,1e-05,50.327,2.5372,0.6356
6804,stage2,4,0.0840737447142601,0.2616457939147949,0.0,0.0840737447142601,0.0001,1e-05,50.324,2.2485,0.6356
6805,stage2,4,0.07641924172639847,0.30004504323005676,0.0,0.07641924172639847,0.0001,1e-05,50.327,3.0519,0.6351
6806,stage2,4,0.07681921124458313,0.3029181659221649,0.0,0.07681921124458313,0.0001,1e-05,50.325,2.1164,3.8432
6807,stage2,4,0.09127406775951385,0.28571683168411255,0.0,0.09127406775951385,0.0001,1e-05,50.329,3.0545,0.6339
6808,stage2,4,0.07419411838054657,0.2860911190509796,0.0,0.07419411838054657,0.0001,1e-05,50.327,2.4402,0.6341
6809,stage2,4,0.07526866346597672,0.29743728041648865,0.0,0.07526866346597672,0.0001,1e-05,50.327,2.0545,0.635
6810,stage2,4,0.07200305163860321,0.2661997377872467,0.0,0.07200305163860321,0.0001,1e-05,50.326,2.2918,0.6345
6811,stage2,4,0.09363191574811935,0.2741156220436096,0.0,0.09363191574811935,0.0001,1e-05,50.329,2.7619,0.6351
6812,stage2,4,0.08032514899969101,0.28997430205345154,0.0,0.08032514899969101,0.0001,1e-05,50.328,2.8899,0.6355
6813,stage2,4,0.09942618012428284,0.2875129282474518,0.0,0.09942618012428284,0.0001,1e-05,50.326,2.942,0.6359
6814,stage2,4,0.0845828652381897,0.2609345018863678,0.0,0.0845828652381897,0.0001,1e-05,50.326,2.522,3.8298
6815,stage2,4,0.08460518717765808,0.25926217436790466,0.0,0.08460518717765808,0.0001,1e-05,50.328,2.5036,0.6345
6816,stage2,4,0.07284817099571228,0.2853250503540039,0.0,0.07284817099571228,0.0001,1e-05,50.326,2.2244,0.634
6817,stage2,4,0.09121928364038467,0.2588648498058319,0.0,0.09121928364038467,0.0001,1e-05,50.324,3.2645,0.6339
6818,stage2,4,0.08196207880973816,0.27121302485466003,0.0,0.08196207880973816,0.0001,1e-05,50.33,2.7769,0.6352
6819,stage2,4,0.0828898474574089,0.274397611618042,0.0,0.0828898474574089,0.0001,1e-05,50.329,2.5017,0.6351
6820,stage2,4,0.07495669275522232,0.3042634427547455,0.0,0.07495669275522232,0.0001,1e-05,50.323,2.5396,0.6352
6821,stage2,4,0.0847465991973877,0.2948566973209381,0.0,0.0847465991973877,0.0001,1e-05,50.329,2.54,0.6358
6822,stage2,4,0.08938311785459518,0.26636484265327454,0.0,0.08938311785459518,0.0001,1e-05,50.325,2.6785,3.8795
6823,stage2,4,0.07085032016038895,0.32037216424942017,0.0,0.07085032016038895,0.0001,1e-05,50.33,2.5735,0.628
6824,stage2,4,0.0935436263680458,0.2852487862110138,0.0,0.0935436263680458,0.0001,1e-05,50.328,2.9341,0.6343
6825,stage2,4,0.07993177324533463,0.2448214888572693,0.0,0.07993177324533463,0.0001,1e-05,50.326,2.4503,0.6349
6826,stage2,4,0.08762025833129883,0.2654566764831543,0.0,0.08762025833129883,0.0001,1e-05,50.324,2.7503,0.6353
6827,stage2,4,0.09278128296136856,0.2889600694179535,0.0,0.09278128296136856,0.0001,1e-05,50.328,3.124,0.6355
6828,stage2,4,0.101725272834301,0.2625925838947296,0.0,0.101725272834301,0.0001,1e-05,50.327,3.7404,0.6355
6829,stage2,4,0.10362034291028976,0.2900187373161316,0.0,0.10362034291028976,0.0001,1e-05,50.324,3.242,0.6362
6830,stage2,4,0.06631743162870407,0.3131854236125946,0.0,0.06631743162870407,0.0001,1e-05,50.324,2.2121,3.8535
6831,stage2,4,0.08231426030397415,0.2911228537559509,0.0,0.08231426030397415,0.0001,1e-05,50.33,2.6879,0.6339
6832,stage2,4,0.07535501569509506,0.3132396340370178,0.0,0.07535501569509506,0.0001,1e-05,50.326,2.5342,0.6346
6833,stage2,4,0.08437151461839676,0.3016059994697571,0.0,0.08437151461839676,0.0001,1e-05,50.33,2.7739,0.6342
6834,stage2,4,0.08533177524805069,0.2744724750518799,0.0,0.08533177524805069,0.0001,1e-05,50.327,2.869,0.6353
6835,stage2,4,0.0873459056019783,0.3022128939628601,0.0,0.0873459056019783,0.0001,1e-05,50.325,2.675,0.6349
6836,stage2,4,0.07187984883785248,0.299419105052948,0.0,0.07187984883785248,0.0001,1e-05,50.33,2.6372,0.6353
6837,stage2,4,0.08216052502393723,0.2958352267742157,0.0,0.08216052502393723,0.0001,1e-05,50.327,2.3774,0.6363
6838,stage2,4,0.0818711444735527,0.25676652789115906,0.0,0.0818711444735527,0.0001,1e-05,50.325,2.6643,3.8581
6839,stage2,4,0.07044472545385361,0.27073904871940613,0.0,0.07044472545385361,0.0001,1e-05,50.326,2.1,0.6334
6840,stage2,4,0.08446819335222244,0.2988145351409912,0.0,0.08446819335222244,0.0001,1e-05,50.328,2.9941,0.634
6841,stage2,4,0.08990441262722015,0.28714433312416077,0.0,0.08990441262722015,0.0001,1e-05,50.327,2.6843,0.6341
6842,stage2,4,0.09225291758775711,0.284344881772995,0.0,0.09225291758775711,0.0001,1e-05,50.325,2.4646,0.6354
6843,stage2,4,0.08186205476522446,0.2722867727279663,0.0,0.08186205476522446,0.0001,1e-05,50.326,2.8011,0.6348
6844,stage2,4,0.10191900283098221,0.26143279671669006,0.0,0.10191900283098221,0.0001,1e-05,50.33,2.9753,0.635
6845,stage2,4,0.0866026058793068,0.2891436219215393,0.0,0.0866026058793068,0.0001,1e-05,50.326,2.6757,0.6367
6846,stage2,4,0.07507631927728653,0.29866766929626465,0.0,0.07507631927728653,0.0001,1e-05,50.328,2.5173,4.0683
6847,stage2,4,0.08366718888282776,0.29036834836006165,0.0,0.08366718888282776,0.0001,1e-05,50.331,2.8294,0.6339
6848,stage2,4,0.06332041323184967,0.27910128235816956,0.0,0.06332041323184967,0.0001,1e-05,50.327,1.9064,0.6342
6849,stage2,4,0.07854179292917252,0.3010517656803131,0.0,0.07854179292917252,0.0001,1e-05,50.326,2.7795,0.6347
6850,stage2,4,0.07023192197084427,0.2820920944213867,0.0,0.07023192197084427,0.0001,1e-05,50.328,2.2793,0.6358
6851,stage2,4,0.0815698578953743,0.29442739486694336,0.0,0.0815698578953743,0.0001,1e-05,50.329,2.5462,0.6357
6852,stage2,4,0.08698977530002594,0.2809343636035919,0.0,0.08698977530002594,0.0001,1e-05,50.332,3.6581,0.6359
6853,stage2,4,0.07832776755094528,0.2960967719554901,0.0,0.07832776755094528,0.0001,1e-05,50.332,3.1126,0.6364
6854,stage2,4,0.07627726346254349,0.2927717864513397,0.0,0.07627726346254349,0.0001,1e-05,50.333,2.1726,3.9106
6855,stage2,4,0.0866924449801445,0.2872115671634674,0.0,0.0866924449801445,0.0001,1e-05,50.332,2.5066,0.6333
6856,stage2,4,0.06892012059688568,0.29873234033584595,0.0,0.06892012059688568,0.0001,1e-05,50.325,2.4875,0.6338
6857,stage2,4,0.08566451072692871,0.25816085934638977,0.0,0.08566451072692871,0.0001,1e-05,50.332,1.9746,0.635
6858,stage2,4,0.07721569389104843,0.2671070396900177,0.0,0.07721569389104843,0.0001,1e-05,50.326,2.7397,0.6343
6859,stage2,4,0.07346273958683014,0.290603905916214,0.0,0.07346273958683014,0.0001,1e-05,50.33,2.0861,0.6349
6860,stage2,4,0.07439424097537994,0.27946141362190247,0.0,0.07439424097537994,0.0001,1e-05,50.332,2.5348,0.6357
6861,stage2,4,0.07610325515270233,0.2860327959060669,0.0,0.07610325515270233,0.0001,1e-05,50.329,2.3654,0.6352
6862,stage2,4,0.06442410498857498,0.26538020372390747,0.0,0.06442410498857498,0.0001,1e-05,50.329,2.1307,3.7666
6863,stage2,4,0.09344137459993362,0.29010969400405884,0.0,0.09344137459993362,0.0001,1e-05,50.328,2.4918,0.6339
6864,stage2,4,0.08055830746889114,0.2816672921180725,0.0,0.08055830746889114,0.0001,1e-05,50.329,2.6962,0.6374
6865,stage2,4,0.08440595120191574,0.26732802391052246,0.0,0.08440595120191574,0.0001,1e-05,50.323,2.6863,0.6304
6866,stage2,4,0.07578041404485703,0.2629025876522064,0.0,0.07578041404485703,0.0001,1e-05,50.326,2.1221,0.6346
6867,stage2,4,0.0825229287147522,0.2726580798625946,0.0,0.0825229287147522,0.0001,1e-05,50.328,2.426,0.6349
6868,stage2,4,0.09089634567499161,0.28421518206596375,0.0,0.09089634567499161,0.0001,1e-05,50.325,2.6864,0.6355
6869,stage2,4,0.07468540221452713,0.30379417538642883,0.0,0.07468540221452713,0.0001,1e-05,50.33,2.5123,0.6363
6870,stage2,4,0.08417943865060806,0.27653273940086365,0.0,0.08417943865060806,0.0001,1e-05,50.33,2.6453,3.9077
6871,stage2,4,0.08210934698581696,0.2904181480407715,0.0,0.08210934698581696,0.0001,1e-05,50.33,2.6173,0.6341
6872,stage2,4,0.08077415823936462,0.28225401043891907,0.0,0.08077415823936462,0.0001,1e-05,50.327,2.3637,0.6347
6873,stage2,4,0.09728840738534927,0.3199857473373413,0.0,0.09728840738534927,0.0001,1e-05,50.331,3.1344,0.6366
6874,stage2,4,0.07650945335626602,0.2595745623111725,0.0,0.07650945335626602,0.0001,1e-05,50.331,2.1153,0.6355
6875,stage2,4,0.07781478762626648,0.30574527382850647,0.0,0.07781478762626648,0.0001,1e-05,50.328,2.7087,0.6345
6876,stage2,4,0.08611177653074265,0.25444015860557556,0.0,0.08611177653074265,0.0001,1e-05,50.332,2.4861,0.6358
6877,stage2,4,0.08020869642496109,0.2762250304222107,0.0,0.08020869642496109,0.0001,1e-05,50.332,2.3374,0.6362
6878,stage2,4,0.09178686887025833,0.25937652587890625,0.0,0.09178686887025833,0.0001,1e-05,50.331,3.2289,3.8469
6879,stage2,4,0.07926121354103088,0.2563527226448059,0.0,0.07926121354103088,0.0001,1e-05,50.329,2.5835,0.6335
6880,stage2,4,0.06524283438920975,0.29664260149002075,0.0,0.06524283438920975,0.0001,1e-05,50.331,2.1963,0.6346
6881,stage2,4,0.06419643014669418,0.29555565118789673,0.0,0.06419643014669418,0.0001,1e-05,50.326,1.8237,0.6351
6882,stage2,4,0.0930829793214798,0.2778853476047516,0.0,0.0930829793214798,0.0001,1e-05,50.329,2.8675,0.6353
6883,stage2,4,0.07243859767913818,0.2655549645423889,0.0,0.07243859767913818,0.0001,1e-05,50.327,2.4845,0.6359
6884,stage2,4,0.0698288083076477,0.2750444710254669,0.0,0.0698288083076477,0.0001,1e-05,50.327,2.3231,0.6358
6885,stage2,4,0.0810619443655014,0.3293299376964569,0.0,0.0810619443655014,0.0001,1e-05,50.326,2.8434,0.6359
6886,stage2,4,0.08495637029409409,0.25238245725631714,0.0,0.08495637029409409,0.0001,1e-05,50.328,2.9241,3.8077
6887,stage2,4,0.06740459054708481,0.27508506178855896,0.0,0.06740459054708481,0.0001,1e-05,50.329,1.9734,0.6339
6888,stage2,4,0.08460313826799393,0.2557264566421509,0.0,0.08460313826799393,0.0001,1e-05,50.325,2.4431,0.634
6889,stage2,4,0.07655514031648636,0.3111092150211334,0.0,0.07655514031648636,0.0001,1e-05,50.326,2.4164,0.6353
6890,stage2,4,0.09754105657339096,0.2991572916507721,0.0,0.09754105657339096,0.0001,1e-05,50.325,2.8495,0.6347
6891,stage2,4,0.10053527355194092,0.28085020184516907,0.0,0.10053527355194092,0.0001,1e-05,50.324,3.7231,0.6352
6892,stage2,4,0.08741702884435654,0.27433452010154724,0.0,0.08741702884435654,0.0001,1e-05,50.328,2.4414,0.6355
6893,stage2,4,0.07439489662647247,0.2604726552963257,0.0,0.07439489662647247,0.0001,1e-05,50.326,2.7972,0.6361
6894,stage2,4,0.07791715860366821,0.30123209953308105,0.0,0.07791715860366821,0.0001,1e-05,50.33,2.8649,3.8328
6895,stage2,4,0.07717504352331161,0.2511008083820343,0.0,0.07717504352331161,0.0001,1e-05,50.324,1.9736,0.6338
6896,stage2,4,0.07429271936416626,0.26987484097480774,0.0,0.07429271936416626,0.0001,1e-05,50.329,2.2067,0.634
6897,stage2,4,0.07075032591819763,0.2629377543926239,0.0,0.07075032591819763,0.0001,1e-05,50.33,2.0275,0.6395
6898,stage2,4,0.08627020567655563,0.26608768105506897,0.0,0.08627020567655563,0.0001,1e-05,50.327,2.8222,0.6345
6899,stage2,4,0.09307476133108139,0.2669827342033386,0.0,0.09307476133108139,0.0001,1e-05,50.331,2.8682,0.6345
6900,stage2,4,0.08273181319236755,0.29263362288475037,0.0,0.08273181319236755,0.0001,1e-05,50.332,2.2427,0.6353
6901,stage2,4,0.07298846542835236,0.2650829553604126,0.0,0.07298846542835236,0.0001,1e-05,50.335,2.2077,0.6355
6902,stage2,4,0.0811377540230751,0.26880812644958496,0.0,0.0811377540230751,0.0001,1e-05,50.327,2.538,3.6891
6903,stage2,4,0.0750756561756134,0.27186521887779236,0.0,0.0750756561756134,0.0001,1e-05,50.332,2.1951,0.6331
6904,stage2,4,0.06802213191986084,0.2835720181465149,0.0,0.06802213191986084,0.0001,1e-05,50.327,2.3305,0.6336
6905,stage2,4,0.08723430335521698,0.2863318920135498,0.0,0.08723430335521698,0.0001,1e-05,50.33,3.0675,0.6346
6906,stage2,4,0.08724331855773926,0.24994492530822754,0.0,0.08724331855773926,0.0001,1e-05,50.325,2.4954,0.6346
6907,stage2,4,0.07021722197532654,0.3051428198814392,0.0,0.07021722197532654,0.0001,1e-05,50.326,2.1167,0.6347
6908,stage2,4,0.07739657163619995,0.2604750394821167,0.0,0.07739657163619995,0.0001,1e-05,50.325,2.4898,0.6352
6909,stage2,4,0.08419913798570633,0.2519471347332001,0.0,0.08419913798570633,0.0001,1e-05,50.325,2.3953,0.6356
6910,stage2,4,0.0892532467842102,0.24574154615402222,0.0,0.0892532467842102,0.0001,1e-05,50.326,3.7437,3.7871
6911,stage2,4,0.06845316290855408,0.27478352189064026,0.0,0.06845316290855408,0.0001,1e-05,50.327,2.2316,0.633
6912,stage2,4,0.08628355711698532,0.28722047805786133,0.0,0.08628355711698532,0.0001,1e-05,50.325,2.6078,0.6338
6913,stage2,4,0.08652586489915848,0.2515392303466797,0.0,0.08652586489915848,0.0001,1e-05,50.327,2.5136,0.6338
6914,stage2,4,0.08313752710819244,0.2667904198169708,0.0,0.08313752710819244,0.0001,1e-05,50.329,3.1004,0.635
6915,stage2,4,0.08984087407588959,0.275134801864624,0.0,0.08984087407588959,0.0001,1e-05,50.325,2.6252,0.6353
6916,stage2,4,0.07451751083135605,0.2856403887271881,0.0,0.07451751083135605,0.0001,1e-05,50.325,2.2127,0.6355
6917,stage2,4,0.08015934377908707,0.2802000343799591,0.0,0.08015934377908707,0.0001,1e-05,50.329,2.4897,0.6355
6918,stage2,4,0.07564813643693924,0.3038979768753052,0.0,0.07564813643693924,0.0001,1e-05,50.326,2.0102,3.8183
6919,stage2,4,0.08221076428890228,0.24386098980903625,0.0,0.08221076428890228,0.0001,1e-05,50.326,2.9423,0.634
6920,stage2,4,0.10543259978294373,0.27952101826667786,0.0,0.10543259978294373,0.0001,1e-05,50.327,3.7524,0.634
6921,stage2,4,0.07514568418264389,0.2631218433380127,0.0,0.07514568418264389,0.0001,1e-05,50.326,2.3045,0.6352
6922,stage2,4,0.08576046675443649,0.26176905632019043,0.0,0.08576046675443649,0.0001,1e-05,50.323,2.3986,0.6356
6923,stage2,4,0.08270596712827682,0.25134995579719543,0.0,0.08270596712827682,0.0001,1e-05,50.328,2.4353,0.6362
6924,stage2,4,0.0827726200222969,0.2592398524284363,0.0,0.0827726200222969,0.0001,1e-05,50.324,2.4732,0.6362
6925,stage2,4,0.08304836601018906,0.3082822263240814,0.0,0.08304836601018906,0.0001,1e-05,50.327,2.6095,0.6364
6926,stage2,4,0.08177916705608368,0.29932859539985657,0.0,0.08177916705608368,0.0001,1e-05,50.329,2.2852,3.8273
6927,stage2,4,0.08305123448371887,0.2740035951137543,0.0,0.08305123448371887,0.0001,1e-05,50.329,2.7971,0.6341
6928,stage2,4,0.06919316947460175,0.2824980318546295,0.0,0.06919316947460175,0.0001,1e-05,50.33,2.1146,0.6344
6929,stage2,4,0.0872107669711113,0.2789193093776703,0.0,0.0872107669711113,0.0001,1e-05,50.327,2.3384,0.6347
6930,stage2,4,0.07531832158565521,0.2660684585571289,0.0,0.07531832158565521,0.0001,1e-05,50.325,2.3193,0.6356
6931,stage2,4,0.0812482237815857,0.2601613700389862,0.0,0.0812482237815857,0.0001,1e-05,50.326,2.1416,0.6354
6932,stage2,4,0.07513496279716492,0.2709871530532837,0.0,0.07513496279716492,0.0001,1e-05,50.326,2.307,0.6357
6933,stage2,4,0.0776166170835495,0.3167138993740082,0.0,0.0776166170835495,0.0001,1e-05,50.325,2.3773,0.636
6934,stage2,4,0.07973555475473404,0.28029778599739075,0.0,0.07973555475473404,0.0001,1e-05,50.323,2.7545,3.9074
6935,stage2,4,0.08692098408937454,0.2676577568054199,0.0,0.08692098408937454,0.0001,1e-05,50.329,3.4672,0.634
6936,stage2,4,0.07486243546009064,0.2767292559146881,0.0,0.07486243546009064,0.0001,1e-05,50.331,2.2131,0.6341
6937,stage2,4,0.07511614263057709,0.2852845788002014,0.0,0.07511614263057709,0.0001,1e-05,50.33,2.4894,0.635
6938,stage2,4,0.07247462123632431,0.2494092881679535,0.0,0.07247462123632431,0.0001,1e-05,50.327,2.1302,0.6355
6939,stage2,4,0.07344038784503937,0.28757214546203613,0.0,0.07344038784503937,0.0001,1e-05,50.324,2.3285,0.6357
6940,stage2,4,0.09615989774465561,0.28859201073646545,0.0,0.09615989774465561,0.0001,1e-05,50.325,3.2332,0.6364
6941,stage2,4,0.0905163362622261,0.2627468407154083,0.0,0.0905163362622261,0.0001,1e-05,50.323,2.6394,0.6364
6942,stage2,4,0.07551267743110657,0.27383705973625183,0.0,0.07551267743110657,0.0001,1e-05,50.326,2.1653,3.8244
6943,stage2,4,0.0799943283200264,0.24345676600933075,0.0,0.0799943283200264,0.0001,1e-05,50.327,2.3553,0.6342
6944,stage2,4,0.0778154730796814,0.30947330594062805,0.0,0.0778154730796814,0.0001,1e-05,50.329,2.5313,0.6342
6945,stage2,4,0.07231219112873077,0.25604647397994995,0.0,0.07231219112873077,0.0001,1e-05,50.326,2.8678,0.634
6946,stage2,4,0.07240928709506989,0.2763073742389679,0.0,0.07240928709506989,0.0001,1e-05,50.327,2.8148,0.6353
6947,stage2,4,0.08679329603910446,0.26988255977630615,0.0,0.08679329603910446,0.0001,1e-05,50.327,2.4105,0.6349
6948,stage2,4,0.08133628964424133,0.2783257067203522,0.0,0.08133628964424133,0.0001,1e-05,50.326,2.3755,0.6347
6949,stage2,4,0.07512672990560532,0.2812090218067169,0.0,0.07512672990560532,0.0001,1e-05,50.328,2.8101,0.6361
6950,stage2,4,0.08616115152835846,0.2783750593662262,0.0,0.08616115152835846,0.0001,1e-05,50.327,3.3775,3.8134
6951,stage2,4,0.08607935905456543,0.2569160461425781,0.0,0.08607935905456543,0.0001,1e-05,50.328,2.854,0.6342
6952,stage2,4,0.08319000154733658,0.26890090107917786,0.0,0.08319000154733658,0.0001,1e-05,50.324,3.2786,0.6348
6953,stage2,4,0.07444711029529572,0.2934238910675049,0.0,0.07444711029529572,0.0001,1e-05,50.325,2.5645,0.6349
6954,stage2,4,0.0768294408917427,0.2798182964324951,0.0,0.0768294408917427,0.0001,1e-05,50.323,2.3834,0.6354
6955,stage2,4,0.08718633651733398,0.26474714279174805,0.0,0.08718633651733398,0.0001,1e-05,50.325,2.7879,0.6359
6956,stage2,4,0.07152515649795532,0.2905280888080597,0.0,0.07152515649795532,0.0001,1e-05,50.326,2.1814,0.6358
6957,stage2,4,0.08419086784124374,0.2701162099838257,0.0,0.08419086784124374,0.0001,1e-05,50.326,2.854,0.6358
6958,stage2,4,0.07718149572610855,0.2522747814655304,0.0,0.07718149572610855,0.0001,1e-05,50.325,2.4468,3.8131
6959,stage2,4,0.09299790114164352,0.2787098288536072,0.0,0.09299790114164352,0.0001,1e-05,50.326,2.7047,0.6343
6960,stage2,4,0.07278471440076828,0.2961844205856323,0.0,0.07278471440076828,0.0001,1e-05,50.323,2.5203,0.6348
6961,stage2,4,0.08944327384233475,0.2760356366634369,0.0,0.08944327384233475,0.0001,1e-05,50.326,2.7374,0.6349
6962,stage2,4,0.08117363601922989,0.28457799553871155,0.0,0.08117363601922989,0.0001,1e-05,50.329,2.7077,0.6528
6963,stage2,4,0.0779280886054039,0.25894349813461304,0.0,0.0779280886054039,0.0001,1e-05,50.322,2.469,0.6358
6964,stage2,4,0.0954669639468193,0.2517211139202118,0.0,0.0954669639468193,0.0001,1e-05,50.322,3.2247,0.6359
6965,stage2,4,0.07514437288045883,0.2633940875530243,0.0,0.07514437288045883,0.0001,1e-05,50.323,2.4994,0.6367
6966,stage2,4,0.0817537009716034,0.2801978886127472,0.0,0.0817537009716034,0.0001,1e-05,50.324,3.0615,3.8255
6967,stage2,4,0.08110924065113068,0.26474377512931824,0.0,0.08110924065113068,0.0001,1e-05,50.325,2.5145,0.6342
6968,stage2,4,0.0881006121635437,0.30149751901626587,0.0,0.0881006121635437,0.0001,1e-05,50.326,2.7702,0.6351
6969,stage2,4,0.0815446674823761,0.2701542377471924,0.0,0.0815446674823761,0.0001,1e-05,50.326,2.8023,0.6355
6970,stage2,4,0.07944725453853607,0.2762012481689453,0.0,0.07944725453853607,0.0001,1e-05,50.327,2.6828,0.6529
6971,stage2,4,0.09063718467950821,0.27075085043907166,0.0,0.09063718467950821,0.0001,1e-05,50.324,2.4398,0.6356
6972,stage2,4,0.0947912335395813,0.24413259327411652,0.0,0.0947912335395813,0.0001,1e-05,50.325,2.6012,0.6364
6973,stage2,4,0.07897134125232697,0.3095388114452362,0.0,0.07897134125232697,0.0001,1e-05,50.325,3.0037,0.637
6974,stage2,4,0.09375172853469849,0.27738243341445923,0.0,0.09375172853469849,0.0001,1e-05,50.325,2.9594,3.8605
6975,stage2,4,0.08427415788173676,0.31588631868362427,0.0,0.08427415788173676,0.0001,1e-05,50.323,3.0161,0.6346
6976,stage2,4,0.08037633448839188,0.2683991491794586,0.0,0.08037633448839188,0.0001,1e-05,50.325,2.8419,0.6356
6977,stage2,4,0.08416461944580078,0.2594450116157532,0.0,0.08416461944580078,0.0001,1e-05,50.323,2.8452,0.6348
6978,stage2,4,0.07737661898136139,0.2701842188835144,0.0,0.07737661898136139,0.0001,1e-05,50.323,3.674,0.743
6979,stage2,4,0.08493861556053162,0.2856858968734741,0.0,0.08493861556053162,0.0001,1e-05,50.323,2.5215,0.6359
6980,stage2,4,0.08311959356069565,0.28083595633506775,0.0,0.08311959356069565,0.0001,1e-05,50.328,2.5021,0.636
6981,stage2,4,0.08617818355560303,0.2814333438873291,0.0,0.08617818355560303,0.0001,1e-05,50.329,2.7065,0.6365
6982,stage2,4,0.08010071516036987,0.29857853055000305,0.0,0.08010071516036987,0.0001,1e-05,50.325,2.5536,3.8015
6983,stage2,4,0.08179616183042526,0.25118115544319153,0.0,0.08179616183042526,0.0001,1e-05,50.324,2.1632,0.6343
6984,stage2,4,0.07500144094228745,0.2751314640045166,0.0,0.07500144094228745,0.0001,1e-05,50.325,2.2747,0.635
6985,stage2,4,0.08024557679891586,0.29579195380210876,0.0,0.08024557679891586,0.0001,1e-05,50.325,2.5943,0.6357
6986,stage2,4,0.08459200710058212,0.28727230429649353,0.0,0.08459200710058212,0.0001,1e-05,50.322,2.9725,0.6661
6987,stage2,4,0.0836571753025055,0.2951054275035858,0.0,0.0836571753025055,0.0001,1e-05,50.326,2.6443,0.6366
6988,stage2,4,0.07058041542768478,0.2870849370956421,0.0,0.07058041542768478,0.0001,1e-05,50.327,2.352,0.6365
6989,stage2,4,0.06574414670467377,0.28682664036750793,0.0,0.06574414670467377,0.0001,1e-05,50.326,2.6219,0.6366
6990,stage2,4,0.08757462352514267,0.3093631863594055,0.0,0.08757462352514267,0.0001,1e-05,50.326,2.9871,3.7745
6991,stage2,4,0.08685339242219925,0.24699866771697998,0.0,0.08685339242219925,0.0001,1e-05,50.328,2.2561,0.6349
6992,stage2,4,0.07835762202739716,0.3008061945438385,0.0,0.07835762202739716,0.0001,1e-05,50.329,2.4296,0.6345
6993,stage2,4,0.07390230894088745,0.2726210355758667,0.0,0.07390230894088745,0.0001,1e-05,50.326,2.2855,0.6354
6994,stage2,4,0.0822581946849823,0.3039456605911255,0.0,0.0822581946849823,0.0001,1e-05,50.326,2.6575,0.6487
6995,stage2,4,0.07173527777194977,0.3135179281234741,0.0,0.07173527777194977,0.0001,1e-05,50.326,1.946,0.6363
6996,stage2,4,0.07505244761705399,0.2647221088409424,0.0,0.07505244761705399,0.0001,1e-05,50.326,2.0434,0.636
6997,stage2,4,0.0951765775680542,0.3034901022911072,0.0,0.0951765775680542,0.0001,1e-05,50.328,2.8243,0.6363
6998,stage2,4,0.08149789273738861,0.27455031871795654,0.0,0.08149789273738861,0.0001,1e-05,50.325,2.6289,3.6824
6999,stage2,4,0.07491841167211533,0.2851038873195648,0.0,0.07491841167211533,0.0001,1e-05,50.326,2.4992,0.6343
7000,stage2,4,0.07504568994045258,0.27519023418426514,0.0,0.07504568994045258,0.0001,1e-05,50.327,2.1903,0.6347
7001,stage2,4,0.07764016091823578,0.2660314738750458,0.0,0.07764016091823578,0.0001,1e-05,50.324,2.0893,0.6345
7002,stage2,4,0.08380311727523804,0.31998488306999207,0.0,0.08380311727523804,0.0001,1e-05,50.325,2.6852,0.6675
7003,stage2,4,0.08840091526508331,0.2896958589553833,0.0,0.08840091526508331,0.0001,1e-05,50.328,2.3687,0.6356
7004,stage2,4,0.08872026950120926,0.2677959203720093,0.0,0.08872026950120926,0.0001,1e-05,50.329,2.7614,0.6363
7005,stage2,4,0.07396072149276733,0.2674861550331116,0.0,0.07396072149276733,0.0001,1e-05,50.325,2.3456,0.6369
7006,stage2,4,0.0797458291053772,0.30473917722702026,0.0,0.0797458291053772,0.0001,1e-05,50.326,2.9618,3.7135
7007,stage2,4,0.07768968492746353,0.28871050477027893,0.0,0.07768968492746353,0.0001,1e-05,50.324,2.2182,0.6342
7008,stage2,4,0.09357330203056335,0.27709928154945374,0.0,0.09357330203056335,0.0001,1e-05,50.328,2.9324,0.6348
7009,stage2,4,0.07344180345535278,0.26966890692710876,0.0,0.07344180345535278,0.0001,1e-05,50.323,2.6619,0.6353
7010,stage2,4,0.07061128318309784,0.27793705463409424,0.0,0.07061128318309784,0.0001,1e-05,50.323,2.2947,0.6843
7011,stage2,4,0.08057912439107895,0.27312788367271423,0.0,0.08057912439107895,0.0001,1e-05,50.326,2.9045,0.6362
7012,stage2,4,0.0765300840139389,0.2891082167625427,0.0,0.0765300840139389,0.0001,1e-05,50.327,2.5479,0.6366
7013,stage2,4,0.0757867693901062,0.2633267343044281,0.0,0.0757867693901062,0.0001,1e-05,50.325,2.2497,0.6369
7014,stage2,4,0.08638355135917664,0.260802298784256,0.0,0.08638355135917664,0.0001,1e-05,50.324,2.3321,3.8103
7015,stage2,4,0.07586073875427246,0.3096591830253601,0.0,0.07586073875427246,0.0001,1e-05,50.325,2.6986,0.6344
7016,stage2,4,0.08498240262269974,0.2699141502380371,0.0,0.08498240262269974,0.0001,1e-05,50.325,3.2432,0.6351
7017,stage2,4,0.0723295584321022,0.2561369836330414,0.0,0.0723295584321022,0.0001,1e-05,50.325,2.1871,0.6357
7018,stage2,4,0.08133062720298767,0.29184335470199585,0.0,0.08133062720298767,0.0001,1e-05,50.326,2.5172,0.699
7019,stage2,4,0.07207567244768143,0.2672562599182129,0.0,0.07207567244768143,0.0001,1e-05,50.325,2.2808,0.636
7020,stage2,4,0.07192853838205338,0.2710738182067871,0.0,0.07192853838205338,0.0001,1e-05,50.325,2.3317,0.6368
7021,stage2,4,0.06438125669956207,0.293092280626297,0.0,0.06438125669956207,0.0001,1e-05,50.329,2.0162,0.6365
7022,stage2,4,0.07157780975103378,0.28195545077323914,0.0,0.07157780975103378,0.0001,1e-05,50.327,2.1918,3.8251
7023,stage2,4,0.083409883081913,0.2705880105495453,0.0,0.083409883081913,0.0001,1e-05,50.322,2.7527,0.6347
7024,stage2,4,0.07939931750297546,0.2776470482349396,0.0,0.07939931750297546,0.0001,1e-05,50.325,2.5267,0.6358
7025,stage2,4,0.06962136179208755,0.28815045952796936,0.0,0.06962136179208755,0.0001,1e-05,50.323,2.1184,0.6354
7026,stage2,4,0.06887497007846832,0.26950153708457947,0.0,0.06887497007846832,0.0001,1e-05,50.326,2.4016,0.6572
7027,stage2,4,0.07802953571081161,0.2684054970741272,0.0,0.07802953571081161,0.0001,1e-05,50.325,2.5209,0.6363
7028,stage2,4,0.07396247237920761,0.30562931299209595,0.0,0.07396247237920761,0.0001,1e-05,50.326,2.5291,0.6365
7029,stage2,4,0.07385637611150742,0.27667897939682007,0.0,0.07385637611150742,0.0001,1e-05,50.33,2.2634,0.6366
7030,stage2,4,0.07609502971172333,0.3004404306411743,0.0,0.07609502971172333,0.0001,1e-05,50.327,2.2006,3.8103
7031,stage2,4,0.08101284503936768,0.30327123403549194,0.0,0.08101284503936768,0.0001,1e-05,50.326,2.6373,0.6341
7032,stage2,4,0.0847756639122963,0.2662029266357422,0.0,0.0847756639122963,0.0001,1e-05,50.328,2.1718,0.6353
7033,stage2,4,0.06835677474737167,0.2484278529882431,0.0,0.06835677474737167,0.0001,1e-05,50.33,2.3378,0.6352
7034,stage2,4,0.0726940855383873,0.3106003403663635,0.0,0.0726940855383873,0.0001,1e-05,50.325,1.9884,0.6597
7035,stage2,4,0.08229704946279526,0.2878170311450958,0.0,0.08229704946279526,0.0001,1e-05,50.327,2.309,0.6366
7036,stage2,4,0.09507546573877335,0.2907652258872986,0.0,0.09507546573877335,0.0001,1e-05,50.326,2.6937,0.6364
7037,stage2,4,0.10062391310930252,0.29131773114204407,0.0,0.10062391310930252,0.0001,1e-05,50.326,2.7431,0.6363
7038,stage2,4,0.07640551030635834,0.2695693075656891,0.0,0.07640551030635834,0.0001,1e-05,50.328,2.6216,3.7815
7039,stage2,4,0.08016519993543625,0.26244065165519714,0.0,0.08016519993543625,0.0001,1e-05,50.327,2.4773,0.6344
7040,stage2,4,0.0820944756269455,0.2961459457874298,0.0,0.0820944756269455,0.0001,1e-05,50.331,2.3015,0.6354
7041,stage2,4,0.09440641105175018,0.2685946822166443,0.0,0.09440641105175018,0.0001,1e-05,50.329,3.0869,0.6356
7042,stage2,4,0.08316206187009811,0.25840553641319275,0.0,0.08316206187009811,0.0001,1e-05,50.327,2.5231,0.6832
7043,stage2,4,0.07028298079967499,0.2687169015407562,0.0,0.07028298079967499,0.0001,1e-05,50.327,2.5705,0.637
7044,stage2,4,0.08203068375587463,0.2775633633136749,0.0,0.08203068375587463,0.0001,1e-05,50.327,2.7465,0.6366
7045,stage2,4,0.08647918701171875,0.27730056643486023,0.0,0.08647918701171875,0.0001,1e-05,50.331,3.1146,0.6364
7046,stage2,4,0.07837099581956863,0.26545870304107666,0.0,0.07837099581956863,0.0001,1e-05,50.325,2.4103,3.7258
7047,stage2,4,0.0700148344039917,0.26745447516441345,0.0,0.0700148344039917,0.0001,1e-05,50.326,2.248,0.6339
7048,stage2,4,0.0821780413389206,0.28609374165534973,0.0,0.0821780413389206,0.0001,1e-05,50.329,2.8309,0.6349
7049,stage2,4,0.07694438844919205,0.29520806670188904,0.0,0.07694438844919205,0.0001,1e-05,50.33,2.6774,0.6351
7050,stage2,4,0.0702093094587326,0.29593342542648315,0.0,0.0702093094587326,0.0001,1e-05,50.327,2.0729,0.6747
7051,stage2,4,0.06744933873414993,0.25313517451286316,0.0,0.06744933873414993,0.0001,1e-05,50.33,2.039,0.6361
7052,stage2,4,0.08981265127658844,0.29661446809768677,0.0,0.08981265127658844,0.0001,1e-05,50.328,3.0296,0.6365
7053,stage2,4,0.0836380124092102,0.2596898078918457,0.0,0.0836380124092102,0.0001,1e-05,50.325,2.8211,0.6373
7054,stage2,4,0.07012907415628433,0.28586477041244507,0.0,0.07012907415628433,0.0001,1e-05,50.33,2.1112,3.7443
7055,stage2,4,0.09228122979402542,0.2866273522377014,0.0,0.09228122979402542,0.0001,1e-05,50.331,3.3395,0.6346
7056,stage2,4,0.07833798974752426,0.2680462896823883,0.0,0.07833798974752426,0.0001,1e-05,50.325,2.4693,0.6352
7057,stage2,4,0.0794483870267868,0.26558244228363037,0.0,0.0794483870267868,0.0001,1e-05,50.328,2.5195,0.6359
7058,stage2,4,0.0783778503537178,0.2598993182182312,0.0,0.0783778503537178,0.0001,1e-05,50.325,2.3051,0.6398
7059,stage2,4,0.06924717128276825,0.2870394289493561,0.0,0.06924717128276825,0.0001,1e-05,50.33,2.0775,0.6371
7060,stage2,4,0.09133562445640564,0.28797799348831177,0.0,0.09133562445640564,0.0001,1e-05,50.323,3.5262,0.6365
7061,stage2,4,0.07605663686990738,0.2809165120124817,0.0,0.07605663686990738,0.0001,1e-05,50.329,2.3288,0.6369
7062,stage2,4,0.07420308142900467,0.29573938250541687,0.0,0.07420308142900467,0.0001,1e-05,50.329,2.3605,3.7911
7063,stage2,4,0.07181483507156372,0.27729713916778564,0.0,0.07181483507156372,0.0001,1e-05,50.328,2.8438,0.6351
7064,stage2,4,0.07755037397146225,0.3023121654987335,0.0,0.07755037397146225,0.0001,1e-05,50.331,2.6487,0.635
7065,stage2,4,0.09625701606273651,0.2579221725463867,0.0,0.09625701606273651,0.0001,1e-05,50.327,2.801,0.6355
7066,stage2,4,0.0765715092420578,0.2699648439884186,0.0,0.0765715092420578,0.0001,1e-05,50.331,2.5329,0.6359
7067,stage2,4,0.08226363360881805,0.2888071835041046,0.0,0.08226363360881805,0.0001,1e-05,50.327,2.7729,0.6367
7068,stage2,4,0.07617322355508804,0.2971011698246002,0.0,0.07617322355508804,0.0001,1e-05,50.328,2.2833,0.6367
7069,stage2,4,0.07453656196594238,0.28982436656951904,0.0,0.07453656196594238,0.0001,1e-05,50.326,2.4563,0.6365
7070,stage2,4,0.07542599737644196,0.30583637952804565,0.0,0.07542599737644196,0.0001,1e-05,50.325,2.4548,3.8653
7071,stage2,4,0.05849628895521164,0.25420519709587097,0.0,0.05849628895521164,0.0001,1e-05,50.327,1.786,0.6349
7072,stage2,4,0.08119246363639832,0.27770885825157166,0.0,0.08119246363639832,0.0001,1e-05,50.323,2.6787,0.6352
7073,stage2,4,0.09895680099725723,0.2560245096683502,0.0,0.09895680099725723,0.0001,1e-05,50.331,2.8813,0.6353
7074,stage2,4,0.08578857779502869,0.3000756502151489,0.0,0.08578857779502869,0.0001,1e-05,50.327,2.812,0.6752
7075,stage2,4,0.06931683421134949,0.27860933542251587,0.0,0.06931683421134949,0.0001,1e-05,50.326,1.9586,0.6359
7076,stage2,4,0.08227961510419846,0.26525917649269104,0.0,0.08227961510419846,0.0001,1e-05,50.327,2.5718,0.6365
7077,stage2,4,0.08724930137395859,0.2803168296813965,0.0,0.08724930137395859,0.0001,1e-05,50.327,3.013,0.6368
7078,stage2,4,0.08447358757257462,0.2654089331626892,0.0,0.08447358757257462,0.0001,1e-05,50.329,2.503,3.8282
7079,stage2,4,0.0697774812579155,0.2745684087276459,0.0,0.0697774812579155,0.0001,1e-05,50.327,2.5019,0.6342
7080,stage2,4,0.07330112904310226,0.2789570987224579,0.0,0.07330112904310226,0.0001,1e-05,50.324,2.1853,0.6345
7081,stage2,4,0.08204542100429535,0.27668365836143494,0.0,0.08204542100429535,0.0001,1e-05,50.328,2.6031,0.6353
7082,stage2,4,0.08002128452062607,0.27169862389564514,0.0,0.08002128452062607,0.0001,1e-05,50.329,2.393,0.6518
7083,stage2,4,0.07612014561891556,0.2863469421863556,0.0,0.07612014561891556,0.0001,1e-05,50.329,2.7463,0.6365
7084,stage2,4,0.07973819971084595,0.2708476781845093,0.0,0.07973819971084595,0.0001,1e-05,50.328,3.2279,0.6365
7085,stage2,4,0.06838027387857437,0.307815819978714,0.0,0.06838027387857437,0.0001,1e-05,50.328,2.473,0.6375
7086,stage2,4,0.08344197273254395,0.2764464318752289,0.0,0.08344197273254395,0.0001,1e-05,50.328,2.67,3.9422
7087,stage2,4,0.06369377672672272,0.3125779330730438,0.0,0.06369377672672272,0.0001,1e-05,50.328,2.129,0.635
7088,stage2,4,0.08102927356958389,0.27175143361091614,0.0,0.08102927356958389,0.0001,1e-05,50.329,2.2794,0.635
7089,stage2,4,0.09055345505475998,0.26127615571022034,0.0,0.09055345505475998,0.0001,1e-05,50.33,2.1088,0.6358
7090,stage2,4,0.07329198718070984,0.2926303744316101,0.0,0.07329198718070984,0.0001,1e-05,50.33,2.1946,0.636
7091,stage2,4,0.08522999286651611,0.29022344946861267,0.0,0.08522999286651611,0.0001,1e-05,50.33,2.6501,0.6362
7092,stage2,4,0.0834430381655693,0.2768820822238922,0.0,0.0834430381655693,0.0001,1e-05,50.327,2.2018,0.637
7093,stage2,4,0.07368154078722,0.2637827694416046,0.0,0.07368154078722,0.0001,1e-05,50.329,2.1385,0.6362
7094,stage2,4,0.06949988752603531,0.26179781556129456,0.0,0.06949988752603531,0.0001,1e-05,50.33,2.1558,3.7959
7095,stage2,4,0.07706160843372345,0.27410516142845154,0.0,0.07706160843372345,0.0001,1e-05,50.328,2.1738,0.6353
7096,stage2,4,0.07698079943656921,0.28141045570373535,0.0,0.07698079943656921,0.0001,1e-05,50.329,3.118,0.6356
7097,stage2,4,0.0785900354385376,0.2685592770576477,0.0,0.0785900354385376,0.0001,1e-05,50.327,2.1122,0.6353
7098,stage2,4,0.08580542355775833,0.2465149462223053,0.0,0.08580542355775833,0.0001,1e-05,50.326,2.3424,0.6695
7099,stage2,4,0.08553463220596313,0.27692046761512756,0.0,0.08553463220596313,0.0001,1e-05,50.33,2.6803,0.6366
7100,stage2,4,0.08938462287187576,0.2737730145454407,0.0,0.08938462287187576,0.0001,1e-05,50.328,3.1402,0.6368
7101,stage2,4,0.07837361842393875,0.24411335587501526,0.0,0.07837361842393875,0.0001,1e-05,50.328,2.4623,0.6371
7102,stage2,4,0.08738097548484802,0.250901460647583,0.0,0.08738097548484802,0.0001,1e-05,50.329,2.9493,3.6913
7103,stage2,4,0.0715784877538681,0.2647473216056824,0.0,0.0715784877538681,0.0001,1e-05,50.328,2.1552,0.6345
7104,stage2,4,0.0734744444489479,0.28606098890304565,0.0,0.0734744444489479,0.0001,1e-05,50.33,2.752,0.635
7105,stage2,4,0.08774881064891815,0.31418874859809875,0.0,0.08774881064891815,0.0001,1e-05,50.327,2.386,0.635
7106,stage2,4,0.07168111205101013,0.2935936748981476,0.0,0.07168111205101013,0.0001,1e-05,50.328,2.5029,0.919
7107,stage2,4,0.08825651556253433,0.28164249658584595,0.0,0.08825651556253433,0.0001,1e-05,50.329,2.6995,0.6364
7108,stage2,4,0.07519248872995377,0.290764719247818,0.0,0.07519248872995377,0.0001,1e-05,50.33,3.1763,0.6365
7109,stage2,4,0.08368759602308273,0.25633275508880615,0.0,0.08368759602308273,0.0001,1e-05,50.328,3.0562,0.6366
7110,stage2,4,0.09348320960998535,0.2696985900402069,0.0,0.09348320960998535,0.0001,1e-05,50.329,2.8159,3.5945
7111,stage2,4,0.0758441835641861,0.2683391869068146,0.0,0.0758441835641861,0.0001,1e-05,50.327,2.4457,0.6351
7112,stage2,4,0.07642389088869095,0.25698891282081604,0.0,0.07642389088869095,0.0001,1e-05,50.332,2.3911,0.6356
7113,stage2,4,0.07412349432706833,0.3293529450893402,0.0,0.07412349432706833,0.0001,1e-05,50.328,2.5401,0.6351
7114,stage2,4,0.084666907787323,0.25654077529907227,0.0,0.084666907787323,0.0001,1e-05,50.326,2.2112,0.8587
7115,stage2,4,0.08572625368833542,0.27008670568466187,0.0,0.08572625368833542,0.0001,1e-05,50.324,3.2139,0.6363
7116,stage2,4,0.0785239189863205,0.2398788332939148,0.0,0.0785239189863205,0.0001,1e-05,50.329,2.1478,0.6369
7117,stage2,4,0.09403397887945175,0.34514135122299194,0.0,0.09403397887945175,0.0001,1e-05,50.326,3.9875,0.6365
7118,stage2,4,0.08264181762933731,0.2743006646633148,0.0,0.08264181762933731,0.0001,1e-05,50.328,2.4868,3.5014
7119,stage2,4,0.07777394354343414,0.27652907371520996,0.0,0.07777394354343414,0.0001,1e-05,50.328,2.1982,0.6357
7120,stage2,4,0.07603628933429718,0.28444045782089233,0.0,0.07603628933429718,0.0001,1e-05,50.327,2.604,0.6361
7121,stage2,4,0.08786511421203613,0.26055118441581726,0.0,0.08786511421203613,0.0001,1e-05,50.326,2.7979,0.6357
7122,stage2,4,0.082268126308918,0.2819724678993225,0.0,0.082268126308918,0.0001,1e-05,50.331,2.7827,0.9327
7123,stage2,4,0.08298416435718536,0.2626013159751892,0.0,0.08298416435718536,0.0001,1e-05,50.326,2.4153,0.6366
7124,stage2,4,0.07840949296951294,0.2847484052181244,0.0,0.07840949296951294,0.0001,1e-05,50.326,2.9642,0.6367
7125,stage2,4,0.08223748952150345,0.3023241460323334,0.0,0.08223748952150345,0.0001,1e-05,50.329,3.4094,0.6373
7126,stage2,4,0.07392945140600204,0.2709827423095703,0.0,0.07392945140600204,0.0001,1e-05,50.33,2.3876,3.5254
7127,stage2,4,0.08427141606807709,0.25385358929634094,0.0,0.08427141606807709,0.0001,1e-05,50.329,2.8418,0.6356
7128,stage2,4,0.07855188846588135,0.29052382707595825,0.0,0.07855188846588135,0.0001,1e-05,50.326,2.3171,0.6355
7129,stage2,4,0.08280365914106369,0.27634021639823914,0.0,0.08280365914106369,0.0001,1e-05,50.327,2.5391,0.6358
7130,stage2,4,0.0860723927617073,0.2815623879432678,0.0,0.0860723927617073,0.0001,1e-05,50.329,2.2983,1.0097
7131,stage2,4,0.08264744281768799,0.2717076539993286,0.0,0.08264744281768799,0.0001,1e-05,50.326,2.3715,0.6366
7132,stage2,4,0.09334620833396912,0.2814438045024872,0.0,0.09334620833396912,0.0001,1e-05,50.33,3.3328,0.6365
7133,stage2,4,0.08199550956487656,0.2947710156440735,0.0,0.08199550956487656,0.0001,1e-05,50.327,2.2847,0.6373
7134,stage2,4,0.06922800093889236,0.2882618308067322,0.0,0.06922800093889236,0.0001,1e-05,50.329,2.1654,3.5094
7135,stage2,4,0.07554131746292114,0.29434970021247864,0.0,0.07554131746292114,0.0001,1e-05,50.328,2.2623,0.6411
7136,stage2,4,0.07328015565872192,0.31135550141334534,0.0,0.07328015565872192,0.0001,1e-05,50.328,2.4088,0.6353
7137,stage2,4,0.0801805630326271,0.2829722464084625,0.0,0.0801805630326271,0.0001,1e-05,50.329,2.3619,0.6354
7138,stage2,4,0.08093585819005966,0.28329211473464966,0.0,0.08093585819005966,0.0001,1e-05,50.331,2.8308,0.9872
7139,stage2,4,0.07994484156370163,0.25706928968429565,0.0,0.07994484156370163,0.0001,1e-05,50.326,2.5289,0.6363
7140,stage2,4,0.07676691561937332,0.27011996507644653,0.0,0.07676691561937332,0.0001,1e-05,50.33,2.9022,0.6361
7141,stage2,4,0.08819101750850677,0.28585657477378845,0.0,0.08819101750850677,0.0001,1e-05,50.327,2.9102,0.6375
7142,stage2,4,0.08066848665475845,0.26525506377220154,0.0,0.08066848665475845,0.0001,1e-05,50.328,2.1924,3.4621
7143,stage2,4,0.08910290151834488,0.3226540982723236,0.0,0.08910290151834488,0.0001,1e-05,50.329,2.9591,0.721
7144,stage2,4,0.08145252615213394,0.2749432921409607,0.0,0.08145252615213394,0.0001,1e-05,50.33,2.4453,0.6357
7145,stage2,4,0.0905260443687439,0.25540369749069214,0.0,0.0905260443687439,0.0001,1e-05,50.327,3.0287,0.6424
7146,stage2,4,0.07038610428571701,0.27070847153663635,0.0,0.07038610428571701,0.0001,1e-05,50.329,1.8022,0.9839
7147,stage2,4,0.08129901438951492,0.3024006187915802,0.0,0.08129901438951492,0.0001,1e-05,50.33,2.6595,0.6369
7148,stage2,4,0.06870980560779572,0.33457478880882263,0.0,0.06870980560779572,0.0001,1e-05,50.326,2.7319,0.6363
7149,stage2,4,0.07685182243585587,0.2596047818660736,0.0,0.07685182243585587,0.0001,1e-05,50.328,2.3115,0.6378
7150,stage2,4,0.07475109398365021,0.2763611972332001,0.0,0.07475109398365021,0.0001,1e-05,50.324,2.435,3.3415
7151,stage2,4,0.07379799336194992,0.2695741355419159,0.0,0.07379799336194992,0.0001,1e-05,50.328,1.8949,0.8087
7152,stage2,4,0.07778853923082352,0.2689341604709625,0.0,0.07778853923082352,0.0001,1e-05,50.329,2.3576,0.6354
7153,stage2,4,0.06471437215805054,0.29540154337882996,0.0,0.06471437215805054,0.0001,1e-05,50.326,2.0083,0.6358
7154,stage2,4,0.08279520273208618,0.2583898901939392,0.0,0.08279520273208618,0.0001,1e-05,50.328,2.6026,0.9384
7155,stage2,4,0.08080152422189713,0.2956477105617523,0.0,0.08080152422189713,0.0001,1e-05,50.327,2.8118,0.6368
7156,stage2,4,0.08436283469200134,0.28053420782089233,0.0,0.08436283469200134,0.0001,1e-05,50.329,3.2172,0.6366
7157,stage2,4,0.06563480198383331,0.29487505555152893,0.0,0.06563480198383331,0.0001,1e-05,50.328,1.9972,0.6367
7158,stage2,4,0.07797116041183472,0.28570520877838135,0.0,0.07797116041183472,0.0001,1e-05,50.325,2.3287,3.2465
7159,stage2,4,0.07400687038898468,0.29589056968688965,0.0,0.07400687038898468,0.0001,1e-05,50.331,2.1148,0.7896
7160,stage2,4,0.08198623359203339,0.28164252638816833,0.0,0.08198623359203339,0.0001,1e-05,50.328,2.2221,0.6344
7161,stage2,4,0.08023710548877716,0.29651546478271484,0.0,0.08023710548877716,0.0001,1e-05,50.328,2.2794,0.6346
7162,stage2,4,0.08128604292869568,0.25109201669692993,0.0,0.08128604292869568,0.0001,1e-05,50.331,2.4022,0.8426
7163,stage2,4,0.07835683971643448,0.26363468170166016,0.0,0.07835683971643448,0.0001,1e-05,50.328,2.7225,0.6332
7164,stage2,4,0.09531299024820328,0.26080262660980225,0.0,0.09531299024820328,0.0001,1e-05,50.332,3.5528,0.6331
7165,stage2,5,0.07932435721158981,0.2713387906551361,0.0,0.07932435721158981,0.0001,1e-05,50.328,2.1826,9.6754
7166,stage2,5,0.08184068650007248,0.26389452815055847,0.0,0.08184068650007248,0.0001,1e-05,50.328,2.2011,0.6312
7167,stage2,5,0.07420378178358078,0.27266213297843933,0.0,0.07420378178358078,0.0001,1e-05,50.33,1.9719,0.6334
7168,stage2,5,0.06478229910135269,0.29265108704566956,0.0,0.06478229910135269,0.0001,1e-05,50.329,2.1567,0.6334
7169,stage2,5,0.08945175260305405,0.3116322159767151,0.0,0.08945175260305405,0.0001,1e-05,50.329,2.94,0.6335
7170,stage2,5,0.08941028267145157,0.26415202021598816,0.0,0.08941028267145157,0.0001,1e-05,50.328,3.053,0.6345
7171,stage2,5,0.07171102613210678,0.24965816736221313,0.0,0.07171102613210678,0.0001,1e-05,50.33,2.4742,0.6346
7172,stage2,5,0.07669749110937119,0.28503480553627014,0.0,0.07669749110937119,0.0001,1e-05,50.332,2.9741,0.6344
7173,stage2,5,0.0710662379860878,0.2503249943256378,0.0,0.0710662379860878,0.0001,1e-05,50.33,2.1832,3.6848
7174,stage2,5,0.07554861903190613,0.2555333971977234,0.0,0.07554861903190613,0.0001,1e-05,50.328,2.3315,0.6331
7175,stage2,5,0.07768912613391876,0.27177080512046814,0.0,0.07768912613391876,0.0001,1e-05,50.326,2.3984,0.6335
7176,stage2,5,0.06723596155643463,0.23905985057353973,0.0,0.06723596155643463,0.0001,1e-05,50.329,2.2825,0.6332
7177,stage2,5,0.06683734059333801,0.3086456060409546,0.0,0.06683734059333801,0.0001,1e-05,50.33,2.3467,0.635
7178,stage2,5,0.07259974628686905,0.30651354789733887,0.0,0.07259974628686905,0.0001,1e-05,50.328,2.4969,0.6346
7179,stage2,5,0.08170311152935028,0.26550108194351196,0.0,0.08170311152935028,0.0001,1e-05,50.327,2.3105,0.6344
7180,stage2,5,0.07875406742095947,0.2510761618614197,0.0,0.07875406742095947,0.0001,1e-05,50.33,2.3189,0.6352
7181,stage2,5,0.065648153424263,0.27714803814888,0.0,0.065648153424263,0.0001,1e-05,50.328,2.1702,3.9198
7182,stage2,5,0.073163703083992,0.28707465529441833,0.0,0.073163703083992,0.0001,1e-05,50.33,2.387,0.6333
7183,stage2,5,0.08222170174121857,0.29425084590911865,0.0,0.08222170174121857,0.0001,1e-05,50.326,2.5065,0.6344
7184,stage2,5,0.07497043907642365,0.25983303785324097,0.0,0.07497043907642365,0.0001,1e-05,50.327,2.7024,0.6344
7185,stage2,5,0.07402023673057556,0.25731131434440613,0.0,0.07402023673057556,0.0001,1e-05,50.328,2.3692,0.6352
7186,stage2,5,0.08681692183017731,0.26040294766426086,0.0,0.08681692183017731,0.0001,1e-05,50.329,3.5037,0.6348
7187,stage2,5,0.0748433843255043,0.29310286045074463,0.0,0.0748433843255043,0.0001,1e-05,50.327,2.3001,0.6355
7188,stage2,5,0.0840701088309288,0.27702751755714417,0.0,0.0840701088309288,0.0001,1e-05,50.327,2.4452,0.6354
7189,stage2,5,0.06676936149597168,0.2786048948764801,0.0,0.06676936149597168,0.0001,1e-05,50.329,2.4726,3.7695
7190,stage2,5,0.09171150624752045,0.26971635222435,0.0,0.09171150624752045,0.0001,1e-05,50.328,3.3665,0.634
7191,stage2,5,0.08064982295036316,0.2894127666950226,0.0,0.08064982295036316,0.0001,1e-05,50.329,2.3801,0.6342
7192,stage2,5,0.08039883524179459,0.2506750524044037,0.0,0.08039883524179459,0.0001,1e-05,50.33,2.5331,0.6346
7193,stage2,5,0.0771753266453743,0.2851441502571106,0.0,0.0771753266453743,0.0001,1e-05,50.326,2.7612,0.6348
7194,stage2,5,0.07153008878231049,0.2656666040420532,0.0,0.07153008878231049,0.0001,1e-05,50.33,2.5092,0.6351
7195,stage2,5,0.07456687837839127,0.2730857729911804,0.0,0.07456687837839127,0.0001,1e-05,50.327,2.4997,0.6355
7196,stage2,5,0.07322235405445099,0.3156205713748932,0.0,0.07322235405445099,0.0001,1e-05,50.329,2.5169,0.6363
7197,stage2,5,0.08355645090341568,0.28348633646965027,0.0,0.08355645090341568,0.0001,1e-05,50.329,2.3485,3.8372
7198,stage2,5,0.07394658029079437,0.3132190406322479,0.0,0.07394658029079437,0.0001,1e-05,50.328,2.8691,0.6335
7199,stage2,5,0.10452273488044739,0.29814016819000244,0.0,0.10452273488044739,0.0001,1e-05,50.327,3.2805,0.6345
7200,stage2,5,0.07576551288366318,0.3030715584754944,0.0,0.07576551288366318,0.0001,1e-05,50.329,2.439,0.6348
7201,stage2,5,0.0727090910077095,0.2595006823539734,0.0,0.0727090910077095,0.0001,1e-05,50.328,2.381,0.6355
7202,stage2,5,0.07038088887929916,0.3051151931285858,0.0,0.07038088887929916,0.0001,1e-05,50.328,2.7105,0.6358
7203,stage2,5,0.07597367465496063,0.276511549949646,0.0,0.07597367465496063,0.0001,1e-05,50.327,2.9342,0.6356
7204,stage2,5,0.07197466492652893,0.29798954725265503,0.0,0.07197466492652893,0.0001,1e-05,50.325,2.5676,0.6358
7205,stage2,5,0.07350514829158783,0.28739944100379944,0.0,0.07350514829158783,0.0001,1e-05,50.33,2.5532,3.7432
7206,stage2,5,0.0881805419921875,0.2562699019908905,0.0,0.0881805419921875,0.0001,1e-05,50.326,2.4339,0.634
7207,stage2,5,0.07512029260396957,0.2823371887207031,0.0,0.07512029260396957,0.0001,1e-05,50.331,2.2063,0.6344
7208,stage2,5,0.09274619817733765,0.2659552991390228,0.0,0.09274619817733765,0.0001,1e-05,50.326,3.5417,0.635
7209,stage2,5,0.0722210556268692,0.23691894114017487,0.0,0.0722210556268692,0.0001,1e-05,50.329,2.6312,0.6359
7210,stage2,5,0.07541514933109283,0.2689432203769684,0.0,0.07541514933109283,0.0001,1e-05,50.329,2.8832,0.6347
7211,stage2,5,0.07117275893688202,0.23939456045627594,0.0,0.07117275893688202,0.0001,1e-05,50.327,2.5455,0.6358
7212,stage2,5,0.07428145408630371,0.29326143860816956,0.0,0.07428145408630371,0.0001,1e-05,50.33,2.1678,0.6363
7213,stage2,5,0.07561657577753067,0.26605498790740967,0.0,0.07561657577753067,0.0001,1e-05,50.329,2.568,3.7587
7214,stage2,5,0.07483062893152237,0.27848348021507263,0.0,0.07483062893152237,0.0001,1e-05,50.33,3.1072,0.6355
7215,stage2,5,0.06287816911935806,0.29564160108566284,0.0,0.06287816911935806,0.0001,1e-05,50.331,2.3385,0.635
7216,stage2,5,0.07965217530727386,0.29349154233932495,0.0,0.07965217530727386,0.0001,1e-05,50.331,2.5397,0.635
7217,stage2,5,0.07764709740877151,0.29876038432121277,0.0,0.07764709740877151,0.0001,1e-05,50.329,2.4785,0.6351
7218,stage2,5,0.07326057553291321,0.2575991749763489,0.0,0.07326057553291321,0.0001,1e-05,50.331,2.5837,0.6359
7219,stage2,5,0.08474806696176529,0.251573383808136,0.0,0.08474806696176529,0.0001,1e-05,50.329,2.63,0.6359
7220,stage2,5,0.07362519949674606,0.29366809129714966,0.0,0.07362519949674606,0.0001,1e-05,50.328,2.0669,0.6367
7221,stage2,5,0.06525477766990662,0.2738049328327179,0.0,0.06525477766990662,0.0001,1e-05,50.326,2.1802,4.0592
7222,stage2,5,0.07609370350837708,0.277415007352829,0.0,0.07609370350837708,0.0001,1e-05,50.325,2.7792,0.6337
7223,stage2,5,0.0903082937002182,0.2692188620567322,0.0,0.0903082937002182,0.0001,1e-05,50.333,2.7924,0.6346
7224,stage2,5,0.0839003175497055,0.2636732757091522,0.0,0.0839003175497055,0.0001,1e-05,50.332,2.9402,0.6347
7225,stage2,5,0.07541684806346893,0.2675361633300781,0.0,0.07541684806346893,0.0001,1e-05,50.328,1.9924,0.6359
7226,stage2,5,0.07575023174285889,0.28059622645378113,0.0,0.07575023174285889,0.0001,1e-05,50.332,2.6915,0.6363
7227,stage2,5,0.0698908343911171,0.23992422223091125,0.0,0.0698908343911171,0.0001,1e-05,50.331,1.9997,0.6359
7228,stage2,5,0.0820448100566864,0.2954781651496887,0.0,0.0820448100566864,0.0001,1e-05,50.33,2.3023,0.6373
7229,stage2,5,0.07100322842597961,0.27203369140625,0.0,0.07100322842597961,0.0001,1e-05,50.33,2.4756,3.7465
7230,stage2,5,0.06903325021266937,0.2503313422203064,0.0,0.06903325021266937,0.0001,1e-05,50.327,2.0499,0.6343
7231,stage2,5,0.07667159289121628,0.30446431040763855,0.0,0.07667159289121628,0.0001,1e-05,50.331,2.8348,0.635
7232,stage2,5,0.0901128500699997,0.2862361967563629,0.0,0.0901128500699997,0.0001,1e-05,50.328,3.3031,0.6357
7233,stage2,5,0.08108296245336533,0.26637932658195496,0.0,0.08108296245336533,0.0001,1e-05,50.33,2.4921,0.6357
7234,stage2,5,0.06823830306529999,0.24920956790447235,0.0,0.06823830306529999,0.0001,1e-05,50.329,2.1247,0.6361
7235,stage2,5,0.08537871390581131,0.23437392711639404,0.0,0.08537871390581131,0.0001,1e-05,50.332,2.5004,0.6364
7236,stage2,5,0.07157623022794724,0.2618865370750427,0.0,0.07157623022794724,0.0001,1e-05,50.33,2.4567,0.6365
7237,stage2,5,0.09203983098268509,0.2778528034687042,0.0,0.09203983098268509,0.0001,1e-05,50.327,3.6014,3.9365
7238,stage2,5,0.07503252476453781,0.28744274377822876,0.0,0.07503252476453781,0.0001,1e-05,50.329,2.515,0.6345
7239,stage2,5,0.08037299662828445,0.2456463873386383,0.0,0.08037299662828445,0.0001,1e-05,50.327,2.2014,0.7228
7240,stage2,5,0.07258275896310806,0.27079251408576965,0.0,0.07258275896310806,0.0001,1e-05,50.329,2.3743,0.6349
7241,stage2,5,0.06926500052213669,0.2807025611400604,0.0,0.06926500052213669,0.0001,1e-05,50.328,1.9709,0.6357
7242,stage2,5,0.08008847385644913,0.2921196222305298,0.0,0.08008847385644913,0.0001,1e-05,50.328,2.9173,0.636
7243,stage2,5,0.08036591112613678,0.25864124298095703,0.0,0.08036591112613678,0.0001,1e-05,50.332,2.6317,0.6364
7244,stage2,5,0.08002511411905289,0.2535269558429718,0.0,0.08002511411905289,0.0001,1e-05,50.328,2.6263,0.6364
7245,stage2,5,0.07735615968704224,0.28528088331222534,0.0,0.07735615968704224,0.0001,1e-05,50.333,2.6807,3.7407
7246,stage2,5,0.07131572812795639,0.24777041375637054,0.0,0.07131572812795639,0.0001,1e-05,50.328,2.2633,0.6351
7247,stage2,5,0.08287511765956879,0.27988624572753906,0.0,0.08287511765956879,0.0001,1e-05,50.33,2.4633,0.8167
7248,stage2,5,0.07273831218481064,0.2979516088962555,0.0,0.07273831218481064,0.0001,1e-05,50.329,2.2225,0.6355
7249,stage2,5,0.07352956384420395,0.26182225346565247,0.0,0.07352956384420395,0.0001,1e-05,50.327,2.2289,0.6358
7250,stage2,5,0.0755496397614479,0.26307210326194763,0.0,0.0755496397614479,0.0001,1e-05,50.33,2.1954,0.6367
7251,stage2,5,0.08106323331594467,0.24710747599601746,0.0,0.08106323331594467,0.0001,1e-05,50.325,2.3683,0.6368
7252,stage2,5,0.0859217643737793,0.26944923400878906,0.0,0.0859217643737793,0.0001,1e-05,50.328,2.2742,0.6364
7253,stage2,5,0.06811152398586273,0.2449173629283905,0.0,0.06811152398586273,0.0001,1e-05,50.33,1.9703,3.668
7254,stage2,5,0.0715574249625206,0.32415205240249634,0.0,0.0715574249625206,0.0001,1e-05,50.326,2.3385,0.637
7255,stage2,5,0.06671382486820221,0.2671319842338562,0.0,0.06671382486820221,0.0001,1e-05,50.326,1.9974,0.9304
7256,stage2,5,0.07760035991668701,0.3028823137283325,0.0,0.07760035991668701,0.0001,1e-05,50.33,2.9759,0.6357
7257,stage2,5,0.0752149224281311,0.2599838376045227,0.0,0.0752149224281311,0.0001,1e-05,50.326,2.5355,0.6362
7258,stage2,5,0.07075510919094086,0.29959380626678467,0.0,0.07075510919094086,0.0001,1e-05,50.326,2.1566,0.6356
7259,stage2,5,0.09035731852054596,0.2964765131473541,0.0,0.09035731852054596,0.0001,1e-05,50.324,2.9901,0.6366
7260,stage2,5,0.08968725800514221,0.2600230276584625,0.0,0.08968725800514221,0.0001,1e-05,50.328,2.7352,0.6368
7261,stage2,5,0.07865289598703384,0.27890846133232117,0.0,0.07865289598703384,0.0001,1e-05,50.328,2.0615,3.4825
7262,stage2,5,0.07242102921009064,0.2857707142829895,0.0,0.07242102921009064,0.0001,1e-05,50.331,2.664,0.6342
7263,stage2,5,0.07359373569488525,0.2951105535030365,0.0,0.07359373569488525,0.0001,1e-05,50.326,2.0468,1.059
7264,stage2,5,0.07939554750919342,0.2491452395915985,0.0,0.07939554750919342,0.0001,1e-05,50.328,2.9689,0.6353
7265,stage2,5,0.07279937714338303,0.2935667634010315,0.0,0.07279937714338303,0.0001,1e-05,50.325,2.2041,0.6359
7266,stage2,5,0.07134902477264404,0.30338943004608154,0.0,0.07134902477264404,0.0001,1e-05,50.326,2.2861,0.6362
7267,stage2,5,0.0625273734331131,0.29764220118522644,0.0,0.0625273734331131,0.0001,1e-05,50.328,1.9925,0.6373
7268,stage2,5,0.07449399679899216,0.2823045551776886,0.0,0.07449399679899216,0.0001,1e-05,50.329,2.1512,0.6364
7269,stage2,5,0.07431308925151825,0.2781825661659241,0.0,0.07431308925151825,0.0001,1e-05,50.324,2.7245,3.4963
7270,stage2,5,0.06512721627950668,0.29605746269226074,0.0,0.06512721627950668,0.0001,1e-05,50.328,2.1295,0.6358
7271,stage2,5,0.07061748951673508,0.29368534684181213,0.0,0.07061748951673508,0.0001,1e-05,50.325,2.1247,1.1595
7272,stage2,5,0.06887166202068329,0.26849207282066345,0.0,0.06887166202068329,0.0001,1e-05,50.328,2.1434,0.6359
7273,stage2,5,0.07066093385219574,0.2684561610221863,0.0,0.07066093385219574,0.0001,1e-05,50.33,2.2636,0.6356
7274,stage2,5,0.0669718012213707,0.2906114161014557,0.0,0.0669718012213707,0.0001,1e-05,50.328,1.9211,0.636
7275,stage2,5,0.08014622330665588,0.28218403458595276,0.0,0.08014622330665588,0.0001,1e-05,50.326,2.8117,0.6366
7276,stage2,5,0.07572055608034134,0.29429781436920166,0.0,0.07572055608034134,0.0001,1e-05,50.326,2.1836,0.6365
7277,stage2,5,0.0762278214097023,0.28280389308929443,0.0,0.0762278214097023,0.0001,1e-05,50.328,2.5779,3.3674
7278,stage2,5,0.07984402030706406,0.29180604219436646,0.0,0.07984402030706406,0.0001,1e-05,50.33,2.6868,0.635
7279,stage2,5,0.07403344660997391,0.3025839328765869,0.0,0.07403344660997391,0.0001,1e-05,50.327,2.5492,1.2064
7280,stage2,5,0.07383421063423157,0.3055259883403778,0.0,0.07383421063423157,0.0001,1e-05,50.327,2.0427,0.6355
7281,stage2,5,0.07185478508472443,0.26206788420677185,0.0,0.07185478508472443,0.0001,1e-05,50.329,2.0775,0.6358
7282,stage2,5,0.07436488568782806,0.28577661514282227,0.0,0.07436488568782806,0.0001,1e-05,50.325,2.3366,0.636
7283,stage2,5,0.08404770493507385,0.27465876936912537,0.0,0.08404770493507385,0.0001,1e-05,50.326,2.5983,0.6371
7284,stage2,5,0.07075688987970352,0.2916521728038788,0.0,0.07075688987970352,0.0001,1e-05,50.325,2.1489,0.637
7285,stage2,5,0.10068798065185547,0.2515676021575928,0.0,0.10068798065185547,0.0001,1e-05,50.323,3.529,3.318
7286,stage2,5,0.07129109650850296,0.28054532408714294,0.0,0.07129109650850296,0.0001,1e-05,50.328,2.1123,0.6392
7287,stage2,5,0.08159399032592773,0.29637810587882996,0.0,0.08159399032592773,0.0001,1e-05,50.329,2.3068,1.2846
7288,stage2,5,0.07890570908784866,0.2618190050125122,0.0,0.07890570908784866,0.0001,1e-05,50.327,2.3009,0.6356
7289,stage2,5,0.07766573131084442,0.2735893428325653,0.0,0.07766573131084442,0.0001,1e-05,50.328,2.5097,0.6359
7290,stage2,5,0.07814926654100418,0.26756829023361206,0.0,0.07814926654100418,0.0001,1e-05,50.327,2.1851,0.6365
7291,stage2,5,0.06826651096343994,0.27616074681282043,0.0,0.06826651096343994,0.0001,1e-05,50.328,2.2679,0.6366
7292,stage2,5,0.08045065402984619,0.284519225358963,0.0,0.08045065402984619,0.0001,1e-05,50.327,2.3812,0.6373
7293,stage2,5,0.076394222676754,0.25819435715675354,0.0,0.076394222676754,0.0001,1e-05,50.33,2.9058,3.0877
7294,stage2,5,0.06870602816343307,0.28506410121917725,0.0,0.06870602816343307,0.0001,1e-05,50.331,1.8944,0.7339
7295,stage2,5,0.0738164559006691,0.2818030118942261,0.0,0.0738164559006691,0.0001,1e-05,50.33,2.5537,1.3008
7296,stage2,5,0.06533873081207275,0.32970529794692993,0.0,0.06533873081207275,0.0001,1e-05,50.325,2.3682,0.6364
7297,stage2,5,0.07655741274356842,0.23981478810310364,0.0,0.07655741274356842,0.0001,1e-05,50.33,2.2922,0.6365
7298,stage2,5,0.06465110927820206,0.27755358815193176,0.0,0.06465110927820206,0.0001,1e-05,50.328,2.0988,0.6363
7299,stage2,5,0.07321453094482422,0.2726909816265106,0.0,0.07321453094482422,0.0001,1e-05,50.328,2.132,0.637
7300,stage2,5,0.07386985421180725,0.2607553005218506,0.0,0.07386985421180725,0.0001,1e-05,50.329,2.2622,0.6371
7301,stage2,5,0.07414131611585617,0.29966551065444946,0.0,0.07414131611585617,0.0001,1e-05,50.33,2.6634,2.983
7302,stage2,5,0.07127761840820312,0.2622455954551697,0.0,0.07127761840820312,0.0001,1e-05,50.333,2.5691,0.772
7303,stage2,5,0.07696741819381714,0.244777649641037,0.0,0.07696741819381714,0.0001,1e-05,50.327,2.8255,1.3622
7304,stage2,5,0.06522253155708313,0.2897036671638489,0.0,0.06522253155708313,0.0001,1e-05,50.33,2.004,0.6354
7305,stage2,5,0.06977976113557816,0.31592315435409546,0.0,0.06977976113557816,0.0001,1e-05,50.329,2.305,0.6362
7306,stage2,5,0.07895244657993317,0.2766757309436798,0.0,0.07895244657993317,0.0001,1e-05,50.326,2.7448,0.6367
7307,stage2,5,0.08157978951931,0.24757878482341766,0.0,0.08157978951931,0.0001,1e-05,50.325,3.0838,0.6366
7308,stage2,5,0.07987970113754272,0.26251259446144104,0.0,0.07987970113754272,0.0001,1e-05,50.331,2.262,0.6374
7309,stage2,5,0.06584126502275467,0.2634703814983368,0.0,0.06584126502275467,0.0001,1e-05,50.325,1.7873,2.8231
7310,stage2,5,0.06765636801719666,0.2608144283294678,0.0,0.06765636801719666,0.0001,1e-05,50.326,2.2924,0.8471
7311,stage2,5,0.08635131269693375,0.2850480079650879,0.0,0.08635131269693375,0.0001,1e-05,50.329,2.6563,1.4524
7312,stage2,5,0.07216416299343109,0.26963645219802856,0.0,0.07216416299343109,0.0001,1e-05,50.335,2.4736,0.6349
7313,stage2,5,0.07137195765972137,0.27556970715522766,0.0,0.07137195765972137,0.0001,1e-05,50.326,2.073,0.6357
7314,stage2,5,0.08751051872968674,0.24789492785930634,0.0,0.08751051872968674,0.0001,1e-05,50.325,2.7225,0.6358
7315,stage2,5,0.07803098112344742,0.2825187146663666,0.0,0.07803098112344742,0.0001,1e-05,50.325,2.4634,0.6359
7316,stage2,5,0.07526140660047531,0.27290886640548706,0.0,0.07526140660047531,0.0001,1e-05,50.329,2.9331,0.6362
7317,stage2,5,0.06964094191789627,0.2998644709587097,0.0,0.06964094191789627,0.0001,1e-05,50.329,2.0866,2.716
7318,stage2,5,0.0719195157289505,0.2569654583930969,0.0,0.0719195157289505,0.0001,1e-05,50.322,2.2876,0.8498
7319,stage2,5,0.07069103419780731,0.29040655493736267,0.0,0.07069103419780731,0.0001,1e-05,50.329,1.9681,1.5541
7320,stage2,5,0.07826230674982071,0.2718489170074463,0.0,0.07826230674982071,0.0001,1e-05,50.326,2.649,0.6352
7321,stage2,5,0.07853381335735321,0.2779589295387268,0.0,0.07853381335735321,0.0001,1e-05,50.323,2.2798,0.6358
7322,stage2,5,0.0762917622923851,0.25736096501350403,0.0,0.0762917622923851,0.0001,1e-05,50.326,3.0752,0.636
7323,stage2,5,0.07910288870334625,0.310072124004364,0.0,0.07910288870334625,0.0001,1e-05,50.329,2.6942,0.6362
7324,stage2,5,0.07453709840774536,0.29620295763015747,0.0,0.07453709840774536,0.0001,1e-05,50.325,2.9276,0.6372
7325,stage2,5,0.07633895426988602,0.28551119565963745,0.0,0.07633895426988602,0.0001,1e-05,50.325,2.7778,2.6601
7326,stage2,5,0.08849719166755676,0.2626778781414032,0.0,0.08849719166755676,0.0001,1e-05,50.328,3.2632,0.7499
7327,stage2,5,0.08332782238721848,0.2599400579929352,0.0,0.08332782238721848,0.0001,1e-05,50.328,2.8532,1.7668
7328,stage2,5,0.07368172705173492,0.29367315769195557,0.0,0.07368172705173492,0.0001,1e-05,50.328,2.4852,0.6353
7329,stage2,5,0.07267393171787262,0.2889322340488434,0.0,0.07267393171787262,0.0001,1e-05,50.328,2.627,0.6358
7330,stage2,5,0.07875585556030273,0.2636055052280426,0.0,0.07875585556030273,0.0001,1e-05,50.327,2.0972,0.6361
7331,stage2,5,0.07514747232198715,0.28281959891319275,0.0,0.07514747232198715,0.0001,1e-05,50.329,2.2437,0.6369
7332,stage2,5,0.08167605847120285,0.26942551136016846,0.0,0.08167605847120285,0.0001,1e-05,50.325,2.391,0.6362
7333,stage2,5,0.07787468284368515,0.32007870078086853,0.0,0.07787468284368515,0.0001,1e-05,50.328,2.3141,2.4976
7334,stage2,5,0.07972321659326553,0.26683562994003296,0.0,0.07972321659326553,0.0001,1e-05,50.328,2.8915,0.7288
7335,stage2,5,0.08519891649484634,0.26491302251815796,0.0,0.08519891649484634,0.0001,1e-05,50.321,3.0069,1.7981
7336,stage2,5,0.07406449317932129,0.28035929799079895,0.0,0.07406449317932129,0.0001,1e-05,50.325,2.466,0.6359
7337,stage2,5,0.06829915195703506,0.26595941185951233,0.0,0.06829915195703506,0.0001,1e-05,50.328,2.1541,0.6365
7338,stage2,5,0.08573371171951294,0.25440889596939087,0.0,0.08573371171951294,0.0001,1e-05,50.329,2.8607,0.6366
7339,stage2,5,0.07284539192914963,0.2806759178638458,0.0,0.07284539192914963,0.0001,1e-05,50.328,2.7814,0.636
7340,stage2,5,0.07229282706975937,0.2405579686164856,0.0,0.07229282706975937,0.0001,1e-05,50.326,2.6088,0.6362
7341,stage2,5,0.06715156137943268,0.33050960302352905,0.0,0.06715156137943268,0.0001,1e-05,50.325,2.4441,2.4389
7342,stage2,5,0.07737291604280472,0.28055331110954285,0.0,0.07737291604280472,0.0001,1e-05,50.33,2.3557,0.6937
7343,stage2,5,0.06973347812891006,0.300782173871994,0.0,0.06973347812891006,0.0001,1e-05,50.326,2.2806,1.9068
7344,stage2,5,0.08285044133663177,0.26911622285842896,0.0,0.08285044133663177,0.0001,1e-05,50.325,2.8819,0.6353
7345,stage2,5,0.06821556389331818,0.2771075665950775,0.0,0.06821556389331818,0.0001,1e-05,50.325,2.2006,0.6356
7346,stage2,5,0.06781376898288727,0.2679331600666046,0.0,0.06781376898288727,0.0001,1e-05,50.327,2.0189,0.6358
7347,stage2,5,0.06656982004642487,0.3042135238647461,0.0,0.06656982004642487,0.0001,1e-05,50.326,2.0065,0.636
7348,stage2,5,0.07562463730573654,0.2713076174259186,0.0,0.07562463730573654,0.0001,1e-05,50.33,2.6318,0.6367
7349,stage2,5,0.06856144219636917,0.26586809754371643,0.0,0.06856144219636917,0.0001,1e-05,50.329,2.1378,2.4092
7350,stage2,5,0.0741153359413147,0.23865072429180145,0.0,0.0741153359413147,0.0001,1e-05,50.329,2.6235,0.6357
7351,stage2,5,0.06891898065805435,0.28564003109931946,0.0,0.06891898065805435,0.0001,1e-05,50.33,2.1452,2.1061
7352,stage2,5,0.0739351212978363,0.30037203431129456,0.0,0.0739351212978363,0.0001,1e-05,50.329,2.0944,0.6348
7353,stage2,5,0.07045938819646835,0.2665024697780609,0.0,0.07045938819646835,0.0001,1e-05,50.327,2.5694,0.6353
7354,stage2,5,0.07258369773626328,0.28894370794296265,0.0,0.07258369773626328,0.0001,1e-05,50.326,2.2009,0.6356
7355,stage2,5,0.07030484080314636,0.2549126148223877,0.0,0.07030484080314636,0.0001,1e-05,50.329,2.2155,0.6357
7356,stage2,5,0.08018339425325394,0.27848565578460693,0.0,0.08018339425325394,0.0001,1e-05,50.328,2.8877,0.6362
7357,stage2,5,0.08464965224266052,0.28035667538642883,0.0,0.08464965224266052,0.0001,1e-05,50.328,2.3423,2.4339
7358,stage2,5,0.07398121803998947,0.27904537320137024,0.0,0.07398121803998947,0.0001,1e-05,50.328,2.2196,0.6913
7359,stage2,5,0.06904354691505432,0.2719927728176117,0.0,0.06904354691505432,0.0001,1e-05,50.326,2.3364,2.0939
7360,stage2,5,0.07156860083341599,0.2800768315792084,0.0,0.07156860083341599,0.0001,1e-05,50.325,2.3851,0.6567
7361,stage2,5,0.08134102821350098,0.27208954095840454,0.0,0.08134102821350098,0.0001,1e-05,50.327,2.4337,0.6278
7362,stage2,5,0.07170851528644562,0.30586639046669006,0.0,0.07170851528644562,0.0001,1e-05,50.325,2.4402,0.6358
7363,stage2,5,0.06467508524656296,0.27501994371414185,0.0,0.06467508524656296,0.0001,1e-05,50.327,1.9134,0.636
7364,stage2,5,0.07579678297042847,0.24330279231071472,0.0,0.07579678297042847,0.0001,1e-05,50.328,2.5784,0.6364
7365,stage2,5,0.0793411061167717,0.27899664640426636,0.0,0.0793411061167717,0.0001,1e-05,50.326,2.4029,2.37
7366,stage2,5,0.08254379034042358,0.29142525792121887,0.0,0.08254379034042358,0.0001,1e-05,50.327,3.2175,0.7709
7367,stage2,5,0.07563048601150513,0.2574779689311981,0.0,0.07563048601150513,0.0001,1e-05,50.326,2.3985,2.1248
7368,stage2,5,0.0702434554696083,0.29955536127090454,0.0,0.0702434554696083,0.0001,1e-05,50.326,2.3295,0.6348
7369,stage2,5,0.08833976089954376,0.2973954379558563,0.0,0.08833976089954376,0.0001,1e-05,50.321,2.6237,0.6355
7370,stage2,5,0.07500801980495453,0.2585256099700928,0.0,0.07500801980495453,0.0001,1e-05,50.327,2.3914,0.6359
7371,stage2,5,0.08505172282457352,0.27199429273605347,0.0,0.08505172282457352,0.0001,1e-05,50.33,2.9471,0.6356
7372,stage2,5,0.07186247408390045,0.2964092195034027,0.0,0.07186247408390045,0.0001,1e-05,50.325,2.3446,0.6365
7373,stage2,5,0.08685986697673798,0.27694541215896606,0.0,0.08685986697673798,0.0001,1e-05,50.33,3.6158,2.1186
7374,stage2,5,0.07659975439310074,0.2519887685775757,0.0,0.07659975439310074,0.0001,1e-05,50.326,2.2789,0.91
7375,stage2,5,0.07103833556175232,0.2707459628582001,0.0,0.07103833556175232,0.0001,1e-05,50.328,2.629,2.0244
7376,stage2,5,0.0650787279009819,0.2702297270298004,0.0,0.0650787279009819,0.0001,1e-05,50.329,1.8533,0.635
7377,stage2,5,0.07876411825418472,0.29570406675338745,0.0,0.07876411825418472,0.0001,1e-05,50.329,2.7062,0.6357
7378,stage2,5,0.07298298925161362,0.2781381905078888,0.0,0.07298298925161362,0.0001,1e-05,50.328,2.3728,0.6355
7379,stage2,5,0.06974805146455765,0.27125996351242065,0.0,0.06974805146455765,0.0001,1e-05,50.328,2.1851,0.636
7380,stage2,5,0.07058434188365936,0.271829754114151,0.0,0.07058434188365936,0.0001,1e-05,50.325,2.4079,0.6363
7381,stage2,5,0.07977961003780365,0.26058244705200195,0.0,0.07977961003780365,0.0001,1e-05,50.328,2.136,2.1137
7382,stage2,5,0.07964282482862473,0.2552276849746704,0.0,0.07964282482862473,0.0001,1e-05,50.328,2.2068,0.9395
7383,stage2,5,0.06733490526676178,0.27383702993392944,0.0,0.06733490526676178,0.0001,1e-05,50.327,2.1911,2.0788
7384,stage2,5,0.07364581525325775,0.30695003271102905,0.0,0.07364581525325775,0.0001,1e-05,50.326,2.4635,0.6348
7385,stage2,5,0.08297212421894073,0.253540962934494,0.0,0.08297212421894073,0.0001,1e-05,50.328,2.6574,0.6357
7386,stage2,5,0.0608501061797142,0.2533429265022278,0.0,0.0608501061797142,0.0001,1e-05,50.327,1.9927,0.6358
7387,stage2,5,0.0828227624297142,0.2650609612464905,0.0,0.0828227624297142,0.0001,1e-05,50.327,2.6859,0.6355
7388,stage2,5,0.0678177922964096,0.26766878366470337,0.0,0.0678177922964096,0.0001,1e-05,50.326,2.1707,0.636
7389,stage2,5,0.08087734133005142,0.27060365676879883,0.0,0.08087734133005142,0.0001,1e-05,50.328,2.2264,2.1268
7390,stage2,5,0.06951244175434113,0.2793312966823578,0.0,0.06951244175434113,0.0001,1e-05,50.327,2.1107,0.8347
7391,stage2,5,0.07171690464019775,0.2925772964954376,0.0,0.07171690464019775,0.0001,1e-05,50.326,2.4466,2.1878
7392,stage2,5,0.07503513991832733,0.2512141466140747,0.0,0.07503513991832733,0.0001,1e-05,50.329,1.9953,0.6345
7393,stage2,5,0.07116885483264923,0.28049513697624207,0.0,0.07116885483264923,0.0001,1e-05,50.331,2.422,0.6352
7394,stage2,5,0.07363156229257584,0.25850096344947815,0.0,0.07363156229257584,0.0001,1e-05,50.334,2.4335,0.6363
7395,stage2,5,0.08401831984519958,0.2605883777141571,0.0,0.08401831984519958,0.0001,1e-05,50.328,2.5784,0.6367
7396,stage2,5,0.06940381973981857,0.2687857449054718,0.0,0.06940381973981857,0.0001,1e-05,50.329,2.2245,0.6369
7397,stage2,5,0.06543514877557755,0.29538586735725403,0.0,0.06543514877557755,0.0001,1e-05,50.324,2.0399,1.9942
7398,stage2,5,0.07474548369646072,0.28141629695892334,0.0,0.07474548369646072,0.0001,1e-05,50.329,2.5066,0.7855
7399,stage2,5,0.07552585750818253,0.23948241770267487,0.0,0.07552585750818253,0.0001,1e-05,50.33,2.3908,2.2456
7400,stage2,5,0.0736282542347908,0.28158706426620483,0.0,0.0736282542347908,0.0001,1e-05,50.328,2.5356,0.6356
7401,stage2,5,0.08118470013141632,0.25539731979370117,0.0,0.08118470013141632,0.0001,1e-05,50.327,2.5285,0.6362
7402,stage2,5,0.06655125319957733,0.26736438274383545,0.0,0.06655125319957733,0.0001,1e-05,50.325,2.3226,0.6365
7403,stage2,5,0.07187232375144958,0.3082418739795685,0.0,0.07187232375144958,0.0001,1e-05,50.326,2.23,0.637
7404,stage2,5,0.08647824823856354,0.2547418773174286,0.0,0.08647824823856354,0.0001,1e-05,50.324,2.536,0.6362
7405,stage2,5,0.0797475278377533,0.2822256088256836,0.0,0.0797475278377533,0.0001,1e-05,50.328,2.6379,2.0889
7406,stage2,5,0.07428181916475296,0.30522799491882324,0.0,0.07428181916475296,0.0001,1e-05,50.327,2.5319,0.695
7407,stage2,5,0.07503746449947357,0.25844648480415344,0.0,0.07503746449947357,0.0001,1e-05,50.328,2.9483,2.3561
7408,stage2,5,0.08605241775512695,0.28267571330070496,0.0,0.08605241775512695,0.0001,1e-05,50.329,2.735,0.6359
7409,stage2,5,0.08595433831214905,0.29001709818840027,0.0,0.08595433831214905,0.0001,1e-05,50.328,2.8609,0.6357
7410,stage2,5,0.07377471774816513,0.23950648307800293,0.0,0.07377471774816513,0.0001,1e-05,50.329,2.5374,0.6366
7411,stage2,5,0.07928485423326492,0.26032209396362305,0.0,0.07928485423326492,0.0001,1e-05,50.326,3.3458,0.6368
7412,stage2,5,0.07667224854230881,0.27107253670692444,0.0,0.07667224854230881,0.0001,1e-05,50.329,1.9893,0.6373
7413,stage2,5,0.0790761336684227,0.2621534466743469,0.0,0.0790761336684227,0.0001,1e-05,50.328,2.7571,1.9769
7414,stage2,5,0.08244229108095169,0.2605496942996979,0.0,0.08244229108095169,0.0001,1e-05,50.328,2.824,0.6348
7415,stage2,5,0.07678505778312683,0.2756386399269104,0.0,0.07678505778312683,0.0001,1e-05,50.324,2.7336,2.4493
7416,stage2,5,0.08031521737575531,0.2808155417442322,0.0,0.08031521737575531,0.0001,1e-05,50.325,2.5599,0.6352
7417,stage2,5,0.08193915337324142,0.29139459133148193,0.0,0.08193915337324142,0.0001,1e-05,50.327,2.938,0.6363
7418,stage2,5,0.08046329021453857,0.25849753618240356,0.0,0.08046329021453857,0.0001,1e-05,50.328,2.4225,0.6357
7419,stage2,5,0.06718125939369202,0.27420416474342346,0.0,0.06718125939369202,0.0001,1e-05,50.329,2.2092,0.6364
7420,stage2,5,0.07807376235723495,0.26651790738105774,0.0,0.07807376235723495,0.0001,1e-05,50.329,2.2965,0.6371
7421,stage2,5,0.08204047381877899,0.2661661207675934,0.0,0.08204047381877899,0.0001,1e-05,50.327,2.4148,1.9503
7422,stage2,5,0.06794187426567078,0.2976166009902954,0.0,0.06794187426567078,0.0001,1e-05,50.328,1.9402,0.6601
7423,stage2,5,0.08440064638853073,0.26307839155197144,0.0,0.08440064638853073,0.0001,1e-05,50.33,3.0448,2.5054
7424,stage2,5,0.06787075847387314,0.29123353958129883,0.0,0.06787075847387314,0.0001,1e-05,50.328,1.8571,0.6351
7425,stage2,5,0.07337041944265366,0.2716650664806366,0.0,0.07337041944265366,0.0001,1e-05,50.329,2.2353,0.6358
7426,stage2,5,0.07473689317703247,0.2845512330532074,0.0,0.07473689317703247,0.0001,1e-05,50.328,2.1714,0.6358
7427,stage2,5,0.0821041539311409,0.2737431824207306,0.0,0.0821041539311409,0.0001,1e-05,50.329,2.0268,0.637
7428,stage2,5,0.06712779402732849,0.2677086293697357,0.0,0.06712779402732849,0.0001,1e-05,50.33,2.1369,0.6367
7429,stage2,5,0.07275916635990143,0.27936261892318726,0.0,0.07275916635990143,0.0001,1e-05,50.325,2.2854,1.9543
7430,stage2,5,0.0732923224568367,0.2604731321334839,0.0,0.0732923224568367,0.0001,1e-05,50.33,2.1162,0.6612
7431,stage2,5,0.07771142572164536,0.2795955240726471,0.0,0.07771142572164536,0.0001,1e-05,50.326,2.6028,2.5989
7432,stage2,5,0.0766352042555809,0.2851748466491699,0.0,0.0766352042555809,0.0001,1e-05,50.324,2.1379,0.635
7433,stage2,5,0.07368569076061249,0.2751867175102234,0.0,0.07368569076061249,0.0001,1e-05,50.327,2.6172,0.6356
7434,stage2,5,0.07525139302015305,0.2778010368347168,0.0,0.07525139302015305,0.0001,1e-05,50.333,2.7156,0.6359
7435,stage2,5,0.0777839720249176,0.25890660285949707,0.0,0.0777839720249176,0.0001,1e-05,50.325,2.5041,0.6361
7436,stage2,5,0.08193517476320267,0.26173827052116394,0.0,0.08193517476320267,0.0001,1e-05,50.33,2.9678,0.6371
7437,stage2,5,0.0667128637433052,0.2417530119419098,0.0,0.0667128637433052,0.0001,1e-05,50.329,2.1308,1.7506
7438,stage2,5,0.06869468837976456,0.2580729126930237,0.0,0.06869468837976456,0.0001,1e-05,50.33,1.8804,0.7745
7439,stage2,5,0.0698646605014801,0.2600770890712738,0.0,0.0698646605014801,0.0001,1e-05,50.33,1.9408,2.6503
7440,stage2,5,0.07898405194282532,0.2723281681537628,0.0,0.07898405194282532,0.0001,1e-05,50.328,2.6174,0.6343
7441,stage2,5,0.0696038082242012,0.2676595449447632,0.0,0.0696038082242012,0.0001,1e-05,50.327,2.384,0.6355
7442,stage2,5,0.07127908617258072,0.24979259073734283,0.0,0.07127908617258072,0.0001,1e-05,50.328,1.8192,0.6353
7443,stage2,5,0.06686591356992722,0.31467702984809875,0.0,0.06686591356992722,0.0001,1e-05,50.324,2.7768,0.6354
7444,stage2,5,0.07190840691328049,0.28155750036239624,0.0,0.07190840691328049,0.0001,1e-05,50.324,1.8782,0.6362
7445,stage2,5,0.07732583582401276,0.2713228464126587,0.0,0.07732583582401276,0.0001,1e-05,50.328,2.3627,1.5982
7446,stage2,5,0.08442330360412598,0.27215245366096497,0.0,0.08442330360412598,0.0001,1e-05,50.327,2.5689,0.7977
7447,stage2,5,0.06805408000946045,0.22769862413406372,0.0,0.06805408000946045,0.0001,1e-05,50.324,2.0867,2.7303
7448,stage2,5,0.07685478031635284,0.2873842120170593,0.0,0.07685478031635284,0.0001,1e-05,50.327,2.2138,0.6348
7449,stage2,5,0.07440579682588577,0.2652631402015686,0.0,0.07440579682588577,0.0001,1e-05,50.328,2.424,0.6353
7450,stage2,5,0.06339448690414429,0.2942988872528076,0.0,0.06339448690414429,0.0001,1e-05,50.326,2.3775,0.636
7451,stage2,5,0.07220270484685898,0.28615593910217285,0.0,0.07220270484685898,0.0001,1e-05,50.323,2.1726,0.6366
7452,stage2,5,0.08134052157402039,0.2695206105709076,0.0,0.08134052157402039,0.0001,1e-05,50.327,2.7264,0.6365
7453,stage2,5,0.07609298825263977,0.258446604013443,0.0,0.07609298825263977,0.0001,1e-05,50.327,2.7455,1.5467
7454,stage2,5,0.07727299630641937,0.2643532454967499,0.0,0.07727299630641937,0.0001,1e-05,50.325,2.3281,0.849
7455,stage2,5,0.07673461735248566,0.262773722410202,0.0,0.07673461735248566,0.0001,1e-05,50.326,2.5234,2.8014
7456,stage2,5,0.07313906401395798,0.26002639532089233,0.0,0.07313906401395798,0.0001,1e-05,50.325,2.8138,0.6349
7457,stage2,5,0.08508992195129395,0.28879231214523315,0.0,0.08508992195129395,0.0001,1e-05,50.32,3.8872,0.6354
7458,stage2,5,0.0834304541349411,0.2647857964038849,0.0,0.0834304541349411,0.0001,1e-05,50.329,2.921,0.6352
7459,stage2,5,0.06998936831951141,0.27125784754753113,0.0,0.06998936831951141,0.0001,1e-05,50.33,2.0341,0.6355
7460,stage2,5,0.09081525355577469,0.2584151327610016,0.0,0.09081525355577469,0.0001,1e-05,50.323,2.6895,0.6368
7461,stage2,5,0.0857463851571083,0.2796509861946106,0.0,0.0857463851571083,0.0001,1e-05,50.326,2.204,1.5032
7462,stage2,5,0.08658376336097717,0.2704989016056061,0.0,0.08658376336097717,0.0001,1e-05,50.33,2.7668,0.8491
7463,stage2,5,0.07506293803453445,0.2843279242515564,0.0,0.07506293803453445,0.0001,1e-05,50.328,2.7455,2.9312
7464,stage2,5,0.07297726720571518,0.279580682516098,0.0,0.07297726720571518,0.0001,1e-05,50.33,2.346,0.6338
7465,stage2,5,0.07532815635204315,0.27361994981765747,0.0,0.07532815635204315,0.0001,1e-05,50.329,2.4269,0.6349
7466,stage2,5,0.08236977458000183,0.27128487825393677,0.0,0.08236977458000183,0.0001,1e-05,50.327,2.6883,0.6353
7467,stage2,5,0.057065464556217194,0.28269699215888977,0.0,0.057065464556217194,0.0001,1e-05,50.329,2.1109,0.6354
7468,stage2,5,0.06935405731201172,0.2855475842952728,0.0,0.06935405731201172,0.0001,1e-05,50.329,2.3018,0.6354
7469,stage2,5,0.0685972198843956,0.2710011899471283,0.0,0.0685972198843956,0.0001,1e-05,50.328,2.109,1.4466
7470,stage2,5,0.07133632153272629,0.2708527445793152,0.0,0.07133632153272629,0.0001,1e-05,50.33,2.0994,0.918
7471,stage2,5,0.0734766349196434,0.27572494745254517,0.0,0.0734766349196434,0.0001,1e-05,50.327,2.4566,3.0687
7472,stage2,5,0.07445778697729111,0.23777110874652863,0.0,0.07445778697729111,0.0001,1e-05,50.327,2.9792,0.6344
7473,stage2,5,0.07839503884315491,0.26744139194488525,0.0,0.07839503884315491,0.0001,1e-05,50.329,2.1428,0.635
7474,stage2,5,0.07872886955738068,0.2541141211986542,0.0,0.07872886955738068,0.0001,1e-05,50.33,2.5184,0.6354
7475,stage2,5,0.06067196652293205,0.2737677991390228,0.0,0.06067196652293205,0.0001,1e-05,50.326,2.2115,0.6359
7476,stage2,5,0.0774286687374115,0.29317528009414673,0.0,0.0774286687374115,0.0001,1e-05,50.33,2.7653,0.6358
7477,stage2,5,0.0818975418806076,0.2609716057777405,0.0,0.0818975418806076,0.0001,1e-05,50.33,2.9489,1.2096
7478,stage2,5,0.06904855370521545,0.2871859669685364,0.0,0.06904855370521545,0.0001,1e-05,50.329,2.9227,0.9514
7479,stage2,5,0.07006797939538956,0.3071844279766083,0.0,0.07006797939538956,0.0001,1e-05,50.329,2.6799,3.0987
7480,stage2,5,0.07212939858436584,0.2631264626979828,0.0,0.07212939858436584,0.0001,1e-05,50.325,2.799,0.6344
7481,stage2,5,0.07515963166952133,0.2629930377006531,0.0,0.07515963166952133,0.0001,1e-05,50.328,2.4052,0.6343
7482,stage2,5,0.07930006086826324,0.26230961084365845,0.0,0.07930006086826324,0.0001,1e-05,50.329,2.46,0.6339
7483,stage2,5,0.07755914330482483,0.27429866790771484,0.0,0.07755914330482483,0.0001,1e-05,50.331,2.9184,0.6354
7484,stage2,5,0.08498843014240265,0.2367752194404602,0.0,0.08498843014240265,0.0001,1e-05,50.33,2.5501,0.6355
7485,stage2,5,0.07928881794214249,0.2612243592739105,0.0,0.07928881794214249,0.0001,1e-05,50.327,3.3047,1.1384
7486,stage2,5,0.07698118686676025,0.28550446033477783,0.0,0.07698118686676025,0.0001,1e-05,50.325,2.285,0.8746
7487,stage2,5,0.0666428804397583,0.3051307201385498,0.0,0.0666428804397583,0.0001,1e-05,50.327,2.1252,3.1435
7488,stage2,5,0.07056275010108948,0.26569825410842896,0.0,0.07056275010108948,0.0001,1e-05,50.333,2.4768,0.6337
7489,stage2,5,0.057522423565387726,0.2694966495037079,0.0,0.057522423565387726,0.0001,1e-05,50.329,2.3396,0.6343
7490,stage2,5,0.07387100905179977,0.28193899989128113,0.0,0.07387100905179977,0.0001,1e-05,50.327,2.4831,0.6349
7491,stage2,5,0.09283548593521118,0.29494789242744446,0.0,0.09283548593521118,0.0001,1e-05,50.324,2.7303,0.6354
7492,stage2,5,0.08381747454404831,0.26481640338897705,0.0,0.08381747454404831,0.0001,1e-05,50.328,2.8644,0.6354
7493,stage2,5,0.0695580244064331,0.30783170461654663,0.0,0.0695580244064331,0.0001,1e-05,50.326,2.2441,1.0553
7494,stage2,5,0.0748058557510376,0.2624073326587677,0.0,0.0748058557510376,0.0001,1e-05,50.332,2.2849,0.9032
7495,stage2,5,0.07171446830034256,0.2731558680534363,0.0,0.07171446830034256,0.0001,1e-05,50.327,2.4493,3.2623
7496,stage2,5,0.09083067625761032,0.2715435326099396,0.0,0.09083067625761032,0.0001,1e-05,50.325,2.7402,0.6342
7497,stage2,5,0.06690584123134613,0.2624567449092865,0.0,0.06690584123134613,0.0001,1e-05,50.328,1.9919,0.635
7498,stage2,5,0.08091756701469421,0.25731638073921204,0.0,0.08091756701469421,0.0001,1e-05,50.327,2.7896,0.6353
7499,stage2,5,0.07162231206893921,0.2673424780368805,0.0,0.07162231206893921,0.0001,1e-05,50.33,2.6418,0.6358
7500,stage2,5,0.07212191820144653,0.2667439877986908,0.0,0.07212191820144653,0.0001,1e-05,50.331,2.5281,0.6356
7501,stage2,5,0.07701309025287628,0.2719734311103821,0.0,0.07701309025287628,0.0001,1e-05,50.325,2.4391,0.8974
7502,stage2,5,0.06773774325847626,0.26944851875305176,0.0,0.06773774325847626,0.0001,1e-05,50.327,2.3056,0.993
7503,stage2,5,0.06985405087471008,0.2514335811138153,0.0,0.06985405087471008,0.0001,1e-05,50.328,2.2713,3.2933
7504,stage2,5,0.07650186866521835,0.2476603090763092,0.0,0.07650186866521835,0.0001,1e-05,50.327,2.1481,0.6341
7505,stage2,5,0.07817231118679047,0.294172078371048,0.0,0.07817231118679047,0.0001,1e-05,50.329,2.3424,0.6346
7506,stage2,5,0.07780484110116959,0.2559420168399811,0.0,0.07780484110116959,0.0001,1e-05,50.334,2.0825,0.6346
7507,stage2,5,0.07660798728466034,0.2881963849067688,0.0,0.07660798728466034,0.0001,1e-05,50.328,2.1657,0.6353
7508,stage2,5,0.0665556862950325,0.31638985872268677,0.0,0.0665556862950325,0.0001,1e-05,50.332,2.2817,0.6352
7509,stage2,5,0.061524324119091034,0.2876700162887573,0.0,0.061524324119091034,0.0001,1e-05,50.336,2.2428,0.8423
7510,stage2,5,0.08979205787181854,0.2674435079097748,0.0,0.08979205787181854,0.0001,1e-05,50.333,3.3209,1.0221
7511,stage2,5,0.07708898931741714,0.2807277739048004,0.0,0.07708898931741714,0.0001,1e-05,50.329,2.0372,3.3073
7512,stage2,5,0.07953299582004547,0.2812643349170685,0.0,0.07953299582004547,0.0001,1e-05,50.325,2.2375,0.6338
7513,stage2,5,0.057404134422540665,0.2971007525920868,0.0,0.057404134422540665,0.0001,1e-05,50.329,2.1143,0.6345
7514,stage2,5,0.06269868463277817,0.28080886602401733,0.0,0.06269868463277817,0.0001,1e-05,50.327,2.008,0.6351
7515,stage2,5,0.08415640890598297,0.2923462986946106,0.0,0.08415640890598297,0.0001,1e-05,50.329,3.1355,0.6355
7516,stage2,5,0.08050259947776794,0.27382993698120117,0.0,0.08050259947776794,0.0001,1e-05,50.328,3.0247,0.6358
7517,stage2,5,0.0777861550450325,0.26363322138786316,0.0,0.0777861550450325,0.0001,1e-05,50.329,3.6553,0.8767
7518,stage2,5,0.06828568130731583,0.26950588822364807,0.0,0.06828568130731583,0.0001,1e-05,50.333,2.0558,0.9364
7519,stage2,5,0.07527516782283783,0.25667256116867065,0.0,0.07527516782283783,0.0001,1e-05,50.332,2.6409,3.3853
7520,stage2,5,0.06583568453788757,0.27478471398353577,0.0,0.06583568453788757,0.0001,1e-05,50.332,1.9478,0.6336
7521,stage2,5,0.08012816309928894,0.2943902313709259,0.0,0.08012816309928894,0.0001,1e-05,50.329,2.2951,0.6346
7522,stage2,5,0.06714317947626114,0.28478091955184937,0.0,0.06714317947626114,0.0001,1e-05,50.327,1.9405,0.6346
7523,stage2,5,0.08263252675533295,0.2781147360801697,0.0,0.08263252675533295,0.0001,1e-05,50.331,2.4952,0.6348
7524,stage2,5,0.07666110247373581,0.2716381549835205,0.0,0.07666110247373581,0.0001,1e-05,50.329,2.6514,0.6351
7525,stage2,5,0.08664650470018387,0.2678980231285095,0.0,0.08664650470018387,0.0001,1e-05,50.329,3.202,0.8194
7526,stage2,5,0.07636432349681854,0.28235334157943726,0.0,0.07636432349681854,0.0001,1e-05,50.33,2.2651,0.9794
7527,stage2,5,0.055414311587810516,0.29364362359046936,0.0,0.055414311587810516,0.0001,1e-05,50.33,1.7247,3.4154
7528,stage2,5,0.06741837412118912,0.2825792729854584,0.0,0.06741837412118912,0.0001,1e-05,50.329,2.304,0.6333
7529,stage2,5,0.07915440946817398,0.255883127450943,0.0,0.07915440946817398,0.0001,1e-05,50.329,2.4081,0.6339
7530,stage2,5,0.07282815128564835,0.2484198808670044,0.0,0.07282815128564835,0.0001,1e-05,50.333,2.295,0.6349
7531,stage2,5,0.07924388349056244,0.23619727790355682,0.0,0.07924388349056244,0.0001,1e-05,50.329,2.5967,0.6345
7532,stage2,5,0.07689648866653442,0.27266547083854675,0.0,0.07689648866653442,0.0001,1e-05,50.33,2.0662,0.635
7533,stage2,5,0.07170061022043228,0.3325316607952118,0.0,0.07170061022043228,0.0001,1e-05,50.329,2.2109,0.7908
7534,stage2,5,0.07424890249967575,0.2741391062736511,0.0,0.07424890249967575,0.0001,1e-05,50.329,2.8232,0.95
7535,stage2,5,0.06769459694623947,0.2814238965511322,0.0,0.06769459694623947,0.0001,1e-05,50.332,2.4591,3.4323
7536,stage2,5,0.06752724945545197,0.24580548703670502,0.0,0.06752724945545197,0.0001,1e-05,50.329,2.2671,0.6339
7537,stage2,5,0.060430094599723816,0.2567690908908844,0.0,0.060430094599723816,0.0001,1e-05,50.332,1.8792,0.6344
7538,stage2,5,0.0649062916636467,0.26691511273384094,0.0,0.0649062916636467,0.0001,1e-05,50.327,1.8952,0.6354
7539,stage2,5,0.08200500160455704,0.2978163957595825,0.0,0.08200500160455704,0.0001,1e-05,50.329,2.4094,0.6346
7540,stage2,5,0.07063867151737213,0.2942468225955963,0.0,0.07063867151737213,0.0001,1e-05,50.329,2.5848,0.6354
7541,stage2,5,0.07834680378437042,0.2734563946723938,0.0,0.07834680378437042,0.0001,1e-05,50.328,2.5682,0.8366
7542,stage2,5,0.06172778829932213,0.2858615815639496,0.0,0.06172778829932213,0.0001,1e-05,50.33,2.5633,0.9069
7543,stage2,5,0.06655651330947876,0.2769175171852112,0.0,0.06655651330947876,0.0001,1e-05,50.327,2.0949,3.3248
7544,stage2,5,0.07269863784313202,0.2799859642982483,0.0,0.07269863784313202,0.0001,1e-05,50.331,2.0748,0.6336
7545,stage2,5,0.08944953233003616,0.26501867175102234,0.0,0.08944953233003616,0.0001,1e-05,50.327,2.8109,0.6344
7546,stage2,5,0.07439953088760376,0.28661638498306274,0.0,0.07439953088760376,0.0001,1e-05,50.328,2.4525,0.6345
7547,stage2,5,0.07954108715057373,0.2793682813644409,0.0,0.07954108715057373,0.0001,1e-05,50.332,2.6014,0.6349
7548,stage2,5,0.07594732195138931,0.27824124693870544,0.0,0.07594732195138931,0.0001,1e-05,50.328,2.5141,0.6354
7549,stage2,5,0.0649879202246666,0.24527683854103088,0.0,0.0649879202246666,0.0001,1e-05,50.331,1.7876,0.9087
7550,stage2,5,0.06793554127216339,0.25725555419921875,0.0,0.06793554127216339,0.0001,1e-05,50.328,2.3433,0.8145
7551,stage2,5,0.07371453940868378,0.257727712392807,0.0,0.07371453940868378,0.0001,1e-05,50.33,2.362,3.4651
7552,stage2,5,0.08053313940763474,0.25338348746299744,0.0,0.08053313940763474,0.0001,1e-05,50.329,2.3735,0.6336
7553,stage2,5,0.06606113165616989,0.29041486978530884,0.0,0.06606113165616989,0.0001,1e-05,50.328,2.33,0.6337
7554,stage2,5,0.06983469426631927,0.27258551120758057,0.0,0.06983469426631927,0.0001,1e-05,50.33,1.9411,0.6344
7555,stage2,5,0.06968963146209717,0.27073055505752563,0.0,0.06968963146209717,0.0001,1e-05,50.328,2.1651,0.6346
7556,stage2,5,0.0760381668806076,0.2739707827568054,0.0,0.0760381668806076,0.0001,1e-05,50.33,2.3099,0.6352
7557,stage2,5,0.07417314499616623,0.27111583948135376,0.0,0.07417314499616623,0.0001,1e-05,50.33,2.4363,0.9339
7558,stage2,5,0.07336701452732086,0.2730717658996582,0.0,0.07336701452732086,0.0001,1e-05,50.333,2.3948,0.7401
7559,stage2,5,0.06587686389684677,0.26147449016571045,0.0,0.06587686389684677,0.0001,1e-05,50.325,2.1144,3.4814
7560,stage2,5,0.07115993648767471,0.24804094433784485,0.0,0.07115993648767471,0.0001,1e-05,50.329,2.2312,0.6329
7561,stage2,5,0.07614917308092117,0.23100554943084717,0.0,0.07614917308092117,0.0001,1e-05,50.331,2.7,0.6336
7562,stage2,5,0.0653967410326004,0.2908404767513275,0.0,0.0653967410326004,0.0001,1e-05,50.33,2.3055,0.6337
7563,stage2,5,0.08605533838272095,0.2567006051540375,0.0,0.08605533838272095,0.0001,1e-05,50.331,2.3943,0.6347
7564,stage2,5,0.08475960791110992,0.2787575423717499,0.0,0.08475960791110992,0.0001,1e-05,50.334,2.8288,0.6345
7565,stage2,5,0.07777339220046997,0.29656898975372314,0.0,0.07777339220046997,0.0001,1e-05,50.328,2.409,0.9787
7566,stage2,5,0.07766032218933105,0.27380555868148804,0.0,0.07766032218933105,0.0001,1e-05,50.33,2.1384,0.6826
7567,stage2,5,0.07287608087062836,0.2789238393306732,0.0,0.07287608087062836,0.0001,1e-05,50.327,2.2901,3.4519
7568,stage2,5,0.06756211072206497,0.2601029872894287,0.0,0.06756211072206497,0.0001,1e-05,50.328,1.953,0.6327
7569,stage2,5,0.07279147207736969,0.2692224085330963,0.0,0.07279147207736969,0.0001,1e-05,50.326,2.5322,0.6338
7570,stage2,5,0.08571624755859375,0.2876191735267639,0.0,0.08571624755859375,0.0001,1e-05,50.326,2.7245,0.6342
7571,stage2,5,0.07980650663375854,0.2941587567329407,0.0,0.07980650663375854,0.0001,1e-05,50.33,2.5742,0.6341
7572,stage2,5,0.07372277975082397,0.2767789363861084,0.0,0.07372277975082397,0.0001,1e-05,50.326,2.3754,0.6344
7573,stage2,5,0.07962716370820999,0.2780851125717163,0.0,0.07962716370820999,0.0001,1e-05,50.328,2.3883,1.0418
7574,stage2,5,0.07772275060415268,0.2786419987678528,0.0,0.07772275060415268,0.0001,1e-05,50.329,2.5307,0.6952
7575,stage2,5,0.06933991611003876,0.27164363861083984,0.0,0.06933991611003876,0.0001,1e-05,50.33,2.3975,3.3716
7576,stage2,5,0.06418400257825851,0.24407348036766052,0.0,0.06418400257825851,0.0001,1e-05,50.329,2.041,0.6331
7577,stage2,5,0.06887909024953842,0.28270477056503296,0.0,0.06887909024953842,0.0001,1e-05,50.332,1.9022,0.6327
7578,stage2,5,0.08271833509206772,0.26499366760253906,0.0,0.08271833509206772,0.0001,1e-05,50.329,2.4076,0.6337
7579,stage2,5,0.0649675652384758,0.2471555918455124,0.0,0.0649675652384758,0.0001,1e-05,50.326,1.7177,0.6349
7580,stage2,5,0.06553053110837936,0.282307505607605,0.0,0.06553053110837936,0.0001,1e-05,50.329,1.8216,0.6348
7581,stage2,5,0.07353232800960541,0.2827695310115814,0.0,0.07353232800960541,0.0001,1e-05,50.33,2.4174,1.0505
7582,stage2,5,0.05904098600149155,0.2784034013748169,0.0,0.05904098600149155,0.0001,1e-05,50.328,1.6571,0.746
7583,stage2,5,0.06861487776041031,0.29701197147369385,0.0,0.06861487776041031,0.0001,1e-05,50.326,2.1545,3.3441
7584,stage2,5,0.08104296028614044,0.22364941239356995,0.0,0.08104296028614044,0.0001,1e-05,50.329,2.4028,0.6342
7585,stage2,5,0.06493315100669861,0.2706184983253479,0.0,0.06493315100669861,0.0001,1e-05,50.328,1.8405,0.6345
7586,stage2,5,0.07887201756238937,0.2730417549610138,0.0,0.07887201756238937,0.0001,1e-05,50.326,3.1476,0.6352
7587,stage2,5,0.07330331206321716,0.2673957645893097,0.0,0.07330331206321716,0.0001,1e-05,50.329,2.3114,0.6347
7588,stage2,5,0.07499684393405914,0.26920270919799805,0.0,0.07499684393405914,0.0001,1e-05,50.329,2.2562,0.6354
7589,stage2,5,0.06329578161239624,0.28395915031433105,0.0,0.06329578161239624,0.0001,1e-05,50.331,2.0899,1.0862
7590,stage2,5,0.07062716782093048,0.2839491367340088,0.0,0.07062716782093048,0.0001,1e-05,50.328,2.0577,0.7586
7591,stage2,5,0.0645495057106018,0.259598970413208,0.0,0.0645495057106018,0.0001,1e-05,50.33,2.1062,3.3874
7592,stage2,5,0.07053292542695999,0.28068840503692627,0.0,0.07053292542695999,0.0001,1e-05,50.33,2.3245,0.6332
7593,stage2,5,0.06047803908586502,0.2833710014820099,0.0,0.06047803908586502,0.0001,1e-05,50.332,1.9835,0.635
7594,stage2,5,0.05994422361254692,0.27951550483703613,0.0,0.05994422361254692,0.0001,1e-05,50.331,1.6759,0.635
7595,stage2,5,0.06944389641284943,0.2458425760269165,0.0,0.06944389641284943,0.0001,1e-05,50.33,1.8484,0.6356
7596,stage2,5,0.07716834545135498,0.28306418657302856,0.0,0.07716834545135498,0.0001,1e-05,50.333,2.403,0.6353
7597,stage2,5,0.07678760588169098,0.267410010099411,0.0,0.07678760588169098,0.0001,1e-05,50.327,2.4799,1.2124
7598,stage2,5,0.08220464736223221,0.2619866132736206,0.0,0.08220464736223221,0.0001,1e-05,50.33,2.4528,0.8065
7599,stage2,5,0.06697532534599304,0.2642258405685425,0.0,0.06697532534599304,0.0001,1e-05,50.33,2.1207,3.5061
7600,stage2,5,0.08145618438720703,0.2788498103618622,0.0,0.08145618438720703,0.0001,1e-05,50.329,2.8548,0.6332
7601,stage2,5,0.07424714416265488,0.30420222878456116,0.0,0.07424714416265488,0.0001,1e-05,50.328,2.0909,0.6335
7602,stage2,5,0.07246449589729309,0.24944190680980682,0.0,0.07246449589729309,0.0001,1e-05,50.328,2.0999,0.6342
7603,stage2,5,0.06787904351949692,0.25320401787757874,0.0,0.06787904351949692,0.0001,1e-05,50.327,1.9537,0.6345
7604,stage2,5,0.06799396127462387,0.2773617208003998,0.0,0.06799396127462387,0.0001,1e-05,50.326,2.2151,0.6349
7605,stage2,5,0.06864568591117859,0.28625041246414185,0.0,0.06864568591117859,0.0001,1e-05,50.325,2.2722,0.8205
7606,stage2,5,0.07035009562969208,0.2677680552005768,0.0,0.07035009562969208,0.0001,1e-05,50.327,1.9363,0.804
7607,stage2,5,0.0776323601603508,0.28719788789749146,0.0,0.0776323601603508,0.0001,1e-05,50.328,2.3792,3.6473
7608,stage2,5,0.07529503107070923,0.26251593232154846,0.0,0.07529503107070923,0.0001,1e-05,50.325,2.3451,0.6338
7609,stage2,5,0.06777147203683853,0.24468348920345306,0.0,0.06777147203683853,0.0001,1e-05,50.326,2.1515,0.6342
7610,stage2,5,0.07167232036590576,0.27633893489837646,0.0,0.07167232036590576,0.0001,1e-05,50.329,2.5027,0.6341
7611,stage2,5,0.06554452329874039,0.2997327744960785,0.0,0.06554452329874039,0.0001,1e-05,50.333,2.0998,0.6353
7612,stage2,5,0.09552931040525436,0.29149723052978516,0.0,0.09552931040525436,0.0001,1e-05,50.333,3.1568,0.6356
7613,stage2,5,0.07148662209510803,0.2911204397678375,0.0,0.07148662209510803,0.0001,1e-05,50.331,2.309,0.6989
7614,stage2,5,0.07031343877315521,0.25665387511253357,0.0,0.07031343877315521,0.0001,1e-05,50.331,2.2799,0.773
7615,stage2,5,0.08015882223844528,0.27188289165496826,0.0,0.08015882223844528,0.0001,1e-05,50.329,2.4819,3.8257
7616,stage2,5,0.07527551054954529,0.26892372965812683,0.0,0.07527551054954529,0.0001,1e-05,50.327,2.1658,0.6336
7617,stage2,5,0.07761283218860626,0.26661810278892517,0.0,0.07761283218860626,0.0001,1e-05,50.329,2.848,0.6336
7618,stage2,5,0.07691686600446701,0.26287516951560974,0.0,0.07691686600446701,0.0001,1e-05,50.329,2.3639,0.6343
7619,stage2,5,0.0770445391535759,0.2631641626358032,0.0,0.0770445391535759,0.0001,1e-05,50.33,2.3501,0.6347
7620,stage2,5,0.07532705366611481,0.2581799626350403,0.0,0.07532705366611481,0.0001,1e-05,50.328,2.1191,0.6348
7621,stage2,5,0.06869436800479889,0.26534128189086914,0.0,0.06869436800479889,0.0001,1e-05,50.326,2.0122,0.638
7622,stage2,5,0.06461797654628754,0.25360554456710815,0.0,0.06461797654628754,0.0001,1e-05,50.331,1.9125,0.6771
7623,stage2,5,0.08364026248455048,0.2509605288505554,0.0,0.08364026248455048,0.0001,1e-05,50.33,2.3958,3.916
7624,stage2,5,0.07776384800672531,0.2744087874889374,0.0,0.07776384800672531,0.0001,1e-05,50.33,3.3486,0.6332
7625,stage2,5,0.06941629946231842,0.2609166204929352,0.0,0.06941629946231842,0.0001,1e-05,50.329,2.5407,0.6343
7626,stage2,5,0.06392060965299606,0.27602288126945496,0.0,0.06392060965299606,0.0001,1e-05,50.329,1.6661,0.6343
7627,stage2,5,0.06944786012172699,0.2783287465572357,0.0,0.06944786012172699,0.0001,1e-05,50.329,2.0434,0.6347
7628,stage2,5,0.06719354540109634,0.23943881690502167,0.0,0.06719354540109634,0.0001,1e-05,50.329,2.1317,0.635
7629,stage2,5,0.06988868117332458,0.2754814326763153,0.0,0.06988868117332458,0.0001,1e-05,50.327,2.5924,0.6354
7630,stage2,5,0.07309431582689285,0.2600816488265991,0.0,0.07309431582689285,0.0001,1e-05,50.326,2.6561,0.6353
7631,stage2,5,0.07829742878675461,0.253956139087677,0.0,0.07829742878675461,0.0001,1e-05,50.327,2.508,3.9807
7632,stage2,5,0.06956979632377625,0.27498891949653625,0.0,0.06956979632377625,0.0001,1e-05,50.332,2.2511,0.6337
7633,stage2,5,0.06645801663398743,0.2756902575492859,0.0,0.06645801663398743,0.0001,1e-05,50.33,2.1738,0.6336
7634,stage2,5,0.07483672350645065,0.2872238755226135,0.0,0.07483672350645065,0.0001,1e-05,50.33,2.4745,0.6342
7635,stage2,5,0.06336722522974014,0.31408706307411194,0.0,0.06336722522974014,0.0001,1e-05,50.326,2.2113,0.6343
7636,stage2,5,0.06454206258058548,0.2667141258716583,0.0,0.06454206258058548,0.0001,1e-05,50.332,2.3156,0.6347
7637,stage2,5,0.07510880380868912,0.28555595874786377,0.0,0.07510880380868912,0.0001,1e-05,50.328,2.2162,0.6348
7638,stage2,5,0.06572212278842926,0.2588058114051819,0.0,0.06572212278842926,0.0001,1e-05,50.327,2.1943,0.6358
7639,stage2,5,0.07596277445554733,0.2557847201824188,0.0,0.07596277445554733,0.0001,1e-05,50.325,2.2516,3.9227
7640,stage2,5,0.08160001784563065,0.2343105673789978,0.0,0.08160001784563065,0.0001,1e-05,50.33,2.7603,0.6328
7641,stage2,5,0.07366018742322922,0.26777735352516174,0.0,0.07366018742322922,0.0001,1e-05,50.328,2.616,0.6328
7642,stage2,5,0.08119848370552063,0.25829240679740906,0.0,0.08119848370552063,0.0001,1e-05,50.325,2.5125,0.6337
7643,stage2,5,0.06566952913999557,0.2571521997451782,0.0,0.06566952913999557,0.0001,1e-05,50.331,1.8625,0.6344
7644,stage2,5,0.08005455881357193,0.3086366653442383,0.0,0.08005455881357193,0.0001,1e-05,50.327,3.0117,0.6346
7645,stage2,5,0.07234009355306625,0.27584925293922424,0.0,0.07234009355306625,0.0001,1e-05,50.328,2.7328,0.6352
7646,stage2,5,0.08362281322479248,0.2535158395767212,0.0,0.08362281322479248,0.0001,1e-05,50.328,3.0454,0.6353
7647,stage2,5,0.08254138380289078,0.2968876361846924,0.0,0.08254138380289078,0.0001,1e-05,50.327,3.3434,4.0085
7648,stage2,5,0.06913039088249207,0.2928348481655121,0.0,0.06913039088249207,0.0001,1e-05,50.326,2.3035,0.6332
7649,stage2,5,0.07992519438266754,0.3007427155971527,0.0,0.07992519438266754,0.0001,1e-05,50.328,2.2829,0.633
7650,stage2,5,0.0807267501950264,0.27092912793159485,0.0,0.0807267501950264,0.0001,1e-05,50.327,2.6106,1.6149
7651,stage2,5,0.08208173513412476,0.27341943979263306,0.0,0.08208173513412476,0.0001,1e-05,50.327,2.8827,0.633
7652,stage2,5,0.07171086221933365,0.27195143699645996,0.0,0.07171086221933365,0.0001,1e-05,50.331,2.426,0.6336
7653,stage2,5,0.08154173195362091,0.2734241187572479,0.0,0.08154173195362091,0.0001,1e-05,50.325,2.2756,0.6344
7654,stage2,5,0.07125218212604523,0.2738538384437561,0.0,0.07125218212604523,0.0001,1e-05,50.327,2.2174,0.634
7655,stage2,5,0.0686049610376358,0.26307836174964905,0.0,0.0686049610376358,0.0001,1e-05,50.331,2.4493,3.0309
7656,stage2,5,0.07677160948514938,0.27144235372543335,0.0,0.07677160948514938,0.0001,1e-05,50.326,2.8878,0.6319
7657,stage2,5,0.07878285646438599,0.25051960349082947,0.0,0.07878285646438599,0.0001,1e-05,50.328,2.7332,0.6327
7658,stage2,5,0.07304393500089645,0.27510398626327515,0.0,0.07304393500089645,0.0001,1e-05,50.329,2.3807,0.6345
7659,stage2,5,0.06652416288852692,0.24778933823108673,0.0,0.06652416288852692,0.0001,1e-05,50.328,2.0962,0.6339
7660,stage2,5,0.0873350203037262,0.2687027156352997,0.0,0.0873350203037262,0.0001,1e-05,50.327,2.6978,0.6344
7661,stage2,5,0.07333526015281677,0.27167394757270813,0.0,0.07333526015281677,0.0001,1e-05,50.328,2.3252,0.6344
7662,stage2,5,0.06456601619720459,0.25513336062431335,0.0,0.06456601619720459,0.0001,1e-05,50.331,1.8944,0.6346
7663,stage2,5,0.07455551624298096,0.2586822211742401,0.0,0.07455551624298096,0.0001,1e-05,50.326,2.535,3.8816
7664,stage2,5,0.07539687305688858,0.2524028718471527,0.0,0.07539687305688858,0.0001,1e-05,50.324,2.5055,0.6333
7665,stage2,5,0.07594306766986847,0.27108219265937805,0.0,0.07594306766986847,0.0001,1e-05,50.327,2.373,0.6339
7666,stage2,5,0.06374512612819672,0.24389973282814026,0.0,0.06374512612819672,0.0001,1e-05,50.326,1.6415,0.6347
7667,stage2,5,0.07619711756706238,0.31474679708480835,0.0,0.07619711756706238,0.0001,1e-05,50.331,2.6516,0.6353
7668,stage2,5,0.0772719606757164,0.2674076557159424,0.0,0.0772719606757164,0.0001,1e-05,50.333,2.7384,0.636
7669,stage2,5,0.0799134150147438,0.2555593252182007,0.0,0.0799134150147438,0.0001,1e-05,50.327,2.7625,0.6348
7670,stage2,5,0.07638590782880783,0.28181037306785583,0.0,0.07638590782880783,0.0001,1e-05,50.332,2.1315,0.6356
7671,stage2,5,0.07395308464765549,0.27901023626327515,0.0,0.07395308464765549,0.0001,1e-05,50.327,2.5664,3.8882
7672,stage2,5,0.07531678676605225,0.28782954812049866,0.0,0.07531678676605225,0.0001,1e-05,50.329,2.3199,0.6338
7673,stage2,5,0.07830505073070526,0.2598567605018616,0.0,0.07830505073070526,0.0001,1e-05,50.329,2.2542,0.6339
7674,stage2,5,0.079329714179039,0.2738759517669678,0.0,0.079329714179039,0.0001,1e-05,50.327,2.8441,0.6341
7675,stage2,5,0.07796838879585266,0.25261983275413513,0.0,0.07796838879585266,0.0001,1e-05,50.325,2.2725,0.635
7676,stage2,5,0.08365913480520248,0.2833017408847809,0.0,0.08365913480520248,0.0001,1e-05,50.327,2.6944,0.6352
7677,stage2,5,0.07750668376684189,0.256475567817688,0.0,0.07750668376684189,0.0001,1e-05,50.328,2.4982,0.6354
7678,stage2,5,0.07760803401470184,0.2727157175540924,0.0,0.07760803401470184,0.0001,1e-05,50.327,2.7478,0.6351
7679,stage2,5,0.07588324695825577,0.2722836136817932,0.0,0.07588324695825577,0.0001,1e-05,50.331,2.2093,3.7992
7680,stage2,5,0.09738295525312424,0.2773266136646271,0.0,0.09738295525312424,0.0001,1e-05,50.325,2.8535,0.6332
7681,stage2,5,0.07963168621063232,0.2853616178035736,0.0,0.07963168621063232,0.0001,1e-05,50.328,2.1085,0.6335
7682,stage2,5,0.06707842648029327,0.2786559462547302,0.0,0.06707842648029327,0.0001,1e-05,50.33,2.3235,0.6343
7683,stage2,5,0.07062434405088425,0.2676403820514679,0.0,0.07062434405088425,0.0001,1e-05,50.324,2.7521,0.6346
7684,stage2,5,0.07858437299728394,0.2693307101726532,0.0,0.07858437299728394,0.0001,1e-05,50.333,2.3837,0.6349
7685,stage2,5,0.0650707259774208,0.25815218687057495,0.0,0.0650707259774208,0.0001,1e-05,50.33,2.4006,0.6351
7686,stage2,5,0.07015043497085571,0.2505154609680176,0.0,0.07015043497085571,0.0001,1e-05,50.328,2.0254,0.6348
7687,stage2,5,0.07322085648775101,0.29954642057418823,0.0,0.07322085648775101,0.0001,1e-05,50.329,2.5426,3.914
7688,stage2,5,0.06644102185964584,0.25536230206489563,0.0,0.06644102185964584,0.0001,1e-05,50.332,2.3288,0.6331
7689,stage2,5,0.07777110487222672,0.26864513754844666,0.0,0.07777110487222672,0.0001,1e-05,50.331,2.178,0.6337
7690,stage2,5,0.0795544683933258,0.2716147005558014,0.0,0.0795544683933258,0.0001,1e-05,50.33,2.3503,0.634
7691,stage2,5,0.06431454420089722,0.24839559197425842,0.0,0.06431454420089722,0.0001,1e-05,50.329,2.3189,0.6345
7692,stage2,5,0.08032788336277008,0.2698396146297455,0.0,0.08032788336277008,0.0001,1e-05,50.329,2.5124,0.6345
7693,stage2,5,0.06834489107131958,0.2668614089488983,0.0,0.06834489107131958,0.0001,1e-05,50.328,2.2507,0.6351
7694,stage2,5,0.07705630362033844,0.27461913228034973,0.0,0.07705630362033844,0.0001,1e-05,50.33,2.6574,0.6355
7695,stage2,5,0.08106803148984909,0.23874978721141815,0.0,0.08106803148984909,0.0001,1e-05,50.33,2.9559,3.9404
7696,stage2,5,0.0678766742348671,0.2688651978969574,0.0,0.0678766742348671,0.0001,1e-05,50.329,2.0883,0.633
7697,stage2,5,0.0722266137599945,0.27486559748649597,0.0,0.0722266137599945,0.0001,1e-05,50.329,3.1378,0.6338
7698,stage2,5,0.06949003785848618,0.2559378445148468,0.0,0.06949003785848618,0.0001,1e-05,50.325,2.1131,0.6338
7699,stage2,5,0.07829159498214722,0.28212970495224,0.0,0.07829159498214722,0.0001,1e-05,50.327,2.3331,0.6342
7700,stage2,5,0.0745413526892662,0.2777385115623474,0.0,0.0745413526892662,0.0001,1e-05,50.33,2.6692,0.6346
7701,stage2,5,0.07585576921701431,0.28303465247154236,0.0,0.07585576921701431,0.0001,1e-05,50.327,3.2597,0.6349
7702,stage2,5,0.07219373434782028,0.2638460695743561,0.0,0.07219373434782028,0.0001,1e-05,50.333,2.14,0.635
7703,stage2,5,0.07744520157575607,0.2704450190067291,0.0,0.07744520157575607,0.0001,1e-05,50.33,2.4476,3.9388
7704,stage2,5,0.07308394461870193,0.2661772072315216,0.0,0.07308394461870193,0.0001,1e-05,50.326,2.6989,0.6333
7705,stage2,5,0.07778564095497131,0.30080947279930115,0.0,0.07778564095497131,0.0001,1e-05,50.33,2.4048,0.633
7706,stage2,5,0.07227708399295807,0.3040543496608734,0.0,0.07227708399295807,0.0001,1e-05,50.329,2.3505,0.634
7707,stage2,5,0.06640444695949554,0.29905667901039124,0.0,0.06640444695949554,0.0001,1e-05,50.329,2.6714,0.6358
7708,stage2,5,0.0753103643655777,0.27426981925964355,0.0,0.0753103643655777,0.0001,1e-05,50.328,2.2954,0.6335
7709,stage2,5,0.07337386906147003,0.2428921014070511,0.0,0.07337386906147003,0.0001,1e-05,50.325,2.3493,0.6339
7710,stage2,5,0.07440696656703949,0.2895873188972473,0.0,0.07440696656703949,0.0001,1e-05,50.327,2.0715,0.6393
7711,stage2,5,0.08033570647239685,0.2622167468070984,0.0,0.08033570647239685,0.0001,1e-05,50.33,2.4249,3.9099
7712,stage2,5,0.07884259521961212,0.253440797328949,0.0,0.07884259521961212,0.0001,1e-05,50.33,2.2487,0.6322
7713,stage2,5,0.07312242686748505,0.3101033866405487,0.0,0.07312242686748505,0.0001,1e-05,50.328,2.0538,0.6327
7714,stage2,5,0.06826566159725189,0.2924105226993561,0.0,0.06826566159725189,0.0001,1e-05,50.327,2.3025,0.634
7715,stage2,5,0.08101627230644226,0.24570754170417786,0.0,0.08101627230644226,0.0001,1e-05,50.327,2.6898,0.6343
7716,stage2,5,0.06646612286567688,0.3072755038738251,0.0,0.06646612286567688,0.0001,1e-05,50.33,1.8848,0.6349
7717,stage2,5,0.06801354885101318,0.27295613288879395,0.0,0.06801354885101318,0.0001,1e-05,50.327,1.7254,0.6351
7718,stage2,5,0.06864058971405029,0.2608475089073181,0.0,0.06864058971405029,0.0001,1e-05,50.331,2.0577,0.6351
7719,stage2,5,0.06818732619285583,0.282732218503952,0.0,0.06818732619285583,0.0001,1e-05,50.328,1.986,3.9052
7720,stage2,5,0.07037752866744995,0.29401275515556335,0.0,0.07037752866744995,0.0001,1e-05,50.326,2.7165,0.6337
7721,stage2,5,0.07174858450889587,0.2520739436149597,0.0,0.07174858450889587,0.0001,1e-05,50.327,2.2241,0.6332
7722,stage2,5,0.07774793356657028,0.27505743503570557,0.0,0.07774793356657028,0.0001,1e-05,50.329,2.4961,0.6385
7723,stage2,5,0.06720273196697235,0.23934735357761383,0.0,0.06720273196697235,0.0001,1e-05,50.331,2.0412,0.6293
7724,stage2,5,0.0645073875784874,0.2711372971534729,0.0,0.0645073875784874,0.0001,1e-05,50.33,1.9747,0.6346
7725,stage2,5,0.06794369220733643,0.2550443410873413,0.0,0.06794369220733643,0.0001,1e-05,50.334,2.0478,0.6347
7726,stage2,5,0.07862301170825958,0.24965785443782806,0.0,0.07862301170825958,0.0001,1e-05,50.33,2.5121,0.6352
7727,stage2,5,0.07597077637910843,0.27507638931274414,0.0,0.07597077637910843,0.0001,1e-05,50.329,2.1985,3.882
7728,stage2,5,0.07095992565155029,0.258531779050827,0.0,0.07095992565155029,0.0001,1e-05,50.33,1.9018,0.6321
7729,stage2,5,0.07521698623895645,0.2716098129749298,0.0,0.07521698623895645,0.0001,1e-05,50.33,2.2093,0.633
7730,stage2,5,0.07497358322143555,0.25210246443748474,0.0,0.07497358322143555,0.0001,1e-05,50.329,2.4139,0.6344
7731,stage2,5,0.06664802879095078,0.2728879451751709,0.0,0.06664802879095078,0.0001,1e-05,50.329,2.0879,0.6383
7732,stage2,5,0.07149987667798996,0.2765504717826843,0.0,0.07149987667798996,0.0001,1e-05,50.328,2.517,0.6345
7733,stage2,5,0.07939361780881882,0.275086909532547,0.0,0.07939361780881882,0.0001,1e-05,50.327,2.4498,0.6348
7734,stage2,5,0.07316002249717712,0.28993675112724304,0.0,0.07316002249717712,0.0001,1e-05,50.328,2.2038,0.6349
7735,stage2,5,0.06295651942491531,0.25311708450317383,0.0,0.06295651942491531,0.0001,1e-05,50.331,1.8356,3.846
7736,stage2,5,0.06756040453910828,0.2880302369594574,0.0,0.06756040453910828,0.0001,1e-05,50.331,2.4178,0.6327
7737,stage2,5,0.07791441679000854,0.26076260209083557,0.0,0.07791441679000854,0.0001,1e-05,50.331,2.4225,0.6329
7738,stage2,5,0.07004039734601974,0.23085817694664001,0.0,0.07004039734601974,0.0001,1e-05,50.332,2.1696,0.6335
7739,stage2,5,0.07171390950679779,0.26431769132614136,0.0,0.07171390950679779,0.0001,1e-05,50.331,2.2139,0.6346
7740,stage2,5,0.06865724176168442,0.24130938947200775,0.0,0.06865724176168442,0.0001,1e-05,50.329,2.2193,0.6341
7741,stage2,5,0.07392816245555878,0.2589241862297058,0.0,0.07392816245555878,0.0001,1e-05,50.329,1.9795,0.635
7742,stage2,5,0.08376035839319229,0.26461029052734375,0.0,0.08376035839319229,0.0001,1e-05,50.329,2.638,0.6355
7743,stage2,5,0.06066342070698738,0.2836681604385376,0.0,0.06066342070698738,0.0001,1e-05,50.329,2.2601,3.8559
7744,stage2,5,0.07058863341808319,0.30383163690567017,0.0,0.07058863341808319,0.0001,1e-05,50.328,2.0547,0.6327
7745,stage2,5,0.06517574936151505,0.2603302299976349,0.0,0.06517574936151505,0.0001,1e-05,50.326,1.9146,0.6332
7746,stage2,5,0.07782053202390671,0.26613640785217285,0.0,0.07782053202390671,0.0001,1e-05,50.333,2.2277,0.634
7747,stage2,5,0.07090307027101517,0.25292694568634033,0.0,0.07090307027101517,0.0001,1e-05,50.329,2.2029,0.6346
7748,stage2,5,0.07562819123268127,0.28014305233955383,0.0,0.07562819123268127,0.0001,1e-05,50.327,2.4331,0.6349
7749,stage2,5,0.07344143837690353,0.2498423457145691,0.0,0.07344143837690353,0.0001,1e-05,50.324,2.2831,0.6346
7750,stage2,5,0.07657147943973541,0.25605854392051697,0.0,0.07657147943973541,0.0001,1e-05,50.327,2.3479,0.6382
7751,stage2,5,0.06852066516876221,0.29511845111846924,0.0,0.06852066516876221,0.0001,1e-05,50.324,2.3506,3.9134
7752,stage2,5,0.07316751778125763,0.242372065782547,0.0,0.07316751778125763,0.0001,1e-05,50.328,2.3718,0.6332
7753,stage2,5,0.07126802206039429,0.2308422029018402,0.0,0.07126802206039429,0.0001,1e-05,50.325,2.2964,0.6338
7754,stage2,5,0.07401737570762634,0.26004910469055176,0.0,0.07401737570762634,0.0001,1e-05,50.328,2.1821,0.6364
7755,stage2,5,0.0653320774435997,0.25130778551101685,0.0,0.0653320774435997,0.0001,1e-05,50.327,1.8811,0.6348
7756,stage2,5,0.08444026857614517,0.2457820028066635,0.0,0.08444026857614517,0.0001,1e-05,50.326,2.1515,0.6345
7757,stage2,5,0.0909385159611702,0.2597576975822449,0.0,0.0909385159611702,0.0001,1e-05,50.329,3.2723,0.635
7758,stage2,5,0.07781635224819183,0.29097992181777954,0.0,0.07781635224819183,0.0001,1e-05,50.323,2.1509,0.6351
7759,stage2,5,0.06340843439102173,0.3020220994949341,0.0,0.06340843439102173,0.0001,1e-05,50.327,1.9673,3.8708
7760,stage2,5,0.0703275129199028,0.2511857748031616,0.0,0.0703275129199028,0.0001,1e-05,50.327,2.4168,0.6329
7761,stage2,5,0.06884687393903732,0.2747502326965332,0.0,0.06884687393903732,0.0001,1e-05,50.326,2.4463,0.634
7762,stage2,5,0.07301221042871475,0.27171000838279724,0.0,0.07301221042871475,0.0001,1e-05,50.325,2.3008,0.6338
7763,stage2,5,0.08304411172866821,0.3031378984451294,0.0,0.08304411172866821,0.0001,1e-05,50.327,3.1345,0.6341
7764,stage2,5,0.07531328499317169,0.28081777691841125,0.0,0.07531328499317169,0.0001,1e-05,50.323,2.8367,0.6356
7765,stage2,5,0.07764555513858795,0.2713688910007477,0.0,0.07764555513858795,0.0001,1e-05,50.324,2.8434,0.6347
7766,stage2,5,0.07689431309700012,0.2620771825313568,0.0,0.07689431309700012,0.0001,1e-05,50.327,2.6967,0.6351
7767,stage2,5,0.06544921547174454,0.2621529698371887,0.0,0.06544921547174454,0.0001,1e-05,50.328,2.1309,3.8673
7768,stage2,5,0.06581787019968033,0.2511060833930969,0.0,0.06581787019968033,0.0001,1e-05,50.325,2.1489,0.6329
7769,stage2,5,0.07427758723497391,0.2696683704853058,0.0,0.07427758723497391,0.0001,1e-05,50.327,3.3171,0.6378
7770,stage2,5,0.07145317643880844,0.24087171256542206,0.0,0.07145317643880844,0.0001,1e-05,50.325,2.4438,0.6305
7771,stage2,5,0.07603399455547333,0.2954264283180237,0.0,0.07603399455547333,0.0001,1e-05,50.325,2.6579,0.6347
7772,stage2,5,0.06155591085553169,0.271024227142334,0.0,0.06155591085553169,0.0001,1e-05,50.326,2.1139,0.6386
7773,stage2,5,0.07837791740894318,0.2780814468860626,0.0,0.07837791740894318,0.0001,1e-05,50.327,2.5557,0.6351
7774,stage2,5,0.07161720842123032,0.2755497992038727,0.0,0.07161720842123032,0.0001,1e-05,50.33,2.2508,0.6353
7775,stage2,5,0.06284881383180618,0.2836216390132904,0.0,0.06284881383180618,0.0001,1e-05,50.328,2.2229,3.9347
7776,stage2,5,0.07685390114784241,0.31265443563461304,0.0,0.07685390114784241,0.0001,1e-05,50.325,2.4835,0.6335
7777,stage2,5,0.06287391483783722,0.2382952868938446,0.0,0.06287391483783722,0.0001,1e-05,50.327,1.8768,0.633
7778,stage2,5,0.08074238896369934,0.2609747648239136,0.0,0.08074238896369934,0.0001,1e-05,50.326,2.7646,0.6338
7779,stage2,5,0.0704614669084549,0.25339844822883606,0.0,0.0704614669084549,0.0001,1e-05,50.323,2.3848,0.6348
7780,stage2,5,0.07767553627490997,0.27505019307136536,0.0,0.07767553627490997,0.0001,1e-05,50.323,2.4751,0.6379
7781,stage2,5,0.060554325580596924,0.26413434743881226,0.0,0.060554325580596924,0.0001,1e-05,50.328,2.0808,0.635
7782,stage2,5,0.07246773689985275,0.24531325697898865,0.0,0.07246773689985275,0.0001,1e-05,50.327,1.9966,0.6356
7783,stage2,5,0.0518491193652153,0.25948962569236755,0.0,0.0518491193652153,0.0001,1e-05,50.329,2.022,3.902
7784,stage2,5,0.06778816133737564,0.29374098777770996,0.0,0.06778816133737564,0.0001,1e-05,50.326,2.0764,0.6335
7785,stage2,5,0.06798912584781647,0.2881506681442261,0.0,0.06798912584781647,0.0001,1e-05,50.329,1.9989,0.6336
7786,stage2,5,0.06715335696935654,0.2774450480937958,0.0,0.06715335696935654,0.0001,1e-05,50.327,2.5914,0.6346
7787,stage2,5,0.07030283659696579,0.27350789308547974,0.0,0.07030283659696579,0.0001,1e-05,50.33,2.475,0.635
7788,stage2,5,0.0705108642578125,0.2523439824581146,0.0,0.0705108642578125,0.0001,1e-05,50.329,2.1875,0.6397
7789,stage2,5,0.08354592323303223,0.3261350095272064,0.0,0.08354592323303223,0.0001,1e-05,50.328,2.8583,0.6352
7790,stage2,5,0.09086450189352036,0.26890116930007935,0.0,0.09086450189352036,0.0001,1e-05,50.325,2.3568,0.6356
7791,stage2,5,0.07946798205375671,0.24109221994876862,0.0,0.07946798205375671,0.0001,1e-05,50.326,1.9769,3.8948
7792,stage2,5,0.0743289515376091,0.2831222712993622,0.0,0.0743289515376091,0.0001,1e-05,50.329,1.9978,0.6331
7793,stage2,5,0.0983361080288887,0.2699875831604004,0.0,0.0983361080288887,0.0001,1e-05,50.328,2.8814,0.6342
7794,stage2,5,0.07858726382255554,0.25927236676216125,0.0,0.07858726382255554,0.0001,1e-05,50.329,2.7589,0.6349
7795,stage2,5,0.07892707735300064,0.2549290955066681,0.0,0.07892707735300064,0.0001,1e-05,50.331,2.0462,0.6348
7796,stage2,5,0.0831494852900505,0.32973814010620117,0.0,0.0831494852900505,0.0001,1e-05,50.332,2.7922,0.6365
7797,stage2,5,0.0668867975473404,0.2691420316696167,0.0,0.0668867975473404,0.0001,1e-05,50.33,2.1105,0.6361
7798,stage2,5,0.06288781762123108,0.2512460947036743,0.0,0.06288781762123108,0.0001,1e-05,50.327,2.0641,0.6357
7799,stage2,5,0.07722601294517517,0.26360729336738586,0.0,0.07722601294517517,0.0001,1e-05,50.329,2.3596,3.8749
7800,stage2,5,0.0758756473660469,0.2582283318042755,0.0,0.0758756473660469,0.0001,1e-05,50.327,2.2105,0.6333
7801,stage2,5,0.07122301310300827,0.2991298735141754,0.0,0.07122301310300827,0.0001,1e-05,50.327,2.0396,0.6333
7802,stage2,5,0.0719352588057518,0.24057000875473022,0.0,0.0719352588057518,0.0001,1e-05,50.328,2.3212,0.635
7803,stage2,5,0.06774630397558212,0.27573493123054504,0.0,0.06774630397558212,0.0001,1e-05,50.328,2.4463,0.6349
7804,stage2,5,0.0771116092801094,0.2616613805294037,0.0,0.0771116092801094,0.0001,1e-05,50.327,2.7493,0.6366
7805,stage2,5,0.07338786870241165,0.27222323417663574,0.0,0.07338786870241165,0.0001,1e-05,50.329,2.0698,0.6359
7806,stage2,5,0.07100523263216019,0.2533023953437805,0.0,0.07100523263216019,0.0001,1e-05,50.325,2.5145,0.6356
7807,stage2,5,0.0671793520450592,0.25429773330688477,0.0,0.0671793520450592,0.0001,1e-05,50.329,2.5678,3.8345
7808,stage2,5,0.06646764278411865,0.2643190026283264,0.0,0.06646764278411865,0.0001,1e-05,50.33,2.293,0.6337
7809,stage2,5,0.07323183864355087,0.24761410057544708,0.0,0.07323183864355087,0.0001,1e-05,50.327,2.3443,0.6343
7810,stage2,5,0.07496753334999084,0.2731190025806427,0.0,0.07496753334999084,0.0001,1e-05,50.326,2.7841,0.6345
7811,stage2,5,0.0873999148607254,0.2398643046617508,0.0,0.0873999148607254,0.0001,1e-05,50.33,3.2447,0.635
7812,stage2,5,0.08162735402584076,0.2786906361579895,0.0,0.08162735402584076,0.0001,1e-05,50.33,2.9621,0.6356
7813,stage2,5,0.0654839500784874,0.2947344481945038,0.0,0.0654839500784874,0.0001,1e-05,50.331,2.1087,0.6351
7814,stage2,5,0.06316104531288147,0.2769220769405365,0.0,0.06316104531288147,0.0001,1e-05,50.327,2.4185,0.6355
7815,stage2,5,0.07826216518878937,0.30202484130859375,0.0,0.07826216518878937,0.0001,1e-05,50.327,2.6393,3.9192
7816,stage2,5,0.06161552667617798,0.25510022044181824,0.0,0.06161552667617798,0.0001,1e-05,50.326,2.1896,0.6337
7817,stage2,5,0.07550186663866043,0.26959675550460815,0.0,0.07550186663866043,0.0001,1e-05,50.323,2.3906,0.6344
7818,stage2,5,0.06863792985677719,0.2810131311416626,0.0,0.06863792985677719,0.0001,1e-05,50.328,2.0372,0.6347
7819,stage2,5,0.07182884961366653,0.2792716920375824,0.0,0.07182884961366653,0.0001,1e-05,50.329,2.3277,0.6348
7820,stage2,5,0.06202875077724457,0.2474462240934372,0.0,0.06202875077724457,0.0001,1e-05,50.33,2.2456,0.6355
7821,stage2,5,0.07287493348121643,0.2584828734397888,0.0,0.07287493348121643,0.0001,1e-05,50.328,2.2997,0.6358
7822,stage2,5,0.0740407183766365,0.25573423504829407,0.0,0.0740407183766365,0.0001,1e-05,50.323,3.0517,0.6358
7823,stage2,5,0.07258160412311554,0.2847546935081482,0.0,0.07258160412311554,0.0001,1e-05,50.322,2.2506,3.9876
7824,stage2,5,0.07065363973379135,0.2818256914615631,0.0,0.07065363973379135,0.0001,1e-05,50.324,2.4487,0.6334
7825,stage2,5,0.06900828331708908,0.2594498097896576,0.0,0.06900828331708908,0.0001,1e-05,50.325,2.4477,0.6375
7826,stage2,5,0.06473226845264435,0.305635929107666,0.0,0.06473226845264435,0.0001,1e-05,50.325,2.3626,0.6311
7827,stage2,5,0.06763827055692673,0.25938424468040466,0.0,0.06763827055692673,0.0001,1e-05,50.327,1.9004,0.6349
7828,stage2,5,0.07522090524435043,0.31691691279411316,0.0,0.07522090524435043,0.0001,1e-05,50.325,2.0358,0.6351
7829,stage2,5,0.07370233535766602,0.2474987506866455,0.0,0.07370233535766602,0.0001,1e-05,50.323,2.4039,0.6358
7830,stage2,5,0.08587484061717987,0.29248151183128357,0.0,0.08587484061717987,0.0001,1e-05,50.329,2.3637,0.6359
7831,stage2,5,0.07864595204591751,0.27183032035827637,0.0,0.07864595204591751,0.0001,1e-05,50.326,2.9002,3.9287
7832,stage2,5,0.07211676985025406,0.2578817903995514,0.0,0.07211676985025406,0.0001,1e-05,50.321,2.1102,0.6331
7833,stage2,5,0.07246309518814087,0.28842779994010925,0.0,0.07246309518814087,0.0001,1e-05,50.321,2.1866,0.6342
7834,stage2,5,0.06384114176034927,0.2581081986427307,0.0,0.06384114176034927,0.0001,1e-05,50.324,2.0366,0.6343
7835,stage2,5,0.07197734713554382,0.2583075761795044,0.0,0.07197734713554382,0.0001,1e-05,50.323,2.6154,0.6348
7836,stage2,5,0.08040972054004669,0.25857457518577576,0.0,0.08040972054004669,0.0001,1e-05,50.324,2.4656,0.6372
7837,stage2,5,0.07825405150651932,0.2792457640171051,0.0,0.07825405150651932,0.0001,1e-05,50.328,2.6552,0.6355
7838,stage2,5,0.07768969982862473,0.24579374492168427,0.0,0.07768969982862473,0.0001,1e-05,50.327,2.3433,0.6353
7839,stage2,5,0.07081007957458496,0.2710346579551697,0.0,0.07081007957458496,0.0001,1e-05,50.326,2.0535,3.8971
7840,stage2,5,0.07775523513555527,0.24155586957931519,0.0,0.07775523513555527,0.0001,1e-05,50.323,2.7725,0.6337
7841,stage2,5,0.08503516763448715,0.24019287526607513,0.0,0.08503516763448715,0.0001,1e-05,50.329,2.9776,0.6338
7842,stage2,5,0.07251755148172379,0.2822732925415039,0.0,0.07251755148172379,0.0001,1e-05,50.325,2.5192,0.6341
7843,stage2,5,0.063585065305233,0.2749039828777313,0.0,0.063585065305233,0.0001,1e-05,50.327,1.9916,0.6351
7844,stage2,5,0.06917395442724228,0.30383050441741943,0.0,0.06917395442724228,0.0001,1e-05,50.325,2.0934,0.6357
7845,stage2,5,0.06995987147092819,0.26212078332901,0.0,0.06995987147092819,0.0001,1e-05,50.327,2.0153,0.6364
7846,stage2,5,0.06649917364120483,0.29106611013412476,0.0,0.06649917364120483,0.0001,1e-05,50.323,2.0501,0.6359
7847,stage2,5,0.07459234446287155,0.2703673839569092,0.0,0.07459234446287155,0.0001,1e-05,50.327,2.2543,3.8239
7848,stage2,5,0.060970865190029144,0.3056844174861908,0.0,0.060970865190029144,0.0001,1e-05,50.325,2.166,0.6339
7849,stage2,5,0.08457663655281067,0.27541056275367737,0.0,0.08457663655281067,0.0001,1e-05,50.323,2.6121,0.6337
7850,stage2,5,0.06436502933502197,0.2742038667201996,0.0,0.06436502933502197,0.0001,1e-05,50.326,2.1112,0.6346
7851,stage2,5,0.08105750381946564,0.2597009837627411,0.0,0.08105750381946564,0.0001,1e-05,50.329,2.2558,0.6356
7852,stage2,5,0.07725986838340759,0.28258419036865234,0.0,0.07725986838340759,0.0001,1e-05,50.325,2.6165,0.6353
7853,stage2,5,0.07829669117927551,0.24914850294589996,0.0,0.07829669117927551,0.0001,1e-05,50.327,2.6496,0.6358
7854,stage2,5,0.07222657650709152,0.27947667241096497,0.0,0.07222657650709152,0.0001,1e-05,50.329,2.2393,0.6361
7855,stage2,5,0.06935268640518188,0.28430408239364624,0.0,0.06935268640518188,0.0001,1e-05,50.327,1.9238,3.9117
7856,stage2,5,0.06887071579694748,0.24429425597190857,0.0,0.06887071579694748,0.0001,1e-05,50.327,2.1096,0.6343
7857,stage2,5,0.06688955426216125,0.26000744104385376,0.0,0.06688955426216125,0.0001,1e-05,50.328,1.9725,0.6345
7858,stage2,5,0.06499560922384262,0.3201143145561218,0.0,0.06499560922384262,0.0001,1e-05,50.327,2.6038,0.6348
7859,stage2,5,0.07604427635669708,0.30753788352012634,0.0,0.07604427635669708,0.0001,1e-05,50.324,3.8038,0.6354
7860,stage2,5,0.07273637503385544,0.26612263917922974,0.0,0.07273637503385544,0.0001,1e-05,50.328,2.3091,0.6361
7861,stage2,5,0.059580229222774506,0.26077648997306824,0.0,0.059580229222774506,0.0001,1e-05,50.324,1.8227,0.636
7862,stage2,5,0.07734519243240356,0.2628110349178314,0.0,0.07734519243240356,0.0001,1e-05,50.325,2.1275,0.6362
7863,stage2,5,0.07904308289289474,0.25449830293655396,0.0,0.07904308289289474,0.0001,1e-05,50.329,2.2862,3.9615
7864,stage2,5,0.07466728240251541,0.25513607263565063,0.0,0.07466728240251541,0.0001,1e-05,50.33,2.3565,0.6337
7865,stage2,5,0.0801558792591095,0.27699148654937744,0.0,0.0801558792591095,0.0001,1e-05,50.327,2.6468,0.6343
7866,stage2,5,0.07184340059757233,0.28743162751197815,0.0,0.07184340059757233,0.0001,1e-05,50.324,2.0843,0.6345
7867,stage2,5,0.06346125900745392,0.2588934004306793,0.0,0.06346125900745392,0.0001,1e-05,50.324,1.9812,0.6364
7868,stage2,5,0.07829218357801437,0.27429094910621643,0.0,0.07829218357801437,0.0001,1e-05,50.323,2.2923,0.6333
7869,stage2,5,0.06426243484020233,0.25845277309417725,0.0,0.06426243484020233,0.0001,1e-05,50.324,2.0986,0.6344
7870,stage2,5,0.06877211481332779,0.27896973490715027,0.0,0.06877211481332779,0.0001,1e-05,50.323,2.5198,0.6347
7871,stage2,5,0.06754660606384277,0.258566677570343,0.0,0.06754660606384277,0.0001,1e-05,50.324,2.0047,3.9501
7872,stage2,5,0.0703255757689476,0.2953631281852722,0.0,0.0703255757689476,0.0001,1e-05,50.325,1.8955,0.6332
7873,stage2,5,0.056401289999485016,0.28436383605003357,0.0,0.056401289999485016,0.0001,1e-05,50.327,1.8549,0.6339
7874,stage2,5,0.06754032522439957,0.25355350971221924,0.0,0.06754032522439957,0.0001,1e-05,50.324,2.3996,0.6341
7875,stage2,5,0.07801509648561478,0.27013370394706726,0.0,0.07801509648561478,0.0001,1e-05,50.326,2.4917,0.6348
7876,stage2,5,0.06758914887905121,0.2909584939479828,0.0,0.06758914887905121,0.0001,1e-05,50.33,2.2413,0.6345
7877,stage2,5,0.07337421178817749,0.3016374707221985,0.0,0.07337421178817749,0.0001,1e-05,50.327,2.7285,0.6345
7878,stage2,5,0.06865011900663376,0.286805659532547,0.0,0.06865011900663376,0.0001,1e-05,50.322,2.0074,0.6351
7879,stage2,5,0.0634431391954422,0.2819887399673462,0.0,0.0634431391954422,0.0001,1e-05,50.326,2.4201,3.9095
7880,stage2,5,0.056929685175418854,0.2752491533756256,0.0,0.056929685175418854,0.0001,1e-05,50.326,1.7366,0.6334
7881,stage2,5,0.07109848409891129,0.286512166261673,0.0,0.07109848409891129,0.0001,1e-05,50.331,2.4933,0.6343
7882,stage2,5,0.06451433151960373,0.2971669137477875,0.0,0.06451433151960373,0.0001,1e-05,50.327,2.0336,0.6349
7883,stage2,5,0.07880497723817825,0.26003316044807434,0.0,0.07880497723817825,0.0001,1e-05,50.325,2.5636,0.6354
7884,stage2,5,0.06302458047866821,0.28353357315063477,0.0,0.06302458047866821,0.0001,1e-05,50.323,1.9913,0.6354
7885,stage2,5,0.08126029372215271,0.25828421115875244,0.0,0.08126029372215271,0.0001,1e-05,50.327,2.739,0.6355
7886,stage2,5,0.0724000409245491,0.2671070396900177,0.0,0.0724000409245491,0.0001,1e-05,50.328,2.266,0.6357
7887,stage2,5,0.06994365900754929,0.28644195199012756,0.0,0.06994365900754929,0.0001,1e-05,50.328,2.1457,3.9015
7888,stage2,5,0.07840455323457718,0.23702901601791382,0.0,0.07840455323457718,0.0001,1e-05,50.326,2.154,0.6338
7889,stage2,5,0.08438317477703094,0.25360849499702454,0.0,0.08438317477703094,0.0001,1e-05,50.327,2.9667,0.635
7890,stage2,5,0.06263859570026398,0.2994699776172638,0.0,0.06263859570026398,0.0001,1e-05,50.322,2.0632,0.635
7891,stage2,5,0.07633013278245926,0.2647830545902252,0.0,0.07633013278245926,0.0001,1e-05,50.326,2.4111,0.6348
7892,stage2,5,0.07712724804878235,0.27773818373680115,0.0,0.07712724804878235,0.0001,1e-05,50.325,2.1613,0.6353
7893,stage2,5,0.07025031000375748,0.28886061906814575,0.0,0.07025031000375748,0.0001,1e-05,50.328,2.0839,0.6368
7894,stage2,5,0.08415593951940536,0.24469920992851257,0.0,0.08415593951940536,0.0001,1e-05,50.325,3.1599,0.6359
7895,stage2,5,0.0681167021393776,0.274906188249588,0.0,0.0681167021393776,0.0001,1e-05,50.326,2.3948,3.8851
7896,stage2,5,0.06990770250558853,0.2543153464794159,0.0,0.06990770250558853,0.0001,1e-05,50.326,2.3202,0.6346
7897,stage2,5,0.0714147686958313,0.24863864481449127,0.0,0.0714147686958313,0.0001,1e-05,50.324,2.1867,0.6349
7898,stage2,5,0.07245852798223495,0.24272385239601135,0.0,0.07245852798223495,0.0001,1e-05,50.324,2.3231,0.6355
7899,stage2,5,0.06856115162372589,0.25041237473487854,0.0,0.06856115162372589,0.0001,1e-05,50.324,2.2167,0.6356
7900,stage2,5,0.07405290752649307,0.2792113125324249,0.0,0.07405290752649307,0.0001,1e-05,50.325,2.6097,0.6356
7901,stage2,5,0.06969031691551208,0.2993426024913788,0.0,0.06969031691551208,0.0001,1e-05,50.323,1.994,0.6356
7902,stage2,5,0.0723676085472107,0.26703834533691406,0.0,0.0723676085472107,0.0001,1e-05,50.328,1.9715,0.6357
7903,stage2,5,0.08186068385839462,0.2692893147468567,0.0,0.08186068385839462,0.0001,1e-05,50.323,3.0814,3.8994
7904,stage2,5,0.06657091528177261,0.25409671664237976,0.0,0.06657091528177261,0.0001,1e-05,50.325,2.1877,0.6335
7905,stage2,5,0.057928018271923065,0.29077833890914917,0.0,0.057928018271923065,0.0001,1e-05,50.323,1.8854,0.6354
7906,stage2,5,0.06700446456670761,0.25238797068595886,0.0,0.06700446456670761,0.0001,1e-05,50.327,2.1155,0.6348
7907,stage2,5,0.07166574895381927,0.2731979191303253,0.0,0.07166574895381927,0.0001,1e-05,50.326,2.1802,0.6354
7908,stage2,5,0.07145418971776962,0.25641369819641113,0.0,0.07145418971776962,0.0001,1e-05,50.328,2.342,0.6353
7909,stage2,5,0.07849038392305374,0.274126797914505,0.0,0.07849038392305374,0.0001,1e-05,50.325,2.5804,0.6359
7910,stage2,5,0.07590381056070328,0.2623802423477173,0.0,0.07590381056070328,0.0001,1e-05,50.327,2.7259,0.6362
7911,stage2,5,0.07525309175252914,0.26301518082618713,0.0,0.07525309175252914,0.0001,1e-05,50.326,2.2124,3.8043
7912,stage2,5,0.0692642331123352,0.30358344316482544,0.0,0.0692642331123352,0.0001,1e-05,50.326,2.4302,0.6339
7913,stage2,5,0.07219771295785904,0.2597289979457855,0.0,0.07219771295785904,0.0001,1e-05,50.326,1.9156,0.635
7914,stage2,5,0.08254370093345642,0.2780252695083618,0.0,0.08254370093345642,0.0001,1e-05,50.328,3.36,0.6344
7915,stage2,5,0.0649135559797287,0.24499833583831787,0.0,0.0649135559797287,0.0001,1e-05,50.323,2.1807,0.6351
7916,stage2,5,0.06433176249265671,0.27708500623703003,0.0,0.06433176249265671,0.0001,1e-05,50.328,2.4905,0.6355
7917,stage2,5,0.06892035901546478,0.27966004610061646,0.0,0.06892035901546478,0.0001,1e-05,50.328,2.0151,0.6354
7918,stage2,5,0.07585041970014572,0.2771643102169037,0.0,0.07585041970014572,0.0001,1e-05,50.325,2.5234,0.6364
7919,stage2,5,0.07175929844379425,0.291104793548584,0.0,0.07175929844379425,0.0001,1e-05,50.33,2.6876,3.9182
7920,stage2,5,0.07130628079175949,0.2815849483013153,0.0,0.07130628079175949,0.0001,1e-05,50.328,2.1252,0.6342
7921,stage2,5,0.07664652168750763,0.2791045308113098,0.0,0.07664652168750763,0.0001,1e-05,50.327,2.4902,0.6345
7922,stage2,5,0.07541339844465256,0.2628268599510193,0.0,0.07541339844465256,0.0001,1e-05,50.325,2.6729,0.635
7923,stage2,5,0.06666773557662964,0.25049951672554016,0.0,0.06666773557662964,0.0001,1e-05,50.328,2.1626,0.6394
7924,stage2,5,0.07987948507070541,0.2535388469696045,0.0,0.07987948507070541,0.0001,1e-05,50.327,2.8208,0.6354
7925,stage2,5,0.07042175531387329,0.2771347761154175,0.0,0.07042175531387329,0.0001,1e-05,50.328,2.7928,0.6357
7926,stage2,5,0.06576237082481384,0.2756856083869934,0.0,0.06576237082481384,0.0001,1e-05,50.327,2.2887,0.6365
7927,stage2,5,0.08618974685668945,0.2698024809360504,0.0,0.08618974685668945,0.0001,1e-05,50.328,2.709,3.908
7928,stage2,5,0.07650226354598999,0.2681725323200226,0.0,0.07650226354598999,0.0001,1e-05,50.325,2.5156,0.6339
7929,stage2,5,0.0648338794708252,0.26646915078163147,0.0,0.0648338794708252,0.0001,1e-05,50.331,1.7534,0.6348
7930,stage2,5,0.06892082840204239,0.2917446792125702,0.0,0.06892082840204239,0.0001,1e-05,50.326,2.3092,0.6347
7931,stage2,5,0.07878871262073517,0.28031888604164124,0.0,0.07878871262073517,0.0001,1e-05,50.329,2.8461,0.6355
7932,stage2,5,0.08219578117132187,0.29916810989379883,0.0,0.08219578117132187,0.0001,1e-05,50.323,2.7304,0.635
7933,stage2,5,0.06459055840969086,0.30277958512306213,0.0,0.06459055840969086,0.0001,1e-05,50.325,2.2152,0.6355
7934,stage2,5,0.07138478755950928,0.28639107942581177,0.0,0.07138478755950928,0.0001,1e-05,50.324,2.2992,0.6363
7935,stage2,5,0.0741158276796341,0.264177143573761,0.0,0.0741158276796341,0.0001,1e-05,50.325,2.3684,3.9771
7936,stage2,5,0.07333970069885254,0.2649073302745819,0.0,0.07333970069885254,0.0001,1e-05,50.329,2.2095,0.6342
7937,stage2,5,0.06556329131126404,0.2668949067592621,0.0,0.06556329131126404,0.0001,1e-05,50.328,2.1859,0.6349
7938,stage2,5,0.070721335709095,0.27100008726119995,0.0,0.070721335709095,0.0001,1e-05,50.331,2.3449,0.6351
7939,stage2,5,0.07063508033752441,0.27702584862709045,0.0,0.07063508033752441,0.0001,1e-05,50.328,2.3042,0.6357
7940,stage2,5,0.07106301933526993,0.24344587326049805,0.0,0.07106301933526993,0.0001,1e-05,50.33,2.2216,0.6384
7941,stage2,5,0.07721153646707535,0.2706150710582733,0.0,0.07721153646707535,0.0001,1e-05,50.33,2.7255,0.637
7942,stage2,5,0.07674336433410645,0.2525709867477417,0.0,0.07674336433410645,0.0001,1e-05,50.327,2.6438,0.6364
7943,stage2,5,0.07397894561290741,0.2741279900074005,0.0,0.07397894561290741,0.0001,1e-05,50.329,2.7308,3.9286
7944,stage2,5,0.07820013165473938,0.24949660897254944,0.0,0.07820013165473938,0.0001,1e-05,50.327,2.4739,0.6336
7945,stage2,5,0.08592019230127335,0.2773241400718689,0.0,0.08592019230127335,0.0001,1e-05,50.327,3.4276,0.6344
7946,stage2,5,0.07040394842624664,0.27475324273109436,0.0,0.07040394842624664,0.0001,1e-05,50.325,2.5553,0.6351
7947,stage2,5,0.07287757843732834,0.2566494047641754,0.0,0.07287757843732834,0.0001,1e-05,50.328,1.9864,0.6381
7948,stage2,5,0.06673084199428558,0.2801119089126587,0.0,0.06673084199428558,0.0001,1e-05,50.325,2.6368,0.6354
7949,stage2,5,0.07043063640594482,0.2873804271221161,0.0,0.07043063640594482,0.0001,1e-05,50.328,2.175,0.6364
7950,stage2,5,0.06721111387014389,0.25414878129959106,0.0,0.06721111387014389,0.0001,1e-05,50.327,2.0922,0.6361
7951,stage2,5,0.07764659821987152,0.3039838373661041,0.0,0.07764659821987152,0.0001,1e-05,50.324,2.2156,3.9792
7952,stage2,5,0.07395142316818237,0.27563461661338806,0.0,0.07395142316818237,0.0001,1e-05,50.329,2.362,0.6335
7953,stage2,5,0.07868774235248566,0.2788875997066498,0.0,0.07868774235248566,0.0001,1e-05,50.326,2.8209,0.6347
7954,stage2,5,0.07391251623630524,0.2652415931224823,0.0,0.07391251623630524,0.0001,1e-05,50.328,2.1605,0.6351
7955,stage2,5,0.07798359543085098,0.2609065771102905,0.0,0.07798359543085098,0.0001,1e-05,50.328,2.7203,0.6351
7956,stage2,5,0.071417897939682,0.2936071753501892,0.0,0.071417897939682,0.0001,1e-05,50.327,2.2174,0.6354
7957,stage2,5,0.07775100320577621,0.25449639558792114,0.0,0.07775100320577621,0.0001,1e-05,50.325,2.2823,0.6357
7958,stage2,5,0.0677863359451294,0.2476499080657959,0.0,0.0677863359451294,0.0001,1e-05,50.33,2.3164,0.6359
7959,stage2,5,0.0655764490365982,0.2385031282901764,0.0,0.0655764490365982,0.0001,1e-05,50.324,1.8286,3.7831
7960,stage2,5,0.07934922724962234,0.24881236255168915,0.0,0.07934922724962234,0.0001,1e-05,50.323,2.6863,0.6341
7961,stage2,5,0.07094743847846985,0.283907949924469,0.0,0.07094743847846985,0.0001,1e-05,50.326,2.3315,0.6342
7962,stage2,5,0.06640377640724182,0.2652041018009186,0.0,0.06640377640724182,0.0001,1e-05,50.326,1.8144,0.6356
7963,stage2,5,0.07422950118780136,0.2825191020965576,0.0,0.07422950118780136,0.0001,1e-05,50.328,2.3202,0.6346
7964,stage2,5,0.07716692239046097,0.2683311104774475,0.0,0.07716692239046097,0.0001,1e-05,50.322,2.5257,0.6356
7965,stage2,5,0.08207123726606369,0.2671237587928772,0.0,0.08207123726606369,0.0001,1e-05,50.327,2.5315,0.6357
7966,stage2,5,0.06998766958713531,0.2580031454563141,0.0,0.06998766958713531,0.0001,1e-05,50.326,2.0897,0.6361
7967,stage2,5,0.06607998162508011,0.28189826011657715,0.0,0.06607998162508011,0.0001,1e-05,50.324,2.2077,3.8438
7968,stage2,5,0.07129715383052826,0.2626858949661255,0.0,0.07129715383052826,0.0001,1e-05,50.325,2.1655,0.6343
7969,stage2,5,0.06855747103691101,0.2563604712486267,0.0,0.06855747103691101,0.0001,1e-05,50.33,1.9125,0.6359
7970,stage2,5,0.06780552119016647,0.2664335072040558,0.0,0.06780552119016647,0.0001,1e-05,50.327,2.0895,0.6353
7971,stage2,5,0.0754299908876419,0.2846672236919403,0.0,0.0754299908876419,0.0001,1e-05,50.324,2.0707,0.6358
7972,stage2,5,0.06730359047651291,0.2992228865623474,0.0,0.06730359047651291,0.0001,1e-05,50.325,2.6972,0.6364
7973,stage2,5,0.06019749119877815,0.3443329930305481,0.0,0.06019749119877815,0.0001,1e-05,50.327,1.9921,0.6364
7974,stage2,5,0.06856262683868408,0.2640600800514221,0.0,0.06856262683868408,0.0001,1e-05,50.327,2.7479,0.6361
7975,stage2,5,0.07966800779104233,0.2825457751750946,0.0,0.07966800779104233,0.0001,1e-05,50.326,3.2901,3.9931
7976,stage2,5,0.0690721943974495,0.25291770696640015,0.0,0.0690721943974495,0.0001,1e-05,50.331,2.4078,0.6334
7977,stage2,5,0.07432366907596588,0.22398115694522858,0.0,0.07432366907596588,0.0001,1e-05,50.329,2.2235,0.6349
7978,stage2,5,0.07581299543380737,0.2365015149116516,0.0,0.07581299543380737,0.0001,1e-05,50.331,2.7281,0.635
7979,stage2,5,0.0705370083451271,0.24075160920619965,0.0,0.0705370083451271,0.0001,1e-05,50.325,2.5003,0.6356
7980,stage2,5,0.06334587931632996,0.2576920688152313,0.0,0.06334587931632996,0.0001,1e-05,50.327,1.8627,0.6393
7981,stage2,5,0.0689554288983345,0.3140837252140045,0.0,0.0689554288983345,0.0001,1e-05,50.329,2.5299,0.6363
7982,stage2,5,0.08865159004926682,0.2493436634540558,0.0,0.08865159004926682,0.0001,1e-05,50.325,3.0903,0.6359
7983,stage2,5,0.06883308291435242,0.2568196654319763,0.0,0.06883308291435242,0.0001,1e-05,50.328,2.2585,3.9114
7984,stage2,5,0.07116156816482544,0.25971662998199463,0.0,0.07116156816482544,0.0001,1e-05,50.329,2.526,0.6342
7985,stage2,5,0.0700562372803688,0.276304692029953,0.0,0.0700562372803688,0.0001,1e-05,50.322,2.3228,0.6349
7986,stage2,5,0.0673704445362091,0.2443370372056961,0.0,0.0673704445362091,0.0001,1e-05,50.327,1.9289,0.6344
7987,stage2,5,0.07654428482055664,0.30106955766677856,0.0,0.07654428482055664,0.0001,1e-05,50.324,3.0117,0.6352
7988,stage2,5,0.0756351426243782,0.2759195864200592,0.0,0.0756351426243782,0.0001,1e-05,50.329,2.5069,0.6356
7989,stage2,5,0.06622540205717087,0.2812424302101135,0.0,0.06622540205717087,0.0001,1e-05,50.326,2.2698,0.6362
7990,stage2,5,0.06638778001070023,0.2762671113014221,0.0,0.06638778001070023,0.0001,1e-05,50.329,1.9941,0.6361
7991,stage2,5,0.07655597478151321,0.3062342405319214,0.0,0.07655597478151321,0.0001,1e-05,50.328,2.9934,3.9774
7992,stage2,5,0.06964561343193054,0.2857576012611389,0.0,0.06964561343193054,0.0001,1e-05,50.325,2.6031,0.634
7993,stage2,5,0.07051752507686615,0.251781702041626,0.0,0.07051752507686615,0.0001,1e-05,50.329,1.9164,0.6339
7994,stage2,5,0.06969866156578064,0.26637184619903564,0.0,0.06969866156578064,0.0001,1e-05,50.326,2.4661,0.6354
7995,stage2,5,0.060982171446084976,0.2806274890899658,0.0,0.060982171446084976,0.0001,1e-05,50.326,2.1718,0.6357
7996,stage2,5,0.07525576651096344,0.2583879232406616,0.0,0.07525576651096344,0.0001,1e-05,50.327,2.3669,0.636
7997,stage2,5,0.07264446467161179,0.3010757267475128,0.0,0.07264446467161179,0.0001,1e-05,50.325,2.3071,0.6354
7998,stage2,5,0.06715860962867737,0.2721305191516876,0.0,0.06715860962867737,0.0001,1e-05,50.328,2.3936,0.6362
7999,stage2,5,0.07216736674308777,0.27129602432250977,0.0,0.07216736674308777,0.0001,1e-05,50.328,2.6148,3.932
8000,stage2,5,0.07445324212312698,0.2712470591068268,0.0,0.07445324212312698,0.0001,1e-05,50.327,2.43,0.6334
8001,stage2,5,0.06984508782625198,0.27769535779953003,0.0,0.06984508782625198,0.0001,1e-05,50.327,2.159,0.6347
8002,stage2,5,0.06737901270389557,0.2519179582595825,0.0,0.06737901270389557,0.0001,1e-05,50.326,1.8784,0.6391
8003,stage2,5,0.06896119564771652,0.2610641121864319,0.0,0.06896119564771652,0.0001,1e-05,50.328,2.024,0.6351
8004,stage2,5,0.06693833321332932,0.25974249839782715,0.0,0.06693833321332932,0.0001,1e-05,50.327,2.5571,0.6361
8005,stage2,5,0.0652814656496048,0.28548869490623474,0.0,0.0652814656496048,0.0001,1e-05,50.326,1.9363,0.6371
8006,stage2,5,0.06513272225856781,0.2846309542655945,0.0,0.06513272225856781,0.0001,1e-05,50.323,2.1135,0.6358
8007,stage2,5,0.06673265993595123,0.2551697790622711,0.0,0.06673265993595123,0.0001,1e-05,50.329,2.0937,3.9303
8008,stage2,5,0.07741997390985489,0.26274827122688293,0.0,0.07741997390985489,0.0001,1e-05,50.33,2.5009,0.6345
8009,stage2,5,0.06723091751337051,0.2951347529888153,0.0,0.06723091751337051,0.0001,1e-05,50.326,2.8069,0.6348
8010,stage2,5,0.08360859006643295,0.29407423734664917,0.0,0.08360859006643295,0.0001,1e-05,50.331,2.6066,0.6351
8011,stage2,5,0.07444123178720474,0.2591608166694641,0.0,0.07444123178720474,0.0001,1e-05,50.326,2.0875,0.6355
8012,stage2,5,0.06181269884109497,0.2747199833393097,0.0,0.06181269884109497,0.0001,1e-05,50.327,2.119,0.6356
8013,stage2,5,0.06524435430765152,0.2920055687427521,0.0,0.06524435430765152,0.0001,1e-05,50.329,2.2374,0.6357
8014,stage2,5,0.06658294051885605,0.2455136775970459,0.0,0.06658294051885605,0.0001,1e-05,50.329,3.1376,0.6367
8015,stage2,5,0.07360678166151047,0.24007201194763184,0.0,0.07360678166151047,0.0001,1e-05,50.328,2.1742,3.8441
8016,stage2,5,0.06781475245952606,0.2858085036277771,0.0,0.06781475245952606,0.0001,1e-05,50.325,2.6452,0.6344
8017,stage2,5,0.07134632021188736,0.26432013511657715,0.0,0.07134632021188736,0.0001,1e-05,50.329,2.3327,0.6345
8018,stage2,5,0.08445203304290771,0.26751986145973206,0.0,0.08445203304290771,0.0001,1e-05,50.329,2.5822,0.6352
8019,stage2,5,0.0781099945306778,0.2526185214519501,0.0,0.0781099945306778,0.0001,1e-05,50.326,2.7627,0.6352
8020,stage2,5,0.06385054439306259,0.2455906718969345,0.0,0.06385054439306259,0.0001,1e-05,50.324,2.0633,0.6362
8021,stage2,5,0.06570243835449219,0.25207117199897766,0.0,0.06570243835449219,0.0001,1e-05,50.328,2.2381,0.636
8022,stage2,5,0.08573116362094879,0.2674652934074402,0.0,0.08573116362094879,0.0001,1e-05,50.328,3.0117,0.6366
8023,stage2,5,0.0733933374285698,0.2875671982765198,0.0,0.0733933374285698,0.0001,1e-05,50.323,2.2999,3.9622
8024,stage2,5,0.07116882503032684,0.2822338044643402,0.0,0.07116882503032684,0.0001,1e-05,50.326,2.3594,0.6346
8025,stage2,5,0.06618162244558334,0.2642279863357544,0.0,0.06618162244558334,0.0001,1e-05,50.324,2.5852,0.6342
8026,stage2,5,0.08386977761983871,0.2452857345342636,0.0,0.08386977761983871,0.0001,1e-05,50.328,2.7192,0.6349
8027,stage2,5,0.07373892515897751,0.2629258334636688,0.0,0.07373892515897751,0.0001,1e-05,50.328,2.195,0.6353
8028,stage2,5,0.06853938102722168,0.27016976475715637,0.0,0.06853938102722168,0.0001,1e-05,50.329,2.5117,0.6355
8029,stage2,5,0.08322233706712723,0.2856265902519226,0.0,0.08322233706712723,0.0001,1e-05,50.326,2.8565,0.6357
8030,stage2,5,0.06144413352012634,0.2968868017196655,0.0,0.06144413352012634,0.0001,1e-05,50.328,2.0584,0.6363
8031,stage2,5,0.07866324484348297,0.21828070282936096,0.0,0.07866324484348297,0.0001,1e-05,50.327,2.4132,3.9282
8032,stage2,5,0.06962569057941437,0.2553899586200714,0.0,0.06962569057941437,0.0001,1e-05,50.329,2.3947,0.6344
8033,stage2,5,0.08385903388261795,0.2504473030567169,0.0,0.08385903388261795,0.0001,1e-05,50.329,2.8991,0.6347
8034,stage2,5,0.08284273743629456,0.2632112205028534,0.0,0.08284273743629456,0.0001,1e-05,50.329,2.8764,0.6351
8035,stage2,5,0.06322523206472397,0.290078341960907,0.0,0.06322523206472397,0.0001,1e-05,50.325,2.2877,0.6355
8036,stage2,5,0.06811808049678802,0.2651222348213196,0.0,0.06811808049678802,0.0001,1e-05,50.326,2.5807,0.636
8037,stage2,5,0.07001613080501556,0.27732282876968384,0.0,0.07001613080501556,0.0001,1e-05,50.327,2.2995,0.6366
8038,stage2,5,0.06142415851354599,0.2688985764980316,0.0,0.06142415851354599,0.0001,1e-05,50.328,1.7846,0.6368
8039,stage2,5,0.07566274702548981,0.2592433989048004,0.0,0.07566274702548981,0.0001,1e-05,50.331,2.4258,3.8659
8040,stage2,5,0.07487102597951889,0.2647026777267456,0.0,0.07487102597951889,0.0001,1e-05,50.324,1.989,0.634
8041,stage2,5,0.08418282866477966,0.27345094084739685,0.0,0.08418282866477966,0.0001,1e-05,50.327,3.2678,0.6347
8042,stage2,5,0.07137411087751389,0.28559011220932007,0.0,0.07137411087751389,0.0001,1e-05,50.324,2.3378,0.635
8043,stage2,5,0.07081491500139236,0.2450704723596573,0.0,0.07081491500139236,0.0001,1e-05,50.33,2.0205,0.6352
8044,stage2,5,0.09065987914800644,0.2810055613517761,0.0,0.09065987914800644,0.0001,1e-05,50.327,3.4375,0.636
8045,stage2,5,0.08348690718412399,0.2665378153324127,0.0,0.08348690718412399,0.0001,1e-05,50.324,2.7132,0.6362
8046,stage2,5,0.06791951507329941,0.23673105239868164,0.0,0.06791951507329941,0.0001,1e-05,50.325,2.2043,0.6365
8047,stage2,5,0.07416119426488876,0.2649005949497223,0.0,0.07416119426488876,0.0001,1e-05,50.326,2.6316,3.9828
8048,stage2,5,0.07268571853637695,0.28690239787101746,0.0,0.07268571853637695,0.0001,1e-05,50.327,2.5214,0.6346
8049,stage2,5,0.07664218544960022,0.2636667490005493,0.0,0.07664218544960022,0.0001,1e-05,50.326,2.5297,0.6345
8050,stage2,5,0.07613106071949005,0.3184950351715088,0.0,0.07613106071949005,0.0001,1e-05,50.326,3.1384,0.6352
8051,stage2,5,0.08116120845079422,0.24715976417064667,0.0,0.08116120845079422,0.0001,1e-05,50.326,3.575,0.6351
8052,stage2,5,0.08416485041379929,0.27503255009651184,0.0,0.08416485041379929,0.0001,1e-05,50.327,2.4693,0.6357
8053,stage2,5,0.07639741152524948,0.26264718174934387,0.0,0.07639741152524948,0.0001,1e-05,50.326,2.8583,0.6357
8054,stage2,5,0.07526572048664093,0.25565284490585327,0.0,0.07526572048664093,0.0001,1e-05,50.328,2.2419,0.636
8055,stage2,5,0.07976570725440979,0.2954626977443695,0.0,0.07976570725440979,0.0001,1e-05,50.331,2.905,3.9119
8056,stage2,5,0.06312136352062225,0.2790680527687073,0.0,0.06312136352062225,0.0001,1e-05,50.328,1.8494,0.6346
8057,stage2,5,0.07383599877357483,0.2943347096443176,0.0,0.07383599877357483,0.0001,1e-05,50.33,2.7374,0.6395
8058,stage2,5,0.07338037341833115,0.29794076085090637,0.0,0.07338037341833115,0.0001,1e-05,50.325,2.4191,0.635
8059,stage2,5,0.06768465787172318,0.27111002802848816,0.0,0.06768465787172318,0.0001,1e-05,50.328,1.8014,0.6354
8060,stage2,5,0.0640370324254036,0.28535085916519165,0.0,0.0640370324254036,0.0001,1e-05,50.329,2.3193,0.6356
8061,stage2,5,0.062351126223802567,0.2679421901702881,0.0,0.062351126223802567,0.0001,1e-05,50.327,2.2696,0.6358
8062,stage2,5,0.08285269141197205,0.2628680169582367,0.0,0.08285269141197205,0.0001,1e-05,50.326,2.6652,0.6365
8063,stage2,5,0.07812822610139847,0.273880273103714,0.0,0.07812822610139847,0.0001,1e-05,50.325,2.9877,3.8844
8064,stage2,5,0.07385454326868057,0.29442307353019714,0.0,0.07385454326868057,0.0001,1e-05,50.327,2.5001,0.6343
8065,stage2,5,0.07253047078847885,0.2522112727165222,0.0,0.07253047078847885,0.0001,1e-05,50.326,2.1885,0.6367
8066,stage2,5,0.0664263591170311,0.2715590000152588,0.0,0.0664263591170311,0.0001,1e-05,50.324,1.9577,0.635
8067,stage2,5,0.0655859038233757,0.28250887989997864,0.0,0.0655859038233757,0.0001,1e-05,50.326,1.9509,0.6356
8068,stage2,5,0.08089355379343033,0.29774075746536255,0.0,0.08089355379343033,0.0001,1e-05,50.327,3.0192,0.6356
8069,stage2,5,0.06817900389432907,0.28682994842529297,0.0,0.06817900389432907,0.0001,1e-05,50.328,2.0981,0.6364
8070,stage2,5,0.068484827876091,0.2780938446521759,0.0,0.068484827876091,0.0001,1e-05,50.325,2.1351,0.6365
8071,stage2,5,0.06999315321445465,0.25394076108932495,0.0,0.06999315321445465,0.0001,1e-05,50.327,2.2807,3.8568
8072,stage2,5,0.07729041576385498,0.2892918586730957,0.0,0.07729041576385498,0.0001,1e-05,50.327,2.6382,0.6396
8073,stage2,5,0.0613713376224041,0.2267540544271469,0.0,0.0613713376224041,0.0001,1e-05,50.326,2.2211,0.6327
8074,stage2,5,0.07327432930469513,0.2973208427429199,0.0,0.07327432930469513,0.0001,1e-05,50.326,2.2419,0.6359
8075,stage2,5,0.06919138878583908,0.2668592035770416,0.0,0.06919138878583908,0.0001,1e-05,50.327,2.0301,0.6383
8076,stage2,5,0.079606793820858,0.2633237838745117,0.0,0.079606793820858,0.0001,1e-05,50.326,2.7285,0.6362
8077,stage2,5,0.07204300910234451,0.23505818843841553,0.0,0.07204300910234451,0.0001,1e-05,50.329,2.5655,0.6364
8078,stage2,5,0.07094001024961472,0.27428561449050903,0.0,0.07094001024961472,0.0001,1e-05,50.327,2.4924,0.6364
8079,stage2,5,0.07910670340061188,0.30287131667137146,0.0,0.07910670340061188,0.0001,1e-05,50.328,2.9807,3.8761
8080,stage2,5,0.06832590699195862,0.2855819761753082,0.0,0.06832590699195862,0.0001,1e-05,50.323,2.0347,0.6343
8081,stage2,5,0.07294690608978271,0.26581501960754395,0.0,0.07294690608978271,0.0001,1e-05,50.327,2.9287,0.6352
8082,stage2,5,0.06475174427032471,0.261513888835907,0.0,0.06475174427032471,0.0001,1e-05,50.325,2.2016,0.6355
8083,stage2,5,0.07417935132980347,0.2550849914550781,0.0,0.07417935132980347,0.0001,1e-05,50.328,2.2092,0.6426
8084,stage2,5,0.07248800992965698,0.27041178941726685,0.0,0.07248800992965698,0.0001,1e-05,50.327,2.3784,0.6333
8085,stage2,5,0.06341443210840225,0.30614128708839417,0.0,0.06341443210840225,0.0001,1e-05,50.328,2.14,0.6367
8086,stage2,5,0.06593956053256989,0.23393020033836365,0.0,0.06593956053256989,0.0001,1e-05,50.327,1.9518,0.6372
8087,stage2,5,0.07479558140039444,0.252970814704895,0.0,0.07479558140039444,0.0001,1e-05,50.326,2.3679,3.8206
8088,stage2,5,0.06362098455429077,0.27835628390312195,0.0,0.06362098455429077,0.0001,1e-05,50.327,1.9388,0.6343
8089,stage2,5,0.07766587287187576,0.26104047894477844,0.0,0.07766587287187576,0.0001,1e-05,50.328,2.3537,0.6348
8090,stage2,5,0.07633877545595169,0.2439478039741516,0.0,0.07633877545595169,0.0001,1e-05,50.326,2.6154,0.6354
8091,stage2,5,0.06312225013971329,0.263479083776474,0.0,0.06312225013971329,0.0001,1e-05,50.327,1.636,0.6362
8092,stage2,5,0.06134268641471863,0.30488190054893494,0.0,0.06134268641471863,0.0001,1e-05,50.327,1.7919,0.6364
8093,stage2,5,0.0742669552564621,0.24793939292430878,0.0,0.0742669552564621,0.0001,1e-05,50.328,2.0382,0.6371
8094,stage2,5,0.06306689232587814,0.2752079963684082,0.0,0.06306689232587814,0.0001,1e-05,50.328,1.9286,0.6371
8095,stage2,5,0.07485973834991455,0.30735599994659424,0.0,0.07485973834991455,0.0001,1e-05,50.326,2.1721,3.8106
8096,stage2,5,0.06987019628286362,0.28151753544807434,0.0,0.06987019628286362,0.0001,1e-05,50.324,1.9268,0.6341
8097,stage2,5,0.07785280048847198,0.25217556953430176,0.0,0.07785280048847198,0.0001,1e-05,50.327,2.1792,0.6401
8098,stage2,5,0.07037892937660217,0.27041709423065186,0.0,0.07037892937660217,0.0001,1e-05,50.327,2.2541,0.6362
8099,stage2,5,0.08175791054964066,0.2549205720424652,0.0,0.08175791054964066,0.0001,1e-05,50.326,3.0404,0.6362
8100,stage2,5,0.06577733904123306,0.28183576464653015,0.0,0.06577733904123306,0.0001,1e-05,50.324,2.0945,0.6384
8101,stage2,5,0.07387366145849228,0.272573322057724,0.0,0.07387366145849228,0.0001,1e-05,50.33,2.1734,0.6368
8102,stage2,5,0.06514698266983032,0.27933618426322937,0.0,0.06514698266983032,0.0001,1e-05,50.325,2.0303,0.6367
8103,stage2,5,0.06730024516582489,0.2690158784389496,0.0,0.06730024516582489,0.0001,1e-05,50.328,2.3272,3.7524
8104,stage2,5,0.0711502805352211,0.282560259103775,0.0,0.0711502805352211,0.0001,1e-05,50.327,3.2276,0.635
8105,stage2,5,0.06478296220302582,0.27955061197280884,0.0,0.06478296220302582,0.0001,1e-05,50.328,1.9523,0.6366
8106,stage2,5,0.0659535601735115,0.27515026926994324,0.0,0.0659535601735115,0.0001,1e-05,50.326,2.5803,0.6352
8107,stage2,5,0.08006652444601059,0.2462959736585617,0.0,0.08006652444601059,0.0001,1e-05,50.327,2.2626,0.6364
8108,stage2,5,0.06295900046825409,0.2606699764728546,0.0,0.06295900046825409,0.0001,1e-05,50.329,2.2189,0.6359
8109,stage2,5,0.07456818222999573,0.29570505023002625,0.0,0.07456818222999573,0.0001,1e-05,50.329,3.7102,0.6371
8110,stage2,5,0.06864581257104874,0.2368241548538208,0.0,0.06864581257104874,0.0001,1e-05,50.33,1.7931,0.6372
8111,stage2,5,0.06969641894102097,0.2594609558582306,0.0,0.06969641894102097,0.0001,1e-05,50.325,2.3334,3.8645
8112,stage2,5,0.0753781870007515,0.28925660252571106,0.0,0.0753781870007515,0.0001,1e-05,50.323,2.0676,0.6349
8113,stage2,5,0.07712530344724655,0.2747410237789154,0.0,0.07712530344724655,0.0001,1e-05,50.327,2.4434,0.6367
8114,stage2,5,0.0778684914112091,0.25252336263656616,0.0,0.0778684914112091,0.0001,1e-05,50.328,2.7348,0.6365
8115,stage2,5,0.06642145663499832,0.2797032296657562,0.0,0.06642145663499832,0.0001,1e-05,50.329,2.0276,0.6361
8116,stage2,5,0.06605890393257141,0.288490891456604,0.0,0.06605890393257141,0.0001,1e-05,50.325,2.303,0.6358
8117,stage2,5,0.06888025254011154,0.26439368724823,0.0,0.06888025254011154,0.0001,1e-05,50.324,2.1629,0.637
8118,stage2,5,0.0723956748843193,0.287680059671402,0.0,0.0723956748843193,0.0001,1e-05,50.33,2.4041,0.6364
8119,stage2,5,0.06817274540662766,0.26394322514533997,0.0,0.06817274540662766,0.0001,1e-05,50.328,2.3623,3.9214
8120,stage2,5,0.07891950011253357,0.26178640127182007,0.0,0.07891950011253357,0.0001,1e-05,50.327,2.6274,0.6344
8121,stage2,5,0.0676555335521698,0.26754945516586304,0.0,0.0676555335521698,0.0001,1e-05,50.324,2.3048,0.6355
8122,stage2,5,0.07409780472517014,0.262746125459671,0.0,0.07409780472517014,0.0001,1e-05,50.322,2.4953,0.639
8123,stage2,5,0.0702918991446495,0.2747175693511963,0.0,0.0702918991446495,0.0001,1e-05,50.327,2.5118,0.6417
8124,stage2,5,0.07082317769527435,0.2633926570415497,0.0,0.07082317769527435,0.0001,1e-05,50.327,2.6973,0.6363
8125,stage2,5,0.07527351379394531,0.23863409459590912,0.0,0.07527351379394531,0.0001,1e-05,50.331,1.9653,0.6373
8126,stage2,5,0.07324805855751038,0.2611840069293976,0.0,0.07324805855751038,0.0001,1e-05,50.325,2.4576,0.6375
8127,stage2,5,0.0651903823018074,0.2807852625846863,0.0,0.0651903823018074,0.0001,1e-05,50.325,2.2743,3.9013
8128,stage2,5,0.07165241986513138,0.2705268859863281,0.0,0.07165241986513138,0.0001,1e-05,50.325,2.0029,0.6346
8129,stage2,5,0.07196422666311264,0.2854089140892029,0.0,0.07196422666311264,0.0001,1e-05,50.324,2.8997,0.635
8130,stage2,5,0.05789894238114357,0.2651626169681549,0.0,0.05789894238114357,0.0001,1e-05,50.328,2.1108,0.6351
8131,stage2,5,0.07581663131713867,0.31268641352653503,0.0,0.07581663131713867,0.0001,1e-05,50.327,2.7304,0.636
8132,stage2,5,0.07271797955036163,0.2712136507034302,0.0,0.07271797955036163,0.0001,1e-05,50.326,2.3097,0.6365
8133,stage2,5,0.06653448194265366,0.2442886233329773,0.0,0.06653448194265366,0.0001,1e-05,50.325,2.1445,0.6364
8134,stage2,5,0.0649711936712265,0.2572493553161621,0.0,0.0649711936712265,0.0001,1e-05,50.326,1.9923,0.6375
8135,stage2,5,0.08219284564256668,0.24906639754772186,0.0,0.08219284564256668,0.0001,1e-05,50.329,2.3292,3.9644
8136,stage2,5,0.07083845883607864,0.24188098311424255,0.0,0.07083845883607864,0.0001,1e-05,50.325,2.4227,0.6341
8137,stage2,5,0.07269354909658432,0.2522957921028137,0.0,0.07269354909658432,0.0001,1e-05,50.329,2.0741,0.6385
8138,stage2,5,0.06492672115564346,0.2666546702384949,0.0,0.06492672115564346,0.0001,1e-05,50.327,2.1093,0.6365
8139,stage2,5,0.05876404047012329,0.26804545521736145,0.0,0.05876404047012329,0.0001,1e-05,50.324,2.0817,0.6363
8140,stage2,5,0.07342594116926193,0.2990230321884155,0.0,0.07342594116926193,0.0001,1e-05,50.329,2.5206,0.6364
8141,stage2,5,0.0762866884469986,0.26396965980529785,0.0,0.0762866884469986,0.0001,1e-05,50.326,2.799,0.6367
8142,stage2,5,0.07603422552347183,0.25554919242858887,0.0,0.07603422552347183,0.0001,1e-05,50.325,2.456,0.6363
8143,stage2,5,0.06514871120452881,0.265987366437912,0.0,0.06514871120452881,0.0001,1e-05,50.33,2.1335,3.9117
8144,stage2,5,0.06502056121826172,0.2647567391395569,0.0,0.06502056121826172,0.0001,1e-05,50.328,2.3026,0.6345
8145,stage2,5,0.06377861648797989,0.24245284497737885,0.0,0.06377861648797989,0.0001,1e-05,50.324,2.2973,0.636
8146,stage2,5,0.07321593910455704,0.2631240785121918,0.0,0.07321593910455704,0.0001,1e-05,50.331,2.9543,0.6357
8147,stage2,5,0.06711316853761673,0.2671053111553192,0.0,0.06711316853761673,0.0001,1e-05,50.327,2.3396,0.6365
8148,stage2,5,0.06478606909513474,0.27200281620025635,0.0,0.06478606909513474,0.0001,1e-05,50.327,1.9315,0.636
8149,stage2,5,0.08234359323978424,0.2730914056301117,0.0,0.08234359323978424,0.0001,1e-05,50.329,2.9455,0.6363
8150,stage2,5,0.07041114568710327,0.2696365714073181,0.0,0.07041114568710327,0.0001,1e-05,50.328,1.9556,0.637
8151,stage2,5,0.05785811319947243,0.28749313950538635,0.0,0.05785811319947243,0.0001,1e-05,50.327,2.4811,3.8809
8152,stage2,5,0.09057676792144775,0.25063905119895935,0.0,0.09057676792144775,0.0001,1e-05,50.325,3.7541,0.6355
8153,stage2,5,0.07547561079263687,0.26195579767227173,0.0,0.07547561079263687,0.0001,1e-05,50.328,2.3835,0.6358
8154,stage2,5,0.07051441073417664,0.2719038724899292,0.0,0.07051441073417664,0.0001,1e-05,50.327,2.2461,0.6357
8155,stage2,5,0.07903306931257248,0.29415032267570496,0.0,0.07903306931257248,0.0001,1e-05,50.325,2.031,0.6355
8156,stage2,5,0.07668507099151611,0.25574368238449097,0.0,0.07668507099151611,0.0001,1e-05,50.327,2.3569,0.6362
8157,stage2,5,0.07318796217441559,0.24285730719566345,0.0,0.07318796217441559,0.0001,1e-05,50.329,2.2228,0.6363
8158,stage2,5,0.0681237205862999,0.2779589891433716,0.0,0.0681237205862999,0.0001,1e-05,50.326,2.7409,0.6361
8159,stage2,5,0.06169917434453964,0.27334198355674744,0.0,0.06169917434453964,0.0001,1e-05,50.323,1.7415,3.961
8160,stage2,5,0.058970626443624496,0.2838544547557831,0.0,0.058970626443624496,0.0001,1e-05,50.326,2.2172,0.6354
8161,stage2,5,0.0693512111902237,0.2513042092323303,0.0,0.0693512111902237,0.0001,1e-05,50.324,1.9855,0.6328
8162,stage2,5,0.07007230818271637,0.25836044549942017,0.0,0.07007230818271637,0.0001,1e-05,50.326,2.5884,0.6346
8163,stage2,5,0.05754099041223526,0.2872281074523926,0.0,0.05754099041223526,0.0001,1e-05,50.328,1.7903,0.6359
8164,stage2,5,0.06847020983695984,0.2521440088748932,0.0,0.06847020983695984,0.0001,1e-05,50.329,2.0546,0.6365
8165,stage2,5,0.06945709139108658,0.25510314106941223,0.0,0.06945709139108658,0.0001,1e-05,50.327,2.248,0.636
8166,stage2,5,0.060586705803871155,0.26755285263061523,0.0,0.060586705803871155,0.0001,1e-05,50.323,2.0314,0.6367
8167,stage2,5,0.07828298211097717,0.2935185730457306,0.0,0.07828298211097717,0.0001,1e-05,50.322,2.7884,3.9352
8168,stage2,5,0.06504621356725693,0.28460490703582764,0.0,0.06504621356725693,0.0001,1e-05,50.329,1.8445,0.6352
8169,stage2,5,0.06619244813919067,0.24185125529766083,0.0,0.06619244813919067,0.0001,1e-05,50.324,2.8733,0.6352
8170,stage2,5,0.07697974890470505,0.23326388001441956,0.0,0.07697974890470505,0.0001,1e-05,50.325,2.4745,0.6365
8171,stage2,5,0.08249014616012573,0.291689395904541,0.0,0.08249014616012573,0.0001,1e-05,50.327,3.2906,0.6362
8172,stage2,5,0.07351160049438477,0.2724297046661377,0.0,0.07351160049438477,0.0001,1e-05,50.328,2.3861,0.6365
8173,stage2,5,0.065358005464077,0.26586291193962097,0.0,0.065358005464077,0.0001,1e-05,50.33,1.6943,0.6372
8174,stage2,5,0.07610688358545303,0.2800821363925934,0.0,0.07610688358545303,0.0001,1e-05,50.329,2.579,0.6371
8175,stage2,5,0.07972884178161621,0.2745458483695984,0.0,0.07972884178161621,0.0001,1e-05,50.325,2.5594,3.9128
8176,stage2,5,0.07435601949691772,0.238361656665802,0.0,0.07435601949691772,0.0001,1e-05,50.328,2.6201,0.6355
8177,stage2,5,0.07665267586708069,0.2327975630760193,0.0,0.07665267586708069,0.0001,1e-05,50.328,2.7724,0.6361
8178,stage2,5,0.07686477899551392,0.2715507745742798,0.0,0.07686477899551392,0.0001,1e-05,50.326,2.2642,0.6382
8179,stage2,5,0.07316716015338898,0.258311927318573,0.0,0.07316716015338898,0.0001,1e-05,50.33,2.0695,0.6357
8180,stage2,5,0.07670943439006805,0.27933958172798157,0.0,0.07670943439006805,0.0001,1e-05,50.33,2.2453,0.6357
8181,stage2,5,0.0731421634554863,0.25794315338134766,0.0,0.0731421634554863,0.0001,1e-05,50.323,2.2673,0.6359
8182,stage2,5,0.06540967524051666,0.26864808797836304,0.0,0.06540967524051666,0.0001,1e-05,50.329,1.9656,0.6368
8183,stage2,5,0.08915771543979645,0.28991982340812683,0.0,0.08915771543979645,0.0001,1e-05,50.327,3.5266,3.8932
8184,stage2,5,0.06740020215511322,0.2609609067440033,0.0,0.06740020215511322,0.0001,1e-05,50.326,2.6296,0.6348
8185,stage2,5,0.07009222358465195,0.27048972249031067,0.0,0.07009222358465195,0.0001,1e-05,50.33,2.3486,0.6343
8186,stage2,5,0.06826026737689972,0.2870616614818573,0.0,0.06826026737689972,0.0001,1e-05,50.327,2.4643,0.636
8187,stage2,5,0.06518128514289856,0.27519863843917847,0.0,0.06518128514289856,0.0001,1e-05,50.33,2.0776,0.636
8188,stage2,5,0.07389615476131439,0.2567518353462219,0.0,0.07389615476131439,0.0001,1e-05,50.331,2.1503,0.6369
8189,stage2,5,0.06840292364358902,0.2619243264198303,0.0,0.06840292364358902,0.0001,1e-05,50.329,2.3237,0.6368
8190,stage2,5,0.08543360233306885,0.2918737232685089,0.0,0.08543360233306885,0.0001,1e-05,50.329,2.9304,0.6373
8191,stage2,5,0.06999281793832779,0.24435962736606598,0.0,0.06999281793832779,0.0001,1e-05,50.332,2.006,3.8246
8192,stage2,5,0.07007227092981339,0.26812487840652466,0.0,0.07007227092981339,0.0001,1e-05,50.33,2.1867,0.6344
8193,stage2,5,0.06621874868869781,0.2721291780471802,0.0,0.06621874868869781,0.0001,1e-05,50.329,1.8997,0.6353
8194,stage2,5,0.0561620257794857,0.2804139256477356,0.0,0.0561620257794857,0.0001,1e-05,50.326,1.9429,0.6376
8195,stage2,5,0.06922285258769989,0.266025573015213,0.0,0.06922285258769989,0.0001,1e-05,50.331,2.8783,0.6356
8196,stage2,5,0.06300647556781769,0.27467063069343567,0.0,0.06300647556781769,0.0001,1e-05,50.331,2.3101,0.6364
8197,stage2,5,0.0746292769908905,0.2529813051223755,0.0,0.0746292769908905,0.0001,1e-05,50.328,2.4675,0.6359
8198,stage2,5,0.06741386651992798,0.2956756353378296,0.0,0.06741386651992798,0.0001,1e-05,50.328,2.2966,0.6368
8199,stage2,5,0.06088301166892052,0.27273112535476685,0.0,0.06088301166892052,0.0001,1e-05,50.329,2.2604,3.8546
8200,stage2,5,0.08852216601371765,0.26937994360923767,0.0,0.08852216601371765,0.0001,1e-05,50.33,3.4781,0.6403
8201,stage2,5,0.0625506266951561,0.26617738604545593,0.0,0.0625506266951561,0.0001,1e-05,50.326,2.033,0.6317
8202,stage2,5,0.06594094634056091,0.23321916162967682,0.0,0.06594094634056091,0.0001,1e-05,50.33,2.2183,0.6366
8203,stage2,5,0.06658422201871872,0.2524004280567169,0.0,0.06658422201871872,0.0001,1e-05,50.329,2.1974,0.6367
8204,stage2,5,0.06836000084877014,0.27604779601097107,0.0,0.06836000084877014,0.0001,1e-05,50.325,2.1088,0.6371
8205,stage2,5,0.06619218736886978,0.26384931802749634,0.0,0.06619218736886978,0.0001,1e-05,50.327,2.058,0.6371
8206,stage2,5,0.07336737215518951,0.25352317094802856,0.0,0.07336737215518951,0.0001,1e-05,50.331,2.4149,0.6371
8207,stage2,5,0.06476040929555893,0.2745985686779022,0.0,0.06476040929555893,0.0001,1e-05,50.325,1.9673,3.9296
8208,stage2,5,0.07658151537179947,0.27610528469085693,0.0,0.07658151537179947,0.0001,1e-05,50.328,2.6014,0.6349
8209,stage2,5,0.06702345609664917,0.2825895845890045,0.0,0.06702345609664917,0.0001,1e-05,50.33,2.1342,0.6347
8210,stage2,5,0.07191583514213562,0.26882338523864746,0.0,0.07191583514213562,0.0001,1e-05,50.33,2.0143,0.6355
8211,stage2,5,0.06842303276062012,0.29146623611450195,0.0,0.06842303276062012,0.0001,1e-05,50.326,2.3475,0.6355
8212,stage2,5,0.06830810755491257,0.26524513959884644,0.0,0.06830810755491257,0.0001,1e-05,50.328,2.2576,0.6394
8213,stage2,5,0.07363048940896988,0.26603999733924866,0.0,0.07363048940896988,0.0001,1e-05,50.326,2.154,0.6367
8214,stage2,5,0.0758085697889328,0.2677375078201294,0.0,0.0758085697889328,0.0001,1e-05,50.326,2.2475,0.6359
8215,stage2,5,0.0662580206990242,0.29502445459365845,0.0,0.0662580206990242,0.0001,1e-05,50.327,2.3797,4.0
8216,stage2,5,0.06708209961652756,0.2622818946838379,0.0,0.06708209961652756,0.0001,1e-05,50.324,2.1298,0.634
8217,stage2,5,0.07104066759347916,0.29073143005371094,0.0,0.07104066759347916,0.0001,1e-05,50.33,2.6814,0.6345
8218,stage2,5,0.0646037757396698,0.23328670859336853,0.0,0.0646037757396698,0.0001,1e-05,50.33,1.9332,0.6357
8219,stage2,5,0.06179828569293022,0.3035563826560974,0.0,0.06179828569293022,0.0001,1e-05,50.328,2.2688,0.6355
8220,stage2,5,0.06421967595815659,0.23708412051200867,0.0,0.06421967595815659,0.0001,1e-05,50.322,2.2048,0.6362
8221,stage2,5,0.06260066479444504,0.26994583010673523,0.0,0.06260066479444504,0.0001,1e-05,50.328,1.8575,0.6369
8222,stage2,5,0.06933010369539261,0.27659574151039124,0.0,0.06933010369539261,0.0001,1e-05,50.329,1.9696,0.6377
8223,stage2,5,0.06470222026109695,0.2700701355934143,0.0,0.06470222026109695,0.0001,1e-05,50.325,2.5549,3.938
8224,stage2,5,0.07429081201553345,0.2885032296180725,0.0,0.07429081201553345,0.0001,1e-05,50.329,2.5342,0.6345
8225,stage2,5,0.0646093562245369,0.2732680141925812,0.0,0.0646093562245369,0.0001,1e-05,50.323,2.1879,0.6352
8226,stage2,5,0.07501440495252609,0.2686281204223633,0.0,0.07501440495252609,0.0001,1e-05,50.329,2.3392,0.6359
8227,stage2,5,0.06630978733301163,0.27300024032592773,0.0,0.06630978733301163,0.0001,1e-05,50.325,1.9722,0.6366
8228,stage2,5,0.06773151457309723,0.25909727811813354,0.0,0.06773151457309723,0.0001,1e-05,50.331,2.227,0.6375
8229,stage2,5,0.07685372233390808,0.26962390542030334,0.0,0.07685372233390808,0.0001,1e-05,50.327,2.1325,0.6364
8230,stage2,5,0.0708502009510994,0.2691098153591156,0.0,0.0708502009510994,0.0001,1e-05,50.328,1.9857,0.6365
8231,stage2,5,0.06194238364696503,0.2690901756286621,0.0,0.06194238364696503,0.0001,1e-05,50.325,1.763,3.9944
8232,stage2,5,0.08361206948757172,0.276224821805954,0.0,0.08361206948757172,0.0001,1e-05,50.324,2.5611,0.6341
8233,stage2,5,0.06471798568964005,0.26524847745895386,0.0,0.06471798568964005,0.0001,1e-05,50.327,2.2731,0.6348
8234,stage2,5,0.06859481334686279,0.29326972365379333,0.0,0.06859481334686279,0.0001,1e-05,50.328,2.2377,0.6358
8235,stage2,5,0.06686795502901077,0.24830380082130432,0.0,0.06686795502901077,0.0001,1e-05,50.325,2.4062,0.6354
8236,stage2,5,0.0669325739145279,0.21974866092205048,0.0,0.0669325739145279,0.0001,1e-05,50.323,2.2255,0.6358
8237,stage2,5,0.07702145725488663,0.2646743655204773,0.0,0.07702145725488663,0.0001,1e-05,50.329,2.8151,0.6365
8238,stage2,5,0.06526342779397964,0.2563324272632599,0.0,0.06526342779397964,0.0001,1e-05,50.325,2.275,0.6366
8239,stage2,5,0.05836525559425354,0.3075811564922333,0.0,0.05836525559425354,0.0001,1e-05,50.329,1.6751,3.9791
8240,stage2,5,0.07246117293834686,0.2822616398334503,0.0,0.07246117293834686,0.0001,1e-05,50.328,2.2597,0.6344
8241,stage2,5,0.06377865374088287,0.26948055624961853,0.0,0.06377865374088287,0.0001,1e-05,50.33,2.2821,0.6347
8242,stage2,5,0.07178512215614319,0.23666346073150635,0.0,0.07178512215614319,0.0001,1e-05,50.329,2.2384,0.6349
8243,stage2,5,0.08679722249507904,0.26978468894958496,0.0,0.08679722249507904,0.0001,1e-05,50.327,2.3191,0.6356
8244,stage2,5,0.06942767649888992,0.26476383209228516,0.0,0.06942767649888992,0.0001,1e-05,50.322,2.34,0.6361
8245,stage2,5,0.06906826794147491,0.238203763961792,0.0,0.06906826794147491,0.0001,1e-05,50.327,2.1756,0.6361
8246,stage2,5,0.07537055015563965,0.26507532596588135,0.0,0.07537055015563965,0.0001,1e-05,50.327,2.684,0.6368
8247,stage2,5,0.0931934341788292,0.27585381269454956,0.0,0.0931934341788292,0.0001,1e-05,50.325,2.9903,4.0444
8248,stage2,5,0.0817183405160904,0.2552621066570282,0.0,0.0817183405160904,0.0001,1e-05,50.328,2.1893,0.6339
8249,stage2,5,0.060386788100004196,0.30829906463623047,0.0,0.060386788100004196,0.0001,1e-05,50.324,1.9791,0.6352
8250,stage2,5,0.07585322856903076,0.24537216126918793,0.0,0.07585322856903076,0.0001,1e-05,50.328,2.3877,0.6357
8251,stage2,5,0.07281571626663208,0.27147674560546875,0.0,0.07281571626663208,0.0001,1e-05,50.328,2.5272,0.6351
8252,stage2,5,0.0703110322356224,0.284132719039917,0.0,0.0703110322356224,0.0001,1e-05,50.322,2.1471,0.637
8253,stage2,5,0.06493046879768372,0.26603126525878906,0.0,0.06493046879768372,0.0001,1e-05,50.328,2.322,0.6361
8254,stage2,5,0.07052549719810486,0.2612384259700775,0.0,0.07052549719810486,0.0001,1e-05,50.323,2.2175,0.6369
8255,stage2,5,0.08395548164844513,0.2711375951766968,0.0,0.08395548164844513,0.0001,1e-05,50.332,2.5207,3.8188
8256,stage2,5,0.0797068178653717,0.2707197368144989,0.0,0.0797068178653717,0.0001,1e-05,50.328,3.1311,0.6345
8257,stage2,5,0.07204729318618774,0.23765692114830017,0.0,0.07204729318618774,0.0001,1e-05,50.325,2.4173,0.6337
8258,stage2,5,0.08362773060798645,0.2872880697250366,0.0,0.08362773060798645,0.0001,1e-05,50.327,3.1814,0.6342
8259,stage2,5,0.0651169866323471,0.27009597420692444,0.0,0.0651169866323471,0.0001,1e-05,50.329,2.1603,0.6348
8260,stage2,5,0.06051405891776085,0.26915109157562256,0.0,0.06051405891776085,0.0001,1e-05,50.327,2.2954,0.6359
8261,stage2,5,0.07453419268131256,0.28294938802719116,0.0,0.07453419268131256,0.0001,1e-05,50.328,2.5874,0.6358
8262,stage2,5,0.06201792508363724,0.26839104294776917,0.0,0.06201792508363724,0.0001,1e-05,50.326,2.1267,0.6356
8263,stage2,5,0.07129929214715958,0.27475011348724365,0.0,0.07129929214715958,0.0001,1e-05,50.326,2.0682,3.4309
8264,stage2,5,0.08116235584020615,0.28384143114089966,0.0,0.08116235584020615,0.0001,1e-05,50.332,2.9226,0.6323
8265,stage2,5,0.07395489513874054,0.24992747604846954,0.0,0.07395489513874054,0.0001,1e-05,50.328,2.9469,0.6328
8266,stage2,5,0.06573640555143356,0.2958635091781616,0.0,0.06573640555143356,0.0001,1e-05,50.325,2.2923,0.6325
8267,stage2,5,0.07152925431728363,0.27557429671287537,0.0,0.07152925431728363,0.0001,1e-05,50.326,2.1863,0.6333
8268,stage2,6,0.07969191670417786,0.2738021910190582,0.0,0.07969191670417786,0.0001,1e-05,50.327,2.2835,9.6227
8269,stage2,6,0.08061686158180237,0.2912614047527313,0.0,0.08061686158180237,0.0001,1e-05,50.327,2.429,0.6312
8270,stage2,6,0.06755132973194122,0.282112717628479,0.0,0.06755132973194122,0.0001,1e-05,50.329,2.3907,0.6313
8271,stage2,6,0.07141215354204178,0.2705687880516052,0.0,0.07141215354204178,0.0001,1e-05,50.326,1.8831,0.6323
8272,stage2,6,0.06824911385774612,0.2911987900733948,0.0,0.06824911385774612,0.0001,1e-05,50.329,2.4335,0.6321
8273,stage2,6,0.05870258808135986,0.2582859694957733,0.0,0.05870258808135986,0.0001,1e-05,50.331,1.9141,0.6333
8274,stage2,6,0.06558321416378021,0.26047903299331665,0.0,0.06558321416378021,0.0001,1e-05,50.331,2.2376,0.6346
8275,stage2,6,0.059136345982551575,0.29839348793029785,0.0,0.059136345982551575,0.0001,1e-05,50.329,1.8735,0.6336
8276,stage2,6,0.06588230282068253,0.25735315680503845,0.0,0.06588230282068253,0.0001,1e-05,50.327,2.0807,3.9982
8277,stage2,6,0.06914761662483215,0.25340917706489563,0.0,0.06914761662483215,0.0001,1e-05,50.329,2.3594,0.6323
8278,stage2,6,0.07335725426673889,0.27048012614250183,0.0,0.07335725426673889,0.0001,1e-05,50.326,2.3798,0.6331
8279,stage2,6,0.06675096601247787,0.2818271219730377,0.0,0.06675096601247787,0.0001,1e-05,50.327,2.3881,0.6323
8280,stage2,6,0.08379191905260086,0.26061174273490906,0.0,0.08379191905260086,0.0001,1e-05,50.326,2.3644,0.6327
8281,stage2,6,0.07014328986406326,0.2469087392091751,0.0,0.07014328986406326,0.0001,1e-05,50.326,2.5879,0.6341
8282,stage2,6,0.0625939816236496,0.2824110984802246,0.0,0.0625939816236496,0.0001,1e-05,50.329,2.0666,0.6339
8283,stage2,6,0.07013508677482605,0.25578904151916504,0.0,0.07013508677482605,0.0001,1e-05,50.327,2.6854,0.6338
8284,stage2,6,0.06618060916662216,0.3042217195034027,0.0,0.06618060916662216,0.0001,1e-05,50.326,2.8856,4.0553
8285,stage2,6,0.06825525313615799,0.2599790394306183,0.0,0.06825525313615799,0.0001,1e-05,50.327,2.4771,0.6322
8286,stage2,6,0.0697856917977333,0.2417144477367401,0.0,0.0697856917977333,0.0001,1e-05,50.328,2.5178,0.6323
8287,stage2,6,0.06383225321769714,0.25992536544799805,0.0,0.06383225321769714,0.0001,1e-05,50.329,2.5309,0.6328
8288,stage2,6,0.06141137331724167,0.27644264698028564,0.0,0.06141137331724167,0.0001,1e-05,50.328,2.2021,0.6337
8289,stage2,6,0.06880787760019302,0.2868715524673462,0.0,0.06880787760019302,0.0001,1e-05,50.333,2.0842,0.6334
8290,stage2,6,0.06616806983947754,0.26380473375320435,0.0,0.06616806983947754,0.0001,1e-05,50.33,2.5561,0.6339
8291,stage2,6,0.06248611956834793,0.24239115417003632,0.0,0.06248611956834793,0.0001,1e-05,50.329,2.1568,0.6348
8292,stage2,6,0.06321395188570023,0.2520301640033722,0.0,0.06321395188570023,0.0001,1e-05,50.329,2.4135,3.9624
8293,stage2,6,0.06258375942707062,0.2595520615577698,0.0,0.06258375942707062,0.0001,1e-05,50.327,2.1534,0.6319
8294,stage2,6,0.06643365323543549,0.274245947599411,0.0,0.06643365323543549,0.0001,1e-05,50.323,2.0703,0.6342
8295,stage2,6,0.06123516336083412,0.24109648168087006,0.0,0.06123516336083412,0.0001,1e-05,50.328,1.7881,0.6336
8296,stage2,6,0.0664750337600708,0.27601125836372375,0.0,0.0664750337600708,0.0001,1e-05,50.329,2.0644,0.6336
8297,stage2,6,0.06529068946838379,0.24804699420928955,0.0,0.06529068946838379,0.0001,1e-05,50.326,2.5642,0.6342
8298,stage2,6,0.07213934510946274,0.28150251507759094,0.0,0.07213934510946274,0.0001,1e-05,50.329,2.1315,0.635
8299,stage2,6,0.06250937283039093,0.2551397383213043,0.0,0.06250937283039093,0.0001,1e-05,50.328,2.0812,0.6346
